,country,para_num,sent_num,token_num,token_str,term_str,pos,pos_group
0,Armenia_2005,0,0,0,Armenia,armenia,NNP,NN
1,Armenia_2005,0,0,1,1995,1995,CD,CD
2,Armenia_2005,0,0,3,rev,rev,NN,NN
3,Armenia_2005,0,1,0,2005,2005,CD,CD
4,Armenia_2005,0,1,2,Preamble,preamble,NNP,NN
5,Armenia_2005,0,1,3,Share,share,NNP,NN
6,Armenia_2005,0,1,4,The,the,DT,DT
7,Armenia_2005,0,1,5,Armenian,armenian,JJ,JJ
8,Armenia_2005,0,1,6,People,people,NNP,NN
9,Armenia_2005,0,1,8,recognizing,recognizing,VBG,VB
10,Armenia_2005,0,1,9,as,as,IN,IN
11,Armenia_2005,0,1,10,a,a,DT,DT
12,Armenia_2005,0,1,11,basis,basis,NN,NN
13,Armenia_2005,0,1,12,the,the,DT,DT
14,Armenia_2005,0,1,13,fundamental,fundamental,JJ,JJ
15,Armenia_2005,0,1,14,principles,principles,NNS,NN
16,Armenia_2005,0,1,15,of,of,IN,IN
17,Armenia_2005,0,1,16,the,the,DT,DT
18,Armenia_2005,0,1,17,Armenian,armenian,JJ,JJ
19,Armenia_2005,0,1,18,statehood,statehood,NN,NN
20,Armenia_2005,0,1,19,and,and,CC,CC
21,Armenia_2005,0,1,20,national,national,JJ,JJ
22,Armenia_2005,0,1,21,aspirations,aspirations,NNS,NN
23,Armenia_2005,0,1,22,engraved,engraved,VBN,VB
24,Armenia_2005,0,1,23,in,in,IN,IN
25,Armenia_2005,0,1,24,the,the,DT,DT
26,Armenia_2005,0,1,25,Declaration,declaration,NNP,NN
27,Armenia_2005,0,1,26,of,of,IN,IN
28,Armenia_2005,0,1,27,Independence,independence,NNP,NN
29,Armenia_2005,0,1,28,of,of,IN,IN
30,Armenia_2005,0,1,29,Armenia,armenia,NNP,NN
31,Armenia_2005,0,1,31,having,having,VBG,VB
32,Armenia_2005,0,1,32,fulfilled,fulfilled,VBN,VB
33,Armenia_2005,0,1,33,the,the,DT,DT
34,Armenia_2005,0,1,34,sacred,sacred,JJ,JJ
35,Armenia_2005,0,1,35,message,message,NN,NN
36,Armenia_2005,0,1,36,of,of,IN,IN
37,Armenia_2005,0,1,37,its,its,PRP$,PR
38,Armenia_2005,0,1,38,freedom,freedom,NN,NN
39,Armenia_2005,0,1,39,loving,loving,NN,NN
40,Armenia_2005,0,1,40,ancestors,ancestors,NNS,NN
41,Armenia_2005,0,1,41,for,for,IN,IN
42,Armenia_2005,0,1,42,the,the,DT,DT
43,Armenia_2005,0,1,43,restoration,restoration,NN,NN
44,Armenia_2005,0,1,44,of,of,IN,IN
45,Armenia_2005,0,1,45,the,the,DT,DT
46,Armenia_2005,0,1,46,sovereign,sovereign,JJ,JJ
47,Armenia_2005,0,1,47,state,state,NN,NN
48,Armenia_2005,0,1,49,committed,committed,VBD,VB
49,Armenia_2005,0,1,50,to,to,TO,TO
50,Armenia_2005,0,1,51,the,the,DT,DT
51,Armenia_2005,0,1,52,strengthening,strengthening,NN,NN
52,Armenia_2005,0,1,53,and,and,CC,CC
53,Armenia_2005,0,1,54,prosperity,prosperity,NN,NN
54,Armenia_2005,0,1,55,of,of,IN,IN
55,Armenia_2005,0,1,56,the,the,DT,DT
56,Armenia_2005,0,1,57,fatherland,fatherland,NN,NN
57,Armenia_2005,0,1,59,to,to,TO,TO
58,Armenia_2005,0,1,60,ensure,ensure,VB,VB
59,Armenia_2005,0,1,61,the,the,DT,DT
60,Armenia_2005,0,1,62,freedom,freedom,NN,NN
61,Armenia_2005,0,1,64,general,general,JJ,JJ
62,Armenia_2005,0,1,65,well-being,wellbeing,NN,NN
63,Armenia_2005,0,1,66,and,and,CC,CC
64,Armenia_2005,0,1,67,civic,civic,JJ,JJ
65,Armenia_2005,0,1,68,harmony,harmony,NN,NN
66,Armenia_2005,0,1,69,of,of,IN,IN
67,Armenia_2005,0,1,70,future,future,JJ,JJ
68,Armenia_2005,0,1,71,generations,generations,NNS,NN
69,Armenia_2005,0,1,73,declaring,declaring,VBG,VB
70,Armenia_2005,0,1,74,their,their,PRP$,PR
71,Armenia_2005,0,1,75,faithfulness,faithfulness,NN,NN
72,Armenia_2005,0,1,76,to,to,TO,TO
73,Armenia_2005,0,1,77,universal,universal,VB,VB
74,Armenia_2005,0,1,78,values,values,NNS,NN
75,Armenia_2005,0,1,80,hereby,hereby,NN,NN
76,Armenia_2005,0,1,81,adopts,adopts,VBZ,VB
77,Armenia_2005,0,1,82,the,the,DT,DT
78,Armenia_2005,0,1,83,Constitution,constitution,NNP,NN
79,Armenia_2005,0,1,84,of,of,IN,IN
80,Armenia_2005,0,1,85,the,the,DT,DT
81,Armenia_2005,0,1,86,Republic,republic,NNP,NN
82,Armenia_2005,0,1,87,of,of,IN,IN
83,Armenia_2005,0,1,88,Armenia,armenia,NNP,NN
84,Armenia_2005,0,2,0,CHAPTER,chapter,NN,NN
85,Armenia_2005,0,2,1,1,1,CD,CD
86,Armenia_2005,0,3,0,THE,the,DT,DT
87,Armenia_2005,0,3,1,FOUNDATIONS,foundations,NNP,NN
88,Armenia_2005,0,3,2,OF,of,NNP,NN
89,Armenia_2005,0,3,3,CONSTITUTIONAL,constitutional,NNP,NN
90,Armenia_2005,0,3,4,ORDER,order,NNP,NN
91,Armenia_2005,0,3,5,Share,share,NNP,NN
92,Armenia_2005,0,3,6,Article,article,NNP,NN
93,Armenia_2005,0,3,7,1,1,CD,CD
94,Armenia_2005,0,3,8,Share,share,NNP,NN
95,Armenia_2005,0,3,9,The,the,DT,DT
96,Armenia_2005,0,3,10,Republic,republic,NNP,NN
97,Armenia_2005,0,3,11,of,of,IN,IN
98,Armenia_2005,0,3,12,Armenia,armenia,NNP,NN
99,Armenia_2005,0,3,13,is,is,VBZ,VB
100,Armenia_2005,0,3,14,a,a,DT,DT
101,Armenia_2005,0,3,15,sovereign,sovereign,NN,NN
102,Armenia_2005,0,3,17,democratic,democratic,JJ,JJ
103,Armenia_2005,0,3,18,state,state,NN,NN
104,Armenia_2005,0,3,20,based,based,VBN,VB
105,Armenia_2005,0,3,21,on,on,IN,IN
106,Armenia_2005,0,3,22,social,social,JJ,JJ
107,Armenia_2005,0,3,23,justice,justice,NN,NN
108,Armenia_2005,0,3,24,and,and,CC,CC
109,Armenia_2005,0,3,25,the,the,DT,DT
110,Armenia_2005,0,3,26,rule,rule,NN,NN
111,Armenia_2005,0,3,27,of,of,IN,IN
112,Armenia_2005,0,3,28,law,law,NN,NN
113,Armenia_2005,0,4,0,Article,article,NN,NN
114,Armenia_2005,0,4,1,2,2,CD,CD
115,Armenia_2005,0,4,2,Share,share,NN,NN
116,Armenia_2005,0,4,3,In,in,IN,IN
117,Armenia_2005,0,4,4,the,the,DT,DT
118,Armenia_2005,0,4,5,Republic,republic,NNP,NN
119,Armenia_2005,0,4,6,of,of,IN,IN
120,Armenia_2005,0,4,7,Armenia,armenia,NNP,NN
121,Armenia_2005,0,4,9,the,the,DT,DT
122,Armenia_2005,0,4,10,power,power,NN,NN
123,Armenia_2005,0,4,11,lies,lies,VBZ,VB
124,Armenia_2005,0,4,12,with,with,IN,IN
125,Armenia_2005,0,4,13,the,the,DT,DT
126,Armenia_2005,0,4,14,people,people,NNS,NN
127,Armenia_2005,0,5,0,The,the,DT,DT
128,Armenia_2005,0,5,1,people,people,NNS,NN
129,Armenia_2005,0,5,2,exercise,exercise,VBP,VB
130,Armenia_2005,0,5,3,their,their,PRP$,PR
131,Armenia_2005,0,5,4,power,power,NN,NN
132,Armenia_2005,0,5,5,through,through,IN,IN
133,Armenia_2005,0,5,6,free,free,JJ,JJ
134,Armenia_2005,0,5,7,elections,elections,NNS,NN
135,Armenia_2005,0,5,8,and,and,CC,CC
136,Armenia_2005,0,5,9,referenda,referenda,NN,NN
137,Armenia_2005,0,5,11,as,as,RB,RB
138,Armenia_2005,0,5,12,well,well,RB,RB
139,Armenia_2005,0,5,13,as,as,IN,IN
140,Armenia_2005,0,5,14,through,through,IN,IN
141,Armenia_2005,0,5,15,state,state,NN,NN
142,Armenia_2005,0,5,16,and,and,CC,CC
143,Armenia_2005,0,5,17,local,local,JJ,JJ
144,Armenia_2005,0,5,18,self-governing,selfgoverning,JJ,JJ
145,Armenia_2005,0,5,19,bodies,bodies,NNS,NN
146,Armenia_2005,0,5,20,and,and,CC,CC
147,Armenia_2005,0,5,21,public,public,JJ,JJ
148,Armenia_2005,0,5,22,officials,officials,NNS,NN
149,Armenia_2005,0,5,23,as,as,IN,IN
150,Armenia_2005,0,5,24,provided,provided,VBN,VB
151,Armenia_2005,0,5,25,by,by,IN,IN
152,Armenia_2005,0,5,26,the,the,DT,DT
153,Armenia_2005,0,5,27,Constitution,constitution,NNP,NN
154,Armenia_2005,0,6,0,The,the,DT,DT
155,Armenia_2005,0,6,1,usurpation,usurpation,NN,NN
156,Armenia_2005,0,6,2,of,of,IN,IN
157,Armenia_2005,0,6,3,power,power,NN,NN
158,Armenia_2005,0,6,4,by,by,IN,IN
159,Armenia_2005,0,6,5,any,any,DT,DT
160,Armenia_2005,0,6,6,organization,organization,NN,NN
161,Armenia_2005,0,6,7,or,or,CC,CC
162,Armenia_2005,0,6,8,individual,individual,JJ,JJ
163,Armenia_2005,0,6,9,constitutes,constitutes,NNS,NN
164,Armenia_2005,0,6,10,a,a,DT,DT
165,Armenia_2005,0,6,11,crime,crime,NN,NN
166,Armenia_2005,0,7,0,Article,article,NN,NN
167,Armenia_2005,0,7,1,3,3,CD,CD
168,Armenia_2005,0,7,2,Share,share,NN,NN
169,Armenia_2005,0,7,3,A,a,NNP,NN
170,Armenia_2005,0,7,4,human,human,NN,NN
171,Armenia_2005,0,7,5,being,being,VBG,VB
172,Armenia_2005,0,7,7,his/her,hisher,JJR,JJ
173,Armenia_2005,0,7,8,dignity,dignity,NN,NN
174,Armenia_2005,0,7,10,fundamental,fundamental,JJ,JJ
175,Armenia_2005,0,7,11,rights,rights,NNS,NN
176,Armenia_2005,0,7,12,and,and,CC,CC
177,Armenia_2005,0,7,13,freedoms,freedoms,NNS,NN
178,Armenia_2005,0,7,14,are,are,VBP,VB
179,Armenia_2005,0,7,15,an,an,DT,DT
180,Armenia_2005,0,7,16,inalienable,inalienable,JJ,JJ
181,Armenia_2005,0,7,17,and,and,CC,CC
182,Armenia_2005,0,7,18,ultimate,ultimate,JJ,JJ
183,Armenia_2005,0,7,19,value,value,NN,NN
184,Armenia_2005,0,8,0,The,the,DT,DT
185,Armenia_2005,0,8,1,Republic,republic,NNP,NN
186,Armenia_2005,0,8,2,of,of,IN,IN
187,Armenia_2005,0,8,3,Armenia,armenia,NNP,NN
188,Armenia_2005,0,8,4,shall,shall,MD,MD
189,Armenia_2005,0,8,5,ensure,ensure,VB,VB
190,Armenia_2005,0,8,6,the,the,DT,DT
191,Armenia_2005,0,8,7,protection,protection,NN,NN
192,Armenia_2005,0,8,8,of,of,IN,IN
193,Armenia_2005,0,8,9,fundamental,fundamental,JJ,JJ
194,Armenia_2005,0,8,10,human,human,JJ,JJ
195,Armenia_2005,0,8,11,and,and,CC,CC
196,Armenia_2005,0,8,12,civil,civil,JJ,JJ
197,Armenia_2005,0,8,13,rights,rights,NNS,NN
198,Armenia_2005,0,8,14,and,and,CC,CC
199,Armenia_2005,0,8,15,freedoms,freedoms,NNS,NN
200,Armenia_2005,0,8,16,in,in,IN,IN
201,Armenia_2005,0,8,17,conformity,conformity,NN,NN
202,Armenia_2005,0,8,18,with,with,IN,IN
203,Armenia_2005,0,8,19,the,the,DT,DT
204,Armenia_2005,0,8,20,principles,principles,NNS,NN
205,Armenia_2005,0,8,21,and,and,CC,CC
206,Armenia_2005,0,8,22,norms,norms,NNS,NN
207,Armenia_2005,0,8,23,of,of,IN,IN
208,Armenia_2005,0,8,24,international,international,JJ,JJ
209,Armenia_2005,0,8,25,law,law,NN,NN
210,Armenia_2005,0,9,0,The,the,DT,DT
211,Armenia_2005,0,9,1,State,state,NNP,NN
212,Armenia_2005,0,9,2,'s,s,POS,PO
213,Armenia_2005,0,9,3,exercise,exercise,NN,NN
214,Armenia_2005,0,9,4,of,of,IN,IN
215,Armenia_2005,0,9,5,power,power,NN,NN
216,Armenia_2005,0,9,6,shall,shall,MD,MD
217,Armenia_2005,0,9,7,be,be,VB,VB
218,Armenia_2005,0,9,8,limited,limited,VBN,VB
219,Armenia_2005,0,9,9,by,by,IN,IN
220,Armenia_2005,0,9,10,the,the,DT,DT
221,Armenia_2005,0,9,11,fundamental,fundamental,JJ,JJ
222,Armenia_2005,0,9,12,human,human,NN,NN
223,Armenia_2005,0,9,13,and,and,CC,CC
224,Armenia_2005,0,9,14,civil,civil,JJ,JJ
225,Armenia_2005,0,9,15,rights,rights,NNS,NN
226,Armenia_2005,0,9,16,and,and,CC,CC
227,Armenia_2005,0,9,17,freedoms,freedoms,NNS,NN
228,Armenia_2005,0,10,0,Article,article,NN,NN
229,Armenia_2005,0,10,1,4,4,CD,CD
230,Armenia_2005,0,10,2,Share,share,NNP,NN
231,Armenia_2005,0,10,3,The,the,DT,DT
232,Armenia_2005,0,10,4,elections,elections,NNS,NN
233,Armenia_2005,0,10,5,of,of,IN,IN
234,Armenia_2005,0,10,6,the,the,DT,DT
235,Armenia_2005,0,10,7,President,president,NNP,NN
236,Armenia_2005,0,10,9,the,the,DT,DT
237,Armenia_2005,0,10,10,National,national,NNP,NN
238,Armenia_2005,0,10,11,Assembly,assembly,NNP,NN
239,Armenia_2005,0,10,12,and,and,CC,CC
240,Armenia_2005,0,10,13,local,local,JJ,JJ
241,Armenia_2005,0,10,14,self-governing,selfgoverning,JJ,JJ
242,Armenia_2005,0,10,15,bodies,bodies,NNS,NN
243,Armenia_2005,0,10,16,as,as,RB,RB
244,Armenia_2005,0,10,17,well,well,RB,RB
245,Armenia_2005,0,10,18,as,as,IN,IN
246,Armenia_2005,0,10,19,referenda,referenda,NN,NN
247,Armenia_2005,0,10,21,are,are,VBP,VB
248,Armenia_2005,0,10,22,held,held,VBN,VB
249,Armenia_2005,0,10,23,based,based,VBN,VB
250,Armenia_2005,0,10,24,on,on,IN,IN
251,Armenia_2005,0,10,25,the,the,DT,DT
252,Armenia_2005,0,10,26,right,right,NN,NN
253,Armenia_2005,0,10,27,to,to,TO,TO
254,Armenia_2005,0,10,28,universal,universal,VB,VB
255,Armenia_2005,0,10,30,equal,equal,JJ,JJ
256,Armenia_2005,0,10,31,and,and,CC,CC
257,Armenia_2005,0,10,32,direct,direct,JJ,JJ
258,Armenia_2005,0,10,33,suffrage,suffrage,NN,NN
259,Armenia_2005,0,10,34,by,by,IN,IN
260,Armenia_2005,0,10,35,secret,secret,JJ,JJ
261,Armenia_2005,0,10,36,ballot,ballot,NN,NN
262,Armenia_2005,0,11,0,Article,article,NN,NN
263,Armenia_2005,0,11,1,5,5,CD,CD
264,Armenia_2005,0,11,2,Share,share,NNP,NN
265,Armenia_2005,0,11,3,State,state,NNP,NN
266,Armenia_2005,0,11,4,power,power,NN,NN
267,Armenia_2005,0,11,5,shall,shall,MD,MD
268,Armenia_2005,0,11,6,be,be,VB,VB
269,Armenia_2005,0,11,7,exercised,exercised,VBN,VB
270,Armenia_2005,0,11,8,in,in,IN,IN
271,Armenia_2005,0,11,9,accordance,accordance,NN,NN
272,Armenia_2005,0,11,10,with,with,IN,IN
273,Armenia_2005,0,11,11,the,the,DT,DT
274,Armenia_2005,0,11,12,Constitution,constitution,NNP,NN
275,Armenia_2005,0,11,13,and,and,CC,CC
276,Armenia_2005,0,11,14,the,the,DT,DT
277,Armenia_2005,0,11,15,laws,laws,NNS,NN
278,Armenia_2005,0,11,16,based,based,VBN,VB
279,Armenia_2005,0,11,17,on,on,IN,IN
280,Armenia_2005,0,11,18,the,the,DT,DT
281,Armenia_2005,0,11,19,principle,principle,NN,NN
282,Armenia_2005,0,11,20,of,of,IN,IN
283,Armenia_2005,0,11,21,the,the,DT,DT
284,Armenia_2005,0,11,22,separation,separation,NN,NN
285,Armenia_2005,0,11,23,and,and,CC,CC
286,Armenia_2005,0,11,24,balance,balance,NN,NN
287,Armenia_2005,0,11,25,of,of,IN,IN
288,Armenia_2005,0,11,26,the,the,DT,DT
289,Armenia_2005,0,11,27,legislative,legislative,JJ,JJ
290,Armenia_2005,0,11,29,executive,executive,NN,NN
291,Armenia_2005,0,11,30,and,and,CC,CC
292,Armenia_2005,0,11,31,judicial,judicial,JJ,JJ
293,Armenia_2005,0,11,32,powers,powers,NNS,NN
294,Armenia_2005,0,12,0,State,state,NN,NN
295,Armenia_2005,0,12,1,and,and,CC,CC
296,Armenia_2005,0,12,2,local,local,JJ,JJ
297,Armenia_2005,0,12,3,self-government,selfgovernment,JJ,JJ
298,Armenia_2005,0,12,4,bodies,bodies,NNS,NN
299,Armenia_2005,0,12,5,and,and,CC,CC
300,Armenia_2005,0,12,6,public,public,JJ,JJ
301,Armenia_2005,0,12,7,officials,officials,NNS,NN
302,Armenia_2005,0,12,8,may,may,MD,MD
303,Armenia_2005,0,12,9,execute,execute,VB,VB
304,Armenia_2005,0,12,10,only,only,RB,RB
305,Armenia_2005,0,12,11,such,such,JJ,JJ
306,Armenia_2005,0,12,12,acts,acts,NNS,NN
307,Armenia_2005,0,12,13,as,as,IN,IN
308,Armenia_2005,0,12,14,authorized,authorized,VBN,VB
309,Armenia_2005,0,12,15,by,by,IN,IN
310,Armenia_2005,0,12,16,the,the,DT,DT
311,Armenia_2005,0,12,17,Constitution,constitution,NNP,NN
312,Armenia_2005,0,12,18,and,and,CC,CC
313,Armenia_2005,0,12,19,laws,laws,NNS,NN
314,Armenia_2005,0,13,0,Article,article,NN,NN
315,Armenia_2005,0,13,1,6,6,CD,CD
316,Armenia_2005,0,13,2,Share,share,NNP,NN
317,Armenia_2005,0,13,3,The,the,DT,DT
318,Armenia_2005,0,13,4,Constitution,constitution,NNP,NN
319,Armenia_2005,0,13,5,has,has,VBZ,VB
320,Armenia_2005,0,13,6,supreme,supreme,JJ,JJ
321,Armenia_2005,0,13,7,legal,legal,JJ,JJ
322,Armenia_2005,0,13,8,force,force,NN,NN
323,Armenia_2005,0,13,9,and,and,CC,CC
324,Armenia_2005,0,13,10,the,the,DT,DT
325,Armenia_2005,0,13,11,norms,norms,NNS,NN
326,Armenia_2005,0,13,12,thereof,thereof,VBP,VB
327,Armenia_2005,0,13,13,shall,shall,MD,MD
328,Armenia_2005,0,13,14,apply,apply,VB,VB
329,Armenia_2005,0,13,15,directly,directly,RB,RB
330,Armenia_2005,0,14,0,Laws,laws,NNP,NN
331,Armenia_2005,0,14,1,shall,shall,MD,MD
332,Armenia_2005,0,14,2,conform,conform,VB,VB
333,Armenia_2005,0,14,3,to,to,TO,TO
334,Armenia_2005,0,14,4,the,the,DT,DT
335,Armenia_2005,0,14,5,Constitution,constitution,NNP,NN
336,Armenia_2005,0,15,0,Other,other,JJ,JJ
337,Armenia_2005,0,15,1,legal,legal,JJ,JJ
338,Armenia_2005,0,15,2,acts,acts,NNS,NN
339,Armenia_2005,0,15,3,shall,shall,MD,MD
340,Armenia_2005,0,15,4,conform,conform,VB,VB
341,Armenia_2005,0,15,5,to,to,TO,TO
342,Armenia_2005,0,15,6,the,the,DT,DT
343,Armenia_2005,0,15,7,Constitution,constitution,NNP,NN
344,Armenia_2005,0,15,8,and,and,CC,CC
345,Armenia_2005,0,15,9,the,the,DT,DT
346,Armenia_2005,0,15,10,laws,laws,NNS,NN
347,Armenia_2005,0,16,0,Laws,laws,NNP,NN
348,Armenia_2005,0,16,1,shall,shall,MD,MD
349,Armenia_2005,0,16,2,come,come,VB,VB
350,Armenia_2005,0,16,3,into,into,IN,IN
351,Armenia_2005,0,16,4,force,force,NN,NN
352,Armenia_2005,0,16,5,following,following,VBG,VB
353,Armenia_2005,0,16,6,the,the,DT,DT
354,Armenia_2005,0,16,7,publication,publication,NN,NN
355,Armenia_2005,0,16,8,in,in,IN,IN
356,Armenia_2005,0,16,9,the,the,DT,DT
357,Armenia_2005,0,16,10,Official,official,NNP,NN
358,Armenia_2005,0,16,11,Bulletin,bulletin,NNP,NN
359,Armenia_2005,0,17,0,Other,other,JJ,JJ
360,Armenia_2005,0,17,1,legal,legal,JJ,JJ
361,Armenia_2005,0,17,2,acts,acts,NNS,NN
362,Armenia_2005,0,17,3,shall,shall,MD,MD
363,Armenia_2005,0,17,4,come,come,VB,VB
364,Armenia_2005,0,17,5,into,into,IN,IN
365,Armenia_2005,0,17,6,force,force,NN,NN
366,Armenia_2005,0,17,7,after,after,IN,IN
367,Armenia_2005,0,17,8,publication,publication,NN,NN
368,Armenia_2005,0,17,9,in,in,IN,IN
369,Armenia_2005,0,17,10,the,the,DT,DT
370,Armenia_2005,0,17,11,manner,manner,NN,NN
371,Armenia_2005,0,17,12,prescribed,prescribed,VBN,VB
372,Armenia_2005,0,17,13,by,by,IN,IN
373,Armenia_2005,0,17,14,law,law,NN,NN
374,Armenia_2005,0,18,0,International,international,NNP,NN
375,Armenia_2005,0,18,1,agreements,agreements,NNS,NN
376,Armenia_2005,0,18,2,concluded,concluded,VBD,VB
377,Armenia_2005,0,18,3,shall,shall,MD,MD
378,Armenia_2005,0,18,4,come,come,VB,VB
379,Armenia_2005,0,18,5,into,into,IN,IN
380,Armenia_2005,0,18,6,force,force,NN,NN
381,Armenia_2005,0,18,7,only,only,RB,RB
382,Armenia_2005,0,18,8,after,after,IN,IN
383,Armenia_2005,0,18,9,being,being,VBG,VB
384,Armenia_2005,0,18,10,ratified,ratified,VBD,VB
385,Armenia_2005,0,18,11,or,or,CC,CC
386,Armenia_2005,0,18,12,approved,approved,VBD,VB
387,Armenia_2005,0,19,0,The,the,DT,DT
388,Armenia_2005,0,19,1,international,international,JJ,JJ
389,Armenia_2005,0,19,2,agreements,agreements,NNS,NN
390,Armenia_2005,0,19,3,are,are,VBP,VB
391,Armenia_2005,0,19,4,a,a,DT,DT
392,Armenia_2005,0,19,5,constituent,constituent,JJ,JJ
393,Armenia_2005,0,19,6,part,part,NN,NN
394,Armenia_2005,0,19,7,of,of,IN,IN
395,Armenia_2005,0,19,8,the,the,DT,DT
396,Armenia_2005,0,19,9,legal,legal,JJ,JJ
397,Armenia_2005,0,19,10,system,system,NN,NN
398,Armenia_2005,0,19,11,of,of,IN,IN
399,Armenia_2005,0,19,12,the,the,DT,DT
400,Armenia_2005,0,19,13,Republic,republic,NNP,NN
401,Armenia_2005,0,19,14,of,of,IN,IN
402,Armenia_2005,0,19,15,Armenia,armenia,NNP,NN
403,Armenia_2005,0,20,0,If,if,IN,IN
404,Armenia_2005,0,20,1,a,a,DT,DT
405,Armenia_2005,0,20,2,ratified,ratified,JJ,JJ
406,Armenia_2005,0,20,3,international,international,JJ,JJ
407,Armenia_2005,0,20,4,agreement,agreement,NN,NN
408,Armenia_2005,0,20,5,stipulates,stipulates,NNS,NN
409,Armenia_2005,0,20,6,norms,norms,VBZ,VB
410,Armenia_2005,0,20,7,other,other,JJ,JJ
411,Armenia_2005,0,20,8,than,than,IN,IN
412,Armenia_2005,0,20,9,those,those,DT,DT
413,Armenia_2005,0,20,10,stipulated,stipulated,VBN,VB
414,Armenia_2005,0,20,11,in,in,IN,IN
415,Armenia_2005,0,20,12,the,the,DT,DT
416,Armenia_2005,0,20,13,laws,laws,NNS,NN
417,Armenia_2005,0,20,15,the,the,DT,DT
418,Armenia_2005,0,20,16,norms,norms,NNS,NN
419,Armenia_2005,0,20,17,of,of,IN,IN
420,Armenia_2005,0,20,18,the,the,DT,DT
421,Armenia_2005,0,20,19,agreement,agreement,NN,NN
422,Armenia_2005,0,20,20,shall,shall,MD,MD
423,Armenia_2005,0,20,21,prevail,prevail,VB,VB
424,Armenia_2005,0,21,0,International,international,NNP,NN
425,Armenia_2005,0,21,1,agreements,agreements,NNS,NN
426,Armenia_2005,0,21,2,not,not,RB,RB
427,Armenia_2005,0,21,3,complying,complying,VBG,VB
428,Armenia_2005,0,21,4,with,with,IN,IN
429,Armenia_2005,0,21,5,the,the,DT,DT
430,Armenia_2005,0,21,6,Constitution,constitution,NNP,NN
431,Armenia_2005,0,21,7,can,can,MD,MD
432,Armenia_2005,0,21,8,not,not,RB,RB
433,Armenia_2005,0,21,9,be,be,VB,VB
434,Armenia_2005,0,21,10,ratified,ratified,VBN,VB
435,Armenia_2005,0,22,0,The,the,DT,DT
436,Armenia_2005,0,22,1,normative,normative,JJ,JJ
437,Armenia_2005,0,22,2,legal,legal,JJ,JJ
438,Armenia_2005,0,22,3,acts,acts,NNS,NN
439,Armenia_2005,0,22,4,shall,shall,MD,MD
440,Armenia_2005,0,22,5,be,be,VB,VB
441,Armenia_2005,0,22,6,adopted,adopted,VBN,VB
442,Armenia_2005,0,22,7,on,on,IN,IN
443,Armenia_2005,0,22,8,the,the,DT,DT
444,Armenia_2005,0,22,9,basis,basis,NN,NN
445,Armenia_2005,0,22,10,of,of,IN,IN
446,Armenia_2005,0,22,11,the,the,DT,DT
447,Armenia_2005,0,22,12,Constitution,constitution,NNP,NN
448,Armenia_2005,0,22,13,and,and,CC,CC
449,Armenia_2005,0,22,14,laws,laws,NNS,NN
450,Armenia_2005,0,22,15,and,and,CC,CC
451,Armenia_2005,0,22,16,for,for,IN,IN
452,Armenia_2005,0,22,17,the,the,DT,DT
453,Armenia_2005,0,22,18,purpose,purpose,NN,NN
454,Armenia_2005,0,22,19,of,of,IN,IN
455,Armenia_2005,0,22,20,ensuring,ensuring,VBG,VB
456,Armenia_2005,0,22,21,their,their,PRP$,PR
457,Armenia_2005,0,22,22,implementation,implementation,NN,NN
458,Armenia_2005,0,23,0,Article,article,NN,NN
459,Armenia_2005,0,23,1,7,7,CD,CD
460,Armenia_2005,0,23,2,Share,share,NNP,NN
461,Armenia_2005,0,23,3,The,the,DT,DT
462,Armenia_2005,0,23,4,ideological,ideological,JJ,JJ
463,Armenia_2005,0,23,5,pluralism,pluralism,NN,NN
464,Armenia_2005,0,23,6,and,and,CC,CC
465,Armenia_2005,0,23,7,multiparty,multiparty,NN,NN
466,Armenia_2005,0,23,8,system,system,NN,NN
467,Armenia_2005,0,23,9,are,are,VBP,VB
468,Armenia_2005,0,23,10,recognized,recognized,VBN,VB
469,Armenia_2005,0,23,11,in,in,IN,IN
470,Armenia_2005,0,23,12,the,the,DT,DT
471,Armenia_2005,0,23,13,Republic,republic,NNP,NN
472,Armenia_2005,0,23,14,of,of,IN,IN
473,Armenia_2005,0,23,15,Armenia,armenia,NNP,NN
474,Armenia_2005,0,24,0,Parties,parties,NNS,NN
475,Armenia_2005,0,24,1,are,are,VBP,VB
476,Armenia_2005,0,24,2,formed,formed,VBN,VB
477,Armenia_2005,0,24,3,freely,freely,RB,RB
478,Armenia_2005,0,24,4,and,and,CC,CC
479,Armenia_2005,0,24,5,promote,promote,VB,VB
480,Armenia_2005,0,24,6,the,the,DT,DT
481,Armenia_2005,0,24,7,formulation,formulation,NN,NN
482,Armenia_2005,0,24,8,and,and,CC,CC
483,Armenia_2005,0,24,9,expression,expression,NN,NN
484,Armenia_2005,0,24,10,of,of,IN,IN
485,Armenia_2005,0,24,11,the,the,DT,DT
486,Armenia_2005,0,24,12,political,political,JJ,JJ
487,Armenia_2005,0,24,13,will,will,MD,MD
488,Armenia_2005,0,24,14,of,of,IN,IN
489,Armenia_2005,0,24,15,the,the,DT,DT
490,Armenia_2005,0,24,16,people,people,NNS,NN
491,Armenia_2005,0,25,0,Their,their,PRP$,PR
492,Armenia_2005,0,25,1,activities,activities,NNS,NN
493,Armenia_2005,0,25,2,may,may,MD,MD
494,Armenia_2005,0,25,3,not,not,RB,RB
495,Armenia_2005,0,25,4,contravene,contravene,VB,VB
496,Armenia_2005,0,25,5,the,the,DT,DT
497,Armenia_2005,0,25,6,Constitution,constitution,NNP,NN
498,Armenia_2005,0,25,7,and,and,CC,CC
499,Armenia_2005,0,25,8,the,the,DT,DT
500,Armenia_2005,0,25,9,laws,laws,NNS,NN
501,Armenia_2005,0,25,11,nor,nor,CC,CC
502,Armenia_2005,0,25,12,may,may,MD,MD
503,Armenia_2005,0,25,13,their,their,PRP$,PR
504,Armenia_2005,0,25,14,practice,practice,NN,NN
505,Armenia_2005,0,25,15,contravene,contravene,VBZ,VB
506,Armenia_2005,0,25,16,the,the,DT,DT
507,Armenia_2005,0,25,17,principles,principles,NNS,NN
508,Armenia_2005,0,25,18,of,of,IN,IN
509,Armenia_2005,0,25,19,democracy,democracy,NN,NN
510,Armenia_2005,0,26,0,Parties,parties,NNS,NN
511,Armenia_2005,0,26,1,shall,shall,MD,MD
512,Armenia_2005,0,26,2,ensure,ensure,VB,VB
513,Armenia_2005,0,26,3,the,the,DT,DT
514,Armenia_2005,0,26,4,openness,openness,NN,NN
515,Armenia_2005,0,26,5,of,of,IN,IN
516,Armenia_2005,0,26,6,their,their,PRP$,PR
517,Armenia_2005,0,26,7,financial,financial,JJ,JJ
518,Armenia_2005,0,26,8,activities,activities,NNS,NN
519,Armenia_2005,0,27,0,Article,article,NN,NN
520,Armenia_2005,0,27,1,8,8,CD,CD
521,Armenia_2005,0,27,2,Share,share,NNP,NN
522,Armenia_2005,0,27,3,The,the,DT,DT
523,Armenia_2005,0,27,4,Republic,republic,NNP,NN
524,Armenia_2005,0,27,5,of,of,IN,IN
525,Armenia_2005,0,27,6,Armenia,armenia,NNP,NN
526,Armenia_2005,0,27,7,recognizes,recognizes,NNS,NN
527,Armenia_2005,0,27,8,and,and,CC,CC
528,Armenia_2005,0,27,9,protects,protects,VBZ,VB
529,Armenia_2005,0,27,10,the,the,DT,DT
530,Armenia_2005,0,27,11,right,right,NN,NN
531,Armenia_2005,0,27,12,for,for,IN,IN
532,Armenia_2005,0,27,13,property,property,NN,NN
533,Armenia_2005,0,28,0,The,the,DT,DT
534,Armenia_2005,0,28,1,freedom,freedom,NN,NN
535,Armenia_2005,0,28,2,of,of,IN,IN
536,Armenia_2005,0,28,3,economic,economic,JJ,JJ
537,Armenia_2005,0,28,4,activity,activity,NN,NN
538,Armenia_2005,0,28,5,and,and,CC,CC
539,Armenia_2005,0,28,6,free,free,JJ,JJ
540,Armenia_2005,0,28,7,economic,economic,JJ,JJ
541,Armenia_2005,0,28,8,competition,competition,NN,NN
542,Armenia_2005,0,28,9,are,are,VBP,VB
543,Armenia_2005,0,28,10,guaranteed,guaranteed,VBN,VB
544,Armenia_2005,0,28,11,in,in,IN,IN
545,Armenia_2005,0,28,12,the,the,DT,DT
546,Armenia_2005,0,28,13,Republic,republic,NNP,NN
547,Armenia_2005,0,28,14,of,of,IN,IN
548,Armenia_2005,0,28,15,Armenia,armenia,NNP,NN
549,Armenia_2005,0,29,0,Article,article,NN,NN
550,Armenia_2005,0,29,1,8.1,81,CD,CD
551,Armenia_2005,0,29,2,Share,share,NNP,NN
552,Armenia_2005,0,29,3,The,the,DT,DT
553,Armenia_2005,0,29,4,church,church,NN,NN
554,Armenia_2005,0,29,5,shall,shall,MD,MD
555,Armenia_2005,0,29,6,be,be,VB,VB
556,Armenia_2005,0,29,7,separate,separate,JJ,JJ
557,Armenia_2005,0,29,8,from,from,IN,IN
558,Armenia_2005,0,29,9,the,the,DT,DT
559,Armenia_2005,0,29,10,State,state,NNP,NN
560,Armenia_2005,0,29,11,in,in,IN,IN
561,Armenia_2005,0,29,12,the,the,DT,DT
562,Armenia_2005,0,29,13,Republic,republic,NNP,NN
563,Armenia_2005,0,29,14,of,of,IN,IN
564,Armenia_2005,0,29,15,Armenia,armenia,NNP,NN
565,Armenia_2005,0,30,0,The,the,DT,DT
566,Armenia_2005,0,30,1,Republic,republic,NNP,NN
567,Armenia_2005,0,30,2,of,of,IN,IN
568,Armenia_2005,0,30,3,Armenia,armenia,NNP,NN
569,Armenia_2005,0,30,4,recognizes,recognizes,VBZ,VB
570,Armenia_2005,0,30,5,the,the,DT,DT
571,Armenia_2005,0,30,6,exclusive,exclusive,JJ,JJ
572,Armenia_2005,0,30,7,mission,mission,NN,NN
573,Armenia_2005,0,30,8,of,of,IN,IN
574,Armenia_2005,0,30,9,the,the,DT,DT
575,Armenia_2005,0,30,10,Armenian,armenian,JJ,JJ
576,Armenia_2005,0,30,11,Apostolic,apostolic,NNP,NN
577,Armenia_2005,0,30,12,Holy,holy,NNP,NN
578,Armenia_2005,0,30,13,Church,church,NNP,NN
579,Armenia_2005,0,30,14,as,as,IN,IN
580,Armenia_2005,0,30,15,a,a,DT,DT
581,Armenia_2005,0,30,16,national,national,JJ,JJ
582,Armenia_2005,0,30,17,church,church,NN,NN
583,Armenia_2005,0,30,19,in,in,IN,IN
584,Armenia_2005,0,30,20,the,the,DT,DT
585,Armenia_2005,0,30,21,spiritual,spiritual,JJ,JJ
586,Armenia_2005,0,30,22,life,life,NN,NN
587,Armenia_2005,0,30,24,development,development,NN,NN
588,Armenia_2005,0,30,25,of,of,IN,IN
589,Armenia_2005,0,30,26,the,the,DT,DT
590,Armenia_2005,0,30,27,national,national,JJ,JJ
591,Armenia_2005,0,30,28,culture,culture,NN,NN
592,Armenia_2005,0,30,29,and,and,CC,CC
593,Armenia_2005,0,30,30,preservation,preservation,NN,NN
594,Armenia_2005,0,30,31,of,of,IN,IN
595,Armenia_2005,0,30,32,the,the,DT,DT
596,Armenia_2005,0,30,33,national,national,JJ,JJ
597,Armenia_2005,0,30,34,identity,identity,NN,NN
598,Armenia_2005,0,30,35,of,of,IN,IN
599,Armenia_2005,0,30,36,the,the,DT,DT
600,Armenia_2005,0,30,37,people,people,NNS,NN
601,Armenia_2005,0,30,38,of,of,IN,IN
602,Armenia_2005,0,30,39,Armenia,armenia,NNP,NN
603,Armenia_2005,0,31,0,Freedom,freedom,NN,NN
604,Armenia_2005,0,31,1,of,of,IN,IN
605,Armenia_2005,0,31,2,activities,activities,NNS,NN
606,Armenia_2005,0,31,3,for,for,IN,IN
607,Armenia_2005,0,31,4,all,all,DT,DT
608,Armenia_2005,0,31,5,religious,religious,JJ,JJ
609,Armenia_2005,0,31,6,organizations,organizations,NNS,NN
610,Armenia_2005,0,31,7,operating,operating,VBG,VB
611,Armenia_2005,0,31,8,in,in,IN,IN
612,Armenia_2005,0,31,9,accordance,accordance,NN,NN
613,Armenia_2005,0,31,10,with,with,IN,IN
614,Armenia_2005,0,31,11,the,the,DT,DT
615,Armenia_2005,0,31,12,law,law,NN,NN
616,Armenia_2005,0,31,13,shall,shall,MD,MD
617,Armenia_2005,0,31,14,be,be,VB,VB
618,Armenia_2005,0,31,15,guaranteed,guaranteed,VBN,VB
619,Armenia_2005,0,31,16,in,in,IN,IN
620,Armenia_2005,0,31,17,the,the,DT,DT
621,Armenia_2005,0,31,18,Republic,republic,NNP,NN
622,Armenia_2005,0,31,19,of,of,IN,IN
623,Armenia_2005,0,31,20,Armenia,armenia,NNP,NN
624,Armenia_2005,0,32,0,The,the,DT,DT
625,Armenia_2005,0,32,1,relationship,relationship,NN,NN
626,Armenia_2005,0,32,2,between,between,IN,IN
627,Armenia_2005,0,32,3,the,the,DT,DT
628,Armenia_2005,0,32,4,Republic,republic,NNP,NN
629,Armenia_2005,0,32,5,of,of,IN,IN
630,Armenia_2005,0,32,6,Armenia,armenia,NNP,NN
631,Armenia_2005,0,32,7,and,and,CC,CC
632,Armenia_2005,0,32,8,the,the,DT,DT
633,Armenia_2005,0,32,9,Armenian,armenian,JJ,JJ
634,Armenia_2005,0,32,10,Apostolic,apostolic,NNP,NN
635,Armenia_2005,0,32,11,Holy,holy,NNP,NN
636,Armenia_2005,0,32,12,Church,church,NNP,NN
637,Armenia_2005,0,32,13,may,may,MD,MD
638,Armenia_2005,0,32,14,be,be,VB,VB
639,Armenia_2005,0,32,15,regulated,regulated,VBN,VB
640,Armenia_2005,0,32,16,by,by,IN,IN
641,Armenia_2005,0,32,17,law,law,NN,NN
642,Armenia_2005,0,33,0,Article,article,NN,NN
643,Armenia_2005,0,33,1,8.2,82,CD,CD
644,Armenia_2005,0,33,2,Share,share,NNP,NN
645,Armenia_2005,0,33,3,The,the,DT,DT
646,Armenia_2005,0,33,4,armed,armed,JJ,JJ
647,Armenia_2005,0,33,5,forces,forces,NNS,NN
648,Armenia_2005,0,33,6,of,of,IN,IN
649,Armenia_2005,0,33,7,the,the,DT,DT
650,Armenia_2005,0,33,8,Republic,republic,NNP,NN
651,Armenia_2005,0,33,9,of,of,IN,IN
652,Armenia_2005,0,33,10,Armenia,armenia,NNP,NN
653,Armenia_2005,0,33,11,ensure,ensure,VB,VB
654,Armenia_2005,0,33,12,security,security,NN,NN
655,Armenia_2005,0,33,14,defense,defense,NN,NN
656,Armenia_2005,0,33,15,and,and,CC,CC
657,Armenia_2005,0,33,16,territorial,territorial,JJ,JJ
658,Armenia_2005,0,33,17,integrity,integrity,NN,NN
659,Armenia_2005,0,33,18,of,of,IN,IN
660,Armenia_2005,0,33,19,the,the,DT,DT
661,Armenia_2005,0,33,20,Republic,republic,NNP,NN
662,Armenia_2005,0,33,21,of,of,IN,IN
663,Armenia_2005,0,33,22,Armenia,armenia,NNP,NN
664,Armenia_2005,0,33,24,as,as,RB,RB
665,Armenia_2005,0,33,25,well,well,RB,RB
666,Armenia_2005,0,33,26,as,as,IN,IN
667,Armenia_2005,0,33,27,the,the,DT,DT
668,Armenia_2005,0,33,28,inviolability,inviolability,NN,NN
669,Armenia_2005,0,33,29,of,of,IN,IN
670,Armenia_2005,0,33,30,its,its,PRP$,PR
671,Armenia_2005,0,33,31,borders,borders,NNS,NN
672,Armenia_2005,0,34,0,The,the,DT,DT
673,Armenia_2005,0,34,1,armed,armed,JJ,JJ
674,Armenia_2005,0,34,2,forces,forces,NNS,NN
675,Armenia_2005,0,34,3,shall,shall,MD,MD
676,Armenia_2005,0,34,4,maintain,maintain,VB,VB
677,Armenia_2005,0,34,5,neutrality,neutrality,NN,NN
678,Armenia_2005,0,34,6,in,in,IN,IN
679,Armenia_2005,0,34,7,political,political,JJ,JJ
680,Armenia_2005,0,34,8,matters,matters,NNS,NN
681,Armenia_2005,0,34,9,and,and,CC,CC
682,Armenia_2005,0,34,10,remain,remain,VB,VB
683,Armenia_2005,0,34,11,under,under,IN,IN
684,Armenia_2005,0,34,12,civilian,civilian,JJ,JJ
685,Armenia_2005,0,34,13,control,control,NN,NN
686,Armenia_2005,0,35,0,Article,article,NN,NN
687,Armenia_2005,0,35,1,9,9,CD,CD
688,Armenia_2005,0,35,2,Share,share,NNP,NN
689,Armenia_2005,0,35,3,The,the,DT,DT
690,Armenia_2005,0,35,4,foreign,foreign,JJ,JJ
691,Armenia_2005,0,35,5,policy,policy,NN,NN
692,Armenia_2005,0,35,6,of,of,IN,IN
693,Armenia_2005,0,35,7,the,the,DT,DT
694,Armenia_2005,0,35,8,Republic,republic,NNP,NN
695,Armenia_2005,0,35,9,of,of,IN,IN
696,Armenia_2005,0,35,10,Armenia,armenia,NNP,NN
697,Armenia_2005,0,35,11,shall,shall,MD,MD
698,Armenia_2005,0,35,12,be,be,VB,VB
699,Armenia_2005,0,35,13,conducted,conducted,VBN,VB
700,Armenia_2005,0,35,14,in,in,IN,IN
701,Armenia_2005,0,35,15,accordance,accordance,NN,NN
702,Armenia_2005,0,35,16,with,with,IN,IN
703,Armenia_2005,0,35,17,the,the,DT,DT
704,Armenia_2005,0,35,18,principles,principles,NNS,NN
705,Armenia_2005,0,35,19,and,and,CC,CC
706,Armenia_2005,0,35,20,norms,norms,NNS,NN
707,Armenia_2005,0,35,21,of,of,IN,IN
708,Armenia_2005,0,35,22,international,international,JJ,JJ
709,Armenia_2005,0,35,23,law,law,NN,NN
710,Armenia_2005,0,35,25,with,with,IN,IN
711,Armenia_2005,0,35,26,the,the,DT,DT
712,Armenia_2005,0,35,27,aim,aim,NN,NN
713,Armenia_2005,0,35,28,of,of,IN,IN
714,Armenia_2005,0,35,29,establishing,establishing,VBG,VB
715,Armenia_2005,0,35,30,good,good,JJ,JJ
716,Armenia_2005,0,35,31,neighborly,neighborly,RB,RB
717,Armenia_2005,0,35,32,and,and,CC,CC
718,Armenia_2005,0,35,33,mutually,mutually,RB,RB
719,Armenia_2005,0,35,34,beneficial,beneficial,JJ,JJ
720,Armenia_2005,0,35,35,relations,relations,NNS,NN
721,Armenia_2005,0,35,36,with,with,IN,IN
722,Armenia_2005,0,35,37,all,all,DT,DT
723,Armenia_2005,0,35,38,states,states,NNS,NN
724,Armenia_2005,0,36,0,Article,article,NN,NN
725,Armenia_2005,0,36,1,10,10,CD,CD
726,Armenia_2005,0,36,2,Share,share,NNP,NN
727,Armenia_2005,0,36,3,The,the,DT,DT
728,Armenia_2005,0,36,4,State,state,NNP,NN
729,Armenia_2005,0,36,5,shall,shall,MD,MD
730,Armenia_2005,0,36,6,ensure,ensure,VB,VB
731,Armenia_2005,0,36,7,the,the,DT,DT
732,Armenia_2005,0,36,8,protection,protection,NN,NN
733,Armenia_2005,0,36,9,and,and,CC,CC
734,Armenia_2005,0,36,10,reproduction,reproduction,NN,NN
735,Armenia_2005,0,36,11,of,of,IN,IN
736,Armenia_2005,0,36,12,the,the,DT,DT
737,Armenia_2005,0,36,13,environment,environment,NN,NN
738,Armenia_2005,0,36,14,and,and,CC,CC
739,Armenia_2005,0,36,15,the,the,DT,DT
740,Armenia_2005,0,36,16,reasonable,reasonable,JJ,JJ
741,Armenia_2005,0,36,17,utilization,utilization,NN,NN
742,Armenia_2005,0,36,18,of,of,IN,IN
743,Armenia_2005,0,36,19,natural,natural,JJ,JJ
744,Armenia_2005,0,36,20,resources,resources,NNS,NN
745,Armenia_2005,0,37,0,Article,article,NN,NN
746,Armenia_2005,0,37,1,11,11,CD,CD
747,Armenia_2005,0,37,2,Share,share,NNP,NN
748,Armenia_2005,0,37,3,Historical,historical,NNP,NN
749,Armenia_2005,0,37,4,and,and,CC,CC
750,Armenia_2005,0,37,5,cultural,cultural,JJ,JJ
751,Armenia_2005,0,37,6,monuments,monuments,NNS,NN
752,Armenia_2005,0,37,7,and,and,CC,CC
753,Armenia_2005,0,37,8,other,other,JJ,JJ
754,Armenia_2005,0,37,9,cultural,cultural,JJ,JJ
755,Armenia_2005,0,37,10,values,values,NNS,NN
756,Armenia_2005,0,37,11,are,are,VBP,VB
757,Armenia_2005,0,37,12,under,under,IN,IN
758,Armenia_2005,0,37,13,the,the,DT,DT
759,Armenia_2005,0,37,14,care,care,NN,NN
760,Armenia_2005,0,37,15,and,and,CC,CC
761,Armenia_2005,0,37,16,protection,protection,NN,NN
762,Armenia_2005,0,37,17,of,of,IN,IN
763,Armenia_2005,0,37,18,the,the,DT,DT
764,Armenia_2005,0,37,19,State,state,NNP,NN
765,Armenia_2005,0,38,0,Within,within,IN,IN
766,Armenia_2005,0,38,1,the,the,DT,DT
767,Armenia_2005,0,38,2,framework,framework,NN,NN
768,Armenia_2005,0,38,3,of,of,IN,IN
769,Armenia_2005,0,38,4,the,the,DT,DT
770,Armenia_2005,0,38,5,principles,principles,NNS,NN
771,Armenia_2005,0,38,6,and,and,CC,CC
772,Armenia_2005,0,38,7,norms,norms,NNS,NN
773,Armenia_2005,0,38,8,of,of,IN,IN
774,Armenia_2005,0,38,9,international,international,JJ,JJ
775,Armenia_2005,0,38,10,law,law,NN,NN
776,Armenia_2005,0,38,12,the,the,DT,DT
777,Armenia_2005,0,38,13,Republic,republic,NNP,NN
778,Armenia_2005,0,38,14,of,of,IN,IN
779,Armenia_2005,0,38,15,Armenia,armenia,NNP,NN
780,Armenia_2005,0,38,16,shall,shall,MD,MD
781,Armenia_2005,0,38,17,contribute,contribute,VB,VB
782,Armenia_2005,0,38,18,to,to,TO,TO
783,Armenia_2005,0,38,19,fostering,fostering,VBG,VB
784,Armenia_2005,0,38,20,relations,relations,NNS,NN
785,Armenia_2005,0,38,21,with,with,IN,IN
786,Armenia_2005,0,38,22,the,the,DT,DT
787,Armenia_2005,0,38,23,Armenian,armenian,JJ,JJ
788,Armenia_2005,0,38,24,Diaspora,diaspora,NNP,NN
789,Armenia_2005,0,38,26,protection,protection,NN,NN
790,Armenia_2005,0,38,27,of,of,IN,IN
791,Armenia_2005,0,38,28,Armenian,armenian,JJ,JJ
792,Armenia_2005,0,38,29,historical,historical,JJ,JJ
793,Armenia_2005,0,38,30,and,and,CC,CC
794,Armenia_2005,0,38,31,cultural,cultural,JJ,JJ
795,Armenia_2005,0,38,32,values,values,NNS,NN
796,Armenia_2005,0,38,33,located,located,VBN,VB
797,Armenia_2005,0,38,34,in,in,IN,IN
798,Armenia_2005,0,38,35,other,other,JJ,JJ
799,Armenia_2005,0,38,36,countries,countries,NNS,NN
800,Armenia_2005,0,38,38,and,and,CC,CC
801,Armenia_2005,0,38,39,advancing,advancing,VBG,VB
802,Armenia_2005,0,38,40,Armenian,armenian,JJ,JJ
803,Armenia_2005,0,38,41,education,education,NN,NN
804,Armenia_2005,0,38,42,and,and,CC,CC
805,Armenia_2005,0,38,43,culture,culture,NN,NN
806,Armenia_2005,0,39,0,Article,article,NN,NN
807,Armenia_2005,0,39,1,11.1,111,CD,CD
808,Armenia_2005,0,39,2,Share,share,NNP,NN
809,Armenia_2005,0,39,3,Regions,regions,NNPS,NN
810,Armenia_2005,0,39,4,and,and,CC,CC
811,Armenia_2005,0,39,5,communities,communities,NNS,NN
812,Armenia_2005,0,39,6,shall,shall,MD,MD
813,Armenia_2005,0,39,7,be,be,VB,VB
814,Armenia_2005,0,39,8,the,the,DT,DT
815,Armenia_2005,0,39,9,administrative-territorial,administrativeterritorial,JJ,JJ
816,Armenia_2005,0,39,10,units,units,NNS,NN
817,Armenia_2005,0,39,11,in,in,IN,IN
818,Armenia_2005,0,39,12,the,the,DT,DT
819,Armenia_2005,0,39,13,Republic,republic,NNP,NN
820,Armenia_2005,0,39,14,of,of,IN,IN
821,Armenia_2005,0,39,15,Armenia,armenia,NNP,NN
822,Armenia_2005,0,40,0,Article,article,NN,NN
823,Armenia_2005,0,40,1,11.2,112,CD,CD
824,Armenia_2005,0,40,2,Share,share,NNP,NN
825,Armenia_2005,0,40,3,The,the,DT,DT
826,Armenia_2005,0,40,4,Republic,republic,NNP,NN
827,Armenia_2005,0,40,5,of,of,IN,IN
828,Armenia_2005,0,40,6,Armenia,armenia,NNP,NN
829,Armenia_2005,0,40,7,guarantees,guarantees,NNS,NN
830,Armenia_2005,0,40,8,local,local,JJ,JJ
831,Armenia_2005,0,40,9,self-government,selfgovernment,NN,NN
832,Armenia_2005,0,41,0,Article,article,NN,NN
833,Armenia_2005,0,41,1,11.3,113,CD,CD
834,Armenia_2005,0,41,2,Share,share,NNP,NN
835,Armenia_2005,0,41,3,The,the,DT,DT
836,Armenia_2005,0,41,4,citizens,citizens,NNS,NN
837,Armenia_2005,0,41,5,of,of,IN,IN
838,Armenia_2005,0,41,6,the,the,DT,DT
839,Armenia_2005,0,41,7,Republic,republic,NNP,NN
840,Armenia_2005,0,41,8,of,of,IN,IN
841,Armenia_2005,0,41,9,Armenia,armenia,NNP,NN
842,Armenia_2005,0,41,10,shall,shall,MD,MD
843,Armenia_2005,0,41,11,be,be,VB,VB
844,Armenia_2005,0,41,12,under,under,IN,IN
845,Armenia_2005,0,41,13,the,the,DT,DT
846,Armenia_2005,0,41,14,protection,protection,NN,NN
847,Armenia_2005,0,41,15,of,of,IN,IN
848,Armenia_2005,0,41,16,the,the,DT,DT
849,Armenia_2005,0,41,17,Republic,republic,NNP,NN
850,Armenia_2005,0,41,18,of,of,IN,IN
851,Armenia_2005,0,41,19,Armenia,armenia,NNP,NN
852,Armenia_2005,0,41,20,within,within,IN,IN
853,Armenia_2005,0,41,21,the,the,DT,DT
854,Armenia_2005,0,41,22,territory,territory,NN,NN
855,Armenia_2005,0,41,23,of,of,IN,IN
856,Armenia_2005,0,41,24,the,the,DT,DT
857,Armenia_2005,0,41,25,Republic,republic,NNP,NN
858,Armenia_2005,0,41,26,of,of,IN,IN
859,Armenia_2005,0,41,27,Armenia,armenia,NNP,NN
860,Armenia_2005,0,41,28,and,and,CC,CC
861,Armenia_2005,0,41,29,beyond,beyond,IN,IN
862,Armenia_2005,0,41,30,its,its,PRP$,PR
863,Armenia_2005,0,41,31,borders,borders,NNS,NN
864,Armenia_2005,0,42,0,Armenians,armenians,NNS,NN
865,Armenia_2005,0,42,1,by,by,IN,IN
866,Armenia_2005,0,42,2,birth,birth,NN,NN
867,Armenia_2005,0,42,3,shall,shall,MD,MD
868,Armenia_2005,0,42,4,acquire,acquire,VB,VB
869,Armenia_2005,0,42,5,citizenship,citizenship,NN,NN
870,Armenia_2005,0,42,6,of,of,IN,IN
871,Armenia_2005,0,42,7,the,the,DT,DT
872,Armenia_2005,0,42,8,Republic,republic,NNP,NN
873,Armenia_2005,0,42,9,of,of,IN,IN
874,Armenia_2005,0,42,10,Armenia,armenia,NNP,NN
875,Armenia_2005,0,42,11,through,through,IN,IN
876,Armenia_2005,0,42,12,a,a,DT,DT
877,Armenia_2005,0,42,13,simplified,simplified,JJ,JJ
878,Armenia_2005,0,42,14,procedure,procedure,NN,NN
879,Armenia_2005,0,43,0,The,the,DT,DT
880,Armenia_2005,0,43,1,rights,rights,NNS,NN
881,Armenia_2005,0,43,2,and,and,CC,CC
882,Armenia_2005,0,43,3,responsibilities,responsibilities,NNS,NN
883,Armenia_2005,0,43,4,of,of,IN,IN
884,Armenia_2005,0,43,5,citizens,citizens,NNS,NN
885,Armenia_2005,0,43,6,with,with,IN,IN
886,Armenia_2005,0,43,7,dual,dual,JJ,JJ
887,Armenia_2005,0,43,8,citizenship,citizenship,NN,NN
888,Armenia_2005,0,43,9,shall,shall,MD,MD
889,Armenia_2005,0,43,10,be,be,VB,VB
890,Armenia_2005,0,43,11,defined,defined,VBN,VB
891,Armenia_2005,0,43,12,by,by,IN,IN
892,Armenia_2005,0,43,13,law,law,NN,NN
893,Armenia_2005,0,44,0,Article,article,NN,NN
894,Armenia_2005,0,44,1,12,12,CD,CD
895,Armenia_2005,0,44,2,Share,share,NNP,NN
896,Armenia_2005,0,44,3,The,the,DT,DT
897,Armenia_2005,0,44,4,State,state,NNP,NN
898,Armenia_2005,0,44,5,language,language,NN,NN
899,Armenia_2005,0,44,6,of,of,IN,IN
900,Armenia_2005,0,44,7,the,the,DT,DT
901,Armenia_2005,0,44,8,Republic,republic,NNP,NN
902,Armenia_2005,0,44,9,of,of,IN,IN
903,Armenia_2005,0,44,10,Armenia,armenia,NNP,NN
904,Armenia_2005,0,44,11,is,is,VBZ,VB
905,Armenia_2005,0,44,12,Armenian,armenian,JJ,JJ
906,Armenia_2005,0,45,0,Article,article,NN,NN
907,Armenia_2005,0,45,1,13,13,CD,CD
908,Armenia_2005,0,45,2,Share,share,NNP,NN
909,Armenia_2005,0,45,3,The,the,DT,DT
910,Armenia_2005,0,45,4,flag,flag,NN,NN
911,Armenia_2005,0,45,5,of,of,IN,IN
912,Armenia_2005,0,45,6,the,the,DT,DT
913,Armenia_2005,0,45,7,Republic,republic,NNP,NN
914,Armenia_2005,0,45,8,of,of,IN,IN
915,Armenia_2005,0,45,9,Armenia,armenia,NNP,NN
916,Armenia_2005,0,45,10,is,is,VBZ,VB
917,Armenia_2005,0,45,11,three,three,CD,CD
918,Armenia_2005,0,45,12,colors,colors,NNS,NN
919,Armenia_2005,0,45,13,made,made,VBD,VB
920,Armenia_2005,0,45,14,up,up,IN,IN
921,Armenia_2005,0,45,15,of,of,IN,IN
922,Armenia_2005,0,45,16,three,three,CD,CD
923,Armenia_2005,0,45,17,horizontal,horizontal,JJ,JJ
924,Armenia_2005,0,45,18,and,and,CC,CC
925,Armenia_2005,0,45,19,equal,equal,JJ,JJ
926,Armenia_2005,0,45,20,strips,strips,NNS,NN
927,Armenia_2005,0,45,21,of,of,IN,IN
928,Armenia_2005,0,45,22,red,red,JJ,JJ
929,Armenia_2005,0,45,24,blue,blue,JJ,JJ
930,Armenia_2005,0,45,26,and,and,CC,CC
931,Armenia_2005,0,45,27,orange,orange,NN,NN
932,Armenia_2005,0,46,0,The,the,DT,DT
933,Armenia_2005,0,46,1,coat,coat,NN,NN
934,Armenia_2005,0,46,2,of,of,IN,IN
935,Armenia_2005,0,46,3,arms,arms,NNS,NN
936,Armenia_2005,0,46,4,of,of,IN,IN
937,Armenia_2005,0,46,5,the,the,DT,DT
938,Armenia_2005,0,46,6,Republic,republic,NNP,NN
939,Armenia_2005,0,46,7,of,of,IN,IN
940,Armenia_2005,0,46,8,Armenia,armenia,NNP,NN
941,Armenia_2005,0,46,9,depicts,depicts,NNS,NN
942,Armenia_2005,0,46,11,in,in,IN,IN
943,Armenia_2005,0,46,12,the,the,DT,DT
944,Armenia_2005,0,46,13,center,center,NN,NN
945,Armenia_2005,0,46,14,on,on,IN,IN
946,Armenia_2005,0,46,15,a,a,DT,DT
947,Armenia_2005,0,46,16,shield,shield,NN,NN
948,Armenia_2005,0,46,18,Mount,mount,NNP,NN
949,Armenia_2005,0,46,19,Ararat,ararat,NNP,NN
950,Armenia_2005,0,46,20,with,with,IN,IN
951,Armenia_2005,0,46,21,Noah,noah,NNP,NN
952,Armenia_2005,0,46,22,'s,s,POS,PO
953,Armenia_2005,0,46,23,ark,ark,NN,NN
954,Armenia_2005,0,46,24,and,and,CC,CC
955,Armenia_2005,0,46,25,the,the,DT,DT
956,Armenia_2005,0,46,26,coats,coats,NNS,NN
957,Armenia_2005,0,46,27,of,of,IN,IN
958,Armenia_2005,0,46,28,arms,arms,NNS,NN
959,Armenia_2005,0,46,29,of,of,IN,IN
960,Armenia_2005,0,46,30,the,the,DT,DT
961,Armenia_2005,0,46,31,four,four,CD,CD
962,Armenia_2005,0,46,32,kingdoms,kingdoms,NNS,NN
963,Armenia_2005,0,46,33,of,of,IN,IN
964,Armenia_2005,0,46,34,historical,historical,JJ,JJ
965,Armenia_2005,0,46,35,Armenia,armenia,NNP,NN
966,Armenia_2005,0,47,0,The,the,DT,DT
967,Armenia_2005,0,47,1,shield,shield,NN,NN
968,Armenia_2005,0,47,2,is,is,VBZ,VB
969,Armenia_2005,0,47,3,supported,supported,VBN,VB
970,Armenia_2005,0,47,4,by,by,IN,IN
971,Armenia_2005,0,47,5,a,a,DT,DT
972,Armenia_2005,0,47,6,lion,lion,NN,NN
973,Armenia_2005,0,47,7,and,and,CC,CC
974,Armenia_2005,0,47,8,an,an,DT,DT
975,Armenia_2005,0,47,9,eagle,eagle,NN,NN
976,Armenia_2005,0,47,10,while,while,IN,IN
977,Armenia_2005,0,47,11,a,a,DT,DT
978,Armenia_2005,0,47,12,sword,sword,NN,NN
979,Armenia_2005,0,47,14,a,a,DT,DT
980,Armenia_2005,0,47,15,branch,branch,NN,NN
981,Armenia_2005,0,47,17,a,a,DT,DT
982,Armenia_2005,0,47,18,sheaf,sheaf,NN,NN
983,Armenia_2005,0,47,20,a,a,DT,DT
984,Armenia_2005,0,47,21,chain,chain,NN,NN
985,Armenia_2005,0,47,22,and,and,CC,CC
986,Armenia_2005,0,47,23,a,a,DT,DT
987,Armenia_2005,0,47,24,ribbon,ribbon,NN,NN
988,Armenia_2005,0,47,25,are,are,VBP,VB
989,Armenia_2005,0,47,26,portrayed,portrayed,VBN,VB
990,Armenia_2005,0,47,27,under,under,IN,IN
991,Armenia_2005,0,47,28,the,the,DT,DT
992,Armenia_2005,0,47,29,shield,shield,NN,NN
993,Armenia_2005,0,48,0,Details,details,NNS,NN
994,Armenia_2005,0,48,1,of,of,IN,IN
995,Armenia_2005,0,48,2,the,the,DT,DT
996,Armenia_2005,0,48,3,flag,flag,NN,NN
997,Armenia_2005,0,48,4,and,and,CC,CC
998,Armenia_2005,0,48,5,the,the,DT,DT
999,Armenia_2005,0,48,6,coat,coat,NN,NN
1000,Armenia_2005,0,48,7,of,of,IN,IN
1001,Armenia_2005,0,48,8,arms,arms,NNS,NN
1002,Armenia_2005,0,48,9,shall,shall,MD,MD
1003,Armenia_2005,0,48,10,be,be,VB,VB
1004,Armenia_2005,0,48,11,defined,defined,VBN,VB
1005,Armenia_2005,0,48,12,by,by,IN,IN
1006,Armenia_2005,0,48,13,law,law,NN,NN
1007,Armenia_2005,0,49,0,The,the,DT,DT
1008,Armenia_2005,0,49,1,national,national,JJ,JJ
1009,Armenia_2005,0,49,2,anthem,anthem,NN,NN
1010,Armenia_2005,0,49,3,of,of,IN,IN
1011,Armenia_2005,0,49,4,the,the,DT,DT
1012,Armenia_2005,0,49,5,Republic,republic,NNP,NN
1013,Armenia_2005,0,49,6,of,of,IN,IN
1014,Armenia_2005,0,49,7,Armenia,armenia,NNP,NN
1015,Armenia_2005,0,49,8,shall,shall,MD,MD
1016,Armenia_2005,0,49,9,be,be,VB,VB
1017,Armenia_2005,0,49,10,defined,defined,VBN,VB
1018,Armenia_2005,0,49,11,by,by,IN,IN
1019,Armenia_2005,0,49,12,law,law,NN,NN
1020,Armenia_2005,0,50,0,The,the,DT,DT
1021,Armenia_2005,0,50,1,capital,capital,NN,NN
1022,Armenia_2005,0,50,2,of,of,IN,IN
1023,Armenia_2005,0,50,3,the,the,DT,DT
1024,Armenia_2005,0,50,4,Republic,republic,NNP,NN
1025,Armenia_2005,0,50,5,of,of,IN,IN
1026,Armenia_2005,0,50,6,Armenia,armenia,NNP,NN
1027,Armenia_2005,0,50,7,is,is,VBZ,VB
1028,Armenia_2005,0,50,8,Yerevan,yerevan,NNP,NN
1029,Armenia_2005,0,51,0,CHAPTER,chapter,NN,NN
1030,Armenia_2005,0,51,1,2,2,CD,CD
1031,Armenia_2005,0,52,0,FUNDAMENTAL,fundamental,NNP,NN
1032,Armenia_2005,0,52,1,HUMAN,human,NNP,NN
1033,Armenia_2005,0,52,2,AND,and,NNP,NN
1034,Armenia_2005,0,52,3,CIVIL,civil,NNP,NN
1035,Armenia_2005,0,52,4,RIGHTS,rights,NNP,NN
1036,Armenia_2005,0,52,5,AND,and,NNP,NN
1037,Armenia_2005,0,52,6,FREEDOMS,freedoms,NNP,NN
1038,Armenia_2005,0,52,7,Share,share,NNP,NN
1039,Armenia_2005,0,52,8,Article,article,NNP,NN
1040,Armenia_2005,0,52,9,14,14,CD,CD
1041,Armenia_2005,0,52,10,Share,share,NNP,NN
1042,Armenia_2005,0,52,11,Human,human,NNP,NN
1043,Armenia_2005,0,52,12,dignity,dignity,NN,NN
1044,Armenia_2005,0,52,13,shall,shall,MD,MD
1045,Armenia_2005,0,52,14,be,be,VB,VB
1046,Armenia_2005,0,52,15,respected,respected,VBN,VB
1047,Armenia_2005,0,52,16,and,and,CC,CC
1048,Armenia_2005,0,52,17,protected,protected,VBN,VB
1049,Armenia_2005,0,52,18,by,by,IN,IN
1050,Armenia_2005,0,52,19,the,the,DT,DT
1051,Armenia_2005,0,52,20,State,state,NNP,NN
1052,Armenia_2005,0,52,21,as,as,IN,IN
1053,Armenia_2005,0,52,22,an,an,DT,DT
1054,Armenia_2005,0,52,23,inviolable,inviolable,JJ,JJ
1055,Armenia_2005,0,52,24,foundation,foundation,NN,NN
1056,Armenia_2005,0,52,25,of,of,IN,IN
1057,Armenia_2005,0,52,26,human,human,JJ,JJ
1058,Armenia_2005,0,52,27,rights,rights,NNS,NN
1059,Armenia_2005,0,52,28,and,and,CC,CC
1060,Armenia_2005,0,52,29,freedoms,freedoms,NNS,NN
1061,Armenia_2005,0,53,0,Article,article,NN,NN
1062,Armenia_2005,0,53,1,14.1,141,CD,CD
1063,Armenia_2005,0,53,2,Share,share,NNP,NN
1064,Armenia_2005,0,53,3,All,all,NNP,NN
1065,Armenia_2005,0,53,4,people,people,NNS,NN
1066,Armenia_2005,0,53,5,are,are,VBP,VB
1067,Armenia_2005,0,53,6,equal,equal,JJ,JJ
1068,Armenia_2005,0,53,7,before,before,IN,IN
1069,Armenia_2005,0,53,8,the,the,DT,DT
1070,Armenia_2005,0,53,9,law,law,NN,NN
1071,Armenia_2005,0,54,0,Discrimination,discrimination,NN,NN
1072,Armenia_2005,0,54,1,based,based,VBN,VB
1073,Armenia_2005,0,54,2,on,on,IN,IN
1074,Armenia_2005,0,54,3,sex,sex,NN,NN
1075,Armenia_2005,0,54,5,race,race,NN,NN
1076,Armenia_2005,0,54,7,color,color,NN,NN
1077,Armenia_2005,0,54,8,of,of,IN,IN
1078,Armenia_2005,0,54,9,the,the,DT,DT
1079,Armenia_2005,0,54,10,skin,skin,NN,NN
1080,Armenia_2005,0,54,12,ethnic,ethnic,JJ,JJ
1081,Armenia_2005,0,54,13,or,or,CC,CC
1082,Armenia_2005,0,54,14,social,social,JJ,JJ
1083,Armenia_2005,0,54,15,origin,origin,NN,NN
1084,Armenia_2005,0,54,17,genetic,genetic,JJ,JJ
1085,Armenia_2005,0,54,18,circumstances,circumstances,NNS,NN
1086,Armenia_2005,0,54,20,language,language,NN,NN
1087,Armenia_2005,0,54,22,religion,religion,NN,NN
1088,Armenia_2005,0,54,24,viewpoints,viewpoints,NNS,NN
1089,Armenia_2005,0,54,26,political,political,JJ,JJ
1090,Armenia_2005,0,54,27,or,or,CC,CC
1091,Armenia_2005,0,54,28,other,other,JJ,JJ
1092,Armenia_2005,0,54,29,opinions,opinions,NNS,NN
1093,Armenia_2005,0,54,31,belonging,belonging,VBG,VB
1094,Armenia_2005,0,54,32,to,to,TO,TO
1095,Armenia_2005,0,54,33,a,a,DT,DT
1096,Armenia_2005,0,54,34,national,national,JJ,JJ
1097,Armenia_2005,0,54,35,minority,minority,NN,NN
1098,Armenia_2005,0,54,37,property,property,NN,NN
1099,Armenia_2005,0,54,38,status,status,NN,NN
1100,Armenia_2005,0,54,40,birth,birth,NN,NN
1101,Armenia_2005,0,54,42,disability,disability,NN,NN
1102,Armenia_2005,0,54,44,age,age,NN,NN
1103,Armenia_2005,0,54,45,or,or,CC,CC
1104,Armenia_2005,0,54,46,other,other,JJ,JJ
1105,Armenia_2005,0,54,47,conditions,conditions,NNS,NN
1106,Armenia_2005,0,54,48,of,of,IN,IN
1107,Armenia_2005,0,54,49,personal,personal,JJ,JJ
1108,Armenia_2005,0,54,50,or,or,CC,CC
1109,Armenia_2005,0,54,51,social,social,JJ,JJ
1110,Armenia_2005,0,54,52,character,character,NN,NN
1111,Armenia_2005,0,54,53,shall,shall,MD,MD
1112,Armenia_2005,0,54,54,be,be,VB,VB
1113,Armenia_2005,0,54,55,prohibited,prohibited,VBN,VB
1114,Armenia_2005,0,55,0,Article,article,NN,NN
1115,Armenia_2005,0,55,1,15,15,CD,CD
1116,Armenia_2005,0,55,2,Share,share,NNP,NN
1117,Armenia_2005,0,55,3,Everyone,everyone,NNP,NN
1118,Armenia_2005,0,55,4,has,has,VBZ,VB
1119,Armenia_2005,0,55,5,a,a,DT,DT
1120,Armenia_2005,0,55,6,right,right,NN,NN
1121,Armenia_2005,0,55,7,to,to,TO,TO
1122,Armenia_2005,0,55,8,life,life,NN,NN
1123,Armenia_2005,0,56,0,No,no,DT,DT
1124,Armenia_2005,0,56,1,one,one,CD,CD
1125,Armenia_2005,0,56,2,shall,shall,MD,MD
1126,Armenia_2005,0,56,3,be,be,VB,VB
1127,Armenia_2005,0,56,4,sentenced,sentenced,VBN,VB
1128,Armenia_2005,0,56,5,or,or,CC,CC
1129,Armenia_2005,0,56,6,subjected,subjected,VBN,VB
1130,Armenia_2005,0,56,7,to,to,TO,TO
1131,Armenia_2005,0,56,8,the,the,DT,DT
1132,Armenia_2005,0,56,9,death,death,NN,NN
1133,Armenia_2005,0,56,10,penalty,penalty,NN,NN
1134,Armenia_2005,0,57,0,Article,article,NN,NN
1135,Armenia_2005,0,57,1,16,16,CD,CD
1136,Armenia_2005,0,57,2,Share,share,NNP,NN
1137,Armenia_2005,0,57,3,Everyone,everyone,NNP,NN
1138,Armenia_2005,0,57,4,shall,shall,MD,MD
1139,Armenia_2005,0,57,5,have,have,VB,VB
1140,Armenia_2005,0,57,6,the,the,DT,DT
1141,Armenia_2005,0,57,7,right,right,NN,NN
1142,Armenia_2005,0,57,8,of,of,IN,IN
1143,Armenia_2005,0,57,9,personal,personal,JJ,JJ
1144,Armenia_2005,0,57,10,liberty,liberty,NN,NN
1145,Armenia_2005,0,57,11,and,and,CC,CC
1146,Armenia_2005,0,57,12,inviolability,inviolability,NN,NN
1147,Armenia_2005,0,58,0,A,a,DT,DT
1148,Armenia_2005,0,58,1,man,man,NN,NN
1149,Armenia_2005,0,58,2,can,can,MD,MD
1150,Armenia_2005,0,58,3,be,be,VB,VB
1151,Armenia_2005,0,58,4,deprived,deprived,VBN,VB
1152,Armenia_2005,0,58,5,of,of,IN,IN
1153,Armenia_2005,0,58,6,liberty,liberty,NN,NN
1154,Armenia_2005,0,58,7,in,in,IN,IN
1155,Armenia_2005,0,58,8,cases,cases,NNS,NN
1156,Armenia_2005,0,58,9,and,and,CC,CC
1157,Armenia_2005,0,58,10,by,by,IN,IN
1158,Armenia_2005,0,58,11,the,the,DT,DT
1159,Armenia_2005,0,58,12,procedure,procedure,NN,NN
1160,Armenia_2005,0,58,13,provided,provided,VBN,VB
1161,Armenia_2005,0,58,14,for,for,IN,IN
1162,Armenia_2005,0,58,15,by,by,IN,IN
1163,Armenia_2005,0,58,16,law,law,NN,NN
1164,Armenia_2005,0,59,0,The,the,DT,DT
1165,Armenia_2005,0,59,1,law,law,NN,NN
1166,Armenia_2005,0,59,2,can,can,MD,MD
1167,Armenia_2005,0,59,3,provide,provide,VB,VB
1168,Armenia_2005,0,59,4,for,for,IN,IN
1169,Armenia_2005,0,59,5,deprivation,deprivation,NN,NN
1170,Armenia_2005,0,59,6,of,of,IN,IN
1171,Armenia_2005,0,59,7,liberty,liberty,NN,NN
1172,Armenia_2005,0,59,8,only,only,RB,RB
1173,Armenia_2005,0,59,9,in,in,IN,IN
1174,Armenia_2005,0,59,10,the,the,DT,DT
1175,Armenia_2005,0,59,11,following,following,JJ,JJ
1176,Armenia_2005,0,59,12,cases,cases,NNS,NN
1177,Armenia_2005,0,59,14,1.a,1a,CD,CD
1178,Armenia_2005,0,59,15,person,person,NN,NN
1179,Armenia_2005,0,59,16,is,is,VBZ,VB
1180,Armenia_2005,0,59,17,sentenced,sentenced,VBN,VB
1181,Armenia_2005,0,59,18,by,by,IN,IN
1182,Armenia_2005,0,59,19,a,a,DT,DT
1183,Armenia_2005,0,59,20,competent,competent,JJ,JJ
1184,Armenia_2005,0,59,21,court,court,NN,NN
1185,Armenia_2005,0,59,22,for,for,IN,IN
1186,Armenia_2005,0,59,23,a,a,DT,DT
1187,Armenia_2005,0,59,24,committed,committed,JJ,JJ
1188,Armenia_2005,0,59,25,offense,offense,NN,NN
1189,Armenia_2005,0,59,27,2.a,2a,CD,CD
1190,Armenia_2005,0,59,28,person,person,NN,NN
1191,Armenia_2005,0,59,29,has,has,VBZ,VB
1192,Armenia_2005,0,59,30,failed,failed,VBN,VB
1193,Armenia_2005,0,59,31,to,to,TO,TO
1194,Armenia_2005,0,59,32,comply,comply,VB,VB
1195,Armenia_2005,0,59,33,with,with,IN,IN
1196,Armenia_2005,0,59,34,a,a,DT,DT
1197,Armenia_2005,0,59,35,legitimate,legitimate,JJ,JJ
1198,Armenia_2005,0,59,36,judicial,judicial,JJ,JJ
1199,Armenia_2005,0,59,37,decision,decision,NN,NN
1200,Armenia_2005,0,59,38,of,of,IN,IN
1201,Armenia_2005,0,59,39,a,a,DT,DT
1202,Armenia_2005,0,59,40,court,court,NN,NN
1203,Armenia_2005,0,59,42,3.to,3to,CD,CD
1204,Armenia_2005,0,59,43,ensure,ensure,VB,VB
1205,Armenia_2005,0,59,44,the,the,DT,DT
1206,Armenia_2005,0,59,45,fulfillment,fulfillment,NN,NN
1207,Armenia_2005,0,59,46,of,of,IN,IN
1208,Armenia_2005,0,59,47,certain,certain,JJ,JJ
1209,Armenia_2005,0,59,48,obligations,obligations,NNS,NN
1210,Armenia_2005,0,59,49,prescribed,prescribed,VBN,VB
1211,Armenia_2005,0,59,50,by,by,IN,IN
1212,Armenia_2005,0,59,51,law,law,NN,NN
1213,Armenia_2005,0,59,53,4.reasonable,4reasonable,CD,CD
1214,Armenia_2005,0,59,54,suspicion,suspicion,NN,NN
1215,Armenia_2005,0,59,55,exists,exists,NNS,NN
1216,Armenia_2005,0,59,56,of,of,IN,IN
1217,Armenia_2005,0,59,57,the,the,DT,DT
1218,Armenia_2005,0,59,58,committing,committing,NN,NN
1219,Armenia_2005,0,59,59,of,of,IN,IN
1220,Armenia_2005,0,59,60,a,a,DT,DT
1221,Armenia_2005,0,59,61,crime,crime,NN,NN
1222,Armenia_2005,0,59,62,or,or,CC,CC
1223,Armenia_2005,0,59,63,when,when,WRB,WR
1224,Armenia_2005,0,59,64,it,it,PRP,PR
1225,Armenia_2005,0,59,65,is,is,VBZ,VB
1226,Armenia_2005,0,59,66,necessary,necessary,JJ,JJ
1227,Armenia_2005,0,59,67,to,to,TO,TO
1228,Armenia_2005,0,59,68,prevent,prevent,VB,VB
1229,Armenia_2005,0,59,69,the,the,DT,DT
1230,Armenia_2005,0,59,70,commission,commission,NN,NN
1231,Armenia_2005,0,59,71,of,of,IN,IN
1232,Armenia_2005,0,59,72,a,a,DT,DT
1233,Armenia_2005,0,59,73,crime,crime,NN,NN
1234,Armenia_2005,0,59,74,by,by,IN,IN
1235,Armenia_2005,0,59,75,the,the,DT,DT
1236,Armenia_2005,0,59,76,person,person,NN,NN
1237,Armenia_2005,0,59,77,or,or,CC,CC
1238,Armenia_2005,0,59,78,to,to,TO,TO
1239,Armenia_2005,0,59,79,prevent,prevent,VB,VB
1240,Armenia_2005,0,59,80,his/her,hisher,NN,NN
1241,Armenia_2005,0,59,81,escape,escape,NN,NN
1242,Armenia_2005,0,59,82,after,after,IN,IN
1243,Armenia_2005,0,59,83,the,the,DT,DT
1244,Armenia_2005,0,59,84,crime,crime,NN,NN
1245,Armenia_2005,0,59,85,is,is,VBZ,VB
1246,Armenia_2005,0,59,86,committed,committed,VBN,VB
1247,Armenia_2005,0,59,88,5.to,5to,CD,CD
1248,Armenia_2005,0,59,89,establish,establish,VB,VB
1249,Armenia_2005,0,59,90,educational,educational,JJ,JJ
1250,Armenia_2005,0,59,91,control,control,NN,NN
1251,Armenia_2005,0,59,92,over,over,IN,IN
1252,Armenia_2005,0,59,93,a,a,DT,DT
1253,Armenia_2005,0,59,94,minor,minor,JJ,JJ
1254,Armenia_2005,0,59,95,or,or,CC,CC
1255,Armenia_2005,0,59,96,to,to,TO,TO
1256,Armenia_2005,0,59,97,present,present,VB,VB
1257,Armenia_2005,0,59,98,him/her,himher,NN,NN
1258,Armenia_2005,0,59,99,to,to,TO,TO
1259,Armenia_2005,0,59,100,other,other,JJ,JJ
1260,Armenia_2005,0,59,101,institutions,institutions,NNS,NN
1261,Armenia_2005,0,59,103,6.to,6to,CD,CD
1262,Armenia_2005,0,59,104,prevent,prevent,NN,NN
1263,Armenia_2005,0,59,105,the,the,DT,DT
1264,Armenia_2005,0,59,106,spread,spread,NN,NN
1265,Armenia_2005,0,59,107,of,of,IN,IN
1266,Armenia_2005,0,59,108,infectious,infectious,JJ,JJ
1267,Armenia_2005,0,59,109,diseases,diseases,NNS,NN
1268,Armenia_2005,0,59,110,and,and,CC,CC
1269,Armenia_2005,0,59,111,to,to,TO,TO
1270,Armenia_2005,0,59,112,prevent,prevent,VB,VB
1271,Armenia_2005,0,59,113,the,the,DT,DT
1272,Armenia_2005,0,59,114,social,social,JJ,JJ
1273,Armenia_2005,0,59,115,dangers,dangers,NNS,NN
1274,Armenia_2005,0,59,116,posed,posed,VBN,VB
1275,Armenia_2005,0,59,117,by,by,IN,IN
1276,Armenia_2005,0,59,118,the,the,DT,DT
1277,Armenia_2005,0,59,119,mentally,mentally,RB,RB
1278,Armenia_2005,0,59,120,disabled,disabled,JJ,JJ
1279,Armenia_2005,0,59,122,alcoholic,alcoholic,JJ,JJ
1280,Armenia_2005,0,59,124,drug-addicted,drugaddicted,JJ,JJ
1281,Armenia_2005,0,59,125,or,or,CC,CC
1282,Armenia_2005,0,59,126,homeless,homeless,JJ,JJ
1283,Armenia_2005,0,59,127,person,person,NN,NN
1284,Armenia_2005,0,59,129,7.to,7to,CD,CD
1285,Armenia_2005,0,59,130,prevent,prevent,NN,NN
1286,Armenia_2005,0,59,131,the,the,DT,DT
1287,Armenia_2005,0,59,132,illicit,illicit,JJ,JJ
1288,Armenia_2005,0,59,133,entry,entry,NN,NN
1289,Armenia_2005,0,59,134,of,of,IN,IN
1290,Armenia_2005,0,59,135,a,a,DT,DT
1291,Armenia_2005,0,59,136,person,person,NN,NN
1292,Armenia_2005,0,59,137,into,into,IN,IN
1293,Armenia_2005,0,59,138,the,the,DT,DT
1294,Armenia_2005,0,59,139,territory,territory,NN,NN
1295,Armenia_2005,0,59,140,of,of,IN,IN
1296,Armenia_2005,0,59,141,the,the,DT,DT
1297,Armenia_2005,0,59,142,Republic,republic,NNP,NN
1298,Armenia_2005,0,59,143,of,of,IN,IN
1299,Armenia_2005,0,59,144,Armenia,armenia,NNP,NN
1300,Armenia_2005,0,59,146,as,as,RB,RB
1301,Armenia_2005,0,59,147,well,well,RB,RB
1302,Armenia_2005,0,59,148,as,as,IN,IN
1303,Armenia_2005,0,59,149,to,to,TO,TO
1304,Armenia_2005,0,59,150,deport,deport,VB,VB
1305,Armenia_2005,0,59,151,or,or,CC,CC
1306,Armenia_2005,0,59,152,extradite,extradite,VB,VB
1307,Armenia_2005,0,59,153,him/her,himher,JJR,JJ
1308,Armenia_2005,0,59,154,to,to,TO,TO
1309,Armenia_2005,0,59,155,a,a,DT,DT
1310,Armenia_2005,0,59,156,foreign,foreign,JJ,JJ
1311,Armenia_2005,0,59,157,country,country,NN,NN
1312,Armenia_2005,0,60,0,Everyone,everyone,NN,NN
1313,Armenia_2005,0,60,1,who,who,WP,WP
1314,Armenia_2005,0,60,2,is,is,VBZ,VB
1315,Armenia_2005,0,60,3,deprived,deprived,VBN,VB
1316,Armenia_2005,0,60,4,of,of,IN,IN
1317,Armenia_2005,0,60,5,liberty,liberty,NN,NN
1318,Armenia_2005,0,60,6,shall,shall,MD,MD
1319,Armenia_2005,0,60,7,be,be,VB,VB
1320,Armenia_2005,0,60,8,immediately,immediately,RB,RB
1321,Armenia_2005,0,60,9,informed,informed,VBN,VB
1322,Armenia_2005,0,60,11,in,in,IN,IN
1323,Armenia_2005,0,60,12,a,a,DT,DT
1324,Armenia_2005,0,60,13,language,language,NN,NN
1325,Armenia_2005,0,60,14,comprehensible,comprehensible,JJ,JJ
1326,Armenia_2005,0,60,15,to,to,TO,TO
1327,Armenia_2005,0,60,16,him/her,himher,VB,VB
1328,Armenia_2005,0,60,18,of,of,IN,IN
1329,Armenia_2005,0,60,19,the,the,DT,DT
1330,Armenia_2005,0,60,20,reasons,reasons,NNS,NN
1331,Armenia_2005,0,60,21,and,and,CC,CC
1332,Armenia_2005,0,60,23,if,if,IN,IN
1333,Armenia_2005,0,60,24,criminal,criminal,JJ,JJ
1334,Armenia_2005,0,60,25,charges,charges,NNS,NN
1335,Armenia_2005,0,60,26,are,are,VBP,VB
1336,Armenia_2005,0,60,27,presented,presented,VBN,VB
1337,Armenia_2005,0,60,29,of,of,IN,IN
1338,Armenia_2005,0,60,30,the,the,DT,DT
1339,Armenia_2005,0,60,31,charges,charges,NNS,NN
1340,Armenia_2005,0,60,32,against,against,IN,IN
1341,Armenia_2005,0,60,33,him/her,himher,NN,NN
1342,Armenia_2005,0,61,0,Anyone,anyone,NNP,NN
1343,Armenia_2005,0,61,1,deprived,deprived,VBD,VB
1344,Armenia_2005,0,61,2,of,of,IN,IN
1345,Armenia_2005,0,61,3,liberty,liberty,NN,NN
1346,Armenia_2005,0,61,4,has,has,VBZ,VB
1347,Armenia_2005,0,61,5,the,the,DT,DT
1348,Armenia_2005,0,61,6,right,right,NN,NN
1349,Armenia_2005,0,61,7,to,to,TO,TO
1350,Armenia_2005,0,61,8,immediately,immediately,RB,RB
1351,Armenia_2005,0,61,9,inform,inform,VB,VB
1352,Armenia_2005,0,61,10,the,the,DT,DT
1353,Armenia_2005,0,61,11,person,person,NN,NN
1354,Armenia_2005,0,61,12,of,of,IN,IN
1355,Armenia_2005,0,61,13,his/her,hisher,NN,NN
1356,Armenia_2005,0,61,14,choice,choice,NN,NN
1357,Armenia_2005,0,61,15,thereof,thereof,NN,NN
1358,Armenia_2005,0,62,0,If,if,IN,IN
1359,Armenia_2005,0,62,1,the,the,DT,DT
1360,Armenia_2005,0,62,2,arrested,arrested,JJ,JJ
1361,Armenia_2005,0,62,3,person,person,NN,NN
1362,Armenia_2005,0,62,4,is,is,VBZ,VB
1363,Armenia_2005,0,62,5,not,not,RB,RB
1364,Armenia_2005,0,62,6,detained,detained,VBN,VB
1365,Armenia_2005,0,62,7,within,within,IN,IN
1366,Armenia_2005,0,62,8,72,72,CD,CD
1367,Armenia_2005,0,62,9,hours,hours,NNS,NN
1368,Armenia_2005,0,62,11,by,by,IN,IN
1369,Armenia_2005,0,62,12,the,the,DT,DT
1370,Armenia_2005,0,62,13,court,court,NN,NN
1371,Armenia_2005,0,62,14,decision,decision,NN,NN
1372,Armenia_2005,0,62,15,he/she,heshe,NN,NN
1373,Armenia_2005,0,62,16,must,must,MD,MD
1374,Armenia_2005,0,62,17,be,be,VB,VB
1375,Armenia_2005,0,62,18,released,released,VBN,VB
1376,Armenia_2005,0,62,19,immediately,immediately,RB,RB
1377,Armenia_2005,0,63,0,Every,every,DT,DT
1378,Armenia_2005,0,63,1,person,person,NN,NN
1379,Armenia_2005,0,63,2,has,has,VBZ,VB
1380,Armenia_2005,0,63,3,the,the,DT,DT
1381,Armenia_2005,0,63,4,right,right,NN,NN
1382,Armenia_2005,0,63,5,to,to,TO,TO
1383,Armenia_2005,0,63,6,recover,recover,VB,VB
1384,Armenia_2005,0,63,7,damages,damages,NNS,NN
1385,Armenia_2005,0,63,8,due,due,JJ,JJ
1386,Armenia_2005,0,63,9,to,to,TO,TO
1387,Armenia_2005,0,63,10,the,the,DT,DT
1388,Armenia_2005,0,63,11,illegal,illegal,JJ,JJ
1389,Armenia_2005,0,63,12,deprivation,deprivation,NN,NN
1390,Armenia_2005,0,63,13,of,of,IN,IN
1391,Armenia_2005,0,63,14,liberty,liberty,NN,NN
1392,Armenia_2005,0,63,15,or,or,CC,CC
1393,Armenia_2005,0,63,16,an,an,DT,DT
1394,Armenia_2005,0,63,17,illegal,illegal,JJ,JJ
1395,Armenia_2005,0,63,18,search,search,NN,NN
1396,Armenia_2005,0,63,20,on,on,IN,IN
1397,Armenia_2005,0,63,21,the,the,DT,DT
1398,Armenia_2005,0,63,22,grounds,grounds,NNS,NN
1399,Armenia_2005,0,63,23,and,and,CC,CC
1400,Armenia_2005,0,63,24,by,by,IN,IN
1401,Armenia_2005,0,63,25,the,the,DT,DT
1402,Armenia_2005,0,63,26,procedures,procedures,NNS,NN
1403,Armenia_2005,0,63,27,defined,defined,VBN,VB
1404,Armenia_2005,0,63,28,by,by,IN,IN
1405,Armenia_2005,0,63,29,law,law,NN,NN
1406,Armenia_2005,0,64,0,Every,every,DT,DT
1407,Armenia_2005,0,64,1,person,person,NN,NN
1408,Armenia_2005,0,64,2,has,has,VBZ,VB
1409,Armenia_2005,0,64,3,the,the,DT,DT
1410,Armenia_2005,0,64,4,right,right,NN,NN
1411,Armenia_2005,0,64,5,to,to,TO,TO
1412,Armenia_2005,0,64,6,appeal,appeal,VB,VB
1413,Armenia_2005,0,64,7,the,the,DT,DT
1414,Armenia_2005,0,64,8,legality,legality,NN,NN
1415,Armenia_2005,0,64,9,and,and,CC,CC
1416,Armenia_2005,0,64,10,validity,validity,NN,NN
1417,Armenia_2005,0,64,11,of,of,IN,IN
1418,Armenia_2005,0,64,12,his/her,hisher,JJR,JJ
1419,Armenia_2005,0,64,13,deprivation,deprivation,NN,NN
1420,Armenia_2005,0,64,14,of,of,IN,IN
1421,Armenia_2005,0,64,15,liberty,liberty,NN,NN
1422,Armenia_2005,0,64,16,or,or,CC,CC
1423,Armenia_2005,0,64,17,illegal,illegal,JJ,JJ
1424,Armenia_2005,0,64,18,search,search,NN,NN
1425,Armenia_2005,0,64,19,in,in,IN,IN
1426,Armenia_2005,0,64,20,the,the,DT,DT
1427,Armenia_2005,0,64,21,court,court,NN,NN
1428,Armenia_2005,0,64,22,of,of,IN,IN
1429,Armenia_2005,0,64,23,higher,higher,JJR,JJ
1430,Armenia_2005,0,64,24,instance,instance,NN,NN
1431,Armenia_2005,0,65,0,No,no,DT,DT
1432,Armenia_2005,0,65,1,one,one,CD,CD
1433,Armenia_2005,0,65,2,shall,shall,MD,MD
1434,Armenia_2005,0,65,3,be,be,VB,VB
1435,Armenia_2005,0,65,4,deprived,deprived,VBN,VB
1436,Armenia_2005,0,65,5,of,of,IN,IN
1437,Armenia_2005,0,65,6,his/her,hisher,NN,NN
1438,Armenia_2005,0,65,7,freedom,freedom,NN,NN
1439,Armenia_2005,0,65,8,for,for,IN,IN
1440,Armenia_2005,0,65,9,not,not,RB,RB
1441,Armenia_2005,0,65,10,being,being,VBG,VB
1442,Armenia_2005,0,65,11,able,able,JJ,JJ
1443,Armenia_2005,0,65,12,to,to,TO,TO
1444,Armenia_2005,0,65,13,honor,honor,VB,VB
1445,Armenia_2005,0,65,14,his/her,hisher,RB,RB
1446,Armenia_2005,0,65,15,civil,civil,JJ,JJ
1447,Armenia_2005,0,65,16,contractual,contractual,JJ,JJ
1448,Armenia_2005,0,65,17,obligations,obligations,NNS,NN
1449,Armenia_2005,0,66,0,No,no,DT,DT
1450,Armenia_2005,0,66,1,one,one,CD,CD
1451,Armenia_2005,0,66,2,shall,shall,MD,MD
1452,Armenia_2005,0,66,3,be,be,VB,VB
1453,Armenia_2005,0,66,4,subjected,subjected,VBN,VB
1454,Armenia_2005,0,66,5,to,to,TO,TO
1455,Armenia_2005,0,66,6,search,search,VB,VB
1456,Armenia_2005,0,66,7,otherwise,otherwise,RB,RB
1457,Armenia_2005,0,66,8,than,than,IN,IN
1458,Armenia_2005,0,66,9,in,in,IN,IN
1459,Armenia_2005,0,66,10,cases,cases,NNS,NN
1460,Armenia_2005,0,66,11,and,and,CC,CC
1461,Armenia_2005,0,66,12,in,in,IN,IN
1462,Armenia_2005,0,66,13,accordance,accordance,NN,NN
1463,Armenia_2005,0,66,14,with,with,IN,IN
1464,Armenia_2005,0,66,15,the,the,DT,DT
1465,Armenia_2005,0,66,16,procedure,procedure,NN,NN
1466,Armenia_2005,0,66,17,prescribed,prescribed,VBN,VB
1467,Armenia_2005,0,66,18,by,by,IN,IN
1468,Armenia_2005,0,66,19,law,law,NN,NN
1469,Armenia_2005,0,67,0,Article,article,NN,NN
1470,Armenia_2005,0,67,1,17,17,CD,CD
1471,Armenia_2005,0,67,2,Share,share,NNP,NN
1472,Armenia_2005,0,67,3,No,no,NNP,NN
1473,Armenia_2005,0,67,4,one,one,PRP,PR
1474,Armenia_2005,0,67,5,shall,shall,MD,MD
1475,Armenia_2005,0,67,6,be,be,VB,VB
1476,Armenia_2005,0,67,7,subjected,subjected,VBN,VB
1477,Armenia_2005,0,67,8,to,to,TO,TO
1478,Armenia_2005,0,67,9,torture,torture,VB,VB
1479,Armenia_2005,0,67,11,inhuman,inhuman,NN,NN
1480,Armenia_2005,0,67,12,or,or,CC,CC
1481,Armenia_2005,0,67,13,degrading,degrading,VBG,VB
1482,Armenia_2005,0,67,14,treatment,treatment,NN,NN
1483,Armenia_2005,0,67,15,or,or,CC,CC
1484,Armenia_2005,0,67,16,punishment,punishment,NN,NN
1485,Armenia_2005,0,68,0,Arrested,arrested,VBN,VB
1486,Armenia_2005,0,68,2,detained,detained,VBD,VB
1487,Armenia_2005,0,68,3,or,or,CC,CC
1488,Armenia_2005,0,68,4,incarcerated,incarcerated,JJ,JJ
1489,Armenia_2005,0,68,5,persons,persons,NNS,NN
1490,Armenia_2005,0,68,6,shall,shall,MD,MD
1491,Armenia_2005,0,68,7,be,be,VB,VB
1492,Armenia_2005,0,68,8,entitled,entitled,VBN,VB
1493,Armenia_2005,0,68,9,to,to,TO,TO
1494,Armenia_2005,0,68,10,humane,humane,VB,VB
1495,Armenia_2005,0,68,11,treatment,treatment,NN,NN
1496,Armenia_2005,0,68,12,and,and,CC,CC
1497,Armenia_2005,0,68,13,the,the,DT,DT
1498,Armenia_2005,0,68,14,respect,respect,NN,NN
1499,Armenia_2005,0,68,15,of,of,IN,IN
1500,Armenia_2005,0,68,16,their,their,PRP$,PR
1501,Armenia_2005,0,68,17,dignity,dignity,NN,NN
1502,Armenia_2005,0,69,0,A,a,DT,DT
1503,Armenia_2005,0,69,1,human,human,JJ,JJ
1504,Armenia_2005,0,69,2,being,being,VBG,VB
1505,Armenia_2005,0,69,3,shall,shall,MD,MD
1506,Armenia_2005,0,69,4,not,not,RB,RB
1507,Armenia_2005,0,69,5,be,be,VB,VB
1508,Armenia_2005,0,69,6,subjected,subjected,VBN,VB
1509,Armenia_2005,0,69,7,to,to,TO,TO
1510,Armenia_2005,0,69,8,scientific,scientific,JJ,JJ
1511,Armenia_2005,0,69,10,medical,medical,JJ,JJ
1512,Armenia_2005,0,69,11,and,and,CC,CC
1513,Armenia_2005,0,69,12,other,other,JJ,JJ
1514,Armenia_2005,0,69,13,experiments,experiments,NNS,NN
1515,Armenia_2005,0,69,14,without,without,IN,IN
1516,Armenia_2005,0,69,15,his/her,hisher,DT,DT
1517,Armenia_2005,0,69,16,consent,consent,NN,NN
1518,Armenia_2005,0,70,0,Article,article,NN,NN
1519,Armenia_2005,0,70,1,18,18,CD,CD
1520,Armenia_2005,0,70,2,Share,share,NNP,NN
1521,Armenia_2005,0,70,3,Everyone,everyone,NNP,NN
1522,Armenia_2005,0,70,4,has,has,VBZ,VB
1523,Armenia_2005,0,70,5,the,the,DT,DT
1524,Armenia_2005,0,70,6,right,right,NN,NN
1525,Armenia_2005,0,70,7,to,to,TO,TO
1526,Armenia_2005,0,70,8,effective,effective,JJ,JJ
1527,Armenia_2005,0,70,9,legal,legal,JJ,JJ
1528,Armenia_2005,0,70,10,remedies,remedies,NNS,NN
1529,Armenia_2005,0,70,11,for,for,IN,IN
1530,Armenia_2005,0,70,12,the,the,DT,DT
1531,Armenia_2005,0,70,13,protection,protection,NN,NN
1532,Armenia_2005,0,70,14,of,of,IN,IN
1533,Armenia_2005,0,70,15,his/her,hisher,NN,NN
1534,Armenia_2005,0,70,16,rights,rights,NNS,NN
1535,Armenia_2005,0,70,17,and,and,CC,CC
1536,Armenia_2005,0,70,18,freedoms,freedoms,NNS,NN
1537,Armenia_2005,0,70,19,before,before,IN,IN
1538,Armenia_2005,0,70,20,courts,courts,NNS,NN
1539,Armenia_2005,0,70,21,and,and,CC,CC
1540,Armenia_2005,0,70,22,other,other,JJ,JJ
1541,Armenia_2005,0,70,23,state,state,NN,NN
1542,Armenia_2005,0,70,24,bodies,bodies,NNS,NN
1543,Armenia_2005,0,71,0,Everyone,everyone,NN,NN
1544,Armenia_2005,0,71,1,has,has,VBZ,VB
1545,Armenia_2005,0,71,2,the,the,DT,DT
1546,Armenia_2005,0,71,3,right,right,NN,NN
1547,Armenia_2005,0,71,4,to,to,TO,TO
1548,Armenia_2005,0,71,5,protect,protect,VB,VB
1549,Armenia_2005,0,71,6,his/her,hisher,NN,NN
1550,Armenia_2005,0,71,7,rights,rights,NNS,NN
1551,Armenia_2005,0,71,8,and,and,CC,CC
1552,Armenia_2005,0,71,9,freedoms,freedoms,NNS,NN
1553,Armenia_2005,0,71,10,by,by,IN,IN
1554,Armenia_2005,0,71,11,any,any,DT,DT
1555,Armenia_2005,0,71,12,means,means,NNS,NN
1556,Armenia_2005,0,71,13,not,not,RB,RB
1557,Armenia_2005,0,71,14,prohibited,prohibited,VBN,VB
1558,Armenia_2005,0,71,15,by,by,IN,IN
1559,Armenia_2005,0,71,16,law,law,NN,NN
1560,Armenia_2005,0,72,0,Everyone,everyone,NN,NN
1561,Armenia_2005,0,72,1,is,is,VBZ,VB
1562,Armenia_2005,0,72,2,entitled,entitled,VBN,VB
1563,Armenia_2005,0,72,3,to,to,TO,TO
1564,Armenia_2005,0,72,4,have,have,VB,VB
1565,Armenia_2005,0,72,5,the,the,DT,DT
1566,Armenia_2005,0,72,6,support,support,NN,NN
1567,Armenia_2005,0,72,7,of,of,IN,IN
1568,Armenia_2005,0,72,8,the,the,DT,DT
1569,Armenia_2005,0,72,9,Human,human,NNP,NN
1570,Armenia_2005,0,72,10,Rights,rights,NNP,NN
1571,Armenia_2005,0,72,12,Defender,defender,NN,NN
1572,Armenia_2005,0,72,13,for,for,IN,IN
1573,Armenia_2005,0,72,14,the,the,DT,DT
1574,Armenia_2005,0,72,15,protection,protection,NN,NN
1575,Armenia_2005,0,72,16,of,of,IN,IN
1576,Armenia_2005,0,72,17,his/her,hisher,NN,NN
1577,Armenia_2005,0,72,18,rights,rights,NNS,NN
1578,Armenia_2005,0,72,19,and,and,CC,CC
1579,Armenia_2005,0,72,20,freedoms,freedoms,NNS,NN
1580,Armenia_2005,0,72,21,on,on,IN,IN
1581,Armenia_2005,0,72,22,the,the,DT,DT
1582,Armenia_2005,0,72,23,grounds,grounds,NNS,NN
1583,Armenia_2005,0,72,24,and,and,CC,CC
1584,Armenia_2005,0,72,25,in,in,IN,IN
1585,Armenia_2005,0,72,26,conformity,conformity,NN,NN
1586,Armenia_2005,0,72,27,with,with,IN,IN
1587,Armenia_2005,0,72,28,the,the,DT,DT
1588,Armenia_2005,0,72,29,procedure,procedure,NN,NN
1589,Armenia_2005,0,72,30,prescribed,prescribed,VBN,VB
1590,Armenia_2005,0,72,31,by,by,IN,IN
1591,Armenia_2005,0,72,32,law,law,NN,NN
1592,Armenia_2005,0,73,0,Everyone,everyone,NN,NN
1593,Armenia_2005,0,73,1,shall,shall,MD,MD
1594,Armenia_2005,0,73,2,in,in,IN,IN
1595,Armenia_2005,0,73,3,conformity,conformity,NN,NN
1596,Armenia_2005,0,73,4,with,with,IN,IN
1597,Armenia_2005,0,73,5,the,the,DT,DT
1598,Armenia_2005,0,73,6,international,international,JJ,JJ
1599,Armenia_2005,0,73,7,agreements,agreements,NNS,NN
1600,Armenia_2005,0,73,8,of,of,IN,IN
1601,Armenia_2005,0,73,9,the,the,DT,DT
1602,Armenia_2005,0,73,10,Republic,republic,NNP,NN
1603,Armenia_2005,0,73,11,of,of,IN,IN
1604,Armenia_2005,0,73,12,Armenia,armenia,NNP,NN
1605,Armenia_2005,0,73,13,be,be,VB,VB
1606,Armenia_2005,0,73,14,entitled,entitled,VBN,VB
1607,Armenia_2005,0,73,15,to,to,TO,TO
1608,Armenia_2005,0,73,16,apply,apply,VB,VB
1609,Armenia_2005,0,73,17,to,to,TO,TO
1610,Armenia_2005,0,73,18,the,the,DT,DT
1611,Armenia_2005,0,73,19,international,international,JJ,JJ
1612,Armenia_2005,0,73,20,institutions,institutions,NNS,NN
1613,Armenia_2005,0,73,21,protecting,protecting,VBG,VB
1614,Armenia_2005,0,73,22,human,human,JJ,JJ
1615,Armenia_2005,0,73,23,rights,rights,NNS,NN
1616,Armenia_2005,0,73,24,and,and,CC,CC
1617,Armenia_2005,0,73,25,freedoms,freedoms,NNS,NN
1618,Armenia_2005,0,73,26,to,to,TO,TO
1619,Armenia_2005,0,73,27,protect,protect,VB,VB
1620,Armenia_2005,0,73,28,his/her,hisher,NN,NN
1621,Armenia_2005,0,73,29,rights,rights,NNS,NN
1622,Armenia_2005,0,73,30,and,and,CC,CC
1623,Armenia_2005,0,73,31,freedoms,freedoms,NNS,NN
1624,Armenia_2005,0,74,0,Article,article,NN,NN
1625,Armenia_2005,0,74,1,19,19,CD,CD
1626,Armenia_2005,0,74,2,Share,share,NNP,NN
1627,Armenia_2005,0,74,3,Everyone,everyone,NNP,NN
1628,Armenia_2005,0,74,4,has,has,VBZ,VB
1629,Armenia_2005,0,74,5,a,a,DT,DT
1630,Armenia_2005,0,74,6,right,right,NN,NN
1631,Armenia_2005,0,74,7,to,to,TO,TO
1632,Armenia_2005,0,74,8,restore,restore,VB,VB
1633,Armenia_2005,0,74,9,his/her,hisher,RB,RB
1634,Armenia_2005,0,74,10,violated,violated,JJ,JJ
1635,Armenia_2005,0,74,11,rights,rights,NNS,NN
1636,Armenia_2005,0,74,13,and,and,CC,CC
1637,Armenia_2005,0,74,14,to,to,TO,TO
1638,Armenia_2005,0,74,15,reveal,reveal,VB,VB
1639,Armenia_2005,0,74,16,the,the,DT,DT
1640,Armenia_2005,0,74,17,grounds,grounds,NNS,NN
1641,Armenia_2005,0,74,18,of,of,IN,IN
1642,Armenia_2005,0,74,19,the,the,DT,DT
1643,Armenia_2005,0,74,20,charge,charge,NN,NN
1644,Armenia_2005,0,74,21,against,against,IN,IN
1645,Armenia_2005,0,74,22,him/her,himher,NN,NN
1646,Armenia_2005,0,74,23,in,in,IN,IN
1647,Armenia_2005,0,74,24,a,a,DT,DT
1648,Armenia_2005,0,74,25,fair,fair,JJ,JJ
1649,Armenia_2005,0,74,26,public,public,JJ,JJ
1650,Armenia_2005,0,74,27,hearing,hearing,NN,NN
1651,Armenia_2005,0,74,28,under,under,IN,IN
1652,Armenia_2005,0,74,29,the,the,DT,DT
1653,Armenia_2005,0,74,30,equal,equal,JJ,JJ
1654,Armenia_2005,0,74,31,protection,protection,NN,NN
1655,Armenia_2005,0,74,32,of,of,IN,IN
1656,Armenia_2005,0,74,33,the,the,DT,DT
1657,Armenia_2005,0,74,34,law,law,NN,NN
1658,Armenia_2005,0,74,35,and,and,CC,CC
1659,Armenia_2005,0,74,36,fulfilling,fulfilling,VBG,VB
1660,Armenia_2005,0,74,37,all,all,PDT,PD
1661,Armenia_2005,0,74,38,the,the,DT,DT
1662,Armenia_2005,0,74,39,demands,demands,NNS,NN
1663,Armenia_2005,0,74,40,of,of,IN,IN
1664,Armenia_2005,0,74,41,justice,justice,NN,NN
1665,Armenia_2005,0,74,42,within,within,IN,IN
1666,Armenia_2005,0,74,43,a,a,DT,DT
1667,Armenia_2005,0,74,44,reasonable,reasonable,JJ,JJ
1668,Armenia_2005,0,74,45,time,time,NN,NN
1669,Armenia_2005,0,74,46,by,by,IN,IN
1670,Armenia_2005,0,74,47,an,an,DT,DT
1671,Armenia_2005,0,74,48,independent,independent,JJ,JJ
1672,Armenia_2005,0,74,49,and,and,CC,CC
1673,Armenia_2005,0,74,50,impartial,impartial,JJ,JJ
1674,Armenia_2005,0,74,51,court,court,NN,NN
1675,Armenia_2005,0,75,0,The,the,DT,DT
1676,Armenia_2005,0,75,1,representatives,representatives,NNS,NN
1677,Armenia_2005,0,75,2,of,of,IN,IN
1678,Armenia_2005,0,75,3,the,the,DT,DT
1679,Armenia_2005,0,75,4,mass,mass,NN,NN
1680,Armenia_2005,0,75,5,media,media,NNS,NN
1681,Armenia_2005,0,75,6,and,and,CC,CC
1682,Armenia_2005,0,75,7,the,the,DT,DT
1683,Armenia_2005,0,75,8,public,public,NN,NN
1684,Armenia_2005,0,75,9,may,may,MD,MD
1685,Armenia_2005,0,75,10,be,be,VB,VB
1686,Armenia_2005,0,75,11,excluded,excluded,VBN,VB
1687,Armenia_2005,0,75,12,from,from,IN,IN
1688,Armenia_2005,0,75,13,all,all,DT,DT
1689,Armenia_2005,0,75,14,or,or,CC,CC
1690,Armenia_2005,0,75,15,part,part,NN,NN
1691,Armenia_2005,0,75,16,of,of,IN,IN
1692,Armenia_2005,0,75,17,the,the,DT,DT
1693,Armenia_2005,0,75,18,trial,trial,NN,NN
1694,Armenia_2005,0,75,19,in,in,IN,IN
1695,Armenia_2005,0,75,20,the,the,DT,DT
1696,Armenia_2005,0,75,21,interests,interests,NNS,NN
1697,Armenia_2005,0,75,22,of,of,IN,IN
1698,Armenia_2005,0,75,23,morals,morals,NNS,NN
1699,Armenia_2005,0,75,25,public,public,JJ,JJ
1700,Armenia_2005,0,75,26,order,order,NN,NN
1701,Armenia_2005,0,75,28,national,national,JJ,JJ
1702,Armenia_2005,0,75,29,security,security,NN,NN
1703,Armenia_2005,0,75,31,protection,protection,NN,NN
1704,Armenia_2005,0,75,32,of,of,IN,IN
1705,Armenia_2005,0,75,33,the,the,DT,DT
1706,Armenia_2005,0,75,34,private,private,JJ,JJ
1707,Armenia_2005,0,75,35,life,life,NN,NN
1708,Armenia_2005,0,75,36,of,of,IN,IN
1709,Armenia_2005,0,75,37,the,the,DT,DT
1710,Armenia_2005,0,75,38,parties,parties,NNS,NN
1711,Armenia_2005,0,75,39,to,to,TO,TO
1712,Armenia_2005,0,75,40,the,the,DT,DT
1713,Armenia_2005,0,75,41,case,case,NN,NN
1714,Armenia_2005,0,75,42,or,or,CC,CC
1715,Armenia_2005,0,75,43,administration,administration,NN,NN
1716,Armenia_2005,0,75,44,of,of,IN,IN
1717,Armenia_2005,0,75,45,justice,justice,NN,NN
1718,Armenia_2005,0,75,46,so,so,RB,RB
1719,Armenia_2005,0,75,47,require,require,RB,RB
1720,Armenia_2005,0,76,0,Article,article,NN,NN
1721,Armenia_2005,0,76,1,20,20,CD,CD
1722,Armenia_2005,0,76,2,Share,share,NNP,NN
1723,Armenia_2005,0,76,3,Everyone,everyone,NNP,NN
1724,Armenia_2005,0,76,4,shall,shall,MD,MD
1725,Armenia_2005,0,76,5,be,be,VB,VB
1726,Armenia_2005,0,76,6,entitled,entitled,VBN,VB
1727,Armenia_2005,0,76,7,to,to,TO,TO
1728,Armenia_2005,0,76,8,legal,legal,JJ,JJ
1729,Armenia_2005,0,76,9,assistance,assistance,NN,NN
1730,Armenia_2005,0,77,0,Legal,legal,JJ,JJ
1731,Armenia_2005,0,77,1,assistance,assistance,NN,NN
1732,Armenia_2005,0,77,2,shall,shall,MD,MD
1733,Armenia_2005,0,77,3,be,be,VB,VB
1734,Armenia_2005,0,77,4,provided,provided,VBN,VB
1735,Armenia_2005,0,77,5,to,to,TO,TO
1736,Armenia_2005,0,77,6,the,the,DT,DT
1737,Armenia_2005,0,77,7,defendant,defendant,NN,NN
1738,Armenia_2005,0,77,8,at,at,IN,IN
1739,Armenia_2005,0,77,9,the,the,DT,DT
1740,Armenia_2005,0,77,10,expense,expense,NN,NN
1741,Armenia_2005,0,77,11,of,of,IN,IN
1742,Armenia_2005,0,77,12,the,the,DT,DT
1743,Armenia_2005,0,77,13,State,state,NNP,NN
1744,Armenia_2005,0,77,14,resources,resources,NNS,NN
1745,Armenia_2005,0,77,15,in,in,IN,IN
1746,Armenia_2005,0,77,16,cases,cases,NNS,NN
1747,Armenia_2005,0,77,17,prescribed,prescribed,VBN,VB
1748,Armenia_2005,0,77,18,by,by,IN,IN
1749,Armenia_2005,0,77,19,law,law,NN,NN
1750,Armenia_2005,0,78,0,Everyone,everyone,NN,NN
1751,Armenia_2005,0,78,1,shall,shall,MD,MD
1752,Armenia_2005,0,78,2,have,have,VB,VB
1753,Armenia_2005,0,78,3,a,a,DT,DT
1754,Armenia_2005,0,78,4,right,right,NN,NN
1755,Armenia_2005,0,78,5,to,to,TO,TO
1756,Armenia_2005,0,78,6,legal,legal,JJ,JJ
1757,Armenia_2005,0,78,7,counsel,counsel,NN,NN
1758,Armenia_2005,0,78,8,of,of,IN,IN
1759,Armenia_2005,0,78,9,his/her,hisher,NN,NN
1760,Armenia_2005,0,78,10,choice,choice,NN,NN
1761,Armenia_2005,0,78,11,starting,starting,VBG,VB
1762,Armenia_2005,0,78,12,from,from,IN,IN
1763,Armenia_2005,0,78,13,the,the,DT,DT
1764,Armenia_2005,0,78,14,moment,moment,NN,NN
1765,Armenia_2005,0,78,15,of,of,IN,IN
1766,Armenia_2005,0,78,16,being,being,VBG,VB
1767,Armenia_2005,0,78,17,arrested,arrested,VBN,VB
1768,Armenia_2005,0,78,19,charged,charged,VBD,VB
1769,Armenia_2005,0,78,20,or,or,CC,CC
1770,Armenia_2005,0,78,21,detained,detained,VBN,VB
1771,Armenia_2005,0,79,0,Every,every,DT,DT
1772,Armenia_2005,0,79,1,convicted,convicted,VBN,VB
1773,Armenia_2005,0,79,2,person,person,NN,NN
1774,Armenia_2005,0,79,3,shall,shall,MD,MD
1775,Armenia_2005,0,79,4,have,have,VB,VB
1776,Armenia_2005,0,79,5,the,the,DT,DT
1777,Armenia_2005,0,79,6,right,right,NN,NN
1778,Armenia_2005,0,79,7,to,to,TO,TO
1779,Armenia_2005,0,79,8,appeal,appeal,VB,VB
1780,Armenia_2005,0,79,9,the,the,DT,DT
1781,Armenia_2005,0,79,10,judgment,judgment,NN,NN
1782,Armenia_2005,0,79,11,against,against,IN,IN
1783,Armenia_2005,0,79,12,him/her,himher,NN,NN
1784,Armenia_2005,0,79,13,to,to,TO,TO
1785,Armenia_2005,0,79,14,a,a,DT,DT
1786,Armenia_2005,0,79,15,higher,higher,JJR,JJ
1787,Armenia_2005,0,79,16,court,court,NN,NN
1788,Armenia_2005,0,80,0,Every,every,DT,DT
1789,Armenia_2005,0,80,1,convicted,convicted,VBN,VB
1790,Armenia_2005,0,80,2,person,person,NN,NN
1791,Armenia_2005,0,80,3,shall,shall,MD,MD
1792,Armenia_2005,0,80,4,have,have,VB,VB
1793,Armenia_2005,0,80,5,a,a,DT,DT
1794,Armenia_2005,0,80,6,right,right,NN,NN
1795,Armenia_2005,0,80,7,to,to,TO,TO
1796,Armenia_2005,0,80,8,request,request,VB,VB
1797,Armenia_2005,0,80,9,a,a,DT,DT
1798,Armenia_2005,0,80,10,pardon,pardon,NN,NN
1799,Armenia_2005,0,80,11,or,or,CC,CC
1800,Armenia_2005,0,80,12,a,a,DT,DT
1801,Armenia_2005,0,80,13,mitigation,mitigation,NN,NN
1802,Armenia_2005,0,80,14,of,of,IN,IN
1803,Armenia_2005,0,80,15,the,the,DT,DT
1804,Armenia_2005,0,80,16,punishment,punishment,NN,NN
1805,Armenia_2005,0,81,0,All,all,DT,DT
1806,Armenia_2005,0,81,1,damages,damages,NNS,NN
1807,Armenia_2005,0,81,2,incurred,incurred,VBN,VB
1808,Armenia_2005,0,81,3,by,by,IN,IN
1809,Armenia_2005,0,81,4,the,the,DT,DT
1810,Armenia_2005,0,81,5,victim,victim,NN,NN
1811,Armenia_2005,0,81,6,shall,shall,MD,MD
1812,Armenia_2005,0,81,7,be,be,VB,VB
1813,Armenia_2005,0,81,8,compensated,compensated,VBN,VB
1814,Armenia_2005,0,81,9,in,in,IN,IN
1815,Armenia_2005,0,81,10,conformity,conformity,NN,NN
1816,Armenia_2005,0,81,11,with,with,IN,IN
1817,Armenia_2005,0,81,12,the,the,DT,DT
1818,Armenia_2005,0,81,13,procedure,procedure,NN,NN
1819,Armenia_2005,0,81,14,prescribed,prescribed,VBN,VB
1820,Armenia_2005,0,81,15,by,by,IN,IN
1821,Armenia_2005,0,81,16,law,law,NN,NN
1822,Armenia_2005,0,82,0,Article,article,NN,NN
1823,Armenia_2005,0,82,1,21,21,CD,CD
1824,Armenia_2005,0,82,2,Share,share,NNP,NN
1825,Armenia_2005,0,82,3,Everyone,everyone,NNP,NN
1826,Armenia_2005,0,82,4,charged,charged,VBD,VB
1827,Armenia_2005,0,82,5,with,with,IN,IN
1828,Armenia_2005,0,82,6,a,a,DT,DT
1829,Armenia_2005,0,82,7,criminal,criminal,JJ,JJ
1830,Armenia_2005,0,82,8,offense,offense,NN,NN
1831,Armenia_2005,0,82,9,shall,shall,MD,MD
1832,Armenia_2005,0,82,10,be,be,VB,VB
1833,Armenia_2005,0,82,11,presumed,presumed,VBN,VB
1834,Armenia_2005,0,82,12,innocent,innocent,JJ,JJ
1835,Armenia_2005,0,82,13,until,until,IN,IN
1836,Armenia_2005,0,82,14,proven,proven,RB,RB
1837,Armenia_2005,0,82,15,guilty,guilty,JJ,JJ
1838,Armenia_2005,0,82,16,by,by,IN,IN
1839,Armenia_2005,0,82,17,a,a,DT,DT
1840,Armenia_2005,0,82,18,court,court,NN,NN
1841,Armenia_2005,0,82,19,judgment,judgment,NN,NN
1842,Armenia_2005,0,82,20,lawfully,lawfully,RB,RB
1843,Armenia_2005,0,82,21,entered,entered,VBD,VB
1844,Armenia_2005,0,82,22,into,into,IN,IN
1845,Armenia_2005,0,82,23,force,force,NN,NN
1846,Armenia_2005,0,82,24,as,as,IN,IN
1847,Armenia_2005,0,82,25,prescribed,prescribed,VBN,VB
1848,Armenia_2005,0,82,26,by,by,IN,IN
1849,Armenia_2005,0,82,27,law,law,NN,NN
1850,Armenia_2005,0,83,0,The,the,DT,DT
1851,Armenia_2005,0,83,1,defendant,defendant,NN,NN
1852,Armenia_2005,0,83,2,shall,shall,MD,MD
1853,Armenia_2005,0,83,3,not,not,RB,RB
1854,Armenia_2005,0,83,4,be,be,VB,VB
1855,Armenia_2005,0,83,5,obliged,obliged,VBN,VB
1856,Armenia_2005,0,83,6,to,to,TO,TO
1857,Armenia_2005,0,83,7,prove,prove,VB,VB
1858,Armenia_2005,0,83,8,his/her,hisher,JJR,JJ
1859,Armenia_2005,0,83,9,innocence,innocence,NN,NN
1860,Armenia_2005,0,84,0,The,the,DT,DT
1861,Armenia_2005,0,84,1,remaining,remaining,VBG,VB
1862,Armenia_2005,0,84,2,suspicions,suspicions,NNS,NN
1863,Armenia_2005,0,84,3,shall,shall,MD,MD
1864,Armenia_2005,0,84,4,be,be,VB,VB
1865,Armenia_2005,0,84,5,interpreted,interpreted,VBN,VB
1866,Armenia_2005,0,84,6,in,in,IN,IN
1867,Armenia_2005,0,84,7,favor,favor,NN,NN
1868,Armenia_2005,0,84,8,of,of,IN,IN
1869,Armenia_2005,0,84,9,the,the,DT,DT
1870,Armenia_2005,0,84,10,defendant,defendant,NN,NN
1871,Armenia_2005,0,85,0,Article,article,NN,NN
1872,Armenia_2005,0,85,1,22,22,CD,CD
1873,Armenia_2005,0,85,2,Share,share,NNP,NN
1874,Armenia_2005,0,85,3,No,no,NNP,NN
1875,Armenia_2005,0,85,4,one,one,PRP,PR
1876,Armenia_2005,0,85,5,shall,shall,MD,MD
1877,Armenia_2005,0,85,6,be,be,VB,VB
1878,Armenia_2005,0,85,7,obliged,obliged,VBN,VB
1879,Armenia_2005,0,85,8,to,to,TO,TO
1880,Armenia_2005,0,85,9,testify,testify,VB,VB
1881,Armenia_2005,0,85,10,about,about,IN,IN
1882,Armenia_2005,0,85,11,himself/herself,himselfherself,PRP,PR
1883,Armenia_2005,0,85,13,his/her,hisher,RB,RB
1884,Armenia_2005,0,85,14,spouse,spouse,NN,NN
1885,Armenia_2005,0,85,15,and,and,CC,CC
1886,Armenia_2005,0,85,16,close,close,JJ,JJ
1887,Armenia_2005,0,85,17,relatives,relatives,NNS,NN
1888,Armenia_2005,0,86,0,The,the,DT,DT
1889,Armenia_2005,0,86,1,law,law,NN,NN
1890,Armenia_2005,0,86,2,may,may,MD,MD
1891,Armenia_2005,0,86,3,prescribe,prescribe,VB,VB
1892,Armenia_2005,0,86,4,other,other,JJ,JJ
1893,Armenia_2005,0,86,5,cases,cases,NNS,NN
1894,Armenia_2005,0,86,6,of,of,IN,IN
1895,Armenia_2005,0,86,7,release,release,NN,NN
1896,Armenia_2005,0,86,8,from,from,IN,IN
1897,Armenia_2005,0,86,9,the,the,DT,DT
1898,Armenia_2005,0,86,10,obligation,obligation,NN,NN
1899,Armenia_2005,0,86,11,to,to,TO,TO
1900,Armenia_2005,0,86,12,testify,testify,VB,VB
1901,Armenia_2005,0,87,0,The,the,DT,DT
1902,Armenia_2005,0,87,1,use,use,NN,NN
1903,Armenia_2005,0,87,2,of,of,IN,IN
1904,Armenia_2005,0,87,3,illegally,illegally,RB,RB
1905,Armenia_2005,0,87,4,obtained,obtained,VBN,VB
1906,Armenia_2005,0,87,5,evidence,evidence,NN,NN
1907,Armenia_2005,0,87,6,is,is,VBZ,VB
1908,Armenia_2005,0,87,7,prohibited,prohibited,VBN,VB
1909,Armenia_2005,0,88,0,The,the,DT,DT
1910,Armenia_2005,0,88,1,imposition,imposition,NN,NN
1911,Armenia_2005,0,88,2,of,of,IN,IN
1912,Armenia_2005,0,88,3,a,a,DT,DT
1913,Armenia_2005,0,88,4,heavier,heavier,JJR,JJ
1914,Armenia_2005,0,88,5,punishment,punishment,NN,NN
1915,Armenia_2005,0,88,6,than,than,IN,IN
1916,Armenia_2005,0,88,7,the,the,DT,DT
1917,Armenia_2005,0,88,8,one,one,NN,NN
1918,Armenia_2005,0,88,9,in,in,IN,IN
1919,Armenia_2005,0,88,10,effect,effect,NN,NN
1920,Armenia_2005,0,88,11,at,at,IN,IN
1921,Armenia_2005,0,88,12,the,the,DT,DT
1922,Armenia_2005,0,88,13,time,time,NN,NN
1923,Armenia_2005,0,88,14,when,when,WRB,WR
1924,Armenia_2005,0,88,15,the,the,DT,DT
1925,Armenia_2005,0,88,16,crime,crime,NN,NN
1926,Armenia_2005,0,88,17,was,was,VBD,VB
1927,Armenia_2005,0,88,18,committed,committed,VBN,VB
1928,Armenia_2005,0,88,19,shall,shall,MD,MD
1929,Armenia_2005,0,88,20,be,be,VB,VB
1930,Armenia_2005,0,88,21,prohibited,prohibited,VBN,VB
1931,Armenia_2005,0,89,0,No,no,DT,DT
1932,Armenia_2005,0,89,1,one,one,CD,CD
1933,Armenia_2005,0,89,2,shall,shall,MD,MD
1934,Armenia_2005,0,89,3,be,be,VB,VB
1935,Armenia_2005,0,89,4,held,held,VBN,VB
1936,Armenia_2005,0,89,5,guilty,guilty,JJ,JJ
1937,Armenia_2005,0,89,6,for,for,IN,IN
1938,Armenia_2005,0,89,7,a,a,DT,DT
1939,Armenia_2005,0,89,8,crime,crime,NN,NN
1940,Armenia_2005,0,89,9,on,on,IN,IN
1941,Armenia_2005,0,89,10,account,account,NN,NN
1942,Armenia_2005,0,89,11,of,of,IN,IN
1943,Armenia_2005,0,89,12,any,any,DT,DT
1944,Armenia_2005,0,89,13,act,act,NN,NN
1945,Armenia_2005,0,89,14,which,which,WDT,WD
1946,Armenia_2005,0,89,15,did,did,VBD,VB
1947,Armenia_2005,0,89,16,not,not,RB,RB
1948,Armenia_2005,0,89,17,constitute,constitute,VB,VB
1949,Armenia_2005,0,89,18,a,a,DT,DT
1950,Armenia_2005,0,89,19,crime,crime,NN,NN
1951,Armenia_2005,0,89,20,under,under,IN,IN
1952,Armenia_2005,0,89,21,the,the,DT,DT
1953,Armenia_2005,0,89,22,law,law,NN,NN
1954,Armenia_2005,0,89,23,at,at,IN,IN
1955,Armenia_2005,0,89,24,the,the,DT,DT
1956,Armenia_2005,0,89,25,time,time,NN,NN
1957,Armenia_2005,0,89,26,when,when,WRB,WR
1958,Armenia_2005,0,89,27,it,it,PRP,PR
1959,Armenia_2005,0,89,28,was,was,VBD,VB
1960,Armenia_2005,0,89,29,committed,committed,VBN,VB
1961,Armenia_2005,0,90,0,The,the,DT,DT
1962,Armenia_2005,0,90,1,law,law,NN,NN
1963,Armenia_2005,0,90,2,eliminating,eliminating,VBG,VB
1964,Armenia_2005,0,90,3,or,or,CC,CC
1965,Armenia_2005,0,90,4,mitigating,mitigating,VBG,VB
1966,Armenia_2005,0,90,5,the,the,DT,DT
1967,Armenia_2005,0,90,6,penalty,penalty,NN,NN
1968,Armenia_2005,0,90,7,for,for,IN,IN
1969,Armenia_2005,0,90,8,the,the,DT,DT
1970,Armenia_2005,0,90,9,offense,offense,NN,NN
1971,Armenia_2005,0,90,10,shall,shall,MD,MD
1972,Armenia_2005,0,90,11,be,be,VB,VB
1973,Armenia_2005,0,90,12,retroactive,retroactive,JJ,JJ
1974,Armenia_2005,0,91,0,The,the,DT,DT
1975,Armenia_2005,0,91,1,law,law,NN,NN
1976,Armenia_2005,0,91,2,prescribing,prescribing,NN,NN
1977,Armenia_2005,0,91,3,or,or,CC,CC
1978,Armenia_2005,0,91,4,increasing,increasing,VBG,VB
1979,Armenia_2005,0,91,5,liability,liability,NN,NN
1980,Armenia_2005,0,91,6,shall,shall,MD,MD
1981,Armenia_2005,0,91,7,not,not,RB,RB
1982,Armenia_2005,0,91,8,be,be,VB,VB
1983,Armenia_2005,0,91,9,retroactive,retroactive,JJ,JJ
1984,Armenia_2005,0,92,0,No,no,DT,DT
1985,Armenia_2005,0,92,1,one,one,CD,CD
1986,Armenia_2005,0,92,2,shall,shall,MD,MD
1987,Armenia_2005,0,92,3,be,be,VB,VB
1988,Armenia_2005,0,92,4,tried,tried,VBN,VB
1989,Armenia_2005,0,92,5,twice,twice,RB,RB
1990,Armenia_2005,0,92,6,for,for,IN,IN
1991,Armenia_2005,0,92,7,the,the,DT,DT
1992,Armenia_2005,0,92,8,same,same,JJ,JJ
1993,Armenia_2005,0,92,9,act,act,NN,NN
1994,Armenia_2005,0,93,0,Article,article,NN,NN
1995,Armenia_2005,0,93,1,23,23,CD,CD
1996,Armenia_2005,0,93,2,Share,share,NNP,NN
1997,Armenia_2005,0,93,3,Everyone,everyone,NNP,NN
1998,Armenia_2005,0,93,4,shall,shall,MD,MD
1999,Armenia_2005,0,93,5,have,have,VB,VB
2000,Armenia_2005,0,93,6,the,the,DT,DT
2001,Armenia_2005,0,93,7,right,right,NN,NN
2002,Armenia_2005,0,93,8,to,to,TO,TO
2003,Armenia_2005,0,93,9,respect,respect,VB,VB
2004,Armenia_2005,0,93,10,for,for,IN,IN
2005,Armenia_2005,0,93,11,his,his,PRP$,PR
2006,Armenia_2005,0,93,12,private,private,JJ,JJ
2007,Armenia_2005,0,93,13,and,and,CC,CC
2008,Armenia_2005,0,93,14,family,family,NN,NN
2009,Armenia_2005,0,93,15,life,life,NN,NN
2010,Armenia_2005,0,94,0,No,no,DT,DT
2011,Armenia_2005,0,94,1,information,information,NN,NN
2012,Armenia_2005,0,94,3,other,other,JJ,JJ
2013,Armenia_2005,0,94,4,than,than,IN,IN
2014,Armenia_2005,0,94,5,that,that,DT,DT
2015,Armenia_2005,0,94,6,provided,provided,VBD,VB
2016,Armenia_2005,0,94,7,for,for,IN,IN
2017,Armenia_2005,0,94,8,by,by,IN,IN
2018,Armenia_2005,0,94,9,law,law,NN,NN
2019,Armenia_2005,0,94,11,may,may,MD,MD
2020,Armenia_2005,0,94,12,be,be,VB,VB
2021,Armenia_2005,0,94,13,collected,collected,VBN,VB
2022,Armenia_2005,0,94,15,kept,kept,VBD,VB
2023,Armenia_2005,0,94,17,used,used,VBD,VB
2024,Armenia_2005,0,94,18,and,and,CC,CC
2025,Armenia_2005,0,94,19,disseminated,disseminated,VBD,VB
2026,Armenia_2005,0,94,20,about,about,IN,IN
2027,Armenia_2005,0,94,21,any,any,DT,DT
2028,Armenia_2005,0,94,22,person,person,NN,NN
2029,Armenia_2005,0,94,23,without,without,IN,IN
2030,Armenia_2005,0,94,24,his/her,hisher,NN,NN
2031,Armenia_2005,0,94,25,agreeing,agreeing,VBG,VB
2032,Armenia_2005,0,94,26,thereto,thereto,NN,NN
2033,Armenia_2005,0,95,0,It,it,PRP,PR
2034,Armenia_2005,0,95,1,shall,shall,MD,MD
2035,Armenia_2005,0,95,2,be,be,VB,VB
2036,Armenia_2005,0,95,3,prohibited,prohibited,VBN,VB
2037,Armenia_2005,0,95,4,to,to,TO,TO
2038,Armenia_2005,0,95,5,use,use,VB,VB
2039,Armenia_2005,0,95,6,or,or,CC,CC
2040,Armenia_2005,0,95,7,disseminate,disseminate,VB,VB
2041,Armenia_2005,0,95,8,information,information,NN,NN
2042,Armenia_2005,0,95,9,about,about,IN,IN
2043,Armenia_2005,0,95,10,a,a,DT,DT
2044,Armenia_2005,0,95,11,person,person,NN,NN
2045,Armenia_2005,0,95,12,if,if,IN,IN
2046,Armenia_2005,0,95,13,it,it,PRP,PR
2047,Armenia_2005,0,95,14,contradicts,contradicts,VBZ,VB
2048,Armenia_2005,0,95,15,the,the,DT,DT
2049,Armenia_2005,0,95,16,purposes,purposes,NNS,NN
2050,Armenia_2005,0,95,17,of,of,IN,IN
2051,Armenia_2005,0,95,18,collection,collection,NN,NN
2052,Armenia_2005,0,95,19,or,or,CC,CC
2053,Armenia_2005,0,95,20,is,is,VBZ,VB
2054,Armenia_2005,0,95,21,not,not,RB,RB
2055,Armenia_2005,0,95,22,provided,provided,VBN,VB
2056,Armenia_2005,0,95,23,for,for,IN,IN
2057,Armenia_2005,0,95,24,by,by,IN,IN
2058,Armenia_2005,0,95,25,law,law,NN,NN
2059,Armenia_2005,0,96,0,Everyone,everyone,NN,NN
2060,Armenia_2005,0,96,1,shall,shall,MD,MD
2061,Armenia_2005,0,96,2,be,be,VB,VB
2062,Armenia_2005,0,96,3,entitled,entitled,VBN,VB
2063,Armenia_2005,0,96,4,to,to,TO,TO
2064,Armenia_2005,0,96,5,the,the,DT,DT
2065,Armenia_2005,0,96,6,right,right,NN,NN
2066,Armenia_2005,0,96,7,to,to,TO,TO
2067,Armenia_2005,0,96,8,be,be,VB,VB
2068,Armenia_2005,0,96,9,acquainted,acquainted,VBN,VB
2069,Armenia_2005,0,96,10,with,with,IN,IN
2070,Armenia_2005,0,96,11,the,the,DT,DT
2071,Armenia_2005,0,96,12,official,official,JJ,JJ
2072,Armenia_2005,0,96,13,information,information,NN,NN
2073,Armenia_2005,0,96,14,about,about,IN,IN
2074,Armenia_2005,0,96,15,himself/herself,himselfherself,NN,NN
2075,Armenia_2005,0,96,16,and,and,CC,CC
2076,Armenia_2005,0,96,17,in,in,IN,IN
2077,Armenia_2005,0,96,18,the,the,DT,DT
2078,Armenia_2005,0,96,19,possession,possession,NN,NN
2079,Armenia_2005,0,96,20,of,of,IN,IN
2080,Armenia_2005,0,96,21,governmental,governmental,NN,NN
2081,Armenia_2005,0,96,22,or,or,CC,CC
2082,Armenia_2005,0,96,23,local,local,JJ,JJ
2083,Armenia_2005,0,96,24,self-administration,selfadministration,NN,NN
2084,Armenia_2005,0,96,25,bodies,bodies,NNS,NN
2085,Armenia_2005,0,97,0,Everyone,everyone,NN,NN
2086,Armenia_2005,0,97,1,shall,shall,MD,MD
2087,Armenia_2005,0,97,2,have,have,VB,VB
2088,Armenia_2005,0,97,3,the,the,DT,DT
2089,Armenia_2005,0,97,4,right,right,NN,NN
2090,Armenia_2005,0,97,5,of,of,IN,IN
2091,Armenia_2005,0,97,6,the,the,DT,DT
2092,Armenia_2005,0,97,7,correction,correction,NN,NN
2093,Armenia_2005,0,97,8,of,of,IN,IN
2094,Armenia_2005,0,97,9,inaccurate,inaccurate,JJ,JJ
2095,Armenia_2005,0,97,10,information,information,NN,NN
2096,Armenia_2005,0,97,12,and,and,CC,CC
2097,Armenia_2005,0,97,13,the,the,DT,DT
2098,Armenia_2005,0,97,14,elimination,elimination,NN,NN
2099,Armenia_2005,0,97,15,of,of,IN,IN
2100,Armenia_2005,0,97,16,illegally,illegally,RB,RB
2101,Armenia_2005,0,97,17,obtained,obtained,VBN,VB
2102,Armenia_2005,0,97,18,information,information,NN,NN
2103,Armenia_2005,0,97,19,about,about,IN,IN
2104,Armenia_2005,0,97,20,himself/herself,himselfherself,NN,NN
2105,Armenia_2005,0,98,0,Everyone,everyone,NN,NN
2106,Armenia_2005,0,98,1,shall,shall,MD,MD
2107,Armenia_2005,0,98,2,have,have,VB,VB
2108,Armenia_2005,0,98,3,the,the,DT,DT
2109,Armenia_2005,0,98,4,right,right,NN,NN
2110,Armenia_2005,0,98,5,to,to,TO,TO
2111,Armenia_2005,0,98,6,the,the,DT,DT
2112,Armenia_2005,0,98,7,privacy,privacy,NN,NN
2113,Armenia_2005,0,98,8,of,of,IN,IN
2114,Armenia_2005,0,98,9,correspondence,correspondence,NN,NN
2115,Armenia_2005,0,98,11,telephone,telephone,NN,NN
2116,Armenia_2005,0,98,12,conversations,conversations,NNS,NN
2117,Armenia_2005,0,98,14,mail,mail,NN,NN
2118,Armenia_2005,0,98,16,telegraph,telegraph,NN,NN
2119,Armenia_2005,0,98,17,and,and,CC,CC
2120,Armenia_2005,0,98,18,other,other,JJ,JJ
2121,Armenia_2005,0,98,19,communications,communications,NNS,NN
2122,Armenia_2005,0,98,21,which,which,WDT,WD
2123,Armenia_2005,0,98,22,shall,shall,MD,MD
2124,Armenia_2005,0,98,23,be,be,VB,VB
2125,Armenia_2005,0,98,24,restricted,restricted,VBN,VB
2126,Armenia_2005,0,98,25,only,only,RB,RB
2127,Armenia_2005,0,98,26,by,by,IN,IN
2128,Armenia_2005,0,98,27,court,court,NN,NN
2129,Armenia_2005,0,98,28,decision,decision,NN,NN
2130,Armenia_2005,0,98,29,in,in,IN,IN
2131,Armenia_2005,0,98,30,cases,cases,NNS,NN
2132,Armenia_2005,0,98,31,and,and,CC,CC
2133,Armenia_2005,0,98,32,in,in,IN,IN
2134,Armenia_2005,0,98,33,conformity,conformity,NN,NN
2135,Armenia_2005,0,98,34,with,with,IN,IN
2136,Armenia_2005,0,98,35,the,the,DT,DT
2137,Armenia_2005,0,98,36,procedures,procedures,NNS,NN
2138,Armenia_2005,0,98,37,prescribed,prescribed,VBN,VB
2139,Armenia_2005,0,98,38,by,by,IN,IN
2140,Armenia_2005,0,98,39,law,law,NN,NN
2141,Armenia_2005,0,99,0,Article,article,NN,NN
2142,Armenia_2005,0,99,1,24,24,CD,CD
2143,Armenia_2005,0,99,2,Share,share,NNP,NN
2144,Armenia_2005,0,99,3,Everyone,everyone,NNP,NN
2145,Armenia_2005,0,99,4,shall,shall,MD,MD
2146,Armenia_2005,0,99,5,have,have,VB,VB
2147,Armenia_2005,0,99,6,the,the,DT,DT
2148,Armenia_2005,0,99,7,right,right,NN,NN
2149,Armenia_2005,0,99,8,of,of,IN,IN
2150,Armenia_2005,0,99,9,inviolability,inviolability,NN,NN
2151,Armenia_2005,0,99,10,of,of,IN,IN
2152,Armenia_2005,0,99,11,the,the,DT,DT
2153,Armenia_2005,0,99,12,residence,residence,NN,NN
2154,Armenia_2005,0,100,0,Breaking,breaking,VBG,VB
2155,Armenia_2005,0,100,1,into,into,IN,IN
2156,Armenia_2005,0,100,2,a,a,DT,DT
2157,Armenia_2005,0,100,3,person,person,NN,NN
2158,Armenia_2005,0,100,4,'s,s,POS,PO
2159,Armenia_2005,0,100,5,residence,residence,NN,NN
2160,Armenia_2005,0,100,6,against,against,IN,IN
2161,Armenia_2005,0,100,7,his/her,hisher,NN,NN
2162,Armenia_2005,0,100,8,will,will,MD,MD
2163,Armenia_2005,0,100,9,shall,shall,MD,MD
2164,Armenia_2005,0,100,10,be,be,VB,VB
2165,Armenia_2005,0,100,11,prohibited,prohibited,VBN,VB
2166,Armenia_2005,0,100,12,save,save,NN,NN
2167,Armenia_2005,0,100,13,in,in,IN,IN
2168,Armenia_2005,0,100,14,cases,cases,NNS,NN
2169,Armenia_2005,0,100,15,prescribed,prescribed,VBN,VB
2170,Armenia_2005,0,100,16,by,by,IN,IN
2171,Armenia_2005,0,100,17,law,law,NN,NN
2172,Armenia_2005,0,101,0,The,the,DT,DT
2173,Armenia_2005,0,101,1,place,place,NN,NN
2174,Armenia_2005,0,101,2,of,of,IN,IN
2175,Armenia_2005,0,101,3,residence,residence,NN,NN
2176,Armenia_2005,0,101,4,can,can,MD,MD
2177,Armenia_2005,0,101,5,be,be,VB,VB
2178,Armenia_2005,0,101,6,searched,searched,VBN,VB
2179,Armenia_2005,0,101,7,only,only,RB,RB
2180,Armenia_2005,0,101,8,by,by,IN,IN
2181,Armenia_2005,0,101,9,a,a,DT,DT
2182,Armenia_2005,0,101,10,decision,decision,NN,NN
2183,Armenia_2005,0,101,11,of,of,IN,IN
2184,Armenia_2005,0,101,12,the,the,DT,DT
2185,Armenia_2005,0,101,13,court,court,NN,NN
2186,Armenia_2005,0,101,14,in,in,IN,IN
2187,Armenia_2005,0,101,15,cases,cases,NNS,NN
2188,Armenia_2005,0,101,16,and,and,CC,CC
2189,Armenia_2005,0,101,17,in,in,IN,IN
2190,Armenia_2005,0,101,18,conformity,conformity,NN,NN
2191,Armenia_2005,0,101,19,with,with,IN,IN
2192,Armenia_2005,0,101,20,the,the,DT,DT
2193,Armenia_2005,0,101,21,procedures,procedures,NNS,NN
2194,Armenia_2005,0,101,22,prescribed,prescribed,VBN,VB
2195,Armenia_2005,0,101,23,by,by,IN,IN
2196,Armenia_2005,0,101,24,law,law,NN,NN
2197,Armenia_2005,0,102,0,Article,article,NN,NN
2198,Armenia_2005,0,102,1,25,25,CD,CD
2199,Armenia_2005,0,102,2,Share,share,NNP,NN
2200,Armenia_2005,0,102,3,Anyone,anyone,NNP,NN
2201,Armenia_2005,0,102,4,legally,legally,RB,RB
2202,Armenia_2005,0,102,5,residing,residing,VBG,VB
2203,Armenia_2005,0,102,6,in,in,IN,IN
2204,Armenia_2005,0,102,7,the,the,DT,DT
2205,Armenia_2005,0,102,8,Republic,republic,NNP,NN
2206,Armenia_2005,0,102,9,of,of,IN,IN
2207,Armenia_2005,0,102,10,Armenia,armenia,NNP,NN
2208,Armenia_2005,0,102,11,shall,shall,MD,MD
2209,Armenia_2005,0,102,12,have,have,VB,VB
2210,Armenia_2005,0,102,13,the,the,DT,DT
2211,Armenia_2005,0,102,14,right,right,NN,NN
2212,Armenia_2005,0,102,15,to,to,TO,TO
2213,Armenia_2005,0,102,16,the,the,DT,DT
2214,Armenia_2005,0,102,17,freedom,freedom,NN,NN
2215,Armenia_2005,0,102,18,of,of,IN,IN
2216,Armenia_2005,0,102,19,movement,movement,NN,NN
2217,Armenia_2005,0,102,20,and,and,CC,CC
2218,Armenia_2005,0,102,21,residence,residence,NN,NN
2219,Armenia_2005,0,102,22,within,within,IN,IN
2220,Armenia_2005,0,102,23,the,the,DT,DT
2221,Armenia_2005,0,102,24,territory,territory,NN,NN
2222,Armenia_2005,0,102,25,of,of,IN,IN
2223,Armenia_2005,0,102,26,the,the,DT,DT
2224,Armenia_2005,0,102,27,Republic,republic,NNP,NN
2225,Armenia_2005,0,102,28,of,of,IN,IN
2226,Armenia_2005,0,102,29,Armenia,armenia,NNP,NN
2227,Armenia_2005,0,103,0,Everyone,everyone,NN,NN
2228,Armenia_2005,0,103,1,shall,shall,MD,MD
2229,Armenia_2005,0,103,2,have,have,VB,VB
2230,Armenia_2005,0,103,3,a,a,DT,DT
2231,Armenia_2005,0,103,4,right,right,NN,NN
2232,Armenia_2005,0,103,5,to,to,TO,TO
2233,Armenia_2005,0,103,6,leave,leave,VB,VB
2234,Armenia_2005,0,103,7,the,the,DT,DT
2235,Armenia_2005,0,103,8,Republic,republic,NNP,NN
2236,Armenia_2005,0,103,9,of,of,IN,IN
2237,Armenia_2005,0,103,10,Armenia,armenia,NNP,NN
2238,Armenia_2005,0,104,0,The,the,DT,DT
2239,Armenia_2005,0,104,1,citizens,citizens,NNS,NN
2240,Armenia_2005,0,104,2,of,of,IN,IN
2241,Armenia_2005,0,104,3,the,the,DT,DT
2242,Armenia_2005,0,104,4,Republic,republic,NNP,NN
2243,Armenia_2005,0,104,5,of,of,IN,IN
2244,Armenia_2005,0,104,6,Armenia,armenia,NNP,NN
2245,Armenia_2005,0,104,7,and,and,CC,CC
2246,Armenia_2005,0,104,8,any,any,DT,DT
2247,Armenia_2005,0,104,9,person,person,NN,NN
2248,Armenia_2005,0,104,10,who,who,WP,WP
2249,Armenia_2005,0,104,11,has,has,VBZ,VB
2250,Armenia_2005,0,104,12,the,the,DT,DT
2251,Armenia_2005,0,104,13,right,right,NN,NN
2252,Armenia_2005,0,104,14,to,to,TO,TO
2253,Armenia_2005,0,104,15,reside,reside,VB,VB
2254,Armenia_2005,0,104,16,in,in,IN,IN
2255,Armenia_2005,0,104,17,the,the,DT,DT
2256,Armenia_2005,0,104,18,Republic,republic,NNP,NN
2257,Armenia_2005,0,104,19,of,of,IN,IN
2258,Armenia_2005,0,104,20,Armenia,armenia,NNP,NN
2259,Armenia_2005,0,104,21,shall,shall,MD,MD
2260,Armenia_2005,0,104,22,have,have,VB,VB
2261,Armenia_2005,0,104,23,the,the,DT,DT
2262,Armenia_2005,0,104,24,right,right,NN,NN
2263,Armenia_2005,0,104,25,to,to,TO,TO
2264,Armenia_2005,0,104,26,return,return,VB,VB
2265,Armenia_2005,0,104,27,to,to,TO,TO
2266,Armenia_2005,0,104,28,the,the,DT,DT
2267,Armenia_2005,0,104,29,Republic,republic,NNP,NN
2268,Armenia_2005,0,104,30,of,of,IN,IN
2269,Armenia_2005,0,104,31,Armenia,armenia,NNP,NN
2270,Armenia_2005,0,105,0,Article,article,NN,NN
2271,Armenia_2005,0,105,1,26,26,CD,CD
2272,Armenia_2005,0,105,2,Share,share,NNP,NN
2273,Armenia_2005,0,105,3,Everyone,everyone,NNP,NN
2274,Armenia_2005,0,105,4,shall,shall,MD,MD
2275,Armenia_2005,0,105,5,have,have,VB,VB
2276,Armenia_2005,0,105,6,the,the,DT,DT
2277,Armenia_2005,0,105,7,right,right,NN,NN
2278,Armenia_2005,0,105,8,to,to,TO,TO
2279,Armenia_2005,0,105,9,freedom,freedom,NN,NN
2280,Armenia_2005,0,105,10,of,of,IN,IN
2281,Armenia_2005,0,105,11,thought,thought,NN,NN
2282,Armenia_2005,0,105,13,conscience,conscience,NN,NN
2283,Armenia_2005,0,105,14,and,and,CC,CC
2284,Armenia_2005,0,105,15,religion,religion,NN,NN
2285,Armenia_2005,0,106,0,This,this,DT,DT
2286,Armenia_2005,0,106,1,right,right,NN,NN
2287,Armenia_2005,0,106,2,includes,includes,VBZ,VB
2288,Armenia_2005,0,106,3,the,the,DT,DT
2289,Armenia_2005,0,106,4,freedom,freedom,NN,NN
2290,Armenia_2005,0,106,5,to,to,TO,TO
2291,Armenia_2005,0,106,6,change,change,VB,VB
2292,Armenia_2005,0,106,7,religions,religions,NNS,NN
2293,Armenia_2005,0,106,8,or,or,CC,CC
2294,Armenia_2005,0,106,9,beliefs,beliefs,NNS,NN
2295,Armenia_2005,0,106,11,and,and,CC,CC
2296,Armenia_2005,0,106,12,the,the,DT,DT
2297,Armenia_2005,0,106,13,freedom,freedom,NN,NN
2298,Armenia_2005,0,106,14,to,to,TO,TO
2299,Armenia_2005,0,106,15,preach,preach,VB,VB
2300,Armenia_2005,0,106,16,and,and,CC,CC
2301,Armenia_2005,0,106,17,express,express,VB,VB
2302,Armenia_2005,0,106,18,these,these,DT,DT
2303,Armenia_2005,0,106,19,beliefs,beliefs,NNS,NN
2304,Armenia_2005,0,106,20,through,through,IN,IN
2305,Armenia_2005,0,106,21,church,church,NN,NN
2306,Armenia_2005,0,106,22,ceremonies,ceremonies,NNS,NN
2307,Armenia_2005,0,106,23,and,and,CC,CC
2308,Armenia_2005,0,106,24,other,other,JJ,JJ
2309,Armenia_2005,0,106,25,worship,worship,NN,NN
2310,Armenia_2005,0,106,26,rituals,rituals,NNS,NN
2311,Armenia_2005,0,106,27,in,in,IN,IN
2312,Armenia_2005,0,106,28,a,a,DT,DT
2313,Armenia_2005,0,106,29,public,public,JJ,JJ
2314,Armenia_2005,0,106,30,or,or,CC,CC
2315,Armenia_2005,0,106,31,private,private,JJ,JJ
2316,Armenia_2005,0,106,32,manner,manner,NN,NN
2317,Armenia_2005,0,106,34,alone,alone,RB,RB
2318,Armenia_2005,0,106,35,as,as,RB,RB
2319,Armenia_2005,0,106,36,well,well,RB,RB
2320,Armenia_2005,0,106,37,as,as,IN,IN
2321,Armenia_2005,0,106,38,with,with,IN,IN
2322,Armenia_2005,0,106,39,others,others,NNS,NN
2323,Armenia_2005,0,107,0,Expression,expression,NN,NN
2324,Armenia_2005,0,107,1,of,of,IN,IN
2325,Armenia_2005,0,107,2,this,this,DT,DT
2326,Armenia_2005,0,107,3,right,right,NN,NN
2327,Armenia_2005,0,107,4,can,can,MD,MD
2328,Armenia_2005,0,107,5,be,be,VB,VB
2329,Armenia_2005,0,107,6,restricted,restricted,VBN,VB
2330,Armenia_2005,0,107,7,only,only,RB,RB
2331,Armenia_2005,0,107,8,by,by,IN,IN
2332,Armenia_2005,0,107,9,law,law,NN,NN
2333,Armenia_2005,0,107,11,if,if,IN,IN
2334,Armenia_2005,0,107,12,it,it,PRP,PR
2335,Armenia_2005,0,107,13,is,is,VBZ,VB
2336,Armenia_2005,0,107,14,necessary,necessary,JJ,JJ
2337,Armenia_2005,0,107,15,for,for,IN,IN
2338,Armenia_2005,0,107,16,public,public,JJ,JJ
2339,Armenia_2005,0,107,17,security,security,NN,NN
2340,Armenia_2005,0,107,19,health,health,NN,NN
2341,Armenia_2005,0,107,21,morals,morals,NNS,NN
2342,Armenia_2005,0,107,22,or,or,CC,CC
2343,Armenia_2005,0,107,23,for,for,IN,IN
2344,Armenia_2005,0,107,24,the,the,DT,DT
2345,Armenia_2005,0,107,25,protection,protection,NN,NN
2346,Armenia_2005,0,107,26,of,of,IN,IN
2347,Armenia_2005,0,107,27,rights,rights,NNS,NN
2348,Armenia_2005,0,107,28,and,and,CC,CC
2349,Armenia_2005,0,107,29,freedoms,freedoms,NNS,NN
2350,Armenia_2005,0,107,30,of,of,IN,IN
2351,Armenia_2005,0,107,31,others,others,NNS,NN
2352,Armenia_2005,0,108,0,Article,article,NN,NN
2353,Armenia_2005,0,108,1,27,27,CD,CD
2354,Armenia_2005,0,108,2,Share,share,NNP,NN
2355,Armenia_2005,0,108,3,Everyone,everyone,NNP,NN
2356,Armenia_2005,0,108,4,shall,shall,MD,MD
2357,Armenia_2005,0,108,5,have,have,VB,VB
2358,Armenia_2005,0,108,6,the,the,DT,DT
2359,Armenia_2005,0,108,7,right,right,NN,NN
2360,Armenia_2005,0,108,8,to,to,TO,TO
2361,Armenia_2005,0,108,9,freely,freely,RB,RB
2362,Armenia_2005,0,108,10,express,express,VB,VB
2363,Armenia_2005,0,108,11,his/her,hisher,JJR,JJ
2364,Armenia_2005,0,108,12,opinion,opinion,NN,NN
2365,Armenia_2005,0,109,0,No,no,DT,DT
2366,Armenia_2005,0,109,1,one,one,CD,CD
2367,Armenia_2005,0,109,2,shall,shall,MD,MD
2368,Armenia_2005,0,109,3,be,be,VB,VB
2369,Armenia_2005,0,109,4,forced,forced,VBN,VB
2370,Armenia_2005,0,109,5,to,to,TO,TO
2371,Armenia_2005,0,109,6,rescind,rescind,VB,VB
2372,Armenia_2005,0,109,7,or,or,CC,CC
2373,Armenia_2005,0,109,8,change,change,VB,VB
2374,Armenia_2005,0,109,9,his/her,hisher,JJR,JJ
2375,Armenia_2005,0,109,10,opinion,opinion,NN,NN
2376,Armenia_2005,0,110,0,Everyone,everyone,NN,NN
2377,Armenia_2005,0,110,1,shall,shall,MD,MD
2378,Armenia_2005,0,110,2,have,have,VB,VB
2379,Armenia_2005,0,110,3,the,the,DT,DT
2380,Armenia_2005,0,110,4,right,right,NN,NN
2381,Armenia_2005,0,110,5,to,to,TO,TO
2382,Armenia_2005,0,110,6,the,the,DT,DT
2383,Armenia_2005,0,110,7,freedom,freedom,NN,NN
2384,Armenia_2005,0,110,8,of,of,IN,IN
2385,Armenia_2005,0,110,9,expression,expression,NN,NN
2386,Armenia_2005,0,110,10,including,including,VBG,VB
2387,Armenia_2005,0,110,11,freedom,freedom,NN,NN
2388,Armenia_2005,0,110,12,to,to,TO,TO
2389,Armenia_2005,0,110,13,search,search,VB,VB
2390,Armenia_2005,0,110,14,for,for,IN,IN
2391,Armenia_2005,0,110,16,receive,receive,NN,NN
2392,Armenia_2005,0,110,17,and,and,CC,CC
2393,Armenia_2005,0,110,18,impart,impart,JJ,JJ
2394,Armenia_2005,0,110,19,information,information,NN,NN
2395,Armenia_2005,0,110,20,and,and,CC,CC
2396,Armenia_2005,0,110,21,ideas,ideas,NNS,NN
2397,Armenia_2005,0,110,22,by,by,IN,IN
2398,Armenia_2005,0,110,23,any,any,DT,DT
2399,Armenia_2005,0,110,24,means,means,NNS,NN
2400,Armenia_2005,0,110,25,of,of,IN,IN
2401,Armenia_2005,0,110,26,information,information,NN,NN
2402,Armenia_2005,0,110,27,media,media,NNS,NN
2403,Armenia_2005,0,110,28,regardless,regardless,NN,NN
2404,Armenia_2005,0,110,29,of,of,IN,IN
2405,Armenia_2005,0,110,30,frontiers,frontiers,NNS,NN
2406,Armenia_2005,0,111,0,Freedom,freedom,NN,NN
2407,Armenia_2005,0,111,1,of,of,IN,IN
2408,Armenia_2005,0,111,2,mass,mass,NN,NN
2409,Armenia_2005,0,111,3,media,media,NNS,NN
2410,Armenia_2005,0,111,4,and,and,CC,CC
2411,Armenia_2005,0,111,5,other,other,JJ,JJ
2412,Armenia_2005,0,111,6,means,means,NNS,NN
2413,Armenia_2005,0,111,7,of,of,IN,IN
2414,Armenia_2005,0,111,8,mass,mass,NN,NN
2415,Armenia_2005,0,111,9,information,information,NN,NN
2416,Armenia_2005,0,111,10,shall,shall,MD,MD
2417,Armenia_2005,0,111,11,be,be,VB,VB
2418,Armenia_2005,0,111,12,guaranteed,guaranteed,VBN,VB
2419,Armenia_2005,0,112,0,The,the,DT,DT
2420,Armenia_2005,0,112,1,State,state,NNP,NN
2421,Armenia_2005,0,112,2,guarantees,guarantees,VBZ,VB
2422,Armenia_2005,0,112,3,the,the,DT,DT
2423,Armenia_2005,0,112,4,existence,existence,NN,NN
2424,Armenia_2005,0,112,5,and,and,CC,CC
2425,Armenia_2005,0,112,6,activities,activities,NNS,NN
2426,Armenia_2005,0,112,7,of,of,IN,IN
2427,Armenia_2005,0,112,8,independent,independent,JJ,JJ
2428,Armenia_2005,0,112,9,and,and,CC,CC
2429,Armenia_2005,0,112,10,public,public,JJ,JJ
2430,Armenia_2005,0,112,11,radio,radio,NN,NN
2431,Armenia_2005,0,112,12,and,and,CC,CC
2432,Armenia_2005,0,112,13,television,television,NN,NN
2433,Armenia_2005,0,112,14,offering,offering,VBG,VB
2434,Armenia_2005,0,112,15,a,a,DT,DT
2435,Armenia_2005,0,112,16,variety,variety,NN,NN
2436,Armenia_2005,0,112,17,of,of,IN,IN
2437,Armenia_2005,0,112,18,informational,informational,JJ,JJ
2438,Armenia_2005,0,112,20,cultural,cultural,JJ,JJ
2439,Armenia_2005,0,112,21,and,and,CC,CC
2440,Armenia_2005,0,112,22,entertaining,entertaining,JJ,JJ
2441,Armenia_2005,0,112,23,programs,programs,NNS,NN
2442,Armenia_2005,0,113,0,Article,article,NN,NN
2443,Armenia_2005,0,113,1,27.1,271,CD,CD
2444,Armenia_2005,0,113,2,Share,share,NNP,NN
2445,Armenia_2005,0,113,3,Everyone,everyone,NNP,NN
2446,Armenia_2005,0,113,4,shall,shall,MD,MD
2447,Armenia_2005,0,113,5,have,have,VB,VB
2448,Armenia_2005,0,113,6,the,the,DT,DT
2449,Armenia_2005,0,113,7,right,right,NN,NN
2450,Armenia_2005,0,113,8,to,to,TO,TO
2451,Armenia_2005,0,113,9,submit,submit,VB,VB
2452,Armenia_2005,0,113,10,letters,letters,NNS,NN
2453,Armenia_2005,0,113,11,and,and,CC,CC
2454,Armenia_2005,0,113,12,recommendations,recommendations,NNS,NN
2455,Armenia_2005,0,113,13,to,to,TO,TO
2456,Armenia_2005,0,113,14,the,the,DT,DT
2457,Armenia_2005,0,113,15,authorized,authorized,VBN,VB
2458,Armenia_2005,0,113,16,public,public,NN,NN
2459,Armenia_2005,0,113,17,and,and,CC,CC
2460,Armenia_2005,0,113,18,local,local,JJ,JJ
2461,Armenia_2005,0,113,19,self-government,selfgovernment,JJ,JJ
2462,Armenia_2005,0,113,20,bodies,bodies,NNS,NN
2463,Armenia_2005,0,113,21,for,for,IN,IN
2464,Armenia_2005,0,113,22,the,the,DT,DT
2465,Armenia_2005,0,113,23,protection,protection,NN,NN
2466,Armenia_2005,0,113,24,of,of,IN,IN
2467,Armenia_2005,0,113,25,private,private,JJ,JJ
2468,Armenia_2005,0,113,26,and,and,CC,CC
2469,Armenia_2005,0,113,27,public,public,JJ,JJ
2470,Armenia_2005,0,113,28,interests,interests,NNS,NN
2471,Armenia_2005,0,113,29,and,and,CC,CC
2472,Armenia_2005,0,113,30,the,the,DT,DT
2473,Armenia_2005,0,113,31,right,right,NN,NN
2474,Armenia_2005,0,113,32,to,to,TO,TO
2475,Armenia_2005,0,113,33,receive,receive,VB,VB
2476,Armenia_2005,0,113,34,appropriate,appropriate,JJ,JJ
2477,Armenia_2005,0,113,35,answers,answers,NNS,NN
2478,Armenia_2005,0,113,36,in,in,IN,IN
2479,Armenia_2005,0,113,37,a,a,DT,DT
2480,Armenia_2005,0,113,38,reasonable,reasonable,JJ,JJ
2481,Armenia_2005,0,113,39,time,time,NN,NN
2482,Armenia_2005,0,114,0,Article,article,NN,NN
2483,Armenia_2005,0,114,1,28,28,CD,CD
2484,Armenia_2005,0,114,2,Share,share,NNP,NN
2485,Armenia_2005,0,114,3,Everyone,everyone,NNP,NN
2486,Armenia_2005,0,114,4,shall,shall,MD,MD
2487,Armenia_2005,0,114,5,have,have,VB,VB
2488,Armenia_2005,0,114,6,the,the,DT,DT
2489,Armenia_2005,0,114,7,right,right,NN,NN
2490,Armenia_2005,0,114,8,to,to,TO,TO
2491,Armenia_2005,0,114,9,freedom,freedom,VB,VB
2492,Armenia_2005,0,114,10,of,of,IN,IN
2493,Armenia_2005,0,114,11,association,association,NN,NN
2494,Armenia_2005,0,114,12,with,with,IN,IN
2495,Armenia_2005,0,114,13,others,others,NNS,NN
2496,Armenia_2005,0,114,15,including,including,VBG,VB
2497,Armenia_2005,0,114,16,the,the,DT,DT
2498,Armenia_2005,0,114,17,right,right,NN,NN
2499,Armenia_2005,0,114,18,to,to,TO,TO
2500,Armenia_2005,0,114,19,form,form,VB,VB
2501,Armenia_2005,0,114,20,and,and,CC,CC
2502,Armenia_2005,0,114,21,to,to,TO,TO
2503,Armenia_2005,0,114,22,join,join,VB,VB
2504,Armenia_2005,0,114,23,trade,trade,NN,NN
2505,Armenia_2005,0,114,24,unions,unions,NNS,NN
2506,Armenia_2005,0,115,0,Every,every,DT,DT
2507,Armenia_2005,0,115,1,citizen,citizen,NN,NN
2508,Armenia_2005,0,115,2,shall,shall,MD,MD
2509,Armenia_2005,0,115,3,have,have,VB,VB
2510,Armenia_2005,0,115,4,a,a,DT,DT
2511,Armenia_2005,0,115,5,right,right,NN,NN
2512,Armenia_2005,0,115,6,to,to,TO,TO
2513,Armenia_2005,0,115,7,form,form,VB,VB
2514,Armenia_2005,0,115,8,political,political,JJ,JJ
2515,Armenia_2005,0,115,9,parties,parties,NNS,NN
2516,Armenia_2005,0,115,10,with,with,IN,IN
2517,Armenia_2005,0,115,11,other,other,JJ,JJ
2518,Armenia_2005,0,115,12,citizens,citizens,NNS,NN
2519,Armenia_2005,0,115,13,and,and,CC,CC
2520,Armenia_2005,0,115,14,join,join,NNS,NN
2521,Armenia_2005,0,115,15,such,such,JJ,JJ
2522,Armenia_2005,0,115,16,parties,parties,NNS,NN
2523,Armenia_2005,0,116,0,The,the,DT,DT
2524,Armenia_2005,0,116,1,rights,rights,NNS,NN
2525,Armenia_2005,0,116,2,to,to,TO,TO
2526,Armenia_2005,0,116,3,set,set,VB,VB
2527,Armenia_2005,0,116,4,up,up,RP,RP
2528,Armenia_2005,0,116,5,parties,parties,NNS,NN
2529,Armenia_2005,0,116,6,and,and,CC,CC
2530,Armenia_2005,0,116,7,trade,trade,NN,NN
2531,Armenia_2005,0,116,8,unions,unions,NNS,NN
2532,Armenia_2005,0,116,9,and,and,CC,CC
2533,Armenia_2005,0,116,10,join,join,VB,VB
2534,Armenia_2005,0,116,11,them,them,PRP,PR
2535,Armenia_2005,0,116,12,may,may,MD,MD
2536,Armenia_2005,0,116,13,be,be,VB,VB
2537,Armenia_2005,0,116,14,restricted,restricted,VBN,VB
2538,Armenia_2005,0,116,15,in,in,IN,IN
2539,Armenia_2005,0,116,16,a,a,DT,DT
2540,Armenia_2005,0,116,17,manner,manner,NN,NN
2541,Armenia_2005,0,116,18,prescribed,prescribed,VBN,VB
2542,Armenia_2005,0,116,19,by,by,IN,IN
2543,Armenia_2005,0,116,20,law,law,NN,NN
2544,Armenia_2005,0,116,21,for,for,IN,IN
2545,Armenia_2005,0,116,22,the,the,DT,DT
2546,Armenia_2005,0,116,23,servicemen,servicemen,NNS,NN
2547,Armenia_2005,0,116,24,of,of,IN,IN
2548,Armenia_2005,0,116,25,the,the,DT,DT
2549,Armenia_2005,0,116,26,armed,armed,JJ,JJ
2550,Armenia_2005,0,116,27,forces,forces,NNS,NN
2551,Armenia_2005,0,116,29,police,police,NNS,NN
2552,Armenia_2005,0,116,31,national,national,JJ,JJ
2553,Armenia_2005,0,116,32,security,security,NN,NN
2554,Armenia_2005,0,116,34,prosecutor,prosecutor,NN,NN
2555,Armenia_2005,0,116,35,'s,s,POS,PO
2556,Armenia_2005,0,116,36,office,office,NN,NN
2557,Armenia_2005,0,116,38,as,as,RB,RB
2558,Armenia_2005,0,116,39,well,well,RB,RB
2559,Armenia_2005,0,116,40,as,as,IN,IN
2560,Armenia_2005,0,116,41,judges,judges,NNS,NN
2561,Armenia_2005,0,116,42,and,and,CC,CC
2562,Armenia_2005,0,116,43,members,members,NNS,NN
2563,Armenia_2005,0,116,44,of,of,IN,IN
2564,Armenia_2005,0,116,45,the,the,DT,DT
2565,Armenia_2005,0,116,46,Constitutional,constitutional,NNP,NN
2566,Armenia_2005,0,116,47,Court,court,NNP,NN
2567,Armenia_2005,0,117,0,No,no,DT,DT
2568,Armenia_2005,0,117,1,one,one,CD,CD
2569,Armenia_2005,0,117,2,shall,shall,MD,MD
2570,Armenia_2005,0,117,3,be,be,VB,VB
2571,Armenia_2005,0,117,4,compelled,compelled,VBN,VB
2572,Armenia_2005,0,117,5,to,to,TO,TO
2573,Armenia_2005,0,117,6,join,join,VB,VB
2574,Armenia_2005,0,117,7,any,any,DT,DT
2575,Armenia_2005,0,117,8,political,political,JJ,JJ
2576,Armenia_2005,0,117,9,party,party,NN,NN
2577,Armenia_2005,0,117,10,or,or,CC,CC
2578,Armenia_2005,0,117,11,association,association,NN,NN
2579,Armenia_2005,0,118,0,The,the,DT,DT
2580,Armenia_2005,0,118,1,activities,activities,NNS,NN
2581,Armenia_2005,0,118,2,of,of,IN,IN
2582,Armenia_2005,0,118,3,associations,associations,NNS,NN
2583,Armenia_2005,0,118,4,can,can,MD,MD
2584,Armenia_2005,0,118,5,be,be,VB,VB
2585,Armenia_2005,0,118,6,suspended,suspended,VBN,VB
2586,Armenia_2005,0,118,7,or,or,CC,CC
2587,Armenia_2005,0,118,8,prohibited,prohibited,VBN,VB
2588,Armenia_2005,0,118,9,only,only,RB,RB
2589,Armenia_2005,0,118,10,by,by,IN,IN
2590,Armenia_2005,0,118,11,a,a,DT,DT
2591,Armenia_2005,0,118,12,court,court,NN,NN
2592,Armenia_2005,0,118,13,decision,decision,NN,NN
2593,Armenia_2005,0,118,14,and,and,CC,CC
2594,Armenia_2005,0,118,15,in,in,IN,IN
2595,Armenia_2005,0,118,16,the,the,DT,DT
2596,Armenia_2005,0,118,17,cases,cases,NNS,NN
2597,Armenia_2005,0,118,18,prescribed,prescribed,VBN,VB
2598,Armenia_2005,0,118,19,by,by,IN,IN
2599,Armenia_2005,0,118,20,law,law,NN,NN
2600,Armenia_2005,0,119,0,Article,article,NN,NN
2601,Armenia_2005,0,119,1,29,29,CD,CD
2602,Armenia_2005,0,119,2,Share,share,NNP,NN
2603,Armenia_2005,0,119,3,Everyone,everyone,NNP,NN
2604,Armenia_2005,0,119,4,shall,shall,MD,MD
2605,Armenia_2005,0,119,5,have,have,VB,VB
2606,Armenia_2005,0,119,6,the,the,DT,DT
2607,Armenia_2005,0,119,7,right,right,NN,NN
2608,Armenia_2005,0,119,8,to,to,TO,TO
2609,Armenia_2005,0,119,9,the,the,DT,DT
2610,Armenia_2005,0,119,10,freedom,freedom,NN,NN
2611,Armenia_2005,0,119,11,of,of,IN,IN
2612,Armenia_2005,0,119,12,a,a,DT,DT
2613,Armenia_2005,0,119,13,peaceful,peaceful,JJ,JJ
2614,Armenia_2005,0,119,14,and,and,CC,CC
2615,Armenia_2005,0,119,15,unarmed,unarmed,JJ,JJ
2616,Armenia_2005,0,119,16,assembly,assembly,NN,NN
2617,Armenia_2005,0,120,0,Restrictions,restrictions,NNS,NN
2618,Armenia_2005,0,120,1,on,on,IN,IN
2619,Armenia_2005,0,120,2,exercising,exercising,VBG,VB
2620,Armenia_2005,0,120,3,those,those,DT,DT
2621,Armenia_2005,0,120,4,rights,rights,NNS,NN
2622,Armenia_2005,0,120,5,by,by,IN,IN
2623,Armenia_2005,0,120,6,the,the,DT,DT
2624,Armenia_2005,0,120,7,servicemen,servicemen,NNS,NN
2625,Armenia_2005,0,120,8,in,in,IN,IN
2626,Armenia_2005,0,120,9,the,the,DT,DT
2627,Armenia_2005,0,120,10,armed,armed,JJ,JJ
2628,Armenia_2005,0,120,11,forces,forces,NNS,NN
2629,Armenia_2005,0,120,13,police,police,NNS,NN
2630,Armenia_2005,0,120,15,national,national,JJ,JJ
2631,Armenia_2005,0,120,16,security,security,NN,NN
2632,Armenia_2005,0,120,18,prosecutor,prosecutor,NN,NN
2633,Armenia_2005,0,120,19,'s,s,POS,PO
2634,Armenia_2005,0,120,20,office,office,NN,NN
2635,Armenia_2005,0,120,22,judges,judges,NNS,NN
2636,Armenia_2005,0,120,23,and,and,CC,CC
2637,Armenia_2005,0,120,24,members,members,NNS,NN
2638,Armenia_2005,0,120,25,of,of,IN,IN
2639,Armenia_2005,0,120,26,the,the,DT,DT
2640,Armenia_2005,0,120,27,Constitutional,constitutional,NNP,NN
2641,Armenia_2005,0,120,28,Court,court,NNP,NN
2642,Armenia_2005,0,120,29,may,may,MD,MD
2643,Armenia_2005,0,120,30,be,be,VB,VB
2644,Armenia_2005,0,120,31,prescribed,prescribed,VBN,VB
2645,Armenia_2005,0,120,32,only,only,RB,RB
2646,Armenia_2005,0,120,33,by,by,IN,IN
2647,Armenia_2005,0,120,34,law,law,NN,NN
2648,Armenia_2005,0,121,0,Article,article,NN,NN
2649,Armenia_2005,0,121,1,30,30,CD,CD
2650,Armenia_2005,0,121,2,Share,share,NNP,NN
2651,Armenia_2005,0,121,3,Eighteen-year,eighteenyear,JJ,JJ
2652,Armenia_2005,0,121,4,old,old,JJ,JJ
2653,Armenia_2005,0,121,5,citizens,citizens,NNS,NN
2654,Armenia_2005,0,121,6,of,of,IN,IN
2655,Armenia_2005,0,121,7,the,the,DT,DT
2656,Armenia_2005,0,121,8,Republic,republic,NNP,NN
2657,Armenia_2005,0,121,9,of,of,IN,IN
2658,Armenia_2005,0,121,10,Armenia,armenia,NNP,NN
2659,Armenia_2005,0,121,11,have,have,VBP,VB
2660,Armenia_2005,0,121,12,the,the,DT,DT
2661,Armenia_2005,0,121,13,right,right,NN,NN
2662,Armenia_2005,0,121,14,to,to,TO,TO
2663,Armenia_2005,0,121,15,take,take,VB,VB
2664,Armenia_2005,0,121,16,part,part,NN,NN
2665,Armenia_2005,0,121,17,in,in,IN,IN
2666,Armenia_2005,0,121,18,the,the,DT,DT
2667,Armenia_2005,0,121,19,elections,elections,NNS,NN
2668,Armenia_2005,0,121,20,and,and,CC,CC
2669,Armenia_2005,0,121,21,referenda,referenda,NN,NN
2670,Armenia_2005,0,121,22,as,as,RB,RB
2671,Armenia_2005,0,121,23,well,well,RB,RB
2672,Armenia_2005,0,121,24,as,as,IN,IN
2673,Armenia_2005,0,121,25,the,the,DT,DT
2674,Armenia_2005,0,121,26,right,right,NN,NN
2675,Armenia_2005,0,121,27,to,to,TO,TO
2676,Armenia_2005,0,121,28,take,take,VB,VB
2677,Armenia_2005,0,121,29,part,part,NN,NN
2678,Armenia_2005,0,121,30,in,in,IN,IN
2679,Armenia_2005,0,121,31,the,the,DT,DT
2680,Armenia_2005,0,121,32,State,state,NNP,NN
2681,Armenia_2005,0,121,33,governance,governance,NN,NN
2682,Armenia_2005,0,121,34,and,and,CC,CC
2683,Armenia_2005,0,121,35,local,local,JJ,JJ
2684,Armenia_2005,0,121,36,self-government,selfgovernment,NN,NN
2685,Armenia_2005,0,121,37,directly,directly,RB,RB
2686,Armenia_2005,0,121,38,through,through,IN,IN
2687,Armenia_2005,0,121,39,their,their,PRP$,PR
2688,Armenia_2005,0,121,40,representatives,representatives,NNS,NN
2689,Armenia_2005,0,121,41,chosen,chosen,VBN,VB
2690,Armenia_2005,0,121,42,with,with,IN,IN
2691,Armenia_2005,0,121,43,an,an,DT,DT
2692,Armenia_2005,0,121,44,expression,expression,NN,NN
2693,Armenia_2005,0,121,45,of,of,IN,IN
2694,Armenia_2005,0,121,46,free,free,JJ,JJ
2695,Armenia_2005,0,121,47,will,will,MD,MD
2696,Armenia_2005,0,122,0,The,the,DT,DT
2697,Armenia_2005,0,122,1,law,law,NN,NN
2698,Armenia_2005,0,122,2,may,may,MD,MD
2699,Armenia_2005,0,122,3,define,define,VB,VB
2700,Armenia_2005,0,122,4,the,the,DT,DT
2701,Armenia_2005,0,122,5,right,right,NN,NN
2702,Armenia_2005,0,122,6,of,of,IN,IN
2703,Armenia_2005,0,122,7,suffrage,suffrage,NN,NN
2704,Armenia_2005,0,122,8,for,for,IN,IN
2705,Armenia_2005,0,122,9,the,the,DT,DT
2706,Armenia_2005,0,122,10,elections,elections,NNS,NN
2707,Armenia_2005,0,122,11,of,of,IN,IN
2708,Armenia_2005,0,122,12,the,the,DT,DT
2709,Armenia_2005,0,122,13,bodies,bodies,NNS,NN
2710,Armenia_2005,0,122,14,of,of,IN,IN
2711,Armenia_2005,0,122,15,local,local,JJ,JJ
2712,Armenia_2005,0,122,16,self-government,selfgovernment,NN,NN
2713,Armenia_2005,0,122,17,as,as,RB,RB
2714,Armenia_2005,0,122,18,well,well,RB,RB
2715,Armenia_2005,0,122,19,as,as,IN,IN
2716,Armenia_2005,0,122,20,participation,participation,NN,NN
2717,Armenia_2005,0,122,21,in,in,IN,IN
2718,Armenia_2005,0,122,22,the,the,DT,DT
2719,Armenia_2005,0,122,23,local,local,JJ,JJ
2720,Armenia_2005,0,122,24,referenda,referenda,NN,NN
2721,Armenia_2005,0,122,25,for,for,IN,IN
2722,Armenia_2005,0,122,26,persons,persons,NNS,NN
2723,Armenia_2005,0,122,27,who,who,WP,WP
2724,Armenia_2005,0,122,28,are,are,VBP,VB
2725,Armenia_2005,0,122,29,not,not,RB,RB
2726,Armenia_2005,0,122,30,citizens,citizens,NNS,NN
2727,Armenia_2005,0,122,31,of,of,IN,IN
2728,Armenia_2005,0,122,32,the,the,DT,DT
2729,Armenia_2005,0,122,33,Republic,republic,NNP,NN
2730,Armenia_2005,0,122,34,of,of,IN,IN
2731,Armenia_2005,0,122,35,Armenia,armenia,NNP,NN
2732,Armenia_2005,0,123,0,Citizens,citizens,NNS,NN
2733,Armenia_2005,0,123,1,found,found,VBD,VB
2734,Armenia_2005,0,123,2,to,to,TO,TO
2735,Armenia_2005,0,123,3,be,be,VB,VB
2736,Armenia_2005,0,123,4,incompetent,incompetent,VBN,VB
2737,Armenia_2005,0,123,5,by,by,IN,IN
2738,Armenia_2005,0,123,6,a,a,DT,DT
2739,Armenia_2005,0,123,7,court,court,NN,NN
2740,Armenia_2005,0,123,8,decision,decision,NN,NN
2741,Armenia_2005,0,123,10,duly,duly,RB,RB
2742,Armenia_2005,0,123,11,sentenced,sentenced,VBN,VB
2743,Armenia_2005,0,123,12,to,to,TO,TO
2744,Armenia_2005,0,123,13,prison,prison,NN,NN
2745,Armenia_2005,0,123,14,or,or,CC,CC
2746,Armenia_2005,0,123,15,serving,serving,VBG,VB
2747,Armenia_2005,0,123,16,the,the,DT,DT
2748,Armenia_2005,0,123,17,sentence,sentence,NN,NN
2749,Armenia_2005,0,123,19,shall,shall,MD,MD
2750,Armenia_2005,0,123,20,not,not,RB,RB
2751,Armenia_2005,0,123,21,be,be,VB,VB
2752,Armenia_2005,0,123,22,entitled,entitled,VBN,VB
2753,Armenia_2005,0,123,23,to,to,TO,TO
2754,Armenia_2005,0,123,24,vote,vote,VB,VB
2755,Armenia_2005,0,123,25,or,or,CC,CC
2756,Armenia_2005,0,123,26,be,be,VB,VB
2757,Armenia_2005,0,123,27,elected,elected,VBN,VB
2758,Armenia_2005,0,124,0,Article,article,NN,NN
2759,Armenia_2005,0,124,1,30.1,301,CD,CD
2760,Armenia_2005,0,124,2,Share,share,NN,NN
2761,Armenia_2005,0,124,3,A,a,NNP,NN
2762,Armenia_2005,0,124,4,child,child,NN,NN
2763,Armenia_2005,0,124,5,born,born,NN,NN
2764,Armenia_2005,0,124,6,to,to,TO,TO
2765,Armenia_2005,0,124,7,the,the,DT,DT
2766,Armenia_2005,0,124,8,parents,parents,NNS,NN
2767,Armenia_2005,0,124,9,who,who,WP,WP
2768,Armenia_2005,0,124,10,are,are,VBP,VB
2769,Armenia_2005,0,124,11,citizens,citizens,NNS,NN
2770,Armenia_2005,0,124,12,of,of,IN,IN
2771,Armenia_2005,0,124,13,the,the,DT,DT
2772,Armenia_2005,0,124,14,Republic,republic,NNP,NN
2773,Armenia_2005,0,124,15,of,of,IN,IN
2774,Armenia_2005,0,124,16,Armenia,armenia,NNP,NN
2775,Armenia_2005,0,124,17,is,is,VBZ,VB
2776,Armenia_2005,0,124,18,citizen,citizen,VBN,VB
2777,Armenia_2005,0,124,19,of,of,IN,IN
2778,Armenia_2005,0,124,20,the,the,DT,DT
2779,Armenia_2005,0,124,21,Republic,republic,NNP,NN
2780,Armenia_2005,0,124,22,of,of,IN,IN
2781,Armenia_2005,0,124,23,Armenia,armenia,NNP,NN
2782,Armenia_2005,0,125,0,Any,any,DT,DT
2783,Armenia_2005,0,125,1,child,child,NN,NN
2784,Armenia_2005,0,125,2,with,with,IN,IN
2785,Armenia_2005,0,125,3,one,one,CD,CD
2786,Armenia_2005,0,125,4,parent,parent,NN,NN
2787,Armenia_2005,0,125,5,having,having,VBG,VB
2788,Armenia_2005,0,125,6,citizenship,citizenship,NN,NN
2789,Armenia_2005,0,125,7,in,in,IN,IN
2790,Armenia_2005,0,125,8,the,the,DT,DT
2791,Armenia_2005,0,125,9,Republic,republic,NNP,NN
2792,Armenia_2005,0,125,10,of,of,IN,IN
2793,Armenia_2005,0,125,11,Armenia,armenia,NNP,NN
2794,Armenia_2005,0,125,12,shall,shall,MD,MD
2795,Armenia_2005,0,125,13,be,be,VB,VB
2796,Armenia_2005,0,125,14,entitled,entitled,VBN,VB
2797,Armenia_2005,0,125,15,to,to,TO,TO
2798,Armenia_2005,0,125,16,citizenship,citizenship,VB,VB
2799,Armenia_2005,0,125,17,of,of,IN,IN
2800,Armenia_2005,0,125,18,the,the,DT,DT
2801,Armenia_2005,0,125,19,Republic,republic,NNP,NN
2802,Armenia_2005,0,125,20,of,of,IN,IN
2803,Armenia_2005,0,125,21,Armenia,armenia,NNP,NN
2804,Armenia_2005,0,126,0,The,the,DT,DT
2805,Armenia_2005,0,126,1,procedure,procedure,NN,NN
2806,Armenia_2005,0,126,2,for,for,IN,IN
2807,Armenia_2005,0,126,3,acquisition,acquisition,NN,NN
2808,Armenia_2005,0,126,4,and,and,CC,CC
2809,Armenia_2005,0,126,5,termination,termination,NN,NN
2810,Armenia_2005,0,126,6,of,of,IN,IN
2811,Armenia_2005,0,126,7,citizenship,citizenship,NN,NN
2812,Armenia_2005,0,126,8,of,of,IN,IN
2813,Armenia_2005,0,126,9,the,the,DT,DT
2814,Armenia_2005,0,126,10,Republic,republic,NNP,NN
2815,Armenia_2005,0,126,11,of,of,IN,IN
2816,Armenia_2005,0,126,12,Armenia,armenia,NNP,NN
2817,Armenia_2005,0,126,13,shall,shall,MD,MD
2818,Armenia_2005,0,126,14,be,be,VB,VB
2819,Armenia_2005,0,126,15,defined,defined,VBN,VB
2820,Armenia_2005,0,126,16,by,by,IN,IN
2821,Armenia_2005,0,126,17,law,law,NN,NN
2822,Armenia_2005,0,127,0,No,no,DT,DT
2823,Armenia_2005,0,127,1,one,one,NN,NN
2824,Armenia_2005,0,127,2,can,can,MD,MD
2825,Armenia_2005,0,127,3,be,be,VB,VB
2826,Armenia_2005,0,127,4,deprived,deprived,VBN,VB
2827,Armenia_2005,0,127,5,of,of,IN,IN
2828,Armenia_2005,0,127,6,citizenship,citizenship,NN,NN
2829,Armenia_2005,0,127,8,nor,nor,CC,CC
2830,Armenia_2005,0,127,9,the,the,DT,DT
2831,Armenia_2005,0,127,10,right,right,NN,NN
2832,Armenia_2005,0,127,11,to,to,TO,TO
2833,Armenia_2005,0,127,12,change,change,VB,VB
2834,Armenia_2005,0,127,13,citizenship,citizenship,NN,NN
2835,Armenia_2005,0,127,15,of,of,IN,IN
2836,Armenia_2005,0,127,16,the,the,DT,DT
2837,Armenia_2005,0,127,17,Republic,republic,NNP,NN
2838,Armenia_2005,0,127,18,of,of,IN,IN
2839,Armenia_2005,0,127,19,Armenia,armenia,NNP,NN
2840,Armenia_2005,0,128,0,Citizens,citizens,NNS,NN
2841,Armenia_2005,0,128,1,of,of,IN,IN
2842,Armenia_2005,0,128,2,the,the,DT,DT
2843,Armenia_2005,0,128,3,Republic,republic,NNP,NN
2844,Armenia_2005,0,128,4,of,of,IN,IN
2845,Armenia_2005,0,128,5,Armenia,armenia,NNP,NN
2846,Armenia_2005,0,128,6,can,can,MD,MD
2847,Armenia_2005,0,128,7,not,not,RB,RB
2848,Armenia_2005,0,128,8,be,be,VB,VB
2849,Armenia_2005,0,128,9,surrendered,surrendered,VBN,VB
2850,Armenia_2005,0,128,10,to,to,TO,TO
2851,Armenia_2005,0,128,11,a,a,DT,DT
2852,Armenia_2005,0,128,12,foreign,foreign,JJ,JJ
2853,Armenia_2005,0,128,13,state,state,NN,NN
2854,Armenia_2005,0,128,15,save,save,NN,NN
2855,Armenia_2005,0,128,16,for,for,IN,IN
2856,Armenia_2005,0,128,17,the,the,DT,DT
2857,Armenia_2005,0,128,18,cases,cases,NNS,NN
2858,Armenia_2005,0,128,19,provided,provided,VBN,VB
2859,Armenia_2005,0,128,20,for,for,IN,IN
2860,Armenia_2005,0,128,21,by,by,IN,IN
2861,Armenia_2005,0,128,22,the,the,DT,DT
2862,Armenia_2005,0,128,23,international,international,JJ,JJ
2863,Armenia_2005,0,128,24,treaties,treaties,NNS,NN
2864,Armenia_2005,0,128,25,ratified,ratified,VBN,VB
2865,Armenia_2005,0,128,26,by,by,IN,IN
2866,Armenia_2005,0,128,27,the,the,DT,DT
2867,Armenia_2005,0,128,28,Republic,republic,NNP,NN
2868,Armenia_2005,0,128,29,of,of,IN,IN
2869,Armenia_2005,0,128,30,Armenia,armenia,NNP,NN
2870,Armenia_2005,0,129,0,The,the,DT,DT
2871,Armenia_2005,0,129,1,rights,rights,NNS,NN
2872,Armenia_2005,0,129,2,and,and,CC,CC
2873,Armenia_2005,0,129,3,duties,duties,NNS,NN
2874,Armenia_2005,0,129,4,of,of,IN,IN
2875,Armenia_2005,0,129,5,the,the,DT,DT
2876,Armenia_2005,0,129,6,persons,persons,NNS,NN
2877,Armenia_2005,0,129,7,possessing,possessing,VBG,VB
2878,Armenia_2005,0,129,8,dual,dual,JJ,JJ
2879,Armenia_2005,0,129,9,citizenship,citizenship,NN,NN
2880,Armenia_2005,0,129,10,shall,shall,MD,MD
2881,Armenia_2005,0,129,11,be,be,VB,VB
2882,Armenia_2005,0,129,12,determined,determined,VBN,VB
2883,Armenia_2005,0,129,13,by,by,IN,IN
2884,Armenia_2005,0,129,14,law,law,NN,NN
2885,Armenia_2005,0,130,0,Article,article,NN,NN
2886,Armenia_2005,0,130,1,30.2,302,CD,CD
2887,Armenia_2005,0,130,2,Share,share,NNP,NN
2888,Armenia_2005,0,130,3,All,all,NNP,NN
2889,Armenia_2005,0,130,4,citizens,citizens,VBZ,VB
2890,Armenia_2005,0,130,5,shall,shall,MD,MD
2891,Armenia_2005,0,130,6,have,have,VB,VB
2892,Armenia_2005,0,130,7,the,the,DT,DT
2893,Armenia_2005,0,130,8,right,right,NN,NN
2894,Armenia_2005,0,130,9,to,to,TO,TO
2895,Armenia_2005,0,130,10,equal,equal,JJ,JJ
2896,Armenia_2005,0,130,11,access,access,NN,NN
2897,Armenia_2005,0,130,12,to,to,TO,TO
2898,Armenia_2005,0,130,13,public,public,JJ,JJ
2899,Armenia_2005,0,130,14,service,service,NN,NN
2900,Armenia_2005,0,130,15,in,in,IN,IN
2901,Armenia_2005,0,130,16,conformity,conformity,NN,NN
2902,Armenia_2005,0,130,17,with,with,IN,IN
2903,Armenia_2005,0,130,18,the,the,DT,DT
2904,Armenia_2005,0,130,19,procedures,procedures,NNS,NN
2905,Armenia_2005,0,130,20,prescribed,prescribed,VBN,VB
2906,Armenia_2005,0,130,21,by,by,IN,IN
2907,Armenia_2005,0,130,22,law,law,NN,NN
2908,Armenia_2005,0,131,0,The,the,DT,DT
2909,Armenia_2005,0,131,1,principles,principles,NNS,NN
2910,Armenia_2005,0,131,2,of,of,IN,IN
2911,Armenia_2005,0,131,3,and,and,CC,CC
2912,Armenia_2005,0,131,4,the,the,DT,DT
2913,Armenia_2005,0,131,5,procedure,procedure,NN,NN
2914,Armenia_2005,0,131,6,for,for,IN,IN
2915,Armenia_2005,0,131,7,the,the,DT,DT
2916,Armenia_2005,0,131,8,organizational,organizational,JJ,JJ
2917,Armenia_2005,0,131,9,aspects,aspects,NNS,NN
2918,Armenia_2005,0,131,10,of,of,IN,IN
2919,Armenia_2005,0,131,11,public,public,JJ,JJ
2920,Armenia_2005,0,131,12,service,service,NN,NN
2921,Armenia_2005,0,131,13,shall,shall,MD,MD
2922,Armenia_2005,0,131,14,be,be,VB,VB
2923,Armenia_2005,0,131,15,defined,defined,VBN,VB
2924,Armenia_2005,0,131,16,by,by,IN,IN
2925,Armenia_2005,0,131,17,law,law,NN,NN
2926,Armenia_2005,0,132,0,Article,article,NN,NN
2927,Armenia_2005,0,132,1,31,31,CD,CD
2928,Armenia_2005,0,132,2,Share,share,NNP,NN
2929,Armenia_2005,0,132,3,Everyone,everyone,NNP,NN
2930,Armenia_2005,0,132,4,shall,shall,MD,MD
2931,Armenia_2005,0,132,5,have,have,VB,VB
2932,Armenia_2005,0,132,6,the,the,DT,DT
2933,Armenia_2005,0,132,7,right,right,NN,NN
2934,Armenia_2005,0,132,8,to,to,TO,TO
2935,Armenia_2005,0,132,9,freely,freely,RB,RB
2936,Armenia_2005,0,132,10,own,own,VB,VB
2937,Armenia_2005,0,132,12,use,use,NN,NN
2938,Armenia_2005,0,132,14,dispose,dispose,NN,NN
2939,Armenia_2005,0,132,15,of,of,IN,IN
2940,Armenia_2005,0,132,16,and,and,CC,CC
2941,Armenia_2005,0,132,17,bequeath,bequeath,VB,VB
2942,Armenia_2005,0,132,18,his/her,hisher,JJR,JJ
2943,Armenia_2005,0,132,19,property,property,NN,NN
2944,Armenia_2005,0,133,0,Employment,employment,NN,NN
2945,Armenia_2005,0,133,1,of,of,IN,IN
2946,Armenia_2005,0,133,2,the,the,DT,DT
2947,Armenia_2005,0,133,3,right,right,NN,NN
2948,Armenia_2005,0,133,4,to,to,TO,TO
2949,Armenia_2005,0,133,5,property,property,NN,NN
2950,Armenia_2005,0,133,6,shall,shall,MD,MD
2951,Armenia_2005,0,133,7,not,not,RB,RB
2952,Armenia_2005,0,133,8,damage,damage,VB,VB
2953,Armenia_2005,0,133,9,the,the,DT,DT
2954,Armenia_2005,0,133,10,environment,environment,NN,NN
2955,Armenia_2005,0,133,12,violate,violate,NN,NN
2956,Armenia_2005,0,133,13,rights,rights,NNS,NN
2957,Armenia_2005,0,133,14,and,and,CC,CC
2958,Armenia_2005,0,133,15,legitimate,legitimate,JJ,JJ
2959,Armenia_2005,0,133,16,interests,interests,NNS,NN
2960,Armenia_2005,0,133,17,of,of,IN,IN
2961,Armenia_2005,0,133,18,other,other,JJ,JJ
2962,Armenia_2005,0,133,19,persons,persons,NNS,NN
2963,Armenia_2005,0,133,21,society,society,NN,NN
2964,Armenia_2005,0,133,22,and,and,CC,CC
2965,Armenia_2005,0,133,23,the,the,DT,DT
2966,Armenia_2005,0,133,24,State,state,NNP,NN
2967,Armenia_2005,0,134,0,No,no,DT,DT
2968,Armenia_2005,0,134,1,one,one,CD,CD
2969,Armenia_2005,0,134,2,shall,shall,MD,MD
2970,Armenia_2005,0,134,3,be,be,VB,VB
2971,Armenia_2005,0,134,4,deprived,deprived,VBN,VB
2972,Armenia_2005,0,134,5,of,of,IN,IN
2973,Armenia_2005,0,134,6,property,property,NN,NN
2974,Armenia_2005,0,134,7,except,except,IN,IN
2975,Armenia_2005,0,134,8,for,for,IN,IN
2976,Armenia_2005,0,134,9,the,the,DT,DT
2977,Armenia_2005,0,134,10,cases,cases,NNS,NN
2978,Armenia_2005,0,134,11,prescribed,prescribed,VBN,VB
2979,Armenia_2005,0,134,12,by,by,IN,IN
2980,Armenia_2005,0,134,13,law,law,NN,NN
2981,Armenia_2005,0,134,14,in,in,IN,IN
2982,Armenia_2005,0,134,15,conformity,conformity,NN,NN
2983,Armenia_2005,0,134,16,with,with,IN,IN
2984,Armenia_2005,0,134,17,judicial,judicial,JJ,JJ
2985,Armenia_2005,0,134,18,procedure,procedure,NN,NN
2986,Armenia_2005,0,135,0,Private,private,JJ,JJ
2987,Armenia_2005,0,135,1,property,property,NN,NN
2988,Armenia_2005,0,135,2,may,may,MD,MD
2989,Armenia_2005,0,135,3,be,be,VB,VB
2990,Armenia_2005,0,135,4,alienated,alienated,VBN,VB
2991,Armenia_2005,0,135,5,for,for,IN,IN
2992,Armenia_2005,0,135,6,the,the,DT,DT
2993,Armenia_2005,0,135,7,needs,needs,NNS,NN
2994,Armenia_2005,0,135,8,of,of,IN,IN
2995,Armenia_2005,0,135,9,society,society,NN,NN
2996,Armenia_2005,0,135,10,and,and,CC,CC
2997,Armenia_2005,0,135,11,the,the,DT,DT
2998,Armenia_2005,0,135,12,State,state,NNP,NN
2999,Armenia_2005,0,135,13,only,only,RB,RB
3000,Armenia_2005,0,135,14,for,for,IN,IN
3001,Armenia_2005,0,135,15,prevailing,prevailing,VBG,VB
3002,Armenia_2005,0,135,16,public,public,JJ,JJ
3003,Armenia_2005,0,135,17,interests,interests,NNS,NN
3004,Armenia_2005,0,135,19,in,in,IN,IN
3005,Armenia_2005,0,135,20,a,a,DT,DT
3006,Armenia_2005,0,135,21,manner,manner,NN,NN
3007,Armenia_2005,0,135,22,prescribed,prescribed,VBN,VB
3008,Armenia_2005,0,135,23,by,by,IN,IN
3009,Armenia_2005,0,135,24,law,law,NN,NN
3010,Armenia_2005,0,135,26,and,and,CC,CC
3011,Armenia_2005,0,135,27,with,with,IN,IN
3012,Armenia_2005,0,135,28,prior,prior,JJ,JJ
3013,Armenia_2005,0,135,29,equivalent,equivalent,JJ,JJ
3014,Armenia_2005,0,135,30,compensation,compensation,NN,NN
3015,Armenia_2005,0,136,0,Foreign,foreign,NNP,NN
3016,Armenia_2005,0,136,1,citizens,citizens,NNS,NN
3017,Armenia_2005,0,136,2,and,and,CC,CC
3018,Armenia_2005,0,136,3,persons,persons,NNS,NN
3019,Armenia_2005,0,136,4,without,without,IN,IN
3020,Armenia_2005,0,136,5,citizenship,citizenship,NN,NN
3021,Armenia_2005,0,136,6,shall,shall,MD,MD
3022,Armenia_2005,0,136,7,not,not,RB,RB
3023,Armenia_2005,0,136,8,enjoy,enjoy,VB,VB
3024,Armenia_2005,0,136,9,the,the,DT,DT
3025,Armenia_2005,0,136,10,right,right,NN,NN
3026,Armenia_2005,0,136,11,to,to,TO,TO
3027,Armenia_2005,0,136,12,land,land,VB,VB
3028,Armenia_2005,0,136,13,ownership,ownership,NN,NN
3029,Armenia_2005,0,136,14,except,except,IN,IN
3030,Armenia_2005,0,136,15,for,for,IN,IN
3031,Armenia_2005,0,136,16,the,the,DT,DT
3032,Armenia_2005,0,136,17,cases,cases,NNS,NN
3033,Armenia_2005,0,136,18,prescribed,prescribed,VBN,VB
3034,Armenia_2005,0,136,19,by,by,IN,IN
3035,Armenia_2005,0,136,20,law,law,NN,NN
3036,Armenia_2005,0,137,0,Intellectual,intellectual,JJ,JJ
3037,Armenia_2005,0,137,1,property,property,NN,NN
3038,Armenia_2005,0,137,2,shall,shall,MD,MD
3039,Armenia_2005,0,137,3,be,be,VB,VB
3040,Armenia_2005,0,137,4,protected,protected,VBN,VB
3041,Armenia_2005,0,137,5,by,by,IN,IN
3042,Armenia_2005,0,137,6,law,law,NN,NN
3043,Armenia_2005,0,138,0,Article,article,NN,NN
3044,Armenia_2005,0,138,1,31.1,311,CD,CD
3045,Armenia_2005,0,138,2,Share,share,NNP,NN
3046,Armenia_2005,0,138,3,The,the,DT,DT
3047,Armenia_2005,0,138,4,State,state,NNP,NN
3048,Armenia_2005,0,138,5,shall,shall,MD,MD
3049,Armenia_2005,0,138,6,protect,protect,VB,VB
3050,Armenia_2005,0,138,7,the,the,DT,DT
3051,Armenia_2005,0,138,8,interests,interests,NNS,NN
3052,Armenia_2005,0,138,9,of,of,IN,IN
3053,Armenia_2005,0,138,10,consumers,consumers,NNS,NN
3054,Armenia_2005,0,138,12,exercise,exercise,VBP,VB
3055,Armenia_2005,0,138,13,quality,quality,NN,NN
3056,Armenia_2005,0,138,14,control,control,NN,NN
3057,Armenia_2005,0,138,15,over,over,IN,IN
3058,Armenia_2005,0,138,16,goods,goods,NNS,NN
3059,Armenia_2005,0,138,18,services,services,NNS,NN
3060,Armenia_2005,0,138,19,and,and,CC,CC
3061,Armenia_2005,0,138,20,works,works,VBZ,VB
3062,Armenia_2005,0,138,21,as,as,RB,RB
3063,Armenia_2005,0,138,22,prescribed,prescribed,VBN,VB
3064,Armenia_2005,0,138,23,by,by,IN,IN
3065,Armenia_2005,0,138,24,law,law,NN,NN
3066,Armenia_2005,0,139,0,Article,article,NN,NN
3067,Armenia_2005,0,139,1,32,32,CD,CD
3068,Armenia_2005,0,139,2,Share,share,NNP,NN
3069,Armenia_2005,0,139,3,Everyone,everyone,NNP,NN
3070,Armenia_2005,0,139,4,shall,shall,MD,MD
3071,Armenia_2005,0,139,5,have,have,VB,VB
3072,Armenia_2005,0,139,6,the,the,DT,DT
3073,Armenia_2005,0,139,7,right,right,NN,NN
3074,Armenia_2005,0,139,8,of,of,IN,IN
3075,Armenia_2005,0,139,9,choice,choice,NN,NN
3076,Armenia_2005,0,139,10,of,of,IN,IN
3077,Armenia_2005,0,139,11,employment,employment,NN,NN
3078,Armenia_2005,0,140,0,Each,each,DT,DT
3079,Armenia_2005,0,140,1,employee,employee,NN,NN
3080,Armenia_2005,0,140,2,shall,shall,MD,MD
3081,Armenia_2005,0,140,3,have,have,VB,VB
3082,Armenia_2005,0,140,4,the,the,DT,DT
3083,Armenia_2005,0,140,5,right,right,NN,NN
3084,Armenia_2005,0,140,6,to,to,TO,TO
3085,Armenia_2005,0,140,7,fair,fair,VB,VB
3086,Armenia_2005,0,140,8,remuneration,remuneration,NN,NN
3087,Armenia_2005,0,140,9,in,in,IN,IN
3088,Armenia_2005,0,140,10,the,the,DT,DT
3089,Armenia_2005,0,140,11,amount,amount,NN,NN
3090,Armenia_2005,0,140,12,no,no,RB,RB
3091,Armenia_2005,0,140,13,less,less,RBR,RB
3092,Armenia_2005,0,140,14,than,than,IN,IN
3093,Armenia_2005,0,140,15,the,the,DT,DT
3094,Armenia_2005,0,140,16,minimum,minimum,JJ,JJ
3095,Armenia_2005,0,140,17,set,set,NN,NN
3096,Armenia_2005,0,140,18,by,by,IN,IN
3097,Armenia_2005,0,140,19,law,law,NN,NN
3098,Armenia_2005,0,140,21,as,as,RB,RB
3099,Armenia_2005,0,140,22,well,well,RB,RB
3100,Armenia_2005,0,140,23,as,as,IN,IN
3101,Armenia_2005,0,140,24,the,the,DT,DT
3102,Armenia_2005,0,140,25,right,right,NN,NN
3103,Armenia_2005,0,140,26,to,to,TO,TO
3104,Armenia_2005,0,140,27,working,working,VBG,VB
3105,Armenia_2005,0,140,28,conditions,conditions,NNS,NN
3106,Armenia_2005,0,140,29,in,in,IN,IN
3107,Armenia_2005,0,140,30,full,full,JJ,JJ
3108,Armenia_2005,0,140,31,compliance,compliance,NN,NN
3109,Armenia_2005,0,140,32,with,with,IN,IN
3110,Armenia_2005,0,140,33,safety,safety,NN,NN
3111,Armenia_2005,0,140,34,and,and,CC,CC
3112,Armenia_2005,0,140,35,hygiene,hygiene,NN,NN
3113,Armenia_2005,0,140,36,requirements,requirements,NNS,NN
3114,Armenia_2005,0,141,0,Employees,employees,NNS,NN
3115,Armenia_2005,0,141,1,shall,shall,MD,MD
3116,Armenia_2005,0,141,2,have,have,VB,VB
3117,Armenia_2005,0,141,3,the,the,DT,DT
3118,Armenia_2005,0,141,4,right,right,NN,NN
3119,Armenia_2005,0,141,5,to,to,TO,TO
3120,Armenia_2005,0,141,6,strike,strike,VB,VB
3121,Armenia_2005,0,141,7,for,for,IN,IN
3122,Armenia_2005,0,141,8,the,the,DT,DT
3123,Armenia_2005,0,141,9,protection,protection,NN,NN
3124,Armenia_2005,0,141,10,of,of,IN,IN
3125,Armenia_2005,0,141,11,their,their,PRP$,PR
3126,Armenia_2005,0,141,12,economic,economic,JJ,JJ
3127,Armenia_2005,0,141,14,social,social,JJ,JJ
3128,Armenia_2005,0,141,15,and,and,CC,CC
3129,Armenia_2005,0,141,16,employment,employment,NN,NN
3130,Armenia_2005,0,141,17,interests,interests,NNS,NN
3131,Armenia_2005,0,141,19,the,the,DT,DT
3132,Armenia_2005,0,141,20,procedure,procedure,NN,NN
3133,Armenia_2005,0,141,21,for,for,IN,IN
3134,Armenia_2005,0,141,22,and,and,CC,CC
3135,Armenia_2005,0,141,23,limitations,limitations,NNS,NN
3136,Armenia_2005,0,141,24,thereon,thereon,VBP,VB
3137,Armenia_2005,0,141,25,shall,shall,MD,MD
3138,Armenia_2005,0,141,26,be,be,VB,VB
3139,Armenia_2005,0,141,27,prescribed,prescribed,VBN,VB
3140,Armenia_2005,0,141,28,by,by,IN,IN
3141,Armenia_2005,0,141,29,law,law,NN,NN
3142,Armenia_2005,0,142,0,The,the,DT,DT
3143,Armenia_2005,0,142,1,children,children,NNS,NN
3144,Armenia_2005,0,142,2,under,under,IN,IN
3145,Armenia_2005,0,142,3,the,the,DT,DT
3146,Armenia_2005,0,142,4,age,age,NN,NN
3147,Armenia_2005,0,142,5,of,of,IN,IN
3148,Armenia_2005,0,142,6,16,16,CD,CD
3149,Armenia_2005,0,142,7,shall,shall,MD,MD
3150,Armenia_2005,0,142,8,not,not,RB,RB
3151,Armenia_2005,0,142,9,be,be,VB,VB
3152,Armenia_2005,0,142,10,allowed,allowed,VBN,VB
3153,Armenia_2005,0,142,11,to,to,TO,TO
3154,Armenia_2005,0,142,12,work,work,VB,VB
3155,Armenia_2005,0,142,13,full,full,JJ,JJ
3156,Armenia_2005,0,142,14,time,time,NN,NN
3157,Armenia_2005,0,143,0,The,the,DT,DT
3158,Armenia_2005,0,143,1,procedure,procedure,NN,NN
3159,Armenia_2005,0,143,2,and,and,CC,CC
3160,Armenia_2005,0,143,3,conditions,conditions,NNS,NN
3161,Armenia_2005,0,143,4,for,for,IN,IN
3162,Armenia_2005,0,143,5,their,their,PRP$,PR
3163,Armenia_2005,0,143,6,hiring,hiring,NN,NN
3164,Armenia_2005,0,143,7,to,to,TO,TO
3165,Armenia_2005,0,143,8,a,a,DT,DT
3166,Armenia_2005,0,143,9,part-time,parttime,JJ,JJ
3167,Armenia_2005,0,143,10,job,job,NN,NN
3168,Armenia_2005,0,143,11,shall,shall,MD,MD
3169,Armenia_2005,0,143,12,be,be,VB,VB
3170,Armenia_2005,0,143,13,defined,defined,VBN,VB
3171,Armenia_2005,0,143,14,by,by,IN,IN
3172,Armenia_2005,0,143,15,law,law,NN,NN
3173,Armenia_2005,0,144,0,Compulsory,compulsory,JJ,JJ
3174,Armenia_2005,0,144,1,labor,labor,NN,NN
3175,Armenia_2005,0,144,2,shall,shall,MD,MD
3176,Armenia_2005,0,144,3,be,be,VB,VB
3177,Armenia_2005,0,144,4,prohibited,prohibited,VBN,VB
3178,Armenia_2005,0,145,0,Article,article,NN,NN
3179,Armenia_2005,0,145,1,33,33,CD,CD
3180,Armenia_2005,0,145,2,Share,share,NNP,NN
3181,Armenia_2005,0,145,3,Everyone,everyone,NNP,NN
3182,Armenia_2005,0,145,4,shall,shall,MD,MD
3183,Armenia_2005,0,145,5,have,have,VB,VB
3184,Armenia_2005,0,145,6,the,the,DT,DT
3185,Armenia_2005,0,145,7,right,right,NN,NN
3186,Armenia_2005,0,145,8,to,to,TO,TO
3187,Armenia_2005,0,145,9,rest,rest,VB,VB
3188,Armenia_2005,0,146,0,The,the,DT,DT
3189,Armenia_2005,0,146,1,law,law,NN,NN
3190,Armenia_2005,0,146,2,shall,shall,MD,MD
3191,Armenia_2005,0,146,3,define,define,VB,VB
3192,Armenia_2005,0,146,4,the,the,DT,DT
3193,Armenia_2005,0,146,5,maximum,maximum,JJ,JJ
3194,Armenia_2005,0,146,6,working,working,JJ,JJ
3195,Armenia_2005,0,146,7,hours,hours,NNS,NN
3196,Armenia_2005,0,146,8,and,and,CC,CC
3197,Armenia_2005,0,146,9,holidays,holidays,NNS,NN
3198,Armenia_2005,0,146,11,as,as,RB,RB
3199,Armenia_2005,0,146,12,well,well,RB,RB
3200,Armenia_2005,0,146,13,as,as,IN,IN
3201,Armenia_2005,0,146,14,the,the,DT,DT
3202,Armenia_2005,0,146,15,minimum,minimum,JJ,JJ
3203,Armenia_2005,0,146,16,length,length,NN,NN
3204,Armenia_2005,0,146,17,of,of,IN,IN
3205,Armenia_2005,0,146,18,annual,annual,JJ,JJ
3206,Armenia_2005,0,146,19,leave,leave,NN,NN
3207,Armenia_2005,0,147,0,Article,article,NN,NN
3208,Armenia_2005,0,147,1,33.1,331,CD,CD
3209,Armenia_2005,0,147,2,Share,share,NNP,NN
3210,Armenia_2005,0,147,3,Everyone,everyone,NNP,NN
3211,Armenia_2005,0,147,4,shall,shall,MD,MD
3212,Armenia_2005,0,147,5,have,have,VB,VB
3213,Armenia_2005,0,147,6,the,the,DT,DT
3214,Armenia_2005,0,147,7,right,right,NN,NN
3215,Armenia_2005,0,147,8,to,to,TO,TO
3216,Armenia_2005,0,147,9,the,the,DT,DT
3217,Armenia_2005,0,147,10,freedom,freedom,NN,NN
3218,Armenia_2005,0,147,11,of,of,IN,IN
3219,Armenia_2005,0,147,12,enterprise,enterprise,NN,NN
3220,Armenia_2005,0,147,13,not,not,RB,RB
3221,Armenia_2005,0,147,14,prohibited,prohibited,VBN,VB
3222,Armenia_2005,0,147,15,by,by,IN,IN
3223,Armenia_2005,0,147,16,law,law,NN,NN
3224,Armenia_2005,0,148,0,Abuse,abuse,NN,NN
3225,Armenia_2005,0,148,1,of,of,IN,IN
3226,Armenia_2005,0,148,2,monopoly,monopoly,NN,NN
3227,Armenia_2005,0,148,3,or,or,CC,CC
3228,Armenia_2005,0,148,4,prerogative,prerogative,JJ,JJ
3229,Armenia_2005,0,148,5,position,position,NN,NN
3230,Armenia_2005,0,148,6,in,in,IN,IN
3231,Armenia_2005,0,148,7,the,the,DT,DT
3232,Armenia_2005,0,148,8,market,market,NN,NN
3233,Armenia_2005,0,148,9,as,as,RB,RB
3234,Armenia_2005,0,148,10,well,well,RB,RB
3235,Armenia_2005,0,148,11,as,as,IN,IN
3236,Armenia_2005,0,148,12,bad,bad,JJ,JJ
3237,Armenia_2005,0,148,13,faith,faith,NN,NN
3238,Armenia_2005,0,148,14,competition,competition,NN,NN
3239,Armenia_2005,0,148,15,shall,shall,MD,MD
3240,Armenia_2005,0,148,16,be,be,VB,VB
3241,Armenia_2005,0,148,17,prohibited,prohibited,VBN,VB
3242,Armenia_2005,0,149,0,Restrictions,restrictions,NNS,NN
3243,Armenia_2005,0,149,1,on,on,IN,IN
3244,Armenia_2005,0,149,2,competition,competition,NN,NN
3245,Armenia_2005,0,149,4,possible,possible,JJ,JJ
3246,Armenia_2005,0,149,5,types,types,NNS,NN
3247,Armenia_2005,0,149,6,of,of,IN,IN
3248,Armenia_2005,0,149,7,monopoly,monopoly,NN,NN
3249,Armenia_2005,0,149,8,and,and,CC,CC
3250,Armenia_2005,0,149,9,the,the,DT,DT
3251,Armenia_2005,0,149,10,admissible,admissible,JJ,JJ
3252,Armenia_2005,0,149,11,patterns,patterns,NNS,NN
3253,Armenia_2005,0,149,12,thereof,thereof,NN,NN
3254,Armenia_2005,0,149,13,may,may,MD,MD
3255,Armenia_2005,0,149,14,be,be,VB,VB
3256,Armenia_2005,0,149,15,prescribed,prescribed,VBN,VB
3257,Armenia_2005,0,149,16,by,by,IN,IN
3258,Armenia_2005,0,149,17,law,law,NN,NN
3259,Armenia_2005,0,149,19,only,only,RB,RB
3260,Armenia_2005,0,149,20,if,if,IN,IN
3261,Armenia_2005,0,149,21,it,it,PRP,PR
3262,Armenia_2005,0,149,22,is,is,VBZ,VB
3263,Armenia_2005,0,149,23,necessary,necessary,JJ,JJ
3264,Armenia_2005,0,149,24,for,for,IN,IN
3265,Armenia_2005,0,149,25,the,the,DT,DT
3266,Armenia_2005,0,149,26,protection,protection,NN,NN
3267,Armenia_2005,0,149,27,of,of,IN,IN
3268,Armenia_2005,0,149,28,public,public,JJ,JJ
3269,Armenia_2005,0,149,29,interests,interests,NNS,NN
3270,Armenia_2005,0,150,0,Article,article,NN,NN
3271,Armenia_2005,0,150,1,33.2,332,CD,CD
3272,Armenia_2005,0,150,2,Share,share,NNP,NN
3273,Armenia_2005,0,150,3,Everyone,everyone,NNP,NN
3274,Armenia_2005,0,150,4,shall,shall,MD,MD
3275,Armenia_2005,0,150,5,have,have,VB,VB
3276,Armenia_2005,0,150,6,the,the,DT,DT
3277,Armenia_2005,0,150,7,right,right,NN,NN
3278,Armenia_2005,0,150,8,to,to,TO,TO
3279,Armenia_2005,0,150,9,live,live,VB,VB
3280,Armenia_2005,0,150,10,in,in,IN,IN
3281,Armenia_2005,0,150,11,an,an,DT,DT
3282,Armenia_2005,0,150,12,environment,environment,NN,NN
3283,Armenia_2005,0,150,13,favorable,favorable,JJ,JJ
3284,Armenia_2005,0,150,14,to,to,TO,TO
3285,Armenia_2005,0,150,15,his/her,hisher,VB,VB
3286,Armenia_2005,0,150,16,health,health,NN,NN
3287,Armenia_2005,0,150,17,and,and,CC,CC
3288,Armenia_2005,0,150,18,well-being,wellbeing,NN,NN
3289,Armenia_2005,0,150,20,and,and,CC,CC
3290,Armenia_2005,0,150,21,shall,shall,MD,MD
3291,Armenia_2005,0,150,22,be,be,VB,VB
3292,Armenia_2005,0,150,23,obliged,obliged,VBN,VB
3293,Armenia_2005,0,150,24,to,to,TO,TO
3294,Armenia_2005,0,150,26,individually,individually,RB,RB
3295,Armenia_2005,0,150,27,or,or,CC,CC
3296,Armenia_2005,0,150,28,as,as,IN,IN
3297,Armenia_2005,0,150,29,a,a,DT,DT
3298,Armenia_2005,0,150,30,group,group,NN,NN
3299,Armenia_2005,0,150,32,protect,protect,NN,NN
3300,Armenia_2005,0,150,33,and,and,CC,CC
3301,Armenia_2005,0,150,34,improve,improve,VB,VB
3302,Armenia_2005,0,150,35,it,it,PRP,PR
3303,Armenia_2005,0,151,0,The,the,DT,DT
3304,Armenia_2005,0,151,1,public,public,NN,NN
3305,Armenia_2005,0,151,2,officials,officials,NNS,NN
3306,Armenia_2005,0,151,3,shall,shall,MD,MD
3307,Armenia_2005,0,151,4,be,be,VB,VB
3308,Armenia_2005,0,151,5,held,held,VBN,VB
3309,Armenia_2005,0,151,6,responsible,responsible,JJ,JJ
3310,Armenia_2005,0,151,7,for,for,IN,IN
3311,Armenia_2005,0,151,8,the,the,DT,DT
3312,Armenia_2005,0,151,9,concealment,concealment,NN,NN
3313,Armenia_2005,0,151,10,of,of,IN,IN
3314,Armenia_2005,0,151,11,or,or,CC,CC
3315,Armenia_2005,0,151,12,the,the,DT,DT
3316,Armenia_2005,0,151,13,denial,denial,NN,NN
3317,Armenia_2005,0,151,14,of,of,IN,IN
3318,Armenia_2005,0,151,15,access,access,NN,NN
3319,Armenia_2005,0,151,16,to,to,TO,TO
3320,Armenia_2005,0,151,17,information,information,NN,NN
3321,Armenia_2005,0,151,18,on,on,IN,IN
3322,Armenia_2005,0,151,19,environmental,environmental,JJ,JJ
3323,Armenia_2005,0,151,20,issues,issues,NNS,NN
3324,Armenia_2005,0,152,0,Article,article,NN,NN
3325,Armenia_2005,0,152,1,34,34,CD,CD
3326,Armenia_2005,0,152,2,Share,share,NNP,NN
3327,Armenia_2005,0,152,3,Everyone,everyone,NNP,NN
3328,Armenia_2005,0,152,4,shall,shall,MD,MD
3329,Armenia_2005,0,152,5,have,have,VB,VB
3330,Armenia_2005,0,152,6,the,the,DT,DT
3331,Armenia_2005,0,152,7,right,right,NN,NN
3332,Armenia_2005,0,152,8,to,to,TO,TO
3333,Armenia_2005,0,152,9,a,a,DT,DT
3334,Armenia_2005,0,152,10,standard,standard,NN,NN
3335,Armenia_2005,0,152,11,of,of,IN,IN
3336,Armenia_2005,0,152,12,living,living,NN,NN
3337,Armenia_2005,0,152,13,adequate,adequate,NN,NN
3338,Armenia_2005,0,152,14,for,for,IN,IN
3339,Armenia_2005,0,152,15,himself/herself,himselfherself,NN,NN
3340,Armenia_2005,0,152,16,and,and,CC,CC
3341,Armenia_2005,0,152,17,for,for,IN,IN
3342,Armenia_2005,0,152,18,his/her,hisher,JJR,JJ
3343,Armenia_2005,0,152,19,family,family,NN,NN
3344,Armenia_2005,0,152,21,including,including,VBG,VB
3345,Armenia_2005,0,152,22,housing,housing,NN,NN
3346,Armenia_2005,0,152,23,as,as,RB,RB
3347,Armenia_2005,0,152,24,well,well,RB,RB
3348,Armenia_2005,0,152,25,as,as,IN,IN
3349,Armenia_2005,0,152,26,the,the,DT,DT
3350,Armenia_2005,0,152,27,improvement,improvement,NN,NN
3351,Armenia_2005,0,152,28,of,of,IN,IN
3352,Armenia_2005,0,152,29,living,living,NN,NN
3353,Armenia_2005,0,152,30,conditions,conditions,NNS,NN
3354,Armenia_2005,0,153,0,The,the,DT,DT
3355,Armenia_2005,0,153,1,State,state,NNP,NN
3356,Armenia_2005,0,153,2,shall,shall,MD,MD
3357,Armenia_2005,0,153,3,take,take,VB,VB
3358,Armenia_2005,0,153,4,the,the,DT,DT
3359,Armenia_2005,0,153,5,necessary,necessary,JJ,JJ
3360,Armenia_2005,0,153,6,measures,measures,NNS,NN
3361,Armenia_2005,0,153,7,for,for,IN,IN
3362,Armenia_2005,0,153,8,the,the,DT,DT
3363,Armenia_2005,0,153,9,exercise,exercise,NN,NN
3364,Armenia_2005,0,153,10,of,of,IN,IN
3365,Armenia_2005,0,153,11,this,this,DT,DT
3366,Armenia_2005,0,153,12,right,right,NN,NN
3367,Armenia_2005,0,153,13,by,by,IN,IN
3368,Armenia_2005,0,153,14,the,the,DT,DT
3369,Armenia_2005,0,153,15,citizens,citizens,NNS,NN
3370,Armenia_2005,0,154,0,Article,article,NN,NN
3371,Armenia_2005,0,154,1,35,35,CD,CD
3372,Armenia_2005,0,154,2,Share,share,NNP,NN
3373,Armenia_2005,0,154,3,The,the,DT,DT
3374,Armenia_2005,0,154,4,family,family,NN,NN
3375,Armenia_2005,0,154,5,is,is,VBZ,VB
3376,Armenia_2005,0,154,6,the,the,DT,DT
3377,Armenia_2005,0,154,7,natural,natural,JJ,JJ
3378,Armenia_2005,0,154,8,and,and,CC,CC
3379,Armenia_2005,0,154,9,fundamental,fundamental,JJ,JJ
3380,Armenia_2005,0,154,10,cell,cell,NN,NN
3381,Armenia_2005,0,154,11,of,of,IN,IN
3382,Armenia_2005,0,154,12,the,the,DT,DT
3383,Armenia_2005,0,154,13,society,society,NN,NN
3384,Armenia_2005,0,155,0,A,a,DT,DT
3385,Armenia_2005,0,155,1,woman,woman,NN,NN
3386,Armenia_2005,0,155,2,and,and,CC,CC
3387,Armenia_2005,0,155,3,a,a,DT,DT
3388,Armenia_2005,0,155,4,man,man,NN,NN
3389,Armenia_2005,0,155,5,of,of,IN,IN
3390,Armenia_2005,0,155,6,marriageable,marriageable,JJ,JJ
3391,Armenia_2005,0,155,7,age,age,NN,NN
3392,Armenia_2005,0,155,8,shall,shall,MD,MD
3393,Armenia_2005,0,155,9,have,have,VB,VB
3394,Armenia_2005,0,155,10,the,the,DT,DT
3395,Armenia_2005,0,155,11,right,right,NN,NN
3396,Armenia_2005,0,155,12,to,to,TO,TO
3397,Armenia_2005,0,155,13,marry,marry,VB,VB
3398,Armenia_2005,0,155,14,and,and,CC,CC
3399,Armenia_2005,0,155,15,to,to,TO,TO
3400,Armenia_2005,0,155,16,create,create,VB,VB
3401,Armenia_2005,0,155,17,a,a,DT,DT
3402,Armenia_2005,0,155,18,family,family,NN,NN
3403,Armenia_2005,0,155,19,in,in,IN,IN
3404,Armenia_2005,0,155,20,the,the,DT,DT
3405,Armenia_2005,0,155,21,free,free,JJ,JJ
3406,Armenia_2005,0,155,22,expression,expression,NN,NN
3407,Armenia_2005,0,155,23,of,of,IN,IN
3408,Armenia_2005,0,155,24,their,their,PRP$,PR
3409,Armenia_2005,0,155,25,will,will,MD,MD
3410,Armenia_2005,0,156,0,They,they,PRP,PR
3411,Armenia_2005,0,156,1,are,are,VBP,VB
3412,Armenia_2005,0,156,2,entitled,entitled,VBN,VB
3413,Armenia_2005,0,156,3,to,to,TO,TO
3414,Armenia_2005,0,156,4,equal,equal,VB,VB
3415,Armenia_2005,0,156,5,rights,rights,NNS,NN
3416,Armenia_2005,0,156,6,as,as,IN,IN
3417,Armenia_2005,0,156,7,during,during,IN,IN
3418,Armenia_2005,0,156,8,the,the,DT,DT
3419,Armenia_2005,0,156,9,engagement,engagement,NN,NN
3420,Armenia_2005,0,156,11,marriage,marriage,NN,NN
3421,Armenia_2005,0,156,12,and,and,CC,CC
3422,Armenia_2005,0,156,13,divorce,divorce,NN,NN
3423,Armenia_2005,0,157,0,It,it,PRP,PR
3424,Armenia_2005,0,157,1,shall,shall,MD,MD
3425,Armenia_2005,0,157,2,be,be,VB,VB
3426,Armenia_2005,0,157,3,prohibited,prohibited,VBN,VB
3427,Armenia_2005,0,157,4,to,to,TO,TO
3428,Armenia_2005,0,157,5,dismiss,dismiss,VB,VB
3429,Armenia_2005,0,157,6,an,an,DT,DT
3430,Armenia_2005,0,157,7,employee,employee,NN,NN
3431,Armenia_2005,0,157,8,on,on,IN,IN
3432,Armenia_2005,0,157,9,grounds,grounds,NNS,NN
3433,Armenia_2005,0,157,10,related,related,VBN,VB
3434,Armenia_2005,0,157,11,to,to,TO,TO
3435,Armenia_2005,0,157,12,motherhood,motherhood,NN,NN
3436,Armenia_2005,0,158,0,Every,every,DT,DT
3437,Armenia_2005,0,158,1,female,female,NN,NN
3438,Armenia_2005,0,158,2,employee,employee,NN,NN
3439,Armenia_2005,0,158,4,in,in,IN,IN
3440,Armenia_2005,0,158,5,the,the,DT,DT
3441,Armenia_2005,0,158,6,case,case,NN,NN
3442,Armenia_2005,0,158,7,of,of,IN,IN
3443,Armenia_2005,0,158,8,pregnancy,pregnancy,NN,NN
3444,Armenia_2005,0,158,9,and,and,CC,CC
3445,Armenia_2005,0,158,10,childbirth,childbirth,NN,NN
3446,Armenia_2005,0,158,12,shall,shall,MD,MD
3447,Armenia_2005,0,158,13,be,be,VB,VB
3448,Armenia_2005,0,158,14,entitled,entitled,VBN,VB
3449,Armenia_2005,0,158,15,to,to,TO,TO
3450,Armenia_2005,0,158,16,the,the,DT,DT
3451,Armenia_2005,0,158,17,right,right,NN,NN
3452,Armenia_2005,0,158,18,for,for,IN,IN
3453,Armenia_2005,0,158,19,paid,paid,VBN,VB
3454,Armenia_2005,0,158,20,maternity,maternity,NN,NN
3455,Armenia_2005,0,158,21,leave,leave,NN,NN
3456,Armenia_2005,0,158,22,and,and,CC,CC
3457,Armenia_2005,0,158,23,the,the,DT,DT
3458,Armenia_2005,0,158,24,right,right,NN,NN
3459,Armenia_2005,0,158,25,of,of,IN,IN
3460,Armenia_2005,0,158,26,parental,parental,JJ,JJ
3461,Armenia_2005,0,158,27,leave,leave,VBP,VB
3462,Armenia_2005,0,158,28,following,following,VBG,VB
3463,Armenia_2005,0,158,29,the,the,DT,DT
3464,Armenia_2005,0,158,30,birth,birth,NN,NN
3465,Armenia_2005,0,158,31,or,or,CC,CC
3466,Armenia_2005,0,158,32,adoption,adoption,NN,NN
3467,Armenia_2005,0,158,33,of,of,IN,IN
3468,Armenia_2005,0,158,34,a,a,DT,DT
3469,Armenia_2005,0,158,35,child,child,NN,NN
3470,Armenia_2005,0,159,0,Article,article,NN,NN
3471,Armenia_2005,0,159,1,36,36,CD,CD
3472,Armenia_2005,0,159,2,Share,share,NNP,NN
3473,Armenia_2005,0,159,3,The,the,DT,DT
3474,Armenia_2005,0,159,4,parents,parents,NNS,NN
3475,Armenia_2005,0,159,5,shall,shall,MD,MD
3476,Armenia_2005,0,159,6,have,have,VB,VB
3477,Armenia_2005,0,159,7,the,the,DT,DT
3478,Armenia_2005,0,159,8,right,right,NN,NN
3479,Armenia_2005,0,159,9,and,and,CC,CC
3480,Armenia_2005,0,159,10,obligation,obligation,NN,NN
3481,Armenia_2005,0,159,11,to,to,TO,TO
3482,Armenia_2005,0,159,12,take,take,VB,VB
3483,Armenia_2005,0,159,13,care,care,NN,NN
3484,Armenia_2005,0,159,14,of,of,IN,IN
3485,Armenia_2005,0,159,15,the,the,DT,DT
3486,Armenia_2005,0,159,16,education,education,NN,NN
3487,Armenia_2005,0,159,17,and,and,CC,CC
3488,Armenia_2005,0,159,18,health,health,NN,NN
3489,Armenia_2005,0,159,19,as,as,RB,RB
3490,Armenia_2005,0,159,20,well,well,RB,RB
3491,Armenia_2005,0,159,21,as,as,IN,IN
3492,Armenia_2005,0,159,22,the,the,DT,DT
3493,Armenia_2005,0,159,23,full,full,JJ,JJ
3494,Armenia_2005,0,159,24,and,and,CC,CC
3495,Armenia_2005,0,159,25,harmonious,harmonious,JJ,JJ
3496,Armenia_2005,0,159,26,development,development,NN,NN
3497,Armenia_2005,0,159,27,of,of,IN,IN
3498,Armenia_2005,0,159,28,their,their,PRP$,PR
3499,Armenia_2005,0,159,29,children,children,NNS,NN
3500,Armenia_2005,0,160,0,No,no,DT,DT
3501,Armenia_2005,0,160,1,one,one,NN,NN
3502,Armenia_2005,0,160,2,can,can,MD,MD
3503,Armenia_2005,0,160,3,be,be,VB,VB
3504,Armenia_2005,0,160,4,deprived,deprived,VBN,VB
3505,Armenia_2005,0,160,5,of,of,IN,IN
3506,Armenia_2005,0,160,6,or,or,CC,CC
3507,Armenia_2005,0,160,7,restricted,restricted,VBN,VB
3508,Armenia_2005,0,160,8,in,in,IN,IN
3509,Armenia_2005,0,160,9,his/her,hisher,NN,NN
3510,Armenia_2005,0,160,10,parental,parental,JJ,JJ
3511,Armenia_2005,0,160,11,rights,rights,NNS,NN
3512,Armenia_2005,0,160,12,save,save,VBN,VB
3513,Armenia_2005,0,160,13,by,by,IN,IN
3514,Armenia_2005,0,160,14,the,the,DT,DT
3515,Armenia_2005,0,160,15,decision,decision,NN,NN
3516,Armenia_2005,0,160,16,of,of,IN,IN
3517,Armenia_2005,0,160,17,the,the,DT,DT
3518,Armenia_2005,0,160,18,court,court,NN,NN
3519,Armenia_2005,0,160,19,in,in,IN,IN
3520,Armenia_2005,0,160,20,conformity,conformity,NN,NN
3521,Armenia_2005,0,160,21,with,with,IN,IN
3522,Armenia_2005,0,160,22,the,the,DT,DT
3523,Armenia_2005,0,160,23,procedures,procedures,NNS,NN
3524,Armenia_2005,0,160,24,prescribed,prescribed,VBN,VB
3525,Armenia_2005,0,160,25,by,by,IN,IN
3526,Armenia_2005,0,160,26,law,law,NN,NN
3527,Armenia_2005,0,161,0,Adult,adult,NNP,NN
3528,Armenia_2005,0,161,1,capable,capable,JJ,JJ
3529,Armenia_2005,0,161,2,persons,persons,NNS,NN
3530,Armenia_2005,0,161,3,are,are,VBP,VB
3531,Armenia_2005,0,161,4,obliged,obliged,VBN,VB
3532,Armenia_2005,0,161,5,to,to,TO,TO
3533,Armenia_2005,0,161,6,take,take,VB,VB
3534,Armenia_2005,0,161,7,care,care,NN,NN
3535,Armenia_2005,0,161,8,of,of,IN,IN
3536,Armenia_2005,0,161,9,their,their,PRP$,PR
3537,Armenia_2005,0,161,10,parents,parents,NNS,NN
3538,Armenia_2005,0,161,11,who,who,WP,WP
3539,Armenia_2005,0,161,12,are,are,VBP,VB
3540,Armenia_2005,0,161,13,incapacitated,incapacitated,VBN,VB
3541,Armenia_2005,0,161,14,and,and,CC,CC
3542,Armenia_2005,0,161,15,in,in,IN,IN
3543,Armenia_2005,0,161,16,need,need,NN,NN
3544,Armenia_2005,0,161,17,of,of,IN,IN
3545,Armenia_2005,0,161,18,such,such,JJ,JJ
3546,Armenia_2005,0,161,19,care,care,NN,NN
3547,Armenia_2005,0,162,0,Article,article,NN,NN
3548,Armenia_2005,0,162,1,37,37,CD,CD
3549,Armenia_2005,0,162,2,Share,share,NNP,NN
3550,Armenia_2005,0,162,3,Everyone,everyone,NNP,NN
3551,Armenia_2005,0,162,4,shall,shall,MD,MD
3552,Armenia_2005,0,162,5,have,have,VB,VB
3553,Armenia_2005,0,162,6,the,the,DT,DT
3554,Armenia_2005,0,162,7,right,right,NN,NN
3555,Armenia_2005,0,162,8,to,to,TO,TO
3556,Armenia_2005,0,162,9,social,social,JJ,JJ
3557,Armenia_2005,0,162,10,security,security,NN,NN
3558,Armenia_2005,0,162,11,during,during,IN,IN
3559,Armenia_2005,0,162,12,old,old,JJ,JJ
3560,Armenia_2005,0,162,13,age,age,NN,NN
3561,Armenia_2005,0,162,15,disability,disability,NN,NN
3562,Armenia_2005,0,162,17,loss,loss,NN,NN
3563,Armenia_2005,0,162,18,of,of,IN,IN
3564,Armenia_2005,0,162,19,bread,bread,JJ,JJ
3565,Armenia_2005,0,162,20,winner,winner,NN,NN
3566,Armenia_2005,0,162,22,unemployment,unemployment,NN,NN
3567,Armenia_2005,0,162,23,and,and,CC,CC
3568,Armenia_2005,0,162,24,other,other,JJ,JJ
3569,Armenia_2005,0,162,25,cases,cases,NNS,NN
3570,Armenia_2005,0,162,26,prescribed,prescribed,VBN,VB
3571,Armenia_2005,0,162,27,by,by,IN,IN
3572,Armenia_2005,0,162,28,law,law,NN,NN
3573,Armenia_2005,0,163,0,The,the,DT,DT
3574,Armenia_2005,0,163,1,amount,amount,NN,NN
3575,Armenia_2005,0,163,2,and,and,CC,CC
3576,Armenia_2005,0,163,3,forms,forms,NNS,NN
3577,Armenia_2005,0,163,4,of,of,IN,IN
3578,Armenia_2005,0,163,5,social,social,JJ,JJ
3579,Armenia_2005,0,163,6,security,security,NN,NN
3580,Armenia_2005,0,163,7,shall,shall,MD,MD
3581,Armenia_2005,0,163,8,be,be,VB,VB
3582,Armenia_2005,0,163,9,prescribed,prescribed,VBN,VB
3583,Armenia_2005,0,163,10,by,by,IN,IN
3584,Armenia_2005,0,163,11,law,law,NN,NN
3585,Armenia_2005,0,164,0,Article,article,NN,NN
3586,Armenia_2005,0,164,1,38,38,CD,CD
3587,Armenia_2005,0,164,2,Share,share,NNP,NN
3588,Armenia_2005,0,164,3,Everyone,everyone,NNP,NN
3589,Armenia_2005,0,164,4,shall,shall,MD,MD
3590,Armenia_2005,0,164,5,have,have,VB,VB
3591,Armenia_2005,0,164,6,the,the,DT,DT
3592,Armenia_2005,0,164,7,right,right,NN,NN
3593,Armenia_2005,0,164,8,to,to,TO,TO
3594,Armenia_2005,0,164,9,medical,medical,JJ,JJ
3595,Armenia_2005,0,164,10,assistance,assistance,NN,NN
3596,Armenia_2005,0,164,11,and,and,CC,CC
3597,Armenia_2005,0,164,12,service,service,NN,NN
3598,Armenia_2005,0,164,13,in,in,IN,IN
3599,Armenia_2005,0,164,14,the,the,DT,DT
3600,Armenia_2005,0,164,15,manner,manner,NN,NN
3601,Armenia_2005,0,164,16,provided,provided,VBD,VB
3602,Armenia_2005,0,164,17,for,for,IN,IN
3603,Armenia_2005,0,164,18,by,by,IN,IN
3604,Armenia_2005,0,164,19,law,law,NN,NN
3605,Armenia_2005,0,165,0,Everyone,everyone,NN,NN
3606,Armenia_2005,0,165,1,shall,shall,MD,MD
3607,Armenia_2005,0,165,2,be,be,VB,VB
3608,Armenia_2005,0,165,3,entitled,entitled,VBN,VB
3609,Armenia_2005,0,165,4,to,to,TO,TO
3610,Armenia_2005,0,165,5,free,free,VB,VB
3611,Armenia_2005,0,165,6,basic,basic,JJ,JJ
3612,Armenia_2005,0,165,7,medical,medical,JJ,JJ
3613,Armenia_2005,0,165,8,services,services,NNS,NN
3614,Armenia_2005,0,166,0,The,the,DT,DT
3615,Armenia_2005,0,166,1,list,list,NN,NN
3616,Armenia_2005,0,166,2,and,and,CC,CC
3617,Armenia_2005,0,166,3,regulation,regulation,NN,NN
3618,Armenia_2005,0,166,4,for,for,IN,IN
3619,Armenia_2005,0,166,5,provision,provision,NN,NN
3620,Armenia_2005,0,166,6,of,of,IN,IN
3621,Armenia_2005,0,166,7,such,such,JJ,JJ
3622,Armenia_2005,0,166,8,services,services,NNS,NN
3623,Armenia_2005,0,166,9,shall,shall,MD,MD
3624,Armenia_2005,0,166,10,be,be,VB,VB
3625,Armenia_2005,0,166,11,prescribed,prescribed,VBN,VB
3626,Armenia_2005,0,166,12,by,by,IN,IN
3627,Armenia_2005,0,166,13,law,law,NN,NN
3628,Armenia_2005,0,167,0,Article,article,NN,NN
3629,Armenia_2005,0,167,1,39,39,CD,CD
3630,Armenia_2005,0,167,2,Share,share,NNP,NN
3631,Armenia_2005,0,167,3,Everyone,everyone,NNP,NN
3632,Armenia_2005,0,167,4,shall,shall,MD,MD
3633,Armenia_2005,0,167,5,have,have,VB,VB
3634,Armenia_2005,0,167,6,a,a,DT,DT
3635,Armenia_2005,0,167,7,right,right,NN,NN
3636,Armenia_2005,0,167,8,to,to,TO,TO
3637,Armenia_2005,0,167,9,education,education,NN,NN
3638,Armenia_2005,0,168,0,Basic,basic,JJ,JJ
3639,Armenia_2005,0,168,1,general,general,JJ,JJ
3640,Armenia_2005,0,168,2,education,education,NN,NN
3641,Armenia_2005,0,168,3,is,is,VBZ,VB
3642,Armenia_2005,0,168,4,compulsory,compulsory,JJ,JJ
3643,Armenia_2005,0,168,5,with,with,IN,IN
3644,Armenia_2005,0,168,6,the,the,DT,DT
3645,Armenia_2005,0,168,7,exception,exception,NN,NN
3646,Armenia_2005,0,168,8,of,of,IN,IN
3647,Armenia_2005,0,168,9,cases,cases,NNS,NN
3648,Armenia_2005,0,168,10,provided,provided,VBN,VB
3649,Armenia_2005,0,168,11,for,for,IN,IN
3650,Armenia_2005,0,168,12,by,by,IN,IN
3651,Armenia_2005,0,168,13,law,law,NN,NN
3652,Armenia_2005,0,169,0,The,the,DT,DT
3653,Armenia_2005,0,169,1,law,law,NN,NN
3654,Armenia_2005,0,169,2,may,may,MD,MD
3655,Armenia_2005,0,169,3,provide,provide,VB,VB
3656,Armenia_2005,0,169,4,for,for,IN,IN
3657,Armenia_2005,0,169,5,a,a,DT,DT
3658,Armenia_2005,0,169,6,higher,higher,JJR,JJ
3659,Armenia_2005,0,169,7,threshold,threshold,NN,NN
3660,Armenia_2005,0,169,8,of,of,IN,IN
3661,Armenia_2005,0,169,9,compulsory,compulsory,JJ,JJ
3662,Armenia_2005,0,169,10,education,education,NN,NN
3663,Armenia_2005,0,170,0,Secondary,secondary,JJ,JJ
3664,Armenia_2005,0,170,1,education,education,NN,NN
3665,Armenia_2005,0,170,2,in,in,IN,IN
3666,Armenia_2005,0,170,3,state,state,NN,NN
3667,Armenia_2005,0,170,4,educational,educational,JJ,JJ
3668,Armenia_2005,0,170,5,institutions,institutions,NNS,NN
3669,Armenia_2005,0,170,6,shall,shall,MD,MD
3670,Armenia_2005,0,170,7,be,be,VB,VB
3671,Armenia_2005,0,170,8,free,free,JJ,JJ
3672,Armenia_2005,0,171,0,The,the,DT,DT
3673,Armenia_2005,0,171,1,law,law,NN,NN
3674,Armenia_2005,0,171,2,shall,shall,MD,MD
3675,Armenia_2005,0,171,3,define,define,VB,VB
3676,Armenia_2005,0,171,4,the,the,DT,DT
3677,Armenia_2005,0,171,5,principles,principles,NNS,NN
3678,Armenia_2005,0,171,6,of,of,IN,IN
3679,Armenia_2005,0,171,7,autonomy,autonomy,NN,NN
3680,Armenia_2005,0,171,8,for,for,IN,IN
3681,Armenia_2005,0,171,9,institutions,institutions,NNS,NN
3682,Armenia_2005,0,171,10,of,of,IN,IN
3683,Armenia_2005,0,171,11,higher,higher,JJR,JJ
3684,Armenia_2005,0,171,12,education,education,NN,NN
3685,Armenia_2005,0,172,0,The,the,DT,DT
3686,Armenia_2005,0,172,1,procedures,procedures,NNS,NN
3687,Armenia_2005,0,172,2,for,for,IN,IN
3688,Armenia_2005,0,172,3,establishing,establishing,VBG,VB
3689,Armenia_2005,0,172,4,and,and,CC,CC
3690,Armenia_2005,0,172,5,operating,operating,VBG,VB
3691,Armenia_2005,0,172,6,educational,educational,JJ,JJ
3692,Armenia_2005,0,172,7,institutions,institutions,NNS,NN
3693,Armenia_2005,0,172,8,shall,shall,MD,MD
3694,Armenia_2005,0,172,9,be,be,VB,VB
3695,Armenia_2005,0,172,10,defined,defined,VBN,VB
3696,Armenia_2005,0,172,11,by,by,IN,IN
3697,Armenia_2005,0,172,12,law,law,NN,NN
3698,Armenia_2005,0,173,0,Each,each,DT,DT
3699,Armenia_2005,0,173,1,citizen,citizen,NN,NN
3700,Armenia_2005,0,173,2,shall,shall,MD,MD
3701,Armenia_2005,0,173,3,be,be,VB,VB
3702,Armenia_2005,0,173,4,entitled,entitled,VBN,VB
3703,Armenia_2005,0,173,5,to,to,TO,TO
3704,Armenia_2005,0,173,6,free,free,JJ,JJ
3705,Armenia_2005,0,173,7,education,education,NN,NN
3706,Armenia_2005,0,173,8,in,in,IN,IN
3707,Armenia_2005,0,173,9,state,state,NN,NN
3708,Armenia_2005,0,173,10,institutions,institutions,NNS,NN
3709,Armenia_2005,0,173,11,of,of,IN,IN
3710,Armenia_2005,0,173,12,higher,higher,JJR,JJ
3711,Armenia_2005,0,173,13,and,and,CC,CC
3712,Armenia_2005,0,173,14,other,other,JJ,JJ
3713,Armenia_2005,0,173,15,professional,professional,JJ,JJ
3714,Armenia_2005,0,173,16,education,education,NN,NN
3715,Armenia_2005,0,173,17,institutions,institutions,NNS,NN
3716,Armenia_2005,0,173,18,on,on,IN,IN
3717,Armenia_2005,0,173,19,the,the,DT,DT
3718,Armenia_2005,0,173,20,basis,basis,NN,NN
3719,Armenia_2005,0,173,21,of,of,IN,IN
3720,Armenia_2005,0,173,22,competition,competition,NN,NN
3721,Armenia_2005,0,173,23,as,as,IN,IN
3722,Armenia_2005,0,173,24,prescribed,prescribed,VBN,VB
3723,Armenia_2005,0,173,25,by,by,IN,IN
3724,Armenia_2005,0,173,26,law,law,NN,NN
3725,Armenia_2005,0,174,0,In,in,IN,IN
3726,Armenia_2005,0,174,1,the,the,DT,DT
3727,Armenia_2005,0,174,2,cases,cases,NNS,NN
3728,Armenia_2005,0,174,3,and,and,CC,CC
3729,Armenia_2005,0,174,4,in,in,IN,IN
3730,Armenia_2005,0,174,5,conformity,conformity,NN,NN
3731,Armenia_2005,0,174,6,with,with,IN,IN
3732,Armenia_2005,0,174,7,the,the,DT,DT
3733,Armenia_2005,0,174,8,procedure,procedure,NN,NN
3734,Armenia_2005,0,174,9,prescribed,prescribed,VBN,VB
3735,Armenia_2005,0,174,10,by,by,IN,IN
3736,Armenia_2005,0,174,11,law,law,NN,NN
3737,Armenia_2005,0,174,13,the,the,DT,DT
3738,Armenia_2005,0,174,14,State,state,NNP,NN
3739,Armenia_2005,0,174,15,shall,shall,MD,MD
3740,Armenia_2005,0,174,16,provide,provide,VB,VB
3741,Armenia_2005,0,174,17,financial,financial,JJ,JJ
3742,Armenia_2005,0,174,18,and,and,CC,CC
3743,Armenia_2005,0,174,19,other,other,JJ,JJ
3744,Armenia_2005,0,174,20,assistance,assistance,NN,NN
3745,Armenia_2005,0,174,21,to,to,TO,TO
3746,Armenia_2005,0,174,22,institutions,institutions,NNS,NN
3747,Armenia_2005,0,174,23,of,of,IN,IN
3748,Armenia_2005,0,174,24,higher,higher,JJR,JJ
3749,Armenia_2005,0,174,25,and,and,CC,CC
3750,Armenia_2005,0,174,26,other,other,JJ,JJ
3751,Armenia_2005,0,174,27,professional,professional,JJ,JJ
3752,Armenia_2005,0,174,28,education,education,NN,NN
3753,Armenia_2005,0,174,29,as,as,RB,RB
3754,Armenia_2005,0,174,30,well,well,RB,RB
3755,Armenia_2005,0,174,31,as,as,IN,IN
3756,Armenia_2005,0,174,32,their,their,PRP$,PR
3757,Armenia_2005,0,174,33,students,students,NNS,NN
3758,Armenia_2005,0,175,0,Article,article,NN,NN
3759,Armenia_2005,0,175,1,40,40,CD,CD
3760,Armenia_2005,0,175,2,Share,share,NNP,NN
3761,Armenia_2005,0,175,3,Everyone,everyone,NNP,NN
3762,Armenia_2005,0,175,4,shall,shall,MD,MD
3763,Armenia_2005,0,175,5,have,have,VB,VB
3764,Armenia_2005,0,175,6,the,the,DT,DT
3765,Armenia_2005,0,175,7,right,right,NN,NN
3766,Armenia_2005,0,175,8,to,to,TO,TO
3767,Armenia_2005,0,175,9,the,the,DT,DT
3768,Armenia_2005,0,175,10,freedom,freedom,NN,NN
3769,Armenia_2005,0,175,11,of,of,IN,IN
3770,Armenia_2005,0,175,12,literary,literary,JJ,JJ
3771,Armenia_2005,0,175,14,aesthetic,aesthetic,JJ,JJ
3772,Armenia_2005,0,175,16,scientific,scientific,JJ,JJ
3773,Armenia_2005,0,175,17,and,and,CC,CC
3774,Armenia_2005,0,175,18,technical,technical,JJ,JJ
3775,Armenia_2005,0,175,19,creation,creation,NN,NN
3776,Armenia_2005,0,175,21,to,to,TO,TO
3777,Armenia_2005,0,175,22,make,make,VB,VB
3778,Armenia_2005,0,175,23,use,use,NN,NN
3779,Armenia_2005,0,175,24,of,of,IN,IN
3780,Armenia_2005,0,175,25,the,the,DT,DT
3781,Armenia_2005,0,175,26,scientific,scientific,JJ,JJ
3782,Armenia_2005,0,175,27,advancement,advancement,NN,NN
3783,Armenia_2005,0,175,28,and,and,CC,CC
3784,Armenia_2005,0,175,29,to,to,TO,TO
3785,Armenia_2005,0,175,30,participate,participate,VB,VB
3786,Armenia_2005,0,175,31,in,in,IN,IN
3787,Armenia_2005,0,175,32,the,the,DT,DT
3788,Armenia_2005,0,175,33,cultural,cultural,JJ,JJ
3789,Armenia_2005,0,175,34,life,life,NN,NN
3790,Armenia_2005,0,175,35,of,of,IN,IN
3791,Armenia_2005,0,175,36,the,the,DT,DT
3792,Armenia_2005,0,175,37,society,society,NN,NN
3793,Armenia_2005,0,176,0,Article,article,NN,NN
3794,Armenia_2005,0,176,1,41,41,CD,CD
3795,Armenia_2005,0,176,2,Share,share,NNP,NN
3796,Armenia_2005,0,176,3,Everyone,everyone,NNP,NN
3797,Armenia_2005,0,176,4,shall,shall,MD,MD
3798,Armenia_2005,0,176,5,be,be,VB,VB
3799,Armenia_2005,0,176,6,entitled,entitled,VBN,VB
3800,Armenia_2005,0,176,7,to,to,TO,TO
3801,Armenia_2005,0,176,8,preserve,preserve,VB,VB
3802,Armenia_2005,0,176,9,his/her,hisher,PRP$,PR
3803,Armenia_2005,0,176,10,national,national,JJ,JJ
3804,Armenia_2005,0,176,11,and,and,CC,CC
3805,Armenia_2005,0,176,12,ethnic,ethnic,JJ,JJ
3806,Armenia_2005,0,176,13,identity,identity,NN,NN
3807,Armenia_2005,0,177,0,People,people,NNS,NN
3808,Armenia_2005,0,177,1,belonging,belonging,VBG,VB
3809,Armenia_2005,0,177,2,to,to,TO,TO
3810,Armenia_2005,0,177,3,national,national,JJ,JJ
3811,Armenia_2005,0,177,4,minorities,minorities,NNS,NN
3812,Armenia_2005,0,177,5,shall,shall,MD,MD
3813,Armenia_2005,0,177,6,be,be,VB,VB
3814,Armenia_2005,0,177,7,entitled,entitled,VBN,VB
3815,Armenia_2005,0,177,8,to,to,TO,TO
3816,Armenia_2005,0,177,9,the,the,DT,DT
3817,Armenia_2005,0,177,10,preservation,preservation,NN,NN
3818,Armenia_2005,0,177,11,and,and,CC,CC
3819,Armenia_2005,0,177,12,development,development,NN,NN
3820,Armenia_2005,0,177,13,of,of,IN,IN
3821,Armenia_2005,0,177,14,their,their,PRP$,PR
3822,Armenia_2005,0,177,15,traditions,traditions,NNS,NN
3823,Armenia_2005,0,177,17,religion,religion,NN,NN
3824,Armenia_2005,0,177,19,language,language,NN,NN
3825,Armenia_2005,0,177,20,and,and,CC,CC
3826,Armenia_2005,0,177,21,culture,culture,NN,NN
3827,Armenia_2005,0,178,0,Article,article,NN,NN
3828,Armenia_2005,0,178,1,42,42,CD,CD
3829,Armenia_2005,0,178,2,Share,share,NNP,NN
3830,Armenia_2005,0,178,3,The,the,DT,DT
3831,Armenia_2005,0,178,4,fundamental,fundamental,JJ,JJ
3832,Armenia_2005,0,178,5,human,human,NN,NN
3833,Armenia_2005,0,178,6,and,and,CC,CC
3834,Armenia_2005,0,178,7,civil,civil,JJ,JJ
3835,Armenia_2005,0,178,8,rights,rights,NNS,NN
3836,Armenia_2005,0,178,9,and,and,CC,CC
3837,Armenia_2005,0,178,10,freedoms,freedoms,NNS,NN
3838,Armenia_2005,0,178,11,stipulated,stipulated,VBN,VB
3839,Armenia_2005,0,178,12,in,in,IN,IN
3840,Armenia_2005,0,178,13,the,the,DT,DT
3841,Armenia_2005,0,178,14,Constitution,constitution,NNP,NN
3842,Armenia_2005,0,178,15,shall,shall,MD,MD
3843,Armenia_2005,0,178,16,not,not,RB,RB
3844,Armenia_2005,0,178,17,exclude,exclude,VB,VB
3845,Armenia_2005,0,178,18,other,other,JJ,JJ
3846,Armenia_2005,0,178,19,rights,rights,NNS,NN
3847,Armenia_2005,0,178,20,and,and,CC,CC
3848,Armenia_2005,0,178,21,freedoms,freedoms,NNS,NN
3849,Armenia_2005,0,178,22,provided,provided,VBN,VB
3850,Armenia_2005,0,178,23,for,for,IN,IN
3851,Armenia_2005,0,178,24,by,by,IN,IN
3852,Armenia_2005,0,178,25,laws,laws,NNS,NN
3853,Armenia_2005,0,178,26,and,and,CC,CC
3854,Armenia_2005,0,178,27,international,international,JJ,JJ
3855,Armenia_2005,0,178,28,treaties,treaties,NNS,NN
3856,Armenia_2005,0,179,0,Everyone,everyone,NN,NN
3857,Armenia_2005,0,179,1,shall,shall,MD,MD
3858,Armenia_2005,0,179,2,have,have,VB,VB
3859,Armenia_2005,0,179,3,the,the,DT,DT
3860,Armenia_2005,0,179,4,right,right,NN,NN
3861,Armenia_2005,0,179,5,to,to,TO,TO
3862,Armenia_2005,0,179,6,act,act,VB,VB
3863,Armenia_2005,0,179,7,in,in,IN,IN
3864,Armenia_2005,0,179,8,a,a,DT,DT
3865,Armenia_2005,0,179,9,way,way,NN,NN
3866,Armenia_2005,0,179,10,not,not,RB,RB
3867,Armenia_2005,0,179,11,prohibited,prohibited,VBN,VB
3868,Armenia_2005,0,179,12,by,by,IN,IN
3869,Armenia_2005,0,179,13,law,law,NN,NN
3870,Armenia_2005,0,179,14,and,and,CC,CC
3871,Armenia_2005,0,179,15,not,not,RB,RB
3872,Armenia_2005,0,179,16,violating,violating,VBG,VB
3873,Armenia_2005,0,179,17,others,others,NNS,NN
3874,Armenia_2005,0,179,19,rights,rights,NNS,NN
3875,Armenia_2005,0,179,20,and,and,CC,CC
3876,Armenia_2005,0,179,21,freedoms,freedoms,NNS,NN
3877,Armenia_2005,0,180,0,No,no,DT,DT
3878,Armenia_2005,0,180,1,one,one,CD,CD
3879,Armenia_2005,0,180,2,shall,shall,MD,MD
3880,Armenia_2005,0,180,3,bear,bear,VB,VB
3881,Armenia_2005,0,180,4,obligations,obligations,NNS,NN
3882,Armenia_2005,0,180,5,not,not,RB,RB
3883,Armenia_2005,0,180,6,stipulated,stipulated,VBN,VB
3884,Armenia_2005,0,180,7,by,by,IN,IN
3885,Armenia_2005,0,180,8,law,law,NN,NN
3886,Armenia_2005,0,181,0,The,the,DT,DT
3887,Armenia_2005,0,181,1,laws,laws,NNS,NN
3888,Armenia_2005,0,181,2,and,and,CC,CC
3889,Armenia_2005,0,181,3,other,other,JJ,JJ
3890,Armenia_2005,0,181,4,legal,legal,JJ,JJ
3891,Armenia_2005,0,181,5,acts,acts,NNS,NN
3892,Armenia_2005,0,181,6,exacerbating,exacerbating,VBG,VB
3893,Armenia_2005,0,181,7,the,the,DT,DT
3894,Armenia_2005,0,181,8,legal,legal,JJ,JJ
3895,Armenia_2005,0,181,9,status,status,NN,NN
3896,Armenia_2005,0,181,10,of,of,IN,IN
3897,Armenia_2005,0,181,11,an,an,DT,DT
3898,Armenia_2005,0,181,12,individual,individual,JJ,JJ
3899,Armenia_2005,0,181,13,shall,shall,MD,MD
3900,Armenia_2005,0,181,14,not,not,RB,RB
3901,Armenia_2005,0,181,15,be,be,VB,VB
3902,Armenia_2005,0,181,16,retroactive,retroactive,JJ,JJ
3903,Armenia_2005,0,182,0,The,the,DT,DT
3904,Armenia_2005,0,182,1,legal,legal,JJ,JJ
3905,Armenia_2005,0,182,2,acts,acts,NNS,NN
3906,Armenia_2005,0,182,3,improving,improving,VBG,VB
3907,Armenia_2005,0,182,4,the,the,DT,DT
3908,Armenia_2005,0,182,5,legal,legal,JJ,JJ
3909,Armenia_2005,0,182,6,status,status,NN,NN
3910,Armenia_2005,0,182,7,of,of,IN,IN
3911,Armenia_2005,0,182,8,an,an,DT,DT
3912,Armenia_2005,0,182,9,individual,individual,NN,NN
3913,Armenia_2005,0,182,10,or,or,CC,CC
3914,Armenia_2005,0,182,11,eliminating,eliminating,VBG,VB
3915,Armenia_2005,0,182,12,or,or,CC,CC
3916,Armenia_2005,0,182,13,mitigating,mitigating,VBG,VB
3917,Armenia_2005,0,182,14,his/her,hisher,PRP$,PR
3918,Armenia_2005,0,182,15,liability,liability,NN,NN
3919,Armenia_2005,0,182,16,shall,shall,MD,MD
3920,Armenia_2005,0,182,17,be,be,VB,VB
3921,Armenia_2005,0,182,18,retroactive,retroactive,JJ,JJ
3922,Armenia_2005,0,182,19,if,if,IN,IN
3923,Armenia_2005,0,182,20,prescribed,prescribed,VBN,VB
3924,Armenia_2005,0,182,21,by,by,IN,IN
3925,Armenia_2005,0,182,22,the,the,DT,DT
3926,Armenia_2005,0,182,23,acts,acts,NNS,NN
3927,Armenia_2005,0,182,24,in,in,IN,IN
3928,Armenia_2005,0,182,25,question,question,NN,NN
3929,Armenia_2005,0,183,0,Article,article,NN,NN
3930,Armenia_2005,0,183,1,42.1,421,CD,CD
3931,Armenia_2005,0,183,2,Share,share,NNP,NN
3932,Armenia_2005,0,183,3,Fundamental,fundamental,NNP,NN
3933,Armenia_2005,0,183,4,human,human,NN,NN
3934,Armenia_2005,0,183,5,and,and,CC,CC
3935,Armenia_2005,0,183,6,civil,civil,JJ,JJ
3936,Armenia_2005,0,183,7,rights,rights,NNS,NN
3937,Armenia_2005,0,183,8,and,and,CC,CC
3938,Armenia_2005,0,183,9,freedoms,freedoms,NNS,NN
3939,Armenia_2005,0,183,10,shall,shall,MD,MD
3940,Armenia_2005,0,183,11,also,also,RB,RB
3941,Armenia_2005,0,183,12,be,be,VB,VB
3942,Armenia_2005,0,183,13,applied,applied,VBN,VB
3943,Armenia_2005,0,183,14,to,to,TO,TO
3944,Armenia_2005,0,183,15,legal,legal,JJ,JJ
3945,Armenia_2005,0,183,16,entities,entities,NNS,NN
3946,Armenia_2005,0,183,18,as,as,RB,RB
3947,Armenia_2005,0,183,19,far,far,RB,RB
3948,Armenia_2005,0,183,20,as,as,IN,IN
3949,Armenia_2005,0,183,21,they,they,PRP,PR
3950,Armenia_2005,0,183,22,are,are,VBP,VB
3951,Armenia_2005,0,183,23,applicable,applicable,JJ,JJ
3952,Armenia_2005,0,183,24,thereto,thereto,NN,NN
3953,Armenia_2005,0,184,0,Article,article,NN,NN
3954,Armenia_2005,0,184,1,43,43,CD,CD
3955,Armenia_2005,0,184,2,Share,share,NNP,NN
3956,Armenia_2005,0,184,3,The,the,DT,DT
3957,Armenia_2005,0,184,4,fundamental,fundamental,JJ,JJ
3958,Armenia_2005,0,184,5,human,human,NN,NN
3959,Armenia_2005,0,184,6,and,and,CC,CC
3960,Armenia_2005,0,184,7,civil,civil,JJ,JJ
3961,Armenia_2005,0,184,8,rights,rights,NNS,NN
3962,Armenia_2005,0,184,9,and,and,CC,CC
3963,Armenia_2005,0,184,10,freedoms,freedoms,NNS,NN
3964,Armenia_2005,0,184,11,set,set,VBD,VB
3965,Armenia_2005,0,184,12,forth,forth,NN,NN
3966,Armenia_2005,0,184,13,in,in,IN,IN
3967,Armenia_2005,0,184,14,Articles,articles,NNP,NN
3968,Armenia_2005,0,184,15,23-25,2325,JJ,JJ
3969,Armenia_2005,0,184,17,27,27,CD,CD
3970,Armenia_2005,0,184,19,28-30,2830,JJ,JJ
3971,Armenia_2005,0,184,21,30.1,301,CD,CD
3972,Armenia_2005,0,184,23,paragraph,paragraph,VBD,VB
3973,Armenia_2005,0,184,24,3,3,CD,CD
3974,Armenia_2005,0,184,25,of,of,IN,IN
3975,Armenia_2005,0,184,26,Article,article,NNP,NN
3976,Armenia_2005,0,184,27,32,32,CD,CD
3977,Armenia_2005,0,184,28,can,can,MD,MD
3978,Armenia_2005,0,184,29,only,only,RB,RB
3979,Armenia_2005,0,184,30,be,be,VB,VB
3980,Armenia_2005,0,184,31,temporarily,temporarily,RB,RB
3981,Armenia_2005,0,184,32,restricted,restricted,VBN,VB
3982,Armenia_2005,0,184,33,by,by,IN,IN
3983,Armenia_2005,0,184,34,law,law,NN,NN
3984,Armenia_2005,0,184,35,if,if,IN,IN
3985,Armenia_2005,0,184,36,it,it,PRP,PR
3986,Armenia_2005,0,184,37,is,is,VBZ,VB
3987,Armenia_2005,0,184,38,necessary,necessary,JJ,JJ
3988,Armenia_2005,0,184,39,in,in,IN,IN
3989,Armenia_2005,0,184,40,a,a,DT,DT
3990,Armenia_2005,0,184,41,democratic,democratic,JJ,JJ
3991,Armenia_2005,0,184,42,society,society,NN,NN
3992,Armenia_2005,0,184,43,in,in,IN,IN
3993,Armenia_2005,0,184,44,the,the,DT,DT
3994,Armenia_2005,0,184,45,interests,interests,NNS,NN
3995,Armenia_2005,0,184,46,of,of,IN,IN
3996,Armenia_2005,0,184,47,national,national,JJ,JJ
3997,Armenia_2005,0,184,48,security,security,NN,NN
3998,Armenia_2005,0,184,50,public,public,JJ,JJ
3999,Armenia_2005,0,184,51,order,order,NN,NN
4000,Armenia_2005,0,184,53,crime,crime,NN,NN
4001,Armenia_2005,0,184,54,prevention,prevention,NN,NN
4002,Armenia_2005,0,184,56,protection,protection,NN,NN
4003,Armenia_2005,0,184,57,of,of,IN,IN
4004,Armenia_2005,0,184,58,public,public,JJ,JJ
4005,Armenia_2005,0,184,59,health,health,NN,NN
4006,Armenia_2005,0,184,60,and,and,CC,CC
4007,Armenia_2005,0,184,61,morality,morality,NN,NN
4008,Armenia_2005,0,184,63,constitutional,constitutional,JJ,JJ
4009,Armenia_2005,0,184,64,rights,rights,NNS,NN
4010,Armenia_2005,0,184,65,and,and,CC,CC
4011,Armenia_2005,0,184,66,freedoms,freedoms,NNS,NN
4012,Armenia_2005,0,184,68,as,as,RB,RB
4013,Armenia_2005,0,184,69,well,well,RB,RB
4014,Armenia_2005,0,184,70,as,as,IN,IN
4015,Armenia_2005,0,184,71,the,the,DT,DT
4016,Armenia_2005,0,184,72,honor,honor,NN,NN
4017,Armenia_2005,0,184,73,and,and,CC,CC
4018,Armenia_2005,0,184,74,reputation,reputation,NN,NN
4019,Armenia_2005,0,184,75,of,of,IN,IN
4020,Armenia_2005,0,184,76,others,others,NNS,NN
4021,Armenia_2005,0,185,0,Any,any,DT,DT
4022,Armenia_2005,0,185,1,restrictions,restrictions,NNS,NN
4023,Armenia_2005,0,185,2,on,on,IN,IN
4024,Armenia_2005,0,185,3,human,human,JJ,JJ
4025,Armenia_2005,0,185,4,and,and,CC,CC
4026,Armenia_2005,0,185,5,civil,civil,JJ,JJ
4027,Armenia_2005,0,185,6,rights,rights,NNS,NN
4028,Armenia_2005,0,185,7,and,and,CC,CC
4029,Armenia_2005,0,185,8,freedoms,freedoms,NNS,NN
4030,Armenia_2005,0,185,9,shall,shall,MD,MD
4031,Armenia_2005,0,185,10,not,not,RB,RB
4032,Armenia_2005,0,185,11,exceed,exceed,VB,VB
4033,Armenia_2005,0,185,12,the,the,DT,DT
4034,Armenia_2005,0,185,13,scope,scope,NN,NN
4035,Armenia_2005,0,185,14,set,set,VBN,VB
4036,Armenia_2005,0,185,15,by,by,IN,IN
4037,Armenia_2005,0,185,16,the,the,DT,DT
4038,Armenia_2005,0,185,17,international,international,JJ,JJ
4039,Armenia_2005,0,185,18,commitments,commitments,NNS,NN
4040,Armenia_2005,0,185,19,of,of,IN,IN
4041,Armenia_2005,0,185,20,the,the,DT,DT
4042,Armenia_2005,0,185,21,Republic,republic,NNP,NN
4043,Armenia_2005,0,185,22,of,of,IN,IN
4044,Armenia_2005,0,185,23,Armenia,armenia,NNP,NN
4045,Armenia_2005,0,186,0,Article,article,NN,NN
4046,Armenia_2005,0,186,1,44,44,CD,CD
4047,Armenia_2005,0,186,2,Share,share,NNP,NN
4048,Armenia_2005,0,186,3,Special,special,JJ,JJ
4049,Armenia_2005,0,186,4,categories,categories,NNS,NN
4050,Armenia_2005,0,186,5,of,of,IN,IN
4051,Armenia_2005,0,186,6,human,human,JJ,JJ
4052,Armenia_2005,0,186,7,and,and,CC,CC
4053,Armenia_2005,0,186,8,civil,civil,JJ,JJ
4054,Armenia_2005,0,186,9,rights,rights,NNS,NN
4055,Armenia_2005,0,186,11,except,except,IN,IN
4056,Armenia_2005,0,186,12,for,for,IN,IN
4057,Armenia_2005,0,186,13,those,those,DT,DT
4058,Armenia_2005,0,186,14,stipulated,stipulated,VBN,VB
4059,Armenia_2005,0,186,15,in,in,IN,IN
4060,Armenia_2005,0,186,16,Articles,articles,NNP,NN
4061,Armenia_2005,0,186,17,15,15,CD,CD
4062,Armenia_2005,0,186,19,17-22,1722,CD,CD
4063,Armenia_2005,0,186,21,and,and,CC,CC
4064,Armenia_2005,0,186,22,42,42,CD,CD
4065,Armenia_2005,0,186,23,of,of,IN,IN
4066,Armenia_2005,0,186,24,the,the,DT,DT
4067,Armenia_2005,0,186,25,Constitution,constitution,NNP,NN
4068,Armenia_2005,0,186,27,can,can,MD,MD
4069,Armenia_2005,0,186,28,be,be,VB,VB
4070,Armenia_2005,0,186,29,temporarily,temporarily,RB,RB
4071,Armenia_2005,0,186,30,restricted,restricted,VBN,VB
4072,Armenia_2005,0,186,31,as,as,IN,IN
4073,Armenia_2005,0,186,32,prescribed,prescribed,VBN,VB
4074,Armenia_2005,0,186,33,by,by,IN,IN
4075,Armenia_2005,0,186,34,law,law,NN,NN
4076,Armenia_2005,0,186,35,in,in,IN,IN
4077,Armenia_2005,0,186,36,case,case,NN,NN
4078,Armenia_2005,0,186,37,of,of,IN,IN
4079,Armenia_2005,0,186,38,martial,martial,JJ,JJ
4080,Armenia_2005,0,186,39,law,law,NN,NN
4081,Armenia_2005,0,186,40,or,or,CC,CC
4082,Armenia_2005,0,186,41,a,a,DT,DT
4083,Armenia_2005,0,186,42,state,state,NN,NN
4084,Armenia_2005,0,186,43,of,of,IN,IN
4085,Armenia_2005,0,186,44,emergency,emergency,NN,NN
4086,Armenia_2005,0,186,45,within,within,IN,IN
4087,Armenia_2005,0,186,46,the,the,DT,DT
4088,Armenia_2005,0,186,47,scope,scope,NN,NN
4089,Armenia_2005,0,186,48,of,of,IN,IN
4090,Armenia_2005,0,186,49,international,international,JJ,JJ
4091,Armenia_2005,0,186,50,commitments,commitments,NNS,NN
4092,Armenia_2005,0,186,51,on,on,IN,IN
4093,Armenia_2005,0,186,52,deviating,deviating,VBG,VB
4094,Armenia_2005,0,186,53,from,from,IN,IN
4095,Armenia_2005,0,186,54,commitments,commitments,NNS,NN
4096,Armenia_2005,0,186,55,in,in,IN,IN
4097,Armenia_2005,0,186,56,cases,cases,NNS,NN
4098,Armenia_2005,0,186,57,of,of,IN,IN
4099,Armenia_2005,0,186,58,emergency,emergency,NN,NN
4100,Armenia_2005,0,187,0,Article,article,NN,NN
4101,Armenia_2005,0,187,1,45,45,CD,CD
4102,Armenia_2005,0,187,2,Share,share,NNP,NN
4103,Armenia_2005,0,187,3,Everyone,everyone,NNP,NN
4104,Armenia_2005,0,187,4,shall,shall,MD,MD
4105,Armenia_2005,0,187,5,be,be,VB,VB
4106,Armenia_2005,0,187,6,obliged,obliged,VBN,VB
4107,Armenia_2005,0,187,7,to,to,TO,TO
4108,Armenia_2005,0,187,8,pay,pay,VB,VB
4109,Armenia_2005,0,187,9,taxes,taxes,NNS,NN
4110,Armenia_2005,0,187,11,duties,duties,NNS,NN
4111,Armenia_2005,0,187,12,and,and,CC,CC
4112,Armenia_2005,0,187,13,other,other,JJ,JJ
4113,Armenia_2005,0,187,14,compulsory,compulsory,NN,NN
4114,Armenia_2005,0,187,15,fees,fees,NNS,NN
4115,Armenia_2005,0,187,16,in,in,IN,IN
4116,Armenia_2005,0,187,17,conformity,conformity,NN,NN
4117,Armenia_2005,0,187,18,with,with,IN,IN
4118,Armenia_2005,0,187,19,the,the,DT,DT
4119,Armenia_2005,0,187,20,procedure,procedure,NN,NN
4120,Armenia_2005,0,187,21,prescribed,prescribed,VBN,VB
4121,Armenia_2005,0,187,22,by,by,IN,IN
4122,Armenia_2005,0,187,23,law,law,NN,NN
4123,Armenia_2005,0,188,0,Article,article,NN,NN
4124,Armenia_2005,0,188,1,46,46,CD,CD
4125,Armenia_2005,0,188,2,Share,share,NN,NN
4126,Armenia_2005,0,188,3,Every,every,NNP,NN
4127,Armenia_2005,0,188,4,citizen,citizen,NN,NN
4128,Armenia_2005,0,188,5,shall,shall,MD,MD
4129,Armenia_2005,0,188,6,be,be,VB,VB
4130,Armenia_2005,0,188,7,obliged,obliged,VBN,VB
4131,Armenia_2005,0,188,8,to,to,TO,TO
4132,Armenia_2005,0,188,9,take,take,VB,VB
4133,Armenia_2005,0,188,10,part,part,NN,NN
4134,Armenia_2005,0,188,11,in,in,IN,IN
4135,Armenia_2005,0,188,12,the,the,DT,DT
4136,Armenia_2005,0,188,13,defense,defense,NN,NN
4137,Armenia_2005,0,188,14,of,of,IN,IN
4138,Armenia_2005,0,188,15,the,the,DT,DT
4139,Armenia_2005,0,188,16,Republic,republic,NNP,NN
4140,Armenia_2005,0,188,17,of,of,IN,IN
4141,Armenia_2005,0,188,18,Armenia,armenia,NNP,NN
4142,Armenia_2005,0,188,19,in,in,IN,IN
4143,Armenia_2005,0,188,20,conformity,conformity,NN,NN
4144,Armenia_2005,0,188,21,with,with,IN,IN
4145,Armenia_2005,0,188,22,the,the,DT,DT
4146,Armenia_2005,0,188,23,procedure,procedure,NN,NN
4147,Armenia_2005,0,188,24,prescribed,prescribed,VBN,VB
4148,Armenia_2005,0,188,25,by,by,IN,IN
4149,Armenia_2005,0,188,26,law,law,NN,NN
4150,Armenia_2005,0,189,0,Article,article,NN,NN
4151,Armenia_2005,0,189,1,47,47,CD,CD
4152,Armenia_2005,0,189,2,Share,share,NNP,NN
4153,Armenia_2005,0,189,3,Everyone,everyone,NNP,NN
4154,Armenia_2005,0,189,4,shall,shall,MD,MD
4155,Armenia_2005,0,189,5,be,be,VB,VB
4156,Armenia_2005,0,189,6,obliged,obliged,VBN,VB
4157,Armenia_2005,0,189,7,to,to,TO,TO
4158,Armenia_2005,0,189,8,honor,honor,VB,VB
4159,Armenia_2005,0,189,9,the,the,DT,DT
4160,Armenia_2005,0,189,10,Constitutions,constitutions,NNP,NN
4161,Armenia_2005,0,189,11,and,and,CC,CC
4162,Armenia_2005,0,189,12,the,the,DT,DT
4163,Armenia_2005,0,189,13,laws,laws,NNS,NN
4164,Armenia_2005,0,189,15,to,to,TO,TO
4165,Armenia_2005,0,189,16,respect,respect,VB,VB
4166,Armenia_2005,0,189,17,the,the,DT,DT
4167,Armenia_2005,0,189,18,rights,rights,NNS,NN
4168,Armenia_2005,0,189,20,freedoms,freedoms,NNS,NN
4169,Armenia_2005,0,189,21,and,and,CC,CC
4170,Armenia_2005,0,189,22,dignity,dignity,NN,NN
4171,Armenia_2005,0,189,23,of,of,IN,IN
4172,Armenia_2005,0,189,24,others,others,NNS,NN
4173,Armenia_2005,0,190,0,The,the,DT,DT
4174,Armenia_2005,0,190,1,exercise,exercise,NN,NN
4175,Armenia_2005,0,190,2,of,of,IN,IN
4176,Armenia_2005,0,190,3,the,the,DT,DT
4177,Armenia_2005,0,190,4,rights,rights,NNS,NN
4178,Armenia_2005,0,190,5,and,and,CC,CC
4179,Armenia_2005,0,190,6,freedoms,freedoms,NNS,NN
4180,Armenia_2005,0,190,7,with,with,IN,IN
4181,Armenia_2005,0,190,8,the,the,DT,DT
4182,Armenia_2005,0,190,9,purpose,purpose,NN,NN
4183,Armenia_2005,0,190,10,of,of,IN,IN
4184,Armenia_2005,0,190,11,the,the,DT,DT
4185,Armenia_2005,0,190,12,overthrow,overthrow,NN,NN
4186,Armenia_2005,0,190,13,of,of,IN,IN
4187,Armenia_2005,0,190,14,the,the,DT,DT
4188,Armenia_2005,0,190,15,constitutional,constitutional,JJ,JJ
4189,Armenia_2005,0,190,16,order,order,NN,NN
4190,Armenia_2005,0,190,18,incitement,incitement,NN,NN
4191,Armenia_2005,0,190,19,to,to,TO,TO
4192,Armenia_2005,0,190,20,national,national,JJ,JJ
4193,Armenia_2005,0,190,22,racial,racial,JJ,JJ
4194,Armenia_2005,0,190,23,and,and,CC,CC
4195,Armenia_2005,0,190,24,religious,religious,JJ,JJ
4196,Armenia_2005,0,190,25,hatred,hatred,VBN,VB
4197,Armenia_2005,0,190,27,propaganda,propaganda,NN,NN
4198,Armenia_2005,0,190,28,of,of,IN,IN
4199,Armenia_2005,0,190,29,violence,violence,NN,NN
4200,Armenia_2005,0,190,30,or,or,CC,CC
4201,Armenia_2005,0,190,31,warfare,warfare,VB,VB
4202,Armenia_2005,0,190,32,shall,shall,MD,MD
4203,Armenia_2005,0,190,33,be,be,VB,VB
4204,Armenia_2005,0,190,34,prohibited,prohibited,VBN,VB
4205,Armenia_2005,0,191,0,Article,article,NN,NN
4206,Armenia_2005,0,191,1,48,48,CD,CD
4207,Armenia_2005,0,191,2,Share,share,NNP,NN
4208,Armenia_2005,0,191,3,The,the,DT,DT
4209,Armenia_2005,0,191,4,main,main,JJ,JJ
4210,Armenia_2005,0,191,5,goals,goals,NNS,NN
4211,Armenia_2005,0,191,6,of,of,IN,IN
4212,Armenia_2005,0,191,7,the,the,DT,DT
4213,Armenia_2005,0,191,8,State,state,NNP,NN
4214,Armenia_2005,0,191,9,in,in,IN,IN
4215,Armenia_2005,0,191,10,the,the,DT,DT
4216,Armenia_2005,0,191,11,economic,economic,JJ,JJ
4217,Armenia_2005,0,191,13,social,social,JJ,JJ
4218,Armenia_2005,0,191,14,and,and,CC,CC
4219,Armenia_2005,0,191,15,cultural,cultural,JJ,JJ
4220,Armenia_2005,0,191,16,fields,fields,NNS,NN
4221,Armenia_2005,0,191,17,shall,shall,MD,MD
4222,Armenia_2005,0,191,18,be,be,VB,VB
4223,Armenia_2005,0,191,19,to,to,TO,TO
4224,Armenia_2005,0,191,21,1.protect,1protect,CD,CD
4225,Armenia_2005,0,191,22,and,and,CC,CC
4226,Armenia_2005,0,191,23,support,support,VB,VB
4227,Armenia_2005,0,191,24,family,family,NN,NN
4228,Armenia_2005,0,191,26,motherhood,motherhood,NN,NN
4229,Armenia_2005,0,191,27,and,and,CC,CC
4230,Armenia_2005,0,191,28,childhood,childhood,NN,NN
4231,Armenia_2005,0,191,30,2.contribute,2contribute,CD,CD
4232,Armenia_2005,0,191,31,towards,towards,IN,IN
4233,Armenia_2005,0,191,32,the,the,DT,DT
4234,Armenia_2005,0,191,33,public,public,NN,NN
4235,Armenia_2005,0,191,34,'s,s,POS,PO
4236,Armenia_2005,0,191,35,employment,employment,NN,NN
4237,Armenia_2005,0,191,36,and,and,CC,CC
4238,Armenia_2005,0,191,37,improvement,improvement,NN,NN
4239,Armenia_2005,0,191,38,of,of,IN,IN
4240,Armenia_2005,0,191,39,work,work,NN,NN
4241,Armenia_2005,0,191,40,conditions,conditions,NNS,NN
4242,Armenia_2005,0,191,42,3.develop,3develop,CD,CD
4243,Armenia_2005,0,191,43,residential,residential,JJ,JJ
4244,Armenia_2005,0,191,44,construction,construction,NN,NN
4245,Armenia_2005,0,191,46,contribute,contribute,NN,NN
4246,Armenia_2005,0,191,47,towards,towards,NNS,NN
4247,Armenia_2005,0,191,48,improvement,improvement,NN,NN
4248,Armenia_2005,0,191,49,of,of,IN,IN
4249,Armenia_2005,0,191,50,accommodation,accommodation,NN,NN
4250,Armenia_2005,0,191,51,conditions,conditions,NNS,NN
4251,Armenia_2005,0,191,52,for,for,IN,IN
4252,Armenia_2005,0,191,53,each,each,DT,DT
4253,Armenia_2005,0,191,54,citizen,citizen,NN,NN
4254,Armenia_2005,0,191,56,4.implement,4implement,CD,CD
4255,Armenia_2005,0,191,57,programs,programs,NNS,NN
4256,Armenia_2005,0,191,58,of,of,IN,IN
4257,Armenia_2005,0,191,59,health,health,NN,NN
4258,Armenia_2005,0,191,60,care,care,NN,NN
4259,Armenia_2005,0,191,61,for,for,IN,IN
4260,Armenia_2005,0,191,62,the,the,DT,DT
4261,Armenia_2005,0,191,63,people,people,NNS,NN
4262,Armenia_2005,0,191,65,contribute,contribute,JJ,JJ
4263,Armenia_2005,0,191,66,towards,towards,IN,IN
4264,Armenia_2005,0,191,67,the,the,DT,DT
4265,Armenia_2005,0,191,68,establishment,establishment,NN,NN
4266,Armenia_2005,0,191,69,of,of,IN,IN
4267,Armenia_2005,0,191,70,effective,effective,JJ,JJ
4268,Armenia_2005,0,191,71,and,and,CC,CC
4269,Armenia_2005,0,191,72,affordable,affordable,JJ,JJ
4270,Armenia_2005,0,191,73,medical,medical,JJ,JJ
4271,Armenia_2005,0,191,74,services,services,NNS,NN
4272,Armenia_2005,0,191,76,5.contribute,5contribute,CD,CD
4273,Armenia_2005,0,191,77,towards,towards,NNS,NN
4274,Armenia_2005,0,191,78,participation,participation,NN,NN
4275,Armenia_2005,0,191,79,of,of,IN,IN
4276,Armenia_2005,0,191,80,the,the,DT,DT
4277,Armenia_2005,0,191,81,youth,youth,NN,NN
4278,Armenia_2005,0,191,82,in,in,IN,IN
4279,Armenia_2005,0,191,83,the,the,DT,DT
4280,Armenia_2005,0,191,84,political,political,JJ,JJ
4281,Armenia_2005,0,191,86,economic,economic,JJ,JJ
4282,Armenia_2005,0,191,87,and,and,CC,CC
4283,Armenia_2005,0,191,88,cultural,cultural,JJ,JJ
4284,Armenia_2005,0,191,89,life,life,NN,NN
4285,Armenia_2005,0,191,90,of,of,IN,IN
4286,Armenia_2005,0,191,91,the,the,DT,DT
4287,Armenia_2005,0,191,92,country,country,NN,NN
4288,Armenia_2005,0,191,94,6.advance,6advance,CD,CD
4289,Armenia_2005,0,191,95,the,the,DT,DT
4290,Armenia_2005,0,191,96,development,development,NN,NN
4291,Armenia_2005,0,191,97,of,of,IN,IN
4292,Armenia_2005,0,191,98,physical,physical,JJ,JJ
4293,Armenia_2005,0,191,99,culture,culture,NN,NN
4294,Armenia_2005,0,191,100,and,and,CC,CC
4295,Armenia_2005,0,191,101,sports,sports,NNS,NN
4296,Armenia_2005,0,191,103,7.implement,7implement,CD,CD
4297,Armenia_2005,0,191,104,programs,programs,NNS,NN
4298,Armenia_2005,0,191,105,of,of,IN,IN
4299,Armenia_2005,0,191,106,prevention,prevention,NN,NN
4300,Armenia_2005,0,191,107,and,and,CC,CC
4301,Armenia_2005,0,191,108,treatment,treatment,NN,NN
4302,Armenia_2005,0,191,109,of,of,IN,IN
4303,Armenia_2005,0,191,110,disabilities,disabilities,NNS,NN
4304,Armenia_2005,0,191,112,advance,advance,JJ,JJ
4305,Armenia_2005,0,191,113,participation,participation,NN,NN
4306,Armenia_2005,0,191,114,of,of,IN,IN
4307,Armenia_2005,0,191,115,the,the,DT,DT
4308,Armenia_2005,0,191,116,disabled,disabled,JJ,JJ
4309,Armenia_2005,0,191,117,in,in,IN,IN
4310,Armenia_2005,0,191,118,public,public,JJ,JJ
4311,Armenia_2005,0,191,119,life,life,NN,NN
4312,Armenia_2005,0,191,121,8.contribute,8contribute,CD,CD
4313,Armenia_2005,0,191,122,towards,towards,IN,IN
4314,Armenia_2005,0,191,123,the,the,DT,DT
4315,Armenia_2005,0,191,124,development,development,NN,NN
4316,Armenia_2005,0,191,125,of,of,IN,IN
4317,Armenia_2005,0,191,126,free,free,JJ,JJ
4318,Armenia_2005,0,191,127,higher,higher,JJR,JJ
4319,Armenia_2005,0,191,128,and,and,CC,CC
4320,Armenia_2005,0,191,129,other,other,JJ,JJ
4321,Armenia_2005,0,191,130,professional,professional,JJ,JJ
4322,Armenia_2005,0,191,131,education,education,NN,NN
4323,Armenia_2005,0,191,133,9.contribute,9contribute,CD,CD
4324,Armenia_2005,0,191,134,towards,towards,IN,IN
4325,Armenia_2005,0,191,135,the,the,DT,DT
4326,Armenia_2005,0,191,136,development,development,NN,NN
4327,Armenia_2005,0,191,137,of,of,IN,IN
4328,Armenia_2005,0,191,138,sciences,sciences,NNS,NN
4329,Armenia_2005,0,191,139,and,and,CC,CC
4330,Armenia_2005,0,191,140,arts,arts,NNS,NN
4331,Armenia_2005,0,191,142,10.conduct,10conduct,CD,CD
4332,Armenia_2005,0,191,143,policies,policies,NNS,NN
4333,Armenia_2005,0,191,144,aimed,aimed,VBN,VB
4334,Armenia_2005,0,191,145,at,at,IN,IN
4335,Armenia_2005,0,191,146,guaranteeing,guaranteeing,VBG,VB
4336,Armenia_2005,0,191,147,environmental,environmental,JJ,JJ
4337,Armenia_2005,0,191,148,security,security,NN,NN
4338,Armenia_2005,0,191,149,for,for,IN,IN
4339,Armenia_2005,0,191,150,current,current,JJ,JJ
4340,Armenia_2005,0,191,151,and,and,CC,CC
4341,Armenia_2005,0,191,152,future,future,JJ,JJ
4342,Armenia_2005,0,191,153,generations,generations,NNS,NN
4343,Armenia_2005,0,191,155,11.support,11support,CD,CD
4344,Armenia_2005,0,191,156,the,the,DT,DT
4345,Armenia_2005,0,191,157,free,free,JJ,JJ
4346,Armenia_2005,0,191,158,access,access,NN,NN
4347,Armenia_2005,0,191,159,for,for,IN,IN
4348,Armenia_2005,0,191,160,everyone,everyone,NN,NN
4349,Armenia_2005,0,191,161,with,with,IN,IN
4350,Armenia_2005,0,191,162,national,national,JJ,JJ
4351,Armenia_2005,0,191,163,and,and,CC,CC
4352,Armenia_2005,0,191,164,international,international,JJ,JJ
4353,Armenia_2005,0,191,165,values,values,NNS,NN
4354,Armenia_2005,0,191,167,12.assure,12assure,CD,CD
4355,Armenia_2005,0,191,168,a,a,DT,DT
4356,Armenia_2005,0,191,169,worthy,worthy,JJ,JJ
4357,Armenia_2005,0,191,170,standard,standard,NN,NN
4358,Armenia_2005,0,191,171,of,of,IN,IN
4359,Armenia_2005,0,191,172,living,living,NN,NN
4360,Armenia_2005,0,191,173,for,for,IN,IN
4361,Armenia_2005,0,191,174,elderly,elderly,JJ,JJ
4362,Armenia_2005,0,191,175,people,people,NNS,NN
4363,Armenia_2005,0,192,0,The,the,DT,DT
4364,Armenia_2005,0,192,1,State,state,NNP,NN
4365,Armenia_2005,0,192,2,shall,shall,MD,MD
4366,Armenia_2005,0,192,3,take,take,VB,VB
4367,Armenia_2005,0,192,4,measures,measures,NNS,NN
4368,Armenia_2005,0,192,6,within,within,IN,IN
4369,Armenia_2005,0,192,7,its,its,PRP$,PR
4370,Armenia_2005,0,192,8,capacities,capacities,NNS,NN
4371,Armenia_2005,0,192,10,to,to,TO,TO
4372,Armenia_2005,0,192,11,achieve,achieve,VB,VB
4373,Armenia_2005,0,192,12,the,the,DT,DT
4374,Armenia_2005,0,192,13,goals,goals,NNS,NN
4375,Armenia_2005,0,192,14,outlined,outlined,VBN,VB
4376,Armenia_2005,0,192,15,in,in,IN,IN
4377,Armenia_2005,0,192,16,this,this,DT,DT
4378,Armenia_2005,0,192,17,article,article,NN,NN
4379,Armenia_2005,0,193,0,CHAPTER,chapter,NN,NN
4380,Armenia_2005,0,193,1,3,3,CD,CD
4381,Armenia_2005,0,194,0,THE,the,DT,DT
4382,Armenia_2005,0,194,1,PRESIDENT,president,NNP,NN
4383,Armenia_2005,0,194,2,OF,of,IN,IN
4384,Armenia_2005,0,194,3,THE,the,NNP,NN
4385,Armenia_2005,0,194,4,REPUBLIC,republic,NNP,NN
4386,Armenia_2005,0,194,5,Share,share,NNP,NN
4387,Armenia_2005,0,194,6,Article,article,NNP,NN
4388,Armenia_2005,0,194,7,49,49,CD,CD
4389,Armenia_2005,0,194,8,Share,share,NNP,NN
4390,Armenia_2005,0,194,9,The,the,DT,DT
4391,Armenia_2005,0,194,10,President,president,NNP,NN
4392,Armenia_2005,0,194,11,of,of,IN,IN
4393,Armenia_2005,0,194,12,the,the,DT,DT
4394,Armenia_2005,0,194,13,Republic,republic,NNP,NN
4395,Armenia_2005,0,194,14,shall,shall,MD,MD
4396,Armenia_2005,0,194,15,be,be,VB,VB
4397,Armenia_2005,0,194,16,the,the,DT,DT
4398,Armenia_2005,0,194,17,head,head,NN,NN
4399,Armenia_2005,0,194,18,of,of,IN,IN
4400,Armenia_2005,0,194,19,the,the,DT,DT
4401,Armenia_2005,0,194,20,State,state,NNP,NN
4402,Armenia_2005,0,195,0,The,the,DT,DT
4403,Armenia_2005,0,195,1,President,president,NNP,NN
4404,Armenia_2005,0,195,2,of,of,IN,IN
4405,Armenia_2005,0,195,3,the,the,DT,DT
4406,Armenia_2005,0,195,4,Republic,republic,NNP,NN
4407,Armenia_2005,0,195,5,shall,shall,MD,MD
4408,Armenia_2005,0,195,6,strive,strive,VB,VB
4409,Armenia_2005,0,195,7,to,to,TO,TO
4410,Armenia_2005,0,195,8,uphold,uphold,VB,VB
4411,Armenia_2005,0,195,9,the,the,DT,DT
4412,Armenia_2005,0,195,10,Constitution,constitution,NNP,NN
4413,Armenia_2005,0,195,11,and,and,CC,CC
4414,Armenia_2005,0,195,12,to,to,TO,TO
4415,Armenia_2005,0,195,13,ensure,ensure,VB,VB
4416,Armenia_2005,0,195,14,the,the,DT,DT
4417,Armenia_2005,0,195,15,regular,regular,JJ,JJ
4418,Armenia_2005,0,195,16,functioning,functioning,NN,NN
4419,Armenia_2005,0,195,17,of,of,IN,IN
4420,Armenia_2005,0,195,18,the,the,DT,DT
4421,Armenia_2005,0,195,19,legislative,legislative,JJ,JJ
4422,Armenia_2005,0,195,21,executive,executive,NN,NN
4423,Armenia_2005,0,195,22,and,and,CC,CC
4424,Armenia_2005,0,195,23,judicial,judicial,JJ,JJ
4425,Armenia_2005,0,195,24,powers,powers,NNS,NN
4426,Armenia_2005,0,196,0,The,the,DT,DT
4427,Armenia_2005,0,196,1,President,president,NNP,NN
4428,Armenia_2005,0,196,2,of,of,IN,IN
4429,Armenia_2005,0,196,3,the,the,DT,DT
4430,Armenia_2005,0,196,4,Republic,republic,NNP,NN
4431,Armenia_2005,0,196,5,shall,shall,MD,MD
4432,Armenia_2005,0,196,6,be,be,VB,VB
4433,Armenia_2005,0,196,7,the,the,DT,DT
4434,Armenia_2005,0,196,8,guarantor,guarantor,NN,NN
4435,Armenia_2005,0,196,9,of,of,IN,IN
4436,Armenia_2005,0,196,10,the,the,DT,DT
4437,Armenia_2005,0,196,11,independence,independence,NN,NN
4438,Armenia_2005,0,196,13,territorial,territorial,JJ,JJ
4439,Armenia_2005,0,196,14,integrity,integrity,NN,NN
4440,Armenia_2005,0,196,15,and,and,CC,CC
4441,Armenia_2005,0,196,16,security,security,NN,NN
4442,Armenia_2005,0,196,17,of,of,IN,IN
4443,Armenia_2005,0,196,18,the,the,DT,DT
4444,Armenia_2005,0,196,19,Republic,republic,NNP,NN
4445,Armenia_2005,0,196,20,of,of,IN,IN
4446,Armenia_2005,0,196,21,Armenia,armenia,NNP,NN
4447,Armenia_2005,0,197,0,Article,article,NN,NN
4448,Armenia_2005,0,197,1,50,50,CD,CD
4449,Armenia_2005,0,197,2,Share,share,NNP,NN
4450,Armenia_2005,0,197,3,The,the,DT,DT
4451,Armenia_2005,0,197,4,President,president,NNP,NN
4452,Armenia_2005,0,197,5,of,of,IN,IN
4453,Armenia_2005,0,197,6,the,the,DT,DT
4454,Armenia_2005,0,197,7,Republic,republic,NNP,NN
4455,Armenia_2005,0,197,8,shall,shall,MD,MD
4456,Armenia_2005,0,197,9,be,be,VB,VB
4457,Armenia_2005,0,197,10,elected,elected,VBN,VB
4458,Armenia_2005,0,197,11,by,by,IN,IN
4459,Armenia_2005,0,197,12,the,the,DT,DT
4460,Armenia_2005,0,197,13,citizens,citizens,NNS,NN
4461,Armenia_2005,0,197,14,of,of,IN,IN
4462,Armenia_2005,0,197,15,the,the,DT,DT
4463,Armenia_2005,0,197,16,Republic,republic,NNP,NN
4464,Armenia_2005,0,197,17,of,of,IN,IN
4465,Armenia_2005,0,197,18,Armenia,armenia,NNP,NN
4466,Armenia_2005,0,197,19,for,for,IN,IN
4467,Armenia_2005,0,197,20,a,a,DT,DT
4468,Armenia_2005,0,197,21,five,five,CD,CD
4469,Armenia_2005,0,197,22,year,year,NN,NN
4470,Armenia_2005,0,197,23,term,term,NN,NN
4471,Armenia_2005,0,197,24,of,of,IN,IN
4472,Armenia_2005,0,197,25,office,office,NN,NN
4473,Armenia_2005,0,198,0,Every,every,DT,DT
4474,Armenia_2005,0,198,1,person,person,NN,NN
4475,Armenia_2005,0,198,2,having,having,VBG,VB
4476,Armenia_2005,0,198,3,attained,attained,VBN,VB
4477,Armenia_2005,0,198,4,the,the,DT,DT
4478,Armenia_2005,0,198,5,age,age,NN,NN
4479,Armenia_2005,0,198,6,of,of,IN,IN
4480,Armenia_2005,0,198,7,thirty-five,thirtyfive,JJ,JJ
4481,Armenia_2005,0,198,9,having,having,VBG,VB
4482,Armenia_2005,0,198,10,been,been,VBN,VB
4483,Armenia_2005,0,198,11,a,a,DT,DT
4484,Armenia_2005,0,198,12,citizen,citizen,NN,NN
4485,Armenia_2005,0,198,13,of,of,IN,IN
4486,Armenia_2005,0,198,14,the,the,DT,DT
4487,Armenia_2005,0,198,15,Republic,republic,NNP,NN
4488,Armenia_2005,0,198,16,of,of,IN,IN
4489,Armenia_2005,0,198,17,Armenia,armenia,NNP,NN
4490,Armenia_2005,0,198,18,for,for,IN,IN
4491,Armenia_2005,0,198,19,the,the,DT,DT
4492,Armenia_2005,0,198,20,preceding,preceding,VBG,VB
4493,Armenia_2005,0,198,21,ten,ten,JJ,JJ
4494,Armenia_2005,0,198,22,years,years,NNS,NN
4495,Armenia_2005,0,198,24,having,having,VBG,VB
4496,Armenia_2005,0,198,25,permanently,permanently,RB,RB
4497,Armenia_2005,0,198,26,resided,resided,VBN,VB
4498,Armenia_2005,0,198,27,in,in,IN,IN
4499,Armenia_2005,0,198,28,the,the,DT,DT
4500,Armenia_2005,0,198,29,Republic,republic,NNP,NN
4501,Armenia_2005,0,198,30,for,for,IN,IN
4502,Armenia_2005,0,198,31,the,the,DT,DT
4503,Armenia_2005,0,198,32,preceding,preceding,VBG,VB
4504,Armenia_2005,0,198,33,ten,ten,JJ,JJ
4505,Armenia_2005,0,198,34,years,years,NNS,NN
4506,Armenia_2005,0,198,36,and,and,CC,CC
4507,Armenia_2005,0,198,37,having,having,VBG,VB
4508,Armenia_2005,0,198,38,the,the,DT,DT
4509,Armenia_2005,0,198,39,right,right,NN,NN
4510,Armenia_2005,0,198,40,to,to,TO,TO
4511,Armenia_2005,0,198,41,vote,vote,VB,VB
4512,Armenia_2005,0,198,42,is,is,VBZ,VB
4513,Armenia_2005,0,198,43,eligible,eligible,JJ,JJ
4514,Armenia_2005,0,198,44,to,to,TO,TO
4515,Armenia_2005,0,198,45,be,be,VB,VB
4516,Armenia_2005,0,198,46,elected,elected,VBN,VB
4517,Armenia_2005,0,198,47,as,as,IN,IN
4518,Armenia_2005,0,198,48,President,president,NNP,NN
4519,Armenia_2005,0,199,0,The,the,DT,DT
4520,Armenia_2005,0,199,1,same,same,JJ,JJ
4521,Armenia_2005,0,199,2,person,person,NN,NN
4522,Armenia_2005,0,199,3,may,may,MD,MD
4523,Armenia_2005,0,199,4,not,not,RB,RB
4524,Armenia_2005,0,199,5,be,be,VB,VB
4525,Armenia_2005,0,199,6,elected,elected,VBN,VB
4526,Armenia_2005,0,199,7,for,for,IN,IN
4527,Armenia_2005,0,199,8,the,the,DT,DT
4528,Armenia_2005,0,199,9,post,post,NN,NN
4529,Armenia_2005,0,199,10,of,of,IN,IN
4530,Armenia_2005,0,199,11,the,the,DT,DT
4531,Armenia_2005,0,199,12,President,president,NNP,NN
4532,Armenia_2005,0,199,13,of,of,IN,IN
4533,Armenia_2005,0,199,14,the,the,DT,DT
4534,Armenia_2005,0,199,15,Republic,republic,NNP,NN
4535,Armenia_2005,0,199,16,for,for,IN,IN
4536,Armenia_2005,0,199,17,more,more,JJR,JJ
4537,Armenia_2005,0,199,18,than,than,IN,IN
4538,Armenia_2005,0,199,19,two,two,CD,CD
4539,Armenia_2005,0,199,20,consecutive,consecutive,JJ,JJ
4540,Armenia_2005,0,199,21,terms,terms,NNS,NN
4541,Armenia_2005,0,200,0,Article,article,NN,NN
4542,Armenia_2005,0,200,1,51,51,CD,CD
4543,Armenia_2005,0,200,2,Share,share,NNP,NN
4544,Armenia_2005,0,200,3,The,the,DT,DT
4545,Armenia_2005,0,200,4,election,election,NN,NN
4546,Armenia_2005,0,200,5,of,of,IN,IN
4547,Armenia_2005,0,200,6,the,the,DT,DT
4548,Armenia_2005,0,200,7,President,president,NNP,NN
4549,Armenia_2005,0,200,8,of,of,IN,IN
4550,Armenia_2005,0,200,9,the,the,DT,DT
4551,Armenia_2005,0,200,10,Republic,republic,NNP,NN
4552,Armenia_2005,0,200,11,shall,shall,MD,MD
4553,Armenia_2005,0,200,12,be,be,VB,VB
4554,Armenia_2005,0,200,13,held,held,VBN,VB
4555,Armenia_2005,0,200,14,fifty,fifty,JJ,JJ
4556,Armenia_2005,0,200,15,days,days,NNS,NN
4557,Armenia_2005,0,200,16,prior,prior,RB,RB
4558,Armenia_2005,0,200,17,to,to,TO,TO
4559,Armenia_2005,0,200,18,the,the,DT,DT
4560,Armenia_2005,0,200,19,expiration,expiration,NN,NN
4561,Armenia_2005,0,200,20,of,of,IN,IN
4562,Armenia_2005,0,200,21,his/her,hisher,JJR,JJ
4563,Armenia_2005,0,200,22,term,term,NN,NN
4564,Armenia_2005,0,200,23,of,of,IN,IN
4565,Armenia_2005,0,200,24,office,office,NN,NN
4566,Armenia_2005,0,200,25,in,in,IN,IN
4567,Armenia_2005,0,200,26,conformity,conformity,NN,NN
4568,Armenia_2005,0,200,27,with,with,IN,IN
4569,Armenia_2005,0,200,28,the,the,DT,DT
4570,Armenia_2005,0,200,29,procedure,procedure,NN,NN
4571,Armenia_2005,0,200,30,defined,defined,VBN,VB
4572,Armenia_2005,0,200,31,by,by,IN,IN
4573,Armenia_2005,0,200,32,the,the,DT,DT
4574,Armenia_2005,0,200,33,Constitution,constitution,NNP,NN
4575,Armenia_2005,0,200,34,and,and,CC,CC
4576,Armenia_2005,0,200,35,the,the,DT,DT
4577,Armenia_2005,0,200,36,law,law,NN,NN
4578,Armenia_2005,0,201,0,The,the,DT,DT
4579,Armenia_2005,0,201,1,candidate,candidate,NN,NN
4580,Armenia_2005,0,201,2,who,who,WP,WP
4581,Armenia_2005,0,201,3,has,has,VBZ,VB
4582,Armenia_2005,0,201,4,received,received,VBN,VB
4583,Armenia_2005,0,201,5,more,more,JJR,JJ
4584,Armenia_2005,0,201,6,than,than,IN,IN
4585,Armenia_2005,0,201,7,half,half,NN,NN
4586,Armenia_2005,0,201,8,of,of,IN,IN
4587,Armenia_2005,0,201,9,the,the,DT,DT
4588,Armenia_2005,0,201,10,votes,votes,NNS,NN
4589,Armenia_2005,0,201,11,shall,shall,MD,MD
4590,Armenia_2005,0,201,12,be,be,VB,VB
4591,Armenia_2005,0,201,13,elected,elected,VBN,VB
4592,Armenia_2005,0,201,14,President,president,NNP,NN
4593,Armenia_2005,0,201,15,of,of,IN,IN
4594,Armenia_2005,0,201,16,the,the,DT,DT
4595,Armenia_2005,0,201,17,Republic,republic,NNP,NN
4596,Armenia_2005,0,202,0,If,if,IN,IN
4597,Armenia_2005,0,202,1,the,the,DT,DT
4598,Armenia_2005,0,202,2,election,election,NN,NN
4599,Armenia_2005,0,202,3,involves,involves,VBZ,VB
4600,Armenia_2005,0,202,4,more,more,JJR,JJ
4601,Armenia_2005,0,202,5,than,than,IN,IN
4602,Armenia_2005,0,202,6,two,two,CD,CD
4603,Armenia_2005,0,202,7,candidates,candidates,NNS,NN
4604,Armenia_2005,0,202,8,and,and,CC,CC
4605,Armenia_2005,0,202,9,none,none,NN,NN
4606,Armenia_2005,0,202,10,of,of,IN,IN
4607,Armenia_2005,0,202,11,them,them,PRP,PR
4608,Armenia_2005,0,202,12,receives,receives,VBZ,VB
4609,Armenia_2005,0,202,13,the,the,DT,DT
4610,Armenia_2005,0,202,14,required,required,JJ,JJ
4611,Armenia_2005,0,202,15,number,number,NN,NN
4612,Armenia_2005,0,202,16,of,of,IN,IN
4613,Armenia_2005,0,202,17,votes,votes,NNS,NN
4614,Armenia_2005,0,202,19,a,a,DT,DT
4615,Armenia_2005,0,202,20,second,second,JJ,JJ
4616,Armenia_2005,0,202,21,round,round,NN,NN
4617,Armenia_2005,0,202,22,of,of,IN,IN
4618,Armenia_2005,0,202,23,voting,voting,VBG,VB
4619,Armenia_2005,0,202,24,shall,shall,MD,MD
4620,Armenia_2005,0,202,25,be,be,VB,VB
4621,Armenia_2005,0,202,26,held,held,VBN,VB
4622,Armenia_2005,0,202,27,on,on,IN,IN
4623,Armenia_2005,0,202,28,the,the,DT,DT
4624,Armenia_2005,0,202,29,fourteenth,fourteenth,JJ,JJ
4625,Armenia_2005,0,202,30,day,day,NN,NN
4626,Armenia_2005,0,202,31,following,following,VBG,VB
4627,Armenia_2005,0,202,32,the,the,DT,DT
4628,Armenia_2005,0,202,33,first,first,JJ,JJ
4629,Armenia_2005,0,202,34,round,round,NN,NN
4630,Armenia_2005,0,202,35,of,of,IN,IN
4631,Armenia_2005,0,202,36,voting,voting,NN,NN
4632,Armenia_2005,0,202,38,in,in,IN,IN
4633,Armenia_2005,0,202,39,which,which,WDT,WD
4634,Armenia_2005,0,202,40,the,the,DT,DT
4635,Armenia_2005,0,202,41,two,two,CD,CD
4636,Armenia_2005,0,202,42,candidates,candidates,NNS,NN
4637,Armenia_2005,0,202,43,having,having,VBG,VB
4638,Armenia_2005,0,202,44,received,received,VBD,VB
4639,Armenia_2005,0,202,45,the,the,DT,DT
4640,Armenia_2005,0,202,46,highest,highest,JJS,JJ
4641,Armenia_2005,0,202,47,number,number,NN,NN
4642,Armenia_2005,0,202,48,of,of,IN,IN
4643,Armenia_2005,0,202,49,votes,votes,NNS,NN
4644,Armenia_2005,0,202,50,shall,shall,MD,MD
4645,Armenia_2005,0,202,51,participate,participate,VB,VB
4646,Armenia_2005,0,203,0,The,the,DT,DT
4647,Armenia_2005,0,203,1,candidate,candidate,NN,NN
4648,Armenia_2005,0,203,2,who,who,WP,WP
4649,Armenia_2005,0,203,3,receives,receives,VBZ,VB
4650,Armenia_2005,0,203,4,the,the,DT,DT
4651,Armenia_2005,0,203,5,highest,highest,JJS,JJ
4652,Armenia_2005,0,203,6,number,number,NN,NN
4653,Armenia_2005,0,203,7,of,of,IN,IN
4654,Armenia_2005,0,203,8,valid,valid,JJ,JJ
4655,Armenia_2005,0,203,9,votes,votes,NNS,NN
4656,Armenia_2005,0,203,10,in,in,IN,IN
4657,Armenia_2005,0,203,11,the,the,DT,DT
4658,Armenia_2005,0,203,12,second,second,JJ,JJ
4659,Armenia_2005,0,203,13,round,round,NN,NN
4660,Armenia_2005,0,203,14,shall,shall,MD,MD
4661,Armenia_2005,0,203,15,be,be,VB,VB
4662,Armenia_2005,0,203,16,elected,elected,VBN,VB
4663,Armenia_2005,0,203,17,President,president,NNP,NN
4664,Armenia_2005,0,203,18,of,of,IN,IN
4665,Armenia_2005,0,203,19,the,the,DT,DT
4666,Armenia_2005,0,203,20,Republic,republic,NNP,NN
4667,Armenia_2005,0,204,0,If,if,IN,IN
4668,Armenia_2005,0,204,1,only,only,RB,RB
4669,Armenia_2005,0,204,2,one,one,CD,CD
4670,Armenia_2005,0,204,3,candidate,candidate,NN,NN
4671,Armenia_2005,0,204,4,runs,runs,VBZ,VB
4672,Armenia_2005,0,204,5,for,for,IN,IN
4673,Armenia_2005,0,204,6,election,election,NN,NN
4674,Armenia_2005,0,204,8,he/she,heshe,VB,VB
4675,Armenia_2005,0,204,9,shall,shall,MD,MD
4676,Armenia_2005,0,204,10,be,be,VB,VB
4677,Armenia_2005,0,204,11,elected,elected,VBN,VB
4678,Armenia_2005,0,204,12,if,if,IN,IN
4679,Armenia_2005,0,204,13,he/she,heshe,JJ,JJ
4680,Armenia_2005,0,204,14,receives,receives,VBZ,VB
4681,Armenia_2005,0,204,15,more,more,JJR,JJ
4682,Armenia_2005,0,204,16,than,than,IN,IN
4683,Armenia_2005,0,204,17,half,half,NN,NN
4684,Armenia_2005,0,204,18,of,of,IN,IN
4685,Armenia_2005,0,204,19,the,the,DT,DT
4686,Armenia_2005,0,204,20,votes,votes,NNS,NN
4687,Armenia_2005,0,204,21,of,of,IN,IN
4688,Armenia_2005,0,204,22,electors,electors,NNS,NN
4689,Armenia_2005,0,204,23,who,who,WP,WP
4690,Armenia_2005,0,204,24,participated,participated,VBD,VB
4691,Armenia_2005,0,204,25,in,in,IN,IN
4692,Armenia_2005,0,204,26,the,the,DT,DT
4693,Armenia_2005,0,204,27,polls,polls,NNS,NN
4694,Armenia_2005,0,205,0,If,if,IN,IN
4695,Armenia_2005,0,205,1,the,the,DT,DT
4696,Armenia_2005,0,205,2,Constitutional,constitutional,NNP,NN
4697,Armenia_2005,0,205,3,Court,court,NNP,NN
4698,Armenia_2005,0,205,4,admits,admits,VBZ,VB
4699,Armenia_2005,0,205,5,a,a,DT,DT
4700,Armenia_2005,0,205,6,case,case,NN,NN
4701,Armenia_2005,0,205,7,on,on,IN,IN
4702,Armenia_2005,0,205,8,the,the,DT,DT
4703,Armenia_2005,0,205,9,results,results,NNS,NN
4704,Armenia_2005,0,205,10,of,of,IN,IN
4705,Armenia_2005,0,205,11,presidential,presidential,JJ,JJ
4706,Armenia_2005,0,205,12,elections,elections,NNS,NN
4707,Armenia_2005,0,205,14,it,it,PRP,PR
4708,Armenia_2005,0,205,15,must,must,MD,MD
4709,Armenia_2005,0,205,16,render,render,VB,VB
4710,Armenia_2005,0,205,17,a,a,DT,DT
4711,Armenia_2005,0,205,18,decision,decision,NN,NN
4712,Armenia_2005,0,205,19,within,within,IN,IN
4713,Armenia_2005,0,205,20,ten,ten,JJ,JJ
4714,Armenia_2005,0,205,21,days,days,NNS,NN
4715,Armenia_2005,0,205,22,following,following,VBG,VB
4716,Armenia_2005,0,205,23,the,the,DT,DT
4717,Armenia_2005,0,205,24,registration,registration,NN,NN
4718,Armenia_2005,0,205,25,of,of,IN,IN
4719,Armenia_2005,0,205,26,the,the,DT,DT
4720,Armenia_2005,0,205,27,complaint,complaint,NN,NN
4721,Armenia_2005,0,205,29,and,and,CC,CC
4722,Armenia_2005,0,205,30,the,the,DT,DT
4723,Armenia_2005,0,205,31,terms,terms,NNS,NN
4724,Armenia_2005,0,205,32,defined,defined,VBN,VB
4725,Armenia_2005,0,205,33,in,in,IN,IN
4726,Armenia_2005,0,205,34,this,this,DT,DT
4727,Armenia_2005,0,205,35,article,article,NN,NN
4728,Armenia_2005,0,205,36,shall,shall,MD,MD
4729,Armenia_2005,0,205,37,be,be,VB,VB
4730,Armenia_2005,0,205,38,calculated,calculated,VBN,VB
4731,Armenia_2005,0,205,39,starting,starting,VBG,VB
4732,Armenia_2005,0,205,40,from,from,IN,IN
4733,Armenia_2005,0,205,41,the,the,DT,DT
4734,Armenia_2005,0,205,42,moment,moment,NN,NN
4735,Armenia_2005,0,205,43,the,the,DT,DT
4736,Armenia_2005,0,205,44,court,court,NN,NN
4737,Armenia_2005,0,205,45,decision,decision,NN,NN
4738,Armenia_2005,0,205,46,comes,comes,VBZ,VB
4739,Armenia_2005,0,205,47,into,into,IN,IN
4740,Armenia_2005,0,205,48,force,force,NN,NN
4741,Armenia_2005,0,206,0,If,if,IN,IN
4742,Armenia_2005,0,206,1,the,the,DT,DT
4743,Armenia_2005,0,206,2,President,president,NNP,NN
4744,Armenia_2005,0,206,3,of,of,IN,IN
4745,Armenia_2005,0,206,4,the,the,DT,DT
4746,Armenia_2005,0,206,5,Republic,republic,NNP,NN
4747,Armenia_2005,0,206,6,is,is,VBZ,VB
4748,Armenia_2005,0,206,7,not,not,RB,RB
4749,Armenia_2005,0,206,8,elected,elected,VBN,VB
4750,Armenia_2005,0,206,10,a,a,DT,DT
4751,Armenia_2005,0,206,11,new,new,JJ,JJ
4752,Armenia_2005,0,206,12,election,election,NN,NN
4753,Armenia_2005,0,206,13,shall,shall,MD,MD
4754,Armenia_2005,0,206,14,be,be,VB,VB
4755,Armenia_2005,0,206,15,appointed,appointed,VBN,VB
4756,Armenia_2005,0,206,16,and,and,CC,CC
4757,Armenia_2005,0,206,17,the,the,DT,DT
4758,Armenia_2005,0,206,18,voting,voting,NN,NN
4759,Armenia_2005,0,206,19,shall,shall,MD,MD
4760,Armenia_2005,0,206,20,be,be,VB,VB
4761,Armenia_2005,0,206,21,held,held,VBN,VB
4762,Armenia_2005,0,206,22,on,on,IN,IN
4763,Armenia_2005,0,206,23,the,the,DT,DT
4764,Armenia_2005,0,206,24,fortieth,fortieth,JJ,JJ
4765,Armenia_2005,0,206,25,day,day,NN,NN
4766,Armenia_2005,0,206,26,following,following,VBG,VB
4767,Armenia_2005,0,206,27,the,the,DT,DT
4768,Armenia_2005,0,206,28,date,date,NN,NN
4769,Armenia_2005,0,206,29,of,of,IN,IN
4770,Armenia_2005,0,206,30,appointment,appointment,NN,NN
4771,Armenia_2005,0,206,31,of,of,IN,IN
4772,Armenia_2005,0,206,32,the,the,DT,DT
4773,Armenia_2005,0,206,33,new,new,JJ,JJ
4774,Armenia_2005,0,206,34,election,election,NN,NN
4775,Armenia_2005,0,207,0,The,the,DT,DT
4776,Armenia_2005,0,207,1,President,president,NNP,NN
4777,Armenia_2005,0,207,2,of,of,IN,IN
4778,Armenia_2005,0,207,3,the,the,DT,DT
4779,Armenia_2005,0,207,4,Republic,republic,NNP,NN
4780,Armenia_2005,0,207,5,shall,shall,MD,MD
4781,Armenia_2005,0,207,6,take,take,VB,VB
4782,Armenia_2005,0,207,7,office,office,NN,NN
4783,Armenia_2005,0,207,8,on,on,IN,IN
4784,Armenia_2005,0,207,9,the,the,DT,DT
4785,Armenia_2005,0,207,10,day,day,NN,NN
4786,Armenia_2005,0,207,11,when,when,WRB,WR
4787,Armenia_2005,0,207,12,the,the,DT,DT
4788,Armenia_2005,0,207,13,term,term,NN,NN
4789,Armenia_2005,0,207,14,of,of,IN,IN
4790,Armenia_2005,0,207,15,office,office,NN,NN
4791,Armenia_2005,0,207,16,of,of,IN,IN
4792,Armenia_2005,0,207,17,the,the,DT,DT
4793,Armenia_2005,0,207,18,previous,previous,JJ,JJ
4794,Armenia_2005,0,207,19,President,president,NNP,NN
4795,Armenia_2005,0,207,20,expires,expires,VBZ,VB
4796,Armenia_2005,0,208,0,The,the,DT,DT
4797,Armenia_2005,0,208,1,President,president,NNP,NN
4798,Armenia_2005,0,208,2,of,of,IN,IN
4799,Armenia_2005,0,208,3,the,the,DT,DT
4800,Armenia_2005,0,208,4,Republic,republic,NNP,NN
4801,Armenia_2005,0,208,5,elected,elected,VBN,VB
4802,Armenia_2005,0,208,6,by,by,IN,IN
4803,Armenia_2005,0,208,7,new,new,JJ,JJ
4804,Armenia_2005,0,208,8,or,or,CC,CC
4805,Armenia_2005,0,208,9,extraordinary,extraordinary,JJ,JJ
4806,Armenia_2005,0,208,10,elections,elections,NNS,NN
4807,Armenia_2005,0,208,11,shall,shall,MD,MD
4808,Armenia_2005,0,208,12,take,take,VB,VB
4809,Armenia_2005,0,208,13,office,office,NN,NN
4810,Armenia_2005,0,208,14,on,on,IN,IN
4811,Armenia_2005,0,208,15,the,the,DT,DT
4812,Armenia_2005,0,208,16,twentieth,twentieth,JJ,JJ
4813,Armenia_2005,0,208,17,day,day,NN,NN
4814,Armenia_2005,0,208,18,following,following,VBG,VB
4815,Armenia_2005,0,208,19,the,the,DT,DT
4816,Armenia_2005,0,208,20,elections,elections,NNS,NN
4817,Armenia_2005,0,209,0,Article,article,NN,NN
4818,Armenia_2005,0,209,1,52,52,CD,CD
4819,Armenia_2005,0,209,2,Share,share,NN,NN
4820,Armenia_2005,0,209,3,If,if,IN,IN
4821,Armenia_2005,0,209,4,one,one,CD,CD
4822,Armenia_2005,0,209,5,of,of,IN,IN
4823,Armenia_2005,0,209,6,the,the,DT,DT
4824,Armenia_2005,0,209,7,presidential,presidential,JJ,JJ
4825,Armenia_2005,0,209,8,candidates,candidates,NNS,NN
4826,Armenia_2005,0,209,9,faces,faces,VBZ,VB
4827,Armenia_2005,0,209,10,insurmountable,insurmountable,JJ,JJ
4828,Armenia_2005,0,209,11,obstacles,obstacles,NNS,NN
4829,Armenia_2005,0,209,12,for,for,IN,IN
4830,Armenia_2005,0,209,13,the,the,DT,DT
4831,Armenia_2005,0,209,14,election,election,NN,NN
4832,Armenia_2005,0,209,15,of,of,IN,IN
4833,Armenia_2005,0,209,16,the,the,DT,DT
4834,Armenia_2005,0,209,17,President,president,NNP,NN
4835,Armenia_2005,0,209,18,of,of,IN,IN
4836,Armenia_2005,0,209,19,the,the,DT,DT
4837,Armenia_2005,0,209,20,Republic,republic,NNP,NN
4838,Armenia_2005,0,209,22,it,it,PRP,PR
4839,Armenia_2005,0,209,23,shall,shall,MD,MD
4840,Armenia_2005,0,209,24,be,be,VB,VB
4841,Armenia_2005,0,209,25,postponed,postponed,VBN,VB
4842,Armenia_2005,0,209,26,for,for,IN,IN
4843,Armenia_2005,0,209,27,two,two,CD,CD
4844,Armenia_2005,0,209,28,weeks,weeks,NNS,NN
4845,Armenia_2005,0,210,0,In,in,IN,IN
4846,Armenia_2005,0,210,1,the,the,DT,DT
4847,Armenia_2005,0,210,2,event,event,NN,NN
4848,Armenia_2005,0,210,3,that,that,IN,IN
4849,Armenia_2005,0,210,4,the,the,DT,DT
4850,Armenia_2005,0,210,5,obstacles,obstacles,NNS,NN
4851,Armenia_2005,0,210,6,recognized,recognized,VBN,VB
4852,Armenia_2005,0,210,7,as,as,IN,IN
4853,Armenia_2005,0,210,8,insurmountable,insurmountable,JJ,JJ
4854,Armenia_2005,0,210,9,are,are,VBP,VB
4855,Armenia_2005,0,210,10,not,not,RB,RB
4856,Armenia_2005,0,210,11,eliminated,eliminated,VBN,VB
4857,Armenia_2005,0,210,12,within,within,IN,IN
4858,Armenia_2005,0,210,13,the,the,DT,DT
4859,Armenia_2005,0,210,14,aforementioned,aforementioned,JJ,JJ
4860,Armenia_2005,0,210,15,period,period,NN,NN
4861,Armenia_2005,0,210,16,of,of,IN,IN
4862,Armenia_2005,0,210,17,time,time,NN,NN
4863,Armenia_2005,0,210,19,a,a,DT,DT
4864,Armenia_2005,0,210,20,new,new,JJ,JJ
4865,Armenia_2005,0,210,21,election,election,NN,NN
4866,Armenia_2005,0,210,22,shall,shall,MD,MD
4867,Armenia_2005,0,210,23,be,be,VB,VB
4868,Armenia_2005,0,210,24,appointed,appointed,VBN,VB
4869,Armenia_2005,0,210,25,and,and,CC,CC
4870,Armenia_2005,0,210,26,the,the,DT,DT
4871,Armenia_2005,0,210,27,voting,voting,NN,NN
4872,Armenia_2005,0,210,28,shall,shall,MD,MD
4873,Armenia_2005,0,210,29,be,be,VB,VB
4874,Armenia_2005,0,210,30,held,held,VBN,VB
4875,Armenia_2005,0,210,31,on,on,IN,IN
4876,Armenia_2005,0,210,32,the,the,DT,DT
4877,Armenia_2005,0,210,33,fortieth,fortieth,JJ,JJ
4878,Armenia_2005,0,210,34,day,day,NN,NN
4879,Armenia_2005,0,210,35,following,following,VBG,VB
4880,Armenia_2005,0,210,36,the,the,DT,DT
4881,Armenia_2005,0,210,37,expiration,expiration,NN,NN
4882,Armenia_2005,0,210,38,of,of,IN,IN
4883,Armenia_2005,0,210,39,the,the,DT,DT
4884,Armenia_2005,0,210,40,two,two,CD,CD
4885,Armenia_2005,0,210,41,week,week,NN,NN
4886,Armenia_2005,0,210,42,period,period,NN,NN
4887,Armenia_2005,0,211,0,In,in,IN,IN
4888,Armenia_2005,0,211,1,case,case,NN,NN
4889,Armenia_2005,0,211,2,of,of,IN,IN
4890,Armenia_2005,0,211,3,the,the,DT,DT
4891,Armenia_2005,0,211,4,death,death,NN,NN
4892,Armenia_2005,0,211,5,of,of,IN,IN
4893,Armenia_2005,0,211,6,one,one,CD,CD
4894,Armenia_2005,0,211,7,of,of,IN,IN
4895,Armenia_2005,0,211,8,the,the,DT,DT
4896,Armenia_2005,0,211,9,candidates,candidates,NNS,NN
4897,Armenia_2005,0,211,10,before,before,IN,IN
4898,Armenia_2005,0,211,11,the,the,DT,DT
4899,Armenia_2005,0,211,12,day,day,NN,NN
4900,Armenia_2005,0,211,13,of,of,IN,IN
4901,Armenia_2005,0,211,14,voting,voting,NN,NN
4902,Armenia_2005,0,211,16,a,a,DT,DT
4903,Armenia_2005,0,211,17,new,new,JJ,JJ
4904,Armenia_2005,0,211,18,election,election,NN,NN
4905,Armenia_2005,0,211,19,shall,shall,MD,MD
4906,Armenia_2005,0,211,20,be,be,VB,VB
4907,Armenia_2005,0,211,21,appointed,appointed,VBN,VB
4908,Armenia_2005,0,211,22,and,and,CC,CC
4909,Armenia_2005,0,211,23,the,the,DT,DT
4910,Armenia_2005,0,211,24,voting,voting,NN,NN
4911,Armenia_2005,0,211,25,shall,shall,MD,MD
4912,Armenia_2005,0,211,26,be,be,VB,VB
4913,Armenia_2005,0,211,27,held,held,VBN,VB
4914,Armenia_2005,0,211,28,on,on,IN,IN
4915,Armenia_2005,0,211,29,the,the,DT,DT
4916,Armenia_2005,0,211,30,fortieth,fortieth,JJ,JJ
4917,Armenia_2005,0,211,31,day,day,NN,NN
4918,Armenia_2005,0,211,32,following,following,VBG,VB
4919,Armenia_2005,0,211,33,the,the,DT,DT
4920,Armenia_2005,0,211,34,date,date,NN,NN
4921,Armenia_2005,0,211,35,of,of,IN,IN
4922,Armenia_2005,0,211,36,appointment,appointment,NN,NN
4923,Armenia_2005,0,211,37,of,of,IN,IN
4924,Armenia_2005,0,211,38,the,the,DT,DT
4925,Armenia_2005,0,211,39,new,new,JJ,JJ
4926,Armenia_2005,0,211,40,election,election,NN,NN
4927,Armenia_2005,0,212,0,Article,article,NN,NN
4928,Armenia_2005,0,212,1,53,53,CD,CD
4929,Armenia_2005,0,212,2,Share,share,NN,NN
4930,Armenia_2005,0,212,3,In,in,IN,IN
4931,Armenia_2005,0,212,4,the,the,DT,DT
4932,Armenia_2005,0,212,5,event,event,NN,NN
4933,Armenia_2005,0,212,6,of,of,IN,IN
4934,Armenia_2005,0,212,7,the,the,DT,DT
4935,Armenia_2005,0,212,8,resignation,resignation,NN,NN
4936,Armenia_2005,0,212,9,of,of,IN,IN
4937,Armenia_2005,0,212,10,the,the,DT,DT
4938,Armenia_2005,0,212,11,President,president,NNP,NN
4939,Armenia_2005,0,212,12,of,of,IN,IN
4940,Armenia_2005,0,212,13,the,the,DT,DT
4941,Armenia_2005,0,212,14,Republic,republic,NNP,NN
4942,Armenia_2005,0,212,16,his,his,PRP$,PR
4943,Armenia_2005,0,212,17,or,or,CC,CC
4944,Armenia_2005,0,212,18,her,her,PRP$,PR
4945,Armenia_2005,0,212,19,death,death,NN,NN
4946,Armenia_2005,0,212,21,incapacity,incapacity,NN,NN
4947,Armenia_2005,0,212,22,to,to,TO,TO
4948,Armenia_2005,0,212,23,perform,perform,VB,VB
4949,Armenia_2005,0,212,24,his,his,PRP$,PR
4950,Armenia_2005,0,212,25,or,or,CC,CC
4951,Armenia_2005,0,212,26,her,her,PRP$,PR
4952,Armenia_2005,0,212,27,functions,functions,NNS,NN
4953,Armenia_2005,0,212,28,or,or,CC,CC
4954,Armenia_2005,0,212,29,removal,removal,NN,NN
4955,Armenia_2005,0,212,30,from,from,IN,IN
4956,Armenia_2005,0,212,31,office,office,NN,NN
4957,Armenia_2005,0,212,32,in,in,IN,IN
4958,Armenia_2005,0,212,33,accordance,accordance,NN,NN
4959,Armenia_2005,0,212,34,with,with,IN,IN
4960,Armenia_2005,0,212,35,Article,article,NNP,NN
4961,Armenia_2005,0,212,36,57,57,CD,CD
4962,Armenia_2005,0,212,37,of,of,IN,IN
4963,Armenia_2005,0,212,38,the,the,DT,DT
4964,Armenia_2005,0,212,39,Constitution,constitution,NNP,NN
4965,Armenia_2005,0,212,41,extraordinary,extraordinary,JJ,JJ
4966,Armenia_2005,0,212,42,presidential,presidential,JJ,JJ
4967,Armenia_2005,0,212,43,elections,elections,NNS,NN
4968,Armenia_2005,0,212,44,shall,shall,MD,MD
4969,Armenia_2005,0,212,45,be,be,VB,VB
4970,Armenia_2005,0,212,46,held,held,VBN,VB
4971,Armenia_2005,0,212,47,on,on,IN,IN
4972,Armenia_2005,0,212,48,the,the,DT,DT
4973,Armenia_2005,0,212,49,fortieth,fortieth,JJ,JJ
4974,Armenia_2005,0,212,50,day,day,NN,NN
4975,Armenia_2005,0,212,51,following,following,VBG,VB
4976,Armenia_2005,0,212,52,the,the,DT,DT
4977,Armenia_2005,0,212,53,vacancy,vacancy,NN,NN
4978,Armenia_2005,0,212,54,of,of,IN,IN
4979,Armenia_2005,0,212,55,the,the,DT,DT
4980,Armenia_2005,0,212,56,office,office,NN,NN
4981,Armenia_2005,0,213,0,Article,article,NN,NN
4982,Armenia_2005,0,213,1,53.1,531,CD,CD
4983,Armenia_2005,0,213,2,Share,share,NN,NN
4984,Armenia_2005,0,213,3,During,during,IN,IN
4985,Armenia_2005,0,213,4,martial,martial,JJ,JJ
4986,Armenia_2005,0,213,5,law,law,NN,NN
4987,Armenia_2005,0,213,6,or,or,CC,CC
4988,Armenia_2005,0,213,7,a,a,DT,DT
4989,Armenia_2005,0,213,8,state,state,NN,NN
4990,Armenia_2005,0,213,9,of,of,IN,IN
4991,Armenia_2005,0,213,10,emergency,emergency,NN,NN
4992,Armenia_2005,0,213,12,no,no,DT,DT
4993,Armenia_2005,0,213,13,elections,elections,NNS,NN
4994,Armenia_2005,0,213,14,of,of,IN,IN
4995,Armenia_2005,0,213,15,the,the,DT,DT
4996,Armenia_2005,0,213,16,President,president,NNP,NN
4997,Armenia_2005,0,213,17,of,of,IN,IN
4998,Armenia_2005,0,213,18,the,the,DT,DT
4999,Armenia_2005,0,213,19,Republic,republic,NNP,NN
5000,Armenia_2005,0,213,20,shall,shall,MD,MD
5001,Armenia_2005,0,213,21,be,be,VB,VB
5002,Armenia_2005,0,213,22,held,held,VBN,VB
5003,Armenia_2005,0,213,23,and,and,CC,CC
5004,Armenia_2005,0,213,24,the,the,DT,DT
5005,Armenia_2005,0,213,25,President,president,NNP,NN
5006,Armenia_2005,0,213,26,of,of,IN,IN
5007,Armenia_2005,0,213,27,the,the,DT,DT
5008,Armenia_2005,0,213,28,Republic,republic,NNP,NN
5009,Armenia_2005,0,213,29,shall,shall,MD,MD
5010,Armenia_2005,0,213,30,continue,continue,VB,VB
5011,Armenia_2005,0,213,31,the,the,DT,DT
5012,Armenia_2005,0,213,32,discharge,discharge,NN,NN
5013,Armenia_2005,0,213,33,of,of,IN,IN
5014,Armenia_2005,0,213,34,his/her,hisher,JJ,JJ
5015,Armenia_2005,0,213,35,duties,duties,NNS,NN
5016,Armenia_2005,0,214,0,In,in,IN,IN
5017,Armenia_2005,0,214,1,this,this,DT,DT
5018,Armenia_2005,0,214,2,case,case,NN,NN
5019,Armenia_2005,0,214,4,elections,elections,NNS,NN
5020,Armenia_2005,0,214,5,of,of,IN,IN
5021,Armenia_2005,0,214,6,the,the,DT,DT
5022,Armenia_2005,0,214,7,President,president,NNP,NN
5023,Armenia_2005,0,214,8,of,of,IN,IN
5024,Armenia_2005,0,214,9,Republic,republic,NNP,NN
5025,Armenia_2005,0,214,10,shall,shall,MD,MD
5026,Armenia_2005,0,214,11,be,be,VB,VB
5027,Armenia_2005,0,214,12,held,held,VBN,VB
5028,Armenia_2005,0,214,13,on,on,IN,IN
5029,Armenia_2005,0,214,14,the,the,DT,DT
5030,Armenia_2005,0,214,15,fortieth,fortieth,JJ,JJ
5031,Armenia_2005,0,214,16,day,day,NN,NN
5032,Armenia_2005,0,214,17,following,following,VBG,VB
5033,Armenia_2005,0,214,18,the,the,DT,DT
5034,Armenia_2005,0,214,19,expiration,expiration,NN,NN
5035,Armenia_2005,0,214,20,of,of,IN,IN
5036,Armenia_2005,0,214,21,the,the,DT,DT
5037,Armenia_2005,0,214,22,term,term,NN,NN
5038,Armenia_2005,0,214,23,of,of,IN,IN
5039,Armenia_2005,0,214,24,the,the,DT,DT
5040,Armenia_2005,0,214,25,martial,martial,JJ,JJ
5041,Armenia_2005,0,214,26,law,law,NN,NN
5042,Armenia_2005,0,214,27,or,or,CC,CC
5043,Armenia_2005,0,214,28,state,state,NN,NN
5044,Armenia_2005,0,214,29,of,of,IN,IN
5045,Armenia_2005,0,214,30,emergency,emergency,NN,NN
5046,Armenia_2005,0,215,0,Article,article,NN,NN
5047,Armenia_2005,0,215,1,54,54,CD,CD
5048,Armenia_2005,0,215,2,Share,share,NNP,NN
5049,Armenia_2005,0,215,3,The,the,DT,DT
5050,Armenia_2005,0,215,4,President,president,NNP,NN
5051,Armenia_2005,0,215,5,of,of,IN,IN
5052,Armenia_2005,0,215,6,the,the,DT,DT
5053,Armenia_2005,0,215,7,Republic,republic,NNP,NN
5054,Armenia_2005,0,215,8,shall,shall,MD,MD
5055,Armenia_2005,0,215,9,accept,accept,VB,VB
5056,Armenia_2005,0,215,10,office,office,NN,NN
5057,Armenia_2005,0,215,11,in,in,IN,IN
5058,Armenia_2005,0,215,12,conformity,conformity,NN,NN
5059,Armenia_2005,0,215,13,with,with,IN,IN
5060,Armenia_2005,0,215,14,the,the,DT,DT
5061,Armenia_2005,0,215,15,procedure,procedure,NN,NN
5062,Armenia_2005,0,215,16,prescribed,prescribed,VBN,VB
5063,Armenia_2005,0,215,17,by,by,IN,IN
5064,Armenia_2005,0,215,18,law,law,NN,NN
5065,Armenia_2005,0,215,19,at,at,IN,IN
5066,Armenia_2005,0,215,20,the,the,DT,DT
5067,Armenia_2005,0,215,21,special,special,JJ,JJ
5068,Armenia_2005,0,215,22,sitting,sitting,NN,NN
5069,Armenia_2005,0,215,23,of,of,IN,IN
5070,Armenia_2005,0,215,24,the,the,DT,DT
5071,Armenia_2005,0,215,25,National,national,NNP,NN
5072,Armenia_2005,0,215,26,Assembly,assembly,NNP,NN
5073,Armenia_2005,0,215,27,by,by,IN,IN
5074,Armenia_2005,0,215,28,swearing,swearing,VBG,VB
5075,Armenia_2005,0,215,29,the,the,DT,DT
5076,Armenia_2005,0,215,30,following,following,JJ,JJ
5077,Armenia_2005,0,215,31,oath,oath,NN,NN
5078,Armenia_2005,0,215,32,to,to,TO,TO
5079,Armenia_2005,0,215,33,the,the,DT,DT
5080,Armenia_2005,0,215,34,people,people,NNS,NN
5081,Armenia_2005,0,215,37,Assuming,assuming,VBG,VB
5082,Armenia_2005,0,215,38,the,the,DT,DT
5083,Armenia_2005,0,215,39,office,office,NN,NN
5084,Armenia_2005,0,215,40,of,of,IN,IN
5085,Armenia_2005,0,215,41,the,the,DT,DT
5086,Armenia_2005,0,215,42,President,president,NNP,NN
5087,Armenia_2005,0,215,43,of,of,IN,IN
5088,Armenia_2005,0,215,44,the,the,DT,DT
5089,Armenia_2005,0,215,45,Republic,republic,NNP,NN
5090,Armenia_2005,0,215,46,of,of,IN,IN
5091,Armenia_2005,0,215,47,Armenia,armenia,NNP,NN
5092,Armenia_2005,0,215,49,I,i,PRP,PR
5093,Armenia_2005,0,215,50,swear,swear,VBP,VB
5094,Armenia_2005,0,215,52,to,to,TO,TO
5095,Armenia_2005,0,215,53,fulfill,fulfill,VB,VB
5096,Armenia_2005,0,215,54,the,the,DT,DT
5097,Armenia_2005,0,215,55,requirements,requirements,NNS,NN
5098,Armenia_2005,0,215,56,of,of,IN,IN
5099,Armenia_2005,0,215,57,the,the,DT,DT
5100,Armenia_2005,0,215,58,Constitution,constitution,NNP,NN
5101,Armenia_2005,0,215,59,in,in,IN,IN
5102,Armenia_2005,0,215,60,an,an,DT,DT
5103,Armenia_2005,0,215,61,unreserved,unreserved,JJ,JJ
5104,Armenia_2005,0,215,62,manner,manner,NN,NN
5105,Armenia_2005,0,215,64,respect,respect,VB,VB
5106,Armenia_2005,0,215,65,the,the,DT,DT
5107,Armenia_2005,0,215,66,human,human,JJ,JJ
5108,Armenia_2005,0,215,67,and,and,CC,CC
5109,Armenia_2005,0,215,68,civil,civil,JJ,JJ
5110,Armenia_2005,0,215,69,rights,rights,NNS,NN
5111,Armenia_2005,0,215,70,and,and,CC,CC
5112,Armenia_2005,0,215,71,freedoms,freedoms,NNS,NN
5113,Armenia_2005,0,215,73,to,to,TO,TO
5114,Armenia_2005,0,215,74,ensure,ensure,VB,VB
5115,Armenia_2005,0,215,75,the,the,DT,DT
5116,Armenia_2005,0,215,76,protection,protection,NN,NN
5117,Armenia_2005,0,215,78,independence,independence,NN,NN
5118,Armenia_2005,0,215,80,territorial,territorial,JJ,JJ
5119,Armenia_2005,0,215,81,integrity,integrity,NN,NN
5120,Armenia_2005,0,215,82,and,and,CC,CC
5121,Armenia_2005,0,215,83,security,security,NN,NN
5122,Armenia_2005,0,215,84,of,of,IN,IN
5123,Armenia_2005,0,215,85,the,the,DT,DT
5124,Armenia_2005,0,215,86,Republic,republic,NNP,NN
5125,Armenia_2005,0,215,87,to,to,TO,TO
5126,Armenia_2005,0,215,88,the,the,DT,DT
5127,Armenia_2005,0,215,89,glory,glory,NN,NN
5128,Armenia_2005,0,215,90,of,of,IN,IN
5129,Armenia_2005,0,215,91,the,the,DT,DT
5130,Armenia_2005,0,215,92,Republic,republic,NNP,NN
5131,Armenia_2005,0,215,93,of,of,IN,IN
5132,Armenia_2005,0,215,94,Armenia,armenia,NNP,NN
5133,Armenia_2005,0,215,95,and,and,CC,CC
5134,Armenia_2005,0,215,96,to,to,TO,TO
5135,Armenia_2005,0,215,97,the,the,DT,DT
5136,Armenia_2005,0,215,98,welfare,welfare,NN,NN
5137,Armenia_2005,0,215,99,of,of,IN,IN
5138,Armenia_2005,0,215,100,the,the,DT,DT
5139,Armenia_2005,0,215,101,people,people,NNS,NN
5140,Armenia_2005,0,215,102,of,of,IN,IN
5141,Armenia_2005,0,215,103,the,the,DT,DT
5142,Armenia_2005,0,215,104,Republic,republic,NNP,NN
5143,Armenia_2005,0,215,105,of,of,IN,IN
5144,Armenia_2005,0,215,106,Armenia,armenia,NNP,NN
5145,Armenia_2005,0,216,0,Article,article,NN,NN
5146,Armenia_2005,0,216,1,55,55,CD,CD
5147,Armenia_2005,0,216,2,Share,share,NNP,NN
5148,Armenia_2005,0,216,3,The,the,DT,DT
5149,Armenia_2005,0,216,4,President,president,NNP,NN
5150,Armenia_2005,0,216,5,of,of,IN,IN
5151,Armenia_2005,0,216,6,the,the,DT,DT
5152,Armenia_2005,0,216,7,Republic,republic,NNP,NN
5153,Armenia_2005,0,216,9,1.shall,1shall,CD,CD
5154,Armenia_2005,0,216,10,deliver,deliver,NN,NN
5155,Armenia_2005,0,216,11,addresses,addresses,NNS,NN
5156,Armenia_2005,0,216,12,to,to,TO,TO
5157,Armenia_2005,0,216,13,the,the,DT,DT
5158,Armenia_2005,0,216,14,people,people,NNS,NN
5159,Armenia_2005,0,216,15,and,and,CC,CC
5160,Armenia_2005,0,216,16,the,the,DT,DT
5161,Armenia_2005,0,216,17,National,national,NNP,NN
5162,Armenia_2005,0,216,18,Assembly,assembly,NNP,NN
5163,Armenia_2005,0,216,20,2.shall,2shall,CD,CD
5164,Armenia_2005,0,216,21,sign,sign,NN,NN
5165,Armenia_2005,0,216,22,and,and,CC,CC
5166,Armenia_2005,0,216,23,promulgate,promulgate,NN,NN
5167,Armenia_2005,0,216,25,within,within,IN,IN
5168,Armenia_2005,0,216,26,twenty-one,twentyone,JJ,JJ
5169,Armenia_2005,0,216,27,days,days,NNS,NN
5170,Armenia_2005,0,216,28,of,of,IN,IN
5171,Armenia_2005,0,216,29,receipt,receipt,NN,NN
5172,Armenia_2005,0,216,31,the,the,DT,DT
5173,Armenia_2005,0,216,32,laws,laws,NNS,NN
5174,Armenia_2005,0,216,33,passed,passed,VBN,VB
5175,Armenia_2005,0,216,34,by,by,IN,IN
5176,Armenia_2005,0,216,35,the,the,DT,DT
5177,Armenia_2005,0,216,36,National,national,NNP,NN
5178,Armenia_2005,0,216,37,Assembly,assembly,NNP,NN
5179,Armenia_2005,0,216,39,Within,within,NNP,NN
5180,Armenia_2005,0,216,40,this,this,DT,DT
5181,Armenia_2005,0,216,41,period,period,NN,NN
5182,Armenia_2005,0,216,42,he/she,heshe,NN,NN
5183,Armenia_2005,0,216,43,may,may,MD,MD
5184,Armenia_2005,0,216,44,return,return,VB,VB
5185,Armenia_2005,0,216,45,the,the,DT,DT
5186,Armenia_2005,0,216,46,law,law,NN,NN
5187,Armenia_2005,0,216,47,to,to,TO,TO
5188,Armenia_2005,0,216,48,the,the,DT,DT
5189,Armenia_2005,0,216,49,National,national,NNP,NN
5190,Armenia_2005,0,216,50,Assembly,assembly,NNP,NN
5191,Armenia_2005,0,216,51,with,with,IN,IN
5192,Armenia_2005,0,216,52,objections,objections,NNS,NN
5193,Armenia_2005,0,216,53,and,and,CC,CC
5194,Armenia_2005,0,216,54,recommendations,recommendations,NNS,NN
5195,Armenia_2005,0,216,55,requesting,requesting,VBG,VB
5196,Armenia_2005,0,216,56,for,for,IN,IN
5197,Armenia_2005,0,216,57,new,new,JJ,JJ
5198,Armenia_2005,0,216,58,deliberations,deliberations,NNS,NN
5199,Armenia_2005,0,217,0,The,the,DT,DT
5200,Armenia_2005,0,217,1,President,president,NNP,NN
5201,Armenia_2005,0,217,2,shall,shall,MD,MD
5202,Armenia_2005,0,217,3,sign,sign,VB,VB
5203,Armenia_2005,0,217,4,and,and,CC,CC
5204,Armenia_2005,0,217,5,promulgate,promulgate,VB,VB
5205,Armenia_2005,0,217,6,within,within,IN,IN
5206,Armenia_2005,0,217,7,five,five,CD,CD
5207,Armenia_2005,0,217,8,days,days,NNS,NN
5208,Armenia_2005,0,217,9,the,the,DT,DT
5209,Armenia_2005,0,217,10,law,law,NN,NN
5210,Armenia_2005,0,217,11,re-adopted,readopted,JJ,JJ
5211,Armenia_2005,0,217,12,by,by,IN,IN
5212,Armenia_2005,0,217,13,the,the,DT,DT
5213,Armenia_2005,0,217,14,National,national,NNP,NN
5214,Armenia_2005,0,217,15,Assembly,assembly,NNP,NN
5215,Armenia_2005,0,217,17,3.shall,3shall,CD,CD
5216,Armenia_2005,0,217,19,dissolve,dissolve,VB,VB
5217,Armenia_2005,0,217,20,the,the,DT,DT
5218,Armenia_2005,0,217,21,National,national,NNP,NN
5219,Armenia_2005,0,217,22,Assembly,assembly,NNP,NN
5220,Armenia_2005,0,217,23,in,in,IN,IN
5221,Armenia_2005,0,217,24,the,the,DT,DT
5222,Armenia_2005,0,217,25,cases,cases,NNS,NN
5223,Armenia_2005,0,217,26,and,and,CC,CC
5224,Armenia_2005,0,217,27,in,in,IN,IN
5225,Armenia_2005,0,217,28,conformity,conformity,NN,NN
5226,Armenia_2005,0,217,29,with,with,IN,IN
5227,Armenia_2005,0,217,30,the,the,DT,DT
5228,Armenia_2005,0,217,31,procedure,procedure,NN,NN
5229,Armenia_2005,0,217,32,prescribed,prescribed,VBN,VB
5230,Armenia_2005,0,217,33,by,by,IN,IN
5231,Armenia_2005,0,217,34,Article,article,NNP,NN
5232,Armenia_2005,0,217,35,74,74,CD,CD
5233,Armenia_2005,0,218,0,1,1,CD,CD
5234,Armenia_2005,0,218,1,of,of,IN,IN
5235,Armenia_2005,0,218,2,the,the,DT,DT
5236,Armenia_2005,0,218,3,Constitution,constitution,NNP,NN
5237,Armenia_2005,0,218,4,and,and,CC,CC
5238,Armenia_2005,0,218,5,declare,declare,JJ,JJ
5239,Armenia_2005,0,218,6,extraordinary,extraordinary,JJ,JJ
5240,Armenia_2005,0,218,7,elections,elections,NNS,NN
5241,Armenia_2005,0,218,9,4.shall,4shall,CD,CD
5242,Armenia_2005,0,218,10,appoint,appoint,NN,NN
5243,Armenia_2005,0,218,11,as,as,IN,IN
5244,Armenia_2005,0,218,12,Prime,prime,NNP,NN
5245,Armenia_2005,0,218,13,Minister,minister,NNP,NN
5246,Armenia_2005,0,218,14,the,the,DT,DT
5247,Armenia_2005,0,218,15,person,person,NN,NN
5248,Armenia_2005,0,218,16,who,who,WP,WP
5249,Armenia_2005,0,218,18,upon,upon,IN,IN
5250,Armenia_2005,0,218,19,the,the,DT,DT
5251,Armenia_2005,0,218,20,distribution,distribution,NN,NN
5252,Armenia_2005,0,218,21,of,of,IN,IN
5253,Armenia_2005,0,218,22,seats,seats,NNS,NN
5254,Armenia_2005,0,218,23,in,in,IN,IN
5255,Armenia_2005,0,218,24,the,the,DT,DT
5256,Armenia_2005,0,218,25,National,national,NNP,NN
5257,Armenia_2005,0,218,26,Assembly,assembly,NNP,NN
5258,Armenia_2005,0,218,27,and,and,CC,CC
5259,Armenia_2005,0,218,28,consultations,consultations,NNS,NN
5260,Armenia_2005,0,218,29,held,held,VBD,VB
5261,Armenia_2005,0,218,30,with,with,IN,IN
5262,Armenia_2005,0,218,31,the,the,DT,DT
5263,Armenia_2005,0,218,32,parliamentary,parliamentary,JJ,JJ
5264,Armenia_2005,0,218,33,factions,factions,NNS,NN
5265,Armenia_2005,0,218,35,enjoys,enjoys,VBZ,VB
5266,Armenia_2005,0,218,36,the,the,DT,DT
5267,Armenia_2005,0,218,37,confidence,confidence,NN,NN
5268,Armenia_2005,0,218,38,of,of,IN,IN
5269,Armenia_2005,0,218,39,the,the,DT,DT
5270,Armenia_2005,0,218,40,majority,majority,NN,NN
5271,Armenia_2005,0,218,41,of,of,IN,IN
5272,Armenia_2005,0,218,42,the,the,DT,DT
5273,Armenia_2005,0,218,43,Deputies,deputies,NNP,NN
5274,Armenia_2005,0,218,45,and,and,CC,CC
5275,Armenia_2005,0,218,46,if,if,IN,IN
5276,Armenia_2005,0,218,47,it,it,PRP,PR
5277,Armenia_2005,0,218,48,is,is,VBZ,VB
5278,Armenia_2005,0,218,49,not,not,RB,RB
5279,Armenia_2005,0,218,50,possible,possible,JJ,JJ
5280,Armenia_2005,0,218,52,the,the,DT,DT
5281,Armenia_2005,0,218,53,person,person,NN,NN
5282,Armenia_2005,0,218,54,who,who,WP,WP
5283,Armenia_2005,0,218,55,enjoys,enjoys,VBZ,VB
5284,Armenia_2005,0,218,56,confidence,confidence,NN,NN
5285,Armenia_2005,0,218,57,of,of,IN,IN
5286,Armenia_2005,0,218,58,the,the,DT,DT
5287,Armenia_2005,0,218,59,maximum,maximum,JJ,JJ
5288,Armenia_2005,0,218,60,number,number,NN,NN
5289,Armenia_2005,0,218,61,of,of,IN,IN
5290,Armenia_2005,0,218,62,the,the,DT,DT
5291,Armenia_2005,0,218,63,Deputies,deputies,NNP,NN
5292,Armenia_2005,0,219,0,The,the,DT,DT
5293,Armenia_2005,0,219,1,President,president,NNP,NN
5294,Armenia_2005,0,219,2,shall,shall,MD,MD
5295,Armenia_2005,0,219,3,appoint,appoint,VB,VB
5296,Armenia_2005,0,219,4,the,the,DT,DT
5297,Armenia_2005,0,219,5,Prime,prime,NNP,NN
5298,Armenia_2005,0,219,6,Minister,minister,NNP,NN
5299,Armenia_2005,0,219,7,within,within,IN,IN
5300,Armenia_2005,0,219,8,ten,ten,JJ,JJ
5301,Armenia_2005,0,219,9,days,days,NNS,NN
5302,Armenia_2005,0,219,10,after,after,IN,IN
5303,Armenia_2005,0,219,11,accepting,accepting,VBG,VB
5304,Armenia_2005,0,219,12,the,the,DT,DT
5305,Armenia_2005,0,219,13,resignation,resignation,NN,NN
5306,Armenia_2005,0,219,14,of,of,IN,IN
5307,Armenia_2005,0,219,15,the,the,DT,DT
5308,Armenia_2005,0,219,16,Government,government,NNP,NN
5309,Armenia_2005,0,220,0,Within,within,IN,IN
5310,Armenia_2005,0,220,1,20,20,CD,CD
5311,Armenia_2005,0,220,2,days,days,NNS,NN
5312,Armenia_2005,0,220,3,after,after,IN,IN
5313,Armenia_2005,0,220,4,the,the,DT,DT
5314,Armenia_2005,0,220,5,appointment,appointment,NN,NN
5315,Armenia_2005,0,220,6,of,of,IN,IN
5316,Armenia_2005,0,220,7,the,the,DT,DT
5317,Armenia_2005,0,220,8,Prime,prime,NNP,NN
5318,Armenia_2005,0,220,9,Minister,minister,NNP,NN
5319,Armenia_2005,0,220,11,the,the,DT,DT
5320,Armenia_2005,0,220,12,Government,government,NNP,NN
5321,Armenia_2005,0,220,13,shall,shall,MD,MD
5322,Armenia_2005,0,220,14,be,be,VB,VB
5323,Armenia_2005,0,220,15,formed,formed,VBN,VB
5324,Armenia_2005,0,221,0,The,the,DT,DT
5325,Armenia_2005,0,221,1,President,president,NNP,NN
5326,Armenia_2005,0,221,2,of,of,IN,IN
5327,Armenia_2005,0,221,3,the,the,DT,DT
5328,Armenia_2005,0,221,4,Republic,republic,NNP,NN
5329,Armenia_2005,0,221,5,shall,shall,MD,MD
5330,Armenia_2005,0,221,6,appoint,appoint,VB,VB
5331,Armenia_2005,0,221,7,to,to,TO,TO
5332,Armenia_2005,0,221,8,and,and,CC,CC
5333,Armenia_2005,0,221,9,dismiss,dismiss,VB,VB
5334,Armenia_2005,0,221,10,from,from,IN,IN
5335,Armenia_2005,0,221,11,office,office,NN,NN
5336,Armenia_2005,0,221,12,the,the,DT,DT
5337,Armenia_2005,0,221,13,members,members,NNS,NN
5338,Armenia_2005,0,221,14,of,of,IN,IN
5339,Armenia_2005,0,221,15,the,the,DT,DT
5340,Armenia_2005,0,221,16,Government,government,NNP,NN
5341,Armenia_2005,0,221,17,upon,upon,IN,IN
5342,Armenia_2005,0,221,18,the,the,DT,DT
5343,Armenia_2005,0,221,19,recommendation,recommendation,NN,NN
5344,Armenia_2005,0,221,20,of,of,IN,IN
5345,Armenia_2005,0,221,21,the,the,DT,DT
5346,Armenia_2005,0,221,22,Prime,prime,NNP,NN
5347,Armenia_2005,0,221,23,Minister,minister,NNP,NN
5348,Armenia_2005,0,221,25,The,the,DT,DT
5349,Armenia_2005,0,221,26,President,president,NNP,NN
5350,Armenia_2005,0,221,27,of,of,IN,IN
5351,Armenia_2005,0,221,28,the,the,DT,DT
5352,Armenia_2005,0,221,29,Republic,republic,NNP,NN
5353,Armenia_2005,0,221,30,shall,shall,MD,MD
5354,Armenia_2005,0,221,31,accept,accept,VB,VB
5355,Armenia_2005,0,221,32,the,the,DT,DT
5356,Armenia_2005,0,221,33,resignation,resignation,NN,NN
5357,Armenia_2005,0,221,34,of,of,IN,IN
5358,Armenia_2005,0,221,35,the,the,DT,DT
5359,Armenia_2005,0,221,36,Government,government,NNP,NN
5360,Armenia_2005,0,221,37,on,on,IN,IN
5361,Armenia_2005,0,221,38,the,the,DT,DT
5362,Armenia_2005,0,221,39,day,day,NN,NN
5363,Armenia_2005,0,221,40,of,of,IN,IN
5364,Armenia_2005,0,221,41,the,the,DT,DT
5365,Armenia_2005,0,221,42,first,first,JJ,JJ
5366,Armenia_2005,0,221,43,sitting,sitting,NN,NN
5367,Armenia_2005,0,221,44,of,of,IN,IN
5368,Armenia_2005,0,221,45,the,the,DT,DT
5369,Armenia_2005,0,221,46,newly,newly,RB,RB
5370,Armenia_2005,0,221,47,elected,elected,VBN,VB
5371,Armenia_2005,0,221,48,National,national,NNP,NN
5372,Armenia_2005,0,221,49,Assembly,assembly,NNP,NN
5373,Armenia_2005,0,221,51,of,of,IN,IN
5374,Armenia_2005,0,221,52,the,the,DT,DT
5375,Armenia_2005,0,221,53,assumption,assumption,NN,NN
5376,Armenia_2005,0,221,54,of,of,IN,IN
5377,Armenia_2005,0,221,55,the,the,DT,DT
5378,Armenia_2005,0,221,56,office,office,NN,NN
5379,Armenia_2005,0,221,57,by,by,IN,IN
5380,Armenia_2005,0,221,58,the,the,DT,DT
5381,Armenia_2005,0,221,59,President,president,NNP,NN
5382,Armenia_2005,0,221,60,of,of,IN,IN
5383,Armenia_2005,0,221,61,the,the,DT,DT
5384,Armenia_2005,0,221,62,Republic,republic,NNP,NN
5385,Armenia_2005,0,221,64,of,of,IN,IN
5386,Armenia_2005,0,221,65,the,the,DT,DT
5387,Armenia_2005,0,221,66,expression,expression,NN,NN
5388,Armenia_2005,0,221,67,of,of,IN,IN
5389,Armenia_2005,0,221,68,the,the,DT,DT
5390,Armenia_2005,0,221,69,vote,vote,NN,NN
5391,Armenia_2005,0,221,70,of,of,IN,IN
5392,Armenia_2005,0,221,71,no,no,DT,DT
5393,Armenia_2005,0,221,72,confidence,confidence,NN,NN
5394,Armenia_2005,0,221,73,to,to,TO,TO
5395,Armenia_2005,0,221,74,the,the,DT,DT
5396,Armenia_2005,0,221,75,Government,government,NNP,NN
5397,Armenia_2005,0,221,77,of,of,IN,IN
5398,Armenia_2005,0,221,78,not,not,RB,RB
5399,Armenia_2005,0,221,79,giving,giving,VBG,VB
5400,Armenia_2005,0,221,80,approval,approval,NN,NN
5401,Armenia_2005,0,221,81,to,to,TO,TO
5402,Armenia_2005,0,221,82,the,the,DT,DT
5403,Armenia_2005,0,221,83,program,program,NN,NN
5404,Armenia_2005,0,221,84,of,of,IN,IN
5405,Armenia_2005,0,221,85,the,the,DT,DT
5406,Armenia_2005,0,221,86,Government,government,NNP,NN
5407,Armenia_2005,0,221,88,of,of,IN,IN
5408,Armenia_2005,0,221,89,the,the,DT,DT
5409,Armenia_2005,0,221,90,resignation,resignation,NN,NN
5410,Armenia_2005,0,221,91,of,of,IN,IN
5411,Armenia_2005,0,221,92,the,the,DT,DT
5412,Armenia_2005,0,221,93,Prime,prime,NNP,NN
5413,Armenia_2005,0,221,94,Minister,minister,NNP,NN
5414,Armenia_2005,0,221,95,or,or,CC,CC
5415,Armenia_2005,0,221,96,the,the,DT,DT
5416,Armenia_2005,0,221,97,office,office,NN,NN
5417,Armenia_2005,0,221,98,of,of,IN,IN
5418,Armenia_2005,0,221,99,the,the,DT,DT
5419,Armenia_2005,0,221,100,Prime,prime,NNP,NN
5420,Armenia_2005,0,221,101,Minister,minister,NNP,NN
5421,Armenia_2005,0,221,102,remaining,remaining,VBG,VB
5422,Armenia_2005,0,221,103,vacant,vacant,NN,NN
5423,Armenia_2005,0,222,0,After,after,IN,IN
5424,Armenia_2005,0,222,1,the,the,DT,DT
5425,Armenia_2005,0,222,2,acceptance,acceptance,NN,NN
5426,Armenia_2005,0,222,3,of,of,IN,IN
5427,Armenia_2005,0,222,4,the,the,DT,DT
5428,Armenia_2005,0,222,5,resignation,resignation,NN,NN
5429,Armenia_2005,0,222,6,of,of,IN,IN
5430,Armenia_2005,0,222,7,the,the,DT,DT
5431,Armenia_2005,0,222,8,Government,government,NNP,NN
5432,Armenia_2005,0,222,9,by,by,IN,IN
5433,Armenia_2005,0,222,10,the,the,DT,DT
5434,Armenia_2005,0,222,11,President,president,NNP,NN
5435,Armenia_2005,0,222,12,of,of,IN,IN
5436,Armenia_2005,0,222,13,the,the,DT,DT
5437,Armenia_2005,0,222,14,Republic,republic,NNP,NN
5438,Armenia_2005,0,222,16,the,the,DT,DT
5439,Armenia_2005,0,222,17,members,members,NNS,NN
5440,Armenia_2005,0,222,18,of,of,IN,IN
5441,Armenia_2005,0,222,19,the,the,DT,DT
5442,Armenia_2005,0,222,20,Government,government,NNP,NN
5443,Armenia_2005,0,222,21,shall,shall,MD,MD
5444,Armenia_2005,0,222,22,continue,continue,VB,VB
5445,Armenia_2005,0,222,23,the,the,DT,DT
5446,Armenia_2005,0,222,24,realization,realization,NN,NN
5447,Armenia_2005,0,222,25,of,of,IN,IN
5448,Armenia_2005,0,222,26,their,their,PRP$,PR
5449,Armenia_2005,0,222,27,duties,duties,NNS,NN
5450,Armenia_2005,0,222,28,until,until,IN,IN
5451,Armenia_2005,0,222,29,the,the,DT,DT
5452,Armenia_2005,0,222,30,formation,formation,NN,NN
5453,Armenia_2005,0,222,31,of,of,IN,IN
5454,Armenia_2005,0,222,32,the,the,DT,DT
5455,Armenia_2005,0,222,33,new,new,JJ,JJ
5456,Armenia_2005,0,222,34,Government,government,NNP,NN
5457,Armenia_2005,0,222,36,5.shall,5shall,CD,CD
5458,Armenia_2005,0,222,37,make,make,NN,NN
5459,Armenia_2005,0,222,38,appointments,appointments,NNS,NN
5460,Armenia_2005,0,222,39,to,to,TO,TO
5461,Armenia_2005,0,222,40,State,state,NNP,NN
5462,Armenia_2005,0,222,41,office,office,NN,NN
5463,Armenia_2005,0,222,42,positions,positions,NNS,NN
5464,Armenia_2005,0,222,43,in,in,IN,IN
5465,Armenia_2005,0,222,44,cases,cases,NNS,NN
5466,Armenia_2005,0,222,45,prescribed,prescribed,VBN,VB
5467,Armenia_2005,0,222,46,by,by,IN,IN
5468,Armenia_2005,0,222,47,law,law,NN,NN
5469,Armenia_2005,0,222,49,6.shall,6shall,CD,CD
5470,Armenia_2005,0,222,50,form,form,NN,NN
5471,Armenia_2005,0,222,51,and,and,CC,CC
5472,Armenia_2005,0,222,52,preside,preside,NN,NN
5473,Armenia_2005,0,222,53,over,over,IN,IN
5474,Armenia_2005,0,222,54,the,the,DT,DT
5475,Armenia_2005,0,222,55,National,national,NNP,NN
5476,Armenia_2005,0,222,56,Security,security,NNP,NN
5477,Armenia_2005,0,222,57,Council,council,NNP,NN
5478,Armenia_2005,0,222,59,and,and,CC,CC
5479,Armenia_2005,0,222,60,establish,establish,VB,VB
5480,Armenia_2005,0,222,61,other,other,JJ,JJ
5481,Armenia_2005,0,222,62,advisory,advisory,JJ,JJ
5482,Armenia_2005,0,222,63,bodies,bodies,NNS,NN
5483,Armenia_2005,0,222,65,7.shall,7shall,CD,CD
5484,Armenia_2005,0,222,66,represent,represent,VBP,VB
5485,Armenia_2005,0,222,67,the,the,DT,DT
5486,Armenia_2005,0,222,68,Republic,republic,NNP,NN
5487,Armenia_2005,0,222,69,of,of,IN,IN
5488,Armenia_2005,0,222,70,Armenia,armenia,NNP,NN
5489,Armenia_2005,0,222,71,in,in,IN,IN
5490,Armenia_2005,0,222,72,international,international,JJ,JJ
5491,Armenia_2005,0,222,73,relations,relations,NNS,NN
5492,Armenia_2005,0,222,75,supervise,supervise,VB,VB
5493,Armenia_2005,0,222,76,the,the,DT,DT
5494,Armenia_2005,0,222,77,foreign,foreign,JJ,JJ
5495,Armenia_2005,0,222,78,policy,policy,NN,NN
5496,Armenia_2005,0,222,80,conclude,conclude,CC,CC
5497,Armenia_2005,0,222,81,international,international,JJ,JJ
5498,Armenia_2005,0,222,82,agreements,agreements,NNS,NN
5499,Armenia_2005,0,222,84,forward,forward,RB,RB
5500,Armenia_2005,0,222,85,the,the,DT,DT
5501,Armenia_2005,0,222,86,international,international,JJ,JJ
5502,Armenia_2005,0,222,87,agreements,agreements,NNS,NN
5503,Armenia_2005,0,222,88,to,to,TO,TO
5504,Armenia_2005,0,222,89,the,the,DT,DT
5505,Armenia_2005,0,222,90,National,national,NNP,NN
5506,Armenia_2005,0,222,91,Assembly,assembly,NNP,NN
5507,Armenia_2005,0,222,92,for,for,IN,IN
5508,Armenia_2005,0,222,93,ratification,ratification,NN,NN
5509,Armenia_2005,0,222,94,and,and,CC,CC
5510,Armenia_2005,0,222,95,sign,sign,VB,VB
5511,Armenia_2005,0,222,96,their,their,PRP$,PR
5512,Armenia_2005,0,222,97,ratification,ratification,NN,NN
5513,Armenia_2005,0,222,98,forms,forms,NNS,NN
5514,Armenia_2005,0,222,100,approve,approve,VB,VB
5515,Armenia_2005,0,222,102,suspend,suspend,VB,VB
5516,Armenia_2005,0,222,103,or,or,CC,CC
5517,Armenia_2005,0,222,104,annul,annul,VB,VB
5518,Armenia_2005,0,222,105,the,the,DT,DT
5519,Armenia_2005,0,222,106,international,international,JJ,JJ
5520,Armenia_2005,0,222,107,agreements,agreements,NNS,NN
5521,Armenia_2005,0,222,108,for,for,IN,IN
5522,Armenia_2005,0,222,109,which,which,WDT,WD
5523,Armenia_2005,0,222,110,no,no,DT,DT
5524,Armenia_2005,0,222,111,ratification,ratification,NN,NN
5525,Armenia_2005,0,222,112,is,is,VBZ,VB
5526,Armenia_2005,0,222,113,required,required,VBN,VB
5527,Armenia_2005,0,222,115,8.shall,8shall,CD,CD
5528,Armenia_2005,0,222,116,appoint,appoint,NN,NN
5529,Armenia_2005,0,222,117,to,to,TO,TO
5530,Armenia_2005,0,222,118,and,and,CC,CC
5531,Armenia_2005,0,222,119,recall,recall,VB,VB
5532,Armenia_2005,0,222,120,from,from,IN,IN
5533,Armenia_2005,0,222,121,office,office,NN,NN
5534,Armenia_2005,0,222,122,the,the,DT,DT
5535,Armenia_2005,0,222,123,diplomatic,diplomatic,JJ,JJ
5536,Armenia_2005,0,222,124,representatives,representatives,NNS,NN
5537,Armenia_2005,0,222,125,of,of,IN,IN
5538,Armenia_2005,0,222,126,the,the,DT,DT
5539,Armenia_2005,0,222,127,Republic,republic,NNP,NN
5540,Armenia_2005,0,222,128,of,of,IN,IN
5541,Armenia_2005,0,222,129,Armenia,armenia,NNP,NN
5542,Armenia_2005,0,222,130,in,in,IN,IN
5543,Armenia_2005,0,222,131,foreign,foreign,JJ,JJ
5544,Armenia_2005,0,222,132,countries,countries,NNS,NN
5545,Armenia_2005,0,222,133,and,and,CC,CC
5546,Armenia_2005,0,222,134,international,international,JJ,JJ
5547,Armenia_2005,0,222,135,organizations,organizations,NNS,NN
5548,Armenia_2005,0,222,137,accept,accept,IN,IN
5549,Armenia_2005,0,222,138,the,the,DT,DT
5550,Armenia_2005,0,222,139,letters,letters,NNS,NN
5551,Armenia_2005,0,222,140,of,of,IN,IN
5552,Armenia_2005,0,222,141,accreditation,accreditation,NN,NN
5553,Armenia_2005,0,222,142,and,and,CC,CC
5554,Armenia_2005,0,222,143,recall,recall,NN,NN
5555,Armenia_2005,0,222,144,of,of,IN,IN
5556,Armenia_2005,0,222,145,the,the,DT,DT
5557,Armenia_2005,0,222,146,diplomatic,diplomatic,JJ,JJ
5558,Armenia_2005,0,222,147,representatives,representatives,NNS,NN
5559,Armenia_2005,0,222,148,in,in,IN,IN
5560,Armenia_2005,0,222,149,foreign,foreign,JJ,JJ
5561,Armenia_2005,0,222,150,countries,countries,NNS,NN
5562,Armenia_2005,0,222,151,and,and,CC,CC
5563,Armenia_2005,0,222,152,international,international,JJ,JJ
5564,Armenia_2005,0,222,153,organizations,organizations,NNS,NN
5565,Armenia_2005,0,222,155,9.shall,9shall,CD,CD
5566,Armenia_2005,0,222,156,submit,submit,NN,NN
5567,Armenia_2005,0,222,157,to,to,TO,TO
5568,Armenia_2005,0,222,158,the,the,DT,DT
5569,Armenia_2005,0,222,159,National,national,NNP,NN
5570,Armenia_2005,0,222,160,Assembly,assembly,NNP,NN
5571,Armenia_2005,0,222,161,the,the,DT,DT
5572,Armenia_2005,0,222,162,candidacy,candidacy,NN,NN
5573,Armenia_2005,0,222,163,of,of,IN,IN
5574,Armenia_2005,0,222,164,the,the,DT,DT
5575,Armenia_2005,0,222,165,Prosecutor,prosecutor,NNP,NN
5576,Armenia_2005,0,222,166,General,general,NNP,NN
5577,Armenia_2005,0,222,168,the,the,DT,DT
5578,Armenia_2005,0,222,169,Chairman,chairman,NNP,NN
5579,Armenia_2005,0,222,170,of,of,IN,IN
5580,Armenia_2005,0,222,171,the,the,DT,DT
5581,Armenia_2005,0,222,172,Central,central,NNP,NN
5582,Armenia_2005,0,222,173,Bank,bank,NNP,NN
5583,Armenia_2005,0,222,174,and,and,CC,CC
5584,Armenia_2005,0,222,175,the,the,DT,DT
5585,Armenia_2005,0,222,176,Chairman,chairman,NNP,NN
5586,Armenia_2005,0,222,177,of,of,IN,IN
5587,Armenia_2005,0,222,178,Audit,audit,NNP,NN
5588,Armenia_2005,0,222,179,Chamber,chamber,NNP,NN
5589,Armenia_2005,0,223,0,Shall,shall,NN,NN
5590,Armenia_2005,0,223,2,upon,upon,IN,IN
5591,Armenia_2005,0,223,3,the,the,DT,DT
5592,Armenia_2005,0,223,4,recommendation,recommendation,NN,NN
5593,Armenia_2005,0,223,5,of,of,IN,IN
5594,Armenia_2005,0,223,6,the,the,DT,DT
5595,Armenia_2005,0,223,7,Prosecutor,prosecutor,NNP,NN
5596,Armenia_2005,0,223,8,General,general,NNP,NN
5597,Armenia_2005,0,223,10,appoint,appoint,NN,NN
5598,Armenia_2005,0,223,11,and,and,CC,CC
5599,Armenia_2005,0,223,12,release,release,VB,VB
5600,Armenia_2005,0,223,13,the,the,DT,DT
5601,Armenia_2005,0,223,14,Deputies,deputies,NNS,NN
5602,Armenia_2005,0,223,15,of,of,IN,IN
5603,Armenia_2005,0,223,16,the,the,DT,DT
5604,Armenia_2005,0,223,17,Prosecutor,prosecutor,NNP,NN
5605,Armenia_2005,0,223,18,General,general,NNP,NN
5606,Armenia_2005,0,223,20,10.shall,10shall,CD,CD
5607,Armenia_2005,0,223,21,appoint,appoint,IN,IN
5608,Armenia_2005,0,223,22,four,four,CD,CD
5609,Armenia_2005,0,223,23,members,members,NNS,NN
5610,Armenia_2005,0,223,24,of,of,IN,IN
5611,Armenia_2005,0,223,25,the,the,DT,DT
5612,Armenia_2005,0,223,26,Constitutional,constitutional,NNP,NN
5613,Armenia_2005,0,223,27,Court,court,NNP,NN
5614,Armenia_2005,0,223,29,and,and,CC,CC
5615,Armenia_2005,0,223,31,if,if,IN,IN
5616,Armenia_2005,0,223,32,the,the,DT,DT
5617,Armenia_2005,0,223,33,National,national,NNP,NN
5618,Armenia_2005,0,223,34,Assembly,assembly,NNP,NN
5619,Armenia_2005,0,223,35,fails,fails,VBZ,VB
5620,Armenia_2005,0,223,36,to,to,TO,TO
5621,Armenia_2005,0,223,37,appoint,appoint,VB,VB
5622,Armenia_2005,0,223,38,the,the,DT,DT
5623,Armenia_2005,0,223,39,President,president,NNP,NN
5624,Armenia_2005,0,223,40,of,of,IN,IN
5625,Armenia_2005,0,223,41,the,the,DT,DT
5626,Armenia_2005,0,223,42,Constitutional,constitutional,NNP,NN
5627,Armenia_2005,0,223,43,Court,court,NNP,NN
5628,Armenia_2005,0,223,44,in,in,IN,IN
5629,Armenia_2005,0,223,45,the,the,DT,DT
5630,Armenia_2005,0,223,46,timeframe,timeframe,NN,NN
5631,Armenia_2005,0,223,47,outlined,outlined,VBN,VB
5632,Armenia_2005,0,223,48,in,in,IN,IN
5633,Armenia_2005,0,223,49,Article,article,NNP,NN
5634,Armenia_2005,0,223,50,83,83,CD,CD
5635,Armenia_2005,0,223,52,2,2,CD,CD
5636,Armenia_2005,0,223,54,of,of,IN,IN
5637,Armenia_2005,0,223,55,the,the,DT,DT
5638,Armenia_2005,0,223,56,Constitution,constitution,NNP,NN
5639,Armenia_2005,0,223,58,shall,shall,MD,MD
5640,Armenia_2005,0,223,59,appoint,appoint,VB,VB
5641,Armenia_2005,0,223,60,the,the,DT,DT
5642,Armenia_2005,0,223,61,President,president,NNP,NN
5643,Armenia_2005,0,223,62,of,of,IN,IN
5644,Armenia_2005,0,223,63,the,the,DT,DT
5645,Armenia_2005,0,223,64,Constitutional,constitutional,NNP,NN
5646,Armenia_2005,0,223,65,Court,court,NNP,NN
5647,Armenia_2005,0,224,0,He,he,PRP,PR
5648,Armenia_2005,0,224,1,may,may,MD,MD
5649,Armenia_2005,0,224,3,on,on,IN,IN
5650,Armenia_2005,0,224,4,the,the,DT,DT
5651,Armenia_2005,0,224,5,basis,basis,NN,NN
5652,Armenia_2005,0,224,6,of,of,IN,IN
5653,Armenia_2005,0,224,7,a,a,DT,DT
5654,Armenia_2005,0,224,8,conclusion,conclusion,NN,NN
5655,Armenia_2005,0,224,9,of,of,IN,IN
5656,Armenia_2005,0,224,10,the,the,DT,DT
5657,Armenia_2005,0,224,11,Constitutional,constitutional,NNP,NN
5658,Armenia_2005,0,224,12,Court,court,NNP,NN
5659,Armenia_2005,0,224,13,terminate,terminate,VBP,VB
5660,Armenia_2005,0,224,14,the,the,DT,DT
5661,Armenia_2005,0,224,15,powers,powers,NNS,NN
5662,Armenia_2005,0,224,16,of,of,IN,IN
5663,Armenia_2005,0,224,17,any,any,DT,DT
5664,Armenia_2005,0,224,18,of,of,IN,IN
5665,Armenia_2005,0,224,19,his,his,PRP$,PR
5666,Armenia_2005,0,224,20,appointees,appointees,NNS,NN
5667,Armenia_2005,0,224,21,in,in,IN,IN
5668,Armenia_2005,0,224,22,the,the,DT,DT
5669,Armenia_2005,0,224,23,Constitutional,constitutional,NNP,NN
5670,Armenia_2005,0,224,24,Court,court,NNP,NN
5671,Armenia_2005,0,224,25,or,or,CC,CC
5672,Armenia_2005,0,224,26,give,give,VB,VB
5673,Armenia_2005,0,224,27,his,his,PRP$,PR
5674,Armenia_2005,0,224,28,consent,consent,NN,NN
5675,Armenia_2005,0,224,29,to,to,TO,TO
5676,Armenia_2005,0,224,30,name,name,VB,VB
5677,Armenia_2005,0,224,31,the,the,DT,DT
5678,Armenia_2005,0,224,32,member,member,NN,NN
5679,Armenia_2005,0,224,33,as,as,IN,IN
5680,Armenia_2005,0,224,34,an,an,DT,DT
5681,Armenia_2005,0,224,35,accused,accused,VBN,VB
5682,Armenia_2005,0,224,37,detain,detain,VB,VB
5683,Armenia_2005,0,224,39,authorize,authorize,VB,VB
5684,Armenia_2005,0,224,40,the,the,DT,DT
5685,Armenia_2005,0,224,41,institution,institution,NN,NN
5686,Armenia_2005,0,224,42,of,of,IN,IN
5687,Armenia_2005,0,224,43,a,a,DT,DT
5688,Armenia_2005,0,224,44,court,court,NN,NN
5689,Armenia_2005,0,224,45,proceeding,proceeding,VBG,VB
5690,Armenia_2005,0,224,46,to,to,TO,TO
5691,Armenia_2005,0,224,47,subject,subject,VB,VB
5692,Armenia_2005,0,224,48,the,the,DT,DT
5693,Armenia_2005,0,224,49,member,member,NN,NN
5694,Armenia_2005,0,224,50,to,to,TO,TO
5695,Armenia_2005,0,224,51,administrative,administrative,JJ,JJ
5696,Armenia_2005,0,224,52,responsibility,responsibility,NN,NN
5697,Armenia_2005,0,224,54,11.upon,11upon,CD,CD
5698,Armenia_2005,0,224,55,the,the,DT,DT
5699,Armenia_2005,0,224,56,recommendation,recommendation,NN,NN
5700,Armenia_2005,0,224,57,of,of,IN,IN
5701,Armenia_2005,0,224,58,the,the,DT,DT
5702,Armenia_2005,0,224,59,Council,council,NNP,NN
5703,Armenia_2005,0,224,60,of,of,IN,IN
5704,Armenia_2005,0,224,61,Justice,justice,NNP,NN
5705,Armenia_2005,0,224,63,a.shall,ashall,NN,NN
5706,Armenia_2005,0,224,64,appoint,appoint,VBZ,VB
5707,Armenia_2005,0,224,65,the,the,DT,DT
5708,Armenia_2005,0,224,66,presidents,presidents,NNS,NN
5709,Armenia_2005,0,224,67,and,and,CC,CC
5710,Armenia_2005,0,224,68,the,the,DT,DT
5711,Armenia_2005,0,224,69,judges,judges,NNS,NN
5712,Armenia_2005,0,224,70,of,of,IN,IN
5713,Armenia_2005,0,224,71,the,the,DT,DT
5714,Armenia_2005,0,224,72,Court,court,NNP,NN
5715,Armenia_2005,0,224,73,of,of,IN,IN
5716,Armenia_2005,0,224,74,Cassation,cassation,NNP,NN
5717,Armenia_2005,0,224,75,and,and,CC,CC
5718,Armenia_2005,0,224,76,its,its,PRP$,PR
5719,Armenia_2005,0,224,77,chambers,chambers,NNS,NN
5720,Armenia_2005,0,224,79,the,the,DT,DT
5721,Armenia_2005,0,224,80,Courts,courts,NNS,NN
5722,Armenia_2005,0,224,81,of,of,IN,IN
5723,Armenia_2005,0,224,82,Appeals,appeals,NNP,NN
5724,Armenia_2005,0,224,84,the,the,DT,DT
5725,Armenia_2005,0,224,85,courts,courts,NNS,NN
5726,Armenia_2005,0,224,86,of,of,IN,IN
5727,Armenia_2005,0,224,87,first,first,JJ,JJ
5728,Armenia_2005,0,224,88,instance,instance,NN,NN
5729,Armenia_2005,0,224,89,and,and,CC,CC
5730,Armenia_2005,0,224,90,specialized,specialized,JJ,JJ
5731,Armenia_2005,0,224,91,courts,courts,NNS,NN
5732,Armenia_2005,0,224,93,b.may,bmay,VB,VB
5733,Armenia_2005,0,224,94,terminate,terminate,VB,VB
5734,Armenia_2005,0,224,95,their,their,PRP$,PR
5735,Armenia_2005,0,224,96,powers,powers,NNS,NN
5736,Armenia_2005,0,224,98,c.give,cgive,JJ,JJ
5737,Armenia_2005,0,224,99,agreement,agreement,NN,NN
5738,Armenia_2005,0,224,100,to,to,TO,TO
5739,Armenia_2005,0,224,101,include,include,VB,VB
5740,Armenia_2005,0,224,102,as,as,IN,IN
5741,Armenia_2005,0,224,103,a,a,DT,DT
5742,Armenia_2005,0,224,104,defendant,defendant,NN,NN
5743,Armenia_2005,0,224,106,detain,detain,NN,NN
5744,Armenia_2005,0,224,107,or,or,CC,CC
5745,Armenia_2005,0,224,108,authorize,authorize,VB,VB
5746,Armenia_2005,0,224,109,administrative,administrative,JJ,JJ
5747,Armenia_2005,0,224,110,proceedings,proceedings,NNS,NN
5748,Armenia_2005,0,224,111,through,through,IN,IN
5749,Armenia_2005,0,224,112,the,the,DT,DT
5750,Armenia_2005,0,224,113,judicial,judicial,JJ,JJ
5751,Armenia_2005,0,224,114,process,process,NN,NN
5752,Armenia_2005,0,224,116,upon,upon,IN,IN
5753,Armenia_2005,0,224,117,the,the,DT,DT
5754,Armenia_2005,0,224,118,conclusion,conclusion,NN,NN
5755,Armenia_2005,0,224,119,of,of,IN,IN
5756,Armenia_2005,0,224,120,the,the,DT,DT
5757,Armenia_2005,0,224,121,Council,council,NNP,NN
5758,Armenia_2005,0,224,122,of,of,IN,IN
5759,Armenia_2005,0,224,123,Justice,justice,NNP,NN
5760,Armenia_2005,0,224,125,appoint,appoint,NN,NN
5761,Armenia_2005,0,224,126,judges,judges,NNS,NN
5762,Armenia_2005,0,224,127,of,of,IN,IN
5763,Armenia_2005,0,224,128,the,the,DT,DT
5764,Armenia_2005,0,224,129,appellate,appellate,NN,NN
5765,Armenia_2005,0,224,131,first,first,JJ,JJ
5766,Armenia_2005,0,224,132,instance,instance,NN,NN
5767,Armenia_2005,0,224,133,and,and,CC,CC
5768,Armenia_2005,0,224,134,professional,professional,JJ,JJ
5769,Armenia_2005,0,224,135,courts,courts,NNS,NN
5770,Armenia_2005,0,224,137,11.1.shall,111shall,CD,CD
5771,Armenia_2005,0,224,138,appoint,appoint,NN,NN
5772,Armenia_2005,0,224,139,two,two,CD,CD
5773,Armenia_2005,0,224,140,legal,legal,JJ,JJ
5774,Armenia_2005,0,224,141,scholars,scholars,NNS,NN
5775,Armenia_2005,0,224,142,as,as,IN,IN
5776,Armenia_2005,0,224,143,members,members,NNS,NN
5777,Armenia_2005,0,224,144,of,of,IN,IN
5778,Armenia_2005,0,224,145,the,the,DT,DT
5779,Armenia_2005,0,224,146,Council,council,NNP,NN
5780,Armenia_2005,0,224,147,of,of,IN,IN
5781,Armenia_2005,0,224,148,Justice,justice,NNP,NN
5782,Armenia_2005,0,224,150,12.shall,12shall,CD,CD
5783,Armenia_2005,0,224,151,be,be,VB,VB
5784,Armenia_2005,0,224,152,the,the,DT,DT
5785,Armenia_2005,0,224,153,Commander-in-Chief,commanderinchief,NNP,NN
5786,Armenia_2005,0,224,154,of,of,IN,IN
5787,Armenia_2005,0,224,155,the,the,DT,DT
5788,Armenia_2005,0,224,156,armed,armed,JJ,JJ
5789,Armenia_2005,0,224,157,forces,forces,NNS,NN
5790,Armenia_2005,0,224,159,coordinate,coordinate,VB,VB
5791,Armenia_2005,0,224,160,the,the,DT,DT
5792,Armenia_2005,0,224,161,operations,operations,NNS,NN
5793,Armenia_2005,0,224,162,of,of,IN,IN
5794,Armenia_2005,0,224,163,the,the,DT,DT
5795,Armenia_2005,0,224,164,government,government,NN,NN
5796,Armenia_2005,0,224,165,bodies,bodies,NNS,NN
5797,Armenia_2005,0,224,166,in,in,IN,IN
5798,Armenia_2005,0,224,167,the,the,DT,DT
5799,Armenia_2005,0,224,168,area,area,NN,NN
5800,Armenia_2005,0,224,169,of,of,IN,IN
5801,Armenia_2005,0,224,170,defense,defense,NN,NN
5802,Armenia_2005,0,224,172,appoint,appoint,NN,NN
5803,Armenia_2005,0,224,173,to,to,TO,TO
5804,Armenia_2005,0,224,174,and,and,CC,CC
5805,Armenia_2005,0,224,175,dismiss,dismiss,VB,VB
5806,Armenia_2005,0,224,176,from,from,IN,IN
5807,Armenia_2005,0,224,177,office,office,NN,NN
5808,Armenia_2005,0,224,178,the,the,DT,DT
5809,Armenia_2005,0,224,179,Highest,highest,NNP,NN
5810,Armenia_2005,0,224,180,Command,command,NNP,NN
5811,Armenia_2005,0,224,181,of,of,IN,IN
5812,Armenia_2005,0,224,182,the,the,DT,DT
5813,Armenia_2005,0,224,183,armed,armed,VBN,VB
5814,Armenia_2005,0,224,184,and,and,CC,CC
5815,Armenia_2005,0,224,185,paramilitary,paramilitary,JJ,JJ
5816,Armenia_2005,0,224,186,forces,forces,NNS,NN
5817,Armenia_2005,0,224,188,13.in,13in,CD,CD
5818,Armenia_2005,0,224,189,the,the,DT,DT
5819,Armenia_2005,0,224,190,event,event,NN,NN
5820,Armenia_2005,0,224,191,of,of,IN,IN
5821,Armenia_2005,0,224,192,an,an,DT,DT
5822,Armenia_2005,0,224,193,armed,armed,JJ,JJ
5823,Armenia_2005,0,224,194,attack,attack,NN,NN
5824,Armenia_2005,0,224,195,against,against,IN,IN
5825,Armenia_2005,0,224,196,the,the,DT,DT
5826,Armenia_2005,0,224,197,Republic,republic,NNP,NN
5827,Armenia_2005,0,224,199,an,an,DT,DT
5828,Armenia_2005,0,224,200,imminent,imminent,JJ,JJ
5829,Armenia_2005,0,224,201,danger,danger,NN,NN
5830,Armenia_2005,0,224,202,thereof,thereof,NN,NN
5831,Armenia_2005,0,224,203,or,or,CC,CC
5832,Armenia_2005,0,224,204,declaration,declaration,NN,NN
5833,Armenia_2005,0,224,205,of,of,IN,IN
5834,Armenia_2005,0,224,206,war,war,NN,NN
5835,Armenia_2005,0,224,208,shall,shall,MD,MD
5836,Armenia_2005,0,224,209,declare,declare,VB,VB
5837,Armenia_2005,0,224,210,martial,martial,JJ,JJ
5838,Armenia_2005,0,224,211,law,law,NN,NN
5839,Armenia_2005,0,224,212,and,and,CC,CC
5840,Armenia_2005,0,224,213,may,may,MD,MD
5841,Armenia_2005,0,224,214,call,call,VB,VB
5842,Armenia_2005,0,224,215,for,for,IN,IN
5843,Armenia_2005,0,224,216,a,a,DT,DT
5844,Armenia_2005,0,224,217,general,general,JJ,JJ
5845,Armenia_2005,0,224,218,or,or,CC,CC
5846,Armenia_2005,0,224,219,partial,partial,JJ,JJ
5847,Armenia_2005,0,224,220,mobilization,mobilization,NN,NN
5848,Armenia_2005,0,224,221,and,and,CC,CC
5849,Armenia_2005,0,224,222,shall,shall,MD,MD
5850,Armenia_2005,0,224,223,decide,decide,VB,VB
5851,Armenia_2005,0,224,224,on,on,IN,IN
5852,Armenia_2005,0,224,225,the,the,DT,DT
5853,Armenia_2005,0,224,226,use,use,NN,NN
5854,Armenia_2005,0,224,227,of,of,IN,IN
5855,Armenia_2005,0,224,228,the,the,DT,DT
5856,Armenia_2005,0,224,229,armed,armed,JJ,JJ
5857,Armenia_2005,0,224,230,forces,forces,NNS,NN
5858,Armenia_2005,0,225,0,During,during,IN,IN
5859,Armenia_2005,0,225,1,warfare,warfare,PDT,PD
5860,Armenia_2005,0,225,2,the,the,DT,DT
5861,Armenia_2005,0,225,3,President,president,NNP,NN
5862,Armenia_2005,0,225,4,may,may,MD,MD
5863,Armenia_2005,0,225,5,appoint,appoint,VB,VB
5864,Armenia_2005,0,225,6,or,or,CC,CC
5865,Armenia_2005,0,225,7,dismiss,dismiss,VB,VB
5866,Armenia_2005,0,225,8,from,from,IN,IN
5867,Armenia_2005,0,225,9,office,office,NN,NN
5868,Armenia_2005,0,225,10,the,the,DT,DT
5869,Armenia_2005,0,225,11,Highest,highest,NNP,NN
5870,Armenia_2005,0,225,12,Commandant,commandant,NNP,NN
5871,Armenia_2005,0,226,0,In,in,IN,IN
5872,Armenia_2005,0,226,1,case,case,NN,NN
5873,Armenia_2005,0,226,2,of,of,IN,IN
5874,Armenia_2005,0,226,3,the,the,DT,DT
5875,Armenia_2005,0,226,4,use,use,NN,NN
5876,Armenia_2005,0,226,5,of,of,IN,IN
5877,Armenia_2005,0,226,6,the,the,DT,DT
5878,Armenia_2005,0,226,7,armed,armed,JJ,JJ
5879,Armenia_2005,0,226,8,forces,forces,NNS,NN
5880,Armenia_2005,0,226,9,or,or,CC,CC
5881,Armenia_2005,0,226,10,a,a,DT,DT
5882,Armenia_2005,0,226,11,declaration,declaration,NN,NN
5883,Armenia_2005,0,226,12,of,of,IN,IN
5884,Armenia_2005,0,226,13,martial,martial,JJ,JJ
5885,Armenia_2005,0,226,14,law,law,NN,NN
5886,Armenia_2005,0,226,16,a,a,DT,DT
5887,Armenia_2005,0,226,17,special,special,JJ,JJ
5888,Armenia_2005,0,226,18,sitting,sitting,NN,NN
5889,Armenia_2005,0,226,19,of,of,IN,IN
5890,Armenia_2005,0,226,20,the,the,DT,DT
5891,Armenia_2005,0,226,21,National,national,NNP,NN
5892,Armenia_2005,0,226,22,Assembly,assembly,NNP,NN
5893,Armenia_2005,0,226,23,shall,shall,MD,MD
5894,Armenia_2005,0,226,24,be,be,VB,VB
5895,Armenia_2005,0,226,25,convened,convened,VBN,VB
5896,Armenia_2005,0,226,26,by,by,IN,IN
5897,Armenia_2005,0,226,27,force,force,NN,NN
5898,Armenia_2005,0,226,28,of,of,IN,IN
5899,Armenia_2005,0,226,29,law,law,NN,NN
5900,Armenia_2005,0,227,0,The,the,DT,DT
5901,Armenia_2005,0,227,1,law,law,NN,NN
5902,Armenia_2005,0,227,2,shall,shall,MD,MD
5903,Armenia_2005,0,227,3,define,define,VB,VB
5904,Armenia_2005,0,227,4,the,the,DT,DT
5905,Armenia_2005,0,227,5,legal,legal,JJ,JJ
5906,Armenia_2005,0,227,6,regime,regime,NN,NN
5907,Armenia_2005,0,227,7,of,of,IN,IN
5908,Armenia_2005,0,227,8,martial,martial,JJ,JJ
5909,Armenia_2005,0,227,9,law,law,NN,NN
5910,Armenia_2005,0,227,11,14.in,14in,CD,CD
5911,Armenia_2005,0,227,12,the,the,DT,DT
5912,Armenia_2005,0,227,13,event,event,NN,NN
5913,Armenia_2005,0,227,14,of,of,IN,IN
5914,Armenia_2005,0,227,15,an,an,DT,DT
5915,Armenia_2005,0,227,16,imminent,imminent,JJ,JJ
5916,Armenia_2005,0,227,17,danger,danger,NN,NN
5917,Armenia_2005,0,227,18,to,to,TO,TO
5918,Armenia_2005,0,227,19,the,the,DT,DT
5919,Armenia_2005,0,227,20,constitutional,constitutional,JJ,JJ
5920,Armenia_2005,0,227,21,order,order,NN,NN
5921,Armenia_2005,0,227,23,after,after,IN,IN
5922,Armenia_2005,0,227,24,consulting,consulting,VBG,VB
5923,Armenia_2005,0,227,25,with,with,IN,IN
5924,Armenia_2005,0,227,26,the,the,DT,DT
5925,Armenia_2005,0,227,27,President,president,NNP,NN
5926,Armenia_2005,0,227,28,of,of,IN,IN
5927,Armenia_2005,0,227,29,the,the,DT,DT
5928,Armenia_2005,0,227,30,National,national,NNP,NN
5929,Armenia_2005,0,227,31,Assembly,assembly,NNP,NN
5930,Armenia_2005,0,227,32,and,and,CC,CC
5931,Armenia_2005,0,227,33,the,the,DT,DT
5932,Armenia_2005,0,227,34,Prime,prime,NNP,NN
5933,Armenia_2005,0,227,35,Minister,minister,NNP,NN
5934,Armenia_2005,0,227,37,shall,shall,MD,MD
5935,Armenia_2005,0,227,38,declare,declare,VB,VB
5936,Armenia_2005,0,227,39,a,a,DT,DT
5937,Armenia_2005,0,227,40,state,state,NN,NN
5938,Armenia_2005,0,227,41,of,of,IN,IN
5939,Armenia_2005,0,227,42,emergency,emergency,NN,NN
5940,Armenia_2005,0,227,43,and,and,CC,CC
5941,Armenia_2005,0,227,44,take,take,VB,VB
5942,Armenia_2005,0,227,45,measures,measures,NNS,NN
5943,Armenia_2005,0,227,46,appropriate,appropriate,VB,VB
5944,Armenia_2005,0,227,47,in,in,IN,IN
5945,Armenia_2005,0,227,48,the,the,DT,DT
5946,Armenia_2005,0,227,49,given,given,VBN,VB
5947,Armenia_2005,0,227,50,circumstances,circumstances,NNS,NN
5948,Armenia_2005,0,227,51,and,and,CC,CC
5949,Armenia_2005,0,227,52,address,address,VB,VB
5950,Armenia_2005,0,227,53,the,the,DT,DT
5951,Armenia_2005,0,227,54,people,people,NNS,NN
5952,Armenia_2005,0,227,55,on,on,IN,IN
5953,Armenia_2005,0,227,56,the,the,DT,DT
5954,Armenia_2005,0,227,57,situation,situation,NN,NN
5955,Armenia_2005,0,228,0,In,in,IN,IN
5956,Armenia_2005,0,228,1,case,case,NN,NN
5957,Armenia_2005,0,228,2,of,of,IN,IN
5958,Armenia_2005,0,228,3,a,a,DT,DT
5959,Armenia_2005,0,228,4,declaration,declaration,NN,NN
5960,Armenia_2005,0,228,5,of,of,IN,IN
5961,Armenia_2005,0,228,6,the,the,DT,DT
5962,Armenia_2005,0,228,7,state,state,NN,NN
5963,Armenia_2005,0,228,8,of,of,IN,IN
5964,Armenia_2005,0,228,9,emergency,emergency,NN,NN
5965,Armenia_2005,0,228,11,a,a,DT,DT
5966,Armenia_2005,0,228,12,special,special,JJ,JJ
5967,Armenia_2005,0,228,13,sitting,sitting,NN,NN
5968,Armenia_2005,0,228,14,of,of,IN,IN
5969,Armenia_2005,0,228,15,the,the,DT,DT
5970,Armenia_2005,0,228,16,National,national,NNP,NN
5971,Armenia_2005,0,228,17,Assembly,assembly,NNP,NN
5972,Armenia_2005,0,228,18,shall,shall,MD,MD
5973,Armenia_2005,0,228,19,be,be,VB,VB
5974,Armenia_2005,0,228,20,convened,convened,VBN,VB
5975,Armenia_2005,0,228,21,by,by,IN,IN
5976,Armenia_2005,0,228,22,force,force,NN,NN
5977,Armenia_2005,0,228,23,of,of,IN,IN
5978,Armenia_2005,0,228,24,law,law,NN,NN
5979,Armenia_2005,0,229,0,The,the,DT,DT
5980,Armenia_2005,0,229,1,law,law,NN,NN
5981,Armenia_2005,0,229,2,shall,shall,MD,MD
5982,Armenia_2005,0,229,3,define,define,VB,VB
5983,Armenia_2005,0,229,4,the,the,DT,DT
5984,Armenia_2005,0,229,5,legal,legal,JJ,JJ
5985,Armenia_2005,0,229,6,regime,regime,NN,NN
5986,Armenia_2005,0,229,7,of,of,IN,IN
5987,Armenia_2005,0,229,8,the,the,DT,DT
5988,Armenia_2005,0,229,9,state,state,NN,NN
5989,Armenia_2005,0,229,10,of,of,IN,IN
5990,Armenia_2005,0,229,11,emergency,emergency,NN,NN
5991,Armenia_2005,0,229,13,15.shall,15shall,CD,CD
5992,Armenia_2005,0,229,15,by,by,IN,IN
5993,Armenia_2005,0,229,16,the,the,DT,DT
5994,Armenia_2005,0,229,17,procedures,procedures,NNS,NN
5995,Armenia_2005,0,229,18,defined,defined,VBN,VB
5996,Armenia_2005,0,229,19,by,by,IN,IN
5997,Armenia_2005,0,229,20,law,law,NN,NN
5998,Armenia_2005,0,229,22,resolve,resolve,VBP,VB
5999,Armenia_2005,0,229,23,issues,issues,NNS,NN
6000,Armenia_2005,0,229,24,related,related,VBN,VB
6001,Armenia_2005,0,229,25,to,to,TO,TO
6002,Armenia_2005,0,229,26,granting,granting,VBG,VB
6003,Armenia_2005,0,229,27,citizenship,citizenship,NN,NN
6004,Armenia_2005,0,229,28,of,of,IN,IN
6005,Armenia_2005,0,229,29,the,the,DT,DT
6006,Armenia_2005,0,229,30,Republic,republic,NNP,NN
6007,Armenia_2005,0,229,31,of,of,IN,IN
6008,Armenia_2005,0,229,32,Armenia,armenia,NNP,NN
6009,Armenia_2005,0,229,33,and,and,CC,CC
6010,Armenia_2005,0,229,34,political,political,JJ,JJ
6011,Armenia_2005,0,229,35,asylum,asylum,NN,NN
6012,Armenia_2005,0,229,37,16.shall,16shall,CD,CD
6013,Armenia_2005,0,229,38,award,award,IN,IN
6014,Armenia_2005,0,229,39,the,the,DT,DT
6015,Armenia_2005,0,229,40,orders,orders,NNS,NN
6016,Armenia_2005,0,229,41,and,and,CC,CC
6017,Armenia_2005,0,229,42,medals,medals,NNS,NN
6018,Armenia_2005,0,229,43,of,of,IN,IN
6019,Armenia_2005,0,229,44,the,the,DT,DT
6020,Armenia_2005,0,229,45,Republic,republic,NNP,NN
6021,Armenia_2005,0,229,46,of,of,IN,IN
6022,Armenia_2005,0,229,47,Armenia,armenia,NNP,NN
6023,Armenia_2005,0,229,49,promote,promote,VBP,VB
6024,Armenia_2005,0,229,50,the,the,DT,DT
6025,Armenia_2005,0,229,51,highest,highest,JJS,JJ
6026,Armenia_2005,0,229,52,military,military,JJ,JJ
6027,Armenia_2005,0,229,53,ranks,ranks,NNS,NN
6028,Armenia_2005,0,229,54,and,and,CC,CC
6029,Armenia_2005,0,229,55,award,award,NN,NN
6030,Armenia_2005,0,229,56,honorary,honorary,JJ,JJ
6031,Armenia_2005,0,229,57,titles,titles,NNS,NN
6032,Armenia_2005,0,229,59,as,as,RB,RB
6033,Armenia_2005,0,229,60,well,well,RB,RB
6034,Armenia_2005,0,229,61,as,as,IN,IN
6035,Armenia_2005,0,229,62,promote,promote,NN,NN
6036,Armenia_2005,0,229,63,the,the,DT,DT
6037,Armenia_2005,0,229,64,highest,highest,JJS,JJ
6038,Armenia_2005,0,229,65,diplomatic,diplomatic,JJ,JJ
6039,Armenia_2005,0,229,66,and,and,CC,CC
6040,Armenia_2005,0,229,67,other,other,JJ,JJ
6041,Armenia_2005,0,229,68,classification,classification,NN,NN
6042,Armenia_2005,0,229,69,ranks,ranks,NNS,NN
6043,Armenia_2005,0,229,71,17.may,17may,CD,CD
6044,Armenia_2005,0,229,72,grant,grant,NN,NN
6045,Armenia_2005,0,229,73,pardon,pardon,NN,NN
6046,Armenia_2005,0,229,74,to,to,TO,TO
6047,Armenia_2005,0,229,75,convicted,convicted,VBN,VB
6048,Armenia_2005,0,229,76,persons,persons,NNS,NN
6049,Armenia_2005,0,230,0,Article,article,NN,NN
6050,Armenia_2005,0,230,1,56,56,CD,CD
6051,Armenia_2005,0,230,2,Share,share,NNP,NN
6052,Armenia_2005,0,230,3,The,the,DT,DT
6053,Armenia_2005,0,230,4,President,president,NNP,NN
6054,Armenia_2005,0,230,5,of,of,IN,IN
6055,Armenia_2005,0,230,6,the,the,DT,DT
6056,Armenia_2005,0,230,7,Republic,republic,NNP,NN
6057,Armenia_2005,0,230,8,may,may,MD,MD
6058,Armenia_2005,0,230,9,issue,issue,VB,VB
6059,Armenia_2005,0,230,10,orders,orders,NNS,NN
6060,Armenia_2005,0,230,11,and,and,CC,CC
6061,Armenia_2005,0,230,12,decrees,decrees,NNS,NN
6062,Armenia_2005,0,230,14,which,which,WDT,WD
6063,Armenia_2005,0,230,15,shall,shall,MD,MD
6064,Armenia_2005,0,230,16,not,not,RB,RB
6065,Armenia_2005,0,230,17,contradict,contradict,VB,VB
6066,Armenia_2005,0,230,18,the,the,DT,DT
6067,Armenia_2005,0,230,19,Constitution,constitution,NNP,NN
6068,Armenia_2005,0,230,20,and,and,CC,CC
6069,Armenia_2005,0,230,21,laws,laws,NNS,NN
6070,Armenia_2005,0,230,22,of,of,IN,IN
6071,Armenia_2005,0,230,23,the,the,DT,DT
6072,Armenia_2005,0,230,24,Republic,republic,NNP,NN
6073,Armenia_2005,0,230,25,of,of,IN,IN
6074,Armenia_2005,0,230,26,Armenia,armenia,NNP,NN
6075,Armenia_2005,0,230,27,and,and,CC,CC
6076,Armenia_2005,0,230,28,shall,shall,MD,MD
6077,Armenia_2005,0,230,29,be,be,VB,VB
6078,Armenia_2005,0,230,30,subject,subject,JJ,JJ
6079,Armenia_2005,0,230,31,to,to,TO,TO
6080,Armenia_2005,0,230,32,implementation,implementation,NN,NN
6081,Armenia_2005,0,230,33,throughout,throughout,IN,IN
6082,Armenia_2005,0,230,34,the,the,DT,DT
6083,Armenia_2005,0,230,35,Republic,republic,NNP,NN
6084,Armenia_2005,0,231,0,Article,article,NN,NN
6085,Armenia_2005,0,231,1,56.1,561,CD,CD
6086,Armenia_2005,0,231,2,Share,share,NNP,NN
6087,Armenia_2005,0,231,3,The,the,DT,DT
6088,Armenia_2005,0,231,4,President,president,NNP,NN
6089,Armenia_2005,0,231,5,of,of,IN,IN
6090,Armenia_2005,0,231,6,the,the,DT,DT
6091,Armenia_2005,0,231,7,Republic,republic,NNP,NN
6092,Armenia_2005,0,231,8,shall,shall,MD,MD
6093,Armenia_2005,0,231,9,be,be,VB,VB
6094,Armenia_2005,0,231,10,inviolable,inviolable,JJ,JJ
6095,Armenia_2005,0,232,0,The,the,DT,DT
6096,Armenia_2005,0,232,1,President,president,NNP,NN
6097,Armenia_2005,0,232,2,of,of,IN,IN
6098,Armenia_2005,0,232,3,the,the,DT,DT
6099,Armenia_2005,0,232,4,Republic,republic,NNP,NN
6100,Armenia_2005,0,232,5,may,may,MD,MD
6101,Armenia_2005,0,232,6,not,not,RB,RB
6102,Armenia_2005,0,232,7,be,be,VB,VB
6103,Armenia_2005,0,232,8,prosecuted,prosecuted,VBN,VB
6104,Armenia_2005,0,232,9,or,or,CC,CC
6105,Armenia_2005,0,232,10,held,held,VBN,VB
6106,Armenia_2005,0,232,11,liable,liable,JJ,JJ
6107,Armenia_2005,0,232,12,for,for,IN,IN
6108,Armenia_2005,0,232,13,actions,actions,NNS,NN
6109,Armenia_2005,0,232,14,arising,arising,VBG,VB
6110,Armenia_2005,0,232,15,from,from,IN,IN
6111,Armenia_2005,0,232,16,the,the,DT,DT
6112,Armenia_2005,0,232,17,performance,performance,NN,NN
6113,Armenia_2005,0,232,18,of,of,IN,IN
6114,Armenia_2005,0,232,19,his/her,hisher,NN,NN
6115,Armenia_2005,0,232,20,status,status,NN,NN
6116,Armenia_2005,0,232,21,during,during,IN,IN
6117,Armenia_2005,0,232,22,and,and,CC,CC
6118,Armenia_2005,0,232,23,after,after,IN,IN
6119,Armenia_2005,0,232,24,the,the,DT,DT
6120,Armenia_2005,0,232,25,term,term,NN,NN
6121,Armenia_2005,0,232,26,of,of,IN,IN
6122,Armenia_2005,0,232,27,his/her,hisher,NN,NN
6123,Armenia_2005,0,232,28,office,office,NN,NN
6124,Armenia_2005,0,233,0,The,the,DT,DT
6125,Armenia_2005,0,233,1,President,president,NNP,NN
6126,Armenia_2005,0,233,2,of,of,IN,IN
6127,Armenia_2005,0,233,3,the,the,DT,DT
6128,Armenia_2005,0,233,4,Republic,republic,NNP,NN
6129,Armenia_2005,0,233,5,may,may,MD,MD
6130,Armenia_2005,0,233,6,be,be,VB,VB
6131,Armenia_2005,0,233,7,prosecuted,prosecuted,VBN,VB
6132,Armenia_2005,0,233,8,for,for,IN,IN
6133,Armenia_2005,0,233,9,the,the,DT,DT
6134,Armenia_2005,0,233,10,actions,actions,NNS,NN
6135,Armenia_2005,0,233,11,not,not,RB,RB
6136,Armenia_2005,0,233,12,connected,connected,VBN,VB
6137,Armenia_2005,0,233,13,with,with,IN,IN
6138,Armenia_2005,0,233,14,his,his,PRP$,PR
6139,Armenia_2005,0,233,15,or,or,CC,CC
6140,Armenia_2005,0,233,16,her,her,PRP$,PR
6141,Armenia_2005,0,233,17,status,status,NN,NN
6142,Armenia_2005,0,233,18,after,after,IN,IN
6143,Armenia_2005,0,233,19,the,the,DT,DT
6144,Armenia_2005,0,233,20,expiration,expiration,NN,NN
6145,Armenia_2005,0,233,21,of,of,IN,IN
6146,Armenia_2005,0,233,22,term,term,NN,NN
6147,Armenia_2005,0,233,23,of,of,IN,IN
6148,Armenia_2005,0,233,24,office,office,NN,NN
6149,Armenia_2005,0,234,0,Article,article,NN,NN
6150,Armenia_2005,0,234,1,57,57,CD,CD
6151,Armenia_2005,0,234,2,Share,share,NNP,NN
6152,Armenia_2005,0,234,3,The,the,DT,DT
6153,Armenia_2005,0,234,4,President,president,NNP,NN
6154,Armenia_2005,0,234,5,may,may,MD,MD
6155,Armenia_2005,0,234,6,be,be,VB,VB
6156,Armenia_2005,0,234,7,removed,removed,VBN,VB
6157,Armenia_2005,0,234,8,from,from,IN,IN
6158,Armenia_2005,0,234,9,office,office,NN,NN
6159,Armenia_2005,0,234,10,for,for,IN,IN
6160,Armenia_2005,0,234,11,state,state,NN,NN
6161,Armenia_2005,0,234,12,treason,treason,NN,NN
6162,Armenia_2005,0,234,13,or,or,CC,CC
6163,Armenia_2005,0,234,14,other,other,JJ,JJ
6164,Armenia_2005,0,234,15,high,high,JJ,JJ
6165,Armenia_2005,0,234,16,crimes,crimes,NNS,NN
6166,Armenia_2005,0,235,0,In,in,IN,IN
6167,Armenia_2005,0,235,1,order,order,NN,NN
6168,Armenia_2005,0,235,2,to,to,TO,TO
6169,Armenia_2005,0,235,3,request,request,VB,VB
6170,Armenia_2005,0,235,4,a,a,DT,DT
6171,Armenia_2005,0,235,5,determination,determination,NN,NN
6172,Armenia_2005,0,235,6,on,on,IN,IN
6173,Armenia_2005,0,235,7,questions,questions,NNS,NN
6174,Armenia_2005,0,235,8,pertaining,pertaining,VBG,VB
6175,Armenia_2005,0,235,9,to,to,TO,TO
6176,Armenia_2005,0,235,10,the,the,DT,DT
6177,Armenia_2005,0,235,11,removal,removal,NN,NN
6178,Armenia_2005,0,235,12,of,of,IN,IN
6179,Armenia_2005,0,235,13,the,the,DT,DT
6180,Armenia_2005,0,235,14,President,president,NNP,NN
6181,Armenia_2005,0,235,15,of,of,IN,IN
6182,Armenia_2005,0,235,16,the,the,DT,DT
6183,Armenia_2005,0,235,17,Republic,republic,NNP,NN
6184,Armenia_2005,0,235,18,from,from,IN,IN
6185,Armenia_2005,0,235,19,office,office,NN,NN
6186,Armenia_2005,0,235,21,the,the,DT,DT
6187,Armenia_2005,0,235,22,National,national,NNP,NN
6188,Armenia_2005,0,235,23,Assembly,assembly,NNP,NN
6189,Armenia_2005,0,235,24,must,must,MD,MD
6190,Armenia_2005,0,235,25,appeal,appeal,VB,VB
6191,Armenia_2005,0,235,26,to,to,TO,TO
6192,Armenia_2005,0,235,27,the,the,DT,DT
6193,Armenia_2005,0,235,28,Constitutional,constitutional,NNP,NN
6194,Armenia_2005,0,235,29,Court,court,NNP,NN
6195,Armenia_2005,0,235,30,by,by,IN,IN
6196,Armenia_2005,0,235,31,a,a,DT,DT
6197,Armenia_2005,0,235,32,resolution,resolution,NN,NN
6198,Armenia_2005,0,235,33,adopted,adopted,VBN,VB
6199,Armenia_2005,0,235,34,by,by,IN,IN
6200,Armenia_2005,0,235,35,the,the,DT,DT
6201,Armenia_2005,0,235,36,majority,majority,NN,NN
6202,Armenia_2005,0,235,37,of,of,IN,IN
6203,Armenia_2005,0,235,38,the,the,DT,DT
6204,Armenia_2005,0,235,39,Deputies,deputies,NNP,NN
6205,Armenia_2005,0,236,0,A,a,DT,DT
6206,Armenia_2005,0,236,1,decision,decision,NN,NN
6207,Armenia_2005,0,236,2,to,to,TO,TO
6208,Armenia_2005,0,236,3,remove,remove,VB,VB
6209,Armenia_2005,0,236,4,the,the,DT,DT
6210,Armenia_2005,0,236,5,President,president,NNP,NN
6211,Armenia_2005,0,236,6,of,of,IN,IN
6212,Armenia_2005,0,236,7,the,the,DT,DT
6213,Armenia_2005,0,236,8,Republic,republic,NNP,NN
6214,Armenia_2005,0,236,9,from,from,IN,IN
6215,Armenia_2005,0,236,10,office,office,NN,NN
6216,Armenia_2005,0,236,11,must,must,MD,MD
6217,Armenia_2005,0,236,12,be,be,VB,VB
6218,Armenia_2005,0,236,13,reached,reached,VBN,VB
6219,Armenia_2005,0,236,14,by,by,IN,IN
6220,Armenia_2005,0,236,15,the,the,DT,DT
6221,Armenia_2005,0,236,16,National,national,NNP,NN
6222,Armenia_2005,0,236,17,Assembly,assembly,NNP,NN
6223,Armenia_2005,0,236,18,by,by,IN,IN
6224,Armenia_2005,0,236,19,a,a,DT,DT
6225,Armenia_2005,0,236,20,minimum,minimum,JJ,JJ
6226,Armenia_2005,0,236,21,two-thirds,twothirds,JJ,JJ
6227,Armenia_2005,0,236,22,majority,majority,NN,NN
6228,Armenia_2005,0,236,23,vote,vote,NN,NN
6229,Armenia_2005,0,236,24,of,of,IN,IN
6230,Armenia_2005,0,236,25,the,the,DT,DT
6231,Armenia_2005,0,236,26,total,total,JJ,JJ
6232,Armenia_2005,0,236,27,number,number,NN,NN
6233,Armenia_2005,0,236,28,of,of,IN,IN
6234,Armenia_2005,0,236,29,Deputies,deputies,NNP,NN
6235,Armenia_2005,0,236,31,based,based,VBN,VB
6236,Armenia_2005,0,236,32,on,on,IN,IN
6237,Armenia_2005,0,236,33,the,the,DT,DT
6238,Armenia_2005,0,236,34,determination,determination,NN,NN
6239,Armenia_2005,0,236,35,of,of,IN,IN
6240,Armenia_2005,0,236,36,the,the,DT,DT
6241,Armenia_2005,0,236,37,Constitutional,constitutional,NNP,NN
6242,Armenia_2005,0,236,38,Court,court,NNP,NN
6243,Armenia_2005,0,237,0,In,in,IN,IN
6244,Armenia_2005,0,237,1,the,the,DT,DT
6245,Armenia_2005,0,237,2,event,event,NN,NN
6246,Armenia_2005,0,237,3,that,that,IN,IN
6247,Armenia_2005,0,237,4,the,the,DT,DT
6248,Armenia_2005,0,237,5,Constitutional,constitutional,NNP,NN
6249,Armenia_2005,0,237,6,Court,court,NNP,NN
6250,Armenia_2005,0,237,7,concludes,concludes,VBZ,VB
6251,Armenia_2005,0,237,8,that,that,IN,IN
6252,Armenia_2005,0,237,9,there,there,EX,EX
6253,Armenia_2005,0,237,10,are,are,VBP,VB
6254,Armenia_2005,0,237,11,no,no,DT,DT
6255,Armenia_2005,0,237,12,grounds,grounds,NNS,NN
6256,Armenia_2005,0,237,13,for,for,IN,IN
6257,Armenia_2005,0,237,14,impeaching,impeaching,VBG,VB
6258,Armenia_2005,0,237,15,the,the,DT,DT
6259,Armenia_2005,0,237,16,President,president,NNP,NN
6260,Armenia_2005,0,237,17,of,of,IN,IN
6261,Armenia_2005,0,237,18,the,the,DT,DT
6262,Armenia_2005,0,237,19,Republic,republic,NNP,NN
6263,Armenia_2005,0,237,21,the,the,DT,DT
6264,Armenia_2005,0,237,22,motion,motion,NN,NN
6265,Armenia_2005,0,237,23,shall,shall,MD,MD
6266,Armenia_2005,0,237,24,be,be,VB,VB
6267,Armenia_2005,0,237,25,removed,removed,VBN,VB
6268,Armenia_2005,0,237,26,from,from,IN,IN
6269,Armenia_2005,0,237,27,the,the,DT,DT
6270,Armenia_2005,0,237,28,agenda,agenda,NN,NN
6271,Armenia_2005,0,237,29,of,of,IN,IN
6272,Armenia_2005,0,237,30,the,the,DT,DT
6273,Armenia_2005,0,237,31,National,national,NNP,NN
6274,Armenia_2005,0,237,32,Assembly,assembly,NNP,NN
6275,Armenia_2005,0,238,0,Article,article,NN,NN
6276,Armenia_2005,0,238,1,58,58,CD,CD
6277,Armenia_2005,0,238,2,Share,share,NNP,NN
6278,Armenia_2005,0,238,3,The,the,DT,DT
6279,Armenia_2005,0,238,4,President,president,NNP,NN
6280,Armenia_2005,0,238,5,of,of,IN,IN
6281,Armenia_2005,0,238,6,the,the,DT,DT
6282,Armenia_2005,0,238,7,Republic,republic,NNP,NN
6283,Armenia_2005,0,238,8,shall,shall,MD,MD
6284,Armenia_2005,0,238,9,submit,submit,VB,VB
6285,Armenia_2005,0,238,10,his/her,hisher,JJR,JJ
6286,Armenia_2005,0,238,11,resignation,resignation,NN,NN
6287,Armenia_2005,0,238,12,to,to,TO,TO
6288,Armenia_2005,0,238,13,the,the,DT,DT
6289,Armenia_2005,0,238,14,National,national,NNP,NN
6290,Armenia_2005,0,238,15,Assembly,assembly,NNP,NN
6291,Armenia_2005,0,239,0,In,in,IN,IN
6292,Armenia_2005,0,239,1,the,the,DT,DT
6293,Armenia_2005,0,239,2,case,case,NN,NN
6294,Armenia_2005,0,239,3,of,of,IN,IN
6295,Armenia_2005,0,239,4,submitting,submitting,VBG,VB
6296,Armenia_2005,0,239,5,the,the,DT,DT
6297,Armenia_2005,0,239,6,resignation,resignation,NN,NN
6298,Armenia_2005,0,239,7,for,for,IN,IN
6299,Armenia_2005,0,239,8,a,a,DT,DT
6300,Armenia_2005,0,239,9,second,second,JJ,JJ
6301,Armenia_2005,0,239,10,time,time,NN,NN
6302,Armenia_2005,0,239,11,within,within,IN,IN
6303,Armenia_2005,0,239,12,two,two,CD,CD
6304,Armenia_2005,0,239,13,days,days,NNS,NN
6305,Armenia_2005,0,239,14,following,following,VBG,VB
6306,Armenia_2005,0,239,15,the,the,DT,DT
6307,Armenia_2005,0,239,16,expiration,expiration,NN,NN
6308,Armenia_2005,0,239,17,of,of,IN,IN
6309,Armenia_2005,0,239,18,a,a,DT,DT
6310,Armenia_2005,0,239,19,ten-day,tenday,JJ,JJ
6311,Armenia_2005,0,239,20,period,period,NN,NN
6312,Armenia_2005,0,239,21,after,after,IN,IN
6313,Armenia_2005,0,239,22,presenting,presenting,VBG,VB
6314,Armenia_2005,0,239,23,the,the,DT,DT
6315,Armenia_2005,0,239,24,resignation,resignation,NN,NN
6316,Armenia_2005,0,239,25,to,to,TO,TO
6317,Armenia_2005,0,239,26,the,the,DT,DT
6318,Armenia_2005,0,239,27,National,national,NNP,NN
6319,Armenia_2005,0,239,28,Assembly,assembly,NNP,NN
6320,Armenia_2005,0,239,30,the,the,DT,DT
6321,Armenia_2005,0,239,31,resignation,resignation,NN,NN
6322,Armenia_2005,0,239,32,shall,shall,MD,MD
6323,Armenia_2005,0,239,33,be,be,VB,VB
6324,Armenia_2005,0,239,34,deemed,deemed,VBN,VB
6325,Armenia_2005,0,239,35,accepted,accepted,JJ,JJ
6326,Armenia_2005,0,239,36,and,and,CC,CC
6327,Armenia_2005,0,239,37,an,an,DT,DT
6328,Armenia_2005,0,239,38,extraordinary,extraordinary,JJ,JJ
6329,Armenia_2005,0,239,39,election,election,NN,NN
6330,Armenia_2005,0,239,40,shall,shall,MD,MD
6331,Armenia_2005,0,239,41,be,be,VB,VB
6332,Armenia_2005,0,239,42,held,held,VBN,VB
6333,Armenia_2005,0,239,43,in,in,IN,IN
6334,Armenia_2005,0,239,44,conformity,conformity,NN,NN
6335,Armenia_2005,0,239,45,with,with,IN,IN
6336,Armenia_2005,0,239,46,the,the,DT,DT
6337,Armenia_2005,0,239,47,procedure,procedure,NN,NN
6338,Armenia_2005,0,239,48,and,and,CC,CC
6339,Armenia_2005,0,239,49,terms,terms,NNS,NN
6340,Armenia_2005,0,239,50,stipulated,stipulated,VBN,VB
6341,Armenia_2005,0,239,51,in,in,IN,IN
6342,Armenia_2005,0,239,52,the,the,DT,DT
6343,Armenia_2005,0,239,53,Constitution,constitution,NNP,NN
6344,Armenia_2005,0,240,0,Article,article,NN,NN
6345,Armenia_2005,0,240,1,59,59,CD,CD
6346,Armenia_2005,0,240,2,Share,share,NN,NN
6347,Armenia_2005,0,240,3,In,in,IN,IN
6348,Armenia_2005,0,240,4,the,the,DT,DT
6349,Armenia_2005,0,240,5,case,case,NN,NN
6350,Armenia_2005,0,240,6,of,of,IN,IN
6351,Armenia_2005,0,240,7,the,the,DT,DT
6352,Armenia_2005,0,240,8,serious,serious,JJ,JJ
6353,Armenia_2005,0,240,9,illness,illness,NN,NN
6354,Armenia_2005,0,240,10,of,of,IN,IN
6355,Armenia_2005,0,240,11,the,the,DT,DT
6356,Armenia_2005,0,240,12,President,president,NNP,NN
6357,Armenia_2005,0,240,13,of,of,IN,IN
6358,Armenia_2005,0,240,14,the,the,DT,DT
6359,Armenia_2005,0,240,15,Republic,republic,NNP,NN
6360,Armenia_2005,0,240,16,or,or,CC,CC
6361,Armenia_2005,0,240,17,other,other,JJ,JJ
6362,Armenia_2005,0,240,18,insurmountable,insurmountable,JJ,JJ
6363,Armenia_2005,0,240,19,obstacles,obstacles,NNS,NN
6364,Armenia_2005,0,240,20,which,which,WDT,WD
6365,Armenia_2005,0,240,21,enduringly,enduringly,RB,RB
6366,Armenia_2005,0,240,22,render,render,VBP,VB
6367,Armenia_2005,0,240,23,the,the,DT,DT
6368,Armenia_2005,0,240,24,discharge,discharge,NN,NN
6369,Armenia_2005,0,240,25,of,of,IN,IN
6370,Armenia_2005,0,240,26,his/her,hisher,NN,NN
6371,Armenia_2005,0,240,27,responsibilities,responsibilities,NNS,NN
6372,Armenia_2005,0,240,28,impossible,impossible,JJ,JJ
6373,Armenia_2005,0,240,30,the,the,DT,DT
6374,Armenia_2005,0,240,31,National,national,NNP,NN
6375,Armenia_2005,0,240,32,Assembly,assembly,NNP,NN
6376,Armenia_2005,0,240,33,shall,shall,MD,MD
6377,Armenia_2005,0,240,35,upon,upon,IN,IN
6378,Armenia_2005,0,240,36,the,the,DT,DT
6379,Armenia_2005,0,240,37,recommendation,recommendation,NN,NN
6380,Armenia_2005,0,240,38,of,of,IN,IN
6381,Armenia_2005,0,240,39,the,the,DT,DT
6382,Armenia_2005,0,240,40,Government,government,NNP,NN
6383,Armenia_2005,0,240,42,the,the,DT,DT
6384,Armenia_2005,0,240,43,conclusion,conclusion,NN,NN
6385,Armenia_2005,0,240,44,of,of,IN,IN
6386,Armenia_2005,0,240,45,the,the,DT,DT
6387,Armenia_2005,0,240,46,Constitutional,constitutional,NNP,NN
6388,Armenia_2005,0,240,47,Court,court,NNP,NN
6389,Armenia_2005,0,240,48,and,and,CC,CC
6390,Armenia_2005,0,240,49,with,with,IN,IN
6391,Armenia_2005,0,240,50,a,a,DT,DT
6392,Armenia_2005,0,240,51,minimum,minimum,NN,NN
6393,Armenia_2005,0,240,52,of,of,IN,IN
6394,Armenia_2005,0,240,53,two-thirds,twothirds,NNS,NN
6395,Armenia_2005,0,240,54,majority,majority,NN,NN
6396,Armenia_2005,0,240,55,vote,vote,NN,NN
6397,Armenia_2005,0,240,56,of,of,IN,IN
6398,Armenia_2005,0,240,57,the,the,DT,DT
6399,Armenia_2005,0,240,58,total,total,JJ,JJ
6400,Armenia_2005,0,240,59,number,number,NN,NN
6401,Armenia_2005,0,240,60,of,of,IN,IN
6402,Armenia_2005,0,240,61,its,its,PRP$,PR
6403,Armenia_2005,0,240,62,members,members,NNS,NN
6404,Armenia_2005,0,240,64,adopt,adopt,VB,VB
6405,Armenia_2005,0,240,65,a,a,DT,DT
6406,Armenia_2005,0,240,66,decision,decision,NN,NN
6407,Armenia_2005,0,240,67,on,on,IN,IN
6408,Armenia_2005,0,240,68,the,the,DT,DT
6409,Armenia_2005,0,240,69,incapacity,incapacity,NN,NN
6410,Armenia_2005,0,240,70,by,by,IN,IN
6411,Armenia_2005,0,240,71,the,the,DT,DT
6412,Armenia_2005,0,240,72,President,president,NNP,NN
6413,Armenia_2005,0,240,73,of,of,IN,IN
6414,Armenia_2005,0,240,74,the,the,DT,DT
6415,Armenia_2005,0,240,75,Republic,republic,NNP,NN
6416,Armenia_2005,0,240,76,to,to,TO,TO
6417,Armenia_2005,0,240,77,discharge,discharge,VB,VB
6418,Armenia_2005,0,240,78,his/her,hisher,PRP$,PR
6419,Armenia_2005,0,240,79,responsibilities,responsibilities,NNS,NN
6420,Armenia_2005,0,241,0,In,in,IN,IN
6421,Armenia_2005,0,241,1,the,the,DT,DT
6422,Armenia_2005,0,241,2,event,event,NN,NN
6423,Armenia_2005,0,241,3,that,that,IN,IN
6424,Armenia_2005,0,241,4,the,the,DT,DT
6425,Armenia_2005,0,241,5,Constitutional,constitutional,NNP,NN
6426,Armenia_2005,0,241,6,Court,court,NNP,NN
6427,Armenia_2005,0,241,7,concludes,concludes,VBZ,VB
6428,Armenia_2005,0,241,8,that,that,IN,IN
6429,Armenia_2005,0,241,9,the,the,DT,DT
6430,Armenia_2005,0,241,10,grounds,grounds,NNS,NN
6431,Armenia_2005,0,241,11,for,for,IN,IN
6432,Armenia_2005,0,241,12,the,the,DT,DT
6433,Armenia_2005,0,241,13,incapacity,incapacity,NN,NN
6434,Armenia_2005,0,241,14,of,of,IN,IN
6435,Armenia_2005,0,241,15,the,the,DT,DT
6436,Armenia_2005,0,241,16,President,president,NNP,NN
6437,Armenia_2005,0,241,17,of,of,IN,IN
6438,Armenia_2005,0,241,18,the,the,DT,DT
6439,Armenia_2005,0,241,19,Republic,republic,NNP,NN
6440,Armenia_2005,0,241,20,to,to,TO,TO
6441,Armenia_2005,0,241,21,discharge,discharge,VB,VB
6442,Armenia_2005,0,241,22,his/her,hisher,NN,NN
6443,Armenia_2005,0,241,23,responsibilities,responsibilities,NNS,NN
6444,Armenia_2005,0,241,24,do,do,VBP,VB
6445,Armenia_2005,0,241,25,not,not,RB,RB
6446,Armenia_2005,0,241,26,exist,exist,VB,VB
6447,Armenia_2005,0,241,28,the,the,DT,DT
6448,Armenia_2005,0,241,29,Government,government,NNP,NN
6449,Armenia_2005,0,241,30,may,may,MD,MD
6450,Armenia_2005,0,241,31,not,not,RB,RB
6451,Armenia_2005,0,241,32,put,put,VB,VB
6452,Armenia_2005,0,241,33,such,such,JJ,JJ
6453,Armenia_2005,0,241,34,motion,motion,NN,NN
6454,Armenia_2005,0,241,35,forward,forward,NN,NN
6455,Armenia_2005,0,241,36,to,to,TO,TO
6456,Armenia_2005,0,241,37,the,the,DT,DT
6457,Armenia_2005,0,241,38,National,national,NNP,NN
6458,Armenia_2005,0,241,39,Assembly,assembly,NNP,NN
6459,Armenia_2005,0,242,0,Article,article,NN,NN
6460,Armenia_2005,0,242,1,60,60,CD,CD
6461,Armenia_2005,0,242,2,Share,share,NN,NN
6462,Armenia_2005,0,242,3,In,in,IN,IN
6463,Armenia_2005,0,242,4,the,the,DT,DT
6464,Armenia_2005,0,242,5,event,event,NN,NN
6465,Armenia_2005,0,242,6,of,of,IN,IN
6466,Armenia_2005,0,242,7,the,the,DT,DT
6467,Armenia_2005,0,242,8,vacancy,vacancy,NN,NN
6468,Armenia_2005,0,242,9,of,of,IN,IN
6469,Armenia_2005,0,242,10,the,the,DT,DT
6470,Armenia_2005,0,242,11,post,post,NN,NN
6471,Armenia_2005,0,242,12,of,of,IN,IN
6472,Armenia_2005,0,242,13,the,the,DT,DT
6473,Armenia_2005,0,242,14,President,president,NNP,NN
6474,Armenia_2005,0,242,15,of,of,IN,IN
6475,Armenia_2005,0,242,16,the,the,DT,DT
6476,Armenia_2005,0,242,17,Republic,republic,NNP,NN
6477,Armenia_2005,0,242,19,and,and,CC,CC
6478,Armenia_2005,0,242,20,before,before,IN,IN
6479,Armenia_2005,0,242,21,the,the,DT,DT
6480,Armenia_2005,0,242,22,newly-elected,newlyelected,JJ,JJ
6481,Armenia_2005,0,242,23,President,president,NNP,NN
6482,Armenia_2005,0,242,24,assumes,assumes,VBZ,VB
6483,Armenia_2005,0,242,25,office,office,NN,NN
6484,Armenia_2005,0,242,27,the,the,DT,DT
6485,Armenia_2005,0,242,28,presidential,presidential,JJ,JJ
6486,Armenia_2005,0,242,29,duties,duties,NNS,NN
6487,Armenia_2005,0,242,30,shall,shall,MD,MD
6488,Armenia_2005,0,242,31,devolve,devolve,VB,VB
6489,Armenia_2005,0,242,32,onto,onto,IN,IN
6490,Armenia_2005,0,242,33,the,the,DT,DT
6491,Armenia_2005,0,242,34,President,president,NNP,NN
6492,Armenia_2005,0,242,35,of,of,IN,IN
6493,Armenia_2005,0,242,36,the,the,DT,DT
6494,Armenia_2005,0,242,37,National,national,NNP,NN
6495,Armenia_2005,0,242,38,Assembly,assembly,NNP,NN
6496,Armenia_2005,0,242,39,or,or,CC,CC
6497,Armenia_2005,0,242,41,if,if,IN,IN
6498,Armenia_2005,0,242,42,that,that,DT,DT
6499,Armenia_2005,0,242,43,is,is,VBZ,VB
6500,Armenia_2005,0,242,44,impossible,impossible,JJ,JJ
6501,Armenia_2005,0,242,46,onto,onto,IN,IN
6502,Armenia_2005,0,242,47,the,the,DT,DT
6503,Armenia_2005,0,242,48,Prime,prime,NNP,NN
6504,Armenia_2005,0,242,49,Minister,minister,NNP,NN
6505,Armenia_2005,0,243,0,While,while,IN,IN
6506,Armenia_2005,0,243,1,the,the,DT,DT
6507,Armenia_2005,0,243,2,President,president,NNP,NN
6508,Armenia_2005,0,243,3,of,of,IN,IN
6509,Armenia_2005,0,243,4,the,the,DT,DT
6510,Armenia_2005,0,243,5,National,national,NNP,NN
6511,Armenia_2005,0,243,6,Assembly,assembly,NNP,NN
6512,Armenia_2005,0,243,7,is,is,VBZ,VB
6513,Armenia_2005,0,243,8,performing,performing,VBG,VB
6514,Armenia_2005,0,243,9,the,the,DT,DT
6515,Armenia_2005,0,243,10,duties,duties,NNS,NN
6516,Armenia_2005,0,243,11,of,of,IN,IN
6517,Armenia_2005,0,243,12,the,the,DT,DT
6518,Armenia_2005,0,243,13,President,president,NNP,NN
6519,Armenia_2005,0,243,14,of,of,IN,IN
6520,Armenia_2005,0,243,15,the,the,DT,DT
6521,Armenia_2005,0,243,16,Republic,republic,NNP,NN
6522,Armenia_2005,0,243,18,the,the,DT,DT
6523,Armenia_2005,0,243,19,duties,duties,NNS,NN
6524,Armenia_2005,0,243,20,of,of,IN,IN
6525,Armenia_2005,0,243,21,the,the,DT,DT
6526,Armenia_2005,0,243,22,President,president,NNP,NN
6527,Armenia_2005,0,243,23,of,of,IN,IN
6528,Armenia_2005,0,243,24,the,the,DT,DT
6529,Armenia_2005,0,243,25,National,national,NNP,NN
6530,Armenia_2005,0,243,26,Assembly,assembly,NNP,NN
6531,Armenia_2005,0,243,27,shall,shall,MD,MD
6532,Armenia_2005,0,243,28,devolve,devolve,VB,VB
6533,Armenia_2005,0,243,29,to,to,TO,TO
6534,Armenia_2005,0,243,30,the,the,DT,DT
6535,Armenia_2005,0,243,31,Vice-President,vicepresident,NNP,NN
6536,Armenia_2005,0,243,32,of,of,IN,IN
6537,Armenia_2005,0,243,33,the,the,DT,DT
6538,Armenia_2005,0,243,34,National,national,NNP,NN
6539,Armenia_2005,0,243,35,Assembly,assembly,NNP,NN
6540,Armenia_2005,0,243,37,who,who,WP,WP
6541,Armenia_2005,0,243,38,was,was,VBD,VB
6542,Armenia_2005,0,243,39,elected,elected,VBN,VB
6543,Armenia_2005,0,243,40,to,to,TO,TO
6544,Armenia_2005,0,243,41,his/her,hisher,VB,VB
6545,Armenia_2005,0,243,42,post,post,NN,NN
6546,Armenia_2005,0,243,43,by,by,IN,IN
6547,Armenia_2005,0,243,44,a,a,DT,DT
6548,Armenia_2005,0,243,45,majority,majority,NN,NN
6549,Armenia_2005,0,243,46,of,of,IN,IN
6550,Armenia_2005,0,243,47,votes,votes,NNS,NN
6551,Armenia_2005,0,244,0,During,during,IN,IN
6552,Armenia_2005,0,244,1,this,this,DT,DT
6553,Armenia_2005,0,244,2,period,period,NN,NN
6554,Armenia_2005,0,244,4,it,it,PRP,PR
6555,Armenia_2005,0,244,5,is,is,VBZ,VB
6556,Armenia_2005,0,244,6,prohibited,prohibited,VBN,VB
6557,Armenia_2005,0,244,7,to,to,TO,TO
6558,Armenia_2005,0,244,8,call,call,VB,VB
6559,Armenia_2005,0,244,9,a,a,DT,DT
6560,Armenia_2005,0,244,10,referendum,referendum,NN,NN
6561,Armenia_2005,0,244,12,appoint,appoint,VBP,VB
6562,Armenia_2005,0,244,13,the,the,DT,DT
6563,Armenia_2005,0,244,14,Prime,prime,NNP,NN
6564,Armenia_2005,0,244,15,Minister,minister,NNP,NN
6565,Armenia_2005,0,244,17,appoint,appoint,NN,NN
6566,Armenia_2005,0,244,18,to,to,TO,TO
6567,Armenia_2005,0,244,19,and,and,CC,CC
6568,Armenia_2005,0,244,20,dismiss,dismiss,VB,VB
6569,Armenia_2005,0,244,21,from,from,IN,IN
6570,Armenia_2005,0,244,22,office,office,NN,NN
6571,Armenia_2005,0,244,23,the,the,DT,DT
6572,Armenia_2005,0,244,24,Highest,highest,NNP,NN
6573,Armenia_2005,0,244,25,Command,command,NNP,NN
6574,Armenia_2005,0,244,26,of,of,IN,IN
6575,Armenia_2005,0,244,27,the,the,DT,DT
6576,Armenia_2005,0,244,28,armed,armed,VBN,VB
6577,Armenia_2005,0,244,29,and,and,CC,CC
6578,Armenia_2005,0,244,30,paramilitary,paramilitary,JJ,JJ
6579,Armenia_2005,0,244,31,forces,forces,NNS,NN
6580,Armenia_2005,0,244,33,except,except,IN,IN
6581,Armenia_2005,0,244,34,in,in,IN,IN
6582,Armenia_2005,0,244,35,a,a,DT,DT
6583,Armenia_2005,0,244,36,martial,martial,JJ,JJ
6584,Armenia_2005,0,244,37,law,law,NN,NN
6585,Armenia_2005,0,244,38,situation,situation,NN,NN
6586,Armenia_2005,0,244,41,make,make,VBP,VB
6587,Armenia_2005,0,244,42,appointments,appointments,NNS,NN
6588,Armenia_2005,0,244,43,to,to,TO,TO
6589,Armenia_2005,0,244,44,police,police,NNS,NN
6590,Armenia_2005,0,244,45,and,and,CC,CC
6591,Armenia_2005,0,244,46,national,national,JJ,JJ
6592,Armenia_2005,0,244,47,security,security,NN,NN
6593,Armenia_2005,0,244,48,positions,positions,NNS,NN
6594,Armenia_2005,0,244,49,in,in,IN,IN
6595,Armenia_2005,0,244,50,cases,cases,NNS,NN
6596,Armenia_2005,0,244,51,prescribed,prescribed,VBN,VB
6597,Armenia_2005,0,244,52,by,by,IN,IN
6598,Armenia_2005,0,244,53,law,law,NN,NN
6599,Armenia_2005,0,244,55,as,as,RB,RB
6600,Armenia_2005,0,244,56,well,well,RB,RB
6601,Armenia_2005,0,244,57,as,as,IN,IN
6602,Armenia_2005,0,244,58,exercise,exercise,NN,NN
6603,Armenia_2005,0,244,59,the,the,DT,DT
6604,Armenia_2005,0,244,60,powers,powers,NNS,NN
6605,Armenia_2005,0,244,61,stipulated,stipulated,VBD,VB
6606,Armenia_2005,0,244,62,in,in,IN,IN
6607,Armenia_2005,0,244,63,Points,points,NNS,NN
6608,Armenia_2005,0,244,64,3,3,CD,CD
6609,Armenia_2005,0,244,66,8,8,CD,CD
6610,Armenia_2005,0,244,68,16,16,CD,CD
6611,Armenia_2005,0,244,69,and,and,CC,CC
6612,Armenia_2005,0,244,70,17,17,CD,CD
6613,Armenia_2005,0,244,71,of,of,IN,IN
6614,Armenia_2005,0,244,72,Article,article,NNP,NN
6615,Armenia_2005,0,244,73,55,55,CD,CD
6616,Armenia_2005,0,244,74,of,of,IN,IN
6617,Armenia_2005,0,244,75,the,the,DT,DT
6618,Armenia_2005,0,244,76,Constitution,constitution,NNP,NN
6619,Armenia_2005,0,245,0,Article,article,NN,NN
6620,Armenia_2005,0,245,1,61,61,CD,CD
6621,Armenia_2005,0,245,2,Share,share,NNP,NN
6622,Armenia_2005,0,245,3,The,the,DT,DT
6623,Armenia_2005,0,245,4,President,president,NNP,NN
6624,Armenia_2005,0,245,5,of,of,IN,IN
6625,Armenia_2005,0,245,6,the,the,DT,DT
6626,Armenia_2005,0,245,7,Republic,republic,NNP,NN
6627,Armenia_2005,0,245,8,shall,shall,MD,MD
6628,Armenia_2005,0,245,10,in,in,IN,IN
6629,Armenia_2005,0,245,11,conformity,conformity,NN,NN
6630,Armenia_2005,0,245,12,with,with,IN,IN
6631,Armenia_2005,0,245,13,the,the,DT,DT
6632,Armenia_2005,0,245,14,procedures,procedures,NNS,NN
6633,Armenia_2005,0,245,15,defined,defined,VBN,VB
6634,Armenia_2005,0,245,16,by,by,IN,IN
6635,Armenia_2005,0,245,17,law,law,NN,NN
6636,Armenia_2005,0,245,19,form,form,VB,VB
6637,Armenia_2005,0,245,20,his/her,hisher,JJR,JJ
6638,Armenia_2005,0,245,21,staff,staff,NN,NN
6639,Armenia_2005,0,246,0,The,the,DT,DT
6640,Armenia_2005,0,246,1,remuneration,remuneration,NN,NN
6641,Armenia_2005,0,246,3,service,service,NN,NN
6642,Armenia_2005,0,246,4,and,and,CC,CC
6643,Armenia_2005,0,246,5,security,security,NN,NN
6644,Armenia_2005,0,246,6,of,of,IN,IN
6645,Armenia_2005,0,246,7,the,the,DT,DT
6646,Armenia_2005,0,246,8,President,president,NNP,NN
6647,Armenia_2005,0,246,9,of,of,IN,IN
6648,Armenia_2005,0,246,10,the,the,DT,DT
6649,Armenia_2005,0,246,11,Republic,republic,NNP,NN
6650,Armenia_2005,0,246,12,shall,shall,MD,MD
6651,Armenia_2005,0,246,13,be,be,VB,VB
6652,Armenia_2005,0,246,14,prescribed,prescribed,VBN,VB
6653,Armenia_2005,0,246,15,by,by,IN,IN
6654,Armenia_2005,0,246,16,law,law,NN,NN
6655,Armenia_2005,0,247,0,CHAPTER,chapter,NN,NN
6656,Armenia_2005,0,247,1,4,4,CD,CD
6657,Armenia_2005,0,248,0,THE,the,DT,DT
6658,Armenia_2005,0,248,1,NATIONAL,national,NNP,NN
6659,Armenia_2005,0,248,2,ASSEMBLY,assembly,NNP,NN
6660,Armenia_2005,0,248,3,Share,share,NNP,NN
6661,Armenia_2005,0,248,4,Article,article,NNP,NN
6662,Armenia_2005,0,248,5,62,62,CD,CD
6663,Armenia_2005,0,248,6,Share,share,NNP,NN
6664,Armenia_2005,0,248,7,Legislative,legislative,JJ,JJ
6665,Armenia_2005,0,248,8,power,power,NN,NN
6666,Armenia_2005,0,248,9,in,in,IN,IN
6667,Armenia_2005,0,248,10,the,the,DT,DT
6668,Armenia_2005,0,248,11,Republic,republic,NNP,NN
6669,Armenia_2005,0,248,12,of,of,IN,IN
6670,Armenia_2005,0,248,13,Armenia,armenia,NNP,NN
6671,Armenia_2005,0,248,14,shall,shall,MD,MD
6672,Armenia_2005,0,248,15,be,be,VB,VB
6673,Armenia_2005,0,248,16,vested,vested,VBN,VB
6674,Armenia_2005,0,248,17,in,in,IN,IN
6675,Armenia_2005,0,248,18,the,the,DT,DT
6676,Armenia_2005,0,248,19,National,national,NNP,NN
6677,Armenia_2005,0,248,20,Assembly,assembly,NNP,NN
6678,Armenia_2005,0,249,0,In,in,IN,IN
6679,Armenia_2005,0,249,1,cases,cases,NNS,NN
6680,Armenia_2005,0,249,2,stipulated,stipulated,VBN,VB
6681,Armenia_2005,0,249,3,in,in,IN,IN
6682,Armenia_2005,0,249,4,Points,points,NNS,NN
6683,Armenia_2005,0,249,5,13,13,CD,CD
6684,Armenia_2005,0,249,6,and,and,CC,CC
6685,Armenia_2005,0,249,7,14,14,CD,CD
6686,Armenia_2005,0,249,8,of,of,IN,IN
6687,Armenia_2005,0,249,9,Article,article,NNP,NN
6688,Armenia_2005,0,249,10,55,55,CD,CD
6689,Armenia_2005,0,249,12,Articles,articles,NNP,NN
6690,Armenia_2005,0,249,13,57,57,CD,CD
6691,Armenia_2005,0,249,15,59,59,CD,CD
6692,Armenia_2005,0,249,17,Part,part,NNP,NN
6693,Armenia_2005,0,249,18,2,2,CD,CD
6694,Armenia_2005,0,249,19,of,of,IN,IN
6695,Armenia_2005,0,249,20,this,this,DT,DT
6696,Armenia_2005,0,249,21,Article,article,NNP,NN
6697,Armenia_2005,0,249,23,66,66,CD,CD
6698,Armenia_2005,0,249,25,67,67,CD,CD
6699,Armenia_2005,0,249,27,69,69,CD,CD
6700,Armenia_2005,0,249,29,73,73,CD,CD
6701,Armenia_2005,0,249,31,74,74,CD,CD
6702,Armenia_2005,0,249,33,74.1,741,CD,CD
6703,Armenia_2005,0,249,35,75,75,CD,CD
6704,Armenia_2005,0,249,37,77,77,CD,CD
6705,Armenia_2005,0,249,39,79,79,CD,CD
6706,Armenia_2005,0,249,41,Part,part,NNP,NN
6707,Armenia_2005,0,249,42,2,2,CD,CD
6708,Armenia_2005,0,249,43,of,of,IN,IN
6709,Armenia_2005,0,249,44,Article,article,NNP,NN
6710,Armenia_2005,0,249,45,80,80,CD,CD
6711,Armenia_2005,0,249,47,81,81,CD,CD
6712,Armenia_2005,0,249,49,83,83,CD,CD
6713,Armenia_2005,0,249,51,83.1,831,CD,CD
6714,Armenia_2005,0,249,53,83.2,832,CD,CD
6715,Armenia_2005,0,249,55,83.3,833,CD,CD
6716,Armenia_2005,0,249,57,83.4,834,CD,CD
6717,Armenia_2005,0,249,59,84,84,CD,CD
6718,Armenia_2005,0,249,61,94.1,941,CD,CD
6719,Armenia_2005,0,249,63,Point,point,NNP,NN
6720,Armenia_2005,0,249,64,2,2,CD,CD
6721,Armenia_2005,0,249,65,of,of,IN,IN
6722,Armenia_2005,0,249,66,Article,article,NNP,NN
6723,Armenia_2005,0,249,67,101,101,CD,CD
6724,Armenia_2005,0,249,69,103,103,CD,CD
6725,Armenia_2005,0,249,71,110,110,CD,CD
6726,Armenia_2005,0,249,73,111,111,CD,CD
6727,Armenia_2005,0,249,74,and,and,CC,CC
6728,Armenia_2005,0,249,75,112,112,CD,CD
6729,Armenia_2005,0,249,76,as,as,RB,RB
6730,Armenia_2005,0,249,77,well,well,RB,RB
6731,Armenia_2005,0,249,78,as,as,IN,IN
6732,Armenia_2005,0,249,79,on,on,IN,IN
6733,Armenia_2005,0,249,80,matters,matters,NNS,NN
6734,Armenia_2005,0,249,81,related,related,VBN,VB
6735,Armenia_2005,0,249,82,to,to,TO,TO
6736,Armenia_2005,0,249,83,the,the,DT,DT
6737,Armenia_2005,0,249,84,organization,organization,NN,NN
6738,Armenia_2005,0,249,85,of,of,IN,IN
6739,Armenia_2005,0,249,86,its,its,PRP$,PR
6740,Armenia_2005,0,249,87,activities,activities,NNS,NN
6741,Armenia_2005,0,249,89,the,the,DT,DT
6742,Armenia_2005,0,249,90,National,national,NNP,NN
6743,Armenia_2005,0,249,91,Assembly,assembly,NNP,NN
6744,Armenia_2005,0,249,92,shall,shall,MD,MD
6745,Armenia_2005,0,249,93,adopt,adopt,VB,VB
6746,Armenia_2005,0,249,94,decisions,decisions,NNS,NN
6747,Armenia_2005,0,249,95,which,which,WDT,WD
6748,Armenia_2005,0,249,96,shall,shall,MD,MD
6749,Armenia_2005,0,249,97,be,be,VB,VB
6750,Armenia_2005,0,249,98,signed,signed,VBN,VB
6751,Armenia_2005,0,249,99,and,and,CC,CC
6752,Armenia_2005,0,249,100,promulgated,promulgated,VBN,VB
6753,Armenia_2005,0,249,101,by,by,IN,IN
6754,Armenia_2005,0,249,102,the,the,DT,DT
6755,Armenia_2005,0,249,103,President,president,NNP,NN
6756,Armenia_2005,0,249,104,of,of,IN,IN
6757,Armenia_2005,0,249,105,the,the,DT,DT
6758,Armenia_2005,0,249,106,National,national,NNP,NN
6759,Armenia_2005,0,249,107,Assembly,assembly,NNP,NN
6760,Armenia_2005,0,250,0,The,the,DT,DT
6761,Armenia_2005,0,250,1,National,national,NNP,NN
6762,Armenia_2005,0,250,2,Assembly,assembly,NNP,NN
6763,Armenia_2005,0,250,3,shall,shall,MD,MD
6764,Armenia_2005,0,250,4,make,make,VB,VB
6765,Armenia_2005,0,250,5,addresses,addresses,NNS,NN
6766,Armenia_2005,0,250,6,and,and,CC,CC
6767,Armenia_2005,0,250,7,announcements,announcements,NNS,NN
6768,Armenia_2005,0,250,8,in,in,IN,IN
6769,Armenia_2005,0,250,9,conformity,conformity,NN,NN
6770,Armenia_2005,0,250,10,with,with,IN,IN
6771,Armenia_2005,0,250,11,the,the,DT,DT
6772,Armenia_2005,0,250,12,procedures,procedures,NNS,NN
6773,Armenia_2005,0,250,13,prescribed,prescribed,VBN,VB
6774,Armenia_2005,0,250,14,by,by,IN,IN
6775,Armenia_2005,0,250,15,the,the,DT,DT
6776,Armenia_2005,0,250,16,Law,law,NNP,NN
6777,Armenia_2005,0,250,17,on,on,IN,IN
6778,Armenia_2005,0,250,18,the,the,DT,DT
6779,Armenia_2005,0,250,19,Rules,rules,NNP,NN
6780,Armenia_2005,0,250,20,of,of,IN,IN
6781,Armenia_2005,0,250,21,Procedure,procedure,NNP,NN
6782,Armenia_2005,0,250,22,of,of,IN,IN
6783,Armenia_2005,0,250,23,the,the,DT,DT
6784,Armenia_2005,0,250,24,National,national,NNP,NN
6785,Armenia_2005,0,250,25,Assembly,assembly,NNP,NN
6786,Armenia_2005,0,251,0,The,the,DT,DT
6787,Armenia_2005,0,251,1,powers,powers,NNS,NN
6788,Armenia_2005,0,251,2,of,of,IN,IN
6789,Armenia_2005,0,251,3,the,the,DT,DT
6790,Armenia_2005,0,251,4,National,national,NNP,NN
6791,Armenia_2005,0,251,5,Assembly,assembly,NNP,NN
6792,Armenia_2005,0,251,6,shall,shall,MD,MD
6793,Armenia_2005,0,251,7,be,be,VB,VB
6794,Armenia_2005,0,251,8,defined,defined,VBN,VB
6795,Armenia_2005,0,251,9,by,by,IN,IN
6796,Armenia_2005,0,251,10,the,the,DT,DT
6797,Armenia_2005,0,251,11,Constitution,constitution,NNP,NN
6798,Armenia_2005,0,252,0,The,the,DT,DT
6799,Armenia_2005,0,252,1,procedure,procedure,NN,NN
6800,Armenia_2005,0,252,2,of,of,IN,IN
6801,Armenia_2005,0,252,3,the,the,DT,DT
6802,Armenia_2005,0,252,4,activities,activities,NNS,NN
6803,Armenia_2005,0,252,5,of,of,IN,IN
6804,Armenia_2005,0,252,6,the,the,DT,DT
6805,Armenia_2005,0,252,7,National,national,NNP,NN
6806,Armenia_2005,0,252,8,Assembly,assembly,NNP,NN
6807,Armenia_2005,0,252,10,as,as,RB,RB
6808,Armenia_2005,0,252,11,well,well,RB,RB
6809,Armenia_2005,0,252,12,as,as,IN,IN
6810,Armenia_2005,0,252,13,the,the,DT,DT
6811,Armenia_2005,0,252,14,formation,formation,NN,NN
6812,Armenia_2005,0,252,15,and,and,CC,CC
6813,Armenia_2005,0,252,16,activity,activity,NN,NN
6814,Armenia_2005,0,252,17,of,of,IN,IN
6815,Armenia_2005,0,252,18,its,its,PRP$,PR
6816,Armenia_2005,0,252,19,bodies,bodies,NNS,NN
6817,Armenia_2005,0,252,21,shall,shall,MD,MD
6818,Armenia_2005,0,252,22,be,be,VB,VB
6819,Armenia_2005,0,252,23,defined,defined,VBN,VB
6820,Armenia_2005,0,252,24,by,by,IN,IN
6821,Armenia_2005,0,252,25,the,the,DT,DT
6822,Armenia_2005,0,252,26,Constitution,constitution,NNP,NN
6823,Armenia_2005,0,252,27,and,and,CC,CC
6824,Armenia_2005,0,252,28,the,the,DT,DT
6825,Armenia_2005,0,252,29,Rules,rules,NNP,NN
6826,Armenia_2005,0,252,30,of,of,IN,IN
6827,Armenia_2005,0,252,31,Procedure,procedure,NNP,NN
6828,Armenia_2005,0,252,32,of,of,IN,IN
6829,Armenia_2005,0,252,33,the,the,DT,DT
6830,Armenia_2005,0,252,34,National,national,NNP,NN
6831,Armenia_2005,0,252,35,Assembly,assembly,NNP,NN
6832,Armenia_2005,0,253,0,Article,article,NN,NN
6833,Armenia_2005,0,253,1,63,63,CD,CD
6834,Armenia_2005,0,253,2,Share,share,NNP,NN
6835,Armenia_2005,0,253,3,The,the,DT,DT
6836,Armenia_2005,0,253,4,National,national,NNP,NN
6837,Armenia_2005,0,253,5,Assembly,assembly,NNP,NN
6838,Armenia_2005,0,253,6,shall,shall,MD,MD
6839,Armenia_2005,0,253,7,consist,consist,VB,VB
6840,Armenia_2005,0,253,8,of,of,IN,IN
6841,Armenia_2005,0,253,9,one,one,CD,CD
6842,Armenia_2005,0,253,10,hundred,hundred,CD,CD
6843,Armenia_2005,0,253,11,and,and,CC,CC
6844,Armenia_2005,0,253,12,thirty-one,thirtyone,JJ,JJ
6845,Armenia_2005,0,253,13,Deputies,deputies,NNS,NN
6846,Armenia_2005,0,254,0,The,the,DT,DT
6847,Armenia_2005,0,254,1,National,national,NNP,NN
6848,Armenia_2005,0,254,2,Assembly,assembly,NNP,NN
6849,Armenia_2005,0,254,3,is,is,VBZ,VB
6850,Armenia_2005,0,254,4,elected,elected,VBN,VB
6851,Armenia_2005,0,254,5,for,for,IN,IN
6852,Armenia_2005,0,254,6,a,a,DT,DT
6853,Armenia_2005,0,254,7,term,term,NN,NN
6854,Armenia_2005,0,254,8,of,of,IN,IN
6855,Armenia_2005,0,254,9,5,5,CD,CD
6856,Armenia_2005,0,254,10,years,years,NNS,NN
6857,Armenia_2005,0,255,0,Its,its,PRP$,PR
6858,Armenia_2005,0,255,1,term,term,NN,NN
6859,Armenia_2005,0,255,2,of,of,IN,IN
6860,Armenia_2005,0,255,3,office,office,NN,NN
6861,Armenia_2005,0,255,4,shall,shall,MD,MD
6862,Armenia_2005,0,255,5,begin,begin,VB,VB
6863,Armenia_2005,0,255,6,at,at,IN,IN
6864,Armenia_2005,0,255,7,the,the,DT,DT
6865,Armenia_2005,0,255,8,moment,moment,NN,NN
6866,Armenia_2005,0,255,9,when,when,WRB,WR
6867,Armenia_2005,0,255,10,newly-elected,newlyelected,JJ,JJ
6868,Armenia_2005,0,255,11,National,national,NNP,NN
6869,Armenia_2005,0,255,12,Assembly,assembly,NNP,NN
6870,Armenia_2005,0,255,13,assembles,assembles,VBZ,VB
6871,Armenia_2005,0,255,14,for,for,IN,IN
6872,Armenia_2005,0,255,15,its,its,PRP$,PR
6873,Armenia_2005,0,255,16,first,first,JJ,JJ
6874,Armenia_2005,0,255,17,sitting,sitting,NN,NN
6875,Armenia_2005,0,256,0,The,the,DT,DT
6876,Armenia_2005,0,256,1,term,term,NN,NN
6877,Armenia_2005,0,256,2,of,of,IN,IN
6878,Armenia_2005,0,256,3,office,office,NN,NN
6879,Armenia_2005,0,256,4,of,of,IN,IN
6880,Armenia_2005,0,256,5,the,the,DT,DT
6881,Armenia_2005,0,256,6,National,national,NNP,NN
6882,Armenia_2005,0,256,7,Assembly,assembly,NNP,NN
6883,Armenia_2005,0,256,8,shall,shall,MD,MD
6884,Armenia_2005,0,256,9,expire,expire,VB,VB
6885,Armenia_2005,0,256,10,at,at,IN,IN
6886,Armenia_2005,0,256,11,the,the,DT,DT
6887,Armenia_2005,0,256,12,moment,moment,NN,NN
6888,Armenia_2005,0,256,13,of,of,IN,IN
6889,Armenia_2005,0,256,14,the,the,DT,DT
6890,Armenia_2005,0,256,15,opening,opening,NN,NN
6891,Armenia_2005,0,256,16,of,of,IN,IN
6892,Armenia_2005,0,256,17,the,the,DT,DT
6893,Armenia_2005,0,256,18,first,first,JJ,JJ
6894,Armenia_2005,0,256,19,sitting,sitting,NN,NN
6895,Armenia_2005,0,256,20,of,of,IN,IN
6896,Armenia_2005,0,256,21,the,the,DT,DT
6897,Armenia_2005,0,256,22,newly,newly,RB,RB
6898,Armenia_2005,0,256,23,elected,elected,VBN,VB
6899,Armenia_2005,0,256,24,National,national,NNP,NN
6900,Armenia_2005,0,256,25,Assembly,assembly,NNP,NN
6901,Armenia_2005,0,257,0,The,the,DT,DT
6902,Armenia_2005,0,257,1,National,national,NNP,NN
6903,Armenia_2005,0,257,2,Assembly,assembly,NNP,NN
6904,Armenia_2005,0,257,3,may,may,MD,MD
6905,Armenia_2005,0,257,4,not,not,RB,RB
6906,Armenia_2005,0,257,5,be,be,VB,VB
6907,Armenia_2005,0,257,6,dissolved,dissolved,VBN,VB
6908,Armenia_2005,0,257,7,during,during,IN,IN
6909,Armenia_2005,0,257,8,the,the,DT,DT
6910,Armenia_2005,0,257,9,state,state,NN,NN
6911,Armenia_2005,0,257,10,of,of,IN,IN
6912,Armenia_2005,0,257,11,martial,martial,JJ,JJ
6913,Armenia_2005,0,257,12,law,law,NN,NN
6914,Armenia_2005,0,257,13,and,and,CC,CC
6915,Armenia_2005,0,257,14,state,state,NN,NN
6916,Armenia_2005,0,257,15,of,of,IN,IN
6917,Armenia_2005,0,257,16,emergency,emergency,NN,NN
6918,Armenia_2005,0,257,17,as,as,RB,RB
6919,Armenia_2005,0,257,18,well,well,RB,RB
6920,Armenia_2005,0,257,19,as,as,IN,IN
6921,Armenia_2005,0,257,20,in,in,IN,IN
6922,Armenia_2005,0,257,21,the,the,DT,DT
6923,Armenia_2005,0,257,22,event,event,NN,NN
6924,Armenia_2005,0,257,23,a,a,DT,DT
6925,Armenia_2005,0,257,24,motion,motion,NN,NN
6926,Armenia_2005,0,257,25,on,on,IN,IN
6927,Armenia_2005,0,257,26,impeaching,impeaching,VBG,VB
6928,Armenia_2005,0,257,27,the,the,DT,DT
6929,Armenia_2005,0,257,28,President,president,NNP,NN
6930,Armenia_2005,0,257,29,of,of,IN,IN
6931,Armenia_2005,0,257,30,Republic,republic,NNP,NN
6932,Armenia_2005,0,257,31,is,is,VBZ,VB
6933,Armenia_2005,0,257,32,put,put,VBN,VB
6934,Armenia_2005,0,257,33,forward,forward,RB,RB
6935,Armenia_2005,0,258,0,During,during,IN,IN
6936,Armenia_2005,0,258,1,a,a,DT,DT
6937,Armenia_2005,0,258,2,state,state,NN,NN
6938,Armenia_2005,0,258,3,of,of,IN,IN
6939,Armenia_2005,0,258,4,martial,martial,JJ,JJ
6940,Armenia_2005,0,258,5,law,law,NN,NN
6941,Armenia_2005,0,258,6,or,or,CC,CC
6942,Armenia_2005,0,258,7,state,state,NN,NN
6943,Armenia_2005,0,258,8,of,of,IN,IN
6944,Armenia_2005,0,258,9,emergency,emergency,NN,NN
6945,Armenia_2005,0,258,11,no,no,DT,DT
6946,Armenia_2005,0,258,12,elections,elections,NNS,NN
6947,Armenia_2005,0,258,13,of,of,IN,IN
6948,Armenia_2005,0,258,14,the,the,DT,DT
6949,Armenia_2005,0,258,15,National,national,NNP,NN
6950,Armenia_2005,0,258,16,Assembly,assembly,NNP,NN
6951,Armenia_2005,0,258,17,shall,shall,MD,MD
6952,Armenia_2005,0,258,18,be,be,VB,VB
6953,Armenia_2005,0,258,19,held,held,VBN,VB
6954,Armenia_2005,0,258,21,and,and,CC,CC
6955,Armenia_2005,0,258,22,the,the,DT,DT
6956,Armenia_2005,0,258,23,term,term,NN,NN
6957,Armenia_2005,0,258,24,of,of,IN,IN
6958,Armenia_2005,0,258,25,office,office,NN,NN
6959,Armenia_2005,0,258,26,of,of,IN,IN
6960,Armenia_2005,0,258,27,the,the,DT,DT
6961,Armenia_2005,0,258,28,National,national,NNP,NN
6962,Armenia_2005,0,258,29,Assembly,assembly,NNP,NN
6963,Armenia_2005,0,258,30,shall,shall,MD,MD
6964,Armenia_2005,0,258,31,be,be,VB,VB
6965,Armenia_2005,0,258,32,extended,extended,VBN,VB
6966,Armenia_2005,0,258,33,until,until,IN,IN
6967,Armenia_2005,0,258,34,the,the,DT,DT
6968,Armenia_2005,0,258,35,opening,opening,NN,NN
6969,Armenia_2005,0,258,36,of,of,IN,IN
6970,Armenia_2005,0,258,37,the,the,DT,DT
6971,Armenia_2005,0,258,38,first,first,JJ,JJ
6972,Armenia_2005,0,258,39,session,session,NN,NN
6973,Armenia_2005,0,258,40,of,of,IN,IN
6974,Armenia_2005,0,258,41,the,the,DT,DT
6975,Armenia_2005,0,258,42,newly-elected,newlyelected,JJ,JJ
6976,Armenia_2005,0,258,43,National,national,NNP,NN
6977,Armenia_2005,0,258,44,Assembly,assembly,NNP,NN
6978,Armenia_2005,0,258,45,following,following,VBG,VB
6979,Armenia_2005,0,258,46,the,the,DT,DT
6980,Armenia_2005,0,258,47,end,end,NN,NN
6981,Armenia_2005,0,258,48,of,of,IN,IN
6982,Armenia_2005,0,258,49,the,the,DT,DT
6983,Armenia_2005,0,258,50,martial,martial,JJ,JJ
6984,Armenia_2005,0,258,51,law,law,NN,NN
6985,Armenia_2005,0,258,52,or,or,CC,CC
6986,Armenia_2005,0,258,53,state,state,NN,NN
6987,Armenia_2005,0,258,54,of,of,IN,IN
6988,Armenia_2005,0,258,55,emergency,emergency,NN,NN
6989,Armenia_2005,0,259,0,In,in,IN,IN
6990,Armenia_2005,0,259,1,this,this,DT,DT
6991,Armenia_2005,0,259,2,case,case,NN,NN
6992,Armenia_2005,0,259,4,elections,elections,NNS,NN
6993,Armenia_2005,0,259,5,of,of,IN,IN
6994,Armenia_2005,0,259,6,the,the,DT,DT
6995,Armenia_2005,0,259,7,National,national,NNP,NN
6996,Armenia_2005,0,259,8,Assembly,assembly,NNP,NN
6997,Armenia_2005,0,259,9,shall,shall,MD,MD
6998,Armenia_2005,0,259,10,be,be,VB,VB
6999,Armenia_2005,0,259,11,held,held,VBN,VB
7000,Armenia_2005,0,259,12,not,not,RB,RB
7001,Armenia_2005,0,259,13,earlier,earlier,RBR,RB
7002,Armenia_2005,0,259,14,than,than,IN,IN
7003,Armenia_2005,0,259,15,fifty,fifty,NNS,NN
7004,Armenia_2005,0,259,16,and,and,CC,CC
7005,Armenia_2005,0,259,17,not,not,RB,RB
7006,Armenia_2005,0,259,18,later,later,RB,RB
7007,Armenia_2005,0,259,19,than,than,IN,IN
7008,Armenia_2005,0,259,20,sixty,sixty,JJ,JJ
7009,Armenia_2005,0,259,21,days,days,NNS,NN
7010,Armenia_2005,0,259,22,following,following,VBG,VB
7011,Armenia_2005,0,259,23,the,the,DT,DT
7012,Armenia_2005,0,259,24,expiration,expiration,NN,NN
7013,Armenia_2005,0,259,25,of,of,IN,IN
7014,Armenia_2005,0,259,26,the,the,DT,DT
7015,Armenia_2005,0,259,27,term,term,NN,NN
7016,Armenia_2005,0,259,28,of,of,IN,IN
7017,Armenia_2005,0,259,29,the,the,DT,DT
7018,Armenia_2005,0,259,30,martial,martial,JJ,JJ
7019,Armenia_2005,0,259,31,law,law,NN,NN
7020,Armenia_2005,0,259,32,or,or,CC,CC
7021,Armenia_2005,0,259,33,state,state,NN,NN
7022,Armenia_2005,0,259,34,of,of,IN,IN
7023,Armenia_2005,0,259,35,emergency,emergency,NN,NN
7024,Armenia_2005,0,260,0,Article,article,NN,NN
7025,Armenia_2005,0,260,1,64,64,CD,CD
7026,Armenia_2005,0,260,2,Share,share,NNP,NN
7027,Armenia_2005,0,260,3,Any,any,NNP,NN
7028,Armenia_2005,0,260,4,person,person,NN,NN
7029,Armenia_2005,0,260,5,having,having,VBG,VB
7030,Armenia_2005,0,260,6,attained,attained,VBN,VB
7031,Armenia_2005,0,260,7,the,the,DT,DT
7032,Armenia_2005,0,260,8,age,age,NN,NN
7033,Armenia_2005,0,260,9,of,of,IN,IN
7034,Armenia_2005,0,260,10,twenty,twenty,NN,NN
7035,Armenia_2005,0,260,11,five,five,CD,CD
7036,Armenia_2005,0,260,13,having,having,VBG,VB
7037,Armenia_2005,0,260,14,been,been,VBN,VB
7038,Armenia_2005,0,260,15,a,a,DT,DT
7039,Armenia_2005,0,260,16,citizen,citizen,NN,NN
7040,Armenia_2005,0,260,17,of,of,IN,IN
7041,Armenia_2005,0,260,18,the,the,DT,DT
7042,Armenia_2005,0,260,19,Republic,republic,NNP,NN
7043,Armenia_2005,0,260,20,of,of,IN,IN
7044,Armenia_2005,0,260,21,Armenia,armenia,NNP,NN
7045,Armenia_2005,0,260,22,for,for,IN,IN
7046,Armenia_2005,0,260,23,the,the,DT,DT
7047,Armenia_2005,0,260,24,preceding,preceding,VBG,VB
7048,Armenia_2005,0,260,25,five,five,CD,CD
7049,Armenia_2005,0,260,26,years,years,NNS,NN
7050,Armenia_2005,0,260,28,having,having,VBG,VB
7051,Armenia_2005,0,260,29,permanently,permanently,RB,RB
7052,Armenia_2005,0,260,30,resided,resided,VBN,VB
7053,Armenia_2005,0,260,31,in,in,IN,IN
7054,Armenia_2005,0,260,32,the,the,DT,DT
7055,Armenia_2005,0,260,33,Republic,republic,NNP,NN
7056,Armenia_2005,0,260,34,for,for,IN,IN
7057,Armenia_2005,0,260,35,the,the,DT,DT
7058,Armenia_2005,0,260,36,preceding,preceding,VBG,VB
7059,Armenia_2005,0,260,37,five,five,CD,CD
7060,Armenia_2005,0,260,38,years,years,NNS,NN
7061,Armenia_2005,0,260,40,and,and,CC,CC
7062,Armenia_2005,0,260,41,who,who,WP,WP
7063,Armenia_2005,0,260,42,has,has,VBZ,VB
7064,Armenia_2005,0,260,43,the,the,DT,DT
7065,Armenia_2005,0,260,44,right,right,NN,NN
7066,Armenia_2005,0,260,45,to,to,TO,TO
7067,Armenia_2005,0,260,46,vote,vote,VB,VB
7068,Armenia_2005,0,260,48,may,may,MD,MD
7069,Armenia_2005,0,260,49,be,be,VB,VB
7070,Armenia_2005,0,260,50,elected,elected,VBN,VB
7071,Armenia_2005,0,260,51,as,as,IN,IN
7072,Armenia_2005,0,260,52,a,a,DT,DT
7073,Armenia_2005,0,260,53,Deputy,deputy,NN,NN
7074,Armenia_2005,0,261,0,Article,article,NN,NN
7075,Armenia_2005,0,261,1,65,65,CD,CD
7076,Armenia_2005,0,261,2,Share,share,NN,NN
7077,Armenia_2005,0,261,3,A,a,NNP,NN
7078,Armenia_2005,0,261,4,Deputy,deputy,NNP,NN
7079,Armenia_2005,0,261,5,may,may,MD,MD
7080,Armenia_2005,0,261,6,not,not,RB,RB
7081,Armenia_2005,0,261,7,run,run,VB,VB
7082,Armenia_2005,0,261,8,businesses,businesses,NNS,NN
7083,Armenia_2005,0,261,10,hold,hold,VBP,VB
7084,Armenia_2005,0,261,11,any,any,DT,DT
7085,Armenia_2005,0,261,12,other,other,JJ,JJ
7086,Armenia_2005,0,261,13,state,state,NN,NN
7087,Armenia_2005,0,261,14,or,or,CC,CC
7088,Armenia_2005,0,261,15,local,local,JJ,JJ
7089,Armenia_2005,0,261,16,self-government,selfgovernment,JJ,JJ
7090,Armenia_2005,0,261,17,office,office,NN,NN
7091,Armenia_2005,0,261,18,or,or,CC,CC
7092,Armenia_2005,0,261,19,positions,positions,NNS,NN
7093,Armenia_2005,0,261,20,in,in,IN,IN
7094,Armenia_2005,0,261,21,commercial,commercial,JJ,JJ
7095,Armenia_2005,0,261,22,structures,structures,NNS,NN
7096,Armenia_2005,0,261,24,or,or,CC,CC
7097,Armenia_2005,0,261,25,engage,engage,VB,VB
7098,Armenia_2005,0,261,26,in,in,IN,IN
7099,Armenia_2005,0,261,27,any,any,DT,DT
7100,Armenia_2005,0,261,28,paid,paid,JJ,JJ
7101,Armenia_2005,0,261,29,occupation,occupation,NN,NN
7102,Armenia_2005,0,261,30,except,except,IN,IN
7103,Armenia_2005,0,261,31,for,for,IN,IN
7104,Armenia_2005,0,261,32,scientific,scientific,JJ,JJ
7105,Armenia_2005,0,261,34,educational,educational,JJ,JJ
7106,Armenia_2005,0,261,35,and,and,CC,CC
7107,Armenia_2005,0,261,36,creative,creative,JJ,JJ
7108,Armenia_2005,0,261,37,work,work,NN,NN
7109,Armenia_2005,0,262,0,A,a,DT,DT
7110,Armenia_2005,0,262,1,Deputy,deputy,NNP,NN
7111,Armenia_2005,0,262,2,shall,shall,MD,MD
7112,Armenia_2005,0,262,3,discharge,discharge,VB,VB
7113,Armenia_2005,0,262,4,his/her,hisher,JJR,JJ
7114,Armenia_2005,0,262,5,responsibilities,responsibilities,NNS,NN
7115,Armenia_2005,0,262,6,on,on,IN,IN
7116,Armenia_2005,0,262,7,a,a,DT,DT
7117,Armenia_2005,0,262,8,permanent,permanent,JJ,JJ
7118,Armenia_2005,0,262,9,basis,basis,NN,NN
7119,Armenia_2005,0,263,0,The,the,DT,DT
7120,Armenia_2005,0,263,1,status,status,NN,NN
7121,Armenia_2005,0,263,2,and,and,CC,CC
7122,Armenia_2005,0,263,3,guarantees,guarantees,NNS,NN
7123,Armenia_2005,0,263,4,of,of,IN,IN
7124,Armenia_2005,0,263,5,the,the,DT,DT
7125,Armenia_2005,0,263,6,activity,activity,NN,NN
7126,Armenia_2005,0,263,7,of,of,IN,IN
7127,Armenia_2005,0,263,8,a,a,DT,DT
7128,Armenia_2005,0,263,9,Deputy,deputy,NNP,NN
7129,Armenia_2005,0,263,10,shall,shall,MD,MD
7130,Armenia_2005,0,263,11,be,be,VB,VB
7131,Armenia_2005,0,263,12,defined,defined,VBN,VB
7132,Armenia_2005,0,263,13,by,by,IN,IN
7133,Armenia_2005,0,263,14,the,the,DT,DT
7134,Armenia_2005,0,263,15,Constitution,constitution,NNP,NN
7135,Armenia_2005,0,263,16,and,and,CC,CC
7136,Armenia_2005,0,263,17,the,the,DT,DT
7137,Armenia_2005,0,263,18,law,law,NN,NN
7138,Armenia_2005,0,264,0,Article,article,NN,NN
7139,Armenia_2005,0,264,1,66,66,CD,CD
7140,Armenia_2005,0,264,2,Share,share,NN,NN
7141,Armenia_2005,0,264,3,A,a,NNP,NN
7142,Armenia_2005,0,264,4,Deputy,deputy,NNP,NN
7143,Armenia_2005,0,264,5,shall,shall,MD,MD
7144,Armenia_2005,0,264,6,not,not,RB,RB
7145,Armenia_2005,0,264,7,be,be,VB,VB
7146,Armenia_2005,0,264,8,bound,bound,VBN,VB
7147,Armenia_2005,0,264,9,by,by,IN,IN
7148,Armenia_2005,0,264,10,any,any,DT,DT
7149,Armenia_2005,0,264,11,imperative,imperative,JJ,JJ
7150,Armenia_2005,0,264,12,mandate,mandate,NN,NN
7151,Armenia_2005,0,264,13,and,and,CC,CC
7152,Armenia_2005,0,264,14,shall,shall,MD,MD
7153,Armenia_2005,0,264,15,be,be,VB,VB
7154,Armenia_2005,0,264,16,guided,guided,VBN,VB
7155,Armenia_2005,0,264,17,by,by,IN,IN
7156,Armenia_2005,0,264,18,his,his,PRP$,PR
7157,Armenia_2005,0,264,19,or,or,CC,CC
7158,Armenia_2005,0,264,20,her,her,PRP$,PR
7159,Armenia_2005,0,264,21,conscience,conscience,NN,NN
7160,Armenia_2005,0,264,22,and,and,CC,CC
7161,Armenia_2005,0,264,23,convictions,convictions,NNS,NN
7162,Armenia_2005,0,265,0,A,a,DT,DT
7163,Armenia_2005,0,265,1,Deputy,deputy,NNP,NN
7164,Armenia_2005,0,265,3,during,during,IN,IN
7165,Armenia_2005,0,265,4,and,and,CC,CC
7166,Armenia_2005,0,265,5,after,after,IN,IN
7167,Armenia_2005,0,265,6,the,the,DT,DT
7168,Armenia_2005,0,265,7,term,term,NN,NN
7169,Armenia_2005,0,265,8,of,of,IN,IN
7170,Armenia_2005,0,265,9,his,his,PRP$,PR
7171,Armenia_2005,0,265,10,or,or,CC,CC
7172,Armenia_2005,0,265,11,her,her,PRP$,PR
7173,Armenia_2005,0,265,12,parliamentary,parliamentary,JJ,JJ
7174,Armenia_2005,0,265,13,office,office,NN,NN
7175,Armenia_2005,0,265,15,may,may,MD,MD
7176,Armenia_2005,0,265,16,not,not,RB,RB
7177,Armenia_2005,0,265,17,be,be,VB,VB
7178,Armenia_2005,0,265,18,prosecuted,prosecuted,VBN,VB
7179,Armenia_2005,0,265,19,and,and,CC,CC
7180,Armenia_2005,0,265,20,held,held,VBN,VB
7181,Armenia_2005,0,265,21,liable,liable,JJ,JJ
7182,Armenia_2005,0,265,22,for,for,IN,IN
7183,Armenia_2005,0,265,23,actions,actions,NNS,NN
7184,Armenia_2005,0,265,24,arising,arising,VBG,VB
7185,Armenia_2005,0,265,25,from,from,IN,IN
7186,Armenia_2005,0,265,26,his,his,PRP$,PR
7187,Armenia_2005,0,265,27,or,or,CC,CC
7188,Armenia_2005,0,265,28,her,her,PRP$,PR
7189,Armenia_2005,0,265,29,status,status,NN,NN
7190,Armenia_2005,0,265,31,including,including,VBG,VB
7191,Armenia_2005,0,265,32,for,for,IN,IN
7192,Armenia_2005,0,265,33,his,his,PRP$,PR
7193,Armenia_2005,0,265,34,or,or,CC,CC
7194,Armenia_2005,0,265,35,her,her,PRP$,PR
7195,Armenia_2005,0,265,36,opinions,opinions,NNS,NN
7196,Armenia_2005,0,265,37,expressed,expressed,VBN,VB
7197,Armenia_2005,0,265,38,in,in,IN,IN
7198,Armenia_2005,0,265,39,the,the,DT,DT
7199,Armenia_2005,0,265,40,National,national,NNP,NN
7200,Armenia_2005,0,265,41,Assembly,assembly,NNP,NN
7201,Armenia_2005,0,265,43,provided,provided,VBN,VB
7202,Armenia_2005,0,265,44,these,these,DT,DT
7203,Armenia_2005,0,265,45,are,are,VBP,VB
7204,Armenia_2005,0,265,46,not,not,RB,RB
7205,Armenia_2005,0,265,47,insulting,insulting,JJ,JJ
7206,Armenia_2005,0,265,48,or,or,CC,CC
7207,Armenia_2005,0,265,49,defamatory,defamatory,JJ,JJ
7208,Armenia_2005,0,266,0,A,a,DT,DT
7209,Armenia_2005,0,266,1,Deputy,deputy,NN,NN
7210,Armenia_2005,0,266,2,may,may,MD,MD
7211,Armenia_2005,0,266,3,not,not,RB,RB
7212,Armenia_2005,0,266,4,be,be,VB,VB
7213,Armenia_2005,0,266,5,involved,involved,VBN,VB
7214,Armenia_2005,0,266,6,as,as,IN,IN
7215,Armenia_2005,0,266,7,an,an,DT,DT
7216,Armenia_2005,0,266,8,accused,accused,JJ,JJ
7217,Armenia_2005,0,266,9,or,or,CC,CC
7218,Armenia_2005,0,266,10,subjected,subjected,VBN,VB
7219,Armenia_2005,0,266,11,to,to,TO,TO
7220,Armenia_2005,0,266,12,a,a,DT,DT
7221,Armenia_2005,0,266,13,suit,suit,NN,NN
7222,Armenia_2005,0,266,14,for,for,IN,IN
7223,Armenia_2005,0,266,15,administrative,administrative,JJ,JJ
7224,Armenia_2005,0,266,16,liability,liability,NN,NN
7225,Armenia_2005,0,266,17,through,through,IN,IN
7226,Armenia_2005,0,266,18,the,the,DT,DT
7227,Armenia_2005,0,266,19,judicial,judicial,JJ,JJ
7228,Armenia_2005,0,266,20,process,process,NN,NN
7229,Armenia_2005,0,266,21,without,without,IN,IN
7230,Armenia_2005,0,266,22,the,the,DT,DT
7231,Armenia_2005,0,266,23,consent,consent,NN,NN
7232,Armenia_2005,0,266,24,of,of,IN,IN
7233,Armenia_2005,0,266,25,the,the,DT,DT
7234,Armenia_2005,0,266,26,National,national,NNP,NN
7235,Armenia_2005,0,266,27,Assembly,assembly,NNP,NN
7236,Armenia_2005,0,267,0,A,a,DT,DT
7237,Armenia_2005,0,267,1,Deputy,deputy,NN,NN
7238,Armenia_2005,0,267,2,may,may,MD,MD
7239,Armenia_2005,0,267,3,not,not,RB,RB
7240,Armenia_2005,0,267,4,be,be,VB,VB
7241,Armenia_2005,0,267,5,arrested,arrested,VBN,VB
7242,Armenia_2005,0,267,6,without,without,IN,IN
7243,Armenia_2005,0,267,7,the,the,DT,DT
7244,Armenia_2005,0,267,8,consent,consent,NN,NN
7245,Armenia_2005,0,267,9,of,of,IN,IN
7246,Armenia_2005,0,267,10,the,the,DT,DT
7247,Armenia_2005,0,267,11,National,national,NNP,NN
7248,Armenia_2005,0,267,12,Assembly,assembly,NNP,NN
7249,Armenia_2005,0,267,13,except,except,IN,IN
7250,Armenia_2005,0,267,14,for,for,IN,IN
7251,Armenia_2005,0,267,15,cases,cases,NNS,NN
7252,Armenia_2005,0,267,16,when,when,WRB,WR
7253,Armenia_2005,0,267,17,he/she,heshe,NN,NN
7254,Armenia_2005,0,267,18,is,is,VBZ,VB
7255,Armenia_2005,0,267,19,caught,caught,VBN,VB
7256,Armenia_2005,0,267,20,in,in,IN,IN
7257,Armenia_2005,0,267,21,flagrante,flagrante,JJ,JJ
7258,Armenia_2005,0,267,22,delicto,delicto,NN,NN
7259,Armenia_2005,0,268,0,In,in,IN,IN
7260,Armenia_2005,0,268,1,such,such,PDT,PD
7261,Armenia_2005,0,268,2,a,a,DT,DT
7262,Armenia_2005,0,268,3,case,case,NN,NN
7263,Armenia_2005,0,268,5,the,the,DT,DT
7264,Armenia_2005,0,268,6,President,president,NNP,NN
7265,Armenia_2005,0,268,7,of,of,IN,IN
7266,Armenia_2005,0,268,8,the,the,DT,DT
7267,Armenia_2005,0,268,9,National,national,NNP,NN
7268,Armenia_2005,0,268,10,Assembly,assembly,NNP,NN
7269,Armenia_2005,0,268,11,shall,shall,MD,MD
7270,Armenia_2005,0,268,12,be,be,VB,VB
7271,Armenia_2005,0,268,13,immediately,immediately,RB,RB
7272,Armenia_2005,0,268,14,notified,notified,VBN,VB
7273,Armenia_2005,0,269,0,Article,article,NN,NN
7274,Armenia_2005,0,269,1,67,67,CD,CD
7275,Armenia_2005,0,269,2,Share,share,NNP,NN
7276,Armenia_2005,0,269,3,The,the,DT,DT
7277,Armenia_2005,0,269,4,powers,powers,NNS,NN
7278,Armenia_2005,0,269,5,of,of,IN,IN
7279,Armenia_2005,0,269,6,a,a,DT,DT
7280,Armenia_2005,0,269,7,Deputy,deputy,NNP,NN
7281,Armenia_2005,0,269,8,shall,shall,MD,MD
7282,Armenia_2005,0,269,9,terminate,terminate,VB,VB
7283,Armenia_2005,0,269,10,upon,upon,IN,IN
7284,Armenia_2005,0,269,11,the,the,DT,DT
7285,Armenia_2005,0,269,12,expiration,expiration,NN,NN
7286,Armenia_2005,0,269,13,of,of,IN,IN
7287,Armenia_2005,0,269,14,the,the,DT,DT
7288,Armenia_2005,0,269,15,term,term,NN,NN
7289,Armenia_2005,0,269,16,of,of,IN,IN
7290,Armenia_2005,0,269,17,office,office,NN,NN
7291,Armenia_2005,0,269,18,of,of,IN,IN
7292,Armenia_2005,0,269,19,the,the,DT,DT
7293,Armenia_2005,0,269,20,National,national,NNP,NN
7294,Armenia_2005,0,269,21,Assembly,assembly,NNP,NN
7295,Armenia_2005,0,269,23,the,the,DT,DT
7296,Armenia_2005,0,269,24,dissolution,dissolution,NN,NN
7297,Armenia_2005,0,269,25,of,of,IN,IN
7298,Armenia_2005,0,269,26,the,the,DT,DT
7299,Armenia_2005,0,269,27,National,national,NNP,NN
7300,Armenia_2005,0,269,28,Assembly,assembly,NNP,NN
7301,Armenia_2005,0,269,30,the,the,DT,DT
7302,Armenia_2005,0,269,31,violation,violation,NN,NN
7303,Armenia_2005,0,269,32,of,of,IN,IN
7304,Armenia_2005,0,269,33,the,the,DT,DT
7305,Armenia_2005,0,269,34,provisions,provisions,NNS,NN
7306,Armenia_2005,0,269,35,stipulated,stipulated,VBN,VB
7307,Armenia_2005,0,269,36,in,in,IN,IN
7308,Armenia_2005,0,269,37,Part,part,NNP,NN
7309,Armenia_2005,0,269,38,1,1,CD,CD
7310,Armenia_2005,0,269,39,of,of,IN,IN
7311,Armenia_2005,0,269,40,Article,article,NNP,NN
7312,Armenia_2005,0,269,41,65,65,CD,CD
7313,Armenia_2005,0,269,42,of,of,IN,IN
7314,Armenia_2005,0,269,43,the,the,DT,DT
7315,Armenia_2005,0,269,44,Constitution,constitution,NNP,NN
7316,Armenia_2005,0,269,46,loss,loss,NN,NN
7317,Armenia_2005,0,269,47,of,of,IN,IN
7318,Armenia_2005,0,269,48,citizenship,citizenship,NN,NN
7319,Armenia_2005,0,269,50,absence,absence,NN,NN
7320,Armenia_2005,0,269,51,from,from,IN,IN
7321,Armenia_2005,0,269,52,more,more,JJR,JJ
7322,Armenia_2005,0,269,53,than,than,IN,IN
7323,Armenia_2005,0,269,54,half,half,NN,NN
7324,Armenia_2005,0,269,55,of,of,IN,IN
7325,Armenia_2005,0,269,56,floor,floor,NN,NN
7326,Armenia_2005,0,269,57,voting,voting,NN,NN
7327,Armenia_2005,0,269,58,in,in,IN,IN
7328,Armenia_2005,0,269,59,the,the,DT,DT
7329,Armenia_2005,0,269,60,course,course,NN,NN
7330,Armenia_2005,0,269,61,of,of,IN,IN
7331,Armenia_2005,0,269,62,a,a,DT,DT
7332,Armenia_2005,0,269,63,single,single,JJ,JJ
7333,Armenia_2005,0,269,64,session,session,NN,NN
7334,Armenia_2005,0,269,66,prison,prison,NN,NN
7335,Armenia_2005,0,269,67,sentence,sentence,NN,NN
7336,Armenia_2005,0,269,69,legal,legal,JJ,JJ
7337,Armenia_2005,0,269,70,incapacity,incapacity,NN,NN
7338,Armenia_2005,0,269,71,and,and,CC,CC
7339,Armenia_2005,0,269,72,resignation,resignation,NN,NN
7340,Armenia_2005,0,269,73,from,from,IN,IN
7341,Armenia_2005,0,269,74,post,post,NN,NN
7342,Armenia_2005,0,270,0,A,a,DT,DT
7343,Armenia_2005,0,270,1,Deputy,deputy,NNP,NN
7344,Armenia_2005,0,270,2,'s,s,POS,PO
7345,Armenia_2005,0,270,3,term,term,NN,NN
7346,Armenia_2005,0,270,4,of,of,IN,IN
7347,Armenia_2005,0,270,5,office,office,NN,NN
7348,Armenia_2005,0,270,6,shall,shall,MD,MD
7349,Armenia_2005,0,270,7,be,be,VB,VB
7350,Armenia_2005,0,270,8,terminated,terminated,VBN,VB
7351,Armenia_2005,0,270,9,in,in,IN,IN
7352,Armenia_2005,0,270,10,a,a,DT,DT
7353,Armenia_2005,0,270,11,manner,manner,NN,NN
7354,Armenia_2005,0,270,12,prescribed,prescribed,VBN,VB
7355,Armenia_2005,0,270,13,by,by,IN,IN
7356,Armenia_2005,0,270,14,the,the,DT,DT
7357,Armenia_2005,0,270,15,Rules,rules,NNP,NN
7358,Armenia_2005,0,270,16,of,of,IN,IN
7359,Armenia_2005,0,270,17,Procedure,procedure,NNP,NN
7360,Armenia_2005,0,270,18,of,of,IN,IN
7361,Armenia_2005,0,270,19,the,the,DT,DT
7362,Armenia_2005,0,270,20,National,national,NNP,NN
7363,Armenia_2005,0,270,21,Assembly,assembly,NNP,NN
7364,Armenia_2005,0,271,0,Article,article,NN,NN
7365,Armenia_2005,0,271,1,68,68,CD,CD
7366,Armenia_2005,0,271,2,Share,share,NNP,NN
7367,Armenia_2005,0,271,3,Regular,regular,JJ,JJ
7368,Armenia_2005,0,271,4,elections,elections,NNS,NN
7369,Armenia_2005,0,271,5,to,to,TO,TO
7370,Armenia_2005,0,271,6,the,the,DT,DT
7371,Armenia_2005,0,271,7,National,national,NNP,NN
7372,Armenia_2005,0,271,8,Assembly,assembly,NNP,NN
7373,Armenia_2005,0,271,9,shall,shall,MD,MD
7374,Armenia_2005,0,271,10,be,be,VB,VB
7375,Armenia_2005,0,271,11,held,held,VBN,VB
7376,Armenia_2005,0,271,12,no,no,DT,DT
7377,Armenia_2005,0,271,13,earlier,earlier,JJR,JJ
7378,Armenia_2005,0,271,14,than,than,IN,IN
7379,Armenia_2005,0,271,15,fifty,fifty,NN,NN
7380,Armenia_2005,0,271,16,and,and,CC,CC
7381,Armenia_2005,0,271,17,no,no,DT,DT
7382,Armenia_2005,0,271,18,later,later,JJR,JJ
7383,Armenia_2005,0,271,19,than,than,IN,IN
7384,Armenia_2005,0,271,20,forty,forty,NN,NN
7385,Armenia_2005,0,271,21,days,days,NNS,NN
7386,Armenia_2005,0,271,22,prior,prior,RB,RB
7387,Armenia_2005,0,271,23,to,to,TO,TO
7388,Armenia_2005,0,271,24,the,the,DT,DT
7389,Armenia_2005,0,271,25,expiration,expiration,NN,NN
7390,Armenia_2005,0,271,26,of,of,IN,IN
7391,Armenia_2005,0,271,27,the,the,DT,DT
7392,Armenia_2005,0,271,28,term,term,NN,NN
7393,Armenia_2005,0,271,29,of,of,IN,IN
7394,Armenia_2005,0,271,30,the,the,DT,DT
7395,Armenia_2005,0,271,31,current,current,JJ,JJ
7396,Armenia_2005,0,271,32,National,national,NNP,NN
7397,Armenia_2005,0,271,33,Assembly,assembly,NNP,NN
7398,Armenia_2005,0,272,0,At,at,IN,IN
7399,Armenia_2005,0,272,1,extraordinary,extraordinary,JJ,JJ
7400,Armenia_2005,0,272,2,elections,elections,NNS,NN
7401,Armenia_2005,0,272,3,of,of,IN,IN
7402,Armenia_2005,0,272,4,the,the,DT,DT
7403,Armenia_2005,0,272,5,National,national,NNP,NN
7404,Armenia_2005,0,272,6,Assembly,assembly,NNP,NN
7405,Armenia_2005,0,272,8,the,the,DT,DT
7406,Armenia_2005,0,272,9,voting,voting,VBG,VB
7407,Armenia_2005,0,272,10,shall,shall,MD,MD
7408,Armenia_2005,0,272,11,take,take,VB,VB
7409,Armenia_2005,0,272,12,place,place,NN,NN
7410,Armenia_2005,0,272,13,no,no,DT,DT
7411,Armenia_2005,0,272,14,earlier,earlier,JJR,JJ
7412,Armenia_2005,0,272,15,than,than,IN,IN
7413,Armenia_2005,0,272,16,thirty,thirty,NN,NN
7414,Armenia_2005,0,272,17,and,and,CC,CC
7415,Armenia_2005,0,272,18,no,no,DT,DT
7416,Armenia_2005,0,272,19,later,later,JJ,JJ
7417,Armenia_2005,0,272,20,forty,forty,NN,NN
7418,Armenia_2005,0,272,21,days,days,NNS,NN
7419,Armenia_2005,0,272,22,after,after,IN,IN
7420,Armenia_2005,0,272,23,the,the,DT,DT
7421,Armenia_2005,0,272,24,dissolution,dissolution,NN,NN
7422,Armenia_2005,0,272,25,of,of,IN,IN
7423,Armenia_2005,0,272,26,the,the,DT,DT
7424,Armenia_2005,0,272,27,National,national,NNP,NN
7425,Armenia_2005,0,272,28,Assembly,assembly,NNP,NN
7426,Armenia_2005,0,273,0,The,the,DT,DT
7427,Armenia_2005,0,273,1,date,date,NN,NN
7428,Armenia_2005,0,273,2,of,of,IN,IN
7429,Armenia_2005,0,273,3,elections,elections,NNS,NN
7430,Armenia_2005,0,273,4,shall,shall,MD,MD
7431,Armenia_2005,0,273,5,be,be,VB,VB
7432,Armenia_2005,0,273,6,fixed,fixed,VBN,VB
7433,Armenia_2005,0,273,7,by,by,IN,IN
7434,Armenia_2005,0,273,8,a,a,DT,DT
7435,Armenia_2005,0,273,9,Presidential,presidential,NNP,NN
7436,Armenia_2005,0,273,10,decree,decree,NN,NN
7437,Armenia_2005,0,274,0,The,the,DT,DT
7438,Armenia_2005,0,274,1,first,first,JJ,JJ
7439,Armenia_2005,0,274,2,session,session,NN,NN
7440,Armenia_2005,0,274,3,of,of,IN,IN
7441,Armenia_2005,0,274,4,a,a,DT,DT
7442,Armenia_2005,0,274,5,newly,newly,RB,RB
7443,Armenia_2005,0,274,6,elected,elected,VBN,VB
7444,Armenia_2005,0,274,7,National,national,NNP,NN
7445,Armenia_2005,0,274,8,Assembly,assembly,NNP,NN
7446,Armenia_2005,0,274,9,shall,shall,MD,MD
7447,Armenia_2005,0,274,10,convene,convene,VB,VB
7448,Armenia_2005,0,274,11,on,on,IN,IN
7449,Armenia_2005,0,274,12,the,the,DT,DT
7450,Armenia_2005,0,274,13,third,third,JJ,JJ
7451,Armenia_2005,0,274,14,Thursday,thursday,NNP,NN
7452,Armenia_2005,0,274,15,following,following,VBG,VB
7453,Armenia_2005,0,274,16,the,the,DT,DT
7454,Armenia_2005,0,274,17,election,election,NN,NN
7455,Armenia_2005,0,274,18,of,of,IN,IN
7456,Armenia_2005,0,274,19,at,at,IN,IN
7457,Armenia_2005,0,274,20,least,least,JJS,JJ
7458,Armenia_2005,0,274,21,two-thirds,twothirds,NNS,NN
7459,Armenia_2005,0,274,22,of,of,IN,IN
7460,Armenia_2005,0,274,23,the,the,DT,DT
7461,Armenia_2005,0,274,24,total,total,JJ,JJ
7462,Armenia_2005,0,274,25,number,number,NN,NN
7463,Armenia_2005,0,274,26,of,of,IN,IN
7464,Armenia_2005,0,274,27,Deputies,deputies,NNS,NN
7465,Armenia_2005,0,275,0,In,in,IN,IN
7466,Armenia_2005,0,275,1,case,case,NN,NN
7467,Armenia_2005,0,275,2,of,of,IN,IN
7468,Armenia_2005,0,275,3,extraordinary,extraordinary,JJ,JJ
7469,Armenia_2005,0,275,4,elections,elections,NNS,NN
7470,Armenia_2005,0,275,5,of,of,IN,IN
7471,Armenia_2005,0,275,6,the,the,DT,DT
7472,Armenia_2005,0,275,7,National,national,NNP,NN
7473,Armenia_2005,0,275,8,Assembly,assembly,NNP,NN
7474,Armenia_2005,0,275,10,the,the,DT,DT
7475,Armenia_2005,0,275,11,first,first,JJ,JJ
7476,Armenia_2005,0,275,12,session,session,NN,NN
7477,Armenia_2005,0,275,13,the,the,DT,DT
7478,Armenia_2005,0,275,14,newly-elected,newlyelected,JJ,JJ
7479,Armenia_2005,0,275,15,National,national,NNP,NN
7480,Armenia_2005,0,275,16,Assembly,assembly,NNP,NN
7481,Armenia_2005,0,275,17,shall,shall,MD,MD
7482,Armenia_2005,0,275,18,convene,convene,VB,VB
7483,Armenia_2005,0,275,19,on,on,IN,IN
7484,Armenia_2005,0,275,20,the,the,DT,DT
7485,Armenia_2005,0,275,21,second,second,JJ,JJ
7486,Armenia_2005,0,275,22,Thursday,thursday,NNP,NN
7487,Armenia_2005,0,275,23,following,following,VBG,VB
7488,Armenia_2005,0,275,24,the,the,DT,DT
7489,Armenia_2005,0,275,25,election,election,NN,NN
7490,Armenia_2005,0,275,26,of,of,IN,IN
7491,Armenia_2005,0,275,27,at,at,IN,IN
7492,Armenia_2005,0,275,28,least,least,JJS,JJ
7493,Armenia_2005,0,275,29,two-thirds,twothirds,NNS,NN
7494,Armenia_2005,0,275,30,of,of,IN,IN
7495,Armenia_2005,0,275,31,the,the,DT,DT
7496,Armenia_2005,0,275,32,total,total,JJ,JJ
7497,Armenia_2005,0,275,33,number,number,NN,NN
7498,Armenia_2005,0,275,34,of,of,IN,IN
7499,Armenia_2005,0,275,35,Deputies,deputies,NNS,NN
7500,Armenia_2005,0,276,0,Article,article,NN,NN
7501,Armenia_2005,0,276,1,69,69,CD,CD
7502,Armenia_2005,0,276,2,Share,share,NNP,NN
7503,Armenia_2005,0,276,3,The,the,DT,DT
7504,Armenia_2005,0,276,4,regular,regular,JJ,JJ
7505,Armenia_2005,0,276,5,sessions,sessions,NNS,NN
7506,Armenia_2005,0,276,6,of,of,IN,IN
7507,Armenia_2005,0,276,7,the,the,DT,DT
7508,Armenia_2005,0,276,8,National,national,NNP,NN
7509,Armenia_2005,0,276,9,Assembly,assembly,NNP,NN
7510,Armenia_2005,0,276,10,shall,shall,MD,MD
7511,Armenia_2005,0,276,11,be,be,VB,VB
7512,Armenia_2005,0,276,12,convene,convene,VBN,VB
7513,Armenia_2005,0,276,13,on,on,IN,IN
7514,Armenia_2005,0,276,14,the,the,DT,DT
7515,Armenia_2005,0,276,15,dates,dates,NNS,NN
7516,Armenia_2005,0,276,16,and,and,CC,CC
7517,Armenia_2005,0,276,17,in,in,IN,IN
7518,Armenia_2005,0,276,18,a,a,DT,DT
7519,Armenia_2005,0,276,19,manner,manner,NN,NN
7520,Armenia_2005,0,276,20,prescribed,prescribed,VBN,VB
7521,Armenia_2005,0,276,21,by,by,IN,IN
7522,Armenia_2005,0,276,22,the,the,DT,DT
7523,Armenia_2005,0,276,23,Law,law,NNP,NN
7524,Armenia_2005,0,276,24,on,on,IN,IN
7525,Armenia_2005,0,276,25,the,the,DT,DT
7526,Armenia_2005,0,276,26,Rules,rules,NNP,NN
7527,Armenia_2005,0,276,27,of,of,IN,IN
7528,Armenia_2005,0,276,28,Procedure,procedure,NNP,NN
7529,Armenia_2005,0,276,29,of,of,IN,IN
7530,Armenia_2005,0,276,30,the,the,DT,DT
7531,Armenia_2005,0,276,31,National,national,NNP,NN
7532,Armenia_2005,0,276,32,Assembly,assembly,NNP,NN
7533,Armenia_2005,0,277,0,The,the,DT,DT
7534,Armenia_2005,0,277,1,sittings,sittings,NNS,NN
7535,Armenia_2005,0,277,2,of,of,IN,IN
7536,Armenia_2005,0,277,3,the,the,DT,DT
7537,Armenia_2005,0,277,4,National,national,NNP,NN
7538,Armenia_2005,0,277,5,Assembly,assembly,NNP,NN
7539,Armenia_2005,0,277,6,shall,shall,MD,MD
7540,Armenia_2005,0,277,7,be,be,VB,VB
7541,Armenia_2005,0,277,8,open,open,JJ,JJ
7542,Armenia_2005,0,277,9,to,to,TO,TO
7543,Armenia_2005,0,277,10,the,the,DT,DT
7544,Armenia_2005,0,277,11,public,public,NN,NN
7545,Armenia_2005,0,278,0,Closed-door,closeddoor,JJ,JJ
7546,Armenia_2005,0,278,1,sittings,sittings,NNS,NN
7547,Armenia_2005,0,278,2,may,may,MD,MD
7548,Armenia_2005,0,278,3,be,be,VB,VB
7549,Armenia_2005,0,278,4,convened,convened,VBN,VB
7550,Armenia_2005,0,278,5,by,by,IN,IN
7551,Armenia_2005,0,278,6,a,a,DT,DT
7552,Armenia_2005,0,278,7,resolution,resolution,NN,NN
7553,Armenia_2005,0,278,8,of,of,IN,IN
7554,Armenia_2005,0,278,9,the,the,DT,DT
7555,Armenia_2005,0,278,10,National,national,NNP,NN
7556,Armenia_2005,0,278,11,Assembly,assembly,NNP,NN
7557,Armenia_2005,0,279,0,Article,article,NN,NN
7558,Armenia_2005,0,279,1,70,70,CD,CD
7559,Armenia_2005,0,279,2,Share,share,NNP,NN
7560,Armenia_2005,0,279,3,An,an,DT,DT
7561,Armenia_2005,0,279,4,extraordinary,extraordinary,JJ,JJ
7562,Armenia_2005,0,279,5,session,session,NN,NN
7563,Armenia_2005,0,279,6,or,or,CC,CC
7564,Armenia_2005,0,279,7,sitting,sitting,NN,NN
7565,Armenia_2005,0,279,8,of,of,IN,IN
7566,Armenia_2005,0,279,9,the,the,DT,DT
7567,Armenia_2005,0,279,10,National,national,NNP,NN
7568,Armenia_2005,0,279,11,Assembly,assembly,NNP,NN
7569,Armenia_2005,0,279,12,shall,shall,MD,MD
7570,Armenia_2005,0,279,13,be,be,VB,VB
7571,Armenia_2005,0,279,14,convened,convened,VBN,VB
7572,Armenia_2005,0,279,15,by,by,IN,IN
7573,Armenia_2005,0,279,16,the,the,DT,DT
7574,Armenia_2005,0,279,17,President,president,NNP,NN
7575,Armenia_2005,0,279,18,of,of,IN,IN
7576,Armenia_2005,0,279,19,the,the,DT,DT
7577,Armenia_2005,0,279,20,National,national,NNP,NN
7578,Armenia_2005,0,279,21,Assembly,assembly,NNP,NN
7579,Armenia_2005,0,279,22,at,at,IN,IN
7580,Armenia_2005,0,279,23,the,the,DT,DT
7581,Armenia_2005,0,279,24,initiative,initiative,NN,NN
7582,Armenia_2005,0,279,25,of,of,IN,IN
7583,Armenia_2005,0,279,26,the,the,DT,DT
7584,Armenia_2005,0,279,27,President,president,NNP,NN
7585,Armenia_2005,0,279,28,of,of,IN,IN
7586,Armenia_2005,0,279,29,the,the,DT,DT
7587,Armenia_2005,0,279,30,Republic,republic,NNP,NN
7588,Armenia_2005,0,279,32,of,of,IN,IN
7589,Armenia_2005,0,279,33,at,at,IN,IN
7590,Armenia_2005,0,279,34,least,least,JJS,JJ
7591,Armenia_2005,0,279,35,one-third,onethird,JJ,JJ
7592,Armenia_2005,0,279,36,of,of,IN,IN
7593,Armenia_2005,0,279,37,the,the,DT,DT
7594,Armenia_2005,0,279,38,total,total,JJ,JJ
7595,Armenia_2005,0,279,39,number,number,NN,NN
7596,Armenia_2005,0,279,40,of,of,IN,IN
7597,Armenia_2005,0,279,41,Deputies,deputies,NNP,NN
7598,Armenia_2005,0,279,42,or,or,CC,CC
7599,Armenia_2005,0,279,43,of,of,IN,IN
7600,Armenia_2005,0,279,44,the,the,DT,DT
7601,Armenia_2005,0,279,45,Government,government,NNP,NN
7602,Armenia_2005,0,280,0,The,the,DT,DT
7603,Armenia_2005,0,280,1,extraordinary,extraordinary,JJ,JJ
7604,Armenia_2005,0,280,2,session,session,NN,NN
7605,Armenia_2005,0,280,3,or,or,CC,CC
7606,Armenia_2005,0,280,4,sitting,sitting,VBG,VB
7607,Armenia_2005,0,280,5,shall,shall,MD,MD
7608,Armenia_2005,0,280,6,be,be,VB,VB
7609,Armenia_2005,0,280,7,held,held,VBN,VB
7610,Armenia_2005,0,280,8,by,by,IN,IN
7611,Armenia_2005,0,280,9,the,the,DT,DT
7612,Armenia_2005,0,280,10,agenda,agenda,NN,NN
7613,Armenia_2005,0,280,11,and,and,CC,CC
7614,Armenia_2005,0,280,12,timetable,timetable,JJ,JJ
7615,Armenia_2005,0,280,13,specified,specified,VBN,VB
7616,Armenia_2005,0,280,14,by,by,IN,IN
7617,Armenia_2005,0,280,15,the,the,DT,DT
7618,Armenia_2005,0,280,16,initiator,initiator,NN,NN
7619,Armenia_2005,0,281,0,Article,article,NN,NN
7620,Armenia_2005,0,281,1,71,71,CD,CD
7621,Armenia_2005,0,281,2,Share,share,NNP,NN
7622,Armenia_2005,0,281,3,The,the,DT,DT
7623,Armenia_2005,0,281,4,laws,laws,NNS,NN
7624,Armenia_2005,0,281,5,and,and,CC,CC
7625,Armenia_2005,0,281,6,decisions,decisions,NNS,NN
7626,Armenia_2005,0,281,7,of,of,IN,IN
7627,Armenia_2005,0,281,8,the,the,DT,DT
7628,Armenia_2005,0,281,9,National,national,NNP,NN
7629,Armenia_2005,0,281,10,Assembly,assembly,NNP,NN
7630,Armenia_2005,0,281,12,save,save,NN,NN
7631,Armenia_2005,0,281,13,for,for,IN,IN
7632,Armenia_2005,0,281,14,the,the,DT,DT
7633,Armenia_2005,0,281,15,cases,cases,NNS,NN
7634,Armenia_2005,0,281,16,set,set,VBD,VB
7635,Armenia_2005,0,281,17,forth,forth,NN,NN
7636,Armenia_2005,0,281,18,in,in,IN,IN
7637,Armenia_2005,0,281,19,the,the,DT,DT
7638,Armenia_2005,0,281,20,Constitution,constitution,NNP,NN
7639,Armenia_2005,0,281,22,shall,shall,MD,MD
7640,Armenia_2005,0,281,23,be,be,VB,VB
7641,Armenia_2005,0,281,24,adopted,adopted,VBN,VB
7642,Armenia_2005,0,281,25,by,by,IN,IN
7643,Armenia_2005,0,281,26,the,the,DT,DT
7644,Armenia_2005,0,281,27,majority,majority,NN,NN
7645,Armenia_2005,0,281,28,of,of,IN,IN
7646,Armenia_2005,0,281,29,votes,votes,NNS,NN
7647,Armenia_2005,0,281,30,of,of,IN,IN
7648,Armenia_2005,0,281,31,the,the,DT,DT
7649,Armenia_2005,0,281,32,Deputies,deputies,NNPS,NN
7650,Armenia_2005,0,281,33,who,who,WP,WP
7651,Armenia_2005,0,281,34,have,have,VBP,VB
7652,Armenia_2005,0,281,35,participated,participated,VBN,VB
7653,Armenia_2005,0,281,36,in,in,IN,IN
7654,Armenia_2005,0,281,37,the,the,DT,DT
7655,Armenia_2005,0,281,38,voting,voting,NN,NN
7656,Armenia_2005,0,281,39,provided,provided,VBD,VB
7657,Armenia_2005,0,281,40,that,that,IN,IN
7658,Armenia_2005,0,281,41,more,more,JJR,JJ
7659,Armenia_2005,0,281,42,than,than,IN,IN
7660,Armenia_2005,0,281,43,half,half,NN,NN
7661,Armenia_2005,0,281,44,of,of,IN,IN
7662,Armenia_2005,0,281,45,the,the,DT,DT
7663,Armenia_2005,0,281,46,total,total,JJ,JJ
7664,Armenia_2005,0,281,47,number,number,NN,NN
7665,Armenia_2005,0,281,48,of,of,IN,IN
7666,Armenia_2005,0,281,49,Deputies,deputies,NNS,NN
7667,Armenia_2005,0,281,50,have,have,VBP,VB
7668,Armenia_2005,0,281,51,voted,voted,VBN,VB
7669,Armenia_2005,0,282,0,Article,article,NN,NN
7670,Armenia_2005,0,282,1,72,72,CD,CD
7671,Armenia_2005,0,282,2,Share,share,NN,NN
7672,Armenia_2005,0,282,3,Should,should,MD,MD
7673,Armenia_2005,0,282,4,the,the,DT,DT
7674,Armenia_2005,0,282,5,National,national,NNP,NN
7675,Armenia_2005,0,282,6,Assembly,assembly,NNP,NN
7676,Armenia_2005,0,282,7,decline,decline,NN,NN
7677,Armenia_2005,0,282,8,to,to,TO,TO
7678,Armenia_2005,0,282,9,accept,accept,VB,VB
7679,Armenia_2005,0,282,10,the,the,DT,DT
7680,Armenia_2005,0,282,11,recommendations,recommendations,NNS,NN
7681,Armenia_2005,0,282,12,and,and,CC,CC
7682,Armenia_2005,0,282,13,objections,objections,NNS,NN
7683,Armenia_2005,0,282,14,presented,presented,VBN,VB
7684,Armenia_2005,0,282,15,by,by,IN,IN
7685,Armenia_2005,0,282,16,the,the,DT,DT
7686,Armenia_2005,0,282,17,President,president,NNP,NN
7687,Armenia_2005,0,282,18,of,of,IN,IN
7688,Armenia_2005,0,282,19,the,the,DT,DT
7689,Armenia_2005,0,282,20,Republic,republic,NNP,NN
7690,Armenia_2005,0,282,22,it,it,PRP,PR
7691,Armenia_2005,0,282,23,shall,shall,MD,MD
7692,Armenia_2005,0,282,24,pass,pass,VB,VB
7693,Armenia_2005,0,282,25,the,the,DT,DT
7694,Armenia_2005,0,282,26,remanded,remanded,JJ,JJ
7695,Armenia_2005,0,282,27,law,law,NN,NN
7696,Armenia_2005,0,282,29,again,again,RB,RB
7697,Armenia_2005,0,282,30,with,with,IN,IN
7698,Armenia_2005,0,282,31,a,a,DT,DT
7699,Armenia_2005,0,282,32,majority,majority,NN,NN
7700,Armenia_2005,0,282,33,vote,vote,NN,NN
7701,Armenia_2005,0,282,34,of,of,IN,IN
7702,Armenia_2005,0,282,35,the,the,DT,DT
7703,Armenia_2005,0,282,36,number,number,NN,NN
7704,Armenia_2005,0,282,37,of,of,IN,IN
7705,Armenia_2005,0,282,38,Deputies,deputies,NNS,NN
7706,Armenia_2005,0,283,0,The,the,DT,DT
7707,Armenia_2005,0,283,1,National,national,NNP,NN
7708,Armenia_2005,0,283,2,Assembly,assembly,NNP,NN
7709,Armenia_2005,0,283,3,shall,shall,MD,MD
7710,Armenia_2005,0,283,4,deliberate,deliberate,VB,VB
7711,Armenia_2005,0,283,5,the,the,DT,DT
7712,Armenia_2005,0,283,6,law,law,NN,NN
7713,Armenia_2005,0,283,7,remanded,remanded,VBN,VB
7714,Armenia_2005,0,283,8,by,by,IN,IN
7715,Armenia_2005,0,283,9,the,the,DT,DT
7716,Armenia_2005,0,283,10,President,president,NNP,NN
7717,Armenia_2005,0,283,11,on,on,IN,IN
7718,Armenia_2005,0,283,12,a,a,DT,DT
7719,Armenia_2005,0,283,13,priority,priority,NN,NN
7720,Armenia_2005,0,283,14,basis,basis,NN,NN
7721,Armenia_2005,0,284,0,Article,article,NN,NN
7722,Armenia_2005,0,284,1,73,73,CD,CD
7723,Armenia_2005,0,284,2,Share,share,NNP,NN
7724,Armenia_2005,0,284,3,There,there,EX,EX
7725,Armenia_2005,0,284,4,may,may,MD,MD
7726,Armenia_2005,0,284,5,be,be,VB,VB
7727,Armenia_2005,0,284,6,not,not,RB,RB
7728,Armenia_2005,0,284,7,more,more,RBR,RB
7729,Armenia_2005,0,284,8,than,than,IN,IN
7730,Armenia_2005,0,284,9,twelve,twelve,VB,VB
7731,Armenia_2005,0,284,10,standing,standing,VBG,VB
7732,Armenia_2005,0,284,11,committees,committees,NNS,NN
7733,Armenia_2005,0,284,12,established,established,VBN,VB
7734,Armenia_2005,0,284,13,in,in,IN,IN
7735,Armenia_2005,0,284,14,the,the,DT,DT
7736,Armenia_2005,0,284,15,National,national,NNP,NN
7737,Armenia_2005,0,284,16,Assembly,assembly,NNP,NN
7738,Armenia_2005,0,285,0,The,the,DT,DT
7739,Armenia_2005,0,285,1,standing,standing,NN,NN
7740,Armenia_2005,0,285,2,committees,committees,NNS,NN
7741,Armenia_2005,0,285,3,shall,shall,MD,MD
7742,Armenia_2005,0,285,4,be,be,VB,VB
7743,Armenia_2005,0,285,5,established,established,VBN,VB
7744,Armenia_2005,0,285,6,for,for,IN,IN
7745,Armenia_2005,0,285,7,the,the,DT,DT
7746,Armenia_2005,0,285,8,preliminary,preliminary,JJ,JJ
7747,Armenia_2005,0,285,9,review,review,NN,NN
7748,Armenia_2005,0,285,10,of,of,IN,IN
7749,Armenia_2005,0,285,11,draft,draft,NN,NN
7750,Armenia_2005,0,285,12,legislation,legislation,NN,NN
7751,Armenia_2005,0,285,13,and,and,CC,CC
7752,Armenia_2005,0,285,14,other,other,JJ,JJ
7753,Armenia_2005,0,285,15,issues,issues,NNS,NN
7754,Armenia_2005,0,285,16,and,and,CC,CC
7755,Armenia_2005,0,285,17,for,for,IN,IN
7756,Armenia_2005,0,285,18,providing,providing,VBG,VB
7757,Armenia_2005,0,285,19,the,the,DT,DT
7758,Armenia_2005,0,285,20,National,national,NNP,NN
7759,Armenia_2005,0,285,21,Assembly,assembly,NNP,NN
7760,Armenia_2005,0,285,22,with,with,IN,IN
7761,Armenia_2005,0,285,23,conclusions,conclusions,NNS,NN
7762,Armenia_2005,0,285,24,thereon,thereon,NN,NN
7763,Armenia_2005,0,286,0,If,if,IN,IN
7764,Armenia_2005,0,286,1,necessary,necessary,JJ,JJ
7765,Armenia_2005,0,286,2,and,and,CC,CC
7766,Armenia_2005,0,286,3,in,in,IN,IN
7767,Armenia_2005,0,286,4,conformity,conformity,NN,NN
7768,Armenia_2005,0,286,5,with,with,IN,IN
7769,Armenia_2005,0,286,6,the,the,DT,DT
7770,Armenia_2005,0,286,7,procedure,procedure,NN,NN
7771,Armenia_2005,0,286,8,stipulated,stipulated,VBN,VB
7772,Armenia_2005,0,286,9,in,in,IN,IN
7773,Armenia_2005,0,286,10,the,the,DT,DT
7774,Armenia_2005,0,286,11,Law,law,NNP,NN
7775,Armenia_2005,0,286,12,on,on,IN,IN
7776,Armenia_2005,0,286,13,the,the,DT,DT
7777,Armenia_2005,0,286,14,Rules,rules,NNP,NN
7778,Armenia_2005,0,286,15,of,of,IN,IN
7779,Armenia_2005,0,286,16,Procedure,procedure,NNP,NN
7780,Armenia_2005,0,286,17,of,of,IN,IN
7781,Armenia_2005,0,286,18,the,the,DT,DT
7782,Armenia_2005,0,286,19,National,national,NNP,NN
7783,Armenia_2005,0,286,20,Assembly,assembly,NNP,NN
7784,Armenia_2005,0,286,22,ad,ad,NN,NN
7785,Armenia_2005,0,286,23,hoc,hoc,NN,NN
7786,Armenia_2005,0,286,24,committees,committees,NNS,NN
7787,Armenia_2005,0,286,25,may,may,MD,MD
7788,Armenia_2005,0,286,26,be,be,VB,VB
7789,Armenia_2005,0,286,27,established,established,VBN,VB
7790,Armenia_2005,0,286,28,for,for,IN,IN
7791,Armenia_2005,0,286,29,the,the,DT,DT
7792,Armenia_2005,0,286,30,preliminary,preliminary,JJ,JJ
7793,Armenia_2005,0,286,31,review,review,NN,NN
7794,Armenia_2005,0,286,32,of,of,IN,IN
7795,Armenia_2005,0,286,33,special,special,JJ,JJ
7796,Armenia_2005,0,286,34,draft,draft,NN,NN
7797,Armenia_2005,0,286,35,laws,laws,NNS,NN
7798,Armenia_2005,0,286,36,or,or,CC,CC
7799,Armenia_2005,0,286,37,for,for,IN,IN
7800,Armenia_2005,0,286,38,submission,submission,NN,NN
7801,Armenia_2005,0,286,39,of,of,IN,IN
7802,Armenia_2005,0,286,40,conclusions,conclusions,NNS,NN
7803,Armenia_2005,0,286,41,and,and,CC,CC
7804,Armenia_2005,0,286,42,reports,reports,NNS,NN
7805,Armenia_2005,0,286,43,on,on,IN,IN
7806,Armenia_2005,0,286,44,certain,certain,JJ,JJ
7807,Armenia_2005,0,286,45,issues,issues,NNS,NN
7808,Armenia_2005,0,286,47,events,events,NNS,NN
7809,Armenia_2005,0,286,48,and,and,CC,CC
7810,Armenia_2005,0,286,49,facts,facts,NNS,NN
7811,Armenia_2005,0,286,50,to,to,TO,TO
7812,Armenia_2005,0,286,51,the,the,DT,DT
7813,Armenia_2005,0,286,52,National,national,NNP,NN
7814,Armenia_2005,0,286,53,Assembly,assembly,NNP,NN
7815,Armenia_2005,0,287,0,Article,article,NN,NN
7816,Armenia_2005,0,287,1,74,74,CD,CD
7817,Armenia_2005,0,287,2,Share,share,NNP,NN
7818,Armenia_2005,0,287,3,The,the,DT,DT
7819,Armenia_2005,0,287,4,Government,government,NNP,NN
7820,Armenia_2005,0,287,5,shall,shall,MD,MD
7821,Armenia_2005,0,287,6,within,within,IN,IN
7822,Armenia_2005,0,287,7,twenty,twenty,JJ,JJ
7823,Armenia_2005,0,287,8,days,days,NNS,NN
7824,Armenia_2005,0,287,9,of,of,IN,IN
7825,Armenia_2005,0,287,10,its,its,PRP$,PR
7826,Armenia_2005,0,287,11,formation,formation,NN,NN
7827,Armenia_2005,0,287,12,present,present,JJ,JJ
7828,Armenia_2005,0,287,13,its,its,PRP$,PR
7829,Armenia_2005,0,287,14,program,program,NN,NN
7830,Armenia_2005,0,287,15,to,to,TO,TO
7831,Armenia_2005,0,287,16,the,the,DT,DT
7832,Armenia_2005,0,287,17,National,national,NNP,NN
7833,Armenia_2005,0,287,18,Assembly,assembly,NNP,NN
7834,Armenia_2005,0,287,19,for,for,IN,IN
7835,Armenia_2005,0,287,20,approval,approval,NN,NN
7836,Armenia_2005,0,288,0,Approval,approval,NN,NN
7837,Armenia_2005,0,288,1,of,of,IN,IN
7838,Armenia_2005,0,288,2,the,the,DT,DT
7839,Armenia_2005,0,288,3,program,program,NN,NN
7840,Armenia_2005,0,288,4,of,of,IN,IN
7841,Armenia_2005,0,288,5,the,the,DT,DT
7842,Armenia_2005,0,288,6,Government,government,NNP,NN
7843,Armenia_2005,0,288,7,shall,shall,MD,MD
7844,Armenia_2005,0,288,8,be,be,VB,VB
7845,Armenia_2005,0,288,9,deliberated,deliberated,VBN,VB
7846,Armenia_2005,0,288,10,on,on,IN,IN
7847,Armenia_2005,0,288,11,a,a,DT,DT
7848,Armenia_2005,0,288,12,priority,priority,NN,NN
7849,Armenia_2005,0,288,13,basis,basis,NN,NN
7850,Armenia_2005,0,288,14,and,and,CC,CC
7851,Armenia_2005,0,288,15,shall,shall,MD,MD
7852,Armenia_2005,0,288,16,be,be,VB,VB
7853,Armenia_2005,0,288,17,voted,voted,VBN,VB
7854,Armenia_2005,0,288,18,within,within,IN,IN
7855,Armenia_2005,0,288,19,five,five,CD,CD
7856,Armenia_2005,0,288,20,days,days,NNS,NN
7857,Armenia_2005,0,288,21,after,after,IN,IN
7858,Armenia_2005,0,288,22,submission,submission,NN,NN
7859,Armenia_2005,0,289,0,The,the,DT,DT
7860,Armenia_2005,0,289,1,decision,decision,NN,NN
7861,Armenia_2005,0,289,2,on,on,IN,IN
7862,Armenia_2005,0,289,3,the,the,DT,DT
7863,Armenia_2005,0,289,4,approval,approval,NN,NN
7864,Armenia_2005,0,289,5,of,of,IN,IN
7865,Armenia_2005,0,289,6,the,the,DT,DT
7866,Armenia_2005,0,289,7,program,program,NN,NN
7867,Armenia_2005,0,289,8,of,of,IN,IN
7868,Armenia_2005,0,289,9,the,the,DT,DT
7869,Armenia_2005,0,289,10,Government,government,NNP,NN
7870,Armenia_2005,0,289,11,requires,requires,VBZ,VB
7871,Armenia_2005,0,289,12,a,a,DT,DT
7872,Armenia_2005,0,289,13,majority,majority,NN,NN
7873,Armenia_2005,0,289,14,vote,vote,NN,NN
7874,Armenia_2005,0,289,15,of,of,IN,IN
7875,Armenia_2005,0,289,16,the,the,DT,DT
7876,Armenia_2005,0,289,17,total,total,JJ,JJ
7877,Armenia_2005,0,289,18,number,number,NN,NN
7878,Armenia_2005,0,289,19,of,of,IN,IN
7879,Armenia_2005,0,289,20,Deputies,deputies,NNS,NN
7880,Armenia_2005,0,290,0,Article,article,NN,NN
7881,Armenia_2005,0,290,1,74.1,741,CD,CD
7882,Armenia_2005,0,290,2,Share,share,NN,NN
7883,Armenia_2005,0,290,3,If,if,IN,IN
7884,Armenia_2005,0,290,4,the,the,DT,DT
7885,Armenia_2005,0,290,5,National,national,NNP,NN
7886,Armenia_2005,0,290,6,Assembly,assembly,NNP,NN
7887,Armenia_2005,0,290,7,does,does,VBZ,VB
7888,Armenia_2005,0,290,8,not,not,RB,RB
7889,Armenia_2005,0,290,9,give,give,VB,VB
7890,Armenia_2005,0,290,10,an,an,DT,DT
7891,Armenia_2005,0,290,11,approval,approval,NN,NN
7892,Armenia_2005,0,290,12,to,to,TO,TO
7893,Armenia_2005,0,290,13,the,the,DT,DT
7894,Armenia_2005,0,290,14,program,program,NN,NN
7895,Armenia_2005,0,290,15,of,of,IN,IN
7896,Armenia_2005,0,290,16,the,the,DT,DT
7897,Armenia_2005,0,290,17,Government,government,NNP,NN
7898,Armenia_2005,0,290,18,two,two,CD,CD
7899,Armenia_2005,0,290,19,times,times,NNS,NN
7900,Armenia_2005,0,290,20,in,in,IN,IN
7901,Armenia_2005,0,290,21,succession,succession,NN,NN
7902,Armenia_2005,0,290,22,within,within,IN,IN
7903,Armenia_2005,0,290,23,two,two,CD,CD
7904,Armenia_2005,0,290,24,months,months,NNS,NN
7905,Armenia_2005,0,290,26,the,the,DT,DT
7906,Armenia_2005,0,290,27,President,president,NNP,NN
7907,Armenia_2005,0,290,28,of,of,IN,IN
7908,Armenia_2005,0,290,29,the,the,DT,DT
7909,Armenia_2005,0,290,30,Republic,republic,NNP,NN
7910,Armenia_2005,0,290,31,shall,shall,MD,MD
7911,Armenia_2005,0,290,32,dissolve,dissolve,VB,VB
7912,Armenia_2005,0,290,33,the,the,DT,DT
7913,Armenia_2005,0,290,34,National,national,NNP,NN
7914,Armenia_2005,0,290,35,Assembly,assembly,NNP,NN
7915,Armenia_2005,0,291,0,The,the,DT,DT
7916,Armenia_2005,0,291,1,President,president,NNP,NN
7917,Armenia_2005,0,291,2,of,of,IN,IN
7918,Armenia_2005,0,291,3,the,the,DT,DT
7919,Armenia_2005,0,291,4,Republic,republic,NNP,NN
7920,Armenia_2005,0,291,5,may,may,MD,MD
7921,Armenia_2005,0,291,6,also,also,RB,RB
7922,Armenia_2005,0,291,7,dissolve,dissolve,VB,VB
7923,Armenia_2005,0,291,8,the,the,DT,DT
7924,Armenia_2005,0,291,9,National,national,NNP,NN
7925,Armenia_2005,0,291,10,Assembly,assembly,NNP,NN
7926,Armenia_2005,0,291,11,upon,upon,IN,IN
7927,Armenia_2005,0,291,12,the,the,DT,DT
7928,Armenia_2005,0,291,13,proposal,proposal,NN,NN
7929,Armenia_2005,0,291,14,of,of,IN,IN
7930,Armenia_2005,0,291,15,the,the,DT,DT
7931,Armenia_2005,0,291,16,President,president,NNP,NN
7932,Armenia_2005,0,291,17,of,of,IN,IN
7933,Armenia_2005,0,291,18,the,the,DT,DT
7934,Armenia_2005,0,291,19,National,national,NNP,NN
7935,Armenia_2005,0,291,20,Assembly,assembly,NNP,NN
7936,Armenia_2005,0,291,21,or,or,CC,CC
7937,Armenia_2005,0,291,22,the,the,DT,DT
7938,Armenia_2005,0,291,23,Prime,prime,NNP,NN
7939,Armenia_2005,0,291,24,Minister,minister,NNP,NN
7940,Armenia_2005,0,291,25,in,in,IN,IN
7941,Armenia_2005,0,291,26,the,the,DT,DT
7942,Armenia_2005,0,291,27,following,following,JJ,JJ
7943,Armenia_2005,0,291,28,cases,cases,NNS,NN
7944,Armenia_2005,0,291,30,a.if,aif,VB,VB
7945,Armenia_2005,0,291,31,the,the,DT,DT
7946,Armenia_2005,0,291,32,National,national,NNP,NN
7947,Armenia_2005,0,291,33,Assembly,assembly,NNP,NN
7948,Armenia_2005,0,291,34,fails,fails,VBZ,VB
7949,Armenia_2005,0,291,35,within,within,IN,IN
7950,Armenia_2005,0,291,36,three,three,CD,CD
7951,Armenia_2005,0,291,37,months,months,NNS,NN
7952,Armenia_2005,0,291,38,to,to,TO,TO
7953,Armenia_2005,0,291,39,decide,decide,VB,VB
7954,Armenia_2005,0,291,40,on,on,IN,IN
7955,Armenia_2005,0,291,41,the,the,DT,DT
7956,Armenia_2005,0,291,42,draft,draft,NN,NN
7957,Armenia_2005,0,291,43,law,law,NN,NN
7958,Armenia_2005,0,291,44,deemed,deemed,VBN,VB
7959,Armenia_2005,0,291,45,urgent,urgent,JJ,JJ
7960,Armenia_2005,0,291,46,by,by,IN,IN
7961,Armenia_2005,0,291,47,the,the,DT,DT
7962,Armenia_2005,0,291,48,decision,decision,NN,NN
7963,Armenia_2005,0,291,49,of,of,IN,IN
7964,Armenia_2005,0,291,50,the,the,DT,DT
7965,Armenia_2005,0,291,51,Government,government,NNP,NN
7966,Armenia_2005,0,291,53,or,or,CC,CC
7967,Armenia_2005,0,291,54,b.if,bif,VB,VB
7968,Armenia_2005,0,291,56,in,in,IN,IN
7969,Armenia_2005,0,291,57,the,the,DT,DT
7970,Armenia_2005,0,291,58,course,course,NN,NN
7971,Armenia_2005,0,291,59,of,of,IN,IN
7972,Armenia_2005,0,291,60,a,a,DT,DT
7973,Armenia_2005,0,291,61,regular,regular,JJ,JJ
7974,Armenia_2005,0,291,62,session,session,NN,NN
7975,Armenia_2005,0,291,64,no,no,DT,DT
7976,Armenia_2005,0,291,65,sittings,sittings,NNS,NN
7977,Armenia_2005,0,291,66,of,of,IN,IN
7978,Armenia_2005,0,291,67,the,the,DT,DT
7979,Armenia_2005,0,291,68,National,national,NNP,NN
7980,Armenia_2005,0,291,69,Assembly,assembly,NNP,NN
7981,Armenia_2005,0,291,70,are,are,VBP,VB
7982,Armenia_2005,0,291,71,convened,convened,VBN,VB
7983,Armenia_2005,0,291,72,for,for,IN,IN
7984,Armenia_2005,0,291,73,more,more,JJR,JJ
7985,Armenia_2005,0,291,74,than,than,IN,IN
7986,Armenia_2005,0,291,75,three,three,CD,CD
7987,Armenia_2005,0,291,76,months,months,NNS,NN
7988,Armenia_2005,0,291,78,or,or,CC,CC
7989,Armenia_2005,0,291,79,c.if,cif,VB,VB
7990,Armenia_2005,0,291,81,in,in,IN,IN
7991,Armenia_2005,0,291,82,the,the,DT,DT
7992,Armenia_2005,0,291,83,course,course,NN,NN
7993,Armenia_2005,0,291,84,of,of,IN,IN
7994,Armenia_2005,0,291,85,a,a,DT,DT
7995,Armenia_2005,0,291,86,regular,regular,JJ,JJ
7996,Armenia_2005,0,291,87,session,session,NN,NN
7997,Armenia_2005,0,291,89,the,the,DT,DT
7998,Armenia_2005,0,291,90,National,national,NNP,NN
7999,Armenia_2005,0,291,91,Assembly,assembly,NNP,NN
8000,Armenia_2005,0,291,92,fails,fails,VBZ,VB
8001,Armenia_2005,0,291,93,for,for,IN,IN
8002,Armenia_2005,0,291,94,more,more,JJR,JJ
8003,Armenia_2005,0,291,95,than,than,IN,IN
8004,Armenia_2005,0,291,96,three,three,CD,CD
8005,Armenia_2005,0,291,97,months,months,NNS,NN
8006,Armenia_2005,0,291,98,to,to,TO,TO
8007,Armenia_2005,0,291,99,adopt,adopt,VB,VB
8008,Armenia_2005,0,291,100,decisions,decisions,NNS,NN
8009,Armenia_2005,0,291,101,on,on,IN,IN
8010,Armenia_2005,0,291,102,issues,issues,NNS,NN
8011,Armenia_2005,0,291,103,under,under,IN,IN
8012,Armenia_2005,0,291,104,debate,debate,NN,NN
8013,Armenia_2005,0,292,0,Article,article,NN,NN
8014,Armenia_2005,0,292,1,75,75,CD,CD
8015,Armenia_2005,0,292,2,Share,share,NNP,NN
8016,Armenia_2005,0,292,3,The,the,DT,DT
8017,Armenia_2005,0,292,4,right,right,NN,NN
8018,Armenia_2005,0,292,5,of,of,IN,IN
8019,Armenia_2005,0,292,6,legislative,legislative,JJ,JJ
8020,Armenia_2005,0,292,7,initiative,initiative,NN,NN
8021,Armenia_2005,0,292,8,in,in,IN,IN
8022,Armenia_2005,0,292,9,the,the,DT,DT
8023,Armenia_2005,0,292,10,National,national,NNP,NN
8024,Armenia_2005,0,292,11,Assembly,assembly,NNP,NN
8025,Armenia_2005,0,292,12,shall,shall,MD,MD
8026,Armenia_2005,0,292,13,belong,belong,VB,VB
8027,Armenia_2005,0,292,14,to,to,TO,TO
8028,Armenia_2005,0,292,15,the,the,DT,DT
8029,Armenia_2005,0,292,16,Deputies,deputies,NNPS,NN
8030,Armenia_2005,0,292,17,and,and,CC,CC
8031,Armenia_2005,0,292,18,the,the,DT,DT
8032,Armenia_2005,0,292,19,Government,government,NNP,NN
8033,Armenia_2005,0,293,0,The,the,DT,DT
8034,Armenia_2005,0,293,1,Government,government,NNP,NN
8035,Armenia_2005,0,293,2,may,may,MD,MD
8036,Armenia_2005,0,293,3,determine,determine,VB,VB
8037,Armenia_2005,0,293,4,the,the,DT,DT
8038,Armenia_2005,0,293,5,sequence,sequence,NN,NN
8039,Armenia_2005,0,293,6,of,of,IN,IN
8040,Armenia_2005,0,293,7,the,the,DT,DT
8041,Armenia_2005,0,293,8,debate,debate,NN,NN
8042,Armenia_2005,0,293,9,for,for,IN,IN
8043,Armenia_2005,0,293,10,its,its,PRP$,PR
8044,Armenia_2005,0,293,11,proposed,proposed,VBN,VB
8045,Armenia_2005,0,293,12,draft,draft,NN,NN
8046,Armenia_2005,0,293,13,legislation,legislation,NN,NN
8047,Armenia_2005,0,293,14,and,and,CC,CC
8048,Armenia_2005,0,293,15,may,may,MD,MD
8049,Armenia_2005,0,293,16,demand,demand,VB,VB
8050,Armenia_2005,0,293,17,that,that,IN,IN
8051,Armenia_2005,0,293,18,they,they,PRP,PR
8052,Armenia_2005,0,293,19,be,be,VB,VB
8053,Armenia_2005,0,293,20,voted,voted,VBN,VB
8054,Armenia_2005,0,293,21,only,only,RB,RB
8055,Armenia_2005,0,293,22,with,with,IN,IN
8056,Armenia_2005,0,293,23,amendments,amendments,NNS,NN
8057,Armenia_2005,0,293,24,acceptable,acceptable,JJ,JJ
8058,Armenia_2005,0,293,25,to,to,TO,TO
8059,Armenia_2005,0,293,26,it,it,PRP,PR
8060,Armenia_2005,0,294,0,In,in,IN,IN
8061,Armenia_2005,0,294,1,conformity,conformity,NN,NN
8062,Armenia_2005,0,294,2,with,with,IN,IN
8063,Armenia_2005,0,294,3,the,the,DT,DT
8064,Armenia_2005,0,294,4,conclusion,conclusion,NN,NN
8065,Armenia_2005,0,294,5,of,of,IN,IN
8066,Armenia_2005,0,294,6,the,the,DT,DT
8067,Armenia_2005,0,294,7,Government,government,NNP,NN
8068,Armenia_2005,0,294,9,the,the,DT,DT
8069,Armenia_2005,0,294,10,National,national,NNP,NN
8070,Armenia_2005,0,294,11,Assembly,assembly,NNP,NN
8071,Armenia_2005,0,294,12,shall,shall,MD,MD
8072,Armenia_2005,0,294,13,adopt,adopt,VB,VB
8073,Armenia_2005,0,294,14,draft,draft,NN,NN
8074,Armenia_2005,0,294,15,laws,laws,NNS,NN
8075,Armenia_2005,0,294,16,reducing,reducing,VBG,VB
8076,Armenia_2005,0,294,17,the,the,DT,DT
8077,Armenia_2005,0,294,18,state,state,NN,NN
8078,Armenia_2005,0,294,19,budget,budget,NN,NN
8079,Armenia_2005,0,294,20,revenues,revenues,NNS,NN
8080,Armenia_2005,0,294,21,or,or,CC,CC
8081,Armenia_2005,0,294,22,increasing,increasing,VBG,VB
8082,Armenia_2005,0,294,23,the,the,DT,DT
8083,Armenia_2005,0,294,24,state,state,NN,NN
8084,Armenia_2005,0,294,25,budget,budget,NN,NN
8085,Armenia_2005,0,294,26,expenditures,expenditures,NNS,NN
8086,Armenia_2005,0,294,27,by,by,IN,IN
8087,Armenia_2005,0,294,28,a,a,DT,DT
8088,Armenia_2005,0,294,29,majority,majority,NN,NN
8089,Armenia_2005,0,294,30,of,of,IN,IN
8090,Armenia_2005,0,294,31,the,the,DT,DT
8091,Armenia_2005,0,294,32,total,total,JJ,JJ
8092,Armenia_2005,0,294,33,number,number,NN,NN
8093,Armenia_2005,0,294,34,of,of,IN,IN
8094,Armenia_2005,0,294,35,votes,votes,NNS,NN
8095,Armenia_2005,0,294,36,of,of,IN,IN
8096,Armenia_2005,0,294,37,the,the,DT,DT
8097,Armenia_2005,0,294,38,Deputies,deputies,NNP,NN
8098,Armenia_2005,0,295,0,The,the,DT,DT
8099,Armenia_2005,0,295,1,Government,government,NNP,NN
8100,Armenia_2005,0,295,2,can,can,MD,MD
8101,Armenia_2005,0,295,3,put,put,VB,VB
8102,Armenia_2005,0,295,4,forward,forward,RP,RP
8103,Armenia_2005,0,295,5,a,a,DT,DT
8104,Armenia_2005,0,295,6,motion,motion,NN,NN
8105,Armenia_2005,0,295,7,of,of,IN,IN
8106,Armenia_2005,0,295,8,confidence,confidence,NN,NN
8107,Armenia_2005,0,295,9,in,in,IN,IN
8108,Armenia_2005,0,295,10,connection,connection,NN,NN
8109,Armenia_2005,0,295,11,with,with,IN,IN
8110,Armenia_2005,0,295,12,the,the,DT,DT
8111,Armenia_2005,0,295,13,adoption,adoption,NN,NN
8112,Armenia_2005,0,295,14,of,of,IN,IN
8113,Armenia_2005,0,295,15,a,a,DT,DT
8114,Armenia_2005,0,295,16,draft,draft,NN,NN
8115,Armenia_2005,0,295,17,law,law,NN,NN
8116,Armenia_2005,0,295,18,proposed,proposed,VBN,VB
8117,Armenia_2005,0,295,19,by,by,IN,IN
8118,Armenia_2005,0,295,20,the,the,DT,DT
8119,Armenia_2005,0,295,21,Government,government,NNP,NN
8120,Armenia_2005,0,296,0,If,if,IN,IN
8121,Armenia_2005,0,296,1,within,within,IN,IN
8122,Armenia_2005,0,296,2,twenty-four,twentyfour,JJ,JJ
8123,Armenia_2005,0,296,3,hours,hours,NNS,NN
8124,Armenia_2005,0,296,4,of,of,IN,IN
8125,Armenia_2005,0,296,5,the,the,DT,DT
8126,Armenia_2005,0,296,6,Government,government,NNP,NN
8127,Armenia_2005,0,296,7,'s,s,POS,PO
8128,Armenia_2005,0,296,8,raising,raising,NN,NN
8129,Armenia_2005,0,296,9,of,of,IN,IN
8130,Armenia_2005,0,296,10,the,the,DT,DT
8131,Armenia_2005,0,296,11,question,question,NN,NN
8132,Armenia_2005,0,296,12,of,of,IN,IN
8133,Armenia_2005,0,296,13,the,the,DT,DT
8134,Armenia_2005,0,296,14,vote,vote,NN,NN
8135,Armenia_2005,0,296,15,of,of,IN,IN
8136,Armenia_2005,0,296,16,confidence,confidence,NN,NN
8137,Armenia_2005,0,296,18,not,not,RB,RB
8138,Armenia_2005,0,296,19,less,less,JJR,JJ
8139,Armenia_2005,0,296,20,than,than,IN,IN
8140,Armenia_2005,0,296,21,one-third,onethird,NN,NN
8141,Armenia_2005,0,296,22,of,of,IN,IN
8142,Armenia_2005,0,296,23,the,the,DT,DT
8143,Armenia_2005,0,296,24,total,total,JJ,JJ
8144,Armenia_2005,0,296,25,number,number,NN,NN
8145,Armenia_2005,0,296,26,of,of,IN,IN
8146,Armenia_2005,0,296,27,Deputies,deputies,NNP,NN
8147,Armenia_2005,0,296,28,fails,fails,VBZ,VB
8148,Armenia_2005,0,296,29,to,to,TO,TO
8149,Armenia_2005,0,296,30,present,present,VB,VB
8150,Armenia_2005,0,296,31,a,a,DT,DT
8151,Armenia_2005,0,296,32,proposal,proposal,NN,NN
8152,Armenia_2005,0,296,33,for,for,IN,IN
8153,Armenia_2005,0,296,34,a,a,DT,DT
8154,Armenia_2005,0,296,35,vote,vote,NN,NN
8155,Armenia_2005,0,296,36,of,of,IN,IN
8156,Armenia_2005,0,296,37,no,no,DT,DT
8157,Armenia_2005,0,296,38,confidence,confidence,NN,NN
8158,Armenia_2005,0,296,39,or,or,CC,CC
8159,Armenia_2005,0,296,41,if,if,IN,IN
8160,Armenia_2005,0,296,42,in,in,IN,IN
8161,Armenia_2005,0,296,43,the,the,DT,DT
8162,Armenia_2005,0,296,44,case,case,NN,NN
8163,Armenia_2005,0,296,45,of,of,IN,IN
8164,Armenia_2005,0,296,46,such,such,PDT,PD
8165,Armenia_2005,0,296,47,a,a,DT,DT
8166,Armenia_2005,0,296,48,proposal,proposal,NN,NN
8167,Armenia_2005,0,296,50,the,the,DT,DT
8168,Armenia_2005,0,296,51,National,national,NNP,NN
8169,Armenia_2005,0,296,52,Assembly,assembly,NNP,NN
8170,Armenia_2005,0,296,53,does,does,VBZ,VB
8171,Armenia_2005,0,296,54,not,not,RB,RB
8172,Armenia_2005,0,296,55,pass,pass,VB,VB
8173,Armenia_2005,0,296,56,a,a,DT,DT
8174,Armenia_2005,0,296,57,vote,vote,NN,NN
8175,Armenia_2005,0,296,58,of,of,IN,IN
8176,Armenia_2005,0,296,59,no,no,DT,DT
8177,Armenia_2005,0,296,60,confidence,confidence,NN,NN
8178,Armenia_2005,0,296,61,to,to,TO,TO
8179,Armenia_2005,0,296,62,the,the,DT,DT
8180,Armenia_2005,0,296,63,Government,government,NNP,NN
8181,Armenia_2005,0,296,64,by,by,IN,IN
8182,Armenia_2005,0,296,65,a,a,DT,DT
8183,Armenia_2005,0,296,66,majority,majority,NN,NN
8184,Armenia_2005,0,296,67,of,of,IN,IN
8185,Armenia_2005,0,296,68,the,the,DT,DT
8186,Armenia_2005,0,296,69,total,total,JJ,JJ
8187,Armenia_2005,0,296,70,number,number,NN,NN
8188,Armenia_2005,0,296,71,of,of,IN,IN
8189,Armenia_2005,0,296,72,Deputies,deputies,NNP,NN
8190,Armenia_2005,0,296,73,during,during,IN,IN
8191,Armenia_2005,0,296,74,a,a,DT,DT
8192,Armenia_2005,0,296,75,period,period,NN,NN
8193,Armenia_2005,0,296,76,set,set,VBN,VB
8194,Armenia_2005,0,296,77,forth,forth,NN,NN
8195,Armenia_2005,0,296,78,in,in,IN,IN
8196,Armenia_2005,0,296,79,Article,article,NNP,NN
8197,Armenia_2005,0,296,80,84,84,CD,CD
8198,Armenia_2005,0,296,82,Part,part,NNP,NN
8199,Armenia_2005,0,296,83,3,3,CD,CD
8200,Armenia_2005,0,296,85,the,the,DT,DT
8201,Armenia_2005,0,296,86,Government,government,NNP,NN
8202,Armenia_2005,0,296,87,'s,s,POS,PO
8203,Armenia_2005,0,296,88,draft,draft,NN,NN
8204,Armenia_2005,0,296,89,law,law,NN,NN
8205,Armenia_2005,0,296,90,shall,shall,MD,MD
8206,Armenia_2005,0,296,91,be,be,VB,VB
8207,Armenia_2005,0,296,92,considered,considered,VBN,VB
8208,Armenia_2005,0,296,93,to,to,TO,TO
8209,Armenia_2005,0,296,94,have,have,VB,VB
8210,Armenia_2005,0,296,95,been,been,VBN,VB
8211,Armenia_2005,0,296,96,adopted,adopted,VBN,VB
8212,Armenia_2005,0,297,0,The,the,DT,DT
8213,Armenia_2005,0,297,1,Government,government,NNP,NN
8214,Armenia_2005,0,297,2,may,may,MD,MD
8215,Armenia_2005,0,297,3,not,not,RB,RB
8216,Armenia_2005,0,297,4,raise,raise,VB,VB
8217,Armenia_2005,0,297,5,the,the,DT,DT
8218,Armenia_2005,0,297,6,issue,issue,NN,NN
8219,Armenia_2005,0,297,7,of,of,IN,IN
8220,Armenia_2005,0,297,8,its,its,PRP$,PR
8221,Armenia_2005,0,297,9,vote,vote,NN,NN
8222,Armenia_2005,0,297,10,of,of,IN,IN
8223,Armenia_2005,0,297,11,confidence,confidence,NN,NN
8224,Armenia_2005,0,297,12,in,in,IN,IN
8225,Armenia_2005,0,297,13,conjunction,conjunction,NN,NN
8226,Armenia_2005,0,297,14,with,with,IN,IN
8227,Armenia_2005,0,297,15,a,a,DT,DT
8228,Armenia_2005,0,297,16,draft,draft,NN,NN
8229,Armenia_2005,0,297,17,law,law,NN,NN
8230,Armenia_2005,0,297,18,more,more,JJR,JJ
8231,Armenia_2005,0,297,19,than,than,IN,IN
8232,Armenia_2005,0,297,20,twice,twice,RB,RB
8233,Armenia_2005,0,297,21,during,during,IN,IN
8234,Armenia_2005,0,297,22,any,any,DT,DT
8235,Armenia_2005,0,297,23,single,single,JJ,JJ
8236,Armenia_2005,0,297,24,session,session,NN,NN
8237,Armenia_2005,0,298,0,Article,article,NN,NN
8238,Armenia_2005,0,298,1,76,76,CD,CD
8239,Armenia_2005,0,298,2,Share,share,NNP,NN
8240,Armenia_2005,0,298,3,The,the,DT,DT
8241,Armenia_2005,0,298,4,National,national,NNP,NN
8242,Armenia_2005,0,298,5,Assembly,assembly,NNP,NN
8243,Armenia_2005,0,298,6,shall,shall,MD,MD
8244,Armenia_2005,0,298,7,adopt,adopt,VB,VB
8245,Armenia_2005,0,298,8,the,the,DT,DT
8246,Armenia_2005,0,298,9,state,state,NN,NN
8247,Armenia_2005,0,298,10,budget,budget,NN,NN
8248,Armenia_2005,0,298,11,upon,upon,IN,IN
8249,Armenia_2005,0,298,12,its,its,PRP$,PR
8250,Armenia_2005,0,298,13,submission,submission,NN,NN
8251,Armenia_2005,0,298,14,by,by,IN,IN
8252,Armenia_2005,0,298,15,the,the,DT,DT
8253,Armenia_2005,0,298,16,Government,government,NNP,NN
8254,Armenia_2005,0,299,0,If,if,IN,IN
8255,Armenia_2005,0,299,1,the,the,DT,DT
8256,Armenia_2005,0,299,2,budget,budget,NN,NN
8257,Armenia_2005,0,299,3,is,is,VBZ,VB
8258,Armenia_2005,0,299,4,not,not,RB,RB
8259,Armenia_2005,0,299,5,adopted,adopted,VBN,VB
8260,Armenia_2005,0,299,6,by,by,IN,IN
8261,Armenia_2005,0,299,7,the,the,DT,DT
8262,Armenia_2005,0,299,8,start,start,NN,NN
8263,Armenia_2005,0,299,9,of,of,IN,IN
8264,Armenia_2005,0,299,10,the,the,DT,DT
8265,Armenia_2005,0,299,11,fiscal,fiscal,JJ,JJ
8266,Armenia_2005,0,299,12,year,year,NN,NN
8267,Armenia_2005,0,299,14,all,all,DT,DT
8268,Armenia_2005,0,299,15,expenditures,expenditures,NNS,NN
8269,Armenia_2005,0,299,16,shall,shall,MD,MD
8270,Armenia_2005,0,299,17,be,be,VB,VB
8271,Armenia_2005,0,299,18,incurred,incurred,VBN,VB
8272,Armenia_2005,0,299,19,in,in,IN,IN
8273,Armenia_2005,0,299,20,the,the,DT,DT
8274,Armenia_2005,0,299,21,same,same,JJ,JJ
8275,Armenia_2005,0,299,22,proportions,proportions,NNS,NN
8276,Armenia_2005,0,299,23,as,as,IN,IN
8277,Armenia_2005,0,299,24,in,in,IN,IN
8278,Armenia_2005,0,299,25,the,the,DT,DT
8279,Armenia_2005,0,299,26,previous,previous,JJ,JJ
8280,Armenia_2005,0,299,27,year,year,NN,NN
8281,Armenia_2005,0,299,28,'s,s,POS,PO
8282,Armenia_2005,0,299,29,budget,budget,NN,NN
8283,Armenia_2005,0,300,0,The,the,DT,DT
8284,Armenia_2005,0,300,1,procedure,procedure,NN,NN
8285,Armenia_2005,0,300,2,for,for,IN,IN
8286,Armenia_2005,0,300,3,debate,debate,NN,NN
8287,Armenia_2005,0,300,4,on,on,IN,IN
8288,Armenia_2005,0,300,5,and,and,CC,CC
8289,Armenia_2005,0,300,6,adoption,adoption,NN,NN
8290,Armenia_2005,0,300,7,of,of,IN,IN
8291,Armenia_2005,0,300,8,the,the,DT,DT
8292,Armenia_2005,0,300,9,state,state,NN,NN
8293,Armenia_2005,0,300,10,budget,budget,NN,NN
8294,Armenia_2005,0,300,11,shall,shall,MD,MD
8295,Armenia_2005,0,300,12,be,be,VB,VB
8296,Armenia_2005,0,300,13,prescribed,prescribed,VBN,VB
8297,Armenia_2005,0,300,14,by,by,IN,IN
8298,Armenia_2005,0,300,15,the,the,DT,DT
8299,Armenia_2005,0,300,16,Law,law,NNP,NN
8300,Armenia_2005,0,300,17,on,on,IN,IN
8301,Armenia_2005,0,300,18,the,the,DT,DT
8302,Armenia_2005,0,300,19,Rules,rules,NNP,NN
8303,Armenia_2005,0,300,20,of,of,IN,IN
8304,Armenia_2005,0,300,21,Procedure,procedure,NNP,NN
8305,Armenia_2005,0,300,22,of,of,IN,IN
8306,Armenia_2005,0,300,23,the,the,DT,DT
8307,Armenia_2005,0,300,24,National,national,NNP,NN
8308,Armenia_2005,0,300,25,Assembly,assembly,NNP,NN
8309,Armenia_2005,0,301,0,Article,article,NN,NN
8310,Armenia_2005,0,301,1,77,77,CD,CD
8311,Armenia_2005,0,301,2,Share,share,NNP,NN
8312,Armenia_2005,0,301,3,The,the,DT,DT
8313,Armenia_2005,0,301,4,National,national,NNP,NN
8314,Armenia_2005,0,301,5,Assembly,assembly,NNP,NN
8315,Armenia_2005,0,301,6,shall,shall,MD,MD
8316,Armenia_2005,0,301,7,supervise,supervise,VB,VB
8317,Armenia_2005,0,301,8,the,the,DT,DT
8318,Armenia_2005,0,301,9,implementation,implementation,NN,NN
8319,Armenia_2005,0,301,10,of,of,IN,IN
8320,Armenia_2005,0,301,11,the,the,DT,DT
8321,Armenia_2005,0,301,12,state,state,NN,NN
8322,Armenia_2005,0,301,13,budget,budget,NN,NN
8323,Armenia_2005,0,301,15,as,as,RB,RB
8324,Armenia_2005,0,301,16,well,well,RB,RB
8325,Armenia_2005,0,301,17,as,as,IN,IN
8326,Armenia_2005,0,301,18,the,the,DT,DT
8327,Armenia_2005,0,301,19,use,use,NN,NN
8328,Armenia_2005,0,301,20,of,of,IN,IN
8329,Armenia_2005,0,301,21,loans,loans,NNS,NN
8330,Armenia_2005,0,301,22,and,and,CC,CC
8331,Armenia_2005,0,301,23,credits,credits,NNS,NN
8332,Armenia_2005,0,301,24,received,received,VBN,VB
8333,Armenia_2005,0,301,25,from,from,IN,IN
8334,Armenia_2005,0,301,26,foreign,foreign,JJ,JJ
8335,Armenia_2005,0,301,27,governments,governments,NNS,NN
8336,Armenia_2005,0,301,28,and,and,CC,CC
8337,Armenia_2005,0,301,29,international,international,JJ,JJ
8338,Armenia_2005,0,301,30,organizations,organizations,NNS,NN
8339,Armenia_2005,0,302,0,The,the,DT,DT
8340,Armenia_2005,0,302,1,National,national,NNP,NN
8341,Armenia_2005,0,302,2,Assembly,assembly,NNP,NN
8342,Armenia_2005,0,302,3,shall,shall,MD,MD
8343,Armenia_2005,0,302,4,examine,examine,VB,VB
8344,Armenia_2005,0,302,5,the,the,DT,DT
8345,Armenia_2005,0,302,6,annual,annual,JJ,JJ
8346,Armenia_2005,0,302,7,report,report,NN,NN
8347,Armenia_2005,0,302,8,on,on,IN,IN
8348,Armenia_2005,0,302,9,the,the,DT,DT
8349,Armenia_2005,0,302,10,realization,realization,NN,NN
8350,Armenia_2005,0,302,11,of,of,IN,IN
8351,Armenia_2005,0,302,12,the,the,DT,DT
8352,Armenia_2005,0,302,13,state,state,NN,NN
8353,Armenia_2005,0,302,14,budget,budget,NN,NN
8354,Armenia_2005,0,302,15,and,and,CC,CC
8355,Armenia_2005,0,302,16,adopt,adopt,VB,VB
8356,Armenia_2005,0,302,17,the,the,DT,DT
8357,Armenia_2005,0,302,18,report,report,NN,NN
8358,Armenia_2005,0,302,19,based,based,VBN,VB
8359,Armenia_2005,0,302,20,on,on,IN,IN
8360,Armenia_2005,0,302,21,the,the,DT,DT
8361,Armenia_2005,0,302,22,findings,findings,NNS,NN
8362,Armenia_2005,0,302,23,of,of,IN,IN
8363,Armenia_2005,0,302,24,the,the,DT,DT
8364,Armenia_2005,0,302,25,Audit,audit,NNP,NN
8365,Armenia_2005,0,302,26,Chamber,chamber,NNP,NN
8366,Armenia_2005,0,303,0,Article,article,NN,NN
8367,Armenia_2005,0,303,1,78,78,CD,CD
8368,Armenia_2005,0,303,2,Share,share,NNP,NN
8369,Armenia_2005,0,303,4,Removed,removed,NNP,NN
8370,Armenia_2005,0,304,0,Article,article,NN,NN
8371,Armenia_2005,0,304,1,79,79,CD,CD
8372,Armenia_2005,0,304,2,Share,share,NNP,NN
8373,Armenia_2005,0,304,3,The,the,DT,DT
8374,Armenia_2005,0,304,4,National,national,NNP,NN
8375,Armenia_2005,0,304,5,Assembly,assembly,NNP,NN
8376,Armenia_2005,0,304,6,shall,shall,MD,MD
8377,Armenia_2005,0,304,7,elect,elect,VB,VB
8378,Armenia_2005,0,304,8,its,its,PRP$,PR
8379,Armenia_2005,0,304,9,President,president,NNP,NN
8380,Armenia_2005,0,304,10,by,by,IN,IN
8381,Armenia_2005,0,304,11,a,a,DT,DT
8382,Armenia_2005,0,304,12,majority,majority,NN,NN
8383,Armenia_2005,0,304,13,vote,vote,NN,NN
8384,Armenia_2005,0,304,14,of,of,IN,IN
8385,Armenia_2005,0,304,15,the,the,DT,DT
8386,Armenia_2005,0,304,16,total,total,JJ,JJ
8387,Armenia_2005,0,304,17,number,number,NN,NN
8388,Armenia_2005,0,304,18,of,of,IN,IN
8389,Armenia_2005,0,304,19,Deputies,deputies,NNS,NN
8390,Armenia_2005,0,305,0,The,the,DT,DT
8391,Armenia_2005,0,305,1,President,president,NNP,NN
8392,Armenia_2005,0,305,2,of,of,IN,IN
8393,Armenia_2005,0,305,3,the,the,DT,DT
8394,Armenia_2005,0,305,4,National,national,NNP,NN
8395,Armenia_2005,0,305,5,Assembly,assembly,NNP,NN
8396,Armenia_2005,0,305,6,shall,shall,MD,MD
8397,Armenia_2005,0,305,7,chair,chair,VB,VB
8398,Armenia_2005,0,305,8,the,the,DT,DT
8399,Armenia_2005,0,305,9,sittings,sittings,NNS,NN
8400,Armenia_2005,0,305,11,manage,manage,VB,VB
8401,Armenia_2005,0,305,12,its,its,PRP$,PR
8402,Armenia_2005,0,305,13,material,material,JJ,JJ
8403,Armenia_2005,0,305,14,resources,resources,NNS,NN
8404,Armenia_2005,0,305,16,and,and,CC,CC
8405,Armenia_2005,0,305,17,shall,shall,MD,MD
8406,Armenia_2005,0,305,18,ensure,ensure,VB,VB
8407,Armenia_2005,0,305,19,its,its,PRP$,PR
8408,Armenia_2005,0,305,20,normal,normal,JJ,JJ
8409,Armenia_2005,0,305,21,functioning,functioning,NN,NN
8410,Armenia_2005,0,306,0,The,the,DT,DT
8411,Armenia_2005,0,306,1,National,national,NNP,NN
8412,Armenia_2005,0,306,2,Assembly,assembly,NNP,NN
8413,Armenia_2005,0,306,3,shall,shall,MD,MD
8414,Armenia_2005,0,306,4,elect,elect,VB,VB
8415,Armenia_2005,0,306,5,two,two,CD,CD
8416,Armenia_2005,0,306,6,Vice-Presidents,vicepresidents,NNS,NN
8417,Armenia_2005,0,306,7,of,of,IN,IN
8418,Armenia_2005,0,306,8,the,the,DT,DT
8419,Armenia_2005,0,306,9,National,national,NNP,NN
8420,Armenia_2005,0,306,10,Assembly,assembly,NNP,NN
8421,Armenia_2005,0,307,0,Article,article,NN,NN
8422,Armenia_2005,0,307,1,80,80,CD,CD
8423,Armenia_2005,0,307,2,Share,share,NN,NN
8424,Armenia_2005,0,307,3,Deputies,deputies,NNP,NN
8425,Armenia_2005,0,307,4,shall,shall,MD,MD
8426,Armenia_2005,0,307,5,be,be,VB,VB
8427,Armenia_2005,0,307,6,entitled,entitled,VBN,VB
8428,Armenia_2005,0,307,7,to,to,TO,TO
8429,Armenia_2005,0,307,8,ask,ask,VB,VB
8430,Armenia_2005,0,307,9,the,the,DT,DT
8431,Armenia_2005,0,307,10,Government,government,NNP,NN
8432,Armenia_2005,0,307,11,written,written,VBN,VB
8433,Armenia_2005,0,307,12,and,and,CC,CC
8434,Armenia_2005,0,307,13,oral,oral,JJ,JJ
8435,Armenia_2005,0,307,14,questions,questions,NNS,NN
8436,Armenia_2005,0,307,15,while,while,IN,IN
8437,Armenia_2005,0,307,16,the,the,DT,DT
8438,Armenia_2005,0,307,17,factions,factions,NNS,NN
8439,Armenia_2005,0,307,18,and,and,CC,CC
8440,Armenia_2005,0,307,19,deputy,deputy,NN,NN
8441,Armenia_2005,0,307,20,groups,groups,NNS,NN
8442,Armenia_2005,0,307,21,shall,shall,MD,MD
8443,Armenia_2005,0,307,22,also,also,RB,RB
8444,Armenia_2005,0,307,23,be,be,VB,VB
8445,Armenia_2005,0,307,24,entitled,entitled,VBN,VB
8446,Armenia_2005,0,307,25,to,to,TO,TO
8447,Armenia_2005,0,307,26,submit,submit,VB,VB
8448,Armenia_2005,0,307,27,interpellations,interpellations,NNS,NN
8449,Armenia_2005,0,307,28,to,to,TO,TO
8450,Armenia_2005,0,307,29,the,the,DT,DT
8451,Armenia_2005,0,307,30,Government,government,NNP,NN
8452,Armenia_2005,0,308,0,During,during,IN,IN
8453,Armenia_2005,0,308,1,one,one,CD,CD
8454,Armenia_2005,0,308,2,sitting,sitting,NN,NN
8455,Armenia_2005,0,308,3,of,of,IN,IN
8456,Armenia_2005,0,308,4,the,the,DT,DT
8457,Armenia_2005,0,308,5,regular,regular,JJ,JJ
8458,Armenia_2005,0,308,6,session,session,NN,NN
8459,Armenia_2005,0,308,7,the,the,DT,DT
8460,Armenia_2005,0,308,8,Prime,prime,NNP,NN
8461,Armenia_2005,0,308,9,Minister,minister,NNP,NN
8462,Armenia_2005,0,308,10,and,and,CC,CC
8463,Armenia_2005,0,308,11,the,the,DT,DT
8464,Armenia_2005,0,308,12,Government,government,NNP,NN
8465,Armenia_2005,0,308,13,members,members,NNS,NN
8466,Armenia_2005,0,308,14,shall,shall,MD,MD
8467,Armenia_2005,0,308,15,answer,answer,VB,VB
8468,Armenia_2005,0,308,16,the,the,DT,DT
8469,Armenia_2005,0,308,17,Deputies,deputies,NNP,NN
8470,Armenia_2005,0,308,19,questions,questions,NNS,NN
8471,Armenia_2005,0,309,0,The,the,DT,DT
8472,Armenia_2005,0,309,1,National,national,NNP,NN
8473,Armenia_2005,0,309,2,Assembly,assembly,NNP,NN
8474,Armenia_2005,0,309,3,shall,shall,MD,MD
8475,Armenia_2005,0,309,4,not,not,RB,RB
8476,Armenia_2005,0,309,5,pass,pass,VB,VB
8477,Armenia_2005,0,309,6,any,any,DT,DT
8478,Armenia_2005,0,309,7,decisions,decisions,NNS,NN
8479,Armenia_2005,0,309,8,in,in,IN,IN
8480,Armenia_2005,0,309,9,conjunction,conjunction,NN,NN
8481,Armenia_2005,0,309,10,with,with,IN,IN
8482,Armenia_2005,0,309,11,the,the,DT,DT
8483,Armenia_2005,0,309,12,questions,questions,NNS,NN
8484,Armenia_2005,0,309,13,raised,raised,VBN,VB
8485,Armenia_2005,0,309,14,by,by,IN,IN
8486,Armenia_2005,0,309,15,the,the,DT,DT
8487,Armenia_2005,0,309,16,Deputies,deputies,NNS,NN
8488,Armenia_2005,0,310,0,Interpellations,interpellations,NNS,NN
8489,Armenia_2005,0,310,1,shall,shall,MD,MD
8490,Armenia_2005,0,310,2,be,be,VB,VB
8491,Armenia_2005,0,310,3,submitted,submitted,VBN,VB
8492,Armenia_2005,0,310,4,in,in,IN,IN
8493,Armenia_2005,0,310,5,writing,writing,VBG,VB
8494,Armenia_2005,0,310,6,at,at,IN,IN
8495,Armenia_2005,0,310,7,least,least,JJS,JJ
8496,Armenia_2005,0,310,8,ten,ten,JJ,JJ
8497,Armenia_2005,0,310,9,days,days,NNS,NN
8498,Armenia_2005,0,310,10,prior,prior,RB,RB
8499,Armenia_2005,0,310,11,to,to,TO,TO
8500,Armenia_2005,0,310,12,the,the,DT,DT
8501,Armenia_2005,0,310,13,debate,debate,NN,NN
8502,Armenia_2005,0,311,0,The,the,DT,DT
8503,Armenia_2005,0,311,1,procedure,procedure,NN,NN
8504,Armenia_2005,0,311,2,for,for,IN,IN
8505,Armenia_2005,0,311,3,interpellations,interpellations,NNS,NN
8506,Armenia_2005,0,311,5,debate,debate,NN,NN
8507,Armenia_2005,0,311,6,and,and,CC,CC
8508,Armenia_2005,0,311,7,adoption,adoption,NN,NN
8509,Armenia_2005,0,311,8,of,of,IN,IN
8510,Armenia_2005,0,311,9,decisions,decisions,NNS,NN
8511,Armenia_2005,0,311,10,on,on,IN,IN
8512,Armenia_2005,0,311,11,such,such,JJ,JJ
8513,Armenia_2005,0,311,12,shall,shall,MD,MD
8514,Armenia_2005,0,311,13,be,be,VB,VB
8515,Armenia_2005,0,311,14,defined,defined,VBN,VB
8516,Armenia_2005,0,311,15,by,by,IN,IN
8517,Armenia_2005,0,311,16,the,the,DT,DT
8518,Armenia_2005,0,311,17,Law,law,NNP,NN
8519,Armenia_2005,0,311,18,on,on,IN,IN
8520,Armenia_2005,0,311,19,the,the,DT,DT
8521,Armenia_2005,0,311,20,Rules,rules,NNP,NN
8522,Armenia_2005,0,311,21,of,of,IN,IN
8523,Armenia_2005,0,311,22,Procedure,procedure,NNP,NN
8524,Armenia_2005,0,311,23,of,of,IN,IN
8525,Armenia_2005,0,311,24,the,the,DT,DT
8526,Armenia_2005,0,311,25,National,national,NNP,NN
8527,Armenia_2005,0,311,26,Assembly,assembly,NNP,NN
8528,Armenia_2005,0,312,0,Article,article,NN,NN
8529,Armenia_2005,0,312,1,81,81,CD,CD
8530,Armenia_2005,0,312,2,Share,share,NNP,NN
8531,Armenia_2005,0,312,3,Upon,upon,IN,IN
8532,Armenia_2005,0,312,4,the,the,DT,DT
8533,Armenia_2005,0,312,5,recommendation,recommendation,NN,NN
8534,Armenia_2005,0,312,6,of,of,IN,IN
8535,Armenia_2005,0,312,7,the,the,DT,DT
8536,Armenia_2005,0,312,8,President,president,NNP,NN
8537,Armenia_2005,0,312,9,of,of,IN,IN
8538,Armenia_2005,0,312,10,the,the,DT,DT
8539,Armenia_2005,0,312,11,Republic,republic,NNP,NN
8540,Armenia_2005,0,312,13,the,the,DT,DT
8541,Armenia_2005,0,312,14,National,national,NNP,NN
8542,Armenia_2005,0,312,15,Assembly,assembly,NNP,NN
8543,Armenia_2005,0,312,17,1.may,1may,CD,CD
8544,Armenia_2005,0,312,18,declare,declare,NN,NN
8545,Armenia_2005,0,312,19,amnesty,amnesty,NN,NN
8546,Armenia_2005,0,312,21,2.ratify,2ratify,CD,CD
8547,Armenia_2005,0,312,23,suspend,suspend,NN,NN
8548,Armenia_2005,0,312,24,or,or,CC,CC
8549,Armenia_2005,0,312,25,denounce,denounce,NN,NN
8550,Armenia_2005,0,312,26,the,the,DT,DT
8551,Armenia_2005,0,312,27,international,international,JJ,JJ
8552,Armenia_2005,0,312,28,agreements,agreements,NNS,NN
8553,Armenia_2005,0,312,29,of,of,IN,IN
8554,Armenia_2005,0,312,30,the,the,DT,DT
8555,Armenia_2005,0,312,31,Republic,republic,NNP,NN
8556,Armenia_2005,0,312,32,of,of,IN,IN
8557,Armenia_2005,0,312,33,Armenia,armenia,NNP,NN
8558,Armenia_2005,0,313,0,The,the,DT,DT
8559,Armenia_2005,0,313,1,National,national,NNP,NN
8560,Armenia_2005,0,313,2,Assembly,assembly,NNP,NN
8561,Armenia_2005,0,313,3,shall,shall,MD,MD
8562,Armenia_2005,0,313,4,ratify,ratify,VB,VB
8563,Armenia_2005,0,313,5,those,those,DT,DT
8564,Armenia_2005,0,313,6,international,international,JJ,JJ
8565,Armenia_2005,0,313,7,agreements,agreements,NNS,NN
8566,Armenia_2005,0,313,9,a.which,awhich,NNS,NN
8567,Armenia_2005,0,313,10,are,are,VBP,VB
8568,Armenia_2005,0,313,11,of,of,IN,IN
8569,Armenia_2005,0,313,12,political,political,JJ,JJ
8570,Armenia_2005,0,313,13,or,or,CC,CC
8571,Armenia_2005,0,313,14,military,military,JJ,JJ
8572,Armenia_2005,0,313,15,nature,nature,NN,NN
8573,Armenia_2005,0,313,16,or,or,CC,CC
8574,Armenia_2005,0,313,17,stipulate,stipulate,NN,NN
8575,Armenia_2005,0,313,18,changes,changes,NNS,NN
8576,Armenia_2005,0,313,19,of,of,IN,IN
8577,Armenia_2005,0,313,20,the,the,DT,DT
8578,Armenia_2005,0,313,21,State,state,NNP,NN
8579,Armenia_2005,0,313,22,borders,borders,NNS,NN
8580,Armenia_2005,0,313,24,b.which,bwhich,JJ,JJ
8581,Armenia_2005,0,313,25,relate,relate,NN,NN
8582,Armenia_2005,0,313,26,to,to,TO,TO
8583,Armenia_2005,0,313,27,human,human,JJ,JJ
8584,Armenia_2005,0,313,28,rights,rights,NNS,NN
8585,Armenia_2005,0,313,30,freedoms,freedoms,NNS,NN
8586,Armenia_2005,0,313,31,and,and,CC,CC
8587,Armenia_2005,0,313,32,obligations,obligations,NNS,NN
8588,Armenia_2005,0,313,34,c.which,cwhich,JJ,JJ
8589,Armenia_2005,0,313,35,stipulate,stipulate,VBP,VB
8590,Armenia_2005,0,313,36,financial,financial,JJ,JJ
8591,Armenia_2005,0,313,37,commitments,commitments,NNS,NN
8592,Armenia_2005,0,313,38,for,for,IN,IN
8593,Armenia_2005,0,313,39,the,the,DT,DT
8594,Armenia_2005,0,313,40,Republic,republic,NNP,NN
8595,Armenia_2005,0,313,41,of,of,IN,IN
8596,Armenia_2005,0,313,42,Armenia,armenia,NNP,NN
8597,Armenia_2005,0,313,44,d.application,dapplication,NN,NN
8598,Armenia_2005,0,313,45,of,of,IN,IN
8599,Armenia_2005,0,313,46,which,which,WDT,WD
8600,Armenia_2005,0,313,47,shall,shall,MD,MD
8601,Armenia_2005,0,313,48,bring,bring,VB,VB
8602,Armenia_2005,0,313,49,about,about,RP,RP
8603,Armenia_2005,0,313,50,legislative,legislative,JJ,JJ
8604,Armenia_2005,0,313,51,amendments,amendments,NNS,NN
8605,Armenia_2005,0,313,52,or,or,CC,CC
8606,Armenia_2005,0,313,53,adoption,adoption,NN,NN
8607,Armenia_2005,0,313,54,of,of,IN,IN
8608,Armenia_2005,0,313,55,a,a,DT,DT
8609,Armenia_2005,0,313,56,new,new,JJ,JJ
8610,Armenia_2005,0,313,57,law,law,NN,NN
8611,Armenia_2005,0,313,59,or,or,CC,CC
8612,Armenia_2005,0,313,60,stipulate,stipulate,VB,VB
8613,Armenia_2005,0,313,61,other,other,JJ,JJ
8614,Armenia_2005,0,313,62,norms,norms,NNS,NN
8615,Armenia_2005,0,313,63,than,than,IN,IN
8616,Armenia_2005,0,313,64,those,those,DT,DT
8617,Armenia_2005,0,313,65,stipulated,stipulated,VBN,VB
8618,Armenia_2005,0,313,66,in,in,IN,IN
8619,Armenia_2005,0,313,67,the,the,DT,DT
8620,Armenia_2005,0,313,68,laws,laws,NNS,NN
8621,Armenia_2005,0,313,70,e.which,ewhich,CC,CC
8622,Armenia_2005,0,313,71,prescribe,prescribe,VB,VB
8623,Armenia_2005,0,313,72,ratification,ratification,NN,NN
8624,Armenia_2005,0,313,74,f.other,fother,CC,CC
8625,Armenia_2005,0,313,75,cases,cases,NNS,NN
8626,Armenia_2005,0,313,76,defined,defined,VBN,VB
8627,Armenia_2005,0,313,77,by,by,IN,IN
8628,Armenia_2005,0,313,78,law,law,NN,NN
8629,Armenia_2005,0,314,0,3.declare,3declare,CD,CD
8630,Armenia_2005,0,314,1,war,war,NN,NN
8631,Armenia_2005,0,314,2,and,and,CC,CC
8632,Armenia_2005,0,314,3,proclaim,proclaim,NN,NN
8633,Armenia_2005,0,314,4,peace,peace,NN,NN
8634,Armenia_2005,0,315,0,In,in,IN,IN
8635,Armenia_2005,0,315,1,the,the,DT,DT
8636,Armenia_2005,0,315,2,case,case,NN,NN
8637,Armenia_2005,0,315,3,where,where,WRB,WR
8638,Armenia_2005,0,315,4,the,the,DT,DT
8639,Armenia_2005,0,315,5,National,national,NNP,NN
8640,Armenia_2005,0,315,6,Assembly,assembly,NNP,NN
8641,Armenia_2005,0,315,7,can,can,MD,MD
8642,Armenia_2005,0,315,8,not,not,RB,RB
8643,Armenia_2005,0,315,9,be,be,VB,VB
8644,Armenia_2005,0,315,10,convened,convened,VBN,VB
8645,Armenia_2005,0,315,12,the,the,DT,DT
8646,Armenia_2005,0,315,13,President,president,NNP,NN
8647,Armenia_2005,0,315,14,of,of,IN,IN
8648,Armenia_2005,0,315,15,Republic,republic,NNP,NN
8649,Armenia_2005,0,315,16,shall,shall,MD,MD
8650,Armenia_2005,0,315,17,decide,decide,VB,VB
8651,Armenia_2005,0,315,18,the,the,DT,DT
8652,Armenia_2005,0,315,19,issue,issue,NN,NN
8653,Armenia_2005,0,315,20,of,of,IN,IN
8654,Armenia_2005,0,315,21,declaring,declaring,VBG,VB
8655,Armenia_2005,0,315,22,war,war,NN,NN
8656,Armenia_2005,0,316,0,The,the,DT,DT
8657,Armenia_2005,0,316,1,National,national,NNP,NN
8658,Armenia_2005,0,316,2,Assembly,assembly,NNP,NN
8659,Armenia_2005,0,316,3,can,can,MD,MD
8660,Armenia_2005,0,316,4,annul,annul,VB,VB
8661,Armenia_2005,0,316,5,the,the,DT,DT
8662,Armenia_2005,0,316,6,measures,measures,NNS,NN
8663,Armenia_2005,0,316,7,provided,provided,VBN,VB
8664,Armenia_2005,0,316,8,for,for,IN,IN
8665,Armenia_2005,0,316,9,by,by,IN,IN
8666,Armenia_2005,0,316,10,Points,points,NNS,NN
8667,Armenia_2005,0,316,11,13,13,CD,CD
8668,Armenia_2005,0,316,12,and,and,CC,CC
8669,Armenia_2005,0,316,13,14,14,CD,CD
8670,Armenia_2005,0,316,14,of,of,IN,IN
8671,Armenia_2005,0,316,15,Article,article,NNP,NN
8672,Armenia_2005,0,316,16,55,55,CD,CD
8673,Armenia_2005,0,316,17,of,of,IN,IN
8674,Armenia_2005,0,316,18,the,the,DT,DT
8675,Armenia_2005,0,316,19,Constitution,constitution,NNP,NN
8676,Armenia_2005,0,317,0,Article,article,NN,NN
8677,Armenia_2005,0,317,1,82,82,CD,CD
8678,Armenia_2005,0,317,2,Share,share,NNP,NN
8679,Armenia_2005,0,317,3,The,the,DT,DT
8680,Armenia_2005,0,317,4,National,national,NNP,NN
8681,Armenia_2005,0,317,5,Assembly,assembly,NNP,NN
8682,Armenia_2005,0,317,6,shall,shall,MD,MD
8683,Armenia_2005,0,317,8,upon,upon,IN,IN
8684,Armenia_2005,0,317,9,the,the,DT,DT
8685,Armenia_2005,0,317,10,recommendation,recommendation,NN,NN
8686,Armenia_2005,0,317,11,of,of,IN,IN
8687,Armenia_2005,0,317,12,the,the,DT,DT
8688,Armenia_2005,0,317,13,Government,government,NNP,NN
8689,Armenia_2005,0,317,15,provide,provide,VB,VB
8690,Armenia_2005,0,317,16,for,for,IN,IN
8691,Armenia_2005,0,317,17,the,the,DT,DT
8692,Armenia_2005,0,317,18,administrative,administrative,JJ,JJ
8693,Armenia_2005,0,317,19,territorial,territorial,JJ,JJ
8694,Armenia_2005,0,317,20,division,division,NN,NN
8695,Armenia_2005,0,317,21,of,of,IN,IN
8696,Armenia_2005,0,317,22,the,the,DT,DT
8697,Armenia_2005,0,317,23,Republic,republic,NNP,NN
8698,Armenia_2005,0,318,0,Article,article,NN,NN
8699,Armenia_2005,0,318,1,83,83,CD,CD
8700,Armenia_2005,0,318,2,Share,share,NNP,NN
8701,Armenia_2005,0,318,3,The,the,DT,DT
8702,Armenia_2005,0,318,4,National,national,NNP,NN
8703,Armenia_2005,0,318,5,Assembly,assembly,NNP,NN
8704,Armenia_2005,0,318,6,shall,shall,MD,MD
8705,Armenia_2005,0,318,8,1.appoint,1appoint,CD,CD
8706,Armenia_2005,0,318,9,five,five,CD,CD
8707,Armenia_2005,0,318,10,members,members,NNS,NN
8708,Armenia_2005,0,318,11,of,of,IN,IN
8709,Armenia_2005,0,318,12,the,the,DT,DT
8710,Armenia_2005,0,318,13,Constitutional,constitutional,NNP,NN
8711,Armenia_2005,0,318,14,Court,court,NNP,NN
8712,Armenia_2005,0,318,15,upon,upon,IN,IN
8713,Armenia_2005,0,318,16,the,the,DT,DT
8714,Armenia_2005,0,318,17,recommendation,recommendation,NN,NN
8715,Armenia_2005,0,318,18,of,of,IN,IN
8716,Armenia_2005,0,318,19,the,the,DT,DT
8717,Armenia_2005,0,318,20,President,president,NNP,NN
8718,Armenia_2005,0,318,21,of,of,IN,IN
8719,Armenia_2005,0,318,22,the,the,DT,DT
8720,Armenia_2005,0,318,23,National,national,NNP,NN
8721,Armenia_2005,0,318,24,Assembly,assembly,NNP,NN
8722,Armenia_2005,0,318,26,2.within,2within,CD,CD
8723,Armenia_2005,0,318,27,thirty,thirty,NN,NN
8724,Armenia_2005,0,318,28,days,days,NNS,NN
8725,Armenia_2005,0,318,29,after,after,IN,IN
8726,Armenia_2005,0,318,30,the,the,DT,DT
8727,Armenia_2005,0,318,31,post,post,NN,NN
8728,Armenia_2005,0,318,32,of,of,IN,IN
8729,Armenia_2005,0,318,33,the,the,DT,DT
8730,Armenia_2005,0,318,34,President,president,NNP,NN
8731,Armenia_2005,0,318,35,of,of,IN,IN
8732,Armenia_2005,0,318,36,the,the,DT,DT
8733,Armenia_2005,0,318,37,Constitutional,constitutional,NNP,NN
8734,Armenia_2005,0,318,38,Court,court,NNP,NN
8735,Armenia_2005,0,318,39,is,is,VBZ,VB
8736,Armenia_2005,0,318,40,vacant,vacant,JJ,JJ
8737,Armenia_2005,0,318,42,upon,upon,IN,IN
8738,Armenia_2005,0,318,43,the,the,DT,DT
8739,Armenia_2005,0,318,44,recommendation,recommendation,NN,NN
8740,Armenia_2005,0,318,45,of,of,IN,IN
8741,Armenia_2005,0,318,46,the,the,DT,DT
8742,Armenia_2005,0,318,47,President,president,NNP,NN
8743,Armenia_2005,0,318,48,of,of,IN,IN
8744,Armenia_2005,0,318,49,the,the,DT,DT
8745,Armenia_2005,0,318,50,National,national,NNP,NN
8746,Armenia_2005,0,318,51,Assembly,assembly,NNP,NN
8747,Armenia_2005,0,318,53,appoint,appoint,VBP,VB
8748,Armenia_2005,0,318,54,the,the,DT,DT
8749,Armenia_2005,0,318,55,President,president,NNP,NN
8750,Armenia_2005,0,318,56,from,from,IN,IN
8751,Armenia_2005,0,318,57,among,among,IN,IN
8752,Armenia_2005,0,318,58,the,the,DT,DT
8753,Armenia_2005,0,318,59,members,members,NNS,NN
8754,Armenia_2005,0,318,60,of,of,IN,IN
8755,Armenia_2005,0,318,61,the,the,DT,DT
8756,Armenia_2005,0,318,62,Constitutional,constitutional,NNP,NN
8757,Armenia_2005,0,318,63,Court,court,NNP,NN
8758,Armenia_2005,0,318,65,3.by,3by,CD,CD
8759,Armenia_2005,0,318,66,a,a,DT,DT
8760,Armenia_2005,0,318,67,majority,majority,NN,NN
8761,Armenia_2005,0,318,68,vote,vote,NN,NN
8762,Armenia_2005,0,318,69,of,of,IN,IN
8763,Armenia_2005,0,318,70,the,the,DT,DT
8764,Armenia_2005,0,318,71,total,total,JJ,JJ
8765,Armenia_2005,0,318,72,number,number,NN,NN
8766,Armenia_2005,0,318,73,of,of,IN,IN
8767,Armenia_2005,0,318,74,Deputies,deputies,NNS,NN
8768,Armenia_2005,0,318,75,and,and,CC,CC
8769,Armenia_2005,0,318,76,on,on,IN,IN
8770,Armenia_2005,0,318,77,the,the,DT,DT
8771,Armenia_2005,0,318,78,basis,basis,NN,NN
8772,Armenia_2005,0,318,79,of,of,IN,IN
8773,Armenia_2005,0,318,80,a,a,DT,DT
8774,Armenia_2005,0,318,81,conclusion,conclusion,NN,NN
8775,Armenia_2005,0,318,82,of,of,IN,IN
8776,Armenia_2005,0,318,83,the,the,DT,DT
8777,Armenia_2005,0,318,84,Constitutional,constitutional,NNP,NN
8778,Armenia_2005,0,318,85,Court,court,NNP,NN
8779,Armenia_2005,0,318,87,terminate,terminate,VBP,VB
8780,Armenia_2005,0,318,88,the,the,DT,DT
8781,Armenia_2005,0,318,89,powers,powers,NNS,NN
8782,Armenia_2005,0,318,90,of,of,IN,IN
8783,Armenia_2005,0,318,91,any,any,DT,DT
8784,Armenia_2005,0,318,92,of,of,IN,IN
8785,Armenia_2005,0,318,93,its,its,PRP$,PR
8786,Armenia_2005,0,318,94,appointees,appointees,NNS,NN
8787,Armenia_2005,0,318,95,in,in,IN,IN
8788,Armenia_2005,0,318,96,the,the,DT,DT
8789,Armenia_2005,0,318,97,Constitutional,constitutional,NNP,NN
8790,Armenia_2005,0,318,98,Court,court,NNP,NN
8791,Armenia_2005,0,318,100,or,or,CC,CC
8792,Armenia_2005,0,318,101,give,give,VB,VB
8793,Armenia_2005,0,318,102,its,its,PRP$,PR
8794,Armenia_2005,0,318,103,consent,consent,NN,NN
8795,Armenia_2005,0,318,104,to,to,TO,TO
8796,Armenia_2005,0,318,105,name,name,VB,VB
8797,Armenia_2005,0,318,106,the,the,DT,DT
8798,Armenia_2005,0,318,107,member,member,NN,NN
8799,Armenia_2005,0,318,108,as,as,IN,IN
8800,Armenia_2005,0,318,109,an,an,DT,DT
8801,Armenia_2005,0,318,110,accused,accused,VBN,VB
8802,Armenia_2005,0,318,112,detain,detain,VB,VB
8803,Armenia_2005,0,318,113,him/her,himher,NN,NN
8804,Armenia_2005,0,318,115,authorize,authorize,VB,VB
8805,Armenia_2005,0,318,116,the,the,DT,DT
8806,Armenia_2005,0,318,117,institution,institution,NN,NN
8807,Armenia_2005,0,318,118,of,of,IN,IN
8808,Armenia_2005,0,318,119,a,a,DT,DT
8809,Armenia_2005,0,318,120,court,court,NN,NN
8810,Armenia_2005,0,318,121,proceeding,proceeding,VBG,VB
8811,Armenia_2005,0,318,122,to,to,TO,TO
8812,Armenia_2005,0,318,123,subject,subject,VB,VB
8813,Armenia_2005,0,318,124,the,the,DT,DT
8814,Armenia_2005,0,318,125,member,member,NN,NN
8815,Armenia_2005,0,318,126,to,to,TO,TO
8816,Armenia_2005,0,318,127,administrative,administrative,JJ,JJ
8817,Armenia_2005,0,318,128,responsibility,responsibility,NN,NN
8818,Armenia_2005,0,318,130,4.elect,4elect,CD,CD
8819,Armenia_2005,0,318,131,two,two,CD,CD
8820,Armenia_2005,0,318,132,legal,legal,JJ,JJ
8821,Armenia_2005,0,318,133,scholars,scholars,NNS,NN
8822,Armenia_2005,0,318,134,to,to,TO,TO
8823,Armenia_2005,0,318,135,the,the,DT,DT
8824,Armenia_2005,0,318,136,Council,council,NNP,NN
8825,Armenia_2005,0,318,137,of,of,IN,IN
8826,Armenia_2005,0,318,138,Justice,justice,NNP,NN
8827,Armenia_2005,0,319,0,Article,article,NN,NN
8828,Armenia_2005,0,319,1,83.1,831,CD,CD
8829,Armenia_2005,0,319,2,Share,share,NNP,NN
8830,Armenia_2005,0,319,3,The,the,DT,DT
8831,Armenia_2005,0,319,4,National,national,NNP,NN
8832,Armenia_2005,0,319,5,Assembly,assembly,NNP,NN
8833,Armenia_2005,0,319,6,shall,shall,MD,MD
8834,Armenia_2005,0,319,7,elect,elect,VB,VB
8835,Armenia_2005,0,319,8,the,the,DT,DT
8836,Armenia_2005,0,319,9,Ombudsman,ombudsman,NNP,NN
8837,Armenia_2005,0,319,11,Human,human,NNP,NN
8838,Armenia_2005,0,319,12,Rights,rights,NNP,NN
8839,Armenia_2005,0,319,14,Defender,defender,NNP,NN
8840,Armenia_2005,0,319,16,for,for,IN,IN
8841,Armenia_2005,0,319,17,a,a,DT,DT
8842,Armenia_2005,0,319,18,period,period,NN,NN
8843,Armenia_2005,0,319,19,of,of,IN,IN
8844,Armenia_2005,0,319,20,6,6,CD,CD
8845,Armenia_2005,0,319,21,years,years,NNS,NN
8846,Armenia_2005,0,319,22,by,by,IN,IN
8847,Armenia_2005,0,319,23,three-fifths,threefifths,NNS,NN
8848,Armenia_2005,0,319,24,of,of,IN,IN
8849,Armenia_2005,0,319,25,the,the,DT,DT
8850,Armenia_2005,0,319,26,total,total,JJ,JJ
8851,Armenia_2005,0,319,27,number,number,NN,NN
8852,Armenia_2005,0,319,28,of,of,IN,IN
8853,Armenia_2005,0,319,29,Deputies,deputies,NNS,NN
8854,Armenia_2005,0,320,0,A,a,DT,DT
8855,Armenia_2005,0,320,1,person,person,NN,NN
8856,Armenia_2005,0,320,3,who,who,WP,WP
8857,Armenia_2005,0,320,4,is,is,VBZ,VB
8858,Armenia_2005,0,320,5,a,a,DT,DT
8859,Armenia_2005,0,320,6,highly,highly,RB,RB
8860,Armenia_2005,0,320,7,respected,respected,JJ,JJ
8861,Armenia_2005,0,320,8,figure,figure,NN,NN
8862,Armenia_2005,0,320,9,in,in,IN,IN
8863,Armenia_2005,0,320,10,the,the,DT,DT
8864,Armenia_2005,0,320,11,public,public,NN,NN
8865,Armenia_2005,0,320,12,and,and,CC,CC
8866,Armenia_2005,0,320,13,who,who,WP,WP
8867,Armenia_2005,0,320,14,will,will,MD,MD
8868,Armenia_2005,0,320,15,correspond,correspond,VB,VB
8869,Armenia_2005,0,320,16,to,to,TO,TO
8870,Armenia_2005,0,320,17,the,the,DT,DT
8871,Armenia_2005,0,320,18,requirements,requirements,NNS,NN
8872,Armenia_2005,0,320,19,envisaged,envisaged,VBD,VB
8873,Armenia_2005,0,320,20,for,for,IN,IN
8874,Armenia_2005,0,320,21,a,a,DT,DT
8875,Armenia_2005,0,320,22,Deputy,deputy,NN,NN
8876,Armenia_2005,0,320,23,of,of,IN,IN
8877,Armenia_2005,0,320,24,the,the,DT,DT
8878,Armenia_2005,0,320,25,National,national,NNP,NN
8879,Armenia_2005,0,320,26,Assembly,assembly,NNP,NN
8880,Armenia_2005,0,320,28,may,may,MD,MD
8881,Armenia_2005,0,320,29,be,be,VB,VB
8882,Armenia_2005,0,320,30,elected,elected,VBN,VB
8883,Armenia_2005,0,320,31,as,as,IN,IN
8884,Armenia_2005,0,320,32,an,an,DT,DT
8885,Armenia_2005,0,320,33,Ombudsman,ombudsman,NNP,NN
8886,Armenia_2005,0,321,0,The,the,DT,DT
8887,Armenia_2005,0,321,1,Ombudsman,ombudsman,NNP,NN
8888,Armenia_2005,0,321,2,shall,shall,MD,MD
8889,Armenia_2005,0,321,3,be,be,VB,VB
8890,Armenia_2005,0,321,4,irremovable,irremovable,JJ,JJ
8891,Armenia_2005,0,322,0,The,the,DT,DT
8892,Armenia_2005,0,322,1,Ombudsman,ombudsman,NNP,NN
8893,Armenia_2005,0,322,2,is,is,VBZ,VB
8894,Armenia_2005,0,322,3,an,an,DT,DT
8895,Armenia_2005,0,322,4,independent,independent,JJ,JJ
8896,Armenia_2005,0,322,5,official,official,NN,NN
8897,Armenia_2005,0,322,6,who,who,WP,WP
8898,Armenia_2005,0,322,7,implements,implements,VBZ,VB
8899,Armenia_2005,0,322,8,the,the,DT,DT
8900,Armenia_2005,0,322,9,protection,protection,NN,NN
8901,Armenia_2005,0,322,10,of,of,IN,IN
8902,Armenia_2005,0,322,11,the,the,DT,DT
8903,Armenia_2005,0,322,12,violated,violated,VBN,VB
8904,Armenia_2005,0,322,13,human,human,JJ,JJ
8905,Armenia_2005,0,322,14,rights,rights,NNS,NN
8906,Armenia_2005,0,322,15,and,and,CC,CC
8907,Armenia_2005,0,322,16,fundamental,fundamental,JJ,JJ
8908,Armenia_2005,0,322,17,freedoms,freedoms,NNS,NN
8909,Armenia_2005,0,322,18,by,by,IN,IN
8910,Armenia_2005,0,322,19,state,state,NN,NN
8911,Armenia_2005,0,322,20,bodies,bodies,NNS,NN
8912,Armenia_2005,0,322,22,local,local,JJ,JJ
8913,Armenia_2005,0,322,23,self-government,selfgovernment,JJ,JJ
8914,Armenia_2005,0,322,24,bodies,bodies,NNS,NN
8915,Armenia_2005,0,322,25,and,and,CC,CC
8916,Armenia_2005,0,322,26,their,their,PRP$,PR
8917,Armenia_2005,0,322,27,officials,officials,NNS,NN
8918,Armenia_2005,0,323,0,State,state,NN,NN
8919,Armenia_2005,0,323,1,and,and,CC,CC
8920,Armenia_2005,0,323,2,local,local,JJ,JJ
8921,Armenia_2005,0,323,3,self-government,selfgovernment,JJ,JJ
8922,Armenia_2005,0,323,4,bodies,bodies,NNS,NN
8923,Armenia_2005,0,323,5,and,and,CC,CC
8924,Armenia_2005,0,323,6,their,their,PRP$,PR
8925,Armenia_2005,0,323,7,officials,officials,NNS,NN
8926,Armenia_2005,0,323,8,shall,shall,MD,MD
8927,Armenia_2005,0,323,9,cooperate,cooperate,VB,VB
8928,Armenia_2005,0,323,10,with,with,IN,IN
8929,Armenia_2005,0,323,11,Ombudsman,ombudsman,NNP,NN
8930,Armenia_2005,0,324,0,The,the,DT,DT
8931,Armenia_2005,0,324,1,Ombudsman,ombudsman,NNP,NN
8932,Armenia_2005,0,324,2,shall,shall,MD,MD
8933,Armenia_2005,0,324,3,be,be,VB,VB
8934,Armenia_2005,0,324,4,given,given,VBN,VB
8935,Armenia_2005,0,324,5,the,the,DT,DT
8936,Armenia_2005,0,324,6,same,same,JJ,JJ
8937,Armenia_2005,0,324,7,immunity,immunity,NN,NN
8938,Armenia_2005,0,324,8,established,established,VBN,VB
8939,Armenia_2005,0,324,9,for,for,IN,IN
8940,Armenia_2005,0,324,10,the,the,DT,DT
8941,Armenia_2005,0,324,11,Deputy,deputy,NNP,NN
8942,Armenia_2005,0,325,0,Other,other,JJ,JJ
8943,Armenia_2005,0,325,1,guarantees,guarantees,NNS,NN
8944,Armenia_2005,0,325,2,of,of,IN,IN
8945,Armenia_2005,0,325,3,the,the,DT,DT
8946,Armenia_2005,0,325,4,activity,activity,NN,NN
8947,Armenia_2005,0,325,5,of,of,IN,IN
8948,Armenia_2005,0,325,6,the,the,DT,DT
8949,Armenia_2005,0,325,7,Ombudsman,ombudsman,NNP,NN
8950,Armenia_2005,0,325,8,shall,shall,MD,MD
8951,Armenia_2005,0,325,9,be,be,VB,VB
8952,Armenia_2005,0,325,10,established,established,VBN,VB
8953,Armenia_2005,0,325,11,by,by,IN,IN
8954,Armenia_2005,0,325,12,law,law,NN,NN
8955,Armenia_2005,0,326,0,Article,article,NN,NN
8956,Armenia_2005,0,326,1,83.2,832,CD,CD
8957,Armenia_2005,0,326,2,Share,share,NN,NN
8958,Armenia_2005,0,326,3,To,to,TO,TO
8959,Armenia_2005,0,326,4,ensure,ensure,VB,VB
8960,Armenia_2005,0,326,5,the,the,DT,DT
8961,Armenia_2005,0,326,6,goals,goals,NNS,NN
8962,Armenia_2005,0,326,7,of,of,IN,IN
8963,Armenia_2005,0,326,8,freedom,freedom,NN,NN
8964,Armenia_2005,0,326,10,independence,independence,NN,NN
8965,Armenia_2005,0,326,11,and,and,CC,CC
8966,Armenia_2005,0,326,12,plurality,plurality,NN,NN
8967,Armenia_2005,0,326,13,of,of,IN,IN
8968,Armenia_2005,0,326,14,the,the,DT,DT
8969,Armenia_2005,0,326,15,broadcasting,broadcasting,NN,NN
8970,Armenia_2005,0,326,16,media,media,NNS,NN
8971,Armenia_2005,0,326,18,an,an,DT,DT
8972,Armenia_2005,0,326,19,independent,independent,JJ,JJ
8973,Armenia_2005,0,326,20,regulatory,regulatory,JJ,JJ
8974,Armenia_2005,0,326,21,body,body,NN,NN
8975,Armenia_2005,0,326,22,shall,shall,MD,MD
8976,Armenia_2005,0,326,23,be,be,VB,VB
8977,Armenia_2005,0,326,24,established,established,VBN,VB
8978,Armenia_2005,0,326,25,by,by,IN,IN
8979,Armenia_2005,0,326,26,law,law,NN,NN
8980,Armenia_2005,0,327,0,Half,half,NN,NN
8981,Armenia_2005,0,327,1,of,of,IN,IN
8982,Armenia_2005,0,327,2,the,the,DT,DT
8983,Armenia_2005,0,327,3,members,members,NNS,NN
8984,Armenia_2005,0,327,4,of,of,IN,IN
8985,Armenia_2005,0,327,5,the,the,DT,DT
8986,Armenia_2005,0,327,6,body,body,NN,NN
8987,Armenia_2005,0,327,7,shall,shall,MD,MD
8988,Armenia_2005,0,327,8,be,be,VB,VB
8989,Armenia_2005,0,327,9,elected,elected,VBN,VB
8990,Armenia_2005,0,327,10,by,by,IN,IN
8991,Armenia_2005,0,327,11,the,the,DT,DT
8992,Armenia_2005,0,327,12,National,national,NNP,NN
8993,Armenia_2005,0,327,13,Assembly,assembly,NNP,NN
8994,Armenia_2005,0,327,14,and,and,CC,CC
8995,Armenia_2005,0,327,15,the,the,DT,DT
8996,Armenia_2005,0,327,16,other,other,JJ,JJ
8997,Armenia_2005,0,327,17,half,half,NN,NN
8998,Armenia_2005,0,327,18,shall,shall,MD,MD
8999,Armenia_2005,0,327,19,be,be,VB,VB
9000,Armenia_2005,0,327,20,appointed,appointed,VBN,VB
9001,Armenia_2005,0,327,21,by,by,IN,IN
9002,Armenia_2005,0,327,22,the,the,DT,DT
9003,Armenia_2005,0,327,23,President,president,NNP,NN
9004,Armenia_2005,0,327,24,of,of,IN,IN
9005,Armenia_2005,0,327,25,the,the,DT,DT
9006,Armenia_2005,0,327,26,Republic,republic,NNP,NN
9007,Armenia_2005,0,327,27,for,for,IN,IN
9008,Armenia_2005,0,327,28,a,a,DT,DT
9009,Armenia_2005,0,327,29,term,term,NN,NN
9010,Armenia_2005,0,327,30,of,of,IN,IN
9011,Armenia_2005,0,327,31,six,six,CD,CD
9012,Armenia_2005,0,327,32,years,years,NNS,NN
9013,Armenia_2005,0,328,0,The,the,DT,DT
9014,Armenia_2005,0,328,1,National,national,NNP,NN
9015,Armenia_2005,0,328,2,Assembly,assembly,NNP,NN
9016,Armenia_2005,0,328,3,shall,shall,MD,MD
9017,Armenia_2005,0,328,4,elect,elect,VB,VB
9018,Armenia_2005,0,328,5,the,the,DT,DT
9019,Armenia_2005,0,328,6,members,members,NNS,NN
9020,Armenia_2005,0,328,7,of,of,IN,IN
9021,Armenia_2005,0,328,8,that,that,DT,DT
9022,Armenia_2005,0,328,9,body,body,NN,NN
9023,Armenia_2005,0,328,10,with,with,IN,IN
9024,Armenia_2005,0,328,11,a,a,DT,DT
9025,Armenia_2005,0,328,12,majority,majority,NN,NN
9026,Armenia_2005,0,328,13,of,of,IN,IN
9027,Armenia_2005,0,328,14,votes,votes,NNS,NN
9028,Armenia_2005,0,328,15,of,of,IN,IN
9029,Armenia_2005,0,328,16,the,the,DT,DT
9030,Armenia_2005,0,328,17,total,total,JJ,JJ
9031,Armenia_2005,0,328,18,number,number,NN,NN
9032,Armenia_2005,0,328,19,of,of,IN,IN
9033,Armenia_2005,0,328,20,Deputies,deputies,NNS,NN
9034,Armenia_2005,0,329,0,Article,article,NN,NN
9035,Armenia_2005,0,329,1,83.3,833,CD,CD
9036,Armenia_2005,0,329,2,Share,share,NNP,NN
9037,Armenia_2005,0,329,3,The,the,DT,DT
9038,Armenia_2005,0,329,4,main,main,JJ,JJ
9039,Armenia_2005,0,329,5,objective,objective,NN,NN
9040,Armenia_2005,0,329,6,of,of,IN,IN
9041,Armenia_2005,0,329,7,the,the,DT,DT
9042,Armenia_2005,0,329,8,Central,central,NNP,NN
9043,Armenia_2005,0,329,9,Bank,bank,NNP,NN
9044,Armenia_2005,0,329,10,of,of,IN,IN
9045,Armenia_2005,0,329,11,the,the,DT,DT
9046,Armenia_2005,0,329,12,Republic,republic,NNP,NN
9047,Armenia_2005,0,329,13,of,of,IN,IN
9048,Armenia_2005,0,329,14,Armenia,armenia,NNP,NN
9049,Armenia_2005,0,329,15,shall,shall,MD,MD
9050,Armenia_2005,0,329,16,be,be,VB,VB
9051,Armenia_2005,0,329,17,to,to,TO,TO
9052,Armenia_2005,0,329,18,ensure,ensure,VB,VB
9053,Armenia_2005,0,329,19,the,the,DT,DT
9054,Armenia_2005,0,329,20,stability,stability,NN,NN
9055,Armenia_2005,0,329,21,of,of,IN,IN
9056,Armenia_2005,0,329,22,prices,prices,NNS,NN
9057,Armenia_2005,0,329,23,in,in,IN,IN
9058,Armenia_2005,0,329,24,the,the,DT,DT
9059,Armenia_2005,0,329,25,Republic,republic,NNP,NN
9060,Armenia_2005,0,329,26,of,of,IN,IN
9061,Armenia_2005,0,329,27,Armenia,armenia,NNP,NN
9062,Armenia_2005,0,330,0,The,the,DT,DT
9063,Armenia_2005,0,330,1,Central,central,NNP,NN
9064,Armenia_2005,0,330,2,Bank,bank,NNP,NN
9065,Armenia_2005,0,330,3,shall,shall,MD,MD
9066,Armenia_2005,0,330,4,develop,develop,VB,VB
9067,Armenia_2005,0,330,6,approve,approve,VB,VB
9068,Armenia_2005,0,330,7,and,and,CC,CC
9069,Armenia_2005,0,330,8,implement,implement,VB,VB
9070,Armenia_2005,0,330,9,monetary,monetary,JJ,JJ
9071,Armenia_2005,0,330,10,policy,policy,NN,NN
9072,Armenia_2005,0,330,11,programs,programs,NNS,NN
9073,Armenia_2005,0,331,0,The,the,DT,DT
9074,Armenia_2005,0,331,1,Central,central,NNP,NN
9075,Armenia_2005,0,331,2,Bank,bank,NNP,NN
9076,Armenia_2005,0,331,3,shall,shall,MD,MD
9077,Armenia_2005,0,331,4,issue,issue,VB,VB
9078,Armenia_2005,0,331,5,the,the,DT,DT
9079,Armenia_2005,0,331,6,currency,currency,NN,NN
9080,Armenia_2005,0,331,7,of,of,IN,IN
9081,Armenia_2005,0,331,8,the,the,DT,DT
9082,Armenia_2005,0,331,9,Republic,republic,NNP,NN
9083,Armenia_2005,0,331,10,of,of,IN,IN
9084,Armenia_2005,0,331,11,Armenia,armenia,NNP,NN
9085,Armenia_2005,0,331,13,the,the,DT,DT
9086,Armenia_2005,0,331,14,Armenian,armenian,JJ,JJ
9087,Armenia_2005,0,331,15,Dram,dram,NNP,NN
9088,Armenia_2005,0,332,0,The,the,DT,DT
9089,Armenia_2005,0,332,1,Central,central,NNP,NN
9090,Armenia_2005,0,332,2,Bank,bank,NNP,NN
9091,Armenia_2005,0,332,3,shall,shall,MD,MD
9092,Armenia_2005,0,332,4,be,be,VB,VB
9093,Armenia_2005,0,332,5,independent,independent,JJ,JJ
9094,Armenia_2005,0,332,6,while,while,IN,IN
9095,Armenia_2005,0,332,7,performing,performing,VBG,VB
9096,Armenia_2005,0,332,8,the,the,DT,DT
9097,Armenia_2005,0,332,9,tasks,tasks,NNS,NN
9098,Armenia_2005,0,332,10,and,and,CC,CC
9099,Armenia_2005,0,332,11,functions,functions,NNS,NN
9100,Armenia_2005,0,332,12,granted,granted,VBN,VB
9101,Armenia_2005,0,332,13,by,by,IN,IN
9102,Armenia_2005,0,332,14,the,the,DT,DT
9103,Armenia_2005,0,332,15,Constitution,constitution,NNP,NN
9104,Armenia_2005,0,332,16,and,and,CC,CC
9105,Armenia_2005,0,332,17,the,the,DT,DT
9106,Armenia_2005,0,332,18,law,law,NN,NN
9107,Armenia_2005,0,333,0,The,the,DT,DT
9108,Armenia_2005,0,333,1,Chairman,chairman,NNP,NN
9109,Armenia_2005,0,333,2,of,of,IN,IN
9110,Armenia_2005,0,333,3,the,the,DT,DT
9111,Armenia_2005,0,333,4,Central,central,NNP,NN
9112,Armenia_2005,0,333,5,Bank,bank,NNP,NN
9113,Armenia_2005,0,333,6,shall,shall,MD,MD
9114,Armenia_2005,0,333,7,be,be,VB,VB
9115,Armenia_2005,0,333,8,appointed,appointed,VBN,VB
9116,Armenia_2005,0,333,9,by,by,IN,IN
9117,Armenia_2005,0,333,10,the,the,DT,DT
9118,Armenia_2005,0,333,11,National,national,NNP,NN
9119,Armenia_2005,0,333,12,Assembly,assembly,NNP,NN
9120,Armenia_2005,0,333,14,upon,upon,IN,IN
9121,Armenia_2005,0,333,15,the,the,DT,DT
9122,Armenia_2005,0,333,16,proposal,proposal,NN,NN
9123,Armenia_2005,0,333,17,of,of,IN,IN
9124,Armenia_2005,0,333,18,the,the,DT,DT
9125,Armenia_2005,0,333,19,President,president,NNP,NN
9126,Armenia_2005,0,333,20,of,of,IN,IN
9127,Armenia_2005,0,333,21,the,the,DT,DT
9128,Armenia_2005,0,333,22,Republic,republic,NNP,NN
9129,Armenia_2005,0,333,24,for,for,IN,IN
9130,Armenia_2005,0,333,25,a,a,DT,DT
9131,Armenia_2005,0,333,26,six-year,sixyear,JJ,JJ
9132,Armenia_2005,0,333,27,term,term,NN,NN
9133,Armenia_2005,0,334,0,The,the,DT,DT
9134,Armenia_2005,0,334,1,same,same,JJ,JJ
9135,Armenia_2005,0,334,2,person,person,NN,NN
9136,Armenia_2005,0,334,3,may,may,MD,MD
9137,Armenia_2005,0,334,4,not,not,RB,RB
9138,Armenia_2005,0,334,5,be,be,VB,VB
9139,Armenia_2005,0,334,6,elected,elected,VBN,VB
9140,Armenia_2005,0,334,7,for,for,IN,IN
9141,Armenia_2005,0,334,8,the,the,DT,DT
9142,Armenia_2005,0,334,9,post,post,NN,NN
9143,Armenia_2005,0,334,10,of,of,IN,IN
9144,Armenia_2005,0,334,11,Chairman,chairman,NNP,NN
9145,Armenia_2005,0,334,12,of,of,IN,IN
9146,Armenia_2005,0,334,13,the,the,DT,DT
9147,Armenia_2005,0,334,14,Central,central,NNP,NN
9148,Armenia_2005,0,334,15,Bank,bank,NNP,NN
9149,Armenia_2005,0,334,16,for,for,IN,IN
9150,Armenia_2005,0,334,17,more,more,JJR,JJ
9151,Armenia_2005,0,334,18,than,than,IN,IN
9152,Armenia_2005,0,334,19,two,two,CD,CD
9153,Armenia_2005,0,334,20,consecutive,consecutive,JJ,JJ
9154,Armenia_2005,0,334,21,terms,terms,NNS,NN
9155,Armenia_2005,0,335,0,In,in,IN,IN
9156,Armenia_2005,0,335,1,cases,cases,NNS,NN
9157,Armenia_2005,0,335,2,provided,provided,VBN,VB
9158,Armenia_2005,0,335,3,for,for,IN,IN
9159,Armenia_2005,0,335,4,by,by,IN,IN
9160,Armenia_2005,0,335,5,law,law,NN,NN
9161,Armenia_2005,0,335,7,the,the,DT,DT
9162,Armenia_2005,0,335,8,National,national,NNP,NN
9163,Armenia_2005,0,335,9,Assembly,assembly,NNP,NN
9164,Armenia_2005,0,335,10,may,may,MD,MD
9165,Armenia_2005,0,335,12,at,at,IN,IN
9166,Armenia_2005,0,335,13,the,the,DT,DT
9167,Armenia_2005,0,335,14,proposal,proposal,NN,NN
9168,Armenia_2005,0,335,15,of,of,IN,IN
9169,Armenia_2005,0,335,16,the,the,DT,DT
9170,Armenia_2005,0,335,17,President,president,NNP,NN
9171,Armenia_2005,0,335,18,of,of,IN,IN
9172,Armenia_2005,0,335,19,the,the,DT,DT
9173,Armenia_2005,0,335,20,Republic,republic,NNP,NN
9174,Armenia_2005,0,335,21,and,and,CC,CC
9175,Armenia_2005,0,335,22,with,with,IN,IN
9176,Armenia_2005,0,335,23,a,a,DT,DT
9177,Armenia_2005,0,335,24,majority,majority,NN,NN
9178,Armenia_2005,0,335,25,of,of,IN,IN
9179,Armenia_2005,0,335,26,votes,votes,NNS,NN
9180,Armenia_2005,0,335,27,of,of,IN,IN
9181,Armenia_2005,0,335,28,the,the,DT,DT
9182,Armenia_2005,0,335,29,total,total,JJ,JJ
9183,Armenia_2005,0,335,30,number,number,NN,NN
9184,Armenia_2005,0,335,31,of,of,IN,IN
9185,Armenia_2005,0,335,32,Deputies,deputies,NNP,NN
9186,Armenia_2005,0,335,34,dismiss,dismiss,NN,NN
9187,Armenia_2005,0,335,35,from,from,IN,IN
9188,Armenia_2005,0,335,36,office,office,NN,NN
9189,Armenia_2005,0,335,37,the,the,DT,DT
9190,Armenia_2005,0,335,38,Chairman,chairman,NNP,NN
9191,Armenia_2005,0,335,39,of,of,IN,IN
9192,Armenia_2005,0,335,40,the,the,DT,DT
9193,Armenia_2005,0,335,41,Central,central,NNP,NN
9194,Armenia_2005,0,335,42,Bank,bank,NNP,NN
9195,Armenia_2005,0,336,0,Article,article,NN,NN
9196,Armenia_2005,0,336,1,83.4,834,CD,CD
9197,Armenia_2005,0,336,2,Share,share,NNP,NN
9198,Armenia_2005,0,336,3,The,the,DT,DT
9199,Armenia_2005,0,336,4,Audit,audit,NNP,NN
9200,Armenia_2005,0,336,5,Chamber,chamber,NNP,NN
9201,Armenia_2005,0,336,6,of,of,IN,IN
9202,Armenia_2005,0,336,7,the,the,DT,DT
9203,Armenia_2005,0,336,8,Republic,republic,NNP,NN
9204,Armenia_2005,0,336,9,of,of,IN,IN
9205,Armenia_2005,0,336,10,Armenia,armenia,NNP,NN
9206,Armenia_2005,0,336,11,shall,shall,MD,MD
9207,Armenia_2005,0,336,12,be,be,VB,VB
9208,Armenia_2005,0,336,13,an,an,DT,DT
9209,Armenia_2005,0,336,14,independent,independent,JJ,JJ
9210,Armenia_2005,0,336,15,body,body,NN,NN
9211,Armenia_2005,0,336,17,which,which,WDT,WD
9212,Armenia_2005,0,336,18,shall,shall,MD,MD
9213,Armenia_2005,0,336,19,oversee,oversee,VB,VB
9214,Armenia_2005,0,336,20,the,the,DT,DT
9215,Armenia_2005,0,336,21,use,use,NN,NN
9216,Armenia_2005,0,336,22,of,of,IN,IN
9217,Armenia_2005,0,336,23,the,the,DT,DT
9218,Armenia_2005,0,336,24,budget,budget,NN,NN
9219,Armenia_2005,0,336,25,resources,resources,NNS,NN
9220,Armenia_2005,0,336,26,and,and,CC,CC
9221,Armenia_2005,0,336,27,the,the,DT,DT
9222,Armenia_2005,0,336,28,State,state,NNP,NN
9223,Armenia_2005,0,336,29,and,and,CC,CC
9224,Armenia_2005,0,336,30,community,community,NN,NN
9225,Armenia_2005,0,336,31,property,property,NN,NN
9226,Armenia_2005,0,337,0,The,the,DT,DT
9227,Armenia_2005,0,337,1,work,work,NN,NN
9228,Armenia_2005,0,337,2,plan,plan,NN,NN
9229,Armenia_2005,0,337,3,of,of,IN,IN
9230,Armenia_2005,0,337,4,the,the,DT,DT
9231,Armenia_2005,0,337,5,Audit,audit,NNP,NN
9232,Armenia_2005,0,337,6,Chamber,chamber,NNP,NN
9233,Armenia_2005,0,337,7,shall,shall,MD,MD
9234,Armenia_2005,0,337,8,be,be,VB,VB
9235,Armenia_2005,0,337,9,approved,approved,VBN,VB
9236,Armenia_2005,0,337,10,by,by,IN,IN
9237,Armenia_2005,0,337,11,the,the,DT,DT
9238,Armenia_2005,0,337,12,National,national,NNP,NN
9239,Armenia_2005,0,337,13,Assembly,assembly,NNP,NN
9240,Armenia_2005,0,338,0,The,the,DT,DT
9241,Armenia_2005,0,338,1,Audit,audit,NNP,NN
9242,Armenia_2005,0,338,2,Chamber,chamber,NNP,NN
9243,Armenia_2005,0,338,3,shall,shall,MD,MD
9244,Armenia_2005,0,338,4,at,at,IN,IN
9245,Armenia_2005,0,338,5,least,least,JJS,JJ
9246,Armenia_2005,0,338,6,once,once,RB,RB
9247,Armenia_2005,0,338,7,a,a,DT,DT
9248,Armenia_2005,0,338,8,year,year,NN,NN
9249,Armenia_2005,0,338,9,submit,submit,NN,NN
9250,Armenia_2005,0,338,10,a,a,DT,DT
9251,Armenia_2005,0,338,11,report,report,NN,NN
9252,Armenia_2005,0,338,12,on,on,IN,IN
9253,Armenia_2005,0,338,13,the,the,DT,DT
9254,Armenia_2005,0,338,14,oversight,oversight,NN,NN
9255,Armenia_2005,0,338,15,outcomes,outcomes,VBZ,VB
9256,Armenia_2005,0,338,16,to,to,TO,TO
9257,Armenia_2005,0,338,17,the,the,DT,DT
9258,Armenia_2005,0,338,18,National,national,NNP,NN
9259,Armenia_2005,0,338,19,Assembly,assembly,NNP,NN
9260,Armenia_2005,0,339,0,The,the,DT,DT
9261,Armenia_2005,0,339,1,law,law,NN,NN
9262,Armenia_2005,0,339,2,shall,shall,MD,MD
9263,Armenia_2005,0,339,3,define,define,VB,VB
9264,Armenia_2005,0,339,4,the,the,DT,DT
9265,Armenia_2005,0,339,5,regulations,regulations,NNS,NN
9266,Armenia_2005,0,339,6,on,on,IN,IN
9267,Armenia_2005,0,339,7,the,the,DT,DT
9268,Armenia_2005,0,339,8,procedure,procedure,NN,NN
9269,Armenia_2005,0,339,9,and,and,CC,CC
9270,Armenia_2005,0,339,10,the,the,DT,DT
9271,Armenia_2005,0,339,11,powers,powers,NNS,NN
9272,Armenia_2005,0,339,12,of,of,IN,IN
9273,Armenia_2005,0,339,13,the,the,DT,DT
9274,Armenia_2005,0,339,14,Audit,audit,NNP,NN
9275,Armenia_2005,0,339,15,Chamber,chamber,NNP,NN
9276,Armenia_2005,0,340,0,The,the,DT,DT
9277,Armenia_2005,0,340,1,Chairman,chairman,NNP,NN
9278,Armenia_2005,0,340,2,of,of,IN,IN
9279,Armenia_2005,0,340,3,the,the,DT,DT
9280,Armenia_2005,0,340,4,Audit,audit,NNP,NN
9281,Armenia_2005,0,340,5,Chamber,chamber,NNP,NN
9282,Armenia_2005,0,340,6,shall,shall,MD,MD
9283,Armenia_2005,0,340,7,be,be,VB,VB
9284,Armenia_2005,0,340,8,appointed,appointed,VBN,VB
9285,Armenia_2005,0,340,9,by,by,IN,IN
9286,Armenia_2005,0,340,10,the,the,DT,DT
9287,Armenia_2005,0,340,11,National,national,NNP,NN
9288,Armenia_2005,0,340,12,Assembly,assembly,NNP,NN
9289,Armenia_2005,0,340,13,upon,upon,IN,IN
9290,Armenia_2005,0,340,14,the,the,DT,DT
9291,Armenia_2005,0,340,15,proposal,proposal,NN,NN
9292,Armenia_2005,0,340,16,of,of,IN,IN
9293,Armenia_2005,0,340,17,the,the,DT,DT
9294,Armenia_2005,0,340,18,President,president,NNP,NN
9295,Armenia_2005,0,340,19,of,of,IN,IN
9296,Armenia_2005,0,340,20,the,the,DT,DT
9297,Armenia_2005,0,340,21,Republic,republic,NNP,NN
9298,Armenia_2005,0,340,22,for,for,IN,IN
9299,Armenia_2005,0,340,23,a,a,DT,DT
9300,Armenia_2005,0,340,24,term,term,NN,NN
9301,Armenia_2005,0,340,25,of,of,IN,IN
9302,Armenia_2005,0,340,26,six,six,CD,CD
9303,Armenia_2005,0,340,27,years,years,NNS,NN
9304,Armenia_2005,0,341,0,A,a,DT,DT
9305,Armenia_2005,0,341,1,person,person,NN,NN
9306,Armenia_2005,0,341,2,complying,complying,VBG,VB
9307,Armenia_2005,0,341,3,with,with,IN,IN
9308,Armenia_2005,0,341,4,the,the,DT,DT
9309,Armenia_2005,0,341,5,requirements,requirements,NNS,NN
9310,Armenia_2005,0,341,6,for,for,IN,IN
9311,Armenia_2005,0,341,7,the,the,DT,DT
9312,Armenia_2005,0,341,8,Deputy,deputy,NNP,NN
9313,Armenia_2005,0,341,9,can,can,MD,MD
9314,Armenia_2005,0,341,10,be,be,VB,VB
9315,Armenia_2005,0,341,11,appointed,appointed,VBN,VB
9316,Armenia_2005,0,341,12,Chairman,chairman,NNP,NN
9317,Armenia_2005,0,341,13,of,of,IN,IN
9318,Armenia_2005,0,341,14,the,the,DT,DT
9319,Armenia_2005,0,341,15,Audit,audit,NNP,NN
9320,Armenia_2005,0,341,16,Chamber,chamber,NNP,NN
9321,Armenia_2005,0,342,0,The,the,DT,DT
9322,Armenia_2005,0,342,1,same,same,JJ,JJ
9323,Armenia_2005,0,342,2,person,person,NN,NN
9324,Armenia_2005,0,342,3,may,may,MD,MD
9325,Armenia_2005,0,342,4,not,not,RB,RB
9326,Armenia_2005,0,342,5,be,be,VB,VB
9327,Armenia_2005,0,342,6,elected,elected,VBN,VB
9328,Armenia_2005,0,342,7,for,for,IN,IN
9329,Armenia_2005,0,342,8,the,the,DT,DT
9330,Armenia_2005,0,342,9,post,post,NN,NN
9331,Armenia_2005,0,342,10,of,of,IN,IN
9332,Armenia_2005,0,342,11,Chairman,chairman,NNP,NN
9333,Armenia_2005,0,342,12,of,of,IN,IN
9334,Armenia_2005,0,342,13,the,the,DT,DT
9335,Armenia_2005,0,342,14,Audit,audit,NNP,NN
9336,Armenia_2005,0,342,15,Chamber,chamber,NNP,NN
9337,Armenia_2005,0,342,16,for,for,IN,IN
9338,Armenia_2005,0,342,17,more,more,JJR,JJ
9339,Armenia_2005,0,342,18,than,than,IN,IN
9340,Armenia_2005,0,342,19,two,two,CD,CD
9341,Armenia_2005,0,342,20,consecutive,consecutive,JJ,JJ
9342,Armenia_2005,0,342,21,terms,terms,NNS,NN
9343,Armenia_2005,0,343,0,Article,article,NN,NN
9344,Armenia_2005,0,343,1,83.5,835,CD,CD
9345,Armenia_2005,0,343,2,Share,share,NNP,NN
9346,Armenia_2005,0,343,3,The,the,DT,DT
9347,Armenia_2005,0,343,4,issues,issues,NNS,NN
9348,Armenia_2005,0,343,5,below,below,IN,IN
9349,Armenia_2005,0,343,6,shall,shall,MD,MD
9350,Armenia_2005,0,343,7,be,be,VB,VB
9351,Armenia_2005,0,343,8,set,set,VBN,VB
9352,Armenia_2005,0,343,9,forth,forth,RB,RB
9353,Armenia_2005,0,343,10,exclusively,exclusively,RB,RB
9354,Armenia_2005,0,343,11,by,by,IN,IN
9355,Armenia_2005,0,343,12,the,the,DT,DT
9356,Armenia_2005,0,343,13,laws,laws,NNS,NN
9357,Armenia_2005,0,343,14,of,of,IN,IN
9358,Armenia_2005,0,343,15,the,the,DT,DT
9359,Armenia_2005,0,343,16,Republic,republic,NNP,NN
9360,Armenia_2005,0,343,17,of,of,IN,IN
9361,Armenia_2005,0,343,18,Armenia,armenia,NNP,NN
9362,Armenia_2005,0,343,20,1.terms,1terms,CD,CD
9363,Armenia_2005,0,343,21,and,and,CC,CC
9364,Armenia_2005,0,343,22,procedures,procedures,NNS,NN
9365,Armenia_2005,0,343,23,for,for,IN,IN
9366,Armenia_2005,0,343,24,the,the,DT,DT
9367,Armenia_2005,0,343,25,exercise,exercise,NN,NN
9368,Armenia_2005,0,343,26,and,and,CC,CC
9369,Armenia_2005,0,343,27,protection,protection,NN,NN
9370,Armenia_2005,0,343,28,of,of,IN,IN
9371,Armenia_2005,0,343,29,the,the,DT,DT
9372,Armenia_2005,0,343,30,rights,rights,NNS,NN
9373,Armenia_2005,0,343,31,by,by,IN,IN
9374,Armenia_2005,0,343,32,natural,natural,JJ,JJ
9375,Armenia_2005,0,343,33,persons,persons,NNS,NN
9376,Armenia_2005,0,343,34,and,and,CC,CC
9377,Armenia_2005,0,343,35,legal,legal,JJ,JJ
9378,Armenia_2005,0,343,36,entities,entities,NNS,NN
9379,Armenia_2005,0,343,38,2.restrictions,2restrictions,CD,CD
9380,Armenia_2005,0,343,39,on,on,IN,IN
9381,Armenia_2005,0,343,40,the,the,DT,DT
9382,Armenia_2005,0,343,41,rights,rights,NNS,NN
9383,Armenia_2005,0,343,42,and,and,CC,CC
9384,Armenia_2005,0,343,43,liberties,liberties,NNS,NN
9385,Armenia_2005,0,343,44,of,of,IN,IN
9386,Armenia_2005,0,343,45,natural,natural,JJ,JJ
9387,Armenia_2005,0,343,46,persons,persons,NNS,NN
9388,Armenia_2005,0,343,47,and,and,CC,CC
9389,Armenia_2005,0,343,48,legal,legal,JJ,JJ
9390,Armenia_2005,0,343,49,entities,entities,NNS,NN
9391,Armenia_2005,0,343,51,the,the,DT,DT
9392,Armenia_2005,0,343,52,obligations,obligations,NNS,NN
9393,Armenia_2005,0,343,54,as,as,RB,RB
9394,Armenia_2005,0,343,55,well,well,RB,RB
9395,Armenia_2005,0,343,56,as,as,IN,IN
9396,Armenia_2005,0,343,57,forms,forms,NNS,NN
9397,Armenia_2005,0,343,59,extent,extent,NN,NN
9398,Armenia_2005,0,343,60,and,and,CC,CC
9399,Armenia_2005,0,343,61,procedure,procedure,NN,NN
9400,Armenia_2005,0,343,62,for,for,IN,IN
9401,Armenia_2005,0,343,63,the,the,DT,DT
9402,Armenia_2005,0,343,64,accountability,accountability,NN,NN
9403,Armenia_2005,0,343,65,thereof,thereof,NN,NN
9404,Armenia_2005,0,343,67,means,means,NNS,NN
9405,Armenia_2005,0,343,68,of,of,IN,IN
9406,Armenia_2005,0,343,69,compulsion,compulsion,NN,NN
9407,Armenia_2005,0,343,70,and,and,CC,CC
9408,Armenia_2005,0,343,71,the,the,DT,DT
9409,Armenia_2005,0,343,72,procedure,procedure,NN,NN
9410,Armenia_2005,0,343,73,for,for,IN,IN
9411,Armenia_2005,0,343,74,such,such,JJ,JJ
9412,Armenia_2005,0,343,76,types,types,NNS,NN
9413,Armenia_2005,0,343,78,amounts,amounts,NNS,NN
9414,Armenia_2005,0,343,79,and,and,CC,CC
9415,Armenia_2005,0,343,80,procedures,procedures,NNS,NN
9416,Armenia_2005,0,343,81,for,for,IN,IN
9417,Armenia_2005,0,343,82,the,the,DT,DT
9418,Armenia_2005,0,343,83,payment,payment,NN,NN
9419,Armenia_2005,0,343,84,of,of,IN,IN
9420,Armenia_2005,0,343,85,taxes,taxes,NNS,NN
9421,Armenia_2005,0,343,87,duties,duties,NNS,NN
9422,Armenia_2005,0,343,88,and,and,CC,CC
9423,Armenia_2005,0,343,89,other,other,JJ,JJ
9424,Armenia_2005,0,343,90,binding,binding,NN,NN
9425,Armenia_2005,0,343,91,fees,fees,NNS,NN
9426,Armenia_2005,0,343,92,payable,payable,JJ,JJ
9427,Armenia_2005,0,343,93,by,by,IN,IN
9428,Armenia_2005,0,343,94,natural,natural,JJ,JJ
9429,Armenia_2005,0,343,95,persons,persons,NNS,NN
9430,Armenia_2005,0,343,96,and,and,CC,CC
9431,Armenia_2005,0,343,97,legal,legal,JJ,JJ
9432,Armenia_2005,0,343,98,entities,entities,NNS,NN
9433,Armenia_2005,0,343,100,3.cases,3cases,CD,CD
9434,Armenia_2005,0,343,102,terms,terms,NNS,NN
9435,Armenia_2005,0,343,103,and,and,CC,CC
9436,Armenia_2005,0,343,104,procedures,procedures,NNS,NN
9437,Armenia_2005,0,343,105,for,for,IN,IN
9438,Armenia_2005,0,343,106,control,control,NN,NN
9439,Armenia_2005,0,343,107,and,and,CC,CC
9440,Armenia_2005,0,343,108,oversight,oversight,NN,NN
9441,Armenia_2005,0,343,109,over,over,IN,IN
9442,Armenia_2005,0,343,110,the,the,DT,DT
9443,Armenia_2005,0,343,111,activities,activities,NNS,NN
9444,Armenia_2005,0,343,112,of,of,IN,IN
9445,Armenia_2005,0,343,113,natural,natural,JJ,JJ
9446,Armenia_2005,0,343,114,persons,persons,NNS,NN
9447,Armenia_2005,0,343,115,and,and,CC,CC
9448,Armenia_2005,0,343,116,legal,legal,JJ,JJ
9449,Armenia_2005,0,343,117,entities,entities,NNS,NN
9450,Armenia_2005,0,343,119,including,including,VBG,VB
9451,Armenia_2005,0,343,120,checks,checks,NNS,NN
9452,Armenia_2005,0,343,122,examinations,examinations,NNS,NN
9453,Armenia_2005,0,343,123,and,and,CC,CC
9454,Armenia_2005,0,343,124,inspections,inspections,NNS,NN
9455,Armenia_2005,0,343,127,4.terms,4terms,CD,CD
9456,Armenia_2005,0,343,128,and,and,CC,CC
9457,Armenia_2005,0,343,129,procedure,procedure,NN,NN
9458,Armenia_2005,0,343,130,for,for,IN,IN
9459,Armenia_2005,0,343,131,establishing,establishing,VBG,VB
9460,Armenia_2005,0,343,132,legal,legal,JJ,JJ
9461,Armenia_2005,0,343,133,entities,entities,NNS,NN
9462,Armenia_2005,0,343,135,and,and,CC,CC
9463,Armenia_2005,0,343,136,suspending,suspending,VBG,VB
9464,Armenia_2005,0,343,137,or,or,CC,CC
9465,Armenia_2005,0,343,138,terminating,terminating,VBG,VB
9466,Armenia_2005,0,343,139,the,the,DT,DT
9467,Armenia_2005,0,343,140,activities,activities,NNS,NN
9468,Armenia_2005,0,343,141,thereof,thereof,VBP,VB
9469,Armenia_2005,0,343,143,5.list,5list,CD,CD
9470,Armenia_2005,0,343,144,of,of,IN,IN
9471,Armenia_2005,0,343,145,information,information,NN,NN
9472,Armenia_2005,0,343,146,not,not,RB,RB
9473,Armenia_2005,0,343,147,deemed,deemed,VBN,VB
9474,Armenia_2005,0,343,148,private,private,JJ,JJ
9475,Armenia_2005,0,343,149,or,or,CC,CC
9476,Armenia_2005,0,343,150,a,a,DT,DT
9477,Armenia_2005,0,343,151,family,family,NN,NN
9478,Armenia_2005,0,343,152,secret,secret,NN,NN
9479,Armenia_2005,0,343,153,for,for,IN,IN
9480,Armenia_2005,0,343,154,natural,natural,JJ,JJ
9481,Armenia_2005,0,343,155,persons,persons,NNS,NN
9482,Armenia_2005,0,343,157,or,or,CC,CC
9483,Armenia_2005,0,343,158,a,a,DT,DT
9484,Armenia_2005,0,343,159,commercial,commercial,JJ,JJ
9485,Armenia_2005,0,343,160,secret,secret,NN,NN
9486,Armenia_2005,0,343,161,for,for,IN,IN
9487,Armenia_2005,0,343,162,legal,legal,JJ,JJ
9488,Armenia_2005,0,343,163,entities,entities,NNS,NN
9489,Armenia_2005,0,343,165,6.cases,6cases,CD,CD
9490,Armenia_2005,0,343,167,procedure,procedure,NN,NN
9491,Armenia_2005,0,343,168,and,and,CC,CC
9492,Armenia_2005,0,343,169,terms,terms,NNS,NN
9493,Armenia_2005,0,343,170,for,for,IN,IN
9494,Armenia_2005,0,343,171,criminal,criminal,NN,NN
9495,Armenia_2005,0,343,173,administrative,administrative,JJ,JJ
9496,Armenia_2005,0,343,175,economic,economic,JJ,JJ
9497,Armenia_2005,0,343,177,property,property,NN,NN
9498,Armenia_2005,0,343,179,or,or,CC,CC
9499,Armenia_2005,0,343,180,disciplinary,disciplinary,JJ,JJ
9500,Armenia_2005,0,343,181,liability,liability,NN,NN
9501,Armenia_2005,0,343,183,the,the,DT,DT
9502,Armenia_2005,0,343,184,procedure,procedure,NN,NN
9503,Armenia_2005,0,343,185,for,for,IN,IN
9504,Armenia_2005,0,343,186,serving,serving,VBG,VB
9505,Armenia_2005,0,343,187,criminal,criminal,JJ,JJ
9506,Armenia_2005,0,343,188,sentences,sentences,NNS,NN
9507,Armenia_2005,0,343,190,the,the,DT,DT
9508,Armenia_2005,0,343,191,procedure,procedure,NN,NN
9509,Armenia_2005,0,343,192,for,for,IN,IN
9510,Armenia_2005,0,343,193,compulsory,compulsory,JJ,JJ
9511,Armenia_2005,0,343,194,execution,execution,NN,NN
9512,Armenia_2005,0,343,195,of,of,IN,IN
9513,Armenia_2005,0,343,196,judicial,judicial,JJ,JJ
9514,Armenia_2005,0,343,197,and,and,CC,CC
9515,Armenia_2005,0,343,198,administrative,administrative,JJ,JJ
9516,Armenia_2005,0,343,199,acts,acts,NNS,NN
9517,Armenia_2005,0,343,201,the,the,DT,DT
9518,Armenia_2005,0,343,202,status,status,NN,NN
9519,Armenia_2005,0,343,203,and,and,CC,CC
9520,Armenia_2005,0,343,204,powers,powers,NNS,NN
9521,Armenia_2005,0,343,205,of,of,IN,IN
9522,Armenia_2005,0,343,206,prosecutors,prosecutors,NNS,NN
9523,Armenia_2005,0,343,207,and,and,CC,CC
9524,Armenia_2005,0,343,208,attorneys,attorneys,NNS,NN
9525,Armenia_2005,0,343,210,7.procedure,7procedure,CD,CD
9526,Armenia_2005,0,343,211,for,for,IN,IN
9527,Armenia_2005,0,343,212,holding,holding,VBG,VB
9528,Armenia_2005,0,343,213,referenda,referenda,NN,NN
9529,Armenia_2005,0,343,214,and,and,CC,CC
9530,Armenia_2005,0,343,215,elections,elections,NNS,NN
9531,Armenia_2005,0,343,216,of,of,IN,IN
9532,Armenia_2005,0,343,217,the,the,DT,DT
9533,Armenia_2005,0,343,218,President,president,NNP,NN
9534,Armenia_2005,0,343,219,of,of,IN,IN
9535,Armenia_2005,0,343,220,the,the,DT,DT
9536,Armenia_2005,0,343,221,Republic,republic,NNP,NN
9537,Armenia_2005,0,343,222,of,of,IN,IN
9538,Armenia_2005,0,343,223,Armenia,armenia,NNP,NN
9539,Armenia_2005,0,343,225,the,the,DT,DT
9540,Armenia_2005,0,343,226,National,national,NNP,NN
9541,Armenia_2005,0,343,227,Assembly,assembly,NNP,NN
9542,Armenia_2005,0,343,228,and,and,CC,CC
9543,Armenia_2005,0,343,229,bodies,bodies,NNS,NN
9544,Armenia_2005,0,343,230,of,of,IN,IN
9545,Armenia_2005,0,343,231,local,local,JJ,JJ
9546,Armenia_2005,0,343,232,self-government,selfgovernment,NN,NN
9547,Armenia_2005,0,343,234,8.procedure,8procedure,CD,CD
9548,Armenia_2005,0,343,235,for,for,IN,IN
9549,Armenia_2005,0,343,236,the,the,DT,DT
9550,Armenia_2005,0,343,237,state,state,NN,NN
9551,Armenia_2005,0,343,238,budget,budget,NN,NN
9552,Armenia_2005,0,343,239,revenues,revenues,NNS,NN
9553,Armenia_2005,0,343,240,and,and,CC,CC
9554,Armenia_2005,0,343,241,expenditures,expenditures,VBZ,VB
9555,Armenia_2005,0,343,243,9.procedure,9procedure,CD,CD
9556,Armenia_2005,0,343,244,and,and,CC,CC
9557,Armenia_2005,0,343,245,terms,terms,NNS,NN
9558,Armenia_2005,0,343,246,for,for,IN,IN
9559,Armenia_2005,0,343,247,concluding,concluding,VBG,VB
9560,Armenia_2005,0,343,248,and,and,CC,CC
9561,Armenia_2005,0,343,249,denouncing,denouncing,VBG,VB
9562,Armenia_2005,0,343,250,the,the,DT,DT
9563,Armenia_2005,0,343,251,international,international,JJ,JJ
9564,Armenia_2005,0,343,252,agreements,agreements,NNS,NN
9565,Armenia_2005,0,343,253,of,of,IN,IN
9566,Armenia_2005,0,343,254,the,the,DT,DT
9567,Armenia_2005,0,343,255,Republic,republic,NNP,NN
9568,Armenia_2005,0,343,256,of,of,IN,IN
9569,Armenia_2005,0,343,257,Armenia,armenia,NNP,NN
9570,Armenia_2005,0,343,259,10.legal,10legal,CD,CD
9571,Armenia_2005,0,343,260,status,status,NN,NN
9572,Armenia_2005,0,343,261,of,of,IN,IN
9573,Armenia_2005,0,343,262,the,the,DT,DT
9574,Armenia_2005,0,343,263,political,political,JJ,JJ
9575,Armenia_2005,0,343,264,parties,parties,NNS,NN
9576,Armenia_2005,0,343,265,and,and,CC,CC
9577,Armenia_2005,0,343,266,other,other,JJ,JJ
9578,Armenia_2005,0,343,267,non-governmental,nongovernmental,JJ,JJ
9579,Armenia_2005,0,343,268,associations,associations,NNS,NN
9580,Armenia_2005,0,343,270,as,as,RB,RB
9581,Armenia_2005,0,343,271,well,well,RB,RB
9582,Armenia_2005,0,343,272,as,as,IN,IN
9583,Armenia_2005,0,343,273,mass,mass,NN,NN
9584,Armenia_2005,0,343,274,media,media,NNS,NN
9585,Armenia_2005,0,343,275,entities,entities,NNS,NN
9586,Armenia_2005,0,343,277,11.The,11the,CD,CD
9587,Armenia_2005,0,343,278,names,names,NNS,NN
9588,Armenia_2005,0,343,279,and,and,CC,CC
9589,Armenia_2005,0,343,280,borders,borders,NNS,NN
9590,Armenia_2005,0,343,281,of,of,IN,IN
9591,Armenia_2005,0,343,282,the,the,DT,DT
9592,Armenia_2005,0,343,283,administrative-territorial,administrativeterritorial,JJ,JJ
9593,Armenia_2005,0,343,284,units,units,NNS,NN
9594,Armenia_2005,0,343,285,of,of,IN,IN
9595,Armenia_2005,0,343,286,the,the,DT,DT
9596,Armenia_2005,0,343,287,Republic,republic,NNP,NN
9597,Armenia_2005,0,343,288,of,of,IN,IN
9598,Armenia_2005,0,343,289,Armenia,armenia,NNP,NN
9599,Armenia_2005,0,344,0,Article,article,NN,NN
9600,Armenia_2005,0,344,1,84,84,CD,CD
9601,Armenia_2005,0,344,2,Share,share,NNP,NN
9602,Armenia_2005,0,344,3,The,the,DT,DT
9603,Armenia_2005,0,344,4,National,national,NNP,NN
9604,Armenia_2005,0,344,5,Assembly,assembly,NNP,NN
9605,Armenia_2005,0,344,6,may,may,MD,MD
9606,Armenia_2005,0,344,7,adopt,adopt,VB,VB
9607,Armenia_2005,0,344,8,a,a,DT,DT
9608,Armenia_2005,0,344,9,vote,vote,NN,NN
9609,Armenia_2005,0,344,10,of,of,IN,IN
9610,Armenia_2005,0,344,11,no,no,DT,DT
9611,Armenia_2005,0,344,12,confidence,confidence,NN,NN
9612,Armenia_2005,0,344,13,in,in,IN,IN
9613,Armenia_2005,0,344,14,the,the,DT,DT
9614,Armenia_2005,0,344,15,Government,government,NNP,NN
9615,Armenia_2005,0,344,16,by,by,IN,IN
9616,Armenia_2005,0,344,17,a,a,DT,DT
9617,Armenia_2005,0,344,18,majority,majority,NN,NN
9618,Armenia_2005,0,344,19,vote,vote,NN,NN
9619,Armenia_2005,0,344,20,of,of,IN,IN
9620,Armenia_2005,0,344,21,the,the,DT,DT
9621,Armenia_2005,0,344,22,total,total,JJ,JJ
9622,Armenia_2005,0,344,23,number,number,NN,NN
9623,Armenia_2005,0,344,24,of,of,IN,IN
9624,Armenia_2005,0,344,25,Deputies,deputies,NNS,NN
9625,Armenia_2005,0,345,0,A,a,DT,DT
9626,Armenia_2005,0,345,1,motion,motion,NN,NN
9627,Armenia_2005,0,345,2,of,of,IN,IN
9628,Armenia_2005,0,345,3,no,no,DT,DT
9629,Armenia_2005,0,345,4,confidence,confidence,NN,NN
9630,Armenia_2005,0,345,5,to,to,TO,TO
9631,Armenia_2005,0,345,6,the,the,DT,DT
9632,Armenia_2005,0,345,7,Government,government,NNP,NN
9633,Armenia_2005,0,345,8,may,may,MD,MD
9634,Armenia_2005,0,345,9,be,be,VB,VB
9635,Armenia_2005,0,345,10,presented,presented,VBN,VB
9636,Armenia_2005,0,345,11,by,by,IN,IN
9637,Armenia_2005,0,345,12,the,the,DT,DT
9638,Armenia_2005,0,345,13,President,president,NNP,NN
9639,Armenia_2005,0,345,14,of,of,IN,IN
9640,Armenia_2005,0,345,15,the,the,DT,DT
9641,Armenia_2005,0,345,16,Republic,republic,NNP,NN
9642,Armenia_2005,0,345,17,or,or,CC,CC
9643,Armenia_2005,0,345,18,by,by,IN,IN
9644,Armenia_2005,0,345,19,at,at,IN,IN
9645,Armenia_2005,0,345,20,least,least,JJS,JJ
9646,Armenia_2005,0,345,21,one-third,onethird,JJ,JJ
9647,Armenia_2005,0,345,22,of,of,IN,IN
9648,Armenia_2005,0,345,23,the,the,DT,DT
9649,Armenia_2005,0,345,24,total,total,JJ,JJ
9650,Armenia_2005,0,345,25,number,number,NN,NN
9651,Armenia_2005,0,345,26,of,of,IN,IN
9652,Armenia_2005,0,345,27,Deputies,deputies,NNS,NN
9653,Armenia_2005,0,346,0,In,in,IN,IN
9654,Armenia_2005,0,346,1,situations,situations,NNS,NN
9655,Armenia_2005,0,346,2,of,of,IN,IN
9656,Armenia_2005,0,346,3,martial,martial,JJ,JJ
9657,Armenia_2005,0,346,4,law,law,NN,NN
9658,Armenia_2005,0,346,5,or,or,CC,CC
9659,Armenia_2005,0,346,6,a,a,DT,DT
9660,Armenia_2005,0,346,7,state,state,NN,NN
9661,Armenia_2005,0,346,8,of,of,IN,IN
9662,Armenia_2005,0,346,9,emergency,emergency,NN,NN
9663,Armenia_2005,0,346,11,such,such,PDT,PD
9664,Armenia_2005,0,346,12,a,a,DT,DT
9665,Armenia_2005,0,346,13,motion,motion,NN,NN
9666,Armenia_2005,0,346,14,may,may,MD,MD
9667,Armenia_2005,0,346,15,not,not,RB,RB
9668,Armenia_2005,0,346,16,be,be,VB,VB
9669,Armenia_2005,0,346,17,presented,presented,VBN,VB
9670,Armenia_2005,0,347,0,The,the,DT,DT
9671,Armenia_2005,0,347,1,motion,motion,NN,NN
9672,Armenia_2005,0,347,2,of,of,IN,IN
9673,Armenia_2005,0,347,3,no,no,DT,DT
9674,Armenia_2005,0,347,4,confidence,confidence,NN,NN
9675,Armenia_2005,0,347,5,in,in,IN,IN
9676,Armenia_2005,0,347,6,the,the,DT,DT
9677,Armenia_2005,0,347,7,Government,government,NNP,NN
9678,Armenia_2005,0,347,8,shall,shall,MD,MD
9679,Armenia_2005,0,347,9,be,be,VB,VB
9680,Armenia_2005,0,347,10,voted,voted,VBN,VB
9681,Armenia_2005,0,347,11,on,on,IN,IN
9682,Armenia_2005,0,347,12,no,no,DT,DT
9683,Armenia_2005,0,347,13,sooner,sooner,NN,NN
9684,Armenia_2005,0,347,14,than,than,IN,IN
9685,Armenia_2005,0,347,15,forty,forty,JJ,JJ
9686,Armenia_2005,0,347,16,eight,eight,CD,CD
9687,Armenia_2005,0,347,17,hours,hours,NNS,NN
9688,Armenia_2005,0,347,18,and,and,CC,CC
9689,Armenia_2005,0,347,19,no,no,DT,DT
9690,Armenia_2005,0,347,20,later,later,JJR,JJ
9691,Armenia_2005,0,347,21,than,than,IN,IN
9692,Armenia_2005,0,347,22,seventy-two,seventytwo,JJ,JJ
9693,Armenia_2005,0,347,23,hours,hours,NNS,NN
9694,Armenia_2005,0,347,24,from,from,IN,IN
9695,Armenia_2005,0,347,25,its,its,PRP$,PR
9696,Armenia_2005,0,347,26,initial,initial,JJ,JJ
9697,Armenia_2005,0,347,27,submittal,submittal,NN,NN
9698,Armenia_2005,0,348,0,CHAPTER,chapter,NN,NN
9699,Armenia_2005,0,348,1,5,5,CD,CD
9700,Armenia_2005,0,349,0,THE,the,DT,DT
9701,Armenia_2005,0,349,1,GOVERNMENT,government,NNP,NN
9702,Armenia_2005,0,349,2,Share,share,NNP,NN
9703,Armenia_2005,0,349,3,Article,article,NNP,NN
9704,Armenia_2005,0,349,4,85,85,CD,CD
9705,Armenia_2005,0,349,5,Share,share,NNP,NN
9706,Armenia_2005,0,349,6,The,the,DT,DT
9707,Armenia_2005,0,349,7,Government,government,NNP,NN
9708,Armenia_2005,0,349,8,shall,shall,MD,MD
9709,Armenia_2005,0,349,9,determine,determine,VB,VB
9710,Armenia_2005,0,349,10,and,and,CC,CC
9711,Armenia_2005,0,349,11,implement,implement,VB,VB
9712,Armenia_2005,0,349,12,the,the,DT,DT
9713,Armenia_2005,0,349,13,domestic,domestic,JJ,JJ
9714,Armenia_2005,0,349,14,policy,policy,NN,NN
9715,Armenia_2005,0,349,15,of,of,IN,IN
9716,Armenia_2005,0,349,16,the,the,DT,DT
9717,Armenia_2005,0,349,17,Republic,republic,NNP,NN
9718,Armenia_2005,0,349,18,of,of,IN,IN
9719,Armenia_2005,0,349,19,Armenia,armenia,NNP,NN
9720,Armenia_2005,0,350,0,The,the,DT,DT
9721,Armenia_2005,0,350,1,Government,government,NNP,NN
9722,Armenia_2005,0,350,2,shall,shall,MD,MD
9723,Armenia_2005,0,350,3,determine,determine,VB,VB
9724,Armenia_2005,0,350,4,and,and,CC,CC
9725,Armenia_2005,0,350,5,implement,implement,VB,VB
9726,Armenia_2005,0,350,6,the,the,DT,DT
9727,Armenia_2005,0,350,7,foreign,foreign,JJ,JJ
9728,Armenia_2005,0,350,8,policy,policy,NN,NN
9729,Armenia_2005,0,350,9,of,of,IN,IN
9730,Armenia_2005,0,350,10,the,the,DT,DT
9731,Armenia_2005,0,350,11,Republic,republic,NNP,NN
9732,Armenia_2005,0,350,12,of,of,IN,IN
9733,Armenia_2005,0,350,13,Armenia,armenia,NNP,NN
9734,Armenia_2005,0,350,14,jointly,jointly,RB,RB
9735,Armenia_2005,0,350,15,with,with,IN,IN
9736,Armenia_2005,0,350,16,the,the,DT,DT
9737,Armenia_2005,0,350,17,President,president,NNP,NN
9738,Armenia_2005,0,350,18,of,of,IN,IN
9739,Armenia_2005,0,350,19,the,the,DT,DT
9740,Armenia_2005,0,350,20,Republic,republic,NNP,NN
9741,Armenia_2005,0,351,0,The,the,DT,DT
9742,Armenia_2005,0,351,1,authority,authority,NN,NN
9743,Armenia_2005,0,351,2,of,of,IN,IN
9744,Armenia_2005,0,351,3,the,the,DT,DT
9745,Armenia_2005,0,351,4,Government,government,NNP,NN
9746,Armenia_2005,0,351,5,shall,shall,MD,MD
9747,Armenia_2005,0,351,6,encompass,encompass,VB,VB
9748,Armenia_2005,0,351,7,all,all,DT,DT
9749,Armenia_2005,0,351,8,matters,matters,NNS,NN
9750,Armenia_2005,0,351,9,of,of,IN,IN
9751,Armenia_2005,0,351,10,public,public,JJ,JJ
9752,Armenia_2005,0,351,11,administration,administration,NN,NN
9753,Armenia_2005,0,351,12,not,not,RB,RB
9754,Armenia_2005,0,351,13,bestowed,bestowed,VBN,VB
9755,Armenia_2005,0,351,14,on,on,IN,IN
9756,Armenia_2005,0,351,15,other,other,JJ,JJ
9757,Armenia_2005,0,351,16,state,state,NN,NN
9758,Armenia_2005,0,351,17,or,or,CC,CC
9759,Armenia_2005,0,351,18,local,local,JJ,JJ
9760,Armenia_2005,0,351,19,self-government,selfgovernment,JJ,JJ
9761,Armenia_2005,0,351,20,bodies,bodies,NNS,NN
9762,Armenia_2005,0,352,0,By,by,IN,IN
9763,Armenia_2005,0,352,1,virtue,virtue,NN,NN
9764,Armenia_2005,0,352,2,of,of,IN,IN
9765,Armenia_2005,0,352,3,the,the,DT,DT
9766,Armenia_2005,0,352,4,Constitution,constitution,NNP,NN
9767,Armenia_2005,0,352,6,the,the,DT,DT
9768,Armenia_2005,0,352,7,Government,government,NNP,NN
9769,Armenia_2005,0,352,8,shall,shall,MD,MD
9770,Armenia_2005,0,352,9,adopt,adopt,VB,VB
9771,Armenia_2005,0,352,10,decisions,decisions,NNS,NN
9772,Armenia_2005,0,352,11,which,which,WDT,WD
9773,Armenia_2005,0,352,12,are,are,VBP,VB
9774,Armenia_2005,0,352,13,subject,subject,JJ,JJ
9775,Armenia_2005,0,352,14,to,to,TO,TO
9776,Armenia_2005,0,352,15,observance,observance,VB,VB
9777,Armenia_2005,0,352,16,in,in,IN,IN
9778,Armenia_2005,0,352,17,the,the,DT,DT
9779,Armenia_2005,0,352,18,whole,whole,JJ,JJ
9780,Armenia_2005,0,352,19,territory,territory,NN,NN
9781,Armenia_2005,0,352,20,of,of,IN,IN
9782,Armenia_2005,0,352,21,the,the,DT,DT
9783,Armenia_2005,0,352,22,Republic,republic,NNP,NN
9784,Armenia_2005,0,352,24,on,on,IN,IN
9785,Armenia_2005,0,352,25,international,international,JJ,JJ
9786,Armenia_2005,0,352,26,agreements,agreements,NNS,NN
9787,Armenia_2005,0,352,28,the,the,DT,DT
9788,Armenia_2005,0,352,29,laws,laws,NNS,NN
9789,Armenia_2005,0,352,30,of,of,IN,IN
9790,Armenia_2005,0,352,31,the,the,DT,DT
9791,Armenia_2005,0,352,32,Republic,republic,NNP,NN
9792,Armenia_2005,0,352,33,of,of,IN,IN
9793,Armenia_2005,0,352,34,Armenia,armenia,NNP,NN
9794,Armenia_2005,0,352,36,and,and,CC,CC
9795,Armenia_2005,0,352,37,normative,normative,JJ,JJ
9796,Armenia_2005,0,352,38,acts,acts,NNS,NN
9797,Armenia_2005,0,352,39,of,of,IN,IN
9798,Armenia_2005,0,352,40,the,the,DT,DT
9799,Armenia_2005,0,352,41,President,president,NNP,NN
9800,Armenia_2005,0,352,42,of,of,IN,IN
9801,Armenia_2005,0,352,43,the,the,DT,DT
9802,Armenia_2005,0,352,44,Republic,republic,NNP,NN
9803,Armenia_2005,0,352,46,ensuring,ensuring,VBG,VB
9804,Armenia_2005,0,352,47,the,the,DT,DT
9805,Armenia_2005,0,352,48,implementation,implementation,NN,NN
9806,Armenia_2005,0,352,49,thereof,thereof,NN,NN
9807,Armenia_2005,0,353,0,The,the,DT,DT
9808,Armenia_2005,0,353,1,Government,government,NNP,NN
9809,Armenia_2005,0,353,2,shall,shall,MD,MD
9810,Armenia_2005,0,353,3,be,be,VB,VB
9811,Armenia_2005,0,353,4,formed,formed,VBN,VB
9812,Armenia_2005,0,353,5,of,of,IN,IN
9813,Armenia_2005,0,353,6,the,the,DT,DT
9814,Armenia_2005,0,353,7,Prime,prime,NNP,NN
9815,Armenia_2005,0,353,8,Minister,minister,NNP,NN
9816,Armenia_2005,0,353,9,and,and,CC,CC
9817,Armenia_2005,0,353,10,the,the,DT,DT
9818,Armenia_2005,0,353,11,Ministers,ministers,NNP,NN
9819,Armenia_2005,0,354,0,One,one,CD,CD
9820,Armenia_2005,0,354,1,of,of,IN,IN
9821,Armenia_2005,0,354,2,the,the,DT,DT
9822,Armenia_2005,0,354,3,Ministers,ministers,NNP,NN
9823,Armenia_2005,0,354,5,upon,upon,IN,IN
9824,Armenia_2005,0,354,6,the,the,DT,DT
9825,Armenia_2005,0,354,7,proposal,proposal,NN,NN
9826,Armenia_2005,0,354,8,of,of,IN,IN
9827,Armenia_2005,0,354,9,the,the,DT,DT
9828,Armenia_2005,0,354,10,Prime,prime,NNP,NN
9829,Armenia_2005,0,354,11,Minister,minister,NNP,NN
9830,Armenia_2005,0,354,13,may,may,MD,MD
9831,Armenia_2005,0,354,14,be,be,VB,VB
9832,Armenia_2005,0,354,15,appointed,appointed,VBN,VB
9833,Armenia_2005,0,354,16,by,by,IN,IN
9834,Armenia_2005,0,354,17,the,the,DT,DT
9835,Armenia_2005,0,354,18,President,president,NNP,NN
9836,Armenia_2005,0,354,19,as,as,IN,IN
9837,Armenia_2005,0,354,20,Deputy,deputy,NNP,NN
9838,Armenia_2005,0,354,21,Prime,prime,NNP,NN
9839,Armenia_2005,0,354,22,Minister,minister,NNP,NN
9840,Armenia_2005,0,354,23,and,and,CC,CC
9841,Armenia_2005,0,354,24,substitute,substitute,NN,NN
9842,Armenia_2005,0,354,25,for,for,IN,IN
9843,Armenia_2005,0,354,26,the,the,DT,DT
9844,Armenia_2005,0,354,27,Prime,prime,NNP,NN
9845,Armenia_2005,0,354,28,Minister,minister,NNP,NN
9846,Armenia_2005,0,354,29,in,in,IN,IN
9847,Armenia_2005,0,354,30,his/her,hisher,PRP$,PR
9848,Armenia_2005,0,354,31,absence,absence,NN,NN
9849,Armenia_2005,0,355,0,The,the,DT,DT
9850,Armenia_2005,0,355,1,Prime,prime,NNP,NN
9851,Armenia_2005,0,355,2,Minister,minister,NNP,NN
9852,Armenia_2005,0,355,3,and,and,CC,CC
9853,Armenia_2005,0,355,4,the,the,DT,DT
9854,Armenia_2005,0,355,5,Ministers,ministers,NNP,NN
9855,Armenia_2005,0,355,6,shall,shall,MD,MD
9856,Armenia_2005,0,355,7,be,be,VB,VB
9857,Armenia_2005,0,355,8,citizens,citizens,NNS,NN
9858,Armenia_2005,0,355,9,of,of,IN,IN
9859,Armenia_2005,0,355,10,the,the,DT,DT
9860,Armenia_2005,0,355,11,Republic,republic,NNP,NN
9861,Armenia_2005,0,355,12,of,of,IN,IN
9862,Armenia_2005,0,355,13,Armenia,armenia,NNP,NN
9863,Armenia_2005,0,356,0,The,the,DT,DT
9864,Armenia_2005,0,356,1,Constitution,constitution,NNP,NN
9865,Armenia_2005,0,356,2,and,and,CC,CC
9866,Armenia_2005,0,356,3,the,the,DT,DT
9867,Armenia_2005,0,356,4,laws,laws,NNS,NN
9868,Armenia_2005,0,356,5,shall,shall,MD,MD
9869,Armenia_2005,0,356,6,define,define,VB,VB
9870,Armenia_2005,0,356,7,the,the,DT,DT
9871,Armenia_2005,0,356,8,powers,powers,NNS,NN
9872,Armenia_2005,0,356,9,of,of,IN,IN
9873,Armenia_2005,0,356,10,the,the,DT,DT
9874,Armenia_2005,0,356,11,Government,government,NNP,NN
9875,Armenia_2005,0,357,0,The,the,DT,DT
9876,Armenia_2005,0,357,1,structure,structure,NN,NN
9877,Armenia_2005,0,357,2,of,of,IN,IN
9878,Armenia_2005,0,357,3,the,the,DT,DT
9879,Armenia_2005,0,357,4,Government,government,NNP,NN
9880,Armenia_2005,0,357,6,upon,upon,IN,IN
9881,Armenia_2005,0,357,7,a,a,DT,DT
9882,Armenia_2005,0,357,8,proposal,proposal,NN,NN
9883,Armenia_2005,0,357,9,of,of,IN,IN
9884,Armenia_2005,0,357,10,the,the,DT,DT
9885,Armenia_2005,0,357,11,Government,government,NNP,NN
9886,Armenia_2005,0,357,13,shall,shall,MD,MD
9887,Armenia_2005,0,357,14,be,be,VB,VB
9888,Armenia_2005,0,357,15,regulated,regulated,VBN,VB
9889,Armenia_2005,0,357,16,by,by,IN,IN
9890,Armenia_2005,0,357,17,law,law,NN,NN
9891,Armenia_2005,0,358,0,The,the,DT,DT
9892,Armenia_2005,0,358,1,procedure,procedure,NN,NN
9893,Armenia_2005,0,358,2,for,for,IN,IN
9894,Armenia_2005,0,358,3,the,the,DT,DT
9895,Armenia_2005,0,358,4,organization,organization,NN,NN
9896,Armenia_2005,0,358,5,of,of,IN,IN
9897,Armenia_2005,0,358,6,the,the,DT,DT
9898,Armenia_2005,0,358,7,operation,operation,NN,NN
9899,Armenia_2005,0,358,8,of,of,IN,IN
9900,Armenia_2005,0,358,9,the,the,DT,DT
9901,Armenia_2005,0,358,10,Government,government,NNP,NN
9902,Armenia_2005,0,358,11,and,and,CC,CC
9903,Armenia_2005,0,358,12,other,other,JJ,JJ
9904,Armenia_2005,0,358,13,bodies,bodies,NNS,NN
9905,Armenia_2005,0,358,14,of,of,IN,IN
9906,Armenia_2005,0,358,15,state,state,NN,NN
9907,Armenia_2005,0,358,16,administration,administration,NN,NN
9908,Armenia_2005,0,358,17,under,under,IN,IN
9909,Armenia_2005,0,358,18,the,the,DT,DT
9910,Armenia_2005,0,358,19,Government,government,NNP,NN
9911,Armenia_2005,0,358,20,shall,shall,MD,MD
9912,Armenia_2005,0,358,22,upon,upon,IN,IN
9913,Armenia_2005,0,358,23,the,the,DT,DT
9914,Armenia_2005,0,358,24,submission,submission,NN,NN
9915,Armenia_2005,0,358,25,of,of,IN,IN
9916,Armenia_2005,0,358,26,the,the,DT,DT
9917,Armenia_2005,0,358,27,Prime,prime,NNP,NN
9918,Armenia_2005,0,358,28,Minister,minister,NNP,NN
9919,Armenia_2005,0,358,30,be,be,VB,VB
9920,Armenia_2005,0,358,31,defined,defined,VBN,VB
9921,Armenia_2005,0,358,32,by,by,IN,IN
9922,Armenia_2005,0,358,33,the,the,DT,DT
9923,Armenia_2005,0,358,34,decree,decree,NN,NN
9924,Armenia_2005,0,358,35,of,of,IN,IN
9925,Armenia_2005,0,358,36,the,the,DT,DT
9926,Armenia_2005,0,358,37,President,president,NNP,NN
9927,Armenia_2005,0,358,38,of,of,IN,IN
9928,Armenia_2005,0,358,39,the,the,DT,DT
9929,Armenia_2005,0,358,40,Republic,republic,NNP,NN
9930,Armenia_2005,0,359,0,Article,article,NN,NN
9931,Armenia_2005,0,359,1,86,86,CD,CD
9932,Armenia_2005,0,359,2,Share,share,NNP,NN
9933,Armenia_2005,0,359,3,The,the,DT,DT
9934,Armenia_2005,0,359,4,Prime,prime,NNP,NN
9935,Armenia_2005,0,359,5,Minister,minister,NNP,NN
9936,Armenia_2005,0,359,6,shall,shall,MD,MD
9937,Armenia_2005,0,359,7,convene,convene,VB,VB
9938,Armenia_2005,0,359,8,and,and,CC,CC
9939,Armenia_2005,0,359,9,chair,chair,VB,VB
9940,Armenia_2005,0,359,10,the,the,DT,DT
9941,Armenia_2005,0,359,11,Government,government,NNP,NN
9942,Armenia_2005,0,359,12,sittings,sittings,NNS,NN
9943,Armenia_2005,0,360,0,The,the,DT,DT
9944,Armenia_2005,0,360,1,President,president,NNP,NN
9945,Armenia_2005,0,360,2,of,of,IN,IN
9946,Armenia_2005,0,360,3,the,the,DT,DT
9947,Armenia_2005,0,360,4,Republic,republic,NNP,NN
9948,Armenia_2005,0,360,5,may,may,MD,MD
9949,Armenia_2005,0,360,6,convene,convene,VB,VB
9950,Armenia_2005,0,360,7,and,and,CC,CC
9951,Armenia_2005,0,360,8,chair,chair,VB,VB
9952,Armenia_2005,0,360,9,a,a,DT,DT
9953,Armenia_2005,0,360,10,sitting,sitting,NN,NN
9954,Armenia_2005,0,360,11,of,of,IN,IN
9955,Armenia_2005,0,360,12,the,the,DT,DT
9956,Armenia_2005,0,360,13,Government,government,NNP,NN
9957,Armenia_2005,0,360,14,when,when,WRB,WR
9958,Armenia_2005,0,360,15,considering,considering,VBG,VB
9959,Armenia_2005,0,360,16,issues,issues,NNS,NN
9960,Armenia_2005,0,360,17,in,in,IN,IN
9961,Armenia_2005,0,360,18,connection,connection,NN,NN
9962,Armenia_2005,0,360,19,with,with,IN,IN
9963,Armenia_2005,0,360,20,foreign,foreign,JJ,JJ
9964,Armenia_2005,0,360,21,policy,policy,NN,NN
9965,Armenia_2005,0,360,23,defense,defense,NN,NN
9966,Armenia_2005,0,360,24,and,and,CC,CC
9967,Armenia_2005,0,360,25,national,national,JJ,JJ
9968,Armenia_2005,0,360,26,security,security,NN,NN
9969,Armenia_2005,0,361,0,The,the,DT,DT
9970,Armenia_2005,0,361,1,Government,government,NNP,NN
9971,Armenia_2005,0,361,2,decisions,decisions,NNS,NN
9972,Armenia_2005,0,361,3,shall,shall,MD,MD
9973,Armenia_2005,0,361,4,be,be,VB,VB
9974,Armenia_2005,0,361,5,signed,signed,VBN,VB
9975,Armenia_2005,0,361,6,by,by,IN,IN
9976,Armenia_2005,0,361,7,the,the,DT,DT
9977,Armenia_2005,0,361,8,Prime,prime,NNP,NN
9978,Armenia_2005,0,361,9,Minister,minister,NNP,NN
9979,Armenia_2005,0,362,0,The,the,DT,DT
9980,Armenia_2005,0,362,1,President,president,NNP,NN
9981,Armenia_2005,0,362,2,of,of,IN,IN
9982,Armenia_2005,0,362,3,the,the,DT,DT
9983,Armenia_2005,0,362,4,Republic,republic,NNP,NN
9984,Armenia_2005,0,362,5,can,can,MD,MD
9985,Armenia_2005,0,362,6,suspend,suspend,VB,VB
9986,Armenia_2005,0,362,7,the,the,DT,DT
9987,Armenia_2005,0,362,8,effect,effect,NN,NN
9988,Armenia_2005,0,362,9,of,of,IN,IN
9989,Armenia_2005,0,362,10,a,a,DT,DT
9990,Armenia_2005,0,362,11,Government,government,NNP,NN
9991,Armenia_2005,0,362,12,decision,decision,NN,NN
9992,Armenia_2005,0,362,13,for,for,IN,IN
9993,Armenia_2005,0,362,14,a,a,DT,DT
9994,Armenia_2005,0,362,15,period,period,NN,NN
9995,Armenia_2005,0,362,16,of,of,IN,IN
9996,Armenia_2005,0,362,17,one,one,CD,CD
9997,Armenia_2005,0,362,18,month,month,NN,NN
9998,Armenia_2005,0,362,19,and,and,CC,CC
9999,Armenia_2005,0,362,20,make,make,VB,VB
10000,Armenia_2005,0,362,21,an,an,DT,DT
10001,Armenia_2005,0,362,22,official,official,JJ,JJ
10002,Armenia_2005,0,362,23,request,request,NN,NN
10003,Armenia_2005,0,362,24,to,to,TO,TO
10004,Armenia_2005,0,362,25,the,the,DT,DT
10005,Armenia_2005,0,362,26,Constitutional,constitutional,NNP,NN
10006,Armenia_2005,0,362,27,Court,court,NNP,NN
10007,Armenia_2005,0,362,28,for,for,IN,IN
10008,Armenia_2005,0,362,29,the,the,DT,DT
10009,Armenia_2005,0,362,30,verification,verification,NN,NN
10010,Armenia_2005,0,362,31,of,of,IN,IN
10011,Armenia_2005,0,362,32,its,its,PRP$,PR
10012,Armenia_2005,0,362,33,compliance,compliance,NN,NN
10013,Armenia_2005,0,362,34,with,with,IN,IN
10014,Armenia_2005,0,362,35,the,the,DT,DT
10015,Armenia_2005,0,362,36,Constitution,constitution,NNP,NN
10016,Armenia_2005,0,363,0,Article,article,NN,NN
10017,Armenia_2005,0,363,1,87,87,CD,CD
10018,Armenia_2005,0,363,2,Share,share,NNP,NN
10019,Armenia_2005,0,363,3,The,the,DT,DT
10020,Armenia_2005,0,363,4,Prime,prime,NNP,NN
10021,Armenia_2005,0,363,5,Minister,minister,NNP,NN
10022,Armenia_2005,0,363,6,shall,shall,MD,MD
10023,Armenia_2005,0,363,7,oversee,oversee,VB,VB
10024,Armenia_2005,0,363,8,the,the,DT,DT
10025,Armenia_2005,0,363,9,Government,government,NNP,NN
10026,Armenia_2005,0,363,10,'s,s,POS,PO
10027,Armenia_2005,0,363,11,activities,activities,NNS,NN
10028,Armenia_2005,0,363,12,and,and,CC,CC
10029,Armenia_2005,0,363,13,shall,shall,MD,MD
10030,Armenia_2005,0,363,14,coordinate,coordinate,VB,VB
10031,Armenia_2005,0,363,15,the,the,DT,DT
10032,Armenia_2005,0,363,16,work,work,NN,NN
10033,Armenia_2005,0,363,17,of,of,IN,IN
10034,Armenia_2005,0,363,18,the,the,DT,DT
10035,Armenia_2005,0,363,19,Ministers,ministers,NNP,NN
10036,Armenia_2005,0,364,0,The,the,DT,DT
10037,Armenia_2005,0,364,1,Prime,prime,NNP,NN
10038,Armenia_2005,0,364,2,Minister,minister,NNP,NN
10039,Armenia_2005,0,364,3,shall,shall,MD,MD
10040,Armenia_2005,0,364,4,adopt,adopt,VB,VB
10041,Armenia_2005,0,364,5,decisions,decisions,NNS,NN
10042,Armenia_2005,0,364,6,on,on,IN,IN
10043,Armenia_2005,0,364,7,the,the,DT,DT
10044,Armenia_2005,0,364,8,organization,organization,NN,NN
10045,Armenia_2005,0,364,9,of,of,IN,IN
10046,Armenia_2005,0,364,10,Government,government,NNP,NN
10047,Armenia_2005,0,364,11,activities,activities,NNS,NN
10048,Armenia_2005,0,365,0,Article,article,NN,NN
10049,Armenia_2005,0,365,1,88,88,CD,CD
10050,Armenia_2005,0,365,2,Share,share,NN,NN
10051,Armenia_2005,0,365,3,A,a,DT,DT
10052,Armenia_2005,0,365,4,Government,government,NNP,NN
10053,Armenia_2005,0,365,5,member,member,NN,NN
10054,Armenia_2005,0,365,6,can,can,MD,MD
10055,Armenia_2005,0,365,7,not,not,RB,RB
10056,Armenia_2005,0,365,8,go,go,VB,VB
10057,Armenia_2005,0,365,9,into,into,IN,IN
10058,Armenia_2005,0,365,10,business,business,NN,NN
10059,Armenia_2005,0,365,12,hold,hold,VB,VB
10060,Armenia_2005,0,365,13,office,office,NN,NN
10061,Armenia_2005,0,365,14,unrelated,unrelated,JJ,JJ
10062,Armenia_2005,0,365,15,to,to,TO,TO
10063,Armenia_2005,0,365,16,his,his,PRP$,PR
10064,Armenia_2005,0,365,17,duties,duties,NNS,NN
10065,Armenia_2005,0,365,18,in,in,IN,IN
10066,Armenia_2005,0,365,19,a,a,DT,DT
10067,Armenia_2005,0,365,20,state,state,NN,NN
10068,Armenia_2005,0,365,21,or,or,CC,CC
10069,Armenia_2005,0,365,22,local,local,JJ,JJ
10070,Armenia_2005,0,365,23,self-administration,selfadministration,NN,NN
10071,Armenia_2005,0,365,24,body,body,NN,NN
10072,Armenia_2005,0,365,25,or,or,CC,CC
10073,Armenia_2005,0,365,26,in,in,IN,IN
10074,Armenia_2005,0,365,27,a,a,DT,DT
10075,Armenia_2005,0,365,28,commercial,commercial,JJ,JJ
10076,Armenia_2005,0,365,29,enterprise,enterprise,NN,NN
10077,Armenia_2005,0,365,31,or,or,CC,CC
10078,Armenia_2005,0,365,32,perform,perform,VB,VB
10079,Armenia_2005,0,365,33,other,other,JJ,JJ
10080,Armenia_2005,0,365,34,paid,paid,VBN,VB
10081,Armenia_2005,0,365,35,work,work,NN,NN
10082,Armenia_2005,0,365,37,except,except,IN,IN
10083,Armenia_2005,0,365,38,for,for,IN,IN
10084,Armenia_2005,0,365,39,academic,academic,JJ,JJ
10085,Armenia_2005,0,365,41,pedagogical,pedagogical,JJ,JJ
10086,Armenia_2005,0,365,42,and,and,CC,CC
10087,Armenia_2005,0,365,43,creative,creative,JJ,JJ
10088,Armenia_2005,0,365,44,work,work,NN,NN
10089,Armenia_2005,0,366,0,Article,article,NN,NN
10090,Armenia_2005,0,366,1,88.1,881,CD,CD
10091,Armenia_2005,0,366,2,Share,share,NNP,NN
10092,Armenia_2005,0,366,3,Regional,regional,NNP,NN
10093,Armenia_2005,0,366,4,Governors,governors,NNP,NN
10094,Armenia_2005,0,366,5,shall,shall,MD,MD
10095,Armenia_2005,0,366,6,be,be,VB,VB
10096,Armenia_2005,0,366,7,appointed,appointed,VBN,VB
10097,Armenia_2005,0,366,8,and,and,CC,CC
10098,Armenia_2005,0,366,9,dismissed,dismissed,VBN,VB
10099,Armenia_2005,0,366,10,from,from,IN,IN
10100,Armenia_2005,0,366,11,the,the,DT,DT
10101,Armenia_2005,0,366,12,office,office,NN,NN
10102,Armenia_2005,0,366,13,by,by,IN,IN
10103,Armenia_2005,0,366,14,decisions,decisions,NNS,NN
10104,Armenia_2005,0,366,15,of,of,IN,IN
10105,Armenia_2005,0,366,16,the,the,DT,DT
10106,Armenia_2005,0,366,17,Government,government,NNP,NN
10107,Armenia_2005,0,367,0,Such,such,JJ,JJ
10108,Armenia_2005,0,367,1,decisions,decisions,NNS,NN
10109,Armenia_2005,0,367,2,of,of,IN,IN
10110,Armenia_2005,0,367,3,the,the,DT,DT
10111,Armenia_2005,0,367,4,Government,government,NNP,NN
10112,Armenia_2005,0,367,5,are,are,VBP,VB
10113,Armenia_2005,0,367,6,subject,subject,JJ,JJ
10114,Armenia_2005,0,367,7,to,to,TO,TO
10115,Armenia_2005,0,367,8,approval,approval,NN,NN
10116,Armenia_2005,0,367,9,by,by,IN,IN
10117,Armenia_2005,0,367,10,the,the,DT,DT
10118,Armenia_2005,0,367,11,President,president,NNP,NN
10119,Armenia_2005,0,367,12,of,of,IN,IN
10120,Armenia_2005,0,367,13,the,the,DT,DT
10121,Armenia_2005,0,367,14,Republic,republic,NNP,NN
10122,Armenia_2005,0,368,0,The,the,DT,DT
10123,Armenia_2005,0,368,1,Regional,regional,JJ,JJ
10124,Armenia_2005,0,368,2,Governors,governors,NNP,NN
10125,Armenia_2005,0,368,3,shall,shall,MD,MD
10126,Armenia_2005,0,368,4,pursue,pursue,VB,VB
10127,Armenia_2005,0,368,5,the,the,DT,DT
10128,Armenia_2005,0,368,6,territorial,territorial,JJ,JJ
10129,Armenia_2005,0,368,7,policy,policy,NN,NN
10130,Armenia_2005,0,368,8,of,of,IN,IN
10131,Armenia_2005,0,368,9,the,the,DT,DT
10132,Armenia_2005,0,368,10,Government,government,NNP,NN
10133,Armenia_2005,0,368,12,directly,directly,RB,RB
10134,Armenia_2005,0,368,13,supervise,supervise,VBP,VB
10135,Armenia_2005,0,368,14,the,the,DT,DT
10136,Armenia_2005,0,368,15,activities,activities,NNS,NN
10137,Armenia_2005,0,368,16,of,of,IN,IN
10138,Armenia_2005,0,368,17,the,the,DT,DT
10139,Armenia_2005,0,368,18,territorial,territorial,JJ,JJ
10140,Armenia_2005,0,368,19,services,services,NNS,NN
10141,Armenia_2005,0,368,20,of,of,IN,IN
10142,Armenia_2005,0,368,21,the,the,DT,DT
10143,Armenia_2005,0,368,22,executive,executive,NN,NN
10144,Armenia_2005,0,368,23,bodies,bodies,NNS,NN
10145,Armenia_2005,0,368,25,except,except,IN,IN
10146,Armenia_2005,0,368,26,for,for,IN,IN
10147,Armenia_2005,0,368,27,cases,cases,NNS,NN
10148,Armenia_2005,0,368,28,prescribed,prescribed,VBN,VB
10149,Armenia_2005,0,368,29,by,by,IN,IN
10150,Armenia_2005,0,368,30,law,law,NN,NN
10151,Armenia_2005,0,369,0,The,the,DT,DT
10152,Armenia_2005,0,369,1,peculiarities,peculiarities,NNS,NN
10153,Armenia_2005,0,369,2,of,of,IN,IN
10154,Armenia_2005,0,369,3,the,the,DT,DT
10155,Armenia_2005,0,369,4,territorial,territorial,JJ,JJ
10156,Armenia_2005,0,369,5,policy,policy,NN,NN
10157,Armenia_2005,0,369,6,in,in,IN,IN
10158,Armenia_2005,0,369,7,the,the,DT,DT
10159,Armenia_2005,0,369,8,city,city,NN,NN
10160,Armenia_2005,0,369,9,of,of,IN,IN
10161,Armenia_2005,0,369,10,Yerevan,yerevan,NNP,NN
10162,Armenia_2005,0,369,11,shall,shall,MD,MD
10163,Armenia_2005,0,369,12,be,be,VB,VB
10164,Armenia_2005,0,369,13,determined,determined,VBN,VB
10165,Armenia_2005,0,369,14,by,by,IN,IN
10166,Armenia_2005,0,369,15,law,law,NN,NN
10167,Armenia_2005,0,370,0,Article,article,NN,NN
10168,Armenia_2005,0,370,1,89,89,CD,CD
10169,Armenia_2005,0,370,2,Share,share,NNP,NN
10170,Armenia_2005,0,370,3,The,the,DT,DT
10171,Armenia_2005,0,370,4,Government,government,NNP,NN
10172,Armenia_2005,0,370,5,shall,shall,MD,MD
10173,Armenia_2005,0,370,7,1.submit,1submit,CD,CD
10174,Armenia_2005,0,370,8,its,its,PRP$,PR
10175,Armenia_2005,0,370,9,program,program,NN,NN
10176,Armenia_2005,0,370,10,to,to,TO,TO
10177,Armenia_2005,0,370,11,the,the,DT,DT
10178,Armenia_2005,0,370,12,National,national,NNP,NN
10179,Armenia_2005,0,370,13,Assembly,assembly,NNP,NN
10180,Armenia_2005,0,370,14,for,for,IN,IN
10181,Armenia_2005,0,370,15,approval,approval,NN,NN
10182,Armenia_2005,0,370,16,in,in,IN,IN
10183,Armenia_2005,0,370,17,accordance,accordance,NN,NN
10184,Armenia_2005,0,370,18,with,with,IN,IN
10185,Armenia_2005,0,370,19,Article,article,NNP,NN
10186,Armenia_2005,0,370,20,74,74,CD,CD
10187,Armenia_2005,0,370,21,of,of,IN,IN
10188,Armenia_2005,0,370,22,the,the,DT,DT
10189,Armenia_2005,0,370,23,Constitution,constitution,NNP,NN
10190,Armenia_2005,0,370,25,2.submit,2submit,CD,CD
10191,Armenia_2005,0,370,26,the,the,DT,DT
10192,Armenia_2005,0,370,27,draft,draft,NN,NN
10193,Armenia_2005,0,370,28,state,state,NN,NN
10194,Armenia_2005,0,370,29,budget,budget,NN,NN
10195,Armenia_2005,0,370,30,to,to,TO,TO
10196,Armenia_2005,0,370,31,the,the,DT,DT
10197,Armenia_2005,0,370,32,National,national,NNP,NN
10198,Armenia_2005,0,370,33,Assembly,assembly,NNP,NN
10199,Armenia_2005,0,370,34,for,for,IN,IN
10200,Armenia_2005,0,370,35,approval,approval,NN,NN
10201,Armenia_2005,0,370,37,guarantee,guarantee,NN,NN
10202,Armenia_2005,0,370,38,the,the,DT,DT
10203,Armenia_2005,0,370,39,execution,execution,NN,NN
10204,Armenia_2005,0,370,40,of,of,IN,IN
10205,Armenia_2005,0,370,41,the,the,DT,DT
10206,Armenia_2005,0,370,42,budget,budget,NN,NN
10207,Armenia_2005,0,370,43,and,and,CC,CC
10208,Armenia_2005,0,370,44,submit,submit,VBP,VB
10209,Armenia_2005,0,370,45,financial,financial,JJ,JJ
10210,Armenia_2005,0,370,46,reports,reports,NNS,NN
10211,Armenia_2005,0,370,47,on,on,IN,IN
10212,Armenia_2005,0,370,48,the,the,DT,DT
10213,Armenia_2005,0,370,49,budget,budget,NN,NN
10214,Armenia_2005,0,370,50,to,to,TO,TO
10215,Armenia_2005,0,370,51,the,the,DT,DT
10216,Armenia_2005,0,370,52,National,national,NNP,NN
10217,Armenia_2005,0,370,53,Assembly,assembly,NNP,NN
10218,Armenia_2005,0,370,55,3.manage,3manage,CD,CD
10219,Armenia_2005,0,370,56,the,the,DT,DT
10220,Armenia_2005,0,370,57,state,state,NN,NN
10221,Armenia_2005,0,370,58,property,property,NN,NN
10222,Armenia_2005,0,370,60,4.implement,4implement,CD,CD
10223,Armenia_2005,0,370,61,unified,unified,JJ,JJ
10224,Armenia_2005,0,370,62,state,state,NN,NN
10225,Armenia_2005,0,370,63,policies,policies,NNS,NN
10226,Armenia_2005,0,370,64,in,in,IN,IN
10227,Armenia_2005,0,370,65,the,the,DT,DT
10228,Armenia_2005,0,370,66,areas,areas,NNS,NN
10229,Armenia_2005,0,370,67,of,of,IN,IN
10230,Armenia_2005,0,370,68,finances,finances,NNS,NN
10231,Armenia_2005,0,370,70,economy,economy,NN,NN
10232,Armenia_2005,0,370,72,taxation,taxation,NN,NN
10233,Armenia_2005,0,370,73,and,and,CC,CC
10234,Armenia_2005,0,370,74,loans,loans,NNS,NN
10235,Armenia_2005,0,370,75,and,and,CC,CC
10236,Armenia_2005,0,370,76,credits,credits,NNS,NN
10237,Armenia_2005,0,370,78,4.1.implement,41implement,CD,CD
10238,Armenia_2005,0,370,79,the,the,DT,DT
10239,Armenia_2005,0,370,80,state,state,NN,NN
10240,Armenia_2005,0,370,81,territorial,territorial,JJ,JJ
10241,Armenia_2005,0,370,82,development,development,NN,NN
10242,Armenia_2005,0,370,83,policy,policy,NN,NN
10243,Armenia_2005,0,370,85,5.implement,5implement,CD,CD
10244,Armenia_2005,0,370,86,state,state,NN,NN
10245,Armenia_2005,0,370,87,policies,policies,NNS,NN
10246,Armenia_2005,0,370,88,in,in,IN,IN
10247,Armenia_2005,0,370,89,the,the,DT,DT
10248,Armenia_2005,0,370,90,areas,areas,NNS,NN
10249,Armenia_2005,0,370,91,of,of,IN,IN
10250,Armenia_2005,0,370,92,science,science,NN,NN
10251,Armenia_2005,0,370,94,education,education,NN,NN
10252,Armenia_2005,0,370,96,culture,culture,NN,NN
10253,Armenia_2005,0,370,98,health,health,NN,NN
10254,Armenia_2005,0,370,100,social,social,JJ,JJ
10255,Armenia_2005,0,370,101,security,security,NN,NN
10256,Armenia_2005,0,370,102,and,and,CC,CC
10257,Armenia_2005,0,370,103,environmental,environmental,JJ,JJ
10258,Armenia_2005,0,370,104,protection,protection,NN,NN
10259,Armenia_2005,0,370,106,6.ensure,6ensure,CD,CD
10260,Armenia_2005,0,370,107,the,the,DT,DT
10261,Armenia_2005,0,370,108,implementation,implementation,NN,NN
10262,Armenia_2005,0,370,109,of,of,IN,IN
10263,Armenia_2005,0,370,110,the,the,DT,DT
10264,Armenia_2005,0,370,111,defense,defense,NN,NN
10265,Armenia_2005,0,370,113,national,national,JJ,JJ
10266,Armenia_2005,0,370,114,security,security,NN,NN
10267,Armenia_2005,0,370,115,and,and,CC,CC
10268,Armenia_2005,0,370,116,foreign,foreign,JJ,JJ
10269,Armenia_2005,0,370,117,policies,policies,NNS,NN
10270,Armenia_2005,0,370,118,of,of,IN,IN
10271,Armenia_2005,0,370,119,the,the,DT,DT
10272,Armenia_2005,0,370,120,Republic,republic,NNP,NN
10273,Armenia_2005,0,370,122,7.shall,7shall,CD,CD
10274,Armenia_2005,0,370,123,ensure,ensure,VB,VB
10275,Armenia_2005,0,370,124,maintenance,maintenance,NN,NN
10276,Armenia_2005,0,370,125,of,of,IN,IN
10277,Armenia_2005,0,370,126,law,law,NN,NN
10278,Armenia_2005,0,370,127,and,and,CC,CC
10279,Armenia_2005,0,370,128,order,order,NN,NN
10280,Armenia_2005,0,370,130,take,take,VB,VB
10281,Armenia_2005,0,370,131,measures,measures,NNS,NN
10282,Armenia_2005,0,370,132,to,to,TO,TO
10283,Armenia_2005,0,370,133,strengthen,strengthen,VB,VB
10284,Armenia_2005,0,370,134,the,the,DT,DT
10285,Armenia_2005,0,370,135,legal,legal,JJ,JJ
10286,Armenia_2005,0,370,136,order,order,NN,NN
10287,Armenia_2005,0,370,138,and,and,CC,CC
10288,Armenia_2005,0,370,139,ensure,ensure,VB,VB
10289,Armenia_2005,0,370,140,rights,rights,NNS,NN
10290,Armenia_2005,0,370,141,and,and,CC,CC
10291,Armenia_2005,0,370,142,freedoms,freedoms,NNS,NN
10292,Armenia_2005,0,370,143,of,of,IN,IN
10293,Armenia_2005,0,370,144,its,its,PRP$,PR
10294,Armenia_2005,0,370,145,citizens,citizens,NNS,NN
10295,Armenia_2005,0,370,147,8.implements,8implements,CD,CD
10296,Armenia_2005,0,370,148,other,other,JJ,JJ
10297,Armenia_2005,0,370,149,functions,functions,NNS,NN
10298,Armenia_2005,0,370,150,and,and,CC,CC
10299,Armenia_2005,0,370,151,powers,powers,NNS,NN
10300,Armenia_2005,0,370,152,provided,provided,VBN,VB
10301,Armenia_2005,0,370,153,for,for,IN,IN
10302,Armenia_2005,0,370,154,by,by,IN,IN
10303,Armenia_2005,0,370,155,the,the,DT,DT
10304,Armenia_2005,0,370,156,Constitution,constitution,NNP,NN
10305,Armenia_2005,0,370,157,and,and,CC,CC
10306,Armenia_2005,0,370,158,laws,laws,NNS,NN
10307,Armenia_2005,0,371,0,Article,article,NN,NN
10308,Armenia_2005,0,371,1,90,90,CD,CD
10309,Armenia_2005,0,371,2,Share,share,NNP,NN
10310,Armenia_2005,0,371,3,The,the,DT,DT
10311,Armenia_2005,0,371,4,Government,government,NNP,NN
10312,Armenia_2005,0,371,5,shall,shall,MD,MD
10313,Armenia_2005,0,371,6,submit,submit,VB,VB
10314,Armenia_2005,0,371,7,the,the,DT,DT
10315,Armenia_2005,0,371,8,proposed,proposed,JJ,JJ
10316,Armenia_2005,0,371,9,state,state,NN,NN
10317,Armenia_2005,0,371,10,budget,budget,NN,NN
10318,Armenia_2005,0,371,11,to,to,TO,TO
10319,Armenia_2005,0,371,12,the,the,DT,DT
10320,Armenia_2005,0,371,13,National,national,NNP,NN
10321,Armenia_2005,0,371,14,Assembly,assembly,NNP,NN
10322,Armenia_2005,0,371,15,at,at,IN,IN
10323,Armenia_2005,0,371,16,least,least,JJS,JJ
10324,Armenia_2005,0,371,17,ninety,ninety,NN,NN
10325,Armenia_2005,0,371,18,days,days,NNS,NN
10326,Armenia_2005,0,371,19,prior,prior,RB,RB
10327,Armenia_2005,0,371,20,to,to,TO,TO
10328,Armenia_2005,0,371,21,the,the,DT,DT
10329,Armenia_2005,0,371,22,beginning,beginning,NN,NN
10330,Armenia_2005,0,371,23,of,of,IN,IN
10331,Armenia_2005,0,371,24,the,the,DT,DT
10332,Armenia_2005,0,371,25,fiscal,fiscal,JJ,JJ
10333,Armenia_2005,0,371,26,year,year,NN,NN
10334,Armenia_2005,0,371,27,and,and,CC,CC
10335,Armenia_2005,0,371,28,may,may,MD,MD
10336,Armenia_2005,0,371,29,request,request,VB,VB
10337,Armenia_2005,0,371,30,that,that,IN,IN
10338,Armenia_2005,0,371,31,this,this,DT,DT
10339,Armenia_2005,0,371,32,proposal,proposal,NN,NN
10340,Armenia_2005,0,371,34,with,with,IN,IN
10341,Armenia_2005,0,371,35,any,any,DT,DT
10342,Armenia_2005,0,371,36,amendments,amendments,NNS,NN
10343,Armenia_2005,0,371,37,it,it,PRP,PR
10344,Armenia_2005,0,371,38,may,may,MD,MD
10345,Armenia_2005,0,371,39,adopt,adopt,VB,VB
10346,Armenia_2005,0,371,41,be,be,VB,VB
10347,Armenia_2005,0,371,42,voted,voted,VBN,VB
10348,Armenia_2005,0,371,43,on,on,IN,IN
10349,Armenia_2005,0,371,44,prior,prior,JJ,JJ
10350,Armenia_2005,0,371,45,to,to,TO,TO
10351,Armenia_2005,0,371,46,the,the,DT,DT
10352,Armenia_2005,0,371,47,expiration,expiration,NN,NN
10353,Armenia_2005,0,371,48,of,of,IN,IN
10354,Armenia_2005,0,371,49,the,the,DT,DT
10355,Armenia_2005,0,371,50,budget,budget,NN,NN
10356,Armenia_2005,0,371,51,deadline,deadline,NN,NN
10357,Armenia_2005,0,372,0,The,the,DT,DT
10358,Armenia_2005,0,372,1,Government,government,NNP,NN
10359,Armenia_2005,0,372,2,may,may,MD,MD
10360,Armenia_2005,0,372,3,raise,raise,VB,VB
10361,Armenia_2005,0,372,4,the,the,DT,DT
10362,Armenia_2005,0,372,5,question,question,NN,NN
10363,Armenia_2005,0,372,6,of,of,IN,IN
10364,Armenia_2005,0,372,7,a,a,DT,DT
10365,Armenia_2005,0,372,8,vote,vote,NN,NN
10366,Armenia_2005,0,372,9,of,of,IN,IN
10367,Armenia_2005,0,372,10,confidence,confidence,NN,NN
10368,Armenia_2005,0,372,11,in,in,IN,IN
10369,Armenia_2005,0,372,12,conjunction,conjunction,NN,NN
10370,Armenia_2005,0,372,13,with,with,IN,IN
10371,Armenia_2005,0,372,14,the,the,DT,DT
10372,Armenia_2005,0,372,15,adoption,adoption,NN,NN
10373,Armenia_2005,0,372,16,of,of,IN,IN
10374,Armenia_2005,0,372,17,the,the,DT,DT
10375,Armenia_2005,0,372,18,state,state,NN,NN
10376,Armenia_2005,0,372,19,budget,budget,NN,NN
10377,Armenia_2005,0,373,0,If,if,IN,IN
10378,Armenia_2005,0,373,1,a,a,DT,DT
10379,Armenia_2005,0,373,2,vote,vote,NN,NN
10380,Armenia_2005,0,373,3,of,of,IN,IN
10381,Armenia_2005,0,373,4,no,no,DT,DT
10382,Armenia_2005,0,373,5,confidence,confidence,NN,NN
10383,Armenia_2005,0,373,6,is,is,VBZ,VB
10384,Armenia_2005,0,373,7,not,not,RB,RB
10385,Armenia_2005,0,373,8,adopted,adopted,VBN,VB
10386,Armenia_2005,0,373,9,by,by,IN,IN
10387,Armenia_2005,0,373,10,the,the,DT,DT
10388,Armenia_2005,0,373,11,National,national,NNP,NN
10389,Armenia_2005,0,373,12,Assembly,assembly,NNP,NN
10390,Armenia_2005,0,373,14,as,as,IN,IN
10391,Armenia_2005,0,373,15,provided,provided,VBN,VB
10392,Armenia_2005,0,373,16,under,under,IN,IN
10393,Armenia_2005,0,373,17,Article,article,NNP,NN
10394,Armenia_2005,0,373,18,75,75,CD,CD
10395,Armenia_2005,0,373,19,of,of,IN,IN
10396,Armenia_2005,0,373,20,the,the,DT,DT
10397,Armenia_2005,0,373,21,Constitution,constitution,NNP,NN
10398,Armenia_2005,0,373,23,then,then,RB,RB
10399,Armenia_2005,0,373,24,the,the,DT,DT
10400,Armenia_2005,0,373,25,state,state,NN,NN
10401,Armenia_2005,0,373,26,budget,budget,NN,NN
10402,Armenia_2005,0,373,27,and,and,CC,CC
10403,Armenia_2005,0,373,28,related,related,JJ,JJ
10404,Armenia_2005,0,373,29,amendments,amendments,NNS,NN
10405,Armenia_2005,0,373,30,approved,approved,VBN,VB
10406,Armenia_2005,0,373,31,by,by,IN,IN
10407,Armenia_2005,0,373,32,the,the,DT,DT
10408,Armenia_2005,0,373,33,Government,government,NNP,NN
10409,Armenia_2005,0,373,34,shall,shall,MD,MD
10410,Armenia_2005,0,373,35,be,be,VB,VB
10411,Armenia_2005,0,373,36,considered,considered,VBN,VB
10412,Armenia_2005,0,373,37,adopted,adopted,VBN,VB
10413,Armenia_2005,0,374,0,In,in,IN,IN
10414,Armenia_2005,0,374,1,the,the,DT,DT
10415,Armenia_2005,0,374,2,case,case,NN,NN
10416,Armenia_2005,0,374,3,of,of,IN,IN
10417,Armenia_2005,0,374,4,a,a,DT,DT
10418,Armenia_2005,0,374,5,vote,vote,NN,NN
10419,Armenia_2005,0,374,6,of,of,IN,IN
10420,Armenia_2005,0,374,7,no,no,DT,DT
10421,Armenia_2005,0,374,8,confidence,confidence,NN,NN
10422,Armenia_2005,0,374,9,related,related,VBN,VB
10423,Armenia_2005,0,374,10,to,to,TO,TO
10424,Armenia_2005,0,374,11,the,the,DT,DT
10425,Armenia_2005,0,374,12,proposed,proposed,VBN,VB
10426,Armenia_2005,0,374,13,state,state,NN,NN
10427,Armenia_2005,0,374,14,budget,budget,NN,NN
10428,Armenia_2005,0,374,16,the,the,DT,DT
10429,Armenia_2005,0,374,17,new,new,JJ,JJ
10430,Armenia_2005,0,374,18,Government,government,NNP,NN
10431,Armenia_2005,0,374,19,shall,shall,MD,MD
10432,Armenia_2005,0,374,20,submit,submit,VB,VB
10433,Armenia_2005,0,374,21,the,the,DT,DT
10434,Armenia_2005,0,374,22,draft,draft,NN,NN
10435,Armenia_2005,0,374,23,state,state,NN,NN
10436,Armenia_2005,0,374,24,budget,budget,NN,NN
10437,Armenia_2005,0,374,25,to,to,TO,TO
10438,Armenia_2005,0,374,26,the,the,DT,DT
10439,Armenia_2005,0,374,27,National,national,NNP,NN
10440,Armenia_2005,0,374,28,Assembly,assembly,NNP,NN
10441,Armenia_2005,0,374,29,within,within,IN,IN
10442,Armenia_2005,0,374,30,a,a,DT,DT
10443,Armenia_2005,0,374,31,period,period,NN,NN
10444,Armenia_2005,0,374,32,of,of,IN,IN
10445,Armenia_2005,0,374,33,ten,ten,JJ,JJ
10446,Armenia_2005,0,374,34,days,days,NNS,NN
10447,Armenia_2005,0,374,35,after,after,IN,IN
10448,Armenia_2005,0,374,36,approval,approval,NN,NN
10449,Armenia_2005,0,374,37,of,of,IN,IN
10450,Armenia_2005,0,374,38,its,its,PRP$,PR
10451,Armenia_2005,0,374,39,program,program,NN,NN
10452,Armenia_2005,0,375,0,This,this,DT,DT
10453,Armenia_2005,0,375,1,draft,draft,NN,NN
10454,Armenia_2005,0,375,2,shall,shall,MD,MD
10455,Armenia_2005,0,375,3,be,be,VB,VB
10456,Armenia_2005,0,375,4,debated,debated,VBN,VB
10457,Armenia_2005,0,375,5,and,and,CC,CC
10458,Armenia_2005,0,375,6,voted,voted,VBN,VB
10459,Armenia_2005,0,375,7,on,on,IN,IN
10460,Armenia_2005,0,375,8,by,by,IN,IN
10461,Armenia_2005,0,375,9,the,the,DT,DT
10462,Armenia_2005,0,375,10,National,national,NNP,NN
10463,Armenia_2005,0,375,11,Assembly,assembly,NNP,NN
10464,Armenia_2005,0,375,12,within,within,IN,IN
10465,Armenia_2005,0,375,13,a,a,DT,DT
10466,Armenia_2005,0,375,14,period,period,NN,NN
10467,Armenia_2005,0,375,15,of,of,IN,IN
10468,Armenia_2005,0,375,16,thirty,thirty,JJ,JJ
10469,Armenia_2005,0,375,17,days,days,NNS,NN
10470,Armenia_2005,0,375,18,in,in,IN,IN
10471,Armenia_2005,0,375,19,accordance,accordance,NN,NN
10472,Armenia_2005,0,375,20,with,with,IN,IN
10473,Armenia_2005,0,375,21,the,the,DT,DT
10474,Armenia_2005,0,375,22,procedures,procedures,NNS,NN
10475,Armenia_2005,0,375,23,determined,determined,VBN,VB
10476,Armenia_2005,0,375,24,by,by,IN,IN
10477,Armenia_2005,0,375,25,this,this,DT,DT
10478,Armenia_2005,0,375,26,Article,article,NNP,NN
10479,Armenia_2005,0,376,0,CHAPTER,chapter,NN,NN
10480,Armenia_2005,0,376,1,6,6,CD,CD
10481,Armenia_2005,0,377,0,THE,the,DT,DT
10482,Armenia_2005,0,377,1,JUDICIAL,judicial,NNP,NN
10483,Armenia_2005,0,377,2,POWER,power,NNP,NN
10484,Armenia_2005,0,377,3,Share,share,NNP,NN
10485,Armenia_2005,0,377,4,Article,article,NNP,NN
10486,Armenia_2005,0,377,5,91,91,CD,CD
10487,Armenia_2005,0,377,6,Share,share,NNP,NN
10488,Armenia_2005,0,377,7,In,in,IN,IN
10489,Armenia_2005,0,377,8,the,the,DT,DT
10490,Armenia_2005,0,377,9,Republic,republic,NNP,NN
10491,Armenia_2005,0,377,10,of,of,IN,IN
10492,Armenia_2005,0,377,11,Armenia,armenia,NNP,NN
10493,Armenia_2005,0,377,12,justice,justice,NN,NN
10494,Armenia_2005,0,377,13,shall,shall,MD,MD
10495,Armenia_2005,0,377,14,be,be,VB,VB
10496,Armenia_2005,0,377,15,administered,administered,VBN,VB
10497,Armenia_2005,0,377,16,solely,solely,RB,RB
10498,Armenia_2005,0,377,17,by,by,IN,IN
10499,Armenia_2005,0,377,18,the,the,DT,DT
10500,Armenia_2005,0,377,19,courts,courts,NNS,NN
10501,Armenia_2005,0,377,20,in,in,IN,IN
10502,Armenia_2005,0,377,21,accordance,accordance,NN,NN
10503,Armenia_2005,0,377,22,with,with,IN,IN
10504,Armenia_2005,0,377,23,the,the,DT,DT
10505,Armenia_2005,0,377,24,Constitution,constitution,NNP,NN
10506,Armenia_2005,0,377,25,and,and,CC,CC
10507,Armenia_2005,0,377,26,the,the,DT,DT
10508,Armenia_2005,0,377,27,laws,laws,NNS,NN
10509,Armenia_2005,0,378,0,Court,court,NNP,NN
10510,Armenia_2005,0,378,1,decisions,decisions,NNS,NN
10511,Armenia_2005,0,378,3,judgments,judgments,NNS,NN
10512,Armenia_2005,0,378,4,and,and,CC,CC
10513,Armenia_2005,0,378,5,verdicts,verdicts,NNS,NN
10514,Armenia_2005,0,378,6,shall,shall,MD,MD
10515,Armenia_2005,0,378,7,be,be,VB,VB
10516,Armenia_2005,0,378,8,adopted,adopted,VBN,VB
10517,Armenia_2005,0,378,9,in,in,IN,IN
10518,Armenia_2005,0,378,10,the,the,DT,DT
10519,Armenia_2005,0,378,11,name,name,NN,NN
10520,Armenia_2005,0,378,12,of,of,IN,IN
10521,Armenia_2005,0,378,13,the,the,DT,DT
10522,Armenia_2005,0,378,14,Republic,republic,NNP,NN
10523,Armenia_2005,0,378,15,of,of,IN,IN
10524,Armenia_2005,0,378,16,Armenia,armenia,NNP,NN
10525,Armenia_2005,0,379,0,Article,article,NN,NN
10526,Armenia_2005,0,379,1,92,92,CD,CD
10527,Armenia_2005,0,379,2,Share,share,NN,NN
10528,Armenia_2005,0,379,3,In,in,IN,IN
10529,Armenia_2005,0,379,4,the,the,DT,DT
10530,Armenia_2005,0,379,5,Republic,republic,NNP,NN
10531,Armenia_2005,0,379,6,of,of,IN,IN
10532,Armenia_2005,0,379,7,Armenia,armenia,NNP,NN
10533,Armenia_2005,0,379,9,function,function,NN,NN
10534,Armenia_2005,0,379,11,as,as,IN,IN
10535,Armenia_2005,0,379,13,the,the,DT,DT
10536,Armenia_2005,0,379,14,court,court,NN,NN
10537,Armenia_2005,0,379,15,of,of,IN,IN
10538,Armenia_2005,0,379,16,general,general,JJ,JJ
10539,Armenia_2005,0,379,17,jurisdiction,jurisdiction,NN,NN
10540,Armenia_2005,0,379,18,of,of,IN,IN
10541,Armenia_2005,0,379,19,the,the,DT,DT
10542,Armenia_2005,0,379,20,first,first,JJ,JJ
10543,Armenia_2005,0,379,21,instance,instance,NN,NN
10544,Armenia_2005,0,379,23,the,the,DT,DT
10545,Armenia_2005,0,379,24,Courts,courts,NNS,NN
10546,Armenia_2005,0,379,25,of,of,IN,IN
10547,Armenia_2005,0,379,26,Appeals,appeals,NNS,NN
10548,Armenia_2005,0,379,27,and,and,CC,CC
10549,Armenia_2005,0,379,28,the,the,DT,DT
10550,Armenia_2005,0,379,29,Court,court,NNP,NN
10551,Armenia_2005,0,379,30,of,of,IN,IN
10552,Armenia_2005,0,379,31,Cassation,cassation,NNP,NN
10553,Armenia_2005,0,379,32,and,and,CC,CC
10554,Armenia_2005,0,379,34,in,in,IN,IN
10555,Armenia_2005,0,379,35,cases,cases,NNS,NN
10556,Armenia_2005,0,379,36,prescribed,prescribed,VBN,VB
10557,Armenia_2005,0,379,37,by,by,IN,IN
10558,Armenia_2005,0,379,38,law,law,NN,NN
10559,Armenia_2005,0,379,40,the,the,DT,DT
10560,Armenia_2005,0,379,41,specialized,specialized,JJ,JJ
10561,Armenia_2005,0,379,42,courts,courts,NNS,NN
10562,Armenia_2005,0,379,43,as,as,IN,IN
10563,Armenia_2005,0,379,44,well,well,RB,RB
10564,Armenia_2005,0,380,0,Establishing,establishing,VBG,VB
10565,Armenia_2005,0,380,1,emergency,emergency,NN,NN
10566,Armenia_2005,0,380,2,tribunals,tribunals,NNS,NN
10567,Armenia_2005,0,380,3,shall,shall,MD,MD
10568,Armenia_2005,0,380,4,be,be,VB,VB
10569,Armenia_2005,0,380,5,forbidden,forbidden,VBN,VB
10570,Armenia_2005,0,381,0,Article,article,NN,NN
10571,Armenia_2005,0,381,1,93,93,CD,CD
10572,Armenia_2005,0,381,2,Share,share,NNP,NN
10573,Armenia_2005,0,381,3,The,the,DT,DT
10574,Armenia_2005,0,381,4,Constitutional,constitutional,NNP,NN
10575,Armenia_2005,0,381,5,Court,court,NNP,NN
10576,Armenia_2005,0,381,6,administers,administers,VBZ,VB
10577,Armenia_2005,0,381,7,the,the,DT,DT
10578,Armenia_2005,0,381,8,constitutional,constitutional,JJ,JJ
10579,Armenia_2005,0,381,9,justice,justice,NN,NN
10580,Armenia_2005,0,381,10,in,in,IN,IN
10581,Armenia_2005,0,381,11,the,the,DT,DT
10582,Armenia_2005,0,381,12,Republic,republic,NNP,NN
10583,Armenia_2005,0,381,13,of,of,IN,IN
10584,Armenia_2005,0,381,14,Armenia,armenia,NNP,NN
10585,Armenia_2005,0,382,0,Article,article,NN,NN
10586,Armenia_2005,0,382,1,94,94,CD,CD
10587,Armenia_2005,0,382,2,Share,share,NNP,NN
10588,Armenia_2005,0,382,3,The,the,DT,DT
10589,Armenia_2005,0,382,4,independence,independence,NN,NN
10590,Armenia_2005,0,382,5,of,of,IN,IN
10591,Armenia_2005,0,382,6,courts,courts,NNS,NN
10592,Armenia_2005,0,382,7,shall,shall,MD,MD
10593,Armenia_2005,0,382,8,be,be,VB,VB
10594,Armenia_2005,0,382,9,guaranteed,guaranteed,VBN,VB
10595,Armenia_2005,0,382,10,by,by,IN,IN
10596,Armenia_2005,0,382,11,the,the,DT,DT
10597,Armenia_2005,0,382,12,Constitution,constitution,NNP,NN
10598,Armenia_2005,0,382,13,and,and,CC,CC
10599,Armenia_2005,0,382,14,laws,laws,NNS,NN
10600,Armenia_2005,0,383,0,The,the,DT,DT
10601,Armenia_2005,0,383,1,competences,competences,NNS,NN
10602,Armenia_2005,0,383,2,and,and,CC,CC
10603,Armenia_2005,0,383,3,the,the,DT,DT
10604,Armenia_2005,0,383,4,procedures,procedures,NNS,NN
10605,Armenia_2005,0,383,5,of,of,IN,IN
10606,Armenia_2005,0,383,6,formation,formation,NN,NN
10607,Armenia_2005,0,383,7,and,and,CC,CC
10608,Armenia_2005,0,383,8,activities,activities,NNS,NN
10609,Armenia_2005,0,383,9,of,of,IN,IN
10610,Armenia_2005,0,383,10,the,the,DT,DT
10611,Armenia_2005,0,383,11,courts,courts,NNS,NN
10612,Armenia_2005,0,383,12,shall,shall,MD,MD
10613,Armenia_2005,0,383,13,be,be,VB,VB
10614,Armenia_2005,0,383,14,defined,defined,VBN,VB
10615,Armenia_2005,0,383,15,by,by,IN,IN
10616,Armenia_2005,0,383,16,the,the,DT,DT
10617,Armenia_2005,0,383,17,Constitution,constitution,NNP,NN
10618,Armenia_2005,0,383,18,and,and,CC,CC
10619,Armenia_2005,0,383,19,laws,laws,NNS,NN
10620,Armenia_2005,0,384,0,The,the,DT,DT
10621,Armenia_2005,0,384,1,Constitution,constitution,NNP,NN
10622,Armenia_2005,0,384,2,shall,shall,MD,MD
10623,Armenia_2005,0,384,3,define,define,VB,VB
10624,Armenia_2005,0,384,4,the,the,DT,DT
10625,Armenia_2005,0,384,5,competence,competence,NN,NN
10626,Armenia_2005,0,384,6,and,and,CC,CC
10627,Armenia_2005,0,384,7,the,the,DT,DT
10628,Armenia_2005,0,384,8,formation,formation,NN,NN
10629,Armenia_2005,0,384,9,of,of,IN,IN
10630,Armenia_2005,0,384,10,the,the,DT,DT
10631,Armenia_2005,0,384,11,Constitutional,constitutional,NNP,NN
10632,Armenia_2005,0,384,12,Court,court,NNP,NN
10633,Armenia_2005,0,384,13,while,while,IN,IN
10634,Armenia_2005,0,384,14,the,the,DT,DT
10635,Armenia_2005,0,384,15,procedure,procedure,NN,NN
10636,Armenia_2005,0,384,16,for,for,IN,IN
10637,Armenia_2005,0,384,17,the,the,DT,DT
10638,Armenia_2005,0,384,18,activities,activities,NNS,NN
10639,Armenia_2005,0,384,19,thereof,thereof,VBP,VB
10640,Armenia_2005,0,384,20,shall,shall,MD,MD
10641,Armenia_2005,0,384,21,be,be,VB,VB
10642,Armenia_2005,0,384,22,defined,defined,VBN,VB
10643,Armenia_2005,0,384,23,by,by,IN,IN
10644,Armenia_2005,0,384,24,the,the,DT,DT
10645,Armenia_2005,0,384,25,Constitution,constitution,NNP,NN
10646,Armenia_2005,0,384,26,and,and,CC,CC
10647,Armenia_2005,0,384,27,the,the,DT,DT
10648,Armenia_2005,0,384,28,Law,law,NNP,NN
10649,Armenia_2005,0,384,29,on,on,IN,IN
10650,Armenia_2005,0,384,30,the,the,DT,DT
10651,Armenia_2005,0,384,31,Constitutional,constitutional,NNP,NN
10652,Armenia_2005,0,384,32,Court,court,NNP,NN
10653,Armenia_2005,0,385,0,Article,article,NN,NN
10654,Armenia_2005,0,385,1,94.1,941,CD,CD
10655,Armenia_2005,0,385,2,Share,share,NNP,NN
10656,Armenia_2005,0,385,3,The,the,DT,DT
10657,Armenia_2005,0,385,4,Constitution,constitution,NNP,NN
10658,Armenia_2005,0,385,5,and,and,CC,CC
10659,Armenia_2005,0,385,6,the,the,DT,DT
10660,Armenia_2005,0,385,7,law,law,NN,NN
10661,Armenia_2005,0,385,8,shall,shall,MD,MD
10662,Armenia_2005,0,385,9,define,define,VB,VB
10663,Armenia_2005,0,385,10,the,the,DT,DT
10664,Armenia_2005,0,385,11,procedure,procedure,NN,NN
10665,Armenia_2005,0,385,12,for,for,IN,IN
10666,Armenia_2005,0,385,13,the,the,DT,DT
10667,Armenia_2005,0,385,14,formation,formation,NN,NN
10668,Armenia_2005,0,385,15,and,and,CC,CC
10669,Armenia_2005,0,385,16,the,the,DT,DT
10670,Armenia_2005,0,385,17,activities,activities,NNS,NN
10671,Armenia_2005,0,385,18,of,of,IN,IN
10672,Armenia_2005,0,385,19,the,the,DT,DT
10673,Armenia_2005,0,385,20,Council,council,NNP,NN
10674,Armenia_2005,0,385,21,of,of,IN,IN
10675,Armenia_2005,0,385,22,Justice,justice,NNP,NN
10676,Armenia_2005,0,386,0,The,the,DT,DT
10677,Armenia_2005,0,386,1,Council,council,NNP,NN
10678,Armenia_2005,0,386,2,of,of,IN,IN
10679,Armenia_2005,0,386,3,Justice,justice,NNP,NN
10680,Armenia_2005,0,386,4,shall,shall,MD,MD
10681,Armenia_2005,0,386,5,consist,consist,VB,VB
10682,Armenia_2005,0,386,6,of,of,IN,IN
10683,Armenia_2005,0,386,7,up,up,RB,RB
10684,Armenia_2005,0,386,8,to,to,TO,TO
10685,Armenia_2005,0,386,9,nine,nine,CD,CD
10686,Armenia_2005,0,386,10,judges,judges,NNS,NN
10687,Armenia_2005,0,386,11,elected,elected,VBN,VB
10688,Armenia_2005,0,386,12,by,by,IN,IN
10689,Armenia_2005,0,386,13,secret,secret,JJ,JJ
10690,Armenia_2005,0,386,14,ballot,ballot,NN,NN
10691,Armenia_2005,0,386,16,as,as,IN,IN
10692,Armenia_2005,0,386,17,defined,defined,VBN,VB
10693,Armenia_2005,0,386,18,by,by,IN,IN
10694,Armenia_2005,0,386,19,law,law,NN,NN
10695,Armenia_2005,0,386,21,for,for,IN,IN
10696,Armenia_2005,0,386,22,a,a,DT,DT
10697,Armenia_2005,0,386,23,period,period,NN,NN
10698,Armenia_2005,0,386,24,of,of,IN,IN
10699,Armenia_2005,0,386,25,five,five,CD,CD
10700,Armenia_2005,0,386,26,years,years,NNS,NN
10701,Armenia_2005,0,386,27,by,by,IN,IN
10702,Armenia_2005,0,386,28,the,the,DT,DT
10703,Armenia_2005,0,386,29,General,general,NNP,NN
10704,Armenia_2005,0,386,30,Assembly,assembly,NNP,NN
10705,Armenia_2005,0,386,31,of,of,IN,IN
10706,Armenia_2005,0,386,32,Judges,judges,NNP,NN
10707,Armenia_2005,0,386,33,of,of,IN,IN
10708,Armenia_2005,0,386,34,the,the,DT,DT
10709,Armenia_2005,0,386,35,Republic,republic,NNP,NN
10710,Armenia_2005,0,386,36,of,of,IN,IN
10711,Armenia_2005,0,386,37,Armenia,armenia,NNP,NN
10712,Armenia_2005,0,386,39,two,two,CD,CD
10713,Armenia_2005,0,386,40,legal,legal,JJ,JJ
10714,Armenia_2005,0,386,41,scholars,scholars,NNS,NN
10715,Armenia_2005,0,386,42,appointed,appointed,VBN,VB
10716,Armenia_2005,0,386,43,by,by,IN,IN
10717,Armenia_2005,0,386,44,the,the,DT,DT
10718,Armenia_2005,0,386,45,President,president,NNP,NN
10719,Armenia_2005,0,386,46,of,of,IN,IN
10720,Armenia_2005,0,386,47,the,the,DT,DT
10721,Armenia_2005,0,386,48,Republic,republic,NNP,NN
10722,Armenia_2005,0,386,49,and,and,CC,CC
10723,Armenia_2005,0,386,50,two,two,CD,CD
10724,Armenia_2005,0,386,51,legal,legal,JJ,JJ
10725,Armenia_2005,0,386,52,scholars,scholars,NNS,NN
10726,Armenia_2005,0,386,53,appointed,appointed,VBN,VB
10727,Armenia_2005,0,386,54,by,by,IN,IN
10728,Armenia_2005,0,386,55,the,the,DT,DT
10729,Armenia_2005,0,386,56,National,national,NNP,NN
10730,Armenia_2005,0,386,57,Assembly,assembly,NNP,NN
10731,Armenia_2005,0,387,0,The,the,DT,DT
10732,Armenia_2005,0,387,1,sittings,sittings,NNS,NN
10733,Armenia_2005,0,387,2,of,of,IN,IN
10734,Armenia_2005,0,387,3,the,the,DT,DT
10735,Armenia_2005,0,387,4,Justice,justice,NNP,NN
10736,Armenia_2005,0,387,5,Council,council,NNP,NN
10737,Armenia_2005,0,387,6,are,are,VBP,VB
10738,Armenia_2005,0,387,7,headed,headed,VBN,VB
10739,Armenia_2005,0,387,8,by,by,IN,IN
10740,Armenia_2005,0,387,9,the,the,DT,DT
10741,Armenia_2005,0,387,10,President,president,NNP,NN
10742,Armenia_2005,0,387,11,of,of,IN,IN
10743,Armenia_2005,0,387,12,the,the,DT,DT
10744,Armenia_2005,0,387,13,Court,court,NNP,NN
10745,Armenia_2005,0,387,14,of,of,IN,IN
10746,Armenia_2005,0,387,15,Cassation,cassation,NNP,NN
10747,Armenia_2005,0,387,16,without,without,IN,IN
10748,Armenia_2005,0,387,17,the,the,DT,DT
10749,Armenia_2005,0,387,18,right,right,NN,NN
10750,Armenia_2005,0,387,19,to,to,TO,TO
10751,Armenia_2005,0,387,20,vote,vote,VB,VB
10752,Armenia_2005,0,388,0,Article,article,NN,NN
10753,Armenia_2005,0,388,1,95,95,CD,CD
10754,Armenia_2005,0,388,2,Share,share,NN,NN
10755,Armenia_2005,0,388,3,In,in,IN,IN
10756,Armenia_2005,0,388,4,conformity,conformity,NN,NN
10757,Armenia_2005,0,388,5,with,with,IN,IN
10758,Armenia_2005,0,388,6,the,the,DT,DT
10759,Armenia_2005,0,388,7,procedure,procedure,NN,NN
10760,Armenia_2005,0,388,8,stipulated,stipulated,VBN,VB
10761,Armenia_2005,0,388,9,in,in,IN,IN
10762,Armenia_2005,0,388,10,the,the,DT,DT
10763,Armenia_2005,0,388,11,law,law,NN,NN
10764,Armenia_2005,0,388,12,the,the,DT,DT
10765,Armenia_2005,0,388,13,Council,council,NNP,NN
10766,Armenia_2005,0,388,14,of,of,IN,IN
10767,Armenia_2005,0,388,15,Justice,justice,NNP,NN
10768,Armenia_2005,0,388,17,1.shall,1shall,CD,CD
10769,Armenia_2005,0,388,18,form,form,NN,NN
10770,Armenia_2005,0,388,19,and,and,CC,CC
10771,Armenia_2005,0,388,20,present,present,JJ,JJ
10772,Armenia_2005,0,388,21,to,to,TO,TO
10773,Armenia_2005,0,388,22,the,the,DT,DT
10774,Armenia_2005,0,388,23,approval,approval,NN,NN
10775,Armenia_2005,0,388,24,of,of,IN,IN
10776,Armenia_2005,0,388,25,the,the,DT,DT
10777,Armenia_2005,0,388,26,President,president,NNP,NN
10778,Armenia_2005,0,388,27,of,of,IN,IN
10779,Armenia_2005,0,388,28,the,the,DT,DT
10780,Armenia_2005,0,388,29,Republic,republic,NNP,NN
10781,Armenia_2005,0,388,30,the,the,DT,DT
10782,Armenia_2005,0,388,31,list,list,NN,NN
10783,Armenia_2005,0,388,32,of,of,IN,IN
10784,Armenia_2005,0,388,33,candidates,candidates,NNS,NN
10785,Armenia_2005,0,388,34,of,of,IN,IN
10786,Armenia_2005,0,388,35,judges,judges,NNS,NN
10787,Armenia_2005,0,388,36,and,and,CC,CC
10788,Armenia_2005,0,388,37,the,the,DT,DT
10789,Armenia_2005,0,388,38,lists,lists,NNS,NN
10790,Armenia_2005,0,388,39,of,of,IN,IN
10791,Armenia_2005,0,388,40,their,their,PRP$,PR
10792,Armenia_2005,0,388,41,professional,professional,JJ,JJ
10793,Armenia_2005,0,388,42,advancement,advancement,NN,NN
10794,Armenia_2005,0,388,44,which,which,WDT,WD
10795,Armenia_2005,0,388,45,shall,shall,MD,MD
10796,Armenia_2005,0,388,46,be,be,VB,VB
10797,Armenia_2005,0,388,47,used,used,VBN,VB
10798,Armenia_2005,0,388,48,as,as,IN,IN
10799,Armenia_2005,0,388,49,a,a,DT,DT
10800,Armenia_2005,0,388,50,basis,basis,NN,NN
10801,Armenia_2005,0,388,51,for,for,IN,IN
10802,Armenia_2005,0,388,52,appointments,appointments,NNS,NN
10803,Armenia_2005,0,388,54,2.shall,2shall,CD,CD
10804,Armenia_2005,0,388,55,give,give,VBP,VB
10805,Armenia_2005,0,388,56,a,a,DT,DT
10806,Armenia_2005,0,388,57,conclusion,conclusion,NN,NN
10807,Armenia_2005,0,388,58,on,on,IN,IN
10808,Armenia_2005,0,388,59,the,the,DT,DT
10809,Armenia_2005,0,388,60,submitted,submitted,JJ,JJ
10810,Armenia_2005,0,388,61,candidacies,candidacies,NNS,NN
10811,Armenia_2005,0,388,62,of,of,IN,IN
10812,Armenia_2005,0,388,63,judges,judges,NNS,NN
10813,Armenia_2005,0,388,65,3.shall,3shall,CD,CD
10814,Armenia_2005,0,388,66,nominate,nominate,IN,IN
10815,Armenia_2005,0,388,67,the,the,DT,DT
10816,Armenia_2005,0,388,68,candidates,candidates,NNS,NN
10817,Armenia_2005,0,388,69,for,for,IN,IN
10818,Armenia_2005,0,388,70,the,the,DT,DT
10819,Armenia_2005,0,388,71,President,president,NNP,NN
10820,Armenia_2005,0,388,72,of,of,IN,IN
10821,Armenia_2005,0,388,73,the,the,DT,DT
10822,Armenia_2005,0,388,74,Court,court,NNP,NN
10823,Armenia_2005,0,388,75,of,of,IN,IN
10824,Armenia_2005,0,388,76,Cassation,cassation,NNP,NN
10825,Armenia_2005,0,388,78,chairmen,chairmen,NNS,NN
10826,Armenia_2005,0,388,79,and,and,CC,CC
10827,Armenia_2005,0,388,80,members,members,NNS,NN
10828,Armenia_2005,0,388,81,of,of,IN,IN
10829,Armenia_2005,0,388,82,its,its,PRP$,PR
10830,Armenia_2005,0,388,83,chambers,chambers,NNS,NN
10831,Armenia_2005,0,388,84,and,and,CC,CC
10832,Armenia_2005,0,388,85,candidates,candidates,NNS,NN
10833,Armenia_2005,0,388,86,for,for,IN,IN
10834,Armenia_2005,0,388,87,the,the,DT,DT
10835,Armenia_2005,0,388,88,presidency,presidency,NN,NN
10836,Armenia_2005,0,388,89,of,of,IN,IN
10837,Armenia_2005,0,388,90,the,the,DT,DT
10838,Armenia_2005,0,388,91,appellate,appellate,NN,NN
10839,Armenia_2005,0,388,92,courts,courts,NNS,NN
10840,Armenia_2005,0,388,94,first,first,JJ,JJ
10841,Armenia_2005,0,388,95,instance,instance,NN,NN
10842,Armenia_2005,0,388,96,courts,courts,NNS,NN
10843,Armenia_2005,0,388,97,and,and,CC,CC
10844,Armenia_2005,0,388,98,other,other,JJ,JJ
10845,Armenia_2005,0,388,99,courts,courts,NNS,NN
10846,Armenia_2005,0,388,101,4.shall,4shall,CD,CD
10847,Armenia_2005,0,388,102,express,express,JJ,JJ
10848,Armenia_2005,0,388,103,opinion,opinion,NN,NN
10849,Armenia_2005,0,388,104,on,on,IN,IN
10850,Armenia_2005,0,388,105,issues,issues,NNS,NN
10851,Armenia_2005,0,388,106,of,of,IN,IN
10852,Armenia_2005,0,388,107,pardon,pardon,NN,NN
10853,Armenia_2005,0,388,108,on,on,IN,IN
10854,Armenia_2005,0,388,109,the,the,DT,DT
10855,Armenia_2005,0,388,110,request,request,NN,NN
10856,Armenia_2005,0,388,111,of,of,IN,IN
10857,Armenia_2005,0,388,112,the,the,DT,DT
10858,Armenia_2005,0,388,113,President,president,NNP,NN
10859,Armenia_2005,0,388,114,of,of,IN,IN
10860,Armenia_2005,0,388,115,the,the,DT,DT
10861,Armenia_2005,0,388,116,Republic,republic,NNP,NN
10862,Armenia_2005,0,388,118,5.shall,5shall,CD,CD
10863,Armenia_2005,0,388,119,subject,subject,VBP,VB
10864,Armenia_2005,0,388,120,the,the,DT,DT
10865,Armenia_2005,0,388,121,judges,judges,NNS,NN
10866,Armenia_2005,0,388,122,to,to,TO,TO
10867,Armenia_2005,0,388,123,disciplinary,disciplinary,JJ,JJ
10868,Armenia_2005,0,388,124,responsibility,responsibility,NN,NN
10869,Armenia_2005,0,388,126,shall,shall,MD,MD
10870,Armenia_2005,0,388,127,submit,submit,VB,VB
10871,Armenia_2005,0,388,128,recommendation,recommendation,NN,NN
10872,Armenia_2005,0,388,129,to,to,TO,TO
10873,Armenia_2005,0,388,130,the,the,DT,DT
10874,Armenia_2005,0,388,131,President,president,NNP,NN
10875,Armenia_2005,0,388,132,of,of,IN,IN
10876,Armenia_2005,0,388,133,the,the,DT,DT
10877,Armenia_2005,0,388,134,Republic,republic,NNP,NN
10878,Armenia_2005,0,388,135,on,on,IN,IN
10879,Armenia_2005,0,388,136,terminating,terminating,VBG,VB
10880,Armenia_2005,0,388,137,the,the,DT,DT
10881,Armenia_2005,0,388,138,power,power,NN,NN
10882,Armenia_2005,0,388,139,of,of,IN,IN
10883,Armenia_2005,0,388,140,a,a,DT,DT
10884,Armenia_2005,0,388,141,judge,judge,NN,NN
10885,Armenia_2005,0,388,143,detaining,detaining,VBG,VB
10886,Armenia_2005,0,388,144,a,a,DT,DT
10887,Armenia_2005,0,388,145,judge,judge,NN,NN
10888,Armenia_2005,0,388,147,on,on,IN,IN
10889,Armenia_2005,0,388,148,agreeing,agreeing,VBG,VB
10890,Armenia_2005,0,388,149,to,to,TO,TO
10891,Armenia_2005,0,388,150,involve,involve,VB,VB
10892,Armenia_2005,0,388,151,the,the,DT,DT
10893,Armenia_2005,0,388,152,judge,judge,NN,NN
10894,Armenia_2005,0,388,153,as,as,IN,IN
10895,Armenia_2005,0,388,154,an,an,DT,DT
10896,Armenia_2005,0,388,155,accused,accused,JJ,JJ
10897,Armenia_2005,0,388,156,or,or,CC,CC
10898,Armenia_2005,0,388,157,to,to,TO,TO
10899,Armenia_2005,0,388,158,institute,institute,VB,VB
10900,Armenia_2005,0,388,159,a,a,DT,DT
10901,Armenia_2005,0,388,160,court,court,NN,NN
10902,Armenia_2005,0,388,161,proceeding,proceeding,VBG,VB
10903,Armenia_2005,0,388,162,to,to,TO,TO
10904,Armenia_2005,0,388,163,subject,subject,VB,VB
10905,Armenia_2005,0,388,164,the,the,DT,DT
10906,Armenia_2005,0,388,165,judge,judge,NN,NN
10907,Armenia_2005,0,388,166,to,to,TO,TO
10908,Armenia_2005,0,388,167,administrative,administrative,JJ,JJ
10909,Armenia_2005,0,388,168,responsibility,responsibility,NN,NN
10910,Armenia_2005,0,389,0,Article,article,NN,NN
10911,Armenia_2005,0,389,1,96,96,CD,CD
10912,Armenia_2005,0,389,2,Share,share,NNP,NN
10913,Armenia_2005,0,389,3,The,the,DT,DT
10914,Armenia_2005,0,389,4,Judge,judge,NNP,NN
10915,Armenia_2005,0,389,5,and,and,CC,CC
10916,Armenia_2005,0,389,6,the,the,DT,DT
10917,Armenia_2005,0,389,7,members,members,NNS,NN
10918,Armenia_2005,0,389,8,of,of,IN,IN
10919,Armenia_2005,0,389,9,the,the,DT,DT
10920,Armenia_2005,0,389,10,Constitutional,constitutional,NNP,NN
10921,Armenia_2005,0,389,11,Court,court,NNP,NN
10922,Armenia_2005,0,389,12,shall,shall,MD,MD
10923,Armenia_2005,0,389,13,be,be,VB,VB
10924,Armenia_2005,0,389,14,irremovable,irremovable,JJ,JJ
10925,Armenia_2005,0,390,0,The,the,DT,DT
10926,Armenia_2005,0,390,1,Judge,judge,NNP,NN
10927,Armenia_2005,0,390,2,and,and,CC,CC
10928,Armenia_2005,0,390,3,the,the,DT,DT
10929,Armenia_2005,0,390,4,member,member,NN,NN
10930,Armenia_2005,0,390,5,of,of,IN,IN
10931,Armenia_2005,0,390,6,the,the,DT,DT
10932,Armenia_2005,0,390,7,Constitutional,constitutional,NNP,NN
10933,Armenia_2005,0,390,8,Court,court,NNP,NN
10934,Armenia_2005,0,390,9,shall,shall,MD,MD
10935,Armenia_2005,0,390,10,hold,hold,VB,VB
10936,Armenia_2005,0,390,11,their,their,PRP$,PR
10937,Armenia_2005,0,390,12,offices,offices,NNS,NN
10938,Armenia_2005,0,390,13,until,until,IN,IN
10939,Armenia_2005,0,390,14,the,the,DT,DT
10940,Armenia_2005,0,390,15,age,age,NN,NN
10941,Armenia_2005,0,390,16,of,of,IN,IN
10942,Armenia_2005,0,390,17,65,65,CD,CD
10943,Armenia_2005,0,391,0,They,they,PRP,PR
10944,Armenia_2005,0,391,1,may,may,MD,MD
10945,Armenia_2005,0,391,2,be,be,VB,VB
10946,Armenia_2005,0,391,3,removed,removed,VBN,VB
10947,Armenia_2005,0,391,4,from,from,IN,IN
10948,Armenia_2005,0,391,5,office,office,NN,NN
10949,Armenia_2005,0,391,6,only,only,RB,RB
10950,Armenia_2005,0,391,7,in,in,IN,IN
10951,Armenia_2005,0,391,8,the,the,DT,DT
10952,Armenia_2005,0,391,9,cases,cases,NNS,NN
10953,Armenia_2005,0,391,10,and,and,CC,CC
10954,Armenia_2005,0,391,11,in,in,IN,IN
10955,Armenia_2005,0,391,12,a,a,DT,DT
10956,Armenia_2005,0,391,13,manner,manner,NN,NN
10957,Armenia_2005,0,391,14,prescribed,prescribed,VBN,VB
10958,Armenia_2005,0,391,15,by,by,IN,IN
10959,Armenia_2005,0,391,16,the,the,DT,DT
10960,Armenia_2005,0,391,17,Constitution,constitution,NNP,NN
10961,Armenia_2005,0,391,18,and,and,CC,CC
10962,Armenia_2005,0,391,19,the,the,DT,DT
10963,Armenia_2005,0,391,20,law,law,NN,NN
10964,Armenia_2005,0,392,0,Article,article,NN,NN
10965,Armenia_2005,0,392,1,97,97,CD,CD
10966,Armenia_2005,0,392,2,Share,share,NN,NN
10967,Armenia_2005,0,392,3,When,when,WRB,WR
10968,Armenia_2005,0,392,4,administering,administering,VBG,VB
10969,Armenia_2005,0,392,5,justice,justice,NN,NN
10970,Armenia_2005,0,392,7,judges,judges,NNS,NN
10971,Armenia_2005,0,392,8,and,and,CC,CC
10972,Armenia_2005,0,392,9,members,members,NNS,NN
10973,Armenia_2005,0,392,10,of,of,IN,IN
10974,Armenia_2005,0,392,11,the,the,DT,DT
10975,Armenia_2005,0,392,12,Constitutional,constitutional,NNP,NN
10976,Armenia_2005,0,392,13,Court,court,NNP,NN
10977,Armenia_2005,0,392,14,shall,shall,MD,MD
10978,Armenia_2005,0,392,15,be,be,VB,VB
10979,Armenia_2005,0,392,16,independent,independent,JJ,JJ
10980,Armenia_2005,0,392,17,and,and,CC,CC
10981,Armenia_2005,0,392,18,shall,shall,MD,MD
10982,Armenia_2005,0,392,19,only,only,RB,RB
10983,Armenia_2005,0,392,20,be,be,VB,VB
10984,Armenia_2005,0,392,21,subject,subject,JJ,JJ
10985,Armenia_2005,0,392,22,to,to,TO,TO
10986,Armenia_2005,0,392,23,the,the,DT,DT
10987,Armenia_2005,0,392,24,Constitution,constitution,NNP,NN
10988,Armenia_2005,0,392,25,and,and,CC,CC
10989,Armenia_2005,0,392,26,the,the,DT,DT
10990,Armenia_2005,0,392,27,law,law,NN,NN
10991,Armenia_2005,0,393,0,The,the,DT,DT
10992,Armenia_2005,0,393,1,guarantees,guarantees,NNS,NN
10993,Armenia_2005,0,393,2,for,for,IN,IN
10994,Armenia_2005,0,393,3,the,the,DT,DT
10995,Armenia_2005,0,393,4,exercise,exercise,NN,NN
10996,Armenia_2005,0,393,5,of,of,IN,IN
10997,Armenia_2005,0,393,6,their,their,PRP$,PR
10998,Armenia_2005,0,393,7,duties,duties,NNS,NN
10999,Armenia_2005,0,393,8,and,and,CC,CC
11000,Armenia_2005,0,393,9,the,the,DT,DT
11001,Armenia_2005,0,393,10,grounds,grounds,NNS,NN
11002,Armenia_2005,0,393,11,and,and,CC,CC
11003,Armenia_2005,0,393,12,procedures,procedures,NNS,NN
11004,Armenia_2005,0,393,13,of,of,IN,IN
11005,Armenia_2005,0,393,14,the,the,DT,DT
11006,Armenia_2005,0,393,15,legal,legal,JJ,JJ
11007,Armenia_2005,0,393,16,responsibility,responsibility,NN,NN
11008,Armenia_2005,0,393,17,applicable,applicable,JJ,JJ
11009,Armenia_2005,0,393,18,to,to,TO,TO
11010,Armenia_2005,0,393,19,judges,judges,NNS,NN
11011,Armenia_2005,0,393,20,and,and,CC,CC
11012,Armenia_2005,0,393,21,members,members,NNS,NN
11013,Armenia_2005,0,393,22,of,of,IN,IN
11014,Armenia_2005,0,393,23,the,the,DT,DT
11015,Armenia_2005,0,393,24,Constitutional,constitutional,NNP,NN
11016,Armenia_2005,0,393,25,Court,court,NNP,NN
11017,Armenia_2005,0,393,26,shall,shall,MD,MD
11018,Armenia_2005,0,393,27,be,be,VB,VB
11019,Armenia_2005,0,393,28,prescribed,prescribed,VBN,VB
11020,Armenia_2005,0,393,29,by,by,IN,IN
11021,Armenia_2005,0,393,30,law,law,NN,NN
11022,Armenia_2005,0,394,0,The,the,DT,DT
11023,Armenia_2005,0,394,1,Judge,judge,NNP,NN
11024,Armenia_2005,0,394,2,and,and,CC,CC
11025,Armenia_2005,0,394,3,the,the,DT,DT
11026,Armenia_2005,0,394,4,members,members,NNS,NN
11027,Armenia_2005,0,394,5,of,of,IN,IN
11028,Armenia_2005,0,394,6,the,the,DT,DT
11029,Armenia_2005,0,394,7,Constitutional,constitutional,NNP,NN
11030,Armenia_2005,0,394,8,Court,court,NNP,NN
11031,Armenia_2005,0,394,9,may,may,MD,MD
11032,Armenia_2005,0,394,10,not,not,RB,RB
11033,Armenia_2005,0,394,11,be,be,VB,VB
11034,Armenia_2005,0,394,12,arrested,arrested,VBN,VB
11035,Armenia_2005,0,394,14,named,named,VBN,VB
11036,Armenia_2005,0,394,15,as,as,IN,IN
11037,Armenia_2005,0,394,16,an,an,DT,DT
11038,Armenia_2005,0,394,17,accused,accused,JJ,JJ
11039,Armenia_2005,0,394,19,as,as,RB,RB
11040,Armenia_2005,0,394,20,well,well,RB,RB
11041,Armenia_2005,0,394,21,as,as,IN,IN
11042,Armenia_2005,0,394,22,subjected,subjected,VBN,VB
11043,Armenia_2005,0,394,23,to,to,TO,TO
11044,Armenia_2005,0,394,24,administrative,administrative,JJ,JJ
11045,Armenia_2005,0,394,25,liability,liability,NN,NN
11046,Armenia_2005,0,394,26,through,through,IN,IN
11047,Armenia_2005,0,394,27,the,the,DT,DT
11048,Armenia_2005,0,394,28,judicial,judicial,JJ,JJ
11049,Armenia_2005,0,394,29,process,process,NN,NN
11050,Armenia_2005,0,394,30,except,except,IN,IN
11051,Armenia_2005,0,394,31,with,with,IN,IN
11052,Armenia_2005,0,394,32,the,the,DT,DT
11053,Armenia_2005,0,394,33,consent,consent,NN,NN
11054,Armenia_2005,0,394,34,of,of,IN,IN
11055,Armenia_2005,0,394,35,the,the,DT,DT
11056,Armenia_2005,0,394,36,Council,council,NNP,NN
11057,Armenia_2005,0,394,37,of,of,IN,IN
11058,Armenia_2005,0,394,38,Justice,justice,NNP,NN
11059,Armenia_2005,0,394,39,or,or,CC,CC
11060,Armenia_2005,0,394,40,Constitutional,constitutional,NNP,NN
11061,Armenia_2005,0,394,41,Court,court,NNP,NN
11062,Armenia_2005,0,395,0,The,the,DT,DT
11063,Armenia_2005,0,395,1,Judge,judge,NNP,NN
11064,Armenia_2005,0,395,2,and,and,CC,CC
11065,Armenia_2005,0,395,3,the,the,DT,DT
11066,Armenia_2005,0,395,4,members,members,NNS,NN
11067,Armenia_2005,0,395,5,of,of,IN,IN
11068,Armenia_2005,0,395,6,the,the,DT,DT
11069,Armenia_2005,0,395,7,Constitutional,constitutional,NNP,NN
11070,Armenia_2005,0,395,8,Court,court,NNP,NN
11071,Armenia_2005,0,395,9,shall,shall,MD,MD
11072,Armenia_2005,0,395,10,not,not,RB,RB
11073,Armenia_2005,0,395,11,be,be,VB,VB
11074,Armenia_2005,0,395,12,detained,detained,VBN,VB
11075,Armenia_2005,0,395,13,save,save,VB,VB
11076,Armenia_2005,0,395,14,for,for,IN,IN
11077,Armenia_2005,0,395,15,cases,cases,NNS,NN
11078,Armenia_2005,0,395,16,when,when,WRB,WR
11079,Armenia_2005,0,395,17,caught,caught,NN,NN
11080,Armenia_2005,0,395,18,in,in,IN,IN
11081,Armenia_2005,0,395,19,flagrante,flagrante,JJ,JJ
11082,Armenia_2005,0,395,20,delicto,delicto,NN,NN
11083,Armenia_2005,0,396,0,In,in,IN,IN
11084,Armenia_2005,0,396,1,such,such,JJ,JJ
11085,Armenia_2005,0,396,2,cases,cases,NNS,NN
11086,Armenia_2005,0,396,4,the,the,DT,DT
11087,Armenia_2005,0,396,5,President,president,NNP,NN
11088,Armenia_2005,0,396,6,of,of,IN,IN
11089,Armenia_2005,0,396,7,the,the,DT,DT
11090,Armenia_2005,0,396,8,Republic,republic,NNP,NN
11091,Armenia_2005,0,396,9,and,and,CC,CC
11092,Armenia_2005,0,396,10,the,the,DT,DT
11093,Armenia_2005,0,396,11,President,president,NNP,NN
11094,Armenia_2005,0,396,12,of,of,IN,IN
11095,Armenia_2005,0,396,13,the,the,DT,DT
11096,Armenia_2005,0,396,14,Cassation,cassation,NNP,NN
11097,Armenia_2005,0,396,15,Court,court,NNP,NN
11098,Armenia_2005,0,396,16,or,or,CC,CC
11099,Armenia_2005,0,396,17,Constitutional,constitutional,NNP,NN
11100,Armenia_2005,0,396,18,Court,court,NNP,NN
11101,Armenia_2005,0,396,20,accordingly,accordingly,RB,RB
11102,Armenia_2005,0,396,22,shall,shall,MD,MD
11103,Armenia_2005,0,396,23,be,be,VB,VB
11104,Armenia_2005,0,396,24,notified,notified,VBN,VB
11105,Armenia_2005,0,396,25,immediately,immediately,RB,RB
11106,Armenia_2005,0,396,26,of,of,IN,IN
11107,Armenia_2005,0,396,27,the,the,DT,DT
11108,Armenia_2005,0,396,28,arrest,arrest,NN,NN
11109,Armenia_2005,0,397,0,Article,article,NN,NN
11110,Armenia_2005,0,397,1,98,98,CD,CD
11111,Armenia_2005,0,397,2,Share,share,NNP,NN
11112,Armenia_2005,0,397,3,Judges,judges,NNP,NN
11113,Armenia_2005,0,397,4,and,and,CC,CC
11114,Armenia_2005,0,397,5,members,members,NNS,NN
11115,Armenia_2005,0,397,6,of,of,IN,IN
11116,Armenia_2005,0,397,7,the,the,DT,DT
11117,Armenia_2005,0,397,8,Constitutional,constitutional,NNP,NN
11118,Armenia_2005,0,397,9,Court,court,NNP,NN
11119,Armenia_2005,0,397,10,may,may,MD,MD
11120,Armenia_2005,0,397,11,not,not,RB,RB
11121,Armenia_2005,0,397,12,go,go,VB,VB
11122,Armenia_2005,0,397,13,into,into,IN,IN
11123,Armenia_2005,0,397,14,business,business,NN,NN
11124,Armenia_2005,0,397,16,hold,hold,VB,VB
11125,Armenia_2005,0,397,17,office,office,NN,NN
11126,Armenia_2005,0,397,18,unrelated,unrelated,JJ,JJ
11127,Armenia_2005,0,397,19,to,to,TO,TO
11128,Armenia_2005,0,397,20,his/her,hisher,PRP$,PR
11129,Armenia_2005,0,397,21,duties,duties,NNS,NN
11130,Armenia_2005,0,397,22,in,in,IN,IN
11131,Armenia_2005,0,397,23,a,a,DT,DT
11132,Armenia_2005,0,397,24,state,state,NN,NN
11133,Armenia_2005,0,397,25,or,or,CC,CC
11134,Armenia_2005,0,397,26,local,local,JJ,JJ
11135,Armenia_2005,0,397,27,self-administration,selfadministration,NN,NN
11136,Armenia_2005,0,397,28,body,body,NN,NN
11137,Armenia_2005,0,397,29,or,or,CC,CC
11138,Armenia_2005,0,397,30,in,in,IN,IN
11139,Armenia_2005,0,397,31,a,a,DT,DT
11140,Armenia_2005,0,397,32,commercial,commercial,JJ,JJ
11141,Armenia_2005,0,397,33,enterprise,enterprise,NN,NN
11142,Armenia_2005,0,397,35,or,or,CC,CC
11143,Armenia_2005,0,397,36,perform,perform,VB,VB
11144,Armenia_2005,0,397,37,other,other,JJ,JJ
11145,Armenia_2005,0,397,38,paid,paid,VBN,VB
11146,Armenia_2005,0,397,39,work,work,NN,NN
11147,Armenia_2005,0,397,41,save,save,VB,VB
11148,Armenia_2005,0,397,42,for,for,IN,IN
11149,Armenia_2005,0,397,43,academic,academic,JJ,JJ
11150,Armenia_2005,0,397,45,pedagogical,pedagogical,JJ,JJ
11151,Armenia_2005,0,397,46,and,and,CC,CC
11152,Armenia_2005,0,397,47,creative,creative,JJ,JJ
11153,Armenia_2005,0,397,48,work,work,NN,NN
11154,Armenia_2005,0,398,0,Judges,judges,NNS,NN
11155,Armenia_2005,0,398,1,and,and,CC,CC
11156,Armenia_2005,0,398,2,members,members,NNS,NN
11157,Armenia_2005,0,398,3,of,of,IN,IN
11158,Armenia_2005,0,398,4,the,the,DT,DT
11159,Armenia_2005,0,398,5,Constitutional,constitutional,NNP,NN
11160,Armenia_2005,0,398,6,Court,court,NNP,NN
11161,Armenia_2005,0,398,7,may,may,MD,MD
11162,Armenia_2005,0,398,8,not,not,RB,RB
11163,Armenia_2005,0,398,9,be,be,VB,VB
11164,Armenia_2005,0,398,10,members,members,NNS,NN
11165,Armenia_2005,0,398,11,of,of,IN,IN
11166,Armenia_2005,0,398,12,any,any,DT,DT
11167,Armenia_2005,0,398,13,political,political,JJ,JJ
11168,Armenia_2005,0,398,14,party,party,NN,NN
11169,Armenia_2005,0,398,15,nor,nor,CC,CC
11170,Armenia_2005,0,398,16,engage,engage,NN,NN
11171,Armenia_2005,0,398,17,in,in,IN,IN
11172,Armenia_2005,0,398,18,any,any,DT,DT
11173,Armenia_2005,0,398,19,political,political,JJ,JJ
11174,Armenia_2005,0,398,20,activity,activity,NN,NN
11175,Armenia_2005,0,399,0,Article,article,NN,NN
11176,Armenia_2005,0,399,1,99,99,CD,CD
11177,Armenia_2005,0,399,2,Share,share,NNP,NN
11178,Armenia_2005,0,399,3,The,the,DT,DT
11179,Armenia_2005,0,399,4,Constitutional,constitutional,NNP,NN
11180,Armenia_2005,0,399,5,Court,court,NNP,NN
11181,Armenia_2005,0,399,6,shall,shall,MD,MD
11182,Armenia_2005,0,399,7,be,be,VB,VB
11183,Armenia_2005,0,399,8,composed,composed,VBN,VB
11184,Armenia_2005,0,399,9,of,of,IN,IN
11185,Armenia_2005,0,399,10,nine,nine,CD,CD
11186,Armenia_2005,0,399,11,members,members,NNS,NN
11187,Armenia_2005,0,400,0,Article,article,NN,NN
11188,Armenia_2005,0,400,1,100,100,CD,CD
11189,Armenia_2005,0,400,2,Share,share,NNP,NN
11190,Armenia_2005,0,400,3,The,the,DT,DT
11191,Armenia_2005,0,400,4,Constitutional,constitutional,NNP,NN
11192,Armenia_2005,0,400,5,Court,court,NNP,NN
11193,Armenia_2005,0,400,6,shall,shall,MD,MD
11194,Armenia_2005,0,400,8,in,in,IN,IN
11195,Armenia_2005,0,400,9,conformity,conformity,NN,NN
11196,Armenia_2005,0,400,10,with,with,IN,IN
11197,Armenia_2005,0,400,11,the,the,DT,DT
11198,Armenia_2005,0,400,12,procedure,procedure,NN,NN
11199,Armenia_2005,0,400,13,defined,defined,VBN,VB
11200,Armenia_2005,0,400,14,by,by,IN,IN
11201,Armenia_2005,0,400,15,law,law,NN,NN
11202,Armenia_2005,0,400,17,1.determine,1determine,CD,CD
11203,Armenia_2005,0,400,18,the,the,DT,DT
11204,Armenia_2005,0,400,19,compliance,compliance,NN,NN
11205,Armenia_2005,0,400,20,of,of,IN,IN
11206,Armenia_2005,0,400,21,the,the,DT,DT
11207,Armenia_2005,0,400,22,laws,laws,NNS,NN
11208,Armenia_2005,0,400,24,decisions,decisions,NNS,NN
11209,Armenia_2005,0,400,25,of,of,IN,IN
11210,Armenia_2005,0,400,26,the,the,DT,DT
11211,Armenia_2005,0,400,27,National,national,NNP,NN
11212,Armenia_2005,0,400,28,Assembly,assembly,NNP,NN
11213,Armenia_2005,0,400,30,decrees,decrees,NNS,NN
11214,Armenia_2005,0,400,31,and,and,CC,CC
11215,Armenia_2005,0,400,32,orders,orders,NNS,NN
11216,Armenia_2005,0,400,33,of,of,IN,IN
11217,Armenia_2005,0,400,34,the,the,DT,DT
11218,Armenia_2005,0,400,35,President,president,NNP,NN
11219,Armenia_2005,0,400,36,of,of,IN,IN
11220,Armenia_2005,0,400,37,the,the,DT,DT
11221,Armenia_2005,0,400,38,Republic,republic,NNP,NN
11222,Armenia_2005,0,400,40,decisions,decisions,NNS,NN
11223,Armenia_2005,0,400,41,of,of,IN,IN
11224,Armenia_2005,0,400,42,the,the,DT,DT
11225,Armenia_2005,0,400,43,Prime,prime,NNP,NN
11226,Armenia_2005,0,400,44,Minister,minister,NNP,NN
11227,Armenia_2005,0,400,45,and,and,CC,CC
11228,Armenia_2005,0,400,46,bodies,bodies,NNS,NN
11229,Armenia_2005,0,400,47,of,of,IN,IN
11230,Armenia_2005,0,400,48,the,the,DT,DT
11231,Armenia_2005,0,400,49,local,local,JJ,JJ
11232,Armenia_2005,0,400,50,self-government,selfgovernment,NN,NN
11233,Armenia_2005,0,400,51,with,with,IN,IN
11234,Armenia_2005,0,400,52,the,the,DT,DT
11235,Armenia_2005,0,400,53,Constitution,constitution,NNP,NN
11236,Armenia_2005,0,400,55,2.prior,2prior,CD,CD
11237,Armenia_2005,0,400,56,to,to,TO,TO
11238,Armenia_2005,0,400,57,the,the,DT,DT
11239,Armenia_2005,0,400,58,ratification,ratification,NN,NN
11240,Armenia_2005,0,400,59,of,of,IN,IN
11241,Armenia_2005,0,400,60,international,international,JJ,JJ
11242,Armenia_2005,0,400,61,agreements,agreements,NNS,NN
11243,Armenia_2005,0,400,62,determine,determine,VBP,VB
11244,Armenia_2005,0,400,63,the,the,DT,DT
11245,Armenia_2005,0,400,64,compliance,compliance,NN,NN
11246,Armenia_2005,0,400,65,of,of,IN,IN
11247,Armenia_2005,0,400,66,the,the,DT,DT
11248,Armenia_2005,0,400,67,commitments,commitments,NNS,NN
11249,Armenia_2005,0,400,68,stipulated,stipulated,VBD,VB
11250,Armenia_2005,0,400,69,therein,therein,RB,RB
11251,Armenia_2005,0,400,70,with,with,IN,IN
11252,Armenia_2005,0,400,71,the,the,DT,DT
11253,Armenia_2005,0,400,72,Constitution,constitution,NNP,NN
11254,Armenia_2005,0,400,74,3.resolve,3resolve,CD,CD
11255,Armenia_2005,0,400,75,all,all,DT,DT
11256,Armenia_2005,0,400,76,disputes,disputes,NNS,NN
11257,Armenia_2005,0,400,77,arising,arising,VBG,VB
11258,Armenia_2005,0,400,78,from,from,IN,IN
11259,Armenia_2005,0,400,79,the,the,DT,DT
11260,Armenia_2005,0,400,80,outcomes,outcomes,NNS,NN
11261,Armenia_2005,0,400,81,of,of,IN,IN
11262,Armenia_2005,0,400,82,a,a,DT,DT
11263,Armenia_2005,0,400,83,referendum,referendum,NN,NN
11264,Armenia_2005,0,400,85,3.1.resolve,31resolve,CD,CD
11265,Armenia_2005,0,400,86,all,all,DT,DT
11266,Armenia_2005,0,400,87,disputes,disputes,NNS,NN
11267,Armenia_2005,0,400,88,arising,arising,VBG,VB
11268,Armenia_2005,0,400,89,from,from,IN,IN
11269,Armenia_2005,0,400,90,decisions,decisions,NNS,NN
11270,Armenia_2005,0,400,91,adopted,adopted,VBN,VB
11271,Armenia_2005,0,400,92,with,with,IN,IN
11272,Armenia_2005,0,400,93,regard,regard,NN,NN
11273,Armenia_2005,0,400,94,to,to,TO,TO
11274,Armenia_2005,0,400,95,the,the,DT,DT
11275,Armenia_2005,0,400,96,elections,elections,NNS,NN
11276,Armenia_2005,0,400,97,of,of,IN,IN
11277,Armenia_2005,0,400,98,the,the,DT,DT
11278,Armenia_2005,0,400,99,President,president,NNP,NN
11279,Armenia_2005,0,400,100,of,of,IN,IN
11280,Armenia_2005,0,400,101,the,the,DT,DT
11281,Armenia_2005,0,400,102,Republic,republic,NNP,NN
11282,Armenia_2005,0,400,103,and,and,CC,CC
11283,Armenia_2005,0,400,104,Deputies,deputies,NNP,NN
11284,Armenia_2005,0,400,106,4.declare,4declare,CD,CD
11285,Armenia_2005,0,400,107,insurmountable,insurmountable,JJ,JJ
11286,Armenia_2005,0,400,108,or,or,CC,CC
11287,Armenia_2005,0,400,109,eliminated,eliminated,JJ,JJ
11288,Armenia_2005,0,400,110,obstacles,obstacles,NNS,NN
11289,Armenia_2005,0,400,111,for,for,IN,IN
11290,Armenia_2005,0,400,112,a,a,DT,DT
11291,Armenia_2005,0,400,113,candidate,candidate,NN,NN
11292,Armenia_2005,0,400,114,for,for,IN,IN
11293,Armenia_2005,0,400,115,the,the,DT,DT
11294,Armenia_2005,0,400,116,President,president,NNP,NN
11295,Armenia_2005,0,400,117,of,of,IN,IN
11296,Armenia_2005,0,400,118,the,the,DT,DT
11297,Armenia_2005,0,400,119,Republic,republic,NNP,NN
11298,Armenia_2005,0,400,121,5.provide,5provide,CD,CD
11299,Armenia_2005,0,400,122,a,a,DT,DT
11300,Armenia_2005,0,400,123,conclusion,conclusion,NN,NN
11301,Armenia_2005,0,400,124,on,on,IN,IN
11302,Armenia_2005,0,400,125,the,the,DT,DT
11303,Armenia_2005,0,400,126,existence,existence,NN,NN
11304,Armenia_2005,0,400,127,of,of,IN,IN
11305,Armenia_2005,0,400,128,grounds,grounds,NNS,NN
11306,Armenia_2005,0,400,129,for,for,IN,IN
11307,Armenia_2005,0,400,130,impeaching,impeaching,VBG,VB
11308,Armenia_2005,0,400,131,the,the,DT,DT
11309,Armenia_2005,0,400,132,President,president,NNP,NN
11310,Armenia_2005,0,400,133,of,of,IN,IN
11311,Armenia_2005,0,400,134,Republic,republic,NNP,NN
11312,Armenia_2005,0,400,136,6.provide,6provide,CD,CD
11313,Armenia_2005,0,400,137,a,a,DT,DT
11314,Armenia_2005,0,400,138,conclusion,conclusion,NN,NN
11315,Armenia_2005,0,400,139,on,on,IN,IN
11316,Armenia_2005,0,400,140,the,the,DT,DT
11317,Armenia_2005,0,400,141,incapacity,incapacity,NN,NN
11318,Armenia_2005,0,400,142,of,of,IN,IN
11319,Armenia_2005,0,400,143,the,the,DT,DT
11320,Armenia_2005,0,400,144,President,president,NNP,NN
11321,Armenia_2005,0,400,145,to,to,TO,TO
11322,Armenia_2005,0,400,146,discharge,discharge,VB,VB
11323,Armenia_2005,0,400,147,his/her,hisher,JJ,JJ
11324,Armenia_2005,0,400,148,responsibilities,responsibilities,NNS,NN
11325,Armenia_2005,0,400,150,7.provide,7provide,CD,CD
11326,Armenia_2005,0,400,151,a,a,DT,DT
11327,Armenia_2005,0,400,152,conclusion,conclusion,NN,NN
11328,Armenia_2005,0,400,153,on,on,IN,IN
11329,Armenia_2005,0,400,154,terminating,terminating,VBG,VB
11330,Armenia_2005,0,400,155,the,the,DT,DT
11331,Armenia_2005,0,400,156,power,power,NN,NN
11332,Armenia_2005,0,400,157,of,of,IN,IN
11333,Armenia_2005,0,400,158,a,a,DT,DT
11334,Armenia_2005,0,400,159,member,member,NN,NN
11335,Armenia_2005,0,400,160,of,of,IN,IN
11336,Armenia_2005,0,400,161,the,the,DT,DT
11337,Armenia_2005,0,400,162,Constitutional,constitutional,NNP,NN
11338,Armenia_2005,0,400,163,Court,court,NNP,NN
11339,Armenia_2005,0,400,165,on,on,IN,IN
11340,Armenia_2005,0,400,166,detaining,detaining,VBG,VB
11341,Armenia_2005,0,400,167,the,the,DT,DT
11342,Armenia_2005,0,400,168,member,member,NN,NN
11343,Armenia_2005,0,400,170,on,on,IN,IN
11344,Armenia_2005,0,400,171,agreeing,agreeing,VBG,VB
11345,Armenia_2005,0,400,172,to,to,TO,TO
11346,Armenia_2005,0,400,173,name,name,VB,VB
11347,Armenia_2005,0,400,174,the,the,DT,DT
11348,Armenia_2005,0,400,175,member,member,NN,NN
11349,Armenia_2005,0,400,176,as,as,IN,IN
11350,Armenia_2005,0,400,177,an,an,DT,DT
11351,Armenia_2005,0,400,178,accused,accused,JJ,JJ
11352,Armenia_2005,0,400,180,as,as,RB,RB
11353,Armenia_2005,0,400,181,well,well,RB,RB
11354,Armenia_2005,0,400,182,as,as,IN,IN
11355,Armenia_2005,0,400,183,instituting,instituting,VBG,VB
11356,Armenia_2005,0,400,184,a,a,DT,DT
11357,Armenia_2005,0,400,185,court,court,NN,NN
11358,Armenia_2005,0,400,186,proceeding,proceeding,VBG,VB
11359,Armenia_2005,0,400,187,to,to,TO,TO
11360,Armenia_2005,0,400,188,subject,subject,VB,VB
11361,Armenia_2005,0,400,189,the,the,DT,DT
11362,Armenia_2005,0,400,190,member,member,NN,NN
11363,Armenia_2005,0,400,191,to,to,TO,TO
11364,Armenia_2005,0,400,192,administrative,administrative,JJ,JJ
11365,Armenia_2005,0,400,193,responsibility,responsibility,NN,NN
11366,Armenia_2005,0,400,195,8.provide,8provide,CD,CD
11367,Armenia_2005,0,400,196,the,the,DT,DT
11368,Armenia_2005,0,400,197,conclusion,conclusion,NN,NN
11369,Armenia_2005,0,400,198,which,which,WDT,WD
11370,Armenia_2005,0,400,199,serves,serves,VBZ,VB
11371,Armenia_2005,0,400,200,as,as,IN,IN
11372,Armenia_2005,0,400,201,a,a,DT,DT
11373,Armenia_2005,0,400,202,basis,basis,NN,NN
11374,Armenia_2005,0,400,203,for,for,IN,IN
11375,Armenia_2005,0,400,204,the,the,DT,DT
11376,Armenia_2005,0,400,205,removal,removal,NN,NN
11377,Armenia_2005,0,400,206,of,of,IN,IN
11378,Armenia_2005,0,400,207,the,the,DT,DT
11379,Armenia_2005,0,400,208,Community,community,NNP,NN
11380,Armenia_2005,0,400,209,head,head,NN,NN
11381,Armenia_2005,0,400,211,9.in,9in,CD,CD
11382,Armenia_2005,0,400,212,cases,cases,NNS,NN
11383,Armenia_2005,0,400,213,prescribed,prescribed,VBN,VB
11384,Armenia_2005,0,400,214,by,by,IN,IN
11385,Armenia_2005,0,400,215,law,law,NN,NN
11386,Armenia_2005,0,400,216,adopt,adopt,NN,NN
11387,Armenia_2005,0,400,217,a,a,DT,DT
11388,Armenia_2005,0,400,218,decision,decision,NN,NN
11389,Armenia_2005,0,400,219,on,on,IN,IN
11390,Armenia_2005,0,400,220,suspending,suspending,VBG,VB
11391,Armenia_2005,0,400,221,or,or,CC,CC
11392,Armenia_2005,0,400,222,prohibiting,prohibiting,VBG,VB
11393,Armenia_2005,0,400,223,the,the,DT,DT
11394,Armenia_2005,0,400,224,activities,activities,NNS,NN
11395,Armenia_2005,0,400,225,of,of,IN,IN
11396,Armenia_2005,0,400,226,a,a,DT,DT
11397,Armenia_2005,0,400,227,political,political,JJ,JJ
11398,Armenia_2005,0,400,228,party,party,NN,NN
11399,Armenia_2005,0,401,0,Article,article,NN,NN
11400,Armenia_2005,0,401,1,101,101,CD,CD
11401,Armenia_2005,0,401,2,Share,share,NN,NN
11402,Armenia_2005,0,401,3,In,in,IN,IN
11403,Armenia_2005,0,401,4,conformity,conformity,NN,NN
11404,Armenia_2005,0,401,5,with,with,IN,IN
11405,Armenia_2005,0,401,6,the,the,DT,DT
11406,Armenia_2005,0,401,7,procedure,procedure,NN,NN
11407,Armenia_2005,0,401,8,set,set,VBN,VB
11408,Armenia_2005,0,401,9,forth,forth,NN,NN
11409,Armenia_2005,0,401,10,in,in,IN,IN
11410,Armenia_2005,0,401,11,the,the,DT,DT
11411,Armenia_2005,0,401,12,Constitution,constitution,NNP,NN
11412,Armenia_2005,0,401,13,and,and,CC,CC
11413,Armenia_2005,0,401,14,the,the,DT,DT
11414,Armenia_2005,0,401,15,law,law,NN,NN
11415,Armenia_2005,0,401,16,on,on,IN,IN
11416,Armenia_2005,0,401,17,the,the,DT,DT
11417,Armenia_2005,0,401,18,Constitutional,constitutional,NNP,NN
11418,Armenia_2005,0,401,19,Court,court,NNP,NN
11419,Armenia_2005,0,401,21,the,the,DT,DT
11420,Armenia_2005,0,401,22,application,application,NN,NN
11421,Armenia_2005,0,401,23,to,to,TO,TO
11422,Armenia_2005,0,401,24,the,the,DT,DT
11423,Armenia_2005,0,401,25,Constitutional,constitutional,NNP,NN
11424,Armenia_2005,0,401,26,Court,court,NNP,NN
11425,Armenia_2005,0,401,27,may,may,MD,MD
11426,Armenia_2005,0,401,28,be,be,VB,VB
11427,Armenia_2005,0,401,29,filed,filed,VBN,VB
11428,Armenia_2005,0,401,30,by,by,IN,IN
11429,Armenia_2005,0,401,32,1.the,1the,CD,CD
11430,Armenia_2005,0,401,33,President,president,NNP,NN
11431,Armenia_2005,0,401,34,of,of,IN,IN
11432,Armenia_2005,0,401,35,the,the,DT,DT
11433,Armenia_2005,0,401,36,Republic,republic,NNP,NN
11434,Armenia_2005,0,401,37,in,in,IN,IN
11435,Armenia_2005,0,401,38,cases,cases,NNS,NN
11436,Armenia_2005,0,401,39,stipulated,stipulated,VBN,VB
11437,Armenia_2005,0,401,40,in,in,IN,IN
11438,Armenia_2005,0,401,41,Points,points,NNS,NN
11439,Armenia_2005,0,401,42,1,1,CD,CD
11440,Armenia_2005,0,401,44,2,2,CD,CD
11441,Armenia_2005,0,401,46,3,3,CD,CD
11442,Armenia_2005,0,401,48,7,7,CD,CD
11443,Armenia_2005,0,401,49,and,and,CC,CC
11444,Armenia_2005,0,401,50,9,9,CD,CD
11445,Armenia_2005,0,401,51,of,of,IN,IN
11446,Armenia_2005,0,401,52,Article,article,NNP,NN
11447,Armenia_2005,0,401,53,100,100,CD,CD
11448,Armenia_2005,0,401,54,of,of,IN,IN
11449,Armenia_2005,0,401,55,the,the,DT,DT
11450,Armenia_2005,0,401,56,Constitution,constitution,NNP,NN
11451,Armenia_2005,0,401,58,2.the,2the,CD,CD
11452,Armenia_2005,0,401,59,National,national,NNP,NN
11453,Armenia_2005,0,401,60,Assembly,assembly,NNP,NN
11454,Armenia_2005,0,401,61,in,in,IN,IN
11455,Armenia_2005,0,401,62,cases,cases,NNS,NN
11456,Armenia_2005,0,401,63,stipulated,stipulated,VBN,VB
11457,Armenia_2005,0,401,64,in,in,IN,IN
11458,Armenia_2005,0,401,65,Points,points,NNS,NN
11459,Armenia_2005,0,401,66,3,3,CD,CD
11460,Armenia_2005,0,401,68,5,5,CD,CD
11461,Armenia_2005,0,401,70,7,7,CD,CD
11462,Armenia_2005,0,401,71,and,and,CC,CC
11463,Armenia_2005,0,401,72,9,9,CD,CD
11464,Armenia_2005,0,401,73,of,of,IN,IN
11465,Armenia_2005,0,401,74,Article,article,NNP,NN
11466,Armenia_2005,0,401,75,100,100,CD,CD
11467,Armenia_2005,0,401,76,of,of,IN,IN
11468,Armenia_2005,0,401,77,the,the,DT,DT
11469,Armenia_2005,0,401,78,Constitution,constitution,NNP,NN
11470,Armenia_2005,0,401,80,3.at,3at,CD,CD
11471,Armenia_2005,0,401,81,least,least,JJS,JJ
11472,Armenia_2005,0,401,82,one-fifth,onefifth,JJ,JJ
11473,Armenia_2005,0,401,83,of,of,IN,IN
11474,Armenia_2005,0,401,84,the,the,DT,DT
11475,Armenia_2005,0,401,85,total,total,JJ,JJ
11476,Armenia_2005,0,401,86,number,number,NN,NN
11477,Armenia_2005,0,401,87,of,of,IN,IN
11478,Armenia_2005,0,401,88,the,the,DT,DT
11479,Armenia_2005,0,401,89,Deputies,deputies,NNPS,NN
11480,Armenia_2005,0,401,90,in,in,IN,IN
11481,Armenia_2005,0,401,91,cases,cases,NNS,NN
11482,Armenia_2005,0,401,92,stipulated,stipulated,VBN,VB
11483,Armenia_2005,0,401,93,in,in,IN,IN
11484,Armenia_2005,0,401,94,Point,point,NNP,NN
11485,Armenia_2005,0,401,95,1,1,CD,CD
11486,Armenia_2005,0,401,96,of,of,IN,IN
11487,Armenia_2005,0,401,97,Article,article,NNP,NN
11488,Armenia_2005,0,401,98,100,100,CD,CD
11489,Armenia_2005,0,401,99,of,of,IN,IN
11490,Armenia_2005,0,401,100,the,the,DT,DT
11491,Armenia_2005,0,401,101,Constitution,constitution,NNP,NN
11492,Armenia_2005,0,401,103,4.the,4the,CD,CD
11493,Armenia_2005,0,401,104,Government,government,NNP,NN
11494,Armenia_2005,0,401,106,in,in,IN,IN
11495,Armenia_2005,0,401,107,cases,cases,NNS,NN
11496,Armenia_2005,0,401,108,stipulated,stipulated,VBN,VB
11497,Armenia_2005,0,401,109,in,in,IN,IN
11498,Armenia_2005,0,401,110,Points,points,NNS,NN
11499,Armenia_2005,0,401,111,1,1,CD,CD
11500,Armenia_2005,0,401,113,6,6,CD,CD
11501,Armenia_2005,0,401,115,8,8,CD,CD
11502,Armenia_2005,0,401,116,and,and,CC,CC
11503,Armenia_2005,0,401,117,9,9,CD,CD
11504,Armenia_2005,0,401,118,of,of,IN,IN
11505,Armenia_2005,0,401,119,Article,article,NNP,NN
11506,Armenia_2005,0,401,120,100,100,CD,CD
11507,Armenia_2005,0,401,121,of,of,IN,IN
11508,Armenia_2005,0,401,122,the,the,DT,DT
11509,Armenia_2005,0,401,123,Constitution,constitution,NNP,NN
11510,Armenia_2005,0,401,125,5.bodies,5bodies,CD,CD
11511,Armenia_2005,0,401,126,of,of,IN,IN
11512,Armenia_2005,0,401,127,local,local,JJ,JJ
11513,Armenia_2005,0,401,128,self-government,selfgovernment,NN,NN
11514,Armenia_2005,0,401,129,on,on,IN,IN
11515,Armenia_2005,0,401,130,the,the,DT,DT
11516,Armenia_2005,0,401,131,issue,issue,NN,NN
11517,Armenia_2005,0,401,132,of,of,IN,IN
11518,Armenia_2005,0,401,133,compliance,compliance,NN,NN
11519,Armenia_2005,0,401,134,to,to,TO,TO
11520,Armenia_2005,0,401,135,the,the,DT,DT
11521,Armenia_2005,0,401,136,Constitution,constitution,NNP,NN
11522,Armenia_2005,0,401,137,of,of,IN,IN
11523,Armenia_2005,0,401,138,the,the,DT,DT
11524,Armenia_2005,0,401,139,state,state,NN,NN
11525,Armenia_2005,0,401,140,bodies,bodies,NNS,NN
11526,Armenia_2005,0,401,142,normative,normative,JJ,JJ
11527,Armenia_2005,0,401,143,acts,acts,NNS,NN
11528,Armenia_2005,0,401,144,violating,violating,VBG,VB
11529,Armenia_2005,0,401,145,their,their,PRP$,PR
11530,Armenia_2005,0,401,146,constitutional,constitutional,JJ,JJ
11531,Armenia_2005,0,401,147,rights,rights,NNS,NN
11532,Armenia_2005,0,401,149,6.every,6every,CD,CD
11533,Armenia_2005,0,401,150,person,person,NN,NN
11534,Armenia_2005,0,401,151,in,in,IN,IN
11535,Armenia_2005,0,401,152,a,a,DT,DT
11536,Armenia_2005,0,401,153,specific,specific,JJ,JJ
11537,Armenia_2005,0,401,154,case,case,NN,NN
11538,Armenia_2005,0,401,155,when,when,WRB,WR
11539,Armenia_2005,0,401,156,the,the,DT,DT
11540,Armenia_2005,0,401,157,final,final,JJ,JJ
11541,Armenia_2005,0,401,158,judicial,judicial,NN,NN
11542,Armenia_2005,0,401,159,act,act,NN,NN
11543,Armenia_2005,0,401,160,has,has,VBZ,VB
11544,Armenia_2005,0,401,161,been,been,VBN,VB
11545,Armenia_2005,0,401,162,adopted,adopted,VBN,VB
11546,Armenia_2005,0,401,164,when,when,WRB,WR
11547,Armenia_2005,0,401,165,the,the,DT,DT
11548,Armenia_2005,0,401,166,possibilities,possibilities,NNS,NN
11549,Armenia_2005,0,401,167,of,of,IN,IN
11550,Armenia_2005,0,401,168,protection,protection,NN,NN
11551,Armenia_2005,0,401,169,in,in,IN,IN
11552,Armenia_2005,0,401,170,courts,courts,NNS,NN
11553,Armenia_2005,0,401,171,have,have,VBP,VB
11554,Armenia_2005,0,401,172,been,been,VBN,VB
11555,Armenia_2005,0,401,173,exhausted,exhausted,VBN,VB
11556,Armenia_2005,0,401,174,and,and,CC,CC
11557,Armenia_2005,0,401,175,when,when,WRB,WR
11558,Armenia_2005,0,401,176,the,the,DT,DT
11559,Armenia_2005,0,401,177,constitutionality,constitutionality,NN,NN
11560,Armenia_2005,0,401,178,of,of,IN,IN
11561,Armenia_2005,0,401,179,a,a,DT,DT
11562,Armenia_2005,0,401,180,law,law,NN,NN
11563,Armenia_2005,0,401,181,provision,provision,NN,NN
11564,Armenia_2005,0,401,182,applied,applied,VBN,VB
11565,Armenia_2005,0,401,183,by,by,IN,IN
11566,Armenia_2005,0,401,184,the,the,DT,DT
11567,Armenia_2005,0,401,185,act,act,NN,NN
11568,Armenia_2005,0,401,186,in,in,IN,IN
11569,Armenia_2005,0,401,187,question,question,NN,NN
11570,Armenia_2005,0,401,188,is,is,VBZ,VB
11571,Armenia_2005,0,401,189,being,being,VBG,VB
11572,Armenia_2005,0,401,190,challenged,challenged,VBN,VB
11573,Armenia_2005,0,401,192,7.courts,7courts,CD,CD
11574,Armenia_2005,0,401,193,and,and,CC,CC
11575,Armenia_2005,0,401,194,the,the,DT,DT
11576,Armenia_2005,0,401,195,Prosecutor,prosecutor,NNP,NN
11577,Armenia_2005,0,401,196,General,general,NNP,NN
11578,Armenia_2005,0,401,197,on,on,IN,IN
11579,Armenia_2005,0,401,198,the,the,DT,DT
11580,Armenia_2005,0,401,199,issue,issue,NN,NN
11581,Armenia_2005,0,401,200,of,of,IN,IN
11582,Armenia_2005,0,401,201,constitutionality,constitutionality,NN,NN
11583,Armenia_2005,0,401,202,of,of,IN,IN
11584,Armenia_2005,0,401,203,provisions,provisions,NNS,NN
11585,Armenia_2005,0,401,204,of,of,IN,IN
11586,Armenia_2005,0,401,205,normative,normative,JJ,JJ
11587,Armenia_2005,0,401,206,acts,acts,NNS,NN
11588,Armenia_2005,0,401,207,related,related,VBN,VB
11589,Armenia_2005,0,401,208,to,to,TO,TO
11590,Armenia_2005,0,401,209,specific,specific,JJ,JJ
11591,Armenia_2005,0,401,210,cases,cases,NNS,NN
11592,Armenia_2005,0,401,211,within,within,IN,IN
11593,Armenia_2005,0,401,212,their,their,PRP$,PR
11594,Armenia_2005,0,401,213,proceedings,proceedings,NNS,NN
11595,Armenia_2005,0,401,215,8.the,8the,CD,CD
11596,Armenia_2005,0,401,216,Ombudsman,ombudsman,NNP,NN
11597,Armenia_2005,0,401,218,Human,human,NNP,NN
11598,Armenia_2005,0,401,219,Rights,rights,NNP,NN
11599,Armenia_2005,0,401,221,Defender,defender,NNP,NN
11600,Armenia_2005,0,401,223,on,on,IN,IN
11601,Armenia_2005,0,401,224,the,the,DT,DT
11602,Armenia_2005,0,401,225,issue,issue,NN,NN
11603,Armenia_2005,0,401,226,of,of,IN,IN
11604,Armenia_2005,0,401,227,compliance,compliance,NN,NN
11605,Armenia_2005,0,401,228,of,of,IN,IN
11606,Armenia_2005,0,401,229,the,the,DT,DT
11607,Armenia_2005,0,401,230,normative,normative,JJ,JJ
11608,Armenia_2005,0,401,231,acts,acts,NNS,NN
11609,Armenia_2005,0,401,232,listed,listed,VBN,VB
11610,Armenia_2005,0,401,233,in,in,IN,IN
11611,Armenia_2005,0,401,234,Point,point,NNP,NN
11612,Armenia_2005,0,401,235,1,1,CD,CD
11613,Armenia_2005,0,401,236,of,of,IN,IN
11614,Armenia_2005,0,401,237,Article,article,NNP,NN
11615,Armenia_2005,0,401,238,100,100,CD,CD
11616,Armenia_2005,0,401,239,of,of,IN,IN
11617,Armenia_2005,0,401,240,the,the,DT,DT
11618,Armenia_2005,0,401,241,Constitution,constitution,NNP,NN
11619,Armenia_2005,0,401,242,with,with,IN,IN
11620,Armenia_2005,0,401,243,the,the,DT,DT
11621,Armenia_2005,0,401,244,provisions,provisions,NNS,NN
11622,Armenia_2005,0,401,245,of,of,IN,IN
11623,Armenia_2005,0,401,246,Chapter,chapter,NN,NN
11624,Armenia_2005,0,401,247,2,2,CD,CD
11625,Armenia_2005,0,401,248,of,of,IN,IN
11626,Armenia_2005,0,401,249,the,the,DT,DT
11627,Armenia_2005,0,401,250,Constitution,constitution,NNP,NN
11628,Armenia_2005,0,401,252,9.candidates,9candidates,CD,CD
11629,Armenia_2005,0,401,253,for,for,IN,IN
11630,Armenia_2005,0,401,254,the,the,DT,DT
11631,Armenia_2005,0,401,255,President,president,NNP,NN
11632,Armenia_2005,0,401,256,of,of,IN,IN
11633,Armenia_2005,0,401,257,the,the,DT,DT
11634,Armenia_2005,0,401,258,Republic,republic,NNP,NN
11635,Armenia_2005,0,401,259,and,and,CC,CC
11636,Armenia_2005,0,401,260,Deputies,deputies,NNP,NN
11637,Armenia_2005,0,401,261,on,on,IN,IN
11638,Armenia_2005,0,401,262,matters,matters,NNS,NN
11639,Armenia_2005,0,401,263,listed,listed,VBN,VB
11640,Armenia_2005,0,401,264,in,in,IN,IN
11641,Armenia_2005,0,401,265,Points,points,NNS,NN
11642,Armenia_2005,0,401,266,3.1,31,CD,CD
11643,Armenia_2005,0,401,267,and,and,CC,CC
11644,Armenia_2005,0,401,268,4,4,CD,CD
11645,Armenia_2005,0,401,269,of,of,IN,IN
11646,Armenia_2005,0,401,270,Article,article,NNP,NN
11647,Armenia_2005,0,401,271,100,100,CD,CD
11648,Armenia_2005,0,401,272,of,of,IN,IN
11649,Armenia_2005,0,401,273,the,the,DT,DT
11650,Armenia_2005,0,401,274,Constitution,constitution,NNP,NN
11651,Armenia_2005,0,402,0,The,the,DT,DT
11652,Armenia_2005,0,402,1,Constitutional,constitutional,NNP,NN
11653,Armenia_2005,0,402,2,Court,court,NNP,NN
11654,Armenia_2005,0,402,3,shall,shall,MD,MD
11655,Armenia_2005,0,402,4,start,start,VB,VB
11656,Armenia_2005,0,402,5,proceedings,proceedings,NNS,NN
11657,Armenia_2005,0,402,6,only,only,RB,RB
11658,Armenia_2005,0,402,7,upon,upon,IN,IN
11659,Armenia_2005,0,402,8,the,the,DT,DT
11660,Armenia_2005,0,402,9,receipt,receipt,NN,NN
11661,Armenia_2005,0,402,10,of,of,IN,IN
11662,Armenia_2005,0,402,11,an,an,DT,DT
11663,Armenia_2005,0,402,12,application,application,NN,NN
11664,Armenia_2005,0,403,0,Article,article,NN,NN
11665,Armenia_2005,0,403,1,102,102,CD,CD
11666,Armenia_2005,0,403,2,Share,share,NNP,NN
11667,Armenia_2005,0,403,3,The,the,DT,DT
11668,Armenia_2005,0,403,4,Constitutional,constitutional,NNP,NN
11669,Armenia_2005,0,403,5,Court,court,NNP,NN
11670,Armenia_2005,0,403,6,shall,shall,MD,MD
11671,Armenia_2005,0,403,7,adopt,adopt,VB,VB
11672,Armenia_2005,0,403,8,decisions,decisions,NNS,NN
11673,Armenia_2005,0,403,9,and,and,CC,CC
11674,Armenia_2005,0,403,10,conclusions,conclusions,NNS,NN
11675,Armenia_2005,0,403,11,in,in,IN,IN
11676,Armenia_2005,0,403,12,conformity,conformity,NN,NN
11677,Armenia_2005,0,403,13,with,with,IN,IN
11678,Armenia_2005,0,403,14,the,the,DT,DT
11679,Armenia_2005,0,403,15,procedure,procedure,NN,NN
11680,Armenia_2005,0,403,16,and,and,CC,CC
11681,Armenia_2005,0,403,17,terms,terms,NNS,NN
11682,Armenia_2005,0,403,18,stipulated,stipulated,VBN,VB
11683,Armenia_2005,0,403,19,in,in,IN,IN
11684,Armenia_2005,0,403,20,the,the,DT,DT
11685,Armenia_2005,0,403,21,Constitution,constitution,NNP,NN
11686,Armenia_2005,0,403,22,and,and,CC,CC
11687,Armenia_2005,0,403,23,the,the,DT,DT
11688,Armenia_2005,0,403,24,Law,law,NNP,NN
11689,Armenia_2005,0,403,25,on,on,IN,IN
11690,Armenia_2005,0,403,26,the,the,DT,DT
11691,Armenia_2005,0,403,27,Constitutional,constitutional,NNP,NN
11692,Armenia_2005,0,403,28,Court,court,NNP,NN
11693,Armenia_2005,0,404,0,The,the,DT,DT
11694,Armenia_2005,0,404,1,decisions,decisions,NNS,NN
11695,Armenia_2005,0,404,2,of,of,IN,IN
11696,Armenia_2005,0,404,3,the,the,DT,DT
11697,Armenia_2005,0,404,4,Constitutional,constitutional,NNP,NN
11698,Armenia_2005,0,404,5,Court,court,NNP,NN
11699,Armenia_2005,0,404,6,shall,shall,MD,MD
11700,Armenia_2005,0,404,7,be,be,VB,VB
11701,Armenia_2005,0,404,8,final,final,JJ,JJ
11702,Armenia_2005,0,404,9,and,and,CC,CC
11703,Armenia_2005,0,404,10,shall,shall,MD,MD
11704,Armenia_2005,0,404,11,come,come,VB,VB
11705,Armenia_2005,0,404,12,into,into,IN,IN
11706,Armenia_2005,0,404,13,force,force,NN,NN
11707,Armenia_2005,0,404,14,following,following,VBG,VB
11708,Armenia_2005,0,404,15,the,the,DT,DT
11709,Armenia_2005,0,404,16,publication,publication,NN,NN
11710,Armenia_2005,0,404,17,thereof,thereof,NN,NN
11711,Armenia_2005,0,405,0,The,the,DT,DT
11712,Armenia_2005,0,405,1,Constitutional,constitutional,NNP,NN
11713,Armenia_2005,0,405,2,Court,court,NNP,NN
11714,Armenia_2005,0,405,3,may,may,MD,MD
11715,Armenia_2005,0,405,4,adopt,adopt,VB,VB
11716,Armenia_2005,0,405,5,a,a,DT,DT
11717,Armenia_2005,0,405,6,decision,decision,NN,NN
11718,Armenia_2005,0,405,7,stipulating,stipulating,VBG,VB
11719,Armenia_2005,0,405,8,a,a,DT,DT
11720,Armenia_2005,0,405,9,later,later,JJ,JJ
11721,Armenia_2005,0,405,10,term,term,NN,NN
11722,Armenia_2005,0,405,11,for,for,IN,IN
11723,Armenia_2005,0,405,12,invalidating,invalidating,VBG,VB
11724,Armenia_2005,0,405,13,a,a,DT,DT
11725,Armenia_2005,0,405,14,normative,normative,JJ,JJ
11726,Armenia_2005,0,405,15,act,act,NN,NN
11727,Armenia_2005,0,405,16,contradicting,contradicting,VBG,VB
11728,Armenia_2005,0,405,17,the,the,DT,DT
11729,Armenia_2005,0,405,18,Constitution,constitution,NNP,NN
11730,Armenia_2005,0,405,19,or,or,CC,CC
11731,Armenia_2005,0,405,20,a,a,DT,DT
11732,Armenia_2005,0,405,21,part,part,NN,NN
11733,Armenia_2005,0,405,22,thereof,thereof,NN,NN
11734,Armenia_2005,0,406,0,On,on,IN,IN
11735,Armenia_2005,0,406,1,matters,matters,NNS,NN
11736,Armenia_2005,0,406,2,stipulated,stipulated,VBN,VB
11737,Armenia_2005,0,406,3,in,in,IN,IN
11738,Armenia_2005,0,406,4,Points,points,NNP,NN
11739,Armenia_2005,0,406,5,1-4,14,JJ,JJ
11740,Armenia_2005,0,406,6,and,and,CC,CC
11741,Armenia_2005,0,406,7,9,9,CD,CD
11742,Armenia_2005,0,406,8,of,of,IN,IN
11743,Armenia_2005,0,406,9,Article,article,NNP,NN
11744,Armenia_2005,0,406,10,100,100,CD,CD
11745,Armenia_2005,0,406,11,of,of,IN,IN
11746,Armenia_2005,0,406,12,the,the,DT,DT
11747,Armenia_2005,0,406,13,Constitution,constitution,NNP,NN
11748,Armenia_2005,0,406,15,the,the,DT,DT
11749,Armenia_2005,0,406,16,Constitutional,constitutional,NNP,NN
11750,Armenia_2005,0,406,17,Court,court,NNP,NN
11751,Armenia_2005,0,406,18,shall,shall,MD,MD
11752,Armenia_2005,0,406,19,adopt,adopt,VB,VB
11753,Armenia_2005,0,406,20,decisions,decisions,NNS,NN
11754,Armenia_2005,0,406,21,while,while,IN,IN
11755,Armenia_2005,0,406,22,on,on,IN,IN
11756,Armenia_2005,0,406,23,matters,matters,NNS,NN
11757,Armenia_2005,0,406,24,stipulated,stipulated,VBN,VB
11758,Armenia_2005,0,406,25,in,in,IN,IN
11759,Armenia_2005,0,406,26,Points,points,NNP,NN
11760,Armenia_2005,0,406,27,5-8,58,JJ,JJ
11761,Armenia_2005,0,406,29,it,it,PRP,PR
11762,Armenia_2005,0,406,30,shall,shall,MD,MD
11763,Armenia_2005,0,406,31,issue,issue,VB,VB
11764,Armenia_2005,0,406,32,conclusions,conclusions,NNS,NN
11765,Armenia_2005,0,407,0,The,the,DT,DT
11766,Armenia_2005,0,407,1,conclusions,conclusions,NNS,NN
11767,Armenia_2005,0,407,2,and,and,CC,CC
11768,Armenia_2005,0,407,3,the,the,DT,DT
11769,Armenia_2005,0,407,4,decision,decision,NN,NN
11770,Armenia_2005,0,407,5,on,on,IN,IN
11771,Armenia_2005,0,407,6,matters,matters,NNS,NN
11772,Armenia_2005,0,407,7,stipulated,stipulated,VBN,VB
11773,Armenia_2005,0,407,8,in,in,IN,IN
11774,Armenia_2005,0,407,9,Point,point,NN,NN
11775,Armenia_2005,0,407,10,9,9,CD,CD
11776,Armenia_2005,0,407,11,shall,shall,MD,MD
11777,Armenia_2005,0,407,12,be,be,VB,VB
11778,Armenia_2005,0,407,13,adopted,adopted,VBN,VB
11779,Armenia_2005,0,407,14,by,by,IN,IN
11780,Armenia_2005,0,407,15,at,at,IN,IN
11781,Armenia_2005,0,407,16,least,least,JJS,JJ
11782,Armenia_2005,0,407,17,two-thirds,twothirds,NNS,NN
11783,Armenia_2005,0,407,18,of,of,IN,IN
11784,Armenia_2005,0,407,19,the,the,DT,DT
11785,Armenia_2005,0,407,20,total,total,JJ,JJ
11786,Armenia_2005,0,407,21,number,number,NN,NN
11787,Armenia_2005,0,407,22,of,of,IN,IN
11788,Armenia_2005,0,407,23,the,the,DT,DT
11789,Armenia_2005,0,407,24,members,members,NNS,NN
11790,Armenia_2005,0,407,25,while,while,IN,IN
11791,Armenia_2005,0,407,26,the,the,DT,DT
11792,Armenia_2005,0,407,27,remaining,remaining,VBG,VB
11793,Armenia_2005,0,407,28,decision,decision,NN,NN
11794,Armenia_2005,0,407,29,shall,shall,MD,MD
11795,Armenia_2005,0,407,30,be,be,VB,VB
11796,Armenia_2005,0,407,31,adopted,adopted,VBN,VB
11797,Armenia_2005,0,407,32,by,by,IN,IN
11798,Armenia_2005,0,407,33,a,a,DT,DT
11799,Armenia_2005,0,407,34,simple,simple,JJ,JJ
11800,Armenia_2005,0,407,35,majority,majority,NN,NN
11801,Armenia_2005,0,407,36,of,of,IN,IN
11802,Armenia_2005,0,407,37,votes,votes,NNS,NN
11803,Armenia_2005,0,408,0,If,if,IN,IN
11804,Armenia_2005,0,408,1,the,the,DT,DT
11805,Armenia_2005,0,408,2,conclusion,conclusion,NN,NN
11806,Armenia_2005,0,408,3,of,of,IN,IN
11807,Armenia_2005,0,408,4,the,the,DT,DT
11808,Armenia_2005,0,408,5,Constitutional,constitutional,NNP,NN
11809,Armenia_2005,0,408,6,Court,court,NNP,NN
11810,Armenia_2005,0,408,7,is,is,VBZ,VB
11811,Armenia_2005,0,408,8,negative,negative,JJ,JJ
11812,Armenia_2005,0,408,10,the,the,DT,DT
11813,Armenia_2005,0,408,11,issue,issue,NN,NN
11814,Armenia_2005,0,408,12,shall,shall,MD,MD
11815,Armenia_2005,0,408,13,be,be,VB,VB
11816,Armenia_2005,0,408,14,removed,removed,VBN,VB
11817,Armenia_2005,0,408,15,from,from,IN,IN
11818,Armenia_2005,0,408,16,the,the,DT,DT
11819,Armenia_2005,0,408,17,scope,scope,NN,NN
11820,Armenia_2005,0,408,18,of,of,IN,IN
11821,Armenia_2005,0,408,19,competence,competence,NN,NN
11822,Armenia_2005,0,408,20,of,of,IN,IN
11823,Armenia_2005,0,408,21,the,the,DT,DT
11824,Armenia_2005,0,408,22,relevant,relevant,JJ,JJ
11825,Armenia_2005,0,408,23,body,body,NN,NN
11826,Armenia_2005,0,409,0,Article,article,NN,NN
11827,Armenia_2005,0,409,1,103,103,CD,CD
11828,Armenia_2005,0,409,2,Share,share,NNP,NN
11829,Armenia_2005,0,409,3,The,the,DT,DT
11830,Armenia_2005,0,409,4,Office,office,NNP,NN
11831,Armenia_2005,0,409,5,of,of,IN,IN
11832,Armenia_2005,0,409,6,the,the,DT,DT
11833,Armenia_2005,0,409,7,Prosecutor,prosecutor,NNP,NN
11834,Armenia_2005,0,409,8,General,general,NNP,NN
11835,Armenia_2005,0,409,9,in,in,IN,IN
11836,Armenia_2005,0,409,10,the,the,DT,DT
11837,Armenia_2005,0,409,11,Republic,republic,NNP,NN
11838,Armenia_2005,0,409,12,of,of,IN,IN
11839,Armenia_2005,0,409,13,Armenia,armenia,NNP,NN
11840,Armenia_2005,0,409,14,represents,represents,VBZ,VB
11841,Armenia_2005,0,409,15,a,a,DT,DT
11842,Armenia_2005,0,409,16,unified,unified,JJ,JJ
11843,Armenia_2005,0,409,17,system,system,NN,NN
11844,Armenia_2005,0,409,19,headed,headed,VBN,VB
11845,Armenia_2005,0,409,20,by,by,IN,IN
11846,Armenia_2005,0,409,21,the,the,DT,DT
11847,Armenia_2005,0,409,22,Prosecutor,prosecutor,NNP,NN
11848,Armenia_2005,0,409,23,General,general,NNP,NN
11849,Armenia_2005,0,410,0,The,the,DT,DT
11850,Armenia_2005,0,410,1,Prosecutor,prosecutor,NNP,NN
11851,Armenia_2005,0,410,2,General,general,NNP,NN
11852,Armenia_2005,0,410,3,shall,shall,MD,MD
11853,Armenia_2005,0,410,4,be,be,VB,VB
11854,Armenia_2005,0,410,5,appointed,appointed,VBN,VB
11855,Armenia_2005,0,410,6,by,by,IN,IN
11856,Armenia_2005,0,410,7,the,the,DT,DT
11857,Armenia_2005,0,410,8,National,national,NNP,NN
11858,Armenia_2005,0,410,9,Assembly,assembly,NNP,NN
11859,Armenia_2005,0,410,10,on,on,IN,IN
11860,Armenia_2005,0,410,11,nomination,nomination,NN,NN
11861,Armenia_2005,0,410,12,of,of,IN,IN
11862,Armenia_2005,0,410,13,the,the,DT,DT
11863,Armenia_2005,0,410,14,President,president,NNP,NN
11864,Armenia_2005,0,410,15,for,for,IN,IN
11865,Armenia_2005,0,410,16,a,a,DT,DT
11866,Armenia_2005,0,410,17,period,period,NN,NN
11867,Armenia_2005,0,410,18,of,of,IN,IN
11868,Armenia_2005,0,410,19,six,six,CD,CD
11869,Armenia_2005,0,410,20,years,years,NNS,NN
11870,Armenia_2005,0,411,0,The,the,DT,DT
11871,Armenia_2005,0,411,1,same,same,JJ,JJ
11872,Armenia_2005,0,411,2,person,person,NN,NN
11873,Armenia_2005,0,411,3,may,may,MD,MD
11874,Armenia_2005,0,411,4,not,not,RB,RB
11875,Armenia_2005,0,411,5,be,be,VB,VB
11876,Armenia_2005,0,411,6,appointed,appointed,VBN,VB
11877,Armenia_2005,0,411,7,Prosecutor,prosecutor,NNP,NN
11878,Armenia_2005,0,411,8,General,general,NNP,NN
11879,Armenia_2005,0,411,9,for,for,IN,IN
11880,Armenia_2005,0,411,10,more,more,JJR,JJ
11881,Armenia_2005,0,411,11,than,than,IN,IN
11882,Armenia_2005,0,411,12,two,two,CD,CD
11883,Armenia_2005,0,411,13,consecutive,consecutive,JJ,JJ
11884,Armenia_2005,0,411,14,terms,terms,NNS,NN
11885,Armenia_2005,0,412,0,In,in,IN,IN
11886,Armenia_2005,0,412,1,cases,cases,NNS,NN
11887,Armenia_2005,0,412,2,provided,provided,VBN,VB
11888,Armenia_2005,0,412,3,for,for,IN,IN
11889,Armenia_2005,0,412,4,by,by,IN,IN
11890,Armenia_2005,0,412,5,law,law,NN,NN
11891,Armenia_2005,0,412,6,the,the,DT,DT
11892,Armenia_2005,0,412,7,National,national,NNP,NN
11893,Armenia_2005,0,412,8,Assembly,assembly,NNP,NN
11894,Armenia_2005,0,412,10,upon,upon,IN,IN
11895,Armenia_2005,0,412,11,the,the,DT,DT
11896,Armenia_2005,0,412,12,proposal,proposal,NN,NN
11897,Armenia_2005,0,412,13,of,of,IN,IN
11898,Armenia_2005,0,412,14,the,the,DT,DT
11899,Armenia_2005,0,412,15,President,president,NNP,NN
11900,Armenia_2005,0,412,17,may,may,MD,MD
11901,Armenia_2005,0,412,18,dismiss,dismiss,VB,VB
11902,Armenia_2005,0,412,19,the,the,DT,DT
11903,Armenia_2005,0,412,20,Prosecutor,prosecutor,NNP,NN
11904,Armenia_2005,0,412,21,General,general,NNP,NN
11905,Armenia_2005,0,412,22,by,by,IN,IN
11906,Armenia_2005,0,412,23,the,the,DT,DT
11907,Armenia_2005,0,412,24,vote,vote,NN,NN
11908,Armenia_2005,0,412,25,of,of,IN,IN
11909,Armenia_2005,0,412,26,a,a,DT,DT
11910,Armenia_2005,0,412,27,majority,majority,NN,NN
11911,Armenia_2005,0,412,28,of,of,IN,IN
11912,Armenia_2005,0,412,29,the,the,DT,DT
11913,Armenia_2005,0,412,30,total,total,JJ,JJ
11914,Armenia_2005,0,412,31,number,number,NN,NN
11915,Armenia_2005,0,412,32,of,of,IN,IN
11916,Armenia_2005,0,412,33,Deputies,deputies,NNS,NN
11917,Armenia_2005,0,413,0,In,in,IN,IN
11918,Armenia_2005,0,413,1,conformity,conformity,NN,NN
11919,Armenia_2005,0,413,2,with,with,IN,IN
11920,Armenia_2005,0,413,3,the,the,DT,DT
11921,Armenia_2005,0,413,4,procedure,procedure,NN,NN
11922,Armenia_2005,0,413,5,and,and,CC,CC
11923,Armenia_2005,0,413,6,cases,cases,NNS,NN
11924,Armenia_2005,0,413,7,defined,defined,VBN,VB
11925,Armenia_2005,0,413,8,by,by,IN,IN
11926,Armenia_2005,0,413,9,law,law,NN,NN
11927,Armenia_2005,0,413,11,the,the,DT,DT
11928,Armenia_2005,0,413,12,Office,office,NNP,NN
11929,Armenia_2005,0,413,13,of,of,IN,IN
11930,Armenia_2005,0,413,14,the,the,DT,DT
11931,Armenia_2005,0,413,15,Prosecutor,prosecutor,NNP,NN
11932,Armenia_2005,0,413,16,General,general,NNP,NN
11933,Armenia_2005,0,413,17,shall,shall,MD,MD
11934,Armenia_2005,0,413,19,1.instigate,1instigate,CD,CD
11935,Armenia_2005,0,413,20,criminal,criminal,JJ,JJ
11936,Armenia_2005,0,413,21,prosecution,prosecution,NN,NN
11937,Armenia_2005,0,413,23,2.oversee,2oversee,CD,CD
11938,Armenia_2005,0,413,24,the,the,DT,DT
11939,Armenia_2005,0,413,25,lawfulness,lawfulness,NN,NN
11940,Armenia_2005,0,413,26,of,of,IN,IN
11941,Armenia_2005,0,413,27,preliminary,preliminary,JJ,JJ
11942,Armenia_2005,0,413,28,inquiries,inquiries,NNS,NN
11943,Armenia_2005,0,413,29,and,and,CC,CC
11944,Armenia_2005,0,413,30,investigations,investigations,NNS,NN
11945,Armenia_2005,0,413,32,3.present,3present,CD,CD
11946,Armenia_2005,0,413,33,the,the,DT,DT
11947,Armenia_2005,0,413,34,case,case,NN,NN
11948,Armenia_2005,0,413,35,for,for,IN,IN
11949,Armenia_2005,0,413,36,the,the,DT,DT
11950,Armenia_2005,0,413,37,prosecution,prosecution,NN,NN
11951,Armenia_2005,0,413,38,in,in,IN,IN
11952,Armenia_2005,0,413,39,court,court,NN,NN
11953,Armenia_2005,0,413,41,4.bring,4bring,CD,CD
11954,Armenia_2005,0,413,42,actions,actions,NNS,NN
11955,Armenia_2005,0,413,43,in,in,IN,IN
11956,Armenia_2005,0,413,44,court,court,NN,NN
11957,Armenia_2005,0,413,45,to,to,TO,TO
11958,Armenia_2005,0,413,46,defend,defend,VB,VB
11959,Armenia_2005,0,413,47,the,the,DT,DT
11960,Armenia_2005,0,413,48,interests,interests,NNS,NN
11961,Armenia_2005,0,413,49,of,of,IN,IN
11962,Armenia_2005,0,413,50,the,the,DT,DT
11963,Armenia_2005,0,413,51,state,state,NN,NN
11964,Armenia_2005,0,413,53,5.appeal,5appeal,CD,CD
11965,Armenia_2005,0,413,54,the,the,DT,DT
11966,Armenia_2005,0,413,55,judgments,judgments,NNS,NN
11967,Armenia_2005,0,413,57,verdicts,verdicts,NNS,NN
11968,Armenia_2005,0,413,58,and,and,CC,CC
11969,Armenia_2005,0,413,59,decisions,decisions,NNS,NN
11970,Armenia_2005,0,413,60,of,of,IN,IN
11971,Armenia_2005,0,413,61,the,the,DT,DT
11972,Armenia_2005,0,413,62,courts,courts,NNS,NN
11973,Armenia_2005,0,413,64,6.oversee,6oversee,CD,CD
11974,Armenia_2005,0,413,65,the,the,DT,DT
11975,Armenia_2005,0,413,66,legality,legality,NN,NN
11976,Armenia_2005,0,413,67,of,of,IN,IN
11977,Armenia_2005,0,413,68,the,the,DT,DT
11978,Armenia_2005,0,413,69,discharge,discharge,NN,NN
11979,Armenia_2005,0,413,70,of,of,IN,IN
11980,Armenia_2005,0,413,71,penalties,penalties,NNS,NN
11981,Armenia_2005,0,413,72,and,and,CC,CC
11982,Armenia_2005,0,413,73,other,other,JJ,JJ
11983,Armenia_2005,0,413,74,means,means,NNS,NN
11984,Armenia_2005,0,413,75,of,of,IN,IN
11985,Armenia_2005,0,413,76,compulsion,compulsion,NN,NN
11986,Armenia_2005,0,414,0,The,the,DT,DT
11987,Armenia_2005,0,414,1,Office,office,NNP,NN
11988,Armenia_2005,0,414,2,of,of,IN,IN
11989,Armenia_2005,0,414,3,the,the,DT,DT
11990,Armenia_2005,0,414,4,Prosecutor,prosecutor,NNP,NN
11991,Armenia_2005,0,414,5,General,general,NNP,NN
11992,Armenia_2005,0,414,6,shall,shall,MD,MD
11993,Armenia_2005,0,414,7,operate,operate,VB,VB
11994,Armenia_2005,0,414,8,within,within,IN,IN
11995,Armenia_2005,0,414,9,the,the,DT,DT
11996,Armenia_2005,0,414,10,powers,powers,NNS,NN
11997,Armenia_2005,0,414,11,granted,granted,VBN,VB
11998,Armenia_2005,0,414,12,to,to,TO,TO
11999,Armenia_2005,0,414,13,it,it,PRP,PR
12000,Armenia_2005,0,414,14,by,by,IN,IN
12001,Armenia_2005,0,414,15,the,the,DT,DT
12002,Armenia_2005,0,414,16,Constitution,constitution,NNP,NN
12003,Armenia_2005,0,414,17,and,and,CC,CC
12004,Armenia_2005,0,414,18,on,on,IN,IN
12005,Armenia_2005,0,414,19,the,the,DT,DT
12006,Armenia_2005,0,414,20,basis,basis,NN,NN
12007,Armenia_2005,0,414,21,of,of,IN,IN
12008,Armenia_2005,0,414,22,the,the,DT,DT
12009,Armenia_2005,0,414,23,law,law,NN,NN
12010,Armenia_2005,0,415,0,CHAPTER,chapter,NN,NN
12011,Armenia_2005,0,415,1,7,7,CD,CD
12012,Armenia_2005,0,416,0,THE,the,DT,DT
12013,Armenia_2005,0,416,1,LOCAL,local,NNP,NN
12014,Armenia_2005,0,416,2,SELF-GOVERNMENT,selfgovernment,NNP,NN
12015,Armenia_2005,0,416,3,Share,share,NNP,NN
12016,Armenia_2005,0,416,4,Article,article,NNP,NN
12017,Armenia_2005,0,416,5,104,104,CD,CD
12018,Armenia_2005,0,416,6,Share,share,NNP,NN
12019,Armenia_2005,0,416,7,The,the,DT,DT
12020,Armenia_2005,0,416,8,local,local,JJ,JJ
12021,Armenia_2005,0,416,9,self-government,selfgovernment,JJ,JJ
12022,Armenia_2005,0,416,10,shall,shall,MD,MD
12023,Armenia_2005,0,416,11,be,be,VB,VB
12024,Armenia_2005,0,416,12,exercised,exercised,VBN,VB
12025,Armenia_2005,0,416,13,in,in,IN,IN
12026,Armenia_2005,0,416,14,the,the,DT,DT
12027,Armenia_2005,0,416,15,communities,communities,NNS,NN
12028,Armenia_2005,0,417,0,The,the,DT,DT
12029,Armenia_2005,0,417,1,local,local,JJ,JJ
12030,Armenia_2005,0,417,2,self-government,selfgovernment,NN,NN
12031,Armenia_2005,0,417,3,is,is,VBZ,VB
12032,Armenia_2005,0,417,4,the,the,DT,DT
12033,Armenia_2005,0,417,5,right,right,NN,NN
12034,Armenia_2005,0,417,6,and,and,CC,CC
12035,Armenia_2005,0,417,7,ability,ability,NN,NN
12036,Armenia_2005,0,417,8,of,of,IN,IN
12037,Armenia_2005,0,417,9,the,the,DT,DT
12038,Armenia_2005,0,417,10,community,community,NN,NN
12039,Armenia_2005,0,417,11,to,to,TO,TO
12040,Armenia_2005,0,417,12,resolve,resolve,VB,VB
12041,Armenia_2005,0,417,13,on,on,IN,IN
12042,Armenia_2005,0,417,14,its,its,PRP$,PR
12043,Armenia_2005,0,417,15,own,own,JJ,JJ
12044,Armenia_2005,0,417,16,responsibility,responsibility,NN,NN
12045,Armenia_2005,0,417,17,local,local,JJ,JJ
12046,Armenia_2005,0,417,18,problems,problems,NNS,NN
12047,Armenia_2005,0,417,19,aimed,aimed,VBN,VB
12048,Armenia_2005,0,417,20,at,at,IN,IN
12049,Armenia_2005,0,417,21,the,the,DT,DT
12050,Armenia_2005,0,417,22,welfare,welfare,NN,NN
12051,Armenia_2005,0,417,23,of,of,IN,IN
12052,Armenia_2005,0,417,24,the,the,DT,DT
12053,Armenia_2005,0,417,25,inhabitants,inhabitants,NNS,NN
12054,Armenia_2005,0,417,26,in,in,IN,IN
12055,Armenia_2005,0,417,27,accordance,accordance,NN,NN
12056,Armenia_2005,0,417,28,to,to,TO,TO
12057,Armenia_2005,0,417,29,the,the,DT,DT
12058,Armenia_2005,0,417,30,Constitution,constitution,NNP,NN
12059,Armenia_2005,0,417,31,and,and,CC,CC
12060,Armenia_2005,0,417,32,the,the,DT,DT
12061,Armenia_2005,0,417,33,law,law,NN,NN
12062,Armenia_2005,0,418,0,Article,article,NN,NN
12063,Armenia_2005,0,418,1,104.1,1041,CD,CD
12064,Armenia_2005,0,418,2,Share,share,NN,NN
12065,Armenia_2005,0,418,3,A,a,NNP,NN
12066,Armenia_2005,0,418,4,community,community,NN,NN
12067,Armenia_2005,0,418,5,comprises,comprises,VBZ,VB
12068,Armenia_2005,0,418,6,the,the,DT,DT
12069,Armenia_2005,0,418,7,populace,populace,NN,NN
12070,Armenia_2005,0,418,8,of,of,IN,IN
12071,Armenia_2005,0,418,9,one,one,CD,CD
12072,Armenia_2005,0,418,10,or,or,CC,CC
12073,Armenia_2005,0,418,11,more,more,JJR,JJ
12074,Armenia_2005,0,418,12,residential,residential,JJ,JJ
12075,Armenia_2005,0,418,13,areas,areas,NNS,NN
12076,Armenia_2005,0,419,0,A,a,DT,DT
12077,Armenia_2005,0,419,1,community,community,NN,NN
12078,Armenia_2005,0,419,2,shall,shall,MD,MD
12079,Armenia_2005,0,419,3,be,be,VB,VB
12080,Armenia_2005,0,419,4,a,a,DT,DT
12081,Armenia_2005,0,419,5,legal,legal,JJ,JJ
12082,Armenia_2005,0,419,6,entity,entity,NN,NN
12083,Armenia_2005,0,419,8,have,have,VBP,VB
12084,Armenia_2005,0,419,9,the,the,DT,DT
12085,Armenia_2005,0,419,10,right,right,NN,NN
12086,Armenia_2005,0,419,11,to,to,TO,TO
12087,Armenia_2005,0,419,12,property,property,NN,NN
12088,Armenia_2005,0,419,13,and,and,CC,CC
12089,Armenia_2005,0,419,14,other,other,JJ,JJ
12090,Armenia_2005,0,419,15,economic,economic,JJ,JJ
12091,Armenia_2005,0,419,16,rights,rights,NNS,NN
12092,Armenia_2005,0,420,0,Article,article,NN,NN
12093,Armenia_2005,0,420,1,105,105,CD,CD
12094,Armenia_2005,0,420,2,Share,share,NNP,NN
12095,Armenia_2005,0,420,3,The,the,DT,DT
12096,Armenia_2005,0,420,4,authority,authority,NN,NN
12097,Armenia_2005,0,420,5,of,of,IN,IN
12098,Armenia_2005,0,420,6,the,the,DT,DT
12099,Armenia_2005,0,420,7,community,community,NN,NN
12100,Armenia_2005,0,420,8,pertaining,pertaining,VBG,VB
12101,Armenia_2005,0,420,9,to,to,TO,TO
12102,Armenia_2005,0,420,10,managing,managing,VBG,VB
12103,Armenia_2005,0,420,11,and,and,CC,CC
12104,Armenia_2005,0,420,12,administering,administering,VBG,VB
12105,Armenia_2005,0,420,13,the,the,DT,DT
12106,Armenia_2005,0,420,14,community,community,NN,NN
12107,Armenia_2005,0,420,15,'s,s,POS,PO
12108,Armenia_2005,0,420,16,property,property,NN,NN
12109,Armenia_2005,0,420,18,resolving,resolving,VBG,VB
12110,Armenia_2005,0,420,19,issues,issues,NNS,NN
12111,Armenia_2005,0,420,20,of,of,IN,IN
12112,Armenia_2005,0,420,21,community,community,NN,NN
12113,Armenia_2005,0,420,22,significance,significance,NN,NN
12114,Armenia_2005,0,420,24,and,and,CC,CC
12115,Armenia_2005,0,420,25,other,other,JJ,JJ
12116,Armenia_2005,0,420,26,powers,powers,NNS,NN
12117,Armenia_2005,0,420,27,aimed,aimed,VBN,VB
12118,Armenia_2005,0,420,28,at,at,IN,IN
12119,Armenia_2005,0,420,29,fulfilling,fulfilling,VBG,VB
12120,Armenia_2005,0,420,30,the,the,DT,DT
12121,Armenia_2005,0,420,31,requirements,requirements,NNS,NN
12122,Armenia_2005,0,420,32,of,of,IN,IN
12123,Armenia_2005,0,420,33,the,the,DT,DT
12124,Armenia_2005,0,420,34,community,community,NN,NN
12125,Armenia_2005,0,420,35,shall,shall,MD,MD
12126,Armenia_2005,0,420,36,be,be,VB,VB
12127,Armenia_2005,0,420,37,exercised,exercised,VBN,VB
12128,Armenia_2005,0,420,38,by,by,IN,IN
12129,Armenia_2005,0,420,39,the,the,DT,DT
12130,Armenia_2005,0,420,40,community,community,NN,NN
12131,Armenia_2005,0,421,0,A,a,DT,DT
12132,Armenia_2005,0,421,1,certain,certain,JJ,JJ
12133,Armenia_2005,0,421,2,part,part,NN,NN
12134,Armenia_2005,0,421,3,of,of,IN,IN
12135,Armenia_2005,0,421,4,the,the,DT,DT
12136,Armenia_2005,0,421,5,community,community,NN,NN
12137,Armenia_2005,0,421,6,'s,s,POS,PO
12138,Armenia_2005,0,421,7,competences,competences,NNS,NN
12139,Armenia_2005,0,421,8,may,may,MD,MD
12140,Armenia_2005,0,421,9,be,be,VB,VB
12141,Armenia_2005,0,421,10,deemed,deemed,VBN,VB
12142,Armenia_2005,0,421,11,by,by,IN,IN
12143,Armenia_2005,0,421,12,law,law,NN,NN
12144,Armenia_2005,0,421,13,obligatory,obligatory,NN,NN
12145,Armenia_2005,0,422,0,In,in,IN,IN
12146,Armenia_2005,0,422,1,order,order,NN,NN
12147,Armenia_2005,0,422,2,to,to,TO,TO
12148,Armenia_2005,0,422,3,secure,secure,VB,VB
12149,Armenia_2005,0,422,4,the,the,DT,DT
12150,Armenia_2005,0,422,5,more,more,RBR,RB
12151,Armenia_2005,0,422,6,effective,effective,JJ,JJ
12152,Armenia_2005,0,422,7,exercise,exercise,NN,NN
12153,Armenia_2005,0,422,8,of,of,IN,IN
12154,Armenia_2005,0,422,9,the,the,DT,DT
12155,Armenia_2005,0,422,10,powers,powers,NNS,NN
12156,Armenia_2005,0,422,11,of,of,IN,IN
12157,Armenia_2005,0,422,12,state,state,NN,NN
12158,Armenia_2005,0,422,13,bodies,bodies,NNS,NN
12159,Armenia_2005,0,422,15,the,the,DT,DT
12160,Armenia_2005,0,422,16,law,law,NN,NN
12161,Armenia_2005,0,422,17,may,may,MD,MD
12162,Armenia_2005,0,422,18,envisage,envisage,VB,VB
12163,Armenia_2005,0,422,19,the,the,DT,DT
12164,Armenia_2005,0,422,20,delegation,delegation,NN,NN
12165,Armenia_2005,0,422,21,thereof,thereof,NN,NN
12166,Armenia_2005,0,422,22,to,to,TO,TO
12167,Armenia_2005,0,422,23,the,the,DT,DT
12168,Armenia_2005,0,422,24,community,community,NN,NN
12169,Armenia_2005,0,422,25,bodies,bodies,NNS,NN
12170,Armenia_2005,0,423,0,Article,article,NN,NN
12171,Armenia_2005,0,423,1,105.1,1051,CD,CD
12172,Armenia_2005,0,423,2,Share,share,NNP,NN
12173,Armenia_2005,0,423,3,The,the,DT,DT
12174,Armenia_2005,0,423,4,land,land,NN,NN
12175,Armenia_2005,0,423,5,within,within,IN,IN
12176,Armenia_2005,0,423,6,administrative,administrative,JJ,JJ
12177,Armenia_2005,0,423,7,boundaries,boundaries,NNS,NN
12178,Armenia_2005,0,423,8,of,of,IN,IN
12179,Armenia_2005,0,423,9,the,the,DT,DT
12180,Armenia_2005,0,423,10,community,community,NN,NN
12181,Armenia_2005,0,423,12,except,except,IN,IN
12182,Armenia_2005,0,423,13,for,for,IN,IN
12183,Armenia_2005,0,423,14,the,the,DT,DT
12184,Armenia_2005,0,423,15,land,land,NN,NN
12185,Armenia_2005,0,423,16,necessary,necessary,JJ,JJ
12186,Armenia_2005,0,423,17,for,for,IN,IN
12187,Armenia_2005,0,423,18,state,state,NN,NN
12188,Armenia_2005,0,423,19,needs,needs,NNS,NN
12189,Armenia_2005,0,423,20,and,and,CC,CC
12190,Armenia_2005,0,423,21,those,those,DT,DT
12191,Armenia_2005,0,423,22,belonging,belonging,VBG,VB
12192,Armenia_2005,0,423,23,to,to,TO,TO
12193,Armenia_2005,0,423,24,natural,natural,JJ,JJ
12194,Armenia_2005,0,423,25,persons,persons,NNS,NN
12195,Armenia_2005,0,423,26,and,and,CC,CC
12196,Armenia_2005,0,423,27,legal,legal,JJ,JJ
12197,Armenia_2005,0,423,28,entities,entities,NNS,NN
12198,Armenia_2005,0,423,30,shall,shall,MD,MD
12199,Armenia_2005,0,423,31,be,be,VB,VB
12200,Armenia_2005,0,423,32,deemed,deemed,VBN,VB
12201,Armenia_2005,0,423,33,the,the,DT,DT
12202,Armenia_2005,0,423,34,property,property,NN,NN
12203,Armenia_2005,0,423,35,of,of,IN,IN
12204,Armenia_2005,0,423,36,the,the,DT,DT
12205,Armenia_2005,0,423,37,community,community,NN,NN
12206,Armenia_2005,0,424,0,Article,article,NN,NN
12207,Armenia_2005,0,424,1,106,106,CD,CD
12208,Armenia_2005,0,424,2,Share,share,NNP,NN
12209,Armenia_2005,0,424,3,The,the,DT,DT
12210,Armenia_2005,0,424,4,community,community,NN,NN
12211,Armenia_2005,0,424,5,shall,shall,MD,MD
12212,Armenia_2005,0,424,6,generate,generate,VB,VB
12213,Armenia_2005,0,424,7,its,its,PRP$,PR
12214,Armenia_2005,0,424,8,budget,budget,NN,NN
12215,Armenia_2005,0,424,9,independently,independently,RB,RB
12216,Armenia_2005,0,425,0,The,the,DT,DT
12217,Armenia_2005,0,425,1,law,law,NN,NN
12218,Armenia_2005,0,425,2,shall,shall,MD,MD
12219,Armenia_2005,0,425,3,define,define,VB,VB
12220,Armenia_2005,0,425,4,the,the,DT,DT
12221,Armenia_2005,0,425,5,sources,sources,NNS,NN
12222,Armenia_2005,0,425,6,of,of,IN,IN
12223,Armenia_2005,0,425,7,the,the,DT,DT
12224,Armenia_2005,0,425,8,community,community,NN,NN
12225,Armenia_2005,0,425,9,revenues,revenues,NNS,NN
12226,Armenia_2005,0,426,0,The,the,DT,DT
12227,Armenia_2005,0,426,1,law,law,NN,NN
12228,Armenia_2005,0,426,2,shall,shall,MD,MD
12229,Armenia_2005,0,426,3,define,define,VB,VB
12230,Armenia_2005,0,426,4,the,the,DT,DT
12231,Armenia_2005,0,426,5,sources,sources,NNS,NN
12232,Armenia_2005,0,426,6,of,of,IN,IN
12233,Armenia_2005,0,426,7,community,community,NN,NN
12234,Armenia_2005,0,426,8,finances,finances,NNS,NN
12235,Armenia_2005,0,426,9,that,that,WDT,WD
12236,Armenia_2005,0,426,10,will,will,MD,MD
12237,Armenia_2005,0,426,11,secure,secure,VB,VB
12238,Armenia_2005,0,426,12,the,the,DT,DT
12239,Armenia_2005,0,426,13,discharge,discharge,NN,NN
12240,Armenia_2005,0,426,14,of,of,IN,IN
12241,Armenia_2005,0,426,15,their,their,PRP$,PR
12242,Armenia_2005,0,426,16,responsibilities,responsibilities,NNS,NN
12243,Armenia_2005,0,427,0,Responsibilities,responsibilities,NNS,NN
12244,Armenia_2005,0,427,1,delegated,delegated,VBN,VB
12245,Armenia_2005,0,427,2,to,to,TO,TO
12246,Armenia_2005,0,427,3,the,the,DT,DT
12247,Armenia_2005,0,427,4,communities,communities,NNS,NN
12248,Armenia_2005,0,427,5,shall,shall,MD,MD
12249,Armenia_2005,0,427,6,be,be,VB,VB
12250,Armenia_2005,0,427,7,funded,funded,VBN,VB
12251,Armenia_2005,0,427,8,from,from,IN,IN
12252,Armenia_2005,0,427,9,the,the,DT,DT
12253,Armenia_2005,0,427,10,state,state,NN,NN
12254,Armenia_2005,0,427,11,budget,budget,NN,NN
12255,Armenia_2005,0,428,0,The,the,DT,DT
12256,Armenia_2005,0,428,1,communities,communities,NNS,NN
12257,Armenia_2005,0,428,2,shall,shall,MD,MD
12258,Armenia_2005,0,428,3,establish,establish,VB,VB
12259,Armenia_2005,0,428,4,local,local,JJ,JJ
12260,Armenia_2005,0,428,5,taxes,taxes,NNS,NN
12261,Armenia_2005,0,428,6,and,and,CC,CC
12262,Armenia_2005,0,428,7,duties,duties,NNS,NN
12263,Armenia_2005,0,428,8,within,within,IN,IN
12264,Armenia_2005,0,428,9,the,the,DT,DT
12265,Armenia_2005,0,428,10,scope,scope,NN,NN
12266,Armenia_2005,0,428,11,defined,defined,VBN,VB
12267,Armenia_2005,0,428,12,by,by,IN,IN
12268,Armenia_2005,0,428,13,law,law,NN,NN
12269,Armenia_2005,0,429,0,The,the,DT,DT
12270,Armenia_2005,0,429,1,communities,communities,NNS,NN
12271,Armenia_2005,0,429,2,can,can,MD,MD
12272,Armenia_2005,0,429,3,set,set,VB,VB
12273,Armenia_2005,0,429,4,forth,forth,NN,NN
12274,Armenia_2005,0,429,5,fees,fees,NNS,NN
12275,Armenia_2005,0,429,6,for,for,IN,IN
12276,Armenia_2005,0,429,7,their,their,PRP$,PR
12277,Armenia_2005,0,429,8,services,services,NNS,NN
12278,Armenia_2005,0,430,0,Article,article,NN,NN
12279,Armenia_2005,0,430,1,107,107,CD,CD
12280,Armenia_2005,0,430,2,Share,share,NNP,NN
12281,Armenia_2005,0,430,3,The,the,DT,DT
12282,Armenia_2005,0,430,4,community,community,NN,NN
12283,Armenia_2005,0,430,5,shall,shall,MD,MD
12284,Armenia_2005,0,430,6,exercise,exercise,VB,VB
12285,Armenia_2005,0,430,7,its,its,PRP$,PR
12286,Armenia_2005,0,430,8,right,right,NN,NN
12287,Armenia_2005,0,430,9,of,of,IN,IN
12288,Armenia_2005,0,430,10,self-government,selfgovernment,JJ,JJ
12289,Armenia_2005,0,430,11,through,through,IN,IN
12290,Armenia_2005,0,430,12,the,the,DT,DT
12291,Armenia_2005,0,430,13,bodies,bodies,NNS,NN
12292,Armenia_2005,0,430,14,of,of,IN,IN
12293,Armenia_2005,0,430,15,local,local,JJ,JJ
12294,Armenia_2005,0,430,16,self-government,selfgovernment,NN,NN
12295,Armenia_2005,0,430,17,the,the,DT,DT
12296,Armenia_2005,0,430,18,Council,council,NNP,NN
12297,Armenia_2005,0,430,19,of,of,IN,IN
12298,Armenia_2005,0,430,20,Aldermen,aldermen,NNP,NN
12299,Armenia_2005,0,430,21,and,and,CC,CC
12300,Armenia_2005,0,430,22,the,the,DT,DT
12301,Armenia_2005,0,430,23,Head,head,NNP,NN
12302,Armenia_2005,0,430,24,of,of,IN,IN
12303,Armenia_2005,0,430,25,Community,community,NNP,NN
12304,Armenia_2005,0,430,27,who,who,WP,WP
12305,Armenia_2005,0,430,28,shall,shall,MD,MD
12306,Armenia_2005,0,430,29,be,be,VB,VB
12307,Armenia_2005,0,430,30,elected,elected,VBN,VB
12308,Armenia_2005,0,430,31,for,for,IN,IN
12309,Armenia_2005,0,430,32,a,a,DT,DT
12310,Armenia_2005,0,430,33,4-year,4year,JJ,JJ
12311,Armenia_2005,0,430,34,term,term,NN,NN
12312,Armenia_2005,0,430,35,of,of,IN,IN
12313,Armenia_2005,0,430,36,office,office,NN,NN
12314,Armenia_2005,0,430,37,in,in,IN,IN
12315,Armenia_2005,0,430,38,conformity,conformity,NN,NN
12316,Armenia_2005,0,430,39,with,with,IN,IN
12317,Armenia_2005,0,430,40,the,the,DT,DT
12318,Armenia_2005,0,430,41,procedures,procedures,NNS,NN
12319,Armenia_2005,0,430,42,defined,defined,VBN,VB
12320,Armenia_2005,0,430,43,by,by,IN,IN
12321,Armenia_2005,0,430,44,law,law,NN,NN
12322,Armenia_2005,0,431,0,The,the,DT,DT
12323,Armenia_2005,0,431,1,Council,council,NNP,NN
12324,Armenia_2005,0,431,2,of,of,IN,IN
12325,Armenia_2005,0,431,3,Aldermen,aldermen,NNP,NN
12326,Armenia_2005,0,431,4,of,of,IN,IN
12327,Armenia_2005,0,431,5,the,the,DT,DT
12328,Armenia_2005,0,431,6,community,community,NN,NN
12329,Armenia_2005,0,431,7,shall,shall,MD,MD
12330,Armenia_2005,0,431,9,in,in,IN,IN
12331,Armenia_2005,0,431,10,conformity,conformity,NN,NN
12332,Armenia_2005,0,431,11,with,with,IN,IN
12333,Armenia_2005,0,431,12,the,the,DT,DT
12334,Armenia_2005,0,431,13,procedures,procedures,NNS,NN
12335,Armenia_2005,0,431,14,defined,defined,VBN,VB
12336,Armenia_2005,0,431,15,by,by,IN,IN
12337,Armenia_2005,0,431,16,law,law,NN,NN
12338,Armenia_2005,0,431,18,manage,manage,VB,VB
12339,Armenia_2005,0,431,19,the,the,DT,DT
12340,Armenia_2005,0,431,20,community,community,NN,NN
12341,Armenia_2005,0,431,21,property,property,NN,NN
12342,Armenia_2005,0,431,23,approve,approve,VB,VB
12343,Armenia_2005,0,431,24,the,the,DT,DT
12344,Armenia_2005,0,431,25,community,community,NN,NN
12345,Armenia_2005,0,431,26,budget,budget,NN,NN
12346,Armenia_2005,0,431,27,upon,upon,IN,IN
12347,Armenia_2005,0,431,28,the,the,DT,DT
12348,Armenia_2005,0,431,29,submission,submission,NN,NN
12349,Armenia_2005,0,431,30,of,of,IN,IN
12350,Armenia_2005,0,431,31,the,the,DT,DT
12351,Armenia_2005,0,431,32,Head,head,NNP,NN
12352,Armenia_2005,0,431,33,of,of,IN,IN
12353,Armenia_2005,0,431,34,Community,community,NNP,NN
12354,Armenia_2005,0,431,36,oversee,oversee,VBP,VB
12355,Armenia_2005,0,431,37,the,the,DT,DT
12356,Armenia_2005,0,431,38,community,community,NN,NN
12357,Armenia_2005,0,431,39,budget,budget,NN,NN
12358,Armenia_2005,0,431,40,execution,execution,NN,NN
12359,Armenia_2005,0,431,42,envisage,envisage,VB,VB
12360,Armenia_2005,0,431,43,local,local,JJ,JJ
12361,Armenia_2005,0,431,44,taxes,taxes,NNS,NN
12362,Armenia_2005,0,431,46,duties,duties,NNS,NN
12363,Armenia_2005,0,431,47,and,and,CC,CC
12364,Armenia_2005,0,431,48,fees,fees,NNS,NN
12365,Armenia_2005,0,431,49,in,in,IN,IN
12366,Armenia_2005,0,431,50,conformity,conformity,NN,NN
12367,Armenia_2005,0,431,51,with,with,IN,IN
12368,Armenia_2005,0,431,52,the,the,DT,DT
12369,Armenia_2005,0,431,53,procedure,procedure,NN,NN
12370,Armenia_2005,0,431,54,defined,defined,VBN,VB
12371,Armenia_2005,0,431,55,by,by,IN,IN
12372,Armenia_2005,0,431,56,law,law,NN,NN
12373,Armenia_2005,0,431,57,and,and,CC,CC
12374,Armenia_2005,0,431,58,adopt,adopt,JJ,JJ
12375,Armenia_2005,0,431,59,legal,legal,JJ,JJ
12376,Armenia_2005,0,431,60,acts,acts,NNS,NN
12377,Armenia_2005,0,431,61,subject,subject,JJ,JJ
12378,Armenia_2005,0,431,62,to,to,TO,TO
12379,Armenia_2005,0,431,63,observance,observance,VB,VB
12380,Armenia_2005,0,431,64,in,in,IN,IN
12381,Armenia_2005,0,431,65,the,the,DT,DT
12382,Armenia_2005,0,431,66,territory,territory,NN,NN
12383,Armenia_2005,0,431,67,of,of,IN,IN
12384,Armenia_2005,0,431,68,the,the,DT,DT
12385,Armenia_2005,0,431,69,community,community,NN,NN
12386,Armenia_2005,0,432,0,The,the,DT,DT
12387,Armenia_2005,0,432,1,acts,acts,NNS,NN
12388,Armenia_2005,0,432,2,adopted,adopted,VBN,VB
12389,Armenia_2005,0,432,3,by,by,IN,IN
12390,Armenia_2005,0,432,4,the,the,DT,DT
12391,Armenia_2005,0,432,5,community,community,NN,NN
12392,Armenia_2005,0,432,6,Council,council,NNP,NN
12393,Armenia_2005,0,432,7,of,of,IN,IN
12394,Armenia_2005,0,432,8,Aldermen,aldermen,NNP,NN
12395,Armenia_2005,0,432,9,shall,shall,MD,MD
12396,Armenia_2005,0,432,10,not,not,RB,RB
12397,Armenia_2005,0,432,11,contradict,contradict,VB,VB
12398,Armenia_2005,0,432,12,legislation,legislation,NN,NN
12399,Armenia_2005,0,432,14,the,the,DT,DT
12400,Armenia_2005,0,432,15,law,law,NN,NN
12401,Armenia_2005,0,432,16,shall,shall,MD,MD
12402,Armenia_2005,0,432,17,define,define,VB,VB
12403,Armenia_2005,0,432,18,the,the,DT,DT
12404,Armenia_2005,0,432,19,procedure,procedure,NN,NN
12405,Armenia_2005,0,432,20,for,for,IN,IN
12406,Armenia_2005,0,432,21,their,their,PRP$,PR
12407,Armenia_2005,0,432,22,publication,publication,NN,NN
12408,Armenia_2005,0,432,23,and,and,CC,CC
12409,Armenia_2005,0,432,24,coming,coming,VBG,VB
12410,Armenia_2005,0,432,25,into,into,IN,IN
12411,Armenia_2005,0,432,26,force,force,NN,NN
12412,Armenia_2005,0,433,0,The,the,DT,DT
12413,Armenia_2005,0,433,1,law,law,NN,NN
12414,Armenia_2005,0,433,2,shall,shall,MD,MD
12415,Armenia_2005,0,433,3,define,define,VB,VB
12416,Armenia_2005,0,433,4,the,the,DT,DT
12417,Armenia_2005,0,433,5,powers,powers,NNS,NN
12418,Armenia_2005,0,433,6,of,of,IN,IN
12419,Armenia_2005,0,433,7,the,the,DT,DT
12420,Armenia_2005,0,433,8,Head,head,NNP,NN
12421,Armenia_2005,0,433,9,of,of,IN,IN
12422,Armenia_2005,0,433,10,Community,community,NNP,NN
12423,Armenia_2005,0,433,11,and,and,CC,CC
12424,Armenia_2005,0,433,12,the,the,DT,DT
12425,Armenia_2005,0,433,13,procedure,procedure,NN,NN
12426,Armenia_2005,0,433,14,for,for,IN,IN
12427,Armenia_2005,0,433,15,the,the,DT,DT
12428,Armenia_2005,0,433,16,exercise,exercise,NN,NN
12429,Armenia_2005,0,433,17,thereof,thereof,NN,NN
12430,Armenia_2005,0,434,0,The,the,DT,DT
12431,Armenia_2005,0,434,1,community,community,NN,NN
12432,Armenia_2005,0,434,2,members,members,NNS,NN
12433,Armenia_2005,0,434,3,can,can,MD,MD
12434,Armenia_2005,0,434,4,directly,directly,RB,RB
12435,Armenia_2005,0,434,5,take,take,VB,VB
12436,Armenia_2005,0,434,6,part,part,NN,NN
12437,Armenia_2005,0,434,7,in,in,IN,IN
12438,Armenia_2005,0,434,8,the,the,DT,DT
12439,Armenia_2005,0,434,9,administration,administration,NN,NN
12440,Armenia_2005,0,434,10,of,of,IN,IN
12441,Armenia_2005,0,434,11,the,the,DT,DT
12442,Armenia_2005,0,434,12,community,community,NN,NN
12443,Armenia_2005,0,434,13,affairs,affairs,NNS,NN
12444,Armenia_2005,0,434,14,by,by,IN,IN
12445,Armenia_2005,0,434,15,resolving,resolving,VBG,VB
12446,Armenia_2005,0,434,16,local,local,JJ,JJ
12447,Armenia_2005,0,434,17,problems,problems,NNS,NN
12448,Armenia_2005,0,434,18,through,through,IN,IN
12449,Armenia_2005,0,434,19,local,local,JJ,JJ
12450,Armenia_2005,0,434,20,referenda,referenda,NN,NN
12451,Armenia_2005,0,435,0,The,the,DT,DT
12452,Armenia_2005,0,435,1,law,law,NN,NN
12453,Armenia_2005,0,435,2,shall,shall,MD,MD
12454,Armenia_2005,0,435,3,define,define,VB,VB
12455,Armenia_2005,0,435,4,the,the,DT,DT
12456,Armenia_2005,0,435,5,procedure,procedure,NN,NN
12457,Armenia_2005,0,435,6,and,and,CC,CC
12458,Armenia_2005,0,435,7,terms,terms,NNS,NN
12459,Armenia_2005,0,435,8,for,for,IN,IN
12460,Armenia_2005,0,435,9,conducting,conducting,VBG,VB
12461,Armenia_2005,0,435,10,a,a,DT,DT
12462,Armenia_2005,0,435,11,local,local,JJ,JJ
12463,Armenia_2005,0,435,12,referendum,referendum,NN,NN
12464,Armenia_2005,0,436,0,Article,article,NN,NN
12465,Armenia_2005,0,436,1,108,108,CD,CD
12466,Armenia_2005,0,436,2,Share,share,NNP,NN
12467,Armenia_2005,0,436,3,Yerevan,yerevan,NNP,NN
12468,Armenia_2005,0,436,4,is,is,VBZ,VB
12469,Armenia_2005,0,436,5,a,a,DT,DT
12470,Armenia_2005,0,436,6,community,community,NN,NN
12471,Armenia_2005,0,437,0,The,the,DT,DT
12472,Armenia_2005,0,437,1,peculiarities,peculiarities,NNS,NN
12473,Armenia_2005,0,437,2,of,of,IN,IN
12474,Armenia_2005,0,437,3,local,local,JJ,JJ
12475,Armenia_2005,0,437,4,self-government,selfgovernment,NN,NN
12476,Armenia_2005,0,437,5,and,and,CC,CC
12477,Armenia_2005,0,437,6,formation,formation,NN,NN
12478,Armenia_2005,0,437,7,of,of,IN,IN
12479,Armenia_2005,0,437,8,local,local,JJ,JJ
12480,Armenia_2005,0,437,9,self-government,selfgovernment,JJ,JJ
12481,Armenia_2005,0,437,10,bodies,bodies,NNS,NN
12482,Armenia_2005,0,437,11,in,in,IN,IN
12483,Armenia_2005,0,437,12,the,the,DT,DT
12484,Armenia_2005,0,437,13,City,city,NNP,NN
12485,Armenia_2005,0,437,14,of,of,IN,IN
12486,Armenia_2005,0,437,15,Yerevan,yerevan,NNP,NN
12487,Armenia_2005,0,437,16,shall,shall,MD,MD
12488,Armenia_2005,0,437,17,be,be,VB,VB
12489,Armenia_2005,0,437,18,defined,defined,VBN,VB
12490,Armenia_2005,0,437,19,by,by,IN,IN
12491,Armenia_2005,0,437,20,law,law,NN,NN
12492,Armenia_2005,0,438,0,A,a,DT,DT
12493,Armenia_2005,0,438,1,law,law,NN,NN
12494,Armenia_2005,0,438,2,may,may,MD,MD
12495,Armenia_2005,0,438,3,provide,provide,VB,VB
12496,Armenia_2005,0,438,4,for,for,IN,IN
12497,Armenia_2005,0,438,5,a,a,DT,DT
12498,Armenia_2005,0,438,6,direct,direct,JJ,JJ
12499,Armenia_2005,0,438,7,or,or,CC,CC
12500,Armenia_2005,0,438,8,indirect,indirect,JJ,JJ
12501,Armenia_2005,0,438,9,election,election,NN,NN
12502,Armenia_2005,0,438,10,of,of,IN,IN
12503,Armenia_2005,0,438,11,the,the,DT,DT
12504,Armenia_2005,0,438,12,Mayor,mayor,NNP,NN
12505,Armenia_2005,0,438,13,of,of,IN,IN
12506,Armenia_2005,0,438,14,Yerevan,yerevan,NNP,NN
12507,Armenia_2005,0,439,0,Article,article,NN,NN
12508,Armenia_2005,0,439,1,108.1,1081,CD,CD
12509,Armenia_2005,0,439,2,Share,share,NN,NN
12510,Armenia_2005,0,439,3,To,to,TO,TO
12511,Armenia_2005,0,439,4,ensure,ensure,VB,VB
12512,Armenia_2005,0,439,5,the,the,DT,DT
12513,Armenia_2005,0,439,6,lawfulness,lawfulness,NN,NN
12514,Armenia_2005,0,439,7,of,of,IN,IN
12515,Armenia_2005,0,439,8,the,the,DT,DT
12516,Armenia_2005,0,439,9,activities,activities,NNS,NN
12517,Armenia_2005,0,439,10,of,of,IN,IN
12518,Armenia_2005,0,439,11,the,the,DT,DT
12519,Armenia_2005,0,439,12,community,community,NN,NN
12520,Armenia_2005,0,439,14,legal,legal,JJ,JJ
12521,Armenia_2005,0,439,15,control,control,NN,NN
12522,Armenia_2005,0,439,16,shall,shall,MD,MD
12523,Armenia_2005,0,439,17,be,be,VB,VB
12524,Armenia_2005,0,439,18,exercised,exercised,VBN,VB
12525,Armenia_2005,0,439,19,in,in,IN,IN
12526,Armenia_2005,0,439,20,conformity,conformity,NN,NN
12527,Armenia_2005,0,439,21,with,with,IN,IN
12528,Armenia_2005,0,439,22,the,the,DT,DT
12529,Armenia_2005,0,439,23,procedure,procedure,NN,NN
12530,Armenia_2005,0,439,24,defined,defined,VBN,VB
12531,Armenia_2005,0,439,25,by,by,IN,IN
12532,Armenia_2005,0,439,26,law,law,NN,NN
12533,Armenia_2005,0,440,0,The,the,DT,DT
12534,Armenia_2005,0,440,1,procedure,procedure,NN,NN
12535,Armenia_2005,0,440,2,for,for,IN,IN
12536,Armenia_2005,0,440,3,the,the,DT,DT
12537,Armenia_2005,0,440,4,state,state,NN,NN
12538,Armenia_2005,0,440,5,oversight,oversight,NN,NN
12539,Armenia_2005,0,440,6,over,over,IN,IN
12540,Armenia_2005,0,440,7,the,the,DT,DT
12541,Armenia_2005,0,440,8,discharge,discharge,NN,NN
12542,Armenia_2005,0,440,9,of,of,IN,IN
12543,Armenia_2005,0,440,10,the,the,DT,DT
12544,Armenia_2005,0,440,11,powers,powers,NNS,NN
12545,Armenia_2005,0,440,12,delegated,delegated,VBD,VB
12546,Armenia_2005,0,440,13,to,to,TO,TO
12547,Armenia_2005,0,440,14,the,the,DT,DT
12548,Armenia_2005,0,440,15,community,community,NN,NN
12549,Armenia_2005,0,440,16,shall,shall,MD,MD
12550,Armenia_2005,0,440,17,be,be,VB,VB
12551,Armenia_2005,0,440,18,provided,provided,VBN,VB
12552,Armenia_2005,0,440,19,for,for,IN,IN
12553,Armenia_2005,0,440,20,by,by,IN,IN
12554,Armenia_2005,0,440,21,law,law,NN,NN
12555,Armenia_2005,0,441,0,Article,article,NN,NN
12556,Armenia_2005,0,441,1,109,109,CD,CD
12557,Armenia_2005,0,441,2,Share,share,NNP,NN
12558,Armenia_2005,0,441,3,The,the,DT,DT
12559,Armenia_2005,0,441,4,Government,government,NNP,NN
12560,Armenia_2005,0,441,5,may,may,MD,MD
12561,Armenia_2005,0,441,6,remove,remove,VB,VB
12562,Armenia_2005,0,441,7,the,the,DT,DT
12563,Armenia_2005,0,441,8,Community,community,NNP,NN
12564,Armenia_2005,0,441,9,head,head,NN,NN
12565,Armenia_2005,0,441,10,in,in,IN,IN
12566,Armenia_2005,0,441,11,the,the,DT,DT
12567,Armenia_2005,0,441,12,cases,cases,NNS,NN
12568,Armenia_2005,0,441,13,prescribed,prescribed,VBN,VB
12569,Armenia_2005,0,441,14,by,by,IN,IN
12570,Armenia_2005,0,441,15,law,law,NN,NN
12571,Armenia_2005,0,441,16,on,on,IN,IN
12572,Armenia_2005,0,441,17,the,the,DT,DT
12573,Armenia_2005,0,441,18,basis,basis,NN,NN
12574,Armenia_2005,0,441,19,of,of,IN,IN
12575,Armenia_2005,0,441,20,the,the,DT,DT
12576,Armenia_2005,0,441,21,conclusion,conclusion,NN,NN
12577,Armenia_2005,0,441,22,of,of,IN,IN
12578,Armenia_2005,0,441,23,the,the,DT,DT
12579,Armenia_2005,0,441,24,Constitutional,constitutional,NNP,NN
12580,Armenia_2005,0,441,25,Court,court,NNP,NN
12581,Armenia_2005,0,442,0,Article,article,NN,NN
12582,Armenia_2005,0,442,1,110,110,CD,CD
12583,Armenia_2005,0,442,2,Share,share,NNP,NN
12584,Armenia_2005,0,442,3,Consolidation,consolidation,NNP,NN
12585,Armenia_2005,0,442,4,or,or,CC,CC
12586,Armenia_2005,0,442,5,separation,separation,NN,NN
12587,Armenia_2005,0,442,6,of,of,IN,IN
12588,Armenia_2005,0,442,7,communities,communities,NNS,NN
12589,Armenia_2005,0,442,9,if,if,IN,IN
12590,Armenia_2005,0,442,10,in,in,IN,IN
12591,Armenia_2005,0,442,11,the,the,DT,DT
12592,Armenia_2005,0,442,12,public,public,NN,NN
12593,Armenia_2005,0,442,13,'s,s,POS,PO
12594,Armenia_2005,0,442,14,interest,interest,NN,NN
12595,Armenia_2005,0,442,16,may,may,MD,MD
12596,Armenia_2005,0,442,17,take,take,VB,VB
12597,Armenia_2005,0,442,18,place,place,NN,NN
12598,Armenia_2005,0,442,19,as,as,IN,IN
12599,Armenia_2005,0,442,20,provided,provided,VBN,VB
12600,Armenia_2005,0,442,21,for,for,IN,IN
12601,Armenia_2005,0,442,22,by,by,IN,IN
12602,Armenia_2005,0,442,23,law,law,NN,NN
12603,Armenia_2005,0,443,0,The,the,DT,DT
12604,Armenia_2005,0,443,1,National,national,NNP,NN
12605,Armenia_2005,0,443,2,Assembly,assembly,NNP,NN
12606,Armenia_2005,0,443,3,shall,shall,MD,MD
12607,Armenia_2005,0,443,4,adopt,adopt,VB,VB
12608,Armenia_2005,0,443,5,the,the,DT,DT
12609,Armenia_2005,0,443,6,relevant,relevant,JJ,JJ
12610,Armenia_2005,0,443,7,law,law,NN,NN
12611,Armenia_2005,0,443,8,upon,upon,IN,IN
12612,Armenia_2005,0,443,9,submission,submission,NN,NN
12613,Armenia_2005,0,443,10,by,by,IN,IN
12614,Armenia_2005,0,443,11,the,the,DT,DT
12615,Armenia_2005,0,443,12,Government,government,NNP,NN
12616,Armenia_2005,0,444,0,Before,before,IN,IN
12617,Armenia_2005,0,444,1,tabling,tabling,VBG,VB
12618,Armenia_2005,0,444,2,such,such,JJ,JJ
12619,Armenia_2005,0,444,3,legislation,legislation,NN,NN
12620,Armenia_2005,0,444,5,the,the,DT,DT
12621,Armenia_2005,0,444,6,Government,government,NNP,NN
12622,Armenia_2005,0,444,7,shall,shall,MD,MD
12623,Armenia_2005,0,444,8,provide,provide,VB,VB
12624,Armenia_2005,0,444,9,for,for,IN,IN
12625,Armenia_2005,0,444,10,local,local,JJ,JJ
12626,Armenia_2005,0,444,11,referenda,referenda,NN,NN
12627,Armenia_2005,0,444,12,in,in,IN,IN
12628,Armenia_2005,0,444,13,those,those,DT,DT
12629,Armenia_2005,0,444,14,communities,communities,NNS,NN
12630,Armenia_2005,0,444,15,affected,affected,VBD,VB
12631,Armenia_2005,0,445,0,Outcomes,outcomes,NNS,NN
12632,Armenia_2005,0,445,1,of,of,IN,IN
12633,Armenia_2005,0,445,2,the,the,DT,DT
12634,Armenia_2005,0,445,3,local,local,JJ,JJ
12635,Armenia_2005,0,445,4,referenda,referenda,NN,NN
12636,Armenia_2005,0,445,5,shall,shall,MD,MD
12637,Armenia_2005,0,445,6,be,be,VB,VB
12638,Armenia_2005,0,445,7,presented,presented,VBN,VB
12639,Armenia_2005,0,445,8,to,to,TO,TO
12640,Armenia_2005,0,445,9,the,the,DT,DT
12641,Armenia_2005,0,445,10,National,national,NNP,NN
12642,Armenia_2005,0,445,11,Assembly,assembly,NNP,NN
12643,Armenia_2005,0,445,12,along,along,IN,IN
12644,Armenia_2005,0,445,13,with,with,IN,IN
12645,Armenia_2005,0,445,14,the,the,DT,DT
12646,Armenia_2005,0,445,15,draft,draft,NN,NN
12647,Armenia_2005,0,445,16,legislation,legislation,NN,NN
12648,Armenia_2005,0,446,0,The,the,DT,DT
12649,Armenia_2005,0,446,1,communities,communities,NNS,NN
12650,Armenia_2005,0,446,2,may,may,MD,MD
12651,Armenia_2005,0,446,3,consolidate,consolidate,VB,VB
12652,Armenia_2005,0,446,4,or,or,CC,CC
12653,Armenia_2005,0,446,5,separate,separate,VB,VB
12654,Armenia_2005,0,446,6,irrespective,irrespective,NN,NN
12655,Armenia_2005,0,446,7,of,of,IN,IN
12656,Armenia_2005,0,446,8,the,the,DT,DT
12657,Armenia_2005,0,446,9,outcomes,outcomes,NNS,NN
12658,Armenia_2005,0,446,10,of,of,IN,IN
12659,Armenia_2005,0,446,11,the,the,DT,DT
12660,Armenia_2005,0,446,12,local,local,JJ,JJ
12661,Armenia_2005,0,446,13,referenda,referenda,NN,NN
12662,Armenia_2005,0,447,0,The,the,DT,DT
12663,Armenia_2005,0,447,1,law,law,NN,NN
12664,Armenia_2005,0,447,2,shall,shall,MD,MD
12665,Armenia_2005,0,447,3,define,define,VB,VB
12666,Armenia_2005,0,447,4,the,the,DT,DT
12667,Armenia_2005,0,447,5,principles,principles,NNS,NN
12668,Armenia_2005,0,447,6,and,and,CC,CC
12669,Armenia_2005,0,447,7,procedure,procedure,NN,NN
12670,Armenia_2005,0,447,8,for,for,IN,IN
12671,Armenia_2005,0,447,9,consolidation,consolidation,NN,NN
12672,Armenia_2005,0,447,10,or,or,CC,CC
12673,Armenia_2005,0,447,11,separation,separation,NN,NN
12674,Armenia_2005,0,447,12,of,of,IN,IN
12675,Armenia_2005,0,447,13,the,the,DT,DT
12676,Armenia_2005,0,447,14,communities,communities,NNS,NN
12677,Armenia_2005,0,447,15,as,as,RB,RB
12678,Armenia_2005,0,447,16,well,well,RB,RB
12679,Armenia_2005,0,447,17,as,as,IN,IN
12680,Armenia_2005,0,447,18,the,the,DT,DT
12681,Armenia_2005,0,447,19,terms,terms,NNS,NN
12682,Armenia_2005,0,447,20,for,for,IN,IN
12683,Armenia_2005,0,447,21,the,the,DT,DT
12684,Armenia_2005,0,447,22,election,election,NN,NN
12685,Armenia_2005,0,447,23,of,of,IN,IN
12686,Armenia_2005,0,447,24,local,local,JJ,JJ
12687,Armenia_2005,0,447,25,self-government,selfgovernment,JJ,JJ
12688,Armenia_2005,0,447,26,bodies,bodies,NNS,NN
12689,Armenia_2005,0,447,27,of,of,IN,IN
12690,Armenia_2005,0,447,28,newly,newly,RB,RB
12691,Armenia_2005,0,447,29,formed,formed,VBN,VB
12692,Armenia_2005,0,447,30,communities,communities,NNS,NN
12693,Armenia_2005,0,448,0,Inter-community,intercommunity,NNP,NN
12694,Armenia_2005,0,448,1,unions,unions,NNS,NN
12695,Armenia_2005,0,448,2,may,may,MD,MD
12696,Armenia_2005,0,448,3,be,be,VB,VB
12697,Armenia_2005,0,448,4,created,created,VBN,VB
12698,Armenia_2005,0,448,5,by,by,IN,IN
12699,Armenia_2005,0,448,6,procedures,procedures,NNS,NN
12700,Armenia_2005,0,448,7,provided,provided,VBN,VB
12701,Armenia_2005,0,448,8,for,for,IN,IN
12702,Armenia_2005,0,448,9,by,by,IN,IN
12703,Armenia_2005,0,448,10,law,law,NN,NN
12704,Armenia_2005,0,449,0,CHAPTER,chapter,NN,NN
12705,Armenia_2005,0,449,1,8,8,CD,CD
12706,Armenia_2005,0,450,0,ADOPTION,adoption,NN,NN
12707,Armenia_2005,0,450,1,OF,of,IN,IN
12708,Armenia_2005,0,450,2,THE,the,NNP,NN
12709,Armenia_2005,0,450,3,CONSTITUTION,constitution,NNP,NN
12710,Armenia_2005,0,450,5,AMENDMENTS,amendments,NNP,NN
12711,Armenia_2005,0,450,6,AND,and,NNP,NN
12712,Armenia_2005,0,450,7,REFERENDUM,referendum,NNP,NN
12713,Armenia_2005,0,450,8,Share,share,NNP,NN
12714,Armenia_2005,0,450,9,Article,article,NNP,NN
12715,Armenia_2005,0,450,10,111,111,CD,CD
12716,Armenia_2005,0,450,11,Share,share,NNP,NN
12717,Armenia_2005,0,450,12,The,the,DT,DT
12718,Armenia_2005,0,450,13,Constitution,constitution,NNP,NN
12719,Armenia_2005,0,450,14,shall,shall,MD,MD
12720,Armenia_2005,0,450,15,be,be,VB,VB
12721,Armenia_2005,0,450,16,adopted,adopted,VBN,VB
12722,Armenia_2005,0,450,17,or,or,CC,CC
12723,Armenia_2005,0,450,18,amended,amended,VBN,VB
12724,Armenia_2005,0,450,19,by,by,IN,IN
12725,Armenia_2005,0,450,20,referendum,referendum,NN,NN
12726,Armenia_2005,0,450,22,which,which,WDT,WD
12727,Armenia_2005,0,450,23,may,may,MD,MD
12728,Armenia_2005,0,450,24,be,be,VB,VB
12729,Armenia_2005,0,450,25,initiated,initiated,VBN,VB
12730,Armenia_2005,0,450,26,by,by,IN,IN
12731,Armenia_2005,0,450,27,the,the,DT,DT
12732,Armenia_2005,0,450,28,President,president,NNP,NN
12733,Armenia_2005,0,450,29,of,of,IN,IN
12734,Armenia_2005,0,450,30,the,the,DT,DT
12735,Armenia_2005,0,450,31,Republic,republic,NNP,NN
12736,Armenia_2005,0,450,32,or,or,CC,CC
12737,Armenia_2005,0,450,33,the,the,DT,DT
12738,Armenia_2005,0,450,34,National,national,NNP,NN
12739,Armenia_2005,0,450,35,Assembly,assembly,NNP,NN
12740,Armenia_2005,0,451,0,The,the,DT,DT
12741,Armenia_2005,0,451,1,President,president,NNP,NN
12742,Armenia_2005,0,451,2,of,of,IN,IN
12743,Armenia_2005,0,451,3,the,the,DT,DT
12744,Armenia_2005,0,451,4,Republic,republic,NNP,NN
12745,Armenia_2005,0,451,5,shall,shall,MD,MD
12746,Armenia_2005,0,451,6,call,call,VB,VB
12747,Armenia_2005,0,451,7,a,a,DT,DT
12748,Armenia_2005,0,451,8,referendum,referendum,NN,NN
12749,Armenia_2005,0,451,9,upon,upon,IN,IN
12750,Armenia_2005,0,451,10,the,the,DT,DT
12751,Armenia_2005,0,451,11,request,request,NN,NN
12752,Armenia_2005,0,451,12,or,or,CC,CC
12753,Armenia_2005,0,451,13,agreement,agreement,NN,NN
12754,Armenia_2005,0,451,14,of,of,IN,IN
12755,Armenia_2005,0,451,15,the,the,DT,DT
12756,Armenia_2005,0,451,16,National,national,NNP,NN
12757,Armenia_2005,0,451,17,Assembly,assembly,NNP,NN
12758,Armenia_2005,0,452,0,A,a,DT,DT
12759,Armenia_2005,0,452,1,majority,majority,NN,NN
12760,Armenia_2005,0,452,2,vote,vote,NN,NN
12761,Armenia_2005,0,452,3,of,of,IN,IN
12762,Armenia_2005,0,452,4,the,the,DT,DT
12763,Armenia_2005,0,452,5,total,total,JJ,JJ
12764,Armenia_2005,0,452,6,number,number,NN,NN
12765,Armenia_2005,0,452,7,of,of,IN,IN
12766,Armenia_2005,0,452,8,the,the,DT,DT
12767,Armenia_2005,0,452,9,Deputies,deputies,NNPS,NN
12768,Armenia_2005,0,452,10,is,is,VBZ,VB
12769,Armenia_2005,0,452,11,required,required,VBN,VB
12770,Armenia_2005,0,452,12,for,for,IN,IN
12771,Armenia_2005,0,452,13,such,such,JJ,JJ
12772,Armenia_2005,0,452,14,a,a,DT,DT
12773,Armenia_2005,0,452,15,decision,decision,NN,NN
12774,Armenia_2005,0,452,16,of,of,IN,IN
12775,Armenia_2005,0,452,17,the,the,DT,DT
12776,Armenia_2005,0,452,18,National,national,NNP,NN
12777,Armenia_2005,0,452,19,Assembly,assembly,NNP,NN
12778,Armenia_2005,0,453,0,The,the,DT,DT
12779,Armenia_2005,0,453,1,President,president,NNP,NN
12780,Armenia_2005,0,453,2,of,of,IN,IN
12781,Armenia_2005,0,453,3,the,the,DT,DT
12782,Armenia_2005,0,453,4,Republic,republic,NNP,NN
12783,Armenia_2005,0,453,5,may,may,MD,MD
12784,Armenia_2005,0,453,6,remand,remand,VB,VB
12785,Armenia_2005,0,453,7,the,the,DT,DT
12786,Armenia_2005,0,453,8,Draft,draft,NNP,NN
12787,Armenia_2005,0,453,9,Constitution,constitution,NNP,NN
12788,Armenia_2005,0,453,10,or,or,CC,CC
12789,Armenia_2005,0,453,11,the,the,DT,DT
12790,Armenia_2005,0,453,12,draft,draft,NN,NN
12791,Armenia_2005,0,453,13,of,of,IN,IN
12792,Armenia_2005,0,453,14,constitutional,constitutional,JJ,JJ
12793,Armenia_2005,0,453,15,amendments,amendments,NNS,NN
12794,Armenia_2005,0,453,17,within,within,IN,IN
12795,Armenia_2005,0,453,18,twenty-one,twentyone,JJ,JJ
12796,Armenia_2005,0,453,19,days,days,NNS,NN
12797,Armenia_2005,0,453,20,following,following,VBG,VB
12798,Armenia_2005,0,453,21,their,their,PRP$,PR
12799,Armenia_2005,0,453,22,submission,submission,NN,NN
12800,Armenia_2005,0,453,24,back,back,RB,RB
12801,Armenia_2005,0,453,25,to,to,TO,TO
12802,Armenia_2005,0,453,26,the,the,DT,DT
12803,Armenia_2005,0,453,27,National,national,NNP,NN
12804,Armenia_2005,0,453,28,Assembly,assembly,NNP,NN
12805,Armenia_2005,0,453,30,with,with,IN,IN
12806,Armenia_2005,0,453,31,his,his,PRP$,PR
12807,Armenia_2005,0,453,32,or,or,CC,CC
12808,Armenia_2005,0,453,33,her,her,PRP$,PR
12809,Armenia_2005,0,453,34,objections,objections,NNS,NN
12810,Armenia_2005,0,453,35,and,and,CC,CC
12811,Armenia_2005,0,453,36,suggestions,suggestions,NNS,NN
12812,Armenia_2005,0,453,38,requesting,requesting,VBG,VB
12813,Armenia_2005,0,453,39,a,a,DT,DT
12814,Armenia_2005,0,453,40,reexamination,reexamination,NN,NN
12815,Armenia_2005,0,454,0,The,the,DT,DT
12816,Armenia_2005,0,454,1,President,president,NNP,NN
12817,Armenia_2005,0,454,2,of,of,IN,IN
12818,Armenia_2005,0,454,3,the,the,DT,DT
12819,Armenia_2005,0,454,4,Republic,republic,NNP,NN
12820,Armenia_2005,0,454,5,will,will,MD,MD
12821,Armenia_2005,0,454,6,submit,submit,VB,VB
12822,Armenia_2005,0,454,7,to,to,TO,TO
12823,Armenia_2005,0,454,8,a,a,DT,DT
12824,Armenia_2005,0,454,9,referendum,referendum,NN,NN
12825,Armenia_2005,0,454,11,within,within,IN,IN
12826,Armenia_2005,0,454,12,the,the,DT,DT
12827,Armenia_2005,0,454,13,period,period,NN,NN
12828,Armenia_2005,0,454,14,prescribed,prescribed,VBN,VB
12829,Armenia_2005,0,454,15,by,by,IN,IN
12830,Armenia_2005,0,454,16,the,the,DT,DT
12831,Armenia_2005,0,454,17,National,national,NNP,NN
12832,Armenia_2005,0,454,18,Assembly,assembly,NNP,NN
12833,Armenia_2005,0,454,20,a,a,DT,DT
12834,Armenia_2005,0,454,21,draft,draft,NN,NN
12835,Armenia_2005,0,454,22,Constitution,constitution,NN,NN
12836,Armenia_2005,0,454,23,or,or,CC,CC
12837,Armenia_2005,0,454,24,draft,draft,NN,NN
12838,Armenia_2005,0,454,25,constitutional,constitutional,JJ,JJ
12839,Armenia_2005,0,454,26,amendments,amendments,NNS,NN
12840,Armenia_2005,0,454,27,when,when,WRB,WR
12841,Armenia_2005,0,454,28,they,they,PRP,PR
12842,Armenia_2005,0,454,29,are,are,VBP,VB
12843,Armenia_2005,0,454,30,reintroduced,reintroduced,VBN,VB
12844,Armenia_2005,0,454,31,by,by,IN,IN
12845,Armenia_2005,0,454,32,at,at,IN,IN
12846,Armenia_2005,0,454,33,least,least,JJS,JJ
12847,Armenia_2005,0,454,34,two-thirds,twothirds,NNS,NN
12848,Armenia_2005,0,454,35,of,of,IN,IN
12849,Armenia_2005,0,454,36,the,the,DT,DT
12850,Armenia_2005,0,454,37,total,total,JJ,JJ
12851,Armenia_2005,0,454,38,number,number,NN,NN
12852,Armenia_2005,0,454,39,of,of,IN,IN
12853,Armenia_2005,0,454,40,Deputies,deputies,NNS,NN
12854,Armenia_2005,0,454,41,of,of,IN,IN
12855,Armenia_2005,0,454,42,the,the,DT,DT
12856,Armenia_2005,0,454,43,National,national,NNP,NN
12857,Armenia_2005,0,454,44,Assembly,assembly,NNP,NN
12858,Armenia_2005,0,455,0,If,if,IN,IN
12859,Armenia_2005,0,455,1,the,the,DT,DT
12860,Armenia_2005,0,455,2,initiative,initiative,JJ,JJ
12861,Armenia_2005,0,455,3,belongs,belongs,NNS,NN
12862,Armenia_2005,0,455,4,to,to,TO,TO
12863,Armenia_2005,0,455,5,the,the,DT,DT
12864,Armenia_2005,0,455,6,President,president,NNP,NN
12865,Armenia_2005,0,455,7,of,of,IN,IN
12866,Armenia_2005,0,455,8,the,the,DT,DT
12867,Armenia_2005,0,455,9,Republic,republic,NNP,NN
12868,Armenia_2005,0,455,11,the,the,DT,DT
12869,Armenia_2005,0,455,12,National,national,NNP,NN
12870,Armenia_2005,0,455,13,Assembly,assembly,NNP,NN
12871,Armenia_2005,0,455,14,shall,shall,MD,MD
12872,Armenia_2005,0,455,16,within,within,IN,IN
12873,Armenia_2005,0,455,17,a,a,DT,DT
12874,Armenia_2005,0,455,18,three-month,threemonth,JJ,JJ
12875,Armenia_2005,0,455,19,period,period,NN,NN
12876,Armenia_2005,0,455,20,following,following,VBG,VB
12877,Armenia_2005,0,455,21,the,the,DT,DT
12878,Armenia_2005,0,455,22,receipt,receipt,NN,NN
12879,Armenia_2005,0,455,23,of,of,IN,IN
12880,Armenia_2005,0,455,24,the,the,DT,DT
12881,Armenia_2005,0,455,25,draft,draft,NN,NN
12882,Armenia_2005,0,455,26,of,of,IN,IN
12883,Armenia_2005,0,455,27,the,the,DT,DT
12884,Armenia_2005,0,455,28,Constitution,constitution,NNP,NN
12885,Armenia_2005,0,455,29,or,or,CC,CC
12886,Armenia_2005,0,455,30,amendments,amendments,NNS,NN
12887,Armenia_2005,0,455,31,thereof,thereof,VBP,VB
12888,Armenia_2005,0,455,33,put,put,VBD,VB
12889,Armenia_2005,0,455,34,the,the,DT,DT
12890,Armenia_2005,0,455,35,motion,motion,NN,NN
12891,Armenia_2005,0,455,36,on,on,IN,IN
12892,Armenia_2005,0,455,37,holding,holding,VBG,VB
12893,Armenia_2005,0,455,38,a,a,DT,DT
12894,Armenia_2005,0,455,39,referendum,referendum,NN,NN
12895,Armenia_2005,0,455,40,on,on,IN,IN
12896,Armenia_2005,0,455,41,the,the,DT,DT
12897,Armenia_2005,0,455,42,draft,draft,NN,NN
12898,Armenia_2005,0,455,43,to,to,TO,TO
12899,Armenia_2005,0,455,44,the,the,DT,DT
12900,Armenia_2005,0,455,45,vote,vote,NN,NN
12901,Armenia_2005,0,456,0,If,if,IN,IN
12902,Armenia_2005,0,456,1,the,the,DT,DT
12903,Armenia_2005,0,456,2,majority,majority,NN,NN
12904,Armenia_2005,0,456,3,of,of,IN,IN
12905,Armenia_2005,0,456,4,the,the,DT,DT
12906,Armenia_2005,0,456,5,total,total,JJ,JJ
12907,Armenia_2005,0,456,6,number,number,NN,NN
12908,Armenia_2005,0,456,7,of,of,IN,IN
12909,Armenia_2005,0,456,8,the,the,DT,DT
12910,Armenia_2005,0,456,9,Deputies,deputies,NNS,NN
12911,Armenia_2005,0,456,10,of,of,IN,IN
12912,Armenia_2005,0,456,11,the,the,DT,DT
12913,Armenia_2005,0,456,12,National,national,NNP,NN
12914,Armenia_2005,0,456,13,Assembly,assembly,NNP,NN
12915,Armenia_2005,0,456,14,vote,vote,NN,NN
12916,Armenia_2005,0,456,15,for,for,IN,IN
12917,Armenia_2005,0,456,16,the,the,DT,DT
12918,Armenia_2005,0,456,17,draft,draft,NN,NN
12919,Armenia_2005,0,456,19,the,the,DT,DT
12920,Armenia_2005,0,456,20,latter,latter,JJ,JJ
12921,Armenia_2005,0,456,21,shall,shall,MD,MD
12922,Armenia_2005,0,456,22,be,be,VB,VB
12923,Armenia_2005,0,456,23,deemed,deemed,VBN,VB
12924,Armenia_2005,0,456,24,adopted,adopted,JJ,JJ
12925,Armenia_2005,0,456,25,and,and,CC,CC
12926,Armenia_2005,0,456,26,the,the,DT,DT
12927,Armenia_2005,0,456,27,President,president,NNP,NN
12928,Armenia_2005,0,456,28,of,of,IN,IN
12929,Armenia_2005,0,456,29,the,the,DT,DT
12930,Armenia_2005,0,456,30,Republic,republic,NNP,NN
12931,Armenia_2005,0,456,31,shall,shall,MD,MD
12932,Armenia_2005,0,456,32,hold,hold,VB,VB
12933,Armenia_2005,0,456,33,a,a,DT,DT
12934,Armenia_2005,0,456,34,referendum,referendum,NN,NN
12935,Armenia_2005,0,456,35,on,on,IN,IN
12936,Armenia_2005,0,456,36,the,the,DT,DT
12937,Armenia_2005,0,456,37,date,date,NN,NN
12938,Armenia_2005,0,456,38,set,set,VBN,VB
12939,Armenia_2005,0,456,39,up,up,RP,RP
12940,Armenia_2005,0,456,40,by,by,IN,IN
12941,Armenia_2005,0,456,41,himself/herself,himselfherself,NN,NN
12942,Armenia_2005,0,457,0,Article,article,NN,NN
12943,Armenia_2005,0,457,1,112,112,CD,CD
12944,Armenia_2005,0,457,2,Share,share,NNP,NN
12945,Armenia_2005,0,457,3,Laws,laws,NNP,NN
12946,Armenia_2005,0,457,4,may,may,MD,MD
12947,Armenia_2005,0,457,5,be,be,VB,VB
12948,Armenia_2005,0,457,6,submitted,submitted,VBN,VB
12949,Armenia_2005,0,457,7,to,to,TO,TO
12950,Armenia_2005,0,457,8,a,a,DT,DT
12951,Armenia_2005,0,457,9,referendum,referendum,NN,NN
12952,Armenia_2005,0,457,10,upon,upon,IN,IN
12953,Armenia_2005,0,457,11,the,the,DT,DT
12954,Armenia_2005,0,457,12,request,request,NN,NN
12955,Armenia_2005,0,457,13,of,of,IN,IN
12956,Armenia_2005,0,457,14,the,the,DT,DT
12957,Armenia_2005,0,457,15,National,national,NNP,NN
12958,Armenia_2005,0,457,16,Assembly,assembly,NNP,NN
12959,Armenia_2005,0,457,17,or,or,CC,CC
12960,Armenia_2005,0,457,18,the,the,DT,DT
12961,Armenia_2005,0,457,19,Government,government,NNP,NN
12962,Armenia_2005,0,457,20,in,in,IN,IN
12963,Armenia_2005,0,457,21,accordance,accordance,NN,NN
12964,Armenia_2005,0,457,22,with,with,IN,IN
12965,Armenia_2005,0,457,23,Article,article,NNP,NN
12966,Armenia_2005,0,457,24,111,111,CD,CD
12967,Armenia_2005,0,457,25,of,of,IN,IN
12968,Armenia_2005,0,457,26,the,the,DT,DT
12969,Armenia_2005,0,457,27,Constitution,constitution,NNP,NN
12970,Armenia_2005,0,458,0,Laws,laws,NNP,NN
12971,Armenia_2005,0,458,1,passed,passed,VBN,VB
12972,Armenia_2005,0,458,2,by,by,IN,IN
12973,Armenia_2005,0,458,3,referendum,referendum,NN,NN
12974,Armenia_2005,0,458,4,may,may,MD,MD
12975,Armenia_2005,0,458,5,only,only,RB,RB
12976,Armenia_2005,0,458,6,be,be,VB,VB
12977,Armenia_2005,0,458,7,amended,amended,VBN,VB
12978,Armenia_2005,0,458,8,by,by,IN,IN
12979,Armenia_2005,0,458,9,referendum,referendum,NN,NN
12980,Armenia_2005,0,459,0,Article,article,NN,NN
12981,Armenia_2005,0,459,1,113,113,CD,CD
12982,Armenia_2005,0,459,2,Share,share,NNP,NN
12983,Armenia_2005,0,459,3,The,the,DT,DT
12984,Armenia_2005,0,459,4,draft,draft,NN,NN
12985,Armenia_2005,0,459,5,submitted,submitted,VBN,VB
12986,Armenia_2005,0,459,6,to,to,TO,TO
12987,Armenia_2005,0,459,7,a,a,DT,DT
12988,Armenia_2005,0,459,8,referendum,referendum,NN,NN
12989,Armenia_2005,0,459,9,shall,shall,MD,MD
12990,Armenia_2005,0,459,10,be,be,VB,VB
12991,Armenia_2005,0,459,11,considered,considered,VBN,VB
12992,Armenia_2005,0,459,12,to,to,TO,TO
12993,Armenia_2005,0,459,13,have,have,VB,VB
12994,Armenia_2005,0,459,14,been,been,VBN,VB
12995,Armenia_2005,0,459,15,passed,passed,VBN,VB
12996,Armenia_2005,0,459,16,if,if,IN,IN
12997,Armenia_2005,0,459,17,it,it,PRP,PR
12998,Armenia_2005,0,459,18,receives,receives,VBZ,VB
12999,Armenia_2005,0,459,19,more,more,JJR,JJ
13000,Armenia_2005,0,459,20,than,than,IN,IN
13001,Armenia_2005,0,459,21,fifty,fifty,JJ,JJ
13002,Armenia_2005,0,459,22,percent,percent,NN,NN
13003,Armenia_2005,0,459,23,of,of,IN,IN
13004,Armenia_2005,0,459,24,the,the,DT,DT
13005,Armenia_2005,0,459,25,votes,votes,NNS,NN
13006,Armenia_2005,0,459,27,but,but,CC,CC
13007,Armenia_2005,0,459,28,not,not,RB,RB
13008,Armenia_2005,0,459,29,less,less,JJR,JJ
13009,Armenia_2005,0,459,30,than,than,IN,IN
13010,Armenia_2005,0,459,31,one-fourth,onefourth,NN,NN
13011,Armenia_2005,0,459,32,of,of,IN,IN
13012,Armenia_2005,0,459,33,the,the,DT,DT
13013,Armenia_2005,0,459,34,number,number,NN,NN
13014,Armenia_2005,0,459,35,of,of,IN,IN
13015,Armenia_2005,0,459,36,registered,registered,JJ,JJ
13016,Armenia_2005,0,459,37,voters,voters,NNS,NN
13017,Armenia_2005,0,460,0,Article,article,NN,NN
13018,Armenia_2005,0,460,1,114,114,CD,CD
13019,Armenia_2005,0,460,2,Share,share,NNP,NN
13020,Armenia_2005,0,460,3,Articles,articles,NNP,NN
13021,Armenia_2005,0,460,4,1,1,CD,CD
13022,Armenia_2005,0,460,6,2,2,CD,CD
13023,Armenia_2005,0,460,7,and,and,CC,CC
13024,Armenia_2005,0,460,8,114,114,CD,CD
13025,Armenia_2005,0,460,9,of,of,IN,IN
13026,Armenia_2005,0,460,10,the,the,DT,DT
13027,Armenia_2005,0,460,11,Constitution,constitution,NNP,NN
13028,Armenia_2005,0,460,12,may,may,MD,MD
13029,Armenia_2005,0,460,13,not,not,RB,RB
13030,Armenia_2005,0,460,14,be,be,VB,VB
13031,Armenia_2005,0,460,15,amended,amended,VBN,VB
13032,Armenia_2005,0,461,0,CHAPTER,chapter,NN,NN
13033,Armenia_2005,0,461,1,9,9,CD,CD
13034,Armenia_2005,0,462,0,FINAL,final,NNP,NN
13035,Armenia_2005,0,462,1,AND,and,NNP,NN
13036,Armenia_2005,0,462,2,TRANSITIONAL,transitional,NNP,NN
13037,Armenia_2005,0,462,3,PROVISIONS,provisions,NNP,NN
13038,Armenia_2005,0,462,4,Share,share,NNP,NN
13039,Armenia_2005,0,462,5,Article,article,NNP,NN
13040,Armenia_2005,0,462,6,115,115,CD,CD
13041,Armenia_2005,0,462,7,Share,share,NNP,NN
13042,Armenia_2005,0,462,8,Amendments,amendments,NNPS,NN
13043,Armenia_2005,0,462,9,to,to,TO,TO
13044,Armenia_2005,0,462,10,the,the,DT,DT
13045,Armenia_2005,0,462,11,Constitution,constitution,NNP,NN
13046,Armenia_2005,0,462,12,of,of,IN,IN
13047,Armenia_2005,0,462,13,the,the,DT,DT
13048,Armenia_2005,0,462,14,Republic,republic,NNP,NN
13049,Armenia_2005,0,462,15,of,of,IN,IN
13050,Armenia_2005,0,462,16,Armenia,armenia,NNP,NN
13051,Armenia_2005,0,462,17,shall,shall,MD,MD
13052,Armenia_2005,0,462,18,come,come,VB,VB
13053,Armenia_2005,0,462,19,into,into,IN,IN
13054,Armenia_2005,0,462,20,force,force,NN,NN
13055,Armenia_2005,0,462,21,from,from,IN,IN
13056,Armenia_2005,0,462,22,the,the,DT,DT
13057,Armenia_2005,0,462,23,moment,moment,NN,NN
13058,Armenia_2005,0,462,24,of,of,IN,IN
13059,Armenia_2005,0,462,25,the,the,DT,DT
13060,Armenia_2005,0,462,26,publication,publication,NN,NN
13061,Armenia_2005,0,462,27,in,in,IN,IN
13062,Armenia_2005,0,462,28,the,the,DT,DT
13063,Armenia_2005,0,462,29,Official,official,NNP,NN
13064,Armenia_2005,0,462,30,Bulletin,bulletin,NNP,NN
13065,Armenia_2005,0,462,31,of,of,IN,IN
13066,Armenia_2005,0,462,32,the,the,DT,DT
13067,Armenia_2005,0,462,33,Republic,republic,NNP,NN
13068,Armenia_2005,0,462,34,of,of,IN,IN
13069,Armenia_2005,0,462,35,Armenia,armenia,NNP,NN
13070,Armenia_2005,0,462,36,except,except,IN,IN
13071,Armenia_2005,0,462,37,for,for,IN,IN
13072,Armenia_2005,0,462,38,the,the,DT,DT
13073,Armenia_2005,0,462,39,provisions,provisions,NNS,NN
13074,Armenia_2005,0,462,40,on,on,IN,IN
13075,Armenia_2005,0,462,41,the,the,DT,DT
13076,Armenia_2005,0,462,42,Chairman,chairman,NNP,NN
13077,Armenia_2005,0,462,43,of,of,IN,IN
13078,Armenia_2005,0,462,44,the,the,DT,DT
13079,Armenia_2005,0,462,45,Audit,audit,NNP,NN
13080,Armenia_2005,0,462,46,Chamber,chamber,NNP,NN
13081,Armenia_2005,0,462,47,and,and,CC,CC
13082,Armenia_2005,0,462,48,the,the,DT,DT
13083,Armenia_2005,0,462,49,Prosecutor,prosecutor,NNP,NN
13084,Armenia_2005,0,462,50,General,general,NNP,NN
13085,Armenia_2005,0,462,51,in,in,IN,IN
13086,Armenia_2005,0,462,52,Point,point,NNP,NN
13087,Armenia_2005,0,462,53,9,9,CD,CD
13088,Armenia_2005,0,462,54,of,of,IN,IN
13089,Armenia_2005,0,462,55,Article,article,NNP,NN
13090,Armenia_2005,0,462,56,55,55,CD,CD
13091,Armenia_2005,0,462,58,the,the,DT,DT
13092,Armenia_2005,0,462,59,provisions,provisions,NNS,NN
13093,Armenia_2005,0,462,60,in,in,IN,IN
13094,Armenia_2005,0,462,61,the,the,DT,DT
13095,Armenia_2005,0,462,62,first,first,JJ,JJ
13096,Armenia_2005,0,462,63,sentence,sentence,NN,NN
13097,Armenia_2005,0,462,64,of,of,IN,IN
13098,Armenia_2005,0,462,65,Article,article,NNP,NN
13099,Armenia_2005,0,462,66,63,63,CD,CD
13100,Armenia_2005,0,462,68,Part,part,NNP,NN
13101,Armenia_2005,0,462,69,2,2,CD,CD
13102,Armenia_2005,0,462,71,Article,article,NNP,NN
13103,Armenia_2005,0,462,72,74,74,CD,CD
13104,Armenia_2005,0,463,0,1,1,CD,CD
13105,Armenia_2005,0,463,2,Part,part,NNP,NN
13106,Armenia_2005,0,463,3,1,1,CD,CD
13107,Armenia_2005,0,463,5,Article,article,NNP,NN
13108,Armenia_2005,0,463,6,83,83,CD,CD
13109,Armenia_2005,0,464,0,4,4,CD,CD
13110,Armenia_2005,0,464,2,provisions,provisions,NNS,NN
13111,Armenia_2005,0,464,3,in,in,IN,IN
13112,Armenia_2005,0,464,4,the,the,DT,DT
13113,Armenia_2005,0,464,5,first,first,JJ,JJ
13114,Armenia_2005,0,464,6,sentence,sentence,NN,NN
13115,Armenia_2005,0,464,7,of,of,IN,IN
13116,Armenia_2005,0,464,8,Part,part,NNP,NN
13117,Armenia_2005,0,464,9,6,6,CD,CD
13118,Armenia_2005,0,464,10,of,of,IN,IN
13119,Armenia_2005,0,464,11,Article,article,NNP,NN
13120,Armenia_2005,0,464,12,85,85,CD,CD
13121,Armenia_2005,0,464,14,Article,article,NNP,NN
13122,Armenia_2005,0,464,15,86,86,CD,CD
13123,Armenia_2005,0,464,17,Part,part,NNP,NN
13124,Armenia_2005,0,464,18,1,1,CD,CD
13125,Armenia_2005,0,464,20,Article,article,NNP,NN
13126,Armenia_2005,0,464,21,88,88,CD,CD
13127,Armenia_2005,0,465,0,1,1,CD,CD
13128,Armenia_2005,0,465,2,Article,article,NNP,NN
13129,Armenia_2005,0,465,3,101,101,CD,CD
13130,Armenia_2005,0,465,5,Point,point,NNP,NN
13131,Armenia_2005,0,465,6,6,6,CD,CD
13132,Armenia_2005,0,465,8,the,the,DT,DT
13133,Armenia_2005,0,465,9,term,term,NN,NN
13134,Armenia_2005,0,465,10,fixed,fixed,VBN,VB
13135,Armenia_2005,0,465,11,in,in,IN,IN
13136,Armenia_2005,0,465,12,Article,article,NNP,NN
13137,Armenia_2005,0,465,13,107,107,CD,CD
13138,Armenia_2005,0,465,15,Part,part,NNP,NN
13139,Armenia_2005,0,465,16,1,1,CD,CD
13140,Armenia_2005,0,466,0,Article,article,NN,NN
13141,Armenia_2005,0,466,1,116,116,CD,CD
13142,Armenia_2005,0,466,2,Share,share,NNP,NN
13143,Armenia_2005,0,466,3,The,the,DT,DT
13144,Armenia_2005,0,466,4,provisions,provisions,NNS,NN
13145,Armenia_2005,0,466,5,on,on,IN,IN
13146,Armenia_2005,0,466,6,the,the,DT,DT
13147,Armenia_2005,0,466,7,Chairman,chairman,NNP,NN
13148,Armenia_2005,0,466,8,of,of,IN,IN
13149,Armenia_2005,0,466,9,the,the,DT,DT
13150,Armenia_2005,0,466,10,Audit,audit,NNP,NN
13151,Armenia_2005,0,466,11,Chamber,chamber,NNP,NN
13152,Armenia_2005,0,466,12,and,and,CC,CC
13153,Armenia_2005,0,466,13,Prosecutor,prosecutor,NNP,NN
13154,Armenia_2005,0,466,14,General,general,NNP,NN
13155,Armenia_2005,0,466,15,in,in,IN,IN
13156,Armenia_2005,0,466,16,the,the,DT,DT
13157,Armenia_2005,0,466,17,first,first,JJ,JJ
13158,Armenia_2005,0,466,18,sentence,sentence,NN,NN
13159,Armenia_2005,0,466,19,of,of,IN,IN
13160,Armenia_2005,0,466,20,Article,article,NNP,NN
13161,Armenia_2005,0,466,21,55,55,CD,CD
13162,Armenia_2005,0,466,23,Point,point,NNP,NN
13163,Armenia_2005,0,466,24,9,9,CD,CD
13164,Armenia_2005,0,466,26,Article,article,NNP,NN
13165,Armenia_2005,0,466,27,74,74,CD,CD
13166,Armenia_2005,0,467,0,1,1,CD,CD
13167,Armenia_2005,0,467,2,Part,part,NNP,NN
13168,Armenia_2005,0,467,3,1,1,CD,CD
13169,Armenia_2005,0,467,5,the,the,DT,DT
13170,Armenia_2005,0,467,6,provision,provision,NN,NN
13171,Armenia_2005,0,467,7,contained,contained,VBN,VB
13172,Armenia_2005,0,467,8,in,in,IN,IN
13173,Armenia_2005,0,467,9,Article,article,NNP,NN
13174,Armenia_2005,0,467,10,83,83,CD,CD
13175,Armenia_2005,0,468,0,4,4,CD,CD
13176,Armenia_2005,0,468,2,Article,article,NNP,NN
13177,Armenia_2005,0,468,3,86,86,CD,CD
13178,Armenia_2005,0,468,4,and,and,CC,CC
13179,Armenia_2005,0,468,5,Article,article,NNP,NN
13180,Armenia_2005,0,468,6,88,88,CD,CD
13181,Armenia_2005,0,468,8,Part,part,NNP,NN
13182,Armenia_2005,0,468,9,1,1,CD,CD
13183,Armenia_2005,0,468,10,shall,shall,MD,MD
13184,Armenia_2005,0,468,11,come,come,VB,VB
13185,Armenia_2005,0,468,12,into,into,IN,IN
13186,Armenia_2005,0,468,13,force,force,NN,NN
13187,Armenia_2005,0,468,14,on,on,IN,IN
13188,Armenia_2005,0,468,15,the,the,DT,DT
13189,Armenia_2005,0,468,16,day,day,NN,NN
13190,Armenia_2005,0,468,17,of,of,IN,IN
13191,Armenia_2005,0,468,18,the,the,DT,DT
13192,Armenia_2005,0,468,19,opening,opening,NN,NN
13193,Armenia_2005,0,468,20,of,of,IN,IN
13194,Armenia_2005,0,468,21,the,the,DT,DT
13195,Armenia_2005,0,468,22,first,first,JJ,JJ
13196,Armenia_2005,0,468,23,session,session,NN,NN
13197,Armenia_2005,0,468,24,of,of,IN,IN
13198,Armenia_2005,0,468,25,the,the,DT,DT
13199,Armenia_2005,0,468,26,National,national,NNP,NN
13200,Armenia_2005,0,468,27,Assembly,assembly,NNP,NN
13201,Armenia_2005,0,468,28,of,of,IN,IN
13202,Armenia_2005,0,468,29,the,the,DT,DT
13203,Armenia_2005,0,468,30,next,next,JJ,JJ
13204,Armenia_2005,0,468,31,legislative,legislative,JJ,JJ
13205,Armenia_2005,0,468,32,period,period,NN,NN
13206,Armenia_2005,0,469,0,The,the,DT,DT
13207,Armenia_2005,0,469,1,provisions,provisions,NNS,NN
13208,Armenia_2005,0,469,2,in,in,IN,IN
13209,Armenia_2005,0,469,3,the,the,DT,DT
13210,Armenia_2005,0,469,4,first,first,JJ,JJ
13211,Armenia_2005,0,469,5,sentence,sentence,NN,NN
13212,Armenia_2005,0,469,6,of,of,IN,IN
13213,Armenia_2005,0,469,7,Article,article,NNP,NN
13214,Armenia_2005,0,469,8,63,63,CD,CD
13215,Armenia_2005,0,469,10,Part,part,NNP,NN
13216,Armenia_2005,0,469,11,2,2,CD,CD
13217,Armenia_2005,0,469,12,shall,shall,MD,MD
13218,Armenia_2005,0,469,13,be,be,VB,VB
13219,Armenia_2005,0,469,14,applied,applied,VBN,VB
13220,Armenia_2005,0,469,15,for,for,IN,IN
13221,Armenia_2005,0,469,16,the,the,DT,DT
13222,Armenia_2005,0,469,17,next,next,JJ,JJ
13223,Armenia_2005,0,469,18,legislative,legislative,JJ,JJ
13224,Armenia_2005,0,469,19,periods,periods,NNS,NN
13225,Armenia_2005,0,470,0,The,the,DT,DT
13226,Armenia_2005,0,470,1,provisions,provisions,NNS,NN
13227,Armenia_2005,0,470,2,in,in,IN,IN
13228,Armenia_2005,0,470,3,Article,article,NNP,NN
13229,Armenia_2005,0,470,4,85,85,CD,CD
13230,Armenia_2005,0,470,6,Part,part,NNP,NN
13231,Armenia_2005,0,470,7,6,6,CD,CD
13232,Armenia_2005,0,470,9,shall,shall,MD,MD
13233,Armenia_2005,0,470,10,enter,enter,VB,VB
13234,Armenia_2005,0,470,11,into,into,IN,IN
13235,Armenia_2005,0,470,12,force,force,NN,NN
13236,Armenia_2005,0,470,13,on,on,IN,IN
13237,Armenia_2005,0,470,14,July,july,NNP,NN
13238,Armenia_2005,0,470,15,1,1,CD,CD
13239,Armenia_2005,0,470,17,2008,2008,CD,CD
13240,Armenia_2005,0,471,0,The,the,DT,DT
13241,Armenia_2005,0,471,1,provisions,provisions,NNS,NN
13242,Armenia_2005,0,471,2,in,in,IN,IN
13243,Armenia_2005,0,471,3,Point,point,NNP,NN
13244,Armenia_2005,0,471,4,6,6,CD,CD
13245,Armenia_2005,0,471,5,of,of,IN,IN
13246,Armenia_2005,0,471,6,Article,article,NN,NN
13247,Armenia_2005,0,471,7,101,101,CD,CD
13248,Armenia_2005,0,471,8,shall,shall,MD,MD
13249,Armenia_2005,0,471,9,enter,enter,VB,VB
13250,Armenia_2005,0,471,10,into,into,IN,IN
13251,Armenia_2005,0,471,11,force,force,NN,NN
13252,Armenia_2005,0,471,12,on,on,IN,IN
13253,Armenia_2005,0,471,13,July,july,NNP,NN
13254,Armenia_2005,0,471,14,1,1,CD,CD
13255,Armenia_2005,0,471,16,2006,2006,CD,CD
13256,Armenia_2005,0,472,0,The,the,DT,DT
13257,Armenia_2005,0,472,1,term,term,NN,NN
13258,Armenia_2005,0,472,2,fixed,fixed,VBN,VB
13259,Armenia_2005,0,472,3,in,in,IN,IN
13260,Armenia_2005,0,472,4,Article,article,NNP,NN
13261,Armenia_2005,0,472,5,107,107,CD,CD
13262,Armenia_2005,0,472,7,Part,part,NNP,NN
13263,Armenia_2005,0,472,8,1,1,CD,CD
13264,Armenia_2005,0,472,9,shall,shall,MD,MD
13265,Armenia_2005,0,472,10,come,come,VB,VB
13266,Armenia_2005,0,472,11,into,into,IN,IN
13267,Armenia_2005,0,472,12,force,force,NN,NN
13268,Armenia_2005,0,472,13,for,for,IN,IN
13269,Armenia_2005,0,472,14,the,the,DT,DT
13270,Armenia_2005,0,472,15,local,local,JJ,JJ
13271,Armenia_2005,0,472,16,self-government,selfgovernment,JJ,JJ
13272,Armenia_2005,0,472,17,bodies,bodies,NNS,NN
13273,Armenia_2005,0,472,18,elected,elected,VBN,VB
13274,Armenia_2005,0,472,19,after,after,IN,IN
13275,Armenia_2005,0,472,20,the,the,DT,DT
13276,Armenia_2005,0,472,21,adoption,adoption,NN,NN
13277,Armenia_2005,0,472,22,of,of,IN,IN
13278,Armenia_2005,0,472,23,the,the,DT,DT
13279,Armenia_2005,0,472,24,Amendments,amendments,NNS,NN
13280,Armenia_2005,0,472,25,to,to,TO,TO
13281,Armenia_2005,0,472,26,the,the,DT,DT
13282,Armenia_2005,0,472,27,Constitution,constitution,NNP,NN
13283,Armenia_2005,0,473,0,Article,article,NN,NN
13284,Armenia_2005,0,473,1,117,117,CD,CD
13285,Armenia_2005,0,473,2,Share,share,NN,NN
13286,Armenia_2005,0,473,3,After,after,IN,IN
13287,Armenia_2005,0,473,4,the,the,DT,DT
13288,Armenia_2005,0,473,5,amendments,amendments,NNS,NN
13289,Armenia_2005,0,473,6,to,to,TO,TO
13290,Armenia_2005,0,473,7,the,the,DT,DT
13291,Armenia_2005,0,473,8,Constitution,constitution,NNP,NN
13292,Armenia_2005,0,473,9,come,come,VBP,VB
13293,Armenia_2005,0,473,10,into,into,IN,IN
13294,Armenia_2005,0,473,11,force,force,NN,NN
13295,Armenia_2005,0,473,13,1.The,1the,CD,CD
13296,Armenia_2005,0,473,14,National,national,NNP,NN
13297,Armenia_2005,0,473,15,Assembly,assembly,NNP,NN
13298,Armenia_2005,0,473,16,shall,shall,MD,MD
13299,Armenia_2005,0,473,17,make,make,VB,VB
13300,Armenia_2005,0,473,18,the,the,DT,DT
13301,Armenia_2005,0,473,19,appropriate,appropriate,JJ,JJ
13302,Armenia_2005,0,473,20,laws,laws,NNS,NN
13303,Armenia_2005,0,473,21,for,for,IN,IN
13304,Armenia_2005,0,473,22,the,the,DT,DT
13305,Armenia_2005,0,473,23,implementation,implementation,NN,NN
13306,Armenia_2005,0,473,24,of,of,IN,IN
13307,Armenia_2005,0,473,25,the,the,DT,DT
13308,Armenia_2005,0,473,26,amendments,amendments,NNS,NN
13309,Armenia_2005,0,473,27,to,to,TO,TO
13310,Armenia_2005,0,473,28,the,the,DT,DT
13311,Armenia_2005,0,473,29,Constitution,constitution,NNP,NN
13312,Armenia_2005,0,473,30,within,within,IN,IN
13313,Armenia_2005,0,473,31,two,two,CD,CD
13314,Armenia_2005,0,473,32,years,years,NNS,NN
13315,Armenia_2005,0,474,0,2.The,2the,CD,CD
13316,Armenia_2005,0,474,1,National,national,NNP,NN
13317,Armenia_2005,0,474,2,Assembly,assembly,NNP,NN
13318,Armenia_2005,0,474,3,shall,shall,MD,MD
13319,Armenia_2005,0,474,4,within,within,IN,IN
13320,Armenia_2005,0,474,5,one,one,CD,CD
13321,Armenia_2005,0,474,6,year,year,NN,NN
13322,Armenia_2005,0,474,7,define,define,NN,NN
13323,Armenia_2005,0,474,8,by,by,IN,IN
13324,Armenia_2005,0,474,9,law,law,NN,NN
13325,Armenia_2005,0,474,10,the,the,DT,DT
13326,Armenia_2005,0,474,11,national,national,JJ,JJ
13327,Armenia_2005,0,474,12,anthem,anthem,NN,NN
13328,Armenia_2005,0,474,13,of,of,IN,IN
13329,Armenia_2005,0,474,14,the,the,DT,DT
13330,Armenia_2005,0,474,15,Republic,republic,NNP,NN
13331,Armenia_2005,0,474,16,of,of,IN,IN
13332,Armenia_2005,0,474,17,Armenia,armenia,NNP,NN
13333,Armenia_2005,0,475,0,Until,until,IN,IN
13334,Armenia_2005,0,475,1,then,then,RB,RB
13335,Armenia_2005,0,475,3,the,the,DT,DT
13336,Armenia_2005,0,475,4,anthem,anthem,NN,NN
13337,Armenia_2005,0,475,5,prior,prior,RB,RB
13338,Armenia_2005,0,475,6,to,to,TO,TO
13339,Armenia_2005,0,475,7,the,the,DT,DT
13340,Armenia_2005,0,475,8,amendments,amendments,NNS,NN
13341,Armenia_2005,0,475,9,to,to,TO,TO
13342,Armenia_2005,0,475,10,the,the,DT,DT
13343,Armenia_2005,0,475,11,Constitution,constitution,NNP,NN
13344,Armenia_2005,0,475,12,shall,shall,MD,MD
13345,Armenia_2005,0,475,13,be,be,VB,VB
13346,Armenia_2005,0,475,14,valid,valid,JJ,JJ
13347,Armenia_2005,0,476,0,3.The,3the,CD,CD
13348,Armenia_2005,0,476,1,social,social,JJ,JJ
13349,Armenia_2005,0,476,2,rights,rights,NNS,NN
13350,Armenia_2005,0,476,3,provided,provided,VBN,VB
13351,Armenia_2005,0,476,4,for,for,IN,IN
13352,Armenia_2005,0,476,5,in,in,IN,IN
13353,Armenia_2005,0,476,6,the,the,DT,DT
13354,Armenia_2005,0,476,7,Constitution,constitution,NNP,NN
13355,Armenia_2005,0,476,8,shall,shall,MD,MD
13356,Armenia_2005,0,476,9,be,be,VB,VB
13357,Armenia_2005,0,476,10,valid,valid,JJ,JJ
13358,Armenia_2005,0,476,11,to,to,TO,TO
13359,Armenia_2005,0,476,12,the,the,DT,DT
13360,Armenia_2005,0,476,13,extent,extent,NN,NN
13361,Armenia_2005,0,476,14,specified,specified,VBN,VB
13362,Armenia_2005,0,476,15,by,by,IN,IN
13363,Armenia_2005,0,476,16,the,the,DT,DT
13364,Armenia_2005,0,476,17,appropriate,appropriate,JJ,JJ
13365,Armenia_2005,0,476,18,laws,laws,NNS,NN
13366,Armenia_2005,0,477,0,4.Until,4until,CD,CD
13367,Armenia_2005,0,477,1,the,the,DT,DT
13368,Armenia_2005,0,477,2,day,day,NN,NN
13369,Armenia_2005,0,477,3,of,of,IN,IN
13370,Armenia_2005,0,477,4,the,the,DT,DT
13371,Armenia_2005,0,477,5,opening,opening,NN,NN
13372,Armenia_2005,0,477,6,of,of,IN,IN
13373,Armenia_2005,0,477,7,the,the,DT,DT
13374,Armenia_2005,0,477,8,first,first,JJ,JJ
13375,Armenia_2005,0,477,9,session,session,NN,NN
13376,Armenia_2005,0,477,10,of,of,IN,IN
13377,Armenia_2005,0,477,11,the,the,DT,DT
13378,Armenia_2005,0,477,12,next,next,JJ,JJ
13379,Armenia_2005,0,477,13,legislative,legislative,JJ,JJ
13380,Armenia_2005,0,477,14,period,period,NN,NN
13381,Armenia_2005,0,477,15,of,of,IN,IN
13382,Armenia_2005,0,477,16,the,the,DT,DT
13383,Armenia_2005,0,477,17,National,national,NNP,NN
13384,Armenia_2005,0,477,18,Assembly,assembly,NNP,NN
13385,Armenia_2005,0,477,20,the,the,DT,DT
13386,Armenia_2005,0,477,21,President,president,NNP,NN
13387,Armenia_2005,0,477,22,of,of,IN,IN
13388,Armenia_2005,0,477,23,the,the,DT,DT
13389,Armenia_2005,0,477,24,Republic,republic,NNP,NN
13390,Armenia_2005,0,477,26,a.may,amay,NN,NN
13391,Armenia_2005,0,477,28,after,after,IN,IN
13392,Armenia_2005,0,477,29,consultations,consultations,NNS,NN
13393,Armenia_2005,0,477,30,with,with,IN,IN
13394,Armenia_2005,0,477,31,the,the,DT,DT
13395,Armenia_2005,0,477,32,President,president,NNP,NN
13396,Armenia_2005,0,477,33,of,of,IN,IN
13397,Armenia_2005,0,477,34,the,the,DT,DT
13398,Armenia_2005,0,477,35,National,national,NNP,NN
13399,Armenia_2005,0,477,36,Assembly,assembly,NNP,NN
13400,Armenia_2005,0,477,37,and,and,CC,CC
13401,Armenia_2005,0,477,38,the,the,DT,DT
13402,Armenia_2005,0,477,39,Prime,prime,NNP,NN
13403,Armenia_2005,0,477,40,Minister,minister,NNP,NN
13404,Armenia_2005,0,477,42,dissolve,dissolve,VBP,VB
13405,Armenia_2005,0,477,43,the,the,DT,DT
13406,Armenia_2005,0,477,44,National,national,NNP,NN
13407,Armenia_2005,0,477,45,Assembly,assembly,NNP,NN
13408,Armenia_2005,0,477,46,and,and,CC,CC
13409,Armenia_2005,0,477,47,call,call,VB,VB
13410,Armenia_2005,0,477,48,for,for,IN,IN
13411,Armenia_2005,0,477,49,a,a,DT,DT
13412,Armenia_2005,0,477,50,special,special,JJ,JJ
13413,Armenia_2005,0,477,51,election,election,NN,NN
13414,Armenia_2005,0,477,53,b.may,bmay,CC,CC
13415,Armenia_2005,0,477,54,remove,remove,VB,VB
13416,Armenia_2005,0,477,55,the,the,DT,DT
13417,Armenia_2005,0,477,56,Prime,prime,NNP,NN
13418,Armenia_2005,0,477,57,Minister,minister,NNP,NN
13419,Armenia_2005,0,478,0,5.Until,5until,CD,CD
13420,Armenia_2005,0,478,1,the,the,DT,DT
13421,Armenia_2005,0,478,2,day,day,NN,NN
13422,Armenia_2005,0,478,3,of,of,IN,IN
13423,Armenia_2005,0,478,4,the,the,DT,DT
13424,Armenia_2005,0,478,5,opening,opening,NN,NN
13425,Armenia_2005,0,478,6,of,of,IN,IN
13426,Armenia_2005,0,478,7,the,the,DT,DT
13427,Armenia_2005,0,478,8,first,first,JJ,JJ
13428,Armenia_2005,0,478,9,session,session,NN,NN
13429,Armenia_2005,0,478,10,of,of,IN,IN
13430,Armenia_2005,0,478,11,the,the,DT,DT
13431,Armenia_2005,0,478,12,next,next,JJ,JJ
13432,Armenia_2005,0,478,13,legislative,legislative,JJ,JJ
13433,Armenia_2005,0,478,14,period,period,NN,NN
13434,Armenia_2005,0,478,15,of,of,IN,IN
13435,Armenia_2005,0,478,16,the,the,DT,DT
13436,Armenia_2005,0,478,17,National,national,NNP,NN
13437,Armenia_2005,0,478,18,Assembly,assembly,NNP,NN
13438,Armenia_2005,0,478,20,the,the,DT,DT
13439,Armenia_2005,0,478,21,meetings,meetings,NNS,NN
13440,Armenia_2005,0,478,22,of,of,IN,IN
13441,Armenia_2005,0,478,23,the,the,DT,DT
13442,Armenia_2005,0,478,24,Government,government,NNP,NN
13443,Armenia_2005,0,478,25,shall,shall,MD,MD
13444,Armenia_2005,0,478,26,be,be,VB,VB
13445,Armenia_2005,0,478,27,chaired,chaired,VBN,VB
13446,Armenia_2005,0,478,28,by,by,IN,IN
13447,Armenia_2005,0,478,29,the,the,DT,DT
13448,Armenia_2005,0,478,30,President,president,NNP,NN
13449,Armenia_2005,0,478,31,of,of,IN,IN
13450,Armenia_2005,0,478,32,the,the,DT,DT
13451,Armenia_2005,0,478,33,Republic,republic,NNP,NN
13452,Armenia_2005,0,478,35,or,or,CC,CC
13453,Armenia_2005,0,478,36,upon,upon,IN,IN
13454,Armenia_2005,0,478,37,his,his,PRP$,PR
13455,Armenia_2005,0,478,38,or,or,CC,CC
13456,Armenia_2005,0,478,39,her,her,PRP$,PR
13457,Armenia_2005,0,478,40,recommendation,recommendation,NN,NN
13458,Armenia_2005,0,478,42,by,by,IN,IN
13459,Armenia_2005,0,478,43,the,the,DT,DT
13460,Armenia_2005,0,478,44,Prime,prime,NNP,NN
13461,Armenia_2005,0,478,45,Minister,minister,NNP,NN
13462,Armenia_2005,0,479,0,Government,government,NN,NN
13463,Armenia_2005,0,479,1,decisions,decisions,NNS,NN
13464,Armenia_2005,0,479,2,shall,shall,MD,MD
13465,Armenia_2005,0,479,3,be,be,VB,VB
13466,Armenia_2005,0,479,4,signed,signed,VBN,VB
13467,Armenia_2005,0,479,5,by,by,IN,IN
13468,Armenia_2005,0,479,6,the,the,DT,DT
13469,Armenia_2005,0,479,7,Prime,prime,NNP,NN
13470,Armenia_2005,0,479,8,Minister,minister,NNP,NN
13471,Armenia_2005,0,479,9,and,and,CC,CC
13472,Armenia_2005,0,479,10,approved,approved,VBN,VB
13473,Armenia_2005,0,479,11,by,by,IN,IN
13474,Armenia_2005,0,479,12,the,the,DT,DT
13475,Armenia_2005,0,479,13,President,president,NNP,NN
13476,Armenia_2005,0,480,0,6.In,6in,CD,CD
13477,Armenia_2005,0,480,1,the,the,DT,DT
13478,Armenia_2005,0,480,2,event,event,NN,NN
13479,Armenia_2005,0,480,3,of,of,IN,IN
13480,Armenia_2005,0,480,4,an,an,DT,DT
13481,Armenia_2005,0,480,5,imminent,imminent,JJ,JJ
13482,Armenia_2005,0,480,6,danger,danger,NN,NN
13483,Armenia_2005,0,480,7,to,to,TO,TO
13484,Armenia_2005,0,480,8,the,the,DT,DT
13485,Armenia_2005,0,480,9,constitutional,constitutional,JJ,JJ
13486,Armenia_2005,0,480,10,order,order,NN,NN
13487,Armenia_2005,0,480,11,and,and,CC,CC
13488,Armenia_2005,0,480,12,until,until,IN,IN
13489,Armenia_2005,0,480,13,the,the,DT,DT
13490,Armenia_2005,0,480,14,definition,definition,NN,NN
13491,Armenia_2005,0,480,15,of,of,IN,IN
13492,Armenia_2005,0,480,16,the,the,DT,DT
13493,Armenia_2005,0,480,17,legal,legal,JJ,JJ
13494,Armenia_2005,0,480,18,regime,regime,NN,NN
13495,Armenia_2005,0,480,19,of,of,IN,IN
13496,Armenia_2005,0,480,20,the,the,DT,DT
13497,Armenia_2005,0,480,21,state,state,NN,NN
13498,Armenia_2005,0,480,22,of,of,IN,IN
13499,Armenia_2005,0,480,23,emergency,emergency,NN,NN
13500,Armenia_2005,0,480,24,by,by,IN,IN
13501,Armenia_2005,0,480,25,law,law,NN,NN
13502,Armenia_2005,0,480,26,is,is,VBZ,VB
13503,Armenia_2005,0,480,27,determined,determined,VBN,VB
13504,Armenia_2005,0,480,29,the,the,DT,DT
13505,Armenia_2005,0,480,30,President,president,NNP,NN
13506,Armenia_2005,0,480,31,of,of,IN,IN
13507,Armenia_2005,0,480,32,the,the,DT,DT
13508,Armenia_2005,0,480,33,Republic,republic,NNP,NN
13509,Armenia_2005,0,480,35,after,after,IN,IN
13510,Armenia_2005,0,480,36,consulting,consulting,VBG,VB
13511,Armenia_2005,0,480,37,with,with,IN,IN
13512,Armenia_2005,0,480,38,the,the,DT,DT
13513,Armenia_2005,0,480,39,President,president,NNP,NN
13514,Armenia_2005,0,480,40,of,of,IN,IN
13515,Armenia_2005,0,480,41,the,the,DT,DT
13516,Armenia_2005,0,480,42,National,national,NNP,NN
13517,Armenia_2005,0,480,43,Assembly,assembly,NNP,NN
13518,Armenia_2005,0,480,44,and,and,CC,CC
13519,Armenia_2005,0,480,45,the,the,DT,DT
13520,Armenia_2005,0,480,46,Prime,prime,NNP,NN
13521,Armenia_2005,0,480,47,Minister,minister,NNP,NN
13522,Armenia_2005,0,480,49,shall,shall,MD,MD
13523,Armenia_2005,0,480,50,declare,declare,VB,VB
13524,Armenia_2005,0,480,51,a,a,DT,DT
13525,Armenia_2005,0,480,52,state,state,NN,NN
13526,Armenia_2005,0,480,53,of,of,IN,IN
13527,Armenia_2005,0,480,54,emergency,emergency,NN,NN
13528,Armenia_2005,0,480,55,and,and,CC,CC
13529,Armenia_2005,0,480,56,take,take,VB,VB
13530,Armenia_2005,0,480,57,measures,measures,NNS,NN
13531,Armenia_2005,0,480,58,appropriate,appropriate,VB,VB
13532,Armenia_2005,0,480,59,in,in,IN,IN
13533,Armenia_2005,0,480,60,the,the,DT,DT
13534,Armenia_2005,0,480,61,given,given,VBN,VB
13535,Armenia_2005,0,480,62,circumstances,circumstances,NNS,NN
13536,Armenia_2005,0,480,63,and,and,CC,CC
13537,Armenia_2005,0,480,64,address,address,VB,VB
13538,Armenia_2005,0,480,65,the,the,DT,DT
13539,Armenia_2005,0,480,66,people,people,NNS,NN
13540,Armenia_2005,0,480,67,on,on,IN,IN
13541,Armenia_2005,0,480,68,the,the,DT,DT
13542,Armenia_2005,0,480,69,situation,situation,NN,NN
13543,Armenia_2005,0,481,0,7.The,7the,CD,CD
13544,Armenia_2005,0,481,1,Chairman,chairman,NNP,NN
13545,Armenia_2005,0,481,2,of,of,IN,IN
13546,Armenia_2005,0,481,3,the,the,DT,DT
13547,Armenia_2005,0,481,4,Central,central,NNP,NN
13548,Armenia_2005,0,481,5,Bank,bank,NNP,NN
13549,Armenia_2005,0,481,6,shall,shall,MD,MD
13550,Armenia_2005,0,481,7,remain,remain,VB,VB
13551,Armenia_2005,0,481,8,in,in,IN,IN
13552,Armenia_2005,0,481,9,office,office,NN,NN
13553,Armenia_2005,0,481,10,until,until,IN,IN
13554,Armenia_2005,0,481,11,the,the,DT,DT
13555,Armenia_2005,0,481,12,expiry,expiry,NN,NN
13556,Armenia_2005,0,481,13,of,of,IN,IN
13557,Armenia_2005,0,481,14,the,the,DT,DT
13558,Armenia_2005,0,481,15,term,term,NN,NN
13559,Armenia_2005,0,481,16,of,of,IN,IN
13560,Armenia_2005,0,481,17,office,office,NN,NN
13561,Armenia_2005,0,481,18,determined,determined,VBN,VB
13562,Armenia_2005,0,481,19,by,by,IN,IN
13563,Armenia_2005,0,481,20,current,current,JJ,JJ
13564,Armenia_2005,0,481,21,law,law,NN,NN
13565,Armenia_2005,0,482,0,8.The,8the,CD,CD
13566,Armenia_2005,0,482,1,Chairman,chairman,NNP,NN
13567,Armenia_2005,0,482,2,of,of,IN,IN
13568,Armenia_2005,0,482,3,the,the,DT,DT
13569,Armenia_2005,0,482,4,Audit,audit,NNP,NN
13570,Armenia_2005,0,482,5,Chamber,chamber,NNP,NN
13571,Armenia_2005,0,482,6,shall,shall,MD,MD
13572,Armenia_2005,0,482,7,be,be,VB,VB
13573,Armenia_2005,0,482,8,appointed,appointed,VBN,VB
13574,Armenia_2005,0,482,9,within,within,IN,IN
13575,Armenia_2005,0,482,10,five,five,CD,CD
13576,Armenia_2005,0,482,11,months,months,NNS,NN
13577,Armenia_2005,0,482,12,after,after,IN,IN
13578,Armenia_2005,0,482,13,the,the,DT,DT
13579,Armenia_2005,0,482,14,first,first,JJ,JJ
13580,Armenia_2005,0,482,15,session,session,NN,NN
13581,Armenia_2005,0,482,16,of,of,IN,IN
13582,Armenia_2005,0,482,17,the,the,DT,DT
13583,Armenia_2005,0,482,18,next,next,JJ,JJ
13584,Armenia_2005,0,482,19,legislative,legislative,JJ,JJ
13585,Armenia_2005,0,482,20,period,period,NN,NN
13586,Armenia_2005,0,482,21,of,of,IN,IN
13587,Armenia_2005,0,482,22,the,the,DT,DT
13588,Armenia_2005,0,482,23,National,national,NNP,NN
13589,Armenia_2005,0,482,24,Assembly,assembly,NNP,NN
13590,Armenia_2005,0,483,0,Until,until,IN,IN
13591,Armenia_2005,0,483,1,then,then,RB,RB
13592,Armenia_2005,0,483,3,the,the,DT,DT
13593,Armenia_2005,0,483,4,Audit,audit,NNP,NN
13594,Armenia_2005,0,483,5,Chamber,chamber,NNP,NN
13595,Armenia_2005,0,483,6,shall,shall,MD,MD
13596,Armenia_2005,0,483,7,continue,continue,VB,VB
13597,Armenia_2005,0,483,8,to,to,TO,TO
13598,Armenia_2005,0,483,9,exercise,exercise,VB,VB
13599,Armenia_2005,0,483,10,the,the,DT,DT
13600,Armenia_2005,0,483,11,powers,powers,NNS,NN
13601,Armenia_2005,0,483,12,as,as,IN,IN
13602,Armenia_2005,0,483,13,determined,determined,JJ,JJ
13603,Armenia_2005,0,483,14,prior,prior,NN,NN
13604,Armenia_2005,0,483,15,to,to,TO,TO
13605,Armenia_2005,0,483,16,the,the,DT,DT
13606,Armenia_2005,0,483,17,amendments,amendments,NNS,NN
13607,Armenia_2005,0,483,18,to,to,TO,TO
13608,Armenia_2005,0,483,19,the,the,DT,DT
13609,Armenia_2005,0,483,20,Constitution,constitution,NNP,NN
13610,Armenia_2005,0,484,0,9.The,9the,CD,CD
13611,Armenia_2005,0,484,1,Prosecutor,prosecutor,NNP,NN
13612,Armenia_2005,0,484,2,General,general,NNP,NN
13613,Armenia_2005,0,484,3,shall,shall,MD,MD
13614,Armenia_2005,0,484,4,continue,continue,VB,VB
13615,Armenia_2005,0,484,5,to,to,TO,TO
13616,Armenia_2005,0,484,6,remain,remain,VB,VB
13617,Armenia_2005,0,484,7,in,in,IN,IN
13618,Armenia_2005,0,484,8,office,office,NN,NN
13619,Armenia_2005,0,484,9,for,for,IN,IN
13620,Armenia_2005,0,484,10,no,no,DT,DT
13621,Armenia_2005,0,484,11,more,more,JJR,JJ
13622,Armenia_2005,0,484,12,than,than,IN,IN
13623,Armenia_2005,0,484,13,five,five,CD,CD
13624,Armenia_2005,0,484,14,months,months,NNS,NN
13625,Armenia_2005,0,484,15,after,after,IN,IN
13626,Armenia_2005,0,484,16,the,the,DT,DT
13627,Armenia_2005,0,484,17,day,day,NN,NN
13628,Armenia_2005,0,484,18,of,of,IN,IN
13629,Armenia_2005,0,484,19,the,the,DT,DT
13630,Armenia_2005,0,484,20,opening,opening,NN,NN
13631,Armenia_2005,0,484,21,of,of,IN,IN
13632,Armenia_2005,0,484,22,the,the,DT,DT
13633,Armenia_2005,0,484,23,first,first,JJ,JJ
13634,Armenia_2005,0,484,24,session,session,NN,NN
13635,Armenia_2005,0,484,25,of,of,IN,IN
13636,Armenia_2005,0,484,26,the,the,DT,DT
13637,Armenia_2005,0,484,27,next,next,JJ,JJ
13638,Armenia_2005,0,484,28,legislative,legislative,JJ,JJ
13639,Armenia_2005,0,484,29,period,period,NN,NN
13640,Armenia_2005,0,484,30,of,of,IN,IN
13641,Armenia_2005,0,484,31,the,the,DT,DT
13642,Armenia_2005,0,484,32,National,national,NNP,NN
13643,Armenia_2005,0,484,33,Assembly,assembly,NNP,NN
13644,Armenia_2005,0,484,34,until,until,IN,IN
13645,Armenia_2005,0,484,35,the,the,DT,DT
13646,Armenia_2005,0,484,36,appointment,appointment,NN,NN
13647,Armenia_2005,0,484,37,of,of,IN,IN
13648,Armenia_2005,0,484,38,the,the,DT,DT
13649,Armenia_2005,0,484,39,Prosecutor,prosecutor,NNP,NN
13650,Armenia_2005,0,484,40,General,general,NNP,NN
13651,Armenia_2005,0,484,41,in,in,IN,IN
13652,Armenia_2005,0,484,42,the,the,DT,DT
13653,Armenia_2005,0,484,43,manner,manner,NN,NN
13654,Armenia_2005,0,484,44,prescribed,prescribed,VBN,VB
13655,Armenia_2005,0,484,45,in,in,IN,IN
13656,Armenia_2005,0,484,46,Article,article,NNP,NN
13657,Armenia_2005,0,484,47,55,55,CD,CD
13658,Armenia_2005,0,484,49,Point,point,NNP,NN
13659,Armenia_2005,0,484,50,9,9,CD,CD
13660,Armenia_2005,0,484,51,of,of,IN,IN
13661,Armenia_2005,0,484,52,the,the,DT,DT
13662,Armenia_2005,0,484,53,Constitution,constitution,NNP,NN
13663,Armenia_2005,0,485,0,10.The,10the,CD,CD
13664,Armenia_2005,0,485,1,acting,acting,JJ,JJ
13665,Armenia_2005,0,485,2,judges,judges,NNS,NN
13666,Armenia_2005,0,485,3,and,and,CC,CC
13667,Armenia_2005,0,485,4,legal,legal,JJ,JJ
13668,Armenia_2005,0,485,5,scholars,scholars,NNS,NN
13669,Armenia_2005,0,485,6,of,of,IN,IN
13670,Armenia_2005,0,485,7,the,the,DT,DT
13671,Armenia_2005,0,485,8,Council,council,NNP,NN
13672,Armenia_2005,0,485,9,of,of,IN,IN
13673,Armenia_2005,0,485,10,Justice,justice,NNP,NN
13674,Armenia_2005,0,485,11,shall,shall,MD,MD
13675,Armenia_2005,0,485,12,continue,continue,VB,VB
13676,Armenia_2005,0,485,13,to,to,TO,TO
13677,Armenia_2005,0,485,14,remain,remain,VB,VB
13678,Armenia_2005,0,485,15,in,in,IN,IN
13679,Armenia_2005,0,485,16,office,office,NN,NN
13680,Armenia_2005,0,485,17,until,until,IN,IN
13681,Armenia_2005,0,485,18,the,the,DT,DT
13682,Armenia_2005,0,485,19,expiry,expiry,NN,NN
13683,Armenia_2005,0,485,20,of,of,IN,IN
13684,Armenia_2005,0,485,21,their,their,PRP$,PR
13685,Armenia_2005,0,485,22,term,term,NN,NN
13686,Armenia_2005,0,485,23,of,of,IN,IN
13687,Armenia_2005,0,485,24,office,office,NN,NN
13688,Armenia_2005,0,486,0,The,the,DT,DT
13689,Armenia_2005,0,486,1,National,national,NNP,NN
13690,Armenia_2005,0,486,2,Assembly,assembly,NNP,NN
13691,Armenia_2005,0,486,3,shall,shall,MD,MD
13692,Armenia_2005,0,486,5,within,within,IN,IN
13693,Armenia_2005,0,486,6,three,three,CD,CD
13694,Armenia_2005,0,486,7,months,months,NNS,NN
13695,Armenia_2005,0,486,9,elect,elect,VBP,VB
13696,Armenia_2005,0,486,10,two,two,CD,CD
13697,Armenia_2005,0,486,11,legal,legal,JJ,JJ
13698,Armenia_2005,0,486,12,scholars,scholars,NNS,NN
13699,Armenia_2005,0,486,13,of,of,IN,IN
13700,Armenia_2005,0,486,14,the,the,DT,DT
13701,Armenia_2005,0,486,15,Council,council,NNP,NN
13702,Armenia_2005,0,486,16,of,of,IN,IN
13703,Armenia_2005,0,486,17,Justice,justice,NNP,NN
13704,Armenia_2005,0,487,0,11.The,11the,CD,CD
13705,Armenia_2005,0,487,1,members,members,NNS,NN
13706,Armenia_2005,0,487,2,of,of,IN,IN
13707,Armenia_2005,0,487,3,the,the,DT,DT
13708,Armenia_2005,0,487,4,independent,independent,JJ,JJ
13709,Armenia_2005,0,487,5,body,body,NN,NN
13710,Armenia_2005,0,487,6,provided,provided,VBD,VB
13711,Armenia_2005,0,487,7,for,for,IN,IN
13712,Armenia_2005,0,487,8,in,in,IN,IN
13713,Armenia_2005,0,487,9,Article,article,NNP,NN
13714,Armenia_2005,0,487,10,83.2,832,CD,CD
13715,Armenia_2005,0,487,11,shall,shall,MD,MD
13716,Armenia_2005,0,487,12,continue,continue,VB,VB
13717,Armenia_2005,0,487,13,to,to,TO,TO
13718,Armenia_2005,0,487,14,remain,remain,VB,VB
13719,Armenia_2005,0,487,15,in,in,IN,IN
13720,Armenia_2005,0,487,16,office,office,NN,NN
13721,Armenia_2005,0,487,17,until,until,IN,IN
13722,Armenia_2005,0,487,18,the,the,DT,DT
13723,Armenia_2005,0,487,19,expiry,expiry,NN,NN
13724,Armenia_2005,0,487,20,of,of,IN,IN
13725,Armenia_2005,0,487,21,their,their,PRP$,PR
13726,Armenia_2005,0,487,22,term,term,NN,NN
13727,Armenia_2005,0,487,23,of,of,IN,IN
13728,Armenia_2005,0,487,24,office,office,NN,NN
13729,Armenia_2005,0,487,25,determined,determined,VBN,VB
13730,Armenia_2005,0,487,26,by,by,IN,IN
13731,Armenia_2005,0,487,27,the,the,DT,DT
13732,Armenia_2005,0,487,28,Law,law,NNP,NN
13733,Armenia_2005,0,487,29,on,on,IN,IN
13734,Armenia_2005,0,487,30,TV,tv,NN,NN
13735,Armenia_2005,0,487,31,and,and,CC,CC
13736,Armenia_2005,0,487,32,Radio,radio,NNP,NN
13737,Armenia_2005,0,488,0,Upon,upon,IN,IN
13738,Armenia_2005,0,488,1,expiry,expiry,NN,NN
13739,Armenia_2005,0,488,2,of,of,IN,IN
13740,Armenia_2005,0,488,3,term,term,NN,NN
13741,Armenia_2005,0,488,4,of,of,IN,IN
13742,Armenia_2005,0,488,5,office,office,NN,NN
13743,Armenia_2005,0,488,6,or,or,CC,CC
13744,Armenia_2005,0,488,7,in,in,IN,IN
13745,Armenia_2005,0,488,8,case,case,NN,NN
13746,Armenia_2005,0,488,9,of,of,IN,IN
13747,Armenia_2005,0,488,10,their,their,PRP$,PR
13748,Armenia_2005,0,488,11,early,early,JJ,JJ
13749,Armenia_2005,0,488,12,resignation,resignation,NN,NN
13750,Armenia_2005,0,488,13,or,or,CC,CC
13751,Armenia_2005,0,488,14,dismissal,dismissal,NN,NN
13752,Armenia_2005,0,488,16,new,new,JJ,JJ
13753,Armenia_2005,0,488,17,members,members,NNS,NN
13754,Armenia_2005,0,488,18,shall,shall,MD,MD
13755,Armenia_2005,0,488,19,be,be,VB,VB
13756,Armenia_2005,0,488,20,appointed,appointed,VBN,VB
13757,Armenia_2005,0,488,21,consecutively,consecutively,RB,RB
13758,Armenia_2005,0,488,22,by,by,IN,IN
13759,Armenia_2005,0,488,23,the,the,DT,DT
13760,Armenia_2005,0,488,24,National,national,NNP,NN
13761,Armenia_2005,0,488,25,Assembly,assembly,NNP,NN
13762,Armenia_2005,0,488,26,and,and,CC,CC
13763,Armenia_2005,0,488,27,the,the,DT,DT
13764,Armenia_2005,0,488,28,President,president,NNP,NN
13765,Armenia_2005,0,488,29,of,of,IN,IN
13766,Armenia_2005,0,488,30,the,the,DT,DT
13767,Armenia_2005,0,488,31,Republic,republic,NNP,NN
13768,Armenia_2005,0,489,0,12.The,12the,CD,CD
13769,Armenia_2005,0,489,1,bodies,bodies,NNS,NN
13770,Armenia_2005,0,489,2,of,of,IN,IN
13771,Armenia_2005,0,489,3,the,the,DT,DT
13772,Armenia_2005,0,489,4,local,local,JJ,JJ
13773,Armenia_2005,0,489,5,self-government,selfgovernment,NN,NN
13774,Armenia_2005,0,489,6,in,in,IN,IN
13775,Armenia_2005,0,489,7,the,the,DT,DT
13776,Armenia_2005,0,489,8,city,city,NN,NN
13777,Armenia_2005,0,489,9,of,of,IN,IN
13778,Armenia_2005,0,489,10,Yerevan,yerevan,NNP,NN
13779,Armenia_2005,0,489,11,shall,shall,MD,MD
13780,Armenia_2005,0,489,12,be,be,VB,VB
13781,Armenia_2005,0,489,13,formed,formed,VBN,VB
13782,Armenia_2005,0,489,14,no,no,DT,DT
13783,Armenia_2005,0,489,15,later,later,RBR,RB
13784,Armenia_2005,0,489,16,than,than,IN,IN
13785,Armenia_2005,0,489,17,within,within,IN,IN
13786,Armenia_2005,0,489,18,two,two,CD,CD
13787,Armenia_2005,0,489,19,years,years,NNS,NN
13788,Armenia_2005,0,489,20,after,after,IN,IN
13789,Armenia_2005,0,489,21,the,the,DT,DT
13790,Armenia_2005,0,489,22,adoption,adoption,NN,NN
13791,Armenia_2005,0,489,23,of,of,IN,IN
13792,Armenia_2005,0,489,24,the,the,DT,DT
13793,Armenia_2005,0,489,25,appropriate,appropriate,JJ,JJ
13794,Armenia_2005,0,489,26,law,law,NN,NN
13795,Armenia_2005,0,490,0,Before,before,IN,IN
13796,Armenia_2005,0,490,1,then,then,RB,RB
13797,Armenia_2005,0,490,3,the,the,DT,DT
13798,Armenia_2005,0,490,4,current,current,JJ,JJ
13799,Armenia_2005,0,490,5,order,order,NN,NN
13800,Armenia_2005,0,490,6,for,for,IN,IN
13801,Armenia_2005,0,490,7,the,the,DT,DT
13802,Armenia_2005,0,490,8,local,local,JJ,JJ
13803,Armenia_2005,0,490,9,self-government,selfgovernment,NN,NN
13804,Armenia_2005,0,490,10,and,and,CC,CC
13805,Armenia_2005,0,490,11,territorial,territorial,JJ,JJ
13806,Armenia_2005,0,490,12,administration,administration,NN,NN
13807,Armenia_2005,0,490,13,of,of,IN,IN
13808,Armenia_2005,0,490,14,the,the,DT,DT
13809,Armenia_2005,0,490,15,city,city,NN,NN
13810,Armenia_2005,0,490,16,of,of,IN,IN
13811,Armenia_2005,0,490,17,Yerevan,yerevan,NNP,NN
13812,Armenia_2005,0,490,18,shall,shall,MD,MD
13813,Armenia_2005,0,490,19,remain,remain,VB,VB
13814,Armenia_2005,0,490,20,in,in,IN,IN
13815,Armenia_2005,0,490,21,force,force,NN,NN
13816,Armenia_2005,0,491,0,13.Current,13current,JJ,JJ
13817,Armenia_2005,0,491,1,members,members,NNS,NN
13818,Armenia_2005,0,491,2,of,of,IN,IN
13819,Armenia_2005,0,491,3,the,the,DT,DT
13820,Armenia_2005,0,491,4,Constitutional,constitutional,NNP,NN
13821,Armenia_2005,0,491,5,Court,court,NNP,NN
13822,Armenia_2005,0,491,6,shall,shall,MD,MD
13823,Armenia_2005,0,491,7,remain,remain,VB,VB
13824,Armenia_2005,0,491,8,in,in,IN,IN
13825,Armenia_2005,0,491,9,their,their,PRP$,PR
13826,Armenia_2005,0,491,10,positions,positions,NNS,NN
13827,Armenia_2005,0,491,11,until,until,IN,IN
13828,Armenia_2005,0,491,12,the,the,DT,DT
13829,Armenia_2005,0,491,13,age,age,NN,NN
13830,Armenia_2005,0,491,14,of,of,IN,IN
13831,Armenia_2005,0,491,15,70,70,CD,CD
