,country,para_num,sent_num,token_num,token_str,term_str,pos,pos_group
0,Bosnia_Herzegovina_2009,0,0,0,Bosnia-Herzegovina,bosniaherzegovina,JJ,JJ
1,Bosnia_Herzegovina_2009,0,0,1,1995,1995,CD,CD
2,Bosnia_Herzegovina_2009,0,0,3,rev,rev,NN,NN
3,Bosnia_Herzegovina_2009,0,1,0,2009,2009,CD,CD
4,Bosnia_Herzegovina_2009,0,1,2,Preamble,preamble,NNP,NN
5,Bosnia_Herzegovina_2009,0,1,3,Share,share,NNP,NN
6,Bosnia_Herzegovina_2009,0,1,4,Based,based,VBN,VB
7,Bosnia_Herzegovina_2009,0,1,5,on,on,IN,IN
8,Bosnia_Herzegovina_2009,0,1,6,respect,respect,NN,NN
9,Bosnia_Herzegovina_2009,0,1,7,for,for,IN,IN
10,Bosnia_Herzegovina_2009,0,1,8,human,human,JJ,JJ
11,Bosnia_Herzegovina_2009,0,1,9,dignity,dignity,NN,NN
12,Bosnia_Herzegovina_2009,0,1,11,liberty,liberty,NN,NN
13,Bosnia_Herzegovina_2009,0,1,13,and,and,CC,CC
14,Bosnia_Herzegovina_2009,0,1,14,equality,equality,NN,NN
15,Bosnia_Herzegovina_2009,0,1,16,Dedicated,dedicated,VBN,VB
16,Bosnia_Herzegovina_2009,0,1,17,to,to,TO,TO
17,Bosnia_Herzegovina_2009,0,1,18,peace,peace,NN,NN
18,Bosnia_Herzegovina_2009,0,1,20,justice,justice,NN,NN
19,Bosnia_Herzegovina_2009,0,1,22,tolerance,tolerance,NN,NN
20,Bosnia_Herzegovina_2009,0,1,24,and,and,CC,CC
21,Bosnia_Herzegovina_2009,0,1,25,reconciliation,reconciliation,NN,NN
22,Bosnia_Herzegovina_2009,0,1,27,Convinced,convinced,NNP,NN
23,Bosnia_Herzegovina_2009,0,1,28,that,that,IN,IN
24,Bosnia_Herzegovina_2009,0,1,29,democratic,democratic,JJ,JJ
25,Bosnia_Herzegovina_2009,0,1,30,governmental,governmental,JJ,JJ
26,Bosnia_Herzegovina_2009,0,1,31,institutions,institutions,NNS,NN
27,Bosnia_Herzegovina_2009,0,1,32,and,and,CC,CC
28,Bosnia_Herzegovina_2009,0,1,33,fair,fair,JJ,JJ
29,Bosnia_Herzegovina_2009,0,1,34,procedures,procedures,NNS,NN
30,Bosnia_Herzegovina_2009,0,1,35,best,best,JJS,JJ
31,Bosnia_Herzegovina_2009,0,1,36,produce,produce,VBP,VB
32,Bosnia_Herzegovina_2009,0,1,37,peaceful,peaceful,JJ,JJ
33,Bosnia_Herzegovina_2009,0,1,38,relations,relations,NNS,NN
34,Bosnia_Herzegovina_2009,0,1,39,within,within,IN,IN
35,Bosnia_Herzegovina_2009,0,1,40,a,a,DT,DT
36,Bosnia_Herzegovina_2009,0,1,41,pluralist,pluralist,JJ,JJ
37,Bosnia_Herzegovina_2009,0,1,42,society,society,NN,NN
38,Bosnia_Herzegovina_2009,0,1,44,Desiring,desiring,VBG,VB
39,Bosnia_Herzegovina_2009,0,1,45,to,to,TO,TO
40,Bosnia_Herzegovina_2009,0,1,46,promote,promote,VB,VB
41,Bosnia_Herzegovina_2009,0,1,47,the,the,DT,DT
42,Bosnia_Herzegovina_2009,0,1,48,general,general,JJ,JJ
43,Bosnia_Herzegovina_2009,0,1,49,welfare,welfare,NN,NN
44,Bosnia_Herzegovina_2009,0,1,50,and,and,CC,CC
45,Bosnia_Herzegovina_2009,0,1,51,economic,economic,JJ,JJ
46,Bosnia_Herzegovina_2009,0,1,52,growth,growth,NN,NN
47,Bosnia_Herzegovina_2009,0,1,53,through,through,IN,IN
48,Bosnia_Herzegovina_2009,0,1,54,the,the,DT,DT
49,Bosnia_Herzegovina_2009,0,1,55,protection,protection,NN,NN
50,Bosnia_Herzegovina_2009,0,1,56,of,of,IN,IN
51,Bosnia_Herzegovina_2009,0,1,57,private,private,JJ,JJ
52,Bosnia_Herzegovina_2009,0,1,58,property,property,NN,NN
53,Bosnia_Herzegovina_2009,0,1,59,and,and,CC,CC
54,Bosnia_Herzegovina_2009,0,1,60,the,the,DT,DT
55,Bosnia_Herzegovina_2009,0,1,61,promotion,promotion,NN,NN
56,Bosnia_Herzegovina_2009,0,1,62,of,of,IN,IN
57,Bosnia_Herzegovina_2009,0,1,63,a,a,DT,DT
58,Bosnia_Herzegovina_2009,0,1,64,market,market,NN,NN
59,Bosnia_Herzegovina_2009,0,1,65,economy,economy,NN,NN
60,Bosnia_Herzegovina_2009,0,1,67,Guided,guided,VBN,VB
61,Bosnia_Herzegovina_2009,0,1,68,by,by,IN,IN
62,Bosnia_Herzegovina_2009,0,1,69,the,the,DT,DT
63,Bosnia_Herzegovina_2009,0,1,70,Purposes,purposes,NNS,NN
64,Bosnia_Herzegovina_2009,0,1,71,and,and,CC,CC
65,Bosnia_Herzegovina_2009,0,1,72,Principles,principles,NNS,NN
66,Bosnia_Herzegovina_2009,0,1,73,of,of,IN,IN
67,Bosnia_Herzegovina_2009,0,1,74,the,the,DT,DT
68,Bosnia_Herzegovina_2009,0,1,75,Charter,charter,NNP,NN
69,Bosnia_Herzegovina_2009,0,1,76,of,of,IN,IN
70,Bosnia_Herzegovina_2009,0,1,77,the,the,DT,DT
71,Bosnia_Herzegovina_2009,0,1,78,United,united,NNP,NN
72,Bosnia_Herzegovina_2009,0,1,79,Nations,nations,NNPS,NN
73,Bosnia_Herzegovina_2009,0,1,81,Committed,committed,VBN,VB
74,Bosnia_Herzegovina_2009,0,1,82,to,to,TO,TO
75,Bosnia_Herzegovina_2009,0,1,83,the,the,DT,DT
76,Bosnia_Herzegovina_2009,0,1,84,sovereignty,sovereignty,NN,NN
77,Bosnia_Herzegovina_2009,0,1,86,territorial,territorial,JJ,JJ
78,Bosnia_Herzegovina_2009,0,1,87,integrity,integrity,NN,NN
79,Bosnia_Herzegovina_2009,0,1,89,and,and,CC,CC
80,Bosnia_Herzegovina_2009,0,1,90,political,political,JJ,JJ
81,Bosnia_Herzegovina_2009,0,1,91,independence,independence,NN,NN
82,Bosnia_Herzegovina_2009,0,1,92,of,of,IN,IN
83,Bosnia_Herzegovina_2009,0,1,93,Bosnia,bosnia,NNP,NN
84,Bosnia_Herzegovina_2009,0,1,94,and,and,CC,CC
85,Bosnia_Herzegovina_2009,0,1,95,Herzegovina,herzegovina,NNP,NN
86,Bosnia_Herzegovina_2009,0,1,96,in,in,IN,IN
87,Bosnia_Herzegovina_2009,0,1,97,accordance,accordance,NN,NN
88,Bosnia_Herzegovina_2009,0,1,98,with,with,IN,IN
89,Bosnia_Herzegovina_2009,0,1,99,international,international,JJ,JJ
90,Bosnia_Herzegovina_2009,0,1,100,law,law,NN,NN
91,Bosnia_Herzegovina_2009,0,1,102,Determined,determined,VBN,VB
92,Bosnia_Herzegovina_2009,0,1,103,to,to,TO,TO
93,Bosnia_Herzegovina_2009,0,1,104,ensure,ensure,VB,VB
94,Bosnia_Herzegovina_2009,0,1,105,full,full,JJ,JJ
95,Bosnia_Herzegovina_2009,0,1,106,respect,respect,NN,NN
96,Bosnia_Herzegovina_2009,0,1,107,for,for,IN,IN
97,Bosnia_Herzegovina_2009,0,1,108,international,international,JJ,JJ
98,Bosnia_Herzegovina_2009,0,1,109,humanitarian,humanitarian,JJ,JJ
99,Bosnia_Herzegovina_2009,0,1,110,law,law,NN,NN
100,Bosnia_Herzegovina_2009,0,1,112,Inspired,inspired,VBN,VB
101,Bosnia_Herzegovina_2009,0,1,113,by,by,IN,IN
102,Bosnia_Herzegovina_2009,0,1,114,the,the,DT,DT
103,Bosnia_Herzegovina_2009,0,1,115,Universal,universal,NNP,NN
104,Bosnia_Herzegovina_2009,0,1,116,Declaration,declaration,NNP,NN
105,Bosnia_Herzegovina_2009,0,1,117,of,of,IN,IN
106,Bosnia_Herzegovina_2009,0,1,118,Human,human,NNP,NN
107,Bosnia_Herzegovina_2009,0,1,119,Rights,rights,NNP,NN
108,Bosnia_Herzegovina_2009,0,1,121,the,the,DT,DT
109,Bosnia_Herzegovina_2009,0,1,122,International,international,NNP,NN
110,Bosnia_Herzegovina_2009,0,1,123,Covenants,covenants,NNPS,NN
111,Bosnia_Herzegovina_2009,0,1,124,on,on,IN,IN
112,Bosnia_Herzegovina_2009,0,1,125,Civil,civil,NNP,NN
113,Bosnia_Herzegovina_2009,0,1,126,and,and,CC,CC
114,Bosnia_Herzegovina_2009,0,1,127,Political,political,NNP,NN
115,Bosnia_Herzegovina_2009,0,1,128,Rights,rights,NNP,NN
116,Bosnia_Herzegovina_2009,0,1,129,and,and,CC,CC
117,Bosnia_Herzegovina_2009,0,1,130,on,on,IN,IN
118,Bosnia_Herzegovina_2009,0,1,131,Economic,economic,NNP,NN
119,Bosnia_Herzegovina_2009,0,1,133,Social,social,NNP,NN
120,Bosnia_Herzegovina_2009,0,1,134,and,and,CC,CC
121,Bosnia_Herzegovina_2009,0,1,135,Cultural,cultural,NNP,NN
122,Bosnia_Herzegovina_2009,0,1,136,Rights,rights,NNP,NN
123,Bosnia_Herzegovina_2009,0,1,138,and,and,CC,CC
124,Bosnia_Herzegovina_2009,0,1,139,the,the,DT,DT
125,Bosnia_Herzegovina_2009,0,1,140,Declaration,declaration,NNP,NN
126,Bosnia_Herzegovina_2009,0,1,141,on,on,IN,IN
127,Bosnia_Herzegovina_2009,0,1,142,the,the,DT,DT
128,Bosnia_Herzegovina_2009,0,1,143,Rights,rights,NNPS,NN
129,Bosnia_Herzegovina_2009,0,1,144,of,of,IN,IN
130,Bosnia_Herzegovina_2009,0,1,145,Persons,persons,NNPS,NN
131,Bosnia_Herzegovina_2009,0,1,146,Belonging,belonging,NNP,NN
132,Bosnia_Herzegovina_2009,0,1,147,to,to,TO,TO
133,Bosnia_Herzegovina_2009,0,1,148,National,national,NNP,NN
134,Bosnia_Herzegovina_2009,0,1,149,or,or,CC,CC
135,Bosnia_Herzegovina_2009,0,1,150,Ethnic,ethnic,NNP,NN
136,Bosnia_Herzegovina_2009,0,1,152,Religious,religious,NNP,NN
137,Bosnia_Herzegovina_2009,0,1,153,and,and,CC,CC
138,Bosnia_Herzegovina_2009,0,1,154,Linguistic,linguistic,NNP,NN
139,Bosnia_Herzegovina_2009,0,1,155,Minorities,minorities,NNP,NN
140,Bosnia_Herzegovina_2009,0,1,157,as,as,RB,RB
141,Bosnia_Herzegovina_2009,0,1,158,well,well,RB,RB
142,Bosnia_Herzegovina_2009,0,1,159,as,as,IN,IN
143,Bosnia_Herzegovina_2009,0,1,160,other,other,JJ,JJ
144,Bosnia_Herzegovina_2009,0,1,161,human,human,JJ,JJ
145,Bosnia_Herzegovina_2009,0,1,162,rights,rights,NNS,NN
146,Bosnia_Herzegovina_2009,0,1,163,instruments,instruments,NNS,NN
147,Bosnia_Herzegovina_2009,0,1,165,Recalling,recalling,VBG,VB
148,Bosnia_Herzegovina_2009,0,1,166,the,the,DT,DT
149,Bosnia_Herzegovina_2009,0,1,167,Basic,basic,JJ,JJ
150,Bosnia_Herzegovina_2009,0,1,168,Principles,principles,NNS,NN
151,Bosnia_Herzegovina_2009,0,1,169,agreed,agreed,VBD,VB
152,Bosnia_Herzegovina_2009,0,1,170,in,in,IN,IN
153,Bosnia_Herzegovina_2009,0,1,171,Geneva,geneva,NNP,NN
154,Bosnia_Herzegovina_2009,0,1,172,on,on,IN,IN
155,Bosnia_Herzegovina_2009,0,1,173,September,september,NNP,NN
156,Bosnia_Herzegovina_2009,0,1,174,8,8,CD,CD
157,Bosnia_Herzegovina_2009,0,1,176,1995,1995,CD,CD
158,Bosnia_Herzegovina_2009,0,1,178,and,and,CC,CC
159,Bosnia_Herzegovina_2009,0,1,179,in,in,IN,IN
160,Bosnia_Herzegovina_2009,0,1,180,New,new,NNP,NN
161,Bosnia_Herzegovina_2009,0,1,181,York,york,NNP,NN
162,Bosnia_Herzegovina_2009,0,1,182,on,on,IN,IN
163,Bosnia_Herzegovina_2009,0,1,183,September,september,NNP,NN
164,Bosnia_Herzegovina_2009,0,1,184,26,26,CD,CD
165,Bosnia_Herzegovina_2009,0,1,186,1995,1995,CD,CD
166,Bosnia_Herzegovina_2009,0,1,188,Bosniacs,bosniacs,NNP,NN
167,Bosnia_Herzegovina_2009,0,1,190,Croats,croats,NNP,NN
168,Bosnia_Herzegovina_2009,0,1,192,and,and,CC,CC
169,Bosnia_Herzegovina_2009,0,1,193,Serbs,serbs,NNP,NN
170,Bosnia_Herzegovina_2009,0,1,195,as,as,IN,IN
171,Bosnia_Herzegovina_2009,0,1,196,constituent,constituent,JJ,JJ
172,Bosnia_Herzegovina_2009,0,1,197,peoples,peoples,NNS,NN
173,Bosnia_Herzegovina_2009,0,1,199,along,along,IN,IN
174,Bosnia_Herzegovina_2009,0,1,200,with,with,IN,IN
175,Bosnia_Herzegovina_2009,0,1,201,Others,others,NNP,NN
176,Bosnia_Herzegovina_2009,0,1,204,and,and,CC,CC
177,Bosnia_Herzegovina_2009,0,1,205,citizens,citizens,NNS,NN
178,Bosnia_Herzegovina_2009,0,1,206,of,of,IN,IN
179,Bosnia_Herzegovina_2009,0,1,207,Bosnia,bosnia,NNP,NN
180,Bosnia_Herzegovina_2009,0,1,208,and,and,CC,CC
181,Bosnia_Herzegovina_2009,0,1,209,Herzegovina,herzegovina,NNP,NN
182,Bosnia_Herzegovina_2009,0,1,210,hereby,hereby,VBP,VB
183,Bosnia_Herzegovina_2009,0,1,211,determine,determine,VB,VB
184,Bosnia_Herzegovina_2009,0,1,212,that,that,IN,IN
185,Bosnia_Herzegovina_2009,0,1,213,the,the,DT,DT
186,Bosnia_Herzegovina_2009,0,1,214,Constitution,constitution,NNP,NN
187,Bosnia_Herzegovina_2009,0,1,215,of,of,IN,IN
188,Bosnia_Herzegovina_2009,0,1,216,Bosnia,bosnia,NNP,NN
189,Bosnia_Herzegovina_2009,0,1,217,and,and,CC,CC
190,Bosnia_Herzegovina_2009,0,1,218,Herzegovina,herzegovina,NNP,NN
191,Bosnia_Herzegovina_2009,0,1,219,is,is,VBZ,VB
192,Bosnia_Herzegovina_2009,0,1,220,as,as,IN,IN
193,Bosnia_Herzegovina_2009,0,1,221,follows,follows,VBZ,VB
194,Bosnia_Herzegovina_2009,0,1,223,Article,article,NN,NN
195,Bosnia_Herzegovina_2009,0,1,224,I.,i,NNP,NN
196,Bosnia_Herzegovina_2009,0,1,225,Bosnia,bosnia,NNP,NN
197,Bosnia_Herzegovina_2009,0,1,226,and,and,CC,CC
198,Bosnia_Herzegovina_2009,0,1,227,Herzegovina,herzegovina,NNP,NN
199,Bosnia_Herzegovina_2009,0,1,228,1,1,CD,CD
200,Bosnia_Herzegovina_2009,0,2,0,Continuation,continuation,NN,NN
201,Bosnia_Herzegovina_2009,0,3,0,Share,share,NN,NN
202,Bosnia_Herzegovina_2009,0,3,1,The,the,DT,DT
203,Bosnia_Herzegovina_2009,0,3,2,Republic,republic,NNP,NN
204,Bosnia_Herzegovina_2009,0,3,3,of,of,IN,IN
205,Bosnia_Herzegovina_2009,0,3,4,Bosnia,bosnia,NNP,NN
206,Bosnia_Herzegovina_2009,0,3,5,and,and,CC,CC
207,Bosnia_Herzegovina_2009,0,3,6,Herzegovina,herzegovina,NNP,NN
208,Bosnia_Herzegovina_2009,0,3,8,the,the,DT,DT
209,Bosnia_Herzegovina_2009,0,3,9,official,official,JJ,JJ
210,Bosnia_Herzegovina_2009,0,3,10,name,name,NN,NN
211,Bosnia_Herzegovina_2009,0,3,11,of,of,IN,IN
212,Bosnia_Herzegovina_2009,0,3,12,which,which,WDT,WD
213,Bosnia_Herzegovina_2009,0,3,13,shall,shall,MD,MD
214,Bosnia_Herzegovina_2009,0,3,14,henceforth,henceforth,RB,RB
215,Bosnia_Herzegovina_2009,0,3,15,be,be,VB,VB
216,Bosnia_Herzegovina_2009,0,3,17,Bosnia,bosnia,NNP,NN
217,Bosnia_Herzegovina_2009,0,3,18,and,and,CC,CC
218,Bosnia_Herzegovina_2009,0,3,19,Herzegovina,herzegovina,NNP,NN
219,Bosnia_Herzegovina_2009,0,3,22,shall,shall,MD,MD
220,Bosnia_Herzegovina_2009,0,3,23,continue,continue,VB,VB
221,Bosnia_Herzegovina_2009,0,3,24,its,its,PRP$,PR
222,Bosnia_Herzegovina_2009,0,3,25,legal,legal,JJ,JJ
223,Bosnia_Herzegovina_2009,0,3,26,existence,existence,NN,NN
224,Bosnia_Herzegovina_2009,0,3,27,under,under,IN,IN
225,Bosnia_Herzegovina_2009,0,3,28,international,international,JJ,JJ
226,Bosnia_Herzegovina_2009,0,3,29,law,law,NN,NN
227,Bosnia_Herzegovina_2009,0,3,30,as,as,IN,IN
228,Bosnia_Herzegovina_2009,0,3,31,a,a,DT,DT
229,Bosnia_Herzegovina_2009,0,3,32,state,state,NN,NN
230,Bosnia_Herzegovina_2009,0,3,34,with,with,IN,IN
231,Bosnia_Herzegovina_2009,0,3,35,its,its,PRP$,PR
232,Bosnia_Herzegovina_2009,0,3,36,internal,internal,JJ,JJ
233,Bosnia_Herzegovina_2009,0,3,37,structure,structure,NN,NN
234,Bosnia_Herzegovina_2009,0,3,38,modified,modified,VBD,VB
235,Bosnia_Herzegovina_2009,0,3,39,as,as,IN,IN
236,Bosnia_Herzegovina_2009,0,3,40,provided,provided,VBN,VB
237,Bosnia_Herzegovina_2009,0,3,41,herein,herein,NN,NN
238,Bosnia_Herzegovina_2009,0,3,42,and,and,CC,CC
239,Bosnia_Herzegovina_2009,0,3,43,with,with,IN,IN
240,Bosnia_Herzegovina_2009,0,3,44,its,its,PRP$,PR
241,Bosnia_Herzegovina_2009,0,3,45,present,present,JJ,JJ
242,Bosnia_Herzegovina_2009,0,3,46,internationally,internationally,RB,RB
243,Bosnia_Herzegovina_2009,0,3,47,recognized,recognized,VBN,VB
244,Bosnia_Herzegovina_2009,0,3,48,borders,borders,NNS,NN
245,Bosnia_Herzegovina_2009,0,4,0,It,it,PRP,PR
246,Bosnia_Herzegovina_2009,0,4,1,shall,shall,MD,MD
247,Bosnia_Herzegovina_2009,0,4,2,remain,remain,VB,VB
248,Bosnia_Herzegovina_2009,0,4,3,a,a,DT,DT
249,Bosnia_Herzegovina_2009,0,4,4,Member,member,NNP,NN
250,Bosnia_Herzegovina_2009,0,4,5,State,state,NNP,NN
251,Bosnia_Herzegovina_2009,0,4,6,of,of,IN,IN
252,Bosnia_Herzegovina_2009,0,4,7,the,the,DT,DT
253,Bosnia_Herzegovina_2009,0,4,8,United,united,NNP,NN
254,Bosnia_Herzegovina_2009,0,4,9,Nations,nations,NNPS,NN
255,Bosnia_Herzegovina_2009,0,4,10,and,and,CC,CC
256,Bosnia_Herzegovina_2009,0,4,11,may,may,MD,MD
257,Bosnia_Herzegovina_2009,0,4,12,as,as,IN,IN
258,Bosnia_Herzegovina_2009,0,4,13,Bosnia,bosnia,NNP,NN
259,Bosnia_Herzegovina_2009,0,4,14,and,and,CC,CC
260,Bosnia_Herzegovina_2009,0,4,15,Herzegovina,herzegovina,NNP,NN
261,Bosnia_Herzegovina_2009,0,4,16,maintain,maintain,VBP,VB
262,Bosnia_Herzegovina_2009,0,4,17,or,or,CC,CC
263,Bosnia_Herzegovina_2009,0,4,18,apply,apply,VBP,VB
264,Bosnia_Herzegovina_2009,0,4,19,for,for,IN,IN
265,Bosnia_Herzegovina_2009,0,4,20,membership,membership,NN,NN
266,Bosnia_Herzegovina_2009,0,4,21,in,in,IN,IN
267,Bosnia_Herzegovina_2009,0,4,22,organizations,organizations,NNS,NN
268,Bosnia_Herzegovina_2009,0,4,23,within,within,IN,IN
269,Bosnia_Herzegovina_2009,0,4,24,the,the,DT,DT
270,Bosnia_Herzegovina_2009,0,4,25,United,united,NNP,NN
271,Bosnia_Herzegovina_2009,0,4,26,Nations,nations,NNP,NN
272,Bosnia_Herzegovina_2009,0,4,27,system,system,NN,NN
273,Bosnia_Herzegovina_2009,0,4,28,and,and,CC,CC
274,Bosnia_Herzegovina_2009,0,4,29,other,other,JJ,JJ
275,Bosnia_Herzegovina_2009,0,4,30,international,international,JJ,JJ
276,Bosnia_Herzegovina_2009,0,4,31,organizations,organizations,NNS,NN
277,Bosnia_Herzegovina_2009,0,5,0,2,2,CD,CD
278,Bosnia_Herzegovina_2009,0,6,0,Democratic,democratic,JJ,JJ
279,Bosnia_Herzegovina_2009,0,6,1,Principles,principles,NNS,NN
280,Bosnia_Herzegovina_2009,0,7,0,Share,share,NNP,NN
281,Bosnia_Herzegovina_2009,0,7,1,Bosnia,bosnia,NNP,NN
282,Bosnia_Herzegovina_2009,0,7,2,and,and,CC,CC
283,Bosnia_Herzegovina_2009,0,7,3,Herzegovina,herzegovina,NNP,NN
284,Bosnia_Herzegovina_2009,0,7,4,shall,shall,MD,MD
285,Bosnia_Herzegovina_2009,0,7,5,be,be,VB,VB
286,Bosnia_Herzegovina_2009,0,7,6,a,a,DT,DT
287,Bosnia_Herzegovina_2009,0,7,7,democratic,democratic,JJ,JJ
288,Bosnia_Herzegovina_2009,0,7,8,state,state,NN,NN
289,Bosnia_Herzegovina_2009,0,7,10,which,which,WDT,WD
290,Bosnia_Herzegovina_2009,0,7,11,shall,shall,MD,MD
291,Bosnia_Herzegovina_2009,0,7,12,operate,operate,VB,VB
292,Bosnia_Herzegovina_2009,0,7,13,under,under,IN,IN
293,Bosnia_Herzegovina_2009,0,7,14,the,the,DT,DT
294,Bosnia_Herzegovina_2009,0,7,15,rule,rule,NN,NN
295,Bosnia_Herzegovina_2009,0,7,16,of,of,IN,IN
296,Bosnia_Herzegovina_2009,0,7,17,law,law,NN,NN
297,Bosnia_Herzegovina_2009,0,7,18,and,and,CC,CC
298,Bosnia_Herzegovina_2009,0,7,19,with,with,IN,IN
299,Bosnia_Herzegovina_2009,0,7,20,free,free,JJ,JJ
300,Bosnia_Herzegovina_2009,0,7,21,and,and,CC,CC
301,Bosnia_Herzegovina_2009,0,7,22,democratic,democratic,JJ,JJ
302,Bosnia_Herzegovina_2009,0,7,23,elections,elections,NNS,NN
303,Bosnia_Herzegovina_2009,0,8,0,3,3,CD,CD
304,Bosnia_Herzegovina_2009,0,9,0,Composition,composition,NN,NN
305,Bosnia_Herzegovina_2009,0,10,0,Share,share,NNP,NN
306,Bosnia_Herzegovina_2009,0,10,1,Bosnia,bosnia,NNP,NN
307,Bosnia_Herzegovina_2009,0,10,2,and,and,CC,CC
308,Bosnia_Herzegovina_2009,0,10,3,Herzegovina,herzegovina,NNP,NN
309,Bosnia_Herzegovina_2009,0,10,4,shall,shall,MD,MD
310,Bosnia_Herzegovina_2009,0,10,5,consist,consist,VB,VB
311,Bosnia_Herzegovina_2009,0,10,6,of,of,IN,IN
312,Bosnia_Herzegovina_2009,0,10,7,the,the,DT,DT
313,Bosnia_Herzegovina_2009,0,10,8,two,two,CD,CD
314,Bosnia_Herzegovina_2009,0,10,9,Entities,entities,NNS,NN
315,Bosnia_Herzegovina_2009,0,10,11,the,the,DT,DT
316,Bosnia_Herzegovina_2009,0,10,12,Federation,federation,NNP,NN
317,Bosnia_Herzegovina_2009,0,10,13,of,of,IN,IN
318,Bosnia_Herzegovina_2009,0,10,14,Bosnia,bosnia,NNP,NN
319,Bosnia_Herzegovina_2009,0,10,15,and,and,CC,CC
320,Bosnia_Herzegovina_2009,0,10,16,Herzegovina,herzegovina,NNP,NN
321,Bosnia_Herzegovina_2009,0,10,17,and,and,CC,CC
322,Bosnia_Herzegovina_2009,0,10,18,the,the,DT,DT
323,Bosnia_Herzegovina_2009,0,10,19,Republika,republika,NNP,NN
324,Bosnia_Herzegovina_2009,0,10,20,Srpska,srpska,NNP,NN
325,Bosnia_Herzegovina_2009,0,10,22,hereinafter,hereinafter,RBR,RB
326,Bosnia_Herzegovina_2009,0,10,24,the,the,DT,DT
327,Bosnia_Herzegovina_2009,0,10,25,Entities,entities,NNP,NN
328,Bosnia_Herzegovina_2009,0,11,0,4,4,CD,CD
329,Bosnia_Herzegovina_2009,0,12,0,Movement,movement,NN,NN
330,Bosnia_Herzegovina_2009,0,12,1,of,of,IN,IN
331,Bosnia_Herzegovina_2009,0,12,2,Goods,goods,NNP,NN
332,Bosnia_Herzegovina_2009,0,13,0,Share,share,NN,NN
333,Bosnia_Herzegovina_2009,0,13,1,Services,services,NNPS,NN
334,Bosnia_Herzegovina_2009,0,14,0,Capital,capital,NN,NN
335,Bosnia_Herzegovina_2009,0,15,0,and,and,CC,CC
336,Bosnia_Herzegovina_2009,0,15,1,Persons,persons,NNP,NN
337,Bosnia_Herzegovina_2009,0,16,0,There,there,EX,EX
338,Bosnia_Herzegovina_2009,0,16,1,shall,shall,MD,MD
339,Bosnia_Herzegovina_2009,0,16,2,be,be,VB,VB
340,Bosnia_Herzegovina_2009,0,16,3,freedom,freedom,NN,NN
341,Bosnia_Herzegovina_2009,0,16,4,of,of,IN,IN
342,Bosnia_Herzegovina_2009,0,16,5,movement,movement,NN,NN
343,Bosnia_Herzegovina_2009,0,16,6,throughout,throughout,IN,IN
344,Bosnia_Herzegovina_2009,0,16,7,Bosnia,bosnia,NNP,NN
345,Bosnia_Herzegovina_2009,0,16,8,and,and,CC,CC
346,Bosnia_Herzegovina_2009,0,16,9,Herzegovina,herzegovina,NNP,NN
347,Bosnia_Herzegovina_2009,0,17,0,Bosnia,bosnia,NNP,NN
348,Bosnia_Herzegovina_2009,0,17,1,and,and,CC,CC
349,Bosnia_Herzegovina_2009,0,17,2,Herzegovina,herzegovina,NNP,NN
350,Bosnia_Herzegovina_2009,0,17,3,and,and,CC,CC
351,Bosnia_Herzegovina_2009,0,17,4,the,the,DT,DT
352,Bosnia_Herzegovina_2009,0,17,5,Entities,entities,NNPS,NN
353,Bosnia_Herzegovina_2009,0,17,6,shall,shall,MD,MD
354,Bosnia_Herzegovina_2009,0,17,7,not,not,RB,RB
355,Bosnia_Herzegovina_2009,0,17,8,impede,impede,VB,VB
356,Bosnia_Herzegovina_2009,0,17,9,full,full,JJ,JJ
357,Bosnia_Herzegovina_2009,0,17,10,freedom,freedom,NN,NN
358,Bosnia_Herzegovina_2009,0,17,11,of,of,IN,IN
359,Bosnia_Herzegovina_2009,0,17,12,movement,movement,NN,NN
360,Bosnia_Herzegovina_2009,0,17,13,of,of,IN,IN
361,Bosnia_Herzegovina_2009,0,17,14,persons,persons,NNS,NN
362,Bosnia_Herzegovina_2009,0,17,16,goods,goods,NNS,NN
363,Bosnia_Herzegovina_2009,0,17,18,services,services,NNS,NN
364,Bosnia_Herzegovina_2009,0,17,20,and,and,CC,CC
365,Bosnia_Herzegovina_2009,0,17,21,capital,capital,NN,NN
366,Bosnia_Herzegovina_2009,0,17,22,throughout,throughout,IN,IN
367,Bosnia_Herzegovina_2009,0,17,23,Bosnia,bosnia,NNP,NN
368,Bosnia_Herzegovina_2009,0,17,24,and,and,CC,CC
369,Bosnia_Herzegovina_2009,0,17,25,Herzegovina,herzegovina,NNP,NN
370,Bosnia_Herzegovina_2009,0,18,0,Neither,neither,DT,DT
371,Bosnia_Herzegovina_2009,0,18,1,Entity,entity,NNP,NN
372,Bosnia_Herzegovina_2009,0,18,2,shall,shall,MD,MD
373,Bosnia_Herzegovina_2009,0,18,3,establish,establish,VB,VB
374,Bosnia_Herzegovina_2009,0,18,4,controls,controls,NNS,NN
375,Bosnia_Herzegovina_2009,0,18,5,at,at,IN,IN
376,Bosnia_Herzegovina_2009,0,18,6,the,the,DT,DT
377,Bosnia_Herzegovina_2009,0,18,7,boundary,boundary,NN,NN
378,Bosnia_Herzegovina_2009,0,18,8,between,between,IN,IN
379,Bosnia_Herzegovina_2009,0,18,9,the,the,DT,DT
380,Bosnia_Herzegovina_2009,0,18,10,Entities,entities,NNS,NN
381,Bosnia_Herzegovina_2009,0,19,0,5,5,CD,CD
382,Bosnia_Herzegovina_2009,0,20,0,Capital,capital,NN,NN
383,Bosnia_Herzegovina_2009,0,21,0,Share,share,NN,NN
384,Bosnia_Herzegovina_2009,0,21,1,The,the,DT,DT
385,Bosnia_Herzegovina_2009,0,21,2,capital,capital,NN,NN
386,Bosnia_Herzegovina_2009,0,21,3,of,of,IN,IN
387,Bosnia_Herzegovina_2009,0,21,4,Bosnia,bosnia,NNP,NN
388,Bosnia_Herzegovina_2009,0,21,5,and,and,CC,CC
389,Bosnia_Herzegovina_2009,0,21,6,Herzegovina,herzegovina,NNP,NN
390,Bosnia_Herzegovina_2009,0,21,7,shall,shall,MD,MD
391,Bosnia_Herzegovina_2009,0,21,8,be,be,VB,VB
392,Bosnia_Herzegovina_2009,0,21,9,Sarajevo,sarajevo,NNP,NN
393,Bosnia_Herzegovina_2009,0,22,0,6,6,CD,CD
394,Bosnia_Herzegovina_2009,0,23,0,Symbols,symbols,NNS,NN
395,Bosnia_Herzegovina_2009,0,24,0,Share,share,NNP,NN
396,Bosnia_Herzegovina_2009,0,24,1,Bosnia,bosnia,NNP,NN
397,Bosnia_Herzegovina_2009,0,24,2,and,and,CC,CC
398,Bosnia_Herzegovina_2009,0,24,3,Herzegovina,herzegovina,NNP,NN
399,Bosnia_Herzegovina_2009,0,24,4,shall,shall,MD,MD
400,Bosnia_Herzegovina_2009,0,24,5,have,have,VB,VB
401,Bosnia_Herzegovina_2009,0,24,6,such,such,JJ,JJ
402,Bosnia_Herzegovina_2009,0,24,7,symbols,symbols,NNS,NN
403,Bosnia_Herzegovina_2009,0,24,8,as,as,IN,IN
404,Bosnia_Herzegovina_2009,0,24,9,are,are,VBP,VB
405,Bosnia_Herzegovina_2009,0,24,10,decided,decided,VBN,VB
406,Bosnia_Herzegovina_2009,0,24,11,by,by,IN,IN
407,Bosnia_Herzegovina_2009,0,24,12,its,its,PRP$,PR
408,Bosnia_Herzegovina_2009,0,24,13,Parliamentary,parliamentary,NNP,NN
409,Bosnia_Herzegovina_2009,0,24,14,Assembly,assembly,NNP,NN
410,Bosnia_Herzegovina_2009,0,24,15,and,and,CC,CC
411,Bosnia_Herzegovina_2009,0,24,16,approved,approved,VBN,VB
412,Bosnia_Herzegovina_2009,0,24,17,by,by,IN,IN
413,Bosnia_Herzegovina_2009,0,24,18,the,the,DT,DT
414,Bosnia_Herzegovina_2009,0,24,19,Presidency,presidency,NNP,NN
415,Bosnia_Herzegovina_2009,0,25,0,7,7,CD,CD
416,Bosnia_Herzegovina_2009,0,26,0,Citizenship,citizenship,NN,NN
417,Bosnia_Herzegovina_2009,0,27,0,Share,share,NN,NN
418,Bosnia_Herzegovina_2009,0,27,1,There,there,EX,EX
419,Bosnia_Herzegovina_2009,0,27,2,shall,shall,MD,MD
420,Bosnia_Herzegovina_2009,0,27,3,be,be,VB,VB
421,Bosnia_Herzegovina_2009,0,27,4,a,a,DT,DT
422,Bosnia_Herzegovina_2009,0,27,5,citizenship,citizenship,NN,NN
423,Bosnia_Herzegovina_2009,0,27,6,of,of,IN,IN
424,Bosnia_Herzegovina_2009,0,27,7,Bosnia,bosnia,NNP,NN
425,Bosnia_Herzegovina_2009,0,27,8,and,and,CC,CC
426,Bosnia_Herzegovina_2009,0,27,9,Herzegovina,herzegovina,NNP,NN
427,Bosnia_Herzegovina_2009,0,27,11,to,to,TO,TO
428,Bosnia_Herzegovina_2009,0,27,12,be,be,VB,VB
429,Bosnia_Herzegovina_2009,0,27,13,regulated,regulated,VBN,VB
430,Bosnia_Herzegovina_2009,0,27,14,by,by,IN,IN
431,Bosnia_Herzegovina_2009,0,27,15,the,the,DT,DT
432,Bosnia_Herzegovina_2009,0,27,16,Parliamentary,parliamentary,NNP,NN
433,Bosnia_Herzegovina_2009,0,27,17,Assembly,assembly,NNP,NN
434,Bosnia_Herzegovina_2009,0,27,19,and,and,CC,CC
435,Bosnia_Herzegovina_2009,0,27,20,a,a,DT,DT
436,Bosnia_Herzegovina_2009,0,27,21,citizenship,citizenship,NN,NN
437,Bosnia_Herzegovina_2009,0,27,22,of,of,IN,IN
438,Bosnia_Herzegovina_2009,0,27,23,each,each,DT,DT
439,Bosnia_Herzegovina_2009,0,27,24,Entity,entity,NNP,NN
440,Bosnia_Herzegovina_2009,0,27,26,to,to,TO,TO
441,Bosnia_Herzegovina_2009,0,27,27,be,be,VB,VB
442,Bosnia_Herzegovina_2009,0,27,28,regulated,regulated,VBN,VB
443,Bosnia_Herzegovina_2009,0,27,29,by,by,IN,IN
444,Bosnia_Herzegovina_2009,0,27,30,each,each,DT,DT
445,Bosnia_Herzegovina_2009,0,27,31,Entity,entity,NNP,NN
446,Bosnia_Herzegovina_2009,0,27,33,provided,provided,VBD,VB
447,Bosnia_Herzegovina_2009,0,27,34,that,that,IN,IN
448,Bosnia_Herzegovina_2009,0,27,36,a.All,aall,NN,NN
449,Bosnia_Herzegovina_2009,0,27,37,citizens,citizens,NNS,NN
450,Bosnia_Herzegovina_2009,0,27,38,of,of,IN,IN
451,Bosnia_Herzegovina_2009,0,27,39,either,either,DT,DT
452,Bosnia_Herzegovina_2009,0,27,40,Entity,entity,NNP,NN
453,Bosnia_Herzegovina_2009,0,27,41,are,are,VBP,VB
454,Bosnia_Herzegovina_2009,0,27,42,thereby,thereby,RB,RB
455,Bosnia_Herzegovina_2009,0,27,43,citizens,citizens,NNS,NN
456,Bosnia_Herzegovina_2009,0,27,44,of,of,IN,IN
457,Bosnia_Herzegovina_2009,0,27,45,Bosnia,bosnia,NNP,NN
458,Bosnia_Herzegovina_2009,0,27,46,and,and,CC,CC
459,Bosnia_Herzegovina_2009,0,27,47,Herzegovina,herzegovina,NNP,NN
460,Bosnia_Herzegovina_2009,0,28,0,b.No,bno,NN,NN
461,Bosnia_Herzegovina_2009,0,28,1,person,person,NN,NN
462,Bosnia_Herzegovina_2009,0,28,2,shall,shall,MD,MD
463,Bosnia_Herzegovina_2009,0,28,3,be,be,VB,VB
464,Bosnia_Herzegovina_2009,0,28,4,deprived,deprived,VBN,VB
465,Bosnia_Herzegovina_2009,0,28,5,of,of,IN,IN
466,Bosnia_Herzegovina_2009,0,28,6,Bosnia,bosnia,NNP,NN
467,Bosnia_Herzegovina_2009,0,28,7,and,and,CC,CC
468,Bosnia_Herzegovina_2009,0,28,8,Herzegovina,herzegovina,NNP,NN
469,Bosnia_Herzegovina_2009,0,28,9,or,or,CC,CC
470,Bosnia_Herzegovina_2009,0,28,10,Entity,entity,NNP,NN
471,Bosnia_Herzegovina_2009,0,28,11,citizenship,citizenship,VBP,VB
472,Bosnia_Herzegovina_2009,0,28,12,arbitrarily,arbitrarily,RB,RB
473,Bosnia_Herzegovina_2009,0,28,13,or,or,CC,CC
474,Bosnia_Herzegovina_2009,0,28,14,so,so,RB,RB
475,Bosnia_Herzegovina_2009,0,28,15,as,as,IN,IN
476,Bosnia_Herzegovina_2009,0,28,16,to,to,TO,TO
477,Bosnia_Herzegovina_2009,0,28,17,leave,leave,VB,VB
478,Bosnia_Herzegovina_2009,0,28,18,him,him,PRP,PR
479,Bosnia_Herzegovina_2009,0,28,19,or,or,CC,CC
480,Bosnia_Herzegovina_2009,0,28,20,her,her,PRP$,PR
481,Bosnia_Herzegovina_2009,0,28,21,stateless,stateless,NN,NN
482,Bosnia_Herzegovina_2009,0,29,0,No,no,DT,DT
483,Bosnia_Herzegovina_2009,0,29,1,person,person,NN,NN
484,Bosnia_Herzegovina_2009,0,29,2,shall,shall,MD,MD
485,Bosnia_Herzegovina_2009,0,29,3,be,be,VB,VB
486,Bosnia_Herzegovina_2009,0,29,4,deprived,deprived,VBN,VB
487,Bosnia_Herzegovina_2009,0,29,5,of,of,IN,IN
488,Bosnia_Herzegovina_2009,0,29,6,Bosnia,bosnia,NNP,NN
489,Bosnia_Herzegovina_2009,0,29,7,and,and,CC,CC
490,Bosnia_Herzegovina_2009,0,29,8,Herzegovina,herzegovina,NNP,NN
491,Bosnia_Herzegovina_2009,0,29,9,or,or,CC,CC
492,Bosnia_Herzegovina_2009,0,29,10,Entity,entity,NNP,NN
493,Bosnia_Herzegovina_2009,0,29,11,citizenship,citizenship,VBP,VB
494,Bosnia_Herzegovina_2009,0,29,12,on,on,IN,IN
495,Bosnia_Herzegovina_2009,0,29,13,any,any,DT,DT
496,Bosnia_Herzegovina_2009,0,29,14,ground,ground,NN,NN
497,Bosnia_Herzegovina_2009,0,29,15,such,such,JJ,JJ
498,Bosnia_Herzegovina_2009,0,29,16,as,as,IN,IN
499,Bosnia_Herzegovina_2009,0,29,17,sex,sex,NN,NN
500,Bosnia_Herzegovina_2009,0,29,19,race,race,NN,NN
501,Bosnia_Herzegovina_2009,0,29,21,color,color,NN,NN
502,Bosnia_Herzegovina_2009,0,29,23,language,language,NN,NN
503,Bosnia_Herzegovina_2009,0,29,25,religion,religion,NN,NN
504,Bosnia_Herzegovina_2009,0,29,27,political,political,JJ,JJ
505,Bosnia_Herzegovina_2009,0,29,28,or,or,CC,CC
506,Bosnia_Herzegovina_2009,0,29,29,other,other,JJ,JJ
507,Bosnia_Herzegovina_2009,0,29,30,opinion,opinion,NN,NN
508,Bosnia_Herzegovina_2009,0,29,32,national,national,JJ,JJ
509,Bosnia_Herzegovina_2009,0,29,33,or,or,CC,CC
510,Bosnia_Herzegovina_2009,0,29,34,social,social,JJ,JJ
511,Bosnia_Herzegovina_2009,0,29,35,origin,origin,NN,NN
512,Bosnia_Herzegovina_2009,0,29,37,association,association,NN,NN
513,Bosnia_Herzegovina_2009,0,29,38,with,with,IN,IN
514,Bosnia_Herzegovina_2009,0,29,39,a,a,DT,DT
515,Bosnia_Herzegovina_2009,0,29,40,national,national,JJ,JJ
516,Bosnia_Herzegovina_2009,0,29,41,minority,minority,NN,NN
517,Bosnia_Herzegovina_2009,0,29,43,property,property,NN,NN
518,Bosnia_Herzegovina_2009,0,29,45,birth,birth,NN,NN
519,Bosnia_Herzegovina_2009,0,29,46,or,or,CC,CC
520,Bosnia_Herzegovina_2009,0,29,47,other,other,JJ,JJ
521,Bosnia_Herzegovina_2009,0,29,48,status,status,NN,NN
522,Bosnia_Herzegovina_2009,0,30,0,c.All,call,JJ,JJ
523,Bosnia_Herzegovina_2009,0,30,1,persons,persons,NNS,NN
524,Bosnia_Herzegovina_2009,0,30,2,who,who,WP,WP
525,Bosnia_Herzegovina_2009,0,30,3,were,were,VBD,VB
526,Bosnia_Herzegovina_2009,0,30,4,citizens,citizens,NNS,NN
527,Bosnia_Herzegovina_2009,0,30,5,of,of,IN,IN
528,Bosnia_Herzegovina_2009,0,30,6,the,the,DT,DT
529,Bosnia_Herzegovina_2009,0,30,7,Republic,republic,NNP,NN
530,Bosnia_Herzegovina_2009,0,30,8,of,of,IN,IN
531,Bosnia_Herzegovina_2009,0,30,9,Bosnia,bosnia,NNP,NN
532,Bosnia_Herzegovina_2009,0,30,10,and,and,CC,CC
533,Bosnia_Herzegovina_2009,0,30,11,Herzegovina,herzegovina,NNP,NN
534,Bosnia_Herzegovina_2009,0,30,12,immediately,immediately,RB,RB
535,Bosnia_Herzegovina_2009,0,30,13,prior,prior,RB,RB
536,Bosnia_Herzegovina_2009,0,30,14,to,to,TO,TO
537,Bosnia_Herzegovina_2009,0,30,15,the,the,DT,DT
538,Bosnia_Herzegovina_2009,0,30,16,entry,entry,NN,NN
539,Bosnia_Herzegovina_2009,0,30,17,into,into,IN,IN
540,Bosnia_Herzegovina_2009,0,30,18,force,force,NN,NN
541,Bosnia_Herzegovina_2009,0,30,19,of,of,IN,IN
542,Bosnia_Herzegovina_2009,0,30,20,this,this,DT,DT
543,Bosnia_Herzegovina_2009,0,30,21,Constitution,constitution,NNP,NN
544,Bosnia_Herzegovina_2009,0,30,22,are,are,VBP,VB
545,Bosnia_Herzegovina_2009,0,30,23,citizens,citizens,NNS,NN
546,Bosnia_Herzegovina_2009,0,30,24,of,of,IN,IN
547,Bosnia_Herzegovina_2009,0,30,25,Bosnia,bosnia,NNP,NN
548,Bosnia_Herzegovina_2009,0,30,26,and,and,CC,CC
549,Bosnia_Herzegovina_2009,0,30,27,Herzegovina,herzegovina,NNP,NN
550,Bosnia_Herzegovina_2009,0,31,0,The,the,DT,DT
551,Bosnia_Herzegovina_2009,0,31,1,citizenship,citizenship,NN,NN
552,Bosnia_Herzegovina_2009,0,31,2,of,of,IN,IN
553,Bosnia_Herzegovina_2009,0,31,3,persons,persons,NNS,NN
554,Bosnia_Herzegovina_2009,0,31,4,who,who,WP,WP
555,Bosnia_Herzegovina_2009,0,31,5,were,were,VBD,VB
556,Bosnia_Herzegovina_2009,0,31,6,naturalized,naturalized,VBN,VB
557,Bosnia_Herzegovina_2009,0,31,7,after,after,IN,IN
558,Bosnia_Herzegovina_2009,0,31,8,April,april,NNP,NN
559,Bosnia_Herzegovina_2009,0,31,9,6,6,CD,CD
560,Bosnia_Herzegovina_2009,0,31,11,1992,1992,CD,CD
561,Bosnia_Herzegovina_2009,0,31,12,and,and,CC,CC
562,Bosnia_Herzegovina_2009,0,31,13,before,before,IN,IN
563,Bosnia_Herzegovina_2009,0,31,14,the,the,DT,DT
564,Bosnia_Herzegovina_2009,0,31,15,entry,entry,NN,NN
565,Bosnia_Herzegovina_2009,0,31,16,into,into,IN,IN
566,Bosnia_Herzegovina_2009,0,31,17,force,force,NN,NN
567,Bosnia_Herzegovina_2009,0,31,18,of,of,IN,IN
568,Bosnia_Herzegovina_2009,0,31,19,this,this,DT,DT
569,Bosnia_Herzegovina_2009,0,31,20,Constitution,constitution,NNP,NN
570,Bosnia_Herzegovina_2009,0,31,21,will,will,MD,MD
571,Bosnia_Herzegovina_2009,0,31,22,be,be,VB,VB
572,Bosnia_Herzegovina_2009,0,31,23,regulated,regulated,VBN,VB
573,Bosnia_Herzegovina_2009,0,31,24,by,by,IN,IN
574,Bosnia_Herzegovina_2009,0,31,25,the,the,DT,DT
575,Bosnia_Herzegovina_2009,0,31,26,Parliamentary,parliamentary,NNP,NN
576,Bosnia_Herzegovina_2009,0,31,27,Assembly,assembly,NNP,NN
577,Bosnia_Herzegovina_2009,0,32,0,d.Citizens,dcitizens,NNS,NN
578,Bosnia_Herzegovina_2009,0,32,1,of,of,IN,IN
579,Bosnia_Herzegovina_2009,0,32,2,Bosnia,bosnia,NNP,NN
580,Bosnia_Herzegovina_2009,0,32,3,and,and,CC,CC
581,Bosnia_Herzegovina_2009,0,32,4,Herzegovina,herzegovina,NNP,NN
582,Bosnia_Herzegovina_2009,0,32,5,may,may,MD,MD
583,Bosnia_Herzegovina_2009,0,32,6,hold,hold,VB,VB
584,Bosnia_Herzegovina_2009,0,32,7,the,the,DT,DT
585,Bosnia_Herzegovina_2009,0,32,8,citizenship,citizenship,NN,NN
586,Bosnia_Herzegovina_2009,0,32,9,of,of,IN,IN
587,Bosnia_Herzegovina_2009,0,32,10,another,another,DT,DT
588,Bosnia_Herzegovina_2009,0,32,11,state,state,NN,NN
589,Bosnia_Herzegovina_2009,0,32,13,provided,provided,VBD,VB
590,Bosnia_Herzegovina_2009,0,32,14,that,that,IN,IN
591,Bosnia_Herzegovina_2009,0,32,15,there,there,EX,EX
592,Bosnia_Herzegovina_2009,0,32,16,is,is,VBZ,VB
593,Bosnia_Herzegovina_2009,0,32,17,a,a,DT,DT
594,Bosnia_Herzegovina_2009,0,32,18,bilateral,bilateral,JJ,JJ
595,Bosnia_Herzegovina_2009,0,32,19,agreement,agreement,NN,NN
596,Bosnia_Herzegovina_2009,0,32,21,approved,approved,VBN,VB
597,Bosnia_Herzegovina_2009,0,32,22,by,by,IN,IN
598,Bosnia_Herzegovina_2009,0,32,23,the,the,DT,DT
599,Bosnia_Herzegovina_2009,0,32,24,Parliamentary,parliamentary,NNP,NN
600,Bosnia_Herzegovina_2009,0,32,25,Assembly,assembly,NNP,NN
601,Bosnia_Herzegovina_2009,0,32,26,in,in,IN,IN
602,Bosnia_Herzegovina_2009,0,32,27,accordance,accordance,NN,NN
603,Bosnia_Herzegovina_2009,0,32,28,with,with,IN,IN
604,Bosnia_Herzegovina_2009,0,32,29,Article,article,NNP,NN
605,Bosnia_Herzegovina_2009,0,32,30,IV,iv,NNP,NN
606,Bosnia_Herzegovina_2009,0,32,32,4,4,CD,CD
607,Bosnia_Herzegovina_2009,0,32,35,d,d,NN,NN
608,Bosnia_Herzegovina_2009,0,32,38,between,between,IN,IN
609,Bosnia_Herzegovina_2009,0,32,39,Bosnia,bosnia,NNP,NN
610,Bosnia_Herzegovina_2009,0,32,40,and,and,CC,CC
611,Bosnia_Herzegovina_2009,0,32,41,Herzegovina,herzegovina,NNP,NN
612,Bosnia_Herzegovina_2009,0,32,42,and,and,CC,CC
613,Bosnia_Herzegovina_2009,0,32,43,that,that,IN,IN
614,Bosnia_Herzegovina_2009,0,32,44,state,state,NN,NN
615,Bosnia_Herzegovina_2009,0,32,45,governing,governing,NN,NN
616,Bosnia_Herzegovina_2009,0,32,46,this,this,DT,DT
617,Bosnia_Herzegovina_2009,0,32,47,matter,matter,NN,NN
618,Bosnia_Herzegovina_2009,0,33,0,Persons,persons,NNS,NN
619,Bosnia_Herzegovina_2009,0,33,1,with,with,IN,IN
620,Bosnia_Herzegovina_2009,0,33,2,dual,dual,JJ,JJ
621,Bosnia_Herzegovina_2009,0,33,3,citizenship,citizenship,NN,NN
622,Bosnia_Herzegovina_2009,0,33,4,may,may,MD,MD
623,Bosnia_Herzegovina_2009,0,33,5,vote,vote,VB,VB
624,Bosnia_Herzegovina_2009,0,33,6,in,in,IN,IN
625,Bosnia_Herzegovina_2009,0,33,7,Bosnia,bosnia,NNP,NN
626,Bosnia_Herzegovina_2009,0,33,8,and,and,CC,CC
627,Bosnia_Herzegovina_2009,0,33,9,Herzegovina,herzegovina,NNP,NN
628,Bosnia_Herzegovina_2009,0,33,10,and,and,CC,CC
629,Bosnia_Herzegovina_2009,0,33,11,the,the,DT,DT
630,Bosnia_Herzegovina_2009,0,33,12,Entities,entities,NNP,NN
631,Bosnia_Herzegovina_2009,0,33,13,only,only,RB,RB
632,Bosnia_Herzegovina_2009,0,33,14,if,if,IN,IN
633,Bosnia_Herzegovina_2009,0,33,15,Bosnia,bosnia,NNP,NN
634,Bosnia_Herzegovina_2009,0,33,16,and,and,CC,CC
635,Bosnia_Herzegovina_2009,0,33,17,Herzegovina,herzegovina,NNP,NN
636,Bosnia_Herzegovina_2009,0,33,18,is,is,VBZ,VB
637,Bosnia_Herzegovina_2009,0,33,19,their,their,PRP$,PR
638,Bosnia_Herzegovina_2009,0,33,20,country,country,NN,NN
639,Bosnia_Herzegovina_2009,0,33,21,of,of,IN,IN
640,Bosnia_Herzegovina_2009,0,33,22,residence,residence,NN,NN
641,Bosnia_Herzegovina_2009,0,34,0,e.A,ea,JJ,JJ
642,Bosnia_Herzegovina_2009,0,34,1,citizen,citizen,NN,NN
643,Bosnia_Herzegovina_2009,0,34,2,of,of,IN,IN
644,Bosnia_Herzegovina_2009,0,34,3,Bosnia,bosnia,NNP,NN
645,Bosnia_Herzegovina_2009,0,34,4,and,and,CC,CC
646,Bosnia_Herzegovina_2009,0,34,5,Herzegovina,herzegovina,NNP,NN
647,Bosnia_Herzegovina_2009,0,34,6,abroad,abroad,RB,RB
648,Bosnia_Herzegovina_2009,0,34,7,shall,shall,MD,MD
649,Bosnia_Herzegovina_2009,0,34,8,enjoy,enjoy,VB,VB
650,Bosnia_Herzegovina_2009,0,34,9,the,the,DT,DT
651,Bosnia_Herzegovina_2009,0,34,10,protection,protection,NN,NN
652,Bosnia_Herzegovina_2009,0,34,11,of,of,IN,IN
653,Bosnia_Herzegovina_2009,0,34,12,Bosnia,bosnia,NNP,NN
654,Bosnia_Herzegovina_2009,0,34,13,and,and,CC,CC
655,Bosnia_Herzegovina_2009,0,34,14,Herzegovina,herzegovina,NNP,NN
656,Bosnia_Herzegovina_2009,0,35,0,Each,each,DT,DT
657,Bosnia_Herzegovina_2009,0,35,1,Entity,entity,NN,NN
658,Bosnia_Herzegovina_2009,0,35,2,may,may,MD,MD
659,Bosnia_Herzegovina_2009,0,35,3,issue,issue,VB,VB
660,Bosnia_Herzegovina_2009,0,35,4,passports,passports,NNS,NN
661,Bosnia_Herzegovina_2009,0,35,5,of,of,IN,IN
662,Bosnia_Herzegovina_2009,0,35,6,Bosnia,bosnia,NNP,NN
663,Bosnia_Herzegovina_2009,0,35,7,and,and,CC,CC
664,Bosnia_Herzegovina_2009,0,35,8,Herzegovina,herzegovina,NNP,NN
665,Bosnia_Herzegovina_2009,0,35,9,to,to,TO,TO
666,Bosnia_Herzegovina_2009,0,35,10,its,its,PRP$,PR
667,Bosnia_Herzegovina_2009,0,35,11,citizens,citizens,NNS,NN
668,Bosnia_Herzegovina_2009,0,35,12,as,as,IN,IN
669,Bosnia_Herzegovina_2009,0,35,13,regulated,regulated,VBN,VB
670,Bosnia_Herzegovina_2009,0,35,14,by,by,IN,IN
671,Bosnia_Herzegovina_2009,0,35,15,the,the,DT,DT
672,Bosnia_Herzegovina_2009,0,35,16,Parliamentary,parliamentary,NNP,NN
673,Bosnia_Herzegovina_2009,0,35,17,Assembly,assembly,NNP,NN
674,Bosnia_Herzegovina_2009,0,36,0,Bosnia,bosnia,NNP,NN
675,Bosnia_Herzegovina_2009,0,36,1,and,and,CC,CC
676,Bosnia_Herzegovina_2009,0,36,2,Herzegovina,herzegovina,NNP,NN
677,Bosnia_Herzegovina_2009,0,36,3,may,may,MD,MD
678,Bosnia_Herzegovina_2009,0,36,4,issue,issue,VB,VB
679,Bosnia_Herzegovina_2009,0,36,5,passports,passports,NNS,NN
680,Bosnia_Herzegovina_2009,0,36,6,to,to,TO,TO
681,Bosnia_Herzegovina_2009,0,36,7,citizens,citizens,NNS,NN
682,Bosnia_Herzegovina_2009,0,36,8,not,not,RB,RB
683,Bosnia_Herzegovina_2009,0,36,9,issued,issued,VBN,VB
684,Bosnia_Herzegovina_2009,0,36,10,a,a,DT,DT
685,Bosnia_Herzegovina_2009,0,36,11,passport,passport,NN,NN
686,Bosnia_Herzegovina_2009,0,36,12,by,by,IN,IN
687,Bosnia_Herzegovina_2009,0,36,13,an,an,DT,DT
688,Bosnia_Herzegovina_2009,0,36,14,Entity,entity,NN,NN
689,Bosnia_Herzegovina_2009,0,37,0,There,there,EX,EX
690,Bosnia_Herzegovina_2009,0,37,1,shall,shall,MD,MD
691,Bosnia_Herzegovina_2009,0,37,2,be,be,VB,VB
692,Bosnia_Herzegovina_2009,0,37,3,a,a,DT,DT
693,Bosnia_Herzegovina_2009,0,37,4,central,central,JJ,JJ
694,Bosnia_Herzegovina_2009,0,37,5,register,register,NN,NN
695,Bosnia_Herzegovina_2009,0,37,6,of,of,IN,IN
696,Bosnia_Herzegovina_2009,0,37,7,all,all,DT,DT
697,Bosnia_Herzegovina_2009,0,37,8,passports,passports,NNS,NN
698,Bosnia_Herzegovina_2009,0,37,9,issued,issued,VBN,VB
699,Bosnia_Herzegovina_2009,0,37,10,by,by,IN,IN
700,Bosnia_Herzegovina_2009,0,37,11,the,the,DT,DT
701,Bosnia_Herzegovina_2009,0,37,12,Entities,entities,NNS,NN
702,Bosnia_Herzegovina_2009,0,37,13,and,and,CC,CC
703,Bosnia_Herzegovina_2009,0,37,14,by,by,IN,IN
704,Bosnia_Herzegovina_2009,0,37,15,Bosnia,bosnia,NNP,NN
705,Bosnia_Herzegovina_2009,0,37,16,and,and,CC,CC
706,Bosnia_Herzegovina_2009,0,37,17,Herzegovina,herzegovina,NNP,NN
707,Bosnia_Herzegovina_2009,0,38,0,Article,article,NN,NN
708,Bosnia_Herzegovina_2009,0,38,1,II,ii,NNP,NN
709,Bosnia_Herzegovina_2009,0,39,0,Human,human,NNP,NN
710,Bosnia_Herzegovina_2009,0,39,1,Rights,rights,NNPS,NN
711,Bosnia_Herzegovina_2009,0,39,2,and,and,CC,CC
712,Bosnia_Herzegovina_2009,0,39,3,Fundamental,fundamental,NNP,NN
713,Bosnia_Herzegovina_2009,0,39,4,Freedoms,freedoms,NNP,NN
714,Bosnia_Herzegovina_2009,0,39,5,1,1,CD,CD
715,Bosnia_Herzegovina_2009,0,40,0,Human,human,NNP,NN
716,Bosnia_Herzegovina_2009,0,40,1,Rights,rights,NNPS,NN
717,Bosnia_Herzegovina_2009,0,41,0,Share,share,NNP,NN
718,Bosnia_Herzegovina_2009,0,41,1,Bosnia,bosnia,NNP,NN
719,Bosnia_Herzegovina_2009,0,41,2,and,and,CC,CC
720,Bosnia_Herzegovina_2009,0,41,3,Herzegovina,herzegovina,NNP,NN
721,Bosnia_Herzegovina_2009,0,41,4,and,and,CC,CC
722,Bosnia_Herzegovina_2009,0,41,5,both,both,DT,DT
723,Bosnia_Herzegovina_2009,0,41,6,Entities,entities,NNP,NN
724,Bosnia_Herzegovina_2009,0,41,7,shall,shall,MD,MD
725,Bosnia_Herzegovina_2009,0,41,8,ensure,ensure,VB,VB
726,Bosnia_Herzegovina_2009,0,41,9,the,the,DT,DT
727,Bosnia_Herzegovina_2009,0,41,10,highest,highest,JJS,JJ
728,Bosnia_Herzegovina_2009,0,41,11,level,level,NN,NN
729,Bosnia_Herzegovina_2009,0,41,12,of,of,IN,IN
730,Bosnia_Herzegovina_2009,0,41,13,internationally,internationally,RB,RB
731,Bosnia_Herzegovina_2009,0,41,14,recognized,recognized,VBN,VB
732,Bosnia_Herzegovina_2009,0,41,15,human,human,JJ,JJ
733,Bosnia_Herzegovina_2009,0,41,16,rights,rights,NNS,NN
734,Bosnia_Herzegovina_2009,0,41,17,and,and,CC,CC
735,Bosnia_Herzegovina_2009,0,41,18,fundamental,fundamental,JJ,JJ
736,Bosnia_Herzegovina_2009,0,41,19,freedoms,freedoms,NNS,NN
737,Bosnia_Herzegovina_2009,0,42,0,To,to,TO,TO
738,Bosnia_Herzegovina_2009,0,42,1,that,that,DT,DT
739,Bosnia_Herzegovina_2009,0,42,2,end,end,NN,NN
740,Bosnia_Herzegovina_2009,0,42,4,there,there,EX,EX
741,Bosnia_Herzegovina_2009,0,42,5,shall,shall,MD,MD
742,Bosnia_Herzegovina_2009,0,42,6,be,be,VB,VB
743,Bosnia_Herzegovina_2009,0,42,7,a,a,DT,DT
744,Bosnia_Herzegovina_2009,0,42,8,Human,human,NNP,NN
745,Bosnia_Herzegovina_2009,0,42,9,Rights,rights,NNPS,NN
746,Bosnia_Herzegovina_2009,0,42,10,Commission,commission,NNP,NN
747,Bosnia_Herzegovina_2009,0,42,11,for,for,IN,IN
748,Bosnia_Herzegovina_2009,0,42,12,Bosnia,bosnia,NNP,NN
749,Bosnia_Herzegovina_2009,0,42,13,and,and,CC,CC
750,Bosnia_Herzegovina_2009,0,42,14,Herzegovina,herzegovina,NNP,NN
751,Bosnia_Herzegovina_2009,0,42,15,as,as,IN,IN
752,Bosnia_Herzegovina_2009,0,42,16,provided,provided,VBN,VB
753,Bosnia_Herzegovina_2009,0,42,17,for,for,IN,IN
754,Bosnia_Herzegovina_2009,0,42,18,in,in,IN,IN
755,Bosnia_Herzegovina_2009,0,42,19,Annex,annex,NNP,NN
756,Bosnia_Herzegovina_2009,0,42,20,6,6,CD,CD
757,Bosnia_Herzegovina_2009,0,42,21,to,to,TO,TO
758,Bosnia_Herzegovina_2009,0,42,22,the,the,DT,DT
759,Bosnia_Herzegovina_2009,0,42,23,General,general,NNP,NN
760,Bosnia_Herzegovina_2009,0,42,24,Framework,framework,NNP,NN
761,Bosnia_Herzegovina_2009,0,42,25,Agreement,agreement,NNP,NN
762,Bosnia_Herzegovina_2009,0,43,0,2.,2,CD,CD
763,Bosnia_Herzegovina_2009,0,43,1,International,international,NNP,NN
764,Bosnia_Herzegovina_2009,0,43,2,Standards,standards,NNPS,NN
765,Bosnia_Herzegovina_2009,0,44,0,Share,share,NNP,NN
766,Bosnia_Herzegovina_2009,0,44,1,The,the,DT,DT
767,Bosnia_Herzegovina_2009,0,44,2,rights,rights,NNS,NN
768,Bosnia_Herzegovina_2009,0,44,3,and,and,CC,CC
769,Bosnia_Herzegovina_2009,0,44,4,freedoms,freedoms,NNS,NN
770,Bosnia_Herzegovina_2009,0,44,5,set,set,VBD,VB
771,Bosnia_Herzegovina_2009,0,44,6,forth,forth,NN,NN
772,Bosnia_Herzegovina_2009,0,44,7,in,in,IN,IN
773,Bosnia_Herzegovina_2009,0,44,8,the,the,DT,DT
774,Bosnia_Herzegovina_2009,0,44,9,European,european,JJ,JJ
775,Bosnia_Herzegovina_2009,0,44,10,Convention,convention,NNP,NN
776,Bosnia_Herzegovina_2009,0,44,11,for,for,IN,IN
777,Bosnia_Herzegovina_2009,0,44,12,the,the,DT,DT
778,Bosnia_Herzegovina_2009,0,44,13,Protection,protection,NNP,NN
779,Bosnia_Herzegovina_2009,0,44,14,of,of,IN,IN
780,Bosnia_Herzegovina_2009,0,44,15,Human,human,NNP,NN
781,Bosnia_Herzegovina_2009,0,44,16,Rights,rights,NNPS,NN
782,Bosnia_Herzegovina_2009,0,44,17,and,and,CC,CC
783,Bosnia_Herzegovina_2009,0,44,18,Fundamental,fundamental,NNP,NN
784,Bosnia_Herzegovina_2009,0,44,19,Freedoms,freedoms,NNP,NN
785,Bosnia_Herzegovina_2009,0,44,20,and,and,CC,CC
786,Bosnia_Herzegovina_2009,0,44,21,its,its,PRP$,PR
787,Bosnia_Herzegovina_2009,0,44,22,Protocols,protocols,NNP,NN
788,Bosnia_Herzegovina_2009,0,44,23,shall,shall,MD,MD
789,Bosnia_Herzegovina_2009,0,44,24,apply,apply,VB,VB
790,Bosnia_Herzegovina_2009,0,44,25,directly,directly,RB,RB
791,Bosnia_Herzegovina_2009,0,44,26,in,in,IN,IN
792,Bosnia_Herzegovina_2009,0,44,27,Bosnia,bosnia,NNP,NN
793,Bosnia_Herzegovina_2009,0,44,28,and,and,CC,CC
794,Bosnia_Herzegovina_2009,0,44,29,Herzegovina,herzegovina,NNP,NN
795,Bosnia_Herzegovina_2009,0,45,0,These,these,DT,DT
796,Bosnia_Herzegovina_2009,0,45,1,shall,shall,MD,MD
797,Bosnia_Herzegovina_2009,0,45,2,have,have,VBP,VB
798,Bosnia_Herzegovina_2009,0,45,3,priority,priority,NN,NN
799,Bosnia_Herzegovina_2009,0,45,4,over,over,IN,IN
800,Bosnia_Herzegovina_2009,0,45,5,all,all,DT,DT
801,Bosnia_Herzegovina_2009,0,45,6,other,other,JJ,JJ
802,Bosnia_Herzegovina_2009,0,45,7,law,law,NN,NN
803,Bosnia_Herzegovina_2009,0,46,0,3,3,CD,CD
804,Bosnia_Herzegovina_2009,0,47,0,Enumeration,enumeration,NN,NN
805,Bosnia_Herzegovina_2009,0,47,1,of,of,IN,IN
806,Bosnia_Herzegovina_2009,0,47,2,Rights,rights,NNPS,NN
807,Bosnia_Herzegovina_2009,0,48,0,Share,share,NN,NN
808,Bosnia_Herzegovina_2009,0,48,1,All,all,DT,DT
809,Bosnia_Herzegovina_2009,0,48,2,persons,persons,NNS,NN
810,Bosnia_Herzegovina_2009,0,48,3,within,within,IN,IN
811,Bosnia_Herzegovina_2009,0,48,4,the,the,DT,DT
812,Bosnia_Herzegovina_2009,0,48,5,territory,territory,NN,NN
813,Bosnia_Herzegovina_2009,0,48,6,of,of,IN,IN
814,Bosnia_Herzegovina_2009,0,48,7,Bosnia,bosnia,NNP,NN
815,Bosnia_Herzegovina_2009,0,48,8,and,and,CC,CC
816,Bosnia_Herzegovina_2009,0,48,9,Herzegovina,herzegovina,NNP,NN
817,Bosnia_Herzegovina_2009,0,48,10,shall,shall,MD,MD
818,Bosnia_Herzegovina_2009,0,48,11,enjoy,enjoy,VB,VB
819,Bosnia_Herzegovina_2009,0,48,12,the,the,DT,DT
820,Bosnia_Herzegovina_2009,0,48,13,human,human,JJ,JJ
821,Bosnia_Herzegovina_2009,0,48,14,rights,rights,NNS,NN
822,Bosnia_Herzegovina_2009,0,48,15,and,and,CC,CC
823,Bosnia_Herzegovina_2009,0,48,16,fundamental,fundamental,JJ,JJ
824,Bosnia_Herzegovina_2009,0,48,17,freedoms,freedoms,NNS,NN
825,Bosnia_Herzegovina_2009,0,48,18,referred,referred,VBD,VB
826,Bosnia_Herzegovina_2009,0,48,19,to,to,TO,TO
827,Bosnia_Herzegovina_2009,0,48,20,in,in,IN,IN
828,Bosnia_Herzegovina_2009,0,48,21,paragraph,paragraph,NN,NN
829,Bosnia_Herzegovina_2009,0,48,22,2,2,CD,CD
830,Bosnia_Herzegovina_2009,0,48,23,above,above,IN,IN
831,Bosnia_Herzegovina_2009,0,48,25,these,these,DT,DT
832,Bosnia_Herzegovina_2009,0,48,26,include,include,VBP,VB
833,Bosnia_Herzegovina_2009,0,48,28,a.The,athe,RB,RB
834,Bosnia_Herzegovina_2009,0,48,29,right,right,NN,NN
835,Bosnia_Herzegovina_2009,0,48,30,to,to,TO,TO
836,Bosnia_Herzegovina_2009,0,48,31,life,life,NN,NN
837,Bosnia_Herzegovina_2009,0,49,0,b.The,bthe,RB,RB
838,Bosnia_Herzegovina_2009,0,49,1,right,right,RB,RB
839,Bosnia_Herzegovina_2009,0,49,2,not,not,RB,RB
840,Bosnia_Herzegovina_2009,0,49,3,to,to,TO,TO
841,Bosnia_Herzegovina_2009,0,49,4,be,be,VB,VB
842,Bosnia_Herzegovina_2009,0,49,5,subjected,subjected,VBN,VB
843,Bosnia_Herzegovina_2009,0,49,6,to,to,TO,TO
844,Bosnia_Herzegovina_2009,0,49,7,torture,torture,VB,VB
845,Bosnia_Herzegovina_2009,0,49,8,or,or,CC,CC
846,Bosnia_Herzegovina_2009,0,49,9,to,to,TO,TO
847,Bosnia_Herzegovina_2009,0,49,10,inhuman,inhuman,VB,VB
848,Bosnia_Herzegovina_2009,0,49,11,or,or,CC,CC
849,Bosnia_Herzegovina_2009,0,49,12,degrading,degrading,VBG,VB
850,Bosnia_Herzegovina_2009,0,49,13,treatment,treatment,NN,NN
851,Bosnia_Herzegovina_2009,0,49,14,or,or,CC,CC
852,Bosnia_Herzegovina_2009,0,49,15,punishment,punishment,NN,NN
853,Bosnia_Herzegovina_2009,0,50,0,c.The,cthe,NN,NN
854,Bosnia_Herzegovina_2009,0,50,1,right,right,RB,RB
855,Bosnia_Herzegovina_2009,0,50,2,not,not,RB,RB
856,Bosnia_Herzegovina_2009,0,50,3,to,to,TO,TO
857,Bosnia_Herzegovina_2009,0,50,4,be,be,VB,VB
858,Bosnia_Herzegovina_2009,0,50,5,held,held,VBN,VB
859,Bosnia_Herzegovina_2009,0,50,6,in,in,IN,IN
860,Bosnia_Herzegovina_2009,0,50,7,slavery,slavery,NN,NN
861,Bosnia_Herzegovina_2009,0,50,8,or,or,CC,CC
862,Bosnia_Herzegovina_2009,0,50,9,servitude,servitude,NN,NN
863,Bosnia_Herzegovina_2009,0,50,10,or,or,CC,CC
864,Bosnia_Herzegovina_2009,0,50,11,to,to,TO,TO
865,Bosnia_Herzegovina_2009,0,50,12,perform,perform,VB,VB
866,Bosnia_Herzegovina_2009,0,50,13,forced,forced,VBN,VB
867,Bosnia_Herzegovina_2009,0,50,14,or,or,CC,CC
868,Bosnia_Herzegovina_2009,0,50,15,compulsory,compulsory,JJ,JJ
869,Bosnia_Herzegovina_2009,0,50,16,labor,labor,NN,NN
870,Bosnia_Herzegovina_2009,0,51,0,d.The,dthe,NN,NN
871,Bosnia_Herzegovina_2009,0,51,1,rights,rights,NNS,NN
872,Bosnia_Herzegovina_2009,0,51,2,to,to,TO,TO
873,Bosnia_Herzegovina_2009,0,51,3,liberty,liberty,VB,VB
874,Bosnia_Herzegovina_2009,0,51,4,and,and,CC,CC
875,Bosnia_Herzegovina_2009,0,51,5,security,security,NN,NN
876,Bosnia_Herzegovina_2009,0,51,6,of,of,IN,IN
877,Bosnia_Herzegovina_2009,0,51,7,person,person,NN,NN
878,Bosnia_Herzegovina_2009,0,52,0,e.The,ethe,RB,RB
879,Bosnia_Herzegovina_2009,0,52,1,right,right,JJ,JJ
880,Bosnia_Herzegovina_2009,0,52,2,to,to,TO,TO
881,Bosnia_Herzegovina_2009,0,52,3,a,a,DT,DT
882,Bosnia_Herzegovina_2009,0,52,4,fair,fair,JJ,JJ
883,Bosnia_Herzegovina_2009,0,52,5,hearing,hearing,NN,NN
884,Bosnia_Herzegovina_2009,0,52,6,in,in,IN,IN
885,Bosnia_Herzegovina_2009,0,52,7,civil,civil,JJ,JJ
886,Bosnia_Herzegovina_2009,0,52,8,and,and,CC,CC
887,Bosnia_Herzegovina_2009,0,52,9,criminal,criminal,JJ,JJ
888,Bosnia_Herzegovina_2009,0,52,10,matters,matters,NNS,NN
889,Bosnia_Herzegovina_2009,0,52,12,and,and,CC,CC
890,Bosnia_Herzegovina_2009,0,52,13,other,other,JJ,JJ
891,Bosnia_Herzegovina_2009,0,52,14,rights,rights,NNS,NN
892,Bosnia_Herzegovina_2009,0,52,15,relating,relating,VBG,VB
893,Bosnia_Herzegovina_2009,0,52,16,to,to,TO,TO
894,Bosnia_Herzegovina_2009,0,52,17,criminal,criminal,JJ,JJ
895,Bosnia_Herzegovina_2009,0,52,18,proceedings,proceedings,NNS,NN
896,Bosnia_Herzegovina_2009,0,53,0,f.The,fthe,RB,RB
897,Bosnia_Herzegovina_2009,0,53,1,right,right,JJ,JJ
898,Bosnia_Herzegovina_2009,0,53,2,to,to,TO,TO
899,Bosnia_Herzegovina_2009,0,53,3,private,private,JJ,JJ
900,Bosnia_Herzegovina_2009,0,53,4,and,and,CC,CC
901,Bosnia_Herzegovina_2009,0,53,5,family,family,NN,NN
902,Bosnia_Herzegovina_2009,0,53,6,life,life,NN,NN
903,Bosnia_Herzegovina_2009,0,53,8,home,home,NN,NN
904,Bosnia_Herzegovina_2009,0,53,10,and,and,CC,CC
905,Bosnia_Herzegovina_2009,0,53,11,correspondence,correspondence,NN,NN
906,Bosnia_Herzegovina_2009,0,54,0,g.Freedom,gfreedom,NN,NN
907,Bosnia_Herzegovina_2009,0,54,1,of,of,IN,IN
908,Bosnia_Herzegovina_2009,0,54,2,thought,thought,NN,NN
909,Bosnia_Herzegovina_2009,0,54,4,conscience,conscience,NN,NN
910,Bosnia_Herzegovina_2009,0,54,6,and,and,CC,CC
911,Bosnia_Herzegovina_2009,0,54,7,religion,religion,NN,NN
912,Bosnia_Herzegovina_2009,0,55,0,h.Freedom,hfreedom,NN,NN
913,Bosnia_Herzegovina_2009,0,55,1,of,of,IN,IN
914,Bosnia_Herzegovina_2009,0,55,2,expression,expression,NN,NN
915,Bosnia_Herzegovina_2009,0,56,0,i.Freedom,ifreedom,NN,NN
916,Bosnia_Herzegovina_2009,0,56,1,of,of,IN,IN
917,Bosnia_Herzegovina_2009,0,56,2,peaceful,peaceful,JJ,JJ
918,Bosnia_Herzegovina_2009,0,56,3,assembly,assembly,NN,NN
919,Bosnia_Herzegovina_2009,0,56,4,and,and,CC,CC
920,Bosnia_Herzegovina_2009,0,56,5,freedom,freedom,NN,NN
921,Bosnia_Herzegovina_2009,0,56,6,of,of,IN,IN
922,Bosnia_Herzegovina_2009,0,56,7,association,association,NN,NN
923,Bosnia_Herzegovina_2009,0,56,8,with,with,IN,IN
924,Bosnia_Herzegovina_2009,0,56,9,others,others,NNS,NN
925,Bosnia_Herzegovina_2009,0,57,0,j.The,jthe,NN,NN
926,Bosnia_Herzegovina_2009,0,57,1,right,right,NN,NN
927,Bosnia_Herzegovina_2009,0,57,2,to,to,TO,TO
928,Bosnia_Herzegovina_2009,0,57,3,marry,marry,VB,VB
929,Bosnia_Herzegovina_2009,0,57,4,and,and,CC,CC
930,Bosnia_Herzegovina_2009,0,57,5,to,to,TO,TO
931,Bosnia_Herzegovina_2009,0,57,6,found,found,VB,VB
932,Bosnia_Herzegovina_2009,0,57,7,a,a,DT,DT
933,Bosnia_Herzegovina_2009,0,57,8,family,family,NN,NN
934,Bosnia_Herzegovina_2009,0,58,0,k.The,kthe,VB,VB
935,Bosnia_Herzegovina_2009,0,58,1,right,right,JJ,JJ
936,Bosnia_Herzegovina_2009,0,58,2,to,to,TO,TO
937,Bosnia_Herzegovina_2009,0,58,3,property,property,NN,NN
938,Bosnia_Herzegovina_2009,0,59,0,l.The,lthe,RB,RB
939,Bosnia_Herzegovina_2009,0,59,1,right,right,NN,NN
940,Bosnia_Herzegovina_2009,0,59,2,to,to,TO,TO
941,Bosnia_Herzegovina_2009,0,59,3,education,education,NN,NN
942,Bosnia_Herzegovina_2009,0,60,0,m.The,mthe,RB,RB
943,Bosnia_Herzegovina_2009,0,60,1,right,right,JJ,JJ
944,Bosnia_Herzegovina_2009,0,60,2,to,to,TO,TO
945,Bosnia_Herzegovina_2009,0,60,3,liberty,liberty,VB,VB
946,Bosnia_Herzegovina_2009,0,60,4,of,of,IN,IN
947,Bosnia_Herzegovina_2009,0,60,5,movement,movement,NN,NN
948,Bosnia_Herzegovina_2009,0,60,6,and,and,CC,CC
949,Bosnia_Herzegovina_2009,0,60,7,residence,residence,NN,NN
950,Bosnia_Herzegovina_2009,0,61,0,4,4,CD,CD
951,Bosnia_Herzegovina_2009,0,62,0,Non-Discrimination,nondiscrimination,NN,NN
952,Bosnia_Herzegovina_2009,0,63,0,Share,share,NN,NN
953,Bosnia_Herzegovina_2009,0,63,1,The,the,DT,DT
954,Bosnia_Herzegovina_2009,0,63,2,enjoyment,enjoyment,NN,NN
955,Bosnia_Herzegovina_2009,0,63,3,of,of,IN,IN
956,Bosnia_Herzegovina_2009,0,63,4,the,the,DT,DT
957,Bosnia_Herzegovina_2009,0,63,5,rights,rights,NNS,NN
958,Bosnia_Herzegovina_2009,0,63,6,and,and,CC,CC
959,Bosnia_Herzegovina_2009,0,63,7,freedoms,freedoms,NNS,NN
960,Bosnia_Herzegovina_2009,0,63,8,provided,provided,VBN,VB
961,Bosnia_Herzegovina_2009,0,63,9,for,for,IN,IN
962,Bosnia_Herzegovina_2009,0,63,10,in,in,IN,IN
963,Bosnia_Herzegovina_2009,0,63,11,this,this,DT,DT
964,Bosnia_Herzegovina_2009,0,63,12,Article,article,NN,NN
965,Bosnia_Herzegovina_2009,0,63,13,or,or,CC,CC
966,Bosnia_Herzegovina_2009,0,63,14,in,in,IN,IN
967,Bosnia_Herzegovina_2009,0,63,15,the,the,DT,DT
968,Bosnia_Herzegovina_2009,0,63,16,international,international,JJ,JJ
969,Bosnia_Herzegovina_2009,0,63,17,agreements,agreements,NNS,NN
970,Bosnia_Herzegovina_2009,0,63,18,listed,listed,VBN,VB
971,Bosnia_Herzegovina_2009,0,63,19,in,in,IN,IN
972,Bosnia_Herzegovina_2009,0,63,20,Annex,annex,NNP,NN
973,Bosnia_Herzegovina_2009,0,63,21,I,i,PRP,PR
974,Bosnia_Herzegovina_2009,0,63,22,to,to,TO,TO
975,Bosnia_Herzegovina_2009,0,63,23,this,this,DT,DT
976,Bosnia_Herzegovina_2009,0,63,24,Constitution,constitution,NNP,NN
977,Bosnia_Herzegovina_2009,0,63,25,shall,shall,MD,MD
978,Bosnia_Herzegovina_2009,0,63,26,be,be,VB,VB
979,Bosnia_Herzegovina_2009,0,63,27,secured,secured,VBN,VB
980,Bosnia_Herzegovina_2009,0,63,28,to,to,TO,TO
981,Bosnia_Herzegovina_2009,0,63,29,all,all,DT,DT
982,Bosnia_Herzegovina_2009,0,63,30,persons,persons,NNS,NN
983,Bosnia_Herzegovina_2009,0,63,31,in,in,IN,IN
984,Bosnia_Herzegovina_2009,0,63,32,Bosnia,bosnia,NNP,NN
985,Bosnia_Herzegovina_2009,0,63,33,and,and,CC,CC
986,Bosnia_Herzegovina_2009,0,63,34,Herzegovina,herzegovina,NNP,NN
987,Bosnia_Herzegovina_2009,0,63,35,without,without,IN,IN
988,Bosnia_Herzegovina_2009,0,63,36,discrimination,discrimination,NN,NN
989,Bosnia_Herzegovina_2009,0,63,37,on,on,IN,IN
990,Bosnia_Herzegovina_2009,0,63,38,any,any,DT,DT
991,Bosnia_Herzegovina_2009,0,63,39,ground,ground,NN,NN
992,Bosnia_Herzegovina_2009,0,63,40,such,such,JJ,JJ
993,Bosnia_Herzegovina_2009,0,63,41,as,as,IN,IN
994,Bosnia_Herzegovina_2009,0,63,42,sex,sex,NN,NN
995,Bosnia_Herzegovina_2009,0,63,44,race,race,NN,NN
996,Bosnia_Herzegovina_2009,0,63,46,color,color,NN,NN
997,Bosnia_Herzegovina_2009,0,63,48,language,language,NN,NN
998,Bosnia_Herzegovina_2009,0,63,50,religion,religion,NN,NN
999,Bosnia_Herzegovina_2009,0,63,52,political,political,JJ,JJ
1000,Bosnia_Herzegovina_2009,0,63,53,or,or,CC,CC
1001,Bosnia_Herzegovina_2009,0,63,54,other,other,JJ,JJ
1002,Bosnia_Herzegovina_2009,0,63,55,opinion,opinion,NN,NN
1003,Bosnia_Herzegovina_2009,0,63,57,national,national,JJ,JJ
1004,Bosnia_Herzegovina_2009,0,63,58,or,or,CC,CC
1005,Bosnia_Herzegovina_2009,0,63,59,social,social,JJ,JJ
1006,Bosnia_Herzegovina_2009,0,63,60,origin,origin,NN,NN
1007,Bosnia_Herzegovina_2009,0,63,62,association,association,NN,NN
1008,Bosnia_Herzegovina_2009,0,63,63,with,with,IN,IN
1009,Bosnia_Herzegovina_2009,0,63,64,a,a,DT,DT
1010,Bosnia_Herzegovina_2009,0,63,65,national,national,JJ,JJ
1011,Bosnia_Herzegovina_2009,0,63,66,minority,minority,NN,NN
1012,Bosnia_Herzegovina_2009,0,63,68,property,property,NN,NN
1013,Bosnia_Herzegovina_2009,0,63,70,birth,birth,NN,NN
1014,Bosnia_Herzegovina_2009,0,63,71,or,or,CC,CC
1015,Bosnia_Herzegovina_2009,0,63,72,other,other,JJ,JJ
1016,Bosnia_Herzegovina_2009,0,63,73,status,status,NN,NN
1017,Bosnia_Herzegovina_2009,0,64,0,5,5,CD,CD
1018,Bosnia_Herzegovina_2009,0,65,0,Refugees,refugees,NNS,NN
1019,Bosnia_Herzegovina_2009,0,65,1,and,and,CC,CC
1020,Bosnia_Herzegovina_2009,0,65,2,Displaced,displaced,NNP,NN
1021,Bosnia_Herzegovina_2009,0,65,3,Persons,persons,NNP,NN
1022,Bosnia_Herzegovina_2009,0,66,0,Share,share,NN,NN
1023,Bosnia_Herzegovina_2009,0,66,1,All,all,DT,DT
1024,Bosnia_Herzegovina_2009,0,66,2,refugees,refugees,NNS,NN
1025,Bosnia_Herzegovina_2009,0,66,3,and,and,CC,CC
1026,Bosnia_Herzegovina_2009,0,66,4,displaced,displaced,JJ,JJ
1027,Bosnia_Herzegovina_2009,0,66,5,persons,persons,NNS,NN
1028,Bosnia_Herzegovina_2009,0,66,6,have,have,VBP,VB
1029,Bosnia_Herzegovina_2009,0,66,7,the,the,DT,DT
1030,Bosnia_Herzegovina_2009,0,66,8,right,right,NN,NN
1031,Bosnia_Herzegovina_2009,0,66,9,freely,freely,RB,RB
1032,Bosnia_Herzegovina_2009,0,66,10,to,to,TO,TO
1033,Bosnia_Herzegovina_2009,0,66,11,return,return,VB,VB
1034,Bosnia_Herzegovina_2009,0,66,12,to,to,TO,TO
1035,Bosnia_Herzegovina_2009,0,66,13,their,their,PRP$,PR
1036,Bosnia_Herzegovina_2009,0,66,14,homes,homes,NNS,NN
1037,Bosnia_Herzegovina_2009,0,66,15,of,of,IN,IN
1038,Bosnia_Herzegovina_2009,0,66,16,origin,origin,NN,NN
1039,Bosnia_Herzegovina_2009,0,67,0,They,they,PRP,PR
1040,Bosnia_Herzegovina_2009,0,67,1,have,have,VBP,VB
1041,Bosnia_Herzegovina_2009,0,67,2,the,the,DT,DT
1042,Bosnia_Herzegovina_2009,0,67,3,right,right,NN,NN
1043,Bosnia_Herzegovina_2009,0,67,5,in,in,IN,IN
1044,Bosnia_Herzegovina_2009,0,67,6,accordance,accordance,NN,NN
1045,Bosnia_Herzegovina_2009,0,67,7,with,with,IN,IN
1046,Bosnia_Herzegovina_2009,0,67,8,Annex,annex,NNP,NN
1047,Bosnia_Herzegovina_2009,0,67,9,7,7,CD,CD
1048,Bosnia_Herzegovina_2009,0,67,10,to,to,TO,TO
1049,Bosnia_Herzegovina_2009,0,67,11,the,the,DT,DT
1050,Bosnia_Herzegovina_2009,0,67,12,General,general,NNP,NN
1051,Bosnia_Herzegovina_2009,0,67,13,Framework,framework,NNP,NN
1052,Bosnia_Herzegovina_2009,0,67,14,Agreement,agreement,NNP,NN
1053,Bosnia_Herzegovina_2009,0,67,16,to,to,TO,TO
1054,Bosnia_Herzegovina_2009,0,67,17,have,have,VB,VB
1055,Bosnia_Herzegovina_2009,0,67,18,restored,restored,VBN,VB
1056,Bosnia_Herzegovina_2009,0,67,19,to,to,TO,TO
1057,Bosnia_Herzegovina_2009,0,67,20,them,them,PRP,PR
1058,Bosnia_Herzegovina_2009,0,67,21,property,property,NN,NN
1059,Bosnia_Herzegovina_2009,0,67,22,of,of,IN,IN
1060,Bosnia_Herzegovina_2009,0,67,23,which,which,WDT,WD
1061,Bosnia_Herzegovina_2009,0,67,24,they,they,PRP,PR
1062,Bosnia_Herzegovina_2009,0,67,25,were,were,VBD,VB
1063,Bosnia_Herzegovina_2009,0,67,26,deprived,deprived,VBN,VB
1064,Bosnia_Herzegovina_2009,0,67,27,in,in,IN,IN
1065,Bosnia_Herzegovina_2009,0,67,28,the,the,DT,DT
1066,Bosnia_Herzegovina_2009,0,67,29,course,course,NN,NN
1067,Bosnia_Herzegovina_2009,0,67,30,of,of,IN,IN
1068,Bosnia_Herzegovina_2009,0,67,31,hostilities,hostilities,NNS,NN
1069,Bosnia_Herzegovina_2009,0,67,32,since,since,IN,IN
1070,Bosnia_Herzegovina_2009,0,67,33,1991,1991,CD,CD
1071,Bosnia_Herzegovina_2009,0,67,34,and,and,CC,CC
1072,Bosnia_Herzegovina_2009,0,67,35,to,to,TO,TO
1073,Bosnia_Herzegovina_2009,0,67,36,be,be,VB,VB
1074,Bosnia_Herzegovina_2009,0,67,37,compensated,compensated,VBN,VB
1075,Bosnia_Herzegovina_2009,0,67,38,for,for,IN,IN
1076,Bosnia_Herzegovina_2009,0,67,39,any,any,DT,DT
1077,Bosnia_Herzegovina_2009,0,67,40,such,such,JJ,JJ
1078,Bosnia_Herzegovina_2009,0,67,41,property,property,NN,NN
1079,Bosnia_Herzegovina_2009,0,67,42,that,that,WDT,WD
1080,Bosnia_Herzegovina_2009,0,67,43,can,can,MD,MD
1081,Bosnia_Herzegovina_2009,0,67,44,not,not,RB,RB
1082,Bosnia_Herzegovina_2009,0,67,45,be,be,VB,VB
1083,Bosnia_Herzegovina_2009,0,67,46,restored,restored,VBN,VB
1084,Bosnia_Herzegovina_2009,0,67,47,to,to,TO,TO
1085,Bosnia_Herzegovina_2009,0,67,48,them,them,PRP,PR
1086,Bosnia_Herzegovina_2009,0,68,0,Any,any,DT,DT
1087,Bosnia_Herzegovina_2009,0,68,1,commitments,commitments,NNS,NN
1088,Bosnia_Herzegovina_2009,0,68,2,or,or,CC,CC
1089,Bosnia_Herzegovina_2009,0,68,3,statements,statements,NNS,NN
1090,Bosnia_Herzegovina_2009,0,68,4,relating,relating,VBG,VB
1091,Bosnia_Herzegovina_2009,0,68,5,to,to,TO,TO
1092,Bosnia_Herzegovina_2009,0,68,6,such,such,JJ,JJ
1093,Bosnia_Herzegovina_2009,0,68,7,property,property,NN,NN
1094,Bosnia_Herzegovina_2009,0,68,8,made,made,VBD,VB
1095,Bosnia_Herzegovina_2009,0,68,9,under,under,IN,IN
1096,Bosnia_Herzegovina_2009,0,68,10,duress,duress,NN,NN
1097,Bosnia_Herzegovina_2009,0,68,11,are,are,VBP,VB
1098,Bosnia_Herzegovina_2009,0,68,12,null,null,JJ,JJ
1099,Bosnia_Herzegovina_2009,0,68,13,and,and,CC,CC
1100,Bosnia_Herzegovina_2009,0,68,14,void,void,NN,NN
1101,Bosnia_Herzegovina_2009,0,69,0,6,6,CD,CD
1102,Bosnia_Herzegovina_2009,0,70,0,Implementation,implementation,NN,NN
1103,Bosnia_Herzegovina_2009,0,71,0,Share,share,NNP,NN
1104,Bosnia_Herzegovina_2009,0,71,1,Bosnia,bosnia,NNP,NN
1105,Bosnia_Herzegovina_2009,0,71,2,and,and,CC,CC
1106,Bosnia_Herzegovina_2009,0,71,3,Herzegovina,herzegovina,NNP,NN
1107,Bosnia_Herzegovina_2009,0,71,5,and,and,CC,CC
1108,Bosnia_Herzegovina_2009,0,71,6,all,all,DT,DT
1109,Bosnia_Herzegovina_2009,0,71,7,courts,courts,NNS,NN
1110,Bosnia_Herzegovina_2009,0,71,9,agencies,agencies,NNS,NN
1111,Bosnia_Herzegovina_2009,0,71,11,governmental,governmental,JJ,JJ
1112,Bosnia_Herzegovina_2009,0,71,12,organs,organs,NNS,NN
1113,Bosnia_Herzegovina_2009,0,71,14,and,and,CC,CC
1114,Bosnia_Herzegovina_2009,0,71,15,instrumentalities,instrumentalities,NNS,NN
1115,Bosnia_Herzegovina_2009,0,71,16,operated,operated,VBN,VB
1116,Bosnia_Herzegovina_2009,0,71,17,by,by,IN,IN
1117,Bosnia_Herzegovina_2009,0,71,18,or,or,CC,CC
1118,Bosnia_Herzegovina_2009,0,71,19,within,within,IN,IN
1119,Bosnia_Herzegovina_2009,0,71,20,the,the,DT,DT
1120,Bosnia_Herzegovina_2009,0,71,21,Entities,entities,NNS,NN
1121,Bosnia_Herzegovina_2009,0,71,23,shall,shall,MD,MD
1122,Bosnia_Herzegovina_2009,0,71,24,apply,apply,VB,VB
1123,Bosnia_Herzegovina_2009,0,71,25,and,and,CC,CC
1124,Bosnia_Herzegovina_2009,0,71,26,conform,conform,VB,VB
1125,Bosnia_Herzegovina_2009,0,71,27,to,to,TO,TO
1126,Bosnia_Herzegovina_2009,0,71,28,the,the,DT,DT
1127,Bosnia_Herzegovina_2009,0,71,29,human,human,JJ,JJ
1128,Bosnia_Herzegovina_2009,0,71,30,rights,rights,NNS,NN
1129,Bosnia_Herzegovina_2009,0,71,31,and,and,CC,CC
1130,Bosnia_Herzegovina_2009,0,71,32,fundamental,fundamental,JJ,JJ
1131,Bosnia_Herzegovina_2009,0,71,33,freedoms,freedoms,NNS,NN
1132,Bosnia_Herzegovina_2009,0,71,34,referred,referred,VBD,VB
1133,Bosnia_Herzegovina_2009,0,71,35,to,to,TO,TO
1134,Bosnia_Herzegovina_2009,0,71,36,in,in,IN,IN
1135,Bosnia_Herzegovina_2009,0,71,37,paragraph,paragraph,NN,NN
1136,Bosnia_Herzegovina_2009,0,71,38,2,2,CD,CD
1137,Bosnia_Herzegovina_2009,0,71,39,above,above,IN,IN
1138,Bosnia_Herzegovina_2009,0,72,0,7.,7,CD,CD
1139,Bosnia_Herzegovina_2009,0,72,1,International,international,NNP,NN
1140,Bosnia_Herzegovina_2009,0,72,2,Agreements,agreements,NNPS,NN
1141,Bosnia_Herzegovina_2009,0,73,0,Share,share,NNP,NN
1142,Bosnia_Herzegovina_2009,0,73,1,Bosnia,bosnia,NNP,NN
1143,Bosnia_Herzegovina_2009,0,73,2,and,and,CC,CC
1144,Bosnia_Herzegovina_2009,0,73,3,Herzegovina,herzegovina,NNP,NN
1145,Bosnia_Herzegovina_2009,0,73,4,shall,shall,MD,MD
1146,Bosnia_Herzegovina_2009,0,73,5,remain,remain,VB,VB
1147,Bosnia_Herzegovina_2009,0,73,6,or,or,CC,CC
1148,Bosnia_Herzegovina_2009,0,73,7,become,become,VB,VB
1149,Bosnia_Herzegovina_2009,0,73,8,party,party,NN,NN
1150,Bosnia_Herzegovina_2009,0,73,9,to,to,TO,TO
1151,Bosnia_Herzegovina_2009,0,73,10,the,the,DT,DT
1152,Bosnia_Herzegovina_2009,0,73,11,international,international,JJ,JJ
1153,Bosnia_Herzegovina_2009,0,73,12,agreements,agreements,NNS,NN
1154,Bosnia_Herzegovina_2009,0,73,13,listed,listed,VBN,VB
1155,Bosnia_Herzegovina_2009,0,73,14,in,in,IN,IN
1156,Bosnia_Herzegovina_2009,0,73,15,Annex,annex,NNP,NN
1157,Bosnia_Herzegovina_2009,0,73,16,I,i,PRP,PR
1158,Bosnia_Herzegovina_2009,0,73,17,to,to,TO,TO
1159,Bosnia_Herzegovina_2009,0,73,18,this,this,DT,DT
1160,Bosnia_Herzegovina_2009,0,73,19,Constitution,constitution,NNP,NN
1161,Bosnia_Herzegovina_2009,0,74,0,8,8,CD,CD
1162,Bosnia_Herzegovina_2009,0,75,0,Cooperation,cooperation,NN,NN
1163,Bosnia_Herzegovina_2009,0,76,0,Share,share,NN,NN
1164,Bosnia_Herzegovina_2009,0,76,1,All,all,DT,DT
1165,Bosnia_Herzegovina_2009,0,76,2,competent,competent,NN,NN
1166,Bosnia_Herzegovina_2009,0,76,3,authorities,authorities,NNS,NN
1167,Bosnia_Herzegovina_2009,0,76,4,in,in,IN,IN
1168,Bosnia_Herzegovina_2009,0,76,5,Bosnia,bosnia,NNP,NN
1169,Bosnia_Herzegovina_2009,0,76,6,and,and,CC,CC
1170,Bosnia_Herzegovina_2009,0,76,7,Herzegovina,herzegovina,NNP,NN
1171,Bosnia_Herzegovina_2009,0,76,8,shall,shall,MD,MD
1172,Bosnia_Herzegovina_2009,0,76,9,cooperate,cooperate,VB,VB
1173,Bosnia_Herzegovina_2009,0,76,10,with,with,IN,IN
1174,Bosnia_Herzegovina_2009,0,76,11,and,and,CC,CC
1175,Bosnia_Herzegovina_2009,0,76,12,provide,provide,VB,VB
1176,Bosnia_Herzegovina_2009,0,76,13,unrestricted,unrestricted,JJ,JJ
1177,Bosnia_Herzegovina_2009,0,76,14,access,access,NN,NN
1178,Bosnia_Herzegovina_2009,0,76,15,to,to,TO,TO
1179,Bosnia_Herzegovina_2009,0,76,17,any,any,DT,DT
1180,Bosnia_Herzegovina_2009,0,76,18,international,international,JJ,JJ
1181,Bosnia_Herzegovina_2009,0,76,19,human,human,JJ,JJ
1182,Bosnia_Herzegovina_2009,0,76,20,rights,rights,NNS,NN
1183,Bosnia_Herzegovina_2009,0,76,21,monitoring,monitoring,NN,NN
1184,Bosnia_Herzegovina_2009,0,76,22,mechanisms,mechanisms,NNS,NN
1185,Bosnia_Herzegovina_2009,0,76,23,established,established,VBN,VB
1186,Bosnia_Herzegovina_2009,0,76,24,for,for,IN,IN
1187,Bosnia_Herzegovina_2009,0,76,25,Bosnia,bosnia,NNP,NN
1188,Bosnia_Herzegovina_2009,0,76,26,and,and,CC,CC
1189,Bosnia_Herzegovina_2009,0,76,27,Herzegovina,herzegovina,NNP,NN
1190,Bosnia_Herzegovina_2009,0,76,29,the,the,DT,DT
1191,Bosnia_Herzegovina_2009,0,76,30,supervisory,supervisory,NN,NN
1192,Bosnia_Herzegovina_2009,0,76,31,bodies,bodies,NNS,NN
1193,Bosnia_Herzegovina_2009,0,76,32,established,established,VBN,VB
1194,Bosnia_Herzegovina_2009,0,76,33,by,by,IN,IN
1195,Bosnia_Herzegovina_2009,0,76,34,any,any,DT,DT
1196,Bosnia_Herzegovina_2009,0,76,35,of,of,IN,IN
1197,Bosnia_Herzegovina_2009,0,76,36,the,the,DT,DT
1198,Bosnia_Herzegovina_2009,0,76,37,international,international,JJ,JJ
1199,Bosnia_Herzegovina_2009,0,76,38,agreements,agreements,NNS,NN
1200,Bosnia_Herzegovina_2009,0,76,39,listed,listed,VBN,VB
1201,Bosnia_Herzegovina_2009,0,76,40,in,in,IN,IN
1202,Bosnia_Herzegovina_2009,0,76,41,Annex,annex,NNP,NN
1203,Bosnia_Herzegovina_2009,0,76,42,I,i,PRP,PR
1204,Bosnia_Herzegovina_2009,0,76,43,to,to,TO,TO
1205,Bosnia_Herzegovina_2009,0,76,44,this,this,DT,DT
1206,Bosnia_Herzegovina_2009,0,76,45,Constitution,constitution,NNP,NN
1207,Bosnia_Herzegovina_2009,0,76,47,the,the,DT,DT
1208,Bosnia_Herzegovina_2009,0,76,48,International,international,NNP,NN
1209,Bosnia_Herzegovina_2009,0,76,49,Tribunal,tribunal,NNP,NN
1210,Bosnia_Herzegovina_2009,0,76,50,for,for,IN,IN
1211,Bosnia_Herzegovina_2009,0,76,51,the,the,DT,DT
1212,Bosnia_Herzegovina_2009,0,76,52,Former,former,NNP,NN
1213,Bosnia_Herzegovina_2009,0,76,53,Yugoslavia,yugoslavia,NNP,NN
1214,Bosnia_Herzegovina_2009,0,76,55,and,and,CC,CC
1215,Bosnia_Herzegovina_2009,0,76,56,in,in,IN,IN
1216,Bosnia_Herzegovina_2009,0,76,57,particular,particular,JJ,JJ
1217,Bosnia_Herzegovina_2009,0,76,58,shall,shall,MD,MD
1218,Bosnia_Herzegovina_2009,0,76,59,comply,comply,VB,VB
1219,Bosnia_Herzegovina_2009,0,76,60,with,with,IN,IN
1220,Bosnia_Herzegovina_2009,0,76,61,orders,orders,NNS,NN
1221,Bosnia_Herzegovina_2009,0,76,62,issued,issued,VBN,VB
1222,Bosnia_Herzegovina_2009,0,76,63,pursuant,pursuant,NN,NN
1223,Bosnia_Herzegovina_2009,0,76,64,to,to,TO,TO
1224,Bosnia_Herzegovina_2009,0,76,65,Article,article,NNP,NN
1225,Bosnia_Herzegovina_2009,0,76,66,29,29,CD,CD
1226,Bosnia_Herzegovina_2009,0,76,67,of,of,IN,IN
1227,Bosnia_Herzegovina_2009,0,76,68,the,the,DT,DT
1228,Bosnia_Herzegovina_2009,0,76,69,Statute,statute,NNP,NN
1229,Bosnia_Herzegovina_2009,0,76,70,of,of,IN,IN
1230,Bosnia_Herzegovina_2009,0,76,71,the,the,DT,DT
1231,Bosnia_Herzegovina_2009,0,76,72,Tribunal,tribunal,NNP,NN
1232,Bosnia_Herzegovina_2009,0,76,75,and,and,CC,CC
1233,Bosnia_Herzegovina_2009,0,76,76,any,any,DT,DT
1234,Bosnia_Herzegovina_2009,0,76,77,other,other,JJ,JJ
1235,Bosnia_Herzegovina_2009,0,76,78,organization,organization,NN,NN
1236,Bosnia_Herzegovina_2009,0,76,79,authorized,authorized,VBN,VB
1237,Bosnia_Herzegovina_2009,0,76,80,by,by,IN,IN
1238,Bosnia_Herzegovina_2009,0,76,81,the,the,DT,DT
1239,Bosnia_Herzegovina_2009,0,76,82,United,united,NNP,NN
1240,Bosnia_Herzegovina_2009,0,76,83,Nations,nations,NNP,NN
1241,Bosnia_Herzegovina_2009,0,76,84,Security,security,NNP,NN
1242,Bosnia_Herzegovina_2009,0,76,85,Council,council,NNP,NN
1243,Bosnia_Herzegovina_2009,0,76,86,with,with,IN,IN
1244,Bosnia_Herzegovina_2009,0,76,87,a,a,DT,DT
1245,Bosnia_Herzegovina_2009,0,76,88,mandate,mandate,NN,NN
1246,Bosnia_Herzegovina_2009,0,76,89,concerning,concerning,VBG,VB
1247,Bosnia_Herzegovina_2009,0,76,90,human,human,JJ,JJ
1248,Bosnia_Herzegovina_2009,0,76,91,rights,rights,NNS,NN
1249,Bosnia_Herzegovina_2009,0,76,92,or,or,CC,CC
1250,Bosnia_Herzegovina_2009,0,76,93,humanitarian,humanitarian,JJ,JJ
1251,Bosnia_Herzegovina_2009,0,76,94,law,law,NN,NN
1252,Bosnia_Herzegovina_2009,0,77,0,Article,article,NN,NN
1253,Bosnia_Herzegovina_2009,0,77,1,III,iii,NNP,NN
1254,Bosnia_Herzegovina_2009,0,78,0,Responsibilities,responsibilities,NNS,NN
1255,Bosnia_Herzegovina_2009,0,78,1,of,of,IN,IN
1256,Bosnia_Herzegovina_2009,0,78,2,and,and,CC,CC
1257,Bosnia_Herzegovina_2009,0,78,3,Relations,relations,NNP,NN
1258,Bosnia_Herzegovina_2009,0,78,4,Between,between,NNP,NN
1259,Bosnia_Herzegovina_2009,0,78,5,the,the,DT,DT
1260,Bosnia_Herzegovina_2009,0,78,6,Institutions,institutions,NNP,NN
1261,Bosnia_Herzegovina_2009,0,78,7,of,of,IN,IN
1262,Bosnia_Herzegovina_2009,0,78,8,Bosnia,bosnia,NNP,NN
1263,Bosnia_Herzegovina_2009,0,78,9,and,and,CC,CC
1264,Bosnia_Herzegovina_2009,0,78,10,Herzegovina,herzegovina,NNP,NN
1265,Bosnia_Herzegovina_2009,0,78,11,and,and,CC,CC
1266,Bosnia_Herzegovina_2009,0,78,12,the,the,DT,DT
1267,Bosnia_Herzegovina_2009,0,78,13,Entities,entities,NNS,NN
1268,Bosnia_Herzegovina_2009,0,78,14,1,1,CD,CD
1269,Bosnia_Herzegovina_2009,0,79,0,Responsibilities,responsibilities,NNS,NN
1270,Bosnia_Herzegovina_2009,0,79,1,of,of,IN,IN
1271,Bosnia_Herzegovina_2009,0,79,2,the,the,DT,DT
1272,Bosnia_Herzegovina_2009,0,79,3,Institutions,institutions,NNP,NN
1273,Bosnia_Herzegovina_2009,0,79,4,of,of,IN,IN
1274,Bosnia_Herzegovina_2009,0,79,5,Bosnia,bosnia,NNP,NN
1275,Bosnia_Herzegovina_2009,0,79,6,and,and,CC,CC
1276,Bosnia_Herzegovina_2009,0,79,7,Herzegovina,herzegovina,NNP,NN
1277,Bosnia_Herzegovina_2009,0,80,0,Share,share,VB,VB
1278,Bosnia_Herzegovina_2009,0,80,1,The,the,DT,DT
1279,Bosnia_Herzegovina_2009,0,80,2,following,following,JJ,JJ
1280,Bosnia_Herzegovina_2009,0,80,3,matters,matters,NNS,NN
1281,Bosnia_Herzegovina_2009,0,80,4,are,are,VBP,VB
1282,Bosnia_Herzegovina_2009,0,80,5,the,the,DT,DT
1283,Bosnia_Herzegovina_2009,0,80,6,responsibility,responsibility,NN,NN
1284,Bosnia_Herzegovina_2009,0,80,7,of,of,IN,IN
1285,Bosnia_Herzegovina_2009,0,80,8,the,the,DT,DT
1286,Bosnia_Herzegovina_2009,0,80,9,institutions,institutions,NNS,NN
1287,Bosnia_Herzegovina_2009,0,80,10,of,of,IN,IN
1288,Bosnia_Herzegovina_2009,0,80,11,Bosnia,bosnia,NNP,NN
1289,Bosnia_Herzegovina_2009,0,80,12,and,and,CC,CC
1290,Bosnia_Herzegovina_2009,0,80,13,Herzegovina,herzegovina,NNP,NN
1291,Bosnia_Herzegovina_2009,0,80,15,a.Foreign,aforeign,NN,NN
1292,Bosnia_Herzegovina_2009,0,80,16,policy,policy,NN,NN
1293,Bosnia_Herzegovina_2009,0,81,0,b.Foreign,bforeign,JJ,JJ
1294,Bosnia_Herzegovina_2009,0,81,1,trade,trade,NN,NN
1295,Bosnia_Herzegovina_2009,0,81,2,policy,policy,NN,NN
1296,Bosnia_Herzegovina_2009,0,82,0,c.Customs,ccustoms,NNS,NN
1297,Bosnia_Herzegovina_2009,0,82,1,policy,policy,NN,NN
1298,Bosnia_Herzegovina_2009,0,83,0,d.Monetary,dmonetary,JJ,JJ
1299,Bosnia_Herzegovina_2009,0,83,1,policy,policy,NN,NN
1300,Bosnia_Herzegovina_2009,0,83,2,as,as,IN,IN
1301,Bosnia_Herzegovina_2009,0,83,3,provided,provided,VBN,VB
1302,Bosnia_Herzegovina_2009,0,83,4,in,in,IN,IN
1303,Bosnia_Herzegovina_2009,0,83,5,Article,article,NNP,NN
1304,Bosnia_Herzegovina_2009,0,83,6,VII,vii,NNP,NN
1305,Bosnia_Herzegovina_2009,0,84,0,e.Finances,efinances,NNS,NN
1306,Bosnia_Herzegovina_2009,0,84,1,of,of,IN,IN
1307,Bosnia_Herzegovina_2009,0,84,2,the,the,DT,DT
1308,Bosnia_Herzegovina_2009,0,84,3,institutions,institutions,NNS,NN
1309,Bosnia_Herzegovina_2009,0,84,4,and,and,CC,CC
1310,Bosnia_Herzegovina_2009,0,84,5,for,for,IN,IN
1311,Bosnia_Herzegovina_2009,0,84,6,the,the,DT,DT
1312,Bosnia_Herzegovina_2009,0,84,7,international,international,JJ,JJ
1313,Bosnia_Herzegovina_2009,0,84,8,obligations,obligations,NNS,NN
1314,Bosnia_Herzegovina_2009,0,84,9,of,of,IN,IN
1315,Bosnia_Herzegovina_2009,0,84,10,Bosnia,bosnia,NNP,NN
1316,Bosnia_Herzegovina_2009,0,84,11,and,and,CC,CC
1317,Bosnia_Herzegovina_2009,0,84,12,Herzegovina,herzegovina,NNP,NN
1318,Bosnia_Herzegovina_2009,0,85,0,f.Immigration,fimmigration,NN,NN
1319,Bosnia_Herzegovina_2009,0,85,2,refugee,refugee,NN,NN
1320,Bosnia_Herzegovina_2009,0,85,4,and,and,CC,CC
1321,Bosnia_Herzegovina_2009,0,85,5,asylum,asylum,NN,NN
1322,Bosnia_Herzegovina_2009,0,85,6,policy,policy,NN,NN
1323,Bosnia_Herzegovina_2009,0,85,7,and,and,CC,CC
1324,Bosnia_Herzegovina_2009,0,85,8,regulation,regulation,NN,NN
1325,Bosnia_Herzegovina_2009,0,86,0,g.International,ginternational,JJ,JJ
1326,Bosnia_Herzegovina_2009,0,86,1,and,and,CC,CC
1327,Bosnia_Herzegovina_2009,0,86,2,inter-Entity,interentity,JJ,JJ
1328,Bosnia_Herzegovina_2009,0,86,3,criminal,criminal,JJ,JJ
1329,Bosnia_Herzegovina_2009,0,86,4,law,law,NN,NN
1330,Bosnia_Herzegovina_2009,0,86,5,enforcement,enforcement,NN,NN
1331,Bosnia_Herzegovina_2009,0,86,7,including,including,VBG,VB
1332,Bosnia_Herzegovina_2009,0,86,8,relations,relations,NNS,NN
1333,Bosnia_Herzegovina_2009,0,86,9,with,with,IN,IN
1334,Bosnia_Herzegovina_2009,0,86,10,Interpol,interpol,NNP,NN
1335,Bosnia_Herzegovina_2009,0,87,0,h.Establishment,hestablishment,NN,NN
1336,Bosnia_Herzegovina_2009,0,87,1,and,and,CC,CC
1337,Bosnia_Herzegovina_2009,0,87,2,operation,operation,NN,NN
1338,Bosnia_Herzegovina_2009,0,87,3,of,of,IN,IN
1339,Bosnia_Herzegovina_2009,0,87,4,common,common,JJ,JJ
1340,Bosnia_Herzegovina_2009,0,87,5,and,and,CC,CC
1341,Bosnia_Herzegovina_2009,0,87,6,international,international,JJ,JJ
1342,Bosnia_Herzegovina_2009,0,87,7,communications,communications,NNS,NN
1343,Bosnia_Herzegovina_2009,0,87,8,facilities,facilities,NNS,NN
1344,Bosnia_Herzegovina_2009,0,88,0,i.Regulation,iregulation,NN,NN
1345,Bosnia_Herzegovina_2009,0,88,1,of,of,IN,IN
1346,Bosnia_Herzegovina_2009,0,88,2,inter-Entity,interentity,JJ,JJ
1347,Bosnia_Herzegovina_2009,0,88,3,transportation,transportation,NN,NN
1348,Bosnia_Herzegovina_2009,0,89,0,j.Air,jair,NN,NN
1349,Bosnia_Herzegovina_2009,0,89,1,traffic,traffic,NN,NN
1350,Bosnia_Herzegovina_2009,0,89,2,control,control,NN,NN
1351,Bosnia_Herzegovina_2009,0,90,0,2,2,CD,CD
1352,Bosnia_Herzegovina_2009,0,91,0,Responsibilities,responsibilities,NNS,NN
1353,Bosnia_Herzegovina_2009,0,91,1,of,of,IN,IN
1354,Bosnia_Herzegovina_2009,0,91,2,the,the,DT,DT
1355,Bosnia_Herzegovina_2009,0,91,3,Entities,entities,NNS,NN
1356,Bosnia_Herzegovina_2009,0,92,0,Share,share,NN,NN
1357,Bosnia_Herzegovina_2009,0,92,1,a,a,DT,DT
1358,Bosnia_Herzegovina_2009,0,93,0,The,the,DT,DT
1359,Bosnia_Herzegovina_2009,0,93,1,Entities,entities,NNPS,NN
1360,Bosnia_Herzegovina_2009,0,93,2,shall,shall,MD,MD
1361,Bosnia_Herzegovina_2009,0,93,3,have,have,VB,VB
1362,Bosnia_Herzegovina_2009,0,93,4,the,the,DT,DT
1363,Bosnia_Herzegovina_2009,0,93,5,right,right,NN,NN
1364,Bosnia_Herzegovina_2009,0,93,6,to,to,TO,TO
1365,Bosnia_Herzegovina_2009,0,93,7,establish,establish,VB,VB
1366,Bosnia_Herzegovina_2009,0,93,8,special,special,JJ,JJ
1367,Bosnia_Herzegovina_2009,0,93,9,parallel,parallel,JJ,JJ
1368,Bosnia_Herzegovina_2009,0,93,10,relationships,relationships,NNS,NN
1369,Bosnia_Herzegovina_2009,0,93,11,with,with,IN,IN
1370,Bosnia_Herzegovina_2009,0,93,12,neighboring,neighboring,JJ,JJ
1371,Bosnia_Herzegovina_2009,0,93,13,states,states,NNS,NN
1372,Bosnia_Herzegovina_2009,0,93,14,consistent,consistent,JJ,JJ
1373,Bosnia_Herzegovina_2009,0,93,15,with,with,IN,IN
1374,Bosnia_Herzegovina_2009,0,93,16,the,the,DT,DT
1375,Bosnia_Herzegovina_2009,0,93,17,sovereignty,sovereignty,NN,NN
1376,Bosnia_Herzegovina_2009,0,93,18,and,and,CC,CC
1377,Bosnia_Herzegovina_2009,0,93,19,territorial,territorial,JJ,JJ
1378,Bosnia_Herzegovina_2009,0,93,20,integrity,integrity,NN,NN
1379,Bosnia_Herzegovina_2009,0,93,21,of,of,IN,IN
1380,Bosnia_Herzegovina_2009,0,93,22,Bosnia,bosnia,NNP,NN
1381,Bosnia_Herzegovina_2009,0,93,23,and,and,CC,CC
1382,Bosnia_Herzegovina_2009,0,93,24,Herzegovina,herzegovina,NNP,NN
1383,Bosnia_Herzegovina_2009,0,94,0,b,b,NN,NN
1384,Bosnia_Herzegovina_2009,0,95,0,Each,each,DT,DT
1385,Bosnia_Herzegovina_2009,0,95,1,Entity,entity,NNP,NN
1386,Bosnia_Herzegovina_2009,0,95,2,shall,shall,MD,MD
1387,Bosnia_Herzegovina_2009,0,95,3,provide,provide,VB,VB
1388,Bosnia_Herzegovina_2009,0,95,4,all,all,DT,DT
1389,Bosnia_Herzegovina_2009,0,95,5,necessary,necessary,JJ,JJ
1390,Bosnia_Herzegovina_2009,0,95,6,assistance,assistance,NN,NN
1391,Bosnia_Herzegovina_2009,0,95,7,to,to,TO,TO
1392,Bosnia_Herzegovina_2009,0,95,8,the,the,DT,DT
1393,Bosnia_Herzegovina_2009,0,95,9,government,government,NN,NN
1394,Bosnia_Herzegovina_2009,0,95,10,of,of,IN,IN
1395,Bosnia_Herzegovina_2009,0,95,11,Bosnia,bosnia,NNP,NN
1396,Bosnia_Herzegovina_2009,0,95,12,and,and,CC,CC
1397,Bosnia_Herzegovina_2009,0,95,13,Herzegovina,herzegovina,NNP,NN
1398,Bosnia_Herzegovina_2009,0,95,14,in,in,IN,IN
1399,Bosnia_Herzegovina_2009,0,95,15,order,order,NN,NN
1400,Bosnia_Herzegovina_2009,0,95,16,to,to,TO,TO
1401,Bosnia_Herzegovina_2009,0,95,17,enable,enable,VB,VB
1402,Bosnia_Herzegovina_2009,0,95,18,it,it,PRP,PR
1403,Bosnia_Herzegovina_2009,0,95,19,to,to,TO,TO
1404,Bosnia_Herzegovina_2009,0,95,20,honor,honor,VB,VB
1405,Bosnia_Herzegovina_2009,0,95,21,the,the,DT,DT
1406,Bosnia_Herzegovina_2009,0,95,22,international,international,JJ,JJ
1407,Bosnia_Herzegovina_2009,0,95,23,obligations,obligations,NNS,NN
1408,Bosnia_Herzegovina_2009,0,95,24,of,of,IN,IN
1409,Bosnia_Herzegovina_2009,0,95,25,Bosnia,bosnia,NNP,NN
1410,Bosnia_Herzegovina_2009,0,95,26,and,and,CC,CC
1411,Bosnia_Herzegovina_2009,0,95,27,Herzegovina,herzegovina,NNP,NN
1412,Bosnia_Herzegovina_2009,0,95,29,provided,provided,VBD,VB
1413,Bosnia_Herzegovina_2009,0,95,30,that,that,IN,IN
1414,Bosnia_Herzegovina_2009,0,95,31,financial,financial,JJ,JJ
1415,Bosnia_Herzegovina_2009,0,95,32,obligations,obligations,NNS,NN
1416,Bosnia_Herzegovina_2009,0,95,33,incurred,incurred,VBN,VB
1417,Bosnia_Herzegovina_2009,0,95,34,by,by,IN,IN
1418,Bosnia_Herzegovina_2009,0,95,35,one,one,CD,CD
1419,Bosnia_Herzegovina_2009,0,95,36,Entity,entity,NN,NN
1420,Bosnia_Herzegovina_2009,0,95,37,without,without,IN,IN
1421,Bosnia_Herzegovina_2009,0,95,38,the,the,DT,DT
1422,Bosnia_Herzegovina_2009,0,95,39,consent,consent,NN,NN
1423,Bosnia_Herzegovina_2009,0,95,40,of,of,IN,IN
1424,Bosnia_Herzegovina_2009,0,95,41,the,the,DT,DT
1425,Bosnia_Herzegovina_2009,0,95,42,other,other,JJ,JJ
1426,Bosnia_Herzegovina_2009,0,95,43,prior,prior,JJ,JJ
1427,Bosnia_Herzegovina_2009,0,95,44,to,to,TO,TO
1428,Bosnia_Herzegovina_2009,0,95,45,the,the,DT,DT
1429,Bosnia_Herzegovina_2009,0,95,46,election,election,NN,NN
1430,Bosnia_Herzegovina_2009,0,95,47,of,of,IN,IN
1431,Bosnia_Herzegovina_2009,0,95,48,the,the,DT,DT
1432,Bosnia_Herzegovina_2009,0,95,49,Parliamentary,parliamentary,NNP,NN
1433,Bosnia_Herzegovina_2009,0,95,50,Assembly,assembly,NNP,NN
1434,Bosnia_Herzegovina_2009,0,95,51,and,and,CC,CC
1435,Bosnia_Herzegovina_2009,0,95,52,Presidency,presidency,NNP,NN
1436,Bosnia_Herzegovina_2009,0,95,53,of,of,IN,IN
1437,Bosnia_Herzegovina_2009,0,95,54,Bosnia,bosnia,NNP,NN
1438,Bosnia_Herzegovina_2009,0,95,55,and,and,CC,CC
1439,Bosnia_Herzegovina_2009,0,95,56,Herzegovina,herzegovina,NNP,NN
1440,Bosnia_Herzegovina_2009,0,95,57,shall,shall,MD,MD
1441,Bosnia_Herzegovina_2009,0,95,58,be,be,VB,VB
1442,Bosnia_Herzegovina_2009,0,95,59,the,the,DT,DT
1443,Bosnia_Herzegovina_2009,0,95,60,responsibility,responsibility,NN,NN
1444,Bosnia_Herzegovina_2009,0,95,61,of,of,IN,IN
1445,Bosnia_Herzegovina_2009,0,95,62,that,that,DT,DT
1446,Bosnia_Herzegovina_2009,0,95,63,Entity,entity,NNP,NN
1447,Bosnia_Herzegovina_2009,0,95,65,except,except,VBD,VB
1448,Bosnia_Herzegovina_2009,0,95,66,insofar,insofar,RB,RB
1449,Bosnia_Herzegovina_2009,0,95,67,as,as,IN,IN
1450,Bosnia_Herzegovina_2009,0,95,68,the,the,DT,DT
1451,Bosnia_Herzegovina_2009,0,95,69,obligation,obligation,NN,NN
1452,Bosnia_Herzegovina_2009,0,95,70,is,is,VBZ,VB
1453,Bosnia_Herzegovina_2009,0,95,71,necessary,necessary,JJ,JJ
1454,Bosnia_Herzegovina_2009,0,95,72,for,for,IN,IN
1455,Bosnia_Herzegovina_2009,0,95,73,continuing,continuing,VBG,VB
1456,Bosnia_Herzegovina_2009,0,95,74,the,the,DT,DT
1457,Bosnia_Herzegovina_2009,0,95,75,membership,membership,NN,NN
1458,Bosnia_Herzegovina_2009,0,95,76,of,of,IN,IN
1459,Bosnia_Herzegovina_2009,0,95,77,Bosnia,bosnia,NNP,NN
1460,Bosnia_Herzegovina_2009,0,95,78,and,and,CC,CC
1461,Bosnia_Herzegovina_2009,0,95,79,Herzegovina,herzegovina,NNP,NN
1462,Bosnia_Herzegovina_2009,0,95,80,in,in,IN,IN
1463,Bosnia_Herzegovina_2009,0,95,81,an,an,DT,DT
1464,Bosnia_Herzegovina_2009,0,95,82,international,international,JJ,JJ
1465,Bosnia_Herzegovina_2009,0,95,83,organization,organization,NN,NN
1466,Bosnia_Herzegovina_2009,0,96,0,c.,c,VB,VB
1467,Bosnia_Herzegovina_2009,0,96,1,The,the,DT,DT
1468,Bosnia_Herzegovina_2009,0,96,2,Entities,entities,NNP,NN
1469,Bosnia_Herzegovina_2009,0,96,3,shall,shall,MD,MD
1470,Bosnia_Herzegovina_2009,0,96,4,provide,provide,VB,VB
1471,Bosnia_Herzegovina_2009,0,96,5,a,a,DT,DT
1472,Bosnia_Herzegovina_2009,0,96,6,safe,safe,JJ,JJ
1473,Bosnia_Herzegovina_2009,0,96,7,and,and,CC,CC
1474,Bosnia_Herzegovina_2009,0,96,8,secure,secure,JJ,JJ
1475,Bosnia_Herzegovina_2009,0,96,9,environment,environment,NN,NN
1476,Bosnia_Herzegovina_2009,0,96,10,for,for,IN,IN
1477,Bosnia_Herzegovina_2009,0,96,11,all,all,DT,DT
1478,Bosnia_Herzegovina_2009,0,96,12,persons,persons,NNS,NN
1479,Bosnia_Herzegovina_2009,0,96,13,in,in,IN,IN
1480,Bosnia_Herzegovina_2009,0,96,14,their,their,PRP$,PR
1481,Bosnia_Herzegovina_2009,0,96,15,respective,respective,JJ,JJ
1482,Bosnia_Herzegovina_2009,0,96,16,jurisdictions,jurisdictions,NNS,NN
1483,Bosnia_Herzegovina_2009,0,96,18,by,by,IN,IN
1484,Bosnia_Herzegovina_2009,0,96,19,maintaining,maintaining,VBG,VB
1485,Bosnia_Herzegovina_2009,0,96,20,civilian,civilian,JJ,JJ
1486,Bosnia_Herzegovina_2009,0,96,21,law,law,NN,NN
1487,Bosnia_Herzegovina_2009,0,96,22,enforcement,enforcement,NN,NN
1488,Bosnia_Herzegovina_2009,0,96,23,agencies,agencies,NNS,NN
1489,Bosnia_Herzegovina_2009,0,96,24,operating,operating,VBG,VB
1490,Bosnia_Herzegovina_2009,0,96,25,in,in,IN,IN
1491,Bosnia_Herzegovina_2009,0,96,26,accordance,accordance,NN,NN
1492,Bosnia_Herzegovina_2009,0,96,27,with,with,IN,IN
1493,Bosnia_Herzegovina_2009,0,96,28,internationally,internationally,RB,RB
1494,Bosnia_Herzegovina_2009,0,96,29,recognized,recognized,VBN,VB
1495,Bosnia_Herzegovina_2009,0,96,30,standards,standards,NNS,NN
1496,Bosnia_Herzegovina_2009,0,96,31,and,and,CC,CC
1497,Bosnia_Herzegovina_2009,0,96,32,with,with,IN,IN
1498,Bosnia_Herzegovina_2009,0,96,33,respect,respect,NN,NN
1499,Bosnia_Herzegovina_2009,0,96,34,for,for,IN,IN
1500,Bosnia_Herzegovina_2009,0,96,35,the,the,DT,DT
1501,Bosnia_Herzegovina_2009,0,96,36,internationally,internationally,RB,RB
1502,Bosnia_Herzegovina_2009,0,96,37,recognized,recognized,VBN,VB
1503,Bosnia_Herzegovina_2009,0,96,38,human,human,JJ,JJ
1504,Bosnia_Herzegovina_2009,0,96,39,rights,rights,NNS,NN
1505,Bosnia_Herzegovina_2009,0,96,40,and,and,CC,CC
1506,Bosnia_Herzegovina_2009,0,96,41,fundamental,fundamental,JJ,JJ
1507,Bosnia_Herzegovina_2009,0,96,42,freedoms,freedoms,NNS,NN
1508,Bosnia_Herzegovina_2009,0,96,43,referred,referred,VBD,VB
1509,Bosnia_Herzegovina_2009,0,96,44,to,to,TO,TO
1510,Bosnia_Herzegovina_2009,0,96,45,in,in,IN,IN
1511,Bosnia_Herzegovina_2009,0,96,46,Article,article,NNP,NN
1512,Bosnia_Herzegovina_2009,0,96,47,II,ii,NNP,NN
1513,Bosnia_Herzegovina_2009,0,96,48,above,above,IN,IN
1514,Bosnia_Herzegovina_2009,0,96,50,and,and,CC,CC
1515,Bosnia_Herzegovina_2009,0,96,51,by,by,IN,IN
1516,Bosnia_Herzegovina_2009,0,96,52,taking,taking,VBG,VB
1517,Bosnia_Herzegovina_2009,0,96,53,such,such,JJ,JJ
1518,Bosnia_Herzegovina_2009,0,96,54,other,other,JJ,JJ
1519,Bosnia_Herzegovina_2009,0,96,55,measures,measures,NNS,NN
1520,Bosnia_Herzegovina_2009,0,96,56,as,as,IN,IN
1521,Bosnia_Herzegovina_2009,0,96,57,appropriate,appropriate,NN,NN
1522,Bosnia_Herzegovina_2009,0,97,0,d.,d,NNS,NN
1523,Bosnia_Herzegovina_2009,0,97,1,Each,each,DT,DT
1524,Bosnia_Herzegovina_2009,0,97,2,Entity,entity,NNP,NN
1525,Bosnia_Herzegovina_2009,0,97,3,may,may,MD,MD
1526,Bosnia_Herzegovina_2009,0,97,4,also,also,RB,RB
1527,Bosnia_Herzegovina_2009,0,97,5,enter,enter,VB,VB
1528,Bosnia_Herzegovina_2009,0,97,6,into,into,IN,IN
1529,Bosnia_Herzegovina_2009,0,97,7,agreements,agreements,NNS,NN
1530,Bosnia_Herzegovina_2009,0,97,8,with,with,IN,IN
1531,Bosnia_Herzegovina_2009,0,97,9,states,states,NNS,NN
1532,Bosnia_Herzegovina_2009,0,97,10,and,and,CC,CC
1533,Bosnia_Herzegovina_2009,0,97,11,international,international,JJ,JJ
1534,Bosnia_Herzegovina_2009,0,97,12,organizations,organizations,NNS,NN
1535,Bosnia_Herzegovina_2009,0,97,13,with,with,IN,IN
1536,Bosnia_Herzegovina_2009,0,97,14,the,the,DT,DT
1537,Bosnia_Herzegovina_2009,0,97,15,consent,consent,NN,NN
1538,Bosnia_Herzegovina_2009,0,97,16,of,of,IN,IN
1539,Bosnia_Herzegovina_2009,0,97,17,the,the,DT,DT
1540,Bosnia_Herzegovina_2009,0,97,18,Parliamentary,parliamentary,NNP,NN
1541,Bosnia_Herzegovina_2009,0,97,19,Assembly,assembly,NNP,NN
1542,Bosnia_Herzegovina_2009,0,98,0,The,the,DT,DT
1543,Bosnia_Herzegovina_2009,0,98,1,Parliamentary,parliamentary,NNP,NN
1544,Bosnia_Herzegovina_2009,0,98,2,Assembly,assembly,NNP,NN
1545,Bosnia_Herzegovina_2009,0,98,3,may,may,MD,MD
1546,Bosnia_Herzegovina_2009,0,98,4,provide,provide,VB,VB
1547,Bosnia_Herzegovina_2009,0,98,5,by,by,IN,IN
1548,Bosnia_Herzegovina_2009,0,98,6,law,law,NN,NN
1549,Bosnia_Herzegovina_2009,0,98,7,that,that,WDT,WD
1550,Bosnia_Herzegovina_2009,0,98,8,certain,certain,JJ,JJ
1551,Bosnia_Herzegovina_2009,0,98,9,types,types,NNS,NN
1552,Bosnia_Herzegovina_2009,0,98,10,of,of,IN,IN
1553,Bosnia_Herzegovina_2009,0,98,11,agreements,agreements,NNS,NN
1554,Bosnia_Herzegovina_2009,0,98,12,do,do,VBP,VB
1555,Bosnia_Herzegovina_2009,0,98,13,not,not,RB,RB
1556,Bosnia_Herzegovina_2009,0,98,14,require,require,VB,VB
1557,Bosnia_Herzegovina_2009,0,98,15,such,such,JJ,JJ
1558,Bosnia_Herzegovina_2009,0,98,16,consent,consent,NN,NN
1559,Bosnia_Herzegovina_2009,0,99,0,3,3,CD,CD
1560,Bosnia_Herzegovina_2009,0,100,0,Law,law,NN,NN
1561,Bosnia_Herzegovina_2009,0,100,1,and,and,CC,CC
1562,Bosnia_Herzegovina_2009,0,100,2,Responsibilities,responsibilities,NNS,NN
1563,Bosnia_Herzegovina_2009,0,100,3,of,of,IN,IN
1564,Bosnia_Herzegovina_2009,0,100,4,the,the,DT,DT
1565,Bosnia_Herzegovina_2009,0,100,5,Entities,entities,NNS,NN
1566,Bosnia_Herzegovina_2009,0,100,6,and,and,CC,CC
1567,Bosnia_Herzegovina_2009,0,100,7,the,the,DT,DT
1568,Bosnia_Herzegovina_2009,0,100,8,Institutions,institutions,NNP,NN
1569,Bosnia_Herzegovina_2009,0,101,0,Share,share,NN,NN
1570,Bosnia_Herzegovina_2009,0,101,1,a,a,DT,DT
1571,Bosnia_Herzegovina_2009,0,102,0,All,all,DT,DT
1572,Bosnia_Herzegovina_2009,0,102,1,governmental,governmental,JJ,JJ
1573,Bosnia_Herzegovina_2009,0,102,2,functions,functions,NNS,NN
1574,Bosnia_Herzegovina_2009,0,102,3,and,and,CC,CC
1575,Bosnia_Herzegovina_2009,0,102,4,powers,powers,NNS,NN
1576,Bosnia_Herzegovina_2009,0,102,5,not,not,RB,RB
1577,Bosnia_Herzegovina_2009,0,102,6,expressly,expressly,RB,RB
1578,Bosnia_Herzegovina_2009,0,102,7,assigned,assigned,VBN,VB
1579,Bosnia_Herzegovina_2009,0,102,8,in,in,IN,IN
1580,Bosnia_Herzegovina_2009,0,102,9,this,this,DT,DT
1581,Bosnia_Herzegovina_2009,0,102,10,Constitution,constitution,NN,NN
1582,Bosnia_Herzegovina_2009,0,102,11,to,to,TO,TO
1583,Bosnia_Herzegovina_2009,0,102,12,the,the,DT,DT
1584,Bosnia_Herzegovina_2009,0,102,13,institutions,institutions,NNS,NN
1585,Bosnia_Herzegovina_2009,0,102,14,of,of,IN,IN
1586,Bosnia_Herzegovina_2009,0,102,15,Bosnia,bosnia,NNP,NN
1587,Bosnia_Herzegovina_2009,0,102,16,and,and,CC,CC
1588,Bosnia_Herzegovina_2009,0,102,17,Herzegovina,herzegovina,NNP,NN
1589,Bosnia_Herzegovina_2009,0,102,18,shall,shall,MD,MD
1590,Bosnia_Herzegovina_2009,0,102,19,be,be,VB,VB
1591,Bosnia_Herzegovina_2009,0,102,20,those,those,DT,DT
1592,Bosnia_Herzegovina_2009,0,102,21,of,of,IN,IN
1593,Bosnia_Herzegovina_2009,0,102,22,the,the,DT,DT
1594,Bosnia_Herzegovina_2009,0,102,23,Entities,entities,NNS,NN
1595,Bosnia_Herzegovina_2009,0,103,0,b,b,NN,NN
1596,Bosnia_Herzegovina_2009,0,104,0,The,the,DT,DT
1597,Bosnia_Herzegovina_2009,0,104,1,Entities,entities,NNS,NN
1598,Bosnia_Herzegovina_2009,0,104,2,and,and,CC,CC
1599,Bosnia_Herzegovina_2009,0,104,3,any,any,DT,DT
1600,Bosnia_Herzegovina_2009,0,104,4,subdivisions,subdivisions,NNS,NN
1601,Bosnia_Herzegovina_2009,0,104,5,thereof,thereof,VBP,VB
1602,Bosnia_Herzegovina_2009,0,104,6,shall,shall,MD,MD
1603,Bosnia_Herzegovina_2009,0,104,7,comply,comply,VB,VB
1604,Bosnia_Herzegovina_2009,0,104,8,fully,fully,RB,RB
1605,Bosnia_Herzegovina_2009,0,104,9,with,with,IN,IN
1606,Bosnia_Herzegovina_2009,0,104,10,this,this,DT,DT
1607,Bosnia_Herzegovina_2009,0,104,11,Constitution,constitution,NNP,NN
1608,Bosnia_Herzegovina_2009,0,104,13,which,which,WDT,WD
1609,Bosnia_Herzegovina_2009,0,104,14,supersedes,supersedes,VBZ,VB
1610,Bosnia_Herzegovina_2009,0,104,15,inconsistent,inconsistent,JJ,JJ
1611,Bosnia_Herzegovina_2009,0,104,16,provisions,provisions,NNS,NN
1612,Bosnia_Herzegovina_2009,0,104,17,of,of,IN,IN
1613,Bosnia_Herzegovina_2009,0,104,18,the,the,DT,DT
1614,Bosnia_Herzegovina_2009,0,104,19,law,law,NN,NN
1615,Bosnia_Herzegovina_2009,0,104,20,of,of,IN,IN
1616,Bosnia_Herzegovina_2009,0,104,21,Bosnia,bosnia,NNP,NN
1617,Bosnia_Herzegovina_2009,0,104,22,and,and,CC,CC
1618,Bosnia_Herzegovina_2009,0,104,23,Herzegovina,herzegovina,NNP,NN
1619,Bosnia_Herzegovina_2009,0,104,24,and,and,CC,CC
1620,Bosnia_Herzegovina_2009,0,104,25,of,of,IN,IN
1621,Bosnia_Herzegovina_2009,0,104,26,the,the,DT,DT
1622,Bosnia_Herzegovina_2009,0,104,27,constitutions,constitutions,NNS,NN
1623,Bosnia_Herzegovina_2009,0,104,28,and,and,CC,CC
1624,Bosnia_Herzegovina_2009,0,104,29,law,law,NN,NN
1625,Bosnia_Herzegovina_2009,0,104,30,of,of,IN,IN
1626,Bosnia_Herzegovina_2009,0,104,31,the,the,DT,DT
1627,Bosnia_Herzegovina_2009,0,104,32,Entities,entities,NNS,NN
1628,Bosnia_Herzegovina_2009,0,104,34,and,and,CC,CC
1629,Bosnia_Herzegovina_2009,0,104,35,with,with,IN,IN
1630,Bosnia_Herzegovina_2009,0,104,36,the,the,DT,DT
1631,Bosnia_Herzegovina_2009,0,104,37,decisions,decisions,NNS,NN
1632,Bosnia_Herzegovina_2009,0,104,38,of,of,IN,IN
1633,Bosnia_Herzegovina_2009,0,104,39,the,the,DT,DT
1634,Bosnia_Herzegovina_2009,0,104,40,institutions,institutions,NNS,NN
1635,Bosnia_Herzegovina_2009,0,104,41,of,of,IN,IN
1636,Bosnia_Herzegovina_2009,0,104,42,Bosnia,bosnia,NNP,NN
1637,Bosnia_Herzegovina_2009,0,104,43,and,and,CC,CC
1638,Bosnia_Herzegovina_2009,0,104,44,Herzegovina,herzegovina,NNP,NN
1639,Bosnia_Herzegovina_2009,0,105,0,The,the,DT,DT
1640,Bosnia_Herzegovina_2009,0,105,1,general,general,JJ,JJ
1641,Bosnia_Herzegovina_2009,0,105,2,principles,principles,NNS,NN
1642,Bosnia_Herzegovina_2009,0,105,3,of,of,IN,IN
1643,Bosnia_Herzegovina_2009,0,105,4,international,international,JJ,JJ
1644,Bosnia_Herzegovina_2009,0,105,5,law,law,NN,NN
1645,Bosnia_Herzegovina_2009,0,105,6,shall,shall,MD,MD
1646,Bosnia_Herzegovina_2009,0,105,7,be,be,VB,VB
1647,Bosnia_Herzegovina_2009,0,105,8,an,an,DT,DT
1648,Bosnia_Herzegovina_2009,0,105,9,integral,integral,JJ,JJ
1649,Bosnia_Herzegovina_2009,0,105,10,part,part,NN,NN
1650,Bosnia_Herzegovina_2009,0,105,11,of,of,IN,IN
1651,Bosnia_Herzegovina_2009,0,105,12,the,the,DT,DT
1652,Bosnia_Herzegovina_2009,0,105,13,law,law,NN,NN
1653,Bosnia_Herzegovina_2009,0,105,14,of,of,IN,IN
1654,Bosnia_Herzegovina_2009,0,105,15,Bosnia,bosnia,NNP,NN
1655,Bosnia_Herzegovina_2009,0,105,16,and,and,CC,CC
1656,Bosnia_Herzegovina_2009,0,105,17,Herzegovina,herzegovina,NNP,NN
1657,Bosnia_Herzegovina_2009,0,105,18,and,and,CC,CC
1658,Bosnia_Herzegovina_2009,0,105,19,the,the,DT,DT
1659,Bosnia_Herzegovina_2009,0,105,20,Entities,entities,NNS,NN
1660,Bosnia_Herzegovina_2009,0,106,0,4,4,CD,CD
1661,Bosnia_Herzegovina_2009,0,107,0,Coordination,coordination,NN,NN
1662,Bosnia_Herzegovina_2009,0,108,0,Share,share,NN,NN
1663,Bosnia_Herzegovina_2009,0,108,1,The,the,DT,DT
1664,Bosnia_Herzegovina_2009,0,108,2,Presidency,presidency,NNP,NN
1665,Bosnia_Herzegovina_2009,0,108,3,may,may,MD,MD
1666,Bosnia_Herzegovina_2009,0,108,4,decide,decide,VB,VB
1667,Bosnia_Herzegovina_2009,0,108,5,to,to,TO,TO
1668,Bosnia_Herzegovina_2009,0,108,6,facilitate,facilitate,VB,VB
1669,Bosnia_Herzegovina_2009,0,108,7,inter-Entity,interentity,JJ,JJ
1670,Bosnia_Herzegovina_2009,0,108,8,coordination,coordination,NN,NN
1671,Bosnia_Herzegovina_2009,0,108,9,on,on,IN,IN
1672,Bosnia_Herzegovina_2009,0,108,10,matters,matters,NNS,NN
1673,Bosnia_Herzegovina_2009,0,108,11,not,not,RB,RB
1674,Bosnia_Herzegovina_2009,0,108,12,within,within,IN,IN
1675,Bosnia_Herzegovina_2009,0,108,13,the,the,DT,DT
1676,Bosnia_Herzegovina_2009,0,108,14,responsibilities,responsibilities,NNS,NN
1677,Bosnia_Herzegovina_2009,0,108,15,of,of,IN,IN
1678,Bosnia_Herzegovina_2009,0,108,16,Bosnia,bosnia,NNP,NN
1679,Bosnia_Herzegovina_2009,0,108,17,and,and,CC,CC
1680,Bosnia_Herzegovina_2009,0,108,18,Herzegovina,herzegovina,NNP,NN
1681,Bosnia_Herzegovina_2009,0,108,19,as,as,IN,IN
1682,Bosnia_Herzegovina_2009,0,108,20,provided,provided,VBN,VB
1683,Bosnia_Herzegovina_2009,0,108,21,in,in,IN,IN
1684,Bosnia_Herzegovina_2009,0,108,22,this,this,DT,DT
1685,Bosnia_Herzegovina_2009,0,108,23,Constitution,constitution,NNP,NN
1686,Bosnia_Herzegovina_2009,0,108,25,unless,unless,IN,IN
1687,Bosnia_Herzegovina_2009,0,108,26,an,an,DT,DT
1688,Bosnia_Herzegovina_2009,0,108,27,Entity,entity,NN,NN
1689,Bosnia_Herzegovina_2009,0,108,28,objects,objects,NNS,NN
1690,Bosnia_Herzegovina_2009,0,108,29,in,in,IN,IN
1691,Bosnia_Herzegovina_2009,0,108,30,any,any,DT,DT
1692,Bosnia_Herzegovina_2009,0,108,31,particular,particular,JJ,JJ
1693,Bosnia_Herzegovina_2009,0,108,32,case,case,NN,NN
1694,Bosnia_Herzegovina_2009,0,109,0,5,5,CD,CD
1695,Bosnia_Herzegovina_2009,0,110,0,Additional,additional,JJ,JJ
1696,Bosnia_Herzegovina_2009,0,110,1,Responsibilities,responsibilities,NNS,NN
1697,Bosnia_Herzegovina_2009,0,111,0,Share,share,NNP,NN
1698,Bosnia_Herzegovina_2009,0,111,1,a.,a,NN,NN
1699,Bosnia_Herzegovina_2009,0,111,2,Bosnia,bosnia,NNP,NN
1700,Bosnia_Herzegovina_2009,0,111,3,and,and,CC,CC
1701,Bosnia_Herzegovina_2009,0,111,4,Herzegovina,herzegovina,NNP,NN
1702,Bosnia_Herzegovina_2009,0,111,5,shall,shall,MD,MD
1703,Bosnia_Herzegovina_2009,0,111,6,assume,assume,VB,VB
1704,Bosnia_Herzegovina_2009,0,111,7,responsibility,responsibility,NN,NN
1705,Bosnia_Herzegovina_2009,0,111,8,for,for,IN,IN
1706,Bosnia_Herzegovina_2009,0,111,9,such,such,JJ,JJ
1707,Bosnia_Herzegovina_2009,0,111,10,other,other,JJ,JJ
1708,Bosnia_Herzegovina_2009,0,111,11,matters,matters,NNS,NN
1709,Bosnia_Herzegovina_2009,0,111,12,as,as,IN,IN
1710,Bosnia_Herzegovina_2009,0,111,13,are,are,VBP,VB
1711,Bosnia_Herzegovina_2009,0,111,14,agreed,agreed,VBN,VB
1712,Bosnia_Herzegovina_2009,0,111,15,by,by,IN,IN
1713,Bosnia_Herzegovina_2009,0,111,16,the,the,DT,DT
1714,Bosnia_Herzegovina_2009,0,111,17,Entities,entities,NNS,NN
1715,Bosnia_Herzegovina_2009,0,111,19,are,are,VBP,VB
1716,Bosnia_Herzegovina_2009,0,111,20,provided,provided,VBN,VB
1717,Bosnia_Herzegovina_2009,0,111,21,for,for,IN,IN
1718,Bosnia_Herzegovina_2009,0,111,22,in,in,IN,IN
1719,Bosnia_Herzegovina_2009,0,111,23,Annexes,annexes,NNP,NN
1720,Bosnia_Herzegovina_2009,0,111,24,5,5,CD,CD
1721,Bosnia_Herzegovina_2009,0,111,25,through,through,IN,IN
1722,Bosnia_Herzegovina_2009,0,111,26,8,8,CD,CD
1723,Bosnia_Herzegovina_2009,0,111,27,to,to,TO,TO
1724,Bosnia_Herzegovina_2009,0,111,28,the,the,DT,DT
1725,Bosnia_Herzegovina_2009,0,111,29,General,general,NNP,NN
1726,Bosnia_Herzegovina_2009,0,111,30,Framework,framework,NNP,NN
1727,Bosnia_Herzegovina_2009,0,111,31,Agreement,agreement,NNP,NN
1728,Bosnia_Herzegovina_2009,0,111,33,or,or,CC,CC
1729,Bosnia_Herzegovina_2009,0,111,34,are,are,VBP,VB
1730,Bosnia_Herzegovina_2009,0,111,35,necessary,necessary,JJ,JJ
1731,Bosnia_Herzegovina_2009,0,111,36,to,to,TO,TO
1732,Bosnia_Herzegovina_2009,0,111,37,preserve,preserve,VB,VB
1733,Bosnia_Herzegovina_2009,0,111,38,the,the,DT,DT
1734,Bosnia_Herzegovina_2009,0,111,39,sovereignty,sovereignty,NN,NN
1735,Bosnia_Herzegovina_2009,0,111,41,territorial,territorial,JJ,JJ
1736,Bosnia_Herzegovina_2009,0,111,42,integrity,integrity,NN,NN
1737,Bosnia_Herzegovina_2009,0,111,44,political,political,JJ,JJ
1738,Bosnia_Herzegovina_2009,0,111,45,independence,independence,NN,NN
1739,Bosnia_Herzegovina_2009,0,111,47,and,and,CC,CC
1740,Bosnia_Herzegovina_2009,0,111,48,international,international,JJ,JJ
1741,Bosnia_Herzegovina_2009,0,111,49,personality,personality,NN,NN
1742,Bosnia_Herzegovina_2009,0,111,50,of,of,IN,IN
1743,Bosnia_Herzegovina_2009,0,111,51,Bosnia,bosnia,NNP,NN
1744,Bosnia_Herzegovina_2009,0,111,52,and,and,CC,CC
1745,Bosnia_Herzegovina_2009,0,111,53,Herzegovina,herzegovina,NNP,NN
1746,Bosnia_Herzegovina_2009,0,111,55,in,in,IN,IN
1747,Bosnia_Herzegovina_2009,0,111,56,accordance,accordance,NN,NN
1748,Bosnia_Herzegovina_2009,0,111,57,with,with,IN,IN
1749,Bosnia_Herzegovina_2009,0,111,58,the,the,DT,DT
1750,Bosnia_Herzegovina_2009,0,111,59,division,division,NN,NN
1751,Bosnia_Herzegovina_2009,0,111,60,of,of,IN,IN
1752,Bosnia_Herzegovina_2009,0,111,61,responsibilities,responsibilities,NNS,NN
1753,Bosnia_Herzegovina_2009,0,111,62,between,between,IN,IN
1754,Bosnia_Herzegovina_2009,0,111,63,the,the,DT,DT
1755,Bosnia_Herzegovina_2009,0,111,64,institutions,institutions,NNS,NN
1756,Bosnia_Herzegovina_2009,0,111,65,of,of,IN,IN
1757,Bosnia_Herzegovina_2009,0,111,66,Bosnia,bosnia,NNP,NN
1758,Bosnia_Herzegovina_2009,0,111,67,and,and,CC,CC
1759,Bosnia_Herzegovina_2009,0,111,68,Herzegovina,herzegovina,NNP,NN
1760,Bosnia_Herzegovina_2009,0,112,0,Additional,additional,JJ,JJ
1761,Bosnia_Herzegovina_2009,0,112,1,institutions,institutions,NNS,NN
1762,Bosnia_Herzegovina_2009,0,112,2,may,may,MD,MD
1763,Bosnia_Herzegovina_2009,0,112,3,be,be,VB,VB
1764,Bosnia_Herzegovina_2009,0,112,4,established,established,VBN,VB
1765,Bosnia_Herzegovina_2009,0,112,5,as,as,IN,IN
1766,Bosnia_Herzegovina_2009,0,112,6,necessary,necessary,JJ,JJ
1767,Bosnia_Herzegovina_2009,0,112,7,to,to,TO,TO
1768,Bosnia_Herzegovina_2009,0,112,8,carry,carry,VB,VB
1769,Bosnia_Herzegovina_2009,0,112,9,out,out,RP,RP
1770,Bosnia_Herzegovina_2009,0,112,10,such,such,JJ,JJ
1771,Bosnia_Herzegovina_2009,0,112,11,responsibilities,responsibilities,NNS,NN
1772,Bosnia_Herzegovina_2009,0,113,0,b,b,NN,NN
1773,Bosnia_Herzegovina_2009,0,114,0,Within,within,IN,IN
1774,Bosnia_Herzegovina_2009,0,114,1,six,six,CD,CD
1775,Bosnia_Herzegovina_2009,0,114,2,months,months,NNS,NN
1776,Bosnia_Herzegovina_2009,0,114,3,of,of,IN,IN
1777,Bosnia_Herzegovina_2009,0,114,4,the,the,DT,DT
1778,Bosnia_Herzegovina_2009,0,114,5,entry,entry,NN,NN
1779,Bosnia_Herzegovina_2009,0,114,6,into,into,IN,IN
1780,Bosnia_Herzegovina_2009,0,114,7,force,force,NN,NN
1781,Bosnia_Herzegovina_2009,0,114,8,of,of,IN,IN
1782,Bosnia_Herzegovina_2009,0,114,9,this,this,DT,DT
1783,Bosnia_Herzegovina_2009,0,114,10,Constitution,constitution,NNP,NN
1784,Bosnia_Herzegovina_2009,0,114,12,the,the,DT,DT
1785,Bosnia_Herzegovina_2009,0,114,13,Entities,entities,NNP,NN
1786,Bosnia_Herzegovina_2009,0,114,14,shall,shall,MD,MD
1787,Bosnia_Herzegovina_2009,0,114,15,begin,begin,VB,VB
1788,Bosnia_Herzegovina_2009,0,114,16,negotiations,negotiations,NNS,NN
1789,Bosnia_Herzegovina_2009,0,114,17,with,with,IN,IN
1790,Bosnia_Herzegovina_2009,0,114,18,a,a,DT,DT
1791,Bosnia_Herzegovina_2009,0,114,19,view,view,NN,NN
1792,Bosnia_Herzegovina_2009,0,114,20,to,to,TO,TO
1793,Bosnia_Herzegovina_2009,0,114,21,including,including,VBG,VB
1794,Bosnia_Herzegovina_2009,0,114,22,in,in,IN,IN
1795,Bosnia_Herzegovina_2009,0,114,23,the,the,DT,DT
1796,Bosnia_Herzegovina_2009,0,114,24,responsibilities,responsibilities,NNS,NN
1797,Bosnia_Herzegovina_2009,0,114,25,of,of,IN,IN
1798,Bosnia_Herzegovina_2009,0,114,26,the,the,DT,DT
1799,Bosnia_Herzegovina_2009,0,114,27,institutions,institutions,NNS,NN
1800,Bosnia_Herzegovina_2009,0,114,28,of,of,IN,IN
1801,Bosnia_Herzegovina_2009,0,114,29,Bosnia,bosnia,NNP,NN
1802,Bosnia_Herzegovina_2009,0,114,30,and,and,CC,CC
1803,Bosnia_Herzegovina_2009,0,114,31,Herzegovina,herzegovina,NNP,NN
1804,Bosnia_Herzegovina_2009,0,114,32,other,other,JJ,JJ
1805,Bosnia_Herzegovina_2009,0,114,33,matters,matters,NNS,NN
1806,Bosnia_Herzegovina_2009,0,114,35,including,including,VBG,VB
1807,Bosnia_Herzegovina_2009,0,114,36,utilization,utilization,NN,NN
1808,Bosnia_Herzegovina_2009,0,114,37,of,of,IN,IN
1809,Bosnia_Herzegovina_2009,0,114,38,energy,energy,NN,NN
1810,Bosnia_Herzegovina_2009,0,114,39,resources,resources,NNS,NN
1811,Bosnia_Herzegovina_2009,0,114,40,and,and,CC,CC
1812,Bosnia_Herzegovina_2009,0,114,41,cooperative,cooperative,JJ,JJ
1813,Bosnia_Herzegovina_2009,0,114,42,economic,economic,JJ,JJ
1814,Bosnia_Herzegovina_2009,0,114,43,projects,projects,NNS,NN
1815,Bosnia_Herzegovina_2009,0,115,0,Article,article,NN,NN
1816,Bosnia_Herzegovina_2009,0,115,1,IV,iv,NNP,NN
1817,Bosnia_Herzegovina_2009,0,116,0,Parliamentary,parliamentary,NNP,NN
1818,Bosnia_Herzegovina_2009,0,116,1,Assembly,assembly,NNP,NN
1819,Bosnia_Herzegovina_2009,0,116,2,Share,share,NNP,NN
1820,Bosnia_Herzegovina_2009,0,116,3,The,the,DT,DT
1821,Bosnia_Herzegovina_2009,0,116,4,Parliamentary,parliamentary,NNP,NN
1822,Bosnia_Herzegovina_2009,0,116,5,Assembly,assembly,NNP,NN
1823,Bosnia_Herzegovina_2009,0,116,6,shall,shall,MD,MD
1824,Bosnia_Herzegovina_2009,0,116,7,have,have,VB,VB
1825,Bosnia_Herzegovina_2009,0,116,8,two,two,CD,CD
1826,Bosnia_Herzegovina_2009,0,116,9,chambers,chambers,NNS,NN
1827,Bosnia_Herzegovina_2009,0,116,11,the,the,DT,DT
1828,Bosnia_Herzegovina_2009,0,116,12,House,house,NNP,NN
1829,Bosnia_Herzegovina_2009,0,116,13,of,of,IN,IN
1830,Bosnia_Herzegovina_2009,0,116,14,Peoples,peoples,NNPS,NN
1831,Bosnia_Herzegovina_2009,0,116,15,and,and,CC,CC
1832,Bosnia_Herzegovina_2009,0,116,16,the,the,DT,DT
1833,Bosnia_Herzegovina_2009,0,116,17,House,house,NNP,NN
1834,Bosnia_Herzegovina_2009,0,116,18,of,of,IN,IN
1835,Bosnia_Herzegovina_2009,0,116,19,Representatives,representatives,NNPS,NN
1836,Bosnia_Herzegovina_2009,0,117,0,1,1,CD,CD
1837,Bosnia_Herzegovina_2009,0,118,0,House,house,NNP,NN
1838,Bosnia_Herzegovina_2009,0,118,1,of,of,IN,IN
1839,Bosnia_Herzegovina_2009,0,118,2,Peoples,peoples,NNPS,NN
1840,Bosnia_Herzegovina_2009,0,119,0,Share,share,NN,NN
1841,Bosnia_Herzegovina_2009,0,119,1,The,the,DT,DT
1842,Bosnia_Herzegovina_2009,0,119,2,House,house,NNP,NN
1843,Bosnia_Herzegovina_2009,0,119,3,of,of,IN,IN
1844,Bosnia_Herzegovina_2009,0,119,4,Peoples,peoples,NNPS,NN
1845,Bosnia_Herzegovina_2009,0,119,5,shall,shall,MD,MD
1846,Bosnia_Herzegovina_2009,0,119,6,comprise,comprise,VB,VB
1847,Bosnia_Herzegovina_2009,0,119,7,15,15,CD,CD
1848,Bosnia_Herzegovina_2009,0,119,8,Delegates,delegates,NNS,NN
1849,Bosnia_Herzegovina_2009,0,119,10,two-thirds,twothirds,NNS,NN
1850,Bosnia_Herzegovina_2009,0,119,11,from,from,IN,IN
1851,Bosnia_Herzegovina_2009,0,119,12,the,the,DT,DT
1852,Bosnia_Herzegovina_2009,0,119,13,Federation,federation,NNP,NN
1853,Bosnia_Herzegovina_2009,0,119,15,including,including,VBG,VB
1854,Bosnia_Herzegovina_2009,0,119,16,five,five,CD,CD
1855,Bosnia_Herzegovina_2009,0,119,17,Croats,croats,NNPS,NN
1856,Bosnia_Herzegovina_2009,0,119,18,and,and,CC,CC
1857,Bosnia_Herzegovina_2009,0,119,19,five,five,CD,CD
1858,Bosnia_Herzegovina_2009,0,119,20,Bosniacs,bosniacs,NNP,NN
1859,Bosnia_Herzegovina_2009,0,119,22,and,and,CC,CC
1860,Bosnia_Herzegovina_2009,0,119,23,one-third,onethird,JJ,JJ
1861,Bosnia_Herzegovina_2009,0,119,24,from,from,IN,IN
1862,Bosnia_Herzegovina_2009,0,119,25,the,the,DT,DT
1863,Bosnia_Herzegovina_2009,0,119,26,Republika,republika,NNP,NN
1864,Bosnia_Herzegovina_2009,0,119,27,Srpska,srpska,NNP,NN
1865,Bosnia_Herzegovina_2009,0,119,29,five,five,CD,CD
1866,Bosnia_Herzegovina_2009,0,119,30,Serbs,serbs,NNP,NN
1867,Bosnia_Herzegovina_2009,0,120,0,a,a,DT,DT
1868,Bosnia_Herzegovina_2009,0,121,0,The,the,DT,DT
1869,Bosnia_Herzegovina_2009,0,121,1,designated,designated,VBN,VB
1870,Bosnia_Herzegovina_2009,0,121,2,Croat,croat,NNP,NN
1871,Bosnia_Herzegovina_2009,0,121,3,and,and,CC,CC
1872,Bosnia_Herzegovina_2009,0,121,4,Bosniac,bosniac,NNP,NN
1873,Bosnia_Herzegovina_2009,0,121,5,Delegates,delegates,NNP,NN
1874,Bosnia_Herzegovina_2009,0,121,6,from,from,IN,IN
1875,Bosnia_Herzegovina_2009,0,121,7,the,the,DT,DT
1876,Bosnia_Herzegovina_2009,0,121,8,Federation,federation,NNP,NN
1877,Bosnia_Herzegovina_2009,0,121,9,shall,shall,MD,MD
1878,Bosnia_Herzegovina_2009,0,121,10,be,be,VB,VB
1879,Bosnia_Herzegovina_2009,0,121,11,selected,selected,VBN,VB
1880,Bosnia_Herzegovina_2009,0,121,13,respectively,respectively,RB,RB
1881,Bosnia_Herzegovina_2009,0,121,15,by,by,IN,IN
1882,Bosnia_Herzegovina_2009,0,121,16,the,the,DT,DT
1883,Bosnia_Herzegovina_2009,0,121,17,Croat,croat,NNP,NN
1884,Bosnia_Herzegovina_2009,0,121,18,and,and,CC,CC
1885,Bosnia_Herzegovina_2009,0,121,19,Bosniac,bosniac,NNP,NN
1886,Bosnia_Herzegovina_2009,0,121,20,Delegates,delegates,NNP,NN
1887,Bosnia_Herzegovina_2009,0,121,21,to,to,TO,TO
1888,Bosnia_Herzegovina_2009,0,121,22,the,the,DT,DT
1889,Bosnia_Herzegovina_2009,0,121,23,House,house,NNP,NN
1890,Bosnia_Herzegovina_2009,0,121,24,of,of,IN,IN
1891,Bosnia_Herzegovina_2009,0,121,25,Peoples,peoples,NNPS,NN
1892,Bosnia_Herzegovina_2009,0,121,26,of,of,IN,IN
1893,Bosnia_Herzegovina_2009,0,121,27,the,the,DT,DT
1894,Bosnia_Herzegovina_2009,0,121,28,Federation,federation,NNP,NN
1895,Bosnia_Herzegovina_2009,0,122,0,Delegates,delegates,NNS,NN
1896,Bosnia_Herzegovina_2009,0,122,1,from,from,IN,IN
1897,Bosnia_Herzegovina_2009,0,122,2,the,the,DT,DT
1898,Bosnia_Herzegovina_2009,0,122,3,Republika,republika,NNP,NN
1899,Bosnia_Herzegovina_2009,0,122,4,Srpska,srpska,NNP,NN
1900,Bosnia_Herzegovina_2009,0,122,5,shall,shall,MD,MD
1901,Bosnia_Herzegovina_2009,0,122,6,be,be,VB,VB
1902,Bosnia_Herzegovina_2009,0,122,7,selected,selected,VBN,VB
1903,Bosnia_Herzegovina_2009,0,122,8,by,by,IN,IN
1904,Bosnia_Herzegovina_2009,0,122,9,the,the,DT,DT
1905,Bosnia_Herzegovina_2009,0,122,10,National,national,NNP,NN
1906,Bosnia_Herzegovina_2009,0,122,11,Assembly,assembly,NNP,NN
1907,Bosnia_Herzegovina_2009,0,122,12,of,of,IN,IN
1908,Bosnia_Herzegovina_2009,0,122,13,the,the,DT,DT
1909,Bosnia_Herzegovina_2009,0,122,14,Republika,republika,NNP,NN
1910,Bosnia_Herzegovina_2009,0,122,15,Srpska,srpska,NNP,NN
1911,Bosnia_Herzegovina_2009,0,123,0,b,b,NN,NN
1912,Bosnia_Herzegovina_2009,0,124,0,Nine,nine,JJ,JJ
1913,Bosnia_Herzegovina_2009,0,124,1,members,members,NNS,NN
1914,Bosnia_Herzegovina_2009,0,124,2,of,of,IN,IN
1915,Bosnia_Herzegovina_2009,0,124,3,the,the,DT,DT
1916,Bosnia_Herzegovina_2009,0,124,4,House,house,NNP,NN
1917,Bosnia_Herzegovina_2009,0,124,5,of,of,IN,IN
1918,Bosnia_Herzegovina_2009,0,124,6,Peoples,peoples,NNPS,NN
1919,Bosnia_Herzegovina_2009,0,124,7,shall,shall,MD,MD
1920,Bosnia_Herzegovina_2009,0,124,8,comprise,comprise,VB,VB
1921,Bosnia_Herzegovina_2009,0,124,9,a,a,DT,DT
1922,Bosnia_Herzegovina_2009,0,124,10,quorum,quorum,NN,NN
1923,Bosnia_Herzegovina_2009,0,124,12,provided,provided,VBD,VB
1924,Bosnia_Herzegovina_2009,0,124,13,that,that,IN,IN
1925,Bosnia_Herzegovina_2009,0,124,14,at,at,IN,IN
1926,Bosnia_Herzegovina_2009,0,124,15,least,least,JJS,JJ
1927,Bosnia_Herzegovina_2009,0,124,16,three,three,CD,CD
1928,Bosnia_Herzegovina_2009,0,124,17,Bosniac,bosniac,NNP,NN
1929,Bosnia_Herzegovina_2009,0,124,19,three,three,CD,CD
1930,Bosnia_Herzegovina_2009,0,124,20,Croat,croat,NNP,NN
1931,Bosnia_Herzegovina_2009,0,124,22,and,and,CC,CC
1932,Bosnia_Herzegovina_2009,0,124,23,three,three,CD,CD
1933,Bosnia_Herzegovina_2009,0,124,24,Serb,serb,NNP,NN
1934,Bosnia_Herzegovina_2009,0,124,25,Delegates,delegates,NNPS,NN
1935,Bosnia_Herzegovina_2009,0,124,26,are,are,VBP,VB
1936,Bosnia_Herzegovina_2009,0,124,27,present,present,JJ,JJ
1937,Bosnia_Herzegovina_2009,0,125,0,2,2,CD,CD
1938,Bosnia_Herzegovina_2009,0,126,0,House,house,NNP,NN
1939,Bosnia_Herzegovina_2009,0,126,1,of,of,IN,IN
1940,Bosnia_Herzegovina_2009,0,126,2,Representatives,representatives,NNPS,NN
1941,Bosnia_Herzegovina_2009,0,127,0,Share,share,NN,NN
1942,Bosnia_Herzegovina_2009,0,127,1,The,the,DT,DT
1943,Bosnia_Herzegovina_2009,0,127,2,House,house,NNP,NN
1944,Bosnia_Herzegovina_2009,0,127,3,of,of,IN,IN
1945,Bosnia_Herzegovina_2009,0,127,4,Representatives,representatives,NNPS,NN
1946,Bosnia_Herzegovina_2009,0,127,5,shall,shall,MD,MD
1947,Bosnia_Herzegovina_2009,0,127,6,comprise,comprise,VB,VB
1948,Bosnia_Herzegovina_2009,0,127,7,42,42,CD,CD
1949,Bosnia_Herzegovina_2009,0,127,8,Members,members,NNS,NN
1950,Bosnia_Herzegovina_2009,0,127,10,two-,two,JJ,JJ
1951,Bosnia_Herzegovina_2009,0,127,11,thirds,thirds,NNS,NN
1952,Bosnia_Herzegovina_2009,0,127,12,elected,elected,VBN,VB
1953,Bosnia_Herzegovina_2009,0,127,13,from,from,IN,IN
1954,Bosnia_Herzegovina_2009,0,127,14,the,the,DT,DT
1955,Bosnia_Herzegovina_2009,0,127,15,territory,territory,NN,NN
1956,Bosnia_Herzegovina_2009,0,127,16,of,of,IN,IN
1957,Bosnia_Herzegovina_2009,0,127,17,the,the,DT,DT
1958,Bosnia_Herzegovina_2009,0,127,18,Federation,federation,NNP,NN
1959,Bosnia_Herzegovina_2009,0,127,20,one-third,onethird,NN,NN
1960,Bosnia_Herzegovina_2009,0,127,21,from,from,IN,IN
1961,Bosnia_Herzegovina_2009,0,127,22,the,the,DT,DT
1962,Bosnia_Herzegovina_2009,0,127,23,territory,territory,NN,NN
1963,Bosnia_Herzegovina_2009,0,127,24,of,of,IN,IN
1964,Bosnia_Herzegovina_2009,0,127,25,the,the,DT,DT
1965,Bosnia_Herzegovina_2009,0,127,26,Republika,republika,NNP,NN
1966,Bosnia_Herzegovina_2009,0,127,27,Srpska,srpska,NNP,NN
1967,Bosnia_Herzegovina_2009,0,128,0,a,a,DT,DT
1968,Bosnia_Herzegovina_2009,0,129,0,Members,members,NNS,NN
1969,Bosnia_Herzegovina_2009,0,129,1,of,of,IN,IN
1970,Bosnia_Herzegovina_2009,0,129,2,the,the,DT,DT
1971,Bosnia_Herzegovina_2009,0,129,3,House,house,NNP,NN
1972,Bosnia_Herzegovina_2009,0,129,4,of,of,IN,IN
1973,Bosnia_Herzegovina_2009,0,129,5,Representatives,representatives,NNPS,NN
1974,Bosnia_Herzegovina_2009,0,129,6,shall,shall,MD,MD
1975,Bosnia_Herzegovina_2009,0,129,7,be,be,VB,VB
1976,Bosnia_Herzegovina_2009,0,129,8,directly,directly,RB,RB
1977,Bosnia_Herzegovina_2009,0,129,9,elected,elected,VBN,VB
1978,Bosnia_Herzegovina_2009,0,129,10,from,from,IN,IN
1979,Bosnia_Herzegovina_2009,0,129,11,their,their,PRP$,PR
1980,Bosnia_Herzegovina_2009,0,129,12,Entity,entity,NN,NN
1981,Bosnia_Herzegovina_2009,0,129,13,in,in,IN,IN
1982,Bosnia_Herzegovina_2009,0,129,14,accordance,accordance,NN,NN
1983,Bosnia_Herzegovina_2009,0,129,15,with,with,IN,IN
1984,Bosnia_Herzegovina_2009,0,129,16,an,an,DT,DT
1985,Bosnia_Herzegovina_2009,0,129,17,election,election,NN,NN
1986,Bosnia_Herzegovina_2009,0,129,18,law,law,NN,NN
1987,Bosnia_Herzegovina_2009,0,129,19,to,to,TO,TO
1988,Bosnia_Herzegovina_2009,0,129,20,be,be,VB,VB
1989,Bosnia_Herzegovina_2009,0,129,21,adopted,adopted,VBN,VB
1990,Bosnia_Herzegovina_2009,0,129,22,by,by,IN,IN
1991,Bosnia_Herzegovina_2009,0,129,23,the,the,DT,DT
1992,Bosnia_Herzegovina_2009,0,129,24,Parliamentary,parliamentary,NNP,NN
1993,Bosnia_Herzegovina_2009,0,129,25,Assembly,assembly,NNP,NN
1994,Bosnia_Herzegovina_2009,0,130,0,The,the,DT,DT
1995,Bosnia_Herzegovina_2009,0,130,1,first,first,JJ,JJ
1996,Bosnia_Herzegovina_2009,0,130,2,election,election,NN,NN
1997,Bosnia_Herzegovina_2009,0,130,4,however,however,RB,RB
1998,Bosnia_Herzegovina_2009,0,130,6,shall,shall,MD,MD
1999,Bosnia_Herzegovina_2009,0,130,7,take,take,VB,VB
2000,Bosnia_Herzegovina_2009,0,130,8,place,place,NN,NN
2001,Bosnia_Herzegovina_2009,0,130,9,in,in,IN,IN
2002,Bosnia_Herzegovina_2009,0,130,10,accordance,accordance,NN,NN
2003,Bosnia_Herzegovina_2009,0,130,11,with,with,IN,IN
2004,Bosnia_Herzegovina_2009,0,130,12,Annex,annex,NNP,NN
2005,Bosnia_Herzegovina_2009,0,130,13,3,3,CD,CD
2006,Bosnia_Herzegovina_2009,0,130,14,to,to,TO,TO
2007,Bosnia_Herzegovina_2009,0,130,15,the,the,DT,DT
2008,Bosnia_Herzegovina_2009,0,130,16,General,general,NNP,NN
2009,Bosnia_Herzegovina_2009,0,130,17,Framework,framework,NNP,NN
2010,Bosnia_Herzegovina_2009,0,130,18,Agreement,agreement,NNP,NN
2011,Bosnia_Herzegovina_2009,0,131,0,b,b,NN,NN
2012,Bosnia_Herzegovina_2009,0,132,0,A,a,DT,DT
2013,Bosnia_Herzegovina_2009,0,132,1,majority,majority,NN,NN
2014,Bosnia_Herzegovina_2009,0,132,2,of,of,IN,IN
2015,Bosnia_Herzegovina_2009,0,132,3,all,all,DT,DT
2016,Bosnia_Herzegovina_2009,0,132,4,members,members,NNS,NN
2017,Bosnia_Herzegovina_2009,0,132,5,elected,elected,VBN,VB
2018,Bosnia_Herzegovina_2009,0,132,6,to,to,TO,TO
2019,Bosnia_Herzegovina_2009,0,132,7,the,the,DT,DT
2020,Bosnia_Herzegovina_2009,0,132,8,House,house,NNP,NN
2021,Bosnia_Herzegovina_2009,0,132,9,of,of,IN,IN
2022,Bosnia_Herzegovina_2009,0,132,10,Representatives,representatives,NNPS,NN
2023,Bosnia_Herzegovina_2009,0,132,11,shall,shall,MD,MD
2024,Bosnia_Herzegovina_2009,0,132,12,comprise,comprise,VB,VB
2025,Bosnia_Herzegovina_2009,0,132,13,a,a,DT,DT
2026,Bosnia_Herzegovina_2009,0,132,14,quorum,quorum,NN,NN
2027,Bosnia_Herzegovina_2009,0,133,0,3,3,CD,CD
2028,Bosnia_Herzegovina_2009,0,134,0,Procedures,procedures,NNS,NN
2029,Bosnia_Herzegovina_2009,0,135,0,Share,share,NN,NN
2030,Bosnia_Herzegovina_2009,0,135,1,a,a,DT,DT
2031,Bosnia_Herzegovina_2009,0,136,0,Each,each,DT,DT
2032,Bosnia_Herzegovina_2009,0,136,1,chamber,chamber,NN,NN
2033,Bosnia_Herzegovina_2009,0,136,2,shall,shall,MD,MD
2034,Bosnia_Herzegovina_2009,0,136,3,be,be,VB,VB
2035,Bosnia_Herzegovina_2009,0,136,4,convened,convened,VBN,VB
2036,Bosnia_Herzegovina_2009,0,136,5,in,in,IN,IN
2037,Bosnia_Herzegovina_2009,0,136,6,Sarajevo,sarajevo,NNP,NN
2038,Bosnia_Herzegovina_2009,0,136,7,not,not,RB,RB
2039,Bosnia_Herzegovina_2009,0,136,8,more,more,JJR,JJ
2040,Bosnia_Herzegovina_2009,0,136,9,than,than,IN,IN
2041,Bosnia_Herzegovina_2009,0,136,10,30,30,CD,CD
2042,Bosnia_Herzegovina_2009,0,136,11,days,days,NNS,NN
2043,Bosnia_Herzegovina_2009,0,136,12,after,after,IN,IN
2044,Bosnia_Herzegovina_2009,0,136,13,its,its,PRP$,PR
2045,Bosnia_Herzegovina_2009,0,136,14,selection,selection,NN,NN
2046,Bosnia_Herzegovina_2009,0,136,15,or,or,CC,CC
2047,Bosnia_Herzegovina_2009,0,136,16,election,election,NN,NN
2048,Bosnia_Herzegovina_2009,0,137,0,b,b,NN,NN
2049,Bosnia_Herzegovina_2009,0,138,0,Each,each,DT,DT
2050,Bosnia_Herzegovina_2009,0,138,1,chamber,chamber,NN,NN
2051,Bosnia_Herzegovina_2009,0,138,2,shall,shall,MD,MD
2052,Bosnia_Herzegovina_2009,0,138,3,by,by,IN,IN
2053,Bosnia_Herzegovina_2009,0,138,4,majority,majority,NN,NN
2054,Bosnia_Herzegovina_2009,0,138,5,vote,vote,NN,NN
2055,Bosnia_Herzegovina_2009,0,138,6,adopt,adopt,VBD,VB
2056,Bosnia_Herzegovina_2009,0,138,7,its,its,PRP$,PR
2057,Bosnia_Herzegovina_2009,0,138,8,internal,internal,JJ,JJ
2058,Bosnia_Herzegovina_2009,0,138,9,rules,rules,NNS,NN
2059,Bosnia_Herzegovina_2009,0,138,10,and,and,CC,CC
2060,Bosnia_Herzegovina_2009,0,138,11,select,select,NN,NN
2061,Bosnia_Herzegovina_2009,0,138,12,from,from,IN,IN
2062,Bosnia_Herzegovina_2009,0,138,13,its,its,PRP$,PR
2063,Bosnia_Herzegovina_2009,0,138,14,members,members,NNS,NN
2064,Bosnia_Herzegovina_2009,0,138,15,one,one,CD,CD
2065,Bosnia_Herzegovina_2009,0,138,16,Serb,serb,NNP,NN
2066,Bosnia_Herzegovina_2009,0,138,18,one,one,CD,CD
2067,Bosnia_Herzegovina_2009,0,138,19,Bosniac,bosniac,NNP,NN
2068,Bosnia_Herzegovina_2009,0,138,21,and,and,CC,CC
2069,Bosnia_Herzegovina_2009,0,138,22,one,one,CD,CD
2070,Bosnia_Herzegovina_2009,0,138,23,Croat,croat,NN,NN
2071,Bosnia_Herzegovina_2009,0,138,24,to,to,TO,TO
2072,Bosnia_Herzegovina_2009,0,138,25,serve,serve,VB,VB
2073,Bosnia_Herzegovina_2009,0,138,26,as,as,IN,IN
2074,Bosnia_Herzegovina_2009,0,138,27,its,its,PRP$,PR
2075,Bosnia_Herzegovina_2009,0,138,28,Chair,chair,NNP,NN
2076,Bosnia_Herzegovina_2009,0,138,29,and,and,CC,CC
2077,Bosnia_Herzegovina_2009,0,138,30,Deputy,deputy,NNP,NN
2078,Bosnia_Herzegovina_2009,0,138,31,Chairs,chairs,NNP,NN
2079,Bosnia_Herzegovina_2009,0,138,33,with,with,IN,IN
2080,Bosnia_Herzegovina_2009,0,138,34,the,the,DT,DT
2081,Bosnia_Herzegovina_2009,0,138,35,position,position,NN,NN
2082,Bosnia_Herzegovina_2009,0,138,36,of,of,IN,IN
2083,Bosnia_Herzegovina_2009,0,138,37,Chair,chair,NNP,NN
2084,Bosnia_Herzegovina_2009,0,138,38,rotating,rotating,VBG,VB
2085,Bosnia_Herzegovina_2009,0,138,39,among,among,IN,IN
2086,Bosnia_Herzegovina_2009,0,138,40,the,the,DT,DT
2087,Bosnia_Herzegovina_2009,0,138,41,three,three,CD,CD
2088,Bosnia_Herzegovina_2009,0,138,42,persons,persons,NNS,NN
2089,Bosnia_Herzegovina_2009,0,138,43,selected,selected,VBN,VB
2090,Bosnia_Herzegovina_2009,0,139,0,c.,c,NN,NN
2091,Bosnia_Herzegovina_2009,0,139,1,All,all,DT,DT
2092,Bosnia_Herzegovina_2009,0,139,2,legislation,legislation,NN,NN
2093,Bosnia_Herzegovina_2009,0,139,3,shall,shall,MD,MD
2094,Bosnia_Herzegovina_2009,0,139,4,require,require,VB,VB
2095,Bosnia_Herzegovina_2009,0,139,5,the,the,DT,DT
2096,Bosnia_Herzegovina_2009,0,139,6,approval,approval,NN,NN
2097,Bosnia_Herzegovina_2009,0,139,7,of,of,IN,IN
2098,Bosnia_Herzegovina_2009,0,139,8,both,both,DT,DT
2099,Bosnia_Herzegovina_2009,0,139,9,chambers,chambers,NNS,NN
2100,Bosnia_Herzegovina_2009,0,140,0,d.,d,NN,NN
2101,Bosnia_Herzegovina_2009,0,140,1,All,all,DT,DT
2102,Bosnia_Herzegovina_2009,0,140,2,decisions,decisions,NNS,NN
2103,Bosnia_Herzegovina_2009,0,140,3,in,in,IN,IN
2104,Bosnia_Herzegovina_2009,0,140,4,both,both,DT,DT
2105,Bosnia_Herzegovina_2009,0,140,5,chambers,chambers,NNS,NN
2106,Bosnia_Herzegovina_2009,0,140,6,shall,shall,MD,MD
2107,Bosnia_Herzegovina_2009,0,140,7,be,be,VB,VB
2108,Bosnia_Herzegovina_2009,0,140,8,by,by,IN,IN
2109,Bosnia_Herzegovina_2009,0,140,9,majority,majority,NN,NN
2110,Bosnia_Herzegovina_2009,0,140,10,of,of,IN,IN
2111,Bosnia_Herzegovina_2009,0,140,11,those,those,DT,DT
2112,Bosnia_Herzegovina_2009,0,140,12,present,present,JJ,JJ
2113,Bosnia_Herzegovina_2009,0,140,13,and,and,CC,CC
2114,Bosnia_Herzegovina_2009,0,140,14,voting,voting,NN,NN
2115,Bosnia_Herzegovina_2009,0,141,0,The,the,DT,DT
2116,Bosnia_Herzegovina_2009,0,141,1,Delegates,delegates,NNPS,NN
2117,Bosnia_Herzegovina_2009,0,141,2,and,and,CC,CC
2118,Bosnia_Herzegovina_2009,0,141,3,Members,members,NNPS,NN
2119,Bosnia_Herzegovina_2009,0,141,4,shall,shall,MD,MD
2120,Bosnia_Herzegovina_2009,0,141,5,make,make,VB,VB
2121,Bosnia_Herzegovina_2009,0,141,6,their,their,PRP$,PR
2122,Bosnia_Herzegovina_2009,0,141,7,best,best,JJS,JJ
2123,Bosnia_Herzegovina_2009,0,141,8,efforts,efforts,NNS,NN
2124,Bosnia_Herzegovina_2009,0,141,9,to,to,TO,TO
2125,Bosnia_Herzegovina_2009,0,141,10,see,see,VB,VB
2126,Bosnia_Herzegovina_2009,0,141,11,that,that,IN,IN
2127,Bosnia_Herzegovina_2009,0,141,12,the,the,DT,DT
2128,Bosnia_Herzegovina_2009,0,141,13,majority,majority,NN,NN
2129,Bosnia_Herzegovina_2009,0,141,14,includes,includes,VBZ,VB
2130,Bosnia_Herzegovina_2009,0,141,15,at,at,IN,IN
2131,Bosnia_Herzegovina_2009,0,141,16,least,least,JJS,JJ
2132,Bosnia_Herzegovina_2009,0,141,17,one-third,onethird,JJ,JJ
2133,Bosnia_Herzegovina_2009,0,141,18,of,of,IN,IN
2134,Bosnia_Herzegovina_2009,0,141,19,the,the,DT,DT
2135,Bosnia_Herzegovina_2009,0,141,20,votes,votes,NNS,NN
2136,Bosnia_Herzegovina_2009,0,141,21,of,of,IN,IN
2137,Bosnia_Herzegovina_2009,0,141,22,Delegates,delegates,NNS,NN
2138,Bosnia_Herzegovina_2009,0,141,23,or,or,CC,CC
2139,Bosnia_Herzegovina_2009,0,141,24,Members,members,NNS,NN
2140,Bosnia_Herzegovina_2009,0,141,25,from,from,IN,IN
2141,Bosnia_Herzegovina_2009,0,141,26,the,the,DT,DT
2142,Bosnia_Herzegovina_2009,0,141,27,territory,territory,NN,NN
2143,Bosnia_Herzegovina_2009,0,141,28,of,of,IN,IN
2144,Bosnia_Herzegovina_2009,0,141,29,each,each,DT,DT
2145,Bosnia_Herzegovina_2009,0,141,30,Entity,entity,NNP,NN
2146,Bosnia_Herzegovina_2009,0,142,0,If,if,IN,IN
2147,Bosnia_Herzegovina_2009,0,142,1,a,a,DT,DT
2148,Bosnia_Herzegovina_2009,0,142,2,majority,majority,NN,NN
2149,Bosnia_Herzegovina_2009,0,142,3,vote,vote,NN,NN
2150,Bosnia_Herzegovina_2009,0,142,4,does,does,VBZ,VB
2151,Bosnia_Herzegovina_2009,0,142,5,not,not,RB,RB
2152,Bosnia_Herzegovina_2009,0,142,6,include,include,VB,VB
2153,Bosnia_Herzegovina_2009,0,142,7,one-third,onethird,NN,NN
2154,Bosnia_Herzegovina_2009,0,142,8,of,of,IN,IN
2155,Bosnia_Herzegovina_2009,0,142,9,the,the,DT,DT
2156,Bosnia_Herzegovina_2009,0,142,10,votes,votes,NNS,NN
2157,Bosnia_Herzegovina_2009,0,142,11,of,of,IN,IN
2158,Bosnia_Herzegovina_2009,0,142,12,Delegates,delegates,NNS,NN
2159,Bosnia_Herzegovina_2009,0,142,13,or,or,CC,CC
2160,Bosnia_Herzegovina_2009,0,142,14,Members,members,NNS,NN
2161,Bosnia_Herzegovina_2009,0,142,15,from,from,IN,IN
2162,Bosnia_Herzegovina_2009,0,142,16,the,the,DT,DT
2163,Bosnia_Herzegovina_2009,0,142,17,territory,territory,NN,NN
2164,Bosnia_Herzegovina_2009,0,142,18,of,of,IN,IN
2165,Bosnia_Herzegovina_2009,0,142,19,each,each,DT,DT
2166,Bosnia_Herzegovina_2009,0,142,20,Entity,entity,NNP,NN
2167,Bosnia_Herzegovina_2009,0,142,22,the,the,DT,DT
2168,Bosnia_Herzegovina_2009,0,142,23,Chair,chair,NNP,NN
2169,Bosnia_Herzegovina_2009,0,142,24,and,and,CC,CC
2170,Bosnia_Herzegovina_2009,0,142,25,Deputy,deputy,NNP,NN
2171,Bosnia_Herzegovina_2009,0,142,26,Chairs,chairs,NNP,NN
2172,Bosnia_Herzegovina_2009,0,142,27,shall,shall,MD,MD
2173,Bosnia_Herzegovina_2009,0,142,28,meet,meet,VB,VB
2174,Bosnia_Herzegovina_2009,0,142,29,as,as,IN,IN
2175,Bosnia_Herzegovina_2009,0,142,30,a,a,DT,DT
2176,Bosnia_Herzegovina_2009,0,142,31,commission,commission,NN,NN
2177,Bosnia_Herzegovina_2009,0,142,32,and,and,CC,CC
2178,Bosnia_Herzegovina_2009,0,142,33,attempt,attempt,NN,NN
2179,Bosnia_Herzegovina_2009,0,142,34,to,to,TO,TO
2180,Bosnia_Herzegovina_2009,0,142,35,obtain,obtain,VB,VB
2181,Bosnia_Herzegovina_2009,0,142,36,approval,approval,NN,NN
2182,Bosnia_Herzegovina_2009,0,142,37,within,within,IN,IN
2183,Bosnia_Herzegovina_2009,0,142,38,three,three,CD,CD
2184,Bosnia_Herzegovina_2009,0,142,39,days,days,NNS,NN
2185,Bosnia_Herzegovina_2009,0,142,40,of,of,IN,IN
2186,Bosnia_Herzegovina_2009,0,142,41,the,the,DT,DT
2187,Bosnia_Herzegovina_2009,0,142,42,vote,vote,NN,NN
2188,Bosnia_Herzegovina_2009,0,143,0,If,if,IN,IN
2189,Bosnia_Herzegovina_2009,0,143,1,those,those,DT,DT
2190,Bosnia_Herzegovina_2009,0,143,2,efforts,efforts,NNS,NN
2191,Bosnia_Herzegovina_2009,0,143,3,fail,fail,VBP,VB
2192,Bosnia_Herzegovina_2009,0,143,5,decisions,decisions,NNS,NN
2193,Bosnia_Herzegovina_2009,0,143,6,shall,shall,MD,MD
2194,Bosnia_Herzegovina_2009,0,143,7,be,be,VB,VB
2195,Bosnia_Herzegovina_2009,0,143,8,taken,taken,VBN,VB
2196,Bosnia_Herzegovina_2009,0,143,9,by,by,IN,IN
2197,Bosnia_Herzegovina_2009,0,143,10,a,a,DT,DT
2198,Bosnia_Herzegovina_2009,0,143,11,majority,majority,NN,NN
2199,Bosnia_Herzegovina_2009,0,143,12,of,of,IN,IN
2200,Bosnia_Herzegovina_2009,0,143,13,those,those,DT,DT
2201,Bosnia_Herzegovina_2009,0,143,14,present,present,JJ,JJ
2202,Bosnia_Herzegovina_2009,0,143,15,and,and,CC,CC
2203,Bosnia_Herzegovina_2009,0,143,16,voting,voting,NN,NN
2204,Bosnia_Herzegovina_2009,0,143,18,provided,provided,VBD,VB
2205,Bosnia_Herzegovina_2009,0,143,19,that,that,IN,IN
2206,Bosnia_Herzegovina_2009,0,143,20,the,the,DT,DT
2207,Bosnia_Herzegovina_2009,0,143,21,dissenting,dissenting,NN,NN
2208,Bosnia_Herzegovina_2009,0,143,22,votes,votes,NNS,NN
2209,Bosnia_Herzegovina_2009,0,143,23,do,do,VBP,VB
2210,Bosnia_Herzegovina_2009,0,143,24,not,not,RB,RB
2211,Bosnia_Herzegovina_2009,0,143,25,include,include,VB,VB
2212,Bosnia_Herzegovina_2009,0,143,26,two-thirds,twothirds,NNS,NN
2213,Bosnia_Herzegovina_2009,0,143,27,or,or,CC,CC
2214,Bosnia_Herzegovina_2009,0,143,28,more,more,JJR,JJ
2215,Bosnia_Herzegovina_2009,0,143,29,of,of,IN,IN
2216,Bosnia_Herzegovina_2009,0,143,30,the,the,DT,DT
2217,Bosnia_Herzegovina_2009,0,143,31,Delegates,delegates,NNP,NN
2218,Bosnia_Herzegovina_2009,0,143,32,or,or,CC,CC
2219,Bosnia_Herzegovina_2009,0,143,33,Members,members,NNS,NN
2220,Bosnia_Herzegovina_2009,0,143,34,elected,elected,VBN,VB
2221,Bosnia_Herzegovina_2009,0,143,35,from,from,IN,IN
2222,Bosnia_Herzegovina_2009,0,143,36,either,either,DT,DT
2223,Bosnia_Herzegovina_2009,0,143,37,Entity,entity,NNP,NN
2224,Bosnia_Herzegovina_2009,0,144,0,e.,e,VB,VB
2225,Bosnia_Herzegovina_2009,0,144,1,A,a,DT,DT
2226,Bosnia_Herzegovina_2009,0,144,2,proposed,proposed,VBN,VB
2227,Bosnia_Herzegovina_2009,0,144,3,decision,decision,NN,NN
2228,Bosnia_Herzegovina_2009,0,144,4,of,of,IN,IN
2229,Bosnia_Herzegovina_2009,0,144,5,the,the,DT,DT
2230,Bosnia_Herzegovina_2009,0,144,6,Parliamentary,parliamentary,NNP,NN
2231,Bosnia_Herzegovina_2009,0,144,7,Assembly,assembly,NNP,NN
2232,Bosnia_Herzegovina_2009,0,144,8,may,may,MD,MD
2233,Bosnia_Herzegovina_2009,0,144,9,be,be,VB,VB
2234,Bosnia_Herzegovina_2009,0,144,10,declared,declared,VBN,VB
2235,Bosnia_Herzegovina_2009,0,144,11,to,to,TO,TO
2236,Bosnia_Herzegovina_2009,0,144,12,be,be,VB,VB
2237,Bosnia_Herzegovina_2009,0,144,13,destructive,destructive,JJ,JJ
2238,Bosnia_Herzegovina_2009,0,144,14,of,of,IN,IN
2239,Bosnia_Herzegovina_2009,0,144,15,a,a,DT,DT
2240,Bosnia_Herzegovina_2009,0,144,16,vital,vital,JJ,JJ
2241,Bosnia_Herzegovina_2009,0,144,17,interest,interest,NN,NN
2242,Bosnia_Herzegovina_2009,0,144,18,of,of,IN,IN
2243,Bosnia_Herzegovina_2009,0,144,19,the,the,DT,DT
2244,Bosnia_Herzegovina_2009,0,144,20,Bosniac,bosniac,NNP,NN
2245,Bosnia_Herzegovina_2009,0,144,22,Croat,croat,NNP,NN
2246,Bosnia_Herzegovina_2009,0,144,24,or,or,CC,CC
2247,Bosnia_Herzegovina_2009,0,144,25,Serb,serb,NNP,NN
2248,Bosnia_Herzegovina_2009,0,144,26,people,people,NNS,NN
2249,Bosnia_Herzegovina_2009,0,144,27,by,by,IN,IN
2250,Bosnia_Herzegovina_2009,0,144,28,a,a,DT,DT
2251,Bosnia_Herzegovina_2009,0,144,29,majority,majority,NN,NN
2252,Bosnia_Herzegovina_2009,0,144,30,of,of,IN,IN
2253,Bosnia_Herzegovina_2009,0,144,32,as,as,IN,IN
2254,Bosnia_Herzegovina_2009,0,144,33,appropriate,appropriate,JJ,JJ
2255,Bosnia_Herzegovina_2009,0,144,35,the,the,DT,DT
2256,Bosnia_Herzegovina_2009,0,144,36,Bosniac,bosniac,NNP,NN
2257,Bosnia_Herzegovina_2009,0,144,38,Croat,croat,NNP,NN
2258,Bosnia_Herzegovina_2009,0,144,40,or,or,CC,CC
2259,Bosnia_Herzegovina_2009,0,144,41,Serb,serb,NNP,NN
2260,Bosnia_Herzegovina_2009,0,144,42,Delegates,delegates,NNP,NN
2261,Bosnia_Herzegovina_2009,0,144,43,selected,selected,VBD,VB
2262,Bosnia_Herzegovina_2009,0,144,44,in,in,IN,IN
2263,Bosnia_Herzegovina_2009,0,144,45,accordance,accordance,NN,NN
2264,Bosnia_Herzegovina_2009,0,144,46,with,with,IN,IN
2265,Bosnia_Herzegovina_2009,0,144,47,paragraph,paragraph,NN,NN
2266,Bosnia_Herzegovina_2009,0,144,48,l,l,NN,NN
2267,Bosnia_Herzegovina_2009,0,144,50,a,a,DT,DT
2268,Bosnia_Herzegovina_2009,0,144,52,above,above,IN,IN
2269,Bosnia_Herzegovina_2009,0,145,0,Such,such,JJ,JJ
2270,Bosnia_Herzegovina_2009,0,145,1,a,a,DT,DT
2271,Bosnia_Herzegovina_2009,0,145,2,proposed,proposed,VBN,VB
2272,Bosnia_Herzegovina_2009,0,145,3,decision,decision,NN,NN
2273,Bosnia_Herzegovina_2009,0,145,4,shall,shall,MD,MD
2274,Bosnia_Herzegovina_2009,0,145,5,require,require,VB,VB
2275,Bosnia_Herzegovina_2009,0,145,6,for,for,IN,IN
2276,Bosnia_Herzegovina_2009,0,145,7,approval,approval,NN,NN
2277,Bosnia_Herzegovina_2009,0,145,8,in,in,IN,IN
2278,Bosnia_Herzegovina_2009,0,145,9,the,the,DT,DT
2279,Bosnia_Herzegovina_2009,0,145,10,House,house,NNP,NN
2280,Bosnia_Herzegovina_2009,0,145,11,of,of,IN,IN
2281,Bosnia_Herzegovina_2009,0,145,12,Peoples,peoples,NNPS,NN
2282,Bosnia_Herzegovina_2009,0,145,13,a,a,DT,DT
2283,Bosnia_Herzegovina_2009,0,145,14,majority,majority,NN,NN
2284,Bosnia_Herzegovina_2009,0,145,15,of,of,IN,IN
2285,Bosnia_Herzegovina_2009,0,145,16,the,the,DT,DT
2286,Bosnia_Herzegovina_2009,0,145,17,Bosniac,bosniac,NNP,NN
2287,Bosnia_Herzegovina_2009,0,145,19,of,of,IN,IN
2288,Bosnia_Herzegovina_2009,0,145,20,the,the,DT,DT
2289,Bosnia_Herzegovina_2009,0,145,21,Croat,croat,NNP,NN
2290,Bosnia_Herzegovina_2009,0,145,23,and,and,CC,CC
2291,Bosnia_Herzegovina_2009,0,145,24,of,of,IN,IN
2292,Bosnia_Herzegovina_2009,0,145,25,the,the,DT,DT
2293,Bosnia_Herzegovina_2009,0,145,26,Serb,serb,NNP,NN
2294,Bosnia_Herzegovina_2009,0,145,27,Delegates,delegates,NNP,NN
2295,Bosnia_Herzegovina_2009,0,145,28,present,present,JJ,JJ
2296,Bosnia_Herzegovina_2009,0,145,29,and,and,CC,CC
2297,Bosnia_Herzegovina_2009,0,145,30,voting,voting,NN,NN
2298,Bosnia_Herzegovina_2009,0,146,0,f.,f,NN,NN
2299,Bosnia_Herzegovina_2009,0,146,1,When,when,WRB,WR
2300,Bosnia_Herzegovina_2009,0,146,2,a,a,DT,DT
2301,Bosnia_Herzegovina_2009,0,146,3,majority,majority,NN,NN
2302,Bosnia_Herzegovina_2009,0,146,4,of,of,IN,IN
2303,Bosnia_Herzegovina_2009,0,146,5,the,the,DT,DT
2304,Bosnia_Herzegovina_2009,0,146,6,Bosniac,bosniac,NNP,NN
2305,Bosnia_Herzegovina_2009,0,146,8,of,of,IN,IN
2306,Bosnia_Herzegovina_2009,0,146,9,the,the,DT,DT
2307,Bosnia_Herzegovina_2009,0,146,10,Croat,croat,NNP,NN
2308,Bosnia_Herzegovina_2009,0,146,12,or,or,CC,CC
2309,Bosnia_Herzegovina_2009,0,146,13,of,of,IN,IN
2310,Bosnia_Herzegovina_2009,0,146,14,the,the,DT,DT
2311,Bosnia_Herzegovina_2009,0,146,15,Serb,serb,NNP,NN
2312,Bosnia_Herzegovina_2009,0,146,16,Delegates,delegates,NNP,NN
2313,Bosnia_Herzegovina_2009,0,146,17,objects,objects,VBZ,VB
2314,Bosnia_Herzegovina_2009,0,146,18,to,to,TO,TO
2315,Bosnia_Herzegovina_2009,0,146,19,the,the,DT,DT
2316,Bosnia_Herzegovina_2009,0,146,20,invocation,invocation,NN,NN
2317,Bosnia_Herzegovina_2009,0,146,21,of,of,IN,IN
2318,Bosnia_Herzegovina_2009,0,146,22,paragraph,paragraph,NN,NN
2319,Bosnia_Herzegovina_2009,0,146,24,e,e,NN,NN
2320,Bosnia_Herzegovina_2009,0,146,27,the,the,DT,DT
2321,Bosnia_Herzegovina_2009,0,146,28,Chair,chair,NNP,NN
2322,Bosnia_Herzegovina_2009,0,146,29,of,of,IN,IN
2323,Bosnia_Herzegovina_2009,0,146,30,the,the,DT,DT
2324,Bosnia_Herzegovina_2009,0,146,31,House,house,NNP,NN
2325,Bosnia_Herzegovina_2009,0,146,32,of,of,IN,IN
2326,Bosnia_Herzegovina_2009,0,146,33,Peoples,peoples,NNPS,NN
2327,Bosnia_Herzegovina_2009,0,146,34,shall,shall,MD,MD
2328,Bosnia_Herzegovina_2009,0,146,35,immediately,immediately,RB,RB
2329,Bosnia_Herzegovina_2009,0,146,36,convene,convene,VB,VB
2330,Bosnia_Herzegovina_2009,0,146,37,a,a,DT,DT
2331,Bosnia_Herzegovina_2009,0,146,38,Joint,joint,JJ,JJ
2332,Bosnia_Herzegovina_2009,0,146,39,Commission,commission,NNP,NN
2333,Bosnia_Herzegovina_2009,0,146,40,comprising,comprising,VBG,VB
2334,Bosnia_Herzegovina_2009,0,146,41,three,three,CD,CD
2335,Bosnia_Herzegovina_2009,0,146,42,Delegates,delegates,NNS,NN
2336,Bosnia_Herzegovina_2009,0,146,44,one,one,CD,CD
2337,Bosnia_Herzegovina_2009,0,146,45,each,each,DT,DT
2338,Bosnia_Herzegovina_2009,0,146,46,selected,selected,VBN,VB
2339,Bosnia_Herzegovina_2009,0,146,47,by,by,IN,IN
2340,Bosnia_Herzegovina_2009,0,146,48,the,the,DT,DT
2341,Bosnia_Herzegovina_2009,0,146,49,Bosniac,bosniac,NNP,NN
2342,Bosnia_Herzegovina_2009,0,146,51,by,by,IN,IN
2343,Bosnia_Herzegovina_2009,0,146,52,the,the,DT,DT
2344,Bosnia_Herzegovina_2009,0,146,53,Croat,croat,NNP,NN
2345,Bosnia_Herzegovina_2009,0,146,55,and,and,CC,CC
2346,Bosnia_Herzegovina_2009,0,146,56,by,by,IN,IN
2347,Bosnia_Herzegovina_2009,0,146,57,the,the,DT,DT
2348,Bosnia_Herzegovina_2009,0,146,58,Serb,serb,NNP,NN
2349,Bosnia_Herzegovina_2009,0,146,59,Delegates,delegates,NNP,NN
2350,Bosnia_Herzegovina_2009,0,146,61,to,to,TO,TO
2351,Bosnia_Herzegovina_2009,0,146,62,resolve,resolve,VB,VB
2352,Bosnia_Herzegovina_2009,0,146,63,the,the,DT,DT
2353,Bosnia_Herzegovina_2009,0,146,64,issue,issue,NN,NN
2354,Bosnia_Herzegovina_2009,0,147,0,If,if,IN,IN
2355,Bosnia_Herzegovina_2009,0,147,1,the,the,DT,DT
2356,Bosnia_Herzegovina_2009,0,147,2,Commission,commission,NNP,NN
2357,Bosnia_Herzegovina_2009,0,147,3,fails,fails,NNS,NN
2358,Bosnia_Herzegovina_2009,0,147,4,to,to,TO,TO
2359,Bosnia_Herzegovina_2009,0,147,5,do,do,VB,VB
2360,Bosnia_Herzegovina_2009,0,147,6,so,so,RB,RB
2361,Bosnia_Herzegovina_2009,0,147,7,within,within,IN,IN
2362,Bosnia_Herzegovina_2009,0,147,8,five,five,CD,CD
2363,Bosnia_Herzegovina_2009,0,147,9,days,days,NNS,NN
2364,Bosnia_Herzegovina_2009,0,147,11,the,the,DT,DT
2365,Bosnia_Herzegovina_2009,0,147,12,matter,matter,NN,NN
2366,Bosnia_Herzegovina_2009,0,147,13,will,will,MD,MD
2367,Bosnia_Herzegovina_2009,0,147,14,be,be,VB,VB
2368,Bosnia_Herzegovina_2009,0,147,15,referred,referred,VBN,VB
2369,Bosnia_Herzegovina_2009,0,147,16,to,to,TO,TO
2370,Bosnia_Herzegovina_2009,0,147,17,the,the,DT,DT
2371,Bosnia_Herzegovina_2009,0,147,18,Constitutional,constitutional,NNP,NN
2372,Bosnia_Herzegovina_2009,0,147,19,Court,court,NNP,NN
2373,Bosnia_Herzegovina_2009,0,147,21,which,which,WDT,WD
2374,Bosnia_Herzegovina_2009,0,147,22,shall,shall,MD,MD
2375,Bosnia_Herzegovina_2009,0,147,23,in,in,IN,IN
2376,Bosnia_Herzegovina_2009,0,147,24,an,an,DT,DT
2377,Bosnia_Herzegovina_2009,0,147,25,expedited,expedited,JJ,JJ
2378,Bosnia_Herzegovina_2009,0,147,26,process,process,NN,NN
2379,Bosnia_Herzegovina_2009,0,147,27,review,review,NN,NN
2380,Bosnia_Herzegovina_2009,0,147,28,it,it,PRP,PR
2381,Bosnia_Herzegovina_2009,0,147,29,for,for,IN,IN
2382,Bosnia_Herzegovina_2009,0,147,30,procedural,procedural,JJ,JJ
2383,Bosnia_Herzegovina_2009,0,147,31,regularity,regularity,NN,NN
2384,Bosnia_Herzegovina_2009,0,148,0,g.,g,VB,VB
2385,Bosnia_Herzegovina_2009,0,148,1,The,the,DT,DT
2386,Bosnia_Herzegovina_2009,0,148,2,House,house,NNP,NN
2387,Bosnia_Herzegovina_2009,0,148,3,of,of,IN,IN
2388,Bosnia_Herzegovina_2009,0,148,4,Peoples,peoples,NNPS,NN
2389,Bosnia_Herzegovina_2009,0,148,5,may,may,MD,MD
2390,Bosnia_Herzegovina_2009,0,148,6,be,be,VB,VB
2391,Bosnia_Herzegovina_2009,0,148,7,dissolved,dissolved,VBN,VB
2392,Bosnia_Herzegovina_2009,0,148,8,by,by,IN,IN
2393,Bosnia_Herzegovina_2009,0,148,9,the,the,DT,DT
2394,Bosnia_Herzegovina_2009,0,148,10,Presidency,presidency,NNP,NN
2395,Bosnia_Herzegovina_2009,0,148,11,or,or,CC,CC
2396,Bosnia_Herzegovina_2009,0,148,12,by,by,IN,IN
2397,Bosnia_Herzegovina_2009,0,148,13,the,the,DT,DT
2398,Bosnia_Herzegovina_2009,0,148,14,House,house,NNP,NN
2399,Bosnia_Herzegovina_2009,0,148,15,itself,itself,PRP,PR
2400,Bosnia_Herzegovina_2009,0,148,17,provided,provided,VBD,VB
2401,Bosnia_Herzegovina_2009,0,148,18,that,that,IN,IN
2402,Bosnia_Herzegovina_2009,0,148,19,the,the,DT,DT
2403,Bosnia_Herzegovina_2009,0,148,20,House,house,NNP,NN
2404,Bosnia_Herzegovina_2009,0,148,21,'s,s,POS,PO
2405,Bosnia_Herzegovina_2009,0,148,22,decision,decision,NN,NN
2406,Bosnia_Herzegovina_2009,0,148,23,to,to,TO,TO
2407,Bosnia_Herzegovina_2009,0,148,24,dissolve,dissolve,VB,VB
2408,Bosnia_Herzegovina_2009,0,148,25,is,is,VBZ,VB
2409,Bosnia_Herzegovina_2009,0,148,26,approved,approved,VBN,VB
2410,Bosnia_Herzegovina_2009,0,148,27,by,by,IN,IN
2411,Bosnia_Herzegovina_2009,0,148,28,a,a,DT,DT
2412,Bosnia_Herzegovina_2009,0,148,29,majority,majority,NN,NN
2413,Bosnia_Herzegovina_2009,0,148,30,that,that,WDT,WD
2414,Bosnia_Herzegovina_2009,0,148,31,includes,includes,VBZ,VB
2415,Bosnia_Herzegovina_2009,0,148,32,the,the,DT,DT
2416,Bosnia_Herzegovina_2009,0,148,33,majority,majority,NN,NN
2417,Bosnia_Herzegovina_2009,0,148,34,of,of,IN,IN
2418,Bosnia_Herzegovina_2009,0,148,35,Delegates,delegates,NNS,NN
2419,Bosnia_Herzegovina_2009,0,148,36,from,from,IN,IN
2420,Bosnia_Herzegovina_2009,0,148,37,at,at,IN,IN
2421,Bosnia_Herzegovina_2009,0,148,38,least,least,JJS,JJ
2422,Bosnia_Herzegovina_2009,0,148,39,two,two,CD,CD
2423,Bosnia_Herzegovina_2009,0,148,40,of,of,IN,IN
2424,Bosnia_Herzegovina_2009,0,148,41,the,the,DT,DT
2425,Bosnia_Herzegovina_2009,0,148,42,Bosniac,bosniac,NNP,NN
2426,Bosnia_Herzegovina_2009,0,148,44,Croat,croat,NNP,NN
2427,Bosnia_Herzegovina_2009,0,148,46,or,or,CC,CC
2428,Bosnia_Herzegovina_2009,0,148,47,Serb,serb,NNP,NN
2429,Bosnia_Herzegovina_2009,0,148,48,peoples,peoples,NNS,NN
2430,Bosnia_Herzegovina_2009,0,149,0,The,the,DT,DT
2431,Bosnia_Herzegovina_2009,0,149,1,House,house,NNP,NN
2432,Bosnia_Herzegovina_2009,0,149,2,of,of,IN,IN
2433,Bosnia_Herzegovina_2009,0,149,3,Peoples,peoples,NNPS,NN
2434,Bosnia_Herzegovina_2009,0,149,4,elected,elected,VBN,VB
2435,Bosnia_Herzegovina_2009,0,149,5,in,in,IN,IN
2436,Bosnia_Herzegovina_2009,0,149,6,the,the,DT,DT
2437,Bosnia_Herzegovina_2009,0,149,7,first,first,JJ,JJ
2438,Bosnia_Herzegovina_2009,0,149,8,elections,elections,NNS,NN
2439,Bosnia_Herzegovina_2009,0,149,9,after,after,IN,IN
2440,Bosnia_Herzegovina_2009,0,149,10,the,the,DT,DT
2441,Bosnia_Herzegovina_2009,0,149,11,entry,entry,NN,NN
2442,Bosnia_Herzegovina_2009,0,149,12,into,into,IN,IN
2443,Bosnia_Herzegovina_2009,0,149,13,force,force,NN,NN
2444,Bosnia_Herzegovina_2009,0,149,14,of,of,IN,IN
2445,Bosnia_Herzegovina_2009,0,149,15,this,this,DT,DT
2446,Bosnia_Herzegovina_2009,0,149,16,Constitution,constitution,NNP,NN
2447,Bosnia_Herzegovina_2009,0,149,17,may,may,MD,MD
2448,Bosnia_Herzegovina_2009,0,149,18,not,not,RB,RB
2449,Bosnia_Herzegovina_2009,0,149,20,however,however,RB,RB
2450,Bosnia_Herzegovina_2009,0,149,22,be,be,VB,VB
2451,Bosnia_Herzegovina_2009,0,149,23,dissolved,dissolved,VBN,VB
2452,Bosnia_Herzegovina_2009,0,150,0,h.,h,NN,NN
2453,Bosnia_Herzegovina_2009,0,150,1,Decisions,decisions,NNS,NN
2454,Bosnia_Herzegovina_2009,0,150,2,of,of,IN,IN
2455,Bosnia_Herzegovina_2009,0,150,3,the,the,DT,DT
2456,Bosnia_Herzegovina_2009,0,150,4,Parliamentary,parliamentary,NNP,NN
2457,Bosnia_Herzegovina_2009,0,150,5,Assembly,assembly,NNP,NN
2458,Bosnia_Herzegovina_2009,0,150,6,shall,shall,MD,MD
2459,Bosnia_Herzegovina_2009,0,150,7,not,not,RB,RB
2460,Bosnia_Herzegovina_2009,0,150,8,take,take,VB,VB
2461,Bosnia_Herzegovina_2009,0,150,9,effect,effect,NN,NN
2462,Bosnia_Herzegovina_2009,0,150,10,before,before,IN,IN
2463,Bosnia_Herzegovina_2009,0,150,11,publication,publication,NN,NN
2464,Bosnia_Herzegovina_2009,0,151,0,i,i,NN,NN
2465,Bosnia_Herzegovina_2009,0,152,0,Both,both,DT,DT
2466,Bosnia_Herzegovina_2009,0,152,1,chambers,chambers,NNS,NN
2467,Bosnia_Herzegovina_2009,0,152,2,shall,shall,MD,MD
2468,Bosnia_Herzegovina_2009,0,152,3,publish,publish,VB,VB
2469,Bosnia_Herzegovina_2009,0,152,4,a,a,DT,DT
2470,Bosnia_Herzegovina_2009,0,152,5,complete,complete,JJ,JJ
2471,Bosnia_Herzegovina_2009,0,152,6,record,record,NN,NN
2472,Bosnia_Herzegovina_2009,0,152,7,of,of,IN,IN
2473,Bosnia_Herzegovina_2009,0,152,8,their,their,PRP$,PR
2474,Bosnia_Herzegovina_2009,0,152,9,deliberations,deliberations,NNS,NN
2475,Bosnia_Herzegovina_2009,0,152,10,and,and,CC,CC
2476,Bosnia_Herzegovina_2009,0,152,11,shall,shall,MD,MD
2477,Bosnia_Herzegovina_2009,0,152,13,save,save,VB,VB
2478,Bosnia_Herzegovina_2009,0,152,14,in,in,IN,IN
2479,Bosnia_Herzegovina_2009,0,152,15,exceptional,exceptional,JJ,JJ
2480,Bosnia_Herzegovina_2009,0,152,16,circumstances,circumstances,NNS,NN
2481,Bosnia_Herzegovina_2009,0,152,17,in,in,IN,IN
2482,Bosnia_Herzegovina_2009,0,152,18,accordance,accordance,NN,NN
2483,Bosnia_Herzegovina_2009,0,152,19,with,with,IN,IN
2484,Bosnia_Herzegovina_2009,0,152,20,their,their,PRP$,PR
2485,Bosnia_Herzegovina_2009,0,152,21,rules,rules,NNS,NN
2486,Bosnia_Herzegovina_2009,0,152,23,deliberate,deliberate,NN,NN
2487,Bosnia_Herzegovina_2009,0,152,24,publicly,publicly,RB,RB
2488,Bosnia_Herzegovina_2009,0,153,0,j,j,NN,NN
2489,Bosnia_Herzegovina_2009,0,154,0,Delegates,delegates,NNS,NN
2490,Bosnia_Herzegovina_2009,0,154,1,and,and,CC,CC
2491,Bosnia_Herzegovina_2009,0,154,2,Members,members,NNS,NN
2492,Bosnia_Herzegovina_2009,0,154,3,shall,shall,MD,MD
2493,Bosnia_Herzegovina_2009,0,154,4,not,not,RB,RB
2494,Bosnia_Herzegovina_2009,0,154,5,be,be,VB,VB
2495,Bosnia_Herzegovina_2009,0,154,6,held,held,VBN,VB
2496,Bosnia_Herzegovina_2009,0,154,7,criminally,criminally,RB,RB
2497,Bosnia_Herzegovina_2009,0,154,8,or,or,CC,CC
2498,Bosnia_Herzegovina_2009,0,154,9,civilly,civilly,RB,RB
2499,Bosnia_Herzegovina_2009,0,154,10,liable,liable,JJ,JJ
2500,Bosnia_Herzegovina_2009,0,154,11,for,for,IN,IN
2501,Bosnia_Herzegovina_2009,0,154,12,any,any,DT,DT
2502,Bosnia_Herzegovina_2009,0,154,13,acts,acts,NNS,NN
2503,Bosnia_Herzegovina_2009,0,154,14,carried,carried,VBD,VB
2504,Bosnia_Herzegovina_2009,0,154,15,out,out,IN,IN
2505,Bosnia_Herzegovina_2009,0,154,16,within,within,IN,IN
2506,Bosnia_Herzegovina_2009,0,154,17,the,the,DT,DT
2507,Bosnia_Herzegovina_2009,0,154,18,scope,scope,NN,NN
2508,Bosnia_Herzegovina_2009,0,154,19,of,of,IN,IN
2509,Bosnia_Herzegovina_2009,0,154,20,their,their,PRP$,PR
2510,Bosnia_Herzegovina_2009,0,154,21,duties,duties,NNS,NN
2511,Bosnia_Herzegovina_2009,0,154,22,in,in,IN,IN
2512,Bosnia_Herzegovina_2009,0,154,23,the,the,DT,DT
2513,Bosnia_Herzegovina_2009,0,154,24,Parliamentary,parliamentary,NNP,NN
2514,Bosnia_Herzegovina_2009,0,154,25,Assembly,assembly,NNP,NN
2515,Bosnia_Herzegovina_2009,0,155,0,4,4,CD,CD
2516,Bosnia_Herzegovina_2009,0,156,0,Powers,powers,NNS,NN
2517,Bosnia_Herzegovina_2009,0,157,0,Share,share,NN,NN
2518,Bosnia_Herzegovina_2009,0,157,1,The,the,DT,DT
2519,Bosnia_Herzegovina_2009,0,157,2,Parliamentary,parliamentary,NNP,NN
2520,Bosnia_Herzegovina_2009,0,157,3,Assembly,assembly,NNP,NN
2521,Bosnia_Herzegovina_2009,0,157,4,shall,shall,MD,MD
2522,Bosnia_Herzegovina_2009,0,157,5,have,have,VB,VB
2523,Bosnia_Herzegovina_2009,0,157,6,responsibility,responsibility,NN,NN
2524,Bosnia_Herzegovina_2009,0,157,7,for,for,IN,IN
2525,Bosnia_Herzegovina_2009,0,157,9,a.Enacting,aenacting,JJ,JJ
2526,Bosnia_Herzegovina_2009,0,157,10,legislation,legislation,NN,NN
2527,Bosnia_Herzegovina_2009,0,157,11,as,as,IN,IN
2528,Bosnia_Herzegovina_2009,0,157,12,necessary,necessary,JJ,JJ
2529,Bosnia_Herzegovina_2009,0,157,13,to,to,TO,TO
2530,Bosnia_Herzegovina_2009,0,157,14,implement,implement,VB,VB
2531,Bosnia_Herzegovina_2009,0,157,15,decisions,decisions,NNS,NN
2532,Bosnia_Herzegovina_2009,0,157,16,of,of,IN,IN
2533,Bosnia_Herzegovina_2009,0,157,17,the,the,DT,DT
2534,Bosnia_Herzegovina_2009,0,157,18,Presidency,presidency,NNP,NN
2535,Bosnia_Herzegovina_2009,0,157,19,or,or,CC,CC
2536,Bosnia_Herzegovina_2009,0,157,20,to,to,TO,TO
2537,Bosnia_Herzegovina_2009,0,157,21,carry,carry,VB,VB
2538,Bosnia_Herzegovina_2009,0,157,22,out,out,RP,RP
2539,Bosnia_Herzegovina_2009,0,157,23,the,the,DT,DT
2540,Bosnia_Herzegovina_2009,0,157,24,responsibilities,responsibilities,NNS,NN
2541,Bosnia_Herzegovina_2009,0,157,25,of,of,IN,IN
2542,Bosnia_Herzegovina_2009,0,157,26,the,the,DT,DT
2543,Bosnia_Herzegovina_2009,0,157,27,Assembly,assembly,NNP,NN
2544,Bosnia_Herzegovina_2009,0,157,28,under,under,IN,IN
2545,Bosnia_Herzegovina_2009,0,157,29,this,this,DT,DT
2546,Bosnia_Herzegovina_2009,0,157,30,Constitution,constitution,NNP,NN
2547,Bosnia_Herzegovina_2009,0,158,0,b.Deciding,bdeciding,VBG,VB
2548,Bosnia_Herzegovina_2009,0,158,1,upon,upon,IN,IN
2549,Bosnia_Herzegovina_2009,0,158,2,the,the,DT,DT
2550,Bosnia_Herzegovina_2009,0,158,3,sources,sources,NNS,NN
2551,Bosnia_Herzegovina_2009,0,158,4,and,and,CC,CC
2552,Bosnia_Herzegovina_2009,0,158,5,amounts,amounts,NNS,NN
2553,Bosnia_Herzegovina_2009,0,158,6,of,of,IN,IN
2554,Bosnia_Herzegovina_2009,0,158,7,revenues,revenues,NNS,NN
2555,Bosnia_Herzegovina_2009,0,158,8,for,for,IN,IN
2556,Bosnia_Herzegovina_2009,0,158,9,the,the,DT,DT
2557,Bosnia_Herzegovina_2009,0,158,10,operations,operations,NNS,NN
2558,Bosnia_Herzegovina_2009,0,158,11,of,of,IN,IN
2559,Bosnia_Herzegovina_2009,0,158,12,the,the,DT,DT
2560,Bosnia_Herzegovina_2009,0,158,13,institutions,institutions,NNS,NN
2561,Bosnia_Herzegovina_2009,0,158,14,of,of,IN,IN
2562,Bosnia_Herzegovina_2009,0,158,15,Bosnia,bosnia,NNP,NN
2563,Bosnia_Herzegovina_2009,0,158,16,and,and,CC,CC
2564,Bosnia_Herzegovina_2009,0,158,17,Herzegovina,herzegovina,NNP,NN
2565,Bosnia_Herzegovina_2009,0,158,18,and,and,CC,CC
2566,Bosnia_Herzegovina_2009,0,158,19,international,international,JJ,JJ
2567,Bosnia_Herzegovina_2009,0,158,20,obligations,obligations,NNS,NN
2568,Bosnia_Herzegovina_2009,0,158,21,of,of,IN,IN
2569,Bosnia_Herzegovina_2009,0,158,22,Bosnia,bosnia,NNP,NN
2570,Bosnia_Herzegovina_2009,0,158,23,and,and,CC,CC
2571,Bosnia_Herzegovina_2009,0,158,24,Herzegovina,herzegovina,NNP,NN
2572,Bosnia_Herzegovina_2009,0,159,0,c.Approving,capproving,VBG,VB
2573,Bosnia_Herzegovina_2009,0,159,1,a,a,DT,DT
2574,Bosnia_Herzegovina_2009,0,159,2,budget,budget,NN,NN
2575,Bosnia_Herzegovina_2009,0,159,3,for,for,IN,IN
2576,Bosnia_Herzegovina_2009,0,159,4,the,the,DT,DT
2577,Bosnia_Herzegovina_2009,0,159,5,institutions,institutions,NNS,NN
2578,Bosnia_Herzegovina_2009,0,159,6,of,of,IN,IN
2579,Bosnia_Herzegovina_2009,0,159,7,Bosnia,bosnia,NNP,NN
2580,Bosnia_Herzegovina_2009,0,159,8,and,and,CC,CC
2581,Bosnia_Herzegovina_2009,0,159,9,Herzegovina,herzegovina,NNP,NN
2582,Bosnia_Herzegovina_2009,0,160,0,d.Deciding,ddeciding,VBG,VB
2583,Bosnia_Herzegovina_2009,0,160,1,whether,whether,IN,IN
2584,Bosnia_Herzegovina_2009,0,160,2,to,to,TO,TO
2585,Bosnia_Herzegovina_2009,0,160,3,consent,consent,VB,VB
2586,Bosnia_Herzegovina_2009,0,160,4,to,to,TO,TO
2587,Bosnia_Herzegovina_2009,0,160,5,the,the,DT,DT
2588,Bosnia_Herzegovina_2009,0,160,6,ratification,ratification,NN,NN
2589,Bosnia_Herzegovina_2009,0,160,7,of,of,IN,IN
2590,Bosnia_Herzegovina_2009,0,160,8,treaties,treaties,NNS,NN
2591,Bosnia_Herzegovina_2009,0,161,0,e.Such,esuch,RB,RB
2592,Bosnia_Herzegovina_2009,0,161,1,other,other,JJ,JJ
2593,Bosnia_Herzegovina_2009,0,161,2,matters,matters,NNS,NN
2594,Bosnia_Herzegovina_2009,0,161,3,as,as,IN,IN
2595,Bosnia_Herzegovina_2009,0,161,4,are,are,VBP,VB
2596,Bosnia_Herzegovina_2009,0,161,5,necessary,necessary,JJ,JJ
2597,Bosnia_Herzegovina_2009,0,161,6,to,to,TO,TO
2598,Bosnia_Herzegovina_2009,0,161,7,carry,carry,VB,VB
2599,Bosnia_Herzegovina_2009,0,161,8,out,out,RP,RP
2600,Bosnia_Herzegovina_2009,0,161,9,its,its,PRP$,PR
2601,Bosnia_Herzegovina_2009,0,161,10,duties,duties,NNS,NN
2602,Bosnia_Herzegovina_2009,0,161,11,or,or,CC,CC
2603,Bosnia_Herzegovina_2009,0,161,12,as,as,IN,IN
2604,Bosnia_Herzegovina_2009,0,161,13,are,are,VBP,VB
2605,Bosnia_Herzegovina_2009,0,161,14,assigned,assigned,VBN,VB
2606,Bosnia_Herzegovina_2009,0,161,15,to,to,TO,TO
2607,Bosnia_Herzegovina_2009,0,161,16,it,it,PRP,PR
2608,Bosnia_Herzegovina_2009,0,161,17,by,by,IN,IN
2609,Bosnia_Herzegovina_2009,0,161,18,mutual,mutual,JJ,JJ
2610,Bosnia_Herzegovina_2009,0,161,19,agreement,agreement,NN,NN
2611,Bosnia_Herzegovina_2009,0,161,20,of,of,IN,IN
2612,Bosnia_Herzegovina_2009,0,161,21,the,the,DT,DT
2613,Bosnia_Herzegovina_2009,0,161,22,Entities,entities,NNS,NN
2614,Bosnia_Herzegovina_2009,0,162,0,Article,article,NN,NN
2615,Bosnia_Herzegovina_2009,0,162,1,V.,v,NNP,NN
2616,Bosnia_Herzegovina_2009,0,162,2,Presidency,presidency,NNP,NN
2617,Bosnia_Herzegovina_2009,0,162,3,Share,share,NNP,NN
2618,Bosnia_Herzegovina_2009,0,162,4,The,the,DT,DT
2619,Bosnia_Herzegovina_2009,0,162,5,Presidency,presidency,NNP,NN
2620,Bosnia_Herzegovina_2009,0,162,6,of,of,IN,IN
2621,Bosnia_Herzegovina_2009,0,162,7,Bosnia,bosnia,NNP,NN
2622,Bosnia_Herzegovina_2009,0,162,8,and,and,CC,CC
2623,Bosnia_Herzegovina_2009,0,162,9,Herzegovina,herzegovina,NNP,NN
2624,Bosnia_Herzegovina_2009,0,162,10,shall,shall,MD,MD
2625,Bosnia_Herzegovina_2009,0,162,11,consist,consist,VB,VB
2626,Bosnia_Herzegovina_2009,0,162,12,of,of,IN,IN
2627,Bosnia_Herzegovina_2009,0,162,13,three,three,CD,CD
2628,Bosnia_Herzegovina_2009,0,162,14,Members,members,NNS,NN
2629,Bosnia_Herzegovina_2009,0,162,16,one,one,CD,CD
2630,Bosnia_Herzegovina_2009,0,162,17,Bosniac,bosniac,NNP,NN
2631,Bosnia_Herzegovina_2009,0,162,18,and,and,CC,CC
2632,Bosnia_Herzegovina_2009,0,162,19,one,one,CD,CD
2633,Bosnia_Herzegovina_2009,0,162,20,Croat,croat,NNP,NN
2634,Bosnia_Herzegovina_2009,0,162,22,each,each,DT,DT
2635,Bosnia_Herzegovina_2009,0,162,23,directly,directly,RB,RB
2636,Bosnia_Herzegovina_2009,0,162,24,elected,elected,VBN,VB
2637,Bosnia_Herzegovina_2009,0,162,25,from,from,IN,IN
2638,Bosnia_Herzegovina_2009,0,162,26,the,the,DT,DT
2639,Bosnia_Herzegovina_2009,0,162,27,territory,territory,NN,NN
2640,Bosnia_Herzegovina_2009,0,162,28,of,of,IN,IN
2641,Bosnia_Herzegovina_2009,0,162,29,the,the,DT,DT
2642,Bosnia_Herzegovina_2009,0,162,30,Federation,federation,NNP,NN
2643,Bosnia_Herzegovina_2009,0,162,32,and,and,CC,CC
2644,Bosnia_Herzegovina_2009,0,162,33,one,one,CD,CD
2645,Bosnia_Herzegovina_2009,0,162,34,Serb,serb,NNP,NN
2646,Bosnia_Herzegovina_2009,0,162,35,directly,directly,RB,RB
2647,Bosnia_Herzegovina_2009,0,162,36,elected,elected,VBD,VB
2648,Bosnia_Herzegovina_2009,0,162,37,from,from,IN,IN
2649,Bosnia_Herzegovina_2009,0,162,38,the,the,DT,DT
2650,Bosnia_Herzegovina_2009,0,162,39,territory,territory,NN,NN
2651,Bosnia_Herzegovina_2009,0,162,40,of,of,IN,IN
2652,Bosnia_Herzegovina_2009,0,162,41,the,the,DT,DT
2653,Bosnia_Herzegovina_2009,0,162,42,Republika,republika,NNP,NN
2654,Bosnia_Herzegovina_2009,0,162,43,Srpska,srpska,NNP,NN
2655,Bosnia_Herzegovina_2009,0,163,0,1,1,CD,CD
2656,Bosnia_Herzegovina_2009,0,164,0,Election,election,NN,NN
2657,Bosnia_Herzegovina_2009,0,164,1,and,and,CC,CC
2658,Bosnia_Herzegovina_2009,0,164,2,Term,term,NNP,NN
2659,Bosnia_Herzegovina_2009,0,165,0,Share,share,NN,NN
2660,Bosnia_Herzegovina_2009,0,165,1,a,a,DT,DT
2661,Bosnia_Herzegovina_2009,0,166,0,Members,members,NNS,NN
2662,Bosnia_Herzegovina_2009,0,166,1,of,of,IN,IN
2663,Bosnia_Herzegovina_2009,0,166,2,the,the,DT,DT
2664,Bosnia_Herzegovina_2009,0,166,3,Presidency,presidency,NNP,NN
2665,Bosnia_Herzegovina_2009,0,166,4,shall,shall,MD,MD
2666,Bosnia_Herzegovina_2009,0,166,5,be,be,VB,VB
2667,Bosnia_Herzegovina_2009,0,166,6,directly,directly,RB,RB
2668,Bosnia_Herzegovina_2009,0,166,7,elected,elected,VBN,VB
2669,Bosnia_Herzegovina_2009,0,166,8,in,in,IN,IN
2670,Bosnia_Herzegovina_2009,0,166,9,each,each,DT,DT
2671,Bosnia_Herzegovina_2009,0,166,10,Entity,entity,NNP,NN
2672,Bosnia_Herzegovina_2009,0,166,12,with,with,IN,IN
2673,Bosnia_Herzegovina_2009,0,166,13,each,each,DT,DT
2674,Bosnia_Herzegovina_2009,0,166,14,voter,voter,NN,NN
2675,Bosnia_Herzegovina_2009,0,166,15,voting,voting,VBG,VB
2676,Bosnia_Herzegovina_2009,0,166,16,to,to,TO,TO
2677,Bosnia_Herzegovina_2009,0,166,17,fill,fill,VB,VB
2678,Bosnia_Herzegovina_2009,0,166,18,one,one,CD,CD
2679,Bosnia_Herzegovina_2009,0,166,19,seat,seat,NN,NN
2680,Bosnia_Herzegovina_2009,0,166,20,on,on,IN,IN
2681,Bosnia_Herzegovina_2009,0,166,21,the,the,DT,DT
2682,Bosnia_Herzegovina_2009,0,166,22,Presidency,presidency,NNP,NN
2683,Bosnia_Herzegovina_2009,0,166,24,in,in,IN,IN
2684,Bosnia_Herzegovina_2009,0,166,25,accordance,accordance,NN,NN
2685,Bosnia_Herzegovina_2009,0,166,26,with,with,IN,IN
2686,Bosnia_Herzegovina_2009,0,166,27,an,an,DT,DT
2687,Bosnia_Herzegovina_2009,0,166,28,election,election,NN,NN
2688,Bosnia_Herzegovina_2009,0,166,29,law,law,NN,NN
2689,Bosnia_Herzegovina_2009,0,166,30,adopted,adopted,VBN,VB
2690,Bosnia_Herzegovina_2009,0,166,31,by,by,IN,IN
2691,Bosnia_Herzegovina_2009,0,166,32,the,the,DT,DT
2692,Bosnia_Herzegovina_2009,0,166,33,Parliamentary,parliamentary,NNP,NN
2693,Bosnia_Herzegovina_2009,0,166,34,Assembly,assembly,NNP,NN
2694,Bosnia_Herzegovina_2009,0,167,0,The,the,DT,DT
2695,Bosnia_Herzegovina_2009,0,167,1,first,first,JJ,JJ
2696,Bosnia_Herzegovina_2009,0,167,2,election,election,NN,NN
2697,Bosnia_Herzegovina_2009,0,167,4,however,however,RB,RB
2698,Bosnia_Herzegovina_2009,0,167,6,shall,shall,MD,MD
2699,Bosnia_Herzegovina_2009,0,167,7,take,take,VB,VB
2700,Bosnia_Herzegovina_2009,0,167,8,place,place,NN,NN
2701,Bosnia_Herzegovina_2009,0,167,9,in,in,IN,IN
2702,Bosnia_Herzegovina_2009,0,167,10,accordance,accordance,NN,NN
2703,Bosnia_Herzegovina_2009,0,167,11,with,with,IN,IN
2704,Bosnia_Herzegovina_2009,0,167,12,Annex,annex,NNP,NN
2705,Bosnia_Herzegovina_2009,0,167,13,3,3,CD,CD
2706,Bosnia_Herzegovina_2009,0,167,14,to,to,TO,TO
2707,Bosnia_Herzegovina_2009,0,167,15,the,the,DT,DT
2708,Bosnia_Herzegovina_2009,0,167,16,General,general,NNP,NN
2709,Bosnia_Herzegovina_2009,0,167,17,Framework,framework,NNP,NN
2710,Bosnia_Herzegovina_2009,0,167,18,Agreement,agreement,NNP,NN
2711,Bosnia_Herzegovina_2009,0,168,0,Any,any,DT,DT
2712,Bosnia_Herzegovina_2009,0,168,1,vacancy,vacancy,NN,NN
2713,Bosnia_Herzegovina_2009,0,168,2,in,in,IN,IN
2714,Bosnia_Herzegovina_2009,0,168,3,the,the,DT,DT
2715,Bosnia_Herzegovina_2009,0,168,4,Presidency,presidency,NNP,NN
2716,Bosnia_Herzegovina_2009,0,168,5,shall,shall,MD,MD
2717,Bosnia_Herzegovina_2009,0,168,6,be,be,VB,VB
2718,Bosnia_Herzegovina_2009,0,168,7,filled,filled,VBN,VB
2719,Bosnia_Herzegovina_2009,0,168,8,from,from,IN,IN
2720,Bosnia_Herzegovina_2009,0,168,9,the,the,DT,DT
2721,Bosnia_Herzegovina_2009,0,168,10,relevant,relevant,JJ,JJ
2722,Bosnia_Herzegovina_2009,0,168,11,Entity,entity,NN,NN
2723,Bosnia_Herzegovina_2009,0,168,12,in,in,IN,IN
2724,Bosnia_Herzegovina_2009,0,168,13,accordance,accordance,NN,NN
2725,Bosnia_Herzegovina_2009,0,168,14,with,with,IN,IN
2726,Bosnia_Herzegovina_2009,0,168,15,a,a,DT,DT
2727,Bosnia_Herzegovina_2009,0,168,16,law,law,NN,NN
2728,Bosnia_Herzegovina_2009,0,168,17,to,to,TO,TO
2729,Bosnia_Herzegovina_2009,0,168,18,be,be,VB,VB
2730,Bosnia_Herzegovina_2009,0,168,19,adopted,adopted,VBN,VB
2731,Bosnia_Herzegovina_2009,0,168,20,by,by,IN,IN
2732,Bosnia_Herzegovina_2009,0,168,21,the,the,DT,DT
2733,Bosnia_Herzegovina_2009,0,168,22,Parliamentary,parliamentary,NNP,NN
2734,Bosnia_Herzegovina_2009,0,168,23,Assembly,assembly,NNP,NN
2735,Bosnia_Herzegovina_2009,0,169,0,b,b,NN,NN
2736,Bosnia_Herzegovina_2009,0,170,0,The,the,DT,DT
2737,Bosnia_Herzegovina_2009,0,170,1,term,term,NN,NN
2738,Bosnia_Herzegovina_2009,0,170,2,of,of,IN,IN
2739,Bosnia_Herzegovina_2009,0,170,3,the,the,DT,DT
2740,Bosnia_Herzegovina_2009,0,170,4,Members,members,NNS,NN
2741,Bosnia_Herzegovina_2009,0,170,5,of,of,IN,IN
2742,Bosnia_Herzegovina_2009,0,170,6,the,the,DT,DT
2743,Bosnia_Herzegovina_2009,0,170,7,Presidency,presidency,NNP,NN
2744,Bosnia_Herzegovina_2009,0,170,8,elected,elected,VBN,VB
2745,Bosnia_Herzegovina_2009,0,170,9,in,in,IN,IN
2746,Bosnia_Herzegovina_2009,0,170,10,the,the,DT,DT
2747,Bosnia_Herzegovina_2009,0,170,11,first,first,JJ,JJ
2748,Bosnia_Herzegovina_2009,0,170,12,election,election,NN,NN
2749,Bosnia_Herzegovina_2009,0,170,13,shall,shall,MD,MD
2750,Bosnia_Herzegovina_2009,0,170,14,be,be,VB,VB
2751,Bosnia_Herzegovina_2009,0,170,15,two,two,CD,CD
2752,Bosnia_Herzegovina_2009,0,170,16,years,years,NNS,NN
2753,Bosnia_Herzegovina_2009,0,170,18,the,the,DT,DT
2754,Bosnia_Herzegovina_2009,0,170,19,term,term,NN,NN
2755,Bosnia_Herzegovina_2009,0,170,20,of,of,IN,IN
2756,Bosnia_Herzegovina_2009,0,170,21,Members,members,NNS,NN
2757,Bosnia_Herzegovina_2009,0,170,22,subsequently,subsequently,RB,RB
2758,Bosnia_Herzegovina_2009,0,170,23,elected,elected,VBD,VB
2759,Bosnia_Herzegovina_2009,0,170,24,shall,shall,MD,MD
2760,Bosnia_Herzegovina_2009,0,170,25,be,be,VB,VB
2761,Bosnia_Herzegovina_2009,0,170,26,four,four,CD,CD
2762,Bosnia_Herzegovina_2009,0,170,27,years,years,NNS,NN
2763,Bosnia_Herzegovina_2009,0,171,0,Members,members,NNS,NN
2764,Bosnia_Herzegovina_2009,0,171,1,shall,shall,MD,MD
2765,Bosnia_Herzegovina_2009,0,171,2,be,be,VB,VB
2766,Bosnia_Herzegovina_2009,0,171,3,eligible,eligible,JJ,JJ
2767,Bosnia_Herzegovina_2009,0,171,4,to,to,TO,TO
2768,Bosnia_Herzegovina_2009,0,171,5,succeed,succeed,VB,VB
2769,Bosnia_Herzegovina_2009,0,171,6,themselves,themselves,PRP,PR
2770,Bosnia_Herzegovina_2009,0,171,7,once,once,RB,RB
2771,Bosnia_Herzegovina_2009,0,171,8,and,and,CC,CC
2772,Bosnia_Herzegovina_2009,0,171,9,shall,shall,MD,MD
2773,Bosnia_Herzegovina_2009,0,171,10,thereafter,thereafter,RB,RB
2774,Bosnia_Herzegovina_2009,0,171,11,be,be,VB,VB
2775,Bosnia_Herzegovina_2009,0,171,12,ineligible,ineligible,JJ,JJ
2776,Bosnia_Herzegovina_2009,0,171,13,for,for,IN,IN
2777,Bosnia_Herzegovina_2009,0,171,14,four,four,CD,CD
2778,Bosnia_Herzegovina_2009,0,171,15,years,years,NNS,NN
2779,Bosnia_Herzegovina_2009,0,172,0,2,2,CD,CD
2780,Bosnia_Herzegovina_2009,0,173,0,Procedures,procedures,NNS,NN
2781,Bosnia_Herzegovina_2009,0,174,0,Share,share,NN,NN
2782,Bosnia_Herzegovina_2009,0,174,1,a,a,DT,DT
2783,Bosnia_Herzegovina_2009,0,175,0,The,the,DT,DT
2784,Bosnia_Herzegovina_2009,0,175,1,Presidency,presidency,NNP,NN
2785,Bosnia_Herzegovina_2009,0,175,2,shall,shall,MD,MD
2786,Bosnia_Herzegovina_2009,0,175,3,determine,determine,VB,VB
2787,Bosnia_Herzegovina_2009,0,175,4,its,its,PRP$,PR
2788,Bosnia_Herzegovina_2009,0,175,5,own,own,JJ,JJ
2789,Bosnia_Herzegovina_2009,0,175,6,rules,rules,NNS,NN
2790,Bosnia_Herzegovina_2009,0,175,7,of,of,IN,IN
2791,Bosnia_Herzegovina_2009,0,175,8,procedure,procedure,NN,NN
2792,Bosnia_Herzegovina_2009,0,175,10,which,which,WDT,WD
2793,Bosnia_Herzegovina_2009,0,175,11,shall,shall,MD,MD
2794,Bosnia_Herzegovina_2009,0,175,12,provide,provide,VB,VB
2795,Bosnia_Herzegovina_2009,0,175,13,for,for,IN,IN
2796,Bosnia_Herzegovina_2009,0,175,14,adequate,adequate,JJ,JJ
2797,Bosnia_Herzegovina_2009,0,175,15,notice,notice,NN,NN
2798,Bosnia_Herzegovina_2009,0,175,16,of,of,IN,IN
2799,Bosnia_Herzegovina_2009,0,175,17,all,all,DT,DT
2800,Bosnia_Herzegovina_2009,0,175,18,meetings,meetings,NNS,NN
2801,Bosnia_Herzegovina_2009,0,175,19,of,of,IN,IN
2802,Bosnia_Herzegovina_2009,0,175,20,the,the,DT,DT
2803,Bosnia_Herzegovina_2009,0,175,21,Presidency,presidency,NNP,NN
2804,Bosnia_Herzegovina_2009,0,176,0,b,b,NN,NN
2805,Bosnia_Herzegovina_2009,0,177,0,The,the,DT,DT
2806,Bosnia_Herzegovina_2009,0,177,1,Members,members,NNS,NN
2807,Bosnia_Herzegovina_2009,0,177,2,of,of,IN,IN
2808,Bosnia_Herzegovina_2009,0,177,3,the,the,DT,DT
2809,Bosnia_Herzegovina_2009,0,177,4,Presidency,presidency,NNP,NN
2810,Bosnia_Herzegovina_2009,0,177,5,shall,shall,MD,MD
2811,Bosnia_Herzegovina_2009,0,177,6,appoint,appoint,VB,VB
2812,Bosnia_Herzegovina_2009,0,177,7,from,from,IN,IN
2813,Bosnia_Herzegovina_2009,0,177,8,their,their,PRP$,PR
2814,Bosnia_Herzegovina_2009,0,177,9,Members,members,NNS,NN
2815,Bosnia_Herzegovina_2009,0,177,10,a,a,DT,DT
2816,Bosnia_Herzegovina_2009,0,177,11,Chair,chair,NNP,NN
2817,Bosnia_Herzegovina_2009,0,178,0,For,for,IN,IN
2818,Bosnia_Herzegovina_2009,0,178,1,the,the,DT,DT
2819,Bosnia_Herzegovina_2009,0,178,2,first,first,JJ,JJ
2820,Bosnia_Herzegovina_2009,0,178,3,term,term,NN,NN
2821,Bosnia_Herzegovina_2009,0,178,4,of,of,IN,IN
2822,Bosnia_Herzegovina_2009,0,178,5,the,the,DT,DT
2823,Bosnia_Herzegovina_2009,0,178,6,Presidency,presidency,NNP,NN
2824,Bosnia_Herzegovina_2009,0,178,8,the,the,DT,DT
2825,Bosnia_Herzegovina_2009,0,178,9,Chair,chair,NNP,NN
2826,Bosnia_Herzegovina_2009,0,178,10,shall,shall,MD,MD
2827,Bosnia_Herzegovina_2009,0,178,11,be,be,VB,VB
2828,Bosnia_Herzegovina_2009,0,178,12,the,the,DT,DT
2829,Bosnia_Herzegovina_2009,0,178,13,Member,member,NNP,NN
2830,Bosnia_Herzegovina_2009,0,178,14,who,who,WP,WP
2831,Bosnia_Herzegovina_2009,0,178,15,received,received,VBD,VB
2832,Bosnia_Herzegovina_2009,0,178,16,the,the,DT,DT
2833,Bosnia_Herzegovina_2009,0,178,17,highest,highest,JJS,JJ
2834,Bosnia_Herzegovina_2009,0,178,18,number,number,NN,NN
2835,Bosnia_Herzegovina_2009,0,178,19,of,of,IN,IN
2836,Bosnia_Herzegovina_2009,0,178,20,votes,votes,NNS,NN
2837,Bosnia_Herzegovina_2009,0,179,0,Thereafter,thereafter,RB,RB
2838,Bosnia_Herzegovina_2009,0,179,2,the,the,DT,DT
2839,Bosnia_Herzegovina_2009,0,179,3,method,method,NN,NN
2840,Bosnia_Herzegovina_2009,0,179,4,of,of,IN,IN
2841,Bosnia_Herzegovina_2009,0,179,5,selecting,selecting,VBG,VB
2842,Bosnia_Herzegovina_2009,0,179,6,the,the,DT,DT
2843,Bosnia_Herzegovina_2009,0,179,7,Chair,chair,NNP,NN
2844,Bosnia_Herzegovina_2009,0,179,9,by,by,IN,IN
2845,Bosnia_Herzegovina_2009,0,179,10,rotation,rotation,NN,NN
2846,Bosnia_Herzegovina_2009,0,179,11,or,or,CC,CC
2847,Bosnia_Herzegovina_2009,0,179,12,otherwise,otherwise,RB,RB
2848,Bosnia_Herzegovina_2009,0,179,14,shall,shall,MD,MD
2849,Bosnia_Herzegovina_2009,0,179,15,be,be,VB,VB
2850,Bosnia_Herzegovina_2009,0,179,16,determined,determined,VBN,VB
2851,Bosnia_Herzegovina_2009,0,179,17,by,by,IN,IN
2852,Bosnia_Herzegovina_2009,0,179,18,the,the,DT,DT
2853,Bosnia_Herzegovina_2009,0,179,19,Parliamentary,parliamentary,NNP,NN
2854,Bosnia_Herzegovina_2009,0,179,20,Assembly,assembly,NNP,NN
2855,Bosnia_Herzegovina_2009,0,179,22,subject,subject,JJ,JJ
2856,Bosnia_Herzegovina_2009,0,179,23,to,to,TO,TO
2857,Bosnia_Herzegovina_2009,0,179,24,Article,article,NNP,NN
2858,Bosnia_Herzegovina_2009,0,179,25,IV,iv,NNP,NN
2859,Bosnia_Herzegovina_2009,0,179,27,3,3,CD,CD
2860,Bosnia_Herzegovina_2009,0,180,0,c.,c,VB,VB
2861,Bosnia_Herzegovina_2009,0,180,1,The,the,DT,DT
2862,Bosnia_Herzegovina_2009,0,180,2,Presidency,presidency,NNP,NN
2863,Bosnia_Herzegovina_2009,0,180,3,shall,shall,MD,MD
2864,Bosnia_Herzegovina_2009,0,180,4,endeavor,endeavor,VB,VB
2865,Bosnia_Herzegovina_2009,0,180,5,to,to,TO,TO
2866,Bosnia_Herzegovina_2009,0,180,6,adopt,adopt,VB,VB
2867,Bosnia_Herzegovina_2009,0,180,7,all,all,DT,DT
2868,Bosnia_Herzegovina_2009,0,180,8,Presidency,presidency,NNP,NN
2869,Bosnia_Herzegovina_2009,0,180,9,Decisions,decisions,NNP,NN
2870,Bosnia_Herzegovina_2009,0,180,11,i.e.,ie,NN,NN
2871,Bosnia_Herzegovina_2009,0,180,13,those,those,DT,DT
2872,Bosnia_Herzegovina_2009,0,180,14,concerning,concerning,VBG,VB
2873,Bosnia_Herzegovina_2009,0,180,15,matters,matters,NNS,NN
2874,Bosnia_Herzegovina_2009,0,180,16,arising,arising,VBG,VB
2875,Bosnia_Herzegovina_2009,0,180,17,under,under,IN,IN
2876,Bosnia_Herzegovina_2009,0,180,18,Article,article,NNP,NN
2877,Bosnia_Herzegovina_2009,0,180,19,III,iii,NNP,NN
2878,Bosnia_Herzegovina_2009,0,180,21,l,l,NN,NN
2879,Bosnia_Herzegovina_2009,0,180,24,a,a,DT,DT
2880,Bosnia_Herzegovina_2009,0,180,28,e,e,NN,NN
2881,Bosnia_Herzegovina_2009,0,180,31,by,by,IN,IN
2882,Bosnia_Herzegovina_2009,0,180,32,consensus,consensus,NN,NN
2883,Bosnia_Herzegovina_2009,0,181,0,Such,such,JJ,JJ
2884,Bosnia_Herzegovina_2009,0,181,1,decisions,decisions,NNS,NN
2885,Bosnia_Herzegovina_2009,0,181,2,may,may,MD,MD
2886,Bosnia_Herzegovina_2009,0,181,4,subject,subject,VB,VB
2887,Bosnia_Herzegovina_2009,0,181,5,to,to,TO,TO
2888,Bosnia_Herzegovina_2009,0,181,6,paragraph,paragraph,VB,VB
2889,Bosnia_Herzegovina_2009,0,181,8,d,d,NN,NN
2890,Bosnia_Herzegovina_2009,0,181,10,below,below,IN,IN
2891,Bosnia_Herzegovina_2009,0,181,12,nevertheless,nevertheless,RB,RB
2892,Bosnia_Herzegovina_2009,0,181,13,be,be,VB,VB
2893,Bosnia_Herzegovina_2009,0,181,14,adopted,adopted,VBN,VB
2894,Bosnia_Herzegovina_2009,0,181,15,by,by,IN,IN
2895,Bosnia_Herzegovina_2009,0,181,16,two,two,CD,CD
2896,Bosnia_Herzegovina_2009,0,181,17,Members,members,NNS,NN
2897,Bosnia_Herzegovina_2009,0,181,18,when,when,WRB,WR
2898,Bosnia_Herzegovina_2009,0,181,19,all,all,DT,DT
2899,Bosnia_Herzegovina_2009,0,181,20,efforts,efforts,NNS,NN
2900,Bosnia_Herzegovina_2009,0,181,21,to,to,TO,TO
2901,Bosnia_Herzegovina_2009,0,181,22,reach,reach,VB,VB
2902,Bosnia_Herzegovina_2009,0,181,23,consensus,consensus,NN,NN
2903,Bosnia_Herzegovina_2009,0,181,24,have,have,VBP,VB
2904,Bosnia_Herzegovina_2009,0,181,25,failed,failed,VBN,VB
2905,Bosnia_Herzegovina_2009,0,182,0,d.,d,VB,VB
2906,Bosnia_Herzegovina_2009,0,182,1,A,a,DT,DT
2907,Bosnia_Herzegovina_2009,0,182,2,dissenting,dissenting,JJ,JJ
2908,Bosnia_Herzegovina_2009,0,182,3,Member,member,NNP,NN
2909,Bosnia_Herzegovina_2009,0,182,4,of,of,IN,IN
2910,Bosnia_Herzegovina_2009,0,182,5,the,the,DT,DT
2911,Bosnia_Herzegovina_2009,0,182,6,Presidency,presidency,NNP,NN
2912,Bosnia_Herzegovina_2009,0,182,7,may,may,MD,MD
2913,Bosnia_Herzegovina_2009,0,182,8,declare,declare,VB,VB
2914,Bosnia_Herzegovina_2009,0,182,9,a,a,DT,DT
2915,Bosnia_Herzegovina_2009,0,182,10,Presidency,presidency,NNP,NN
2916,Bosnia_Herzegovina_2009,0,182,11,Decision,decision,NNP,NN
2917,Bosnia_Herzegovina_2009,0,182,12,to,to,TO,TO
2918,Bosnia_Herzegovina_2009,0,182,13,be,be,VB,VB
2919,Bosnia_Herzegovina_2009,0,182,14,destructive,destructive,JJ,JJ
2920,Bosnia_Herzegovina_2009,0,182,15,of,of,IN,IN
2921,Bosnia_Herzegovina_2009,0,182,16,a,a,DT,DT
2922,Bosnia_Herzegovina_2009,0,182,17,vital,vital,JJ,JJ
2923,Bosnia_Herzegovina_2009,0,182,18,interest,interest,NN,NN
2924,Bosnia_Herzegovina_2009,0,182,19,of,of,IN,IN
2925,Bosnia_Herzegovina_2009,0,182,20,the,the,DT,DT
2926,Bosnia_Herzegovina_2009,0,182,21,Entity,entity,NN,NN
2927,Bosnia_Herzegovina_2009,0,182,22,from,from,IN,IN
2928,Bosnia_Herzegovina_2009,0,182,23,the,the,DT,DT
2929,Bosnia_Herzegovina_2009,0,182,24,territory,territory,NN,NN
2930,Bosnia_Herzegovina_2009,0,182,25,from,from,IN,IN
2931,Bosnia_Herzegovina_2009,0,182,26,which,which,WDT,WD
2932,Bosnia_Herzegovina_2009,0,182,27,he,he,PRP,PR
2933,Bosnia_Herzegovina_2009,0,182,28,was,was,VBD,VB
2934,Bosnia_Herzegovina_2009,0,182,29,elected,elected,VBN,VB
2935,Bosnia_Herzegovina_2009,0,182,31,provided,provided,VBD,VB
2936,Bosnia_Herzegovina_2009,0,182,32,that,that,IN,IN
2937,Bosnia_Herzegovina_2009,0,182,33,he,he,PRP,PR
2938,Bosnia_Herzegovina_2009,0,182,34,does,does,VBZ,VB
2939,Bosnia_Herzegovina_2009,0,182,35,so,so,RB,RB
2940,Bosnia_Herzegovina_2009,0,182,36,within,within,IN,IN
2941,Bosnia_Herzegovina_2009,0,182,37,three,three,CD,CD
2942,Bosnia_Herzegovina_2009,0,182,38,days,days,NNS,NN
2943,Bosnia_Herzegovina_2009,0,182,39,of,of,IN,IN
2944,Bosnia_Herzegovina_2009,0,182,40,its,its,PRP$,PR
2945,Bosnia_Herzegovina_2009,0,182,41,adoption,adoption,NN,NN
2946,Bosnia_Herzegovina_2009,0,183,0,Such,such,JJ,JJ
2947,Bosnia_Herzegovina_2009,0,183,1,a,a,DT,DT
2948,Bosnia_Herzegovina_2009,0,183,2,Decision,decision,NNP,NN
2949,Bosnia_Herzegovina_2009,0,183,3,shall,shall,MD,MD
2950,Bosnia_Herzegovina_2009,0,183,4,be,be,VB,VB
2951,Bosnia_Herzegovina_2009,0,183,5,referred,referred,VBN,VB
2952,Bosnia_Herzegovina_2009,0,183,6,immediately,immediately,RB,RB
2953,Bosnia_Herzegovina_2009,0,183,7,to,to,TO,TO
2954,Bosnia_Herzegovina_2009,0,183,8,the,the,DT,DT
2955,Bosnia_Herzegovina_2009,0,183,9,National,national,NNP,NN
2956,Bosnia_Herzegovina_2009,0,183,10,Assembly,assembly,NNP,NN
2957,Bosnia_Herzegovina_2009,0,183,11,of,of,IN,IN
2958,Bosnia_Herzegovina_2009,0,183,12,the,the,DT,DT
2959,Bosnia_Herzegovina_2009,0,183,13,Republika,republika,NNP,NN
2960,Bosnia_Herzegovina_2009,0,183,14,Srpska,srpska,NNP,NN
2961,Bosnia_Herzegovina_2009,0,183,16,if,if,IN,IN
2962,Bosnia_Herzegovina_2009,0,183,17,the,the,DT,DT
2963,Bosnia_Herzegovina_2009,0,183,18,declaration,declaration,NN,NN
2964,Bosnia_Herzegovina_2009,0,183,19,was,was,VBD,VB
2965,Bosnia_Herzegovina_2009,0,183,20,made,made,VBN,VB
2966,Bosnia_Herzegovina_2009,0,183,21,by,by,IN,IN
2967,Bosnia_Herzegovina_2009,0,183,22,the,the,DT,DT
2968,Bosnia_Herzegovina_2009,0,183,23,Member,member,NNP,NN
2969,Bosnia_Herzegovina_2009,0,183,24,from,from,IN,IN
2970,Bosnia_Herzegovina_2009,0,183,25,that,that,IN,IN
2971,Bosnia_Herzegovina_2009,0,183,26,territory,territory,NN,NN
2972,Bosnia_Herzegovina_2009,0,183,28,to,to,TO,TO
2973,Bosnia_Herzegovina_2009,0,183,29,the,the,DT,DT
2974,Bosnia_Herzegovina_2009,0,183,30,Bosniac,bosniac,NNP,NN
2975,Bosnia_Herzegovina_2009,0,183,31,Delegates,delegates,NNP,NN
2976,Bosnia_Herzegovina_2009,0,183,32,of,of,IN,IN
2977,Bosnia_Herzegovina_2009,0,183,33,the,the,DT,DT
2978,Bosnia_Herzegovina_2009,0,183,34,House,house,NNP,NN
2979,Bosnia_Herzegovina_2009,0,183,35,of,of,IN,IN
2980,Bosnia_Herzegovina_2009,0,183,36,Peoples,peoples,NNPS,NN
2981,Bosnia_Herzegovina_2009,0,183,37,of,of,IN,IN
2982,Bosnia_Herzegovina_2009,0,183,38,the,the,DT,DT
2983,Bosnia_Herzegovina_2009,0,183,39,Federation,federation,NNP,NN
2984,Bosnia_Herzegovina_2009,0,183,41,if,if,IN,IN
2985,Bosnia_Herzegovina_2009,0,183,42,the,the,DT,DT
2986,Bosnia_Herzegovina_2009,0,183,43,declaration,declaration,NN,NN
2987,Bosnia_Herzegovina_2009,0,183,44,was,was,VBD,VB
2988,Bosnia_Herzegovina_2009,0,183,45,made,made,VBN,VB
2989,Bosnia_Herzegovina_2009,0,183,46,by,by,IN,IN
2990,Bosnia_Herzegovina_2009,0,183,47,the,the,DT,DT
2991,Bosnia_Herzegovina_2009,0,183,48,Bosniac,bosniac,NNP,NN
2992,Bosnia_Herzegovina_2009,0,183,49,Member,member,NNP,NN
2993,Bosnia_Herzegovina_2009,0,183,51,or,or,CC,CC
2994,Bosnia_Herzegovina_2009,0,183,52,to,to,TO,TO
2995,Bosnia_Herzegovina_2009,0,183,53,the,the,DT,DT
2996,Bosnia_Herzegovina_2009,0,183,54,Croat,croat,NNP,NN
2997,Bosnia_Herzegovina_2009,0,183,55,Delegates,delegates,NNP,NN
2998,Bosnia_Herzegovina_2009,0,183,56,of,of,IN,IN
2999,Bosnia_Herzegovina_2009,0,183,57,that,that,DT,DT
3000,Bosnia_Herzegovina_2009,0,183,58,body,body,NN,NN
3001,Bosnia_Herzegovina_2009,0,183,60,if,if,IN,IN
3002,Bosnia_Herzegovina_2009,0,183,61,the,the,DT,DT
3003,Bosnia_Herzegovina_2009,0,183,62,declaration,declaration,NN,NN
3004,Bosnia_Herzegovina_2009,0,183,63,was,was,VBD,VB
3005,Bosnia_Herzegovina_2009,0,183,64,made,made,VBN,VB
3006,Bosnia_Herzegovina_2009,0,183,65,by,by,IN,IN
3007,Bosnia_Herzegovina_2009,0,183,66,the,the,DT,DT
3008,Bosnia_Herzegovina_2009,0,183,67,Croat,croat,NNP,NN
3009,Bosnia_Herzegovina_2009,0,183,68,Member,member,NNP,NN
3010,Bosnia_Herzegovina_2009,0,184,0,If,if,IN,IN
3011,Bosnia_Herzegovina_2009,0,184,1,the,the,DT,DT
3012,Bosnia_Herzegovina_2009,0,184,2,declaration,declaration,NN,NN
3013,Bosnia_Herzegovina_2009,0,184,3,is,is,VBZ,VB
3014,Bosnia_Herzegovina_2009,0,184,4,confirmed,confirmed,VBN,VB
3015,Bosnia_Herzegovina_2009,0,184,5,by,by,IN,IN
3016,Bosnia_Herzegovina_2009,0,184,6,a,a,DT,DT
3017,Bosnia_Herzegovina_2009,0,184,7,two-thirds,twothirds,JJ,JJ
3018,Bosnia_Herzegovina_2009,0,184,8,vote,vote,NN,NN
3019,Bosnia_Herzegovina_2009,0,184,9,of,of,IN,IN
3020,Bosnia_Herzegovina_2009,0,184,10,those,those,DT,DT
3021,Bosnia_Herzegovina_2009,0,184,11,persons,persons,NNS,NN
3022,Bosnia_Herzegovina_2009,0,184,12,within,within,IN,IN
3023,Bosnia_Herzegovina_2009,0,184,13,ten,ten,JJ,JJ
3024,Bosnia_Herzegovina_2009,0,184,14,days,days,NNS,NN
3025,Bosnia_Herzegovina_2009,0,184,15,of,of,IN,IN
3026,Bosnia_Herzegovina_2009,0,184,16,the,the,DT,DT
3027,Bosnia_Herzegovina_2009,0,184,17,referral,referral,NN,NN
3028,Bosnia_Herzegovina_2009,0,184,19,the,the,DT,DT
3029,Bosnia_Herzegovina_2009,0,184,20,challenged,challenged,JJ,JJ
3030,Bosnia_Herzegovina_2009,0,184,21,Presidency,presidency,NNP,NN
3031,Bosnia_Herzegovina_2009,0,184,22,Decision,decision,NNP,NN
3032,Bosnia_Herzegovina_2009,0,184,23,shall,shall,MD,MD
3033,Bosnia_Herzegovina_2009,0,184,24,not,not,RB,RB
3034,Bosnia_Herzegovina_2009,0,184,25,take,take,VB,VB
3035,Bosnia_Herzegovina_2009,0,184,26,effect,effect,NN,NN
3036,Bosnia_Herzegovina_2009,0,185,0,3,3,CD,CD
3037,Bosnia_Herzegovina_2009,0,186,0,Powers,powers,NNS,NN
3038,Bosnia_Herzegovina_2009,0,187,0,Share,share,NN,NN
3039,Bosnia_Herzegovina_2009,0,187,1,The,the,DT,DT
3040,Bosnia_Herzegovina_2009,0,187,2,Presidency,presidency,NNP,NN
3041,Bosnia_Herzegovina_2009,0,187,3,shall,shall,MD,MD
3042,Bosnia_Herzegovina_2009,0,187,4,have,have,VB,VB
3043,Bosnia_Herzegovina_2009,0,187,5,responsibility,responsibility,NN,NN
3044,Bosnia_Herzegovina_2009,0,187,6,for,for,IN,IN
3045,Bosnia_Herzegovina_2009,0,187,8,a.Conducting,aconducting,VBG,VB
3046,Bosnia_Herzegovina_2009,0,187,9,the,the,DT,DT
3047,Bosnia_Herzegovina_2009,0,187,10,foreign,foreign,JJ,JJ
3048,Bosnia_Herzegovina_2009,0,187,11,policy,policy,NN,NN
3049,Bosnia_Herzegovina_2009,0,187,12,of,of,IN,IN
3050,Bosnia_Herzegovina_2009,0,187,13,Bosnia,bosnia,NNP,NN
3051,Bosnia_Herzegovina_2009,0,187,14,and,and,CC,CC
3052,Bosnia_Herzegovina_2009,0,187,15,Herzegovina,herzegovina,NNP,NN
3053,Bosnia_Herzegovina_2009,0,188,0,b.Appointing,bappointing,VBG,VB
3054,Bosnia_Herzegovina_2009,0,188,1,ambassadors,ambassadors,NNS,NN
3055,Bosnia_Herzegovina_2009,0,188,2,and,and,CC,CC
3056,Bosnia_Herzegovina_2009,0,188,3,other,other,JJ,JJ
3057,Bosnia_Herzegovina_2009,0,188,4,international,international,JJ,JJ
3058,Bosnia_Herzegovina_2009,0,188,5,representatives,representatives,NNS,NN
3059,Bosnia_Herzegovina_2009,0,188,6,of,of,IN,IN
3060,Bosnia_Herzegovina_2009,0,188,7,Bosnia,bosnia,NNP,NN
3061,Bosnia_Herzegovina_2009,0,188,8,and,and,CC,CC
3062,Bosnia_Herzegovina_2009,0,188,9,Herzegovina,herzegovina,NNP,NN
3063,Bosnia_Herzegovina_2009,0,188,11,no,no,RB,RB
3064,Bosnia_Herzegovina_2009,0,188,12,more,more,JJR,JJ
3065,Bosnia_Herzegovina_2009,0,188,13,than,than,IN,IN
3066,Bosnia_Herzegovina_2009,0,188,14,two-thirds,twothirds,NNS,NN
3067,Bosnia_Herzegovina_2009,0,188,15,of,of,IN,IN
3068,Bosnia_Herzegovina_2009,0,188,16,whom,whom,WP,WP
3069,Bosnia_Herzegovina_2009,0,188,17,may,may,MD,MD
3070,Bosnia_Herzegovina_2009,0,188,18,be,be,VB,VB
3071,Bosnia_Herzegovina_2009,0,188,19,selected,selected,VBN,VB
3072,Bosnia_Herzegovina_2009,0,188,20,from,from,IN,IN
3073,Bosnia_Herzegovina_2009,0,188,21,the,the,DT,DT
3074,Bosnia_Herzegovina_2009,0,188,22,territory,territory,NN,NN
3075,Bosnia_Herzegovina_2009,0,188,23,of,of,IN,IN
3076,Bosnia_Herzegovina_2009,0,188,24,the,the,DT,DT
3077,Bosnia_Herzegovina_2009,0,188,25,Federation,federation,NNP,NN
3078,Bosnia_Herzegovina_2009,0,189,0,c.Representing,crepresenting,VBG,VB
3079,Bosnia_Herzegovina_2009,0,189,1,Bosnia,bosnia,NNP,NN
3080,Bosnia_Herzegovina_2009,0,189,2,and,and,CC,CC
3081,Bosnia_Herzegovina_2009,0,189,3,Herzegovina,herzegovina,NNP,NN
3082,Bosnia_Herzegovina_2009,0,189,4,in,in,IN,IN
3083,Bosnia_Herzegovina_2009,0,189,5,international,international,JJ,JJ
3084,Bosnia_Herzegovina_2009,0,189,6,and,and,CC,CC
3085,Bosnia_Herzegovina_2009,0,189,7,European,european,JJ,JJ
3086,Bosnia_Herzegovina_2009,0,189,8,organizations,organizations,NNS,NN
3087,Bosnia_Herzegovina_2009,0,189,9,and,and,CC,CC
3088,Bosnia_Herzegovina_2009,0,189,10,institutions,institutions,NNS,NN
3089,Bosnia_Herzegovina_2009,0,189,11,and,and,CC,CC
3090,Bosnia_Herzegovina_2009,0,189,12,seeking,seeking,VBG,VB
3091,Bosnia_Herzegovina_2009,0,189,13,membership,membership,NN,NN
3092,Bosnia_Herzegovina_2009,0,189,14,in,in,IN,IN
3093,Bosnia_Herzegovina_2009,0,189,15,such,such,JJ,JJ
3094,Bosnia_Herzegovina_2009,0,189,16,organizations,organizations,NNS,NN
3095,Bosnia_Herzegovina_2009,0,189,17,and,and,CC,CC
3096,Bosnia_Herzegovina_2009,0,189,18,institutions,institutions,NNS,NN
3097,Bosnia_Herzegovina_2009,0,189,19,of,of,IN,IN
3098,Bosnia_Herzegovina_2009,0,189,20,which,which,WDT,WD
3099,Bosnia_Herzegovina_2009,0,189,21,Bosnia,bosnia,NNP,NN
3100,Bosnia_Herzegovina_2009,0,189,22,and,and,CC,CC
3101,Bosnia_Herzegovina_2009,0,189,23,Herzegovina,herzegovina,NNP,NN
3102,Bosnia_Herzegovina_2009,0,189,24,is,is,VBZ,VB
3103,Bosnia_Herzegovina_2009,0,189,25,not,not,RB,RB
3104,Bosnia_Herzegovina_2009,0,189,26,a,a,DT,DT
3105,Bosnia_Herzegovina_2009,0,189,27,member,member,NN,NN
3106,Bosnia_Herzegovina_2009,0,190,0,d.Negotiating,dnegotiating,NN,NN
3107,Bosnia_Herzegovina_2009,0,190,2,denouncing,denouncing,NN,NN
3108,Bosnia_Herzegovina_2009,0,190,4,and,and,CC,CC
3109,Bosnia_Herzegovina_2009,0,190,6,with,with,IN,IN
3110,Bosnia_Herzegovina_2009,0,190,7,the,the,DT,DT
3111,Bosnia_Herzegovina_2009,0,190,8,consent,consent,NN,NN
3112,Bosnia_Herzegovina_2009,0,190,9,of,of,IN,IN
3113,Bosnia_Herzegovina_2009,0,190,10,the,the,DT,DT
3114,Bosnia_Herzegovina_2009,0,190,11,Parliamentary,parliamentary,NNP,NN
3115,Bosnia_Herzegovina_2009,0,190,12,Assembly,assembly,NNP,NN
3116,Bosnia_Herzegovina_2009,0,190,14,ratifying,ratifying,VBG,VB
3117,Bosnia_Herzegovina_2009,0,190,15,treaties,treaties,NNS,NN
3118,Bosnia_Herzegovina_2009,0,190,16,of,of,IN,IN
3119,Bosnia_Herzegovina_2009,0,190,17,Bosnia,bosnia,NNP,NN
3120,Bosnia_Herzegovina_2009,0,190,18,and,and,CC,CC
3121,Bosnia_Herzegovina_2009,0,190,19,Herzegovina,herzegovina,NNP,NN
3122,Bosnia_Herzegovina_2009,0,191,0,e.Executing,eexecuting,VBG,VB
3123,Bosnia_Herzegovina_2009,0,191,1,decisions,decisions,NNS,NN
3124,Bosnia_Herzegovina_2009,0,191,2,of,of,IN,IN
3125,Bosnia_Herzegovina_2009,0,191,3,the,the,DT,DT
3126,Bosnia_Herzegovina_2009,0,191,4,Parliamentary,parliamentary,NNP,NN
3127,Bosnia_Herzegovina_2009,0,191,5,Assembly,assembly,NNP,NN
3128,Bosnia_Herzegovina_2009,0,192,0,f.Proposing,fproposing,NN,NN
3129,Bosnia_Herzegovina_2009,0,192,2,upon,upon,IN,IN
3130,Bosnia_Herzegovina_2009,0,192,3,the,the,DT,DT
3131,Bosnia_Herzegovina_2009,0,192,4,recommendation,recommendation,NN,NN
3132,Bosnia_Herzegovina_2009,0,192,5,of,of,IN,IN
3133,Bosnia_Herzegovina_2009,0,192,6,the,the,DT,DT
3134,Bosnia_Herzegovina_2009,0,192,7,Council,council,NNP,NN
3135,Bosnia_Herzegovina_2009,0,192,8,of,of,IN,IN
3136,Bosnia_Herzegovina_2009,0,192,9,Ministers,ministers,NNP,NN
3137,Bosnia_Herzegovina_2009,0,192,11,an,an,DT,DT
3138,Bosnia_Herzegovina_2009,0,192,12,annual,annual,JJ,JJ
3139,Bosnia_Herzegovina_2009,0,192,13,budget,budget,NN,NN
3140,Bosnia_Herzegovina_2009,0,192,14,to,to,TO,TO
3141,Bosnia_Herzegovina_2009,0,192,15,the,the,DT,DT
3142,Bosnia_Herzegovina_2009,0,192,16,Parliamentary,parliamentary,NNP,NN
3143,Bosnia_Herzegovina_2009,0,192,17,Assembly,assembly,NNP,NN
3144,Bosnia_Herzegovina_2009,0,193,0,g.Reporting,greporting,VBG,VB
3145,Bosnia_Herzegovina_2009,0,193,1,as,as,IN,IN
3146,Bosnia_Herzegovina_2009,0,193,2,requested,requested,VBN,VB
3147,Bosnia_Herzegovina_2009,0,193,4,but,but,CC,CC
3148,Bosnia_Herzegovina_2009,0,193,5,not,not,RB,RB
3149,Bosnia_Herzegovina_2009,0,193,6,less,less,JJR,JJ
3150,Bosnia_Herzegovina_2009,0,193,7,than,than,IN,IN
3151,Bosnia_Herzegovina_2009,0,193,8,annually,annually,RB,RB
3152,Bosnia_Herzegovina_2009,0,193,10,to,to,TO,TO
3153,Bosnia_Herzegovina_2009,0,193,11,the,the,DT,DT
3154,Bosnia_Herzegovina_2009,0,193,12,Parliamentary,parliamentary,NNP,NN
3155,Bosnia_Herzegovina_2009,0,193,13,Assembly,assembly,NNP,NN
3156,Bosnia_Herzegovina_2009,0,193,14,on,on,IN,IN
3157,Bosnia_Herzegovina_2009,0,193,15,expenditures,expenditures,NNS,NN
3158,Bosnia_Herzegovina_2009,0,193,16,by,by,IN,IN
3159,Bosnia_Herzegovina_2009,0,193,17,the,the,DT,DT
3160,Bosnia_Herzegovina_2009,0,193,18,Presidency,presidency,NNP,NN
3161,Bosnia_Herzegovina_2009,0,194,0,h.Coordinating,hcoordinating,VBG,VB
3162,Bosnia_Herzegovina_2009,0,194,1,as,as,IN,IN
3163,Bosnia_Herzegovina_2009,0,194,2,necessary,necessary,JJ,JJ
3164,Bosnia_Herzegovina_2009,0,194,3,with,with,IN,IN
3165,Bosnia_Herzegovina_2009,0,194,4,international,international,JJ,JJ
3166,Bosnia_Herzegovina_2009,0,194,5,and,and,CC,CC
3167,Bosnia_Herzegovina_2009,0,194,6,nongovernmental,nongovernmental,JJ,JJ
3168,Bosnia_Herzegovina_2009,0,194,7,organizations,organizations,NNS,NN
3169,Bosnia_Herzegovina_2009,0,194,8,in,in,IN,IN
3170,Bosnia_Herzegovina_2009,0,194,9,Bosnia,bosnia,NNP,NN
3171,Bosnia_Herzegovina_2009,0,194,10,and,and,CC,CC
3172,Bosnia_Herzegovina_2009,0,194,11,Herzegovina,herzegovina,NNP,NN
3173,Bosnia_Herzegovina_2009,0,195,0,i.Performing,iperforming,VBG,VB
3174,Bosnia_Herzegovina_2009,0,195,1,such,such,JJ,JJ
3175,Bosnia_Herzegovina_2009,0,195,2,other,other,JJ,JJ
3176,Bosnia_Herzegovina_2009,0,195,3,functions,functions,NNS,NN
3177,Bosnia_Herzegovina_2009,0,195,4,as,as,IN,IN
3178,Bosnia_Herzegovina_2009,0,195,5,may,may,MD,MD
3179,Bosnia_Herzegovina_2009,0,195,6,be,be,VB,VB
3180,Bosnia_Herzegovina_2009,0,195,7,necessary,necessary,JJ,JJ
3181,Bosnia_Herzegovina_2009,0,195,8,to,to,TO,TO
3182,Bosnia_Herzegovina_2009,0,195,9,carry,carry,VB,VB
3183,Bosnia_Herzegovina_2009,0,195,10,out,out,RP,RP
3184,Bosnia_Herzegovina_2009,0,195,11,its,its,PRP$,PR
3185,Bosnia_Herzegovina_2009,0,195,12,duties,duties,NNS,NN
3186,Bosnia_Herzegovina_2009,0,195,14,as,as,IN,IN
3187,Bosnia_Herzegovina_2009,0,195,15,may,may,MD,MD
3188,Bosnia_Herzegovina_2009,0,195,16,be,be,VB,VB
3189,Bosnia_Herzegovina_2009,0,195,17,assigned,assigned,VBN,VB
3190,Bosnia_Herzegovina_2009,0,195,18,to,to,TO,TO
3191,Bosnia_Herzegovina_2009,0,195,19,it,it,PRP,PR
3192,Bosnia_Herzegovina_2009,0,195,20,by,by,IN,IN
3193,Bosnia_Herzegovina_2009,0,195,21,the,the,DT,DT
3194,Bosnia_Herzegovina_2009,0,195,22,Parliamentary,parliamentary,NNP,NN
3195,Bosnia_Herzegovina_2009,0,195,23,Assembly,assembly,NNP,NN
3196,Bosnia_Herzegovina_2009,0,195,25,or,or,CC,CC
3197,Bosnia_Herzegovina_2009,0,195,26,as,as,IN,IN
3198,Bosnia_Herzegovina_2009,0,195,27,may,may,MD,MD
3199,Bosnia_Herzegovina_2009,0,195,28,be,be,VB,VB
3200,Bosnia_Herzegovina_2009,0,195,29,agreed,agreed,VBN,VB
3201,Bosnia_Herzegovina_2009,0,195,30,by,by,IN,IN
3202,Bosnia_Herzegovina_2009,0,195,31,the,the,DT,DT
3203,Bosnia_Herzegovina_2009,0,195,32,Entities,entities,NNS,NN
3204,Bosnia_Herzegovina_2009,0,196,0,4,4,CD,CD
3205,Bosnia_Herzegovina_2009,0,197,0,Council,council,NN,NN
3206,Bosnia_Herzegovina_2009,0,197,1,of,of,IN,IN
3207,Bosnia_Herzegovina_2009,0,197,2,Ministers,ministers,NNP,NN
3208,Bosnia_Herzegovina_2009,0,198,0,Share,share,NN,NN
3209,Bosnia_Herzegovina_2009,0,198,1,The,the,DT,DT
3210,Bosnia_Herzegovina_2009,0,198,2,Presidency,presidency,NNP,NN
3211,Bosnia_Herzegovina_2009,0,198,3,shall,shall,MD,MD
3212,Bosnia_Herzegovina_2009,0,198,4,nominate,nominate,VB,VB
3213,Bosnia_Herzegovina_2009,0,198,5,the,the,DT,DT
3214,Bosnia_Herzegovina_2009,0,198,6,Chair,chair,NNP,NN
3215,Bosnia_Herzegovina_2009,0,198,7,of,of,IN,IN
3216,Bosnia_Herzegovina_2009,0,198,8,the,the,DT,DT
3217,Bosnia_Herzegovina_2009,0,198,9,Council,council,NNP,NN
3218,Bosnia_Herzegovina_2009,0,198,10,of,of,IN,IN
3219,Bosnia_Herzegovina_2009,0,198,11,Ministers,ministers,NNP,NN
3220,Bosnia_Herzegovina_2009,0,198,13,who,who,WP,WP
3221,Bosnia_Herzegovina_2009,0,198,14,shall,shall,MD,MD
3222,Bosnia_Herzegovina_2009,0,198,15,take,take,VB,VB
3223,Bosnia_Herzegovina_2009,0,198,16,office,office,NN,NN
3224,Bosnia_Herzegovina_2009,0,198,17,upon,upon,IN,IN
3225,Bosnia_Herzegovina_2009,0,198,18,the,the,DT,DT
3226,Bosnia_Herzegovina_2009,0,198,19,approval,approval,NN,NN
3227,Bosnia_Herzegovina_2009,0,198,20,of,of,IN,IN
3228,Bosnia_Herzegovina_2009,0,198,21,the,the,DT,DT
3229,Bosnia_Herzegovina_2009,0,198,22,House,house,NNP,NN
3230,Bosnia_Herzegovina_2009,0,198,23,of,of,IN,IN
3231,Bosnia_Herzegovina_2009,0,198,24,Representatives,representatives,NNPS,NN
3232,Bosnia_Herzegovina_2009,0,199,0,The,the,DT,DT
3233,Bosnia_Herzegovina_2009,0,199,1,Chair,chair,NNP,NN
3234,Bosnia_Herzegovina_2009,0,199,2,shall,shall,MD,MD
3235,Bosnia_Herzegovina_2009,0,199,3,nominate,nominate,VB,VB
3236,Bosnia_Herzegovina_2009,0,199,4,a,a,DT,DT
3237,Bosnia_Herzegovina_2009,0,199,5,Foreign,foreign,NNP,NN
3238,Bosnia_Herzegovina_2009,0,199,6,Minister,minister,NNP,NN
3239,Bosnia_Herzegovina_2009,0,199,8,a,a,DT,DT
3240,Bosnia_Herzegovina_2009,0,199,9,Minister,minister,NNP,NN
3241,Bosnia_Herzegovina_2009,0,199,10,for,for,IN,IN
3242,Bosnia_Herzegovina_2009,0,199,11,Foreign,foreign,NNP,NN
3243,Bosnia_Herzegovina_2009,0,199,12,Trade,trade,NNP,NN
3244,Bosnia_Herzegovina_2009,0,199,14,and,and,CC,CC
3245,Bosnia_Herzegovina_2009,0,199,15,other,other,JJ,JJ
3246,Bosnia_Herzegovina_2009,0,199,16,Ministers,ministers,NNS,NN
3247,Bosnia_Herzegovina_2009,0,199,17,as,as,IN,IN
3248,Bosnia_Herzegovina_2009,0,199,18,may,may,MD,MD
3249,Bosnia_Herzegovina_2009,0,199,19,be,be,VB,VB
3250,Bosnia_Herzegovina_2009,0,199,20,appropriate,appropriate,JJ,JJ
3251,Bosnia_Herzegovina_2009,0,199,22,who,who,WP,WP
3252,Bosnia_Herzegovina_2009,0,199,23,shall,shall,MD,MD
3253,Bosnia_Herzegovina_2009,0,199,24,take,take,VB,VB
3254,Bosnia_Herzegovina_2009,0,199,25,office,office,NN,NN
3255,Bosnia_Herzegovina_2009,0,199,26,upon,upon,IN,IN
3256,Bosnia_Herzegovina_2009,0,199,27,the,the,DT,DT
3257,Bosnia_Herzegovina_2009,0,199,28,approval,approval,NN,NN
3258,Bosnia_Herzegovina_2009,0,199,29,of,of,IN,IN
3259,Bosnia_Herzegovina_2009,0,199,30,the,the,DT,DT
3260,Bosnia_Herzegovina_2009,0,199,31,House,house,NNP,NN
3261,Bosnia_Herzegovina_2009,0,199,32,of,of,IN,IN
3262,Bosnia_Herzegovina_2009,0,199,33,Representatives,representatives,NNPS,NN
3263,Bosnia_Herzegovina_2009,0,200,0,a,a,DT,DT
3264,Bosnia_Herzegovina_2009,0,201,0,Together,together,RB,RB
3265,Bosnia_Herzegovina_2009,0,201,1,the,the,DT,DT
3266,Bosnia_Herzegovina_2009,0,201,2,Chair,chair,NNP,NN
3267,Bosnia_Herzegovina_2009,0,201,3,and,and,CC,CC
3268,Bosnia_Herzegovina_2009,0,201,4,the,the,DT,DT
3269,Bosnia_Herzegovina_2009,0,201,5,Ministers,ministers,NNP,NN
3270,Bosnia_Herzegovina_2009,0,201,6,shall,shall,MD,MD
3271,Bosnia_Herzegovina_2009,0,201,7,constitute,constitute,VB,VB
3272,Bosnia_Herzegovina_2009,0,201,8,the,the,DT,DT
3273,Bosnia_Herzegovina_2009,0,201,9,Council,council,NNP,NN
3274,Bosnia_Herzegovina_2009,0,201,10,of,of,IN,IN
3275,Bosnia_Herzegovina_2009,0,201,11,Ministers,ministers,NNP,NN
3276,Bosnia_Herzegovina_2009,0,201,13,with,with,IN,IN
3277,Bosnia_Herzegovina_2009,0,201,14,responsibility,responsibility,NN,NN
3278,Bosnia_Herzegovina_2009,0,201,15,for,for,IN,IN
3279,Bosnia_Herzegovina_2009,0,201,16,carrying,carrying,VBG,VB
3280,Bosnia_Herzegovina_2009,0,201,17,out,out,RP,RP
3281,Bosnia_Herzegovina_2009,0,201,18,the,the,DT,DT
3282,Bosnia_Herzegovina_2009,0,201,19,policies,policies,NNS,NN
3283,Bosnia_Herzegovina_2009,0,201,20,and,and,CC,CC
3284,Bosnia_Herzegovina_2009,0,201,21,decisions,decisions,NNS,NN
3285,Bosnia_Herzegovina_2009,0,201,22,of,of,IN,IN
3286,Bosnia_Herzegovina_2009,0,201,23,Bosnia,bosnia,NNP,NN
3287,Bosnia_Herzegovina_2009,0,201,24,and,and,CC,CC
3288,Bosnia_Herzegovina_2009,0,201,25,Herzegovina,herzegovina,NNP,NN
3289,Bosnia_Herzegovina_2009,0,201,26,in,in,IN,IN
3290,Bosnia_Herzegovina_2009,0,201,27,the,the,DT,DT
3291,Bosnia_Herzegovina_2009,0,201,28,fields,fields,NNS,NN
3292,Bosnia_Herzegovina_2009,0,201,29,referred,referred,VBD,VB
3293,Bosnia_Herzegovina_2009,0,201,30,to,to,TO,TO
3294,Bosnia_Herzegovina_2009,0,201,31,in,in,IN,IN
3295,Bosnia_Herzegovina_2009,0,201,32,Article,article,NNP,NN
3296,Bosnia_Herzegovina_2009,0,201,33,III,iii,NNP,NN
3297,Bosnia_Herzegovina_2009,0,201,35,1,1,CD,CD
3298,Bosnia_Herzegovina_2009,0,201,39,4,4,CD,CD
3299,Bosnia_Herzegovina_2009,0,201,42,and,and,CC,CC
3300,Bosnia_Herzegovina_2009,0,201,44,5,5,CD,CD
3301,Bosnia_Herzegovina_2009,0,201,46,and,and,CC,CC
3302,Bosnia_Herzegovina_2009,0,201,47,reporting,reporting,VBG,VB
3303,Bosnia_Herzegovina_2009,0,201,48,to,to,TO,TO
3304,Bosnia_Herzegovina_2009,0,201,49,the,the,DT,DT
3305,Bosnia_Herzegovina_2009,0,201,50,Parliamentary,parliamentary,NNP,NN
3306,Bosnia_Herzegovina_2009,0,201,51,Assembly,assembly,NNP,NN
3307,Bosnia_Herzegovina_2009,0,201,53,including,including,VBG,VB
3308,Bosnia_Herzegovina_2009,0,201,55,at,at,IN,IN
3309,Bosnia_Herzegovina_2009,0,201,56,least,least,JJS,JJ
3310,Bosnia_Herzegovina_2009,0,201,57,annually,annually,RB,RB
3311,Bosnia_Herzegovina_2009,0,201,59,on,on,IN,IN
3312,Bosnia_Herzegovina_2009,0,201,60,expenditures,expenditures,NNS,NN
3313,Bosnia_Herzegovina_2009,0,201,61,by,by,IN,IN
3314,Bosnia_Herzegovina_2009,0,201,62,Bosnia,bosnia,NNP,NN
3315,Bosnia_Herzegovina_2009,0,201,63,and,and,CC,CC
3316,Bosnia_Herzegovina_2009,0,201,64,Herzegovina,herzegovina,NNP,NN
3317,Bosnia_Herzegovina_2009,0,202,0,b,b,NN,NN
3318,Bosnia_Herzegovina_2009,0,203,0,No,no,DT,DT
3319,Bosnia_Herzegovina_2009,0,203,1,more,more,JJR,JJ
3320,Bosnia_Herzegovina_2009,0,203,2,than,than,IN,IN
3321,Bosnia_Herzegovina_2009,0,203,3,two-thirds,twothirds,NNS,NN
3322,Bosnia_Herzegovina_2009,0,203,4,of,of,IN,IN
3323,Bosnia_Herzegovina_2009,0,203,5,all,all,DT,DT
3324,Bosnia_Herzegovina_2009,0,203,6,Ministers,ministers,NNS,NN
3325,Bosnia_Herzegovina_2009,0,203,7,may,may,MD,MD
3326,Bosnia_Herzegovina_2009,0,203,8,be,be,VB,VB
3327,Bosnia_Herzegovina_2009,0,203,9,appointed,appointed,VBN,VB
3328,Bosnia_Herzegovina_2009,0,203,10,from,from,IN,IN
3329,Bosnia_Herzegovina_2009,0,203,11,the,the,DT,DT
3330,Bosnia_Herzegovina_2009,0,203,12,territory,territory,NN,NN
3331,Bosnia_Herzegovina_2009,0,203,13,of,of,IN,IN
3332,Bosnia_Herzegovina_2009,0,203,14,the,the,DT,DT
3333,Bosnia_Herzegovina_2009,0,203,15,Federation,federation,NNP,NN
3334,Bosnia_Herzegovina_2009,0,204,0,The,the,DT,DT
3335,Bosnia_Herzegovina_2009,0,204,1,Chair,chair,NNP,NN
3336,Bosnia_Herzegovina_2009,0,204,2,shall,shall,MD,MD
3337,Bosnia_Herzegovina_2009,0,204,3,also,also,RB,RB
3338,Bosnia_Herzegovina_2009,0,204,4,nominate,nominate,VB,VB
3339,Bosnia_Herzegovina_2009,0,204,5,Deputy,deputy,NNP,NN
3340,Bosnia_Herzegovina_2009,0,204,6,Ministers,ministers,NNP,NN
3341,Bosnia_Herzegovina_2009,0,204,8,who,who,WP,WP
3342,Bosnia_Herzegovina_2009,0,204,9,shall,shall,MD,MD
3343,Bosnia_Herzegovina_2009,0,204,10,not,not,RB,RB
3344,Bosnia_Herzegovina_2009,0,204,11,be,be,VB,VB
3345,Bosnia_Herzegovina_2009,0,204,12,of,of,IN,IN
3346,Bosnia_Herzegovina_2009,0,204,13,the,the,DT,DT
3347,Bosnia_Herzegovina_2009,0,204,14,same,same,JJ,JJ
3348,Bosnia_Herzegovina_2009,0,204,15,constituent,constituent,JJ,JJ
3349,Bosnia_Herzegovina_2009,0,204,16,people,people,NNS,NN
3350,Bosnia_Herzegovina_2009,0,204,17,as,as,IN,IN
3351,Bosnia_Herzegovina_2009,0,204,18,their,their,PRP$,PR
3352,Bosnia_Herzegovina_2009,0,204,19,Ministers,ministers,NNS,NN
3353,Bosnia_Herzegovina_2009,0,204,22,who,who,WP,WP
3354,Bosnia_Herzegovina_2009,0,204,23,shall,shall,MD,MD
3355,Bosnia_Herzegovina_2009,0,204,24,take,take,VB,VB
3356,Bosnia_Herzegovina_2009,0,204,25,office,office,NN,NN
3357,Bosnia_Herzegovina_2009,0,204,26,upon,upon,IN,IN
3358,Bosnia_Herzegovina_2009,0,204,27,the,the,DT,DT
3359,Bosnia_Herzegovina_2009,0,204,28,approval,approval,NN,NN
3360,Bosnia_Herzegovina_2009,0,204,29,of,of,IN,IN
3361,Bosnia_Herzegovina_2009,0,204,30,the,the,DT,DT
3362,Bosnia_Herzegovina_2009,0,204,31,House,house,NNP,NN
3363,Bosnia_Herzegovina_2009,0,204,32,of,of,IN,IN
3364,Bosnia_Herzegovina_2009,0,204,33,Representatives,representatives,NNPS,NN
3365,Bosnia_Herzegovina_2009,0,205,0,c.,c,VB,VB
3366,Bosnia_Herzegovina_2009,0,205,1,The,the,DT,DT
3367,Bosnia_Herzegovina_2009,0,205,2,Council,council,NNP,NN
3368,Bosnia_Herzegovina_2009,0,205,3,of,of,IN,IN
3369,Bosnia_Herzegovina_2009,0,205,4,Ministers,ministers,NNP,NN
3370,Bosnia_Herzegovina_2009,0,205,5,shall,shall,MD,MD
3371,Bosnia_Herzegovina_2009,0,205,6,resign,resign,VB,VB
3372,Bosnia_Herzegovina_2009,0,205,7,if,if,IN,IN
3373,Bosnia_Herzegovina_2009,0,205,8,at,at,IN,IN
3374,Bosnia_Herzegovina_2009,0,205,9,any,any,DT,DT
3375,Bosnia_Herzegovina_2009,0,205,10,time,time,NN,NN
3376,Bosnia_Herzegovina_2009,0,205,11,there,there,EX,EX
3377,Bosnia_Herzegovina_2009,0,205,12,is,is,VBZ,VB
3378,Bosnia_Herzegovina_2009,0,205,13,a,a,DT,DT
3379,Bosnia_Herzegovina_2009,0,205,14,vote,vote,NN,NN
3380,Bosnia_Herzegovina_2009,0,205,15,of,of,IN,IN
3381,Bosnia_Herzegovina_2009,0,205,16,no-confidence,noconfidence,NN,NN
3382,Bosnia_Herzegovina_2009,0,205,17,by,by,IN,IN
3383,Bosnia_Herzegovina_2009,0,205,18,the,the,DT,DT
3384,Bosnia_Herzegovina_2009,0,205,19,Parliamentary,parliamentary,NNP,NN
3385,Bosnia_Herzegovina_2009,0,205,20,Assembly,assembly,NNP,NN
3386,Bosnia_Herzegovina_2009,0,206,0,5,5,CD,CD
3387,Bosnia_Herzegovina_2009,0,207,0,Standing,standing,VBG,VB
3388,Bosnia_Herzegovina_2009,0,207,1,Committee,committee,NNP,NN
3389,Bosnia_Herzegovina_2009,0,208,0,Share,share,NN,NN
3390,Bosnia_Herzegovina_2009,0,208,1,a,a,DT,DT
3391,Bosnia_Herzegovina_2009,0,209,0,Each,each,DT,DT
3392,Bosnia_Herzegovina_2009,0,209,1,member,member,NN,NN
3393,Bosnia_Herzegovina_2009,0,209,2,of,of,IN,IN
3394,Bosnia_Herzegovina_2009,0,209,3,the,the,DT,DT
3395,Bosnia_Herzegovina_2009,0,209,4,Presidency,presidency,NNP,NN
3396,Bosnia_Herzegovina_2009,0,209,5,shall,shall,MD,MD
3397,Bosnia_Herzegovina_2009,0,209,7,by,by,IN,IN
3398,Bosnia_Herzegovina_2009,0,209,8,virtue,virtue,NN,NN
3399,Bosnia_Herzegovina_2009,0,209,9,of,of,IN,IN
3400,Bosnia_Herzegovina_2009,0,209,10,the,the,DT,DT
3401,Bosnia_Herzegovina_2009,0,209,11,office,office,NN,NN
3402,Bosnia_Herzegovina_2009,0,209,13,have,have,VBP,VB
3403,Bosnia_Herzegovina_2009,0,209,14,civilian,civilian,JJ,JJ
3404,Bosnia_Herzegovina_2009,0,209,15,command,command,NN,NN
3405,Bosnia_Herzegovina_2009,0,209,16,authority,authority,NN,NN
3406,Bosnia_Herzegovina_2009,0,209,17,over,over,IN,IN
3407,Bosnia_Herzegovina_2009,0,209,18,armed,armed,JJ,JJ
3408,Bosnia_Herzegovina_2009,0,209,19,forces,forces,NNS,NN
3409,Bosnia_Herzegovina_2009,0,210,0,Neither,neither,DT,DT
3410,Bosnia_Herzegovina_2009,0,210,1,Entity,entity,NNP,NN
3411,Bosnia_Herzegovina_2009,0,210,2,shall,shall,MD,MD
3412,Bosnia_Herzegovina_2009,0,210,3,threaten,threaten,VB,VB
3413,Bosnia_Herzegovina_2009,0,210,4,or,or,CC,CC
3414,Bosnia_Herzegovina_2009,0,210,5,use,use,VB,VB
3415,Bosnia_Herzegovina_2009,0,210,6,force,force,NN,NN
3416,Bosnia_Herzegovina_2009,0,210,7,against,against,IN,IN
3417,Bosnia_Herzegovina_2009,0,210,8,the,the,DT,DT
3418,Bosnia_Herzegovina_2009,0,210,9,other,other,JJ,JJ
3419,Bosnia_Herzegovina_2009,0,210,10,Entity,entity,NNP,NN
3420,Bosnia_Herzegovina_2009,0,210,12,and,and,CC,CC
3421,Bosnia_Herzegovina_2009,0,210,13,under,under,IN,IN
3422,Bosnia_Herzegovina_2009,0,210,14,no,no,DT,DT
3423,Bosnia_Herzegovina_2009,0,210,15,circumstances,circumstances,NNS,NN
3424,Bosnia_Herzegovina_2009,0,210,16,shall,shall,MD,MD
3425,Bosnia_Herzegovina_2009,0,210,17,any,any,DT,DT
3426,Bosnia_Herzegovina_2009,0,210,18,armed,armed,JJ,JJ
3427,Bosnia_Herzegovina_2009,0,210,19,forces,forces,NNS,NN
3428,Bosnia_Herzegovina_2009,0,210,20,of,of,IN,IN
3429,Bosnia_Herzegovina_2009,0,210,21,either,either,DT,DT
3430,Bosnia_Herzegovina_2009,0,210,22,Entity,entity,NNP,NN
3431,Bosnia_Herzegovina_2009,0,210,23,enter,enter,NN,NN
3432,Bosnia_Herzegovina_2009,0,210,24,into,into,IN,IN
3433,Bosnia_Herzegovina_2009,0,210,25,or,or,CC,CC
3434,Bosnia_Herzegovina_2009,0,210,26,stay,stay,VB,VB
3435,Bosnia_Herzegovina_2009,0,210,27,within,within,IN,IN
3436,Bosnia_Herzegovina_2009,0,210,28,the,the,DT,DT
3437,Bosnia_Herzegovina_2009,0,210,29,territory,territory,NN,NN
3438,Bosnia_Herzegovina_2009,0,210,30,of,of,IN,IN
3439,Bosnia_Herzegovina_2009,0,210,31,the,the,DT,DT
3440,Bosnia_Herzegovina_2009,0,210,32,other,other,JJ,JJ
3441,Bosnia_Herzegovina_2009,0,210,33,Entity,entity,NN,NN
3442,Bosnia_Herzegovina_2009,0,210,34,without,without,IN,IN
3443,Bosnia_Herzegovina_2009,0,210,35,the,the,DT,DT
3444,Bosnia_Herzegovina_2009,0,210,36,consent,consent,NN,NN
3445,Bosnia_Herzegovina_2009,0,210,37,of,of,IN,IN
3446,Bosnia_Herzegovina_2009,0,210,38,the,the,DT,DT
3447,Bosnia_Herzegovina_2009,0,210,39,government,government,NN,NN
3448,Bosnia_Herzegovina_2009,0,210,40,of,of,IN,IN
3449,Bosnia_Herzegovina_2009,0,210,41,the,the,DT,DT
3450,Bosnia_Herzegovina_2009,0,210,42,latter,latter,JJ,JJ
3451,Bosnia_Herzegovina_2009,0,210,43,and,and,CC,CC
3452,Bosnia_Herzegovina_2009,0,210,44,of,of,IN,IN
3453,Bosnia_Herzegovina_2009,0,210,45,the,the,DT,DT
3454,Bosnia_Herzegovina_2009,0,210,46,Presidency,presidency,NNP,NN
3455,Bosnia_Herzegovina_2009,0,210,47,of,of,IN,IN
3456,Bosnia_Herzegovina_2009,0,210,48,Bosnia,bosnia,NNP,NN
3457,Bosnia_Herzegovina_2009,0,210,49,and,and,CC,CC
3458,Bosnia_Herzegovina_2009,0,210,50,Herzegovina,herzegovina,NNP,NN
3459,Bosnia_Herzegovina_2009,0,211,0,All,all,DT,DT
3460,Bosnia_Herzegovina_2009,0,211,1,armed,armed,VBD,VB
3461,Bosnia_Herzegovina_2009,0,211,2,forces,forces,NNS,NN
3462,Bosnia_Herzegovina_2009,0,211,3,in,in,IN,IN
3463,Bosnia_Herzegovina_2009,0,211,4,Bosnia,bosnia,NNP,NN
3464,Bosnia_Herzegovina_2009,0,211,5,and,and,CC,CC
3465,Bosnia_Herzegovina_2009,0,211,6,Herzegovina,herzegovina,NNP,NN
3466,Bosnia_Herzegovina_2009,0,211,7,shall,shall,MD,MD
3467,Bosnia_Herzegovina_2009,0,211,8,operate,operate,VB,VB
3468,Bosnia_Herzegovina_2009,0,211,9,consistently,consistently,RB,RB
3469,Bosnia_Herzegovina_2009,0,211,10,with,with,IN,IN
3470,Bosnia_Herzegovina_2009,0,211,11,the,the,DT,DT
3471,Bosnia_Herzegovina_2009,0,211,12,sovereignty,sovereignty,NN,NN
3472,Bosnia_Herzegovina_2009,0,211,13,and,and,CC,CC
3473,Bosnia_Herzegovina_2009,0,211,14,territorial,territorial,JJ,JJ
3474,Bosnia_Herzegovina_2009,0,211,15,integrity,integrity,NN,NN
3475,Bosnia_Herzegovina_2009,0,211,16,of,of,IN,IN
3476,Bosnia_Herzegovina_2009,0,211,17,Bosnia,bosnia,NNP,NN
3477,Bosnia_Herzegovina_2009,0,211,18,and,and,CC,CC
3478,Bosnia_Herzegovina_2009,0,211,19,Herzegovina,herzegovina,NNP,NN
3479,Bosnia_Herzegovina_2009,0,212,0,b,b,NN,NN
3480,Bosnia_Herzegovina_2009,0,213,0,The,the,DT,DT
3481,Bosnia_Herzegovina_2009,0,213,1,members,members,NNS,NN
3482,Bosnia_Herzegovina_2009,0,213,2,of,of,IN,IN
3483,Bosnia_Herzegovina_2009,0,213,3,the,the,DT,DT
3484,Bosnia_Herzegovina_2009,0,213,4,Presidency,presidency,NNP,NN
3485,Bosnia_Herzegovina_2009,0,213,5,shall,shall,MD,MD
3486,Bosnia_Herzegovina_2009,0,213,6,select,select,VB,VB
3487,Bosnia_Herzegovina_2009,0,213,7,a,a,DT,DT
3488,Bosnia_Herzegovina_2009,0,213,8,Standing,standing,NNP,NN
3489,Bosnia_Herzegovina_2009,0,213,9,Committee,committee,NNP,NN
3490,Bosnia_Herzegovina_2009,0,213,10,on,on,IN,IN
3491,Bosnia_Herzegovina_2009,0,213,11,Military,military,NNP,NN
3492,Bosnia_Herzegovina_2009,0,213,12,Matters,matters,NNPS,NN
3493,Bosnia_Herzegovina_2009,0,213,13,to,to,TO,TO
3494,Bosnia_Herzegovina_2009,0,213,14,coordinate,coordinate,VB,VB
3495,Bosnia_Herzegovina_2009,0,213,15,the,the,DT,DT
3496,Bosnia_Herzegovina_2009,0,213,16,activities,activities,NNS,NN
3497,Bosnia_Herzegovina_2009,0,213,17,of,of,IN,IN
3498,Bosnia_Herzegovina_2009,0,213,18,armed,armed,JJ,JJ
3499,Bosnia_Herzegovina_2009,0,213,19,forces,forces,NNS,NN
3500,Bosnia_Herzegovina_2009,0,213,20,in,in,IN,IN
3501,Bosnia_Herzegovina_2009,0,213,21,Bosnia,bosnia,NNP,NN
3502,Bosnia_Herzegovina_2009,0,213,22,and,and,CC,CC
3503,Bosnia_Herzegovina_2009,0,213,23,Herzegovina,herzegovina,NNP,NN
3504,Bosnia_Herzegovina_2009,0,214,0,The,the,DT,DT
3505,Bosnia_Herzegovina_2009,0,214,1,Members,members,NNS,NN
3506,Bosnia_Herzegovina_2009,0,214,2,of,of,IN,IN
3507,Bosnia_Herzegovina_2009,0,214,3,the,the,DT,DT
3508,Bosnia_Herzegovina_2009,0,214,4,Presidency,presidency,NNP,NN
3509,Bosnia_Herzegovina_2009,0,214,5,shall,shall,MD,MD
3510,Bosnia_Herzegovina_2009,0,214,6,be,be,VB,VB
3511,Bosnia_Herzegovina_2009,0,214,7,members,members,NNS,NN
3512,Bosnia_Herzegovina_2009,0,214,8,of,of,IN,IN
3513,Bosnia_Herzegovina_2009,0,214,9,the,the,DT,DT
3514,Bosnia_Herzegovina_2009,0,214,10,Standing,standing,NNP,NN
3515,Bosnia_Herzegovina_2009,0,214,11,Committee,committee,NNP,NN
3516,Bosnia_Herzegovina_2009,0,215,0,Article,article,NN,NN
3517,Bosnia_Herzegovina_2009,0,215,1,VI,vi,NNP,NN
3518,Bosnia_Herzegovina_2009,0,216,0,Constitutional,constitutional,JJ,JJ
3519,Bosnia_Herzegovina_2009,0,216,1,Court,court,NNP,NN
3520,Bosnia_Herzegovina_2009,0,216,2,1,1,CD,CD
3521,Bosnia_Herzegovina_2009,0,217,0,Composition,composition,NN,NN
3522,Bosnia_Herzegovina_2009,0,218,0,Share,share,NN,NN
3523,Bosnia_Herzegovina_2009,0,218,1,The,the,DT,DT
3524,Bosnia_Herzegovina_2009,0,218,2,Constitutional,constitutional,NNP,NN
3525,Bosnia_Herzegovina_2009,0,218,3,Court,court,NNP,NN
3526,Bosnia_Herzegovina_2009,0,218,4,of,of,IN,IN
3527,Bosnia_Herzegovina_2009,0,218,5,Bosnia,bosnia,NNP,NN
3528,Bosnia_Herzegovina_2009,0,218,6,and,and,CC,CC
3529,Bosnia_Herzegovina_2009,0,218,7,Herzegovina,herzegovina,NNP,NN
3530,Bosnia_Herzegovina_2009,0,218,8,shall,shall,MD,MD
3531,Bosnia_Herzegovina_2009,0,218,9,have,have,VB,VB
3532,Bosnia_Herzegovina_2009,0,218,10,nine,nine,CD,CD
3533,Bosnia_Herzegovina_2009,0,218,11,members,members,NNS,NN
3534,Bosnia_Herzegovina_2009,0,219,0,a,a,DT,DT
3535,Bosnia_Herzegovina_2009,0,220,0,Four,four,CD,CD
3536,Bosnia_Herzegovina_2009,0,220,1,members,members,NNS,NN
3537,Bosnia_Herzegovina_2009,0,220,2,shall,shall,MD,MD
3538,Bosnia_Herzegovina_2009,0,220,3,be,be,VB,VB
3539,Bosnia_Herzegovina_2009,0,220,4,selected,selected,VBN,VB
3540,Bosnia_Herzegovina_2009,0,220,5,by,by,IN,IN
3541,Bosnia_Herzegovina_2009,0,220,6,the,the,DT,DT
3542,Bosnia_Herzegovina_2009,0,220,7,House,house,NNP,NN
3543,Bosnia_Herzegovina_2009,0,220,8,of,of,IN,IN
3544,Bosnia_Herzegovina_2009,0,220,9,Representatives,representatives,NNPS,NN
3545,Bosnia_Herzegovina_2009,0,220,10,of,of,IN,IN
3546,Bosnia_Herzegovina_2009,0,220,11,the,the,DT,DT
3547,Bosnia_Herzegovina_2009,0,220,12,Federation,federation,NNP,NN
3548,Bosnia_Herzegovina_2009,0,220,14,and,and,CC,CC
3549,Bosnia_Herzegovina_2009,0,220,15,two,two,CD,CD
3550,Bosnia_Herzegovina_2009,0,220,16,members,members,NNS,NN
3551,Bosnia_Herzegovina_2009,0,220,17,by,by,IN,IN
3552,Bosnia_Herzegovina_2009,0,220,18,the,the,DT,DT
3553,Bosnia_Herzegovina_2009,0,220,19,Assembly,assembly,NNP,NN
3554,Bosnia_Herzegovina_2009,0,220,20,of,of,IN,IN
3555,Bosnia_Herzegovina_2009,0,220,21,the,the,DT,DT
3556,Bosnia_Herzegovina_2009,0,220,22,Republika,republika,NNP,NN
3557,Bosnia_Herzegovina_2009,0,220,23,Srpska,srpska,NNP,NN
3558,Bosnia_Herzegovina_2009,0,221,0,The,the,DT,DT
3559,Bosnia_Herzegovina_2009,0,221,1,remaining,remaining,VBG,VB
3560,Bosnia_Herzegovina_2009,0,221,2,three,three,CD,CD
3561,Bosnia_Herzegovina_2009,0,221,3,members,members,NNS,NN
3562,Bosnia_Herzegovina_2009,0,221,4,shall,shall,MD,MD
3563,Bosnia_Herzegovina_2009,0,221,5,be,be,VB,VB
3564,Bosnia_Herzegovina_2009,0,221,6,selected,selected,VBN,VB
3565,Bosnia_Herzegovina_2009,0,221,7,by,by,IN,IN
3566,Bosnia_Herzegovina_2009,0,221,8,the,the,DT,DT
3567,Bosnia_Herzegovina_2009,0,221,9,President,president,NNP,NN
3568,Bosnia_Herzegovina_2009,0,221,10,of,of,IN,IN
3569,Bosnia_Herzegovina_2009,0,221,11,the,the,DT,DT
3570,Bosnia_Herzegovina_2009,0,221,12,European,european,JJ,JJ
3571,Bosnia_Herzegovina_2009,0,221,13,Court,court,NNP,NN
3572,Bosnia_Herzegovina_2009,0,221,14,of,of,IN,IN
3573,Bosnia_Herzegovina_2009,0,221,15,Human,human,NNP,NN
3574,Bosnia_Herzegovina_2009,0,221,16,Rights,rights,NNPS,NN
3575,Bosnia_Herzegovina_2009,0,221,17,after,after,IN,IN
3576,Bosnia_Herzegovina_2009,0,221,18,consultation,consultation,NN,NN
3577,Bosnia_Herzegovina_2009,0,221,19,with,with,IN,IN
3578,Bosnia_Herzegovina_2009,0,221,20,the,the,DT,DT
3579,Bosnia_Herzegovina_2009,0,221,21,Presidency,presidency,NNP,NN
3580,Bosnia_Herzegovina_2009,0,222,0,b,b,NN,NN
3581,Bosnia_Herzegovina_2009,0,223,0,Judges,judges,NNS,NN
3582,Bosnia_Herzegovina_2009,0,223,1,shall,shall,MD,MD
3583,Bosnia_Herzegovina_2009,0,223,2,be,be,VB,VB
3584,Bosnia_Herzegovina_2009,0,223,3,distinguished,distinguished,VBN,VB
3585,Bosnia_Herzegovina_2009,0,223,4,jurists,jurists,NNS,NN
3586,Bosnia_Herzegovina_2009,0,223,5,of,of,IN,IN
3587,Bosnia_Herzegovina_2009,0,223,6,high,high,JJ,JJ
3588,Bosnia_Herzegovina_2009,0,223,7,moral,moral,JJ,JJ
3589,Bosnia_Herzegovina_2009,0,223,8,standing,standing,NN,NN
3590,Bosnia_Herzegovina_2009,0,224,0,Any,any,DT,DT
3591,Bosnia_Herzegovina_2009,0,224,1,eligible,eligible,JJ,JJ
3592,Bosnia_Herzegovina_2009,0,224,2,voter,voter,NN,NN
3593,Bosnia_Herzegovina_2009,0,224,3,so,so,RB,RB
3594,Bosnia_Herzegovina_2009,0,224,4,qualified,qualified,JJ,JJ
3595,Bosnia_Herzegovina_2009,0,224,5,may,may,MD,MD
3596,Bosnia_Herzegovina_2009,0,224,6,serve,serve,VB,VB
3597,Bosnia_Herzegovina_2009,0,224,7,as,as,IN,IN
3598,Bosnia_Herzegovina_2009,0,224,8,a,a,DT,DT
3599,Bosnia_Herzegovina_2009,0,224,9,judge,judge,NN,NN
3600,Bosnia_Herzegovina_2009,0,224,10,of,of,IN,IN
3601,Bosnia_Herzegovina_2009,0,224,11,the,the,DT,DT
3602,Bosnia_Herzegovina_2009,0,224,12,Constitutional,constitutional,NNP,NN
3603,Bosnia_Herzegovina_2009,0,224,13,Court,court,NNP,NN
3604,Bosnia_Herzegovina_2009,0,225,0,The,the,DT,DT
3605,Bosnia_Herzegovina_2009,0,225,1,judges,judges,NNS,NN
3606,Bosnia_Herzegovina_2009,0,225,2,selected,selected,VBN,VB
3607,Bosnia_Herzegovina_2009,0,225,3,by,by,IN,IN
3608,Bosnia_Herzegovina_2009,0,225,4,the,the,DT,DT
3609,Bosnia_Herzegovina_2009,0,225,5,President,president,NNP,NN
3610,Bosnia_Herzegovina_2009,0,225,6,of,of,IN,IN
3611,Bosnia_Herzegovina_2009,0,225,7,the,the,DT,DT
3612,Bosnia_Herzegovina_2009,0,225,8,European,european,JJ,JJ
3613,Bosnia_Herzegovina_2009,0,225,9,Court,court,NNP,NN
3614,Bosnia_Herzegovina_2009,0,225,10,of,of,IN,IN
3615,Bosnia_Herzegovina_2009,0,225,11,Human,human,NNP,NN
3616,Bosnia_Herzegovina_2009,0,225,12,Rights,rights,NNP,NN
3617,Bosnia_Herzegovina_2009,0,225,13,shall,shall,MD,MD
3618,Bosnia_Herzegovina_2009,0,225,14,not,not,RB,RB
3619,Bosnia_Herzegovina_2009,0,225,15,be,be,VB,VB
3620,Bosnia_Herzegovina_2009,0,225,16,citizens,citizens,NNS,NN
3621,Bosnia_Herzegovina_2009,0,225,17,of,of,IN,IN
3622,Bosnia_Herzegovina_2009,0,225,18,Bosnia,bosnia,NNP,NN
3623,Bosnia_Herzegovina_2009,0,225,19,and,and,CC,CC
3624,Bosnia_Herzegovina_2009,0,225,20,Herzegovina,herzegovina,NNP,NN
3625,Bosnia_Herzegovina_2009,0,225,21,or,or,CC,CC
3626,Bosnia_Herzegovina_2009,0,225,22,of,of,IN,IN
3627,Bosnia_Herzegovina_2009,0,225,23,any,any,DT,DT
3628,Bosnia_Herzegovina_2009,0,225,24,neighboring,neighboring,JJ,JJ
3629,Bosnia_Herzegovina_2009,0,225,25,state,state,NN,NN
3630,Bosnia_Herzegovina_2009,0,226,0,c.,c,VB,VB
3631,Bosnia_Herzegovina_2009,0,226,1,The,the,DT,DT
3632,Bosnia_Herzegovina_2009,0,226,2,term,term,NN,NN
3633,Bosnia_Herzegovina_2009,0,226,3,of,of,IN,IN
3634,Bosnia_Herzegovina_2009,0,226,4,judges,judges,NNS,NN
3635,Bosnia_Herzegovina_2009,0,226,5,initially,initially,RB,RB
3636,Bosnia_Herzegovina_2009,0,226,6,appointed,appointed,VBD,VB
3637,Bosnia_Herzegovina_2009,0,226,7,shall,shall,MD,MD
3638,Bosnia_Herzegovina_2009,0,226,8,be,be,VB,VB
3639,Bosnia_Herzegovina_2009,0,226,9,five,five,CD,CD
3640,Bosnia_Herzegovina_2009,0,226,10,years,years,NNS,NN
3641,Bosnia_Herzegovina_2009,0,226,12,unless,unless,IN,IN
3642,Bosnia_Herzegovina_2009,0,226,13,they,they,PRP,PR
3643,Bosnia_Herzegovina_2009,0,226,14,resign,resign,VBP,VB
3644,Bosnia_Herzegovina_2009,0,226,15,or,or,CC,CC
3645,Bosnia_Herzegovina_2009,0,226,16,are,are,VBP,VB
3646,Bosnia_Herzegovina_2009,0,226,17,removed,removed,VBN,VB
3647,Bosnia_Herzegovina_2009,0,226,18,for,for,IN,IN
3648,Bosnia_Herzegovina_2009,0,226,19,cause,cause,NN,NN
3649,Bosnia_Herzegovina_2009,0,226,20,by,by,IN,IN
3650,Bosnia_Herzegovina_2009,0,226,21,consensus,consensus,NN,NN
3651,Bosnia_Herzegovina_2009,0,226,22,of,of,IN,IN
3652,Bosnia_Herzegovina_2009,0,226,23,the,the,DT,DT
3653,Bosnia_Herzegovina_2009,0,226,24,other,other,JJ,JJ
3654,Bosnia_Herzegovina_2009,0,226,25,judges,judges,NNS,NN
3655,Bosnia_Herzegovina_2009,0,227,0,Judges,judges,NNS,NN
3656,Bosnia_Herzegovina_2009,0,227,1,initially,initially,RB,RB
3657,Bosnia_Herzegovina_2009,0,227,2,appointed,appointed,VBD,VB
3658,Bosnia_Herzegovina_2009,0,227,3,shall,shall,MD,MD
3659,Bosnia_Herzegovina_2009,0,227,4,not,not,RB,RB
3660,Bosnia_Herzegovina_2009,0,227,5,be,be,VB,VB
3661,Bosnia_Herzegovina_2009,0,227,6,eligible,eligible,JJ,JJ
3662,Bosnia_Herzegovina_2009,0,227,7,for,for,IN,IN
3663,Bosnia_Herzegovina_2009,0,227,8,reappointment,reappointment,NN,NN
3664,Bosnia_Herzegovina_2009,0,228,0,Judges,judges,NNS,NN
3665,Bosnia_Herzegovina_2009,0,228,1,subsequently,subsequently,RB,RB
3666,Bosnia_Herzegovina_2009,0,228,2,appointed,appointed,VBN,VB
3667,Bosnia_Herzegovina_2009,0,228,3,shall,shall,MD,MD
3668,Bosnia_Herzegovina_2009,0,228,4,serve,serve,VB,VB
3669,Bosnia_Herzegovina_2009,0,228,5,until,until,IN,IN
3670,Bosnia_Herzegovina_2009,0,228,6,age,age,NN,NN
3671,Bosnia_Herzegovina_2009,0,228,7,70,70,CD,CD
3672,Bosnia_Herzegovina_2009,0,228,9,unless,unless,IN,IN
3673,Bosnia_Herzegovina_2009,0,228,10,they,they,PRP,PR
3674,Bosnia_Herzegovina_2009,0,228,11,resign,resign,VBP,VB
3675,Bosnia_Herzegovina_2009,0,228,12,or,or,CC,CC
3676,Bosnia_Herzegovina_2009,0,228,13,are,are,VBP,VB
3677,Bosnia_Herzegovina_2009,0,228,14,removed,removed,VBN,VB
3678,Bosnia_Herzegovina_2009,0,228,15,for,for,IN,IN
3679,Bosnia_Herzegovina_2009,0,228,16,cause,cause,NN,NN
3680,Bosnia_Herzegovina_2009,0,228,17,by,by,IN,IN
3681,Bosnia_Herzegovina_2009,0,228,18,consensus,consensus,NN,NN
3682,Bosnia_Herzegovina_2009,0,228,19,of,of,IN,IN
3683,Bosnia_Herzegovina_2009,0,228,20,the,the,DT,DT
3684,Bosnia_Herzegovina_2009,0,228,21,other,other,JJ,JJ
3685,Bosnia_Herzegovina_2009,0,228,22,judges,judges,NNS,NN
3686,Bosnia_Herzegovina_2009,0,229,0,d.,d,NN,NN
3687,Bosnia_Herzegovina_2009,0,229,1,For,for,IN,IN
3688,Bosnia_Herzegovina_2009,0,229,2,appointments,appointments,NNS,NN
3689,Bosnia_Herzegovina_2009,0,229,3,made,made,VBD,VB
3690,Bosnia_Herzegovina_2009,0,229,4,more,more,RBR,RB
3691,Bosnia_Herzegovina_2009,0,229,5,than,than,IN,IN
3692,Bosnia_Herzegovina_2009,0,229,6,five,five,CD,CD
3693,Bosnia_Herzegovina_2009,0,229,7,years,years,NNS,NN
3694,Bosnia_Herzegovina_2009,0,229,8,after,after,IN,IN
3695,Bosnia_Herzegovina_2009,0,229,9,the,the,DT,DT
3696,Bosnia_Herzegovina_2009,0,229,10,initial,initial,JJ,JJ
3697,Bosnia_Herzegovina_2009,0,229,11,appointment,appointment,NN,NN
3698,Bosnia_Herzegovina_2009,0,229,12,of,of,IN,IN
3699,Bosnia_Herzegovina_2009,0,229,13,judges,judges,NNS,NN
3700,Bosnia_Herzegovina_2009,0,229,15,the,the,DT,DT
3701,Bosnia_Herzegovina_2009,0,229,16,Parliamentary,parliamentary,NNP,NN
3702,Bosnia_Herzegovina_2009,0,229,17,Assembly,assembly,NNP,NN
3703,Bosnia_Herzegovina_2009,0,229,18,may,may,MD,MD
3704,Bosnia_Herzegovina_2009,0,229,19,provide,provide,VB,VB
3705,Bosnia_Herzegovina_2009,0,229,20,by,by,IN,IN
3706,Bosnia_Herzegovina_2009,0,229,21,law,law,NN,NN
3707,Bosnia_Herzegovina_2009,0,229,22,for,for,IN,IN
3708,Bosnia_Herzegovina_2009,0,229,23,a,a,DT,DT
3709,Bosnia_Herzegovina_2009,0,229,24,different,different,JJ,JJ
3710,Bosnia_Herzegovina_2009,0,229,25,method,method,NN,NN
3711,Bosnia_Herzegovina_2009,0,229,26,of,of,IN,IN
3712,Bosnia_Herzegovina_2009,0,229,27,selection,selection,NN,NN
3713,Bosnia_Herzegovina_2009,0,229,28,of,of,IN,IN
3714,Bosnia_Herzegovina_2009,0,229,29,the,the,DT,DT
3715,Bosnia_Herzegovina_2009,0,229,30,three,three,CD,CD
3716,Bosnia_Herzegovina_2009,0,229,31,judges,judges,NNS,NN
3717,Bosnia_Herzegovina_2009,0,229,32,selected,selected,VBN,VB
3718,Bosnia_Herzegovina_2009,0,229,33,by,by,IN,IN
3719,Bosnia_Herzegovina_2009,0,229,34,the,the,DT,DT
3720,Bosnia_Herzegovina_2009,0,229,35,President,president,NNP,NN
3721,Bosnia_Herzegovina_2009,0,229,36,of,of,IN,IN
3722,Bosnia_Herzegovina_2009,0,229,37,the,the,DT,DT
3723,Bosnia_Herzegovina_2009,0,229,38,European,european,JJ,JJ
3724,Bosnia_Herzegovina_2009,0,229,39,Court,court,NNP,NN
3725,Bosnia_Herzegovina_2009,0,229,40,of,of,IN,IN
3726,Bosnia_Herzegovina_2009,0,229,41,Human,human,NNP,NN
3727,Bosnia_Herzegovina_2009,0,229,42,Rights,rights,NNPS,NN
3728,Bosnia_Herzegovina_2009,0,230,0,2,2,CD,CD
3729,Bosnia_Herzegovina_2009,0,231,0,Procedures,procedures,NNS,NN
3730,Bosnia_Herzegovina_2009,0,232,0,Share,share,NN,NN
3731,Bosnia_Herzegovina_2009,0,232,1,a,a,DT,DT
3732,Bosnia_Herzegovina_2009,0,233,0,A,a,DT,DT
3733,Bosnia_Herzegovina_2009,0,233,1,majority,majority,NN,NN
3734,Bosnia_Herzegovina_2009,0,233,2,of,of,IN,IN
3735,Bosnia_Herzegovina_2009,0,233,3,all,all,DT,DT
3736,Bosnia_Herzegovina_2009,0,233,4,members,members,NNS,NN
3737,Bosnia_Herzegovina_2009,0,233,5,of,of,IN,IN
3738,Bosnia_Herzegovina_2009,0,233,6,the,the,DT,DT
3739,Bosnia_Herzegovina_2009,0,233,7,Court,court,NNP,NN
3740,Bosnia_Herzegovina_2009,0,233,8,shall,shall,MD,MD
3741,Bosnia_Herzegovina_2009,0,233,9,constitute,constitute,VB,VB
3742,Bosnia_Herzegovina_2009,0,233,10,a,a,DT,DT
3743,Bosnia_Herzegovina_2009,0,233,11,quorum,quorum,NN,NN
3744,Bosnia_Herzegovina_2009,0,234,0,b,b,NN,NN
3745,Bosnia_Herzegovina_2009,0,235,0,The,the,DT,DT
3746,Bosnia_Herzegovina_2009,0,235,1,Court,court,NNP,NN
3747,Bosnia_Herzegovina_2009,0,235,2,shall,shall,MD,MD
3748,Bosnia_Herzegovina_2009,0,235,3,adopt,adopt,VB,VB
3749,Bosnia_Herzegovina_2009,0,235,4,its,its,PRP$,PR
3750,Bosnia_Herzegovina_2009,0,235,5,own,own,JJ,JJ
3751,Bosnia_Herzegovina_2009,0,235,6,rules,rules,NNS,NN
3752,Bosnia_Herzegovina_2009,0,235,7,of,of,IN,IN
3753,Bosnia_Herzegovina_2009,0,235,8,court,court,NN,NN
3754,Bosnia_Herzegovina_2009,0,235,9,by,by,IN,IN
3755,Bosnia_Herzegovina_2009,0,235,10,a,a,DT,DT
3756,Bosnia_Herzegovina_2009,0,235,11,majority,majority,NN,NN
3757,Bosnia_Herzegovina_2009,0,235,12,of,of,IN,IN
3758,Bosnia_Herzegovina_2009,0,235,13,all,all,DT,DT
3759,Bosnia_Herzegovina_2009,0,235,14,members,members,NNS,NN
3760,Bosnia_Herzegovina_2009,0,236,0,It,it,PRP,PR
3761,Bosnia_Herzegovina_2009,0,236,1,shall,shall,MD,MD
3762,Bosnia_Herzegovina_2009,0,236,2,hold,hold,VB,VB
3763,Bosnia_Herzegovina_2009,0,236,3,public,public,JJ,JJ
3764,Bosnia_Herzegovina_2009,0,236,4,proceedings,proceedings,NNS,NN
3765,Bosnia_Herzegovina_2009,0,236,5,and,and,CC,CC
3766,Bosnia_Herzegovina_2009,0,236,6,shall,shall,MD,MD
3767,Bosnia_Herzegovina_2009,0,236,7,issue,issue,VB,VB
3768,Bosnia_Herzegovina_2009,0,236,8,reasons,reasons,NNS,NN
3769,Bosnia_Herzegovina_2009,0,236,9,for,for,IN,IN
3770,Bosnia_Herzegovina_2009,0,236,10,its,its,PRP$,PR
3771,Bosnia_Herzegovina_2009,0,236,11,decisions,decisions,NNS,NN
3772,Bosnia_Herzegovina_2009,0,236,13,which,which,WDT,WD
3773,Bosnia_Herzegovina_2009,0,236,14,shall,shall,MD,MD
3774,Bosnia_Herzegovina_2009,0,236,15,be,be,VB,VB
3775,Bosnia_Herzegovina_2009,0,236,16,published,published,VBN,VB
3776,Bosnia_Herzegovina_2009,0,237,0,3,3,CD,CD
3777,Bosnia_Herzegovina_2009,0,238,0,Jurisdiction,jurisdiction,NN,NN
3778,Bosnia_Herzegovina_2009,0,239,0,Share,share,NN,NN
3779,Bosnia_Herzegovina_2009,0,239,1,The,the,DT,DT
3780,Bosnia_Herzegovina_2009,0,239,2,Constitutional,constitutional,NNP,NN
3781,Bosnia_Herzegovina_2009,0,239,3,Court,court,NNP,NN
3782,Bosnia_Herzegovina_2009,0,239,4,shall,shall,MD,MD
3783,Bosnia_Herzegovina_2009,0,239,5,uphold,uphold,VB,VB
3784,Bosnia_Herzegovina_2009,0,239,6,this,this,DT,DT
3785,Bosnia_Herzegovina_2009,0,239,7,Constitution,constitution,NN,NN
3786,Bosnia_Herzegovina_2009,0,240,0,a,a,DT,DT
3787,Bosnia_Herzegovina_2009,0,241,0,The,the,DT,DT
3788,Bosnia_Herzegovina_2009,0,241,1,Constitutional,constitutional,NNP,NN
3789,Bosnia_Herzegovina_2009,0,241,2,Court,court,NNP,NN
3790,Bosnia_Herzegovina_2009,0,241,3,shall,shall,MD,MD
3791,Bosnia_Herzegovina_2009,0,241,4,have,have,VB,VB
3792,Bosnia_Herzegovina_2009,0,241,5,exclusive,exclusive,JJ,JJ
3793,Bosnia_Herzegovina_2009,0,241,6,jurisdiction,jurisdiction,NN,NN
3794,Bosnia_Herzegovina_2009,0,241,7,to,to,TO,TO
3795,Bosnia_Herzegovina_2009,0,241,8,decide,decide,VB,VB
3796,Bosnia_Herzegovina_2009,0,241,9,any,any,DT,DT
3797,Bosnia_Herzegovina_2009,0,241,10,dispute,dispute,NN,NN
3798,Bosnia_Herzegovina_2009,0,241,11,that,that,WDT,WD
3799,Bosnia_Herzegovina_2009,0,241,12,arises,arises,VBZ,VB
3800,Bosnia_Herzegovina_2009,0,241,13,under,under,IN,IN
3801,Bosnia_Herzegovina_2009,0,241,14,this,this,DT,DT
3802,Bosnia_Herzegovina_2009,0,241,15,Constitution,constitution,NNP,NN
3803,Bosnia_Herzegovina_2009,0,241,16,between,between,IN,IN
3804,Bosnia_Herzegovina_2009,0,241,17,the,the,DT,DT
3805,Bosnia_Herzegovina_2009,0,241,18,Entities,entities,NNPS,NN
3806,Bosnia_Herzegovina_2009,0,241,19,or,or,CC,CC
3807,Bosnia_Herzegovina_2009,0,241,20,between,between,IN,IN
3808,Bosnia_Herzegovina_2009,0,241,21,Bosnia,bosnia,NNP,NN
3809,Bosnia_Herzegovina_2009,0,241,22,and,and,CC,CC
3810,Bosnia_Herzegovina_2009,0,241,23,Herzegovina,herzegovina,NNP,NN
3811,Bosnia_Herzegovina_2009,0,241,24,and,and,CC,CC
3812,Bosnia_Herzegovina_2009,0,241,25,an,an,DT,DT
3813,Bosnia_Herzegovina_2009,0,241,26,Entity,entity,NN,NN
3814,Bosnia_Herzegovina_2009,0,241,27,or,or,CC,CC
3815,Bosnia_Herzegovina_2009,0,241,28,Entities,entities,NNS,NN
3816,Bosnia_Herzegovina_2009,0,241,30,or,or,CC,CC
3817,Bosnia_Herzegovina_2009,0,241,31,between,between,IN,IN
3818,Bosnia_Herzegovina_2009,0,241,32,institutions,institutions,NNS,NN
3819,Bosnia_Herzegovina_2009,0,241,33,of,of,IN,IN
3820,Bosnia_Herzegovina_2009,0,241,34,Bosnia,bosnia,NNP,NN
3821,Bosnia_Herzegovina_2009,0,241,35,and,and,CC,CC
3822,Bosnia_Herzegovina_2009,0,241,36,Herzegovina,herzegovina,NNP,NN
3823,Bosnia_Herzegovina_2009,0,241,38,including,including,VBG,VB
3824,Bosnia_Herzegovina_2009,0,241,39,but,but,CC,CC
3825,Bosnia_Herzegovina_2009,0,241,40,not,not,RB,RB
3826,Bosnia_Herzegovina_2009,0,241,41,limited,limited,JJ,JJ
3827,Bosnia_Herzegovina_2009,0,241,42,to,to,TO,TO
3828,Bosnia_Herzegovina_2009,0,241,44,Whether,whether,PRP$,PR
3829,Bosnia_Herzegovina_2009,0,241,45,an,an,DT,DT
3830,Bosnia_Herzegovina_2009,0,241,46,Entity,entity,NNP,NN
3831,Bosnia_Herzegovina_2009,0,241,47,'s,s,POS,PO
3832,Bosnia_Herzegovina_2009,0,241,48,decision,decision,NN,NN
3833,Bosnia_Herzegovina_2009,0,241,49,to,to,TO,TO
3834,Bosnia_Herzegovina_2009,0,241,50,establish,establish,VB,VB
3835,Bosnia_Herzegovina_2009,0,241,51,a,a,DT,DT
3836,Bosnia_Herzegovina_2009,0,241,52,special,special,JJ,JJ
3837,Bosnia_Herzegovina_2009,0,241,53,parallel,parallel,NN,NN
3838,Bosnia_Herzegovina_2009,0,241,54,relationship,relationship,NN,NN
3839,Bosnia_Herzegovina_2009,0,241,55,with,with,IN,IN
3840,Bosnia_Herzegovina_2009,0,241,56,a,a,DT,DT
3841,Bosnia_Herzegovina_2009,0,241,57,neighboring,neighboring,JJ,JJ
3842,Bosnia_Herzegovina_2009,0,241,58,state,state,NN,NN
3843,Bosnia_Herzegovina_2009,0,241,59,is,is,VBZ,VB
3844,Bosnia_Herzegovina_2009,0,241,60,consistent,consistent,JJ,JJ
3845,Bosnia_Herzegovina_2009,0,241,61,with,with,IN,IN
3846,Bosnia_Herzegovina_2009,0,241,62,this,this,DT,DT
3847,Bosnia_Herzegovina_2009,0,241,63,Constitution,constitution,NNP,NN
3848,Bosnia_Herzegovina_2009,0,241,65,including,including,VBG,VB
3849,Bosnia_Herzegovina_2009,0,241,66,provisions,provisions,NNS,NN
3850,Bosnia_Herzegovina_2009,0,241,67,concerning,concerning,VBG,VB
3851,Bosnia_Herzegovina_2009,0,241,68,the,the,DT,DT
3852,Bosnia_Herzegovina_2009,0,241,69,sovereignty,sovereignty,NN,NN
3853,Bosnia_Herzegovina_2009,0,241,70,and,and,CC,CC
3854,Bosnia_Herzegovina_2009,0,241,71,territorial,territorial,JJ,JJ
3855,Bosnia_Herzegovina_2009,0,241,72,integrity,integrity,NN,NN
3856,Bosnia_Herzegovina_2009,0,241,73,of,of,IN,IN
3857,Bosnia_Herzegovina_2009,0,241,74,Bosnia,bosnia,NNP,NN
3858,Bosnia_Herzegovina_2009,0,241,75,and,and,CC,CC
3859,Bosnia_Herzegovina_2009,0,241,76,Herzegovina,herzegovina,NNP,NN
3860,Bosnia_Herzegovina_2009,0,242,0,Whether,whether,IN,IN
3861,Bosnia_Herzegovina_2009,0,242,1,any,any,DT,DT
3862,Bosnia_Herzegovina_2009,0,242,2,provision,provision,NN,NN
3863,Bosnia_Herzegovina_2009,0,242,3,of,of,IN,IN
3864,Bosnia_Herzegovina_2009,0,242,4,an,an,DT,DT
3865,Bosnia_Herzegovina_2009,0,242,5,Entity,entity,NNP,NN
3866,Bosnia_Herzegovina_2009,0,242,6,'s,s,POS,PO
3867,Bosnia_Herzegovina_2009,0,242,7,constitution,constitution,NN,NN
3868,Bosnia_Herzegovina_2009,0,242,8,or,or,CC,CC
3869,Bosnia_Herzegovina_2009,0,242,9,law,law,NN,NN
3870,Bosnia_Herzegovina_2009,0,242,10,is,is,VBZ,VB
3871,Bosnia_Herzegovina_2009,0,242,11,consistent,consistent,JJ,JJ
3872,Bosnia_Herzegovina_2009,0,242,12,with,with,IN,IN
3873,Bosnia_Herzegovina_2009,0,242,13,this,this,DT,DT
3874,Bosnia_Herzegovina_2009,0,242,14,Constitution,constitution,NNP,NN
3875,Bosnia_Herzegovina_2009,0,243,0,Disputes,disputes,NNS,NN
3876,Bosnia_Herzegovina_2009,0,243,1,may,may,MD,MD
3877,Bosnia_Herzegovina_2009,0,243,2,be,be,VB,VB
3878,Bosnia_Herzegovina_2009,0,243,3,referred,referred,VBN,VB
3879,Bosnia_Herzegovina_2009,0,243,4,only,only,RB,RB
3880,Bosnia_Herzegovina_2009,0,243,5,by,by,IN,IN
3881,Bosnia_Herzegovina_2009,0,243,6,a,a,DT,DT
3882,Bosnia_Herzegovina_2009,0,243,7,member,member,NN,NN
3883,Bosnia_Herzegovina_2009,0,243,8,of,of,IN,IN
3884,Bosnia_Herzegovina_2009,0,243,9,the,the,DT,DT
3885,Bosnia_Herzegovina_2009,0,243,10,Presidency,presidency,NNP,NN
3886,Bosnia_Herzegovina_2009,0,243,12,by,by,IN,IN
3887,Bosnia_Herzegovina_2009,0,243,13,the,the,DT,DT
3888,Bosnia_Herzegovina_2009,0,243,14,Chair,chair,NNP,NN
3889,Bosnia_Herzegovina_2009,0,243,15,of,of,IN,IN
3890,Bosnia_Herzegovina_2009,0,243,16,the,the,DT,DT
3891,Bosnia_Herzegovina_2009,0,243,17,Council,council,NNP,NN
3892,Bosnia_Herzegovina_2009,0,243,18,of,of,IN,IN
3893,Bosnia_Herzegovina_2009,0,243,19,Ministers,ministers,NNP,NN
3894,Bosnia_Herzegovina_2009,0,243,21,by,by,IN,IN
3895,Bosnia_Herzegovina_2009,0,243,22,the,the,DT,DT
3896,Bosnia_Herzegovina_2009,0,243,23,Chair,chair,NNP,NN
3897,Bosnia_Herzegovina_2009,0,243,24,or,or,CC,CC
3898,Bosnia_Herzegovina_2009,0,243,25,a,a,DT,DT
3899,Bosnia_Herzegovina_2009,0,243,26,Deputy,deputy,NNP,NN
3900,Bosnia_Herzegovina_2009,0,243,27,Chair,chair,NNP,NN
3901,Bosnia_Herzegovina_2009,0,243,28,of,of,IN,IN
3902,Bosnia_Herzegovina_2009,0,243,29,either,either,DT,DT
3903,Bosnia_Herzegovina_2009,0,243,30,chamber,chamber,NN,NN
3904,Bosnia_Herzegovina_2009,0,243,31,of,of,IN,IN
3905,Bosnia_Herzegovina_2009,0,243,32,the,the,DT,DT
3906,Bosnia_Herzegovina_2009,0,243,33,Parliamentary,parliamentary,NNP,NN
3907,Bosnia_Herzegovina_2009,0,243,34,Assembly,assembly,NNP,NN
3908,Bosnia_Herzegovina_2009,0,243,36,by,by,IN,IN
3909,Bosnia_Herzegovina_2009,0,243,37,one-fourth,onefourth,NN,NN
3910,Bosnia_Herzegovina_2009,0,243,38,of,of,IN,IN
3911,Bosnia_Herzegovina_2009,0,243,39,the,the,DT,DT
3912,Bosnia_Herzegovina_2009,0,243,40,members,members,NNS,NN
3913,Bosnia_Herzegovina_2009,0,243,41,of,of,IN,IN
3914,Bosnia_Herzegovina_2009,0,243,42,either,either,DT,DT
3915,Bosnia_Herzegovina_2009,0,243,43,chamber,chamber,NN,NN
3916,Bosnia_Herzegovina_2009,0,243,44,of,of,IN,IN
3917,Bosnia_Herzegovina_2009,0,243,45,the,the,DT,DT
3918,Bosnia_Herzegovina_2009,0,243,46,Parliamentary,parliamentary,NNP,NN
3919,Bosnia_Herzegovina_2009,0,243,47,Assembly,assembly,NNP,NN
3920,Bosnia_Herzegovina_2009,0,243,49,or,or,CC,CC
3921,Bosnia_Herzegovina_2009,0,243,50,by,by,IN,IN
3922,Bosnia_Herzegovina_2009,0,243,51,one-fourth,onefourth,NN,NN
3923,Bosnia_Herzegovina_2009,0,243,52,of,of,IN,IN
3924,Bosnia_Herzegovina_2009,0,243,53,either,either,DT,DT
3925,Bosnia_Herzegovina_2009,0,243,54,chamber,chamber,NN,NN
3926,Bosnia_Herzegovina_2009,0,243,55,of,of,IN,IN
3927,Bosnia_Herzegovina_2009,0,243,56,a,a,DT,DT
3928,Bosnia_Herzegovina_2009,0,243,57,legislature,legislature,NN,NN
3929,Bosnia_Herzegovina_2009,0,243,58,of,of,IN,IN
3930,Bosnia_Herzegovina_2009,0,243,59,an,an,DT,DT
3931,Bosnia_Herzegovina_2009,0,243,60,Entity,entity,NNP,NN
3932,Bosnia_Herzegovina_2009,0,244,0,b,b,NN,NN
3933,Bosnia_Herzegovina_2009,0,245,0,The,the,DT,DT
3934,Bosnia_Herzegovina_2009,0,245,1,Constitutional,constitutional,NNP,NN
3935,Bosnia_Herzegovina_2009,0,245,2,Court,court,NNP,NN
3936,Bosnia_Herzegovina_2009,0,245,3,shall,shall,MD,MD
3937,Bosnia_Herzegovina_2009,0,245,4,also,also,RB,RB
3938,Bosnia_Herzegovina_2009,0,245,5,have,have,VB,VB
3939,Bosnia_Herzegovina_2009,0,245,6,appellate,appellate,JJ,JJ
3940,Bosnia_Herzegovina_2009,0,245,7,jurisdiction,jurisdiction,NN,NN
3941,Bosnia_Herzegovina_2009,0,245,8,over,over,IN,IN
3942,Bosnia_Herzegovina_2009,0,245,9,issues,issues,NNS,NN
3943,Bosnia_Herzegovina_2009,0,245,10,under,under,IN,IN
3944,Bosnia_Herzegovina_2009,0,245,11,this,this,DT,DT
3945,Bosnia_Herzegovina_2009,0,245,12,Constitution,constitution,NNP,NN
3946,Bosnia_Herzegovina_2009,0,245,13,arising,arising,VBG,VB
3947,Bosnia_Herzegovina_2009,0,245,14,out,out,IN,IN
3948,Bosnia_Herzegovina_2009,0,245,15,of,of,IN,IN
3949,Bosnia_Herzegovina_2009,0,245,16,a,a,DT,DT
3950,Bosnia_Herzegovina_2009,0,245,17,judgment,judgment,NN,NN
3951,Bosnia_Herzegovina_2009,0,245,18,of,of,IN,IN
3952,Bosnia_Herzegovina_2009,0,245,19,any,any,DT,DT
3953,Bosnia_Herzegovina_2009,0,245,20,other,other,JJ,JJ
3954,Bosnia_Herzegovina_2009,0,245,21,court,court,NN,NN
3955,Bosnia_Herzegovina_2009,0,245,22,in,in,IN,IN
3956,Bosnia_Herzegovina_2009,0,245,23,Bosnia,bosnia,NNP,NN
3957,Bosnia_Herzegovina_2009,0,245,24,and,and,CC,CC
3958,Bosnia_Herzegovina_2009,0,245,25,Herzegovina,herzegovina,NNP,NN
3959,Bosnia_Herzegovina_2009,0,246,0,c.,c,VB,VB
3960,Bosnia_Herzegovina_2009,0,246,1,The,the,DT,DT
3961,Bosnia_Herzegovina_2009,0,246,2,Constitutional,constitutional,NNP,NN
3962,Bosnia_Herzegovina_2009,0,246,3,Court,court,NNP,NN
3963,Bosnia_Herzegovina_2009,0,246,4,shall,shall,MD,MD
3964,Bosnia_Herzegovina_2009,0,246,5,have,have,VB,VB
3965,Bosnia_Herzegovina_2009,0,246,6,jurisdiction,jurisdiction,NN,NN
3966,Bosnia_Herzegovina_2009,0,246,7,over,over,IN,IN
3967,Bosnia_Herzegovina_2009,0,246,8,issues,issues,NNS,NN
3968,Bosnia_Herzegovina_2009,0,246,9,referred,referred,VBN,VB
3969,Bosnia_Herzegovina_2009,0,246,10,by,by,IN,IN
3970,Bosnia_Herzegovina_2009,0,246,11,any,any,DT,DT
3971,Bosnia_Herzegovina_2009,0,246,12,court,court,NN,NN
3972,Bosnia_Herzegovina_2009,0,246,13,in,in,IN,IN
3973,Bosnia_Herzegovina_2009,0,246,14,Bosnia,bosnia,NNP,NN
3974,Bosnia_Herzegovina_2009,0,246,15,and,and,CC,CC
3975,Bosnia_Herzegovina_2009,0,246,16,Herzegovina,herzegovina,NNP,NN
3976,Bosnia_Herzegovina_2009,0,246,17,concerning,concerning,VBG,VB
3977,Bosnia_Herzegovina_2009,0,246,18,whether,whether,IN,IN
3978,Bosnia_Herzegovina_2009,0,246,19,a,a,DT,DT
3979,Bosnia_Herzegovina_2009,0,246,20,law,law,NN,NN
3980,Bosnia_Herzegovina_2009,0,246,22,on,on,IN,IN
3981,Bosnia_Herzegovina_2009,0,246,23,whose,whose,WP$,WP
3982,Bosnia_Herzegovina_2009,0,246,24,validity,validity,NN,NN
3983,Bosnia_Herzegovina_2009,0,246,25,its,its,PRP$,PR
3984,Bosnia_Herzegovina_2009,0,246,26,decision,decision,NN,NN
3985,Bosnia_Herzegovina_2009,0,246,27,depends,depends,NNS,NN
3986,Bosnia_Herzegovina_2009,0,246,29,is,is,VBZ,VB
3987,Bosnia_Herzegovina_2009,0,246,30,compatible,compatible,JJ,JJ
3988,Bosnia_Herzegovina_2009,0,246,31,with,with,IN,IN
3989,Bosnia_Herzegovina_2009,0,246,32,this,this,DT,DT
3990,Bosnia_Herzegovina_2009,0,246,33,Constitution,constitution,NNP,NN
3991,Bosnia_Herzegovina_2009,0,246,35,with,with,IN,IN
3992,Bosnia_Herzegovina_2009,0,246,36,the,the,DT,DT
3993,Bosnia_Herzegovina_2009,0,246,37,European,european,JJ,JJ
3994,Bosnia_Herzegovina_2009,0,246,38,Convention,convention,NNP,NN
3995,Bosnia_Herzegovina_2009,0,246,39,for,for,IN,IN
3996,Bosnia_Herzegovina_2009,0,246,40,Human,human,NNP,NN
3997,Bosnia_Herzegovina_2009,0,246,41,Rights,rights,NNPS,NN
3998,Bosnia_Herzegovina_2009,0,246,42,and,and,CC,CC
3999,Bosnia_Herzegovina_2009,0,246,43,Fundamental,fundamental,NNP,NN
4000,Bosnia_Herzegovina_2009,0,246,44,Freedoms,freedoms,NNP,NN
4001,Bosnia_Herzegovina_2009,0,246,45,and,and,CC,CC
4002,Bosnia_Herzegovina_2009,0,246,46,its,its,PRP$,PR
4003,Bosnia_Herzegovina_2009,0,246,47,Protocols,protocols,NNP,NN
4004,Bosnia_Herzegovina_2009,0,246,49,or,or,CC,CC
4005,Bosnia_Herzegovina_2009,0,246,50,with,with,IN,IN
4006,Bosnia_Herzegovina_2009,0,246,51,the,the,DT,DT
4007,Bosnia_Herzegovina_2009,0,246,52,laws,laws,NNS,NN
4008,Bosnia_Herzegovina_2009,0,246,53,of,of,IN,IN
4009,Bosnia_Herzegovina_2009,0,246,54,Bosnia,bosnia,NNP,NN
4010,Bosnia_Herzegovina_2009,0,246,55,and,and,CC,CC
4011,Bosnia_Herzegovina_2009,0,246,56,Herzegovina,herzegovina,NNP,NN
4012,Bosnia_Herzegovina_2009,0,246,58,or,or,CC,CC
4013,Bosnia_Herzegovina_2009,0,246,59,concerning,concerning,VBG,VB
4014,Bosnia_Herzegovina_2009,0,246,60,the,the,DT,DT
4015,Bosnia_Herzegovina_2009,0,246,61,existence,existence,NN,NN
4016,Bosnia_Herzegovina_2009,0,246,62,of,of,IN,IN
4017,Bosnia_Herzegovina_2009,0,246,63,or,or,CC,CC
4018,Bosnia_Herzegovina_2009,0,246,64,the,the,DT,DT
4019,Bosnia_Herzegovina_2009,0,246,65,scope,scope,NN,NN
4020,Bosnia_Herzegovina_2009,0,246,66,of,of,IN,IN
4021,Bosnia_Herzegovina_2009,0,246,67,a,a,DT,DT
4022,Bosnia_Herzegovina_2009,0,246,68,general,general,JJ,JJ
4023,Bosnia_Herzegovina_2009,0,246,69,rule,rule,NN,NN
4024,Bosnia_Herzegovina_2009,0,246,70,of,of,IN,IN
4025,Bosnia_Herzegovina_2009,0,246,71,public,public,JJ,JJ
4026,Bosnia_Herzegovina_2009,0,246,72,international,international,JJ,JJ
4027,Bosnia_Herzegovina_2009,0,246,73,law,law,NN,NN
4028,Bosnia_Herzegovina_2009,0,246,74,pertinent,pertinent,NN,NN
4029,Bosnia_Herzegovina_2009,0,246,75,to,to,TO,TO
4030,Bosnia_Herzegovina_2009,0,246,76,the,the,DT,DT
4031,Bosnia_Herzegovina_2009,0,246,77,court,court,NN,NN
4032,Bosnia_Herzegovina_2009,0,246,78,'s,s,POS,PO
4033,Bosnia_Herzegovina_2009,0,246,79,decision,decision,NN,NN
4034,Bosnia_Herzegovina_2009,0,247,0,4,4,CD,CD
4035,Bosnia_Herzegovina_2009,0,248,0,Brcko,brcko,NNP,NN
4036,Bosnia_Herzegovina_2009,0,248,1,District,district,NNP,NN
4037,Bosnia_Herzegovina_2009,0,248,2,of,of,IN,IN
4038,Bosnia_Herzegovina_2009,0,248,3,Bosnia,bosnia,NNP,NN
4039,Bosnia_Herzegovina_2009,0,248,4,and,and,CC,CC
4040,Bosnia_Herzegovina_2009,0,248,5,Herzegovina,herzegovina,NNP,NN
4041,Bosnia_Herzegovina_2009,0,249,0,Share,share,NN,NN
4042,Bosnia_Herzegovina_2009,0,249,1,The,the,DT,DT
4043,Bosnia_Herzegovina_2009,0,249,2,Brcko,brcko,NNP,NN
4044,Bosnia_Herzegovina_2009,0,249,3,District,district,NNP,NN
4045,Bosnia_Herzegovina_2009,0,249,4,of,of,IN,IN
4046,Bosnia_Herzegovina_2009,0,249,5,Bosnia,bosnia,NNP,NN
4047,Bosnia_Herzegovina_2009,0,249,6,and,and,CC,CC
4048,Bosnia_Herzegovina_2009,0,249,7,Herzegovina,herzegovina,NNP,NN
4049,Bosnia_Herzegovina_2009,0,249,9,existing,existing,VBG,VB
4050,Bosnia_Herzegovina_2009,0,249,10,under,under,IN,IN
4051,Bosnia_Herzegovina_2009,0,249,11,the,the,DT,DT
4052,Bosnia_Herzegovina_2009,0,249,12,sovereignty,sovereignty,NN,NN
4053,Bosnia_Herzegovina_2009,0,249,13,of,of,IN,IN
4054,Bosnia_Herzegovina_2009,0,249,14,Bosnia,bosnia,NNP,NN
4055,Bosnia_Herzegovina_2009,0,249,15,and,and,CC,CC
4056,Bosnia_Herzegovina_2009,0,249,16,Herzegovina,herzegovina,NNP,NN
4057,Bosnia_Herzegovina_2009,0,249,17,and,and,CC,CC
4058,Bosnia_Herzegovina_2009,0,249,18,falling,falling,VBG,VB
4059,Bosnia_Herzegovina_2009,0,249,19,under,under,IN,IN
4060,Bosnia_Herzegovina_2009,0,249,20,the,the,DT,DT
4061,Bosnia_Herzegovina_2009,0,249,21,responsibility,responsibility,NN,NN
4062,Bosnia_Herzegovina_2009,0,249,22,of,of,IN,IN
4063,Bosnia_Herzegovina_2009,0,249,23,the,the,DT,DT
4064,Bosnia_Herzegovina_2009,0,249,24,institutions,institutions,NNS,NN
4065,Bosnia_Herzegovina_2009,0,249,25,of,of,IN,IN
4066,Bosnia_Herzegovina_2009,0,249,26,Bosnia,bosnia,NNP,NN
4067,Bosnia_Herzegovina_2009,0,249,27,and,and,CC,CC
4068,Bosnia_Herzegovina_2009,0,249,28,Herzegovina,herzegovina,NNP,NN
4069,Bosnia_Herzegovina_2009,0,249,29,as,as,IN,IN
4070,Bosnia_Herzegovina_2009,0,249,30,arising,arising,VBG,VB
4071,Bosnia_Herzegovina_2009,0,249,31,from,from,IN,IN
4072,Bosnia_Herzegovina_2009,0,249,32,the,the,DT,DT
4073,Bosnia_Herzegovina_2009,0,249,33,Constitution,constitution,NNP,NN
4074,Bosnia_Herzegovina_2009,0,249,35,which,which,WDT,WD
4075,Bosnia_Herzegovina_2009,0,249,36,territory,territory,NN,NN
4076,Bosnia_Herzegovina_2009,0,249,37,is,is,VBZ,VB
4077,Bosnia_Herzegovina_2009,0,249,38,jointly,jointly,RB,RB
4078,Bosnia_Herzegovina_2009,0,249,39,owned,owned,VBN,VB
4079,Bosnia_Herzegovina_2009,0,249,40,by,by,IN,IN
4080,Bosnia_Herzegovina_2009,0,249,41,the,the,DT,DT
4081,Bosnia_Herzegovina_2009,0,249,42,Entities,entities,NNS,NN
4082,Bosnia_Herzegovina_2009,0,249,44,shall,shall,MD,MD
4083,Bosnia_Herzegovina_2009,0,249,45,be,be,VB,VB
4084,Bosnia_Herzegovina_2009,0,249,46,a,a,DT,DT
4085,Bosnia_Herzegovina_2009,0,249,47,local,local,JJ,JJ
4086,Bosnia_Herzegovina_2009,0,249,48,self-government,selfgovernment,JJ,JJ
4087,Bosnia_Herzegovina_2009,0,249,49,unit,unit,NN,NN
4088,Bosnia_Herzegovina_2009,0,249,50,with,with,IN,IN
4089,Bosnia_Herzegovina_2009,0,249,51,own,own,JJ,JJ
4090,Bosnia_Herzegovina_2009,0,249,52,institutions,institutions,NNS,NN
4091,Bosnia_Herzegovina_2009,0,249,54,laws,laws,NNS,NN
4092,Bosnia_Herzegovina_2009,0,249,55,and,and,CC,CC
4093,Bosnia_Herzegovina_2009,0,249,56,regulations,regulations,NNS,NN
4094,Bosnia_Herzegovina_2009,0,249,58,and,and,CC,CC
4095,Bosnia_Herzegovina_2009,0,249,59,powers,powers,NNS,NN
4096,Bosnia_Herzegovina_2009,0,249,60,and,and,CC,CC
4097,Bosnia_Herzegovina_2009,0,249,61,statute,statute,NN,NN
4098,Bosnia_Herzegovina_2009,0,249,62,laid,laid,VBP,VB
4099,Bosnia_Herzegovina_2009,0,249,63,down,down,RP,RP
4100,Bosnia_Herzegovina_2009,0,249,64,finally,finally,RB,RB
4101,Bosnia_Herzegovina_2009,0,249,65,in,in,IN,IN
4102,Bosnia_Herzegovina_2009,0,249,66,the,the,DT,DT
4103,Bosnia_Herzegovina_2009,0,249,67,decisions,decisions,NNS,NN
4104,Bosnia_Herzegovina_2009,0,249,68,of,of,IN,IN
4105,Bosnia_Herzegovina_2009,0,249,69,the,the,DT,DT
4106,Bosnia_Herzegovina_2009,0,249,70,Arbitration,arbitration,NNP,NN
4107,Bosnia_Herzegovina_2009,0,249,71,Tribunal,tribunal,NNP,NN
4108,Bosnia_Herzegovina_2009,0,249,72,for,for,IN,IN
4109,Bosnia_Herzegovina_2009,0,249,73,the,the,DT,DT
4110,Bosnia_Herzegovina_2009,0,249,74,Dispute,dispute,NNP,NN
4111,Bosnia_Herzegovina_2009,0,249,75,over,over,IN,IN
4112,Bosnia_Herzegovina_2009,0,249,76,the,the,DT,DT
4113,Bosnia_Herzegovina_2009,0,249,77,Inter-Entity,interentity,NNP,NN
4114,Bosnia_Herzegovina_2009,0,249,78,Boundary,boundary,NNP,NN
4115,Bosnia_Herzegovina_2009,0,249,79,Line,line,NNP,NN
4116,Bosnia_Herzegovina_2009,0,249,80,in,in,IN,IN
4117,Bosnia_Herzegovina_2009,0,249,81,Brcko,brcko,NNP,NN
4118,Bosnia_Herzegovina_2009,0,249,82,Area,area,NNP,NN
4119,Bosnia_Herzegovina_2009,0,250,0,Relations,relations,NNS,NN
4120,Bosnia_Herzegovina_2009,0,250,1,between,between,IN,IN
4121,Bosnia_Herzegovina_2009,0,250,2,the,the,DT,DT
4122,Bosnia_Herzegovina_2009,0,250,3,Brcko,brcko,NNP,NN
4123,Bosnia_Herzegovina_2009,0,250,4,District,district,NNP,NN
4124,Bosnia_Herzegovina_2009,0,250,5,of,of,IN,IN
4125,Bosnia_Herzegovina_2009,0,250,6,Bosnia,bosnia,NNP,NN
4126,Bosnia_Herzegovina_2009,0,250,7,and,and,CC,CC
4127,Bosnia_Herzegovina_2009,0,250,8,Herzegovina,herzegovina,NNP,NN
4128,Bosnia_Herzegovina_2009,0,250,9,and,and,CC,CC
4129,Bosnia_Herzegovina_2009,0,250,10,the,the,DT,DT
4130,Bosnia_Herzegovina_2009,0,250,11,institutions,institutions,NNS,NN
4131,Bosnia_Herzegovina_2009,0,250,12,of,of,IN,IN
4132,Bosnia_Herzegovina_2009,0,250,13,Bosnia,bosnia,NNP,NN
4133,Bosnia_Herzegovina_2009,0,250,14,and,and,CC,CC
4134,Bosnia_Herzegovina_2009,0,250,15,Herzegovina,herzegovina,NNP,NN
4135,Bosnia_Herzegovina_2009,0,250,16,and,and,CC,CC
4136,Bosnia_Herzegovina_2009,0,250,17,the,the,DT,DT
4137,Bosnia_Herzegovina_2009,0,250,18,Entities,entities,NNS,NN
4138,Bosnia_Herzegovina_2009,0,250,19,may,may,MD,MD
4139,Bosnia_Herzegovina_2009,0,250,20,be,be,VB,VB
4140,Bosnia_Herzegovina_2009,0,250,21,additionally,additionally,RB,RB
4141,Bosnia_Herzegovina_2009,0,250,22,specified,specified,VBN,VB
4142,Bosnia_Herzegovina_2009,0,250,23,by,by,IN,IN
4143,Bosnia_Herzegovina_2009,0,250,24,law,law,NN,NN
4144,Bosnia_Herzegovina_2009,0,250,25,enacted,enacted,VBN,VB
4145,Bosnia_Herzegovina_2009,0,250,26,by,by,IN,IN
4146,Bosnia_Herzegovina_2009,0,250,27,the,the,DT,DT
4147,Bosnia_Herzegovina_2009,0,250,28,Parliamentary,parliamentary,NNP,NN
4148,Bosnia_Herzegovina_2009,0,250,29,Assembly,assembly,NNP,NN
4149,Bosnia_Herzegovina_2009,0,250,30,of,of,IN,IN
4150,Bosnia_Herzegovina_2009,0,250,31,Bosnia,bosnia,NNP,NN
4151,Bosnia_Herzegovina_2009,0,250,32,and,and,CC,CC
4152,Bosnia_Herzegovina_2009,0,250,33,Herzegovina,herzegovina,NNP,NN
4153,Bosnia_Herzegovina_2009,0,251,0,The,the,DT,DT
4154,Bosnia_Herzegovina_2009,0,251,1,Constitutional,constitutional,NNP,NN
4155,Bosnia_Herzegovina_2009,0,251,2,Court,court,NNP,NN
4156,Bosnia_Herzegovina_2009,0,251,3,of,of,IN,IN
4157,Bosnia_Herzegovina_2009,0,251,4,Bosnia,bosnia,NNP,NN
4158,Bosnia_Herzegovina_2009,0,251,5,and,and,CC,CC
4159,Bosnia_Herzegovina_2009,0,251,6,Herzegovina,herzegovina,NNP,NN
4160,Bosnia_Herzegovina_2009,0,251,7,shall,shall,MD,MD
4161,Bosnia_Herzegovina_2009,0,251,8,have,have,VB,VB
4162,Bosnia_Herzegovina_2009,0,251,9,jurisdiction,jurisdiction,NN,NN
4163,Bosnia_Herzegovina_2009,0,251,10,to,to,TO,TO
4164,Bosnia_Herzegovina_2009,0,251,11,decide,decide,VB,VB
4165,Bosnia_Herzegovina_2009,0,251,12,any,any,DT,DT
4166,Bosnia_Herzegovina_2009,0,251,13,dispute,dispute,NN,NN
4167,Bosnia_Herzegovina_2009,0,251,14,in,in,IN,IN
4168,Bosnia_Herzegovina_2009,0,251,15,relation,relation,NN,NN
4169,Bosnia_Herzegovina_2009,0,251,16,to,to,TO,TO
4170,Bosnia_Herzegovina_2009,0,251,17,the,the,DT,DT
4171,Bosnia_Herzegovina_2009,0,251,18,protection,protection,NN,NN
4172,Bosnia_Herzegovina_2009,0,251,19,of,of,IN,IN
4173,Bosnia_Herzegovina_2009,0,251,20,the,the,DT,DT
4174,Bosnia_Herzegovina_2009,0,251,21,established,established,VBN,VB
4175,Bosnia_Herzegovina_2009,0,251,22,status,status,NN,NN
4176,Bosnia_Herzegovina_2009,0,251,23,and,and,CC,CC
4177,Bosnia_Herzegovina_2009,0,251,24,powers,powers,NNS,NN
4178,Bosnia_Herzegovina_2009,0,251,25,of,of,IN,IN
4179,Bosnia_Herzegovina_2009,0,251,26,the,the,DT,DT
4180,Bosnia_Herzegovina_2009,0,251,27,Brcko,brcko,NNP,NN
4181,Bosnia_Herzegovina_2009,0,251,28,District,district,NNP,NN
4182,Bosnia_Herzegovina_2009,0,251,29,of,of,IN,IN
4183,Bosnia_Herzegovina_2009,0,251,30,Bosnia,bosnia,NNP,NN
4184,Bosnia_Herzegovina_2009,0,251,31,and,and,CC,CC
4185,Bosnia_Herzegovina_2009,0,251,32,Herzegovina,herzegovina,NNP,NN
4186,Bosnia_Herzegovina_2009,0,251,33,that,that,IN,IN
4187,Bosnia_Herzegovina_2009,0,251,34,arises,arises,VBZ,VB
4188,Bosnia_Herzegovina_2009,0,251,35,under,under,IN,IN
4189,Bosnia_Herzegovina_2009,0,251,36,this,this,DT,DT
4190,Bosnia_Herzegovina_2009,0,251,37,Constitution,constitution,NNP,NN
4191,Bosnia_Herzegovina_2009,0,251,38,and,and,CC,CC
4192,Bosnia_Herzegovina_2009,0,251,39,decisions,decisions,NNS,NN
4193,Bosnia_Herzegovina_2009,0,251,40,of,of,IN,IN
4194,Bosnia_Herzegovina_2009,0,251,41,the,the,DT,DT
4195,Bosnia_Herzegovina_2009,0,251,42,Arbitration,arbitration,NNP,NN
4196,Bosnia_Herzegovina_2009,0,251,43,Tribunal,tribunal,NNP,NN
4197,Bosnia_Herzegovina_2009,0,251,44,between,between,IN,IN
4198,Bosnia_Herzegovina_2009,0,251,45,an,an,DT,DT
4199,Bosnia_Herzegovina_2009,0,251,46,Entity,entity,NNP,NN
4200,Bosnia_Herzegovina_2009,0,251,47,or,or,CC,CC
4201,Bosnia_Herzegovina_2009,0,251,48,Entities,entities,NNPS,NN
4202,Bosnia_Herzegovina_2009,0,251,49,and,and,CC,CC
4203,Bosnia_Herzegovina_2009,0,251,50,the,the,DT,DT
4204,Bosnia_Herzegovina_2009,0,251,51,Brcko,brcko,NNP,NN
4205,Bosnia_Herzegovina_2009,0,251,52,District,district,NNP,NN
4206,Bosnia_Herzegovina_2009,0,251,53,of,of,IN,IN
4207,Bosnia_Herzegovina_2009,0,251,54,Bosnia,bosnia,NNP,NN
4208,Bosnia_Herzegovina_2009,0,251,55,and,and,CC,CC
4209,Bosnia_Herzegovina_2009,0,251,56,Herzegovina,herzegovina,NNP,NN
4210,Bosnia_Herzegovina_2009,0,251,57,or,or,CC,CC
4211,Bosnia_Herzegovina_2009,0,251,58,between,between,IN,IN
4212,Bosnia_Herzegovina_2009,0,251,59,Bosnia,bosnia,NNP,NN
4213,Bosnia_Herzegovina_2009,0,251,60,and,and,CC,CC
4214,Bosnia_Herzegovina_2009,0,251,61,Herzegovina,herzegovina,NNP,NN
4215,Bosnia_Herzegovina_2009,0,251,62,and,and,CC,CC
4216,Bosnia_Herzegovina_2009,0,251,63,the,the,DT,DT
4217,Bosnia_Herzegovina_2009,0,251,64,Brcko,brcko,NNP,NN
4218,Bosnia_Herzegovina_2009,0,251,65,District,district,NNP,NN
4219,Bosnia_Herzegovina_2009,0,251,66,of,of,IN,IN
4220,Bosnia_Herzegovina_2009,0,251,67,Bosnia,bosnia,NNP,NN
4221,Bosnia_Herzegovina_2009,0,251,68,and,and,CC,CC
4222,Bosnia_Herzegovina_2009,0,251,69,Herzegovina,herzegovina,NNP,NN
4223,Bosnia_Herzegovina_2009,0,252,0,Any,any,DT,DT
4224,Bosnia_Herzegovina_2009,0,252,1,such,such,JJ,JJ
4225,Bosnia_Herzegovina_2009,0,252,2,dispute,dispute,NN,NN
4226,Bosnia_Herzegovina_2009,0,252,3,may,may,MD,MD
4227,Bosnia_Herzegovina_2009,0,252,4,be,be,VB,VB
4228,Bosnia_Herzegovina_2009,0,252,5,referred,referred,VBN,VB
4229,Bosnia_Herzegovina_2009,0,252,6,by,by,IN,IN
4230,Bosnia_Herzegovina_2009,0,252,7,a,a,DT,DT
4231,Bosnia_Herzegovina_2009,0,252,8,majority,majority,NN,NN
4232,Bosnia_Herzegovina_2009,0,252,9,of,of,IN,IN
4233,Bosnia_Herzegovina_2009,0,252,10,representatives,representatives,NNS,NN
4234,Bosnia_Herzegovina_2009,0,252,11,of,of,IN,IN
4235,Bosnia_Herzegovina_2009,0,252,12,the,the,DT,DT
4236,Bosnia_Herzegovina_2009,0,252,13,Assembly,assembly,NNP,NN
4237,Bosnia_Herzegovina_2009,0,252,14,of,of,IN,IN
4238,Bosnia_Herzegovina_2009,0,252,15,the,the,DT,DT
4239,Bosnia_Herzegovina_2009,0,252,16,Brcko,brcko,NNP,NN
4240,Bosnia_Herzegovina_2009,0,252,17,District,district,NNP,NN
4241,Bosnia_Herzegovina_2009,0,252,18,of,of,IN,IN
4242,Bosnia_Herzegovina_2009,0,252,19,Bosnia,bosnia,NNP,NN
4243,Bosnia_Herzegovina_2009,0,252,20,and,and,CC,CC
4244,Bosnia_Herzegovina_2009,0,252,21,Herzegovina,herzegovina,NNP,NN
4245,Bosnia_Herzegovina_2009,0,252,22,including,including,VBG,VB
4246,Bosnia_Herzegovina_2009,0,252,23,at,at,IN,IN
4247,Bosnia_Herzegovina_2009,0,252,24,least,least,JJS,JJ
4248,Bosnia_Herzegovina_2009,0,252,25,one,one,CD,CD
4249,Bosnia_Herzegovina_2009,0,252,26,fifth,fifth,NN,NN
4250,Bosnia_Herzegovina_2009,0,252,27,of,of,IN,IN
4251,Bosnia_Herzegovina_2009,0,252,28,the,the,DT,DT
4252,Bosnia_Herzegovina_2009,0,252,29,members,members,NNS,NN
4253,Bosnia_Herzegovina_2009,0,252,30,elected,elected,VBN,VB
4254,Bosnia_Herzegovina_2009,0,252,31,from,from,IN,IN
4255,Bosnia_Herzegovina_2009,0,252,32,amongst,amongst,JJ,JJ
4256,Bosnia_Herzegovina_2009,0,252,33,each,each,DT,DT
4257,Bosnia_Herzegovina_2009,0,252,34,constituent,constituent,NN,NN
4258,Bosnia_Herzegovina_2009,0,252,35,people,people,NNS,NN
4259,Bosnia_Herzegovina_2009,0,253,0,5,5,CD,CD
4260,Bosnia_Herzegovina_2009,0,254,0,Decisions,decisions,NNS,NN
4261,Bosnia_Herzegovina_2009,0,255,0,Share,share,NN,NN
4262,Bosnia_Herzegovina_2009,0,255,1,Decisions,decisions,NNS,NN
4263,Bosnia_Herzegovina_2009,0,255,2,of,of,IN,IN
4264,Bosnia_Herzegovina_2009,0,255,3,the,the,DT,DT
4265,Bosnia_Herzegovina_2009,0,255,4,Constitutional,constitutional,NNP,NN
4266,Bosnia_Herzegovina_2009,0,255,5,Court,court,NNP,NN
4267,Bosnia_Herzegovina_2009,0,255,6,shall,shall,MD,MD
4268,Bosnia_Herzegovina_2009,0,255,7,be,be,VB,VB
4269,Bosnia_Herzegovina_2009,0,255,8,final,final,JJ,JJ
4270,Bosnia_Herzegovina_2009,0,255,9,and,and,CC,CC
4271,Bosnia_Herzegovina_2009,0,255,10,binding,binding,NN,NN
4272,Bosnia_Herzegovina_2009,0,256,0,Article,article,NN,NN
4273,Bosnia_Herzegovina_2009,0,256,1,VII,vii,NNP,NN
4274,Bosnia_Herzegovina_2009,0,257,0,Central,central,NNP,NN
4275,Bosnia_Herzegovina_2009,0,257,1,Bank,bank,NNP,NN
4276,Bosnia_Herzegovina_2009,0,257,2,Share,share,NNP,NN
4277,Bosnia_Herzegovina_2009,0,257,3,There,there,EX,EX
4278,Bosnia_Herzegovina_2009,0,257,4,shall,shall,MD,MD
4279,Bosnia_Herzegovina_2009,0,257,5,be,be,VB,VB
4280,Bosnia_Herzegovina_2009,0,257,6,a,a,DT,DT
4281,Bosnia_Herzegovina_2009,0,257,7,Central,central,NNP,NN
4282,Bosnia_Herzegovina_2009,0,257,8,Bank,bank,NNP,NN
4283,Bosnia_Herzegovina_2009,0,257,9,of,of,IN,IN
4284,Bosnia_Herzegovina_2009,0,257,10,Bosnia,bosnia,NNP,NN
4285,Bosnia_Herzegovina_2009,0,257,11,and,and,CC,CC
4286,Bosnia_Herzegovina_2009,0,257,12,Herzegovina,herzegovina,NNP,NN
4287,Bosnia_Herzegovina_2009,0,257,14,which,which,WDT,WD
4288,Bosnia_Herzegovina_2009,0,257,15,shall,shall,MD,MD
4289,Bosnia_Herzegovina_2009,0,257,16,be,be,VB,VB
4290,Bosnia_Herzegovina_2009,0,257,17,the,the,DT,DT
4291,Bosnia_Herzegovina_2009,0,257,18,sole,sole,JJ,JJ
4292,Bosnia_Herzegovina_2009,0,257,19,authority,authority,NN,NN
4293,Bosnia_Herzegovina_2009,0,257,20,for,for,IN,IN
4294,Bosnia_Herzegovina_2009,0,257,21,issuing,issuing,VBG,VB
4295,Bosnia_Herzegovina_2009,0,257,22,currency,currency,NN,NN
4296,Bosnia_Herzegovina_2009,0,257,23,and,and,CC,CC
4297,Bosnia_Herzegovina_2009,0,257,24,for,for,IN,IN
4298,Bosnia_Herzegovina_2009,0,257,25,monetary,monetary,JJ,JJ
4299,Bosnia_Herzegovina_2009,0,257,26,policy,policy,NN,NN
4300,Bosnia_Herzegovina_2009,0,257,27,throughout,throughout,IN,IN
4301,Bosnia_Herzegovina_2009,0,257,28,Bosnia,bosnia,NNP,NN
4302,Bosnia_Herzegovina_2009,0,257,29,and,and,CC,CC
4303,Bosnia_Herzegovina_2009,0,257,30,Herzegovina,herzegovina,NNP,NN
4304,Bosnia_Herzegovina_2009,0,258,0,1,1,CD,CD
4305,Bosnia_Herzegovina_2009,0,259,0,The,the,DT,DT
4306,Bosnia_Herzegovina_2009,0,259,1,Central,central,NNP,NN
4307,Bosnia_Herzegovina_2009,0,259,2,Bank,bank,NNP,NN
4308,Bosnia_Herzegovina_2009,0,259,3,'s,s,POS,PO
4309,Bosnia_Herzegovina_2009,0,259,4,responsibilities,responsibilities,NNS,NN
4310,Bosnia_Herzegovina_2009,0,259,5,will,will,MD,MD
4311,Bosnia_Herzegovina_2009,0,259,6,be,be,VB,VB
4312,Bosnia_Herzegovina_2009,0,259,7,determined,determined,VBN,VB
4313,Bosnia_Herzegovina_2009,0,259,8,by,by,IN,IN
4314,Bosnia_Herzegovina_2009,0,259,9,the,the,DT,DT
4315,Bosnia_Herzegovina_2009,0,259,10,Parliamentary,parliamentary,NNP,NN
4316,Bosnia_Herzegovina_2009,0,259,11,Assembly,assembly,NNP,NN
4317,Bosnia_Herzegovina_2009,0,260,0,For,for,IN,IN
4318,Bosnia_Herzegovina_2009,0,260,1,the,the,DT,DT
4319,Bosnia_Herzegovina_2009,0,260,2,first,first,JJ,JJ
4320,Bosnia_Herzegovina_2009,0,260,3,six,six,CD,CD
4321,Bosnia_Herzegovina_2009,0,260,4,years,years,NNS,NN
4322,Bosnia_Herzegovina_2009,0,260,5,after,after,IN,IN
4323,Bosnia_Herzegovina_2009,0,260,6,the,the,DT,DT
4324,Bosnia_Herzegovina_2009,0,260,7,entry,entry,NN,NN
4325,Bosnia_Herzegovina_2009,0,260,8,into,into,IN,IN
4326,Bosnia_Herzegovina_2009,0,260,9,force,force,NN,NN
4327,Bosnia_Herzegovina_2009,0,260,10,of,of,IN,IN
4328,Bosnia_Herzegovina_2009,0,260,11,this,this,DT,DT
4329,Bosnia_Herzegovina_2009,0,260,12,Constitution,constitution,NNP,NN
4330,Bosnia_Herzegovina_2009,0,260,14,however,however,RB,RB
4331,Bosnia_Herzegovina_2009,0,260,16,it,it,PRP,PR
4332,Bosnia_Herzegovina_2009,0,260,17,may,may,MD,MD
4333,Bosnia_Herzegovina_2009,0,260,18,not,not,RB,RB
4334,Bosnia_Herzegovina_2009,0,260,19,extend,extend,VB,VB
4335,Bosnia_Herzegovina_2009,0,260,20,credit,credit,NN,NN
4336,Bosnia_Herzegovina_2009,0,260,21,by,by,IN,IN
4337,Bosnia_Herzegovina_2009,0,260,22,creating,creating,VBG,VB
4338,Bosnia_Herzegovina_2009,0,260,23,money,money,NN,NN
4339,Bosnia_Herzegovina_2009,0,260,25,operating,operating,VBG,VB
4340,Bosnia_Herzegovina_2009,0,260,26,in,in,IN,IN
4341,Bosnia_Herzegovina_2009,0,260,27,this,this,DT,DT
4342,Bosnia_Herzegovina_2009,0,260,28,respect,respect,NN,NN
4343,Bosnia_Herzegovina_2009,0,260,29,as,as,IN,IN
4344,Bosnia_Herzegovina_2009,0,260,30,a,a,DT,DT
4345,Bosnia_Herzegovina_2009,0,260,31,currency,currency,NN,NN
4346,Bosnia_Herzegovina_2009,0,260,32,board,board,NN,NN
4347,Bosnia_Herzegovina_2009,0,260,34,thereafter,thereafter,RB,RB
4348,Bosnia_Herzegovina_2009,0,260,36,the,the,DT,DT
4349,Bosnia_Herzegovina_2009,0,260,37,Parliamentary,parliamentary,NNP,NN
4350,Bosnia_Herzegovina_2009,0,260,38,Assembly,assembly,NNP,NN
4351,Bosnia_Herzegovina_2009,0,260,39,may,may,MD,MD
4352,Bosnia_Herzegovina_2009,0,260,40,give,give,VB,VB
4353,Bosnia_Herzegovina_2009,0,260,41,it,it,PRP,PR
4354,Bosnia_Herzegovina_2009,0,260,42,that,that,DT,DT
4355,Bosnia_Herzegovina_2009,0,260,43,authority,authority,NN,NN
4356,Bosnia_Herzegovina_2009,0,261,0,2,2,CD,CD
4357,Bosnia_Herzegovina_2009,0,262,0,The,the,DT,DT
4358,Bosnia_Herzegovina_2009,0,262,1,first,first,JJ,JJ
4359,Bosnia_Herzegovina_2009,0,262,2,Governing,governing,NNP,NN
4360,Bosnia_Herzegovina_2009,0,262,3,Board,board,NNP,NN
4361,Bosnia_Herzegovina_2009,0,262,4,of,of,IN,IN
4362,Bosnia_Herzegovina_2009,0,262,5,the,the,DT,DT
4363,Bosnia_Herzegovina_2009,0,262,6,Central,central,NNP,NN
4364,Bosnia_Herzegovina_2009,0,262,7,Bank,bank,NNP,NN
4365,Bosnia_Herzegovina_2009,0,262,8,shall,shall,MD,MD
4366,Bosnia_Herzegovina_2009,0,262,9,consist,consist,VB,VB
4367,Bosnia_Herzegovina_2009,0,262,10,of,of,IN,IN
4368,Bosnia_Herzegovina_2009,0,262,11,a,a,DT,DT
4369,Bosnia_Herzegovina_2009,0,262,12,Governor,governor,NNP,NN
4370,Bosnia_Herzegovina_2009,0,262,13,appointed,appointed,VBN,VB
4371,Bosnia_Herzegovina_2009,0,262,14,by,by,IN,IN
4372,Bosnia_Herzegovina_2009,0,262,15,the,the,DT,DT
4373,Bosnia_Herzegovina_2009,0,262,16,International,international,NNP,NN
4374,Bosnia_Herzegovina_2009,0,262,17,Monetary,monetary,NNP,NN
4375,Bosnia_Herzegovina_2009,0,262,18,Fund,fund,NNP,NN
4376,Bosnia_Herzegovina_2009,0,262,20,after,after,IN,IN
4377,Bosnia_Herzegovina_2009,0,262,21,consultation,consultation,NN,NN
4378,Bosnia_Herzegovina_2009,0,262,22,with,with,IN,IN
4379,Bosnia_Herzegovina_2009,0,262,23,the,the,DT,DT
4380,Bosnia_Herzegovina_2009,0,262,24,Presidency,presidency,NNP,NN
4381,Bosnia_Herzegovina_2009,0,262,26,and,and,CC,CC
4382,Bosnia_Herzegovina_2009,0,262,27,three,three,CD,CD
4383,Bosnia_Herzegovina_2009,0,262,28,members,members,NNS,NN
4384,Bosnia_Herzegovina_2009,0,262,29,appointed,appointed,VBN,VB
4385,Bosnia_Herzegovina_2009,0,262,30,by,by,IN,IN
4386,Bosnia_Herzegovina_2009,0,262,31,the,the,DT,DT
4387,Bosnia_Herzegovina_2009,0,262,32,Presidency,presidency,NNP,NN
4388,Bosnia_Herzegovina_2009,0,262,34,two,two,CD,CD
4389,Bosnia_Herzegovina_2009,0,262,35,from,from,IN,IN
4390,Bosnia_Herzegovina_2009,0,262,36,the,the,DT,DT
4391,Bosnia_Herzegovina_2009,0,262,37,Federation,federation,NNP,NN
4392,Bosnia_Herzegovina_2009,0,262,39,one,one,CD,CD
4393,Bosnia_Herzegovina_2009,0,262,40,Bosniac,bosniac,NNP,NN
4394,Bosnia_Herzegovina_2009,0,262,42,one,one,CD,CD
4395,Bosnia_Herzegovina_2009,0,262,43,Croat,croat,NNP,NN
4396,Bosnia_Herzegovina_2009,0,262,45,who,who,WP,WP
4397,Bosnia_Herzegovina_2009,0,262,46,shall,shall,MD,MD
4398,Bosnia_Herzegovina_2009,0,262,47,share,share,NN,NN
4399,Bosnia_Herzegovina_2009,0,262,48,one,one,CD,CD
4400,Bosnia_Herzegovina_2009,0,262,49,vote,vote,NN,NN
4401,Bosnia_Herzegovina_2009,0,262,51,and,and,CC,CC
4402,Bosnia_Herzegovina_2009,0,262,52,one,one,CD,CD
4403,Bosnia_Herzegovina_2009,0,262,53,from,from,IN,IN
4404,Bosnia_Herzegovina_2009,0,262,54,the,the,DT,DT
4405,Bosnia_Herzegovina_2009,0,262,55,Republika,republika,NNP,NN
4406,Bosnia_Herzegovina_2009,0,262,56,Srpska,srpska,NNP,NN
4407,Bosnia_Herzegovina_2009,0,262,58,all,all,DT,DT
4408,Bosnia_Herzegovina_2009,0,262,59,of,of,IN,IN
4409,Bosnia_Herzegovina_2009,0,262,60,whom,whom,WP,WP
4410,Bosnia_Herzegovina_2009,0,262,61,shall,shall,MD,MD
4411,Bosnia_Herzegovina_2009,0,262,62,serve,serve,VB,VB
4412,Bosnia_Herzegovina_2009,0,262,63,a,a,DT,DT
4413,Bosnia_Herzegovina_2009,0,262,64,six-year,sixyear,JJ,JJ
4414,Bosnia_Herzegovina_2009,0,262,65,term,term,NN,NN
4415,Bosnia_Herzegovina_2009,0,263,0,The,the,DT,DT
4416,Bosnia_Herzegovina_2009,0,263,1,Governor,governor,NNP,NN
4417,Bosnia_Herzegovina_2009,0,263,3,who,who,WP,WP
4418,Bosnia_Herzegovina_2009,0,263,4,shall,shall,MD,MD
4419,Bosnia_Herzegovina_2009,0,263,5,not,not,RB,RB
4420,Bosnia_Herzegovina_2009,0,263,6,be,be,VB,VB
4421,Bosnia_Herzegovina_2009,0,263,7,a,a,DT,DT
4422,Bosnia_Herzegovina_2009,0,263,8,citizen,citizen,NN,NN
4423,Bosnia_Herzegovina_2009,0,263,9,of,of,IN,IN
4424,Bosnia_Herzegovina_2009,0,263,10,Bosnia,bosnia,NNP,NN
4425,Bosnia_Herzegovina_2009,0,263,11,and,and,CC,CC
4426,Bosnia_Herzegovina_2009,0,263,12,Herzegovina,herzegovina,NNP,NN
4427,Bosnia_Herzegovina_2009,0,263,13,or,or,CC,CC
4428,Bosnia_Herzegovina_2009,0,263,14,any,any,DT,DT
4429,Bosnia_Herzegovina_2009,0,263,15,neighboring,neighboring,JJ,JJ
4430,Bosnia_Herzegovina_2009,0,263,16,state,state,NN,NN
4431,Bosnia_Herzegovina_2009,0,263,18,may,may,MD,MD
4432,Bosnia_Herzegovina_2009,0,263,19,cast,cast,VB,VB
4433,Bosnia_Herzegovina_2009,0,263,20,tie-breaking,tiebreaking,JJ,JJ
4434,Bosnia_Herzegovina_2009,0,263,21,votes,votes,NNS,NN
4435,Bosnia_Herzegovina_2009,0,263,22,on,on,IN,IN
4436,Bosnia_Herzegovina_2009,0,263,23,the,the,DT,DT
4437,Bosnia_Herzegovina_2009,0,263,24,Governing,governing,NNP,NN
4438,Bosnia_Herzegovina_2009,0,263,25,Board,board,NNP,NN
4439,Bosnia_Herzegovina_2009,0,264,0,3,3,CD,CD
4440,Bosnia_Herzegovina_2009,0,265,0,Thereafter,thereafter,RB,RB
4441,Bosnia_Herzegovina_2009,0,265,2,the,the,DT,DT
4442,Bosnia_Herzegovina_2009,0,265,3,Governing,governing,NNP,NN
4443,Bosnia_Herzegovina_2009,0,265,4,Board,board,NNP,NN
4444,Bosnia_Herzegovina_2009,0,265,5,of,of,IN,IN
4445,Bosnia_Herzegovina_2009,0,265,6,the,the,DT,DT
4446,Bosnia_Herzegovina_2009,0,265,7,Central,central,NNP,NN
4447,Bosnia_Herzegovina_2009,0,265,8,Bank,bank,NNP,NN
4448,Bosnia_Herzegovina_2009,0,265,9,of,of,IN,IN
4449,Bosnia_Herzegovina_2009,0,265,10,Bosnia,bosnia,NNP,NN
4450,Bosnia_Herzegovina_2009,0,265,11,and,and,CC,CC
4451,Bosnia_Herzegovina_2009,0,265,12,Herzegovina,herzegovina,NNP,NN
4452,Bosnia_Herzegovina_2009,0,265,13,shall,shall,MD,MD
4453,Bosnia_Herzegovina_2009,0,265,14,consist,consist,VB,VB
4454,Bosnia_Herzegovina_2009,0,265,15,of,of,IN,IN
4455,Bosnia_Herzegovina_2009,0,265,16,five,five,CD,CD
4456,Bosnia_Herzegovina_2009,0,265,17,persons,persons,NNS,NN
4457,Bosnia_Herzegovina_2009,0,265,18,appointed,appointed,VBN,VB
4458,Bosnia_Herzegovina_2009,0,265,19,by,by,IN,IN
4459,Bosnia_Herzegovina_2009,0,265,20,the,the,DT,DT
4460,Bosnia_Herzegovina_2009,0,265,21,Presidency,presidency,NNP,NN
4461,Bosnia_Herzegovina_2009,0,265,22,for,for,IN,IN
4462,Bosnia_Herzegovina_2009,0,265,23,a,a,DT,DT
4463,Bosnia_Herzegovina_2009,0,265,24,term,term,NN,NN
4464,Bosnia_Herzegovina_2009,0,265,25,of,of,IN,IN
4465,Bosnia_Herzegovina_2009,0,265,26,six,six,CD,CD
4466,Bosnia_Herzegovina_2009,0,265,27,years,years,NNS,NN
4467,Bosnia_Herzegovina_2009,0,266,0,The,the,DT,DT
4468,Bosnia_Herzegovina_2009,0,266,1,Board,board,NNP,NN
4469,Bosnia_Herzegovina_2009,0,266,2,shall,shall,MD,MD
4470,Bosnia_Herzegovina_2009,0,266,3,appoint,appoint,VB,VB
4471,Bosnia_Herzegovina_2009,0,266,5,from,from,IN,IN
4472,Bosnia_Herzegovina_2009,0,266,6,among,among,IN,IN
4473,Bosnia_Herzegovina_2009,0,266,7,its,its,PRP$,PR
4474,Bosnia_Herzegovina_2009,0,266,8,members,members,NNS,NN
4475,Bosnia_Herzegovina_2009,0,266,10,a,a,DT,DT
4476,Bosnia_Herzegovina_2009,0,266,11,Governor,governor,NNP,NN
4477,Bosnia_Herzegovina_2009,0,266,12,for,for,IN,IN
4478,Bosnia_Herzegovina_2009,0,266,13,a,a,DT,DT
4479,Bosnia_Herzegovina_2009,0,266,14,term,term,NN,NN
4480,Bosnia_Herzegovina_2009,0,266,15,of,of,IN,IN
4481,Bosnia_Herzegovina_2009,0,266,16,six,six,CD,CD
4482,Bosnia_Herzegovina_2009,0,266,17,years,years,NNS,NN
4483,Bosnia_Herzegovina_2009,0,267,0,Article,article,NN,NN
4484,Bosnia_Herzegovina_2009,0,267,1,VIII,viii,NNP,NN
4485,Bosnia_Herzegovina_2009,0,268,0,Finances,finances,NNS,NN
4486,Bosnia_Herzegovina_2009,0,268,1,Share,share,NNP,NN
4487,Bosnia_Herzegovina_2009,0,268,2,1,1,CD,CD
4488,Bosnia_Herzegovina_2009,0,269,0,The,the,DT,DT
4489,Bosnia_Herzegovina_2009,0,269,1,Parliamentary,parliamentary,NNP,NN
4490,Bosnia_Herzegovina_2009,0,269,2,Assembly,assembly,NNP,NN
4491,Bosnia_Herzegovina_2009,0,269,3,shall,shall,MD,MD
4492,Bosnia_Herzegovina_2009,0,269,4,each,each,DT,DT
4493,Bosnia_Herzegovina_2009,0,269,5,year,year,NN,NN
4494,Bosnia_Herzegovina_2009,0,269,7,on,on,IN,IN
4495,Bosnia_Herzegovina_2009,0,269,8,the,the,DT,DT
4496,Bosnia_Herzegovina_2009,0,269,9,proposal,proposal,NN,NN
4497,Bosnia_Herzegovina_2009,0,269,10,of,of,IN,IN
4498,Bosnia_Herzegovina_2009,0,269,11,the,the,DT,DT
4499,Bosnia_Herzegovina_2009,0,269,12,Presidency,presidency,NNP,NN
4500,Bosnia_Herzegovina_2009,0,269,14,adopt,adopt,VB,VB
4501,Bosnia_Herzegovina_2009,0,269,15,a,a,DT,DT
4502,Bosnia_Herzegovina_2009,0,269,16,budget,budget,NN,NN
4503,Bosnia_Herzegovina_2009,0,269,17,covering,covering,VBG,VB
4504,Bosnia_Herzegovina_2009,0,269,18,the,the,DT,DT
4505,Bosnia_Herzegovina_2009,0,269,19,expenditures,expenditures,NNS,NN
4506,Bosnia_Herzegovina_2009,0,269,20,required,required,VBN,VB
4507,Bosnia_Herzegovina_2009,0,269,21,to,to,TO,TO
4508,Bosnia_Herzegovina_2009,0,269,22,carry,carry,VB,VB
4509,Bosnia_Herzegovina_2009,0,269,23,out,out,RP,RP
4510,Bosnia_Herzegovina_2009,0,269,24,the,the,DT,DT
4511,Bosnia_Herzegovina_2009,0,269,25,responsibilities,responsibilities,NNS,NN
4512,Bosnia_Herzegovina_2009,0,269,26,of,of,IN,IN
4513,Bosnia_Herzegovina_2009,0,269,27,institutions,institutions,NNS,NN
4514,Bosnia_Herzegovina_2009,0,269,28,of,of,IN,IN
4515,Bosnia_Herzegovina_2009,0,269,29,Bosnia,bosnia,NNP,NN
4516,Bosnia_Herzegovina_2009,0,269,30,and,and,CC,CC
4517,Bosnia_Herzegovina_2009,0,269,31,Herzegovina,herzegovina,NNP,NN
4518,Bosnia_Herzegovina_2009,0,269,32,and,and,CC,CC
4519,Bosnia_Herzegovina_2009,0,269,33,the,the,DT,DT
4520,Bosnia_Herzegovina_2009,0,269,34,international,international,JJ,JJ
4521,Bosnia_Herzegovina_2009,0,269,35,obligations,obligations,NNS,NN
4522,Bosnia_Herzegovina_2009,0,269,36,of,of,IN,IN
4523,Bosnia_Herzegovina_2009,0,269,37,Bosnia,bosnia,NNP,NN
4524,Bosnia_Herzegovina_2009,0,269,38,and,and,CC,CC
4525,Bosnia_Herzegovina_2009,0,269,39,Herzegovina,herzegovina,NNP,NN
4526,Bosnia_Herzegovina_2009,0,270,0,2,2,CD,CD
4527,Bosnia_Herzegovina_2009,0,271,0,If,if,IN,IN
4528,Bosnia_Herzegovina_2009,0,271,1,no,no,DT,DT
4529,Bosnia_Herzegovina_2009,0,271,2,such,such,JJ,JJ
4530,Bosnia_Herzegovina_2009,0,271,3,budget,budget,NN,NN
4531,Bosnia_Herzegovina_2009,0,271,4,is,is,VBZ,VB
4532,Bosnia_Herzegovina_2009,0,271,5,adopted,adopted,VBN,VB
4533,Bosnia_Herzegovina_2009,0,271,6,in,in,IN,IN
4534,Bosnia_Herzegovina_2009,0,271,7,due,due,JJ,JJ
4535,Bosnia_Herzegovina_2009,0,271,8,time,time,NN,NN
4536,Bosnia_Herzegovina_2009,0,271,10,the,the,DT,DT
4537,Bosnia_Herzegovina_2009,0,271,11,budget,budget,NN,NN
4538,Bosnia_Herzegovina_2009,0,271,12,for,for,IN,IN
4539,Bosnia_Herzegovina_2009,0,271,13,the,the,DT,DT
4540,Bosnia_Herzegovina_2009,0,271,14,previous,previous,JJ,JJ
4541,Bosnia_Herzegovina_2009,0,271,15,year,year,NN,NN
4542,Bosnia_Herzegovina_2009,0,271,16,shall,shall,MD,MD
4543,Bosnia_Herzegovina_2009,0,271,17,be,be,VB,VB
4544,Bosnia_Herzegovina_2009,0,271,18,used,used,VBN,VB
4545,Bosnia_Herzegovina_2009,0,271,19,on,on,IN,IN
4546,Bosnia_Herzegovina_2009,0,271,20,a,a,DT,DT
4547,Bosnia_Herzegovina_2009,0,271,21,provisional,provisional,JJ,JJ
4548,Bosnia_Herzegovina_2009,0,271,22,basis,basis,NN,NN
4549,Bosnia_Herzegovina_2009,0,272,0,3,3,CD,CD
4550,Bosnia_Herzegovina_2009,0,273,0,The,the,DT,DT
4551,Bosnia_Herzegovina_2009,0,273,1,Federation,federation,NNP,NN
4552,Bosnia_Herzegovina_2009,0,273,2,shall,shall,MD,MD
4553,Bosnia_Herzegovina_2009,0,273,3,provide,provide,VB,VB
4554,Bosnia_Herzegovina_2009,0,273,4,two-thirds,twothirds,NNS,NN
4555,Bosnia_Herzegovina_2009,0,273,6,and,and,CC,CC
4556,Bosnia_Herzegovina_2009,0,273,7,the,the,DT,DT
4557,Bosnia_Herzegovina_2009,0,273,8,Republika,republika,NNP,NN
4558,Bosnia_Herzegovina_2009,0,273,9,Srpska,srpska,NNP,NN
4559,Bosnia_Herzegovina_2009,0,273,10,one-third,onethird,JJ,JJ
4560,Bosnia_Herzegovina_2009,0,273,12,of,of,IN,IN
4561,Bosnia_Herzegovina_2009,0,273,13,the,the,DT,DT
4562,Bosnia_Herzegovina_2009,0,273,14,revenues,revenues,NNS,NN
4563,Bosnia_Herzegovina_2009,0,273,15,required,required,VBN,VB
4564,Bosnia_Herzegovina_2009,0,273,16,by,by,IN,IN
4565,Bosnia_Herzegovina_2009,0,273,17,the,the,DT,DT
4566,Bosnia_Herzegovina_2009,0,273,18,budget,budget,NN,NN
4567,Bosnia_Herzegovina_2009,0,273,20,except,except,RB,RB
4568,Bosnia_Herzegovina_2009,0,273,21,insofar,insofar,RB,RB
4569,Bosnia_Herzegovina_2009,0,273,22,as,as,IN,IN
4570,Bosnia_Herzegovina_2009,0,273,23,revenues,revenues,NNS,NN
4571,Bosnia_Herzegovina_2009,0,273,24,are,are,VBP,VB
4572,Bosnia_Herzegovina_2009,0,273,25,raised,raised,VBN,VB
4573,Bosnia_Herzegovina_2009,0,273,26,as,as,IN,IN
4574,Bosnia_Herzegovina_2009,0,273,27,specified,specified,VBN,VB
4575,Bosnia_Herzegovina_2009,0,273,28,by,by,IN,IN
4576,Bosnia_Herzegovina_2009,0,273,29,the,the,DT,DT
4577,Bosnia_Herzegovina_2009,0,273,30,Parliamentary,parliamentary,NNP,NN
4578,Bosnia_Herzegovina_2009,0,273,31,Assembly,assembly,NNP,NN
4579,Bosnia_Herzegovina_2009,0,274,0,Article,article,NN,NN
4580,Bosnia_Herzegovina_2009,0,274,1,IX,ix,NNP,NN
4581,Bosnia_Herzegovina_2009,0,275,0,General,general,NNP,NN
4582,Bosnia_Herzegovina_2009,0,275,1,Provisions,provisions,NNP,NN
4583,Bosnia_Herzegovina_2009,0,275,2,Share,share,NNP,NN
4584,Bosnia_Herzegovina_2009,0,275,3,1,1,CD,CD
4585,Bosnia_Herzegovina_2009,0,276,0,No,no,DT,DT
4586,Bosnia_Herzegovina_2009,0,276,1,person,person,NN,NN
4587,Bosnia_Herzegovina_2009,0,276,2,who,who,WP,WP
4588,Bosnia_Herzegovina_2009,0,276,3,is,is,VBZ,VB
4589,Bosnia_Herzegovina_2009,0,276,4,serving,serving,VBG,VB
4590,Bosnia_Herzegovina_2009,0,276,5,a,a,DT,DT
4591,Bosnia_Herzegovina_2009,0,276,6,sentence,sentence,NN,NN
4592,Bosnia_Herzegovina_2009,0,276,7,imposed,imposed,VBN,VB
4593,Bosnia_Herzegovina_2009,0,276,8,by,by,IN,IN
4594,Bosnia_Herzegovina_2009,0,276,9,the,the,DT,DT
4595,Bosnia_Herzegovina_2009,0,276,10,International,international,NNP,NN
4596,Bosnia_Herzegovina_2009,0,276,11,Tribunal,tribunal,NNP,NN
4597,Bosnia_Herzegovina_2009,0,276,12,for,for,IN,IN
4598,Bosnia_Herzegovina_2009,0,276,13,the,the,DT,DT
4599,Bosnia_Herzegovina_2009,0,276,14,Former,former,NNP,NN
4600,Bosnia_Herzegovina_2009,0,276,15,Yugoslavia,yugoslavia,NNP,NN
4601,Bosnia_Herzegovina_2009,0,276,17,and,and,CC,CC
4602,Bosnia_Herzegovina_2009,0,276,18,no,no,DT,DT
4603,Bosnia_Herzegovina_2009,0,276,19,person,person,NN,NN
4604,Bosnia_Herzegovina_2009,0,276,20,who,who,WP,WP
4605,Bosnia_Herzegovina_2009,0,276,21,is,is,VBZ,VB
4606,Bosnia_Herzegovina_2009,0,276,22,under,under,IN,IN
4607,Bosnia_Herzegovina_2009,0,276,23,indictment,indictment,NN,NN
4608,Bosnia_Herzegovina_2009,0,276,24,by,by,IN,IN
4609,Bosnia_Herzegovina_2009,0,276,25,the,the,DT,DT
4610,Bosnia_Herzegovina_2009,0,276,26,Tribunal,tribunal,NNP,NN
4611,Bosnia_Herzegovina_2009,0,276,27,and,and,CC,CC
4612,Bosnia_Herzegovina_2009,0,276,28,who,who,WP,WP
4613,Bosnia_Herzegovina_2009,0,276,29,has,has,VBZ,VB
4614,Bosnia_Herzegovina_2009,0,276,30,failed,failed,VBN,VB
4615,Bosnia_Herzegovina_2009,0,276,31,to,to,TO,TO
4616,Bosnia_Herzegovina_2009,0,276,32,comply,comply,VB,VB
4617,Bosnia_Herzegovina_2009,0,276,33,with,with,IN,IN
4618,Bosnia_Herzegovina_2009,0,276,34,an,an,DT,DT
4619,Bosnia_Herzegovina_2009,0,276,35,order,order,NN,NN
4620,Bosnia_Herzegovina_2009,0,276,36,to,to,TO,TO
4621,Bosnia_Herzegovina_2009,0,276,37,appear,appear,VB,VB
4622,Bosnia_Herzegovina_2009,0,276,38,before,before,IN,IN
4623,Bosnia_Herzegovina_2009,0,276,39,the,the,DT,DT
4624,Bosnia_Herzegovina_2009,0,276,40,Tribunal,tribunal,NNP,NN
4625,Bosnia_Herzegovina_2009,0,276,42,may,may,MD,MD
4626,Bosnia_Herzegovina_2009,0,276,43,stand,stand,VB,VB
4627,Bosnia_Herzegovina_2009,0,276,44,as,as,IN,IN
4628,Bosnia_Herzegovina_2009,0,276,45,a,a,DT,DT
4629,Bosnia_Herzegovina_2009,0,276,46,candidate,candidate,NN,NN
4630,Bosnia_Herzegovina_2009,0,276,47,or,or,CC,CC
4631,Bosnia_Herzegovina_2009,0,276,48,hold,hold,VB,VB
4632,Bosnia_Herzegovina_2009,0,276,49,any,any,DT,DT
4633,Bosnia_Herzegovina_2009,0,276,50,appointive,appointive,JJ,JJ
4634,Bosnia_Herzegovina_2009,0,276,52,elective,elective,JJ,JJ
4635,Bosnia_Herzegovina_2009,0,276,54,or,or,CC,CC
4636,Bosnia_Herzegovina_2009,0,276,55,other,other,JJ,JJ
4637,Bosnia_Herzegovina_2009,0,276,56,public,public,JJ,JJ
4638,Bosnia_Herzegovina_2009,0,276,57,office,office,NN,NN
4639,Bosnia_Herzegovina_2009,0,276,58,in,in,IN,IN
4640,Bosnia_Herzegovina_2009,0,276,59,the,the,DT,DT
4641,Bosnia_Herzegovina_2009,0,276,60,territory,territory,NN,NN
4642,Bosnia_Herzegovina_2009,0,276,61,of,of,IN,IN
4643,Bosnia_Herzegovina_2009,0,276,62,Bosnia,bosnia,NNP,NN
4644,Bosnia_Herzegovina_2009,0,276,63,and,and,CC,CC
4645,Bosnia_Herzegovina_2009,0,276,64,Herzegovina,herzegovina,NNP,NN
4646,Bosnia_Herzegovina_2009,0,277,0,2,2,CD,CD
4647,Bosnia_Herzegovina_2009,0,278,0,Compensation,compensation,NN,NN
4648,Bosnia_Herzegovina_2009,0,278,1,for,for,IN,IN
4649,Bosnia_Herzegovina_2009,0,278,2,persons,persons,NNS,NN
4650,Bosnia_Herzegovina_2009,0,278,3,holding,holding,VBG,VB
4651,Bosnia_Herzegovina_2009,0,278,4,office,office,NN,NN
4652,Bosnia_Herzegovina_2009,0,278,5,in,in,IN,IN
4653,Bosnia_Herzegovina_2009,0,278,6,the,the,DT,DT
4654,Bosnia_Herzegovina_2009,0,278,7,institutions,institutions,NNS,NN
4655,Bosnia_Herzegovina_2009,0,278,8,of,of,IN,IN
4656,Bosnia_Herzegovina_2009,0,278,9,Bosnia,bosnia,NNP,NN
4657,Bosnia_Herzegovina_2009,0,278,10,and,and,CC,CC
4658,Bosnia_Herzegovina_2009,0,278,11,Herzegovina,herzegovina,NNP,NN
4659,Bosnia_Herzegovina_2009,0,278,12,may,may,MD,MD
4660,Bosnia_Herzegovina_2009,0,278,13,not,not,RB,RB
4661,Bosnia_Herzegovina_2009,0,278,14,be,be,VB,VB
4662,Bosnia_Herzegovina_2009,0,278,15,diminished,diminished,VBN,VB
4663,Bosnia_Herzegovina_2009,0,278,16,during,during,IN,IN
4664,Bosnia_Herzegovina_2009,0,278,17,an,an,DT,DT
4665,Bosnia_Herzegovina_2009,0,278,18,officeholder,officeholder,NN,NN
4666,Bosnia_Herzegovina_2009,0,278,19,'s,s,POS,PO
4667,Bosnia_Herzegovina_2009,0,278,20,tenure,tenure,NN,NN
4668,Bosnia_Herzegovina_2009,0,279,0,3,3,CD,CD
4669,Bosnia_Herzegovina_2009,0,280,0,Officials,officials,NNS,NN
4670,Bosnia_Herzegovina_2009,0,280,1,appointed,appointed,VBD,VB
4671,Bosnia_Herzegovina_2009,0,280,2,to,to,TO,TO
4672,Bosnia_Herzegovina_2009,0,280,3,positions,positions,NNS,NN
4673,Bosnia_Herzegovina_2009,0,280,4,in,in,IN,IN
4674,Bosnia_Herzegovina_2009,0,280,5,the,the,DT,DT
4675,Bosnia_Herzegovina_2009,0,280,6,institutions,institutions,NNS,NN
4676,Bosnia_Herzegovina_2009,0,280,7,of,of,IN,IN
4677,Bosnia_Herzegovina_2009,0,280,8,Bosnia,bosnia,NNP,NN
4678,Bosnia_Herzegovina_2009,0,280,9,and,and,CC,CC
4679,Bosnia_Herzegovina_2009,0,280,10,Herzegovina,herzegovina,NNP,NN
4680,Bosnia_Herzegovina_2009,0,280,11,shall,shall,MD,MD
4681,Bosnia_Herzegovina_2009,0,280,12,be,be,VB,VB
4682,Bosnia_Herzegovina_2009,0,280,13,generally,generally,RB,RB
4683,Bosnia_Herzegovina_2009,0,280,14,representative,representative,JJ,JJ
4684,Bosnia_Herzegovina_2009,0,280,15,of,of,IN,IN
4685,Bosnia_Herzegovina_2009,0,280,16,the,the,DT,DT
4686,Bosnia_Herzegovina_2009,0,280,17,peoples,peoples,NNS,NN
4687,Bosnia_Herzegovina_2009,0,280,18,of,of,IN,IN
4688,Bosnia_Herzegovina_2009,0,280,19,Bosnia,bosnia,NNP,NN
4689,Bosnia_Herzegovina_2009,0,280,20,and,and,CC,CC
4690,Bosnia_Herzegovina_2009,0,280,21,Herzegovina,herzegovina,NNP,NN
4691,Bosnia_Herzegovina_2009,0,281,0,Article,article,NN,NN
4692,Bosnia_Herzegovina_2009,0,281,1,X,x,NNP,NN
4693,Bosnia_Herzegovina_2009,0,282,0,Amendment,amendment,JJ,JJ
4694,Bosnia_Herzegovina_2009,0,282,1,1,1,CD,CD
4695,Bosnia_Herzegovina_2009,0,283,0,Amendment,amendment,JJ,JJ
4696,Bosnia_Herzegovina_2009,0,283,1,Procedure,procedure,NN,NN
4697,Bosnia_Herzegovina_2009,0,284,0,Share,share,NN,NN
4698,Bosnia_Herzegovina_2009,0,284,1,This,this,DT,DT
4699,Bosnia_Herzegovina_2009,0,284,2,Constitution,constitution,NN,NN
4700,Bosnia_Herzegovina_2009,0,284,3,may,may,MD,MD
4701,Bosnia_Herzegovina_2009,0,284,4,be,be,VB,VB
4702,Bosnia_Herzegovina_2009,0,284,5,amended,amended,VBN,VB
4703,Bosnia_Herzegovina_2009,0,284,6,by,by,IN,IN
4704,Bosnia_Herzegovina_2009,0,284,7,a,a,DT,DT
4705,Bosnia_Herzegovina_2009,0,284,8,decision,decision,NN,NN
4706,Bosnia_Herzegovina_2009,0,284,9,of,of,IN,IN
4707,Bosnia_Herzegovina_2009,0,284,10,the,the,DT,DT
4708,Bosnia_Herzegovina_2009,0,284,11,Parliamentary,parliamentary,NNP,NN
4709,Bosnia_Herzegovina_2009,0,284,12,Assembly,assembly,NNP,NN
4710,Bosnia_Herzegovina_2009,0,284,14,including,including,VBG,VB
4711,Bosnia_Herzegovina_2009,0,284,15,a,a,DT,DT
4712,Bosnia_Herzegovina_2009,0,284,16,two-thirds,twothirds,JJ,JJ
4713,Bosnia_Herzegovina_2009,0,284,17,majority,majority,NN,NN
4714,Bosnia_Herzegovina_2009,0,284,18,of,of,IN,IN
4715,Bosnia_Herzegovina_2009,0,284,19,those,those,DT,DT
4716,Bosnia_Herzegovina_2009,0,284,20,present,present,JJ,JJ
4717,Bosnia_Herzegovina_2009,0,284,21,and,and,CC,CC
4718,Bosnia_Herzegovina_2009,0,284,22,voting,voting,NN,NN
4719,Bosnia_Herzegovina_2009,0,284,23,in,in,IN,IN
4720,Bosnia_Herzegovina_2009,0,284,24,the,the,DT,DT
4721,Bosnia_Herzegovina_2009,0,284,25,House,house,NNP,NN
4722,Bosnia_Herzegovina_2009,0,284,26,of,of,IN,IN
4723,Bosnia_Herzegovina_2009,0,284,27,Representatives,representatives,NNPS,NN
4724,Bosnia_Herzegovina_2009,0,285,0,2,2,CD,CD
4725,Bosnia_Herzegovina_2009,0,286,0,Human,human,NNP,NN
4726,Bosnia_Herzegovina_2009,0,286,1,Rights,rights,NNPS,NN
4727,Bosnia_Herzegovina_2009,0,286,2,and,and,CC,CC
4728,Bosnia_Herzegovina_2009,0,286,3,Fundamental,fundamental,NNP,NN
4729,Bosnia_Herzegovina_2009,0,286,4,Freedoms,freedoms,NNP,NN
4730,Bosnia_Herzegovina_2009,0,287,0,No,no,DT,DT
4731,Bosnia_Herzegovina_2009,0,287,1,amendment,amendment,NN,NN
4732,Bosnia_Herzegovina_2009,0,287,2,to,to,TO,TO
4733,Bosnia_Herzegovina_2009,0,287,3,this,this,DT,DT
4734,Bosnia_Herzegovina_2009,0,287,4,Constitution,constitution,NN,NN
4735,Bosnia_Herzegovina_2009,0,287,5,may,may,MD,MD
4736,Bosnia_Herzegovina_2009,0,287,6,eliminate,eliminate,VB,VB
4737,Bosnia_Herzegovina_2009,0,287,7,or,or,CC,CC
4738,Bosnia_Herzegovina_2009,0,287,8,diminish,diminish,VB,VB
4739,Bosnia_Herzegovina_2009,0,287,9,any,any,DT,DT
4740,Bosnia_Herzegovina_2009,0,287,10,of,of,IN,IN
4741,Bosnia_Herzegovina_2009,0,287,11,the,the,DT,DT
4742,Bosnia_Herzegovina_2009,0,287,12,rights,rights,NNS,NN
4743,Bosnia_Herzegovina_2009,0,287,13,and,and,CC,CC
4744,Bosnia_Herzegovina_2009,0,287,14,freedoms,freedoms,NNS,NN
4745,Bosnia_Herzegovina_2009,0,287,15,referred,referred,VBD,VB
4746,Bosnia_Herzegovina_2009,0,287,16,to,to,TO,TO
4747,Bosnia_Herzegovina_2009,0,287,17,in,in,IN,IN
4748,Bosnia_Herzegovina_2009,0,287,18,Article,article,NNP,NN
4749,Bosnia_Herzegovina_2009,0,287,19,II,ii,NNP,NN
4750,Bosnia_Herzegovina_2009,0,287,20,of,of,IN,IN
4751,Bosnia_Herzegovina_2009,0,287,21,this,this,DT,DT
4752,Bosnia_Herzegovina_2009,0,287,22,Constitution,constitution,NNP,NN
4753,Bosnia_Herzegovina_2009,0,287,23,or,or,CC,CC
4754,Bosnia_Herzegovina_2009,0,287,24,alter,alter,VB,VB
4755,Bosnia_Herzegovina_2009,0,287,25,the,the,DT,DT
4756,Bosnia_Herzegovina_2009,0,287,26,present,present,JJ,JJ
4757,Bosnia_Herzegovina_2009,0,287,27,paragraph,paragraph,NN,NN
4758,Bosnia_Herzegovina_2009,0,288,0,Article,article,NN,NN
4759,Bosnia_Herzegovina_2009,0,288,1,XI,xi,NNP,NN
4760,Bosnia_Herzegovina_2009,0,289,0,Transitional,transitional,JJ,JJ
4761,Bosnia_Herzegovina_2009,0,289,1,Arrangements,arrangements,NNS,NN
4762,Bosnia_Herzegovina_2009,0,289,2,Share,share,NNP,NN
4763,Bosnia_Herzegovina_2009,0,289,3,Transitional,transitional,NNP,NN
4764,Bosnia_Herzegovina_2009,0,289,4,arrangements,arrangements,NNS,NN
4765,Bosnia_Herzegovina_2009,0,289,5,concerning,concerning,VBG,VB
4766,Bosnia_Herzegovina_2009,0,289,6,public,public,JJ,JJ
4767,Bosnia_Herzegovina_2009,0,289,7,offices,offices,NNS,NN
4768,Bosnia_Herzegovina_2009,0,289,9,law,law,NN,NN
4769,Bosnia_Herzegovina_2009,0,289,11,and,and,CC,CC
4770,Bosnia_Herzegovina_2009,0,289,12,other,other,JJ,JJ
4771,Bosnia_Herzegovina_2009,0,289,13,matters,matters,NNS,NN
4772,Bosnia_Herzegovina_2009,0,289,14,are,are,VBP,VB
4773,Bosnia_Herzegovina_2009,0,289,15,set,set,VBN,VB
4774,Bosnia_Herzegovina_2009,0,289,16,forth,forth,NN,NN
4775,Bosnia_Herzegovina_2009,0,289,17,in,in,IN,IN
4776,Bosnia_Herzegovina_2009,0,289,18,Annex,annex,NNP,NN
4777,Bosnia_Herzegovina_2009,0,289,19,II,ii,NNP,NN
4778,Bosnia_Herzegovina_2009,0,289,20,to,to,TO,TO
4779,Bosnia_Herzegovina_2009,0,289,21,this,this,DT,DT
4780,Bosnia_Herzegovina_2009,0,289,22,Constitution,constitution,NNP,NN
4781,Bosnia_Herzegovina_2009,0,290,0,Article,article,NN,NN
4782,Bosnia_Herzegovina_2009,0,290,1,XII,xii,NNP,NN
4783,Bosnia_Herzegovina_2009,0,291,0,Entry,entry,NN,NN
4784,Bosnia_Herzegovina_2009,0,291,1,into,into,IN,IN
4785,Bosnia_Herzegovina_2009,0,291,2,Force,force,NNP,NN
4786,Bosnia_Herzegovina_2009,0,291,3,Share,share,NNP,NN
4787,Bosnia_Herzegovina_2009,0,291,4,1,1,CD,CD
4788,Bosnia_Herzegovina_2009,0,292,0,This,this,DT,DT
4789,Bosnia_Herzegovina_2009,0,292,1,Constitution,constitution,NNP,NN
4790,Bosnia_Herzegovina_2009,0,292,2,shall,shall,MD,MD
4791,Bosnia_Herzegovina_2009,0,292,3,enter,enter,VB,VB
4792,Bosnia_Herzegovina_2009,0,292,4,into,into,IN,IN
4793,Bosnia_Herzegovina_2009,0,292,5,force,force,NN,NN
4794,Bosnia_Herzegovina_2009,0,292,6,upon,upon,IN,IN
4795,Bosnia_Herzegovina_2009,0,292,7,signature,signature,NN,NN
4796,Bosnia_Herzegovina_2009,0,292,8,of,of,IN,IN
4797,Bosnia_Herzegovina_2009,0,292,9,the,the,DT,DT
4798,Bosnia_Herzegovina_2009,0,292,10,General,general,NNP,NN
4799,Bosnia_Herzegovina_2009,0,292,11,Framework,framework,NNP,NN
4800,Bosnia_Herzegovina_2009,0,292,12,Agreement,agreement,NNP,NN
4801,Bosnia_Herzegovina_2009,0,292,13,as,as,IN,IN
4802,Bosnia_Herzegovina_2009,0,292,14,a,a,DT,DT
4803,Bosnia_Herzegovina_2009,0,292,15,constitutional,constitutional,JJ,JJ
4804,Bosnia_Herzegovina_2009,0,292,16,act,act,NN,NN
4805,Bosnia_Herzegovina_2009,0,292,17,amending,amending,VBG,VB
4806,Bosnia_Herzegovina_2009,0,292,18,and,and,CC,CC
4807,Bosnia_Herzegovina_2009,0,292,19,superseding,superseding,VBG,VB
4808,Bosnia_Herzegovina_2009,0,292,20,the,the,DT,DT
4809,Bosnia_Herzegovina_2009,0,292,21,Constitution,constitution,NN,NN
4810,Bosnia_Herzegovina_2009,0,292,22,of,of,IN,IN
4811,Bosnia_Herzegovina_2009,0,292,23,the,the,DT,DT
4812,Bosnia_Herzegovina_2009,0,292,24,Republic,republic,NNP,NN
4813,Bosnia_Herzegovina_2009,0,292,25,of,of,IN,IN
4814,Bosnia_Herzegovina_2009,0,292,26,Bosnia,bosnia,NNP,NN
4815,Bosnia_Herzegovina_2009,0,292,27,and,and,CC,CC
4816,Bosnia_Herzegovina_2009,0,292,28,Herzegovina,herzegovina,NNP,NN
4817,Bosnia_Herzegovina_2009,0,293,0,2,2,CD,CD
4818,Bosnia_Herzegovina_2009,0,294,0,Within,within,IN,IN
4819,Bosnia_Herzegovina_2009,0,294,1,three,three,CD,CD
4820,Bosnia_Herzegovina_2009,0,294,2,months,months,NNS,NN
4821,Bosnia_Herzegovina_2009,0,294,3,from,from,IN,IN
4822,Bosnia_Herzegovina_2009,0,294,4,the,the,DT,DT
4823,Bosnia_Herzegovina_2009,0,294,5,entry,entry,NN,NN
4824,Bosnia_Herzegovina_2009,0,294,6,into,into,IN,IN
4825,Bosnia_Herzegovina_2009,0,294,7,force,force,NN,NN
4826,Bosnia_Herzegovina_2009,0,294,8,of,of,IN,IN
4827,Bosnia_Herzegovina_2009,0,294,9,this,this,DT,DT
4828,Bosnia_Herzegovina_2009,0,294,10,Constitution,constitution,NNP,NN
4829,Bosnia_Herzegovina_2009,0,294,12,the,the,DT,DT
4830,Bosnia_Herzegovina_2009,0,294,13,Entities,entities,NNP,NN
4831,Bosnia_Herzegovina_2009,0,294,14,shall,shall,MD,MD
4832,Bosnia_Herzegovina_2009,0,294,15,amend,amend,VB,VB
4833,Bosnia_Herzegovina_2009,0,294,16,their,their,PRP$,PR
4834,Bosnia_Herzegovina_2009,0,294,17,respective,respective,JJ,JJ
4835,Bosnia_Herzegovina_2009,0,294,18,constitutions,constitutions,NNS,NN
4836,Bosnia_Herzegovina_2009,0,294,19,to,to,TO,TO
4837,Bosnia_Herzegovina_2009,0,294,20,ensure,ensure,VB,VB
4838,Bosnia_Herzegovina_2009,0,294,21,their,their,PRP$,PR
4839,Bosnia_Herzegovina_2009,0,294,22,conformity,conformity,NN,NN
4840,Bosnia_Herzegovina_2009,0,294,23,with,with,IN,IN
4841,Bosnia_Herzegovina_2009,0,294,24,this,this,DT,DT
4842,Bosnia_Herzegovina_2009,0,294,25,Constitution,constitution,NN,NN
4843,Bosnia_Herzegovina_2009,0,294,26,in,in,IN,IN
4844,Bosnia_Herzegovina_2009,0,294,27,accordance,accordance,NN,NN
4845,Bosnia_Herzegovina_2009,0,294,28,with,with,IN,IN
4846,Bosnia_Herzegovina_2009,0,294,29,Article,article,NNP,NN
4847,Bosnia_Herzegovina_2009,0,294,30,III,iii,NNP,NN
4848,Bosnia_Herzegovina_2009,0,294,32,3,3,CD,CD
4849,Bosnia_Herzegovina_2009,0,294,35,b,b,NN,NN
4850,Bosnia_Herzegovina_2009,0,295,0,Annex,annex,NNP,NN
4851,Bosnia_Herzegovina_2009,0,295,1,I,i,PRP,PR
4852,Bosnia_Herzegovina_2009,0,296,0,Additional,additional,NNP,NN
4853,Bosnia_Herzegovina_2009,0,296,1,Human,human,NNP,NN
4854,Bosnia_Herzegovina_2009,0,296,2,Rights,rights,NNPS,NN
4855,Bosnia_Herzegovina_2009,0,296,3,Agreements,agreements,NNPS,NN
4856,Bosnia_Herzegovina_2009,0,296,4,To,to,TO,TO
4857,Bosnia_Herzegovina_2009,0,296,5,Be,be,VB,VB
4858,Bosnia_Herzegovina_2009,0,296,6,Applied,applied,VBN,VB
4859,Bosnia_Herzegovina_2009,0,296,7,In,in,IN,IN
4860,Bosnia_Herzegovina_2009,0,296,8,Bosnia,bosnia,NNP,NN
4861,Bosnia_Herzegovina_2009,0,296,9,And,and,CC,CC
4862,Bosnia_Herzegovina_2009,0,296,10,Herzegovina,herzegovina,NNP,NN
4863,Bosnia_Herzegovina_2009,0,296,11,Share,share,NNP,NN
4864,Bosnia_Herzegovina_2009,0,296,12,1,1,CD,CD
4865,Bosnia_Herzegovina_2009,0,297,0,1948,1948,CD,CD
4866,Bosnia_Herzegovina_2009,0,297,1,Convention,convention,NN,NN
4867,Bosnia_Herzegovina_2009,0,297,2,on,on,IN,IN
4868,Bosnia_Herzegovina_2009,0,297,3,the,the,DT,DT
4869,Bosnia_Herzegovina_2009,0,297,4,Prevention,prevention,NNP,NN
4870,Bosnia_Herzegovina_2009,0,297,5,and,and,CC,CC
4871,Bosnia_Herzegovina_2009,0,297,6,Punishment,punishment,NNP,NN
4872,Bosnia_Herzegovina_2009,0,297,7,of,of,IN,IN
4873,Bosnia_Herzegovina_2009,0,297,8,the,the,DT,DT
4874,Bosnia_Herzegovina_2009,0,297,9,Crime,crime,NNP,NN
4875,Bosnia_Herzegovina_2009,0,297,10,of,of,IN,IN
4876,Bosnia_Herzegovina_2009,0,297,11,Genocide,genocide,NNP,NN
4877,Bosnia_Herzegovina_2009,0,297,12,2,2,CD,CD
4878,Bosnia_Herzegovina_2009,0,298,0,1949,1949,CD,CD
4879,Bosnia_Herzegovina_2009,0,298,1,Geneva,geneva,NNP,NN
4880,Bosnia_Herzegovina_2009,0,298,2,Conventions,conventions,NNP,NN
4881,Bosnia_Herzegovina_2009,0,298,3,I-IV,iiv,NNP,NN
4882,Bosnia_Herzegovina_2009,0,298,4,on,on,IN,IN
4883,Bosnia_Herzegovina_2009,0,298,5,the,the,DT,DT
4884,Bosnia_Herzegovina_2009,0,298,6,Protection,protection,NNP,NN
4885,Bosnia_Herzegovina_2009,0,298,7,of,of,IN,IN
4886,Bosnia_Herzegovina_2009,0,298,8,the,the,DT,DT
4887,Bosnia_Herzegovina_2009,0,298,9,Victims,victims,NNP,NN
4888,Bosnia_Herzegovina_2009,0,298,10,of,of,IN,IN
4889,Bosnia_Herzegovina_2009,0,298,11,War,war,NNP,NN
4890,Bosnia_Herzegovina_2009,0,298,13,and,and,CC,CC
4891,Bosnia_Herzegovina_2009,0,298,14,the,the,DT,DT
4892,Bosnia_Herzegovina_2009,0,298,15,1977,1977,CD,CD
4893,Bosnia_Herzegovina_2009,0,298,16,Geneva,geneva,NNP,NN
4894,Bosnia_Herzegovina_2009,0,298,17,Protocols,protocols,NNP,NN
4895,Bosnia_Herzegovina_2009,0,298,18,I-II,iii,NNP,NN
4896,Bosnia_Herzegovina_2009,0,298,19,thereto,thereto,NN,NN
4897,Bosnia_Herzegovina_2009,0,298,20,3,3,CD,CD
4898,Bosnia_Herzegovina_2009,0,299,0,1951,1951,CD,CD
4899,Bosnia_Herzegovina_2009,0,299,1,Convention,convention,NNP,NN
4900,Bosnia_Herzegovina_2009,0,299,2,relating,relating,VBG,VB
4901,Bosnia_Herzegovina_2009,0,299,3,to,to,TO,TO
4902,Bosnia_Herzegovina_2009,0,299,4,the,the,DT,DT
4903,Bosnia_Herzegovina_2009,0,299,5,Status,status,NNP,NN
4904,Bosnia_Herzegovina_2009,0,299,6,of,of,IN,IN
4905,Bosnia_Herzegovina_2009,0,299,7,Refugees,refugees,NNP,NN
4906,Bosnia_Herzegovina_2009,0,299,8,and,and,CC,CC
4907,Bosnia_Herzegovina_2009,0,299,9,the,the,DT,DT
4908,Bosnia_Herzegovina_2009,0,299,10,1966,1966,CD,CD
4909,Bosnia_Herzegovina_2009,0,299,11,Protocol,protocol,NNP,NN
4910,Bosnia_Herzegovina_2009,0,299,12,thereto,thereto,VBD,VB
4911,Bosnia_Herzegovina_2009,0,299,13,4,4,CD,CD
4912,Bosnia_Herzegovina_2009,0,300,0,1957,1957,CD,CD
4913,Bosnia_Herzegovina_2009,0,300,1,Convention,convention,NN,NN
4914,Bosnia_Herzegovina_2009,0,300,2,on,on,IN,IN
4915,Bosnia_Herzegovina_2009,0,300,3,the,the,DT,DT
4916,Bosnia_Herzegovina_2009,0,300,4,Nationality,nationality,NNP,NN
4917,Bosnia_Herzegovina_2009,0,300,5,of,of,IN,IN
4918,Bosnia_Herzegovina_2009,0,300,6,Married,married,NNP,NN
4919,Bosnia_Herzegovina_2009,0,300,7,Women,women,NNP,NN
4920,Bosnia_Herzegovina_2009,0,300,8,5,5,CD,CD
4921,Bosnia_Herzegovina_2009,0,301,0,1961,1961,CD,CD
4922,Bosnia_Herzegovina_2009,0,301,1,Convention,convention,NN,NN
4923,Bosnia_Herzegovina_2009,0,301,2,on,on,IN,IN
4924,Bosnia_Herzegovina_2009,0,301,3,the,the,DT,DT
4925,Bosnia_Herzegovina_2009,0,301,4,Reduction,reduction,NNP,NN
4926,Bosnia_Herzegovina_2009,0,301,5,of,of,IN,IN
4927,Bosnia_Herzegovina_2009,0,301,6,Statelessness,statelessness,NNP,NN
4928,Bosnia_Herzegovina_2009,0,301,7,6,6,CD,CD
4929,Bosnia_Herzegovina_2009,0,302,0,1965,1965,CD,CD
4930,Bosnia_Herzegovina_2009,0,302,1,International,international,NNP,NN
4931,Bosnia_Herzegovina_2009,0,302,2,Convention,convention,NNP,NN
4932,Bosnia_Herzegovina_2009,0,302,3,on,on,IN,IN
4933,Bosnia_Herzegovina_2009,0,302,4,the,the,DT,DT
4934,Bosnia_Herzegovina_2009,0,302,5,Elimination,elimination,NNP,NN
4935,Bosnia_Herzegovina_2009,0,302,6,of,of,IN,IN
4936,Bosnia_Herzegovina_2009,0,302,7,All,all,NNP,NN
4937,Bosnia_Herzegovina_2009,0,302,8,Forms,forms,NNP,NN
4938,Bosnia_Herzegovina_2009,0,302,9,of,of,IN,IN
4939,Bosnia_Herzegovina_2009,0,302,10,Racial,racial,NNP,NN
4940,Bosnia_Herzegovina_2009,0,302,11,Discrimination,discrimination,NNP,NN
4941,Bosnia_Herzegovina_2009,0,302,12,7,7,CD,CD
4942,Bosnia_Herzegovina_2009,0,303,0,1966,1966,CD,CD
4943,Bosnia_Herzegovina_2009,0,303,1,International,international,NNP,NN
4944,Bosnia_Herzegovina_2009,0,303,2,Covenant,covenant,NNP,NN
4945,Bosnia_Herzegovina_2009,0,303,3,on,on,IN,IN
4946,Bosnia_Herzegovina_2009,0,303,4,Civil,civil,NNP,NN
4947,Bosnia_Herzegovina_2009,0,303,5,and,and,CC,CC
4948,Bosnia_Herzegovina_2009,0,303,6,Political,political,NNP,NN
4949,Bosnia_Herzegovina_2009,0,303,7,Rights,rights,NNP,NN
4950,Bosnia_Herzegovina_2009,0,303,8,and,and,CC,CC
4951,Bosnia_Herzegovina_2009,0,303,9,the,the,DT,DT
4952,Bosnia_Herzegovina_2009,0,303,10,1966,1966,CD,CD
4953,Bosnia_Herzegovina_2009,0,303,11,and,and,CC,CC
4954,Bosnia_Herzegovina_2009,0,303,12,1989,1989,CD,CD
4955,Bosnia_Herzegovina_2009,0,303,13,Optional,optional,NNP,NN
4956,Bosnia_Herzegovina_2009,0,303,14,Protocols,protocols,NNP,NN
4957,Bosnia_Herzegovina_2009,0,303,15,thereto,thereto,NN,NN
4958,Bosnia_Herzegovina_2009,0,303,16,8,8,CD,CD
4959,Bosnia_Herzegovina_2009,0,304,0,1966,1966,CD,CD
4960,Bosnia_Herzegovina_2009,0,304,1,Covenant,covenant,NNP,NN
4961,Bosnia_Herzegovina_2009,0,304,2,on,on,IN,IN
4962,Bosnia_Herzegovina_2009,0,304,3,Economic,economic,NNP,NN
4963,Bosnia_Herzegovina_2009,0,304,5,Social,social,NNP,NN
4964,Bosnia_Herzegovina_2009,0,304,6,and,and,CC,CC
4965,Bosnia_Herzegovina_2009,0,304,7,Cultural,cultural,NNP,NN
4966,Bosnia_Herzegovina_2009,0,304,8,Rights,rights,NNP,NN
4967,Bosnia_Herzegovina_2009,0,304,9,9,9,CD,CD
4968,Bosnia_Herzegovina_2009,0,305,0,1979,1979,CD,CD
4969,Bosnia_Herzegovina_2009,0,305,1,Convention,convention,NN,NN
4970,Bosnia_Herzegovina_2009,0,305,2,on,on,IN,IN
4971,Bosnia_Herzegovina_2009,0,305,3,the,the,DT,DT
4972,Bosnia_Herzegovina_2009,0,305,4,Elimination,elimination,NNP,NN
4973,Bosnia_Herzegovina_2009,0,305,5,of,of,IN,IN
4974,Bosnia_Herzegovina_2009,0,305,6,All,all,NNP,NN
4975,Bosnia_Herzegovina_2009,0,305,7,Forms,forms,NNP,NN
4976,Bosnia_Herzegovina_2009,0,305,8,of,of,IN,IN
4977,Bosnia_Herzegovina_2009,0,305,9,Discrimination,discrimination,NNP,NN
4978,Bosnia_Herzegovina_2009,0,305,10,against,against,IN,IN
4979,Bosnia_Herzegovina_2009,0,305,11,Women,women,NNP,NN
4980,Bosnia_Herzegovina_2009,0,305,12,10,10,CD,CD
4981,Bosnia_Herzegovina_2009,0,306,0,1984,1984,CD,CD
4982,Bosnia_Herzegovina_2009,0,306,1,Convention,convention,NNP,NN
4983,Bosnia_Herzegovina_2009,0,306,2,against,against,IN,IN
4984,Bosnia_Herzegovina_2009,0,306,3,Torture,torture,NNP,NN
4985,Bosnia_Herzegovina_2009,0,306,4,and,and,CC,CC
4986,Bosnia_Herzegovina_2009,0,306,5,Other,other,JJ,JJ
4987,Bosnia_Herzegovina_2009,0,306,6,Cruel,cruel,NNP,NN
4988,Bosnia_Herzegovina_2009,0,306,8,Inhuman,inhuman,NNP,NN
4989,Bosnia_Herzegovina_2009,0,306,9,or,or,CC,CC
4990,Bosnia_Herzegovina_2009,0,306,10,Degrading,degrading,NNP,NN
4991,Bosnia_Herzegovina_2009,0,306,11,Treatment,treatment,NNP,NN
4992,Bosnia_Herzegovina_2009,0,306,12,or,or,CC,CC
4993,Bosnia_Herzegovina_2009,0,306,13,Punishment,punishment,NNP,NN
4994,Bosnia_Herzegovina_2009,0,306,14,11,11,CD,CD
4995,Bosnia_Herzegovina_2009,0,307,0,1987,1987,CD,CD
4996,Bosnia_Herzegovina_2009,0,307,1,European,european,JJ,JJ
4997,Bosnia_Herzegovina_2009,0,307,2,Convention,convention,NNP,NN
4998,Bosnia_Herzegovina_2009,0,307,3,on,on,IN,IN
4999,Bosnia_Herzegovina_2009,0,307,4,the,the,DT,DT
5000,Bosnia_Herzegovina_2009,0,307,5,Prevention,prevention,NNP,NN
5001,Bosnia_Herzegovina_2009,0,307,6,of,of,IN,IN
5002,Bosnia_Herzegovina_2009,0,307,7,Torture,torture,NNP,NN
5003,Bosnia_Herzegovina_2009,0,307,8,and,and,CC,CC
5004,Bosnia_Herzegovina_2009,0,307,9,Inhuman,inhuman,NNP,NN
5005,Bosnia_Herzegovina_2009,0,307,10,or,or,CC,CC
5006,Bosnia_Herzegovina_2009,0,307,11,Degrading,degrading,NNP,NN
5007,Bosnia_Herzegovina_2009,0,307,12,Treatment,treatment,NNP,NN
5008,Bosnia_Herzegovina_2009,0,307,13,or,or,CC,CC
5009,Bosnia_Herzegovina_2009,0,307,14,Punishment,punishment,NNP,NN
5010,Bosnia_Herzegovina_2009,0,307,15,12,12,CD,CD
5011,Bosnia_Herzegovina_2009,0,308,0,1989,1989,CD,CD
5012,Bosnia_Herzegovina_2009,0,308,1,Convention,convention,NN,NN
5013,Bosnia_Herzegovina_2009,0,308,2,on,on,IN,IN
5014,Bosnia_Herzegovina_2009,0,308,3,the,the,DT,DT
5015,Bosnia_Herzegovina_2009,0,308,4,Rights,rights,NNPS,NN
5016,Bosnia_Herzegovina_2009,0,308,5,of,of,IN,IN
5017,Bosnia_Herzegovina_2009,0,308,6,the,the,DT,DT
5018,Bosnia_Herzegovina_2009,0,308,7,Child,child,NNP,NN
5019,Bosnia_Herzegovina_2009,0,308,8,13,13,CD,CD
5020,Bosnia_Herzegovina_2009,0,309,0,1990,1990,CD,CD
5021,Bosnia_Herzegovina_2009,0,309,1,International,international,NNP,NN
5022,Bosnia_Herzegovina_2009,0,309,2,Convention,convention,NNP,NN
5023,Bosnia_Herzegovina_2009,0,309,3,on,on,IN,IN
5024,Bosnia_Herzegovina_2009,0,309,4,the,the,DT,DT
5025,Bosnia_Herzegovina_2009,0,309,5,Protection,protection,NNP,NN
5026,Bosnia_Herzegovina_2009,0,309,6,of,of,IN,IN
5027,Bosnia_Herzegovina_2009,0,309,7,the,the,DT,DT
5028,Bosnia_Herzegovina_2009,0,309,8,Rights,rights,NNS,NN
5029,Bosnia_Herzegovina_2009,0,309,9,of,of,IN,IN
5030,Bosnia_Herzegovina_2009,0,309,10,All,all,NNP,NN
5031,Bosnia_Herzegovina_2009,0,309,11,Migrant,migrant,NNP,NN
5032,Bosnia_Herzegovina_2009,0,309,12,Workers,workers,NNP,NN
5033,Bosnia_Herzegovina_2009,0,309,13,and,and,CC,CC
5034,Bosnia_Herzegovina_2009,0,309,14,Members,members,NNS,NN
5035,Bosnia_Herzegovina_2009,0,309,15,of,of,IN,IN
5036,Bosnia_Herzegovina_2009,0,309,16,Their,their,NNP,NN
5037,Bosnia_Herzegovina_2009,0,309,17,Families,families,NNPS,NN
5038,Bosnia_Herzegovina_2009,0,309,18,14,14,CD,CD
5039,Bosnia_Herzegovina_2009,0,310,0,1992,1992,CD,CD
5040,Bosnia_Herzegovina_2009,0,310,1,European,european,JJ,JJ
5041,Bosnia_Herzegovina_2009,0,310,2,Charter,charter,NNP,NN
5042,Bosnia_Herzegovina_2009,0,310,3,for,for,IN,IN
5043,Bosnia_Herzegovina_2009,0,310,4,Regional,regional,NNP,NN
5044,Bosnia_Herzegovina_2009,0,310,5,or,or,CC,CC
5045,Bosnia_Herzegovina_2009,0,310,6,Minority,minority,NNP,NN
5046,Bosnia_Herzegovina_2009,0,310,7,Languages,languages,NNP,NN
5047,Bosnia_Herzegovina_2009,0,310,8,15,15,CD,CD
5048,Bosnia_Herzegovina_2009,0,311,0,1994,1994,CD,CD
5049,Bosnia_Herzegovina_2009,0,311,1,Framework,framework,NNP,NN
5050,Bosnia_Herzegovina_2009,0,311,2,Convention,convention,NNP,NN
5051,Bosnia_Herzegovina_2009,0,311,3,for,for,IN,IN
5052,Bosnia_Herzegovina_2009,0,311,4,the,the,DT,DT
5053,Bosnia_Herzegovina_2009,0,311,5,Protection,protection,NNP,NN
5054,Bosnia_Herzegovina_2009,0,311,6,of,of,IN,IN
5055,Bosnia_Herzegovina_2009,0,311,7,National,national,NNP,NN
5056,Bosnia_Herzegovina_2009,0,311,8,Minorities,minorities,NNP,NN
5057,Bosnia_Herzegovina_2009,0,311,9,Annex,annex,NNP,NN
5058,Bosnia_Herzegovina_2009,0,311,10,II,ii,NNP,NN
5059,Bosnia_Herzegovina_2009,0,312,0,Transitional,transitional,JJ,JJ
5060,Bosnia_Herzegovina_2009,0,312,1,Arrangements,arrangements,NNS,NN
5061,Bosnia_Herzegovina_2009,0,312,2,1,1,CD,CD
5062,Bosnia_Herzegovina_2009,0,313,0,Joint,joint,NNP,NN
5063,Bosnia_Herzegovina_2009,0,313,1,Interim,interim,NNP,NN
5064,Bosnia_Herzegovina_2009,0,313,2,Commission,commission,NNP,NN
5065,Bosnia_Herzegovina_2009,0,314,0,Share,share,NN,NN
5066,Bosnia_Herzegovina_2009,0,314,1,a,a,DT,DT
5067,Bosnia_Herzegovina_2009,0,315,0,The,the,DT,DT
5068,Bosnia_Herzegovina_2009,0,315,1,Parties,parties,NNPS,NN
5069,Bosnia_Herzegovina_2009,0,315,2,hereby,hereby,VBP,VB
5070,Bosnia_Herzegovina_2009,0,315,3,establish,establish,VB,VB
5071,Bosnia_Herzegovina_2009,0,315,4,a,a,DT,DT
5072,Bosnia_Herzegovina_2009,0,315,5,Joint,joint,NNP,NN
5073,Bosnia_Herzegovina_2009,0,315,6,Interim,interim,NNP,NN
5074,Bosnia_Herzegovina_2009,0,315,7,Commission,commission,NNP,NN
5075,Bosnia_Herzegovina_2009,0,315,8,with,with,IN,IN
5076,Bosnia_Herzegovina_2009,0,315,9,a,a,DT,DT
5077,Bosnia_Herzegovina_2009,0,315,10,mandate,mandate,NN,NN
5078,Bosnia_Herzegovina_2009,0,315,11,to,to,TO,TO
5079,Bosnia_Herzegovina_2009,0,315,12,discuss,discuss,VB,VB
5080,Bosnia_Herzegovina_2009,0,315,13,practical,practical,JJ,JJ
5081,Bosnia_Herzegovina_2009,0,315,14,questions,questions,NNS,NN
5082,Bosnia_Herzegovina_2009,0,315,15,related,related,VBN,VB
5083,Bosnia_Herzegovina_2009,0,315,16,to,to,TO,TO
5084,Bosnia_Herzegovina_2009,0,315,17,the,the,DT,DT
5085,Bosnia_Herzegovina_2009,0,315,18,implementation,implementation,NN,NN
5086,Bosnia_Herzegovina_2009,0,315,19,of,of,IN,IN
5087,Bosnia_Herzegovina_2009,0,315,20,the,the,DT,DT
5088,Bosnia_Herzegovina_2009,0,315,21,Constitution,constitution,NNP,NN
5089,Bosnia_Herzegovina_2009,0,315,22,of,of,IN,IN
5090,Bosnia_Herzegovina_2009,0,315,23,Bosnia,bosnia,NNP,NN
5091,Bosnia_Herzegovina_2009,0,315,24,and,and,CC,CC
5092,Bosnia_Herzegovina_2009,0,315,25,Herzegovina,herzegovina,NNP,NN
5093,Bosnia_Herzegovina_2009,0,315,26,and,and,CC,CC
5094,Bosnia_Herzegovina_2009,0,315,27,of,of,IN,IN
5095,Bosnia_Herzegovina_2009,0,315,28,the,the,DT,DT
5096,Bosnia_Herzegovina_2009,0,315,29,General,general,NNP,NN
5097,Bosnia_Herzegovina_2009,0,315,30,Framework,framework,NNP,NN
5098,Bosnia_Herzegovina_2009,0,315,31,Agreement,agreement,NNP,NN
5099,Bosnia_Herzegovina_2009,0,315,32,and,and,CC,CC
5100,Bosnia_Herzegovina_2009,0,315,33,its,its,PRP$,PR
5101,Bosnia_Herzegovina_2009,0,315,34,Annexes,annexes,NNP,NN
5102,Bosnia_Herzegovina_2009,0,315,36,and,and,CC,CC
5103,Bosnia_Herzegovina_2009,0,315,37,to,to,TO,TO
5104,Bosnia_Herzegovina_2009,0,315,38,make,make,VB,VB
5105,Bosnia_Herzegovina_2009,0,315,39,recommendations,recommendations,NNS,NN
5106,Bosnia_Herzegovina_2009,0,315,40,and,and,CC,CC
5107,Bosnia_Herzegovina_2009,0,315,41,proposals,proposals,NNS,NN
5108,Bosnia_Herzegovina_2009,0,316,0,b,b,NN,NN
5109,Bosnia_Herzegovina_2009,0,317,0,The,the,DT,DT
5110,Bosnia_Herzegovina_2009,0,317,1,Joint,joint,NNP,NN
5111,Bosnia_Herzegovina_2009,0,317,2,Interim,interim,NNP,NN
5112,Bosnia_Herzegovina_2009,0,317,3,Commission,commission,NNP,NN
5113,Bosnia_Herzegovina_2009,0,317,4,shall,shall,MD,MD
5114,Bosnia_Herzegovina_2009,0,317,5,be,be,VB,VB
5115,Bosnia_Herzegovina_2009,0,317,6,composed,composed,VBN,VB
5116,Bosnia_Herzegovina_2009,0,317,7,of,of,IN,IN
5117,Bosnia_Herzegovina_2009,0,317,8,four,four,CD,CD
5118,Bosnia_Herzegovina_2009,0,317,9,persons,persons,NNS,NN
5119,Bosnia_Herzegovina_2009,0,317,10,from,from,IN,IN
5120,Bosnia_Herzegovina_2009,0,317,11,the,the,DT,DT
5121,Bosnia_Herzegovina_2009,0,317,12,Federation,federation,NNP,NN
5122,Bosnia_Herzegovina_2009,0,317,14,three,three,CD,CD
5123,Bosnia_Herzegovina_2009,0,317,15,persons,persons,NNS,NN
5124,Bosnia_Herzegovina_2009,0,317,16,from,from,IN,IN
5125,Bosnia_Herzegovina_2009,0,317,17,the,the,DT,DT
5126,Bosnia_Herzegovina_2009,0,317,18,Republika,republika,NNP,NN
5127,Bosnia_Herzegovina_2009,0,317,19,Srpska,srpska,NNP,NN
5128,Bosnia_Herzegovina_2009,0,317,21,and,and,CC,CC
5129,Bosnia_Herzegovina_2009,0,317,22,one,one,CD,CD
5130,Bosnia_Herzegovina_2009,0,317,23,representative,representative,NN,NN
5131,Bosnia_Herzegovina_2009,0,317,24,of,of,IN,IN
5132,Bosnia_Herzegovina_2009,0,317,25,Bosnia,bosnia,NNP,NN
5133,Bosnia_Herzegovina_2009,0,317,26,and,and,CC,CC
5134,Bosnia_Herzegovina_2009,0,317,27,Herzegovina,herzegovina,NNP,NN
5135,Bosnia_Herzegovina_2009,0,318,0,c.,c,JJ,JJ
5136,Bosnia_Herzegovina_2009,0,318,1,Meetings,meetings,NNP,NN
5137,Bosnia_Herzegovina_2009,0,318,2,of,of,IN,IN
5138,Bosnia_Herzegovina_2009,0,318,3,the,the,DT,DT
5139,Bosnia_Herzegovina_2009,0,318,4,Commission,commission,NNP,NN
5140,Bosnia_Herzegovina_2009,0,318,5,shall,shall,MD,MD
5141,Bosnia_Herzegovina_2009,0,318,6,be,be,VB,VB
5142,Bosnia_Herzegovina_2009,0,318,7,chaired,chaired,VBN,VB
5143,Bosnia_Herzegovina_2009,0,318,8,by,by,IN,IN
5144,Bosnia_Herzegovina_2009,0,318,9,the,the,DT,DT
5145,Bosnia_Herzegovina_2009,0,318,10,High,high,NNP,NN
5146,Bosnia_Herzegovina_2009,0,318,11,Representative,representative,NNP,NN
5147,Bosnia_Herzegovina_2009,0,318,12,or,or,CC,CC
5148,Bosnia_Herzegovina_2009,0,318,13,his,his,PRP$,PR
5149,Bosnia_Herzegovina_2009,0,318,14,or,or,CC,CC
5150,Bosnia_Herzegovina_2009,0,318,15,designee,designee,NN,NN
5151,Bosnia_Herzegovina_2009,0,319,0,2,2,CD,CD
5152,Bosnia_Herzegovina_2009,0,320,0,Continuation,continuation,NN,NN
5153,Bosnia_Herzegovina_2009,0,320,1,of,of,IN,IN
5154,Bosnia_Herzegovina_2009,0,320,2,Laws,laws,NNP,NN
5155,Bosnia_Herzegovina_2009,0,321,0,Share,share,NN,NN
5156,Bosnia_Herzegovina_2009,0,321,1,All,all,DT,DT
5157,Bosnia_Herzegovina_2009,0,321,2,laws,laws,NNS,NN
5158,Bosnia_Herzegovina_2009,0,321,4,regulations,regulations,NNS,NN
5159,Bosnia_Herzegovina_2009,0,321,6,and,and,CC,CC
5160,Bosnia_Herzegovina_2009,0,321,7,judicial,judicial,JJ,JJ
5161,Bosnia_Herzegovina_2009,0,321,8,rules,rules,NNS,NN
5162,Bosnia_Herzegovina_2009,0,321,9,of,of,IN,IN
5163,Bosnia_Herzegovina_2009,0,321,10,procedure,procedure,NN,NN
5164,Bosnia_Herzegovina_2009,0,321,11,in,in,IN,IN
5165,Bosnia_Herzegovina_2009,0,321,12,effect,effect,NN,NN
5166,Bosnia_Herzegovina_2009,0,321,13,within,within,IN,IN
5167,Bosnia_Herzegovina_2009,0,321,14,the,the,DT,DT
5168,Bosnia_Herzegovina_2009,0,321,15,territory,territory,NN,NN
5169,Bosnia_Herzegovina_2009,0,321,16,of,of,IN,IN
5170,Bosnia_Herzegovina_2009,0,321,17,Bosnia,bosnia,NNP,NN
5171,Bosnia_Herzegovina_2009,0,321,18,and,and,CC,CC
5172,Bosnia_Herzegovina_2009,0,321,19,Herzegovina,herzegovina,NNP,NN
5173,Bosnia_Herzegovina_2009,0,321,20,when,when,WRB,WR
5174,Bosnia_Herzegovina_2009,0,321,21,the,the,DT,DT
5175,Bosnia_Herzegovina_2009,0,321,22,Constitution,constitution,NNP,NN
5176,Bosnia_Herzegovina_2009,0,321,23,enters,enters,NNS,NN
5177,Bosnia_Herzegovina_2009,0,321,24,into,into,IN,IN
5178,Bosnia_Herzegovina_2009,0,321,25,force,force,NN,NN
5179,Bosnia_Herzegovina_2009,0,321,26,shall,shall,MD,MD
5180,Bosnia_Herzegovina_2009,0,321,27,remain,remain,VB,VB
5181,Bosnia_Herzegovina_2009,0,321,28,in,in,IN,IN
5182,Bosnia_Herzegovina_2009,0,321,29,effect,effect,NN,NN
5183,Bosnia_Herzegovina_2009,0,321,30,to,to,TO,TO
5184,Bosnia_Herzegovina_2009,0,321,31,the,the,DT,DT
5185,Bosnia_Herzegovina_2009,0,321,32,extent,extent,NN,NN
5186,Bosnia_Herzegovina_2009,0,321,33,not,not,RB,RB
5187,Bosnia_Herzegovina_2009,0,321,34,inconsistent,inconsistent,JJ,JJ
5188,Bosnia_Herzegovina_2009,0,321,35,with,with,IN,IN
5189,Bosnia_Herzegovina_2009,0,321,36,the,the,DT,DT
5190,Bosnia_Herzegovina_2009,0,321,37,Constitution,constitution,NNP,NN
5191,Bosnia_Herzegovina_2009,0,321,39,until,until,IN,IN
5192,Bosnia_Herzegovina_2009,0,321,40,otherwise,otherwise,RB,RB
5193,Bosnia_Herzegovina_2009,0,321,41,determined,determined,VBN,VB
5194,Bosnia_Herzegovina_2009,0,321,42,by,by,IN,IN
5195,Bosnia_Herzegovina_2009,0,321,43,a,a,DT,DT
5196,Bosnia_Herzegovina_2009,0,321,44,competent,competent,JJ,JJ
5197,Bosnia_Herzegovina_2009,0,321,45,governmental,governmental,JJ,JJ
5198,Bosnia_Herzegovina_2009,0,321,46,body,body,NN,NN
5199,Bosnia_Herzegovina_2009,0,321,47,of,of,IN,IN
5200,Bosnia_Herzegovina_2009,0,321,48,Bosnia,bosnia,NNP,NN
5201,Bosnia_Herzegovina_2009,0,321,49,and,and,CC,CC
5202,Bosnia_Herzegovina_2009,0,321,50,Herzegovina,herzegovina,NNP,NN
5203,Bosnia_Herzegovina_2009,0,322,0,3,3,CD,CD
5204,Bosnia_Herzegovina_2009,0,323,0,Judicial,judicial,NNP,NN
5205,Bosnia_Herzegovina_2009,0,323,1,and,and,CC,CC
5206,Bosnia_Herzegovina_2009,0,323,2,Administrative,administrative,NNP,NN
5207,Bosnia_Herzegovina_2009,0,323,3,Proceedings,proceedings,NNP,NN
5208,Bosnia_Herzegovina_2009,0,324,0,Share,share,NN,NN
5209,Bosnia_Herzegovina_2009,0,324,1,All,all,DT,DT
5210,Bosnia_Herzegovina_2009,0,324,2,proceedings,proceedings,NNS,NN
5211,Bosnia_Herzegovina_2009,0,324,3,in,in,IN,IN
5212,Bosnia_Herzegovina_2009,0,324,4,courts,courts,NNS,NN
5213,Bosnia_Herzegovina_2009,0,324,5,or,or,CC,CC
5214,Bosnia_Herzegovina_2009,0,324,6,administrative,administrative,JJ,JJ
5215,Bosnia_Herzegovina_2009,0,324,7,agencies,agencies,NNS,NN
5216,Bosnia_Herzegovina_2009,0,324,8,functioning,functioning,VBG,VB
5217,Bosnia_Herzegovina_2009,0,324,9,within,within,IN,IN
5218,Bosnia_Herzegovina_2009,0,324,10,the,the,DT,DT
5219,Bosnia_Herzegovina_2009,0,324,11,territory,territory,NN,NN
5220,Bosnia_Herzegovina_2009,0,324,12,of,of,IN,IN
5221,Bosnia_Herzegovina_2009,0,324,13,Bosnia,bosnia,NNP,NN
5222,Bosnia_Herzegovina_2009,0,324,14,and,and,CC,CC
5223,Bosnia_Herzegovina_2009,0,324,15,Herzegovina,herzegovina,NNP,NN
5224,Bosnia_Herzegovina_2009,0,324,16,when,when,WRB,WR
5225,Bosnia_Herzegovina_2009,0,324,17,the,the,DT,DT
5226,Bosnia_Herzegovina_2009,0,324,18,Constitution,constitution,NNP,NN
5227,Bosnia_Herzegovina_2009,0,324,19,enters,enters,NNS,NN
5228,Bosnia_Herzegovina_2009,0,324,20,into,into,IN,IN
5229,Bosnia_Herzegovina_2009,0,324,21,force,force,NN,NN
5230,Bosnia_Herzegovina_2009,0,324,22,shall,shall,MD,MD
5231,Bosnia_Herzegovina_2009,0,324,23,continue,continue,VB,VB
5232,Bosnia_Herzegovina_2009,0,324,24,in,in,IN,IN
5233,Bosnia_Herzegovina_2009,0,324,25,or,or,CC,CC
5234,Bosnia_Herzegovina_2009,0,324,26,be,be,VB,VB
5235,Bosnia_Herzegovina_2009,0,324,27,transferred,transferred,VBN,VB
5236,Bosnia_Herzegovina_2009,0,324,28,to,to,TO,TO
5237,Bosnia_Herzegovina_2009,0,324,29,other,other,JJ,JJ
5238,Bosnia_Herzegovina_2009,0,324,30,courts,courts,NNS,NN
5239,Bosnia_Herzegovina_2009,0,324,31,or,or,CC,CC
5240,Bosnia_Herzegovina_2009,0,324,32,agencies,agencies,NNS,NN
5241,Bosnia_Herzegovina_2009,0,324,33,in,in,IN,IN
5242,Bosnia_Herzegovina_2009,0,324,34,Bosnia,bosnia,NNP,NN
5243,Bosnia_Herzegovina_2009,0,324,35,and,and,CC,CC
5244,Bosnia_Herzegovina_2009,0,324,36,Herzegovina,herzegovina,NNP,NN
5245,Bosnia_Herzegovina_2009,0,324,37,in,in,IN,IN
5246,Bosnia_Herzegovina_2009,0,324,38,accordance,accordance,NN,NN
5247,Bosnia_Herzegovina_2009,0,324,39,with,with,IN,IN
5248,Bosnia_Herzegovina_2009,0,324,40,any,any,DT,DT
5249,Bosnia_Herzegovina_2009,0,324,41,legislation,legislation,NN,NN
5250,Bosnia_Herzegovina_2009,0,324,42,governing,governing,VBG,VB
5251,Bosnia_Herzegovina_2009,0,324,43,the,the,DT,DT
5252,Bosnia_Herzegovina_2009,0,324,44,competence,competence,NN,NN
5253,Bosnia_Herzegovina_2009,0,324,45,of,of,IN,IN
5254,Bosnia_Herzegovina_2009,0,324,46,such,such,JJ,JJ
5255,Bosnia_Herzegovina_2009,0,324,47,courts,courts,NNS,NN
5256,Bosnia_Herzegovina_2009,0,324,48,or,or,CC,CC
5257,Bosnia_Herzegovina_2009,0,324,49,agencies,agencies,NNS,NN
5258,Bosnia_Herzegovina_2009,0,325,0,4,4,CD,CD
5259,Bosnia_Herzegovina_2009,0,326,0,Offices,offices,NNS,NN
5260,Bosnia_Herzegovina_2009,0,327,0,Share,share,NN,NN
5261,Bosnia_Herzegovina_2009,0,327,1,Until,until,IN,IN
5262,Bosnia_Herzegovina_2009,0,327,2,superseded,superseded,VBN,VB
5263,Bosnia_Herzegovina_2009,0,327,3,by,by,IN,IN
5264,Bosnia_Herzegovina_2009,0,327,4,applicable,applicable,JJ,JJ
5265,Bosnia_Herzegovina_2009,0,327,5,agreement,agreement,NN,NN
5266,Bosnia_Herzegovina_2009,0,327,6,or,or,CC,CC
5267,Bosnia_Herzegovina_2009,0,327,7,law,law,NN,NN
5268,Bosnia_Herzegovina_2009,0,327,9,governmental,governmental,JJ,JJ
5269,Bosnia_Herzegovina_2009,0,327,10,offices,offices,NNS,NN
5270,Bosnia_Herzegovina_2009,0,327,12,institutions,institutions,NNS,NN
5271,Bosnia_Herzegovina_2009,0,327,14,and,and,CC,CC
5272,Bosnia_Herzegovina_2009,0,327,15,other,other,JJ,JJ
5273,Bosnia_Herzegovina_2009,0,327,16,bodies,bodies,NNS,NN
5274,Bosnia_Herzegovina_2009,0,327,17,of,of,IN,IN
5275,Bosnia_Herzegovina_2009,0,327,18,Bosnia,bosnia,NNP,NN
5276,Bosnia_Herzegovina_2009,0,327,19,and,and,CC,CC
5277,Bosnia_Herzegovina_2009,0,327,20,Herzegovina,herzegovina,NNP,NN
5278,Bosnia_Herzegovina_2009,0,327,21,will,will,MD,MD
5279,Bosnia_Herzegovina_2009,0,327,22,operate,operate,VB,VB
5280,Bosnia_Herzegovina_2009,0,327,23,in,in,IN,IN
5281,Bosnia_Herzegovina_2009,0,327,24,accordance,accordance,NN,NN
5282,Bosnia_Herzegovina_2009,0,327,25,with,with,IN,IN
5283,Bosnia_Herzegovina_2009,0,327,26,applicable,applicable,JJ,JJ
5284,Bosnia_Herzegovina_2009,0,327,27,law,law,NN,NN
5285,Bosnia_Herzegovina_2009,0,328,0,5,5,CD,CD
5286,Bosnia_Herzegovina_2009,0,329,0,Treaties,treaties,NNS,NN
5287,Bosnia_Herzegovina_2009,0,330,0,Share,share,NNP,NN
5288,Bosnia_Herzegovina_2009,0,330,1,Any,any,NNP,NN
5289,Bosnia_Herzegovina_2009,0,330,2,treaty,treaty,NN,NN
5290,Bosnia_Herzegovina_2009,0,330,3,ratified,ratified,VBN,VB
5291,Bosnia_Herzegovina_2009,0,330,4,by,by,IN,IN
5292,Bosnia_Herzegovina_2009,0,330,5,the,the,DT,DT
5293,Bosnia_Herzegovina_2009,0,330,6,Republic,republic,NNP,NN
5294,Bosnia_Herzegovina_2009,0,330,7,of,of,IN,IN
5295,Bosnia_Herzegovina_2009,0,330,8,Bosnia,bosnia,NNP,NN
5296,Bosnia_Herzegovina_2009,0,330,9,and,and,CC,CC
5297,Bosnia_Herzegovina_2009,0,330,10,Herzegovina,herzegovina,NNP,NN
5298,Bosnia_Herzegovina_2009,0,330,11,between,between,IN,IN
5299,Bosnia_Herzegovina_2009,0,330,12,January,january,NNP,NN
5300,Bosnia_Herzegovina_2009,0,330,13,1,1,CD,CD
5301,Bosnia_Herzegovina_2009,0,330,15,1992,1992,CD,CD
5302,Bosnia_Herzegovina_2009,0,330,16,and,and,CC,CC
5303,Bosnia_Herzegovina_2009,0,330,17,the,the,DT,DT
5304,Bosnia_Herzegovina_2009,0,330,18,entry,entry,NN,NN
5305,Bosnia_Herzegovina_2009,0,330,19,into,into,IN,IN
5306,Bosnia_Herzegovina_2009,0,330,20,force,force,NN,NN
5307,Bosnia_Herzegovina_2009,0,330,21,of,of,IN,IN
5308,Bosnia_Herzegovina_2009,0,330,22,this,this,DT,DT
5309,Bosnia_Herzegovina_2009,0,330,23,Constitution,constitution,NNP,NN
5310,Bosnia_Herzegovina_2009,0,330,24,shall,shall,MD,MD
5311,Bosnia_Herzegovina_2009,0,330,25,be,be,VB,VB
5312,Bosnia_Herzegovina_2009,0,330,26,disclosed,disclosed,VBN,VB
5313,Bosnia_Herzegovina_2009,0,330,27,to,to,TO,TO
5314,Bosnia_Herzegovina_2009,0,330,28,Members,members,NNS,NN
5315,Bosnia_Herzegovina_2009,0,330,29,of,of,IN,IN
5316,Bosnia_Herzegovina_2009,0,330,30,the,the,DT,DT
5317,Bosnia_Herzegovina_2009,0,330,31,Presidency,presidency,NNP,NN
5318,Bosnia_Herzegovina_2009,0,330,32,within,within,IN,IN
5319,Bosnia_Herzegovina_2009,0,330,33,15,15,CD,CD
5320,Bosnia_Herzegovina_2009,0,330,34,days,days,NNS,NN
5321,Bosnia_Herzegovina_2009,0,330,35,of,of,IN,IN
5322,Bosnia_Herzegovina_2009,0,330,36,their,their,PRP$,PR
5323,Bosnia_Herzegovina_2009,0,330,37,assuming,assuming,JJ,JJ
5324,Bosnia_Herzegovina_2009,0,330,38,office,office,NN,NN
5325,Bosnia_Herzegovina_2009,0,330,40,any,any,DT,DT
5326,Bosnia_Herzegovina_2009,0,330,41,such,such,JJ,JJ
5327,Bosnia_Herzegovina_2009,0,330,42,treaty,treaty,NN,NN
5328,Bosnia_Herzegovina_2009,0,330,43,not,not,RB,RB
5329,Bosnia_Herzegovina_2009,0,330,44,disclosed,disclosed,VBN,VB
5330,Bosnia_Herzegovina_2009,0,330,45,shall,shall,MD,MD
5331,Bosnia_Herzegovina_2009,0,330,46,be,be,VB,VB
5332,Bosnia_Herzegovina_2009,0,330,47,denounced,denounced,VBN,VB
5333,Bosnia_Herzegovina_2009,0,331,0,Within,within,IN,IN
5334,Bosnia_Herzegovina_2009,0,331,1,six,six,CD,CD
5335,Bosnia_Herzegovina_2009,0,331,2,months,months,NNS,NN
5336,Bosnia_Herzegovina_2009,0,331,3,after,after,IN,IN
5337,Bosnia_Herzegovina_2009,0,331,4,the,the,DT,DT
5338,Bosnia_Herzegovina_2009,0,331,5,Parliamentary,parliamentary,NNP,NN
5339,Bosnia_Herzegovina_2009,0,331,6,Assembly,assembly,NNP,NN
5340,Bosnia_Herzegovina_2009,0,331,7,is,is,VBZ,VB
5341,Bosnia_Herzegovina_2009,0,331,8,first,first,RB,RB
5342,Bosnia_Herzegovina_2009,0,331,9,convened,convened,VBN,VB
5343,Bosnia_Herzegovina_2009,0,331,11,at,at,IN,IN
5344,Bosnia_Herzegovina_2009,0,331,12,the,the,DT,DT
5345,Bosnia_Herzegovina_2009,0,331,13,request,request,NN,NN
5346,Bosnia_Herzegovina_2009,0,331,14,of,of,IN,IN
5347,Bosnia_Herzegovina_2009,0,331,15,any,any,DT,DT
5348,Bosnia_Herzegovina_2009,0,331,16,member,member,NN,NN
5349,Bosnia_Herzegovina_2009,0,331,17,of,of,IN,IN
5350,Bosnia_Herzegovina_2009,0,331,18,the,the,DT,DT
5351,Bosnia_Herzegovina_2009,0,331,19,Presidency,presidency,NNP,NN
5352,Bosnia_Herzegovina_2009,0,331,21,the,the,DT,DT
5353,Bosnia_Herzegovina_2009,0,331,22,Parliamentary,parliamentary,NNP,NN
5354,Bosnia_Herzegovina_2009,0,331,23,Assembly,assembly,NNP,NN
5355,Bosnia_Herzegovina_2009,0,331,24,shall,shall,MD,MD
5356,Bosnia_Herzegovina_2009,0,331,25,consider,consider,VB,VB
5357,Bosnia_Herzegovina_2009,0,331,26,whether,whether,IN,IN
5358,Bosnia_Herzegovina_2009,0,331,27,to,to,TO,TO
5359,Bosnia_Herzegovina_2009,0,331,28,denounce,denounce,VB,VB
5360,Bosnia_Herzegovina_2009,0,331,29,any,any,DT,DT
5361,Bosnia_Herzegovina_2009,0,331,30,other,other,JJ,JJ
5362,Bosnia_Herzegovina_2009,0,331,31,such,such,JJ,JJ
5363,Bosnia_Herzegovina_2009,0,331,32,treaty,treaty,NN,NN
