,country,para_num,sent_num,token_num,token_str,term_str,pos,pos_group
0,Canada_2011,0,0,0,Canada,canada,NNP,NN
1,Canada_2011,0,0,1,1867,1867,CD,CD
2,Canada_2011,0,0,3,rev,rev,NN,NN
3,Canada_2011,0,1,0,2011,2011,CD,CD
4,Canada_2011,0,1,2,CONSTITUTION,constitution,NNP,NN
5,Canada_2011,0,1,3,ACT,act,NNP,NN
6,Canada_2011,0,1,4,1867,1867,CD,CD
7,Canada_2011,0,1,5,Share,share,NNP,NN
8,Canada_2011,0,1,6,An,an,DT,DT
9,Canada_2011,0,1,7,Act,act,NNP,NN
10,Canada_2011,0,1,8,for,for,IN,IN
11,Canada_2011,0,1,9,the,the,DT,DT
12,Canada_2011,0,1,10,Union,union,NNP,NN
13,Canada_2011,0,1,11,of,of,IN,IN
14,Canada_2011,0,1,12,Canada,canada,NNP,NN
15,Canada_2011,0,1,14,Nova,nova,NNP,NN
16,Canada_2011,0,1,15,Scotia,scotia,NNP,NN
17,Canada_2011,0,1,17,and,and,CC,CC
18,Canada_2011,0,1,18,New,new,NNP,NN
19,Canada_2011,0,1,19,Brunswick,brunswick,NNP,NN
20,Canada_2011,0,1,21,and,and,CC,CC
21,Canada_2011,0,1,22,the,the,DT,DT
22,Canada_2011,0,1,23,Government,government,NNP,NN
23,Canada_2011,0,1,24,thereof,thereof,NN,NN
24,Canada_2011,0,1,26,and,and,CC,CC
25,Canada_2011,0,1,27,for,for,IN,IN
26,Canada_2011,0,1,28,Purposes,purposes,NNP,NN
27,Canada_2011,0,1,29,connected,connected,VBD,VB
28,Canada_2011,0,1,30,therewith,therewith,NN,NN
29,Canada_2011,0,1,32,29th,29th,CD,CD
30,Canada_2011,0,1,33,March,march,NNP,NN
31,Canada_2011,0,1,34,1867,1867,CD,CD
32,Canada_2011,0,1,36,WHEREAS,whereas,IN,IN
33,Canada_2011,0,1,37,the,the,DT,DT
34,Canada_2011,0,1,38,Provinces,provinces,NNS,NN
35,Canada_2011,0,1,39,of,of,IN,IN
36,Canada_2011,0,1,40,Canada,canada,NNP,NN
37,Canada_2011,0,1,42,Nova,nova,NNP,NN
38,Canada_2011,0,1,43,Scotia,scotia,NNP,NN
39,Canada_2011,0,1,45,and,and,CC,CC
40,Canada_2011,0,1,46,New,new,NNP,NN
41,Canada_2011,0,1,47,Brunswick,brunswick,NNP,NN
42,Canada_2011,0,1,48,have,have,VBP,VB
43,Canada_2011,0,1,49,expressed,expressed,VBN,VB
44,Canada_2011,0,1,50,their,their,PRP$,PR
45,Canada_2011,0,1,51,Desire,desire,NN,NN
46,Canada_2011,0,1,52,to,to,TO,TO
47,Canada_2011,0,1,53,be,be,VB,VB
48,Canada_2011,0,1,54,federally,federally,RB,RB
49,Canada_2011,0,1,55,united,united,VBN,VB
50,Canada_2011,0,1,56,into,into,IN,IN
51,Canada_2011,0,1,57,One,one,CD,CD
52,Canada_2011,0,1,58,Dominion,dominion,NN,NN
53,Canada_2011,0,1,59,under,under,IN,IN
54,Canada_2011,0,1,60,the,the,DT,DT
55,Canada_2011,0,1,61,Crown,crown,NNP,NN
56,Canada_2011,0,1,62,of,of,IN,IN
57,Canada_2011,0,1,63,the,the,DT,DT
58,Canada_2011,0,1,64,United,united,NNP,NN
59,Canada_2011,0,1,65,Kingdom,kingdom,NNP,NN
60,Canada_2011,0,1,66,of,of,IN,IN
61,Canada_2011,0,1,67,Great,great,NNP,NN
62,Canada_2011,0,1,68,Britain,britain,NNP,NN
63,Canada_2011,0,1,69,and,and,CC,CC
64,Canada_2011,0,1,70,Ireland,ireland,NNP,NN
65,Canada_2011,0,1,72,with,with,IN,IN
66,Canada_2011,0,1,73,a,a,DT,DT
67,Canada_2011,0,1,74,Constitution,constitution,NNP,NN
68,Canada_2011,0,1,75,similar,similar,JJ,JJ
69,Canada_2011,0,1,76,in,in,IN,IN
70,Canada_2011,0,1,77,Principle,principle,NN,NN
71,Canada_2011,0,1,78,to,to,TO,TO
72,Canada_2011,0,1,79,that,that,DT,DT
73,Canada_2011,0,1,80,of,of,IN,IN
74,Canada_2011,0,1,81,the,the,DT,DT
75,Canada_2011,0,1,82,United,united,NNP,NN
76,Canada_2011,0,1,83,Kingdom,kingdom,NNP,NN
77,Canada_2011,0,1,85,And,and,CC,CC
78,Canada_2011,0,1,86,whereas,whereas,NNS,NN
79,Canada_2011,0,1,87,such,such,JJ,JJ
80,Canada_2011,0,1,88,a,a,DT,DT
81,Canada_2011,0,1,89,Union,union,NNP,NN
82,Canada_2011,0,1,90,would,would,MD,MD
83,Canada_2011,0,1,91,conduce,conduce,VB,VB
84,Canada_2011,0,1,92,to,to,TO,TO
85,Canada_2011,0,1,93,the,the,DT,DT
86,Canada_2011,0,1,94,Welfare,welfare,NNP,NN
87,Canada_2011,0,1,95,of,of,IN,IN
88,Canada_2011,0,1,96,the,the,DT,DT
89,Canada_2011,0,1,97,Provinces,provinces,NNPS,NN
90,Canada_2011,0,1,98,and,and,CC,CC
91,Canada_2011,0,1,99,promote,promote,VB,VB
92,Canada_2011,0,1,100,the,the,DT,DT
93,Canada_2011,0,1,101,Interests,interests,NNS,NN
94,Canada_2011,0,1,102,of,of,IN,IN
95,Canada_2011,0,1,103,the,the,DT,DT
96,Canada_2011,0,1,104,British,british,JJ,JJ
97,Canada_2011,0,1,105,Empire,empire,NN,NN
98,Canada_2011,0,1,107,And,and,CC,CC
99,Canada_2011,0,1,108,whereas,whereas,NNS,NN
100,Canada_2011,0,1,109,on,on,IN,IN
101,Canada_2011,0,1,110,the,the,DT,DT
102,Canada_2011,0,1,111,Establishment,establishment,NN,NN
103,Canada_2011,0,1,112,of,of,IN,IN
104,Canada_2011,0,1,113,the,the,DT,DT
105,Canada_2011,0,1,114,Union,union,NNP,NN
106,Canada_2011,0,1,115,by,by,IN,IN
107,Canada_2011,0,1,116,Authority,authority,NNP,NN
108,Canada_2011,0,1,117,of,of,IN,IN
109,Canada_2011,0,1,118,Parliament,parliament,NNP,NN
110,Canada_2011,0,1,119,it,it,PRP,PR
111,Canada_2011,0,1,120,is,is,VBZ,VB
112,Canada_2011,0,1,121,expedient,expedient,JJ,JJ
113,Canada_2011,0,1,123,not,not,RB,RB
114,Canada_2011,0,1,124,only,only,RB,RB
115,Canada_2011,0,1,125,that,that,IN,IN
116,Canada_2011,0,1,126,the,the,DT,DT
117,Canada_2011,0,1,127,Constitution,constitution,NNP,NN
118,Canada_2011,0,1,128,of,of,IN,IN
119,Canada_2011,0,1,129,the,the,DT,DT
120,Canada_2011,0,1,130,Legislative,legislative,NNP,NN
121,Canada_2011,0,1,131,Authority,authority,NNP,NN
122,Canada_2011,0,1,132,in,in,IN,IN
123,Canada_2011,0,1,133,the,the,DT,DT
124,Canada_2011,0,1,134,Dominion,dominion,NNP,NN
125,Canada_2011,0,1,135,be,be,VB,VB
126,Canada_2011,0,1,136,provided,provided,VBN,VB
127,Canada_2011,0,1,137,for,for,IN,IN
128,Canada_2011,0,1,139,but,but,CC,CC
129,Canada_2011,0,1,140,also,also,RB,RB
130,Canada_2011,0,1,141,that,that,IN,IN
131,Canada_2011,0,1,142,the,the,DT,DT
132,Canada_2011,0,1,143,Nature,nature,NN,NN
133,Canada_2011,0,1,144,of,of,IN,IN
134,Canada_2011,0,1,145,the,the,DT,DT
135,Canada_2011,0,1,146,Executive,executive,JJ,JJ
136,Canada_2011,0,1,147,Government,government,NNP,NN
137,Canada_2011,0,1,148,therein,therein,NN,NN
138,Canada_2011,0,1,149,be,be,VB,VB
139,Canada_2011,0,1,150,declared,declared,VBN,VB
140,Canada_2011,0,1,152,And,and,CC,CC
141,Canada_2011,0,1,153,whereas,whereas,VB,VB
142,Canada_2011,0,1,154,it,it,PRP,PR
143,Canada_2011,0,1,155,is,is,VBZ,VB
144,Canada_2011,0,1,156,expedient,expedient,JJ,JJ
145,Canada_2011,0,1,157,that,that,IN,IN
146,Canada_2011,0,1,158,Provision,provision,NN,NN
147,Canada_2011,0,1,159,be,be,VB,VB
148,Canada_2011,0,1,160,made,made,VBN,VB
149,Canada_2011,0,1,161,for,for,IN,IN
150,Canada_2011,0,1,162,the,the,DT,DT
151,Canada_2011,0,1,163,eventual,eventual,JJ,JJ
152,Canada_2011,0,1,164,Admission,admission,NNP,NN
153,Canada_2011,0,1,165,into,into,IN,IN
154,Canada_2011,0,1,166,the,the,DT,DT
155,Canada_2011,0,1,167,Union,union,NNP,NN
156,Canada_2011,0,1,168,of,of,IN,IN
157,Canada_2011,0,1,169,other,other,JJ,JJ
158,Canada_2011,0,1,170,Parts,parts,NNS,NN
159,Canada_2011,0,1,171,of,of,IN,IN
160,Canada_2011,0,1,172,British,british,NNP,NN
161,Canada_2011,0,1,173,North,north,NNP,NN
162,Canada_2011,0,1,174,America,america,NNP,NN
163,Canada_2011,0,1,176,I,i,PRP,PR
164,Canada_2011,0,2,0,PRELIMINARY,preliminary,$,$
165,Canada_2011,0,2,1,1,1,CD,CD
166,Canada_2011,0,3,0,Short,short,NNP,NN
167,Canada_2011,0,3,1,title,title,NN,NN
168,Canada_2011,0,3,2,Share,share,NNP,NN
169,Canada_2011,0,3,3,This,this,DT,DT
170,Canada_2011,0,3,4,Act,act,NNP,NN
171,Canada_2011,0,3,5,may,may,MD,MD
172,Canada_2011,0,3,6,be,be,VB,VB
173,Canada_2011,0,3,7,cited,cited,VBN,VB
174,Canada_2011,0,3,8,as,as,IN,IN
175,Canada_2011,0,3,9,the,the,DT,DT
176,Canada_2011,0,3,10,Constitution,constitution,NNP,NN
177,Canada_2011,0,3,11,Act,act,NNP,NN
178,Canada_2011,0,3,13,1867,1867,CD,CD
179,Canada_2011,0,4,0,2,2,CD,CD
180,Canada_2011,0,5,0,Repealed,repealed,VBN,VB
181,Canada_2011,0,5,1,II,ii,NNP,NN
182,Canada_2011,0,6,0,UNION,union,NN,NN
183,Canada_2011,0,6,1,3,3,CD,CD
184,Canada_2011,0,7,0,Declaration,declaration,NN,NN
185,Canada_2011,0,7,1,of,of,IN,IN
186,Canada_2011,0,7,2,Union,union,NNP,NN
187,Canada_2011,0,7,3,Share,share,NNP,NN
188,Canada_2011,0,7,4,It,it,PRP,PR
189,Canada_2011,0,7,5,shall,shall,MD,MD
190,Canada_2011,0,7,6,be,be,VB,VB
191,Canada_2011,0,7,7,lawful,lawful,JJ,JJ
192,Canada_2011,0,7,8,for,for,IN,IN
193,Canada_2011,0,7,9,the,the,DT,DT
194,Canada_2011,0,7,10,Queen,queen,NNP,NN
195,Canada_2011,0,7,12,by,by,IN,IN
196,Canada_2011,0,7,13,and,and,CC,CC
197,Canada_2011,0,7,14,with,with,IN,IN
198,Canada_2011,0,7,15,the,the,DT,DT
199,Canada_2011,0,7,16,Advice,advice,NNP,NN
200,Canada_2011,0,7,17,of,of,IN,IN
201,Canada_2011,0,7,18,Her,her,NNP,NN
202,Canada_2011,0,7,19,Majesty,majesty,NNP,NN
203,Canada_2011,0,7,21,s,s,VBZ,VB
204,Canada_2011,0,7,22,Most,most,JJS,JJ
205,Canada_2011,0,7,23,Honourable,honourable,JJ,JJ
206,Canada_2011,0,7,24,Privy,privy,NNP,NN
207,Canada_2011,0,7,25,Council,council,NNP,NN
208,Canada_2011,0,7,27,to,to,TO,TO
209,Canada_2011,0,7,28,declare,declare,VB,VB
210,Canada_2011,0,7,29,by,by,IN,IN
211,Canada_2011,0,7,30,Proclamation,proclamation,NNP,NN
212,Canada_2011,0,7,31,that,that,IN,IN
213,Canada_2011,0,7,33,on,on,IN,IN
214,Canada_2011,0,7,34,and,and,CC,CC
215,Canada_2011,0,7,35,after,after,IN,IN
216,Canada_2011,0,7,36,a,a,DT,DT
217,Canada_2011,0,7,37,Day,day,NNP,NN
218,Canada_2011,0,7,38,therein,therein,NN,NN
219,Canada_2011,0,7,39,appointed,appointed,VBD,VB
220,Canada_2011,0,7,41,not,not,RB,RB
221,Canada_2011,0,7,42,being,being,VBG,VB
222,Canada_2011,0,7,43,more,more,JJR,JJ
223,Canada_2011,0,7,44,than,than,IN,IN
224,Canada_2011,0,7,45,Six,six,CD,CD
225,Canada_2011,0,7,46,Months,months,NNS,NN
226,Canada_2011,0,7,47,after,after,IN,IN
227,Canada_2011,0,7,48,the,the,DT,DT
228,Canada_2011,0,7,49,passing,passing,NN,NN
229,Canada_2011,0,7,50,of,of,IN,IN
230,Canada_2011,0,7,51,this,this,DT,DT
231,Canada_2011,0,7,52,Act,act,NNP,NN
232,Canada_2011,0,7,54,the,the,DT,DT
233,Canada_2011,0,7,55,Provinces,provinces,NNS,NN
234,Canada_2011,0,7,56,of,of,IN,IN
235,Canada_2011,0,7,57,Canada,canada,NNP,NN
236,Canada_2011,0,7,59,Nova,nova,NNP,NN
237,Canada_2011,0,7,60,Scotia,scotia,NNP,NN
238,Canada_2011,0,7,62,and,and,CC,CC
239,Canada_2011,0,7,63,New,new,NNP,NN
240,Canada_2011,0,7,64,Brunswick,brunswick,NNP,NN
241,Canada_2011,0,7,65,shall,shall,MD,MD
242,Canada_2011,0,7,66,form,form,VB,VB
243,Canada_2011,0,7,67,and,and,CC,CC
244,Canada_2011,0,7,68,be,be,VB,VB
245,Canada_2011,0,7,69,One,one,CD,CD
246,Canada_2011,0,7,70,Dominion,dominion,NNP,NN
247,Canada_2011,0,7,71,under,under,IN,IN
248,Canada_2011,0,7,72,the,the,DT,DT
249,Canada_2011,0,7,73,Name,name,NN,NN
250,Canada_2011,0,7,74,of,of,IN,IN
251,Canada_2011,0,7,75,Canada,canada,NNP,NN
252,Canada_2011,0,7,77,and,and,CC,CC
253,Canada_2011,0,7,78,on,on,IN,IN
254,Canada_2011,0,7,79,and,and,CC,CC
255,Canada_2011,0,7,80,after,after,IN,IN
256,Canada_2011,0,7,81,that,that,DT,DT
257,Canada_2011,0,7,82,Day,day,NNP,NN
258,Canada_2011,0,7,83,those,those,DT,DT
259,Canada_2011,0,7,84,Three,three,NNP,NN
260,Canada_2011,0,7,85,Provinces,provinces,NNPS,NN
261,Canada_2011,0,7,86,shall,shall,MD,MD
262,Canada_2011,0,7,87,form,form,VB,VB
263,Canada_2011,0,7,88,and,and,CC,CC
264,Canada_2011,0,7,89,be,be,VB,VB
265,Canada_2011,0,7,90,One,one,CD,CD
266,Canada_2011,0,7,91,Dominion,dominion,NNP,NN
267,Canada_2011,0,7,92,under,under,IN,IN
268,Canada_2011,0,7,93,that,that,DT,DT
269,Canada_2011,0,7,94,Name,name,NNP,NN
270,Canada_2011,0,7,95,accordingly,accordingly,RB,RB
271,Canada_2011,0,8,0,4,4,CD,CD
272,Canada_2011,0,9,0,Construction,construction,NN,NN
273,Canada_2011,0,9,1,of,of,IN,IN
274,Canada_2011,0,9,2,subsequent,subsequent,JJ,JJ
275,Canada_2011,0,9,3,Provisions,provisions,NNP,NN
276,Canada_2011,0,9,4,of,of,IN,IN
277,Canada_2011,0,9,5,Act,act,NNP,NN
278,Canada_2011,0,9,6,Share,share,NNP,NN
279,Canada_2011,0,9,7,Unless,unless,IN,IN
280,Canada_2011,0,9,8,it,it,PRP,PR
281,Canada_2011,0,9,9,is,is,VBZ,VB
282,Canada_2011,0,9,10,otherwise,otherwise,RB,RB
283,Canada_2011,0,9,11,expressed,expressed,VBN,VB
284,Canada_2011,0,9,12,or,or,CC,CC
285,Canada_2011,0,9,13,implied,implied,VBN,VB
286,Canada_2011,0,9,15,the,the,DT,DT
287,Canada_2011,0,9,16,Name,name,NNP,NN
288,Canada_2011,0,9,17,Canada,canada,NNP,NN
289,Canada_2011,0,9,18,shall,shall,MD,MD
290,Canada_2011,0,9,19,be,be,VB,VB
291,Canada_2011,0,9,20,taken,taken,VBN,VB
292,Canada_2011,0,9,21,to,to,TO,TO
293,Canada_2011,0,9,22,mean,mean,VB,VB
294,Canada_2011,0,9,23,Canada,canada,NNP,NN
295,Canada_2011,0,9,24,as,as,IN,IN
296,Canada_2011,0,9,25,constituted,constituted,VBN,VB
297,Canada_2011,0,9,26,under,under,IN,IN
298,Canada_2011,0,9,27,this,this,DT,DT
299,Canada_2011,0,9,28,Act,act,NNP,NN
300,Canada_2011,0,10,0,5,5,CD,CD
301,Canada_2011,0,11,0,Four,four,CD,CD
302,Canada_2011,0,11,1,Provinces,provinces,NNS,NN
303,Canada_2011,0,11,2,Share,share,NNP,NN
304,Canada_2011,0,11,3,Canada,canada,NNP,NN
305,Canada_2011,0,11,4,shall,shall,MD,MD
306,Canada_2011,0,11,5,be,be,VB,VB
307,Canada_2011,0,11,6,divided,divided,VBN,VB
308,Canada_2011,0,11,7,into,into,IN,IN
309,Canada_2011,0,11,8,Four,four,NNP,NN
310,Canada_2011,0,11,9,Provinces,provinces,NNPS,NN
311,Canada_2011,0,11,11,named,named,VBN,VB
312,Canada_2011,0,11,12,Ontario,ontario,NNP,NN
313,Canada_2011,0,11,14,Quebec,quebec,NNP,NN
314,Canada_2011,0,11,16,Nova,nova,NNP,NN
315,Canada_2011,0,11,17,Scotia,scotia,NNP,NN
316,Canada_2011,0,11,19,and,and,CC,CC
317,Canada_2011,0,11,20,New,new,NNP,NN
318,Canada_2011,0,11,21,Brunswick,brunswick,NNP,NN
319,Canada_2011,0,12,0,6,6,CD,CD
320,Canada_2011,0,13,0,Provinces,provinces,NNS,NN
321,Canada_2011,0,13,1,of,of,IN,IN
322,Canada_2011,0,13,2,Ontario,ontario,NNP,NN
323,Canada_2011,0,13,3,and,and,CC,CC
324,Canada_2011,0,13,4,Quebec,quebec,NNP,NN
325,Canada_2011,0,13,5,Share,share,NNP,NN
326,Canada_2011,0,13,6,The,the,DT,DT
327,Canada_2011,0,13,7,Parts,parts,NNP,NN
328,Canada_2011,0,13,8,of,of,IN,IN
329,Canada_2011,0,13,9,the,the,DT,DT
330,Canada_2011,0,13,10,Province,province,NNP,NN
331,Canada_2011,0,13,11,of,of,IN,IN
332,Canada_2011,0,13,12,Canada,canada,NNP,NN
333,Canada_2011,0,13,14,as,as,IN,IN
334,Canada_2011,0,13,15,it,it,PRP,PR
335,Canada_2011,0,13,16,exists,exists,VBZ,VB
336,Canada_2011,0,13,17,at,at,IN,IN
337,Canada_2011,0,13,18,the,the,DT,DT
338,Canada_2011,0,13,19,passing,passing,NN,NN
339,Canada_2011,0,13,20,of,of,IN,IN
340,Canada_2011,0,13,21,this,this,DT,DT
341,Canada_2011,0,13,22,Act,act,NNP,NN
342,Canada_2011,0,13,24,which,which,WDT,WD
343,Canada_2011,0,13,25,formerly,formerly,RB,RB
344,Canada_2011,0,13,26,constituted,constituted,VBD,VB
345,Canada_2011,0,13,27,respectively,respectively,RB,RB
346,Canada_2011,0,13,28,the,the,DT,DT
347,Canada_2011,0,13,29,Provinces,provinces,NNS,NN
348,Canada_2011,0,13,30,of,of,IN,IN
349,Canada_2011,0,13,31,Upper,upper,NNP,NN
350,Canada_2011,0,13,32,Canada,canada,NNP,NN
351,Canada_2011,0,13,33,and,and,CC,CC
352,Canada_2011,0,13,34,Lower,lower,NNP,NN
353,Canada_2011,0,13,35,Canada,canada,NNP,NN
354,Canada_2011,0,13,36,shall,shall,MD,MD
355,Canada_2011,0,13,37,be,be,VB,VB
356,Canada_2011,0,13,38,deemed,deemed,VBN,VB
357,Canada_2011,0,13,39,to,to,TO,TO
358,Canada_2011,0,13,40,be,be,VB,VB
359,Canada_2011,0,13,41,severed,severed,VBN,VB
360,Canada_2011,0,13,43,and,and,CC,CC
361,Canada_2011,0,13,44,shall,shall,MD,MD
362,Canada_2011,0,13,45,form,form,VB,VB
363,Canada_2011,0,13,46,Two,two,CD,CD
364,Canada_2011,0,13,47,separate,separate,JJ,JJ
365,Canada_2011,0,13,48,Provinces,provinces,NNS,NN
366,Canada_2011,0,14,0,The,the,DT,DT
367,Canada_2011,0,14,1,Part,part,NNP,NN
368,Canada_2011,0,14,2,which,which,WDT,WD
369,Canada_2011,0,14,3,formerly,formerly,RB,RB
370,Canada_2011,0,14,4,constituted,constituted,VBD,VB
371,Canada_2011,0,14,5,the,the,DT,DT
372,Canada_2011,0,14,6,Province,province,NNP,NN
373,Canada_2011,0,14,7,of,of,IN,IN
374,Canada_2011,0,14,8,Upper,upper,NNP,NN
375,Canada_2011,0,14,9,Canada,canada,NNP,NN
376,Canada_2011,0,14,10,shall,shall,MD,MD
377,Canada_2011,0,14,11,constitute,constitute,VB,VB
378,Canada_2011,0,14,12,the,the,DT,DT
379,Canada_2011,0,14,13,Province,province,NNP,NN
380,Canada_2011,0,14,14,of,of,IN,IN
381,Canada_2011,0,14,15,Ontario,ontario,NNP,NN
382,Canada_2011,0,14,17,and,and,CC,CC
383,Canada_2011,0,14,18,the,the,DT,DT
384,Canada_2011,0,14,19,Part,part,NNP,NN
385,Canada_2011,0,14,20,which,which,WDT,WD
386,Canada_2011,0,14,21,formerly,formerly,RB,RB
387,Canada_2011,0,14,22,constituted,constituted,VBD,VB
388,Canada_2011,0,14,23,the,the,DT,DT
389,Canada_2011,0,14,24,Province,province,NNP,NN
390,Canada_2011,0,14,25,of,of,IN,IN
391,Canada_2011,0,14,26,Lower,lower,NNP,NN
392,Canada_2011,0,14,27,Canada,canada,NNP,NN
393,Canada_2011,0,14,28,shall,shall,MD,MD
394,Canada_2011,0,14,29,constitute,constitute,VB,VB
395,Canada_2011,0,14,30,the,the,DT,DT
396,Canada_2011,0,14,31,Province,province,NNP,NN
397,Canada_2011,0,14,32,of,of,IN,IN
398,Canada_2011,0,14,33,Quebec,quebec,NNP,NN
399,Canada_2011,0,15,0,7,7,CD,CD
400,Canada_2011,0,16,0,Provinces,provinces,NNS,NN
401,Canada_2011,0,16,1,of,of,IN,IN
402,Canada_2011,0,16,2,Nova,nova,NNP,NN
403,Canada_2011,0,16,3,Scotia,scotia,NNP,NN
404,Canada_2011,0,16,4,and,and,CC,CC
405,Canada_2011,0,16,5,New,new,NNP,NN
406,Canada_2011,0,16,6,Brunswick,brunswick,NNP,NN
407,Canada_2011,0,16,7,Share,share,NNP,NN
408,Canada_2011,0,16,8,The,the,DT,DT
409,Canada_2011,0,16,9,Provinces,provinces,NNP,NN
410,Canada_2011,0,16,10,of,of,IN,IN
411,Canada_2011,0,16,11,Nova,nova,NNP,NN
412,Canada_2011,0,16,12,Scotia,scotia,NNP,NN
413,Canada_2011,0,16,13,and,and,CC,CC
414,Canada_2011,0,16,14,New,new,NNP,NN
415,Canada_2011,0,16,15,Brunswick,brunswick,NNP,NN
416,Canada_2011,0,16,16,shall,shall,MD,MD
417,Canada_2011,0,16,17,have,have,VB,VB
418,Canada_2011,0,16,18,the,the,DT,DT
419,Canada_2011,0,16,19,same,same,JJ,JJ
420,Canada_2011,0,16,20,Limits,limits,NNP,NN
421,Canada_2011,0,16,21,as,as,IN,IN
422,Canada_2011,0,16,22,at,at,IN,IN
423,Canada_2011,0,16,23,the,the,DT,DT
424,Canada_2011,0,16,24,passing,passing,NN,NN
425,Canada_2011,0,16,25,of,of,IN,IN
426,Canada_2011,0,16,26,this,this,DT,DT
427,Canada_2011,0,16,27,Act,act,NNP,NN
428,Canada_2011,0,17,0,8,8,CD,CD
429,Canada_2011,0,18,0,Decennial,decennial,NNP,NN
430,Canada_2011,0,18,1,Census,census,NNP,NN
431,Canada_2011,0,18,2,Share,share,NNP,NN
432,Canada_2011,0,18,3,In,in,IN,IN
433,Canada_2011,0,18,4,the,the,DT,DT
434,Canada_2011,0,18,5,general,general,JJ,JJ
435,Canada_2011,0,18,6,Census,census,NNP,NN
436,Canada_2011,0,18,7,of,of,IN,IN
437,Canada_2011,0,18,8,the,the,DT,DT
438,Canada_2011,0,18,9,Population,population,NNP,NN
439,Canada_2011,0,18,10,of,of,IN,IN
440,Canada_2011,0,18,11,Canada,canada,NNP,NN
441,Canada_2011,0,18,12,which,which,WDT,WD
442,Canada_2011,0,18,13,is,is,VBZ,VB
443,Canada_2011,0,18,14,hereby,hereby,RB,RB
444,Canada_2011,0,18,15,required,required,VBN,VB
445,Canada_2011,0,18,16,to,to,TO,TO
446,Canada_2011,0,18,17,be,be,VB,VB
447,Canada_2011,0,18,18,taken,taken,VBN,VB
448,Canada_2011,0,18,19,in,in,IN,IN
449,Canada_2011,0,18,20,the,the,DT,DT
450,Canada_2011,0,18,21,Year,year,NNP,NN
451,Canada_2011,0,18,22,One,one,CD,CD
452,Canada_2011,0,18,23,thousand,thousand,NN,NN
453,Canada_2011,0,18,24,eight,eight,CD,CD
454,Canada_2011,0,18,25,hundred,hundred,CD,CD
455,Canada_2011,0,18,26,and,and,CC,CC
456,Canada_2011,0,18,27,seventy-one,seventyone,NN,NN
457,Canada_2011,0,18,29,and,and,CC,CC
458,Canada_2011,0,18,30,in,in,IN,IN
459,Canada_2011,0,18,31,every,every,DT,DT
460,Canada_2011,0,18,32,Tenth,tenth,CD,CD
461,Canada_2011,0,18,33,Year,year,NN,NN
462,Canada_2011,0,18,34,thereafter,thereafter,RB,RB
463,Canada_2011,0,18,36,the,the,DT,DT
464,Canada_2011,0,18,37,respective,respective,JJ,JJ
465,Canada_2011,0,18,38,Populations,populations,NNS,NN
466,Canada_2011,0,18,39,of,of,IN,IN
467,Canada_2011,0,18,40,the,the,DT,DT
468,Canada_2011,0,18,41,Four,four,NNP,NN
469,Canada_2011,0,18,42,Provinces,provinces,NNPS,NN
470,Canada_2011,0,18,43,shall,shall,MD,MD
471,Canada_2011,0,18,44,be,be,VB,VB
472,Canada_2011,0,18,45,distinguished,distinguished,VBN,VB
473,Canada_2011,0,19,0,III,iii,NNP,NN
474,Canada_2011,0,20,0,EXECUTIVE,executive,NNP,NN
475,Canada_2011,0,20,1,POWER,power,NNP,NN
476,Canada_2011,0,20,2,9,9,CD,CD
477,Canada_2011,0,21,0,Declaration,declaration,NN,NN
478,Canada_2011,0,21,1,of,of,IN,IN
479,Canada_2011,0,21,2,Executive,executive,NNP,NN
480,Canada_2011,0,21,3,Power,power,NNP,NN
481,Canada_2011,0,21,4,in,in,IN,IN
482,Canada_2011,0,21,5,the,the,DT,DT
483,Canada_2011,0,21,6,Queen,queen,NNP,NN
484,Canada_2011,0,21,7,Share,share,NNP,NN
485,Canada_2011,0,21,8,The,the,DT,DT
486,Canada_2011,0,21,9,Executive,executive,NNP,NN
487,Canada_2011,0,21,10,Government,government,NNP,NN
488,Canada_2011,0,21,11,and,and,CC,CC
489,Canada_2011,0,21,12,Authority,authority,NNP,NN
490,Canada_2011,0,21,13,of,of,IN,IN
491,Canada_2011,0,21,14,and,and,CC,CC
492,Canada_2011,0,21,15,over,over,IN,IN
493,Canada_2011,0,21,16,Canada,canada,NNP,NN
494,Canada_2011,0,21,17,is,is,VBZ,VB
495,Canada_2011,0,21,18,hereby,hereby,RB,RB
496,Canada_2011,0,21,19,declared,declared,VBN,VB
497,Canada_2011,0,21,20,to,to,TO,TO
498,Canada_2011,0,21,21,continue,continue,VB,VB
499,Canada_2011,0,21,22,and,and,CC,CC
500,Canada_2011,0,21,23,be,be,VB,VB
501,Canada_2011,0,21,24,vested,vested,VBN,VB
502,Canada_2011,0,21,25,in,in,IN,IN
503,Canada_2011,0,21,26,the,the,DT,DT
504,Canada_2011,0,21,27,Queen,queen,NNP,NN
505,Canada_2011,0,22,0,10,10,CD,CD
506,Canada_2011,0,23,0,Application,application,NN,NN
507,Canada_2011,0,23,1,of,of,IN,IN
508,Canada_2011,0,23,2,Provisions,provisions,NNP,NN
509,Canada_2011,0,23,3,referring,referring,VBG,VB
510,Canada_2011,0,23,4,to,to,TO,TO
511,Canada_2011,0,23,5,Governor,governor,NNP,NN
512,Canada_2011,0,23,6,General,general,NNP,NN
513,Canada_2011,0,23,7,Share,share,NNP,NN
514,Canada_2011,0,23,8,The,the,DT,DT
515,Canada_2011,0,23,9,Provisions,provisions,NNP,NN
516,Canada_2011,0,23,10,of,of,IN,IN
517,Canada_2011,0,23,11,this,this,DT,DT
518,Canada_2011,0,23,12,Act,act,NNP,NN
519,Canada_2011,0,23,13,referring,referring,VBG,VB
520,Canada_2011,0,23,14,to,to,TO,TO
521,Canada_2011,0,23,15,the,the,DT,DT
522,Canada_2011,0,23,16,Governor,governor,NNP,NN
523,Canada_2011,0,23,17,General,general,NNP,NN
524,Canada_2011,0,23,18,extend,extend,NN,NN
525,Canada_2011,0,23,19,and,and,CC,CC
526,Canada_2011,0,23,20,apply,apply,VB,VB
527,Canada_2011,0,23,21,to,to,TO,TO
528,Canada_2011,0,23,22,the,the,DT,DT
529,Canada_2011,0,23,23,Governor,governor,NNP,NN
530,Canada_2011,0,23,24,General,general,NNP,NN
531,Canada_2011,0,23,25,for,for,IN,IN
532,Canada_2011,0,23,26,the,the,DT,DT
533,Canada_2011,0,23,27,Time,time,NNP,NN
534,Canada_2011,0,23,28,being,being,VBG,VB
535,Canada_2011,0,23,29,of,of,IN,IN
536,Canada_2011,0,23,30,Canada,canada,NNP,NN
537,Canada_2011,0,23,32,or,or,CC,CC
538,Canada_2011,0,23,33,other,other,JJ,JJ
539,Canada_2011,0,23,34,the,the,DT,DT
540,Canada_2011,0,23,35,Chief,chief,NNP,NN
541,Canada_2011,0,23,36,Executive,executive,NNP,NN
542,Canada_2011,0,23,37,Officer,officer,NNP,NN
543,Canada_2011,0,23,38,or,or,CC,CC
544,Canada_2011,0,23,39,Administrator,administrator,NNP,NN
545,Canada_2011,0,23,40,for,for,IN,IN
546,Canada_2011,0,23,41,the,the,DT,DT
547,Canada_2011,0,23,42,Time,time,NNP,NN
548,Canada_2011,0,23,43,being,being,VBG,VB
549,Canada_2011,0,23,44,carrying,carrying,VBG,VB
550,Canada_2011,0,23,45,on,on,IN,IN
551,Canada_2011,0,23,46,the,the,DT,DT
552,Canada_2011,0,23,47,Government,government,NNP,NN
553,Canada_2011,0,23,48,of,of,IN,IN
554,Canada_2011,0,23,49,Canada,canada,NNP,NN
555,Canada_2011,0,23,50,on,on,IN,IN
556,Canada_2011,0,23,51,behalf,behalf,NN,NN
557,Canada_2011,0,23,52,and,and,CC,CC
558,Canada_2011,0,23,53,in,in,IN,IN
559,Canada_2011,0,23,54,the,the,DT,DT
560,Canada_2011,0,23,55,Name,name,NN,NN
561,Canada_2011,0,23,56,of,of,IN,IN
562,Canada_2011,0,23,57,the,the,DT,DT
563,Canada_2011,0,23,58,Queen,queen,NNP,NN
564,Canada_2011,0,23,60,by,by,IN,IN
565,Canada_2011,0,23,61,whatever,whatever,WDT,WD
566,Canada_2011,0,23,62,Title,title,NNP,NN
567,Canada_2011,0,23,63,he,he,PRP,PR
568,Canada_2011,0,23,64,is,is,VBZ,VB
569,Canada_2011,0,23,65,designated,designated,VBN,VB
570,Canada_2011,0,24,0,11,11,CD,CD
571,Canada_2011,0,25,0,Constitution,constitution,NN,NN
572,Canada_2011,0,25,1,of,of,IN,IN
573,Canada_2011,0,25,2,Privy,privy,NNP,NN
574,Canada_2011,0,25,3,Council,council,NNP,NN
575,Canada_2011,0,25,4,for,for,IN,IN
576,Canada_2011,0,25,5,Canada,canada,NNP,NN
577,Canada_2011,0,25,6,Share,share,NNP,NN
578,Canada_2011,0,25,7,There,there,EX,EX
579,Canada_2011,0,25,8,shall,shall,MD,MD
580,Canada_2011,0,25,9,be,be,VB,VB
581,Canada_2011,0,25,10,a,a,DT,DT
582,Canada_2011,0,25,11,Council,council,NNP,NN
583,Canada_2011,0,25,12,to,to,TO,TO
584,Canada_2011,0,25,13,aid,aid,NN,NN
585,Canada_2011,0,25,14,and,and,CC,CC
586,Canada_2011,0,25,15,advise,advise,NN,NN
587,Canada_2011,0,25,16,in,in,IN,IN
588,Canada_2011,0,25,17,the,the,DT,DT
589,Canada_2011,0,25,18,Government,government,NNP,NN
590,Canada_2011,0,25,19,of,of,IN,IN
591,Canada_2011,0,25,20,Canada,canada,NNP,NN
592,Canada_2011,0,25,22,to,to,TO,TO
593,Canada_2011,0,25,23,be,be,VB,VB
594,Canada_2011,0,25,24,styled,styled,VBN,VB
595,Canada_2011,0,25,25,the,the,DT,DT
596,Canada_2011,0,25,26,Queen,queen,NNP,NN
597,Canada_2011,0,25,28,s,s,VBD,VB
598,Canada_2011,0,25,29,Privy,privy,NNP,NN
599,Canada_2011,0,25,30,Council,council,NNP,NN
600,Canada_2011,0,25,31,for,for,IN,IN
601,Canada_2011,0,25,32,Canada,canada,NNP,NN
602,Canada_2011,0,25,34,and,and,CC,CC
603,Canada_2011,0,25,35,the,the,DT,DT
604,Canada_2011,0,25,36,Persons,persons,NNS,NN
605,Canada_2011,0,25,37,who,who,WP,WP
606,Canada_2011,0,25,38,are,are,VBP,VB
607,Canada_2011,0,25,39,to,to,TO,TO
608,Canada_2011,0,25,40,be,be,VB,VB
609,Canada_2011,0,25,41,Members,members,NNS,NN
610,Canada_2011,0,25,42,of,of,IN,IN
611,Canada_2011,0,25,43,that,that,DT,DT
612,Canada_2011,0,25,44,Council,council,NNP,NN
613,Canada_2011,0,25,45,shall,shall,MD,MD
614,Canada_2011,0,25,46,be,be,VB,VB
615,Canada_2011,0,25,47,from,from,IN,IN
616,Canada_2011,0,25,48,Time,time,NNP,NN
617,Canada_2011,0,25,49,to,to,TO,TO
618,Canada_2011,0,25,50,Time,time,NNP,NN
619,Canada_2011,0,25,51,chosen,chosen,NN,NN
620,Canada_2011,0,25,52,and,and,CC,CC
621,Canada_2011,0,25,53,summoned,summoned,VBN,VB
622,Canada_2011,0,25,54,by,by,IN,IN
623,Canada_2011,0,25,55,the,the,DT,DT
624,Canada_2011,0,25,56,Governor,governor,NNP,NN
625,Canada_2011,0,25,57,General,general,NNP,NN
626,Canada_2011,0,25,58,and,and,CC,CC
627,Canada_2011,0,25,59,sworn,sworn,VBN,VB
628,Canada_2011,0,25,60,in,in,IN,IN
629,Canada_2011,0,25,61,as,as,IN,IN
630,Canada_2011,0,25,62,Privy,privy,NNP,NN
631,Canada_2011,0,25,63,Councillors,councillors,NNP,NN
632,Canada_2011,0,25,65,and,and,CC,CC
633,Canada_2011,0,25,66,Members,members,NNS,NN
634,Canada_2011,0,25,67,thereof,thereof,VBP,VB
635,Canada_2011,0,25,68,may,may,MD,MD
636,Canada_2011,0,25,69,be,be,VB,VB
637,Canada_2011,0,25,70,from,from,IN,IN
638,Canada_2011,0,25,71,Time,time,NNP,NN
639,Canada_2011,0,25,72,to,to,TO,TO
640,Canada_2011,0,25,73,Time,time,NNP,NN
641,Canada_2011,0,25,74,removed,removed,VBN,VB
642,Canada_2011,0,25,75,by,by,IN,IN
643,Canada_2011,0,25,76,the,the,DT,DT
644,Canada_2011,0,25,77,Governor,governor,NNP,NN
645,Canada_2011,0,25,78,General,general,NNP,NN
646,Canada_2011,0,26,0,12,12,CD,CD
647,Canada_2011,0,27,0,All,all,DT,DT
648,Canada_2011,0,27,1,Powers,powers,NNP,NN
649,Canada_2011,0,27,2,under,under,IN,IN
650,Canada_2011,0,27,3,Acts,acts,NNPS,NN
651,Canada_2011,0,27,4,to,to,TO,TO
652,Canada_2011,0,27,5,be,be,VB,VB
653,Canada_2011,0,27,6,exercised,exercised,VBN,VB
654,Canada_2011,0,27,7,by,by,IN,IN
655,Canada_2011,0,27,8,Governor,governor,NNP,NN
656,Canada_2011,0,27,9,General,general,NNP,NN
657,Canada_2011,0,27,10,with,with,IN,IN
658,Canada_2011,0,27,11,Advice,advice,NNP,NN
659,Canada_2011,0,27,12,of,of,IN,IN
660,Canada_2011,0,27,13,Privy,privy,NNP,NN
661,Canada_2011,0,27,14,Council,council,NNP,NN
662,Canada_2011,0,27,16,or,or,CC,CC
663,Canada_2011,0,27,17,alone,alone,RB,RB
664,Canada_2011,0,27,18,Share,share,NNP,NN
665,Canada_2011,0,27,19,All,all,NNP,NN
666,Canada_2011,0,27,20,Powers,powers,NNP,NN
667,Canada_2011,0,27,22,Authorities,authorities,NNP,NN
668,Canada_2011,0,27,24,and,and,CC,CC
669,Canada_2011,0,27,25,Functions,functions,NNP,NN
670,Canada_2011,0,27,26,which,which,WDT,WD
671,Canada_2011,0,27,27,under,under,IN,IN
672,Canada_2011,0,27,28,any,any,DT,DT
673,Canada_2011,0,27,29,Act,act,NNP,NN
674,Canada_2011,0,27,30,of,of,IN,IN
675,Canada_2011,0,27,31,the,the,DT,DT
676,Canada_2011,0,27,32,Parliament,parliament,NNP,NN
677,Canada_2011,0,27,33,of,of,IN,IN
678,Canada_2011,0,27,34,Great,great,NNP,NN
679,Canada_2011,0,27,35,Britain,britain,NNP,NN
680,Canada_2011,0,27,37,or,or,CC,CC
681,Canada_2011,0,27,38,of,of,IN,IN
682,Canada_2011,0,27,39,the,the,DT,DT
683,Canada_2011,0,27,40,Parliament,parliament,NNP,NN
684,Canada_2011,0,27,41,of,of,IN,IN
685,Canada_2011,0,27,42,the,the,DT,DT
686,Canada_2011,0,27,43,United,united,NNP,NN
687,Canada_2011,0,27,44,Kingdom,kingdom,NNP,NN
688,Canada_2011,0,27,45,of,of,IN,IN
689,Canada_2011,0,27,46,Great,great,NNP,NN
690,Canada_2011,0,27,47,Britain,britain,NNP,NN
691,Canada_2011,0,27,48,and,and,CC,CC
692,Canada_2011,0,27,49,Ireland,ireland,NNP,NN
693,Canada_2011,0,27,51,or,or,CC,CC
694,Canada_2011,0,27,52,of,of,IN,IN
695,Canada_2011,0,27,53,the,the,DT,DT
696,Canada_2011,0,27,54,Legislature,legislature,NNP,NN
697,Canada_2011,0,27,55,of,of,IN,IN
698,Canada_2011,0,27,56,Upper,upper,NNP,NN
699,Canada_2011,0,27,57,Canada,canada,NNP,NN
700,Canada_2011,0,27,59,Lower,lower,NNP,NN
701,Canada_2011,0,27,60,Canada,canada,NNP,NN
702,Canada_2011,0,27,62,Canada,canada,NNP,NN
703,Canada_2011,0,27,64,Nova,nova,NNP,NN
704,Canada_2011,0,27,65,Scotia,scotia,NNP,NN
705,Canada_2011,0,27,67,or,or,CC,CC
706,Canada_2011,0,27,68,New,new,NNP,NN
707,Canada_2011,0,27,69,Brunswick,brunswick,NNP,NN
708,Canada_2011,0,27,71,are,are,VBP,VB
709,Canada_2011,0,27,72,at,at,IN,IN
710,Canada_2011,0,27,73,the,the,DT,DT
711,Canada_2011,0,27,74,Union,union,NNP,NN
712,Canada_2011,0,27,75,vested,vested,VBD,VB
713,Canada_2011,0,27,76,in,in,IN,IN
714,Canada_2011,0,27,77,or,or,CC,CC
715,Canada_2011,0,27,78,exerciseable,exerciseable,JJ,JJ
716,Canada_2011,0,27,79,by,by,IN,IN
717,Canada_2011,0,27,80,the,the,DT,DT
718,Canada_2011,0,27,81,respective,respective,JJ,JJ
719,Canada_2011,0,27,82,Governors,governors,NNS,NN
720,Canada_2011,0,27,83,or,or,CC,CC
721,Canada_2011,0,27,84,Lieutenant,lieutenant,JJ,JJ
722,Canada_2011,0,27,85,Governors,governors,NNS,NN
723,Canada_2011,0,27,86,of,of,IN,IN
724,Canada_2011,0,27,87,those,those,DT,DT
725,Canada_2011,0,27,88,Provinces,provinces,NNS,NN
726,Canada_2011,0,27,90,with,with,IN,IN
727,Canada_2011,0,27,91,the,the,DT,DT
728,Canada_2011,0,27,92,Advice,advice,NNP,NN
729,Canada_2011,0,27,94,or,or,CC,CC
730,Canada_2011,0,27,95,with,with,IN,IN
731,Canada_2011,0,27,96,the,the,DT,DT
732,Canada_2011,0,27,97,Advice,advice,NNP,NN
733,Canada_2011,0,27,98,and,and,CC,CC
734,Canada_2011,0,27,99,Consent,consent,NNP,NN
735,Canada_2011,0,27,101,of,of,IN,IN
736,Canada_2011,0,27,102,the,the,DT,DT
737,Canada_2011,0,27,103,respective,respective,JJ,JJ
738,Canada_2011,0,27,104,Executive,executive,NNP,NN
739,Canada_2011,0,27,105,Councils,councils,NNP,NN
740,Canada_2011,0,27,106,thereof,thereof,NN,NN
741,Canada_2011,0,27,108,or,or,CC,CC
742,Canada_2011,0,27,109,in,in,IN,IN
743,Canada_2011,0,27,110,conjunction,conjunction,NN,NN
744,Canada_2011,0,27,111,with,with,IN,IN
745,Canada_2011,0,27,112,those,those,DT,DT
746,Canada_2011,0,27,113,Councils,councils,NNP,NN
747,Canada_2011,0,27,115,or,or,CC,CC
748,Canada_2011,0,27,116,with,with,IN,IN
749,Canada_2011,0,27,117,any,any,DT,DT
750,Canada_2011,0,27,118,Number,number,NNP,NN
751,Canada_2011,0,27,119,of,of,IN,IN
752,Canada_2011,0,27,120,Members,members,NNP,NN
753,Canada_2011,0,27,121,thereof,thereof,NN,NN
754,Canada_2011,0,27,123,or,or,CC,CC
755,Canada_2011,0,27,124,by,by,IN,IN
756,Canada_2011,0,27,125,those,those,DT,DT
757,Canada_2011,0,27,126,Governors,governors,NNS,NN
758,Canada_2011,0,27,127,or,or,CC,CC
759,Canada_2011,0,27,128,Lieutenant,lieutenant,JJ,JJ
760,Canada_2011,0,27,129,Governors,governors,NNS,NN
761,Canada_2011,0,27,130,individually,individually,RB,RB
762,Canada_2011,0,27,132,shall,shall,MD,MD
763,Canada_2011,0,27,134,as,as,RB,RB
764,Canada_2011,0,27,135,far,far,RB,RB
765,Canada_2011,0,27,136,as,as,IN,IN
766,Canada_2011,0,27,137,the,the,DT,DT
767,Canada_2011,0,27,138,same,same,JJ,JJ
768,Canada_2011,0,27,139,continue,continue,NN,NN
769,Canada_2011,0,27,140,in,in,IN,IN
770,Canada_2011,0,27,141,existence,existence,NN,NN
771,Canada_2011,0,27,142,and,and,CC,CC
772,Canada_2011,0,27,143,capable,capable,JJ,JJ
773,Canada_2011,0,27,144,of,of,IN,IN
774,Canada_2011,0,27,145,being,being,VBG,VB
775,Canada_2011,0,27,146,exercised,exercised,VBN,VB
776,Canada_2011,0,27,147,after,after,IN,IN
777,Canada_2011,0,27,148,the,the,DT,DT
778,Canada_2011,0,27,149,Union,union,NNP,NN
779,Canada_2011,0,27,150,in,in,IN,IN
780,Canada_2011,0,27,151,relation,relation,NN,NN
781,Canada_2011,0,27,152,to,to,TO,TO
782,Canada_2011,0,27,153,the,the,DT,DT
783,Canada_2011,0,27,154,Government,government,NNP,NN
784,Canada_2011,0,27,155,of,of,IN,IN
785,Canada_2011,0,27,156,Canada,canada,NNP,NN
786,Canada_2011,0,27,158,be,be,VB,VB
787,Canada_2011,0,27,159,vested,vested,VBN,VB
788,Canada_2011,0,27,160,in,in,IN,IN
789,Canada_2011,0,27,161,and,and,CC,CC
790,Canada_2011,0,27,162,exerciseable,exerciseable,JJ,JJ
791,Canada_2011,0,27,163,by,by,IN,IN
792,Canada_2011,0,27,164,the,the,DT,DT
793,Canada_2011,0,27,165,Governor,governor,NNP,NN
794,Canada_2011,0,27,166,General,general,NNP,NN
795,Canada_2011,0,27,168,with,with,IN,IN
796,Canada_2011,0,27,169,the,the,DT,DT
797,Canada_2011,0,27,170,Advice,advice,NNP,NN
798,Canada_2011,0,27,171,or,or,CC,CC
799,Canada_2011,0,27,172,with,with,IN,IN
800,Canada_2011,0,27,173,the,the,DT,DT
801,Canada_2011,0,27,174,Advice,advice,NNP,NN
802,Canada_2011,0,27,175,and,and,CC,CC
803,Canada_2011,0,27,176,Consent,consent,NNP,NN
804,Canada_2011,0,27,177,of,of,IN,IN
805,Canada_2011,0,27,178,or,or,CC,CC
806,Canada_2011,0,27,179,in,in,IN,IN
807,Canada_2011,0,27,180,conjunction,conjunction,NN,NN
808,Canada_2011,0,27,181,with,with,IN,IN
809,Canada_2011,0,27,182,the,the,DT,DT
810,Canada_2011,0,27,183,Queen,queen,NNP,NN
811,Canada_2011,0,27,185,s,s,VBD,VB
812,Canada_2011,0,27,186,Privy,privy,NNP,NN
813,Canada_2011,0,27,187,Council,council,NNP,NN
814,Canada_2011,0,27,188,for,for,IN,IN
815,Canada_2011,0,27,189,Canada,canada,NNP,NN
816,Canada_2011,0,27,191,or,or,CC,CC
817,Canada_2011,0,27,192,any,any,DT,DT
818,Canada_2011,0,27,193,Members,members,NNS,NN
819,Canada_2011,0,27,194,thereof,thereof,VBP,VB
820,Canada_2011,0,27,196,or,or,CC,CC
821,Canada_2011,0,27,197,by,by,IN,IN
822,Canada_2011,0,27,198,the,the,DT,DT
823,Canada_2011,0,27,199,Governor,governor,NNP,NN
824,Canada_2011,0,27,200,General,general,NNP,NN
825,Canada_2011,0,27,201,individually,individually,RB,RB
826,Canada_2011,0,27,203,as,as,IN,IN
827,Canada_2011,0,27,204,the,the,DT,DT
828,Canada_2011,0,27,205,Case,case,NNP,NN
829,Canada_2011,0,27,206,requires,requires,VBZ,VB
830,Canada_2011,0,27,208,subject,subject,JJ,JJ
831,Canada_2011,0,27,209,nevertheless,nevertheless,NN,NN
832,Canada_2011,0,27,211,except,except,IN,IN
833,Canada_2011,0,27,212,with,with,IN,IN
834,Canada_2011,0,27,213,respect,respect,NN,NN
835,Canada_2011,0,27,214,to,to,TO,TO
836,Canada_2011,0,27,215,such,such,JJ,JJ
837,Canada_2011,0,27,216,as,as,IN,IN
838,Canada_2011,0,27,217,exist,exist,NN,NN
839,Canada_2011,0,27,218,under,under,IN,IN
840,Canada_2011,0,27,219,Acts,acts,NNS,NN
841,Canada_2011,0,27,220,of,of,IN,IN
842,Canada_2011,0,27,221,the,the,DT,DT
843,Canada_2011,0,27,222,Parliament,parliament,NNP,NN
844,Canada_2011,0,27,223,of,of,IN,IN
845,Canada_2011,0,27,224,Great,great,NNP,NN
846,Canada_2011,0,27,225,Britain,britain,NNP,NN
847,Canada_2011,0,27,226,or,or,CC,CC
848,Canada_2011,0,27,227,of,of,IN,IN
849,Canada_2011,0,27,228,the,the,DT,DT
850,Canada_2011,0,27,229,Parliament,parliament,NNP,NN
851,Canada_2011,0,27,230,of,of,IN,IN
852,Canada_2011,0,27,231,the,the,DT,DT
853,Canada_2011,0,27,232,United,united,NNP,NN
854,Canada_2011,0,27,233,Kingdom,kingdom,NNP,NN
855,Canada_2011,0,27,234,of,of,IN,IN
856,Canada_2011,0,27,235,Great,great,NNP,NN
857,Canada_2011,0,27,236,Britain,britain,NNP,NN
858,Canada_2011,0,27,237,and,and,CC,CC
859,Canada_2011,0,27,238,Ireland,ireland,NNP,NN
860,Canada_2011,0,27,240,to,to,TO,TO
861,Canada_2011,0,27,241,be,be,VB,VB
862,Canada_2011,0,27,242,abolished,abolished,VBN,VB
863,Canada_2011,0,27,243,or,or,CC,CC
864,Canada_2011,0,27,244,altered,altered,VBN,VB
865,Canada_2011,0,27,245,by,by,IN,IN
866,Canada_2011,0,27,246,the,the,DT,DT
867,Canada_2011,0,27,247,Parliament,parliament,NNP,NN
868,Canada_2011,0,27,248,of,of,IN,IN
869,Canada_2011,0,27,249,Canada,canada,NNP,NN
870,Canada_2011,0,28,0,13,13,CD,CD
871,Canada_2011,0,29,0,Application,application,NN,NN
872,Canada_2011,0,29,1,of,of,IN,IN
873,Canada_2011,0,29,2,Provisions,provisions,NNP,NN
874,Canada_2011,0,29,3,referring,referring,VBG,VB
875,Canada_2011,0,29,4,to,to,TO,TO
876,Canada_2011,0,29,5,Governor,governor,NNP,NN
877,Canada_2011,0,29,6,General,general,NNP,NN
878,Canada_2011,0,29,7,in,in,IN,IN
879,Canada_2011,0,29,8,Council,council,NNP,NN
880,Canada_2011,0,29,9,Share,share,NNP,NN
881,Canada_2011,0,29,10,The,the,DT,DT
882,Canada_2011,0,29,11,Provisions,provisions,NNP,NN
883,Canada_2011,0,29,12,of,of,IN,IN
884,Canada_2011,0,29,13,this,this,DT,DT
885,Canada_2011,0,29,14,Act,act,NNP,NN
886,Canada_2011,0,29,15,referring,referring,VBG,VB
887,Canada_2011,0,29,16,to,to,TO,TO
888,Canada_2011,0,29,17,the,the,DT,DT
889,Canada_2011,0,29,18,Governor,governor,NNP,NN
890,Canada_2011,0,29,19,General,general,NNP,NN
891,Canada_2011,0,29,20,in,in,IN,IN
892,Canada_2011,0,29,21,Council,council,NNP,NN
893,Canada_2011,0,29,22,shall,shall,MD,MD
894,Canada_2011,0,29,23,be,be,VB,VB
895,Canada_2011,0,29,24,construed,construed,VBN,VB
896,Canada_2011,0,29,25,as,as,IN,IN
897,Canada_2011,0,29,26,referring,referring,VBG,VB
898,Canada_2011,0,29,27,to,to,TO,TO
899,Canada_2011,0,29,28,the,the,DT,DT
900,Canada_2011,0,29,29,Governor,governor,NNP,NN
901,Canada_2011,0,29,30,General,general,NNP,NN
902,Canada_2011,0,29,31,acting,acting,NN,NN
903,Canada_2011,0,29,32,by,by,IN,IN
904,Canada_2011,0,29,33,and,and,CC,CC
905,Canada_2011,0,29,34,with,with,IN,IN
906,Canada_2011,0,29,35,the,the,DT,DT
907,Canada_2011,0,29,36,Advice,advice,NNP,NN
908,Canada_2011,0,29,37,of,of,IN,IN
909,Canada_2011,0,29,38,the,the,DT,DT
910,Canada_2011,0,29,39,Queen,queen,NNP,NN
911,Canada_2011,0,29,41,s,s,VBD,VB
912,Canada_2011,0,29,42,Privy,privy,NNP,NN
913,Canada_2011,0,29,43,Council,council,NNP,NN
914,Canada_2011,0,29,44,for,for,IN,IN
915,Canada_2011,0,29,45,Canada,canada,NNP,NN
916,Canada_2011,0,30,0,14,14,CD,CD
917,Canada_2011,0,31,0,Power,power,NN,NN
918,Canada_2011,0,31,1,to,to,TO,TO
919,Canada_2011,0,31,2,Her,her,PRP$,PR
920,Canada_2011,0,31,3,Majesty,majesty,NNP,NN
921,Canada_2011,0,31,4,to,to,TO,TO
922,Canada_2011,0,31,5,authorize,authorize,VB,VB
923,Canada_2011,0,31,6,Governor,governor,NNP,NN
924,Canada_2011,0,31,7,General,general,NNP,NN
925,Canada_2011,0,31,8,to,to,TO,TO
926,Canada_2011,0,31,9,appoint,appoint,VB,VB
927,Canada_2011,0,31,10,Deputies,deputies,NNS,NN
928,Canada_2011,0,31,11,Share,share,NNP,NN
929,Canada_2011,0,31,12,It,it,PRP,PR
930,Canada_2011,0,31,13,shall,shall,MD,MD
931,Canada_2011,0,31,14,be,be,VB,VB
932,Canada_2011,0,31,15,lawful,lawful,JJ,JJ
933,Canada_2011,0,31,16,for,for,IN,IN
934,Canada_2011,0,31,17,the,the,DT,DT
935,Canada_2011,0,31,18,Queen,queen,NNP,NN
936,Canada_2011,0,31,20,if,if,IN,IN
937,Canada_2011,0,31,21,Her,her,PRP$,PR
938,Canada_2011,0,31,22,Majesty,majesty,NNP,NN
939,Canada_2011,0,31,23,thinks,thinks,VBZ,VB
940,Canada_2011,0,31,24,fit,fit,NN,NN
941,Canada_2011,0,31,26,to,to,TO,TO
942,Canada_2011,0,31,27,authorize,authorize,VB,VB
943,Canada_2011,0,31,28,the,the,DT,DT
944,Canada_2011,0,31,29,Governor,governor,NNP,NN
945,Canada_2011,0,31,30,General,general,NNP,NN
946,Canada_2011,0,31,31,from,from,IN,IN
947,Canada_2011,0,31,32,Time,time,NNP,NN
948,Canada_2011,0,31,33,to,to,TO,TO
949,Canada_2011,0,31,34,Time,time,VB,VB
950,Canada_2011,0,31,35,to,to,TO,TO
951,Canada_2011,0,31,36,appoint,appoint,VB,VB
952,Canada_2011,0,31,37,any,any,DT,DT
953,Canada_2011,0,31,38,Person,person,NNP,NN
954,Canada_2011,0,31,39,or,or,CC,CC
955,Canada_2011,0,31,40,any,any,DT,DT
956,Canada_2011,0,31,41,Persons,persons,NNPS,NN
957,Canada_2011,0,31,42,jointly,jointly,RB,RB
958,Canada_2011,0,31,43,or,or,CC,CC
959,Canada_2011,0,31,44,severally,severally,RB,RB
960,Canada_2011,0,31,45,to,to,TO,TO
961,Canada_2011,0,31,46,be,be,VB,VB
962,Canada_2011,0,31,47,his,his,PRP$,PR
963,Canada_2011,0,31,48,Deputy,deputy,NN,NN
964,Canada_2011,0,31,49,or,or,CC,CC
965,Canada_2011,0,31,50,Deputies,deputies,NNS,NN
966,Canada_2011,0,31,51,within,within,IN,IN
967,Canada_2011,0,31,52,any,any,DT,DT
968,Canada_2011,0,31,53,Part,part,NNP,NN
969,Canada_2011,0,31,54,or,or,CC,CC
970,Canada_2011,0,31,55,Parts,parts,NNP,NN
971,Canada_2011,0,31,56,of,of,IN,IN
972,Canada_2011,0,31,57,Canada,canada,NNP,NN
973,Canada_2011,0,31,59,and,and,CC,CC
974,Canada_2011,0,31,60,in,in,IN,IN
975,Canada_2011,0,31,61,that,that,DT,DT
976,Canada_2011,0,31,62,Capacity,capacity,NNP,NN
977,Canada_2011,0,31,63,to,to,TO,TO
978,Canada_2011,0,31,64,exercise,exercise,VB,VB
979,Canada_2011,0,31,65,during,during,IN,IN
980,Canada_2011,0,31,66,the,the,DT,DT
981,Canada_2011,0,31,67,Pleasure,pleasure,NNP,NN
982,Canada_2011,0,31,68,of,of,IN,IN
983,Canada_2011,0,31,69,the,the,DT,DT
984,Canada_2011,0,31,70,Governor,governor,NNP,NN
985,Canada_2011,0,31,71,General,general,NNP,NN
986,Canada_2011,0,31,72,such,such,JJ,JJ
987,Canada_2011,0,31,73,of,of,IN,IN
988,Canada_2011,0,31,74,the,the,DT,DT
989,Canada_2011,0,31,75,Powers,powers,NNP,NN
990,Canada_2011,0,31,77,Authorities,authorities,NNP,NN
991,Canada_2011,0,31,79,and,and,CC,CC
992,Canada_2011,0,31,80,Functions,functions,NNS,NN
993,Canada_2011,0,31,81,of,of,IN,IN
994,Canada_2011,0,31,82,the,the,DT,DT
995,Canada_2011,0,31,83,Governor,governor,NNP,NN
996,Canada_2011,0,31,84,General,general,NNP,NN
997,Canada_2011,0,31,85,as,as,IN,IN
998,Canada_2011,0,31,86,the,the,DT,DT
999,Canada_2011,0,31,87,Governor,governor,NNP,NN
1000,Canada_2011,0,31,88,General,general,NNP,NN
1001,Canada_2011,0,31,89,deems,deems,VBZ,VB
1002,Canada_2011,0,31,90,it,it,PRP,PR
1003,Canada_2011,0,31,91,necessary,necessary,JJ,JJ
1004,Canada_2011,0,31,92,or,or,CC,CC
1005,Canada_2011,0,31,93,expedient,expedient,JJ,JJ
1006,Canada_2011,0,31,94,to,to,TO,TO
1007,Canada_2011,0,31,95,assign,assign,VB,VB
1008,Canada_2011,0,31,96,to,to,TO,TO
1009,Canada_2011,0,31,97,him,him,PRP,PR
1010,Canada_2011,0,31,98,or,or,CC,CC
1011,Canada_2011,0,31,99,them,them,PRP,PR
1012,Canada_2011,0,31,101,subject,subject,JJ,JJ
1013,Canada_2011,0,31,102,to,to,TO,TO
1014,Canada_2011,0,31,103,any,any,DT,DT
1015,Canada_2011,0,31,104,Limitations,limitations,NNP,NN
1016,Canada_2011,0,31,105,or,or,CC,CC
1017,Canada_2011,0,31,106,Directions,directions,NNPS,NN
1018,Canada_2011,0,31,107,expressed,expressed,VBD,VB
1019,Canada_2011,0,31,108,or,or,CC,CC
1020,Canada_2011,0,31,109,given,given,VBN,VB
1021,Canada_2011,0,31,110,by,by,IN,IN
1022,Canada_2011,0,31,111,the,the,DT,DT
1023,Canada_2011,0,31,112,Queen,queen,NNP,NN
1024,Canada_2011,0,31,114,but,but,CC,CC
1025,Canada_2011,0,31,115,the,the,DT,DT
1026,Canada_2011,0,31,116,Appointment,appointment,NNP,NN
1027,Canada_2011,0,31,117,of,of,IN,IN
1028,Canada_2011,0,31,118,such,such,JJ,JJ
1029,Canada_2011,0,31,119,a,a,DT,DT
1030,Canada_2011,0,31,120,Deputy,deputy,NN,NN
1031,Canada_2011,0,31,121,or,or,CC,CC
1032,Canada_2011,0,31,122,Deputies,deputies,NNS,NN
1033,Canada_2011,0,31,123,shall,shall,MD,MD
1034,Canada_2011,0,31,124,not,not,RB,RB
1035,Canada_2011,0,31,125,affect,affect,VB,VB
1036,Canada_2011,0,31,126,the,the,DT,DT
1037,Canada_2011,0,31,127,Exercise,exercise,NN,NN
1038,Canada_2011,0,31,128,by,by,IN,IN
1039,Canada_2011,0,31,129,the,the,DT,DT
1040,Canada_2011,0,31,130,Governor,governor,NNP,NN
1041,Canada_2011,0,31,131,General,general,NNP,NN
1042,Canada_2011,0,31,132,himself,himself,PRP,PR
1043,Canada_2011,0,31,133,of,of,IN,IN
1044,Canada_2011,0,31,134,any,any,DT,DT
1045,Canada_2011,0,31,135,Power,power,NNP,NN
1046,Canada_2011,0,31,137,Authority,authority,NNP,NN
1047,Canada_2011,0,31,139,or,or,CC,CC
1048,Canada_2011,0,31,140,Function,function,NNP,NN
1049,Canada_2011,0,32,0,15,15,CD,CD
1050,Canada_2011,0,33,0,Command,command,NNP,NN
1051,Canada_2011,0,33,1,of,of,IN,IN
1052,Canada_2011,0,33,2,Armed,armed,NNP,NN
1053,Canada_2011,0,33,3,Forces,forces,NNS,NN
1054,Canada_2011,0,33,4,to,to,TO,TO
1055,Canada_2011,0,33,5,continue,continue,VB,VB
1056,Canada_2011,0,33,6,to,to,TO,TO
1057,Canada_2011,0,33,7,be,be,VB,VB
1058,Canada_2011,0,33,8,vested,vested,VBN,VB
1059,Canada_2011,0,33,9,in,in,IN,IN
1060,Canada_2011,0,33,10,the,the,DT,DT
1061,Canada_2011,0,33,11,Queen,queen,NNP,NN
1062,Canada_2011,0,33,12,Share,share,NNP,NN
1063,Canada_2011,0,33,13,The,the,DT,DT
1064,Canada_2011,0,33,14,Command-in-Chief,commandinchief,NNP,NN
1065,Canada_2011,0,33,15,of,of,IN,IN
1066,Canada_2011,0,33,16,the,the,DT,DT
1067,Canada_2011,0,33,17,Land,land,NNP,NN
1068,Canada_2011,0,33,18,and,and,CC,CC
1069,Canada_2011,0,33,19,Naval,naval,NNP,NN
1070,Canada_2011,0,33,20,Militia,militia,NNP,NN
1071,Canada_2011,0,33,22,and,and,CC,CC
1072,Canada_2011,0,33,23,of,of,IN,IN
1073,Canada_2011,0,33,24,all,all,DT,DT
1074,Canada_2011,0,33,25,Naval,naval,NNP,NN
1075,Canada_2011,0,33,26,and,and,CC,CC
1076,Canada_2011,0,33,27,Military,military,NNP,NN
1077,Canada_2011,0,33,28,Forces,forces,NNP,NN
1078,Canada_2011,0,33,30,of,of,IN,IN
1079,Canada_2011,0,33,31,and,and,CC,CC
1080,Canada_2011,0,33,32,in,in,IN,IN
1081,Canada_2011,0,33,33,Canada,canada,NNP,NN
1082,Canada_2011,0,33,35,is,is,VBZ,VB
1083,Canada_2011,0,33,36,hereby,hereby,RB,RB
1084,Canada_2011,0,33,37,declared,declared,VBN,VB
1085,Canada_2011,0,33,38,to,to,TO,TO
1086,Canada_2011,0,33,39,continue,continue,VB,VB
1087,Canada_2011,0,33,40,and,and,CC,CC
1088,Canada_2011,0,33,41,be,be,VB,VB
1089,Canada_2011,0,33,42,vested,vested,VBN,VB
1090,Canada_2011,0,33,43,in,in,IN,IN
1091,Canada_2011,0,33,44,the,the,DT,DT
1092,Canada_2011,0,33,45,Queen,queen,NNP,NN
1093,Canada_2011,0,34,0,16,16,CD,CD
1094,Canada_2011,0,35,0,Seat,seat,NN,NN
1095,Canada_2011,0,35,1,of,of,IN,IN
1096,Canada_2011,0,35,2,Government,government,NNP,NN
1097,Canada_2011,0,35,3,of,of,IN,IN
1098,Canada_2011,0,35,4,Canada,canada,NNP,NN
1099,Canada_2011,0,35,5,Share,share,NNP,NN
1100,Canada_2011,0,35,6,Until,until,IN,IN
1101,Canada_2011,0,35,7,the,the,DT,DT
1102,Canada_2011,0,35,8,Queen,queen,NNP,NN
1103,Canada_2011,0,35,9,otherwise,otherwise,NN,NN
1104,Canada_2011,0,35,10,directs,directs,NNS,NN
1105,Canada_2011,0,35,12,the,the,DT,DT
1106,Canada_2011,0,35,13,Seat,seat,NNP,NN
1107,Canada_2011,0,35,14,of,of,IN,IN
1108,Canada_2011,0,35,15,Government,government,NNP,NN
1109,Canada_2011,0,35,16,of,of,IN,IN
1110,Canada_2011,0,35,17,Canada,canada,NNP,NN
1111,Canada_2011,0,35,18,shall,shall,MD,MD
1112,Canada_2011,0,35,19,be,be,VB,VB
1113,Canada_2011,0,35,20,Ottawa,ottawa,NNP,NN
1114,Canada_2011,0,36,0,IV,iv,NNP,NN
1115,Canada_2011,0,37,0,LEGISLATIVE,legislative,NNP,NN
1116,Canada_2011,0,37,1,POWER,power,NNP,NN
1117,Canada_2011,0,37,2,17,17,CD,CD
1118,Canada_2011,0,38,0,Constitution,constitution,NN,NN
1119,Canada_2011,0,38,1,of,of,IN,IN
1120,Canada_2011,0,38,2,Parliament,parliament,NNP,NN
1121,Canada_2011,0,38,3,of,of,IN,IN
1122,Canada_2011,0,38,4,Canada,canada,NNP,NN
1123,Canada_2011,0,38,5,Share,share,NNP,NN
1124,Canada_2011,0,38,6,There,there,EX,EX
1125,Canada_2011,0,38,7,shall,shall,MD,MD
1126,Canada_2011,0,38,8,be,be,VB,VB
1127,Canada_2011,0,38,9,One,one,CD,CD
1128,Canada_2011,0,38,10,Parliament,parliament,NNP,NN
1129,Canada_2011,0,38,11,for,for,IN,IN
1130,Canada_2011,0,38,12,Canada,canada,NNP,NN
1131,Canada_2011,0,38,14,consisting,consisting,VBG,VB
1132,Canada_2011,0,38,15,of,of,IN,IN
1133,Canada_2011,0,38,16,the,the,DT,DT
1134,Canada_2011,0,38,17,Queen,queen,NNP,NN
1135,Canada_2011,0,38,19,an,an,DT,DT
1136,Canada_2011,0,38,20,Upper,upper,NNP,NN
1137,Canada_2011,0,38,21,House,house,NNP,NN
1138,Canada_2011,0,38,22,styled,styled,VBD,VB
1139,Canada_2011,0,38,23,the,the,DT,DT
1140,Canada_2011,0,38,24,Senate,senate,NNP,NN
1141,Canada_2011,0,38,26,and,and,CC,CC
1142,Canada_2011,0,38,27,the,the,DT,DT
1143,Canada_2011,0,38,28,House,house,NNP,NN
1144,Canada_2011,0,38,29,of,of,IN,IN
1145,Canada_2011,0,38,30,Commons,commons,NNPS,NN
1146,Canada_2011,0,39,0,18,18,CD,CD
1147,Canada_2011,0,40,0,Privileges,privileges,NNS,NN
1148,Canada_2011,0,40,2,etc.,etc,FW,FW
1149,Canada_2011,0,40,4,of,of,IN,IN
1150,Canada_2011,0,40,5,Houses,houses,NNP,NN
1151,Canada_2011,0,40,6,Share,share,NNP,NN
1152,Canada_2011,0,40,7,The,the,DT,DT
1153,Canada_2011,0,40,8,privileges,privileges,NNS,NN
1154,Canada_2011,0,40,10,immunities,immunities,NNS,NN
1155,Canada_2011,0,40,12,and,and,CC,CC
1156,Canada_2011,0,40,13,powers,powers,NNS,NN
1157,Canada_2011,0,40,14,to,to,TO,TO
1158,Canada_2011,0,40,15,be,be,VB,VB
1159,Canada_2011,0,40,16,held,held,VBN,VB
1160,Canada_2011,0,40,18,enjoyed,enjoyed,VBN,VB
1161,Canada_2011,0,40,20,and,and,CC,CC
1162,Canada_2011,0,40,21,exercised,exercised,VBN,VB
1163,Canada_2011,0,40,22,by,by,IN,IN
1164,Canada_2011,0,40,23,the,the,DT,DT
1165,Canada_2011,0,40,24,Senate,senate,NNP,NN
1166,Canada_2011,0,40,25,and,and,CC,CC
1167,Canada_2011,0,40,26,by,by,IN,IN
1168,Canada_2011,0,40,27,the,the,DT,DT
1169,Canada_2011,0,40,28,House,house,NNP,NN
1170,Canada_2011,0,40,29,of,of,IN,IN
1171,Canada_2011,0,40,30,Commons,commons,NNPS,NN
1172,Canada_2011,0,40,32,and,and,CC,CC
1173,Canada_2011,0,40,33,by,by,IN,IN
1174,Canada_2011,0,40,34,the,the,DT,DT
1175,Canada_2011,0,40,35,members,members,NNS,NN
1176,Canada_2011,0,40,36,thereof,thereof,VBP,VB
1177,Canada_2011,0,40,37,respectively,respectively,RB,RB
1178,Canada_2011,0,40,39,shall,shall,MD,MD
1179,Canada_2011,0,40,40,be,be,VB,VB
1180,Canada_2011,0,40,41,such,such,JJ,JJ
1181,Canada_2011,0,40,42,as,as,IN,IN
1182,Canada_2011,0,40,43,are,are,VBP,VB
1183,Canada_2011,0,40,44,from,from,IN,IN
1184,Canada_2011,0,40,45,time,time,NN,NN
1185,Canada_2011,0,40,46,to,to,TO,TO
1186,Canada_2011,0,40,47,time,time,NN,NN
1187,Canada_2011,0,40,48,defined,defined,VBN,VB
1188,Canada_2011,0,40,49,by,by,IN,IN
1189,Canada_2011,0,40,50,Act,act,NNP,NN
1190,Canada_2011,0,40,51,of,of,IN,IN
1191,Canada_2011,0,40,52,the,the,DT,DT
1192,Canada_2011,0,40,53,Parliament,parliament,NNP,NN
1193,Canada_2011,0,40,54,of,of,IN,IN
1194,Canada_2011,0,40,55,Canada,canada,NNP,NN
1195,Canada_2011,0,40,57,but,but,CC,CC
1196,Canada_2011,0,40,58,so,so,RB,RB
1197,Canada_2011,0,40,59,that,that,IN,IN
1198,Canada_2011,0,40,60,any,any,DT,DT
1199,Canada_2011,0,40,61,Act,act,NNP,NN
1200,Canada_2011,0,40,62,of,of,IN,IN
1201,Canada_2011,0,40,63,the,the,DT,DT
1202,Canada_2011,0,40,64,Parliament,parliament,NNP,NN
1203,Canada_2011,0,40,65,of,of,IN,IN
1204,Canada_2011,0,40,66,Canada,canada,NNP,NN
1205,Canada_2011,0,40,67,defining,defining,VBG,VB
1206,Canada_2011,0,40,68,such,such,JJ,JJ
1207,Canada_2011,0,40,69,privileges,privileges,NNS,NN
1208,Canada_2011,0,40,71,immunities,immunities,NNS,NN
1209,Canada_2011,0,40,73,and,and,CC,CC
1210,Canada_2011,0,40,74,powers,powers,NNS,NN
1211,Canada_2011,0,40,75,shall,shall,MD,MD
1212,Canada_2011,0,40,76,not,not,RB,RB
1213,Canada_2011,0,40,77,confer,confer,VB,VB
1214,Canada_2011,0,40,78,any,any,DT,DT
1215,Canada_2011,0,40,79,privileges,privileges,NNS,NN
1216,Canada_2011,0,40,81,immunities,immunities,NNS,NN
1217,Canada_2011,0,40,83,or,or,CC,CC
1218,Canada_2011,0,40,84,powers,powers,NNS,NN
1219,Canada_2011,0,40,85,exceeding,exceeding,VBG,VB
1220,Canada_2011,0,40,86,those,those,DT,DT
1221,Canada_2011,0,40,87,at,at,IN,IN
1222,Canada_2011,0,40,88,the,the,DT,DT
1223,Canada_2011,0,40,89,passing,passing,NN,NN
1224,Canada_2011,0,40,90,of,of,IN,IN
1225,Canada_2011,0,40,91,such,such,JJ,JJ
1226,Canada_2011,0,40,92,Act,act,NNP,NN
1227,Canada_2011,0,40,93,held,held,VBD,VB
1228,Canada_2011,0,40,95,enjoyed,enjoyed,VBN,VB
1229,Canada_2011,0,40,97,and,and,CC,CC
1230,Canada_2011,0,40,98,exercised,exercised,VBN,VB
1231,Canada_2011,0,40,99,by,by,IN,IN
1232,Canada_2011,0,40,100,the,the,DT,DT
1233,Canada_2011,0,40,101,Commons,commons,NNP,NN
1234,Canada_2011,0,40,102,House,house,NNP,NN
1235,Canada_2011,0,40,103,of,of,IN,IN
1236,Canada_2011,0,40,104,Parliament,parliament,NNP,NN
1237,Canada_2011,0,40,105,of,of,IN,IN
1238,Canada_2011,0,40,106,the,the,DT,DT
1239,Canada_2011,0,40,107,United,united,NNP,NN
1240,Canada_2011,0,40,108,Kingdom,kingdom,NNP,NN
1241,Canada_2011,0,40,109,of,of,IN,IN
1242,Canada_2011,0,40,110,Great,great,NNP,NN
1243,Canada_2011,0,40,111,Britain,britain,NNP,NN
1244,Canada_2011,0,40,112,and,and,CC,CC
1245,Canada_2011,0,40,113,Ireland,ireland,NNP,NN
1246,Canada_2011,0,40,115,and,and,CC,CC
1247,Canada_2011,0,40,116,by,by,IN,IN
1248,Canada_2011,0,40,117,the,the,DT,DT
1249,Canada_2011,0,40,118,members,members,NNS,NN
1250,Canada_2011,0,40,119,thereof,thereof,VBP,VB
1251,Canada_2011,0,41,0,19,19,CD,CD
1252,Canada_2011,0,42,0,First,first,NNP,NN
1253,Canada_2011,0,42,1,Session,session,NNP,NN
1254,Canada_2011,0,42,2,of,of,IN,IN
1255,Canada_2011,0,42,3,the,the,DT,DT
1256,Canada_2011,0,42,4,Parliament,parliament,NNP,NN
1257,Canada_2011,0,42,5,of,of,IN,IN
1258,Canada_2011,0,42,6,Canada,canada,NNP,NN
1259,Canada_2011,0,42,7,Share,share,NNP,NN
1260,Canada_2011,0,42,8,The,the,DT,DT
1261,Canada_2011,0,42,9,Parliament,parliament,NNP,NN
1262,Canada_2011,0,42,10,of,of,IN,IN
1263,Canada_2011,0,42,11,Canada,canada,NNP,NN
1264,Canada_2011,0,42,12,shall,shall,MD,MD
1265,Canada_2011,0,42,13,be,be,VB,VB
1266,Canada_2011,0,42,14,called,called,VBN,VB
1267,Canada_2011,0,42,15,together,together,RB,RB
1268,Canada_2011,0,42,16,not,not,RB,RB
1269,Canada_2011,0,42,17,later,later,RB,RB
1270,Canada_2011,0,42,18,than,than,IN,IN
1271,Canada_2011,0,42,19,Six,six,NNP,NN
1272,Canada_2011,0,42,20,Months,months,NNP,NN
1273,Canada_2011,0,42,21,after,after,IN,IN
1274,Canada_2011,0,42,22,the,the,DT,DT
1275,Canada_2011,0,42,23,Union,union,NNP,NN
1276,Canada_2011,0,43,0,20,20,CD,CD
1277,Canada_2011,0,44,0,Repealed,repealed,VBN,VB
1278,Canada_2011,0,44,1,Part,part,NNP,NN
1279,Canada_2011,0,44,2,1,1,CD,CD
1280,Canada_2011,0,45,0,THE,the,DT,DT
1281,Canada_2011,0,45,1,SENATE,senate,NNP,NN
1282,Canada_2011,0,45,2,21,21,CD,CD
1283,Canada_2011,0,46,0,Number,number,NNP,NN
1284,Canada_2011,0,46,1,of,of,IN,IN
1285,Canada_2011,0,46,2,Senators,senators,NNP,NN
1286,Canada_2011,0,46,3,Share,share,NNP,NN
1287,Canada_2011,0,46,4,The,the,DT,DT
1288,Canada_2011,0,46,5,Senate,senate,NNP,NN
1289,Canada_2011,0,46,6,shall,shall,MD,MD
1290,Canada_2011,0,46,8,subject,subject,JJ,JJ
1291,Canada_2011,0,46,9,to,to,TO,TO
1292,Canada_2011,0,46,10,the,the,DT,DT
1293,Canada_2011,0,46,11,Provisions,provisions,NNPS,NN
1294,Canada_2011,0,46,12,of,of,IN,IN
1295,Canada_2011,0,46,13,this,this,DT,DT
1296,Canada_2011,0,46,14,Act,act,NNP,NN
1297,Canada_2011,0,46,16,consist,consist,NN,NN
1298,Canada_2011,0,46,17,of,of,IN,IN
1299,Canada_2011,0,46,18,One,one,CD,CD
1300,Canada_2011,0,46,19,Hundred,hundred,NNP,NN
1301,Canada_2011,0,46,20,and,and,CC,CC
1302,Canada_2011,0,46,21,five,five,CD,CD
1303,Canada_2011,0,46,22,Members,members,NNS,NN
1304,Canada_2011,0,46,24,who,who,WP,WP
1305,Canada_2011,0,46,25,shall,shall,MD,MD
1306,Canada_2011,0,46,26,be,be,VB,VB
1307,Canada_2011,0,46,27,styled,styled,VBN,VB
1308,Canada_2011,0,46,28,Senators,senators,NNPS,NN
1309,Canada_2011,0,47,0,22,22,CD,CD
1310,Canada_2011,0,48,0,Representation,representation,NN,NN
1311,Canada_2011,0,48,1,of,of,IN,IN
1312,Canada_2011,0,48,2,Provinces,provinces,NNS,NN
1313,Canada_2011,0,48,3,in,in,IN,IN
1314,Canada_2011,0,48,4,Senate,senate,NNP,NN
1315,Canada_2011,0,48,5,Share,share,NNP,NN
1316,Canada_2011,0,48,6,In,in,IN,IN
1317,Canada_2011,0,48,7,relation,relation,NN,NN
1318,Canada_2011,0,48,8,to,to,TO,TO
1319,Canada_2011,0,48,9,the,the,DT,DT
1320,Canada_2011,0,48,10,Constitution,constitution,NNP,NN
1321,Canada_2011,0,48,11,of,of,IN,IN
1322,Canada_2011,0,48,12,the,the,DT,DT
1323,Canada_2011,0,48,13,Senate,senate,NNP,NN
1324,Canada_2011,0,48,14,Canada,canada,NNP,NN
1325,Canada_2011,0,48,15,shall,shall,MD,MD
1326,Canada_2011,0,48,16,be,be,VB,VB
1327,Canada_2011,0,48,17,deemed,deemed,VBN,VB
1328,Canada_2011,0,48,18,to,to,TO,TO
1329,Canada_2011,0,48,19,consist,consist,VB,VB
1330,Canada_2011,0,48,20,of,of,IN,IN
1331,Canada_2011,0,48,21,Four,four,CD,CD
1332,Canada_2011,0,48,22,Divisions,divisions,NNS,NN
1333,Canada_2011,0,48,24,1.Ontario,1ontario,CD,CD
1334,Canada_2011,0,48,26,2.Quebec,2quebec,CD,CD
1335,Canada_2011,0,48,28,3.The,3the,CD,CD
1336,Canada_2011,0,48,29,Maritime,maritime,NNP,NN
1337,Canada_2011,0,48,30,Provinces,provinces,NNPS,NN
1338,Canada_2011,0,48,32,Nova,nova,NNP,NN
1339,Canada_2011,0,48,33,Scotia,scotia,NNP,NN
1340,Canada_2011,0,48,34,and,and,CC,CC
1341,Canada_2011,0,48,35,New,new,NNP,NN
1342,Canada_2011,0,48,36,Brunswick,brunswick,NNP,NN
1343,Canada_2011,0,48,38,and,and,CC,CC
1344,Canada_2011,0,48,39,Prince,prince,NNP,NN
1345,Canada_2011,0,48,40,Edward,edward,NNP,NN
1346,Canada_2011,0,48,41,Island,island,NNP,NN
1347,Canada_2011,0,48,43,4.The,4the,CD,CD
1348,Canada_2011,0,48,44,Western,western,JJ,JJ
1349,Canada_2011,0,48,45,Provinces,provinces,NNS,NN
1350,Canada_2011,0,48,46,of,of,IN,IN
1351,Canada_2011,0,48,47,Manitoba,manitoba,NNP,NN
1352,Canada_2011,0,48,49,British,british,NNP,NN
1353,Canada_2011,0,48,50,Columbia,columbia,NNP,NN
1354,Canada_2011,0,48,52,Saskatchewan,saskatchewan,NNP,NN
1355,Canada_2011,0,48,54,and,and,CC,CC
1356,Canada_2011,0,48,55,Alberta,alberta,NNP,NN
1357,Canada_2011,0,48,57,which,which,WDT,WD
1358,Canada_2011,0,48,58,Four,four,VBP,VB
1359,Canada_2011,0,48,59,Divisions,divisions,NNS,NN
1360,Canada_2011,0,48,60,shall,shall,MD,MD
1361,Canada_2011,0,48,62,subject,subject,VB,VB
1362,Canada_2011,0,48,63,to,to,TO,TO
1363,Canada_2011,0,48,64,the,the,DT,DT
1364,Canada_2011,0,48,65,Provisions,provisions,NNPS,NN
1365,Canada_2011,0,48,66,of,of,IN,IN
1366,Canada_2011,0,48,67,this,this,DT,DT
1367,Canada_2011,0,48,68,Act,act,NNP,NN
1368,Canada_2011,0,48,70,be,be,VB,VB
1369,Canada_2011,0,48,71,equally,equally,RB,RB
1370,Canada_2011,0,48,72,represented,represented,VBN,VB
1371,Canada_2011,0,48,73,in,in,IN,IN
1372,Canada_2011,0,48,74,the,the,DT,DT
1373,Canada_2011,0,48,75,Senate,senate,NNP,NN
1374,Canada_2011,0,48,76,as,as,IN,IN
1375,Canada_2011,0,48,77,follows,follows,VBZ,VB
1376,Canada_2011,0,48,79,Ontario,ontario,NN,NN
1377,Canada_2011,0,48,80,by,by,IN,IN
1378,Canada_2011,0,48,81,twenty-four,twentyfour,JJ,JJ
1379,Canada_2011,0,48,82,senators,senators,NNS,NN
1380,Canada_2011,0,48,84,Quebec,quebec,NNP,NN
1381,Canada_2011,0,48,85,by,by,IN,IN
1382,Canada_2011,0,48,86,twenty-,twenty,JJ,JJ
1383,Canada_2011,0,48,87,four,four,CD,CD
1384,Canada_2011,0,48,88,senators,senators,NNS,NN
1385,Canada_2011,0,48,90,the,the,DT,DT
1386,Canada_2011,0,48,91,Maritime,maritime,NNP,NN
1387,Canada_2011,0,48,92,Provinces,provinces,NNPS,NN
1388,Canada_2011,0,48,93,and,and,CC,CC
1389,Canada_2011,0,48,94,Prince,prince,NNP,NN
1390,Canada_2011,0,48,95,Edward,edward,NNP,NN
1391,Canada_2011,0,48,96,Island,island,NNP,NN
1392,Canada_2011,0,48,97,by,by,IN,IN
1393,Canada_2011,0,48,98,twenty-four,twentyfour,JJ,JJ
1394,Canada_2011,0,48,99,senators,senators,NNS,NN
1395,Canada_2011,0,48,101,ten,ten,EX,EX
1396,Canada_2011,0,48,102,thereof,thereof,JJ,JJ
1397,Canada_2011,0,48,103,representing,representing,VBG,VB
1398,Canada_2011,0,48,104,Nova,nova,NNP,NN
1399,Canada_2011,0,48,105,Scotia,scotia,NNP,NN
1400,Canada_2011,0,48,107,ten,ten,JJ,JJ
1401,Canada_2011,0,48,108,thereof,thereof,VBP,VB
1402,Canada_2011,0,48,109,representing,representing,VBG,VB
1403,Canada_2011,0,48,110,New,new,NNP,NN
1404,Canada_2011,0,48,111,Brunswick,brunswick,NNP,NN
1405,Canada_2011,0,48,113,and,and,CC,CC
1406,Canada_2011,0,48,114,four,four,CD,CD
1407,Canada_2011,0,48,115,thereof,thereof,NN,NN
1408,Canada_2011,0,48,116,representing,representing,VBG,VB
1409,Canada_2011,0,48,117,Prince,prince,NNP,NN
1410,Canada_2011,0,48,118,Edward,edward,NNP,NN
1411,Canada_2011,0,48,119,Island,island,NNP,NN
1412,Canada_2011,0,48,121,the,the,DT,DT
1413,Canada_2011,0,48,122,Western,western,JJ,JJ
1414,Canada_2011,0,48,123,Provinces,provinces,NNS,NN
1415,Canada_2011,0,48,124,by,by,IN,IN
1416,Canada_2011,0,48,125,twenty-four,twentyfour,JJ,JJ
1417,Canada_2011,0,48,126,senators,senators,NNS,NN
1418,Canada_2011,0,48,128,six,six,CD,CD
1419,Canada_2011,0,48,129,thereof,thereof,NN,NN
1420,Canada_2011,0,48,130,representing,representing,VBG,VB
1421,Canada_2011,0,48,131,Manitoba,manitoba,NNP,NN
1422,Canada_2011,0,48,133,six,six,CD,CD
1423,Canada_2011,0,48,134,thereof,thereof,NN,NN
1424,Canada_2011,0,48,135,representing,representing,VBG,VB
1425,Canada_2011,0,48,136,British,british,JJ,JJ
1426,Canada_2011,0,48,137,Columbia,columbia,NNP,NN
1427,Canada_2011,0,48,139,six,six,CD,CD
1428,Canada_2011,0,48,140,thereof,thereof,NN,NN
1429,Canada_2011,0,48,141,representing,representing,VBG,VB
1430,Canada_2011,0,48,142,Saskatchewan,saskatchewan,NNP,NN
1431,Canada_2011,0,48,144,and,and,CC,CC
1432,Canada_2011,0,48,145,six,six,CD,CD
1433,Canada_2011,0,48,146,thereof,thereof,NNS,NN
1434,Canada_2011,0,48,147,representing,representing,VBG,VB
1435,Canada_2011,0,48,148,Alberta,alberta,NNP,NN
1436,Canada_2011,0,48,150,Newfoundland,newfoundland,NNP,NN
1437,Canada_2011,0,48,151,shall,shall,MD,MD
1438,Canada_2011,0,48,152,be,be,VB,VB
1439,Canada_2011,0,48,153,entitled,entitled,VBN,VB
1440,Canada_2011,0,48,154,to,to,TO,TO
1441,Canada_2011,0,48,155,be,be,VB,VB
1442,Canada_2011,0,48,156,represented,represented,VBN,VB
1443,Canada_2011,0,48,157,in,in,IN,IN
1444,Canada_2011,0,48,158,the,the,DT,DT
1445,Canada_2011,0,48,159,Senate,senate,NNP,NN
1446,Canada_2011,0,48,160,by,by,IN,IN
1447,Canada_2011,0,48,161,six,six,CD,CD
1448,Canada_2011,0,48,162,members,members,NNS,NN
1449,Canada_2011,0,48,164,the,the,DT,DT
1450,Canada_2011,0,48,165,Yukon,yukon,NNP,NN
1451,Canada_2011,0,48,166,Territory,territory,NNP,NN
1452,Canada_2011,0,48,168,the,the,DT,DT
1453,Canada_2011,0,48,169,Northwest,northwest,NNP,NN
1454,Canada_2011,0,48,170,Territories,territories,NNPS,NN
1455,Canada_2011,0,48,171,and,and,CC,CC
1456,Canada_2011,0,48,172,Nunavut,nunavut,NNP,NN
1457,Canada_2011,0,48,173,shall,shall,MD,MD
1458,Canada_2011,0,48,174,be,be,VB,VB
1459,Canada_2011,0,48,175,entitled,entitled,VBN,VB
1460,Canada_2011,0,48,176,to,to,TO,TO
1461,Canada_2011,0,48,177,be,be,VB,VB
1462,Canada_2011,0,48,178,represented,represented,VBN,VB
1463,Canada_2011,0,48,179,in,in,IN,IN
1464,Canada_2011,0,48,180,the,the,DT,DT
1465,Canada_2011,0,48,181,Senate,senate,NNP,NN
1466,Canada_2011,0,48,182,by,by,IN,IN
1467,Canada_2011,0,48,183,one,one,CD,CD
1468,Canada_2011,0,48,184,member,member,NN,NN
1469,Canada_2011,0,48,185,each,each,DT,DT
1470,Canada_2011,0,49,0,In,in,IN,IN
1471,Canada_2011,0,49,1,the,the,DT,DT
1472,Canada_2011,0,49,2,Case,case,NNP,NN
1473,Canada_2011,0,49,3,of,of,IN,IN
1474,Canada_2011,0,49,4,Quebec,quebec,NNP,NN
1475,Canada_2011,0,49,5,each,each,DT,DT
1476,Canada_2011,0,49,6,of,of,IN,IN
1477,Canada_2011,0,49,7,the,the,DT,DT
1478,Canada_2011,0,49,8,Twenty-four,twentyfour,JJ,JJ
1479,Canada_2011,0,49,9,Senators,senators,NNS,NN
1480,Canada_2011,0,49,10,representing,representing,VBG,VB
1481,Canada_2011,0,49,11,that,that,IN,IN
1482,Canada_2011,0,49,12,Province,province,NNP,NN
1483,Canada_2011,0,49,13,shall,shall,MD,MD
1484,Canada_2011,0,49,14,be,be,VB,VB
1485,Canada_2011,0,49,15,appointed,appointed,VBN,VB
1486,Canada_2011,0,49,16,for,for,IN,IN
1487,Canada_2011,0,49,17,One,one,CD,CD
1488,Canada_2011,0,49,18,of,of,IN,IN
1489,Canada_2011,0,49,19,the,the,DT,DT
1490,Canada_2011,0,49,20,Twenty-four,twentyfour,JJ,JJ
1491,Canada_2011,0,49,21,Electoral,electoral,NNP,NN
1492,Canada_2011,0,49,22,Divisions,divisions,NNP,NN
1493,Canada_2011,0,49,23,of,of,IN,IN
1494,Canada_2011,0,49,24,Lower,lower,NNP,NN
1495,Canada_2011,0,49,25,Canada,canada,NNP,NN
1496,Canada_2011,0,49,26,specified,specified,VBD,VB
1497,Canada_2011,0,49,27,in,in,IN,IN
1498,Canada_2011,0,49,28,Schedule,schedule,NNP,NN
1499,Canada_2011,0,49,29,A.,a,NN,NN
1500,Canada_2011,0,49,30,to,to,TO,TO
1501,Canada_2011,0,49,31,Chapter,chapter,NNP,NN
1502,Canada_2011,0,49,32,One,one,CD,CD
1503,Canada_2011,0,49,33,of,of,IN,IN
1504,Canada_2011,0,49,34,the,the,DT,DT
1505,Canada_2011,0,49,35,Consolidated,consolidated,NNP,NN
1506,Canada_2011,0,49,36,Statutes,statutes,NNP,NN
1507,Canada_2011,0,49,37,of,of,IN,IN
1508,Canada_2011,0,49,38,Canada,canada,NNP,NN
1509,Canada_2011,0,50,0,23,23,CD,CD
1510,Canada_2011,0,51,0,Qualifications,qualifications,NNS,NN
1511,Canada_2011,0,51,1,of,of,IN,IN
1512,Canada_2011,0,51,2,Senator,senator,NNP,NN
1513,Canada_2011,0,51,3,Share,share,NNP,NN
1514,Canada_2011,0,51,4,The,the,DT,DT
1515,Canada_2011,0,51,5,Qualifications,qualifications,NNP,NN
1516,Canada_2011,0,51,6,of,of,IN,IN
1517,Canada_2011,0,51,7,a,a,DT,DT
1518,Canada_2011,0,51,8,Senator,senator,NNP,NN
1519,Canada_2011,0,51,9,shall,shall,MD,MD
1520,Canada_2011,0,51,10,be,be,VB,VB
1521,Canada_2011,0,51,11,as,as,IN,IN
1522,Canada_2011,0,51,12,follows,follows,VBZ,VB
1523,Canada_2011,0,51,14,1.He,1he,CD,CD
1524,Canada_2011,0,51,15,shall,shall,MD,MD
1525,Canada_2011,0,51,16,be,be,VB,VB
1526,Canada_2011,0,51,17,of,of,IN,IN
1527,Canada_2011,0,51,18,the,the,DT,DT
1528,Canada_2011,0,51,19,full,full,JJ,JJ
1529,Canada_2011,0,51,20,age,age,NN,NN
1530,Canada_2011,0,51,21,of,of,IN,IN
1531,Canada_2011,0,51,22,Thirty,thirty,NNP,NN
1532,Canada_2011,0,51,23,Years,years,NNP,NN
1533,Canada_2011,0,51,25,2.He,2he,CD,CD
1534,Canada_2011,0,51,26,shall,shall,MD,MD
1535,Canada_2011,0,51,27,be,be,VB,VB
1536,Canada_2011,0,51,28,either,either,CC,CC
1537,Canada_2011,0,51,29,a,a,DT,DT
1538,Canada_2011,0,51,30,natural-born,naturalborn,JJ,JJ
1539,Canada_2011,0,51,31,Subject,subject,NN,NN
1540,Canada_2011,0,51,32,of,of,IN,IN
1541,Canada_2011,0,51,33,the,the,DT,DT
1542,Canada_2011,0,51,34,Queen,queen,NNP,NN
1543,Canada_2011,0,51,36,or,or,CC,CC
1544,Canada_2011,0,51,37,a,a,DT,DT
1545,Canada_2011,0,51,38,Subject,subject,NN,NN
1546,Canada_2011,0,51,39,of,of,IN,IN
1547,Canada_2011,0,51,40,the,the,DT,DT
1548,Canada_2011,0,51,41,Queen,queen,NNP,NN
1549,Canada_2011,0,51,42,naturalized,naturalized,VBN,VB
1550,Canada_2011,0,51,43,by,by,IN,IN
1551,Canada_2011,0,51,44,an,an,DT,DT
1552,Canada_2011,0,51,45,Act,act,NNP,NN
1553,Canada_2011,0,51,46,of,of,IN,IN
1554,Canada_2011,0,51,47,the,the,DT,DT
1555,Canada_2011,0,51,48,Parliament,parliament,NNP,NN
1556,Canada_2011,0,51,49,of,of,IN,IN
1557,Canada_2011,0,51,50,Great,great,NNP,NN
1558,Canada_2011,0,51,51,Britain,britain,NNP,NN
1559,Canada_2011,0,51,53,or,or,CC,CC
1560,Canada_2011,0,51,54,of,of,IN,IN
1561,Canada_2011,0,51,55,the,the,DT,DT
1562,Canada_2011,0,51,56,Parliament,parliament,NNP,NN
1563,Canada_2011,0,51,57,of,of,IN,IN
1564,Canada_2011,0,51,58,the,the,DT,DT
1565,Canada_2011,0,51,59,United,united,NNP,NN
1566,Canada_2011,0,51,60,Kingdom,kingdom,NNP,NN
1567,Canada_2011,0,51,61,of,of,IN,IN
1568,Canada_2011,0,51,62,Great,great,NNP,NN
1569,Canada_2011,0,51,63,Britain,britain,NNP,NN
1570,Canada_2011,0,51,64,and,and,CC,CC
1571,Canada_2011,0,51,65,Ireland,ireland,NNP,NN
1572,Canada_2011,0,51,67,or,or,CC,CC
1573,Canada_2011,0,51,68,of,of,IN,IN
1574,Canada_2011,0,51,69,the,the,DT,DT
1575,Canada_2011,0,51,70,Legislature,legislature,NNP,NN
1576,Canada_2011,0,51,71,of,of,IN,IN
1577,Canada_2011,0,51,72,One,one,CD,CD
1578,Canada_2011,0,51,73,of,of,IN,IN
1579,Canada_2011,0,51,74,the,the,DT,DT
1580,Canada_2011,0,51,75,Provinces,provinces,NNS,NN
1581,Canada_2011,0,51,76,of,of,IN,IN
1582,Canada_2011,0,51,77,Upper,upper,NNP,NN
1583,Canada_2011,0,51,78,Canada,canada,NNP,NN
1584,Canada_2011,0,51,80,Lower,lower,NNP,NN
1585,Canada_2011,0,51,81,Canada,canada,NNP,NN
1586,Canada_2011,0,51,83,Canada,canada,NNP,NN
1587,Canada_2011,0,51,85,Nova,nova,NNP,NN
1588,Canada_2011,0,51,86,Scotia,scotia,NNP,NN
1589,Canada_2011,0,51,88,or,or,CC,CC
1590,Canada_2011,0,51,89,New,new,NNP,NN
1591,Canada_2011,0,51,90,Brunswick,brunswick,NNP,NN
1592,Canada_2011,0,51,92,before,before,IN,IN
1593,Canada_2011,0,51,93,the,the,DT,DT
1594,Canada_2011,0,51,94,Union,union,NNP,NN
1595,Canada_2011,0,51,96,or,or,CC,CC
1596,Canada_2011,0,51,97,of,of,IN,IN
1597,Canada_2011,0,51,98,the,the,DT,DT
1598,Canada_2011,0,51,99,Parliament,parliament,NNP,NN
1599,Canada_2011,0,51,100,of,of,IN,IN
1600,Canada_2011,0,51,101,Canada,canada,NNP,NN
1601,Canada_2011,0,51,102,after,after,IN,IN
1602,Canada_2011,0,51,103,the,the,DT,DT
1603,Canada_2011,0,51,104,Union,union,NNP,NN
1604,Canada_2011,0,51,106,3.He,3he,CD,CD
1605,Canada_2011,0,51,107,shall,shall,MD,MD
1606,Canada_2011,0,51,108,be,be,VB,VB
1607,Canada_2011,0,51,109,legally,legally,RB,RB
1608,Canada_2011,0,51,110,or,or,CC,CC
1609,Canada_2011,0,51,111,equitably,equitably,RB,RB
1610,Canada_2011,0,51,112,seised,seised,VBD,VB
1611,Canada_2011,0,51,113,as,as,IN,IN
1612,Canada_2011,0,51,114,of,of,IN,IN
1613,Canada_2011,0,51,115,Freehold,freehold,NNP,NN
1614,Canada_2011,0,51,116,for,for,IN,IN
1615,Canada_2011,0,51,117,his,his,PRP$,PR
1616,Canada_2011,0,51,118,own,own,JJ,JJ
1617,Canada_2011,0,51,119,Use,use,NNP,NN
1618,Canada_2011,0,51,120,and,and,CC,CC
1619,Canada_2011,0,51,121,Benefit,benefit,NNP,NN
1620,Canada_2011,0,51,122,of,of,IN,IN
1621,Canada_2011,0,51,123,Lands,lands,NNP,NN
1622,Canada_2011,0,51,124,or,or,CC,CC
1623,Canada_2011,0,51,125,Tenements,tenements,NNPS,NN
1624,Canada_2011,0,51,126,held,held,VBN,VB
1625,Canada_2011,0,51,127,in,in,IN,IN
1626,Canada_2011,0,51,128,Free,free,JJ,JJ
1627,Canada_2011,0,51,129,and,and,CC,CC
1628,Canada_2011,0,51,130,Common,common,JJ,JJ
1629,Canada_2011,0,51,131,Socage,socage,NNP,NN
1630,Canada_2011,0,51,133,or,or,CC,CC
1631,Canada_2011,0,51,134,seised,seised,VBD,VB
1632,Canada_2011,0,51,135,or,or,CC,CC
1633,Canada_2011,0,51,136,possessed,possessed,VBN,VB
1634,Canada_2011,0,51,137,for,for,IN,IN
1635,Canada_2011,0,51,138,his,his,PRP$,PR
1636,Canada_2011,0,51,139,own,own,JJ,JJ
1637,Canada_2011,0,51,140,Use,use,NNP,NN
1638,Canada_2011,0,51,141,and,and,CC,CC
1639,Canada_2011,0,51,142,Benefit,benefit,NNP,NN
1640,Canada_2011,0,51,143,of,of,IN,IN
1641,Canada_2011,0,51,144,Lands,lands,NNP,NN
1642,Canada_2011,0,51,145,or,or,CC,CC
1643,Canada_2011,0,51,146,Tenements,tenements,NNPS,NN
1644,Canada_2011,0,51,147,held,held,VBN,VB
1645,Canada_2011,0,51,148,in,in,IN,IN
1646,Canada_2011,0,51,149,Franc-alleu,francalleu,NNP,NN
1647,Canada_2011,0,51,150,or,or,CC,CC
1648,Canada_2011,0,51,151,in,in,IN,IN
1649,Canada_2011,0,51,152,Roture,roture,NNP,NN
1650,Canada_2011,0,51,154,within,within,IN,IN
1651,Canada_2011,0,51,155,the,the,DT,DT
1652,Canada_2011,0,51,156,Province,province,NNP,NN
1653,Canada_2011,0,51,157,for,for,IN,IN
1654,Canada_2011,0,51,158,which,which,WDT,WD
1655,Canada_2011,0,51,159,he,he,PRP,PR
1656,Canada_2011,0,51,160,is,is,VBZ,VB
1657,Canada_2011,0,51,161,appointed,appointed,VBN,VB
1658,Canada_2011,0,51,163,of,of,IN,IN
1659,Canada_2011,0,51,164,the,the,DT,DT
1660,Canada_2011,0,51,165,Value,value,NNP,NN
1661,Canada_2011,0,51,166,of,of,IN,IN
1662,Canada_2011,0,51,167,Four,four,NNP,NN
1663,Canada_2011,0,51,168,thousand,thousand,NN,NN
1664,Canada_2011,0,51,169,Dollars,dollars,NNP,NN
1665,Canada_2011,0,51,171,over,over,IN,IN
1666,Canada_2011,0,51,172,and,and,CC,CC
1667,Canada_2011,0,51,173,above,above,IN,IN
1668,Canada_2011,0,51,174,all,all,DT,DT
1669,Canada_2011,0,51,175,Rents,rents,NNS,NN
1670,Canada_2011,0,51,177,Dues,dues,NNP,NN
1671,Canada_2011,0,51,179,Debts,debts,NNP,NN
1672,Canada_2011,0,51,181,Charges,charges,NNP,NN
1673,Canada_2011,0,51,183,Mortgages,mortgages,NNP,NN
1674,Canada_2011,0,51,185,and,and,CC,CC
1675,Canada_2011,0,51,186,Incumbrances,incumbrances,NNS,NN
1676,Canada_2011,0,51,187,due,due,JJ,JJ
1677,Canada_2011,0,51,188,or,or,CC,CC
1678,Canada_2011,0,51,189,payable,payable,JJ,JJ
1679,Canada_2011,0,51,190,out,out,IN,IN
1680,Canada_2011,0,51,191,of,of,IN,IN
1681,Canada_2011,0,51,192,or,or,CC,CC
1682,Canada_2011,0,51,193,charged,charged,VBN,VB
1683,Canada_2011,0,51,194,on,on,IN,IN
1684,Canada_2011,0,51,195,or,or,CC,CC
1685,Canada_2011,0,51,196,affecting,affecting,VBG,VB
1686,Canada_2011,0,51,197,the,the,DT,DT
1687,Canada_2011,0,51,198,same,same,JJ,JJ
1688,Canada_2011,0,51,200,4.His,4his,CD,CD
1689,Canada_2011,0,51,201,Real,real,NNPS,NN
1690,Canada_2011,0,51,202,and,and,CC,CC
1691,Canada_2011,0,51,203,Personal,personal,NNP,NN
1692,Canada_2011,0,51,204,Property,property,NNP,NN
1693,Canada_2011,0,51,205,shall,shall,MD,MD
1694,Canada_2011,0,51,206,be,be,VB,VB
1695,Canada_2011,0,51,207,together,together,RB,RB
1696,Canada_2011,0,51,208,worth,worth,JJ,JJ
1697,Canada_2011,0,51,209,Four,four,CD,CD
1698,Canada_2011,0,51,210,thousand,thousand,CD,CD
1699,Canada_2011,0,51,211,Dollars,dollars,NNP,NN
1700,Canada_2011,0,51,212,over,over,IN,IN
1701,Canada_2011,0,51,213,and,and,CC,CC
1702,Canada_2011,0,51,214,above,above,IN,IN
1703,Canada_2011,0,51,215,his,his,PRP$,PR
1704,Canada_2011,0,51,216,Debts,debts,NNP,NN
1705,Canada_2011,0,51,217,and,and,CC,CC
1706,Canada_2011,0,51,218,Liabilities,liabilities,NNP,NN
1707,Canada_2011,0,51,220,5.He,5he,CD,CD
1708,Canada_2011,0,51,221,shall,shall,MD,MD
1709,Canada_2011,0,51,222,be,be,VB,VB
1710,Canada_2011,0,51,223,resident,resident,VBN,VB
1711,Canada_2011,0,51,224,in,in,IN,IN
1712,Canada_2011,0,51,225,the,the,DT,DT
1713,Canada_2011,0,51,226,Province,province,NNP,NN
1714,Canada_2011,0,51,227,for,for,IN,IN
1715,Canada_2011,0,51,228,which,which,WDT,WD
1716,Canada_2011,0,51,229,he,he,PRP,PR
1717,Canada_2011,0,51,230,is,is,VBZ,VB
1718,Canada_2011,0,51,231,appointed,appointed,VBN,VB
1719,Canada_2011,0,51,233,6.In,6in,CD,CD
1720,Canada_2011,0,51,234,the,the,DT,DT
1721,Canada_2011,0,51,235,Case,case,NNP,NN
1722,Canada_2011,0,51,236,of,of,IN,IN
1723,Canada_2011,0,51,237,Quebec,quebec,NNP,NN
1724,Canada_2011,0,51,238,he,he,PRP,PR
1725,Canada_2011,0,51,239,shall,shall,MD,MD
1726,Canada_2011,0,51,240,have,have,VB,VB
1727,Canada_2011,0,51,241,his,his,PRP$,PR
1728,Canada_2011,0,51,242,Real,real,NNP,NN
1729,Canada_2011,0,51,243,Property,property,NNP,NN
1730,Canada_2011,0,51,244,Qualification,qualification,NNP,NN
1731,Canada_2011,0,51,245,in,in,IN,IN
1732,Canada_2011,0,51,246,the,the,DT,DT
1733,Canada_2011,0,51,247,Electoral,electoral,NNP,NN
1734,Canada_2011,0,51,248,Division,division,NNP,NN
1735,Canada_2011,0,51,249,for,for,IN,IN
1736,Canada_2011,0,51,250,which,which,WDT,WD
1737,Canada_2011,0,51,251,he,he,PRP,PR
1738,Canada_2011,0,51,252,is,is,VBZ,VB
1739,Canada_2011,0,51,253,appointed,appointed,VBN,VB
1740,Canada_2011,0,51,255,or,or,CC,CC
1741,Canada_2011,0,51,256,shall,shall,MD,MD
1742,Canada_2011,0,51,257,be,be,VB,VB
1743,Canada_2011,0,51,258,resident,resident,VBN,VB
1744,Canada_2011,0,51,259,in,in,IN,IN
1745,Canada_2011,0,51,260,that,that,DT,DT
1746,Canada_2011,0,51,261,Division,division,NNP,NN
1747,Canada_2011,0,52,0,24,24,CD,CD
1748,Canada_2011,0,53,0,Summons,summons,NNS,NN
1749,Canada_2011,0,53,1,of,of,IN,IN
1750,Canada_2011,0,53,2,Senator,senator,NNP,NN
1751,Canada_2011,0,53,3,Share,share,NNP,NN
1752,Canada_2011,0,53,4,The,the,DT,DT
1753,Canada_2011,0,53,5,Governor,governor,NNP,NN
1754,Canada_2011,0,53,6,General,general,NNP,NN
1755,Canada_2011,0,53,7,shall,shall,MD,MD
1756,Canada_2011,0,53,8,from,from,IN,IN
1757,Canada_2011,0,53,9,Time,time,NNP,NN
1758,Canada_2011,0,53,10,to,to,TO,TO
1759,Canada_2011,0,53,11,Time,time,NNP,NN
1760,Canada_2011,0,53,13,in,in,IN,IN
1761,Canada_2011,0,53,14,the,the,DT,DT
1762,Canada_2011,0,53,15,Queen,queen,NNP,NN
1763,Canada_2011,0,53,17,s,s,NN,NN
1764,Canada_2011,0,53,18,Name,name,NN,NN
1765,Canada_2011,0,53,20,by,by,IN,IN
1766,Canada_2011,0,53,21,Instrument,instrument,NNP,NN
1767,Canada_2011,0,53,22,under,under,IN,IN
1768,Canada_2011,0,53,23,the,the,DT,DT
1769,Canada_2011,0,53,24,Great,great,NNP,NN
1770,Canada_2011,0,53,25,Seal,seal,NNP,NN
1771,Canada_2011,0,53,26,of,of,IN,IN
1772,Canada_2011,0,53,27,Canada,canada,NNP,NN
1773,Canada_2011,0,53,29,summon,summon,NN,NN
1774,Canada_2011,0,53,30,qualified,qualified,VBD,VB
1775,Canada_2011,0,53,31,Persons,persons,NNS,NN
1776,Canada_2011,0,53,32,to,to,TO,TO
1777,Canada_2011,0,53,33,the,the,DT,DT
1778,Canada_2011,0,53,34,Senate,senate,NNP,NN
1779,Canada_2011,0,53,36,and,and,CC,CC
1780,Canada_2011,0,53,38,subject,subject,JJ,JJ
1781,Canada_2011,0,53,39,to,to,TO,TO
1782,Canada_2011,0,53,40,the,the,DT,DT
1783,Canada_2011,0,53,41,Provisions,provisions,NNPS,NN
1784,Canada_2011,0,53,42,of,of,IN,IN
1785,Canada_2011,0,53,43,this,this,DT,DT
1786,Canada_2011,0,53,44,Act,act,NNP,NN
1787,Canada_2011,0,53,46,every,every,DT,DT
1788,Canada_2011,0,53,47,Person,person,NNP,NN
1789,Canada_2011,0,53,48,so,so,RB,RB
1790,Canada_2011,0,53,49,summoned,summoned,VBD,VB
1791,Canada_2011,0,53,50,shall,shall,MD,MD
1792,Canada_2011,0,53,51,become,become,VB,VB
1793,Canada_2011,0,53,52,and,and,CC,CC
1794,Canada_2011,0,53,53,be,be,VB,VB
1795,Canada_2011,0,53,54,a,a,DT,DT
1796,Canada_2011,0,53,55,Member,member,NNP,NN
1797,Canada_2011,0,53,56,of,of,IN,IN
1798,Canada_2011,0,53,57,the,the,DT,DT
1799,Canada_2011,0,53,58,Senate,senate,NNP,NN
1800,Canada_2011,0,53,59,and,and,CC,CC
1801,Canada_2011,0,53,60,a,a,DT,DT
1802,Canada_2011,0,53,61,Senator,senator,NNP,NN
1803,Canada_2011,0,54,0,25,25,CD,CD
1804,Canada_2011,0,55,0,Repealed,repealed,VBN,VB
1805,Canada_2011,0,55,1,26,26,CD,CD
1806,Canada_2011,0,56,0,Addition,addition,NN,NN
1807,Canada_2011,0,56,1,of,of,IN,IN
1808,Canada_2011,0,56,2,Senators,senators,NNS,NN
1809,Canada_2011,0,56,3,in,in,IN,IN
1810,Canada_2011,0,56,4,certain,certain,JJ,JJ
1811,Canada_2011,0,56,5,cases,cases,NNS,NN
1812,Canada_2011,0,56,6,Share,share,VBP,VB
1813,Canada_2011,0,56,7,If,if,IN,IN
1814,Canada_2011,0,56,8,at,at,IN,IN
1815,Canada_2011,0,56,9,any,any,DT,DT
1816,Canada_2011,0,56,10,Time,time,NNP,NN
1817,Canada_2011,0,56,11,on,on,IN,IN
1818,Canada_2011,0,56,12,the,the,DT,DT
1819,Canada_2011,0,56,13,Recommendation,recommendation,NNP,NN
1820,Canada_2011,0,56,14,of,of,IN,IN
1821,Canada_2011,0,56,15,the,the,DT,DT
1822,Canada_2011,0,56,16,Governor,governor,NNP,NN
1823,Canada_2011,0,56,17,General,general,NNP,NN
1824,Canada_2011,0,56,18,the,the,DT,DT
1825,Canada_2011,0,56,19,Queen,queen,NNP,NN
1826,Canada_2011,0,56,20,thinks,thinks,VBZ,VB
1827,Canada_2011,0,56,21,fit,fit,NN,NN
1828,Canada_2011,0,56,22,to,to,TO,TO
1829,Canada_2011,0,56,23,direct,direct,VB,VB
1830,Canada_2011,0,56,24,that,that,DT,DT
1831,Canada_2011,0,56,25,Four,four,CD,CD
1832,Canada_2011,0,56,26,or,or,CC,CC
1833,Canada_2011,0,56,27,Eight,eight,NNP,NN
1834,Canada_2011,0,56,28,Members,members,NNPS,NN
1835,Canada_2011,0,56,29,be,be,VB,VB
1836,Canada_2011,0,56,30,added,added,VBN,VB
1837,Canada_2011,0,56,31,to,to,TO,TO
1838,Canada_2011,0,56,32,the,the,DT,DT
1839,Canada_2011,0,56,33,Senate,senate,NNP,NN
1840,Canada_2011,0,56,35,the,the,DT,DT
1841,Canada_2011,0,56,36,Governor,governor,NNP,NN
1842,Canada_2011,0,56,37,General,general,NNP,NN
1843,Canada_2011,0,56,38,may,may,MD,MD
1844,Canada_2011,0,56,39,by,by,IN,IN
1845,Canada_2011,0,56,40,Summons,summons,NNS,NN
1846,Canada_2011,0,56,41,to,to,TO,TO
1847,Canada_2011,0,56,42,Four,four,CD,CD
1848,Canada_2011,0,56,43,or,or,CC,CC
1849,Canada_2011,0,56,44,Eight,eight,NNP,NN
1850,Canada_2011,0,56,45,qualified,qualified,VBD,VB
1851,Canada_2011,0,56,46,Persons,persons,NNP,NN
1852,Canada_2011,0,56,48,as,as,IN,IN
1853,Canada_2011,0,56,49,the,the,DT,DT
1854,Canada_2011,0,56,50,Case,case,NNP,NN
1855,Canada_2011,0,56,51,may,may,MD,MD
1856,Canada_2011,0,56,52,be,be,VB,VB
1857,Canada_2011,0,56,55,representing,representing,VBG,VB
1858,Canada_2011,0,56,56,equally,equally,RB,RB
1859,Canada_2011,0,56,57,the,the,DT,DT
1860,Canada_2011,0,56,58,Four,four,NNP,NN
1861,Canada_2011,0,56,59,Divisions,divisions,NNP,NN
1862,Canada_2011,0,56,60,of,of,IN,IN
1863,Canada_2011,0,56,61,Canada,canada,NNP,NN
1864,Canada_2011,0,56,63,add,add,NN,NN
1865,Canada_2011,0,56,64,to,to,TO,TO
1866,Canada_2011,0,56,65,the,the,DT,DT
1867,Canada_2011,0,56,66,Senate,senate,NNP,NN
1868,Canada_2011,0,56,67,accordingly,accordingly,RB,RB
1869,Canada_2011,0,57,0,27,27,CD,CD
1870,Canada_2011,0,58,0,Reduction,reduction,NN,NN
1871,Canada_2011,0,58,1,of,of,IN,IN
1872,Canada_2011,0,58,2,Senate,senate,NNP,NN
1873,Canada_2011,0,58,3,to,to,TO,TO
1874,Canada_2011,0,58,4,normal,normal,JJ,JJ
1875,Canada_2011,0,58,5,Number,number,NNP,NN
1876,Canada_2011,0,58,6,Share,share,NNP,NN
1877,Canada_2011,0,58,7,In,in,IN,IN
1878,Canada_2011,0,58,8,case,case,NN,NN
1879,Canada_2011,0,58,9,of,of,IN,IN
1880,Canada_2011,0,58,10,such,such,JJ,JJ
1881,Canada_2011,0,58,11,Addition,addition,NNP,NN
1882,Canada_2011,0,58,12,being,being,VBG,VB
1883,Canada_2011,0,58,13,at,at,IN,IN
1884,Canada_2011,0,58,14,any,any,DT,DT
1885,Canada_2011,0,58,15,Time,time,NNP,NN
1886,Canada_2011,0,58,16,made,made,VBN,VB
1887,Canada_2011,0,58,18,the,the,DT,DT
1888,Canada_2011,0,58,19,Governor,governor,NNP,NN
1889,Canada_2011,0,58,20,General,general,NNP,NN
1890,Canada_2011,0,58,21,shall,shall,MD,MD
1891,Canada_2011,0,58,22,not,not,RB,RB
1892,Canada_2011,0,58,23,summon,summon,VB,VB
1893,Canada_2011,0,58,24,any,any,DT,DT
1894,Canada_2011,0,58,25,Person,person,NNP,NN
1895,Canada_2011,0,58,26,to,to,TO,TO
1896,Canada_2011,0,58,27,the,the,DT,DT
1897,Canada_2011,0,58,28,Senate,senate,NNP,NN
1898,Canada_2011,0,58,30,except,except,IN,IN
1899,Canada_2011,0,58,31,on,on,IN,IN
1900,Canada_2011,0,58,32,a,a,DT,DT
1901,Canada_2011,0,58,33,further,further,JJ,JJ
1902,Canada_2011,0,58,34,like,like,IN,IN
1903,Canada_2011,0,58,35,Direction,direction,NNP,NN
1904,Canada_2011,0,58,36,by,by,IN,IN
1905,Canada_2011,0,58,37,the,the,DT,DT
1906,Canada_2011,0,58,38,Queen,queen,NNP,NN
1907,Canada_2011,0,58,39,on,on,IN,IN
1908,Canada_2011,0,58,40,the,the,DT,DT
1909,Canada_2011,0,58,41,like,like,JJ,JJ
1910,Canada_2011,0,58,42,Recommendation,recommendation,NNP,NN
1911,Canada_2011,0,58,44,to,to,TO,TO
1912,Canada_2011,0,58,45,represent,represent,VB,VB
1913,Canada_2011,0,58,46,one,one,CD,CD
1914,Canada_2011,0,58,47,of,of,IN,IN
1915,Canada_2011,0,58,48,the,the,DT,DT
1916,Canada_2011,0,58,49,Four,four,NNP,NN
1917,Canada_2011,0,58,50,Divisions,divisions,NNP,NN
1918,Canada_2011,0,58,51,until,until,IN,IN
1919,Canada_2011,0,58,52,such,such,JJ,JJ
1920,Canada_2011,0,58,53,Division,division,NNP,NN
1921,Canada_2011,0,58,54,is,is,VBZ,VB
1922,Canada_2011,0,58,55,represented,represented,VBN,VB
1923,Canada_2011,0,58,56,by,by,IN,IN
1924,Canada_2011,0,58,57,Twenty-four,twentyfour,JJ,JJ
1925,Canada_2011,0,58,58,Senators,senators,NNS,NN
1926,Canada_2011,0,58,59,and,and,CC,CC
1927,Canada_2011,0,58,60,no,no,DT,DT
1928,Canada_2011,0,58,61,more,more,RBR,RB
1929,Canada_2011,0,59,0,28,28,CD,CD
1930,Canada_2011,0,60,0,Maximum,maximum,JJ,JJ
1931,Canada_2011,0,60,1,Number,number,NNP,NN
1932,Canada_2011,0,60,2,of,of,IN,IN
1933,Canada_2011,0,60,3,Senators,senators,NNP,NN
1934,Canada_2011,0,60,4,Share,share,NNP,NN
1935,Canada_2011,0,60,5,The,the,DT,DT
1936,Canada_2011,0,60,6,Number,number,NNP,NN
1937,Canada_2011,0,60,7,of,of,IN,IN
1938,Canada_2011,0,60,8,Senators,senators,NNP,NN
1939,Canada_2011,0,60,9,shall,shall,MD,MD
1940,Canada_2011,0,60,10,not,not,RB,RB
1941,Canada_2011,0,60,11,at,at,IN,IN
1942,Canada_2011,0,60,12,any,any,DT,DT
1943,Canada_2011,0,60,13,Time,time,NNP,NN
1944,Canada_2011,0,60,14,exceed,exceed,VBP,VB
1945,Canada_2011,0,60,15,One,one,CD,CD
1946,Canada_2011,0,60,16,Hundred,hundred,NNP,NN
1947,Canada_2011,0,60,17,and,and,CC,CC
1948,Canada_2011,0,60,18,thirteen,thirteen,NN,NN
1949,Canada_2011,0,61,0,29,29,CD,CD
1950,Canada_2011,0,62,0,1,1,CD,CD
1951,Canada_2011,0,63,0,Tenure,tenure,NN,NN
1952,Canada_2011,0,63,1,of,of,IN,IN
1953,Canada_2011,0,63,2,Place,place,NNP,NN
1954,Canada_2011,0,63,3,in,in,IN,IN
1955,Canada_2011,0,63,4,Senate,senate,NNP,NN
1956,Canada_2011,0,63,5,Share,share,NNP,NN
1957,Canada_2011,0,63,6,Subject,subject,NNP,NN
1958,Canada_2011,0,63,7,to,to,TO,TO
1959,Canada_2011,0,63,8,subsection,subsection,NN,NN
1960,Canada_2011,0,63,10,2,2,CD,CD
1961,Canada_2011,0,63,13,a,a,DT,DT
1962,Canada_2011,0,63,14,Senator,senator,NNP,NN
1963,Canada_2011,0,63,15,shall,shall,MD,MD
1964,Canada_2011,0,63,17,subject,subject,JJ,JJ
1965,Canada_2011,0,63,18,to,to,TO,TO
1966,Canada_2011,0,63,19,the,the,DT,DT
1967,Canada_2011,0,63,20,provisions,provisions,NNS,NN
1968,Canada_2011,0,63,21,of,of,IN,IN
1969,Canada_2011,0,63,22,this,this,DT,DT
1970,Canada_2011,0,63,23,Act,act,NNP,NN
1971,Canada_2011,0,63,25,hold,hold,VB,VB
1972,Canada_2011,0,63,26,his,his,PRP$,PR
1973,Canada_2011,0,63,27,place,place,NN,NN
1974,Canada_2011,0,63,28,in,in,IN,IN
1975,Canada_2011,0,63,29,the,the,DT,DT
1976,Canada_2011,0,63,30,Senate,senate,NNP,NN
1977,Canada_2011,0,63,31,for,for,IN,IN
1978,Canada_2011,0,63,32,life,life,NN,NN
1979,Canada_2011,0,64,0,2,2,CD,CD
1980,Canada_2011,0,65,0,Retirement,retirement,NNP,NN
1981,Canada_2011,0,65,1,upon,upon,IN,IN
1982,Canada_2011,0,65,2,attaining,attaining,VBG,VB
1983,Canada_2011,0,65,3,age,age,NN,NN
1984,Canada_2011,0,65,4,of,of,IN,IN
1985,Canada_2011,0,65,5,seventy-five,seventyfive,JJ,JJ
1986,Canada_2011,0,65,6,years,years,NNS,NN
1987,Canada_2011,0,65,7,Share,share,VBP,VB
1988,Canada_2011,0,65,8,A,a,NNP,NN
1989,Canada_2011,0,65,9,Senator,senator,NNP,NN
1990,Canada_2011,0,65,10,who,who,WP,WP
1991,Canada_2011,0,65,11,is,is,VBZ,VB
1992,Canada_2011,0,65,12,summoned,summoned,VBN,VB
1993,Canada_2011,0,65,13,to,to,TO,TO
1994,Canada_2011,0,65,14,the,the,DT,DT
1995,Canada_2011,0,65,15,Senate,senate,NNP,NN
1996,Canada_2011,0,65,16,after,after,IN,IN
1997,Canada_2011,0,65,17,the,the,DT,DT
1998,Canada_2011,0,65,18,coming,coming,VBG,VB
1999,Canada_2011,0,65,19,into,into,IN,IN
2000,Canada_2011,0,65,20,force,force,NN,NN
2001,Canada_2011,0,65,21,of,of,IN,IN
2002,Canada_2011,0,65,22,this,this,DT,DT
2003,Canada_2011,0,65,23,subsection,subsection,NN,NN
2004,Canada_2011,0,65,24,shall,shall,MD,MD
2005,Canada_2011,0,65,26,subject,subject,JJ,JJ
2006,Canada_2011,0,65,27,to,to,TO,TO
2007,Canada_2011,0,65,28,this,this,DT,DT
2008,Canada_2011,0,65,29,Act,act,NNP,NN
2009,Canada_2011,0,65,31,hold,hold,VB,VB
2010,Canada_2011,0,65,32,his,his,PRP$,PR
2011,Canada_2011,0,65,33,place,place,NN,NN
2012,Canada_2011,0,65,34,in,in,IN,IN
2013,Canada_2011,0,65,35,the,the,DT,DT
2014,Canada_2011,0,65,36,Senate,senate,NNP,NN
2015,Canada_2011,0,65,37,until,until,IN,IN
2016,Canada_2011,0,65,38,he,he,PRP,PR
2017,Canada_2011,0,65,39,attains,attains,VBZ,VB
2018,Canada_2011,0,65,40,the,the,DT,DT
2019,Canada_2011,0,65,41,age,age,NN,NN
2020,Canada_2011,0,65,42,of,of,IN,IN
2021,Canada_2011,0,65,43,seventy-five,seventyfive,JJ,JJ
2022,Canada_2011,0,65,44,years,years,NNS,NN
2023,Canada_2011,0,66,0,30,30,CD,CD
2024,Canada_2011,0,67,0,Resignation,resignation,NN,NN
2025,Canada_2011,0,67,1,of,of,IN,IN
2026,Canada_2011,0,67,2,Place,place,NNP,NN
2027,Canada_2011,0,67,3,in,in,IN,IN
2028,Canada_2011,0,67,4,Senate,senate,NNP,NN
2029,Canada_2011,0,67,5,Share,share,NNP,NN
2030,Canada_2011,0,67,6,A,a,NNP,NN
2031,Canada_2011,0,67,7,Senator,senator,NNP,NN
2032,Canada_2011,0,67,8,may,may,MD,MD
2033,Canada_2011,0,67,9,by,by,IN,IN
2034,Canada_2011,0,67,10,Writing,writing,VBG,VB
2035,Canada_2011,0,67,11,under,under,IN,IN
2036,Canada_2011,0,67,12,his,his,PRP$,PR
2037,Canada_2011,0,67,13,Hand,hand,NNP,NN
2038,Canada_2011,0,67,14,addressed,addressed,VBD,VB
2039,Canada_2011,0,67,15,to,to,TO,TO
2040,Canada_2011,0,67,16,the,the,DT,DT
2041,Canada_2011,0,67,17,Governor,governor,NNP,NN
2042,Canada_2011,0,67,18,General,general,NNP,NN
2043,Canada_2011,0,67,19,resign,resign,VB,VB
2044,Canada_2011,0,67,20,his,his,PRP$,PR
2045,Canada_2011,0,67,21,Place,place,NN,NN
2046,Canada_2011,0,67,22,in,in,IN,IN
2047,Canada_2011,0,67,23,the,the,DT,DT
2048,Canada_2011,0,67,24,Senate,senate,NNP,NN
2049,Canada_2011,0,67,26,and,and,CC,CC
2050,Canada_2011,0,67,27,thereupon,thereupon,IN,IN
2051,Canada_2011,0,67,28,the,the,DT,DT
2052,Canada_2011,0,67,29,same,same,JJ,JJ
2053,Canada_2011,0,67,30,shall,shall,MD,MD
2054,Canada_2011,0,67,31,be,be,VB,VB
2055,Canada_2011,0,67,32,vacant,vacant,JJ,JJ
2056,Canada_2011,0,68,0,31,31,CD,CD
2057,Canada_2011,0,69,0,Disqualification,disqualification,NN,NN
2058,Canada_2011,0,69,1,of,of,IN,IN
2059,Canada_2011,0,69,2,Senators,senators,NNS,NN
2060,Canada_2011,0,69,3,Share,share,NNP,NN
2061,Canada_2011,0,69,4,The,the,DT,DT
2062,Canada_2011,0,69,5,Place,place,NNP,NN
2063,Canada_2011,0,69,6,of,of,IN,IN
2064,Canada_2011,0,69,7,a,a,DT,DT
2065,Canada_2011,0,69,8,Senator,senator,NNP,NN
2066,Canada_2011,0,69,9,shall,shall,MD,MD
2067,Canada_2011,0,69,10,become,become,VB,VB
2068,Canada_2011,0,69,11,vacant,vacant,JJ,JJ
2069,Canada_2011,0,69,12,in,in,IN,IN
2070,Canada_2011,0,69,13,any,any,DT,DT
2071,Canada_2011,0,69,14,of,of,IN,IN
2072,Canada_2011,0,69,15,the,the,DT,DT
2073,Canada_2011,0,69,16,following,following,JJ,JJ
2074,Canada_2011,0,69,17,Cases,cases,NNS,NN
2075,Canada_2011,0,69,19,1.If,1if,CD,CD
2076,Canada_2011,0,69,20,for,for,IN,IN
2077,Canada_2011,0,69,21,Two,two,CD,CD
2078,Canada_2011,0,69,22,consecutive,consecutive,JJ,JJ
2079,Canada_2011,0,69,23,Sessions,sessions,NNS,NN
2080,Canada_2011,0,69,24,of,of,IN,IN
2081,Canada_2011,0,69,25,the,the,DT,DT
2082,Canada_2011,0,69,26,Parliament,parliament,NNP,NN
2083,Canada_2011,0,69,27,he,he,PRP,PR
2084,Canada_2011,0,69,28,fails,fails,VBZ,VB
2085,Canada_2011,0,69,29,to,to,TO,TO
2086,Canada_2011,0,69,30,give,give,VB,VB
2087,Canada_2011,0,69,31,his,his,PRP$,PR
2088,Canada_2011,0,69,32,Attendance,attendance,NNP,NN
2089,Canada_2011,0,69,33,in,in,IN,IN
2090,Canada_2011,0,69,34,the,the,DT,DT
2091,Canada_2011,0,69,35,Senate,senate,NNP,NN
2092,Canada_2011,0,69,37,2.If,2if,CD,CD
2093,Canada_2011,0,69,38,he,he,PRP,PR
2094,Canada_2011,0,69,39,takes,takes,VBZ,VB
2095,Canada_2011,0,69,40,an,an,DT,DT
2096,Canada_2011,0,69,41,Oath,oath,NN,NN
2097,Canada_2011,0,69,42,or,or,CC,CC
2098,Canada_2011,0,69,43,makes,makes,VBZ,VB
2099,Canada_2011,0,69,44,a,a,DT,DT
2100,Canada_2011,0,69,45,Declaration,declaration,NNP,NN
2101,Canada_2011,0,69,46,or,or,CC,CC
2102,Canada_2011,0,69,47,Acknowledgment,acknowledgment,NNP,NN
2103,Canada_2011,0,69,48,of,of,IN,IN
2104,Canada_2011,0,69,49,Allegiance,allegiance,NNP,NN
2105,Canada_2011,0,69,51,Obedience,obedience,NNP,NN
2106,Canada_2011,0,69,53,or,or,CC,CC
2107,Canada_2011,0,69,54,Adherence,adherence,NNP,NN
2108,Canada_2011,0,69,55,to,to,TO,TO
2109,Canada_2011,0,69,56,a,a,DT,DT
2110,Canada_2011,0,69,57,Foreign,foreign,NNP,NN
2111,Canada_2011,0,69,58,Power,power,NNP,NN
2112,Canada_2011,0,69,60,or,or,CC,CC
2113,Canada_2011,0,69,61,does,does,VBZ,VB
2114,Canada_2011,0,69,62,an,an,DT,DT
2115,Canada_2011,0,69,63,Act,act,NNP,NN
2116,Canada_2011,0,69,64,whereby,whereby,NN,NN
2117,Canada_2011,0,69,65,he,he,PRP,PR
2118,Canada_2011,0,69,66,becomes,becomes,VBZ,VB
2119,Canada_2011,0,69,67,a,a,DT,DT
2120,Canada_2011,0,69,68,Subject,subject,NN,NN
2121,Canada_2011,0,69,69,or,or,CC,CC
2122,Canada_2011,0,69,70,Citizen,citizen,NNP,NN
2123,Canada_2011,0,69,72,or,or,CC,CC
2124,Canada_2011,0,69,73,entitled,entitled,VBN,VB
2125,Canada_2011,0,69,74,to,to,TO,TO
2126,Canada_2011,0,69,75,the,the,DT,DT
2127,Canada_2011,0,69,76,Rights,rights,NNPS,NN
2128,Canada_2011,0,69,77,or,or,CC,CC
2129,Canada_2011,0,69,78,Privileges,privileges,NNPS,NN
2130,Canada_2011,0,69,79,of,of,IN,IN
2131,Canada_2011,0,69,80,a,a,DT,DT
2132,Canada_2011,0,69,81,Subject,subject,NNP,NN
2133,Canada_2011,0,69,82,or,or,CC,CC
2134,Canada_2011,0,69,83,Citizen,citizen,NNP,NN
2135,Canada_2011,0,69,85,of,of,IN,IN
2136,Canada_2011,0,69,86,a,a,DT,DT
2137,Canada_2011,0,69,87,Foreign,foreign,NNP,NN
2138,Canada_2011,0,69,88,Power,power,NNP,NN
2139,Canada_2011,0,69,90,3.If,3if,CD,CD
2140,Canada_2011,0,69,91,he,he,PRP,PR
2141,Canada_2011,0,69,92,is,is,VBZ,VB
2142,Canada_2011,0,69,93,adjudged,adjudged,VBN,VB
2143,Canada_2011,0,69,94,Bankrupt,bankrupt,NNP,NN
2144,Canada_2011,0,69,95,or,or,CC,CC
2145,Canada_2011,0,69,96,Insolvent,insolvent,NNP,NN
2146,Canada_2011,0,69,98,or,or,CC,CC
2147,Canada_2011,0,69,99,applies,applies,NNS,NN
2148,Canada_2011,0,69,100,for,for,IN,IN
2149,Canada_2011,0,69,101,the,the,DT,DT
2150,Canada_2011,0,69,102,Benefit,benefit,NNP,NN
2151,Canada_2011,0,69,103,of,of,IN,IN
2152,Canada_2011,0,69,104,any,any,DT,DT
2153,Canada_2011,0,69,105,Law,law,NNP,NN
2154,Canada_2011,0,69,106,relating,relating,NN,NN
2155,Canada_2011,0,69,107,to,to,TO,TO
2156,Canada_2011,0,69,108,Insolvent,insolvent,NNP,NN
2157,Canada_2011,0,69,109,Debtors,debtors,NNPS,NN
2158,Canada_2011,0,69,111,or,or,CC,CC
2159,Canada_2011,0,69,112,becomes,becomes,VBZ,VB
2160,Canada_2011,0,69,113,a,a,DT,DT
2161,Canada_2011,0,69,114,public,public,JJ,JJ
2162,Canada_2011,0,69,115,Defaulter,defaulter,NNP,NN
2163,Canada_2011,0,69,117,4.If,4if,CD,CD
2164,Canada_2011,0,69,118,he,he,PRP,PR
2165,Canada_2011,0,69,119,is,is,VBZ,VB
2166,Canada_2011,0,69,120,attainted,attainted,VBN,VB
2167,Canada_2011,0,69,121,of,of,IN,IN
2168,Canada_2011,0,69,122,Treason,treason,NNP,NN
2169,Canada_2011,0,69,123,or,or,CC,CC
2170,Canada_2011,0,69,124,convicted,convicted,VBN,VB
2171,Canada_2011,0,69,125,of,of,IN,IN
2172,Canada_2011,0,69,126,Felony,felony,NNP,NN
2173,Canada_2011,0,69,127,or,or,CC,CC
2174,Canada_2011,0,69,128,of,of,IN,IN
2175,Canada_2011,0,69,129,any,any,DT,DT
2176,Canada_2011,0,69,130,infamous,infamous,JJ,JJ
2177,Canada_2011,0,69,131,Crime,crime,NNP,NN
2178,Canada_2011,0,69,133,5.If,5if,CD,CD
2179,Canada_2011,0,69,134,he,he,PRP,PR
2180,Canada_2011,0,69,135,ceases,ceases,VBZ,VB
2181,Canada_2011,0,69,136,to,to,TO,TO
2182,Canada_2011,0,69,137,be,be,VB,VB
2183,Canada_2011,0,69,138,qualified,qualified,VBN,VB
2184,Canada_2011,0,69,139,in,in,IN,IN
2185,Canada_2011,0,69,140,respect,respect,NN,NN
2186,Canada_2011,0,69,141,of,of,IN,IN
2187,Canada_2011,0,69,142,Property,property,NNP,NN
2188,Canada_2011,0,69,143,or,or,CC,CC
2189,Canada_2011,0,69,144,of,of,IN,IN
2190,Canada_2011,0,69,145,Residence,residence,NNP,NN
2191,Canada_2011,0,69,147,provided,provided,VBD,VB
2192,Canada_2011,0,69,149,that,that,IN,IN
2193,Canada_2011,0,69,150,a,a,DT,DT
2194,Canada_2011,0,69,151,Senator,senator,NNP,NN
2195,Canada_2011,0,69,152,shall,shall,MD,MD
2196,Canada_2011,0,69,153,not,not,RB,RB
2197,Canada_2011,0,69,154,be,be,VB,VB
2198,Canada_2011,0,69,155,deemed,deemed,VBN,VB
2199,Canada_2011,0,69,156,to,to,TO,TO
2200,Canada_2011,0,69,157,have,have,VB,VB
2201,Canada_2011,0,69,158,ceased,ceased,VBN,VB
2202,Canada_2011,0,69,159,to,to,TO,TO
2203,Canada_2011,0,69,160,be,be,VB,VB
2204,Canada_2011,0,69,161,qualified,qualified,VBN,VB
2205,Canada_2011,0,69,162,in,in,IN,IN
2206,Canada_2011,0,69,163,respect,respect,NN,NN
2207,Canada_2011,0,69,164,of,of,IN,IN
2208,Canada_2011,0,69,165,Residence,residence,NNP,NN
2209,Canada_2011,0,69,166,by,by,IN,IN
2210,Canada_2011,0,69,167,reason,reason,NN,NN
2211,Canada_2011,0,69,168,only,only,RB,RB
2212,Canada_2011,0,69,169,of,of,IN,IN
2213,Canada_2011,0,69,170,his,his,PRP$,PR
2214,Canada_2011,0,69,171,residing,residing,NN,NN
2215,Canada_2011,0,69,172,at,at,IN,IN
2216,Canada_2011,0,69,173,the,the,DT,DT
2217,Canada_2011,0,69,174,Seat,seat,NNP,NN
2218,Canada_2011,0,69,175,of,of,IN,IN
2219,Canada_2011,0,69,176,the,the,DT,DT
2220,Canada_2011,0,69,177,Government,government,NNP,NN
2221,Canada_2011,0,69,178,of,of,IN,IN
2222,Canada_2011,0,69,179,Canada,canada,NNP,NN
2223,Canada_2011,0,69,180,while,while,IN,IN
2224,Canada_2011,0,69,181,holding,holding,VBG,VB
2225,Canada_2011,0,69,182,an,an,DT,DT
2226,Canada_2011,0,69,183,Office,office,NNP,NN
2227,Canada_2011,0,69,184,under,under,IN,IN
2228,Canada_2011,0,69,185,that,that,DT,DT
2229,Canada_2011,0,69,186,Government,government,NNP,NN
2230,Canada_2011,0,69,187,requiring,requiring,VBG,VB
2231,Canada_2011,0,69,188,his,his,PRP$,PR
2232,Canada_2011,0,69,189,Presence,presence,NN,NN
2233,Canada_2011,0,69,190,there,there,RB,RB
2234,Canada_2011,0,70,0,32,32,CD,CD
2235,Canada_2011,0,71,0,Summons,summons,NNS,NN
2236,Canada_2011,0,71,1,on,on,IN,IN
2237,Canada_2011,0,71,2,Vacancy,vacancy,NNP,NN
2238,Canada_2011,0,71,3,in,in,IN,IN
2239,Canada_2011,0,71,4,Senate,senate,NNP,NN
2240,Canada_2011,0,71,5,Share,share,NNP,NN
2241,Canada_2011,0,71,6,When,when,WRB,WR
2242,Canada_2011,0,71,7,a,a,DT,DT
2243,Canada_2011,0,71,8,Vacancy,vacancy,NN,NN
2244,Canada_2011,0,71,9,happens,happens,VBZ,VB
2245,Canada_2011,0,71,10,in,in,IN,IN
2246,Canada_2011,0,71,11,the,the,DT,DT
2247,Canada_2011,0,71,12,Senate,senate,NNP,NN
2248,Canada_2011,0,71,13,by,by,IN,IN
2249,Canada_2011,0,71,14,Resignation,resignation,NNP,NN
2250,Canada_2011,0,71,16,Death,death,NNP,NN
2251,Canada_2011,0,71,18,or,or,CC,CC
2252,Canada_2011,0,71,19,otherwise,otherwise,RB,RB
2253,Canada_2011,0,71,21,the,the,DT,DT
2254,Canada_2011,0,71,22,Governor,governor,NNP,NN
2255,Canada_2011,0,71,23,General,general,NNP,NN
2256,Canada_2011,0,71,24,shall,shall,MD,MD
2257,Canada_2011,0,71,25,by,by,IN,IN
2258,Canada_2011,0,71,26,Summons,summons,NNS,NN
2259,Canada_2011,0,71,27,to,to,TO,TO
2260,Canada_2011,0,71,28,a,a,DT,DT
2261,Canada_2011,0,71,29,fit,fit,NN,NN
2262,Canada_2011,0,71,30,and,and,CC,CC
2263,Canada_2011,0,71,31,qualified,qualified,VBD,VB
2264,Canada_2011,0,71,32,Person,person,NNP,NN
2265,Canada_2011,0,71,33,fill,fill,VB,VB
2266,Canada_2011,0,71,34,the,the,DT,DT
2267,Canada_2011,0,71,35,Vacancy,vacancy,NNP,NN
2268,Canada_2011,0,72,0,33,33,CD,CD
2269,Canada_2011,0,73,0,Questions,questions,NNS,NN
2270,Canada_2011,0,73,1,as,as,IN,IN
2271,Canada_2011,0,73,2,to,to,TO,TO
2272,Canada_2011,0,73,3,Qualifications,qualifications,NNP,NN
2273,Canada_2011,0,73,4,and,and,CC,CC
2274,Canada_2011,0,73,5,Vacancies,vacancies,NNP,NN
2275,Canada_2011,0,73,6,in,in,IN,IN
2276,Canada_2011,0,73,7,Senate,senate,NNP,NN
2277,Canada_2011,0,73,8,Share,share,NNP,NN
2278,Canada_2011,0,73,9,If,if,IN,IN
2279,Canada_2011,0,73,10,any,any,DT,DT
2280,Canada_2011,0,73,11,Question,question,NNP,NN
2281,Canada_2011,0,73,12,arises,arises,NNS,NN
2282,Canada_2011,0,73,13,respecting,respecting,VBG,VB
2283,Canada_2011,0,73,14,the,the,DT,DT
2284,Canada_2011,0,73,15,Qualification,qualification,NN,NN
2285,Canada_2011,0,73,16,of,of,IN,IN
2286,Canada_2011,0,73,17,a,a,DT,DT
2287,Canada_2011,0,73,18,Senator,senator,NNP,NN
2288,Canada_2011,0,73,19,or,or,CC,CC
2289,Canada_2011,0,73,20,a,a,DT,DT
2290,Canada_2011,0,73,21,Vacancy,vacancy,NN,NN
2291,Canada_2011,0,73,22,in,in,IN,IN
2292,Canada_2011,0,73,23,the,the,DT,DT
2293,Canada_2011,0,73,24,Senate,senate,NNP,NN
2294,Canada_2011,0,73,25,the,the,DT,DT
2295,Canada_2011,0,73,26,same,same,JJ,JJ
2296,Canada_2011,0,73,27,shall,shall,MD,MD
2297,Canada_2011,0,73,28,be,be,VB,VB
2298,Canada_2011,0,73,29,heard,heard,VBN,VB
2299,Canada_2011,0,73,30,and,and,CC,CC
2300,Canada_2011,0,73,31,determined,determined,VBN,VB
2301,Canada_2011,0,73,32,by,by,IN,IN
2302,Canada_2011,0,73,33,the,the,DT,DT
2303,Canada_2011,0,73,34,Senate,senate,NNP,NN
2304,Canada_2011,0,74,0,34,34,CD,CD
2305,Canada_2011,0,75,0,Appointment,appointment,NN,NN
2306,Canada_2011,0,75,1,of,of,IN,IN
2307,Canada_2011,0,75,2,Speaker,speaker,NNP,NN
2308,Canada_2011,0,75,3,of,of,IN,IN
2309,Canada_2011,0,75,4,Senate,senate,NNP,NN
2310,Canada_2011,0,75,5,Share,share,NNP,NN
2311,Canada_2011,0,75,6,The,the,DT,DT
2312,Canada_2011,0,75,7,Governor,governor,NNP,NN
2313,Canada_2011,0,75,8,General,general,NNP,NN
2314,Canada_2011,0,75,9,may,may,MD,MD
2315,Canada_2011,0,75,10,from,from,IN,IN
2316,Canada_2011,0,75,11,Time,time,NNP,NN
2317,Canada_2011,0,75,12,to,to,TO,TO
2318,Canada_2011,0,75,13,Time,time,NNP,NN
2319,Canada_2011,0,75,15,by,by,IN,IN
2320,Canada_2011,0,75,16,Instrument,instrument,NNP,NN
2321,Canada_2011,0,75,17,under,under,IN,IN
2322,Canada_2011,0,75,18,the,the,DT,DT
2323,Canada_2011,0,75,19,Great,great,NNP,NN
2324,Canada_2011,0,75,20,Seal,seal,NNP,NN
2325,Canada_2011,0,75,21,of,of,IN,IN
2326,Canada_2011,0,75,22,Canada,canada,NNP,NN
2327,Canada_2011,0,75,24,appoint,appoint,NN,NN
2328,Canada_2011,0,75,25,a,a,DT,DT
2329,Canada_2011,0,75,26,Senator,senator,NN,NN
2330,Canada_2011,0,75,27,to,to,TO,TO
2331,Canada_2011,0,75,28,be,be,VB,VB
2332,Canada_2011,0,75,29,Speaker,speaker,NNP,NN
2333,Canada_2011,0,75,30,of,of,IN,IN
2334,Canada_2011,0,75,31,the,the,DT,DT
2335,Canada_2011,0,75,32,Senate,senate,NNP,NN
2336,Canada_2011,0,75,34,and,and,CC,CC
2337,Canada_2011,0,75,35,may,may,MD,MD
2338,Canada_2011,0,75,36,remove,remove,VB,VB
2339,Canada_2011,0,75,37,him,him,PRP,PR
2340,Canada_2011,0,75,38,and,and,CC,CC
2341,Canada_2011,0,75,39,appoint,appoint,VB,VB
2342,Canada_2011,0,75,40,another,another,DT,DT
2343,Canada_2011,0,75,41,in,in,IN,IN
2344,Canada_2011,0,75,42,his,his,PRP$,PR
2345,Canada_2011,0,75,43,Stead,stead,NN,NN
2346,Canada_2011,0,76,0,35,35,CD,CD
2347,Canada_2011,0,77,0,Quorum,quorum,NN,NN
2348,Canada_2011,0,77,1,of,of,IN,IN
2349,Canada_2011,0,77,2,Senate,senate,NNP,NN
2350,Canada_2011,0,77,3,Share,share,NNP,NN
2351,Canada_2011,0,77,4,Until,until,IN,IN
2352,Canada_2011,0,77,5,the,the,DT,DT
2353,Canada_2011,0,77,6,Parliament,parliament,NNP,NN
2354,Canada_2011,0,77,7,of,of,IN,IN
2355,Canada_2011,0,77,8,Canada,canada,NNP,NN
2356,Canada_2011,0,77,9,otherwise,otherwise,RB,RB
2357,Canada_2011,0,77,10,provides,provides,VBZ,VB
2358,Canada_2011,0,77,12,the,the,DT,DT
2359,Canada_2011,0,77,13,Presence,presence,NN,NN
2360,Canada_2011,0,77,14,of,of,IN,IN
2361,Canada_2011,0,77,15,at,at,IN,IN
2362,Canada_2011,0,77,16,least,least,JJS,JJ
2363,Canada_2011,0,77,17,Fifteen,fifteen,JJ,JJ
2364,Canada_2011,0,77,18,Senators,senators,NNS,NN
2365,Canada_2011,0,77,20,including,including,VBG,VB
2366,Canada_2011,0,77,21,the,the,DT,DT
2367,Canada_2011,0,77,22,Speaker,speaker,NNP,NN
2368,Canada_2011,0,77,24,shall,shall,MD,MD
2369,Canada_2011,0,77,25,be,be,VB,VB
2370,Canada_2011,0,77,26,necessary,necessary,JJ,JJ
2371,Canada_2011,0,77,27,to,to,TO,TO
2372,Canada_2011,0,77,28,constitute,constitute,VB,VB
2373,Canada_2011,0,77,29,a,a,DT,DT
2374,Canada_2011,0,77,30,Meeting,meeting,NN,NN
2375,Canada_2011,0,77,31,of,of,IN,IN
2376,Canada_2011,0,77,32,the,the,DT,DT
2377,Canada_2011,0,77,33,Senate,senate,NNP,NN
2378,Canada_2011,0,77,34,for,for,IN,IN
2379,Canada_2011,0,77,35,the,the,DT,DT
2380,Canada_2011,0,77,36,Exercise,exercise,NNP,NN
2381,Canada_2011,0,77,37,of,of,IN,IN
2382,Canada_2011,0,77,38,its,its,PRP$,PR
2383,Canada_2011,0,77,39,Powers,powers,NNS,NN
2384,Canada_2011,0,78,0,36,36,CD,CD
2385,Canada_2011,0,79,0,Voting,voting,VBG,VB
2386,Canada_2011,0,79,1,in,in,IN,IN
2387,Canada_2011,0,79,2,Senate,senate,NNP,NN
2388,Canada_2011,0,79,3,Share,share,NNP,NN
2389,Canada_2011,0,79,4,Questions,questions,NNP,NN
2390,Canada_2011,0,79,5,arising,arising,VBG,VB
2391,Canada_2011,0,79,6,in,in,IN,IN
2392,Canada_2011,0,79,7,the,the,DT,DT
2393,Canada_2011,0,79,8,Senate,senate,NNP,NN
2394,Canada_2011,0,79,9,shall,shall,MD,MD
2395,Canada_2011,0,79,10,be,be,VB,VB
2396,Canada_2011,0,79,11,decided,decided,VBN,VB
2397,Canada_2011,0,79,12,by,by,IN,IN
2398,Canada_2011,0,79,13,a,a,DT,DT
2399,Canada_2011,0,79,14,Majority,majority,NNP,NN
2400,Canada_2011,0,79,15,of,of,IN,IN
2401,Canada_2011,0,79,16,Voices,voices,NNP,NN
2402,Canada_2011,0,79,18,and,and,CC,CC
2403,Canada_2011,0,79,19,the,the,DT,DT
2404,Canada_2011,0,79,20,Speaker,speaker,NNP,NN
2405,Canada_2011,0,79,21,shall,shall,MD,MD
2406,Canada_2011,0,79,22,in,in,IN,IN
2407,Canada_2011,0,79,23,all,all,DT,DT
2408,Canada_2011,0,79,24,Cases,cases,NNS,NN
2409,Canada_2011,0,79,25,have,have,VBP,VB
2410,Canada_2011,0,79,26,a,a,DT,DT
2411,Canada_2011,0,79,27,Vote,vote,NNP,NN
2412,Canada_2011,0,79,29,and,and,CC,CC
2413,Canada_2011,0,79,30,when,when,WRB,WR
2414,Canada_2011,0,79,31,the,the,DT,DT
2415,Canada_2011,0,79,32,Voices,voices,NNS,NN
2416,Canada_2011,0,79,33,are,are,VBP,VB
2417,Canada_2011,0,79,34,equal,equal,JJ,JJ
2418,Canada_2011,0,79,35,the,the,DT,DT
2419,Canada_2011,0,79,36,Decision,decision,NNP,NN
2420,Canada_2011,0,79,37,shall,shall,MD,MD
2421,Canada_2011,0,79,38,be,be,VB,VB
2422,Canada_2011,0,79,39,deemed,deemed,VBN,VB
2423,Canada_2011,0,79,40,to,to,TO,TO
2424,Canada_2011,0,79,41,be,be,VB,VB
2425,Canada_2011,0,79,42,in,in,IN,IN
2426,Canada_2011,0,79,43,the,the,DT,DT
2427,Canada_2011,0,79,44,Negative,negative,NNP,NN
2428,Canada_2011,0,80,0,Part,part,NN,NN
2429,Canada_2011,0,80,1,2,2,CD,CD
2430,Canada_2011,0,81,0,THE,the,DT,DT
2431,Canada_2011,0,81,1,HOUSE,house,NNP,NN
2432,Canada_2011,0,81,2,OF,of,NNP,NN
2433,Canada_2011,0,81,3,COMMONS,commons,NNP,NN
2434,Canada_2011,0,81,4,37,37,CD,CD
2435,Canada_2011,0,82,0,Constitution,constitution,NN,NN
2436,Canada_2011,0,82,1,of,of,IN,IN
2437,Canada_2011,0,82,2,House,house,NNP,NN
2438,Canada_2011,0,82,3,of,of,IN,IN
2439,Canada_2011,0,82,4,Commons,commons,NNPS,NN
2440,Canada_2011,0,82,5,in,in,IN,IN
2441,Canada_2011,0,82,6,Canada,canada,NNP,NN
2442,Canada_2011,0,82,7,Share,share,NNP,NN
2443,Canada_2011,0,82,8,The,the,DT,DT
2444,Canada_2011,0,82,9,House,house,NNP,NN
2445,Canada_2011,0,82,10,of,of,IN,IN
2446,Canada_2011,0,82,11,Commons,commons,NNPS,NN
2447,Canada_2011,0,82,12,shall,shall,MD,MD
2448,Canada_2011,0,82,14,subject,subject,JJ,JJ
2449,Canada_2011,0,82,15,to,to,TO,TO
2450,Canada_2011,0,82,16,the,the,DT,DT
2451,Canada_2011,0,82,17,Provisions,provisions,NNPS,NN
2452,Canada_2011,0,82,18,of,of,IN,IN
2453,Canada_2011,0,82,19,this,this,DT,DT
2454,Canada_2011,0,82,20,Act,act,NNP,NN
2455,Canada_2011,0,82,22,consist,consist,NN,NN
2456,Canada_2011,0,82,23,of,of,IN,IN
2457,Canada_2011,0,82,24,three,three,CD,CD
2458,Canada_2011,0,82,25,hundred,hundred,CD,CD
2459,Canada_2011,0,82,26,and,and,CC,CC
2460,Canada_2011,0,82,27,eight,eight,CD,CD
2461,Canada_2011,0,82,28,members,members,NNS,NN
2462,Canada_2011,0,82,29,of,of,IN,IN
2463,Canada_2011,0,82,30,whom,whom,WP,WP
2464,Canada_2011,0,82,31,one,one,CD,CD
2465,Canada_2011,0,82,32,hundred,hundred,CD,CD
2466,Canada_2011,0,82,33,and,and,CC,CC
2467,Canada_2011,0,82,34,six,six,CD,CD
2468,Canada_2011,0,82,35,shall,shall,MD,MD
2469,Canada_2011,0,82,36,be,be,VB,VB
2470,Canada_2011,0,82,37,elected,elected,VBN,VB
2471,Canada_2011,0,82,38,for,for,IN,IN
2472,Canada_2011,0,82,39,Ontario,ontario,NNP,NN
2473,Canada_2011,0,82,41,seventy-five,seventyfive,JJ,JJ
2474,Canada_2011,0,82,42,for,for,IN,IN
2475,Canada_2011,0,82,43,Quebec,quebec,NNP,NN
2476,Canada_2011,0,82,45,eleven,eleven,RB,RB
2477,Canada_2011,0,82,46,for,for,IN,IN
2478,Canada_2011,0,82,47,Nova,nova,NNP,NN
2479,Canada_2011,0,82,48,Scotia,scotia,NNP,NN
2480,Canada_2011,0,82,50,ten,ten,VB,VB
2481,Canada_2011,0,82,51,for,for,IN,IN
2482,Canada_2011,0,82,52,New,new,NNP,NN
2483,Canada_2011,0,82,53,Brunswick,brunswick,NNP,NN
2484,Canada_2011,0,82,55,fourteen,fourteen,NN,NN
2485,Canada_2011,0,82,56,for,for,IN,IN
2486,Canada_2011,0,82,57,Manitoba,manitoba,NNP,NN
2487,Canada_2011,0,82,59,thirty-six,thirtysix,NN,NN
2488,Canada_2011,0,82,60,for,for,IN,IN
2489,Canada_2011,0,82,61,British,british,NNP,NN
2490,Canada_2011,0,82,62,Columbia,columbia,NNP,NN
2491,Canada_2011,0,82,64,four,four,CD,CD
2492,Canada_2011,0,82,65,for,for,IN,IN
2493,Canada_2011,0,82,66,Prince,prince,NNP,NN
2494,Canada_2011,0,82,67,Edward,edward,NNP,NN
2495,Canada_2011,0,82,68,Island,island,NNP,NN
2496,Canada_2011,0,82,70,twenty-eight,twentyeight,JJ,JJ
2497,Canada_2011,0,82,71,for,for,IN,IN
2498,Canada_2011,0,82,72,Alberta,alberta,NNP,NN
2499,Canada_2011,0,82,74,fourteen,fourteen,NN,NN
2500,Canada_2011,0,82,75,for,for,IN,IN
2501,Canada_2011,0,82,76,Saskatchewan,saskatchewan,NNP,NN
2502,Canada_2011,0,82,78,seven,seven,CD,CD
2503,Canada_2011,0,82,79,for,for,IN,IN
2504,Canada_2011,0,82,80,Newfoundland,newfoundland,NNP,NN
2505,Canada_2011,0,82,82,one,one,CD,CD
2506,Canada_2011,0,82,83,for,for,IN,IN
2507,Canada_2011,0,82,84,the,the,DT,DT
2508,Canada_2011,0,82,85,Yukon,yukon,NNP,NN
2509,Canada_2011,0,82,86,Territory,territory,NNP,NN
2510,Canada_2011,0,82,88,one,one,CD,CD
2511,Canada_2011,0,82,89,for,for,IN,IN
2512,Canada_2011,0,82,90,the,the,DT,DT
2513,Canada_2011,0,82,91,Northwest,northwest,NNP,NN
2514,Canada_2011,0,82,92,Territories,territories,NNPS,NN
2515,Canada_2011,0,82,93,and,and,CC,CC
2516,Canada_2011,0,82,94,one,one,CD,CD
2517,Canada_2011,0,82,95,for,for,IN,IN
2518,Canada_2011,0,82,96,Nunavut,nunavut,NNP,NN
2519,Canada_2011,0,83,0,38,38,CD,CD
2520,Canada_2011,0,84,0,Summoning,summoning,VBG,VB
2521,Canada_2011,0,84,1,of,of,IN,IN
2522,Canada_2011,0,84,2,House,house,NNP,NN
2523,Canada_2011,0,84,3,of,of,IN,IN
2524,Canada_2011,0,84,4,Commons,commons,NNPS,NN
2525,Canada_2011,0,84,5,Share,share,NNP,NN
2526,Canada_2011,0,84,6,The,the,DT,DT
2527,Canada_2011,0,84,7,Governor,governor,NNP,NN
2528,Canada_2011,0,84,8,General,general,NNP,NN
2529,Canada_2011,0,84,9,shall,shall,MD,MD
2530,Canada_2011,0,84,10,from,from,IN,IN
2531,Canada_2011,0,84,11,Time,time,NNP,NN
2532,Canada_2011,0,84,12,to,to,TO,TO
2533,Canada_2011,0,84,13,Time,time,NNP,NN
2534,Canada_2011,0,84,15,in,in,IN,IN
2535,Canada_2011,0,84,16,the,the,DT,DT
2536,Canada_2011,0,84,17,Queen,queen,NNP,NN
2537,Canada_2011,0,84,19,s,s,NN,NN
2538,Canada_2011,0,84,20,Name,name,NN,NN
2539,Canada_2011,0,84,22,by,by,IN,IN
2540,Canada_2011,0,84,23,Instrument,instrument,NNP,NN
2541,Canada_2011,0,84,24,under,under,IN,IN
2542,Canada_2011,0,84,25,the,the,DT,DT
2543,Canada_2011,0,84,26,Great,great,NNP,NN
2544,Canada_2011,0,84,27,Seal,seal,NNP,NN
2545,Canada_2011,0,84,28,of,of,IN,IN
2546,Canada_2011,0,84,29,Canada,canada,NNP,NN
2547,Canada_2011,0,84,31,summon,summon,NN,NN
2548,Canada_2011,0,84,32,and,and,CC,CC
2549,Canada_2011,0,84,33,call,call,VB,VB
2550,Canada_2011,0,84,34,together,together,RB,RB
2551,Canada_2011,0,84,35,the,the,DT,DT
2552,Canada_2011,0,84,36,House,house,NNP,NN
2553,Canada_2011,0,84,37,of,of,IN,IN
2554,Canada_2011,0,84,38,Commons,commons,NNPS,NN
2555,Canada_2011,0,85,0,39,39,CD,CD
2556,Canada_2011,0,86,0,Senators,senators,NNS,NN
2557,Canada_2011,0,86,1,not,not,RB,RB
2558,Canada_2011,0,86,2,to,to,TO,TO
2559,Canada_2011,0,86,3,sit,sit,VB,VB
2560,Canada_2011,0,86,4,in,in,IN,IN
2561,Canada_2011,0,86,5,House,house,NNP,NN
2562,Canada_2011,0,86,6,of,of,IN,IN
2563,Canada_2011,0,86,7,Commons,commons,NNPS,NN
2564,Canada_2011,0,86,8,Share,share,NNP,NN
2565,Canada_2011,0,86,9,A,a,NNP,NN
2566,Canada_2011,0,86,10,Senator,senator,NNP,NN
2567,Canada_2011,0,86,11,shall,shall,MD,MD
2568,Canada_2011,0,86,12,not,not,RB,RB
2569,Canada_2011,0,86,13,be,be,VB,VB
2570,Canada_2011,0,86,14,capable,capable,JJ,JJ
2571,Canada_2011,0,86,15,of,of,IN,IN
2572,Canada_2011,0,86,16,being,being,VBG,VB
2573,Canada_2011,0,86,17,elected,elected,VBN,VB
2574,Canada_2011,0,86,18,or,or,CC,CC
2575,Canada_2011,0,86,19,of,of,IN,IN
2576,Canada_2011,0,86,20,sitting,sitting,VBG,VB
2577,Canada_2011,0,86,21,or,or,CC,CC
2578,Canada_2011,0,86,22,voting,voting,VBG,VB
2579,Canada_2011,0,86,23,as,as,IN,IN
2580,Canada_2011,0,86,24,a,a,DT,DT
2581,Canada_2011,0,86,25,Member,member,NNP,NN
2582,Canada_2011,0,86,26,of,of,IN,IN
2583,Canada_2011,0,86,27,the,the,DT,DT
2584,Canada_2011,0,86,28,House,house,NNP,NN
2585,Canada_2011,0,86,29,of,of,IN,IN
2586,Canada_2011,0,86,30,Commons,commons,NNPS,NN
2587,Canada_2011,0,87,0,40,40,CD,CD
2588,Canada_2011,0,88,0,Electoral,electoral,JJ,JJ
2589,Canada_2011,0,88,1,districts,districts,NNS,NN
2590,Canada_2011,0,88,2,of,of,IN,IN
2591,Canada_2011,0,88,3,the,the,DT,DT
2592,Canada_2011,0,88,4,four,four,CD,CD
2593,Canada_2011,0,88,5,Provinces,provinces,NNS,NN
2594,Canada_2011,0,88,6,Share,share,NNP,NN
2595,Canada_2011,0,88,7,Until,until,IN,IN
2596,Canada_2011,0,88,8,the,the,DT,DT
2597,Canada_2011,0,88,9,Parliament,parliament,NNP,NN
2598,Canada_2011,0,88,10,of,of,IN,IN
2599,Canada_2011,0,88,11,Canada,canada,NNP,NN
2600,Canada_2011,0,88,12,otherwise,otherwise,RB,RB
2601,Canada_2011,0,88,13,provides,provides,VBZ,VB
2602,Canada_2011,0,88,15,Ontario,ontario,NNP,NN
2603,Canada_2011,0,88,17,Quebec,quebec,NNP,NN
2604,Canada_2011,0,88,19,Nova,nova,NNP,NN
2605,Canada_2011,0,88,20,Scotia,scotia,NNP,NN
2606,Canada_2011,0,88,22,and,and,CC,CC
2607,Canada_2011,0,88,23,New,new,NNP,NN
2608,Canada_2011,0,88,24,Brunswick,brunswick,NNP,NN
2609,Canada_2011,0,88,25,shall,shall,MD,MD
2610,Canada_2011,0,88,27,for,for,IN,IN
2611,Canada_2011,0,88,28,the,the,DT,DT
2612,Canada_2011,0,88,29,Purposes,purposes,NNS,NN
2613,Canada_2011,0,88,30,of,of,IN,IN
2614,Canada_2011,0,88,31,the,the,DT,DT
2615,Canada_2011,0,88,32,Election,election,NNP,NN
2616,Canada_2011,0,88,33,of,of,IN,IN
2617,Canada_2011,0,88,34,Members,members,NNPS,NN
2618,Canada_2011,0,88,35,to,to,TO,TO
2619,Canada_2011,0,88,36,serve,serve,VB,VB
2620,Canada_2011,0,88,37,in,in,IN,IN
2621,Canada_2011,0,88,38,the,the,DT,DT
2622,Canada_2011,0,88,39,House,house,NNP,NN
2623,Canada_2011,0,88,40,of,of,IN,IN
2624,Canada_2011,0,88,41,Commons,commons,NNPS,NN
2625,Canada_2011,0,88,43,be,be,VB,VB
2626,Canada_2011,0,88,44,divided,divided,VBN,VB
2627,Canada_2011,0,88,45,into,into,IN,IN
2628,Canada_2011,0,88,46,Electoral,electoral,JJ,JJ
2629,Canada_2011,0,88,47,Districts,districts,NNPS,NN
2630,Canada_2011,0,88,48,as,as,IN,IN
2631,Canada_2011,0,88,49,follows,follows,VBZ,VB
2632,Canada_2011,0,88,51,1.Ontario,1ontario,CD,CD
2633,Canada_2011,0,88,52,shall,shall,MD,MD
2634,Canada_2011,0,88,53,be,be,VB,VB
2635,Canada_2011,0,88,54,divided,divided,VBN,VB
2636,Canada_2011,0,88,55,into,into,IN,IN
2637,Canada_2011,0,88,56,the,the,DT,DT
2638,Canada_2011,0,88,57,Counties,counties,NNPS,NN
2639,Canada_2011,0,88,59,Ridings,ridings,NNP,NN
2640,Canada_2011,0,88,60,of,of,IN,IN
2641,Canada_2011,0,88,61,Counties,counties,NNP,NN
2642,Canada_2011,0,88,63,Cities,cities,NNP,NN
2643,Canada_2011,0,88,65,Parts,parts,NNP,NN
2644,Canada_2011,0,88,66,of,of,IN,IN
2645,Canada_2011,0,88,67,Cities,cities,NNP,NN
2646,Canada_2011,0,88,69,and,and,CC,CC
2647,Canada_2011,0,88,70,Towns,towns,NNP,NN
2648,Canada_2011,0,88,71,enumerated,enumerated,VBD,VB
2649,Canada_2011,0,88,72,in,in,IN,IN
2650,Canada_2011,0,88,73,the,the,DT,DT
2651,Canada_2011,0,88,74,First,first,NNP,NN
2652,Canada_2011,0,88,75,Schedule,schedule,NNP,NN
2653,Canada_2011,0,88,76,to,to,TO,TO
2654,Canada_2011,0,88,77,this,this,DT,DT
2655,Canada_2011,0,88,78,Act,act,NNP,NN
2656,Canada_2011,0,88,80,each,each,DT,DT
2657,Canada_2011,0,88,81,whereof,whereof,NN,NN
2658,Canada_2011,0,88,82,shall,shall,MD,MD
2659,Canada_2011,0,88,83,be,be,VB,VB
2660,Canada_2011,0,88,84,an,an,DT,DT
2661,Canada_2011,0,88,85,Electoral,electoral,JJ,JJ
2662,Canada_2011,0,88,86,District,district,NNP,NN
2663,Canada_2011,0,88,88,each,each,DT,DT
2664,Canada_2011,0,88,89,such,such,JJ,JJ
2665,Canada_2011,0,88,90,District,district,NNP,NN
2666,Canada_2011,0,88,91,as,as,IN,IN
2667,Canada_2011,0,88,92,numbered,numbered,VBN,VB
2668,Canada_2011,0,88,93,in,in,IN,IN
2669,Canada_2011,0,88,94,that,that,DT,DT
2670,Canada_2011,0,88,95,Schedule,schedule,NNP,NN
2671,Canada_2011,0,88,96,being,being,VBG,VB
2672,Canada_2011,0,88,97,entitled,entitled,VBN,VB
2673,Canada_2011,0,88,98,to,to,TO,TO
2674,Canada_2011,0,88,99,return,return,VB,VB
2675,Canada_2011,0,88,100,One,one,CD,CD
2676,Canada_2011,0,88,101,Member,member,NNP,NN
2677,Canada_2011,0,89,0,2.Quebec,2quebec,CD,CD
2678,Canada_2011,0,89,1,shall,shall,MD,MD
2679,Canada_2011,0,89,2,be,be,VB,VB
2680,Canada_2011,0,89,3,divided,divided,VBN,VB
2681,Canada_2011,0,89,4,into,into,IN,IN
2682,Canada_2011,0,89,5,Sixty-five,sixtyfive,JJ,JJ
2683,Canada_2011,0,89,6,Electoral,electoral,JJ,JJ
2684,Canada_2011,0,89,7,Districts,districts,NNPS,NN
2685,Canada_2011,0,89,9,composed,composed,VBN,VB
2686,Canada_2011,0,89,10,of,of,IN,IN
2687,Canada_2011,0,89,11,the,the,DT,DT
2688,Canada_2011,0,89,12,Sixty-five,sixtyfive,JJ,JJ
2689,Canada_2011,0,89,13,Electoral,electoral,NNP,NN
2690,Canada_2011,0,89,14,Divisions,divisions,NNP,NN
2691,Canada_2011,0,89,15,into,into,IN,IN
2692,Canada_2011,0,89,16,which,which,WDT,WD
2693,Canada_2011,0,89,17,Lower,lower,NNP,NN
2694,Canada_2011,0,89,18,Canada,canada,NNP,NN
2695,Canada_2011,0,89,19,is,is,VBZ,VB
2696,Canada_2011,0,89,20,at,at,IN,IN
2697,Canada_2011,0,89,21,the,the,DT,DT
2698,Canada_2011,0,89,22,passing,passing,NN,NN
2699,Canada_2011,0,89,23,of,of,IN,IN
2700,Canada_2011,0,89,24,this,this,DT,DT
2701,Canada_2011,0,89,25,Act,act,NNP,NN
2702,Canada_2011,0,89,26,divided,divided,VBD,VB
2703,Canada_2011,0,89,27,under,under,IN,IN
2704,Canada_2011,0,89,28,Chapter,chapter,NNP,NN
2705,Canada_2011,0,89,29,Two,two,CD,CD
2706,Canada_2011,0,89,30,of,of,IN,IN
2707,Canada_2011,0,89,31,the,the,DT,DT
2708,Canada_2011,0,89,32,Consolidated,consolidated,NNP,NN
2709,Canada_2011,0,89,33,Statutes,statutes,NNP,NN
2710,Canada_2011,0,89,34,of,of,IN,IN
2711,Canada_2011,0,89,35,Canada,canada,NNP,NN
2712,Canada_2011,0,89,37,Chapter,chapter,NNP,NN
2713,Canada_2011,0,89,38,Seventy-five,seventyfive,NNP,NN
2714,Canada_2011,0,89,39,of,of,IN,IN
2715,Canada_2011,0,89,40,the,the,DT,DT
2716,Canada_2011,0,89,41,Consolidated,consolidated,NNP,NN
2717,Canada_2011,0,89,42,Statutes,statutes,NNP,NN
2718,Canada_2011,0,89,43,for,for,IN,IN
2719,Canada_2011,0,89,44,Lower,lower,NNP,NN
2720,Canada_2011,0,89,45,Canada,canada,NNP,NN
2721,Canada_2011,0,89,47,and,and,CC,CC
2722,Canada_2011,0,89,48,the,the,DT,DT
2723,Canada_2011,0,89,49,Act,act,NNP,NN
2724,Canada_2011,0,89,50,of,of,IN,IN
2725,Canada_2011,0,89,51,the,the,DT,DT
2726,Canada_2011,0,89,52,Province,province,NNP,NN
2727,Canada_2011,0,89,53,of,of,IN,IN
2728,Canada_2011,0,89,54,Canada,canada,NNP,NN
2729,Canada_2011,0,89,55,of,of,IN,IN
2730,Canada_2011,0,89,56,the,the,DT,DT
2731,Canada_2011,0,89,57,Twenty-third,twentythird,JJ,JJ
2732,Canada_2011,0,89,58,Year,year,NN,NN
2733,Canada_2011,0,89,59,of,of,IN,IN
2734,Canada_2011,0,89,60,the,the,DT,DT
2735,Canada_2011,0,89,61,Queen,queen,NNP,NN
2736,Canada_2011,0,89,63,Chapter,chapter,NNP,NN
2737,Canada_2011,0,89,64,One,one,CD,CD
2738,Canada_2011,0,89,66,or,or,CC,CC
2739,Canada_2011,0,89,67,any,any,DT,DT
2740,Canada_2011,0,89,68,other,other,JJ,JJ
2741,Canada_2011,0,89,69,Act,act,NNP,NN
2742,Canada_2011,0,89,70,amending,amending,VBG,VB
2743,Canada_2011,0,89,71,the,the,DT,DT
2744,Canada_2011,0,89,72,same,same,JJ,JJ
2745,Canada_2011,0,89,73,in,in,IN,IN
2746,Canada_2011,0,89,74,force,force,NN,NN
2747,Canada_2011,0,89,75,at,at,IN,IN
2748,Canada_2011,0,89,76,the,the,DT,DT
2749,Canada_2011,0,89,77,Union,union,NNP,NN
2750,Canada_2011,0,89,79,so,so,IN,IN
2751,Canada_2011,0,89,80,that,that,IN,IN
2752,Canada_2011,0,89,81,each,each,DT,DT
2753,Canada_2011,0,89,82,such,such,JJ,JJ
2754,Canada_2011,0,89,83,Electoral,electoral,JJ,JJ
2755,Canada_2011,0,89,84,Division,division,NNP,NN
2756,Canada_2011,0,89,85,shall,shall,MD,MD
2757,Canada_2011,0,89,86,be,be,VB,VB
2758,Canada_2011,0,89,87,for,for,IN,IN
2759,Canada_2011,0,89,88,the,the,DT,DT
2760,Canada_2011,0,89,89,Purposes,purposes,NNP,NN
2761,Canada_2011,0,89,90,of,of,IN,IN
2762,Canada_2011,0,89,91,this,this,DT,DT
2763,Canada_2011,0,89,92,Act,act,NNP,NN
2764,Canada_2011,0,89,93,an,an,DT,DT
2765,Canada_2011,0,89,94,Electoral,electoral,NNP,NN
2766,Canada_2011,0,89,95,District,district,NNP,NN
2767,Canada_2011,0,89,96,entitled,entitled,VBD,VB
2768,Canada_2011,0,89,97,to,to,TO,TO
2769,Canada_2011,0,89,98,return,return,VB,VB
2770,Canada_2011,0,89,99,One,one,CD,CD
2771,Canada_2011,0,89,100,Member,member,NNP,NN
2772,Canada_2011,0,90,0,3.Each,3each,CD,CD
2773,Canada_2011,0,90,1,of,of,IN,IN
2774,Canada_2011,0,90,2,the,the,DT,DT
2775,Canada_2011,0,90,3,Eighteen,eighteen,NNP,NN
2776,Canada_2011,0,90,4,Counties,counties,NNP,NN
2777,Canada_2011,0,90,5,of,of,IN,IN
2778,Canada_2011,0,90,6,Nova,nova,NNP,NN
2779,Canada_2011,0,90,7,Scotia,scotia,NNP,NN
2780,Canada_2011,0,90,8,shall,shall,MD,MD
2781,Canada_2011,0,90,9,be,be,VB,VB
2782,Canada_2011,0,90,10,an,an,DT,DT
2783,Canada_2011,0,90,11,Electoral,electoral,JJ,JJ
2784,Canada_2011,0,90,12,District,district,NNP,NN
2785,Canada_2011,0,91,0,The,the,DT,DT
2786,Canada_2011,0,91,1,County,county,NNP,NN
2787,Canada_2011,0,91,2,of,of,IN,IN
2788,Canada_2011,0,91,3,Halifax,halifax,NNP,NN
2789,Canada_2011,0,91,4,shall,shall,MD,MD
2790,Canada_2011,0,91,5,be,be,VB,VB
2791,Canada_2011,0,91,6,entitled,entitled,VBN,VB
2792,Canada_2011,0,91,7,to,to,TO,TO
2793,Canada_2011,0,91,8,return,return,VB,VB
2794,Canada_2011,0,91,9,Two,two,CD,CD
2795,Canada_2011,0,91,10,Members,members,NNS,NN
2796,Canada_2011,0,91,12,and,and,CC,CC
2797,Canada_2011,0,91,13,each,each,DT,DT
2798,Canada_2011,0,91,14,of,of,IN,IN
2799,Canada_2011,0,91,15,the,the,DT,DT
2800,Canada_2011,0,91,16,other,other,JJ,JJ
2801,Canada_2011,0,91,17,Counties,counties,NNPS,NN
2802,Canada_2011,0,91,18,One,one,CD,CD
2803,Canada_2011,0,91,19,Member,member,NNP,NN
2804,Canada_2011,0,92,0,4.Each,4each,CD,CD
2805,Canada_2011,0,92,1,of,of,IN,IN
2806,Canada_2011,0,92,2,the,the,DT,DT
2807,Canada_2011,0,92,3,Fourteen,fourteen,NNP,NN
2808,Canada_2011,0,92,4,Counties,counties,NNP,NN
2809,Canada_2011,0,92,5,into,into,IN,IN
2810,Canada_2011,0,92,6,which,which,WDT,WD
2811,Canada_2011,0,92,7,New,new,NNP,NN
2812,Canada_2011,0,92,8,Brunswick,brunswick,NNP,NN
2813,Canada_2011,0,92,9,is,is,VBZ,VB
2814,Canada_2011,0,92,10,divided,divided,VBN,VB
2815,Canada_2011,0,92,12,including,including,VBG,VB
2816,Canada_2011,0,92,13,the,the,DT,DT
2817,Canada_2011,0,92,14,City,city,NNP,NN
2818,Canada_2011,0,92,15,and,and,CC,CC
2819,Canada_2011,0,92,16,County,county,NNP,NN
2820,Canada_2011,0,92,17,of,of,IN,IN
2821,Canada_2011,0,92,18,St.,st,NNP,NN
2822,Canada_2011,0,92,19,John,john,NNP,NN
2823,Canada_2011,0,92,21,shall,shall,MD,MD
2824,Canada_2011,0,92,22,be,be,VB,VB
2825,Canada_2011,0,92,23,an,an,DT,DT
2826,Canada_2011,0,92,24,Electoral,electoral,JJ,JJ
2827,Canada_2011,0,92,25,District,district,NNP,NN
2828,Canada_2011,0,93,0,The,the,DT,DT
2829,Canada_2011,0,93,1,City,city,NNP,NN
2830,Canada_2011,0,93,2,of,of,IN,IN
2831,Canada_2011,0,93,3,St.,st,NNP,NN
2832,Canada_2011,0,93,4,John,john,NNP,NN
2833,Canada_2011,0,93,5,shall,shall,MD,MD
2834,Canada_2011,0,93,6,also,also,RB,RB
2835,Canada_2011,0,93,7,be,be,VB,VB
2836,Canada_2011,0,93,8,a,a,DT,DT
2837,Canada_2011,0,93,9,separate,separate,JJ,JJ
2838,Canada_2011,0,93,10,Electoral,electoral,NNP,NN
2839,Canada_2011,0,93,11,District,district,NNP,NN
2840,Canada_2011,0,94,0,Each,each,DT,DT
2841,Canada_2011,0,94,1,of,of,IN,IN
2842,Canada_2011,0,94,2,those,those,DT,DT
2843,Canada_2011,0,94,3,Fifteen,fifteen,NNP,NN
2844,Canada_2011,0,94,4,Electoral,electoral,NNP,NN
2845,Canada_2011,0,94,5,Districts,districts,NNP,NN
2846,Canada_2011,0,94,6,shall,shall,MD,MD
2847,Canada_2011,0,94,7,be,be,VB,VB
2848,Canada_2011,0,94,8,entitled,entitled,VBN,VB
2849,Canada_2011,0,94,9,to,to,TO,TO
2850,Canada_2011,0,94,10,return,return,VB,VB
2851,Canada_2011,0,94,11,One,one,CD,CD
2852,Canada_2011,0,94,12,Member,member,NNP,NN
2853,Canada_2011,0,95,0,41,41,CD,CD
2854,Canada_2011,0,96,0,Continuance,continuance,NN,NN
2855,Canada_2011,0,96,1,of,of,IN,IN
2856,Canada_2011,0,96,2,existing,existing,VBG,VB
2857,Canada_2011,0,96,3,Election,election,NNP,NN
2858,Canada_2011,0,96,4,Laws,laws,NNP,NN
2859,Canada_2011,0,96,5,until,until,IN,IN
2860,Canada_2011,0,96,6,Parliament,parliament,NNP,NN
2861,Canada_2011,0,96,7,of,of,IN,IN
2862,Canada_2011,0,96,8,Canada,canada,NNP,NN
2863,Canada_2011,0,96,9,otherwise,otherwise,RB,RB
2864,Canada_2011,0,96,10,provides,provides,VBZ,VB
2865,Canada_2011,0,96,11,Share,share,NNP,NN
2866,Canada_2011,0,96,12,Until,until,IN,IN
2867,Canada_2011,0,96,13,the,the,DT,DT
2868,Canada_2011,0,96,14,Parliament,parliament,NNP,NN
2869,Canada_2011,0,96,15,of,of,IN,IN
2870,Canada_2011,0,96,16,Canada,canada,NNP,NN
2871,Canada_2011,0,96,17,otherwise,otherwise,RB,RB
2872,Canada_2011,0,96,18,provides,provides,VBZ,VB
2873,Canada_2011,0,96,20,all,all,DT,DT
2874,Canada_2011,0,96,21,Laws,laws,NNP,NN
2875,Canada_2011,0,96,22,in,in,IN,IN
2876,Canada_2011,0,96,23,force,force,NN,NN
2877,Canada_2011,0,96,24,in,in,IN,IN
2878,Canada_2011,0,96,25,the,the,DT,DT
2879,Canada_2011,0,96,26,several,several,JJ,JJ
2880,Canada_2011,0,96,27,Provinces,provinces,NNS,NN
2881,Canada_2011,0,96,28,at,at,IN,IN
2882,Canada_2011,0,96,29,the,the,DT,DT
2883,Canada_2011,0,96,30,Union,union,NNP,NN
2884,Canada_2011,0,96,31,relative,relative,NN,NN
2885,Canada_2011,0,96,32,to,to,TO,TO
2886,Canada_2011,0,96,33,the,the,DT,DT
2887,Canada_2011,0,96,34,following,following,JJ,JJ
2888,Canada_2011,0,96,35,Matters,matters,NNS,NN
2889,Canada_2011,0,96,36,or,or,CC,CC
2890,Canada_2011,0,96,37,any,any,DT,DT
2891,Canada_2011,0,96,38,of,of,IN,IN
2892,Canada_2011,0,96,39,them,them,PRP,PR
2893,Canada_2011,0,96,41,namely,namely,RB,RB
2894,Canada_2011,0,96,44,the,the,DT,DT
2895,Canada_2011,0,96,45,Qualifications,qualifications,NNS,NN
2896,Canada_2011,0,96,46,and,and,CC,CC
2897,Canada_2011,0,96,47,Disqualifications,disqualifications,NNS,NN
2898,Canada_2011,0,96,48,of,of,IN,IN
2899,Canada_2011,0,96,49,Persons,persons,NNS,NN
2900,Canada_2011,0,96,50,to,to,TO,TO
2901,Canada_2011,0,96,51,be,be,VB,VB
2902,Canada_2011,0,96,52,elected,elected,VBN,VB
2903,Canada_2011,0,96,53,or,or,CC,CC
2904,Canada_2011,0,96,54,to,to,TO,TO
2905,Canada_2011,0,96,55,sit,sit,VB,VB
2906,Canada_2011,0,96,56,or,or,CC,CC
2907,Canada_2011,0,96,57,vote,vote,VB,VB
2908,Canada_2011,0,96,58,as,as,IN,IN
2909,Canada_2011,0,96,59,Members,members,NNS,NN
2910,Canada_2011,0,96,60,of,of,IN,IN
2911,Canada_2011,0,96,61,the,the,DT,DT
2912,Canada_2011,0,96,62,House,house,NNP,NN
2913,Canada_2011,0,96,63,of,of,IN,IN
2914,Canada_2011,0,96,64,Assembly,assembly,NNP,NN
2915,Canada_2011,0,96,65,or,or,CC,CC
2916,Canada_2011,0,96,66,Legislative,legislative,NNP,NN
2917,Canada_2011,0,96,67,Assembly,assembly,NNP,NN
2918,Canada_2011,0,96,68,in,in,IN,IN
2919,Canada_2011,0,96,69,the,the,DT,DT
2920,Canada_2011,0,96,70,several,several,JJ,JJ
2921,Canada_2011,0,96,71,Provinces,provinces,NNS,NN
2922,Canada_2011,0,96,73,the,the,DT,DT
2923,Canada_2011,0,96,74,Voters,voters,NNS,NN
2924,Canada_2011,0,96,75,at,at,IN,IN
2925,Canada_2011,0,96,76,Elections,elections,NNS,NN
2926,Canada_2011,0,96,77,of,of,IN,IN
2927,Canada_2011,0,96,78,such,such,JJ,JJ
2928,Canada_2011,0,96,79,Members,members,NNS,NN
2929,Canada_2011,0,96,81,the,the,DT,DT
2930,Canada_2011,0,96,82,Oaths,oaths,NNP,NN
2931,Canada_2011,0,96,83,to,to,TO,TO
2932,Canada_2011,0,96,84,be,be,VB,VB
2933,Canada_2011,0,96,85,taken,taken,VBN,VB
2934,Canada_2011,0,96,86,by,by,IN,IN
2935,Canada_2011,0,96,87,Voters,voters,NNP,NN
2936,Canada_2011,0,96,89,the,the,DT,DT
2937,Canada_2011,0,96,90,Returning,returning,NNP,NN
2938,Canada_2011,0,96,91,Officers,officers,NNP,NN
2939,Canada_2011,0,96,93,their,their,PRP$,PR
2940,Canada_2011,0,96,94,Powers,powers,NNS,NN
2941,Canada_2011,0,96,95,and,and,CC,CC
2942,Canada_2011,0,96,96,Duties,duties,NNS,NN
2943,Canada_2011,0,96,98,the,the,DT,DT
2944,Canada_2011,0,96,99,Proceedings,proceedings,NNS,NN
2945,Canada_2011,0,96,100,at,at,IN,IN
2946,Canada_2011,0,96,101,Elections,elections,NNP,NN
2947,Canada_2011,0,96,103,the,the,DT,DT
2948,Canada_2011,0,96,104,Periods,periods,NNP,NN
2949,Canada_2011,0,96,105,during,during,IN,IN
2950,Canada_2011,0,96,106,which,which,WDT,WD
2951,Canada_2011,0,96,107,Elections,elections,NNP,NN
2952,Canada_2011,0,96,108,may,may,MD,MD
2953,Canada_2011,0,96,109,be,be,VB,VB
2954,Canada_2011,0,96,110,continued,continued,VBN,VB
2955,Canada_2011,0,96,112,the,the,DT,DT
2956,Canada_2011,0,96,113,Trial,trial,NNP,NN
2957,Canada_2011,0,96,114,of,of,IN,IN
2958,Canada_2011,0,96,115,controverted,controverted,JJ,JJ
2959,Canada_2011,0,96,116,Elections,elections,NNS,NN
2960,Canada_2011,0,96,118,and,and,CC,CC
2961,Canada_2011,0,96,119,Proceedings,proceedings,NNP,NN
2962,Canada_2011,0,96,120,incident,incident,NN,NN
2963,Canada_2011,0,96,121,thereto,thereto,NN,NN
2964,Canada_2011,0,96,123,the,the,DT,DT
2965,Canada_2011,0,96,124,vacating,vacating,NN,NN
2966,Canada_2011,0,96,125,of,of,IN,IN
2967,Canada_2011,0,96,126,Seats,seats,NNS,NN
2968,Canada_2011,0,96,127,of,of,IN,IN
2969,Canada_2011,0,96,128,Members,members,NNS,NN
2970,Canada_2011,0,96,130,and,and,CC,CC
2971,Canada_2011,0,96,131,the,the,DT,DT
2972,Canada_2011,0,96,132,Execution,execution,NNP,NN
2973,Canada_2011,0,96,133,of,of,IN,IN
2974,Canada_2011,0,96,134,new,new,JJ,JJ
2975,Canada_2011,0,96,135,Writs,writs,NNS,NN
2976,Canada_2011,0,96,136,in,in,IN,IN
2977,Canada_2011,0,96,137,case,case,NN,NN
2978,Canada_2011,0,96,138,of,of,IN,IN
2979,Canada_2011,0,96,139,Seats,seats,NNP,NN
2980,Canada_2011,0,96,140,vacated,vacated,VBD,VB
2981,Canada_2011,0,96,141,otherwise,otherwise,RB,RB
2982,Canada_2011,0,96,142,than,than,IN,IN
2983,Canada_2011,0,96,143,by,by,IN,IN
2984,Canada_2011,0,96,144,Dissolution,dissolution,NNP,NN
2985,Canada_2011,0,96,147,shall,shall,MD,MD
2986,Canada_2011,0,96,148,respectively,respectively,RB,RB
2987,Canada_2011,0,96,149,apply,apply,VB,VB
2988,Canada_2011,0,96,150,to,to,TO,TO
2989,Canada_2011,0,96,151,Elections,elections,NNS,NN
2990,Canada_2011,0,96,152,of,of,IN,IN
2991,Canada_2011,0,96,153,Members,members,NNS,NN
2992,Canada_2011,0,96,154,to,to,TO,TO
2993,Canada_2011,0,96,155,serve,serve,VB,VB
2994,Canada_2011,0,96,156,in,in,IN,IN
2995,Canada_2011,0,96,157,the,the,DT,DT
2996,Canada_2011,0,96,158,House,house,NNP,NN
2997,Canada_2011,0,96,159,of,of,IN,IN
2998,Canada_2011,0,96,160,Commons,commons,NNPS,NN
2999,Canada_2011,0,96,161,for,for,IN,IN
3000,Canada_2011,0,96,162,the,the,DT,DT
3001,Canada_2011,0,96,163,same,same,JJ,JJ
3002,Canada_2011,0,96,164,several,several,JJ,JJ
3003,Canada_2011,0,96,165,Provinces,provinces,NNS,NN
3004,Canada_2011,0,97,0,Provided,provided,VBD,VB
3005,Canada_2011,0,97,1,that,that,IN,IN
3006,Canada_2011,0,97,3,until,until,IN,IN
3007,Canada_2011,0,97,4,the,the,DT,DT
3008,Canada_2011,0,97,5,Parliament,parliament,NNP,NN
3009,Canada_2011,0,97,6,of,of,IN,IN
3010,Canada_2011,0,97,7,Canada,canada,NNP,NN
3011,Canada_2011,0,97,8,otherwise,otherwise,RB,RB
3012,Canada_2011,0,97,9,provides,provides,VBZ,VB
3013,Canada_2011,0,97,11,at,at,IN,IN
3014,Canada_2011,0,97,12,any,any,DT,DT
3015,Canada_2011,0,97,13,Election,election,NNP,NN
3016,Canada_2011,0,97,14,for,for,IN,IN
3017,Canada_2011,0,97,15,a,a,DT,DT
3018,Canada_2011,0,97,16,Member,member,NNP,NN
3019,Canada_2011,0,97,17,of,of,IN,IN
3020,Canada_2011,0,97,18,the,the,DT,DT
3021,Canada_2011,0,97,19,House,house,NNP,NN
3022,Canada_2011,0,97,20,of,of,IN,IN
3023,Canada_2011,0,97,21,Commons,commons,NNPS,NN
3024,Canada_2011,0,97,22,for,for,IN,IN
3025,Canada_2011,0,97,23,the,the,DT,DT
3026,Canada_2011,0,97,24,District,district,NNP,NN
3027,Canada_2011,0,97,25,of,of,IN,IN
3028,Canada_2011,0,97,26,Algoma,algoma,NNP,NN
3029,Canada_2011,0,97,28,in,in,IN,IN
3030,Canada_2011,0,97,29,addition,addition,NN,NN
3031,Canada_2011,0,97,30,to,to,TO,TO
3032,Canada_2011,0,97,31,Persons,persons,NNP,NN
3033,Canada_2011,0,97,32,qualified,qualified,VBN,VB
3034,Canada_2011,0,97,33,by,by,IN,IN
3035,Canada_2011,0,97,34,the,the,DT,DT
3036,Canada_2011,0,97,35,Law,law,NNP,NN
3037,Canada_2011,0,97,36,of,of,IN,IN
3038,Canada_2011,0,97,37,the,the,DT,DT
3039,Canada_2011,0,97,38,Province,province,NNP,NN
3040,Canada_2011,0,97,39,of,of,IN,IN
3041,Canada_2011,0,97,40,Canada,canada,NNP,NN
3042,Canada_2011,0,97,41,to,to,TO,TO
3043,Canada_2011,0,97,42,vote,vote,VB,VB
3044,Canada_2011,0,97,44,every,every,DT,DT
3045,Canada_2011,0,97,45,Male,male,NNP,NN
3046,Canada_2011,0,97,46,British,british,NNP,NN
3047,Canada_2011,0,97,47,Subject,subject,NNP,NN
3048,Canada_2011,0,97,49,aged,aged,VBD,VB
3049,Canada_2011,0,97,50,Twenty-one,twentyone,CD,CD
3050,Canada_2011,0,97,51,Years,years,NNS,NN
3051,Canada_2011,0,97,52,or,or,CC,CC
3052,Canada_2011,0,97,53,upwards,upwards,NNS,NN
3053,Canada_2011,0,97,55,being,being,VBG,VB
3054,Canada_2011,0,97,56,a,a,DT,DT
3055,Canada_2011,0,97,57,Householder,householder,NN,NN
3056,Canada_2011,0,97,59,shall,shall,MD,MD
3057,Canada_2011,0,97,60,have,have,VB,VB
3058,Canada_2011,0,97,61,a,a,DT,DT
3059,Canada_2011,0,97,62,Vote,vote,NN,NN
3060,Canada_2011,0,98,0,42,42,CD,CD
3061,Canada_2011,0,99,0,Repealed,repealed,VBN,VB
3062,Canada_2011,0,99,1,43,43,CD,CD
3063,Canada_2011,0,100,0,Repealed,repealed,VBN,VB
3064,Canada_2011,0,100,1,44,44,CD,CD
3065,Canada_2011,0,101,0,As,as,IN,IN
3066,Canada_2011,0,101,1,to,to,TO,TO
3067,Canada_2011,0,101,2,Election,election,NNP,NN
3068,Canada_2011,0,101,3,of,of,IN,IN
3069,Canada_2011,0,101,4,Speaker,speaker,NNP,NN
3070,Canada_2011,0,101,5,of,of,IN,IN
3071,Canada_2011,0,101,6,House,house,NNP,NN
3072,Canada_2011,0,101,7,of,of,IN,IN
3073,Canada_2011,0,101,8,Commons,commons,NNPS,NN
3074,Canada_2011,0,101,9,Share,share,NNP,NN
3075,Canada_2011,0,101,10,The,the,DT,DT
3076,Canada_2011,0,101,11,House,house,NNP,NN
3077,Canada_2011,0,101,12,of,of,IN,IN
3078,Canada_2011,0,101,13,Commons,commons,NNPS,NN
3079,Canada_2011,0,101,14,on,on,IN,IN
3080,Canada_2011,0,101,15,its,its,PRP$,PR
3081,Canada_2011,0,101,16,first,first,JJ,JJ
3082,Canada_2011,0,101,17,assembling,assembling,NN,NN
3083,Canada_2011,0,101,18,after,after,IN,IN
3084,Canada_2011,0,101,19,a,a,DT,DT
3085,Canada_2011,0,101,20,General,general,NNP,NN
3086,Canada_2011,0,101,21,Election,election,NNP,NN
3087,Canada_2011,0,101,22,shall,shall,MD,MD
3088,Canada_2011,0,101,23,proceed,proceed,VB,VB
3089,Canada_2011,0,101,24,with,with,IN,IN
3090,Canada_2011,0,101,25,all,all,DT,DT
3091,Canada_2011,0,101,26,practicable,practicable,JJ,JJ
3092,Canada_2011,0,101,27,Speed,speed,NN,NN
3093,Canada_2011,0,101,28,to,to,TO,TO
3094,Canada_2011,0,101,29,elect,elect,VB,VB
3095,Canada_2011,0,101,30,One,one,CD,CD
3096,Canada_2011,0,101,31,of,of,IN,IN
3097,Canada_2011,0,101,32,its,its,PRP$,PR
3098,Canada_2011,0,101,33,Members,members,NNS,NN
3099,Canada_2011,0,101,34,to,to,TO,TO
3100,Canada_2011,0,101,35,be,be,VB,VB
3101,Canada_2011,0,101,36,Speaker,speaker,NNP,NN
3102,Canada_2011,0,102,0,45,45,CD,CD
3103,Canada_2011,0,103,0,As,as,IN,IN
3104,Canada_2011,0,103,1,to,to,TO,TO
3105,Canada_2011,0,103,2,filling,filling,VBG,VB
3106,Canada_2011,0,103,3,up,up,RP,RP
3107,Canada_2011,0,103,4,Vacancy,vacancy,NNP,NN
3108,Canada_2011,0,103,5,in,in,IN,IN
3109,Canada_2011,0,103,6,Office,office,NNP,NN
3110,Canada_2011,0,103,7,of,of,IN,IN
3111,Canada_2011,0,103,8,Speaker,speaker,NNP,NN
3112,Canada_2011,0,103,9,Share,share,NNP,NN
3113,Canada_2011,0,103,10,In,in,IN,IN
3114,Canada_2011,0,103,11,case,case,NN,NN
3115,Canada_2011,0,103,12,of,of,IN,IN
3116,Canada_2011,0,103,13,a,a,DT,DT
3117,Canada_2011,0,103,14,Vacancy,vacancy,NNP,NN
3118,Canada_2011,0,103,15,happening,happening,VBG,VB
3119,Canada_2011,0,103,16,in,in,IN,IN
3120,Canada_2011,0,103,17,the,the,DT,DT
3121,Canada_2011,0,103,18,Office,office,NNP,NN
3122,Canada_2011,0,103,19,of,of,IN,IN
3123,Canada_2011,0,103,20,Speaker,speaker,NNP,NN
3124,Canada_2011,0,103,21,by,by,IN,IN
3125,Canada_2011,0,103,22,Death,death,NNP,NN
3126,Canada_2011,0,103,24,Resignation,resignation,NNP,NN
3127,Canada_2011,0,103,26,or,or,CC,CC
3128,Canada_2011,0,103,27,otherwise,otherwise,RB,RB
3129,Canada_2011,0,103,29,the,the,DT,DT
3130,Canada_2011,0,103,30,House,house,NNP,NN
3131,Canada_2011,0,103,31,of,of,IN,IN
3132,Canada_2011,0,103,32,Commons,commons,NNPS,NN
3133,Canada_2011,0,103,33,shall,shall,MD,MD
3134,Canada_2011,0,103,34,with,with,IN,IN
3135,Canada_2011,0,103,35,all,all,DT,DT
3136,Canada_2011,0,103,36,practicable,practicable,JJ,JJ
3137,Canada_2011,0,103,37,Speed,speed,NNP,NN
3138,Canada_2011,0,103,38,proceed,proceed,NN,NN
3139,Canada_2011,0,103,39,to,to,TO,TO
3140,Canada_2011,0,103,40,elect,elect,VB,VB
3141,Canada_2011,0,103,41,another,another,DT,DT
3142,Canada_2011,0,103,42,of,of,IN,IN
3143,Canada_2011,0,103,43,its,its,PRP$,PR
3144,Canada_2011,0,103,44,Members,members,NNS,NN
3145,Canada_2011,0,103,45,to,to,TO,TO
3146,Canada_2011,0,103,46,be,be,VB,VB
3147,Canada_2011,0,103,47,Speaker,speaker,NNP,NN
3148,Canada_2011,0,104,0,46,46,CD,CD
3149,Canada_2011,0,105,0,Speaker,speaker,NNP,NN
3150,Canada_2011,0,105,1,to,to,TO,TO
3151,Canada_2011,0,105,2,preside,preside,VB,VB
3152,Canada_2011,0,105,3,Share,share,NNP,NN
3153,Canada_2011,0,105,4,The,the,DT,DT
3154,Canada_2011,0,105,5,Speaker,speaker,NNP,NN
3155,Canada_2011,0,105,6,shall,shall,MD,MD
3156,Canada_2011,0,105,7,preside,preside,VB,VB
3157,Canada_2011,0,105,8,at,at,IN,IN
3158,Canada_2011,0,105,9,all,all,DT,DT
3159,Canada_2011,0,105,10,Meetings,meetings,NNP,NN
3160,Canada_2011,0,105,11,of,of,IN,IN
3161,Canada_2011,0,105,12,the,the,DT,DT
3162,Canada_2011,0,105,13,House,house,NNP,NN
3163,Canada_2011,0,105,14,of,of,IN,IN
3164,Canada_2011,0,105,15,Commons,commons,NNPS,NN
3165,Canada_2011,0,106,0,47,47,CD,CD
3166,Canada_2011,0,107,0,Provision,provision,NN,NN
3167,Canada_2011,0,107,1,in,in,IN,IN
3168,Canada_2011,0,107,2,case,case,NN,NN
3169,Canada_2011,0,107,3,of,of,IN,IN
3170,Canada_2011,0,107,4,Absence,absence,NNP,NN
3171,Canada_2011,0,107,5,of,of,IN,IN
3172,Canada_2011,0,107,6,Speaker,speaker,NNP,NN
3173,Canada_2011,0,107,7,Share,share,NNP,NN
3174,Canada_2011,0,107,8,Until,until,IN,IN
3175,Canada_2011,0,107,9,the,the,DT,DT
3176,Canada_2011,0,107,10,Parliament,parliament,NNP,NN
3177,Canada_2011,0,107,11,of,of,IN,IN
3178,Canada_2011,0,107,12,Canada,canada,NNP,NN
3179,Canada_2011,0,107,13,otherwise,otherwise,RB,RB
3180,Canada_2011,0,107,14,provides,provides,VBZ,VB
3181,Canada_2011,0,107,16,in,in,IN,IN
3182,Canada_2011,0,107,17,case,case,NN,NN
3183,Canada_2011,0,107,18,of,of,IN,IN
3184,Canada_2011,0,107,19,the,the,DT,DT
3185,Canada_2011,0,107,20,Absence,absence,NNP,NN
3186,Canada_2011,0,107,21,for,for,IN,IN
3187,Canada_2011,0,107,22,any,any,DT,DT
3188,Canada_2011,0,107,23,Reason,reason,NNP,NN
3189,Canada_2011,0,107,24,of,of,IN,IN
3190,Canada_2011,0,107,25,the,the,DT,DT
3191,Canada_2011,0,107,26,Speaker,speaker,NNP,NN
3192,Canada_2011,0,107,27,from,from,IN,IN
3193,Canada_2011,0,107,28,the,the,DT,DT
3194,Canada_2011,0,107,29,Chair,chair,NNP,NN
3195,Canada_2011,0,107,30,of,of,IN,IN
3196,Canada_2011,0,107,31,the,the,DT,DT
3197,Canada_2011,0,107,32,House,house,NNP,NN
3198,Canada_2011,0,107,33,of,of,IN,IN
3199,Canada_2011,0,107,34,Commons,commons,NNPS,NN
3200,Canada_2011,0,107,35,for,for,IN,IN
3201,Canada_2011,0,107,36,a,a,DT,DT
3202,Canada_2011,0,107,37,Period,period,NNP,NN
3203,Canada_2011,0,107,38,of,of,IN,IN
3204,Canada_2011,0,107,39,Forty-eight,fortyeight,NNP,NN
3205,Canada_2011,0,107,40,consecutive,consecutive,JJ,JJ
3206,Canada_2011,0,107,41,Hours,hours,NNP,NN
3207,Canada_2011,0,107,43,the,the,DT,DT
3208,Canada_2011,0,107,44,House,house,NNP,NN
3209,Canada_2011,0,107,45,may,may,MD,MD
3210,Canada_2011,0,107,46,elect,elect,VB,VB
3211,Canada_2011,0,107,47,another,another,DT,DT
3212,Canada_2011,0,107,48,of,of,IN,IN
3213,Canada_2011,0,107,49,its,its,PRP$,PR
3214,Canada_2011,0,107,50,Members,members,NNS,NN
3215,Canada_2011,0,107,51,to,to,TO,TO
3216,Canada_2011,0,107,52,act,act,VB,VB
3217,Canada_2011,0,107,53,as,as,IN,IN
3218,Canada_2011,0,107,54,Speaker,speaker,NNP,NN
3219,Canada_2011,0,107,56,and,and,CC,CC
3220,Canada_2011,0,107,57,the,the,DT,DT
3221,Canada_2011,0,107,58,Member,member,NNP,NN
3222,Canada_2011,0,107,59,so,so,RB,RB
3223,Canada_2011,0,107,60,elected,elected,VBD,VB
3224,Canada_2011,0,107,61,shall,shall,MD,MD
3225,Canada_2011,0,107,62,during,during,IN,IN
3226,Canada_2011,0,107,63,the,the,DT,DT
3227,Canada_2011,0,107,64,Continuance,continuance,NNP,NN
3228,Canada_2011,0,107,65,of,of,IN,IN
3229,Canada_2011,0,107,66,such,such,JJ,JJ
3230,Canada_2011,0,107,67,Absence,absence,NNP,NN
3231,Canada_2011,0,107,68,of,of,IN,IN
3232,Canada_2011,0,107,69,the,the,DT,DT
3233,Canada_2011,0,107,70,Speaker,speaker,NNP,NN
3234,Canada_2011,0,107,71,have,have,VBP,VB
3235,Canada_2011,0,107,72,and,and,CC,CC
3236,Canada_2011,0,107,73,execute,execute,VBP,VB
3237,Canada_2011,0,107,74,all,all,PDT,PD
3238,Canada_2011,0,107,75,the,the,DT,DT
3239,Canada_2011,0,107,76,Powers,powers,NNP,NN
3240,Canada_2011,0,107,78,Privileges,privileges,NNP,NN
3241,Canada_2011,0,107,80,and,and,CC,CC
3242,Canada_2011,0,107,81,Duties,duties,NNS,NN
3243,Canada_2011,0,107,82,of,of,IN,IN
3244,Canada_2011,0,107,83,Speaker,speaker,NNP,NN
3245,Canada_2011,0,108,0,48,48,CD,CD
3246,Canada_2011,0,109,0,Quorum,quorum,NNP,NN
3247,Canada_2011,0,109,1,of,of,IN,IN
3248,Canada_2011,0,109,2,House,house,NNP,NN
3249,Canada_2011,0,109,3,of,of,IN,IN
3250,Canada_2011,0,109,4,Commons,commons,NNPS,NN
3251,Canada_2011,0,109,5,Share,share,NNP,NN
3252,Canada_2011,0,109,6,The,the,DT,DT
3253,Canada_2011,0,109,7,Presence,presence,NNP,NN
3254,Canada_2011,0,109,8,of,of,IN,IN
3255,Canada_2011,0,109,9,at,at,IN,IN
3256,Canada_2011,0,109,10,least,least,JJS,JJ
3257,Canada_2011,0,109,11,Twenty,twenty,JJ,JJ
3258,Canada_2011,0,109,12,Members,members,NNS,NN
3259,Canada_2011,0,109,13,of,of,IN,IN
3260,Canada_2011,0,109,14,the,the,DT,DT
3261,Canada_2011,0,109,15,House,house,NNP,NN
3262,Canada_2011,0,109,16,of,of,IN,IN
3263,Canada_2011,0,109,17,Commons,commons,NNPS,NN
3264,Canada_2011,0,109,18,shall,shall,MD,MD
3265,Canada_2011,0,109,19,be,be,VB,VB
3266,Canada_2011,0,109,20,necessary,necessary,JJ,JJ
3267,Canada_2011,0,109,21,to,to,TO,TO
3268,Canada_2011,0,109,22,constitute,constitute,VB,VB
3269,Canada_2011,0,109,23,a,a,DT,DT
3270,Canada_2011,0,109,24,Meeting,meeting,NN,NN
3271,Canada_2011,0,109,25,of,of,IN,IN
3272,Canada_2011,0,109,26,the,the,DT,DT
3273,Canada_2011,0,109,27,House,house,NNP,NN
3274,Canada_2011,0,109,28,for,for,IN,IN
3275,Canada_2011,0,109,29,the,the,DT,DT
3276,Canada_2011,0,109,30,Exercise,exercise,NNP,NN
3277,Canada_2011,0,109,31,of,of,IN,IN
3278,Canada_2011,0,109,32,its,its,PRP$,PR
3279,Canada_2011,0,109,33,Powers,powers,NNP,NN
3280,Canada_2011,0,109,35,and,and,CC,CC
3281,Canada_2011,0,109,36,for,for,IN,IN
3282,Canada_2011,0,109,37,that,that,DT,DT
3283,Canada_2011,0,109,38,Purpose,purpose,NNP,NN
3284,Canada_2011,0,109,39,the,the,DT,DT
3285,Canada_2011,0,109,40,Speaker,speaker,NNP,NN
3286,Canada_2011,0,109,41,shall,shall,MD,MD
3287,Canada_2011,0,109,42,be,be,VB,VB
3288,Canada_2011,0,109,43,reckoned,reckoned,VBN,VB
3289,Canada_2011,0,109,44,as,as,IN,IN
3290,Canada_2011,0,109,45,a,a,DT,DT
3291,Canada_2011,0,109,46,Member,member,NNP,NN
3292,Canada_2011,0,110,0,49,49,CD,CD
3293,Canada_2011,0,111,0,Voting,voting,VBG,VB
3294,Canada_2011,0,111,1,in,in,IN,IN
3295,Canada_2011,0,111,2,House,house,NNP,NN
3296,Canada_2011,0,111,3,of,of,IN,IN
3297,Canada_2011,0,111,4,Commons,commons,NNPS,NN
3298,Canada_2011,0,111,5,Share,share,NNP,NN
3299,Canada_2011,0,111,6,Questions,questions,NNP,NN
3300,Canada_2011,0,111,7,arising,arising,VBG,VB
3301,Canada_2011,0,111,8,in,in,IN,IN
3302,Canada_2011,0,111,9,the,the,DT,DT
3303,Canada_2011,0,111,10,House,house,NNP,NN
3304,Canada_2011,0,111,11,of,of,IN,IN
3305,Canada_2011,0,111,12,Commons,commons,NNPS,NN
3306,Canada_2011,0,111,13,shall,shall,MD,MD
3307,Canada_2011,0,111,14,be,be,VB,VB
3308,Canada_2011,0,111,15,decided,decided,VBN,VB
3309,Canada_2011,0,111,16,by,by,IN,IN
3310,Canada_2011,0,111,17,a,a,DT,DT
3311,Canada_2011,0,111,18,Majority,majority,NNP,NN
3312,Canada_2011,0,111,19,of,of,IN,IN
3313,Canada_2011,0,111,20,Voices,voices,NNP,NN
3314,Canada_2011,0,111,21,other,other,JJ,JJ
3315,Canada_2011,0,111,22,than,than,IN,IN
3316,Canada_2011,0,111,23,that,that,DT,DT
3317,Canada_2011,0,111,24,of,of,IN,IN
3318,Canada_2011,0,111,25,the,the,DT,DT
3319,Canada_2011,0,111,26,Speaker,speaker,NNP,NN
3320,Canada_2011,0,111,28,and,and,CC,CC
3321,Canada_2011,0,111,29,when,when,WRB,WR
3322,Canada_2011,0,111,30,the,the,DT,DT
3323,Canada_2011,0,111,31,Voices,voices,NNS,NN
3324,Canada_2011,0,111,32,are,are,VBP,VB
3325,Canada_2011,0,111,33,equal,equal,JJ,JJ
3326,Canada_2011,0,111,35,but,but,CC,CC
3327,Canada_2011,0,111,36,not,not,RB,RB
3328,Canada_2011,0,111,37,otherwise,otherwise,RB,RB
3329,Canada_2011,0,111,39,the,the,DT,DT
3330,Canada_2011,0,111,40,Speaker,speaker,NNP,NN
3331,Canada_2011,0,111,41,shall,shall,MD,MD
3332,Canada_2011,0,111,42,have,have,VB,VB
3333,Canada_2011,0,111,43,a,a,DT,DT
3334,Canada_2011,0,111,44,Vote,vote,NN,NN
3335,Canada_2011,0,112,0,50,50,CD,CD
3336,Canada_2011,0,113,0,Duration,duration,NN,NN
3337,Canada_2011,0,113,1,of,of,IN,IN
3338,Canada_2011,0,113,2,House,house,NNP,NN
3339,Canada_2011,0,113,3,of,of,IN,IN
3340,Canada_2011,0,113,4,Commons,commons,NNPS,NN
3341,Canada_2011,0,113,5,Share,share,NNP,NN
3342,Canada_2011,0,113,6,Every,every,NNP,NN
3343,Canada_2011,0,113,7,House,house,NNP,NN
3344,Canada_2011,0,113,8,of,of,IN,IN
3345,Canada_2011,0,113,9,Commons,commons,NNPS,NN
3346,Canada_2011,0,113,10,shall,shall,MD,MD
3347,Canada_2011,0,113,11,continue,continue,VB,VB
3348,Canada_2011,0,113,12,for,for,IN,IN
3349,Canada_2011,0,113,13,Five,five,CD,CD
3350,Canada_2011,0,113,14,Years,years,NNS,NN
3351,Canada_2011,0,113,15,from,from,IN,IN
3352,Canada_2011,0,113,16,the,the,DT,DT
3353,Canada_2011,0,113,17,Day,day,NNP,NN
3354,Canada_2011,0,113,18,of,of,IN,IN
3355,Canada_2011,0,113,19,the,the,DT,DT
3356,Canada_2011,0,113,20,Return,return,NNP,NN
3357,Canada_2011,0,113,21,of,of,IN,IN
3358,Canada_2011,0,113,22,the,the,DT,DT
3359,Canada_2011,0,113,23,Writs,writs,NNP,NN
3360,Canada_2011,0,113,24,for,for,IN,IN
3361,Canada_2011,0,113,25,choosing,choosing,VBG,VB
3362,Canada_2011,0,113,26,the,the,DT,DT
3363,Canada_2011,0,113,27,House,house,NNP,NN
3364,Canada_2011,0,113,29,subject,subject,JJ,JJ
3365,Canada_2011,0,113,30,to,to,TO,TO
3366,Canada_2011,0,113,31,be,be,VB,VB
3367,Canada_2011,0,113,32,sooner,sooner,RB,RB
3368,Canada_2011,0,113,33,dissolved,dissolved,VBN,VB
3369,Canada_2011,0,113,34,by,by,IN,IN
3370,Canada_2011,0,113,35,the,the,DT,DT
3371,Canada_2011,0,113,36,Governor,governor,NNP,NN
3372,Canada_2011,0,113,37,General,general,NNP,NN
3373,Canada_2011,0,113,40,and,and,CC,CC
3374,Canada_2011,0,113,41,no,no,DT,DT
3375,Canada_2011,0,113,42,longer,longer,RBR,RB
3376,Canada_2011,0,114,0,51,51,CD,CD
3377,Canada_2011,0,115,0,1,1,CD,CD
3378,Canada_2011,0,116,0,Readjustment,readjustment,NN,NN
3379,Canada_2011,0,116,1,of,of,IN,IN
3380,Canada_2011,0,116,2,representation,representation,NN,NN
3381,Canada_2011,0,116,3,in,in,IN,IN
3382,Canada_2011,0,116,4,Commons,commons,NNP,NN
3383,Canada_2011,0,116,5,Share,share,NNP,NN
3384,Canada_2011,0,116,6,The,the,DT,DT
3385,Canada_2011,0,116,7,number,number,NN,NN
3386,Canada_2011,0,116,8,of,of,IN,IN
3387,Canada_2011,0,116,9,members,members,NNS,NN
3388,Canada_2011,0,116,10,of,of,IN,IN
3389,Canada_2011,0,116,11,the,the,DT,DT
3390,Canada_2011,0,116,12,House,house,NNP,NN
3391,Canada_2011,0,116,13,of,of,IN,IN
3392,Canada_2011,0,116,14,Commons,commons,NNPS,NN
3393,Canada_2011,0,116,15,and,and,CC,CC
3394,Canada_2011,0,116,16,the,the,DT,DT
3395,Canada_2011,0,116,17,representation,representation,NN,NN
3396,Canada_2011,0,116,18,of,of,IN,IN
3397,Canada_2011,0,116,19,the,the,DT,DT
3398,Canada_2011,0,116,20,provinces,provinces,NNS,NN
3399,Canada_2011,0,116,21,therein,therein,VBP,VB
3400,Canada_2011,0,116,22,shall,shall,MD,MD
3401,Canada_2011,0,116,24,on,on,IN,IN
3402,Canada_2011,0,116,25,the,the,DT,DT
3403,Canada_2011,0,116,26,completion,completion,NN,NN
3404,Canada_2011,0,116,27,of,of,IN,IN
3405,Canada_2011,0,116,28,each,each,DT,DT
3406,Canada_2011,0,116,29,decennial,decennial,JJ,JJ
3407,Canada_2011,0,116,30,census,census,NN,NN
3408,Canada_2011,0,116,32,be,be,VB,VB
3409,Canada_2011,0,116,33,readjusted,readjusted,VBN,VB
3410,Canada_2011,0,116,34,by,by,IN,IN
3411,Canada_2011,0,116,35,such,such,JJ,JJ
3412,Canada_2011,0,116,36,authority,authority,NN,NN
3413,Canada_2011,0,116,38,in,in,IN,IN
3414,Canada_2011,0,116,39,such,such,JJ,JJ
3415,Canada_2011,0,116,40,manner,manner,NN,NN
3416,Canada_2011,0,116,42,and,and,CC,CC
3417,Canada_2011,0,116,43,from,from,IN,IN
3418,Canada_2011,0,116,44,such,such,JJ,JJ
3419,Canada_2011,0,116,45,time,time,NN,NN
3420,Canada_2011,0,116,46,as,as,IN,IN
3421,Canada_2011,0,116,47,the,the,DT,DT
3422,Canada_2011,0,116,48,Parliament,parliament,NNP,NN
3423,Canada_2011,0,116,49,of,of,IN,IN
3424,Canada_2011,0,116,50,Canada,canada,NNP,NN
3425,Canada_2011,0,116,51,provides,provides,VBZ,VB
3426,Canada_2011,0,116,52,from,from,IN,IN
3427,Canada_2011,0,116,53,time,time,NN,NN
3428,Canada_2011,0,116,54,to,to,TO,TO
3429,Canada_2011,0,116,55,time,time,NN,NN
3430,Canada_2011,0,116,57,subject,subject,JJ,JJ
3431,Canada_2011,0,116,58,and,and,CC,CC
3432,Canada_2011,0,116,59,according,according,VBG,VB
3433,Canada_2011,0,116,60,to,to,TO,TO
3434,Canada_2011,0,116,61,the,the,DT,DT
3435,Canada_2011,0,116,62,following,following,JJ,JJ
3436,Canada_2011,0,116,63,rules,rules,NNS,NN
3437,Canada_2011,0,116,65,1.There,1there,CD,CD
3438,Canada_2011,0,116,66,shall,shall,MD,MD
3439,Canada_2011,0,116,67,be,be,VB,VB
3440,Canada_2011,0,116,68,assigned,assigned,VBN,VB
3441,Canada_2011,0,116,69,to,to,TO,TO
3442,Canada_2011,0,116,70,each,each,DT,DT
3443,Canada_2011,0,116,71,of,of,IN,IN
3444,Canada_2011,0,116,72,the,the,DT,DT
3445,Canada_2011,0,116,73,provinces,provinces,NNS,NN
3446,Canada_2011,0,116,74,a,a,DT,DT
3447,Canada_2011,0,116,75,number,number,NN,NN
3448,Canada_2011,0,116,76,of,of,IN,IN
3449,Canada_2011,0,116,77,members,members,NNS,NN
3450,Canada_2011,0,116,78,equal,equal,JJ,JJ
3451,Canada_2011,0,116,79,to,to,TO,TO
3452,Canada_2011,0,116,80,the,the,DT,DT
3453,Canada_2011,0,116,81,number,number,NN,NN
3454,Canada_2011,0,116,82,obtained,obtained,VBN,VB
3455,Canada_2011,0,116,83,by,by,IN,IN
3456,Canada_2011,0,116,84,dividing,dividing,VBG,VB
3457,Canada_2011,0,116,85,the,the,DT,DT
3458,Canada_2011,0,116,86,population,population,NN,NN
3459,Canada_2011,0,116,87,of,of,IN,IN
3460,Canada_2011,0,116,88,the,the,DT,DT
3461,Canada_2011,0,116,89,province,province,NN,NN
3462,Canada_2011,0,116,90,by,by,IN,IN
3463,Canada_2011,0,116,91,the,the,DT,DT
3464,Canada_2011,0,116,92,electoral,electoral,JJ,JJ
3465,Canada_2011,0,116,93,quotient,quotient,NN,NN
3466,Canada_2011,0,116,94,and,and,CC,CC
3467,Canada_2011,0,116,95,rounding,rounding,VBG,VB
3468,Canada_2011,0,116,96,up,up,RP,RP
3469,Canada_2011,0,116,97,any,any,DT,DT
3470,Canada_2011,0,116,98,fractional,fractional,JJ,JJ
3471,Canada_2011,0,116,99,remainder,remainder,NN,NN
3472,Canada_2011,0,116,100,to,to,TO,TO
3473,Canada_2011,0,116,101,one,one,CD,CD
3474,Canada_2011,0,117,0,2.If,2if,CD,CD
3475,Canada_2011,0,117,1,the,the,DT,DT
3476,Canada_2011,0,117,2,number,number,NN,NN
3477,Canada_2011,0,117,3,of,of,IN,IN
3478,Canada_2011,0,117,4,members,members,NNS,NN
3479,Canada_2011,0,117,5,assigned,assigned,VBN,VB
3480,Canada_2011,0,117,6,to,to,TO,TO
3481,Canada_2011,0,117,7,a,a,DT,DT
3482,Canada_2011,0,117,8,province,province,NN,NN
3483,Canada_2011,0,117,9,by,by,IN,IN
3484,Canada_2011,0,117,10,the,the,DT,DT
3485,Canada_2011,0,117,11,application,application,NN,NN
3486,Canada_2011,0,117,12,of,of,IN,IN
3487,Canada_2011,0,117,13,rule,rule,NN,NN
3488,Canada_2011,0,117,14,1,1,CD,CD
3489,Canada_2011,0,117,15,and,and,CC,CC
3490,Canada_2011,0,117,16,section,section,NN,NN
3491,Canada_2011,0,117,17,51A,51a,CD,CD
3492,Canada_2011,0,117,18,is,is,VBZ,VB
3493,Canada_2011,0,117,19,less,less,JJR,JJ
3494,Canada_2011,0,117,20,than,than,IN,IN
3495,Canada_2011,0,117,21,the,the,DT,DT
3496,Canada_2011,0,117,22,total,total,JJ,JJ
3497,Canada_2011,0,117,23,number,number,NN,NN
3498,Canada_2011,0,117,24,assigned,assigned,VBN,VB
3499,Canada_2011,0,117,25,to,to,TO,TO
3500,Canada_2011,0,117,26,that,that,DT,DT
3501,Canada_2011,0,117,27,province,province,NN,NN
3502,Canada_2011,0,117,28,on,on,IN,IN
3503,Canada_2011,0,117,29,the,the,DT,DT
3504,Canada_2011,0,117,30,date,date,NN,NN
3505,Canada_2011,0,117,31,of,of,IN,IN
3506,Canada_2011,0,117,32,the,the,DT,DT
3507,Canada_2011,0,117,33,coming,coming,VBG,VB
3508,Canada_2011,0,117,34,into,into,IN,IN
3509,Canada_2011,0,117,35,force,force,NN,NN
3510,Canada_2011,0,117,36,of,of,IN,IN
3511,Canada_2011,0,117,37,the,the,DT,DT
3512,Canada_2011,0,117,38,Constitution,constitution,NNP,NN
3513,Canada_2011,0,117,39,Act,act,NNP,NN
3514,Canada_2011,0,117,41,1985,1985,CD,CD
3515,Canada_2011,0,117,43,Representation,representation,NNP,NN
3516,Canada_2011,0,117,46,there,there,EX,EX
3517,Canada_2011,0,117,47,shall,shall,MD,MD
3518,Canada_2011,0,117,48,be,be,VB,VB
3519,Canada_2011,0,117,49,added,added,VBN,VB
3520,Canada_2011,0,117,50,to,to,TO,TO
3521,Canada_2011,0,117,51,the,the,DT,DT
3522,Canada_2011,0,117,52,number,number,NN,NN
3523,Canada_2011,0,117,53,of,of,IN,IN
3524,Canada_2011,0,117,54,members,members,NNS,NN
3525,Canada_2011,0,117,55,so,so,RB,RB
3526,Canada_2011,0,117,56,assigned,assigned,VBD,VB
3527,Canada_2011,0,117,57,such,such,JJ,JJ
3528,Canada_2011,0,117,58,number,number,NN,NN
3529,Canada_2011,0,117,59,of,of,IN,IN
3530,Canada_2011,0,117,60,members,members,NNS,NN
3531,Canada_2011,0,117,61,as,as,IN,IN
3532,Canada_2011,0,117,62,will,will,MD,MD
3533,Canada_2011,0,117,63,result,result,VB,VB
3534,Canada_2011,0,117,64,in,in,IN,IN
3535,Canada_2011,0,117,65,the,the,DT,DT
3536,Canada_2011,0,117,66,province,province,NN,NN
3537,Canada_2011,0,117,67,having,having,VBG,VB
3538,Canada_2011,0,117,68,the,the,DT,DT
3539,Canada_2011,0,117,69,same,same,JJ,JJ
3540,Canada_2011,0,117,70,number,number,NN,NN
3541,Canada_2011,0,117,71,of,of,IN,IN
3542,Canada_2011,0,117,72,members,members,NNS,NN
3543,Canada_2011,0,117,73,as,as,IN,IN
3544,Canada_2011,0,117,74,were,were,VBD,VB
3545,Canada_2011,0,117,75,assigned,assigned,VBN,VB
3546,Canada_2011,0,117,76,on,on,IN,IN
3547,Canada_2011,0,117,77,that,that,DT,DT
3548,Canada_2011,0,117,78,date,date,NN,NN
3549,Canada_2011,0,118,0,3.After,3after,CD,CD
3550,Canada_2011,0,118,1,the,the,DT,DT
3551,Canada_2011,0,118,2,application,application,NN,NN
3552,Canada_2011,0,118,3,of,of,IN,IN
3553,Canada_2011,0,118,4,rules,rules,NNS,NN
3554,Canada_2011,0,118,5,1,1,CD,CD
3555,Canada_2011,0,118,6,and,and,CC,CC
3556,Canada_2011,0,118,7,2,2,CD,CD
3557,Canada_2011,0,118,8,and,and,CC,CC
3558,Canada_2011,0,118,9,section,section,NN,NN
3559,Canada_2011,0,118,10,51A,51a,CD,CD
3560,Canada_2011,0,118,12,there,there,EX,EX
3561,Canada_2011,0,118,13,shall,shall,MD,MD
3562,Canada_2011,0,118,15,in,in,IN,IN
3563,Canada_2011,0,118,16,respect,respect,NN,NN
3564,Canada_2011,0,118,17,of,of,IN,IN
3565,Canada_2011,0,118,18,each,each,DT,DT
3566,Canada_2011,0,118,19,province,province,NN,NN
3567,Canada_2011,0,118,20,that,that,WDT,WD
3568,Canada_2011,0,118,21,meets,meets,VBZ,VB
3569,Canada_2011,0,118,22,the,the,DT,DT
3570,Canada_2011,0,118,23,condition,condition,NN,NN
3571,Canada_2011,0,118,24,set,set,VBN,VB
3572,Canada_2011,0,118,25,out,out,RP,RP
3573,Canada_2011,0,118,26,in,in,IN,IN
3574,Canada_2011,0,118,27,rule,rule,NN,NN
3575,Canada_2011,0,118,28,4,4,CD,CD
3576,Canada_2011,0,118,30,be,be,VB,VB
3577,Canada_2011,0,118,31,added,added,VBN,VB
3578,Canada_2011,0,118,33,if,if,IN,IN
3579,Canada_2011,0,118,34,necessary,necessary,JJ,JJ
3580,Canada_2011,0,118,36,a,a,DT,DT
3581,Canada_2011,0,118,37,number,number,NN,NN
3582,Canada_2011,0,118,38,of,of,IN,IN
3583,Canada_2011,0,118,39,members,members,NNS,NN
3584,Canada_2011,0,118,40,such,such,JJ,JJ
3585,Canada_2011,0,118,41,that,that,IN,IN
3586,Canada_2011,0,118,43,on,on,IN,IN
3587,Canada_2011,0,118,44,the,the,DT,DT
3588,Canada_2011,0,118,45,completion,completion,NN,NN
3589,Canada_2011,0,118,46,of,of,IN,IN
3590,Canada_2011,0,118,47,the,the,DT,DT
3591,Canada_2011,0,118,48,readjustment,readjustment,NN,NN
3592,Canada_2011,0,118,50,the,the,DT,DT
3593,Canada_2011,0,118,51,number,number,NN,NN
3594,Canada_2011,0,118,52,obtained,obtained,VBN,VB
3595,Canada_2011,0,118,53,by,by,IN,IN
3596,Canada_2011,0,118,54,dividing,dividing,VBG,VB
3597,Canada_2011,0,118,55,the,the,DT,DT
3598,Canada_2011,0,118,56,number,number,NN,NN
3599,Canada_2011,0,118,57,of,of,IN,IN
3600,Canada_2011,0,118,58,members,members,NNS,NN
3601,Canada_2011,0,118,59,assigned,assigned,VBN,VB
3602,Canada_2011,0,118,60,to,to,TO,TO
3603,Canada_2011,0,118,61,that,that,DT,DT
3604,Canada_2011,0,118,62,province,province,NN,NN
3605,Canada_2011,0,118,63,by,by,IN,IN
3606,Canada_2011,0,118,64,the,the,DT,DT
3607,Canada_2011,0,118,65,total,total,JJ,JJ
3608,Canada_2011,0,118,66,number,number,NN,NN
3609,Canada_2011,0,118,67,of,of,IN,IN
3610,Canada_2011,0,118,68,members,members,NNS,NN
3611,Canada_2011,0,118,69,assigned,assigned,VBN,VB
3612,Canada_2011,0,118,70,to,to,TO,TO
3613,Canada_2011,0,118,71,all,all,PDT,PD
3614,Canada_2011,0,118,72,the,the,DT,DT
3615,Canada_2011,0,118,73,provinces,provinces,NNS,NN
3616,Canada_2011,0,118,74,is,is,VBZ,VB
3617,Canada_2011,0,118,75,as,as,RB,RB
3618,Canada_2011,0,118,76,close,close,RB,RB
3619,Canada_2011,0,118,77,as,as,IN,IN
3620,Canada_2011,0,118,78,possible,possible,JJ,JJ
3621,Canada_2011,0,118,79,to,to,TO,TO
3622,Canada_2011,0,118,81,without,without,IN,IN
3623,Canada_2011,0,118,82,being,being,VBG,VB
3624,Canada_2011,0,118,83,below,below,IN,IN
3625,Canada_2011,0,118,85,the,the,DT,DT
3626,Canada_2011,0,118,86,number,number,NN,NN
3627,Canada_2011,0,118,87,obtained,obtained,VBN,VB
3628,Canada_2011,0,118,88,by,by,IN,IN
3629,Canada_2011,0,118,89,dividing,dividing,VBG,VB
3630,Canada_2011,0,118,90,the,the,DT,DT
3631,Canada_2011,0,118,91,population,population,NN,NN
3632,Canada_2011,0,118,92,of,of,IN,IN
3633,Canada_2011,0,118,93,that,that,DT,DT
3634,Canada_2011,0,118,94,province,province,NN,NN
3635,Canada_2011,0,118,95,by,by,IN,IN
3636,Canada_2011,0,118,96,the,the,DT,DT
3637,Canada_2011,0,118,97,total,total,JJ,JJ
3638,Canada_2011,0,118,98,population,population,NN,NN
3639,Canada_2011,0,118,99,of,of,IN,IN
3640,Canada_2011,0,118,100,all,all,PDT,PD
3641,Canada_2011,0,118,101,the,the,DT,DT
3642,Canada_2011,0,118,102,provinces,provinces,NNS,NN
3643,Canada_2011,0,119,0,4.Rule,4rule,CD,CD
3644,Canada_2011,0,119,1,3,3,CD,CD
3645,Canada_2011,0,119,2,applies,applies,NNS,NN
3646,Canada_2011,0,119,3,to,to,TO,TO
3647,Canada_2011,0,119,4,a,a,DT,DT
3648,Canada_2011,0,119,5,province,province,NN,NN
3649,Canada_2011,0,119,6,if,if,IN,IN
3650,Canada_2011,0,119,8,on,on,IN,IN
3651,Canada_2011,0,119,9,the,the,DT,DT
3652,Canada_2011,0,119,10,completion,completion,NN,NN
3653,Canada_2011,0,119,11,of,of,IN,IN
3654,Canada_2011,0,119,12,the,the,DT,DT
3655,Canada_2011,0,119,13,preceding,preceding,VBG,VB
3656,Canada_2011,0,119,14,readjustment,readjustment,NN,NN
3657,Canada_2011,0,119,16,the,the,DT,DT
3658,Canada_2011,0,119,17,number,number,NN,NN
3659,Canada_2011,0,119,18,obtained,obtained,VBN,VB
3660,Canada_2011,0,119,19,by,by,IN,IN
3661,Canada_2011,0,119,20,dividing,dividing,VBG,VB
3662,Canada_2011,0,119,21,the,the,DT,DT
3663,Canada_2011,0,119,22,number,number,NN,NN
3664,Canada_2011,0,119,23,of,of,IN,IN
3665,Canada_2011,0,119,24,members,members,NNS,NN
3666,Canada_2011,0,119,25,assigned,assigned,VBN,VB
3667,Canada_2011,0,119,26,to,to,TO,TO
3668,Canada_2011,0,119,27,that,that,DT,DT
3669,Canada_2011,0,119,28,province,province,NN,NN
3670,Canada_2011,0,119,29,by,by,IN,IN
3671,Canada_2011,0,119,30,the,the,DT,DT
3672,Canada_2011,0,119,31,total,total,JJ,JJ
3673,Canada_2011,0,119,32,number,number,NN,NN
3674,Canada_2011,0,119,33,of,of,IN,IN
3675,Canada_2011,0,119,34,members,members,NNS,NN
3676,Canada_2011,0,119,35,assigned,assigned,VBN,VB
3677,Canada_2011,0,119,36,to,to,TO,TO
3678,Canada_2011,0,119,37,all,all,PDT,PD
3679,Canada_2011,0,119,38,the,the,DT,DT
3680,Canada_2011,0,119,39,provinces,provinces,NNS,NN
3681,Canada_2011,0,119,40,was,was,VBD,VB
3682,Canada_2011,0,119,41,equal,equal,JJ,JJ
3683,Canada_2011,0,119,42,to,to,TO,TO
3684,Canada_2011,0,119,43,or,or,CC,CC
3685,Canada_2011,0,119,44,greater,greater,JJR,JJ
3686,Canada_2011,0,119,45,than,than,IN,IN
3687,Canada_2011,0,119,46,the,the,DT,DT
3688,Canada_2011,0,119,47,number,number,NN,NN
3689,Canada_2011,0,119,48,obtained,obtained,VBN,VB
3690,Canada_2011,0,119,49,by,by,IN,IN
3691,Canada_2011,0,119,50,dividing,dividing,VBG,VB
3692,Canada_2011,0,119,51,the,the,DT,DT
3693,Canada_2011,0,119,52,population,population,NN,NN
3694,Canada_2011,0,119,53,of,of,IN,IN
3695,Canada_2011,0,119,54,that,that,DT,DT
3696,Canada_2011,0,119,55,province,province,NN,NN
3697,Canada_2011,0,119,56,by,by,IN,IN
3698,Canada_2011,0,119,57,the,the,DT,DT
3699,Canada_2011,0,119,58,total,total,JJ,JJ
3700,Canada_2011,0,119,59,population,population,NN,NN
3701,Canada_2011,0,119,60,of,of,IN,IN
3702,Canada_2011,0,119,61,all,all,PDT,PD
3703,Canada_2011,0,119,62,the,the,DT,DT
3704,Canada_2011,0,119,63,provinces,provinces,NNS,NN
3705,Canada_2011,0,119,65,the,the,DT,DT
3706,Canada_2011,0,119,66,population,population,NN,NN
3707,Canada_2011,0,119,67,of,of,IN,IN
3708,Canada_2011,0,119,68,each,each,DT,DT
3709,Canada_2011,0,119,69,province,province,NN,NN
3710,Canada_2011,0,119,70,being,being,VBG,VB
3711,Canada_2011,0,119,71,its,its,PRP$,PR
3712,Canada_2011,0,119,72,population,population,NN,NN
3713,Canada_2011,0,119,73,as,as,IN,IN
3714,Canada_2011,0,119,74,at,at,IN,IN
3715,Canada_2011,0,119,75,July,july,NNP,NN
3716,Canada_2011,0,119,76,1,1,CD,CD
3717,Canada_2011,0,119,77,of,of,IN,IN
3718,Canada_2011,0,119,78,the,the,DT,DT
3719,Canada_2011,0,119,79,year,year,NN,NN
3720,Canada_2011,0,119,80,of,of,IN,IN
3721,Canada_2011,0,119,81,the,the,DT,DT
3722,Canada_2011,0,119,82,decennial,decennial,JJ,JJ
3723,Canada_2011,0,119,83,census,census,NN,NN
3724,Canada_2011,0,119,84,that,that,WDT,WD
3725,Canada_2011,0,119,85,preceded,preceded,VBD,VB
3726,Canada_2011,0,119,86,that,that,IN,IN
3727,Canada_2011,0,119,87,readjustment,readjustment,NN,NN
3728,Canada_2011,0,119,88,according,according,VBG,VB
3729,Canada_2011,0,119,89,to,to,TO,TO
3730,Canada_2011,0,119,90,the,the,DT,DT
3731,Canada_2011,0,119,91,estimates,estimates,NNS,NN
3732,Canada_2011,0,119,92,prepared,prepared,VBD,VB
3733,Canada_2011,0,119,93,for,for,IN,IN
3734,Canada_2011,0,119,94,the,the,DT,DT
3735,Canada_2011,0,119,95,purpose,purpose,NN,NN
3736,Canada_2011,0,119,96,of,of,IN,IN
3737,Canada_2011,0,119,97,that,that,DT,DT
3738,Canada_2011,0,119,98,readjustment,readjustment,NN,NN
3739,Canada_2011,0,120,0,5.Unless,5unless,CD,CD
3740,Canada_2011,0,120,1,the,the,DT,DT
3741,Canada_2011,0,120,2,context,context,NN,NN
3742,Canada_2011,0,120,3,indicates,indicates,VBZ,VB
3743,Canada_2011,0,120,4,otherwise,otherwise,RB,RB
3744,Canada_2011,0,120,6,in,in,IN,IN
3745,Canada_2011,0,120,7,these,these,DT,DT
3746,Canada_2011,0,120,8,rules,rules,NNS,NN
3747,Canada_2011,0,120,10,the,the,DT,DT
3748,Canada_2011,0,120,11,population,population,NN,NN
3749,Canada_2011,0,120,12,of,of,IN,IN
3750,Canada_2011,0,120,13,a,a,DT,DT
3751,Canada_2011,0,120,14,province,province,NN,NN
3752,Canada_2011,0,120,15,is,is,VBZ,VB
3753,Canada_2011,0,120,16,the,the,DT,DT
3754,Canada_2011,0,120,17,estimate,estimate,NN,NN
3755,Canada_2011,0,120,18,of,of,IN,IN
3756,Canada_2011,0,120,19,its,its,PRP$,PR
3757,Canada_2011,0,120,20,population,population,NN,NN
3758,Canada_2011,0,120,21,as,as,IN,IN
3759,Canada_2011,0,120,22,at,at,IN,IN
3760,Canada_2011,0,120,23,July,july,NNP,NN
3761,Canada_2011,0,120,24,1,1,CD,CD
3762,Canada_2011,0,120,25,of,of,IN,IN
3763,Canada_2011,0,120,26,the,the,DT,DT
3764,Canada_2011,0,120,27,year,year,NN,NN
3765,Canada_2011,0,120,28,of,of,IN,IN
3766,Canada_2011,0,120,29,the,the,DT,DT
3767,Canada_2011,0,120,30,most,most,RBS,RB
3768,Canada_2011,0,120,31,recent,recent,JJ,JJ
3769,Canada_2011,0,120,32,decennial,decennial,JJ,JJ
3770,Canada_2011,0,120,33,census,census,NN,NN
3771,Canada_2011,0,121,0,6.In,6in,CD,CD
3772,Canada_2011,0,121,1,these,these,DT,DT
3773,Canada_2011,0,121,2,rules,rules,NNS,NN
3774,Canada_2011,0,121,5,electoral,electoral,JJ,JJ
3775,Canada_2011,0,121,6,quotient,quotient,NN,NN
3776,Canada_2011,0,121,8,means,means,VBZ,VB
3777,Canada_2011,0,121,9,"a.111,166",a111166,JJ,JJ
3778,Canada_2011,0,121,11,in,in,IN,IN
3779,Canada_2011,0,121,12,relation,relation,NN,NN
3780,Canada_2011,0,121,13,to,to,TO,TO
3781,Canada_2011,0,121,14,the,the,DT,DT
3782,Canada_2011,0,121,15,readjustment,readjustment,NN,NN
3783,Canada_2011,0,121,16,following,following,VBG,VB
3784,Canada_2011,0,121,17,the,the,DT,DT
3785,Canada_2011,0,121,18,completion,completion,NN,NN
3786,Canada_2011,0,121,19,of,of,IN,IN
3787,Canada_2011,0,121,20,the,the,DT,DT
3788,Canada_2011,0,121,21,2011,2011,CD,CD
3789,Canada_2011,0,121,22,decennial,decennial,JJ,JJ
3790,Canada_2011,0,121,23,census,census,NN,NN
3791,Canada_2011,0,121,25,and,and,CC,CC
3792,Canada_2011,0,121,26,b.in,bin,JJ,JJ
3793,Canada_2011,0,121,27,relation,relation,NN,NN
3794,Canada_2011,0,121,28,to,to,TO,TO
3795,Canada_2011,0,121,29,the,the,DT,DT
3796,Canada_2011,0,121,30,readjustment,readjustment,NN,NN
3797,Canada_2011,0,121,31,following,following,VBG,VB
3798,Canada_2011,0,121,32,the,the,DT,DT
3799,Canada_2011,0,121,33,completion,completion,NN,NN
3800,Canada_2011,0,121,34,of,of,IN,IN
3801,Canada_2011,0,121,35,any,any,DT,DT
3802,Canada_2011,0,121,36,subsequent,subsequent,JJ,JJ
3803,Canada_2011,0,121,37,decennial,decennial,JJ,JJ
3804,Canada_2011,0,121,38,census,census,NN,NN
3805,Canada_2011,0,121,40,the,the,DT,DT
3806,Canada_2011,0,121,41,number,number,NN,NN
3807,Canada_2011,0,121,42,obtained,obtained,VBN,VB
3808,Canada_2011,0,121,43,by,by,IN,IN
3809,Canada_2011,0,121,44,multiplying,multiplying,VBG,VB
3810,Canada_2011,0,121,45,the,the,DT,DT
3811,Canada_2011,0,121,46,electoral,electoral,JJ,JJ
3812,Canada_2011,0,121,47,quotient,quotient,NN,NN
3813,Canada_2011,0,121,48,that,that,WDT,WD
3814,Canada_2011,0,121,49,was,was,VBD,VB
3815,Canada_2011,0,121,50,applied,applied,VBN,VB
3816,Canada_2011,0,121,51,in,in,IN,IN
3817,Canada_2011,0,121,52,the,the,DT,DT
3818,Canada_2011,0,121,53,preceding,preceding,VBG,VB
3819,Canada_2011,0,121,54,readjustment,readjustment,NN,NN
3820,Canada_2011,0,121,55,by,by,IN,IN
3821,Canada_2011,0,121,56,the,the,DT,DT
3822,Canada_2011,0,121,57,number,number,NN,NN
3823,Canada_2011,0,121,58,that,that,WDT,WD
3824,Canada_2011,0,121,59,is,is,VBZ,VB
3825,Canada_2011,0,121,60,the,the,DT,DT
3826,Canada_2011,0,121,61,average,average,NN,NN
3827,Canada_2011,0,121,62,of,of,IN,IN
3828,Canada_2011,0,121,63,the,the,DT,DT
3829,Canada_2011,0,121,64,numbers,numbers,NNS,NN
3830,Canada_2011,0,121,65,obtained,obtained,VBN,VB
3831,Canada_2011,0,121,66,by,by,IN,IN
3832,Canada_2011,0,121,67,dividing,dividing,VBG,VB
3833,Canada_2011,0,121,68,the,the,DT,DT
3834,Canada_2011,0,121,69,population,population,NN,NN
3835,Canada_2011,0,121,70,of,of,IN,IN
3836,Canada_2011,0,121,71,each,each,DT,DT
3837,Canada_2011,0,121,72,province,province,NN,NN
3838,Canada_2011,0,121,73,by,by,IN,IN
3839,Canada_2011,0,121,74,the,the,DT,DT
3840,Canada_2011,0,121,75,population,population,NN,NN
3841,Canada_2011,0,121,76,of,of,IN,IN
3842,Canada_2011,0,121,77,the,the,DT,DT
3843,Canada_2011,0,121,78,province,province,NN,NN
3844,Canada_2011,0,121,79,as,as,IN,IN
3845,Canada_2011,0,121,80,at,at,IN,IN
3846,Canada_2011,0,121,81,July,july,NNP,NN
3847,Canada_2011,0,121,82,1,1,CD,CD
3848,Canada_2011,0,121,83,of,of,IN,IN
3849,Canada_2011,0,121,84,the,the,DT,DT
3850,Canada_2011,0,121,85,year,year,NN,NN
3851,Canada_2011,0,121,86,of,of,IN,IN
3852,Canada_2011,0,121,87,the,the,DT,DT
3853,Canada_2011,0,121,88,preceding,preceding,VBG,VB
3854,Canada_2011,0,121,89,decennial,decennial,JJ,JJ
3855,Canada_2011,0,121,90,census,census,NN,NN
3856,Canada_2011,0,121,91,according,according,VBG,VB
3857,Canada_2011,0,121,92,to,to,TO,TO
3858,Canada_2011,0,121,93,the,the,DT,DT
3859,Canada_2011,0,121,94,estimates,estimates,NNS,NN
3860,Canada_2011,0,121,95,prepared,prepared,VBD,VB
3861,Canada_2011,0,121,96,for,for,IN,IN
3862,Canada_2011,0,121,97,the,the,DT,DT
3863,Canada_2011,0,121,98,purpose,purpose,NN,NN
3864,Canada_2011,0,121,99,of,of,IN,IN
3865,Canada_2011,0,121,100,the,the,DT,DT
3866,Canada_2011,0,121,101,preceding,preceding,VBG,VB
3867,Canada_2011,0,121,102,readjustment,readjustment,NN,NN
3868,Canada_2011,0,121,104,and,and,CC,CC
3869,Canada_2011,0,121,105,rounding,rounding,VBG,VB
3870,Canada_2011,0,121,106,up,up,RP,RP
3871,Canada_2011,0,121,107,any,any,DT,DT
3872,Canada_2011,0,121,108,fractional,fractional,JJ,JJ
3873,Canada_2011,0,121,109,remainder,remainder,NN,NN
3874,Canada_2011,0,121,110,of,of,IN,IN
3875,Canada_2011,0,121,111,that,that,DT,DT
3876,Canada_2011,0,121,112,multiplication,multiplication,NN,NN
3877,Canada_2011,0,121,113,to,to,TO,TO
3878,Canada_2011,0,121,114,one,one,CD,CD
3879,Canada_2011,0,122,0,1.1,11,CD,CD
3880,Canada_2011,0,123,0,Population,population,NN,NN
3881,Canada_2011,0,123,1,estimates,estimates,NNS,NN
3882,Canada_2011,0,123,2,Share,share,NNP,NN
3883,Canada_2011,0,123,3,For,for,IN,IN
3884,Canada_2011,0,123,4,the,the,DT,DT
3885,Canada_2011,0,123,5,purpose,purpose,NN,NN
3886,Canada_2011,0,123,6,of,of,IN,IN
3887,Canada_2011,0,123,7,the,the,DT,DT
3888,Canada_2011,0,123,8,rules,rules,NNS,NN
3889,Canada_2011,0,123,9,in,in,IN,IN
3890,Canada_2011,0,123,10,subsection,subsection,NN,NN
3891,Canada_2011,0,123,12,1,1,CD,CD
3892,Canada_2011,0,123,15,there,there,EX,EX
3893,Canada_2011,0,123,16,is,is,VBZ,VB
3894,Canada_2011,0,123,17,required,required,VBN,VB
3895,Canada_2011,0,123,18,to,to,TO,TO
3896,Canada_2011,0,123,19,be,be,VB,VB
3897,Canada_2011,0,123,20,prepared,prepared,VBN,VB
3898,Canada_2011,0,123,21,an,an,DT,DT
3899,Canada_2011,0,123,22,estimate,estimate,NN,NN
3900,Canada_2011,0,123,23,of,of,IN,IN
3901,Canada_2011,0,123,24,the,the,DT,DT
3902,Canada_2011,0,123,25,population,population,NN,NN
3903,Canada_2011,0,123,26,of,of,IN,IN
3904,Canada_2011,0,123,27,Canada,canada,NNP,NN
3905,Canada_2011,0,123,28,and,and,CC,CC
3906,Canada_2011,0,123,29,of,of,IN,IN
3907,Canada_2011,0,123,30,each,each,DT,DT
3908,Canada_2011,0,123,31,province,province,NN,NN
3909,Canada_2011,0,123,32,as,as,IN,IN
3910,Canada_2011,0,123,33,at,at,IN,IN
3911,Canada_2011,0,123,34,July,july,NNP,NN
3912,Canada_2011,0,123,35,1,1,CD,CD
3913,Canada_2011,0,123,37,2001,2001,CD,CD
3914,Canada_2011,0,123,38,and,and,CC,CC
3915,Canada_2011,0,123,39,July,july,NNP,NN
3916,Canada_2011,0,123,40,1,1,CD,CD
3917,Canada_2011,0,123,42,2011,2011,CD,CD
3918,Canada_2011,0,123,44,and,and,CC,CC
3919,Canada_2011,0,123,46,in,in,IN,IN
3920,Canada_2011,0,123,47,each,each,DT,DT
3921,Canada_2011,0,123,48,year,year,NN,NN
3922,Canada_2011,0,123,49,following,following,VBG,VB
3923,Canada_2011,0,123,50,the,the,DT,DT
3924,Canada_2011,0,123,51,2011,2011,CD,CD
3925,Canada_2011,0,123,52,decennial,decennial,JJ,JJ
3926,Canada_2011,0,123,53,census,census,NN,NN
3927,Canada_2011,0,123,54,in,in,IN,IN
3928,Canada_2011,0,123,55,which,which,WDT,WD
3929,Canada_2011,0,123,56,a,a,DT,DT
3930,Canada_2011,0,123,57,decennial,decennial,JJ,JJ
3931,Canada_2011,0,123,58,census,census,NN,NN
3932,Canada_2011,0,123,59,is,is,VBZ,VB
3933,Canada_2011,0,123,60,taken,taken,VBN,VB
3934,Canada_2011,0,123,62,as,as,IN,IN
3935,Canada_2011,0,123,63,at,at,IN,IN
3936,Canada_2011,0,123,64,July,july,NNP,NN
3937,Canada_2011,0,123,65,1,1,CD,CD
3938,Canada_2011,0,123,66,of,of,IN,IN
3939,Canada_2011,0,123,67,that,that,DT,DT
3940,Canada_2011,0,123,68,year,year,NN,NN
3941,Canada_2011,0,123,70,by,by,IN,IN
3942,Canada_2011,0,123,71,such,such,JJ,JJ
3943,Canada_2011,0,123,72,authority,authority,NN,NN
3944,Canada_2011,0,123,74,in,in,IN,IN
3945,Canada_2011,0,123,75,such,such,JJ,JJ
3946,Canada_2011,0,123,76,manner,manner,NN,NN
3947,Canada_2011,0,123,78,and,and,CC,CC
3948,Canada_2011,0,123,79,from,from,IN,IN
3949,Canada_2011,0,123,80,such,such,JJ,JJ
3950,Canada_2011,0,123,81,time,time,NN,NN
3951,Canada_2011,0,123,82,as,as,IN,IN
3952,Canada_2011,0,123,83,the,the,DT,DT
3953,Canada_2011,0,123,84,Parliament,parliament,NNP,NN
3954,Canada_2011,0,123,85,of,of,IN,IN
3955,Canada_2011,0,123,86,Canada,canada,NNP,NN
3956,Canada_2011,0,123,87,provides,provides,VBZ,VB
3957,Canada_2011,0,123,88,from,from,IN,IN
3958,Canada_2011,0,123,89,time,time,NN,NN
3959,Canada_2011,0,123,90,to,to,TO,TO
3960,Canada_2011,0,123,91,time,time,NN,NN
3961,Canada_2011,0,124,0,2,2,CD,CD
3962,Canada_2011,0,125,0,Yukon,yukon,NNP,NN
3963,Canada_2011,0,125,1,Territory,territory,NNP,NN
3964,Canada_2011,0,125,3,Northwest,northwest,NNP,NN
3965,Canada_2011,0,125,4,Territories,territories,NNPS,NN
3966,Canada_2011,0,125,5,and,and,CC,CC
3967,Canada_2011,0,125,6,Nunavut,nunavut,NNP,NN
3968,Canada_2011,0,125,7,Share,share,NNP,NN
3969,Canada_2011,0,125,8,The,the,DT,DT
3970,Canada_2011,0,125,9,Yukon,yukon,NNP,NN
3971,Canada_2011,0,125,10,Territory,territory,NNP,NN
3972,Canada_2011,0,125,11,as,as,IN,IN
3973,Canada_2011,0,125,12,bounded,bounded,VBN,VB
3974,Canada_2011,0,125,13,and,and,CC,CC
3975,Canada_2011,0,125,14,described,described,VBN,VB
3976,Canada_2011,0,125,15,in,in,IN,IN
3977,Canada_2011,0,125,16,the,the,DT,DT
3978,Canada_2011,0,125,17,schedule,schedule,NN,NN
3979,Canada_2011,0,125,18,to,to,TO,TO
3980,Canada_2011,0,125,19,chapter,chapter,NN,NN
3981,Canada_2011,0,125,20,Y-2,y2,NNP,NN
3982,Canada_2011,0,125,21,of,of,IN,IN
3983,Canada_2011,0,125,22,the,the,DT,DT
3984,Canada_2011,0,125,23,Revised,revised,VBN,VB
3985,Canada_2011,0,125,24,Statutes,statutes,NNS,NN
3986,Canada_2011,0,125,25,of,of,IN,IN
3987,Canada_2011,0,125,26,Canada,canada,NNP,NN
3988,Canada_2011,0,125,28,1985,1985,CD,CD
3989,Canada_2011,0,125,30,shall,shall,MD,MD
3990,Canada_2011,0,125,31,be,be,VB,VB
3991,Canada_2011,0,125,32,entitled,entitled,VBN,VB
3992,Canada_2011,0,125,33,to,to,TO,TO
3993,Canada_2011,0,125,34,one,one,CD,CD
3994,Canada_2011,0,125,35,member,member,NN,NN
3995,Canada_2011,0,125,37,the,the,DT,DT
3996,Canada_2011,0,125,38,Northwest,northwest,NNP,NN
3997,Canada_2011,0,125,39,Territories,territories,NNPS,NN
3998,Canada_2011,0,125,40,as,as,IN,IN
3999,Canada_2011,0,125,41,bounded,bounded,VBN,VB
4000,Canada_2011,0,125,42,and,and,CC,CC
4001,Canada_2011,0,125,43,described,described,VBN,VB
4002,Canada_2011,0,125,44,in,in,IN,IN
4003,Canada_2011,0,125,45,section,section,NN,NN
4004,Canada_2011,0,125,46,2,2,CD,CD
4005,Canada_2011,0,125,47,of,of,IN,IN
4006,Canada_2011,0,125,48,chapter,chapter,NN,NN
4007,Canada_2011,0,125,49,N-27,n27,NNP,NN
4008,Canada_2011,0,125,50,of,of,IN,IN
4009,Canada_2011,0,125,51,the,the,DT,DT
4010,Canada_2011,0,125,52,Revised,revised,VBN,VB
4011,Canada_2011,0,125,53,Statutes,statutes,NNS,NN
4012,Canada_2011,0,125,54,of,of,IN,IN
4013,Canada_2011,0,125,55,Canada,canada,NNP,NN
4014,Canada_2011,0,125,57,1985,1985,CD,CD
4015,Canada_2011,0,125,59,as,as,IN,IN
4016,Canada_2011,0,125,60,amended,amended,VBN,VB
4017,Canada_2011,0,125,61,by,by,IN,IN
4018,Canada_2011,0,125,62,section,section,NN,NN
4019,Canada_2011,0,125,63,77,77,CD,CD
4020,Canada_2011,0,125,64,of,of,IN,IN
4021,Canada_2011,0,125,65,chapter,chapter,NN,NN
4022,Canada_2011,0,125,66,28,28,CD,CD
4023,Canada_2011,0,125,67,of,of,IN,IN
4024,Canada_2011,0,125,68,the,the,DT,DT
4025,Canada_2011,0,125,69,Statutes,statutes,NNP,NN
4026,Canada_2011,0,125,70,of,of,IN,IN
4027,Canada_2011,0,125,71,Canada,canada,NNP,NN
4028,Canada_2011,0,125,73,1993,1993,CD,CD
4029,Canada_2011,0,125,75,shall,shall,MD,MD
4030,Canada_2011,0,125,76,be,be,VB,VB
4031,Canada_2011,0,125,77,entitled,entitled,VBN,VB
4032,Canada_2011,0,125,78,to,to,TO,TO
4033,Canada_2011,0,125,79,one,one,CD,CD
4034,Canada_2011,0,125,80,member,member,NN,NN
4035,Canada_2011,0,125,82,and,and,CC,CC
4036,Canada_2011,0,125,83,Nunavut,nunavut,NNP,NN
4037,Canada_2011,0,125,84,as,as,IN,IN
4038,Canada_2011,0,125,85,bounded,bounded,VBN,VB
4039,Canada_2011,0,125,86,and,and,CC,CC
4040,Canada_2011,0,125,87,described,described,VBN,VB
4041,Canada_2011,0,125,88,in,in,IN,IN
4042,Canada_2011,0,125,89,section,section,NN,NN
4043,Canada_2011,0,125,90,3,3,CD,CD
4044,Canada_2011,0,125,91,of,of,IN,IN
4045,Canada_2011,0,125,92,chapter,chapter,NN,NN
4046,Canada_2011,0,125,93,28,28,CD,CD
4047,Canada_2011,0,125,94,of,of,IN,IN
4048,Canada_2011,0,125,95,the,the,DT,DT
4049,Canada_2011,0,125,96,Statutes,statutes,NNP,NN
4050,Canada_2011,0,125,97,of,of,IN,IN
4051,Canada_2011,0,125,98,Canada,canada,NNP,NN
4052,Canada_2011,0,125,100,1993,1993,CD,CD
4053,Canada_2011,0,125,102,shall,shall,MD,MD
4054,Canada_2011,0,125,103,be,be,VB,VB
4055,Canada_2011,0,125,104,entitled,entitled,VBN,VB
4056,Canada_2011,0,125,105,to,to,TO,TO
4057,Canada_2011,0,125,106,one,one,CD,CD
4058,Canada_2011,0,125,107,member,member,NN,NN
4059,Canada_2011,0,126,0,51A,51a,CD,CD
4060,Canada_2011,0,127,0,Constitution,constitution,NN,NN
4061,Canada_2011,0,127,1,of,of,IN,IN
4062,Canada_2011,0,127,2,House,house,NNP,NN
4063,Canada_2011,0,127,3,of,of,IN,IN
4064,Canada_2011,0,127,4,Commons,commons,NNPS,NN
4065,Canada_2011,0,127,5,Share,share,NNP,NN
4066,Canada_2011,0,127,6,Notwithstanding,notwithstanding,NNP,NN
4067,Canada_2011,0,127,7,anything,anything,NN,NN
4068,Canada_2011,0,127,8,in,in,IN,IN
4069,Canada_2011,0,127,9,this,this,DT,DT
4070,Canada_2011,0,127,10,Act,act,NNP,NN
4071,Canada_2011,0,127,11,a,a,DT,DT
4072,Canada_2011,0,127,12,province,province,NN,NN
4073,Canada_2011,0,127,13,shall,shall,MD,MD
4074,Canada_2011,0,127,14,always,always,RB,RB
4075,Canada_2011,0,127,15,be,be,VB,VB
4076,Canada_2011,0,127,16,entitled,entitled,VBN,VB
4077,Canada_2011,0,127,17,to,to,TO,TO
4078,Canada_2011,0,127,18,a,a,DT,DT
4079,Canada_2011,0,127,19,number,number,NN,NN
4080,Canada_2011,0,127,20,of,of,IN,IN
4081,Canada_2011,0,127,21,members,members,NNS,NN
4082,Canada_2011,0,127,22,in,in,IN,IN
4083,Canada_2011,0,127,23,the,the,DT,DT
4084,Canada_2011,0,127,24,House,house,NNP,NN
4085,Canada_2011,0,127,25,of,of,IN,IN
4086,Canada_2011,0,127,26,Commons,commons,NNPS,NN
4087,Canada_2011,0,127,27,not,not,RB,RB
4088,Canada_2011,0,127,28,less,less,RBR,RB
4089,Canada_2011,0,127,29,than,than,IN,IN
4090,Canada_2011,0,127,30,the,the,DT,DT
4091,Canada_2011,0,127,31,number,number,NN,NN
4092,Canada_2011,0,127,32,of,of,IN,IN
4093,Canada_2011,0,127,33,senators,senators,NNS,NN
4094,Canada_2011,0,127,34,representing,representing,VBG,VB
4095,Canada_2011,0,127,35,such,such,JJ,JJ
4096,Canada_2011,0,127,36,province,province,NN,NN
4097,Canada_2011,0,128,0,52,52,CD,CD
4098,Canada_2011,0,129,0,Increase,increase,NN,NN
4099,Canada_2011,0,129,1,of,of,IN,IN
4100,Canada_2011,0,129,2,Number,number,NNP,NN
4101,Canada_2011,0,129,3,of,of,IN,IN
4102,Canada_2011,0,129,4,House,house,NNP,NN
4103,Canada_2011,0,129,5,of,of,IN,IN
4104,Canada_2011,0,129,6,Commons,commons,NNPS,NN
4105,Canada_2011,0,129,7,Share,share,NNP,NN
4106,Canada_2011,0,129,8,The,the,DT,DT
4107,Canada_2011,0,129,9,Number,number,NNP,NN
4108,Canada_2011,0,129,10,of,of,IN,IN
4109,Canada_2011,0,129,11,Members,members,NNS,NN
4110,Canada_2011,0,129,12,of,of,IN,IN
4111,Canada_2011,0,129,13,the,the,DT,DT
4112,Canada_2011,0,129,14,House,house,NNP,NN
4113,Canada_2011,0,129,15,of,of,IN,IN
4114,Canada_2011,0,129,16,Commons,commons,NNPS,NN
4115,Canada_2011,0,129,17,may,may,MD,MD
4116,Canada_2011,0,129,18,be,be,VB,VB
4117,Canada_2011,0,129,19,from,from,IN,IN
4118,Canada_2011,0,129,20,Time,time,NNP,NN
4119,Canada_2011,0,129,21,to,to,TO,TO
4120,Canada_2011,0,129,22,Time,time,NNP,NN
4121,Canada_2011,0,129,23,increased,increased,VBN,VB
4122,Canada_2011,0,129,24,by,by,IN,IN
4123,Canada_2011,0,129,25,the,the,DT,DT
4124,Canada_2011,0,129,26,Parliament,parliament,NNP,NN
4125,Canada_2011,0,129,27,of,of,IN,IN
4126,Canada_2011,0,129,28,Canada,canada,NNP,NN
4127,Canada_2011,0,129,30,provided,provided,VBD,VB
4128,Canada_2011,0,129,31,the,the,DT,DT
4129,Canada_2011,0,129,32,proportionate,proportionate,JJ,JJ
4130,Canada_2011,0,129,33,Representation,representation,NN,NN
4131,Canada_2011,0,129,34,of,of,IN,IN
4132,Canada_2011,0,129,35,the,the,DT,DT
4133,Canada_2011,0,129,36,Provinces,provinces,NNPS,NN
4134,Canada_2011,0,129,37,prescribed,prescribed,VBN,VB
4135,Canada_2011,0,129,38,by,by,IN,IN
4136,Canada_2011,0,129,39,this,this,DT,DT
4137,Canada_2011,0,129,40,Act,act,NNP,NN
4138,Canada_2011,0,129,41,is,is,VBZ,VB
4139,Canada_2011,0,129,42,not,not,RB,RB
4140,Canada_2011,0,129,43,thereby,thereby,RB,RB
4141,Canada_2011,0,129,44,disturbed,disturbed,VBN,VB
4142,Canada_2011,0,130,0,Part,part,NN,NN
4143,Canada_2011,0,130,1,3,3,CD,CD
4144,Canada_2011,0,131,0,MONEY,money,NN,NN
4145,Canada_2011,0,131,1,VOTES,votes,NNS,NN
4146,Canada_2011,0,131,3,ROYAL,royal,NNP,NN
4147,Canada_2011,0,131,4,ASSENT,assent,NNP,NN
4148,Canada_2011,0,131,5,53,53,CD,CD
4149,Canada_2011,0,132,0,Appropriation,appropriation,NNP,NN
4150,Canada_2011,0,132,1,and,and,CC,CC
4151,Canada_2011,0,132,2,Tax,tax,NNP,NN
4152,Canada_2011,0,132,3,Bills,bills,NNP,NN
4153,Canada_2011,0,132,4,Share,share,NNP,NN
4154,Canada_2011,0,132,5,Bills,bills,NNP,NN
4155,Canada_2011,0,132,6,for,for,IN,IN
4156,Canada_2011,0,132,7,appropriating,appropriating,VBG,VB
4157,Canada_2011,0,132,8,any,any,DT,DT
4158,Canada_2011,0,132,9,Part,part,NNP,NN
4159,Canada_2011,0,132,10,of,of,IN,IN
4160,Canada_2011,0,132,11,the,the,DT,DT
4161,Canada_2011,0,132,12,Public,public,NNP,NN
4162,Canada_2011,0,132,13,Revenue,revenue,NNP,NN
4163,Canada_2011,0,132,15,or,or,CC,CC
4164,Canada_2011,0,132,16,for,for,IN,IN
4165,Canada_2011,0,132,17,imposing,imposing,VBG,VB
4166,Canada_2011,0,132,18,any,any,DT,DT
4167,Canada_2011,0,132,19,Tax,tax,NNP,NN
4168,Canada_2011,0,132,20,or,or,CC,CC
4169,Canada_2011,0,132,21,Impost,impost,NNP,NN
4170,Canada_2011,0,132,23,shall,shall,MD,MD
4171,Canada_2011,0,132,24,originate,originate,VB,VB
4172,Canada_2011,0,132,25,in,in,IN,IN
4173,Canada_2011,0,132,26,the,the,DT,DT
4174,Canada_2011,0,132,27,House,house,NNP,NN
4175,Canada_2011,0,132,28,of,of,IN,IN
4176,Canada_2011,0,132,29,Commons,commons,NNPS,NN
4177,Canada_2011,0,133,0,54,54,CD,CD
4178,Canada_2011,0,134,0,Recommendation,recommendation,NN,NN
4179,Canada_2011,0,134,1,of,of,IN,IN
4180,Canada_2011,0,134,2,Money,money,NNP,NN
4181,Canada_2011,0,134,3,Votes,votes,NNP,NN
4182,Canada_2011,0,134,4,Share,share,NNP,NN
4183,Canada_2011,0,134,5,It,it,PRP,PR
4184,Canada_2011,0,134,6,shall,shall,MD,MD
4185,Canada_2011,0,134,7,not,not,RB,RB
4186,Canada_2011,0,134,8,be,be,VB,VB
4187,Canada_2011,0,134,9,lawful,lawful,JJ,JJ
4188,Canada_2011,0,134,10,for,for,IN,IN
4189,Canada_2011,0,134,11,the,the,DT,DT
4190,Canada_2011,0,134,12,House,house,NNP,NN
4191,Canada_2011,0,134,13,of,of,IN,IN
4192,Canada_2011,0,134,14,Commons,commons,NNPS,NN
4193,Canada_2011,0,134,15,to,to,TO,TO
4194,Canada_2011,0,134,16,adopt,adopt,VB,VB
4195,Canada_2011,0,134,17,or,or,CC,CC
4196,Canada_2011,0,134,18,pass,pass,VB,VB
4197,Canada_2011,0,134,19,any,any,DT,DT
4198,Canada_2011,0,134,20,Vote,vote,NNP,NN
4199,Canada_2011,0,134,22,Resolution,resolution,NNP,NN
4200,Canada_2011,0,134,24,Address,address,NNP,NN
4201,Canada_2011,0,134,26,or,or,CC,CC
4202,Canada_2011,0,134,27,Bill,bill,NNP,NN
4203,Canada_2011,0,134,28,for,for,IN,IN
4204,Canada_2011,0,134,29,the,the,DT,DT
4205,Canada_2011,0,134,30,Appropriation,appropriation,NNP,NN
4206,Canada_2011,0,134,31,of,of,IN,IN
4207,Canada_2011,0,134,32,any,any,DT,DT
4208,Canada_2011,0,134,33,Part,part,NNP,NN
4209,Canada_2011,0,134,34,of,of,IN,IN
4210,Canada_2011,0,134,35,the,the,DT,DT
4211,Canada_2011,0,134,36,Public,public,NNP,NN
4212,Canada_2011,0,134,37,Revenue,revenue,NNP,NN
4213,Canada_2011,0,134,39,or,or,CC,CC
4214,Canada_2011,0,134,40,of,of,IN,IN
4215,Canada_2011,0,134,41,any,any,DT,DT
4216,Canada_2011,0,134,42,Tax,tax,NNP,NN
4217,Canada_2011,0,134,43,or,or,CC,CC
4218,Canada_2011,0,134,44,Impost,impost,NNP,NN
4219,Canada_2011,0,134,46,to,to,TO,TO
4220,Canada_2011,0,134,47,any,any,DT,DT
4221,Canada_2011,0,134,48,Purpose,purpose,NNP,NN
4222,Canada_2011,0,134,49,that,that,WDT,WD
4223,Canada_2011,0,134,50,has,has,VBZ,VB
4224,Canada_2011,0,134,51,not,not,RB,RB
4225,Canada_2011,0,134,52,been,been,VBN,VB
4226,Canada_2011,0,134,53,first,first,RB,RB
4227,Canada_2011,0,134,54,recommended,recommended,VBN,VB
4228,Canada_2011,0,134,55,to,to,TO,TO
4229,Canada_2011,0,134,56,that,that,DT,DT
4230,Canada_2011,0,134,57,House,house,NNP,NN
4231,Canada_2011,0,134,58,by,by,IN,IN
4232,Canada_2011,0,134,59,Message,message,NNP,NN
4233,Canada_2011,0,134,60,of,of,IN,IN
4234,Canada_2011,0,134,61,the,the,DT,DT
4235,Canada_2011,0,134,62,Governor,governor,NNP,NN
4236,Canada_2011,0,134,63,General,general,NNP,NN
4237,Canada_2011,0,134,64,in,in,IN,IN
4238,Canada_2011,0,134,65,the,the,DT,DT
4239,Canada_2011,0,134,66,Session,session,NNP,NN
4240,Canada_2011,0,134,67,in,in,IN,IN
4241,Canada_2011,0,134,68,which,which,WDT,WD
4242,Canada_2011,0,134,69,such,such,JJ,JJ
4243,Canada_2011,0,134,70,Vote,vote,NNP,NN
4244,Canada_2011,0,134,72,Resolution,resolution,NNP,NN
4245,Canada_2011,0,134,74,Address,address,NNP,NN
4246,Canada_2011,0,134,76,or,or,CC,CC
4247,Canada_2011,0,134,77,Bill,bill,NNP,NN
4248,Canada_2011,0,134,78,is,is,VBZ,VB
4249,Canada_2011,0,134,79,proposed,proposed,VBN,VB
4250,Canada_2011,0,135,0,55,55,CD,CD
4251,Canada_2011,0,136,0,Royal,royal,NNP,NN
4252,Canada_2011,0,136,1,Assent,assent,NNP,NN
4253,Canada_2011,0,136,2,to,to,TO,TO
4254,Canada_2011,0,136,3,Bills,bills,NNP,NN
4255,Canada_2011,0,136,5,etc,etc,FW,FW
4256,Canada_2011,0,136,6,Share,share,NNP,NN
4257,Canada_2011,0,136,7,Where,where,WRB,WR
4258,Canada_2011,0,136,8,a,a,DT,DT
4259,Canada_2011,0,136,9,Bill,bill,NNP,NN
4260,Canada_2011,0,136,10,passed,passed,VBN,VB
4261,Canada_2011,0,136,11,by,by,IN,IN
4262,Canada_2011,0,136,12,the,the,DT,DT
4263,Canada_2011,0,136,13,Houses,houses,NNP,NN
4264,Canada_2011,0,136,14,of,of,IN,IN
4265,Canada_2011,0,136,15,the,the,DT,DT
4266,Canada_2011,0,136,16,Parliament,parliament,NNP,NN
4267,Canada_2011,0,136,17,is,is,VBZ,VB
4268,Canada_2011,0,136,18,presented,presented,VBN,VB
4269,Canada_2011,0,136,19,to,to,TO,TO
4270,Canada_2011,0,136,20,the,the,DT,DT
4271,Canada_2011,0,136,21,Governor,governor,NNP,NN
4272,Canada_2011,0,136,22,General,general,NNP,NN
4273,Canada_2011,0,136,23,for,for,IN,IN
4274,Canada_2011,0,136,24,the,the,DT,DT
4275,Canada_2011,0,136,25,Queen,queen,NNP,NN
4276,Canada_2011,0,136,27,s,s,FW,FW
4277,Canada_2011,0,136,28,Assent,assent,NNP,NN
4278,Canada_2011,0,136,30,he,he,PRP,PR
4279,Canada_2011,0,136,31,shall,shall,MD,MD
4280,Canada_2011,0,136,32,declare,declare,VB,VB
4281,Canada_2011,0,136,34,according,according,VBG,VB
4282,Canada_2011,0,136,35,to,to,TO,TO
4283,Canada_2011,0,136,36,his,his,PRP$,PR
4284,Canada_2011,0,136,37,Discretion,discretion,NNP,NN
4285,Canada_2011,0,136,39,but,but,CC,CC
4286,Canada_2011,0,136,40,subject,subject,JJ,JJ
4287,Canada_2011,0,136,41,to,to,TO,TO
4288,Canada_2011,0,136,42,the,the,DT,DT
4289,Canada_2011,0,136,43,Provisions,provisions,NNPS,NN
4290,Canada_2011,0,136,44,of,of,IN,IN
4291,Canada_2011,0,136,45,this,this,DT,DT
4292,Canada_2011,0,136,46,Act,act,NNP,NN
4293,Canada_2011,0,136,47,and,and,CC,CC
4294,Canada_2011,0,136,48,to,to,TO,TO
4295,Canada_2011,0,136,49,Her,her,NNP,NN
4296,Canada_2011,0,136,50,Majesty,majesty,NNP,NN
4297,Canada_2011,0,136,52,s,s,NN,NN
4298,Canada_2011,0,136,53,Instructions,instructions,NNP,NN
4299,Canada_2011,0,136,55,either,either,RB,RB
4300,Canada_2011,0,136,56,that,that,IN,IN
4301,Canada_2011,0,136,57,he,he,PRP,PR
4302,Canada_2011,0,136,58,assents,assents,VBZ,VB
4303,Canada_2011,0,136,59,thereto,thereto,NN,NN
4304,Canada_2011,0,136,60,in,in,IN,IN
4305,Canada_2011,0,136,61,the,the,DT,DT
4306,Canada_2011,0,136,62,Queen,queen,NNP,NN
4307,Canada_2011,0,136,64,s,s,NN,NN
4308,Canada_2011,0,136,65,Name,name,NNP,NN
4309,Canada_2011,0,136,67,or,or,CC,CC
4310,Canada_2011,0,136,68,that,that,IN,IN
4311,Canada_2011,0,136,69,he,he,PRP,PR
4312,Canada_2011,0,136,70,withholds,withholds,VBZ,VB
4313,Canada_2011,0,136,71,the,the,DT,DT
4314,Canada_2011,0,136,72,Queen,queen,NNP,NN
4315,Canada_2011,0,136,74,s,s,FW,FW
4316,Canada_2011,0,136,75,Assent,assent,NNP,NN
4317,Canada_2011,0,136,77,or,or,CC,CC
4318,Canada_2011,0,136,78,that,that,IN,IN
4319,Canada_2011,0,136,79,he,he,PRP,PR
4320,Canada_2011,0,136,80,reserves,reserves,NNS,NN
4321,Canada_2011,0,136,81,the,the,DT,DT
4322,Canada_2011,0,136,82,Bill,bill,NNP,NN
4323,Canada_2011,0,136,83,for,for,IN,IN
4324,Canada_2011,0,136,84,the,the,DT,DT
4325,Canada_2011,0,136,85,Signification,signification,NNP,NN
4326,Canada_2011,0,136,86,of,of,IN,IN
4327,Canada_2011,0,136,87,the,the,DT,DT
4328,Canada_2011,0,136,88,Queen,queen,NNP,NN
4329,Canada_2011,0,136,90,s,s,JJ,JJ
4330,Canada_2011,0,136,91,Pleasure,pleasure,NNP,NN
4331,Canada_2011,0,137,0,56,56,CD,CD
4332,Canada_2011,0,138,0,Disallowance,disallowance,NN,NN
4333,Canada_2011,0,138,1,by,by,IN,IN
4334,Canada_2011,0,138,2,Order,order,NNP,NN
4335,Canada_2011,0,138,3,in,in,IN,IN
4336,Canada_2011,0,138,4,Council,council,NNP,NN
4337,Canada_2011,0,138,5,of,of,IN,IN
4338,Canada_2011,0,138,6,Act,act,NNP,NN
4339,Canada_2011,0,138,7,assented,assented,VBD,VB
4340,Canada_2011,0,138,8,to,to,TO,TO
4341,Canada_2011,0,138,9,by,by,IN,IN
4342,Canada_2011,0,138,10,Governor,governor,NNP,NN
4343,Canada_2011,0,138,11,General,general,NNP,NN
4344,Canada_2011,0,138,12,Share,share,NNP,NN
4345,Canada_2011,0,138,13,Where,where,NNP,NN
4346,Canada_2011,0,138,14,the,the,DT,DT
4347,Canada_2011,0,138,15,Governor,governor,NNP,NN
4348,Canada_2011,0,138,16,General,general,NNP,NN
4349,Canada_2011,0,138,17,assents,assents,VBZ,VB
4350,Canada_2011,0,138,18,to,to,TO,TO
4351,Canada_2011,0,138,19,a,a,DT,DT
4352,Canada_2011,0,138,20,Bill,bill,NNP,NN
4353,Canada_2011,0,138,21,in,in,IN,IN
4354,Canada_2011,0,138,22,the,the,DT,DT
4355,Canada_2011,0,138,23,Queen,queen,NNP,NN
4356,Canada_2011,0,138,25,s,s,NN,NN
4357,Canada_2011,0,138,26,Name,name,NN,NN
4358,Canada_2011,0,138,28,he,he,PRP,PR
4359,Canada_2011,0,138,29,shall,shall,MD,MD
4360,Canada_2011,0,138,30,by,by,IN,IN
4361,Canada_2011,0,138,31,the,the,DT,DT
4362,Canada_2011,0,138,32,first,first,JJ,JJ
4363,Canada_2011,0,138,33,convenient,convenient,NN,NN
4364,Canada_2011,0,138,34,Opportunity,opportunity,NNP,NN
4365,Canada_2011,0,138,35,send,send,VBP,VB
4366,Canada_2011,0,138,36,an,an,DT,DT
4367,Canada_2011,0,138,37,authentic,authentic,JJ,JJ
4368,Canada_2011,0,138,38,Copy,copy,NN,NN
4369,Canada_2011,0,138,39,of,of,IN,IN
4370,Canada_2011,0,138,40,the,the,DT,DT
4371,Canada_2011,0,138,41,Act,act,NNP,NN
4372,Canada_2011,0,138,42,to,to,TO,TO
4373,Canada_2011,0,138,43,One,one,CD,CD
4374,Canada_2011,0,138,44,of,of,IN,IN
4375,Canada_2011,0,138,45,Her,her,NNP,NN
4376,Canada_2011,0,138,46,Majesty,majesty,NNP,NN
4377,Canada_2011,0,138,48,s,s,NN,NN
4378,Canada_2011,0,138,49,Principal,principal,NNP,NN
4379,Canada_2011,0,138,50,Secretaries,secretaries,NNP,NN
4380,Canada_2011,0,138,51,of,of,IN,IN
4381,Canada_2011,0,138,52,State,state,NNP,NN
4382,Canada_2011,0,138,54,and,and,CC,CC
4383,Canada_2011,0,138,55,if,if,IN,IN
4384,Canada_2011,0,138,56,the,the,DT,DT
4385,Canada_2011,0,138,57,Queen,queen,NNP,NN
4386,Canada_2011,0,138,58,in,in,IN,IN
4387,Canada_2011,0,138,59,Council,council,NNP,NN
4388,Canada_2011,0,138,60,within,within,IN,IN
4389,Canada_2011,0,138,61,Two,two,CD,CD
4390,Canada_2011,0,138,62,Years,years,NNS,NN
4391,Canada_2011,0,138,63,after,after,IN,IN
4392,Canada_2011,0,138,64,Receipt,receipt,NNP,NN
4393,Canada_2011,0,138,65,thereof,thereof,NN,NN
4394,Canada_2011,0,138,66,by,by,IN,IN
4395,Canada_2011,0,138,67,the,the,DT,DT
4396,Canada_2011,0,138,68,Secretary,secretary,NNP,NN
4397,Canada_2011,0,138,69,of,of,IN,IN
4398,Canada_2011,0,138,70,State,state,NNP,NN
4399,Canada_2011,0,138,71,thinks,thinks,NNS,NN
4400,Canada_2011,0,138,72,fit,fit,VBP,VB
4401,Canada_2011,0,138,73,to,to,TO,TO
4402,Canada_2011,0,138,74,disallow,disallow,VB,VB
4403,Canada_2011,0,138,75,the,the,DT,DT
4404,Canada_2011,0,138,76,Act,act,NNP,NN
4405,Canada_2011,0,138,78,such,such,JJ,JJ
4406,Canada_2011,0,138,79,Disallowance,disallowance,NNP,NN
4407,Canada_2011,0,138,81,with,with,IN,IN
4408,Canada_2011,0,138,82,a,a,DT,DT
4409,Canada_2011,0,138,83,Certificate,certificate,NNP,NN
4410,Canada_2011,0,138,84,of,of,IN,IN
4411,Canada_2011,0,138,85,the,the,DT,DT
4412,Canada_2011,0,138,86,Secretary,secretary,NNP,NN
4413,Canada_2011,0,138,87,of,of,IN,IN
4414,Canada_2011,0,138,88,State,state,NNP,NN
4415,Canada_2011,0,138,89,of,of,IN,IN
4416,Canada_2011,0,138,90,the,the,DT,DT
4417,Canada_2011,0,138,91,Day,day,NNP,NN
4418,Canada_2011,0,138,92,on,on,IN,IN
4419,Canada_2011,0,138,93,which,which,WDT,WD
4420,Canada_2011,0,138,94,the,the,DT,DT
4421,Canada_2011,0,138,95,Act,act,NNP,NN
4422,Canada_2011,0,138,96,was,was,VBD,VB
4423,Canada_2011,0,138,97,received,received,VBN,VB
4424,Canada_2011,0,138,98,by,by,IN,IN
4425,Canada_2011,0,138,99,him,him,PRP,PR
4426,Canada_2011,0,138,101,being,being,VBG,VB
4427,Canada_2011,0,138,102,signified,signified,VBN,VB
4428,Canada_2011,0,138,103,by,by,IN,IN
4429,Canada_2011,0,138,104,the,the,DT,DT
4430,Canada_2011,0,138,105,Governor,governor,NNP,NN
4431,Canada_2011,0,138,106,General,general,NNP,NN
4432,Canada_2011,0,138,108,by,by,IN,IN
4433,Canada_2011,0,138,109,Speech,speech,NNP,NN
4434,Canada_2011,0,138,110,or,or,CC,CC
4435,Canada_2011,0,138,111,Message,message,NNP,NN
4436,Canada_2011,0,138,112,to,to,TO,TO
4437,Canada_2011,0,138,113,each,each,DT,DT
4438,Canada_2011,0,138,114,of,of,IN,IN
4439,Canada_2011,0,138,115,the,the,DT,DT
4440,Canada_2011,0,138,116,Houses,houses,NNP,NN
4441,Canada_2011,0,138,117,of,of,IN,IN
4442,Canada_2011,0,138,118,the,the,DT,DT
4443,Canada_2011,0,138,119,Parliament,parliament,NNP,NN
4444,Canada_2011,0,138,120,or,or,CC,CC
4445,Canada_2011,0,138,121,by,by,IN,IN
4446,Canada_2011,0,138,122,Proclamation,proclamation,NNP,NN
4447,Canada_2011,0,138,124,shall,shall,MD,MD
4448,Canada_2011,0,138,125,annul,annul,VB,VB
4449,Canada_2011,0,138,126,the,the,DT,DT
4450,Canada_2011,0,138,127,Act,act,NNP,NN
4451,Canada_2011,0,138,128,from,from,IN,IN
4452,Canada_2011,0,138,129,and,and,CC,CC
4453,Canada_2011,0,138,130,after,after,IN,IN
4454,Canada_2011,0,138,131,the,the,DT,DT
4455,Canada_2011,0,138,132,Day,day,NNP,NN
4456,Canada_2011,0,138,133,of,of,IN,IN
4457,Canada_2011,0,138,134,such,such,JJ,JJ
4458,Canada_2011,0,138,135,Signification,signification,NNP,NN
4459,Canada_2011,0,139,0,57,57,CD,CD
4460,Canada_2011,0,140,0,Signification,signification,NN,NN
4461,Canada_2011,0,140,1,of,of,IN,IN
4462,Canada_2011,0,140,2,Queen,queen,NNP,NN
4463,Canada_2011,0,140,4,s,s,JJ,JJ
4464,Canada_2011,0,140,5,Pleasure,pleasure,NNP,NN
4465,Canada_2011,0,140,6,on,on,IN,IN
4466,Canada_2011,0,140,7,Bill,bill,NNP,NN
4467,Canada_2011,0,140,8,reserved,reserved,VBD,VB
4468,Canada_2011,0,140,9,Share,share,NNP,NN
4469,Canada_2011,0,140,10,A,a,NNP,NN
4470,Canada_2011,0,140,11,Bill,bill,NNP,NN
4471,Canada_2011,0,140,12,reserved,reserved,VBN,VB
4472,Canada_2011,0,140,13,for,for,IN,IN
4473,Canada_2011,0,140,14,the,the,DT,DT
4474,Canada_2011,0,140,15,Signification,signification,NNP,NN
4475,Canada_2011,0,140,16,of,of,IN,IN
4476,Canada_2011,0,140,17,the,the,DT,DT
4477,Canada_2011,0,140,18,Queen,queen,NNP,NN
4478,Canada_2011,0,140,20,s,s,JJ,JJ
4479,Canada_2011,0,140,21,Pleasure,pleasure,NNP,NN
4480,Canada_2011,0,140,22,shall,shall,MD,MD
4481,Canada_2011,0,140,23,not,not,RB,RB
4482,Canada_2011,0,140,24,have,have,VB,VB
4483,Canada_2011,0,140,25,any,any,DT,DT
4484,Canada_2011,0,140,26,Force,force,NNP,NN
4485,Canada_2011,0,140,27,unless,unless,IN,IN
4486,Canada_2011,0,140,28,and,and,CC,CC
4487,Canada_2011,0,140,29,until,until,IN,IN
4488,Canada_2011,0,140,31,within,within,IN,IN
4489,Canada_2011,0,140,32,Two,two,CD,CD
4490,Canada_2011,0,140,33,Years,years,NNS,NN
4491,Canada_2011,0,140,34,from,from,IN,IN
4492,Canada_2011,0,140,35,the,the,DT,DT
4493,Canada_2011,0,140,36,Day,day,NNP,NN
4494,Canada_2011,0,140,37,on,on,IN,IN
4495,Canada_2011,0,140,38,which,which,WDT,WD
4496,Canada_2011,0,140,39,it,it,PRP,PR
4497,Canada_2011,0,140,40,was,was,VBD,VB
4498,Canada_2011,0,140,41,presented,presented,VBN,VB
4499,Canada_2011,0,140,42,to,to,TO,TO
4500,Canada_2011,0,140,43,the,the,DT,DT
4501,Canada_2011,0,140,44,Governor,governor,NNP,NN
4502,Canada_2011,0,140,45,General,general,NNP,NN
4503,Canada_2011,0,140,46,for,for,IN,IN
4504,Canada_2011,0,140,47,the,the,DT,DT
4505,Canada_2011,0,140,48,Queen,queen,NNP,NN
4506,Canada_2011,0,140,50,s,s,FW,FW
4507,Canada_2011,0,140,51,Assent,assent,NNP,NN
4508,Canada_2011,0,140,53,the,the,DT,DT
4509,Canada_2011,0,140,54,Governor,governor,NNP,NN
4510,Canada_2011,0,140,55,General,general,NNP,NN
4511,Canada_2011,0,140,56,signifies,signifies,NNS,NN
4512,Canada_2011,0,140,58,by,by,IN,IN
4513,Canada_2011,0,140,59,Speech,speech,NNP,NN
4514,Canada_2011,0,140,60,or,or,CC,CC
4515,Canada_2011,0,140,61,Message,message,NNP,NN
4516,Canada_2011,0,140,62,to,to,TO,TO
4517,Canada_2011,0,140,63,each,each,DT,DT
4518,Canada_2011,0,140,64,of,of,IN,IN
4519,Canada_2011,0,140,65,the,the,DT,DT
4520,Canada_2011,0,140,66,Houses,houses,NNP,NN
4521,Canada_2011,0,140,67,of,of,IN,IN
4522,Canada_2011,0,140,68,the,the,DT,DT
4523,Canada_2011,0,140,69,Parliament,parliament,NNP,NN
4524,Canada_2011,0,140,70,or,or,CC,CC
4525,Canada_2011,0,140,71,by,by,IN,IN
4526,Canada_2011,0,140,72,Proclamation,proclamation,NNP,NN
4527,Canada_2011,0,140,74,that,that,IN,IN
4528,Canada_2011,0,140,75,it,it,PRP,PR
4529,Canada_2011,0,140,76,has,has,VBZ,VB
4530,Canada_2011,0,140,77,received,received,VBN,VB
4531,Canada_2011,0,140,78,the,the,DT,DT
4532,Canada_2011,0,140,79,Assent,assent,NNP,NN
4533,Canada_2011,0,140,80,of,of,IN,IN
4534,Canada_2011,0,140,81,the,the,DT,DT
4535,Canada_2011,0,140,82,Queen,queen,NNP,NN
4536,Canada_2011,0,140,83,in,in,IN,IN
4537,Canada_2011,0,140,84,Council,council,NNP,NN
4538,Canada_2011,0,141,0,An,an,DT,DT
4539,Canada_2011,0,141,1,Entry,entry,NN,NN
4540,Canada_2011,0,141,2,of,of,IN,IN
4541,Canada_2011,0,141,3,every,every,DT,DT
4542,Canada_2011,0,141,4,such,such,JJ,JJ
4543,Canada_2011,0,141,5,Speech,speech,NNP,NN
4544,Canada_2011,0,141,7,Message,message,NNP,NN
4545,Canada_2011,0,141,9,or,or,CC,CC
4546,Canada_2011,0,141,10,Proclamation,proclamation,NNP,NN
4547,Canada_2011,0,141,11,shall,shall,MD,MD
4548,Canada_2011,0,141,12,be,be,VB,VB
4549,Canada_2011,0,141,13,made,made,VBN,VB
4550,Canada_2011,0,141,14,in,in,IN,IN
4551,Canada_2011,0,141,15,the,the,DT,DT
4552,Canada_2011,0,141,16,Journal,journal,NNP,NN
4553,Canada_2011,0,141,17,of,of,IN,IN
4554,Canada_2011,0,141,18,each,each,DT,DT
4555,Canada_2011,0,141,19,House,house,NNP,NN
4556,Canada_2011,0,141,21,and,and,CC,CC
4557,Canada_2011,0,141,22,a,a,DT,DT
4558,Canada_2011,0,141,23,Duplicate,duplicate,NNP,NN
4559,Canada_2011,0,141,24,thereof,thereof,NN,NN
4560,Canada_2011,0,141,25,duly,duly,NN,NN
4561,Canada_2011,0,141,26,attested,attested,VBD,VB
4562,Canada_2011,0,141,27,shall,shall,MD,MD
4563,Canada_2011,0,141,28,be,be,VB,VB
4564,Canada_2011,0,141,29,delivered,delivered,VBN,VB
4565,Canada_2011,0,141,30,to,to,TO,TO
4566,Canada_2011,0,141,31,the,the,DT,DT
4567,Canada_2011,0,141,32,proper,proper,JJ,JJ
4568,Canada_2011,0,141,33,Officer,officer,NNP,NN
4569,Canada_2011,0,141,34,to,to,TO,TO
4570,Canada_2011,0,141,35,be,be,VB,VB
4571,Canada_2011,0,141,36,kept,kept,VBN,VB
4572,Canada_2011,0,141,37,among,among,IN,IN
4573,Canada_2011,0,141,38,the,the,DT,DT
4574,Canada_2011,0,141,39,Records,records,NNS,NN
4575,Canada_2011,0,141,40,of,of,IN,IN
4576,Canada_2011,0,141,41,Canada,canada,NNP,NN
4577,Canada_2011,0,142,0,V.,v,NNP,NN
4578,Canada_2011,0,142,1,PROVINCIAL,provincial,NNP,NN
4579,Canada_2011,0,142,2,CONSTITUTIONS,constitutions,NNP,NN
4580,Canada_2011,0,142,3,Part,part,NNP,NN
4581,Canada_2011,0,142,4,1,1,CD,CD
4582,Canada_2011,0,143,0,EXECUTIVE,executive,NNP,NN
4583,Canada_2011,0,143,1,POWER,power,NNP,NN
4584,Canada_2011,0,143,2,58,58,CD,CD
4585,Canada_2011,0,144,0,Appointment,appointment,NN,NN
4586,Canada_2011,0,144,1,of,of,IN,IN
4587,Canada_2011,0,144,2,Lieutenant,lieutenant,NNP,NN
4588,Canada_2011,0,144,3,Governors,governors,NNP,NN
4589,Canada_2011,0,144,4,of,of,IN,IN
4590,Canada_2011,0,144,5,Provinces,provinces,NNP,NN
4591,Canada_2011,0,144,6,Share,share,NNP,NN
4592,Canada_2011,0,144,7,For,for,IN,IN
4593,Canada_2011,0,144,8,each,each,DT,DT
4594,Canada_2011,0,144,9,Province,province,NN,NN
4595,Canada_2011,0,144,10,there,there,EX,EX
4596,Canada_2011,0,144,11,shall,shall,MD,MD
4597,Canada_2011,0,144,12,be,be,VB,VB
4598,Canada_2011,0,144,13,an,an,DT,DT
4599,Canada_2011,0,144,14,Officer,officer,NNP,NN
4600,Canada_2011,0,144,16,styled,styled,VBD,VB
4601,Canada_2011,0,144,17,the,the,DT,DT
4602,Canada_2011,0,144,18,Lieutenant,lieutenant,NNP,NN
4603,Canada_2011,0,144,19,Governor,governor,NNP,NN
4604,Canada_2011,0,144,21,appointed,appointed,VBN,VB
4605,Canada_2011,0,144,22,by,by,IN,IN
4606,Canada_2011,0,144,23,the,the,DT,DT
4607,Canada_2011,0,144,24,Governor,governor,NNP,NN
4608,Canada_2011,0,144,25,General,general,NNP,NN
4609,Canada_2011,0,144,26,in,in,IN,IN
4610,Canada_2011,0,144,27,Council,council,NNP,NN
4611,Canada_2011,0,144,28,by,by,IN,IN
4612,Canada_2011,0,144,29,Instrument,instrument,NNP,NN
4613,Canada_2011,0,144,30,under,under,IN,IN
4614,Canada_2011,0,144,31,the,the,DT,DT
4615,Canada_2011,0,144,32,Great,great,NNP,NN
4616,Canada_2011,0,144,33,Seal,seal,NNP,NN
4617,Canada_2011,0,144,34,of,of,IN,IN
4618,Canada_2011,0,144,35,Canada,canada,NNP,NN
4619,Canada_2011,0,145,0,59,59,CD,CD
4620,Canada_2011,0,146,0,Tenure,tenure,NN,NN
4621,Canada_2011,0,146,1,of,of,IN,IN
4622,Canada_2011,0,146,2,Office,office,NNP,NN
4623,Canada_2011,0,146,3,of,of,IN,IN
4624,Canada_2011,0,146,4,Lieutenant,lieutenant,NNP,NN
4625,Canada_2011,0,146,5,Governor,governor,NNP,NN
4626,Canada_2011,0,146,6,Share,share,NNP,NN
4627,Canada_2011,0,146,7,A,a,NNP,NN
4628,Canada_2011,0,146,8,Lieutenant,lieutenant,NNP,NN
4629,Canada_2011,0,146,9,Governor,governor,NNP,NN
4630,Canada_2011,0,146,10,shall,shall,MD,MD
4631,Canada_2011,0,146,11,hold,hold,VB,VB
4632,Canada_2011,0,146,12,Office,office,NNP,NN
4633,Canada_2011,0,146,13,during,during,IN,IN
4634,Canada_2011,0,146,14,the,the,DT,DT
4635,Canada_2011,0,146,15,Pleasure,pleasure,NNP,NN
4636,Canada_2011,0,146,16,of,of,IN,IN
4637,Canada_2011,0,146,17,the,the,DT,DT
4638,Canada_2011,0,146,18,Governor,governor,NNP,NN
4639,Canada_2011,0,146,19,General,general,NNP,NN
4640,Canada_2011,0,146,21,but,but,CC,CC
4641,Canada_2011,0,146,22,any,any,DT,DT
4642,Canada_2011,0,146,23,Lieutenant,lieutenant,NNP,NN
4643,Canada_2011,0,146,24,Governor,governor,NNP,NN
4644,Canada_2011,0,146,25,appointed,appointed,VBD,VB
4645,Canada_2011,0,146,26,after,after,IN,IN
4646,Canada_2011,0,146,27,the,the,DT,DT
4647,Canada_2011,0,146,28,Commencement,commencement,NNP,NN
4648,Canada_2011,0,146,29,of,of,IN,IN
4649,Canada_2011,0,146,30,the,the,DT,DT
4650,Canada_2011,0,146,31,First,first,NNP,NN
4651,Canada_2011,0,146,32,Session,session,NNP,NN
4652,Canada_2011,0,146,33,of,of,IN,IN
4653,Canada_2011,0,146,34,the,the,DT,DT
4654,Canada_2011,0,146,35,Parliament,parliament,NNP,NN
4655,Canada_2011,0,146,36,of,of,IN,IN
4656,Canada_2011,0,146,37,Canada,canada,NNP,NN
4657,Canada_2011,0,146,38,shall,shall,MD,MD
4658,Canada_2011,0,146,39,not,not,RB,RB
4659,Canada_2011,0,146,40,be,be,VB,VB
4660,Canada_2011,0,146,41,removeable,removeable,JJ,JJ
4661,Canada_2011,0,146,42,within,within,IN,IN
4662,Canada_2011,0,146,43,Five,five,CD,CD
4663,Canada_2011,0,146,44,Years,years,NNS,NN
4664,Canada_2011,0,146,45,from,from,IN,IN
4665,Canada_2011,0,146,46,his,his,PRP$,PR
4666,Canada_2011,0,146,47,Appointment,appointment,NN,NN
4667,Canada_2011,0,146,49,except,except,IN,IN
4668,Canada_2011,0,146,50,for,for,IN,IN
4669,Canada_2011,0,146,51,Cause,cause,NNP,NN
4670,Canada_2011,0,146,52,assigned,assigned,VBD,VB
4671,Canada_2011,0,146,54,which,which,WDT,WD
4672,Canada_2011,0,146,55,shall,shall,MD,MD
4673,Canada_2011,0,146,56,be,be,VB,VB
4674,Canada_2011,0,146,57,communicated,communicated,VBN,VB
4675,Canada_2011,0,146,58,to,to,TO,TO
4676,Canada_2011,0,146,59,him,him,PRP,PR
4677,Canada_2011,0,146,60,in,in,IN,IN
4678,Canada_2011,0,146,61,Writing,writing,VBG,VB
4679,Canada_2011,0,146,62,within,within,IN,IN
4680,Canada_2011,0,146,63,One,one,CD,CD
4681,Canada_2011,0,146,64,Month,month,NNP,NN
4682,Canada_2011,0,146,65,after,after,IN,IN
4683,Canada_2011,0,146,66,the,the,DT,DT
4684,Canada_2011,0,146,67,Order,order,NN,NN
4685,Canada_2011,0,146,68,for,for,IN,IN
4686,Canada_2011,0,146,69,his,his,PRP$,PR
4687,Canada_2011,0,146,70,Removal,removal,NN,NN
4688,Canada_2011,0,146,71,is,is,VBZ,VB
4689,Canada_2011,0,146,72,made,made,VBN,VB
4690,Canada_2011,0,146,74,and,and,CC,CC
4691,Canada_2011,0,146,75,shall,shall,MD,MD
4692,Canada_2011,0,146,76,be,be,VB,VB
4693,Canada_2011,0,146,77,communicated,communicated,VBN,VB
4694,Canada_2011,0,146,78,by,by,IN,IN
4695,Canada_2011,0,146,79,Message,message,NN,NN
4696,Canada_2011,0,146,80,to,to,TO,TO
4697,Canada_2011,0,146,81,the,the,DT,DT
4698,Canada_2011,0,146,82,Senate,senate,NNP,NN
4699,Canada_2011,0,146,83,and,and,CC,CC
4700,Canada_2011,0,146,84,to,to,TO,TO
4701,Canada_2011,0,146,85,the,the,DT,DT
4702,Canada_2011,0,146,86,House,house,NNP,NN
4703,Canada_2011,0,146,87,of,of,IN,IN
4704,Canada_2011,0,146,88,Commons,commons,NNPS,NN
4705,Canada_2011,0,146,89,within,within,IN,IN
4706,Canada_2011,0,146,90,One,one,CD,CD
4707,Canada_2011,0,146,91,Week,week,NNP,NN
4708,Canada_2011,0,146,92,thereafter,thereafter,RB,RB
4709,Canada_2011,0,146,93,if,if,IN,IN
4710,Canada_2011,0,146,94,the,the,DT,DT
4711,Canada_2011,0,146,95,Parliament,parliament,NNP,NN
4712,Canada_2011,0,146,96,is,is,VBZ,VB
4713,Canada_2011,0,146,97,then,then,RB,RB
4714,Canada_2011,0,146,98,sitting,sitting,VBG,VB
4715,Canada_2011,0,146,100,and,and,CC,CC
4716,Canada_2011,0,146,101,if,if,IN,IN
4717,Canada_2011,0,146,102,not,not,RB,RB
4718,Canada_2011,0,146,103,then,then,RB,RB
4719,Canada_2011,0,146,104,within,within,IN,IN
4720,Canada_2011,0,146,105,One,one,CD,CD
4721,Canada_2011,0,146,106,Week,week,NN,NN
4722,Canada_2011,0,146,107,after,after,IN,IN
4723,Canada_2011,0,146,108,the,the,DT,DT
4724,Canada_2011,0,146,109,Commencement,commencement,NNP,NN
4725,Canada_2011,0,146,110,of,of,IN,IN
4726,Canada_2011,0,146,111,the,the,DT,DT
4727,Canada_2011,0,146,112,next,next,JJ,JJ
4728,Canada_2011,0,146,113,Session,session,NN,NN
4729,Canada_2011,0,146,114,of,of,IN,IN
4730,Canada_2011,0,146,115,the,the,DT,DT
4731,Canada_2011,0,146,116,Parliament,parliament,NNP,NN
4732,Canada_2011,0,147,0,60,60,CD,CD
4733,Canada_2011,0,148,0,Salaries,salaries,NNS,NN
4734,Canada_2011,0,148,1,of,of,IN,IN
4735,Canada_2011,0,148,2,Lieutenant,lieutenant,NNP,NN
4736,Canada_2011,0,148,3,Governors,governors,NNP,NN
4737,Canada_2011,0,148,4,Share,share,NNP,NN
4738,Canada_2011,0,148,5,The,the,DT,DT
4739,Canada_2011,0,148,6,Salaries,salaries,NNP,NN
4740,Canada_2011,0,148,7,of,of,IN,IN
4741,Canada_2011,0,148,8,the,the,DT,DT
4742,Canada_2011,0,148,9,Lieutenant,lieutenant,NNP,NN
4743,Canada_2011,0,148,10,Governors,governors,NNP,NN
4744,Canada_2011,0,148,11,shall,shall,MD,MD
4745,Canada_2011,0,148,12,be,be,VB,VB
4746,Canada_2011,0,148,13,fixed,fixed,VBN,VB
4747,Canada_2011,0,148,14,and,and,CC,CC
4748,Canada_2011,0,148,15,provided,provided,VBN,VB
4749,Canada_2011,0,148,16,by,by,IN,IN
4750,Canada_2011,0,148,17,the,the,DT,DT
4751,Canada_2011,0,148,18,Parliament,parliament,NNP,NN
4752,Canada_2011,0,148,19,of,of,IN,IN
4753,Canada_2011,0,148,20,Canada,canada,NNP,NN
4754,Canada_2011,0,149,0,61,61,CD,CD
4755,Canada_2011,0,150,0,Oaths,oaths,NNS,NN
4756,Canada_2011,0,150,2,etc.,etc,FW,FW
4757,Canada_2011,0,150,4,of,of,IN,IN
4758,Canada_2011,0,150,5,Lieutenant,lieutenant,NNP,NN
4759,Canada_2011,0,150,6,Governor,governor,NNP,NN
4760,Canada_2011,0,150,7,Share,share,NNP,NN
4761,Canada_2011,0,150,8,Every,every,NNP,NN
4762,Canada_2011,0,150,9,Lieutenant,lieutenant,NNP,NN
4763,Canada_2011,0,150,10,Governor,governor,NNP,NN
4764,Canada_2011,0,150,11,shall,shall,MD,MD
4765,Canada_2011,0,150,13,before,before,IN,IN
4766,Canada_2011,0,150,14,assuming,assuming,VBG,VB
4767,Canada_2011,0,150,15,the,the,DT,DT
4768,Canada_2011,0,150,16,Duties,duties,NNS,NN
4769,Canada_2011,0,150,17,of,of,IN,IN
4770,Canada_2011,0,150,18,his,his,PRP$,PR
4771,Canada_2011,0,150,19,Office,office,NNP,NN
4772,Canada_2011,0,150,21,make,make,VBP,VB
4773,Canada_2011,0,150,22,and,and,CC,CC
4774,Canada_2011,0,150,23,subscribe,subscribe,NN,NN
4775,Canada_2011,0,150,24,before,before,IN,IN
4776,Canada_2011,0,150,25,the,the,DT,DT
4777,Canada_2011,0,150,26,Governor,governor,NNP,NN
4778,Canada_2011,0,150,27,General,general,NNP,NN
4779,Canada_2011,0,150,28,or,or,CC,CC
4780,Canada_2011,0,150,29,some,some,DT,DT
4781,Canada_2011,0,150,30,Person,person,NNP,NN
4782,Canada_2011,0,150,31,authorized,authorized,VBN,VB
4783,Canada_2011,0,150,32,by,by,IN,IN
4784,Canada_2011,0,150,33,him,him,PRP,PR
4785,Canada_2011,0,150,34,Oaths,oaths,NNP,NN
4786,Canada_2011,0,150,35,of,of,IN,IN
4787,Canada_2011,0,150,36,Allegiance,allegiance,NNP,NN
4788,Canada_2011,0,150,37,and,and,CC,CC
4789,Canada_2011,0,150,38,Office,office,NNP,NN
4790,Canada_2011,0,150,39,similar,similar,JJ,JJ
4791,Canada_2011,0,150,40,to,to,TO,TO
4792,Canada_2011,0,150,41,those,those,DT,DT
4793,Canada_2011,0,150,42,taken,taken,VBN,VB
4794,Canada_2011,0,150,43,by,by,IN,IN
4795,Canada_2011,0,150,44,the,the,DT,DT
4796,Canada_2011,0,150,45,Governor,governor,NNP,NN
4797,Canada_2011,0,150,46,General,general,NNP,NN
4798,Canada_2011,0,151,0,62,62,CD,CD
4799,Canada_2011,0,152,0,Application,application,NN,NN
4800,Canada_2011,0,152,1,of,of,IN,IN
4801,Canada_2011,0,152,2,Provisions,provisions,NNP,NN
4802,Canada_2011,0,152,3,referring,referring,VBG,VB
4803,Canada_2011,0,152,4,to,to,TO,TO
4804,Canada_2011,0,152,5,Lieutenant,lieutenant,NNP,NN
4805,Canada_2011,0,152,6,Governor,governor,NNP,NN
4806,Canada_2011,0,152,7,Share,share,NNP,NN
4807,Canada_2011,0,152,8,The,the,DT,DT
4808,Canada_2011,0,152,9,Provisions,provisions,NNP,NN
4809,Canada_2011,0,152,10,of,of,IN,IN
4810,Canada_2011,0,152,11,this,this,DT,DT
4811,Canada_2011,0,152,12,Act,act,NNP,NN
4812,Canada_2011,0,152,13,referring,referring,VBG,VB
4813,Canada_2011,0,152,14,to,to,TO,TO
4814,Canada_2011,0,152,15,the,the,DT,DT
4815,Canada_2011,0,152,16,Lieutenant,lieutenant,NNP,NN
4816,Canada_2011,0,152,17,Governor,governor,NNP,NN
4817,Canada_2011,0,152,18,extend,extend,NN,NN
4818,Canada_2011,0,152,19,and,and,CC,CC
4819,Canada_2011,0,152,20,apply,apply,VB,VB
4820,Canada_2011,0,152,21,to,to,TO,TO
4821,Canada_2011,0,152,22,the,the,DT,DT
4822,Canada_2011,0,152,23,Lieutenant,lieutenant,NNP,NN
4823,Canada_2011,0,152,24,Governor,governor,NNP,NN
4824,Canada_2011,0,152,25,for,for,IN,IN
4825,Canada_2011,0,152,26,the,the,DT,DT
4826,Canada_2011,0,152,27,Time,time,NNP,NN
4827,Canada_2011,0,152,28,being,being,VBG,VB
4828,Canada_2011,0,152,29,of,of,IN,IN
4829,Canada_2011,0,152,30,each,each,DT,DT
4830,Canada_2011,0,152,31,Province,province,NNP,NN
4831,Canada_2011,0,152,33,or,or,CC,CC
4832,Canada_2011,0,152,34,other,other,JJ,JJ
4833,Canada_2011,0,152,35,the,the,DT,DT
4834,Canada_2011,0,152,36,Chief,chief,NNP,NN
4835,Canada_2011,0,152,37,Executive,executive,NNP,NN
4836,Canada_2011,0,152,38,Officer,officer,NNP,NN
4837,Canada_2011,0,152,39,or,or,CC,CC
4838,Canada_2011,0,152,40,Administrator,administrator,NNP,NN
4839,Canada_2011,0,152,41,for,for,IN,IN
4840,Canada_2011,0,152,42,the,the,DT,DT
4841,Canada_2011,0,152,43,Time,time,NNP,NN
4842,Canada_2011,0,152,44,being,being,VBG,VB
4843,Canada_2011,0,152,45,carrying,carrying,VBG,VB
4844,Canada_2011,0,152,46,on,on,IN,IN
4845,Canada_2011,0,152,47,the,the,DT,DT
4846,Canada_2011,0,152,48,Government,government,NNP,NN
4847,Canada_2011,0,152,49,of,of,IN,IN
4848,Canada_2011,0,152,50,the,the,DT,DT
4849,Canada_2011,0,152,51,Province,province,NNP,NN
4850,Canada_2011,0,152,53,by,by,IN,IN
4851,Canada_2011,0,152,54,whatever,whatever,WDT,WD
4852,Canada_2011,0,152,55,Title,title,NNP,NN
4853,Canada_2011,0,152,56,he,he,PRP,PR
4854,Canada_2011,0,152,57,is,is,VBZ,VB
4855,Canada_2011,0,152,58,designated,designated,VBN,VB
4856,Canada_2011,0,153,0,63,63,CD,CD
4857,Canada_2011,0,154,0,Appointment,appointment,NN,NN
4858,Canada_2011,0,154,1,of,of,IN,IN
4859,Canada_2011,0,154,2,Executive,executive,NNP,NN
4860,Canada_2011,0,154,3,Officers,officers,NNP,NN
4861,Canada_2011,0,154,4,for,for,IN,IN
4862,Canada_2011,0,154,5,Ontario,ontario,NNP,NN
4863,Canada_2011,0,154,6,and,and,CC,CC
4864,Canada_2011,0,154,7,Quebec,quebec,NNP,NN
4865,Canada_2011,0,154,8,Share,share,NNP,NN
4866,Canada_2011,0,154,9,The,the,DT,DT
4867,Canada_2011,0,154,10,Executive,executive,NNP,NN
4868,Canada_2011,0,154,11,Council,council,NNP,NN
4869,Canada_2011,0,154,12,of,of,IN,IN
4870,Canada_2011,0,154,13,Ontario,ontario,NNP,NN
4871,Canada_2011,0,154,14,and,and,CC,CC
4872,Canada_2011,0,154,15,of,of,IN,IN
4873,Canada_2011,0,154,16,Quebec,quebec,NNP,NN
4874,Canada_2011,0,154,17,shall,shall,MD,MD
4875,Canada_2011,0,154,18,be,be,VB,VB
4876,Canada_2011,0,154,19,composed,composed,VBN,VB
4877,Canada_2011,0,154,20,of,of,IN,IN
4878,Canada_2011,0,154,21,such,such,JJ,JJ
4879,Canada_2011,0,154,22,Persons,persons,NNS,NN
4880,Canada_2011,0,154,23,as,as,IN,IN
4881,Canada_2011,0,154,24,the,the,DT,DT
4882,Canada_2011,0,154,25,Lieutenant,lieutenant,NNP,NN
4883,Canada_2011,0,154,26,Governor,governor,NNP,NN
4884,Canada_2011,0,154,27,from,from,IN,IN
4885,Canada_2011,0,154,28,Time,time,NNP,NN
4886,Canada_2011,0,154,29,to,to,TO,TO
4887,Canada_2011,0,154,30,Time,time,NNP,NN
4888,Canada_2011,0,154,31,thinks,thinks,VBZ,VB
4889,Canada_2011,0,154,32,fit,fit,NN,NN
4890,Canada_2011,0,154,34,and,and,CC,CC
4891,Canada_2011,0,154,35,in,in,IN,IN
4892,Canada_2011,0,154,36,the,the,DT,DT
4893,Canada_2011,0,154,37,first,first,JJ,JJ
4894,Canada_2011,0,154,38,instance,instance,NN,NN
4895,Canada_2011,0,154,39,of,of,IN,IN
4896,Canada_2011,0,154,40,the,the,DT,DT
4897,Canada_2011,0,154,41,following,following,JJ,JJ
4898,Canada_2011,0,154,42,Officers,officers,NNS,NN
4899,Canada_2011,0,154,44,namely,namely,RB,RB
4900,Canada_2011,0,154,47,the,the,DT,DT
4901,Canada_2011,0,154,48,Attorney,attorney,NNP,NN
4902,Canada_2011,0,154,49,General,general,NNP,NN
4903,Canada_2011,0,154,51,the,the,DT,DT
4904,Canada_2011,0,154,52,Secretary,secretary,NNP,NN
4905,Canada_2011,0,154,53,and,and,CC,CC
4906,Canada_2011,0,154,54,Registrar,registrar,NNP,NN
4907,Canada_2011,0,154,55,of,of,IN,IN
4908,Canada_2011,0,154,56,the,the,DT,DT
4909,Canada_2011,0,154,57,Province,province,NNP,NN
4910,Canada_2011,0,154,59,the,the,DT,DT
4911,Canada_2011,0,154,60,Treasurer,treasurer,NN,NN
4912,Canada_2011,0,154,61,of,of,IN,IN
4913,Canada_2011,0,154,62,the,the,DT,DT
4914,Canada_2011,0,154,63,Province,province,NNP,NN
4915,Canada_2011,0,154,65,the,the,DT,DT
4916,Canada_2011,0,154,66,Commissioner,commissioner,NNP,NN
4917,Canada_2011,0,154,67,of,of,IN,IN
4918,Canada_2011,0,154,68,Crown,crown,NNP,NN
4919,Canada_2011,0,154,69,Lands,lands,NNP,NN
4920,Canada_2011,0,154,71,and,and,CC,CC
4921,Canada_2011,0,154,72,the,the,DT,DT
4922,Canada_2011,0,154,73,Commissioner,commissioner,NNP,NN
4923,Canada_2011,0,154,74,of,of,IN,IN
4924,Canada_2011,0,154,75,Agriculture,agriculture,NNP,NN
4925,Canada_2011,0,154,76,and,and,CC,CC
4926,Canada_2011,0,154,77,Public,public,NNP,NN
4927,Canada_2011,0,154,78,Works,works,NNP,NN
4928,Canada_2011,0,154,80,with,with,IN,IN
4929,Canada_2011,0,154,81,in,in,IN,IN
4930,Canada_2011,0,154,82,Quebec,quebec,NNP,NN
4931,Canada_2011,0,154,83,the,the,DT,DT
4932,Canada_2011,0,154,84,Speaker,speaker,NNP,NN
4933,Canada_2011,0,154,85,of,of,IN,IN
4934,Canada_2011,0,154,86,the,the,DT,DT
4935,Canada_2011,0,154,87,Legislative,legislative,NNP,NN
4936,Canada_2011,0,154,88,Council,council,NNP,NN
4937,Canada_2011,0,154,89,and,and,CC,CC
4938,Canada_2011,0,154,90,the,the,DT,DT
4939,Canada_2011,0,154,91,Solicitor,solicitor,NNP,NN
4940,Canada_2011,0,154,92,General,general,NNP,NN
4941,Canada_2011,0,155,1,31,31,CD,CD
4942,Canada_2011,0,155,3,64,64,CD,CD
4943,Canada_2011,0,156,0,Executive,executive,JJ,JJ
4944,Canada_2011,0,156,1,Government,government,NNP,NN
4945,Canada_2011,0,156,2,of,of,IN,IN
4946,Canada_2011,0,156,3,Nova,nova,NNP,NN
4947,Canada_2011,0,156,4,Scotia,scotia,NNP,NN
4948,Canada_2011,0,156,5,and,and,CC,CC
4949,Canada_2011,0,156,6,New,new,NNP,NN
4950,Canada_2011,0,156,7,Brunswick,brunswick,NNP,NN
4951,Canada_2011,0,156,8,Share,share,NNP,NN
4952,Canada_2011,0,156,9,The,the,DT,DT
4953,Canada_2011,0,156,10,Constitution,constitution,NNP,NN
4954,Canada_2011,0,156,11,of,of,IN,IN
4955,Canada_2011,0,156,12,the,the,DT,DT
4956,Canada_2011,0,156,13,Executive,executive,NNP,NN
4957,Canada_2011,0,156,14,Authority,authority,NNP,NN
4958,Canada_2011,0,156,15,in,in,IN,IN
4959,Canada_2011,0,156,16,each,each,DT,DT
4960,Canada_2011,0,156,17,of,of,IN,IN
4961,Canada_2011,0,156,18,the,the,DT,DT
4962,Canada_2011,0,156,19,Provinces,provinces,NNS,NN
4963,Canada_2011,0,156,20,of,of,IN,IN
4964,Canada_2011,0,156,21,Nova,nova,NNP,NN
4965,Canada_2011,0,156,22,Scotia,scotia,NNP,NN
4966,Canada_2011,0,156,23,and,and,CC,CC
4967,Canada_2011,0,156,24,New,new,NNP,NN
4968,Canada_2011,0,156,25,Brunswick,brunswick,NNP,NN
4969,Canada_2011,0,156,26,shall,shall,MD,MD
4970,Canada_2011,0,156,28,subject,subject,JJ,JJ
4971,Canada_2011,0,156,29,to,to,TO,TO
4972,Canada_2011,0,156,30,the,the,DT,DT
4973,Canada_2011,0,156,31,Provisions,provisions,NNPS,NN
4974,Canada_2011,0,156,32,of,of,IN,IN
4975,Canada_2011,0,156,33,this,this,DT,DT
4976,Canada_2011,0,156,34,Act,act,NNP,NN
4977,Canada_2011,0,156,36,continue,continue,VBP,VB
4978,Canada_2011,0,156,37,as,as,IN,IN
4979,Canada_2011,0,156,38,it,it,PRP,PR
4980,Canada_2011,0,156,39,exists,exists,VBZ,VB
4981,Canada_2011,0,156,40,at,at,IN,IN
4982,Canada_2011,0,156,41,the,the,DT,DT
4983,Canada_2011,0,156,42,Union,union,NNP,NN
4984,Canada_2011,0,156,43,until,until,IN,IN
4985,Canada_2011,0,156,44,altered,altered,VBN,VB
4986,Canada_2011,0,156,45,under,under,IN,IN
4987,Canada_2011,0,156,46,the,the,DT,DT
4988,Canada_2011,0,156,47,Authority,authority,NNP,NN
4989,Canada_2011,0,156,48,of,of,IN,IN
4990,Canada_2011,0,156,49,this,this,DT,DT
4991,Canada_2011,0,156,50,Act,act,NNP,NN
4992,Canada_2011,0,157,0,65,65,CD,CD
4993,Canada_2011,0,158,0,Powers,powers,NNS,NN
4994,Canada_2011,0,158,1,to,to,TO,TO
4995,Canada_2011,0,158,2,be,be,VB,VB
4996,Canada_2011,0,158,3,exercised,exercised,VBN,VB
4997,Canada_2011,0,158,4,by,by,IN,IN
4998,Canada_2011,0,158,5,Lieutenant,lieutenant,NNP,NN
4999,Canada_2011,0,158,6,Governor,governor,NNP,NN
5000,Canada_2011,0,158,7,of,of,IN,IN
5001,Canada_2011,0,158,8,Ontario,ontario,NNP,NN
5002,Canada_2011,0,158,9,or,or,CC,CC
5003,Canada_2011,0,158,10,Quebec,quebec,NNP,NN
5004,Canada_2011,0,158,11,with,with,IN,IN
5005,Canada_2011,0,158,12,Advice,advice,NNP,NN
5006,Canada_2011,0,158,14,or,or,CC,CC
5007,Canada_2011,0,158,15,alone,alone,RB,RB
5008,Canada_2011,0,158,16,Share,share,NNP,NN
5009,Canada_2011,0,158,17,All,all,NNP,NN
5010,Canada_2011,0,158,18,Powers,powers,NNP,NN
5011,Canada_2011,0,158,20,Authorities,authorities,NNP,NN
5012,Canada_2011,0,158,22,and,and,CC,CC
5013,Canada_2011,0,158,23,Functions,functions,NNP,NN
5014,Canada_2011,0,158,24,which,which,WDT,WD
5015,Canada_2011,0,158,25,under,under,IN,IN
5016,Canada_2011,0,158,26,any,any,DT,DT
5017,Canada_2011,0,158,27,Act,act,NNP,NN
5018,Canada_2011,0,158,28,of,of,IN,IN
5019,Canada_2011,0,158,29,the,the,DT,DT
5020,Canada_2011,0,158,30,Parliament,parliament,NNP,NN
5021,Canada_2011,0,158,31,of,of,IN,IN
5022,Canada_2011,0,158,32,Great,great,NNP,NN
5023,Canada_2011,0,158,33,Britain,britain,NNP,NN
5024,Canada_2011,0,158,35,or,or,CC,CC
5025,Canada_2011,0,158,36,of,of,IN,IN
5026,Canada_2011,0,158,37,the,the,DT,DT
5027,Canada_2011,0,158,38,Parliament,parliament,NNP,NN
5028,Canada_2011,0,158,39,of,of,IN,IN
5029,Canada_2011,0,158,40,the,the,DT,DT
5030,Canada_2011,0,158,41,United,united,NNP,NN
5031,Canada_2011,0,158,42,Kingdom,kingdom,NNP,NN
5032,Canada_2011,0,158,43,of,of,IN,IN
5033,Canada_2011,0,158,44,Great,great,NNP,NN
5034,Canada_2011,0,158,45,Britain,britain,NNP,NN
5035,Canada_2011,0,158,46,and,and,CC,CC
5036,Canada_2011,0,158,47,Ireland,ireland,NNP,NN
5037,Canada_2011,0,158,49,or,or,CC,CC
5038,Canada_2011,0,158,50,of,of,IN,IN
5039,Canada_2011,0,158,51,the,the,DT,DT
5040,Canada_2011,0,158,52,Legislature,legislature,NNP,NN
5041,Canada_2011,0,158,53,of,of,IN,IN
5042,Canada_2011,0,158,54,Upper,upper,NNP,NN
5043,Canada_2011,0,158,55,Canada,canada,NNP,NN
5044,Canada_2011,0,158,57,Lower,lower,NNP,NN
5045,Canada_2011,0,158,58,Canada,canada,NNP,NN
5046,Canada_2011,0,158,60,or,or,CC,CC
5047,Canada_2011,0,158,61,Canada,canada,NNP,NN
5048,Canada_2011,0,158,63,were,were,VBD,VB
5049,Canada_2011,0,158,64,or,or,CC,CC
5050,Canada_2011,0,158,65,are,are,VBP,VB
5051,Canada_2011,0,158,66,before,before,IN,IN
5052,Canada_2011,0,158,67,or,or,CC,CC
5053,Canada_2011,0,158,68,at,at,IN,IN
5054,Canada_2011,0,158,69,the,the,DT,DT
5055,Canada_2011,0,158,70,Union,union,NNP,NN
5056,Canada_2011,0,158,71,vested,vested,VBD,VB
5057,Canada_2011,0,158,72,in,in,IN,IN
5058,Canada_2011,0,158,73,or,or,CC,CC
5059,Canada_2011,0,158,74,exerciseable,exerciseable,JJ,JJ
5060,Canada_2011,0,158,75,by,by,IN,IN
5061,Canada_2011,0,158,76,the,the,DT,DT
5062,Canada_2011,0,158,77,respective,respective,JJ,JJ
5063,Canada_2011,0,158,78,Governors,governors,NNS,NN
5064,Canada_2011,0,158,79,or,or,CC,CC
5065,Canada_2011,0,158,80,Lieutenant,lieutenant,JJ,JJ
5066,Canada_2011,0,158,81,Governors,governors,NNS,NN
5067,Canada_2011,0,158,82,of,of,IN,IN
5068,Canada_2011,0,158,83,those,those,DT,DT
5069,Canada_2011,0,158,84,Provinces,provinces,NNS,NN
5070,Canada_2011,0,158,86,with,with,IN,IN
5071,Canada_2011,0,158,87,the,the,DT,DT
5072,Canada_2011,0,158,88,Advice,advice,NNP,NN
5073,Canada_2011,0,158,89,or,or,CC,CC
5074,Canada_2011,0,158,90,with,with,IN,IN
5075,Canada_2011,0,158,91,the,the,DT,DT
5076,Canada_2011,0,158,92,Advice,advice,NNP,NN
5077,Canada_2011,0,158,93,and,and,CC,CC
5078,Canada_2011,0,158,94,Consent,consent,NNP,NN
5079,Canada_2011,0,158,95,of,of,IN,IN
5080,Canada_2011,0,158,96,the,the,DT,DT
5081,Canada_2011,0,158,97,respective,respective,JJ,JJ
5082,Canada_2011,0,158,98,Executive,executive,NNP,NN
5083,Canada_2011,0,158,99,Councils,councils,NNP,NN
5084,Canada_2011,0,158,100,thereof,thereof,NN,NN
5085,Canada_2011,0,158,102,or,or,CC,CC
5086,Canada_2011,0,158,103,in,in,IN,IN
5087,Canada_2011,0,158,104,conjunction,conjunction,NN,NN
5088,Canada_2011,0,158,105,with,with,IN,IN
5089,Canada_2011,0,158,106,those,those,DT,DT
5090,Canada_2011,0,158,107,Councils,councils,NNP,NN
5091,Canada_2011,0,158,109,or,or,CC,CC
5092,Canada_2011,0,158,110,with,with,IN,IN
5093,Canada_2011,0,158,111,any,any,DT,DT
5094,Canada_2011,0,158,112,Number,number,NNP,NN
5095,Canada_2011,0,158,113,of,of,IN,IN
5096,Canada_2011,0,158,114,Members,members,NNP,NN
5097,Canada_2011,0,158,115,thereof,thereof,NN,NN
5098,Canada_2011,0,158,117,or,or,CC,CC
5099,Canada_2011,0,158,118,by,by,IN,IN
5100,Canada_2011,0,158,119,those,those,DT,DT
5101,Canada_2011,0,158,120,Governors,governors,NNS,NN
5102,Canada_2011,0,158,121,or,or,CC,CC
5103,Canada_2011,0,158,122,Lieutenant,lieutenant,JJ,JJ
5104,Canada_2011,0,158,123,Governors,governors,NNS,NN
5105,Canada_2011,0,158,124,individually,individually,RB,RB
5106,Canada_2011,0,158,126,shall,shall,MD,MD
5107,Canada_2011,0,158,128,as,as,RB,RB
5108,Canada_2011,0,158,129,far,far,RB,RB
5109,Canada_2011,0,158,130,as,as,IN,IN
5110,Canada_2011,0,158,131,the,the,DT,DT
5111,Canada_2011,0,158,132,same,same,JJ,JJ
5112,Canada_2011,0,158,133,are,are,VBP,VB
5113,Canada_2011,0,158,134,capable,capable,JJ,JJ
5114,Canada_2011,0,158,135,of,of,IN,IN
5115,Canada_2011,0,158,136,being,being,VBG,VB
5116,Canada_2011,0,158,137,exercised,exercised,VBN,VB
5117,Canada_2011,0,158,138,after,after,IN,IN
5118,Canada_2011,0,158,139,the,the,DT,DT
5119,Canada_2011,0,158,140,Union,union,NNP,NN
5120,Canada_2011,0,158,141,in,in,IN,IN
5121,Canada_2011,0,158,142,relation,relation,NN,NN
5122,Canada_2011,0,158,143,to,to,TO,TO
5123,Canada_2011,0,158,144,the,the,DT,DT
5124,Canada_2011,0,158,145,Government,government,NNP,NN
5125,Canada_2011,0,158,146,of,of,IN,IN
5126,Canada_2011,0,158,147,Ontario,ontario,NNP,NN
5127,Canada_2011,0,158,148,and,and,CC,CC
5128,Canada_2011,0,158,149,Quebec,quebec,NNP,NN
5129,Canada_2011,0,158,150,respectively,respectively,RB,RB
5130,Canada_2011,0,158,152,be,be,VB,VB
5131,Canada_2011,0,158,153,vested,vested,VBN,VB
5132,Canada_2011,0,158,154,in,in,IN,IN
5133,Canada_2011,0,158,155,and,and,CC,CC
5134,Canada_2011,0,158,156,shall,shall,MD,MD
5135,Canada_2011,0,158,157,or,or,CC,CC
5136,Canada_2011,0,158,158,may,may,MD,MD
5137,Canada_2011,0,158,159,be,be,VB,VB
5138,Canada_2011,0,158,160,exercised,exercised,VBN,VB
5139,Canada_2011,0,158,161,by,by,IN,IN
5140,Canada_2011,0,158,162,the,the,DT,DT
5141,Canada_2011,0,158,163,Lieutenant,lieutenant,NNP,NN
5142,Canada_2011,0,158,164,Governor,governor,NNP,NN
5143,Canada_2011,0,158,165,of,of,IN,IN
5144,Canada_2011,0,158,166,Ontario,ontario,NNP,NN
5145,Canada_2011,0,158,167,and,and,CC,CC
5146,Canada_2011,0,158,168,Quebec,quebec,NNP,NN
5147,Canada_2011,0,158,169,respectively,respectively,RB,RB
5148,Canada_2011,0,158,171,with,with,IN,IN
5149,Canada_2011,0,158,172,the,the,DT,DT
5150,Canada_2011,0,158,173,Advice,advice,NNP,NN
5151,Canada_2011,0,158,174,or,or,CC,CC
5152,Canada_2011,0,158,175,with,with,IN,IN
5153,Canada_2011,0,158,176,the,the,DT,DT
5154,Canada_2011,0,158,177,Advice,advice,NNP,NN
5155,Canada_2011,0,158,178,and,and,CC,CC
5156,Canada_2011,0,158,179,Consent,consent,NNP,NN
5157,Canada_2011,0,158,180,of,of,IN,IN
5158,Canada_2011,0,158,181,or,or,CC,CC
5159,Canada_2011,0,158,182,in,in,IN,IN
5160,Canada_2011,0,158,183,conjunction,conjunction,NN,NN
5161,Canada_2011,0,158,184,with,with,IN,IN
5162,Canada_2011,0,158,185,the,the,DT,DT
5163,Canada_2011,0,158,186,respective,respective,JJ,JJ
5164,Canada_2011,0,158,187,Executive,executive,NNP,NN
5165,Canada_2011,0,158,188,Councils,councils,NNP,NN
5166,Canada_2011,0,158,190,or,or,CC,CC
5167,Canada_2011,0,158,191,any,any,DT,DT
5168,Canada_2011,0,158,192,Members,members,NNS,NN
5169,Canada_2011,0,158,193,thereof,thereof,VBP,VB
5170,Canada_2011,0,158,195,or,or,CC,CC
5171,Canada_2011,0,158,196,by,by,IN,IN
5172,Canada_2011,0,158,197,the,the,DT,DT
5173,Canada_2011,0,158,198,Lieutenant,lieutenant,NNP,NN
5174,Canada_2011,0,158,199,Governor,governor,NNP,NN
5175,Canada_2011,0,158,200,individually,individually,RB,RB
5176,Canada_2011,0,158,202,as,as,IN,IN
5177,Canada_2011,0,158,203,the,the,DT,DT
5178,Canada_2011,0,158,204,Case,case,NNP,NN
5179,Canada_2011,0,158,205,requires,requires,VBZ,VB
5180,Canada_2011,0,158,207,subject,subject,JJ,JJ
5181,Canada_2011,0,158,208,nevertheless,nevertheless,NN,NN
5182,Canada_2011,0,158,210,except,except,IN,IN
5183,Canada_2011,0,158,211,with,with,IN,IN
5184,Canada_2011,0,158,212,respect,respect,NN,NN
5185,Canada_2011,0,158,213,to,to,TO,TO
5186,Canada_2011,0,158,214,such,such,JJ,JJ
5187,Canada_2011,0,158,215,as,as,IN,IN
5188,Canada_2011,0,158,216,exist,exist,NN,NN
5189,Canada_2011,0,158,217,under,under,IN,IN
5190,Canada_2011,0,158,218,Acts,acts,NNS,NN
5191,Canada_2011,0,158,219,of,of,IN,IN
5192,Canada_2011,0,158,220,the,the,DT,DT
5193,Canada_2011,0,158,221,Parliament,parliament,NNP,NN
5194,Canada_2011,0,158,222,of,of,IN,IN
5195,Canada_2011,0,158,223,Great,great,NNP,NN
5196,Canada_2011,0,158,224,Britain,britain,NNP,NN
5197,Canada_2011,0,158,226,or,or,CC,CC
5198,Canada_2011,0,158,227,of,of,IN,IN
5199,Canada_2011,0,158,228,the,the,DT,DT
5200,Canada_2011,0,158,229,Parliament,parliament,NNP,NN
5201,Canada_2011,0,158,230,of,of,IN,IN
5202,Canada_2011,0,158,231,the,the,DT,DT
5203,Canada_2011,0,158,232,United,united,NNP,NN
5204,Canada_2011,0,158,233,Kingdom,kingdom,NNP,NN
5205,Canada_2011,0,158,234,of,of,IN,IN
5206,Canada_2011,0,158,235,Great,great,NNP,NN
5207,Canada_2011,0,158,236,Britain,britain,NNP,NN
5208,Canada_2011,0,158,237,and,and,CC,CC
5209,Canada_2011,0,158,238,Ireland,ireland,NNP,NN
5210,Canada_2011,0,158,241,to,to,TO,TO
5211,Canada_2011,0,158,242,be,be,VB,VB
5212,Canada_2011,0,158,243,abolished,abolished,VBN,VB
5213,Canada_2011,0,158,244,or,or,CC,CC
5214,Canada_2011,0,158,245,altered,altered,VBN,VB
5215,Canada_2011,0,158,246,by,by,IN,IN
5216,Canada_2011,0,158,247,the,the,DT,DT
5217,Canada_2011,0,158,248,respective,respective,JJ,JJ
5218,Canada_2011,0,158,249,Legislatures,legislatures,NNP,NN
5219,Canada_2011,0,158,250,of,of,IN,IN
5220,Canada_2011,0,158,251,Ontario,ontario,NNP,NN
5221,Canada_2011,0,158,252,and,and,CC,CC
5222,Canada_2011,0,158,253,Quebec,quebec,NNP,NN
5223,Canada_2011,0,159,0,66,66,CD,CD
5224,Canada_2011,0,160,0,Application,application,NN,NN
5225,Canada_2011,0,160,1,of,of,IN,IN
5226,Canada_2011,0,160,2,Provisions,provisions,NNP,NN
5227,Canada_2011,0,160,3,referring,referring,VBG,VB
5228,Canada_2011,0,160,4,to,to,TO,TO
5229,Canada_2011,0,160,5,Lieutenant,lieutenant,NNP,NN
5230,Canada_2011,0,160,6,Governor,governor,NNP,NN
5231,Canada_2011,0,160,7,in,in,IN,IN
5232,Canada_2011,0,160,8,Council,council,NNP,NN
5233,Canada_2011,0,160,9,Share,share,NNP,NN
5234,Canada_2011,0,160,10,The,the,DT,DT
5235,Canada_2011,0,160,11,Provisions,provisions,NNP,NN
5236,Canada_2011,0,160,12,of,of,IN,IN
5237,Canada_2011,0,160,13,this,this,DT,DT
5238,Canada_2011,0,160,14,Act,act,NNP,NN
5239,Canada_2011,0,160,15,referring,referring,VBG,VB
5240,Canada_2011,0,160,16,to,to,TO,TO
5241,Canada_2011,0,160,17,the,the,DT,DT
5242,Canada_2011,0,160,18,Lieutenant,lieutenant,NNP,NN
5243,Canada_2011,0,160,19,Governor,governor,NNP,NN
5244,Canada_2011,0,160,20,in,in,IN,IN
5245,Canada_2011,0,160,21,Council,council,NNP,NN
5246,Canada_2011,0,160,22,shall,shall,MD,MD
5247,Canada_2011,0,160,23,be,be,VB,VB
5248,Canada_2011,0,160,24,construed,construed,VBN,VB
5249,Canada_2011,0,160,25,as,as,IN,IN
5250,Canada_2011,0,160,26,referring,referring,VBG,VB
5251,Canada_2011,0,160,27,to,to,TO,TO
5252,Canada_2011,0,160,28,the,the,DT,DT
5253,Canada_2011,0,160,29,Lieutenant,lieutenant,NNP,NN
5254,Canada_2011,0,160,30,Governor,governor,NNP,NN
5255,Canada_2011,0,160,31,of,of,IN,IN
5256,Canada_2011,0,160,32,the,the,DT,DT
5257,Canada_2011,0,160,33,Province,province,NNP,NN
5258,Canada_2011,0,160,34,acting,acting,NN,NN
5259,Canada_2011,0,160,35,by,by,IN,IN
5260,Canada_2011,0,160,36,and,and,CC,CC
5261,Canada_2011,0,160,37,with,with,IN,IN
5262,Canada_2011,0,160,38,the,the,DT,DT
5263,Canada_2011,0,160,39,Advice,advice,NNP,NN
5264,Canada_2011,0,160,40,of,of,IN,IN
5265,Canada_2011,0,160,41,the,the,DT,DT
5266,Canada_2011,0,160,42,Executive,executive,NNP,NN
5267,Canada_2011,0,160,43,Council,council,NNP,NN
5268,Canada_2011,0,160,44,thereof,thereof,NN,NN
5269,Canada_2011,0,161,0,67,67,CD,CD
5270,Canada_2011,0,162,0,Administration,administration,NN,NN
5271,Canada_2011,0,162,1,in,in,IN,IN
5272,Canada_2011,0,162,2,Absence,absence,NNP,NN
5273,Canada_2011,0,162,4,etc.,etc,NN,NN
5274,Canada_2011,0,162,6,of,of,IN,IN
5275,Canada_2011,0,162,7,Lieutenant,lieutenant,NNP,NN
5276,Canada_2011,0,162,8,Governor,governor,NNP,NN
5277,Canada_2011,0,162,9,Share,share,NNP,NN
5278,Canada_2011,0,162,10,The,the,DT,DT
5279,Canada_2011,0,162,11,Governor,governor,NNP,NN
5280,Canada_2011,0,162,12,General,general,NNP,NN
5281,Canada_2011,0,162,13,in,in,IN,IN
5282,Canada_2011,0,162,14,Council,council,NNP,NN
5283,Canada_2011,0,162,15,may,may,MD,MD
5284,Canada_2011,0,162,16,from,from,IN,IN
5285,Canada_2011,0,162,17,Time,time,NNP,NN
5286,Canada_2011,0,162,18,to,to,TO,TO
5287,Canada_2011,0,162,19,Time,time,NNP,NN
5288,Canada_2011,0,162,20,appoint,appoint,VB,VB
5289,Canada_2011,0,162,21,an,an,DT,DT
5290,Canada_2011,0,162,22,Administrator,administrator,NNP,NN
5291,Canada_2011,0,162,23,to,to,TO,TO
5292,Canada_2011,0,162,24,execute,execute,VB,VB
5293,Canada_2011,0,162,25,the,the,DT,DT
5294,Canada_2011,0,162,26,Office,office,NNP,NN
5295,Canada_2011,0,162,27,and,and,CC,CC
5296,Canada_2011,0,162,28,Functions,functions,NNP,NN
5297,Canada_2011,0,162,29,of,of,IN,IN
5298,Canada_2011,0,162,30,Lieutenant,lieutenant,NNP,NN
5299,Canada_2011,0,162,31,Governor,governor,NNP,NN
5300,Canada_2011,0,162,32,during,during,IN,IN
5301,Canada_2011,0,162,33,his,his,PRP$,PR
5302,Canada_2011,0,162,34,Absence,absence,NNP,NN
5303,Canada_2011,0,162,36,Illness,illness,NNP,NN
5304,Canada_2011,0,162,38,or,or,CC,CC
5305,Canada_2011,0,162,39,other,other,JJ,JJ
5306,Canada_2011,0,162,40,Inability,inability,NNP,NN
5307,Canada_2011,0,163,0,68,68,CD,CD
5308,Canada_2011,0,164,0,Seats,seats,NNS,NN
5309,Canada_2011,0,164,1,of,of,IN,IN
5310,Canada_2011,0,164,2,Provincial,provincial,NNP,NN
5311,Canada_2011,0,164,3,Governments,governments,NNP,NN
5312,Canada_2011,0,164,4,Share,share,NNP,NN
5313,Canada_2011,0,164,5,Unless,unless,NNP,NN
5314,Canada_2011,0,164,6,and,and,CC,CC
5315,Canada_2011,0,164,7,until,until,IN,IN
5316,Canada_2011,0,164,8,the,the,DT,DT
5317,Canada_2011,0,164,9,Executive,executive,JJ,JJ
5318,Canada_2011,0,164,10,Government,government,NNP,NN
5319,Canada_2011,0,164,11,of,of,IN,IN
5320,Canada_2011,0,164,12,any,any,DT,DT
5321,Canada_2011,0,164,13,Province,province,NNP,NN
5322,Canada_2011,0,164,14,otherwise,otherwise,NN,NN
5323,Canada_2011,0,164,15,directs,directs,VBZ,VB
5324,Canada_2011,0,164,16,with,with,IN,IN
5325,Canada_2011,0,164,17,respect,respect,NN,NN
5326,Canada_2011,0,164,18,to,to,TO,TO
5327,Canada_2011,0,164,19,that,that,DT,DT
5328,Canada_2011,0,164,20,Province,province,NNP,NN
5329,Canada_2011,0,164,22,the,the,DT,DT
5330,Canada_2011,0,164,23,Seats,seats,NNP,NN
5331,Canada_2011,0,164,24,of,of,IN,IN
5332,Canada_2011,0,164,25,Government,government,NNP,NN
5333,Canada_2011,0,164,26,of,of,IN,IN
5334,Canada_2011,0,164,27,the,the,DT,DT
5335,Canada_2011,0,164,28,Provinces,provinces,NNPS,NN
5336,Canada_2011,0,164,29,shall,shall,MD,MD
5337,Canada_2011,0,164,30,be,be,VB,VB
5338,Canada_2011,0,164,31,as,as,IN,IN
5339,Canada_2011,0,164,32,follows,follows,VBZ,VB
5340,Canada_2011,0,164,34,namely,namely,RB,RB
5341,Canada_2011,0,164,37,of,of,IN,IN
5342,Canada_2011,0,164,38,Ontario,ontario,NNP,NN
5343,Canada_2011,0,164,40,the,the,DT,DT
5344,Canada_2011,0,164,41,City,city,NNP,NN
5345,Canada_2011,0,164,42,of,of,IN,IN
5346,Canada_2011,0,164,43,Toronto,toronto,NNP,NN
5347,Canada_2011,0,164,45,of,of,IN,IN
5348,Canada_2011,0,164,46,Quebec,quebec,NNP,NN
5349,Canada_2011,0,164,48,the,the,DT,DT
5350,Canada_2011,0,164,49,City,city,NNP,NN
5351,Canada_2011,0,164,50,of,of,IN,IN
5352,Canada_2011,0,164,51,Quebec,quebec,NNP,NN
5353,Canada_2011,0,164,53,of,of,IN,IN
5354,Canada_2011,0,164,54,Nova,nova,NNP,NN
5355,Canada_2011,0,164,55,Scotia,scotia,NNP,NN
5356,Canada_2011,0,164,57,the,the,DT,DT
5357,Canada_2011,0,164,58,City,city,NNP,NN
5358,Canada_2011,0,164,59,of,of,IN,IN
5359,Canada_2011,0,164,60,Halifax,halifax,NNP,NN
5360,Canada_2011,0,164,62,and,and,CC,CC
5361,Canada_2011,0,164,63,of,of,IN,IN
5362,Canada_2011,0,164,64,New,new,NNP,NN
5363,Canada_2011,0,164,65,Brunswick,brunswick,NNP,NN
5364,Canada_2011,0,164,67,the,the,DT,DT
5365,Canada_2011,0,164,68,City,city,NNP,NN
5366,Canada_2011,0,164,69,of,of,IN,IN
5367,Canada_2011,0,164,70,Fredericton,fredericton,NNP,NN
5368,Canada_2011,0,165,0,Part,part,NN,NN
5369,Canada_2011,0,165,1,2,2,CD,CD
5370,Canada_2011,0,166,0,LEGISLATIVE,legislative,JJ,JJ
5371,Canada_2011,0,166,1,POWER,power,NNP,NN
5372,Canada_2011,0,166,2,A.,a,NNP,NN
5373,Canada_2011,0,166,3,Ontario,ontario,NNP,NN
5374,Canada_2011,0,166,4,69,69,CD,CD
5375,Canada_2011,0,167,0,Legislature,legislature,NN,NN
5376,Canada_2011,0,167,1,for,for,IN,IN
5377,Canada_2011,0,167,2,Ontario,ontario,NNP,NN
5378,Canada_2011,0,167,3,Share,share,NNP,NN
5379,Canada_2011,0,167,4,There,there,EX,EX
5380,Canada_2011,0,167,5,shall,shall,MD,MD
5381,Canada_2011,0,167,6,be,be,VB,VB
5382,Canada_2011,0,167,7,a,a,DT,DT
5383,Canada_2011,0,167,8,Legislature,legislature,NNP,NN
5384,Canada_2011,0,167,9,for,for,IN,IN
5385,Canada_2011,0,167,10,Ontario,ontario,NNP,NN
5386,Canada_2011,0,167,11,consisting,consisting,VBG,VB
5387,Canada_2011,0,167,12,of,of,IN,IN
5388,Canada_2011,0,167,13,the,the,DT,DT
5389,Canada_2011,0,167,14,Lieutenant,lieutenant,NNP,NN
5390,Canada_2011,0,167,15,Governor,governor,NNP,NN
5391,Canada_2011,0,167,16,and,and,CC,CC
5392,Canada_2011,0,167,17,of,of,IN,IN
5393,Canada_2011,0,167,18,One,one,CD,CD
5394,Canada_2011,0,167,19,House,house,NNP,NN
5395,Canada_2011,0,167,21,styled,styled,VBD,VB
5396,Canada_2011,0,167,22,the,the,DT,DT
5397,Canada_2011,0,167,23,Legislative,legislative,NNP,NN
5398,Canada_2011,0,167,24,Assembly,assembly,NNP,NN
5399,Canada_2011,0,167,25,of,of,IN,IN
5400,Canada_2011,0,167,26,Ontario,ontario,NNP,NN
5401,Canada_2011,0,168,0,70,70,CD,CD
5402,Canada_2011,0,169,0,Electoral,electoral,JJ,JJ
5403,Canada_2011,0,169,1,districts,districts,NNS,NN
5404,Canada_2011,0,169,2,Share,share,VBP,VB
5405,Canada_2011,0,169,3,The,the,DT,DT
5406,Canada_2011,0,169,4,Legislative,legislative,NNP,NN
5407,Canada_2011,0,169,5,Assembly,assembly,NNP,NN
5408,Canada_2011,0,169,6,of,of,IN,IN
5409,Canada_2011,0,169,7,Ontario,ontario,NNP,NN
5410,Canada_2011,0,169,8,shall,shall,MD,MD
5411,Canada_2011,0,169,9,be,be,VB,VB
5412,Canada_2011,0,169,10,composed,composed,VBN,VB
5413,Canada_2011,0,169,11,of,of,IN,IN
5414,Canada_2011,0,169,12,Eighty-two,eightytwo,NNP,NN
5415,Canada_2011,0,169,13,Members,members,NNP,NN
5416,Canada_2011,0,169,15,to,to,TO,TO
5417,Canada_2011,0,169,16,be,be,VB,VB
5418,Canada_2011,0,169,17,elected,elected,VBN,VB
5419,Canada_2011,0,169,18,to,to,TO,TO
5420,Canada_2011,0,169,19,represent,represent,VB,VB
5421,Canada_2011,0,169,20,the,the,DT,DT
5422,Canada_2011,0,169,21,Eighty-two,eightytwo,NNP,NN
5423,Canada_2011,0,169,22,Electoral,electoral,NNP,NN
5424,Canada_2011,0,169,23,Districts,districts,NNP,NN
5425,Canada_2011,0,169,24,set,set,VBD,VB
5426,Canada_2011,0,169,25,forth,forth,NN,NN
5427,Canada_2011,0,169,26,in,in,IN,IN
5428,Canada_2011,0,169,27,the,the,DT,DT
5429,Canada_2011,0,169,28,First,first,NNP,NN
5430,Canada_2011,0,169,29,Schedule,schedule,NNP,NN
5431,Canada_2011,0,169,30,to,to,TO,TO
5432,Canada_2011,0,169,31,this,this,DT,DT
5433,Canada_2011,0,169,32,Act,act,NNP,NN
5434,Canada_2011,0,170,0,B.,b,NNP,NN
5435,Canada_2011,0,170,1,Quebec,quebec,NNP,NN
5436,Canada_2011,0,170,2,71,71,CD,CD
5437,Canada_2011,0,171,0,Legislature,legislature,NN,NN
5438,Canada_2011,0,171,1,for,for,IN,IN
5439,Canada_2011,0,171,2,Quebec,quebec,NNP,NN
5440,Canada_2011,0,171,3,Share,share,NNP,NN
5441,Canada_2011,0,171,4,There,there,EX,EX
5442,Canada_2011,0,171,5,shall,shall,MD,MD
5443,Canada_2011,0,171,6,be,be,VB,VB
5444,Canada_2011,0,171,7,a,a,DT,DT
5445,Canada_2011,0,171,8,Legislature,legislature,NNP,NN
5446,Canada_2011,0,171,9,for,for,IN,IN
5447,Canada_2011,0,171,10,Quebec,quebec,NNP,NN
5448,Canada_2011,0,171,11,consisting,consisting,NN,NN
5449,Canada_2011,0,171,12,of,of,IN,IN
5450,Canada_2011,0,171,13,the,the,DT,DT
5451,Canada_2011,0,171,14,Lieutenant,lieutenant,NNP,NN
5452,Canada_2011,0,171,15,Governor,governor,NNP,NN
5453,Canada_2011,0,171,16,and,and,CC,CC
5454,Canada_2011,0,171,17,of,of,IN,IN
5455,Canada_2011,0,171,18,Two,two,CD,CD
5456,Canada_2011,0,171,19,Houses,houses,NNS,NN
5457,Canada_2011,0,171,21,styled,styled,VBD,VB
5458,Canada_2011,0,171,22,the,the,DT,DT
5459,Canada_2011,0,171,23,Legislative,legislative,NNP,NN
5460,Canada_2011,0,171,24,Council,council,NNP,NN
5461,Canada_2011,0,171,25,of,of,IN,IN
5462,Canada_2011,0,171,26,Quebec,quebec,NNP,NN
5463,Canada_2011,0,171,27,and,and,CC,CC
5464,Canada_2011,0,171,28,the,the,DT,DT
5465,Canada_2011,0,171,29,Legislative,legislative,NNP,NN
5466,Canada_2011,0,171,30,Assembly,assembly,NNP,NN
5467,Canada_2011,0,171,31,of,of,IN,IN
5468,Canada_2011,0,171,32,Quebec,quebec,NNP,NN
5469,Canada_2011,0,172,0,72,72,CD,CD
5470,Canada_2011,0,173,0,Constitution,constitution,NN,NN
5471,Canada_2011,0,173,1,of,of,IN,IN
5472,Canada_2011,0,173,2,Legislative,legislative,NNP,NN
5473,Canada_2011,0,173,3,Council,council,NNP,NN
5474,Canada_2011,0,173,4,Share,share,NNP,NN
5475,Canada_2011,0,173,5,The,the,DT,DT
5476,Canada_2011,0,173,6,Legislative,legislative,NNP,NN
5477,Canada_2011,0,173,7,Council,council,NNP,NN
5478,Canada_2011,0,173,8,of,of,IN,IN
5479,Canada_2011,0,173,9,Quebec,quebec,NNP,NN
5480,Canada_2011,0,173,10,shall,shall,MD,MD
5481,Canada_2011,0,173,11,be,be,VB,VB
5482,Canada_2011,0,173,12,composed,composed,VBN,VB
5483,Canada_2011,0,173,13,of,of,IN,IN
5484,Canada_2011,0,173,14,Twenty-four,twentyfour,JJ,JJ
5485,Canada_2011,0,173,15,Members,members,NNS,NN
5486,Canada_2011,0,173,17,to,to,TO,TO
5487,Canada_2011,0,173,18,be,be,VB,VB
5488,Canada_2011,0,173,19,appointed,appointed,VBN,VB
5489,Canada_2011,0,173,20,by,by,IN,IN
5490,Canada_2011,0,173,21,the,the,DT,DT
5491,Canada_2011,0,173,22,Lieutenant,lieutenant,NNP,NN
5492,Canada_2011,0,173,23,Governor,governor,NNP,NN
5493,Canada_2011,0,173,25,in,in,IN,IN
5494,Canada_2011,0,173,26,the,the,DT,DT
5495,Canada_2011,0,173,27,Queen,queen,NNP,NN
5496,Canada_2011,0,173,29,s,s,NN,NN
5497,Canada_2011,0,173,30,Name,name,NN,NN
5498,Canada_2011,0,173,32,by,by,IN,IN
5499,Canada_2011,0,173,33,Instrument,instrument,NNP,NN
5500,Canada_2011,0,173,34,under,under,IN,IN
5501,Canada_2011,0,173,35,the,the,DT,DT
5502,Canada_2011,0,173,36,Great,great,NNP,NN
5503,Canada_2011,0,173,37,Seal,seal,NNP,NN
5504,Canada_2011,0,173,38,of,of,IN,IN
5505,Canada_2011,0,173,39,Quebec,quebec,NNP,NN
5506,Canada_2011,0,173,41,one,one,CD,CD
5507,Canada_2011,0,173,42,being,being,VBG,VB
5508,Canada_2011,0,173,43,appointed,appointed,VBN,VB
5509,Canada_2011,0,173,44,to,to,TO,TO
5510,Canada_2011,0,173,45,represent,represent,VB,VB
5511,Canada_2011,0,173,46,each,each,DT,DT
5512,Canada_2011,0,173,47,of,of,IN,IN
5513,Canada_2011,0,173,48,the,the,DT,DT
5514,Canada_2011,0,173,49,Twenty-four,twentyfour,JJ,JJ
5515,Canada_2011,0,173,50,Electoral,electoral,NNP,NN
5516,Canada_2011,0,173,51,Divisions,divisions,NNP,NN
5517,Canada_2011,0,173,52,of,of,IN,IN
5518,Canada_2011,0,173,53,Lower,lower,NNP,NN
5519,Canada_2011,0,173,54,Canada,canada,NNP,NN
5520,Canada_2011,0,173,55,in,in,IN,IN
5521,Canada_2011,0,173,56,this,this,DT,DT
5522,Canada_2011,0,173,57,Act,act,NNP,NN
5523,Canada_2011,0,173,58,referred,referred,VBD,VB
5524,Canada_2011,0,173,59,to,to,TO,TO
5525,Canada_2011,0,173,61,and,and,CC,CC
5526,Canada_2011,0,173,62,each,each,DT,DT
5527,Canada_2011,0,173,63,holding,holding,VBG,VB
5528,Canada_2011,0,173,64,Office,office,NNP,NN
5529,Canada_2011,0,173,65,for,for,IN,IN
5530,Canada_2011,0,173,66,the,the,DT,DT
5531,Canada_2011,0,173,67,Term,term,NNP,NN
5532,Canada_2011,0,173,68,of,of,IN,IN
5533,Canada_2011,0,173,69,his,his,PRP$,PR
5534,Canada_2011,0,173,70,Life,life,NNP,NN
5535,Canada_2011,0,173,72,unless,unless,IN,IN
5536,Canada_2011,0,173,73,the,the,DT,DT
5537,Canada_2011,0,173,74,Legislature,legislature,NNP,NN
5538,Canada_2011,0,173,75,of,of,IN,IN
5539,Canada_2011,0,173,76,Quebec,quebec,NNP,NN
5540,Canada_2011,0,173,77,otherwise,otherwise,RB,RB
5541,Canada_2011,0,173,78,provides,provides,VBZ,VB
5542,Canada_2011,0,173,79,under,under,IN,IN
5543,Canada_2011,0,173,80,the,the,DT,DT
5544,Canada_2011,0,173,81,Provisions,provisions,NNP,NN
5545,Canada_2011,0,173,82,of,of,IN,IN
5546,Canada_2011,0,173,83,this,this,DT,DT
5547,Canada_2011,0,173,84,Act,act,NNP,NN
5548,Canada_2011,0,174,0,73,73,CD,CD
5549,Canada_2011,0,175,0,Qualification,qualification,NN,NN
5550,Canada_2011,0,175,1,of,of,IN,IN
5551,Canada_2011,0,175,2,Legislative,legislative,JJ,JJ
5552,Canada_2011,0,175,3,Councillors,councillors,NNS,NN
5553,Canada_2011,0,175,4,Share,share,VBP,VB
5554,Canada_2011,0,175,5,The,the,DT,DT
5555,Canada_2011,0,175,6,Qualifications,qualifications,NNS,NN
5556,Canada_2011,0,175,7,of,of,IN,IN
5557,Canada_2011,0,175,8,the,the,DT,DT
5558,Canada_2011,0,175,9,Legislative,legislative,JJ,JJ
5559,Canada_2011,0,175,10,Councillors,councillors,NNS,NN
5560,Canada_2011,0,175,11,of,of,IN,IN
5561,Canada_2011,0,175,12,Quebec,quebec,NNP,NN
5562,Canada_2011,0,175,13,shall,shall,MD,MD
5563,Canada_2011,0,175,14,be,be,VB,VB
5564,Canada_2011,0,175,15,the,the,DT,DT
5565,Canada_2011,0,175,16,same,same,JJ,JJ
5566,Canada_2011,0,175,17,as,as,IN,IN
5567,Canada_2011,0,175,18,those,those,DT,DT
5568,Canada_2011,0,175,19,of,of,IN,IN
5569,Canada_2011,0,175,20,the,the,DT,DT
5570,Canada_2011,0,175,21,Senators,senators,NNS,NN
5571,Canada_2011,0,175,22,for,for,IN,IN
5572,Canada_2011,0,175,23,Quebec,quebec,NNP,NN
5573,Canada_2011,0,176,0,74,74,CD,CD
5574,Canada_2011,0,177,0,Resignation,resignation,NN,NN
5575,Canada_2011,0,177,2,Disqualification,disqualification,NNP,NN
5576,Canada_2011,0,177,4,etc,etc,FW,FW
5577,Canada_2011,0,177,5,Share,share,NNP,NN
5578,Canada_2011,0,177,6,The,the,DT,DT
5579,Canada_2011,0,177,7,Place,place,NNP,NN
5580,Canada_2011,0,177,8,of,of,IN,IN
5581,Canada_2011,0,177,9,a,a,DT,DT
5582,Canada_2011,0,177,10,Legislative,legislative,NNP,NN
5583,Canada_2011,0,177,11,Councillor,councillor,NNP,NN
5584,Canada_2011,0,177,12,of,of,IN,IN
5585,Canada_2011,0,177,13,Quebec,quebec,NNP,NN
5586,Canada_2011,0,177,14,shall,shall,MD,MD
5587,Canada_2011,0,177,15,become,become,VB,VB
5588,Canada_2011,0,177,16,vacant,vacant,JJ,JJ
5589,Canada_2011,0,177,17,in,in,IN,IN
5590,Canada_2011,0,177,18,the,the,DT,DT
5591,Canada_2011,0,177,19,Cases,cases,NNP,NN
5592,Canada_2011,0,177,21,mutatis,mutatis,NN,NN
5593,Canada_2011,0,177,22,mutandis,mutandis,NN,NN
5594,Canada_2011,0,177,24,in,in,IN,IN
5595,Canada_2011,0,177,25,which,which,WDT,WD
5596,Canada_2011,0,177,26,the,the,DT,DT
5597,Canada_2011,0,177,27,Place,place,NN,NN
5598,Canada_2011,0,177,28,of,of,IN,IN
5599,Canada_2011,0,177,29,Senator,senator,NNP,NN
5600,Canada_2011,0,177,30,becomes,becomes,VBZ,VB
5601,Canada_2011,0,177,31,vacant,vacant,JJ,JJ
5602,Canada_2011,0,178,0,75,75,CD,CD
5603,Canada_2011,0,179,0,Vacancies,vacancies,NNS,NN
5604,Canada_2011,0,179,1,Share,share,NNP,NN
5605,Canada_2011,0,179,2,When,when,WRB,WR
5606,Canada_2011,0,179,3,a,a,DT,DT
5607,Canada_2011,0,179,4,Vacancy,vacancy,NN,NN
5608,Canada_2011,0,179,5,happens,happens,VBZ,VB
5609,Canada_2011,0,179,6,in,in,IN,IN
5610,Canada_2011,0,179,7,the,the,DT,DT
5611,Canada_2011,0,179,8,Legislative,legislative,NNP,NN
5612,Canada_2011,0,179,9,Council,council,NNP,NN
5613,Canada_2011,0,179,10,of,of,IN,IN
5614,Canada_2011,0,179,11,Quebec,quebec,NNP,NN
5615,Canada_2011,0,179,12,by,by,IN,IN
5616,Canada_2011,0,179,13,Resignation,resignation,NNP,NN
5617,Canada_2011,0,179,15,Death,death,NNP,NN
5618,Canada_2011,0,179,17,or,or,CC,CC
5619,Canada_2011,0,179,18,otherwise,otherwise,RB,RB
5620,Canada_2011,0,179,20,the,the,DT,DT
5621,Canada_2011,0,179,21,Lieutenant,lieutenant,NNP,NN
5622,Canada_2011,0,179,22,Governor,governor,NNP,NN
5623,Canada_2011,0,179,24,in,in,IN,IN
5624,Canada_2011,0,179,25,the,the,DT,DT
5625,Canada_2011,0,179,26,Queen,queen,NNP,NN
5626,Canada_2011,0,179,28,s,s,NN,NN
5627,Canada_2011,0,179,29,Name,name,NN,NN
5628,Canada_2011,0,179,31,by,by,IN,IN
5629,Canada_2011,0,179,32,Instrument,instrument,NNP,NN
5630,Canada_2011,0,179,33,under,under,IN,IN
5631,Canada_2011,0,179,34,the,the,DT,DT
5632,Canada_2011,0,179,35,Great,great,NNP,NN
5633,Canada_2011,0,179,36,Seal,seal,NNP,NN
5634,Canada_2011,0,179,37,of,of,IN,IN
5635,Canada_2011,0,179,38,Quebec,quebec,NNP,NN
5636,Canada_2011,0,179,40,shall,shall,MD,MD
5637,Canada_2011,0,179,41,appoint,appoint,VB,VB
5638,Canada_2011,0,179,42,a,a,DT,DT
5639,Canada_2011,0,179,43,fit,fit,NN,NN
5640,Canada_2011,0,179,44,and,and,CC,CC
5641,Canada_2011,0,179,45,qualified,qualified,VBD,VB
5642,Canada_2011,0,179,46,Person,person,NNP,NN
5643,Canada_2011,0,179,47,to,to,TO,TO
5644,Canada_2011,0,179,48,fill,fill,VB,VB
5645,Canada_2011,0,179,49,the,the,DT,DT
5646,Canada_2011,0,179,50,Vacancy,vacancy,NNP,NN
5647,Canada_2011,0,180,0,76,76,CD,CD
5648,Canada_2011,0,181,0,Questions,questions,NNS,NN
5649,Canada_2011,0,181,1,as,as,IN,IN
5650,Canada_2011,0,181,2,to,to,TO,TO
5651,Canada_2011,0,181,3,Vacancies,vacancies,NNP,NN
5652,Canada_2011,0,181,5,etc,etc,FW,FW
5653,Canada_2011,0,181,6,Share,share,NNP,NN
5654,Canada_2011,0,181,7,If,if,IN,IN
5655,Canada_2011,0,181,8,any,any,DT,DT
5656,Canada_2011,0,181,9,Question,question,NNP,NN
5657,Canada_2011,0,181,10,arises,arises,NNS,NN
5658,Canada_2011,0,181,11,respecting,respecting,VBG,VB
5659,Canada_2011,0,181,12,the,the,DT,DT
5660,Canada_2011,0,181,13,Qualification,qualification,NN,NN
5661,Canada_2011,0,181,14,of,of,IN,IN
5662,Canada_2011,0,181,15,a,a,DT,DT
5663,Canada_2011,0,181,16,Legislative,legislative,NNP,NN
5664,Canada_2011,0,181,17,Councillor,councillor,NNP,NN
5665,Canada_2011,0,181,18,of,of,IN,IN
5666,Canada_2011,0,181,19,Quebec,quebec,NNP,NN
5667,Canada_2011,0,181,21,or,or,CC,CC
5668,Canada_2011,0,181,22,a,a,DT,DT
5669,Canada_2011,0,181,23,Vacancy,vacancy,NN,NN
5670,Canada_2011,0,181,24,in,in,IN,IN
5671,Canada_2011,0,181,25,the,the,DT,DT
5672,Canada_2011,0,181,26,Legislative,legislative,NNP,NN
5673,Canada_2011,0,181,27,Council,council,NNP,NN
5674,Canada_2011,0,181,28,of,of,IN,IN
5675,Canada_2011,0,181,29,Quebec,quebec,NNP,NN
5676,Canada_2011,0,181,31,the,the,DT,DT
5677,Canada_2011,0,181,32,same,same,JJ,JJ
5678,Canada_2011,0,181,33,shall,shall,MD,MD
5679,Canada_2011,0,181,34,be,be,VB,VB
5680,Canada_2011,0,181,35,heard,heard,VBN,VB
5681,Canada_2011,0,181,36,and,and,CC,CC
5682,Canada_2011,0,181,37,determined,determined,VBN,VB
5683,Canada_2011,0,181,38,by,by,IN,IN
5684,Canada_2011,0,181,39,the,the,DT,DT
5685,Canada_2011,0,181,40,Legislative,legislative,NNP,NN
5686,Canada_2011,0,181,41,Council,council,NNP,NN
5687,Canada_2011,0,182,0,77,77,CD,CD
5688,Canada_2011,0,183,0,Speaker,speaker,NNP,NN
5689,Canada_2011,0,183,1,of,of,IN,IN
5690,Canada_2011,0,183,2,Legislative,legislative,NNP,NN
5691,Canada_2011,0,183,3,Council,council,NNP,NN
5692,Canada_2011,0,183,4,Share,share,NNP,NN
5693,Canada_2011,0,183,5,The,the,DT,DT
5694,Canada_2011,0,183,6,Lieutenant,lieutenant,NNP,NN
5695,Canada_2011,0,183,7,Governor,governor,NNP,NN
5696,Canada_2011,0,183,8,may,may,MD,MD
5697,Canada_2011,0,183,9,from,from,IN,IN
5698,Canada_2011,0,183,10,Time,time,NNP,NN
5699,Canada_2011,0,183,11,to,to,TO,TO
5700,Canada_2011,0,183,12,Time,time,NNP,NN
5701,Canada_2011,0,183,14,by,by,IN,IN
5702,Canada_2011,0,183,15,Instrument,instrument,NNP,NN
5703,Canada_2011,0,183,16,under,under,IN,IN
5704,Canada_2011,0,183,17,the,the,DT,DT
5705,Canada_2011,0,183,18,Great,great,NNP,NN
5706,Canada_2011,0,183,19,Seal,seal,NNP,NN
5707,Canada_2011,0,183,20,of,of,IN,IN
5708,Canada_2011,0,183,21,Quebec,quebec,NNP,NN
5709,Canada_2011,0,183,23,appoint,appoint,NN,NN
5710,Canada_2011,0,183,24,a,a,DT,DT
5711,Canada_2011,0,183,25,Member,member,NNP,NN
5712,Canada_2011,0,183,26,of,of,IN,IN
5713,Canada_2011,0,183,27,the,the,DT,DT
5714,Canada_2011,0,183,28,Legislative,legislative,NNP,NN
5715,Canada_2011,0,183,29,Council,council,NNP,NN
5716,Canada_2011,0,183,30,of,of,IN,IN
5717,Canada_2011,0,183,31,Quebec,quebec,NNP,NN
5718,Canada_2011,0,183,32,to,to,TO,TO
5719,Canada_2011,0,183,33,be,be,VB,VB
5720,Canada_2011,0,183,34,Speaker,speaker,NNP,NN
5721,Canada_2011,0,183,35,thereof,thereof,NN,NN
5722,Canada_2011,0,183,37,and,and,CC,CC
5723,Canada_2011,0,183,38,may,may,MD,MD
5724,Canada_2011,0,183,39,remove,remove,VB,VB
5725,Canada_2011,0,183,40,him,him,PRP,PR
5726,Canada_2011,0,183,41,and,and,CC,CC
5727,Canada_2011,0,183,42,appoint,appoint,VB,VB
5728,Canada_2011,0,183,43,another,another,DT,DT
5729,Canada_2011,0,183,44,in,in,IN,IN
5730,Canada_2011,0,183,45,his,his,PRP$,PR
5731,Canada_2011,0,183,46,Stead,stead,NN,NN
5732,Canada_2011,0,184,0,78,78,CD,CD
5733,Canada_2011,0,185,0,Quorum,quorum,NN,NN
5734,Canada_2011,0,185,1,of,of,IN,IN
5735,Canada_2011,0,185,2,Legislative,legislative,NNP,NN
5736,Canada_2011,0,185,3,Council,council,NNP,NN
5737,Canada_2011,0,185,4,Share,share,NNP,NN
5738,Canada_2011,0,185,5,Until,until,IN,IN
5739,Canada_2011,0,185,6,the,the,DT,DT
5740,Canada_2011,0,185,7,Legislature,legislature,NNP,NN
5741,Canada_2011,0,185,8,of,of,IN,IN
5742,Canada_2011,0,185,9,Quebec,quebec,NNP,NN
5743,Canada_2011,0,185,10,otherwise,otherwise,RB,RB
5744,Canada_2011,0,185,11,provides,provides,VBZ,VB
5745,Canada_2011,0,185,13,the,the,DT,DT
5746,Canada_2011,0,185,14,Presence,presence,NN,NN
5747,Canada_2011,0,185,15,of,of,IN,IN
5748,Canada_2011,0,185,16,at,at,IN,IN
5749,Canada_2011,0,185,17,least,least,JJS,JJ
5750,Canada_2011,0,185,18,Ten,ten,CD,CD
5751,Canada_2011,0,185,19,Members,members,NNS,NN
5752,Canada_2011,0,185,20,of,of,IN,IN
5753,Canada_2011,0,185,21,the,the,DT,DT
5754,Canada_2011,0,185,22,Legislative,legislative,NNP,NN
5755,Canada_2011,0,185,23,Council,council,NNP,NN
5756,Canada_2011,0,185,25,including,including,VBG,VB
5757,Canada_2011,0,185,26,the,the,DT,DT
5758,Canada_2011,0,185,27,Speaker,speaker,NNP,NN
5759,Canada_2011,0,185,29,shall,shall,MD,MD
5760,Canada_2011,0,185,30,be,be,VB,VB
5761,Canada_2011,0,185,31,necessary,necessary,JJ,JJ
5762,Canada_2011,0,185,32,to,to,TO,TO
5763,Canada_2011,0,185,33,constitute,constitute,VB,VB
5764,Canada_2011,0,185,34,a,a,DT,DT
5765,Canada_2011,0,185,35,Meeting,meeting,NN,NN
5766,Canada_2011,0,185,36,for,for,IN,IN
5767,Canada_2011,0,185,37,the,the,DT,DT
5768,Canada_2011,0,185,38,Exercise,exercise,NNP,NN
5769,Canada_2011,0,185,39,of,of,IN,IN
5770,Canada_2011,0,185,40,its,its,PRP$,PR
5771,Canada_2011,0,185,41,Powers,powers,NNS,NN
5772,Canada_2011,0,186,0,79,79,CD,CD
5773,Canada_2011,0,187,0,Voting,voting,VBG,VB
5774,Canada_2011,0,187,1,in,in,IN,IN
5775,Canada_2011,0,187,2,Legislative,legislative,NNP,NN
5776,Canada_2011,0,187,3,Council,council,NNP,NN
5777,Canada_2011,0,187,4,Share,share,NNP,NN
5778,Canada_2011,0,187,5,Questions,questions,NNP,NN
5779,Canada_2011,0,187,6,arising,arising,VBG,VB
5780,Canada_2011,0,187,7,in,in,IN,IN
5781,Canada_2011,0,187,8,the,the,DT,DT
5782,Canada_2011,0,187,9,Legislative,legislative,NNP,NN
5783,Canada_2011,0,187,10,Council,council,NNP,NN
5784,Canada_2011,0,187,11,of,of,IN,IN
5785,Canada_2011,0,187,12,Quebec,quebec,NNP,NN
5786,Canada_2011,0,187,13,shall,shall,MD,MD
5787,Canada_2011,0,187,14,be,be,VB,VB
5788,Canada_2011,0,187,15,decided,decided,VBN,VB
5789,Canada_2011,0,187,16,by,by,IN,IN
5790,Canada_2011,0,187,17,a,a,DT,DT
5791,Canada_2011,0,187,18,Majority,majority,NNP,NN
5792,Canada_2011,0,187,19,of,of,IN,IN
5793,Canada_2011,0,187,20,Voices,voices,NNP,NN
5794,Canada_2011,0,187,22,and,and,CC,CC
5795,Canada_2011,0,187,23,the,the,DT,DT
5796,Canada_2011,0,187,24,Speaker,speaker,NNP,NN
5797,Canada_2011,0,187,25,shall,shall,MD,MD
5798,Canada_2011,0,187,26,in,in,IN,IN
5799,Canada_2011,0,187,27,all,all,DT,DT
5800,Canada_2011,0,187,28,Cases,cases,NNS,NN
5801,Canada_2011,0,187,29,have,have,VBP,VB
5802,Canada_2011,0,187,30,a,a,DT,DT
5803,Canada_2011,0,187,31,Vote,vote,NNP,NN
5804,Canada_2011,0,187,33,and,and,CC,CC
5805,Canada_2011,0,187,34,when,when,WRB,WR
5806,Canada_2011,0,187,35,the,the,DT,DT
5807,Canada_2011,0,187,36,Voices,voices,NNS,NN
5808,Canada_2011,0,187,37,are,are,VBP,VB
5809,Canada_2011,0,187,38,equal,equal,JJ,JJ
5810,Canada_2011,0,187,39,the,the,DT,DT
5811,Canada_2011,0,187,40,Decision,decision,NNP,NN
5812,Canada_2011,0,187,41,shall,shall,MD,MD
5813,Canada_2011,0,187,42,be,be,VB,VB
5814,Canada_2011,0,187,43,deemed,deemed,VBN,VB
5815,Canada_2011,0,187,44,to,to,TO,TO
5816,Canada_2011,0,187,45,be,be,VB,VB
5817,Canada_2011,0,187,46,in,in,IN,IN
5818,Canada_2011,0,187,47,the,the,DT,DT
5819,Canada_2011,0,187,48,Negative,negative,NNP,NN
5820,Canada_2011,0,188,0,80,80,CD,CD
5821,Canada_2011,0,189,0,Constitution,constitution,NN,NN
5822,Canada_2011,0,189,1,of,of,IN,IN
5823,Canada_2011,0,189,2,Legislative,legislative,NNP,NN
5824,Canada_2011,0,189,3,Assembly,assembly,NNP,NN
5825,Canada_2011,0,189,4,of,of,IN,IN
5826,Canada_2011,0,189,5,Quebec,quebec,NNP,NN
5827,Canada_2011,0,189,6,Share,share,NNP,NN
5828,Canada_2011,0,189,7,The,the,DT,DT
5829,Canada_2011,0,189,8,Legislative,legislative,NNP,NN
5830,Canada_2011,0,189,9,Assembly,assembly,NNP,NN
5831,Canada_2011,0,189,10,of,of,IN,IN
5832,Canada_2011,0,189,11,Quebec,quebec,NNP,NN
5833,Canada_2011,0,189,12,shall,shall,MD,MD
5834,Canada_2011,0,189,13,be,be,VB,VB
5835,Canada_2011,0,189,14,composed,composed,VBN,VB
5836,Canada_2011,0,189,15,of,of,IN,IN
5837,Canada_2011,0,189,16,Sixty-five,sixtyfive,JJ,JJ
5838,Canada_2011,0,189,17,Members,members,NNS,NN
5839,Canada_2011,0,189,19,to,to,TO,TO
5840,Canada_2011,0,189,20,be,be,VB,VB
5841,Canada_2011,0,189,21,elected,elected,VBN,VB
5842,Canada_2011,0,189,22,to,to,TO,TO
5843,Canada_2011,0,189,23,represent,represent,VB,VB
5844,Canada_2011,0,189,24,the,the,DT,DT
5845,Canada_2011,0,189,25,Sixty-five,sixtyfive,JJ,JJ
5846,Canada_2011,0,189,26,Electoral,electoral,NNP,NN
5847,Canada_2011,0,189,27,Divisions,divisions,NNPS,NN
5848,Canada_2011,0,189,28,or,or,CC,CC
5849,Canada_2011,0,189,29,Districts,districts,NNPS,NN
5850,Canada_2011,0,189,30,of,of,IN,IN
5851,Canada_2011,0,189,31,Lower,lower,NNP,NN
5852,Canada_2011,0,189,32,Canada,canada,NNP,NN
5853,Canada_2011,0,189,33,in,in,IN,IN
5854,Canada_2011,0,189,34,this,this,DT,DT
5855,Canada_2011,0,189,35,Act,act,NNP,NN
5856,Canada_2011,0,189,36,referred,referred,VBD,VB
5857,Canada_2011,0,189,37,to,to,TO,TO
5858,Canada_2011,0,189,39,subject,subject,JJ,JJ
5859,Canada_2011,0,189,40,to,to,TO,TO
5860,Canada_2011,0,189,41,Alteration,alteration,NNP,NN
5861,Canada_2011,0,189,42,thereof,thereof,NN,NN
5862,Canada_2011,0,189,43,by,by,IN,IN
5863,Canada_2011,0,189,44,the,the,DT,DT
5864,Canada_2011,0,189,45,Legislature,legislature,NNP,NN
5865,Canada_2011,0,189,46,of,of,IN,IN
5866,Canada_2011,0,189,47,Quebec,quebec,NNP,NN
5867,Canada_2011,0,189,49,Provided,provided,VBD,VB
5868,Canada_2011,0,189,50,that,that,IN,IN
5869,Canada_2011,0,189,51,it,it,PRP,PR
5870,Canada_2011,0,189,52,shall,shall,MD,MD
5871,Canada_2011,0,189,53,not,not,RB,RB
5872,Canada_2011,0,189,54,be,be,VB,VB
5873,Canada_2011,0,189,55,lawful,lawful,JJ,JJ
5874,Canada_2011,0,189,56,to,to,TO,TO
5875,Canada_2011,0,189,57,present,present,VB,VB
5876,Canada_2011,0,189,58,to,to,TO,TO
5877,Canada_2011,0,189,59,the,the,DT,DT
5878,Canada_2011,0,189,60,Lieutenant,lieutenant,NNP,NN
5879,Canada_2011,0,189,61,Governor,governor,NNP,NN
5880,Canada_2011,0,189,62,of,of,IN,IN
5881,Canada_2011,0,189,63,Quebec,quebec,NNP,NN
5882,Canada_2011,0,189,64,for,for,IN,IN
5883,Canada_2011,0,189,65,Assent,assent,NNP,NN
5884,Canada_2011,0,189,66,any,any,DT,DT
5885,Canada_2011,0,189,67,Bill,bill,NNP,NN
5886,Canada_2011,0,189,68,for,for,IN,IN
5887,Canada_2011,0,189,69,altering,altering,VBG,VB
5888,Canada_2011,0,189,70,the,the,DT,DT
5889,Canada_2011,0,189,71,Limits,limits,NNS,NN
5890,Canada_2011,0,189,72,of,of,IN,IN
5891,Canada_2011,0,189,73,any,any,DT,DT
5892,Canada_2011,0,189,74,of,of,IN,IN
5893,Canada_2011,0,189,75,the,the,DT,DT
5894,Canada_2011,0,189,76,Electoral,electoral,NNP,NN
5895,Canada_2011,0,189,77,Divisions,divisions,NNPS,NN
5896,Canada_2011,0,189,78,or,or,CC,CC
5897,Canada_2011,0,189,79,Districts,districts,NNPS,NN
5898,Canada_2011,0,189,80,mentioned,mentioned,VBN,VB
5899,Canada_2011,0,189,81,in,in,IN,IN
5900,Canada_2011,0,189,82,the,the,DT,DT
5901,Canada_2011,0,189,83,Second,second,JJ,JJ
5902,Canada_2011,0,189,84,Schedule,schedule,NN,NN
5903,Canada_2011,0,189,85,to,to,TO,TO
5904,Canada_2011,0,189,86,this,this,DT,DT
5905,Canada_2011,0,189,87,Act,act,NNP,NN
5906,Canada_2011,0,189,89,unless,unless,IN,IN
5907,Canada_2011,0,189,90,the,the,DT,DT
5908,Canada_2011,0,189,91,Second,second,NNP,NN
5909,Canada_2011,0,189,92,and,and,CC,CC
5910,Canada_2011,0,189,93,Third,third,NNP,NN
5911,Canada_2011,0,189,94,Readings,readings,NNP,NN
5912,Canada_2011,0,189,95,of,of,IN,IN
5913,Canada_2011,0,189,96,such,such,JJ,JJ
5914,Canada_2011,0,189,97,Bill,bill,NNP,NN
5915,Canada_2011,0,189,98,have,have,VBP,VB
5916,Canada_2011,0,189,99,been,been,VBN,VB
5917,Canada_2011,0,189,100,passed,passed,VBN,VB
5918,Canada_2011,0,189,101,in,in,IN,IN
5919,Canada_2011,0,189,102,the,the,DT,DT
5920,Canada_2011,0,189,103,Legislative,legislative,NNP,NN
5921,Canada_2011,0,189,104,Assembly,assembly,NNP,NN
5922,Canada_2011,0,189,105,with,with,IN,IN
5923,Canada_2011,0,189,106,the,the,DT,DT
5924,Canada_2011,0,189,107,Concurrence,concurrence,NNP,NN
5925,Canada_2011,0,189,108,of,of,IN,IN
5926,Canada_2011,0,189,109,the,the,DT,DT
5927,Canada_2011,0,189,110,Majority,majority,NNP,NN
5928,Canada_2011,0,189,111,of,of,IN,IN
5929,Canada_2011,0,189,112,the,the,DT,DT
5930,Canada_2011,0,189,113,Members,members,NNS,NN
5931,Canada_2011,0,189,114,representing,representing,VBG,VB
5932,Canada_2011,0,189,115,all,all,PDT,PD
5933,Canada_2011,0,189,116,those,those,DT,DT
5934,Canada_2011,0,189,117,Electoral,electoral,JJ,JJ
5935,Canada_2011,0,189,118,Divisions,divisions,NNS,NN
5936,Canada_2011,0,189,119,or,or,CC,CC
5937,Canada_2011,0,189,120,Districts,districts,NNS,NN
5938,Canada_2011,0,189,122,and,and,CC,CC
5939,Canada_2011,0,189,123,the,the,DT,DT
5940,Canada_2011,0,189,124,Assent,assent,NNP,NN
5941,Canada_2011,0,189,125,shall,shall,MD,MD
5942,Canada_2011,0,189,126,not,not,RB,RB
5943,Canada_2011,0,189,127,be,be,VB,VB
5944,Canada_2011,0,189,128,given,given,VBN,VB
5945,Canada_2011,0,189,129,to,to,TO,TO
5946,Canada_2011,0,189,130,such,such,JJ,JJ
5947,Canada_2011,0,189,131,Bill,bill,NNP,NN
5948,Canada_2011,0,189,132,unless,unless,IN,IN
5949,Canada_2011,0,189,133,an,an,DT,DT
5950,Canada_2011,0,189,134,Address,address,NNP,NN
5951,Canada_2011,0,189,135,has,has,VBZ,VB
5952,Canada_2011,0,189,136,been,been,VBN,VB
5953,Canada_2011,0,189,137,presented,presented,VBN,VB
5954,Canada_2011,0,189,138,by,by,IN,IN
5955,Canada_2011,0,189,139,the,the,DT,DT
5956,Canada_2011,0,189,140,Legislative,legislative,NNP,NN
5957,Canada_2011,0,189,141,Assembly,assembly,NNP,NN
5958,Canada_2011,0,189,142,to,to,TO,TO
5959,Canada_2011,0,189,143,the,the,DT,DT
5960,Canada_2011,0,189,144,Lieutenant,lieutenant,NNP,NN
5961,Canada_2011,0,189,145,Governor,governor,NNP,NN
5962,Canada_2011,0,189,146,stating,stating,VBG,VB
5963,Canada_2011,0,189,147,that,that,IN,IN
5964,Canada_2011,0,189,148,it,it,PRP,PR
5965,Canada_2011,0,189,149,has,has,VBZ,VB
5966,Canada_2011,0,189,150,been,been,VBN,VB
5967,Canada_2011,0,189,151,so,so,RB,RB
5968,Canada_2011,0,189,152,passed,passed,VBN,VB
5969,Canada_2011,0,190,0,C.,c,NNP,NN
5970,Canada_2011,0,190,1,Ontario,ontario,NNP,NN
5971,Canada_2011,0,190,2,and,and,CC,CC
5972,Canada_2011,0,190,3,Quebec,quebec,NNP,NN
5973,Canada_2011,0,190,4,81,81,CD,CD
5974,Canada_2011,0,191,0,Repealed,repealed,VBN,VB
5975,Canada_2011,0,191,1,82,82,CD,CD
5976,Canada_2011,0,192,0,Summoning,summoning,VBG,VB
5977,Canada_2011,0,192,1,of,of,IN,IN
5978,Canada_2011,0,192,2,Legislative,legislative,NNP,NN
5979,Canada_2011,0,192,3,Assemblies,assemblies,NNP,NN
5980,Canada_2011,0,192,4,Share,share,NNP,NN
5981,Canada_2011,0,192,5,The,the,DT,DT
5982,Canada_2011,0,192,6,Lieutenant,lieutenant,NNP,NN
5983,Canada_2011,0,192,7,Governor,governor,NNP,NN
5984,Canada_2011,0,192,8,of,of,IN,IN
5985,Canada_2011,0,192,9,Ontario,ontario,NNP,NN
5986,Canada_2011,0,192,10,and,and,CC,CC
5987,Canada_2011,0,192,11,of,of,IN,IN
5988,Canada_2011,0,192,12,Quebec,quebec,NNP,NN
5989,Canada_2011,0,192,13,shall,shall,MD,MD
5990,Canada_2011,0,192,14,from,from,IN,IN
5991,Canada_2011,0,192,15,Time,time,NNP,NN
5992,Canada_2011,0,192,16,to,to,TO,TO
5993,Canada_2011,0,192,17,Time,time,NNP,NN
5994,Canada_2011,0,192,19,in,in,IN,IN
5995,Canada_2011,0,192,20,the,the,DT,DT
5996,Canada_2011,0,192,21,Queen,queen,NNP,NN
5997,Canada_2011,0,192,23,s,s,NN,NN
5998,Canada_2011,0,192,24,Name,name,NN,NN
5999,Canada_2011,0,192,26,by,by,IN,IN
6000,Canada_2011,0,192,27,Instrument,instrument,NNP,NN
6001,Canada_2011,0,192,28,under,under,IN,IN
6002,Canada_2011,0,192,29,the,the,DT,DT
6003,Canada_2011,0,192,30,Great,great,NNP,NN
6004,Canada_2011,0,192,31,Seal,seal,NNP,NN
6005,Canada_2011,0,192,32,of,of,IN,IN
6006,Canada_2011,0,192,33,the,the,DT,DT
6007,Canada_2011,0,192,34,Province,province,NNP,NN
6008,Canada_2011,0,192,36,summon,summon,NN,NN
6009,Canada_2011,0,192,37,and,and,CC,CC
6010,Canada_2011,0,192,38,call,call,VB,VB
6011,Canada_2011,0,192,39,together,together,RB,RB
6012,Canada_2011,0,192,40,the,the,DT,DT
6013,Canada_2011,0,192,41,Legislative,legislative,NNP,NN
6014,Canada_2011,0,192,42,Assembly,assembly,NNP,NN
6015,Canada_2011,0,192,43,of,of,IN,IN
6016,Canada_2011,0,192,44,the,the,DT,DT
6017,Canada_2011,0,192,45,Province,province,NNP,NN
6018,Canada_2011,0,193,0,83,83,CD,CD
6019,Canada_2011,0,194,0,Restriction,restriction,NN,NN
6020,Canada_2011,0,194,1,on,on,IN,IN
6021,Canada_2011,0,194,2,election,election,NN,NN
6022,Canada_2011,0,194,3,of,of,IN,IN
6023,Canada_2011,0,194,4,Holders,holders,NNP,NN
6024,Canada_2011,0,194,5,of,of,IN,IN
6025,Canada_2011,0,194,6,offices,offices,NNS,NN
6026,Canada_2011,0,194,7,Share,share,NNP,NN
6027,Canada_2011,0,194,8,Until,until,IN,IN
6028,Canada_2011,0,194,9,the,the,DT,DT
6029,Canada_2011,0,194,10,Legislature,legislature,NNP,NN
6030,Canada_2011,0,194,11,of,of,IN,IN
6031,Canada_2011,0,194,12,Ontario,ontario,NNP,NN
6032,Canada_2011,0,194,13,or,or,CC,CC
6033,Canada_2011,0,194,14,of,of,IN,IN
6034,Canada_2011,0,194,15,Quebec,quebec,NNP,NN
6035,Canada_2011,0,194,16,otherwise,otherwise,RB,RB
6036,Canada_2011,0,194,17,provides,provides,VBZ,VB
6037,Canada_2011,0,194,19,a,a,DT,DT
6038,Canada_2011,0,194,20,Person,person,NNP,NN
6039,Canada_2011,0,194,21,accepting,accepting,VBG,VB
6040,Canada_2011,0,194,22,or,or,CC,CC
6041,Canada_2011,0,194,23,holding,holding,VBG,VB
6042,Canada_2011,0,194,24,in,in,IN,IN
6043,Canada_2011,0,194,25,Ontario,ontario,NNP,NN
6044,Canada_2011,0,194,26,or,or,CC,CC
6045,Canada_2011,0,194,27,in,in,IN,IN
6046,Canada_2011,0,194,28,Quebec,quebec,NNP,NN
6047,Canada_2011,0,194,29,any,any,DT,DT
6048,Canada_2011,0,194,30,Office,office,NNP,NN
6049,Canada_2011,0,194,32,Commission,commission,NNP,NN
6050,Canada_2011,0,194,34,or,or,CC,CC
6051,Canada_2011,0,194,35,Employment,employment,NNP,NN
6052,Canada_2011,0,194,37,permanent,permanent,NN,NN
6053,Canada_2011,0,194,38,or,or,CC,CC
6054,Canada_2011,0,194,39,temporary,temporary,JJ,JJ
6055,Canada_2011,0,194,41,at,at,IN,IN
6056,Canada_2011,0,194,42,the,the,DT,DT
6057,Canada_2011,0,194,43,Nomination,nomination,NNP,NN
6058,Canada_2011,0,194,44,of,of,IN,IN
6059,Canada_2011,0,194,45,the,the,DT,DT
6060,Canada_2011,0,194,46,Lieutenant,lieutenant,NNP,NN
6061,Canada_2011,0,194,47,Governor,governor,NNP,NN
6062,Canada_2011,0,194,49,to,to,TO,TO
6063,Canada_2011,0,194,50,which,which,WDT,WD
6064,Canada_2011,0,194,51,an,an,DT,DT
6065,Canada_2011,0,194,52,annual,annual,JJ,JJ
6066,Canada_2011,0,194,53,Salary,salary,NNP,NN
6067,Canada_2011,0,194,55,or,or,CC,CC
6068,Canada_2011,0,194,56,any,any,DT,DT
6069,Canada_2011,0,194,57,Fee,fee,NNP,NN
6070,Canada_2011,0,194,59,Allowance,allowance,NNP,NN
6071,Canada_2011,0,194,61,Emolument,emolument,NNP,NN
6072,Canada_2011,0,194,63,or,or,CC,CC
6073,Canada_2011,0,194,64,Profit,profit,NN,NN
6074,Canada_2011,0,194,65,of,of,IN,IN
6075,Canada_2011,0,194,66,any,any,DT,DT
6076,Canada_2011,0,194,67,Kind,kind,NNP,NN
6077,Canada_2011,0,194,68,or,or,CC,CC
6078,Canada_2011,0,194,69,Amount,amount,NNP,NN
6079,Canada_2011,0,194,70,whatever,whatever,WDT,WD
6080,Canada_2011,0,194,71,from,from,IN,IN
6081,Canada_2011,0,194,72,the,the,DT,DT
6082,Canada_2011,0,194,73,Province,province,NNP,NN
6083,Canada_2011,0,194,74,is,is,VBZ,VB
6084,Canada_2011,0,194,75,attached,attached,VBN,VB
6085,Canada_2011,0,194,77,shall,shall,MD,MD
6086,Canada_2011,0,194,78,not,not,RB,RB
6087,Canada_2011,0,194,79,be,be,VB,VB
6088,Canada_2011,0,194,80,eligible,eligible,JJ,JJ
6089,Canada_2011,0,194,81,as,as,IN,IN
6090,Canada_2011,0,194,82,a,a,DT,DT
6091,Canada_2011,0,194,83,Member,member,NNP,NN
6092,Canada_2011,0,194,84,of,of,IN,IN
6093,Canada_2011,0,194,85,the,the,DT,DT
6094,Canada_2011,0,194,86,Legislative,legislative,NNP,NN
6095,Canada_2011,0,194,87,Assembly,assembly,NNP,NN
6096,Canada_2011,0,194,88,of,of,IN,IN
6097,Canada_2011,0,194,89,the,the,DT,DT
6098,Canada_2011,0,194,90,respective,respective,JJ,JJ
6099,Canada_2011,0,194,91,Province,province,NNP,NN
6100,Canada_2011,0,194,93,nor,nor,CC,CC
6101,Canada_2011,0,194,94,shall,shall,MD,MD
6102,Canada_2011,0,194,95,he,he,PRP,PR
6103,Canada_2011,0,194,96,sit,sit,VB,VB
6104,Canada_2011,0,194,97,or,or,CC,CC
6105,Canada_2011,0,194,98,vote,vote,VB,VB
6106,Canada_2011,0,194,99,as,as,IN,IN
6107,Canada_2011,0,194,100,such,such,JJ,JJ
6108,Canada_2011,0,194,102,but,but,CC,CC
6109,Canada_2011,0,194,103,nothing,nothing,NN,NN
6110,Canada_2011,0,194,104,in,in,IN,IN
6111,Canada_2011,0,194,105,this,this,DT,DT
6112,Canada_2011,0,194,106,Section,section,NN,NN
6113,Canada_2011,0,194,107,shall,shall,MD,MD
6114,Canada_2011,0,194,108,make,make,VB,VB
6115,Canada_2011,0,194,109,ineligible,ineligible,JJ,JJ
6116,Canada_2011,0,194,110,any,any,DT,DT
6117,Canada_2011,0,194,111,Person,person,NNP,NN
6118,Canada_2011,0,194,112,being,being,VBG,VB
6119,Canada_2011,0,194,113,a,a,DT,DT
6120,Canada_2011,0,194,114,Member,member,NNP,NN
6121,Canada_2011,0,194,115,of,of,IN,IN
6122,Canada_2011,0,194,116,the,the,DT,DT
6123,Canada_2011,0,194,117,Executive,executive,NNP,NN
6124,Canada_2011,0,194,118,Council,council,NNP,NN
6125,Canada_2011,0,194,119,of,of,IN,IN
6126,Canada_2011,0,194,120,the,the,DT,DT
6127,Canada_2011,0,194,121,respective,respective,JJ,JJ
6128,Canada_2011,0,194,122,Province,province,NNP,NN
6129,Canada_2011,0,194,124,or,or,CC,CC
6130,Canada_2011,0,194,125,holding,holding,VBG,VB
6131,Canada_2011,0,194,126,any,any,DT,DT
6132,Canada_2011,0,194,127,of,of,IN,IN
6133,Canada_2011,0,194,128,the,the,DT,DT
6134,Canada_2011,0,194,129,following,following,JJ,JJ
6135,Canada_2011,0,194,130,Offices,offices,NNS,NN
6136,Canada_2011,0,194,132,that,that,WDT,WD
6137,Canada_2011,0,194,133,is,is,VBZ,VB
6138,Canada_2011,0,194,134,to,to,TO,TO
6139,Canada_2011,0,194,135,say,say,VB,VB
6140,Canada_2011,0,194,137,the,the,DT,DT
6141,Canada_2011,0,194,138,Offices,offices,NNS,NN
6142,Canada_2011,0,194,139,of,of,IN,IN
6143,Canada_2011,0,194,140,Attorney,attorney,NNP,NN
6144,Canada_2011,0,194,141,General,general,NNP,NN
6145,Canada_2011,0,194,143,Secretary,secretary,NNP,NN
6146,Canada_2011,0,194,144,and,and,CC,CC
6147,Canada_2011,0,194,145,Registrar,registrar,NNP,NN
6148,Canada_2011,0,194,146,of,of,IN,IN
6149,Canada_2011,0,194,147,the,the,DT,DT
6150,Canada_2011,0,194,148,Province,province,NNP,NN
6151,Canada_2011,0,194,150,Treasurer,treasurer,NNP,NN
6152,Canada_2011,0,194,151,of,of,IN,IN
6153,Canada_2011,0,194,152,the,the,DT,DT
6154,Canada_2011,0,194,153,Province,province,NNP,NN
6155,Canada_2011,0,194,155,Commissioner,commissioner,NNP,NN
6156,Canada_2011,0,194,156,of,of,IN,IN
6157,Canada_2011,0,194,157,Crown,crown,NNP,NN
6158,Canada_2011,0,194,158,Lands,lands,NNP,NN
6159,Canada_2011,0,194,160,and,and,CC,CC
6160,Canada_2011,0,194,161,Commissioner,commissioner,NNP,NN
6161,Canada_2011,0,194,162,of,of,IN,IN
6162,Canada_2011,0,194,163,Agriculture,agriculture,NNP,NN
6163,Canada_2011,0,194,164,and,and,CC,CC
6164,Canada_2011,0,194,165,Public,public,NNP,NN
6165,Canada_2011,0,194,166,Works,works,NNP,NN
6166,Canada_2011,0,194,168,and,and,CC,CC
6167,Canada_2011,0,194,169,in,in,IN,IN
6168,Canada_2011,0,194,170,Quebec,quebec,NNP,NN
6169,Canada_2011,0,194,171,Solicitor,solicitor,NNP,NN
6170,Canada_2011,0,194,172,General,general,NNP,NN
6171,Canada_2011,0,194,174,or,or,CC,CC
6172,Canada_2011,0,194,175,shall,shall,MD,MD
6173,Canada_2011,0,194,176,disqualify,disqualify,VB,VB
6174,Canada_2011,0,194,177,him,him,PRP,PR
6175,Canada_2011,0,194,178,to,to,TO,TO
6176,Canada_2011,0,194,179,sit,sit,VB,VB
6177,Canada_2011,0,194,180,or,or,CC,CC
6178,Canada_2011,0,194,181,vote,vote,VB,VB
6179,Canada_2011,0,194,182,in,in,IN,IN
6180,Canada_2011,0,194,183,the,the,DT,DT
6181,Canada_2011,0,194,184,House,house,NNP,NN
6182,Canada_2011,0,194,185,for,for,IN,IN
6183,Canada_2011,0,194,186,which,which,WDT,WD
6184,Canada_2011,0,194,187,he,he,PRP,PR
6185,Canada_2011,0,194,188,is,is,VBZ,VB
6186,Canada_2011,0,194,189,elected,elected,VBN,VB
6187,Canada_2011,0,194,191,provided,provided,VBN,VB
6188,Canada_2011,0,194,192,he,he,PRP,PR
6189,Canada_2011,0,194,193,is,is,VBZ,VB
6190,Canada_2011,0,194,194,elected,elected,VBN,VB
6191,Canada_2011,0,194,195,while,while,IN,IN
6192,Canada_2011,0,194,196,holding,holding,VBG,VB
6193,Canada_2011,0,194,197,such,such,JJ,JJ
6194,Canada_2011,0,194,198,Office,office,NNP,NN
6195,Canada_2011,0,195,0,84,84,CD,CD
6196,Canada_2011,0,196,0,Continuance,continuance,NN,NN
6197,Canada_2011,0,196,1,of,of,IN,IN
6198,Canada_2011,0,196,2,existing,existing,VBG,VB
6199,Canada_2011,0,196,3,Election,election,NNP,NN
6200,Canada_2011,0,196,4,Laws,laws,NNP,NN
6201,Canada_2011,0,196,5,Share,share,NNP,NN
6202,Canada_2011,0,196,6,Until,until,IN,IN
6203,Canada_2011,0,196,7,the,the,DT,DT
6204,Canada_2011,0,196,8,legislatures,legislatures,NNS,NN
6205,Canada_2011,0,196,9,of,of,IN,IN
6206,Canada_2011,0,196,10,Ontario,ontario,NNP,NN
6207,Canada_2011,0,196,11,and,and,CC,CC
6208,Canada_2011,0,196,12,Quebec,quebec,NNP,NN
6209,Canada_2011,0,196,13,respectively,respectively,RB,RB
6210,Canada_2011,0,196,14,otherwise,otherwise,RB,RB
6211,Canada_2011,0,196,15,provide,provide,VB,VB
6212,Canada_2011,0,196,17,all,all,DT,DT
6213,Canada_2011,0,196,18,Laws,laws,NNP,NN
6214,Canada_2011,0,196,19,which,which,WDT,WD
6215,Canada_2011,0,196,20,at,at,IN,IN
6216,Canada_2011,0,196,21,the,the,DT,DT
6217,Canada_2011,0,196,22,Union,union,NNP,NN
6218,Canada_2011,0,196,23,are,are,VBP,VB
6219,Canada_2011,0,196,24,in,in,IN,IN
6220,Canada_2011,0,196,25,force,force,NN,NN
6221,Canada_2011,0,196,26,in,in,IN,IN
6222,Canada_2011,0,196,27,those,those,DT,DT
6223,Canada_2011,0,196,28,Provinces,provinces,NNS,NN
6224,Canada_2011,0,196,29,respectively,respectively,RB,RB
6225,Canada_2011,0,196,31,relative,relative,JJ,JJ
6226,Canada_2011,0,196,32,to,to,TO,TO
6227,Canada_2011,0,196,33,the,the,DT,DT
6228,Canada_2011,0,196,34,following,following,JJ,JJ
6229,Canada_2011,0,196,35,Matters,matters,NNPS,NN
6230,Canada_2011,0,196,37,or,or,CC,CC
6231,Canada_2011,0,196,38,any,any,DT,DT
6232,Canada_2011,0,196,39,of,of,IN,IN
6233,Canada_2011,0,196,40,them,them,PRP,PR
6234,Canada_2011,0,196,42,namely,namely,RB,RB
6235,Canada_2011,0,196,45,the,the,DT,DT
6236,Canada_2011,0,196,46,Qualifications,qualifications,NNS,NN
6237,Canada_2011,0,196,47,and,and,CC,CC
6238,Canada_2011,0,196,48,Disqualifications,disqualifications,NNS,NN
6239,Canada_2011,0,196,49,of,of,IN,IN
6240,Canada_2011,0,196,50,Persons,persons,NNS,NN
6241,Canada_2011,0,196,51,to,to,TO,TO
6242,Canada_2011,0,196,52,be,be,VB,VB
6243,Canada_2011,0,196,53,elected,elected,VBN,VB
6244,Canada_2011,0,196,54,or,or,CC,CC
6245,Canada_2011,0,196,55,to,to,TO,TO
6246,Canada_2011,0,196,56,sit,sit,VB,VB
6247,Canada_2011,0,196,57,or,or,CC,CC
6248,Canada_2011,0,196,58,vote,vote,VB,VB
6249,Canada_2011,0,196,59,as,as,IN,IN
6250,Canada_2011,0,196,60,Members,members,NNS,NN
6251,Canada_2011,0,196,61,of,of,IN,IN
6252,Canada_2011,0,196,62,the,the,DT,DT
6253,Canada_2011,0,196,63,Assembly,assembly,NNP,NN
6254,Canada_2011,0,196,64,of,of,IN,IN
6255,Canada_2011,0,196,65,Canada,canada,NNP,NN
6256,Canada_2011,0,196,67,the,the,DT,DT
6257,Canada_2011,0,196,68,Qualifications,qualifications,NNS,NN
6258,Canada_2011,0,196,69,or,or,CC,CC
6259,Canada_2011,0,196,70,Disqualifications,disqualifications,NNS,NN
6260,Canada_2011,0,196,71,of,of,IN,IN
6261,Canada_2011,0,196,72,Voters,voters,NNS,NN
6262,Canada_2011,0,196,74,the,the,DT,DT
6263,Canada_2011,0,196,75,Oaths,oaths,NNP,NN
6264,Canada_2011,0,196,76,to,to,TO,TO
6265,Canada_2011,0,196,77,be,be,VB,VB
6266,Canada_2011,0,196,78,taken,taken,VBN,VB
6267,Canada_2011,0,196,79,by,by,IN,IN
6268,Canada_2011,0,196,80,Voters,voters,NNP,NN
6269,Canada_2011,0,196,82,the,the,DT,DT
6270,Canada_2011,0,196,83,Returning,returning,NNP,NN
6271,Canada_2011,0,196,84,Officers,officers,NNP,NN
6272,Canada_2011,0,196,86,their,their,PRP$,PR
6273,Canada_2011,0,196,87,Powers,powers,NNS,NN
6274,Canada_2011,0,196,88,and,and,CC,CC
6275,Canada_2011,0,196,89,Duties,duties,NNS,NN
6276,Canada_2011,0,196,91,the,the,DT,DT
6277,Canada_2011,0,196,92,Proceedings,proceedings,NNS,NN
6278,Canada_2011,0,196,93,at,at,IN,IN
6279,Canada_2011,0,196,94,Elections,elections,NNP,NN
6280,Canada_2011,0,196,96,the,the,DT,DT
6281,Canada_2011,0,196,97,Periods,periods,NNP,NN
6282,Canada_2011,0,196,98,during,during,IN,IN
6283,Canada_2011,0,196,99,which,which,WDT,WD
6284,Canada_2011,0,196,100,such,such,JJ,JJ
6285,Canada_2011,0,196,101,Elections,elections,NNS,NN
6286,Canada_2011,0,196,102,may,may,MD,MD
6287,Canada_2011,0,196,103,be,be,VB,VB
6288,Canada_2011,0,196,104,continued,continued,VBN,VB
6289,Canada_2011,0,196,106,and,and,CC,CC
6290,Canada_2011,0,196,107,the,the,DT,DT
6291,Canada_2011,0,196,108,Trial,trial,NNP,NN
6292,Canada_2011,0,196,109,of,of,IN,IN
6293,Canada_2011,0,196,110,controverted,controverted,JJ,JJ
6294,Canada_2011,0,196,111,Elections,elections,NNS,NN
6295,Canada_2011,0,196,112,and,and,CC,CC
6296,Canada_2011,0,196,113,the,the,DT,DT
6297,Canada_2011,0,196,114,Proceedings,proceedings,NNP,NN
6298,Canada_2011,0,196,115,incident,incident,NN,NN
6299,Canada_2011,0,196,116,thereto,thereto,NN,NN
6300,Canada_2011,0,196,118,the,the,DT,DT
6301,Canada_2011,0,196,119,vacating,vacating,NN,NN
6302,Canada_2011,0,196,120,of,of,IN,IN
6303,Canada_2011,0,196,121,the,the,DT,DT
6304,Canada_2011,0,196,122,Seats,seats,NNP,NN
6305,Canada_2011,0,196,123,of,of,IN,IN
6306,Canada_2011,0,196,124,Members,members,NNS,NN
6307,Canada_2011,0,196,125,and,and,CC,CC
6308,Canada_2011,0,196,126,the,the,DT,DT
6309,Canada_2011,0,196,127,issuing,issuing,NN,NN
6310,Canada_2011,0,196,128,and,and,CC,CC
6311,Canada_2011,0,196,129,execution,execution,NN,NN
6312,Canada_2011,0,196,130,of,of,IN,IN
6313,Canada_2011,0,196,131,new,new,JJ,JJ
6314,Canada_2011,0,196,132,Writs,writs,NNS,NN
6315,Canada_2011,0,196,133,in,in,IN,IN
6316,Canada_2011,0,196,134,case,case,NN,NN
6317,Canada_2011,0,196,135,of,of,IN,IN
6318,Canada_2011,0,196,136,Seats,seats,NNP,NN
6319,Canada_2011,0,196,137,vacated,vacated,VBD,VB
6320,Canada_2011,0,196,138,otherwise,otherwise,RB,RB
6321,Canada_2011,0,196,139,than,than,IN,IN
6322,Canada_2011,0,196,140,by,by,IN,IN
6323,Canada_2011,0,196,141,Dissolution,dissolution,NNP,NN
6324,Canada_2011,0,196,144,shall,shall,MD,MD
6325,Canada_2011,0,196,145,respectively,respectively,RB,RB
6326,Canada_2011,0,196,146,apply,apply,VB,VB
6327,Canada_2011,0,196,147,to,to,TO,TO
6328,Canada_2011,0,196,148,Elections,elections,NNS,NN
6329,Canada_2011,0,196,149,of,of,IN,IN
6330,Canada_2011,0,196,150,Members,members,NNS,NN
6331,Canada_2011,0,196,151,to,to,TO,TO
6332,Canada_2011,0,196,152,serve,serve,VB,VB
6333,Canada_2011,0,196,153,in,in,IN,IN
6334,Canada_2011,0,196,154,the,the,DT,DT
6335,Canada_2011,0,196,155,respective,respective,JJ,JJ
6336,Canada_2011,0,196,156,Legislative,legislative,JJ,JJ
6337,Canada_2011,0,196,157,Assemblies,assemblies,NNS,NN
6338,Canada_2011,0,196,158,of,of,IN,IN
6339,Canada_2011,0,196,159,Ontario,ontario,NNP,NN
6340,Canada_2011,0,196,160,and,and,CC,CC
6341,Canada_2011,0,196,161,Quebec,quebec,NNP,NN
6342,Canada_2011,0,197,0,Provided,provided,VBD,VB
6343,Canada_2011,0,197,1,that,that,IN,IN
6344,Canada_2011,0,197,3,until,until,IN,IN
6345,Canada_2011,0,197,4,the,the,DT,DT
6346,Canada_2011,0,197,5,Legislature,legislature,NNP,NN
6347,Canada_2011,0,197,6,of,of,IN,IN
6348,Canada_2011,0,197,7,Ontario,ontario,NNP,NN
6349,Canada_2011,0,197,8,otherwise,otherwise,RB,RB
6350,Canada_2011,0,197,9,provides,provides,VBZ,VB
6351,Canada_2011,0,197,11,at,at,IN,IN
6352,Canada_2011,0,197,12,any,any,DT,DT
6353,Canada_2011,0,197,13,Election,election,NNP,NN
6354,Canada_2011,0,197,14,for,for,IN,IN
6355,Canada_2011,0,197,15,a,a,DT,DT
6356,Canada_2011,0,197,16,Member,member,NNP,NN
6357,Canada_2011,0,197,17,of,of,IN,IN
6358,Canada_2011,0,197,18,the,the,DT,DT
6359,Canada_2011,0,197,19,Legislative,legislative,NNP,NN
6360,Canada_2011,0,197,20,Assembly,assembly,NNP,NN
6361,Canada_2011,0,197,21,of,of,IN,IN
6362,Canada_2011,0,197,22,Ontario,ontario,NNP,NN
6363,Canada_2011,0,197,23,for,for,IN,IN
6364,Canada_2011,0,197,24,the,the,DT,DT
6365,Canada_2011,0,197,25,District,district,NNP,NN
6366,Canada_2011,0,197,26,of,of,IN,IN
6367,Canada_2011,0,197,27,Algoma,algoma,NNP,NN
6368,Canada_2011,0,197,29,in,in,IN,IN
6369,Canada_2011,0,197,30,addition,addition,NN,NN
6370,Canada_2011,0,197,31,to,to,TO,TO
6371,Canada_2011,0,197,32,Persons,persons,NNP,NN
6372,Canada_2011,0,197,33,qualified,qualified,VBN,VB
6373,Canada_2011,0,197,34,by,by,IN,IN
6374,Canada_2011,0,197,35,the,the,DT,DT
6375,Canada_2011,0,197,36,Law,law,NNP,NN
6376,Canada_2011,0,197,37,of,of,IN,IN
6377,Canada_2011,0,197,38,the,the,DT,DT
6378,Canada_2011,0,197,39,Province,province,NNP,NN
6379,Canada_2011,0,197,40,of,of,IN,IN
6380,Canada_2011,0,197,41,Canada,canada,NNP,NN
6381,Canada_2011,0,197,42,to,to,TO,TO
6382,Canada_2011,0,197,43,vote,vote,VB,VB
6383,Canada_2011,0,197,45,every,every,DT,DT
6384,Canada_2011,0,197,46,Male,male,NNP,NN
6385,Canada_2011,0,197,47,British,british,NNP,NN
6386,Canada_2011,0,197,48,Subject,subject,NNP,NN
6387,Canada_2011,0,197,50,aged,aged,VBD,VB
6388,Canada_2011,0,197,51,Twenty-one,twentyone,CD,CD
6389,Canada_2011,0,197,52,Years,years,NNS,NN
6390,Canada_2011,0,197,53,or,or,CC,CC
6391,Canada_2011,0,197,54,upwards,upwards,NNS,NN
6392,Canada_2011,0,197,56,being,being,VBG,VB
6393,Canada_2011,0,197,57,a,a,DT,DT
6394,Canada_2011,0,197,58,Householder,householder,NN,NN
6395,Canada_2011,0,197,60,shall,shall,MD,MD
6396,Canada_2011,0,197,61,have,have,VB,VB
6397,Canada_2011,0,197,62,a,a,DT,DT
6398,Canada_2011,0,197,63,Vote,vote,NN,NN
6399,Canada_2011,0,198,0,85,85,CD,CD
6400,Canada_2011,0,199,0,Duration,duration,NN,NN
6401,Canada_2011,0,199,1,of,of,IN,IN
6402,Canada_2011,0,199,2,Legislative,legislative,NNP,NN
6403,Canada_2011,0,199,3,Assemblies,assemblies,NNP,NN
6404,Canada_2011,0,199,4,Share,share,NNP,NN
6405,Canada_2011,0,199,5,Every,every,NNP,NN
6406,Canada_2011,0,199,6,Legislative,legislative,NNP,NN
6407,Canada_2011,0,199,7,Assembly,assembly,NNP,NN
6408,Canada_2011,0,199,8,of,of,IN,IN
6409,Canada_2011,0,199,9,Ontario,ontario,NNP,NN
6410,Canada_2011,0,199,10,and,and,CC,CC
6411,Canada_2011,0,199,11,every,every,DT,DT
6412,Canada_2011,0,199,12,Legislative,legislative,JJ,JJ
6413,Canada_2011,0,199,13,Assembly,assembly,NN,NN
6414,Canada_2011,0,199,14,of,of,IN,IN
6415,Canada_2011,0,199,15,Quebec,quebec,NNP,NN
6416,Canada_2011,0,199,16,shall,shall,MD,MD
6417,Canada_2011,0,199,17,continue,continue,VB,VB
6418,Canada_2011,0,199,18,for,for,IN,IN
6419,Canada_2011,0,199,19,Four,four,CD,CD
6420,Canada_2011,0,199,20,Years,years,NNS,NN
6421,Canada_2011,0,199,21,from,from,IN,IN
6422,Canada_2011,0,199,22,the,the,DT,DT
6423,Canada_2011,0,199,23,Day,day,NNP,NN
6424,Canada_2011,0,199,24,of,of,IN,IN
6425,Canada_2011,0,199,25,the,the,DT,DT
6426,Canada_2011,0,199,26,Return,return,NNP,NN
6427,Canada_2011,0,199,27,of,of,IN,IN
6428,Canada_2011,0,199,28,the,the,DT,DT
6429,Canada_2011,0,199,29,Writs,writs,NNP,NN
6430,Canada_2011,0,199,30,for,for,IN,IN
6431,Canada_2011,0,199,31,choosing,choosing,VBG,VB
6432,Canada_2011,0,199,32,the,the,DT,DT
6433,Canada_2011,0,199,33,same,same,JJ,JJ
6434,Canada_2011,0,199,35,subject,subject,JJ,JJ
6435,Canada_2011,0,199,36,nevertheless,nevertheless,RB,RB
6436,Canada_2011,0,199,37,to,to,TO,TO
6437,Canada_2011,0,199,38,either,either,VB,VB
6438,Canada_2011,0,199,39,the,the,DT,DT
6439,Canada_2011,0,199,40,Legislative,legislative,NNP,NN
6440,Canada_2011,0,199,41,Assembly,assembly,NNP,NN
6441,Canada_2011,0,199,42,of,of,IN,IN
6442,Canada_2011,0,199,43,Ontario,ontario,NNP,NN
6443,Canada_2011,0,199,44,or,or,CC,CC
6444,Canada_2011,0,199,45,the,the,DT,DT
6445,Canada_2011,0,199,46,Legislative,legislative,JJ,JJ
6446,Canada_2011,0,199,47,Assembly,assembly,NN,NN
6447,Canada_2011,0,199,48,of,of,IN,IN
6448,Canada_2011,0,199,49,Quebec,quebec,NNP,NN
6449,Canada_2011,0,199,50,being,being,VBG,VB
6450,Canada_2011,0,199,51,sooner,sooner,VBN,VB
6451,Canada_2011,0,199,52,dissolved,dissolved,VBN,VB
6452,Canada_2011,0,199,53,by,by,IN,IN
6453,Canada_2011,0,199,54,the,the,DT,DT
6454,Canada_2011,0,199,55,Lieutenant,lieutenant,NNP,NN
6455,Canada_2011,0,199,56,Governor,governor,NNP,NN
6456,Canada_2011,0,199,57,of,of,IN,IN
6457,Canada_2011,0,199,58,the,the,DT,DT
6458,Canada_2011,0,199,59,Province,province,NNP,NN
6459,Canada_2011,0,199,62,and,and,CC,CC
6460,Canada_2011,0,199,63,no,no,DT,DT
6461,Canada_2011,0,199,64,longer,longer,RBR,RB
6462,Canada_2011,0,200,1,The,the,DT,DT
6463,Canada_2011,0,200,2,maximum,maximum,JJ,JJ
6464,Canada_2011,0,200,3,duration,duration,NN,NN
6465,Canada_2011,0,200,4,of,of,IN,IN
6466,Canada_2011,0,200,5,the,the,DT,DT
6467,Canada_2011,0,200,6,Legislative,legislative,NNP,NN
6468,Canada_2011,0,200,7,Assembly,assembly,NNP,NN
6469,Canada_2011,0,200,8,of,of,IN,IN
6470,Canada_2011,0,200,9,Quebec,quebec,NNP,NN
6471,Canada_2011,0,200,10,has,has,VBZ,VB
6472,Canada_2011,0,200,11,been,been,VBN,VB
6473,Canada_2011,0,200,12,changed,changed,VBN,VB
6474,Canada_2011,0,200,13,to,to,TO,TO
6475,Canada_2011,0,200,14,five,five,CD,CD
6476,Canada_2011,0,200,15,years,years,NNS,NN
6477,Canada_2011,0,201,0,See,see,VB,VB
6478,Canada_2011,0,201,1,the,the,DT,DT
6479,Canada_2011,0,201,2,National,national,NNP,NN
6480,Canada_2011,0,201,3,Assembly,assembly,NNP,NN
6481,Canada_2011,0,201,4,Act,act,NNP,NN
6482,Canada_2011,0,201,6,R.S.Q,rsq,NNP,NN
6483,Canada_2011,0,202,0,c.,c,JJ,JJ
6484,Canada_2011,0,202,1,A-23.1,a231,NNP,NN
6485,Canada_2011,0,203,0,See,see,NNP,NN
6486,Canada_2011,0,203,1,also,also,RB,RB
6487,Canada_2011,0,203,2,section,section,VBP,VB
6488,Canada_2011,0,203,3,4,4,CD,CD
6489,Canada_2011,0,203,4,of,of,IN,IN
6490,Canada_2011,0,203,5,the,the,DT,DT
6491,Canada_2011,0,203,6,Constitution,constitution,NNP,NN
6492,Canada_2011,0,203,7,Act,act,NNP,NN
6493,Canada_2011,0,203,9,1982,1982,CD,CD
6494,Canada_2011,0,203,11,which,which,WDT,WD
6495,Canada_2011,0,203,12,provides,provides,VBZ,VB
6496,Canada_2011,0,203,13,a,a,DT,DT
6497,Canada_2011,0,203,14,maximum,maximum,JJ,JJ
6498,Canada_2011,0,203,15,duration,duration,NN,NN
6499,Canada_2011,0,203,16,for,for,IN,IN
6500,Canada_2011,0,203,17,a,a,DT,DT
6501,Canada_2011,0,203,18,legislative,legislative,JJ,JJ
6502,Canada_2011,0,203,19,assembly,assembly,NN,NN
6503,Canada_2011,0,203,20,of,of,IN,IN
6504,Canada_2011,0,203,21,five,five,CD,CD
6505,Canada_2011,0,203,22,years,years,NNS,NN
6506,Canada_2011,0,203,23,but,but,CC,CC
6507,Canada_2011,0,203,24,also,also,RB,RB
6508,Canada_2011,0,203,25,authorizes,authorizes,VBZ,VB
6509,Canada_2011,0,203,26,continuation,continuation,NN,NN
6510,Canada_2011,0,203,27,in,in,IN,IN
6511,Canada_2011,0,203,28,special,special,JJ,JJ
6512,Canada_2011,0,203,29,circumstances,circumstances,NNS,NN
6513,Canada_2011,0,204,1,This,this,DT,DT
6514,Canada_2011,0,204,2,paragraph,paragraph,NN,NN
6515,Canada_2011,0,204,3,was,was,VBD,VB
6516,Canada_2011,0,204,4,added,added,VBN,VB
6517,Canada_2011,0,204,5,as,as,IN,IN
6518,Canada_2011,0,204,6,per,per,IN,IN
6519,Canada_2011,0,204,7,footnote,footnote,NN,NN
6520,Canada_2011,0,204,8,from,from,IN,IN
6521,Canada_2011,0,204,10,A,a,DT,DT
6522,Canada_2011,0,204,11,Consolidation,consolidation,NN,NN
6523,Canada_2011,0,204,12,of,of,IN,IN
6524,Canada_2011,0,204,13,the,the,DT,DT
6525,Canada_2011,0,204,14,Constitution,constitution,NNP,NN
6526,Canada_2011,0,204,15,Acts,acts,VBZ,VB
6527,Canada_2011,0,204,16,1867,1867,CD,CD
6528,Canada_2011,0,204,17,to,to,TO,TO
6529,Canada_2011,0,204,18,1982,1982,CD,CD
6530,Canada_2011,0,204,20,Department,department,NNP,NN
6531,Canada_2011,0,204,21,of,of,IN,IN
6532,Canada_2011,0,204,22,Justice,justice,NNP,NN
6533,Canada_2011,0,204,23,Canada,canada,NNP,NN
6534,Canada_2011,0,204,25,2013,2013,CD,CD
6535,Canada_2011,0,204,29,86,86,CD,CD
6536,Canada_2011,0,205,0,Yearly,yearly,JJ,JJ
6537,Canada_2011,0,205,1,Session,session,NNP,NN
6538,Canada_2011,0,205,2,of,of,IN,IN
6539,Canada_2011,0,205,3,Legislature,legislature,NNP,NN
6540,Canada_2011,0,205,4,Share,share,NNP,NN
6541,Canada_2011,0,205,5,There,there,EX,EX
6542,Canada_2011,0,205,6,shall,shall,MD,MD
6543,Canada_2011,0,205,7,be,be,VB,VB
6544,Canada_2011,0,205,8,a,a,DT,DT
6545,Canada_2011,0,205,9,Session,session,NN,NN
6546,Canada_2011,0,205,10,of,of,IN,IN
6547,Canada_2011,0,205,11,the,the,DT,DT
6548,Canada_2011,0,205,12,Legislature,legislature,NNP,NN
6549,Canada_2011,0,205,13,of,of,IN,IN
6550,Canada_2011,0,205,14,Ontario,ontario,NNP,NN
6551,Canada_2011,0,205,15,and,and,CC,CC
6552,Canada_2011,0,205,16,of,of,IN,IN
6553,Canada_2011,0,205,17,that,that,DT,DT
6554,Canada_2011,0,205,18,of,of,IN,IN
6555,Canada_2011,0,205,19,Quebec,quebec,NNP,NN
6556,Canada_2011,0,205,20,once,once,RB,RB
6557,Canada_2011,0,205,21,at,at,IN,IN
6558,Canada_2011,0,205,22,least,least,JJS,JJ
6559,Canada_2011,0,205,23,in,in,IN,IN
6560,Canada_2011,0,205,24,every,every,DT,DT
6561,Canada_2011,0,205,25,Year,year,NN,NN
6562,Canada_2011,0,205,27,so,so,IN,IN
6563,Canada_2011,0,205,28,that,that,DT,DT
6564,Canada_2011,0,205,29,Twelve,twelve,NNP,NN
6565,Canada_2011,0,205,30,Months,months,NNP,NN
6566,Canada_2011,0,205,31,shall,shall,MD,MD
6567,Canada_2011,0,205,32,not,not,RB,RB
6568,Canada_2011,0,205,33,intervene,intervene,VB,VB
6569,Canada_2011,0,205,34,between,between,IN,IN
6570,Canada_2011,0,205,35,the,the,DT,DT
6571,Canada_2011,0,205,36,last,last,JJ,JJ
6572,Canada_2011,0,205,37,Sitting,sitting,NNP,NN
6573,Canada_2011,0,205,38,of,of,IN,IN
6574,Canada_2011,0,205,39,the,the,DT,DT
6575,Canada_2011,0,205,40,Legislature,legislature,NNP,NN
6576,Canada_2011,0,205,41,in,in,IN,IN
6577,Canada_2011,0,205,42,each,each,DT,DT
6578,Canada_2011,0,205,43,Province,province,NN,NN
6579,Canada_2011,0,205,44,in,in,IN,IN
6580,Canada_2011,0,205,45,one,one,CD,CD
6581,Canada_2011,0,205,46,Session,session,NN,NN
6582,Canada_2011,0,205,47,and,and,CC,CC
6583,Canada_2011,0,205,48,its,its,PRP$,PR
6584,Canada_2011,0,205,49,first,first,JJ,JJ
6585,Canada_2011,0,205,50,Sitting,sitting,NNP,NN
6586,Canada_2011,0,205,51,in,in,IN,IN
6587,Canada_2011,0,205,52,the,the,DT,DT
6588,Canada_2011,0,205,53,next,next,JJ,JJ
6589,Canada_2011,0,205,54,Session,session,NN,NN
6590,Canada_2011,0,206,0,87,87,CD,CD
6591,Canada_2011,0,207,0,Speaker,speaker,NNP,NN
6592,Canada_2011,0,207,2,Quorum,quorum,NNP,NN
6593,Canada_2011,0,207,4,etc,etc,FW,FW
6594,Canada_2011,0,207,5,Share,share,NNP,NN
6595,Canada_2011,0,207,6,The,the,DT,DT
6596,Canada_2011,0,207,7,following,following,JJ,JJ
6597,Canada_2011,0,207,8,Provisions,provisions,NNS,NN
6598,Canada_2011,0,207,9,of,of,IN,IN
6599,Canada_2011,0,207,10,this,this,DT,DT
6600,Canada_2011,0,207,11,Act,act,NNP,NN
6601,Canada_2011,0,207,12,respecting,respecting,VBG,VB
6602,Canada_2011,0,207,13,the,the,DT,DT
6603,Canada_2011,0,207,14,House,house,NNP,NN
6604,Canada_2011,0,207,15,of,of,IN,IN
6605,Canada_2011,0,207,16,Commons,commons,NNPS,NN
6606,Canada_2011,0,207,17,of,of,IN,IN
6607,Canada_2011,0,207,18,Canada,canada,NNP,NN
6608,Canada_2011,0,207,19,shall,shall,MD,MD
6609,Canada_2011,0,207,20,extend,extend,VB,VB
6610,Canada_2011,0,207,21,and,and,CC,CC
6611,Canada_2011,0,207,22,apply,apply,VB,VB
6612,Canada_2011,0,207,23,to,to,TO,TO
6613,Canada_2011,0,207,24,the,the,DT,DT
6614,Canada_2011,0,207,25,Legislative,legislative,JJ,JJ
6615,Canada_2011,0,207,26,Assemblies,assemblies,NNS,NN
6616,Canada_2011,0,207,27,of,of,IN,IN
6617,Canada_2011,0,207,28,Ontario,ontario,NNP,NN
6618,Canada_2011,0,207,29,and,and,CC,CC
6619,Canada_2011,0,207,30,Quebec,quebec,NNP,NN
6620,Canada_2011,0,207,32,that,that,WDT,WD
6621,Canada_2011,0,207,33,is,is,VBZ,VB
6622,Canada_2011,0,207,34,to,to,TO,TO
6623,Canada_2011,0,207,35,say,say,VB,VB
6624,Canada_2011,0,207,38,the,the,DT,DT
6625,Canada_2011,0,207,39,Provisions,provisions,NNPS,NN
6626,Canada_2011,0,207,40,relating,relating,VBG,VB
6627,Canada_2011,0,207,41,to,to,TO,TO
6628,Canada_2011,0,207,42,the,the,DT,DT
6629,Canada_2011,0,207,43,Election,election,NNP,NN
6630,Canada_2011,0,207,44,of,of,IN,IN
6631,Canada_2011,0,207,45,a,a,DT,DT
6632,Canada_2011,0,207,46,Speaker,speaker,NNP,NN
6633,Canada_2011,0,207,47,originally,originally,RB,RB
6634,Canada_2011,0,207,48,and,and,CC,CC
6635,Canada_2011,0,207,49,on,on,IN,IN
6636,Canada_2011,0,207,50,Vacancies,vacancies,NNS,NN
6637,Canada_2011,0,207,52,the,the,DT,DT
6638,Canada_2011,0,207,53,Duties,duties,NNS,NN
6639,Canada_2011,0,207,54,of,of,IN,IN
6640,Canada_2011,0,207,55,the,the,DT,DT
6641,Canada_2011,0,207,56,Speaker,speaker,NNP,NN
6642,Canada_2011,0,207,58,the,the,DT,DT
6643,Canada_2011,0,207,59,Absence,absence,NNP,NN
6644,Canada_2011,0,207,60,of,of,IN,IN
6645,Canada_2011,0,207,61,the,the,DT,DT
6646,Canada_2011,0,207,62,Speaker,speaker,NNP,NN
6647,Canada_2011,0,207,64,the,the,DT,DT
6648,Canada_2011,0,207,65,Quorum,quorum,NNP,NN
6649,Canada_2011,0,207,67,and,and,CC,CC
6650,Canada_2011,0,207,68,the,the,DT,DT
6651,Canada_2011,0,207,69,Mode,mode,NNP,NN
6652,Canada_2011,0,207,70,of,of,IN,IN
6653,Canada_2011,0,207,71,voting,voting,NN,NN
6654,Canada_2011,0,207,73,as,as,IN,IN
6655,Canada_2011,0,207,74,if,if,IN,IN
6656,Canada_2011,0,207,75,those,those,DT,DT
6657,Canada_2011,0,207,76,Provisions,provisions,NNS,NN
6658,Canada_2011,0,207,77,were,were,VBD,VB
6659,Canada_2011,0,207,78,here,here,RB,RB
6660,Canada_2011,0,207,79,re-enacted,reenacted,JJ,JJ
6661,Canada_2011,0,207,80,and,and,CC,CC
6662,Canada_2011,0,207,81,made,made,VBD,VB
6663,Canada_2011,0,207,82,applicable,applicable,JJ,JJ
6664,Canada_2011,0,207,83,in,in,IN,IN
6665,Canada_2011,0,207,84,Terms,terms,NNS,NN
6666,Canada_2011,0,207,85,to,to,TO,TO
6667,Canada_2011,0,207,86,each,each,DT,DT
6668,Canada_2011,0,207,87,such,such,JJ,JJ
6669,Canada_2011,0,207,88,Legislative,legislative,JJ,JJ
6670,Canada_2011,0,207,89,Assembly,assembly,NN,NN
6671,Canada_2011,0,208,0,D.,d,NNP,NN
6672,Canada_2011,0,208,1,Nova,nova,NNP,NN
6673,Canada_2011,0,208,2,Scotia,scotia,NNP,NN
6674,Canada_2011,0,208,3,and,and,CC,CC
6675,Canada_2011,0,208,4,New,new,NNP,NN
6676,Canada_2011,0,208,5,Brunswick,brunswick,NNP,NN
6677,Canada_2011,0,208,6,88,88,CD,CD
6678,Canada_2011,0,209,0,Constitutions,constitutions,NNS,NN
6679,Canada_2011,0,209,1,of,of,IN,IN
6680,Canada_2011,0,209,2,Legislatures,legislatures,NNP,NN
6681,Canada_2011,0,209,3,of,of,IN,IN
6682,Canada_2011,0,209,4,Nova,nova,NNP,NN
6683,Canada_2011,0,209,5,Scotia,scotia,NNP,NN
6684,Canada_2011,0,209,6,and,and,CC,CC
6685,Canada_2011,0,209,7,New,new,NNP,NN
6686,Canada_2011,0,209,8,Brunswick,brunswick,NNP,NN
6687,Canada_2011,0,209,9,Share,share,NNP,NN
6688,Canada_2011,0,209,10,The,the,DT,DT
6689,Canada_2011,0,209,11,Constitution,constitution,NNP,NN
6690,Canada_2011,0,209,12,of,of,IN,IN
6691,Canada_2011,0,209,13,the,the,DT,DT
6692,Canada_2011,0,209,14,Legislature,legislature,NNP,NN
6693,Canada_2011,0,209,15,of,of,IN,IN
6694,Canada_2011,0,209,16,each,each,DT,DT
6695,Canada_2011,0,209,17,of,of,IN,IN
6696,Canada_2011,0,209,18,the,the,DT,DT
6697,Canada_2011,0,209,19,Provinces,provinces,NNS,NN
6698,Canada_2011,0,209,20,of,of,IN,IN
6699,Canada_2011,0,209,21,Nova,nova,NNP,NN
6700,Canada_2011,0,209,22,Scotia,scotia,NNP,NN
6701,Canada_2011,0,209,23,and,and,CC,CC
6702,Canada_2011,0,209,24,New,new,NNP,NN
6703,Canada_2011,0,209,25,Brunswick,brunswick,NNP,NN
6704,Canada_2011,0,209,26,shall,shall,MD,MD
6705,Canada_2011,0,209,28,subject,subject,JJ,JJ
6706,Canada_2011,0,209,29,to,to,TO,TO
6707,Canada_2011,0,209,30,the,the,DT,DT
6708,Canada_2011,0,209,31,Provisions,provisions,NNPS,NN
6709,Canada_2011,0,209,32,of,of,IN,IN
6710,Canada_2011,0,209,33,this,this,DT,DT
6711,Canada_2011,0,209,34,Act,act,NNP,NN
6712,Canada_2011,0,209,36,continue,continue,VBP,VB
6713,Canada_2011,0,209,37,as,as,IN,IN
6714,Canada_2011,0,209,38,it,it,PRP,PR
6715,Canada_2011,0,209,39,exists,exists,VBZ,VB
6716,Canada_2011,0,209,40,at,at,IN,IN
6717,Canada_2011,0,209,41,the,the,DT,DT
6718,Canada_2011,0,209,42,Union,union,NNP,NN
6719,Canada_2011,0,209,43,until,until,IN,IN
6720,Canada_2011,0,209,44,altered,altered,VBN,VB
6721,Canada_2011,0,209,45,under,under,IN,IN
6722,Canada_2011,0,209,46,the,the,DT,DT
6723,Canada_2011,0,209,47,Authority,authority,NNP,NN
6724,Canada_2011,0,209,48,of,of,IN,IN
6725,Canada_2011,0,209,49,this,this,DT,DT
6726,Canada_2011,0,209,50,Act,act,NNP,NN
6727,Canada_2011,0,210,0,E.,e,NNP,NN
6728,Canada_2011,0,210,1,Ontario,ontario,NNP,NN
6729,Canada_2011,0,210,3,Quebec,quebec,NNP,NN
6730,Canada_2011,0,210,5,and,and,CC,CC
6731,Canada_2011,0,210,6,Nova,nova,NNP,NN
6732,Canada_2011,0,210,7,Scotia,scotia,NNP,NN
6733,Canada_2011,0,210,8,89,89,CD,CD
6734,Canada_2011,0,211,0,Repealed,repealed,VBN,VB
6735,Canada_2011,0,211,1,F.,f,NNP,NN
6736,Canada_2011,0,211,2,The,the,DT,DT
6737,Canada_2011,0,211,3,Four,four,NNP,NN
6738,Canada_2011,0,211,4,Provinces,provinces,NNPS,NN
6739,Canada_2011,0,211,5,90,90,CD,CD
6740,Canada_2011,0,212,0,Application,application,NN,NN
6741,Canada_2011,0,212,1,to,to,TO,TO
6742,Canada_2011,0,212,2,Legislatures,legislatures,NNP,NN
6743,Canada_2011,0,212,3,of,of,IN,IN
6744,Canada_2011,0,212,4,Provisions,provisions,NNP,NN
6745,Canada_2011,0,212,5,respecting,respecting,VBG,VB
6746,Canada_2011,0,212,6,Money,money,NNP,NN
6747,Canada_2011,0,212,7,Votes,votes,NNP,NN
6748,Canada_2011,0,212,9,etc,etc,FW,FW
6749,Canada_2011,0,212,10,Share,share,NNP,NN
6750,Canada_2011,0,212,11,The,the,DT,DT
6751,Canada_2011,0,212,12,following,following,JJ,JJ
6752,Canada_2011,0,212,13,Provisions,provisions,NNS,NN
6753,Canada_2011,0,212,14,of,of,IN,IN
6754,Canada_2011,0,212,15,this,this,DT,DT
6755,Canada_2011,0,212,16,Act,act,NNP,NN
6756,Canada_2011,0,212,17,respecting,respecting,VBG,VB
6757,Canada_2011,0,212,18,the,the,DT,DT
6758,Canada_2011,0,212,19,Parliament,parliament,NNP,NN
6759,Canada_2011,0,212,20,of,of,IN,IN
6760,Canada_2011,0,212,21,Canada,canada,NNP,NN
6761,Canada_2011,0,212,23,namely,namely,RB,RB
6762,Canada_2011,0,212,26,the,the,DT,DT
6763,Canada_2011,0,212,27,Provisions,provisions,NNS,NN
6764,Canada_2011,0,212,28,relating,relating,VBG,VB
6765,Canada_2011,0,212,29,to,to,TO,TO
6766,Canada_2011,0,212,30,Appropriation,appropriation,NNP,NN
6767,Canada_2011,0,212,31,and,and,CC,CC
6768,Canada_2011,0,212,32,Tax,tax,NNP,NN
6769,Canada_2011,0,212,33,Bills,bills,NNP,NN
6770,Canada_2011,0,212,35,the,the,DT,DT
6771,Canada_2011,0,212,36,Recommendation,recommendation,NNP,NN
6772,Canada_2011,0,212,37,of,of,IN,IN
6773,Canada_2011,0,212,38,Money,money,NNP,NN
6774,Canada_2011,0,212,39,Votes,votes,NNP,NN
6775,Canada_2011,0,212,41,the,the,DT,DT
6776,Canada_2011,0,212,42,Assent,assent,NNP,NN
6777,Canada_2011,0,212,43,to,to,TO,TO
6778,Canada_2011,0,212,44,Bills,bills,NNP,NN
6779,Canada_2011,0,212,46,the,the,DT,DT
6780,Canada_2011,0,212,47,Disallowance,disallowance,NNP,NN
6781,Canada_2011,0,212,48,of,of,IN,IN
6782,Canada_2011,0,212,49,Acts,acts,NNP,NN
6783,Canada_2011,0,212,51,and,and,CC,CC
6784,Canada_2011,0,212,52,the,the,DT,DT
6785,Canada_2011,0,212,53,Signification,signification,NNP,NN
6786,Canada_2011,0,212,54,of,of,IN,IN
6787,Canada_2011,0,212,55,Pleasure,pleasure,NNP,NN
6788,Canada_2011,0,212,56,on,on,IN,IN
6789,Canada_2011,0,212,57,Bills,bills,NNP,NN
6790,Canada_2011,0,212,58,reserved,reserved,VBD,VB
6791,Canada_2011,0,212,61,shall,shall,MD,MD
6792,Canada_2011,0,212,62,extend,extend,VB,VB
6793,Canada_2011,0,212,63,and,and,CC,CC
6794,Canada_2011,0,212,64,apply,apply,VB,VB
6795,Canada_2011,0,212,65,to,to,TO,TO
6796,Canada_2011,0,212,66,the,the,DT,DT
6797,Canada_2011,0,212,67,Legislatures,legislatures,NNP,NN
6798,Canada_2011,0,212,68,of,of,IN,IN
6799,Canada_2011,0,212,69,the,the,DT,DT
6800,Canada_2011,0,212,70,several,several,JJ,JJ
6801,Canada_2011,0,212,71,Provinces,provinces,NNS,NN
6802,Canada_2011,0,212,72,as,as,IN,IN
6803,Canada_2011,0,212,73,if,if,IN,IN
6804,Canada_2011,0,212,74,those,those,DT,DT
6805,Canada_2011,0,212,75,Provisions,provisions,NNS,NN
6806,Canada_2011,0,212,76,were,were,VBD,VB
6807,Canada_2011,0,212,77,here,here,RB,RB
6808,Canada_2011,0,212,78,re-enacted,reenacted,JJ,JJ
6809,Canada_2011,0,212,79,and,and,CC,CC
6810,Canada_2011,0,212,80,made,made,VBD,VB
6811,Canada_2011,0,212,81,applicable,applicable,JJ,JJ
6812,Canada_2011,0,212,82,in,in,IN,IN
6813,Canada_2011,0,212,83,Terms,terms,NNS,NN
6814,Canada_2011,0,212,84,to,to,TO,TO
6815,Canada_2011,0,212,85,the,the,DT,DT
6816,Canada_2011,0,212,86,respective,respective,JJ,JJ
6817,Canada_2011,0,212,87,Provinces,provinces,NNS,NN
6818,Canada_2011,0,212,88,and,and,CC,CC
6819,Canada_2011,0,212,89,the,the,DT,DT
6820,Canada_2011,0,212,90,Legislatures,legislatures,NNP,NN
6821,Canada_2011,0,212,91,thereof,thereof,NN,NN
6822,Canada_2011,0,212,93,with,with,IN,IN
6823,Canada_2011,0,212,94,the,the,DT,DT
6824,Canada_2011,0,212,95,Substitution,substitution,NN,NN
6825,Canada_2011,0,212,96,of,of,IN,IN
6826,Canada_2011,0,212,97,the,the,DT,DT
6827,Canada_2011,0,212,98,Lieutenant,lieutenant,NNP,NN
6828,Canada_2011,0,212,99,Governor,governor,NNP,NN
6829,Canada_2011,0,212,100,of,of,IN,IN
6830,Canada_2011,0,212,101,the,the,DT,DT
6831,Canada_2011,0,212,102,Province,province,NNP,NN
6832,Canada_2011,0,212,103,for,for,IN,IN
6833,Canada_2011,0,212,104,the,the,DT,DT
6834,Canada_2011,0,212,105,Governor,governor,NNP,NN
6835,Canada_2011,0,212,106,General,general,NNP,NN
6836,Canada_2011,0,212,108,of,of,IN,IN
6837,Canada_2011,0,212,109,the,the,DT,DT
6838,Canada_2011,0,212,110,Governor,governor,NNP,NN
6839,Canada_2011,0,212,111,General,general,NNP,NN
6840,Canada_2011,0,212,112,for,for,IN,IN
6841,Canada_2011,0,212,113,the,the,DT,DT
6842,Canada_2011,0,212,114,Queen,queen,NNP,NN
6843,Canada_2011,0,212,115,and,and,CC,CC
6844,Canada_2011,0,212,116,for,for,IN,IN
6845,Canada_2011,0,212,117,a,a,DT,DT
6846,Canada_2011,0,212,118,Secretary,secretary,NNP,NN
6847,Canada_2011,0,212,119,of,of,IN,IN
6848,Canada_2011,0,212,120,State,state,NNP,NN
6849,Canada_2011,0,212,122,of,of,IN,IN
6850,Canada_2011,0,212,123,One,one,CD,CD
6851,Canada_2011,0,212,124,Year,year,NN,NN
6852,Canada_2011,0,212,125,for,for,IN,IN
6853,Canada_2011,0,212,126,Two,two,CD,CD
6854,Canada_2011,0,212,127,Years,years,NNS,NN
6855,Canada_2011,0,212,129,and,and,CC,CC
6856,Canada_2011,0,212,130,of,of,IN,IN
6857,Canada_2011,0,212,131,the,the,DT,DT
6858,Canada_2011,0,212,132,Province,province,NNP,NN
6859,Canada_2011,0,212,133,for,for,IN,IN
6860,Canada_2011,0,212,134,Canada,canada,NNP,NN
6861,Canada_2011,0,213,0,VI,vi,NNP,NN
6862,Canada_2011,0,214,0,DISTRIBUTION,distribution,NNP,NN
6863,Canada_2011,0,214,1,OF,of,NNP,NN
6864,Canada_2011,0,214,2,LEGISLATIVE,legislative,NNP,NN
6865,Canada_2011,0,214,3,POWERS,powers,NNP,NN
6866,Canada_2011,0,214,4,Part,part,NNP,NN
6867,Canada_2011,0,214,5,1,1,CD,CD
6868,Canada_2011,0,215,0,POWERS,powers,NNS,NN
6869,Canada_2011,0,215,1,OF,of,VBP,VB
6870,Canada_2011,0,215,2,THE,the,NNP,NN
6871,Canada_2011,0,215,3,PARLIAMENT,parliament,NNP,NN
6872,Canada_2011,0,215,4,91,91,CD,CD
6873,Canada_2011,0,216,0,Legislative,legislative,JJ,JJ
6874,Canada_2011,0,216,1,Authority,authority,NNP,NN
6875,Canada_2011,0,216,2,of,of,IN,IN
6876,Canada_2011,0,216,3,Parliament,parliament,NNP,NN
6877,Canada_2011,0,216,4,of,of,IN,IN
6878,Canada_2011,0,216,5,Canada,canada,NNP,NN
6879,Canada_2011,0,216,6,Share,share,NNP,NN
6880,Canada_2011,0,216,7,It,it,PRP,PR
6881,Canada_2011,0,216,8,shall,shall,MD,MD
6882,Canada_2011,0,216,9,be,be,VB,VB
6883,Canada_2011,0,216,10,lawful,lawful,JJ,JJ
6884,Canada_2011,0,216,11,for,for,IN,IN
6885,Canada_2011,0,216,12,the,the,DT,DT
6886,Canada_2011,0,216,13,Queen,queen,NNP,NN
6887,Canada_2011,0,216,15,by,by,IN,IN
6888,Canada_2011,0,216,16,and,and,CC,CC
6889,Canada_2011,0,216,17,with,with,IN,IN
6890,Canada_2011,0,216,18,the,the,DT,DT
6891,Canada_2011,0,216,19,Advice,advice,NNP,NN
6892,Canada_2011,0,216,20,and,and,CC,CC
6893,Canada_2011,0,216,21,Consent,consent,NNP,NN
6894,Canada_2011,0,216,22,of,of,IN,IN
6895,Canada_2011,0,216,23,the,the,DT,DT
6896,Canada_2011,0,216,24,Senate,senate,NNP,NN
6897,Canada_2011,0,216,25,and,and,CC,CC
6898,Canada_2011,0,216,26,House,house,NNP,NN
6899,Canada_2011,0,216,27,of,of,IN,IN
6900,Canada_2011,0,216,28,Commons,commons,NNPS,NN
6901,Canada_2011,0,216,30,to,to,TO,TO
6902,Canada_2011,0,216,31,make,make,VB,VB
6903,Canada_2011,0,216,32,Laws,laws,NNP,NN
6904,Canada_2011,0,216,33,for,for,IN,IN
6905,Canada_2011,0,216,34,the,the,DT,DT
6906,Canada_2011,0,216,35,Peace,peace,NNP,NN
6907,Canada_2011,0,216,37,Order,order,NNP,NN
6908,Canada_2011,0,216,39,and,and,CC,CC
6909,Canada_2011,0,216,40,good,good,JJ,JJ
6910,Canada_2011,0,216,41,Government,government,NNP,NN
6911,Canada_2011,0,216,42,of,of,IN,IN
6912,Canada_2011,0,216,43,Canada,canada,NNP,NN
6913,Canada_2011,0,216,45,in,in,IN,IN
6914,Canada_2011,0,216,46,relation,relation,NN,NN
6915,Canada_2011,0,216,47,to,to,TO,TO
6916,Canada_2011,0,216,48,all,all,DT,DT
6917,Canada_2011,0,216,49,Matters,matters,NNS,NN
6918,Canada_2011,0,216,50,not,not,RB,RB
6919,Canada_2011,0,216,51,coming,coming,VBG,VB
6920,Canada_2011,0,216,52,within,within,IN,IN
6921,Canada_2011,0,216,53,the,the,DT,DT
6922,Canada_2011,0,216,54,Classes,classes,NNS,NN
6923,Canada_2011,0,216,55,of,of,IN,IN
6924,Canada_2011,0,216,56,Subjects,subjects,NNS,NN
6925,Canada_2011,0,216,57,by,by,IN,IN
6926,Canada_2011,0,216,58,this,this,DT,DT
6927,Canada_2011,0,216,59,Act,act,NNP,NN
6928,Canada_2011,0,216,60,assigned,assigned,VBD,VB
6929,Canada_2011,0,216,61,exclusively,exclusively,RB,RB
6930,Canada_2011,0,216,62,to,to,TO,TO
6931,Canada_2011,0,216,63,the,the,DT,DT
6932,Canada_2011,0,216,64,Legislatures,legislatures,NNP,NN
6933,Canada_2011,0,216,65,of,of,IN,IN
6934,Canada_2011,0,216,66,the,the,DT,DT
6935,Canada_2011,0,216,67,Provinces,provinces,NNPS,NN
6936,Canada_2011,0,216,69,and,and,CC,CC
6937,Canada_2011,0,216,70,for,for,IN,IN
6938,Canada_2011,0,216,71,greater,greater,JJR,JJ
6939,Canada_2011,0,216,72,Certainty,certainty,NNP,NN
6940,Canada_2011,0,216,74,but,but,CC,CC
6941,Canada_2011,0,216,75,not,not,RB,RB
6942,Canada_2011,0,216,76,so,so,RB,RB
6943,Canada_2011,0,216,77,as,as,IN,IN
6944,Canada_2011,0,216,78,to,to,TO,TO
6945,Canada_2011,0,216,79,restrict,restrict,VB,VB
6946,Canada_2011,0,216,80,the,the,DT,DT
6947,Canada_2011,0,216,81,Generality,generality,NNP,NN
6948,Canada_2011,0,216,82,of,of,IN,IN
6949,Canada_2011,0,216,83,the,the,DT,DT
6950,Canada_2011,0,216,84,foregoing,foregoing,NN,NN
6951,Canada_2011,0,216,85,Terms,terms,NNS,NN
6952,Canada_2011,0,216,86,of,of,IN,IN
6953,Canada_2011,0,216,87,this,this,DT,DT
6954,Canada_2011,0,216,88,Section,section,NN,NN
6955,Canada_2011,0,216,90,it,it,PRP,PR
6956,Canada_2011,0,216,91,is,is,VBZ,VB
6957,Canada_2011,0,216,92,hereby,hereby,RB,RB
6958,Canada_2011,0,216,93,declared,declared,VBN,VB
6959,Canada_2011,0,216,94,that,that,IN,IN
6960,Canada_2011,0,216,96,notwithstanding,notwithstanding,VBG,VB
6961,Canada_2011,0,216,97,anything,anything,NN,NN
6962,Canada_2011,0,216,98,in,in,IN,IN
6963,Canada_2011,0,216,99,this,this,DT,DT
6964,Canada_2011,0,216,100,Act,act,NNP,NN
6965,Canada_2011,0,216,102,the,the,DT,DT
6966,Canada_2011,0,216,103,exclusive,exclusive,JJ,JJ
6967,Canada_2011,0,216,104,Legislative,legislative,NNP,NN
6968,Canada_2011,0,216,105,Authority,authority,NNP,NN
6969,Canada_2011,0,216,106,of,of,IN,IN
6970,Canada_2011,0,216,107,the,the,DT,DT
6971,Canada_2011,0,216,108,Parliament,parliament,NNP,NN
6972,Canada_2011,0,216,109,of,of,IN,IN
6973,Canada_2011,0,216,110,Canada,canada,NNP,NN
6974,Canada_2011,0,216,111,extends,extends,VBZ,VB
6975,Canada_2011,0,216,112,to,to,TO,TO
6976,Canada_2011,0,216,113,all,all,DT,DT
6977,Canada_2011,0,216,114,Matters,matters,NNS,NN
6978,Canada_2011,0,216,115,coming,coming,VBG,VB
6979,Canada_2011,0,216,116,within,within,IN,IN
6980,Canada_2011,0,216,117,the,the,DT,DT
6981,Canada_2011,0,216,118,Classes,classes,NNS,NN
6982,Canada_2011,0,216,119,of,of,IN,IN
6983,Canada_2011,0,216,120,Subjects,subjects,NNP,NN
6984,Canada_2011,0,216,121,next,next,JJ,JJ
6985,Canada_2011,0,216,122,hereinafter,hereinafter,NN,NN
6986,Canada_2011,0,216,123,enumerated,enumerated,VBD,VB
6987,Canada_2011,0,216,125,that,that,WDT,WD
6988,Canada_2011,0,216,126,is,is,VBZ,VB
6989,Canada_2011,0,216,127,to,to,TO,TO
6990,Canada_2011,0,216,128,say,say,VB,VB
6991,Canada_2011,0,216,130,1.Repealed,1repealed,CD,CD
6992,Canada_2011,0,217,0,1A.The,1athe,CD,CD
6993,Canada_2011,0,217,1,Public,public,JJ,JJ
6994,Canada_2011,0,217,2,Debt,debt,NNP,NN
6995,Canada_2011,0,217,3,and,and,CC,CC
6996,Canada_2011,0,217,4,Property,property,NNP,NN
6997,Canada_2011,0,218,0,2.The,2the,CD,CD
6998,Canada_2011,0,218,1,Regulation,regulation,NN,NN
6999,Canada_2011,0,218,2,of,of,IN,IN
7000,Canada_2011,0,218,3,Trade,trade,NNP,NN
7001,Canada_2011,0,218,4,and,and,CC,CC
7002,Canada_2011,0,218,5,Commerce,commerce,NNP,NN
7003,Canada_2011,0,219,0,2A.Unemployment,2aunemployment,CD,CD
7004,Canada_2011,0,219,1,insurance,insurance,NN,NN
7005,Canada_2011,0,220,0,3.The,3the,CD,CD
7006,Canada_2011,0,220,1,raising,raising,NN,NN
7007,Canada_2011,0,220,2,of,of,IN,IN
7008,Canada_2011,0,220,3,Money,money,NNP,NN
7009,Canada_2011,0,220,4,by,by,IN,IN
7010,Canada_2011,0,220,5,any,any,DT,DT
7011,Canada_2011,0,220,6,Mode,mode,NNP,NN
7012,Canada_2011,0,220,7,or,or,CC,CC
7013,Canada_2011,0,220,8,System,system,NNP,NN
7014,Canada_2011,0,220,9,of,of,IN,IN
7015,Canada_2011,0,220,10,Taxation,taxation,NNP,NN
7016,Canada_2011,0,221,0,4.The,4the,CD,CD
7017,Canada_2011,0,221,1,borrowing,borrowing,NN,NN
7018,Canada_2011,0,221,2,of,of,IN,IN
7019,Canada_2011,0,221,3,Money,money,NNP,NN
7020,Canada_2011,0,221,4,on,on,IN,IN
7021,Canada_2011,0,221,5,the,the,DT,DT
7022,Canada_2011,0,221,6,Public,public,NNP,NN
7023,Canada_2011,0,221,7,Credit,credit,NNP,NN
7024,Canada_2011,0,222,0,5.Postal,5postal,JJ,JJ
7025,Canada_2011,0,222,1,Service,service,NNP,NN
7026,Canada_2011,0,223,0,6.The,6the,CD,CD
7027,Canada_2011,0,223,1,Census,census,NNP,NN
7028,Canada_2011,0,223,2,and,and,CC,CC
7029,Canada_2011,0,223,3,Statistics,statistics,NNPS,NN
7030,Canada_2011,0,224,0,7.Militia,7militia,CD,CD
7031,Canada_2011,0,224,2,Military,military,NNP,NN
7032,Canada_2011,0,224,3,and,and,CC,CC
7033,Canada_2011,0,224,4,Naval,naval,NNP,NN
7034,Canada_2011,0,224,5,Service,service,NNP,NN
7035,Canada_2011,0,224,7,and,and,CC,CC
7036,Canada_2011,0,224,8,Defence,defence,NNP,NN
7037,Canada_2011,0,225,0,8.The,8the,CD,CD
7038,Canada_2011,0,225,1,fixing,fixing,NN,NN
7039,Canada_2011,0,225,2,of,of,IN,IN
7040,Canada_2011,0,225,3,and,and,CC,CC
7041,Canada_2011,0,225,4,providing,providing,VBG,VB
7042,Canada_2011,0,225,5,for,for,IN,IN
7043,Canada_2011,0,225,6,the,the,DT,DT
7044,Canada_2011,0,225,7,Salaries,salaries,NNPS,NN
7045,Canada_2011,0,225,8,and,and,CC,CC
7046,Canada_2011,0,225,9,Allowances,allowances,NNPS,NN
7047,Canada_2011,0,225,10,of,of,IN,IN
7048,Canada_2011,0,225,11,Civil,civil,NNP,NN
7049,Canada_2011,0,225,12,and,and,CC,CC
7050,Canada_2011,0,225,13,other,other,JJ,JJ
7051,Canada_2011,0,225,14,Officers,officers,NNS,NN
7052,Canada_2011,0,225,15,of,of,IN,IN
7053,Canada_2011,0,225,16,the,the,DT,DT
7054,Canada_2011,0,225,17,Government,government,NNP,NN
7055,Canada_2011,0,225,18,of,of,IN,IN
7056,Canada_2011,0,225,19,Canada,canada,NNP,NN
7057,Canada_2011,0,226,0,9.Beacons,9beacons,NNS,NN
7058,Canada_2011,0,226,2,Buoys,buoys,NNP,NN
7059,Canada_2011,0,226,4,Lighthouses,lighthouses,NNP,NN
7060,Canada_2011,0,226,6,and,and,CC,CC
7061,Canada_2011,0,226,7,Sable,sable,JJ,JJ
7062,Canada_2011,0,226,8,Island,island,NNP,NN
7063,Canada_2011,0,227,0,10.Navigation,10navigation,CD,CD
7064,Canada_2011,0,227,1,and,and,CC,CC
7065,Canada_2011,0,227,2,Shipping,shipping,NNP,NN
7066,Canada_2011,0,228,0,11.Quarantine,11quarantine,CD,CD
7067,Canada_2011,0,228,1,and,and,CC,CC
7068,Canada_2011,0,228,2,the,the,DT,DT
7069,Canada_2011,0,228,3,Establishment,establishment,NNP,NN
7070,Canada_2011,0,228,4,and,and,CC,CC
7071,Canada_2011,0,228,5,Maintenance,maintenance,NNP,NN
7072,Canada_2011,0,228,6,of,of,IN,IN
7073,Canada_2011,0,228,7,Marine,marine,NNP,NN
7074,Canada_2011,0,228,8,Hospitals,hospitals,NNP,NN
7075,Canada_2011,0,229,0,12.Sea,12sea,CD,CD
7076,Canada_2011,0,229,1,Coast,coast,NNP,NN
7077,Canada_2011,0,229,2,and,and,CC,CC
7078,Canada_2011,0,229,3,Inland,inland,NNP,NN
7079,Canada_2011,0,229,4,Fisheries,fisheries,NNP,NN
7080,Canada_2011,0,230,0,13.Ferries,13ferries,NNS,NN
7081,Canada_2011,0,230,1,between,between,IN,IN
7082,Canada_2011,0,230,2,a,a,DT,DT
7083,Canada_2011,0,230,3,Province,province,NNP,NN
7084,Canada_2011,0,230,4,and,and,CC,CC
7085,Canada_2011,0,230,5,any,any,DT,DT
7086,Canada_2011,0,230,6,British,british,JJ,JJ
7087,Canada_2011,0,230,7,or,or,CC,CC
7088,Canada_2011,0,230,8,Foreign,foreign,JJ,JJ
7089,Canada_2011,0,230,9,Country,country,NN,NN
7090,Canada_2011,0,230,10,or,or,CC,CC
7091,Canada_2011,0,230,11,between,between,IN,IN
7092,Canada_2011,0,230,12,Two,two,CD,CD
7093,Canada_2011,0,230,13,Provinces,provinces,NNS,NN
7094,Canada_2011,0,231,0,14.Currency,14currency,CD,CD
7095,Canada_2011,0,231,1,and,and,CC,CC
7096,Canada_2011,0,231,2,Coinage,coinage,NNP,NN
7097,Canada_2011,0,232,0,15.Banking,15banking,CD,CD
7098,Canada_2011,0,232,2,Incorporation,incorporation,NN,NN
7099,Canada_2011,0,232,3,of,of,IN,IN
7100,Canada_2011,0,232,4,Banks,banks,NNP,NN
7101,Canada_2011,0,232,6,and,and,CC,CC
7102,Canada_2011,0,232,7,the,the,DT,DT
7103,Canada_2011,0,232,8,Issue,issue,NN,NN
7104,Canada_2011,0,232,9,of,of,IN,IN
7105,Canada_2011,0,232,10,Paper,paper,NNP,NN
7106,Canada_2011,0,232,11,Money,money,NNP,NN
7107,Canada_2011,0,233,0,16.Savings,16savings,CD,CD
7108,Canada_2011,0,233,1,Banks,banks,NNS,NN
7109,Canada_2011,0,234,0,17.Weights,17weights,NNS,NN
7110,Canada_2011,0,234,1,and,and,CC,CC
7111,Canada_2011,0,234,2,Measures,measures,NNS,NN
7112,Canada_2011,0,235,0,18.Bills,18bills,CD,CD
7113,Canada_2011,0,235,1,of,of,IN,IN
7114,Canada_2011,0,235,2,Exchange,exchange,NNP,NN
7115,Canada_2011,0,235,3,and,and,CC,CC
7116,Canada_2011,0,235,4,Promissory,promissory,NNP,NN
7117,Canada_2011,0,235,5,Notes,notes,NNP,NN
7118,Canada_2011,0,236,0,19.Interest,19interest,CD,CD
7119,Canada_2011,0,237,0,20.Legal,20legal,CD,CD
7120,Canada_2011,0,237,1,Tender,tender,NN,NN
7121,Canada_2011,0,238,0,21.Bankruptcy,21bankruptcy,CD,CD
7122,Canada_2011,0,238,1,and,and,CC,CC
7123,Canada_2011,0,238,2,Insolvency,insolvency,NNP,NN
7124,Canada_2011,0,239,0,22.Patents,22patents,CD,CD
7125,Canada_2011,0,239,1,of,of,IN,IN
7126,Canada_2011,0,239,2,Invention,invention,NNP,NN
7127,Canada_2011,0,239,3,and,and,CC,CC
7128,Canada_2011,0,239,4,Discovery,discovery,NNP,NN
7129,Canada_2011,0,240,0,23.Copyrights,23copyrights,NNS,NN
7130,Canada_2011,0,241,0,24.Indians,24indians,CD,CD
7131,Canada_2011,0,241,2,and,and,CC,CC
7132,Canada_2011,0,241,3,Lands,lands,VBZ,VB
7133,Canada_2011,0,241,4,reserved,reserved,VBN,VB
7134,Canada_2011,0,241,5,for,for,IN,IN
7135,Canada_2011,0,241,6,the,the,DT,DT
7136,Canada_2011,0,241,7,Indians,indians,NNPS,NN
7137,Canada_2011,0,242,0,25.Naturalization,25naturalization,CD,CD
7138,Canada_2011,0,242,1,and,and,CC,CC
7139,Canada_2011,0,242,2,Aliens,aliens,NNP,NN
7140,Canada_2011,0,243,0,26.Marriage,26marriage,CD,CD
7141,Canada_2011,0,243,1,and,and,CC,CC
7142,Canada_2011,0,243,2,Divorce,divorce,NNP,NN
7143,Canada_2011,0,244,0,27.The,27the,CD,CD
7144,Canada_2011,0,244,1,Criminal,criminal,JJ,JJ
7145,Canada_2011,0,244,2,Law,law,NNP,NN
7146,Canada_2011,0,244,4,except,except,IN,IN
7147,Canada_2011,0,244,5,the,the,DT,DT
7148,Canada_2011,0,244,6,Constitution,constitution,NNP,NN
7149,Canada_2011,0,244,7,of,of,IN,IN
7150,Canada_2011,0,244,8,Courts,courts,NNP,NN
7151,Canada_2011,0,244,9,of,of,IN,IN
7152,Canada_2011,0,244,10,Criminal,criminal,NNP,NN
7153,Canada_2011,0,244,11,Jurisdiction,jurisdiction,NNP,NN
7154,Canada_2011,0,244,13,but,but,CC,CC
7155,Canada_2011,0,244,14,including,including,VBG,VB
7156,Canada_2011,0,244,15,the,the,DT,DT
7157,Canada_2011,0,244,16,Procedure,procedure,NN,NN
7158,Canada_2011,0,244,17,in,in,IN,IN
7159,Canada_2011,0,244,18,Criminal,criminal,JJ,JJ
7160,Canada_2011,0,244,19,Matters,matters,NNS,NN
7161,Canada_2011,0,245,0,28.The,28the,CD,CD
7162,Canada_2011,0,245,1,Establishment,establishment,NNP,NN
7163,Canada_2011,0,245,3,Maintenance,maintenance,NNP,NN
7164,Canada_2011,0,245,5,and,and,CC,CC
7165,Canada_2011,0,245,6,Management,management,NNP,NN
7166,Canada_2011,0,245,7,of,of,IN,IN
7167,Canada_2011,0,245,8,Penitentiaries,penitentiaries,NNPS,NN
7168,Canada_2011,0,246,0,29.Such,29such,JJ,JJ
7169,Canada_2011,0,246,1,Classes,classes,NNS,NN
7170,Canada_2011,0,246,2,of,of,IN,IN
7171,Canada_2011,0,246,3,Subjects,subjects,NNS,NN
7172,Canada_2011,0,246,4,as,as,IN,IN
7173,Canada_2011,0,246,5,are,are,VBP,VB
7174,Canada_2011,0,246,6,expressly,expressly,RB,RB
7175,Canada_2011,0,246,7,excepted,excepted,VBN,VB
7176,Canada_2011,0,246,8,in,in,IN,IN
7177,Canada_2011,0,246,9,the,the,DT,DT
7178,Canada_2011,0,246,10,Enumeration,enumeration,NN,NN
7179,Canada_2011,0,246,11,of,of,IN,IN
7180,Canada_2011,0,246,12,the,the,DT,DT
7181,Canada_2011,0,246,13,Classes,classes,NNP,NN
7182,Canada_2011,0,246,14,of,of,IN,IN
7183,Canada_2011,0,246,15,Subjects,subjects,NNPS,NN
7184,Canada_2011,0,246,16,by,by,IN,IN
7185,Canada_2011,0,246,17,this,this,DT,DT
7186,Canada_2011,0,246,18,Act,act,NNP,NN
7187,Canada_2011,0,246,19,assigned,assigned,VBD,VB
7188,Canada_2011,0,246,20,exclusively,exclusively,RB,RB
7189,Canada_2011,0,246,21,to,to,TO,TO
7190,Canada_2011,0,246,22,the,the,DT,DT
7191,Canada_2011,0,246,23,Legislatures,legislatures,NNP,NN
7192,Canada_2011,0,246,24,of,of,IN,IN
7193,Canada_2011,0,246,25,the,the,DT,DT
7194,Canada_2011,0,246,26,Provinces,provinces,NNS,NN
7195,Canada_2011,0,247,0,And,and,CC,CC
7196,Canada_2011,0,247,1,any,any,DT,DT
7197,Canada_2011,0,247,2,Matter,matter,NNP,NN
7198,Canada_2011,0,247,3,coming,coming,VBG,VB
7199,Canada_2011,0,247,4,within,within,IN,IN
7200,Canada_2011,0,247,5,any,any,DT,DT
7201,Canada_2011,0,247,6,of,of,IN,IN
7202,Canada_2011,0,247,7,the,the,DT,DT
7203,Canada_2011,0,247,8,Classes,classes,NNP,NN
7204,Canada_2011,0,247,9,of,of,IN,IN
7205,Canada_2011,0,247,10,Subjects,subjects,NNP,NN
7206,Canada_2011,0,247,11,enumerated,enumerated,VBD,VB
7207,Canada_2011,0,247,12,in,in,IN,IN
7208,Canada_2011,0,247,13,this,this,DT,DT
7209,Canada_2011,0,247,14,Section,section,NN,NN
7210,Canada_2011,0,247,15,shall,shall,MD,MD
7211,Canada_2011,0,247,16,not,not,RB,RB
7212,Canada_2011,0,247,17,be,be,VB,VB
7213,Canada_2011,0,247,18,deemed,deemed,VBN,VB
7214,Canada_2011,0,247,19,to,to,TO,TO
7215,Canada_2011,0,247,20,come,come,VB,VB
7216,Canada_2011,0,247,21,within,within,IN,IN
7217,Canada_2011,0,247,22,the,the,DT,DT
7218,Canada_2011,0,247,23,Class,class,NN,NN
7219,Canada_2011,0,247,24,of,of,IN,IN
7220,Canada_2011,0,247,25,Matters,matters,NNS,NN
7221,Canada_2011,0,247,26,of,of,IN,IN
7222,Canada_2011,0,247,27,a,a,DT,DT
7223,Canada_2011,0,247,28,local,local,JJ,JJ
7224,Canada_2011,0,247,29,or,or,CC,CC
7225,Canada_2011,0,247,30,private,private,JJ,JJ
7226,Canada_2011,0,247,31,Nature,nature,NN,NN
7227,Canada_2011,0,247,32,comprised,comprised,VBN,VB
7228,Canada_2011,0,247,33,in,in,IN,IN
7229,Canada_2011,0,247,34,the,the,DT,DT
7230,Canada_2011,0,247,35,Enumeration,enumeration,NN,NN
7231,Canada_2011,0,247,36,of,of,IN,IN
7232,Canada_2011,0,247,37,the,the,DT,DT
7233,Canada_2011,0,247,38,Classes,classes,NNP,NN
7234,Canada_2011,0,247,39,of,of,IN,IN
7235,Canada_2011,0,247,40,Subjects,subjects,NNPS,NN
7236,Canada_2011,0,247,41,by,by,IN,IN
7237,Canada_2011,0,247,42,this,this,DT,DT
7238,Canada_2011,0,247,43,Act,act,NNP,NN
7239,Canada_2011,0,247,44,assigned,assigned,VBD,VB
7240,Canada_2011,0,247,45,exclusively,exclusively,RB,RB
7241,Canada_2011,0,247,46,to,to,TO,TO
7242,Canada_2011,0,247,47,the,the,DT,DT
7243,Canada_2011,0,247,48,Legislatures,legislatures,NNP,NN
7244,Canada_2011,0,247,49,of,of,IN,IN
7245,Canada_2011,0,247,50,the,the,DT,DT
7246,Canada_2011,0,247,51,Provinces,provinces,NNS,NN
7247,Canada_2011,0,248,0,Part,part,NN,NN
7248,Canada_2011,0,248,1,2,2,CD,CD
7249,Canada_2011,0,249,0,EXCLUSIVE,exclusive,JJ,JJ
7250,Canada_2011,0,249,1,POWERS,powers,NNS,NN
7251,Canada_2011,0,249,2,OF,of,IN,IN
7252,Canada_2011,0,249,3,PROVINCIAL,provincial,NNP,NN
7253,Canada_2011,0,249,4,LEGISLATURES,legislatures,NNP,NN
7254,Canada_2011,0,249,5,92,92,CD,CD
7255,Canada_2011,0,250,0,Subjects,subjects,NNS,NN
7256,Canada_2011,0,250,1,of,of,IN,IN
7257,Canada_2011,0,250,2,exclusive,exclusive,JJ,JJ
7258,Canada_2011,0,250,3,Provincial,provincial,NNP,NN
7259,Canada_2011,0,250,4,Legislation,legislation,NNP,NN
7260,Canada_2011,0,250,5,Share,share,NNP,NN
7261,Canada_2011,0,250,6,In,in,IN,IN
7262,Canada_2011,0,250,7,each,each,DT,DT
7263,Canada_2011,0,250,8,Province,province,NNP,NN
7264,Canada_2011,0,250,9,the,the,DT,DT
7265,Canada_2011,0,250,10,Legislature,legislature,NNP,NN
7266,Canada_2011,0,250,11,may,may,MD,MD
7267,Canada_2011,0,250,12,exclusively,exclusively,RB,RB
7268,Canada_2011,0,250,13,make,make,VB,VB
7269,Canada_2011,0,250,14,Laws,laws,NNP,NN
7270,Canada_2011,0,250,15,in,in,IN,IN
7271,Canada_2011,0,250,16,relation,relation,NN,NN
7272,Canada_2011,0,250,17,to,to,TO,TO
7273,Canada_2011,0,250,18,Matters,matters,NNP,NN
7274,Canada_2011,0,250,19,coming,coming,VBG,VB
7275,Canada_2011,0,250,20,within,within,IN,IN
7276,Canada_2011,0,250,21,the,the,DT,DT
7277,Canada_2011,0,250,22,Classes,classes,NNS,NN
7278,Canada_2011,0,250,23,of,of,IN,IN
7279,Canada_2011,0,250,24,Subjects,subjects,NNP,NN
7280,Canada_2011,0,250,25,next,next,JJ,JJ
7281,Canada_2011,0,250,26,hereinafter,hereinafter,NN,NN
7282,Canada_2011,0,250,27,enumerated,enumerated,VBD,VB
7283,Canada_2011,0,250,29,that,that,WDT,WD
7284,Canada_2011,0,250,30,is,is,VBZ,VB
7285,Canada_2011,0,250,31,to,to,TO,TO
7286,Canada_2011,0,250,32,say,say,VB,VB
7287,Canada_2011,0,250,34,1.Repealed,1repealed,CD,CD
7288,Canada_2011,0,251,0,2.Direct,2direct,CD,CD
7289,Canada_2011,0,251,1,Taxation,taxation,NNP,NN
7290,Canada_2011,0,251,2,within,within,IN,IN
7291,Canada_2011,0,251,3,the,the,DT,DT
7292,Canada_2011,0,251,4,Province,province,NNP,NN
7293,Canada_2011,0,251,5,in,in,IN,IN
7294,Canada_2011,0,251,6,order,order,NN,NN
7295,Canada_2011,0,251,7,to,to,TO,TO
7296,Canada_2011,0,251,8,the,the,DT,DT
7297,Canada_2011,0,251,9,raising,raising,NN,NN
7298,Canada_2011,0,251,10,of,of,IN,IN
7299,Canada_2011,0,251,11,a,a,DT,DT
7300,Canada_2011,0,251,12,Revenue,revenue,NN,NN
7301,Canada_2011,0,251,13,for,for,IN,IN
7302,Canada_2011,0,251,14,Provincial,provincial,JJ,JJ
7303,Canada_2011,0,251,15,Purposes,purposes,NNS,NN
7304,Canada_2011,0,252,0,3.The,3the,CD,CD
7305,Canada_2011,0,252,1,borrowing,borrowing,NN,NN
7306,Canada_2011,0,252,2,of,of,IN,IN
7307,Canada_2011,0,252,3,Money,money,NNP,NN
7308,Canada_2011,0,252,4,on,on,IN,IN
7309,Canada_2011,0,252,5,the,the,DT,DT
7310,Canada_2011,0,252,6,sole,sole,JJ,JJ
7311,Canada_2011,0,252,7,Credit,credit,NNP,NN
7312,Canada_2011,0,252,8,of,of,IN,IN
7313,Canada_2011,0,252,9,the,the,DT,DT
7314,Canada_2011,0,252,10,Province,province,NNP,NN
7315,Canada_2011,0,253,0,4.The,4the,CD,CD
7316,Canada_2011,0,253,1,Establishment,establishment,NN,NN
7317,Canada_2011,0,253,2,and,and,CC,CC
7318,Canada_2011,0,253,3,Tenure,tenure,NN,NN
7319,Canada_2011,0,253,4,of,of,IN,IN
7320,Canada_2011,0,253,5,Provincial,provincial,NNP,NN
7321,Canada_2011,0,253,6,Offices,offices,NNP,NN
7322,Canada_2011,0,253,7,and,and,CC,CC
7323,Canada_2011,0,253,8,the,the,DT,DT
7324,Canada_2011,0,253,9,Appointment,appointment,NNP,NN
7325,Canada_2011,0,253,10,and,and,CC,CC
7326,Canada_2011,0,253,11,Payment,payment,NNP,NN
7327,Canada_2011,0,253,12,of,of,IN,IN
7328,Canada_2011,0,253,13,Provincial,provincial,NNP,NN
7329,Canada_2011,0,253,14,Officers,officers,NNP,NN
7330,Canada_2011,0,254,0,5.The,5the,CD,CD
7331,Canada_2011,0,254,1,Management,management,NNP,NN
7332,Canada_2011,0,254,2,and,and,CC,CC
7333,Canada_2011,0,254,3,Sale,sale,NNP,NN
7334,Canada_2011,0,254,4,of,of,IN,IN
7335,Canada_2011,0,254,5,the,the,DT,DT
7336,Canada_2011,0,254,6,Public,public,NNP,NN
7337,Canada_2011,0,254,7,Lands,lands,NNPS,NN
7338,Canada_2011,0,254,8,belonging,belonging,VBG,VB
7339,Canada_2011,0,254,9,to,to,TO,TO
7340,Canada_2011,0,254,10,the,the,DT,DT
7341,Canada_2011,0,254,11,Province,province,NNP,NN
7342,Canada_2011,0,254,12,and,and,CC,CC
7343,Canada_2011,0,254,13,of,of,IN,IN
7344,Canada_2011,0,254,14,the,the,DT,DT
7345,Canada_2011,0,254,15,Timber,timber,NNP,NN
7346,Canada_2011,0,254,16,and,and,CC,CC
7347,Canada_2011,0,254,17,Wood,wood,NNP,NN
7348,Canada_2011,0,254,18,thereon,thereon,NN,NN
7349,Canada_2011,0,255,0,6.The,6the,CD,CD
7350,Canada_2011,0,255,1,Establishment,establishment,NNP,NN
7351,Canada_2011,0,255,3,Maintenance,maintenance,NNP,NN
7352,Canada_2011,0,255,5,and,and,CC,CC
7353,Canada_2011,0,255,6,Management,management,NNP,NN
7354,Canada_2011,0,255,7,of,of,IN,IN
7355,Canada_2011,0,255,8,Public,public,NNP,NN
7356,Canada_2011,0,255,9,and,and,CC,CC
7357,Canada_2011,0,255,10,Reformatory,reformatory,NNP,NN
7358,Canada_2011,0,255,11,Prisons,prisons,NNP,NN
7359,Canada_2011,0,255,12,in,in,IN,IN
7360,Canada_2011,0,255,13,and,and,CC,CC
7361,Canada_2011,0,255,14,for,for,IN,IN
7362,Canada_2011,0,255,15,the,the,DT,DT
7363,Canada_2011,0,255,16,Province,province,NNP,NN
7364,Canada_2011,0,256,0,7.The,7the,CD,CD
7365,Canada_2011,0,256,1,Establishment,establishment,NNP,NN
7366,Canada_2011,0,256,3,Maintenance,maintenance,NNP,NN
7367,Canada_2011,0,256,5,and,and,CC,CC
7368,Canada_2011,0,256,6,Management,management,NNP,NN
7369,Canada_2011,0,256,7,of,of,IN,IN
7370,Canada_2011,0,256,8,Hospitals,hospitals,NNP,NN
7371,Canada_2011,0,256,10,Asylums,asylums,NNP,NN
7372,Canada_2011,0,256,12,Charities,charities,NNP,NN
7373,Canada_2011,0,256,14,and,and,CC,CC
7374,Canada_2011,0,256,15,Eleemosynary,eleemosynary,NNP,NN
7375,Canada_2011,0,256,16,Institutions,institutions,NNP,NN
7376,Canada_2011,0,256,17,in,in,IN,IN
7377,Canada_2011,0,256,18,and,and,CC,CC
7378,Canada_2011,0,256,19,for,for,IN,IN
7379,Canada_2011,0,256,20,the,the,DT,DT
7380,Canada_2011,0,256,21,Province,province,NNP,NN
7381,Canada_2011,0,256,23,other,other,JJ,JJ
7382,Canada_2011,0,256,24,than,than,IN,IN
7383,Canada_2011,0,256,25,Marine,marine,JJ,JJ
7384,Canada_2011,0,256,26,Hospitals,hospitals,NNS,NN
7385,Canada_2011,0,257,0,8.Municipal,8municipal,CD,CD
7386,Canada_2011,0,257,1,Institutions,institutions,NNS,NN
7387,Canada_2011,0,257,2,in,in,IN,IN
7388,Canada_2011,0,257,3,the,the,DT,DT
7389,Canada_2011,0,257,4,Province,province,NNP,NN
7390,Canada_2011,0,258,0,9.Shop,9shop,CD,CD
7391,Canada_2011,0,258,2,Saloon,saloon,NNP,NN
7392,Canada_2011,0,258,4,Tavern,tavern,NNP,NN
7393,Canada_2011,0,258,6,Auctioneer,auctioneer,NNP,NN
7394,Canada_2011,0,258,8,and,and,CC,CC
7395,Canada_2011,0,258,9,other,other,JJ,JJ
7396,Canada_2011,0,258,10,Licences,licences,NNS,NN
7397,Canada_2011,0,258,11,in,in,IN,IN
7398,Canada_2011,0,258,12,order,order,NN,NN
7399,Canada_2011,0,258,13,to,to,TO,TO
7400,Canada_2011,0,258,14,the,the,DT,DT
7401,Canada_2011,0,258,15,raising,raising,NN,NN
7402,Canada_2011,0,258,16,of,of,IN,IN
7403,Canada_2011,0,258,17,a,a,DT,DT
7404,Canada_2011,0,258,18,Revenue,revenue,NN,NN
7405,Canada_2011,0,258,19,for,for,IN,IN
7406,Canada_2011,0,258,20,Provincial,provincial,NNP,NN
7407,Canada_2011,0,258,22,Local,local,NNP,NN
7408,Canada_2011,0,258,24,or,or,CC,CC
7409,Canada_2011,0,258,25,Municipal,municipal,JJ,JJ
7410,Canada_2011,0,258,26,Purposes,purposes,NNS,NN
7411,Canada_2011,0,259,0,10.Local,10local,JJ,JJ
7412,Canada_2011,0,259,1,Works,works,NNP,NN
7413,Canada_2011,0,259,2,and,and,CC,CC
7414,Canada_2011,0,259,3,Undertakings,undertakings,NNP,NN
7415,Canada_2011,0,259,4,other,other,JJ,JJ
7416,Canada_2011,0,259,5,than,than,IN,IN
7417,Canada_2011,0,259,6,such,such,JJ,JJ
7418,Canada_2011,0,259,7,as,as,IN,IN
7419,Canada_2011,0,259,8,are,are,VBP,VB
7420,Canada_2011,0,259,9,of,of,IN,IN
7421,Canada_2011,0,259,10,the,the,DT,DT
7422,Canada_2011,0,259,11,following,following,JJ,JJ
7423,Canada_2011,0,259,12,Classes,classes,NNS,NN
7424,Canada_2011,0,259,14,a.Lines,alines,NNS,NN
7425,Canada_2011,0,259,15,of,of,IN,IN
7426,Canada_2011,0,259,16,Steam,steam,NNP,NN
7427,Canada_2011,0,259,17,or,or,CC,CC
7428,Canada_2011,0,259,18,other,other,JJ,JJ
7429,Canada_2011,0,259,19,Ships,ships,NNP,NN
7430,Canada_2011,0,259,21,Railways,railways,NNP,NN
7431,Canada_2011,0,259,23,Canals,canals,NNP,NN
7432,Canada_2011,0,259,25,Telegraphs,telegraphs,NNP,NN
7433,Canada_2011,0,259,27,and,and,CC,CC
7434,Canada_2011,0,259,28,other,other,JJ,JJ
7435,Canada_2011,0,259,29,Works,works,NNP,NN
7436,Canada_2011,0,259,30,and,and,CC,CC
7437,Canada_2011,0,259,31,Undertakings,undertakings,NNP,NN
7438,Canada_2011,0,259,32,connecting,connecting,VBG,VB
7439,Canada_2011,0,259,33,the,the,DT,DT
7440,Canada_2011,0,259,34,Province,province,NNP,NN
7441,Canada_2011,0,259,35,with,with,IN,IN
7442,Canada_2011,0,259,36,any,any,DT,DT
7443,Canada_2011,0,259,37,other,other,JJ,JJ
7444,Canada_2011,0,259,38,or,or,CC,CC
7445,Canada_2011,0,259,39,others,others,NNS,NN
7446,Canada_2011,0,259,40,of,of,IN,IN
7447,Canada_2011,0,259,41,the,the,DT,DT
7448,Canada_2011,0,259,42,Provinces,provinces,NNPS,NN
7449,Canada_2011,0,259,44,or,or,CC,CC
7450,Canada_2011,0,259,45,extending,extending,VBG,VB
7451,Canada_2011,0,259,46,beyond,beyond,IN,IN
7452,Canada_2011,0,259,47,the,the,DT,DT
7453,Canada_2011,0,259,48,Limits,limits,NNS,NN
7454,Canada_2011,0,259,49,of,of,IN,IN
7455,Canada_2011,0,259,50,the,the,DT,DT
7456,Canada_2011,0,259,51,Province,province,NN,NN
7457,Canada_2011,0,259,53,b.Lines,blines,NNS,NN
7458,Canada_2011,0,259,54,of,of,IN,IN
7459,Canada_2011,0,259,55,Steam,steam,NNP,NN
7460,Canada_2011,0,259,56,Ships,ships,NNP,NN
7461,Canada_2011,0,259,57,between,between,IN,IN
7462,Canada_2011,0,259,58,the,the,DT,DT
7463,Canada_2011,0,259,59,Province,province,NNP,NN
7464,Canada_2011,0,259,60,and,and,CC,CC
7465,Canada_2011,0,259,61,any,any,DT,DT
7466,Canada_2011,0,259,62,British,british,JJ,JJ
7467,Canada_2011,0,259,63,or,or,CC,CC
7468,Canada_2011,0,259,64,Foreign,foreign,JJ,JJ
7469,Canada_2011,0,259,65,Country,country,NN,NN
7470,Canada_2011,0,259,67,c.Such,csuch,JJ,JJ
7471,Canada_2011,0,259,68,Works,works,NNP,NN
7472,Canada_2011,0,259,69,as,as,IN,IN
7473,Canada_2011,0,259,71,although,although,IN,IN
7474,Canada_2011,0,259,72,wholly,wholly,RB,RB
7475,Canada_2011,0,259,73,situate,situate,VB,VB
7476,Canada_2011,0,259,74,within,within,IN,IN
7477,Canada_2011,0,259,75,the,the,DT,DT
7478,Canada_2011,0,259,76,Province,province,NNP,NN
7479,Canada_2011,0,259,78,are,are,VBP,VB
7480,Canada_2011,0,259,79,before,before,IN,IN
7481,Canada_2011,0,259,80,or,or,CC,CC
7482,Canada_2011,0,259,81,after,after,IN,IN
7483,Canada_2011,0,259,82,their,their,PRP$,PR
7484,Canada_2011,0,259,83,Execution,execution,NN,NN
7485,Canada_2011,0,259,84,declared,declared,VBN,VB
7486,Canada_2011,0,259,85,by,by,IN,IN
7487,Canada_2011,0,259,86,the,the,DT,DT
7488,Canada_2011,0,259,87,Parliament,parliament,NNP,NN
7489,Canada_2011,0,259,88,of,of,IN,IN
7490,Canada_2011,0,259,89,Canada,canada,NNP,NN
7491,Canada_2011,0,259,90,to,to,TO,TO
7492,Canada_2011,0,259,91,be,be,VB,VB
7493,Canada_2011,0,259,92,for,for,IN,IN
7494,Canada_2011,0,259,93,the,the,DT,DT
7495,Canada_2011,0,259,94,general,general,JJ,JJ
7496,Canada_2011,0,259,95,Advantage,advantage,NNP,NN
7497,Canada_2011,0,259,96,of,of,IN,IN
7498,Canada_2011,0,259,97,Canada,canada,NNP,NN
7499,Canada_2011,0,259,98,or,or,CC,CC
7500,Canada_2011,0,259,99,for,for,IN,IN
7501,Canada_2011,0,259,100,the,the,DT,DT
7502,Canada_2011,0,259,101,Advantage,advantage,NNP,NN
7503,Canada_2011,0,259,102,of,of,IN,IN
7504,Canada_2011,0,259,103,Two,two,CD,CD
7505,Canada_2011,0,259,104,or,or,CC,CC
7506,Canada_2011,0,259,105,more,more,JJR,JJ
7507,Canada_2011,0,259,106,of,of,IN,IN
7508,Canada_2011,0,259,107,the,the,DT,DT
7509,Canada_2011,0,259,108,Provinces,provinces,NNS,NN
7510,Canada_2011,0,260,0,11.The,11the,CD,CD
7511,Canada_2011,0,260,1,Incorporation,incorporation,NNP,NN
7512,Canada_2011,0,260,2,of,of,IN,IN
7513,Canada_2011,0,260,3,Companies,companies,NNPS,NN
7514,Canada_2011,0,260,4,with,with,IN,IN
7515,Canada_2011,0,260,5,Provincial,provincial,JJ,JJ
7516,Canada_2011,0,260,6,Objects,objects,NNS,NN
7517,Canada_2011,0,261,0,12.The,12the,CD,CD
7518,Canada_2011,0,261,1,Solemnization,solemnization,NN,NN
7519,Canada_2011,0,261,2,of,of,IN,IN
7520,Canada_2011,0,261,3,Marriage,marriage,NN,NN
7521,Canada_2011,0,261,4,in,in,IN,IN
7522,Canada_2011,0,261,5,the,the,DT,DT
7523,Canada_2011,0,261,6,Province,province,NNP,NN
7524,Canada_2011,0,262,0,13.Property,13property,CD,CD
7525,Canada_2011,0,262,1,and,and,CC,CC
7526,Canada_2011,0,262,2,Civil,civil,NNP,NN
7527,Canada_2011,0,262,3,Rights,rights,NNP,NN
7528,Canada_2011,0,262,4,in,in,IN,IN
7529,Canada_2011,0,262,5,the,the,DT,DT
7530,Canada_2011,0,262,6,Province,province,NNP,NN
7531,Canada_2011,0,263,0,14.The,14the,CD,CD
7532,Canada_2011,0,263,1,Administration,administration,NNP,NN
7533,Canada_2011,0,263,2,of,of,IN,IN
7534,Canada_2011,0,263,3,Justice,justice,NNP,NN
7535,Canada_2011,0,263,4,in,in,IN,IN
7536,Canada_2011,0,263,5,the,the,DT,DT
7537,Canada_2011,0,263,6,Province,province,NNP,NN
7538,Canada_2011,0,263,8,including,including,VBG,VB
7539,Canada_2011,0,263,9,the,the,DT,DT
7540,Canada_2011,0,263,10,Constitution,constitution,NNP,NN
7541,Canada_2011,0,263,12,Maintenance,maintenance,NNP,NN
7542,Canada_2011,0,263,14,and,and,CC,CC
7543,Canada_2011,0,263,15,Organization,organization,NNP,NN
7544,Canada_2011,0,263,16,of,of,IN,IN
7545,Canada_2011,0,263,17,Provincial,provincial,NNP,NN
7546,Canada_2011,0,263,18,Courts,courts,NNP,NN
7547,Canada_2011,0,263,20,both,both,DT,DT
7548,Canada_2011,0,263,21,of,of,IN,IN
7549,Canada_2011,0,263,22,Civil,civil,NNP,NN
7550,Canada_2011,0,263,23,and,and,CC,CC
7551,Canada_2011,0,263,24,of,of,IN,IN
7552,Canada_2011,0,263,25,Criminal,criminal,NNP,NN
7553,Canada_2011,0,263,26,Jurisdiction,jurisdiction,NNP,NN
7554,Canada_2011,0,263,28,and,and,CC,CC
7555,Canada_2011,0,263,29,including,including,VBG,VB
7556,Canada_2011,0,263,30,Procedure,procedure,NN,NN
7557,Canada_2011,0,263,31,in,in,IN,IN
7558,Canada_2011,0,263,32,Civil,civil,NNP,NN
7559,Canada_2011,0,263,33,Matters,matters,NNP,NN
7560,Canada_2011,0,263,34,in,in,IN,IN
7561,Canada_2011,0,263,35,those,those,DT,DT
7562,Canada_2011,0,263,36,Courts,courts,NNS,NN
7563,Canada_2011,0,264,0,15.The,15the,CD,CD
7564,Canada_2011,0,264,1,Imposition,imposition,NN,NN
7565,Canada_2011,0,264,2,of,of,IN,IN
7566,Canada_2011,0,264,3,Punishment,punishment,NN,NN
7567,Canada_2011,0,264,4,by,by,IN,IN
7568,Canada_2011,0,264,5,Fine,fine,NNP,NN
7569,Canada_2011,0,264,7,Penalty,penalty,NNP,NN
7570,Canada_2011,0,264,9,or,or,CC,CC
7571,Canada_2011,0,264,10,Imprisonment,imprisonment,NNP,NN
7572,Canada_2011,0,264,11,for,for,IN,IN
7573,Canada_2011,0,264,12,enforcing,enforcing,VBG,VB
7574,Canada_2011,0,264,13,any,any,DT,DT
7575,Canada_2011,0,264,14,Law,law,NNP,NN
7576,Canada_2011,0,264,15,of,of,IN,IN
7577,Canada_2011,0,264,16,the,the,DT,DT
7578,Canada_2011,0,264,17,Province,province,NNP,NN
7579,Canada_2011,0,264,18,made,made,VBD,VB
7580,Canada_2011,0,264,19,in,in,IN,IN
7581,Canada_2011,0,264,20,relation,relation,NN,NN
7582,Canada_2011,0,264,21,to,to,TO,TO
7583,Canada_2011,0,264,22,any,any,DT,DT
7584,Canada_2011,0,264,23,Matter,matter,NNP,NN
7585,Canada_2011,0,264,24,coming,coming,VBG,VB
7586,Canada_2011,0,264,25,within,within,IN,IN
7587,Canada_2011,0,264,26,any,any,DT,DT
7588,Canada_2011,0,264,27,of,of,IN,IN
7589,Canada_2011,0,264,28,the,the,DT,DT
7590,Canada_2011,0,264,29,Classes,classes,NNP,NN
7591,Canada_2011,0,264,30,of,of,IN,IN
7592,Canada_2011,0,264,31,Subjects,subjects,NNP,NN
7593,Canada_2011,0,264,32,enumerated,enumerated,VBD,VB
7594,Canada_2011,0,264,33,in,in,IN,IN
7595,Canada_2011,0,264,34,this,this,DT,DT
7596,Canada_2011,0,264,35,Section,section,NN,NN
7597,Canada_2011,0,265,0,16.Generally,16generally,RB,RB
7598,Canada_2011,0,265,1,all,all,DT,DT
7599,Canada_2011,0,265,2,Matters,matters,NNS,NN
7600,Canada_2011,0,265,3,of,of,IN,IN
7601,Canada_2011,0,265,4,a,a,DT,DT
7602,Canada_2011,0,265,5,merely,merely,RB,RB
7603,Canada_2011,0,265,6,local,local,JJ,JJ
7604,Canada_2011,0,265,7,or,or,CC,CC
7605,Canada_2011,0,265,8,private,private,JJ,JJ
7606,Canada_2011,0,265,9,Nature,nature,NN,NN
7607,Canada_2011,0,265,10,in,in,IN,IN
7608,Canada_2011,0,265,11,the,the,DT,DT
7609,Canada_2011,0,265,12,Province,province,NNP,NN
7610,Canada_2011,0,266,0,Part,part,NN,NN
7611,Canada_2011,0,266,1,3,3,CD,CD
7612,Canada_2011,0,267,0,NON-RENEWABLE,nonrenewable,JJ,JJ
7613,Canada_2011,0,267,1,NATURAL,natural,NNP,NN
7614,Canada_2011,0,267,2,RESOURCES,resources,NNP,NN
7615,Canada_2011,0,267,4,FORESTRY,forestry,NNP,NN
7616,Canada_2011,0,267,5,RESOURCES,resources,NNP,NN
7617,Canada_2011,0,267,6,AND,and,NNP,NN
7618,Canada_2011,0,267,7,ELECTRICAL,electrical,NNP,NN
7619,Canada_2011,0,267,8,ENERGY,energy,NNP,NN
7620,Canada_2011,0,267,9,Share,share,NNP,NN
7621,Canada_2011,0,267,10,92A,92a,CD,CD
7622,Canada_2011,0,268,0,1,1,CD,CD
7623,Canada_2011,0,269,0,Laws,laws,NNP,NN
7624,Canada_2011,0,269,1,respecting,respecting,VBG,VB
7625,Canada_2011,0,269,2,non-renewable,nonrenewable,JJ,JJ
7626,Canada_2011,0,269,3,natural,natural,JJ,JJ
7627,Canada_2011,0,269,4,resources,resources,NNS,NN
7628,Canada_2011,0,269,6,forestry,forestry,NN,NN
7629,Canada_2011,0,269,7,resources,resources,NNS,NN
7630,Canada_2011,0,269,8,and,and,CC,CC
7631,Canada_2011,0,269,9,electrical,electrical,JJ,JJ
7632,Canada_2011,0,269,10,energy,energy,NN,NN
7633,Canada_2011,0,269,11,Share,share,NNP,NN
7634,Canada_2011,0,269,12,In,in,IN,IN
7635,Canada_2011,0,269,13,each,each,DT,DT
7636,Canada_2011,0,269,14,province,province,NN,NN
7637,Canada_2011,0,269,16,the,the,DT,DT
7638,Canada_2011,0,269,17,legislature,legislature,NN,NN
7639,Canada_2011,0,269,18,may,may,MD,MD
7640,Canada_2011,0,269,19,exclusively,exclusively,RB,RB
7641,Canada_2011,0,269,20,make,make,VB,VB
7642,Canada_2011,0,269,21,laws,laws,NNS,NN
7643,Canada_2011,0,269,22,in,in,IN,IN
7644,Canada_2011,0,269,23,relation,relation,NN,NN
7645,Canada_2011,0,269,24,to,to,TO,TO
7646,Canada_2011,0,269,25,a.exploration,aexploration,NN,NN
7647,Canada_2011,0,269,26,for,for,IN,IN
7648,Canada_2011,0,269,27,non-renewable,nonrenewable,JJ,JJ
7649,Canada_2011,0,269,28,natural,natural,JJ,JJ
7650,Canada_2011,0,269,29,resources,resources,NNS,NN
7651,Canada_2011,0,269,30,in,in,IN,IN
7652,Canada_2011,0,269,31,the,the,DT,DT
7653,Canada_2011,0,269,32,province,province,NN,NN
7654,Canada_2011,0,269,34,b.development,bdevelopment,NN,NN
7655,Canada_2011,0,269,36,conservation,conservation,NN,NN
7656,Canada_2011,0,269,37,and,and,CC,CC
7657,Canada_2011,0,269,38,management,management,NN,NN
7658,Canada_2011,0,269,39,of,of,IN,IN
7659,Canada_2011,0,269,40,non-renewable,nonrenewable,JJ,JJ
7660,Canada_2011,0,269,41,natural,natural,JJ,JJ
7661,Canada_2011,0,269,42,resources,resources,NNS,NN
7662,Canada_2011,0,269,43,and,and,CC,CC
7663,Canada_2011,0,269,44,forestry,forestry,NN,NN
7664,Canada_2011,0,269,45,resources,resources,NNS,NN
7665,Canada_2011,0,269,46,in,in,IN,IN
7666,Canada_2011,0,269,47,the,the,DT,DT
7667,Canada_2011,0,269,48,province,province,NN,NN
7668,Canada_2011,0,269,50,including,including,VBG,VB
7669,Canada_2011,0,269,51,laws,laws,NNS,NN
7670,Canada_2011,0,269,52,in,in,IN,IN
7671,Canada_2011,0,269,53,relation,relation,NN,NN
7672,Canada_2011,0,269,54,to,to,TO,TO
7673,Canada_2011,0,269,55,the,the,DT,DT
7674,Canada_2011,0,269,56,rate,rate,NN,NN
7675,Canada_2011,0,269,57,of,of,IN,IN
7676,Canada_2011,0,269,58,primary,primary,JJ,JJ
7677,Canada_2011,0,269,59,production,production,NN,NN
7678,Canada_2011,0,269,60,therefrom,therefrom,NN,NN
7679,Canada_2011,0,269,62,and,and,CC,CC
7680,Canada_2011,0,269,63,c.development,cdevelopment,NN,NN
7681,Canada_2011,0,269,65,conservation,conservation,NN,NN
7682,Canada_2011,0,269,66,and,and,CC,CC
7683,Canada_2011,0,269,67,management,management,NN,NN
7684,Canada_2011,0,269,68,of,of,IN,IN
7685,Canada_2011,0,269,69,sites,sites,NNS,NN
7686,Canada_2011,0,269,70,and,and,CC,CC
7687,Canada_2011,0,269,71,facilities,facilities,NNS,NN
7688,Canada_2011,0,269,72,in,in,IN,IN
7689,Canada_2011,0,269,73,the,the,DT,DT
7690,Canada_2011,0,269,74,province,province,NN,NN
7691,Canada_2011,0,269,75,for,for,IN,IN
7692,Canada_2011,0,269,76,the,the,DT,DT
7693,Canada_2011,0,269,77,generation,generation,NN,NN
7694,Canada_2011,0,269,78,and,and,CC,CC
7695,Canada_2011,0,269,79,production,production,NN,NN
7696,Canada_2011,0,269,80,of,of,IN,IN
7697,Canada_2011,0,269,81,electrical,electrical,JJ,JJ
7698,Canada_2011,0,269,82,energy,energy,NN,NN
7699,Canada_2011,0,270,0,2,2,CD,CD
7700,Canada_2011,0,271,0,Export,export,NN,NN
7701,Canada_2011,0,271,1,from,from,IN,IN
7702,Canada_2011,0,271,2,provinces,provinces,NNS,NN
7703,Canada_2011,0,271,3,of,of,IN,IN
7704,Canada_2011,0,271,4,resources,resources,NNS,NN
7705,Canada_2011,0,271,5,Share,share,NNP,NN
7706,Canada_2011,0,271,6,In,in,IN,IN
7707,Canada_2011,0,271,7,each,each,DT,DT
7708,Canada_2011,0,271,8,province,province,NN,NN
7709,Canada_2011,0,271,10,the,the,DT,DT
7710,Canada_2011,0,271,11,legislature,legislature,NN,NN
7711,Canada_2011,0,271,12,may,may,MD,MD
7712,Canada_2011,0,271,13,make,make,VB,VB
7713,Canada_2011,0,271,14,laws,laws,NNS,NN
7714,Canada_2011,0,271,15,in,in,IN,IN
7715,Canada_2011,0,271,16,relation,relation,NN,NN
7716,Canada_2011,0,271,17,to,to,TO,TO
7717,Canada_2011,0,271,18,the,the,DT,DT
7718,Canada_2011,0,271,19,export,export,NN,NN
7719,Canada_2011,0,271,20,from,from,IN,IN
7720,Canada_2011,0,271,21,the,the,DT,DT
7721,Canada_2011,0,271,22,province,province,NN,NN
7722,Canada_2011,0,271,23,to,to,TO,TO
7723,Canada_2011,0,271,24,another,another,DT,DT
7724,Canada_2011,0,271,25,part,part,NN,NN
7725,Canada_2011,0,271,26,of,of,IN,IN
7726,Canada_2011,0,271,27,Canada,canada,NNP,NN
7727,Canada_2011,0,271,28,of,of,IN,IN
7728,Canada_2011,0,271,29,the,the,DT,DT
7729,Canada_2011,0,271,30,primary,primary,JJ,JJ
7730,Canada_2011,0,271,31,production,production,NN,NN
7731,Canada_2011,0,271,32,from,from,IN,IN
7732,Canada_2011,0,271,33,non-renewable,nonrenewable,JJ,JJ
7733,Canada_2011,0,271,34,natural,natural,JJ,JJ
7734,Canada_2011,0,271,35,resources,resources,NNS,NN
7735,Canada_2011,0,271,36,and,and,CC,CC
7736,Canada_2011,0,271,37,forestry,forestry,NN,NN
7737,Canada_2011,0,271,38,resources,resources,NNS,NN
7738,Canada_2011,0,271,39,in,in,IN,IN
7739,Canada_2011,0,271,40,the,the,DT,DT
7740,Canada_2011,0,271,41,province,province,NN,NN
7741,Canada_2011,0,271,42,and,and,CC,CC
7742,Canada_2011,0,271,43,the,the,DT,DT
7743,Canada_2011,0,271,44,production,production,NN,NN
7744,Canada_2011,0,271,45,from,from,IN,IN
7745,Canada_2011,0,271,46,facilities,facilities,NNS,NN
7746,Canada_2011,0,271,47,in,in,IN,IN
7747,Canada_2011,0,271,48,the,the,DT,DT
7748,Canada_2011,0,271,49,province,province,NN,NN
7749,Canada_2011,0,271,50,for,for,IN,IN
7750,Canada_2011,0,271,51,the,the,DT,DT
7751,Canada_2011,0,271,52,generation,generation,NN,NN
7752,Canada_2011,0,271,53,of,of,IN,IN
7753,Canada_2011,0,271,54,electrical,electrical,JJ,JJ
7754,Canada_2011,0,271,55,energy,energy,NN,NN
7755,Canada_2011,0,271,57,but,but,CC,CC
7756,Canada_2011,0,271,58,such,such,JJ,JJ
7757,Canada_2011,0,271,59,laws,laws,NNS,NN
7758,Canada_2011,0,271,60,may,may,MD,MD
7759,Canada_2011,0,271,61,not,not,RB,RB
7760,Canada_2011,0,271,62,authorize,authorize,VB,VB
7761,Canada_2011,0,271,63,or,or,CC,CC
7762,Canada_2011,0,271,64,provide,provide,VB,VB
7763,Canada_2011,0,271,65,for,for,IN,IN
7764,Canada_2011,0,271,66,discrimination,discrimination,NN,NN
7765,Canada_2011,0,271,67,in,in,IN,IN
7766,Canada_2011,0,271,68,prices,prices,NNS,NN
7767,Canada_2011,0,271,69,or,or,CC,CC
7768,Canada_2011,0,271,70,in,in,IN,IN
7769,Canada_2011,0,271,71,supplies,supplies,NNS,NN
7770,Canada_2011,0,271,72,exported,exported,VBN,VB
7771,Canada_2011,0,271,73,to,to,TO,TO
7772,Canada_2011,0,271,74,another,another,DT,DT
7773,Canada_2011,0,271,75,part,part,NN,NN
7774,Canada_2011,0,271,76,of,of,IN,IN
7775,Canada_2011,0,271,77,Canada,canada,NNP,NN
7776,Canada_2011,0,272,0,3,3,CD,CD
7777,Canada_2011,0,273,0,Authority,authority,NN,NN
7778,Canada_2011,0,273,1,of,of,IN,IN
7779,Canada_2011,0,273,2,Parliament,parliament,NNP,NN
7780,Canada_2011,0,273,3,Share,share,NNP,NN
7781,Canada_2011,0,273,4,Nothing,nothing,NNP,NN
7782,Canada_2011,0,273,5,in,in,IN,IN
7783,Canada_2011,0,273,6,subsection,subsection,NN,NN
7784,Canada_2011,0,273,8,2,2,CD,CD
7785,Canada_2011,0,273,10,derogates,derogates,NNS,NN
7786,Canada_2011,0,273,11,from,from,IN,IN
7787,Canada_2011,0,273,12,the,the,DT,DT
7788,Canada_2011,0,273,13,authority,authority,NN,NN
7789,Canada_2011,0,273,14,of,of,IN,IN
7790,Canada_2011,0,273,15,Parliament,parliament,NNP,NN
7791,Canada_2011,0,273,16,to,to,TO,TO
7792,Canada_2011,0,273,17,enact,enact,VB,VB
7793,Canada_2011,0,273,18,laws,laws,NNS,NN
7794,Canada_2011,0,273,19,in,in,IN,IN
7795,Canada_2011,0,273,20,relation,relation,NN,NN
7796,Canada_2011,0,273,21,to,to,TO,TO
7797,Canada_2011,0,273,22,the,the,DT,DT
7798,Canada_2011,0,273,23,matters,matters,NNS,NN
7799,Canada_2011,0,273,24,referred,referred,VBD,VB
7800,Canada_2011,0,273,25,to,to,TO,TO
7801,Canada_2011,0,273,26,in,in,IN,IN
7802,Canada_2011,0,273,27,that,that,DT,DT
7803,Canada_2011,0,273,28,subsection,subsection,NN,NN
7804,Canada_2011,0,273,29,and,and,CC,CC
7805,Canada_2011,0,273,31,where,where,WRB,WR
7806,Canada_2011,0,273,32,such,such,PDT,PD
7807,Canada_2011,0,273,33,a,a,DT,DT
7808,Canada_2011,0,273,34,law,law,NN,NN
7809,Canada_2011,0,273,35,of,of,IN,IN
7810,Canada_2011,0,273,36,Parliament,parliament,NNP,NN
7811,Canada_2011,0,273,37,and,and,CC,CC
7812,Canada_2011,0,273,38,a,a,DT,DT
7813,Canada_2011,0,273,39,law,law,NN,NN
7814,Canada_2011,0,273,40,of,of,IN,IN
7815,Canada_2011,0,273,41,a,a,DT,DT
7816,Canada_2011,0,273,42,province,province,NN,NN
7817,Canada_2011,0,273,43,conflict,conflict,NN,NN
7818,Canada_2011,0,273,45,the,the,DT,DT
7819,Canada_2011,0,273,46,law,law,NN,NN
7820,Canada_2011,0,273,47,of,of,IN,IN
7821,Canada_2011,0,273,48,Parliament,parliament,NNP,NN
7822,Canada_2011,0,273,49,prevails,prevails,VBZ,VB
7823,Canada_2011,0,273,50,to,to,TO,TO
7824,Canada_2011,0,273,51,the,the,DT,DT
7825,Canada_2011,0,273,52,extent,extent,NN,NN
7826,Canada_2011,0,273,53,of,of,IN,IN
7827,Canada_2011,0,273,54,the,the,DT,DT
7828,Canada_2011,0,273,55,conflict,conflict,NN,NN
7829,Canada_2011,0,274,0,4,4,CD,CD
7830,Canada_2011,0,275,0,Taxation,taxation,NN,NN
7831,Canada_2011,0,275,1,of,of,IN,IN
7832,Canada_2011,0,275,2,resources,resources,NNS,NN
7833,Canada_2011,0,275,3,Share,share,NNP,NN
7834,Canada_2011,0,275,4,In,in,IN,IN
7835,Canada_2011,0,275,5,each,each,DT,DT
7836,Canada_2011,0,275,6,province,province,NN,NN
7837,Canada_2011,0,275,8,the,the,DT,DT
7838,Canada_2011,0,275,9,legislature,legislature,NN,NN
7839,Canada_2011,0,275,10,may,may,MD,MD
7840,Canada_2011,0,275,11,make,make,VB,VB
7841,Canada_2011,0,275,12,laws,laws,NNS,NN
7842,Canada_2011,0,275,13,in,in,IN,IN
7843,Canada_2011,0,275,14,relation,relation,NN,NN
7844,Canada_2011,0,275,15,to,to,TO,TO
7845,Canada_2011,0,275,16,the,the,DT,DT
7846,Canada_2011,0,275,17,raising,raising,NN,NN
7847,Canada_2011,0,275,18,of,of,IN,IN
7848,Canada_2011,0,275,19,money,money,NN,NN
7849,Canada_2011,0,275,20,by,by,IN,IN
7850,Canada_2011,0,275,21,any,any,DT,DT
7851,Canada_2011,0,275,22,mode,mode,NN,NN
7852,Canada_2011,0,275,23,or,or,CC,CC
7853,Canada_2011,0,275,24,system,system,NN,NN
7854,Canada_2011,0,275,25,of,of,IN,IN
7855,Canada_2011,0,275,26,taxation,taxation,NN,NN
7856,Canada_2011,0,275,27,in,in,IN,IN
7857,Canada_2011,0,275,28,respect,respect,NN,NN
7858,Canada_2011,0,275,29,of,of,IN,IN
7859,Canada_2011,0,275,30,a.non-renewable,anonrenewable,JJ,JJ
7860,Canada_2011,0,275,31,natural,natural,JJ,JJ
7861,Canada_2011,0,275,32,resources,resources,NNS,NN
7862,Canada_2011,0,275,33,and,and,CC,CC
7863,Canada_2011,0,275,34,forestry,forestry,NN,NN
7864,Canada_2011,0,275,35,resources,resources,NNS,NN
7865,Canada_2011,0,275,36,in,in,IN,IN
7866,Canada_2011,0,275,37,the,the,DT,DT
7867,Canada_2011,0,275,38,province,province,NN,NN
7868,Canada_2011,0,275,39,and,and,CC,CC
7869,Canada_2011,0,275,40,the,the,DT,DT
7870,Canada_2011,0,275,41,primary,primary,JJ,JJ
7871,Canada_2011,0,275,42,production,production,NN,NN
7872,Canada_2011,0,275,43,therefrom,therefrom,NN,NN
7873,Canada_2011,0,275,45,and,and,CC,CC
7874,Canada_2011,0,275,46,b.sites,bsites,NNS,NN
7875,Canada_2011,0,275,47,and,and,CC,CC
7876,Canada_2011,0,275,48,facilities,facilities,NNS,NN
7877,Canada_2011,0,275,49,in,in,IN,IN
7878,Canada_2011,0,275,50,the,the,DT,DT
7879,Canada_2011,0,275,51,province,province,NN,NN
7880,Canada_2011,0,275,52,for,for,IN,IN
7881,Canada_2011,0,275,53,the,the,DT,DT
7882,Canada_2011,0,275,54,generation,generation,NN,NN
7883,Canada_2011,0,275,55,of,of,IN,IN
7884,Canada_2011,0,275,56,electrical,electrical,JJ,JJ
7885,Canada_2011,0,275,57,energy,energy,NN,NN
7886,Canada_2011,0,275,58,and,and,CC,CC
7887,Canada_2011,0,275,59,the,the,DT,DT
7888,Canada_2011,0,275,60,production,production,NN,NN
7889,Canada_2011,0,275,61,therefrom,therefrom,NN,NN
7890,Canada_2011,0,275,63,whether,whether,IN,IN
7891,Canada_2011,0,275,64,or,or,CC,CC
7892,Canada_2011,0,275,65,not,not,RB,RB
7893,Canada_2011,0,275,66,such,such,JJ,JJ
7894,Canada_2011,0,275,67,production,production,NN,NN
7895,Canada_2011,0,275,68,is,is,VBZ,VB
7896,Canada_2011,0,275,69,exported,exported,VBN,VB
7897,Canada_2011,0,275,70,in,in,IN,IN
7898,Canada_2011,0,275,71,whole,whole,JJ,JJ
7899,Canada_2011,0,275,72,or,or,CC,CC
7900,Canada_2011,0,275,73,in,in,IN,IN
7901,Canada_2011,0,275,74,part,part,NN,NN
7902,Canada_2011,0,275,75,from,from,IN,IN
7903,Canada_2011,0,275,76,the,the,DT,DT
7904,Canada_2011,0,275,77,province,province,NN,NN
7905,Canada_2011,0,275,79,but,but,CC,CC
7906,Canada_2011,0,275,80,such,such,JJ,JJ
7907,Canada_2011,0,275,81,laws,laws,NNS,NN
7908,Canada_2011,0,275,82,may,may,MD,MD
7909,Canada_2011,0,275,83,not,not,RB,RB
7910,Canada_2011,0,275,84,authorize,authorize,VB,VB
7911,Canada_2011,0,275,85,or,or,CC,CC
7912,Canada_2011,0,275,86,provide,provide,VB,VB
7913,Canada_2011,0,275,87,for,for,IN,IN
7914,Canada_2011,0,275,88,taxation,taxation,NN,NN
7915,Canada_2011,0,275,89,that,that,WDT,WD
7916,Canada_2011,0,275,90,differentiates,differentiates,VBZ,VB
7917,Canada_2011,0,275,91,between,between,IN,IN
7918,Canada_2011,0,275,92,production,production,NN,NN
7919,Canada_2011,0,275,93,exported,exported,VBN,VB
7920,Canada_2011,0,275,94,to,to,TO,TO
7921,Canada_2011,0,275,95,another,another,DT,DT
7922,Canada_2011,0,275,96,part,part,NN,NN
7923,Canada_2011,0,275,97,of,of,IN,IN
7924,Canada_2011,0,275,98,Canada,canada,NNP,NN
7925,Canada_2011,0,275,99,and,and,CC,CC
7926,Canada_2011,0,275,100,production,production,NN,NN
7927,Canada_2011,0,275,101,not,not,RB,RB
7928,Canada_2011,0,275,102,exported,exported,VBN,VB
7929,Canada_2011,0,275,103,from,from,IN,IN
7930,Canada_2011,0,275,104,the,the,DT,DT
7931,Canada_2011,0,275,105,province,province,NN,NN
7932,Canada_2011,0,276,0,5,5,CD,CD
7933,Canada_2011,0,277,0,Primary,primary,JJ,JJ
7934,Canada_2011,0,277,1,production,production,NN,NN
7935,Canada_2011,0,277,2,Share,share,NNP,NN
7936,Canada_2011,0,277,3,The,the,DT,DT
7937,Canada_2011,0,277,4,expression,expression,NN,NN
7938,Canada_2011,0,277,6,primary,primary,JJ,JJ
7939,Canada_2011,0,277,7,production,production,NN,NN
7940,Canada_2011,0,277,9,has,has,VBZ,VB
7941,Canada_2011,0,277,10,the,the,DT,DT
7942,Canada_2011,0,277,11,meaning,meaning,NN,NN
7943,Canada_2011,0,277,12,assigned,assigned,VBN,VB
7944,Canada_2011,0,277,13,by,by,IN,IN
7945,Canada_2011,0,277,14,the,the,DT,DT
7946,Canada_2011,0,277,15,Sixth,sixth,NNP,NN
7947,Canada_2011,0,277,16,Schedule,schedule,NNP,NN
7948,Canada_2011,0,278,0,6,6,CD,CD
7949,Canada_2011,0,279,0,Existing,existing,VBG,VB
7950,Canada_2011,0,279,1,powers,powers,NNS,NN
7951,Canada_2011,0,279,2,or,or,CC,CC
7952,Canada_2011,0,279,3,rights,rights,NNS,NN
7953,Canada_2011,0,279,4,Share,share,NNP,NN
7954,Canada_2011,0,279,5,Nothing,nothing,NNP,NN
7955,Canada_2011,0,279,6,in,in,IN,IN
7956,Canada_2011,0,279,7,subsections,subsections,NNS,NN
7957,Canada_2011,0,279,9,1,1,CD,CD
7958,Canada_2011,0,279,11,to,to,TO,TO
7959,Canada_2011,0,279,13,5,5,CD,CD
7960,Canada_2011,0,279,15,derogates,derogates,NNS,NN
7961,Canada_2011,0,279,16,from,from,IN,IN
7962,Canada_2011,0,279,17,any,any,DT,DT
7963,Canada_2011,0,279,18,powers,powers,NNS,NN
7964,Canada_2011,0,279,19,or,or,CC,CC
7965,Canada_2011,0,279,20,rights,rights,NNS,NN
7966,Canada_2011,0,279,21,that,that,IN,IN
7967,Canada_2011,0,279,22,a,a,DT,DT
7968,Canada_2011,0,279,23,legislature,legislature,NN,NN
7969,Canada_2011,0,279,24,or,or,CC,CC
7970,Canada_2011,0,279,25,government,government,NN,NN
7971,Canada_2011,0,279,26,of,of,IN,IN
7972,Canada_2011,0,279,27,a,a,DT,DT
7973,Canada_2011,0,279,28,province,province,NN,NN
7974,Canada_2011,0,279,29,had,had,VBD,VB
7975,Canada_2011,0,279,30,immediately,immediately,RB,RB
7976,Canada_2011,0,279,31,before,before,IN,IN
7977,Canada_2011,0,279,32,the,the,DT,DT
7978,Canada_2011,0,279,33,coming,coming,VBG,VB
7979,Canada_2011,0,279,34,into,into,IN,IN
7980,Canada_2011,0,279,35,force,force,NN,NN
7981,Canada_2011,0,279,36,of,of,IN,IN
7982,Canada_2011,0,279,37,this,this,DT,DT
7983,Canada_2011,0,279,38,section,section,NN,NN
7984,Canada_2011,0,280,0,Part,part,NN,NN
7985,Canada_2011,0,280,1,4,4,CD,CD
7986,Canada_2011,0,281,0,EDUCATION,education,NN,NN
7987,Canada_2011,0,281,1,93,93,CD,CD
7988,Canada_2011,0,282,0,Legislation,legislation,NN,NN
7989,Canada_2011,0,282,1,respecting,respecting,VBG,VB
7990,Canada_2011,0,282,2,Education,education,NNP,NN
7991,Canada_2011,0,282,3,Share,share,NNP,NN
7992,Canada_2011,0,282,4,In,in,IN,IN
7993,Canada_2011,0,282,5,and,and,CC,CC
7994,Canada_2011,0,282,6,for,for,IN,IN
7995,Canada_2011,0,282,7,each,each,DT,DT
7996,Canada_2011,0,282,8,Province,province,NNP,NN
7997,Canada_2011,0,282,9,the,the,DT,DT
7998,Canada_2011,0,282,10,Legislature,legislature,NNP,NN
7999,Canada_2011,0,282,11,may,may,MD,MD
8000,Canada_2011,0,282,12,exclusively,exclusively,RB,RB
8001,Canada_2011,0,282,13,make,make,VB,VB
8002,Canada_2011,0,282,14,Laws,laws,NNP,NN
8003,Canada_2011,0,282,15,in,in,IN,IN
8004,Canada_2011,0,282,16,relation,relation,NN,NN
8005,Canada_2011,0,282,17,to,to,TO,TO
8006,Canada_2011,0,282,18,Education,education,NNP,NN
8007,Canada_2011,0,282,20,subject,subject,JJ,JJ
8008,Canada_2011,0,282,21,and,and,CC,CC
8009,Canada_2011,0,282,22,according,according,VBG,VB
8010,Canada_2011,0,282,23,to,to,TO,TO
8011,Canada_2011,0,282,24,the,the,DT,DT
8012,Canada_2011,0,282,25,following,following,JJ,JJ
8013,Canada_2011,0,282,26,Provisions,provisions,NNS,NN
8014,Canada_2011,0,282,28,1.Nothing,1nothing,CD,CD
8015,Canada_2011,0,282,29,in,in,IN,IN
8016,Canada_2011,0,282,30,any,any,DT,DT
8017,Canada_2011,0,282,31,such,such,JJ,JJ
8018,Canada_2011,0,282,32,Law,law,NNP,NN
8019,Canada_2011,0,282,33,shall,shall,MD,MD
8020,Canada_2011,0,282,34,prejudicially,prejudicially,RB,RB
8021,Canada_2011,0,282,35,affect,affect,VB,VB
8022,Canada_2011,0,282,36,any,any,DT,DT
8023,Canada_2011,0,282,37,Right,right,NNP,NN
8024,Canada_2011,0,282,38,or,or,CC,CC
8025,Canada_2011,0,282,39,Privilege,privilege,NNP,NN
8026,Canada_2011,0,282,40,with,with,IN,IN
8027,Canada_2011,0,282,41,respect,respect,NN,NN
8028,Canada_2011,0,282,42,to,to,TO,TO
8029,Canada_2011,0,282,43,Denominational,denominational,NNP,NN
8030,Canada_2011,0,282,44,Schools,schools,NNP,NN
8031,Canada_2011,0,282,45,which,which,WDT,WD
8032,Canada_2011,0,282,46,any,any,DT,DT
8033,Canada_2011,0,282,47,Class,class,NN,NN
8034,Canada_2011,0,282,48,of,of,IN,IN
8035,Canada_2011,0,282,49,Persons,persons,NNS,NN
8036,Canada_2011,0,282,50,have,have,VBP,VB
8037,Canada_2011,0,282,51,by,by,IN,IN
8038,Canada_2011,0,282,52,Law,law,NNP,NN
8039,Canada_2011,0,282,53,in,in,IN,IN
8040,Canada_2011,0,282,54,the,the,DT,DT
8041,Canada_2011,0,282,55,Province,province,NN,NN
8042,Canada_2011,0,282,56,at,at,IN,IN
8043,Canada_2011,0,282,57,the,the,DT,DT
8044,Canada_2011,0,282,58,Union,union,NNP,NN
8045,Canada_2011,0,282,60,2.All,2all,CD,CD
8046,Canada_2011,0,282,61,the,the,DT,DT
8047,Canada_2011,0,282,62,Powers,powers,NNPS,NN
8048,Canada_2011,0,282,64,Privileges,privileges,NNP,NN
8049,Canada_2011,0,282,66,and,and,CC,CC
8050,Canada_2011,0,282,67,Duties,duties,NNS,NN
8051,Canada_2011,0,282,68,at,at,IN,IN
8052,Canada_2011,0,282,69,the,the,DT,DT
8053,Canada_2011,0,282,70,Union,union,NNP,NN
8054,Canada_2011,0,282,71,by,by,IN,IN
8055,Canada_2011,0,282,72,Law,law,NNP,NN
8056,Canada_2011,0,282,73,conferred,conferred,VBD,VB
8057,Canada_2011,0,282,74,and,and,CC,CC
8058,Canada_2011,0,282,75,imposed,imposed,VBN,VB
8059,Canada_2011,0,282,76,in,in,IN,IN
8060,Canada_2011,0,282,77,Upper,upper,NNP,NN
8061,Canada_2011,0,282,78,Canada,canada,NNP,NN
8062,Canada_2011,0,282,79,on,on,IN,IN
8063,Canada_2011,0,282,80,the,the,DT,DT
8064,Canada_2011,0,282,81,Separate,separate,NNP,NN
8065,Canada_2011,0,282,82,Schools,schools,NNP,NN
8066,Canada_2011,0,282,83,and,and,CC,CC
8067,Canada_2011,0,282,84,School,school,NNP,NN
8068,Canada_2011,0,282,85,Trustees,trustees,NNP,NN
8069,Canada_2011,0,282,86,of,of,IN,IN
8070,Canada_2011,0,282,87,the,the,DT,DT
8071,Canada_2011,0,282,88,Queen,queen,NNP,NN
8072,Canada_2011,0,282,90,s,s,VBD,VB
8073,Canada_2011,0,282,91,Roman,roman,NNP,NN
8074,Canada_2011,0,282,92,Catholic,catholic,NNP,NN
8075,Canada_2011,0,282,93,Subjects,subjects,NNP,NN
8076,Canada_2011,0,282,94,shall,shall,MD,MD
8077,Canada_2011,0,282,95,be,be,VB,VB
8078,Canada_2011,0,282,96,and,and,CC,CC
8079,Canada_2011,0,282,97,the,the,DT,DT
8080,Canada_2011,0,282,98,same,same,JJ,JJ
8081,Canada_2011,0,282,99,are,are,VBP,VB
8082,Canada_2011,0,282,100,hereby,hereby,RB,RB
8083,Canada_2011,0,282,101,extended,extended,VBN,VB
8084,Canada_2011,0,282,102,to,to,TO,TO
8085,Canada_2011,0,282,103,the,the,DT,DT
8086,Canada_2011,0,282,104,Dissentient,dissentient,NNP,NN
8087,Canada_2011,0,282,105,Schools,schools,NNP,NN
8088,Canada_2011,0,282,106,of,of,IN,IN
8089,Canada_2011,0,282,107,the,the,DT,DT
8090,Canada_2011,0,282,108,Queen,queen,NNP,NN
8091,Canada_2011,0,282,110,s,s,NN,NN
8092,Canada_2011,0,282,111,Protestant,protestant,NNP,NN
8093,Canada_2011,0,282,112,and,and,CC,CC
8094,Canada_2011,0,282,113,Roman,roman,NNP,NN
8095,Canada_2011,0,282,114,Catholic,catholic,NNP,NN
8096,Canada_2011,0,282,115,Subjects,subjects,NNP,NN
8097,Canada_2011,0,282,116,in,in,IN,IN
8098,Canada_2011,0,282,117,Quebec,quebec,NNP,NN
8099,Canada_2011,0,282,119,3.Where,3where,CD,CD
8100,Canada_2011,0,282,120,in,in,IN,IN
8101,Canada_2011,0,282,121,any,any,DT,DT
8102,Canada_2011,0,282,122,Province,province,NNP,NN
8103,Canada_2011,0,282,123,a,a,DT,DT
8104,Canada_2011,0,282,124,System,system,NNP,NN
8105,Canada_2011,0,282,125,of,of,IN,IN
8106,Canada_2011,0,282,126,Separate,separate,NNP,NN
8107,Canada_2011,0,282,127,or,or,CC,CC
8108,Canada_2011,0,282,128,Dissentient,dissentient,NNP,NN
8109,Canada_2011,0,282,129,Schools,schools,NNP,NN
8110,Canada_2011,0,282,130,exists,exists,VBZ,VB
8111,Canada_2011,0,282,131,by,by,IN,IN
8112,Canada_2011,0,282,132,Law,law,NNP,NN
8113,Canada_2011,0,282,133,at,at,IN,IN
8114,Canada_2011,0,282,134,the,the,DT,DT
8115,Canada_2011,0,282,135,Union,union,NNP,NN
8116,Canada_2011,0,282,136,or,or,CC,CC
8117,Canada_2011,0,282,137,is,is,VBZ,VB
8118,Canada_2011,0,282,138,thereafter,thereafter,RB,RB
8119,Canada_2011,0,282,139,established,established,VBN,VB
8120,Canada_2011,0,282,140,by,by,IN,IN
8121,Canada_2011,0,282,141,the,the,DT,DT
8122,Canada_2011,0,282,142,Legislature,legislature,NNP,NN
8123,Canada_2011,0,282,143,of,of,IN,IN
8124,Canada_2011,0,282,144,the,the,DT,DT
8125,Canada_2011,0,282,145,Province,province,NNP,NN
8126,Canada_2011,0,282,147,an,an,DT,DT
8127,Canada_2011,0,282,148,Appeal,appeal,NNP,NN
8128,Canada_2011,0,282,149,shall,shall,MD,MD
8129,Canada_2011,0,282,150,lie,lie,VB,VB
8130,Canada_2011,0,282,151,to,to,TO,TO
8131,Canada_2011,0,282,152,the,the,DT,DT
8132,Canada_2011,0,282,153,Governor,governor,NNP,NN
8133,Canada_2011,0,282,154,General,general,NNP,NN
8134,Canada_2011,0,282,155,in,in,IN,IN
8135,Canada_2011,0,282,156,Council,council,NNP,NN
8136,Canada_2011,0,282,157,from,from,IN,IN
8137,Canada_2011,0,282,158,any,any,DT,DT
8138,Canada_2011,0,282,159,Act,act,NNP,NN
8139,Canada_2011,0,282,160,or,or,CC,CC
8140,Canada_2011,0,282,161,Decision,decision,NNP,NN
8141,Canada_2011,0,282,162,of,of,IN,IN
8142,Canada_2011,0,282,163,any,any,DT,DT
8143,Canada_2011,0,282,164,Provincial,provincial,NNP,NN
8144,Canada_2011,0,282,165,Authority,authority,NNP,NN
8145,Canada_2011,0,282,166,affecting,affecting,VBG,VB
8146,Canada_2011,0,282,167,any,any,DT,DT
8147,Canada_2011,0,282,168,Right,right,NNP,NN
8148,Canada_2011,0,282,169,or,or,CC,CC
8149,Canada_2011,0,282,170,Privilege,privilege,NNP,NN
8150,Canada_2011,0,282,171,of,of,IN,IN
8151,Canada_2011,0,282,172,the,the,DT,DT
8152,Canada_2011,0,282,173,Protestant,protestant,NNP,NN
8153,Canada_2011,0,282,174,or,or,CC,CC
8154,Canada_2011,0,282,175,Roman,roman,NNP,NN
8155,Canada_2011,0,282,176,Catholic,catholic,NNP,NN
8156,Canada_2011,0,282,177,Minority,minority,NNP,NN
8157,Canada_2011,0,282,178,of,of,IN,IN
8158,Canada_2011,0,282,179,the,the,DT,DT
8159,Canada_2011,0,282,180,Queen,queen,NNP,NN
8160,Canada_2011,0,282,182,s,s,JJ,JJ
8161,Canada_2011,0,282,183,Subjects,subjects,NNS,NN
8162,Canada_2011,0,282,184,in,in,IN,IN
8163,Canada_2011,0,282,185,relation,relation,NN,NN
8164,Canada_2011,0,282,186,to,to,TO,TO
8165,Canada_2011,0,282,187,Education,education,NNP,NN
8166,Canada_2011,0,282,189,4.In,4in,CD,CD
8167,Canada_2011,0,282,190,case,case,NN,NN
8168,Canada_2011,0,282,191,any,any,DT,DT
8169,Canada_2011,0,282,192,such,such,JJ,JJ
8170,Canada_2011,0,282,193,Provincial,provincial,JJ,JJ
8171,Canada_2011,0,282,194,Law,law,NNP,NN
8172,Canada_2011,0,282,195,as,as,IN,IN
8173,Canada_2011,0,282,196,from,from,IN,IN
8174,Canada_2011,0,282,197,Time,time,NNP,NN
8175,Canada_2011,0,282,198,to,to,TO,TO
8176,Canada_2011,0,282,199,Time,time,VB,VB
8177,Canada_2011,0,282,200,seems,seems,VBZ,VB
8178,Canada_2011,0,282,201,to,to,TO,TO
8179,Canada_2011,0,282,202,the,the,DT,DT
8180,Canada_2011,0,282,203,Governor,governor,NNP,NN
8181,Canada_2011,0,282,204,General,general,NNP,NN
8182,Canada_2011,0,282,205,in,in,IN,IN
8183,Canada_2011,0,282,206,Council,council,NNP,NN
8184,Canada_2011,0,282,207,requisite,requisite,NN,NN
8185,Canada_2011,0,282,208,for,for,IN,IN
8186,Canada_2011,0,282,209,the,the,DT,DT
8187,Canada_2011,0,282,210,due,due,JJ,JJ
8188,Canada_2011,0,282,211,Execution,execution,NN,NN
8189,Canada_2011,0,282,212,of,of,IN,IN
8190,Canada_2011,0,282,213,the,the,DT,DT
8191,Canada_2011,0,282,214,Provisions,provisions,NNP,NN
8192,Canada_2011,0,282,215,of,of,IN,IN
8193,Canada_2011,0,282,216,this,this,DT,DT
8194,Canada_2011,0,282,217,Section,section,NN,NN
8195,Canada_2011,0,282,218,is,is,VBZ,VB
8196,Canada_2011,0,282,219,not,not,RB,RB
8197,Canada_2011,0,282,220,made,made,VBN,VB
8198,Canada_2011,0,282,222,or,or,CC,CC
8199,Canada_2011,0,282,223,in,in,IN,IN
8200,Canada_2011,0,282,224,case,case,NN,NN
8201,Canada_2011,0,282,225,any,any,DT,DT
8202,Canada_2011,0,282,226,Decision,decision,NNP,NN
8203,Canada_2011,0,282,227,of,of,IN,IN
8204,Canada_2011,0,282,228,the,the,DT,DT
8205,Canada_2011,0,282,229,Governor,governor,NNP,NN
8206,Canada_2011,0,282,230,General,general,NNP,NN
8207,Canada_2011,0,282,231,in,in,IN,IN
8208,Canada_2011,0,282,232,Council,council,NNP,NN
8209,Canada_2011,0,282,233,on,on,IN,IN
8210,Canada_2011,0,282,234,any,any,DT,DT
8211,Canada_2011,0,282,235,Appeal,appeal,NNP,NN
8212,Canada_2011,0,282,236,under,under,IN,IN
8213,Canada_2011,0,282,237,this,this,DT,DT
8214,Canada_2011,0,282,238,Section,section,NN,NN
8215,Canada_2011,0,282,239,is,is,VBZ,VB
8216,Canada_2011,0,282,240,not,not,RB,RB
8217,Canada_2011,0,282,241,duly,duly,RB,RB
8218,Canada_2011,0,282,242,executed,executed,VBN,VB
8219,Canada_2011,0,282,243,by,by,IN,IN
8220,Canada_2011,0,282,244,the,the,DT,DT
8221,Canada_2011,0,282,245,proper,proper,JJ,JJ
8222,Canada_2011,0,282,246,Provincial,provincial,NNP,NN
8223,Canada_2011,0,282,247,Authority,authority,NNP,NN
8224,Canada_2011,0,282,248,in,in,IN,IN
8225,Canada_2011,0,282,249,that,that,DT,DT
8226,Canada_2011,0,282,250,Behalf,behalf,NNP,NN
8227,Canada_2011,0,282,252,then,then,RB,RB
8228,Canada_2011,0,282,253,and,and,CC,CC
8229,Canada_2011,0,282,254,in,in,IN,IN
8230,Canada_2011,0,282,255,every,every,DT,DT
8231,Canada_2011,0,282,256,such,such,JJ,JJ
8232,Canada_2011,0,282,257,Case,case,NNP,NN
8233,Canada_2011,0,282,259,and,and,CC,CC
8234,Canada_2011,0,282,260,as,as,IN,IN
8235,Canada_2011,0,282,261,far,far,RB,RB
8236,Canada_2011,0,282,262,only,only,RB,RB
8237,Canada_2011,0,282,263,as,as,IN,IN
8238,Canada_2011,0,282,264,the,the,DT,DT
8239,Canada_2011,0,282,265,Circumstances,circumstances,NNPS,NN
8240,Canada_2011,0,282,266,of,of,IN,IN
8241,Canada_2011,0,282,267,each,each,DT,DT
8242,Canada_2011,0,282,268,Case,case,NNP,NN
8243,Canada_2011,0,282,269,require,require,NN,NN
8244,Canada_2011,0,282,271,the,the,DT,DT
8245,Canada_2011,0,282,272,Parliament,parliament,NNP,NN
8246,Canada_2011,0,282,273,of,of,IN,IN
8247,Canada_2011,0,282,274,Canada,canada,NNP,NN
8248,Canada_2011,0,282,275,may,may,MD,MD
8249,Canada_2011,0,282,276,make,make,VB,VB
8250,Canada_2011,0,282,277,remedial,remedial,JJ,JJ
8251,Canada_2011,0,282,278,Laws,laws,NNP,NN
8252,Canada_2011,0,282,279,for,for,IN,IN
8253,Canada_2011,0,282,280,the,the,DT,DT
8254,Canada_2011,0,282,281,due,due,JJ,JJ
8255,Canada_2011,0,282,282,Execution,execution,NN,NN
8256,Canada_2011,0,282,283,of,of,IN,IN
8257,Canada_2011,0,282,284,the,the,DT,DT
8258,Canada_2011,0,282,285,Provisions,provisions,NNP,NN
8259,Canada_2011,0,282,286,of,of,IN,IN
8260,Canada_2011,0,282,287,this,this,DT,DT
8261,Canada_2011,0,282,288,Section,section,NN,NN
8262,Canada_2011,0,282,289,and,and,CC,CC
8263,Canada_2011,0,282,290,of,of,IN,IN
8264,Canada_2011,0,282,291,any,any,DT,DT
8265,Canada_2011,0,282,292,Decision,decision,NNP,NN
8266,Canada_2011,0,282,293,of,of,IN,IN
8267,Canada_2011,0,282,294,the,the,DT,DT
8268,Canada_2011,0,282,295,Governor,governor,NNP,NN
8269,Canada_2011,0,282,296,General,general,NNP,NN
8270,Canada_2011,0,282,297,in,in,IN,IN
8271,Canada_2011,0,282,298,Council,council,NNP,NN
8272,Canada_2011,0,282,299,under,under,IN,IN
8273,Canada_2011,0,282,300,this,this,DT,DT
8274,Canada_2011,0,282,301,Section,section,NN,NN
8275,Canada_2011,0,283,0,93A,93a,CD,CD
8276,Canada_2011,0,284,0,Quebec,quebec,NNP,NN
8277,Canada_2011,0,284,1,Share,share,NNP,NN
8278,Canada_2011,0,284,2,Paragraphs,paragraphs,NNP,NN
8279,Canada_2011,0,284,4,1,1,CD,CD
8280,Canada_2011,0,284,6,to,to,TO,TO
8281,Canada_2011,0,284,8,4,4,CD,CD
8282,Canada_2011,0,284,10,of,of,IN,IN
8283,Canada_2011,0,284,11,section,section,NN,NN
8284,Canada_2011,0,284,12,93,93,CD,CD
8285,Canada_2011,0,284,13,do,do,VBP,VB
8286,Canada_2011,0,284,14,not,not,RB,RB
8287,Canada_2011,0,284,15,apply,apply,VB,VB
8288,Canada_2011,0,284,16,to,to,TO,TO
8289,Canada_2011,0,284,17,Quebec,quebec,NNP,NN
8290,Canada_2011,0,285,0,Part,part,NN,NN
8291,Canada_2011,0,285,1,5,5,CD,CD
8292,Canada_2011,0,286,0,UNIFORMITY,uniformity,NN,NN
8293,Canada_2011,0,286,1,OF,of,NNP,NN
8294,Canada_2011,0,286,2,LAWS,laws,NNP,NN
8295,Canada_2011,0,286,3,IN,in,NNP,NN
8296,Canada_2011,0,286,4,ONTARIO,ontario,NNP,NN
8297,Canada_2011,0,286,6,NOVA,nova,NNP,NN
8298,Canada_2011,0,286,7,SCOTIA,scotia,NNP,NN
8299,Canada_2011,0,286,9,AND,and,NNP,NN
8300,Canada_2011,0,286,10,NEW,new,NNP,NN
8301,Canada_2011,0,286,11,BRUNSWICK,brunswick,NNP,NN
8302,Canada_2011,0,286,12,94,94,CD,CD
8303,Canada_2011,0,287,0,Legislation,legislation,NN,NN
8304,Canada_2011,0,287,1,for,for,IN,IN
8305,Canada_2011,0,287,2,Uniformity,uniformity,NNP,NN
8306,Canada_2011,0,287,3,of,of,IN,IN
8307,Canada_2011,0,287,4,Laws,laws,NNP,NN
8308,Canada_2011,0,287,5,in,in,IN,IN
8309,Canada_2011,0,287,6,Three,three,NNP,NN
8310,Canada_2011,0,287,7,Provinces,provinces,NNP,NN
8311,Canada_2011,0,287,8,Share,share,NNP,NN
8312,Canada_2011,0,287,9,Notwithstanding,notwithstanding,NNP,NN
8313,Canada_2011,0,287,10,anything,anything,NN,NN
8314,Canada_2011,0,287,11,in,in,IN,IN
8315,Canada_2011,0,287,12,this,this,DT,DT
8316,Canada_2011,0,287,13,Act,act,NNP,NN
8317,Canada_2011,0,287,15,the,the,DT,DT
8318,Canada_2011,0,287,16,Parliament,parliament,NNP,NN
8319,Canada_2011,0,287,17,of,of,IN,IN
8320,Canada_2011,0,287,18,Canada,canada,NNP,NN
8321,Canada_2011,0,287,19,may,may,MD,MD
8322,Canada_2011,0,287,20,make,make,VB,VB
8323,Canada_2011,0,287,21,Provision,provision,NN,NN
8324,Canada_2011,0,287,22,for,for,IN,IN
8325,Canada_2011,0,287,23,the,the,DT,DT
8326,Canada_2011,0,287,24,Uniformity,uniformity,NNP,NN
8327,Canada_2011,0,287,25,of,of,IN,IN
8328,Canada_2011,0,287,26,all,all,DT,DT
8329,Canada_2011,0,287,27,or,or,CC,CC
8330,Canada_2011,0,287,28,any,any,DT,DT
8331,Canada_2011,0,287,29,of,of,IN,IN
8332,Canada_2011,0,287,30,the,the,DT,DT
8333,Canada_2011,0,287,31,Laws,laws,NNP,NN
8334,Canada_2011,0,287,32,relative,relative,JJ,JJ
8335,Canada_2011,0,287,33,to,to,TO,TO
8336,Canada_2011,0,287,34,Property,property,NNP,NN
8337,Canada_2011,0,287,35,and,and,CC,CC
8338,Canada_2011,0,287,36,Civil,civil,NNP,NN
8339,Canada_2011,0,287,37,Rights,rights,NNP,NN
8340,Canada_2011,0,287,38,in,in,IN,IN
8341,Canada_2011,0,287,39,Ontario,ontario,NNP,NN
8342,Canada_2011,0,287,41,Nova,nova,NNP,NN
8343,Canada_2011,0,287,42,Scotia,scotia,NNP,NN
8344,Canada_2011,0,287,44,and,and,CC,CC
8345,Canada_2011,0,287,45,New,new,NNP,NN
8346,Canada_2011,0,287,46,Brunswick,brunswick,NNP,NN
8347,Canada_2011,0,287,48,and,and,CC,CC
8348,Canada_2011,0,287,49,of,of,IN,IN
8349,Canada_2011,0,287,50,the,the,DT,DT
8350,Canada_2011,0,287,51,Procedure,procedure,NNP,NN
8351,Canada_2011,0,287,52,of,of,IN,IN
8352,Canada_2011,0,287,53,all,all,DT,DT
8353,Canada_2011,0,287,54,or,or,CC,CC
8354,Canada_2011,0,287,55,any,any,DT,DT
8355,Canada_2011,0,287,56,of,of,IN,IN
8356,Canada_2011,0,287,57,the,the,DT,DT
8357,Canada_2011,0,287,58,Courts,courts,NNS,NN
8358,Canada_2011,0,287,59,in,in,IN,IN
8359,Canada_2011,0,287,60,those,those,DT,DT
8360,Canada_2011,0,287,61,Three,three,NNP,NN
8361,Canada_2011,0,287,62,Provinces,provinces,NNPS,NN
8362,Canada_2011,0,287,64,and,and,CC,CC
8363,Canada_2011,0,287,65,from,from,IN,IN
8364,Canada_2011,0,287,66,and,and,CC,CC
8365,Canada_2011,0,287,67,after,after,IN,IN
8366,Canada_2011,0,287,68,the,the,DT,DT
8367,Canada_2011,0,287,69,passing,passing,NN,NN
8368,Canada_2011,0,287,70,of,of,IN,IN
8369,Canada_2011,0,287,71,any,any,DT,DT
8370,Canada_2011,0,287,72,Act,act,NNP,NN
8371,Canada_2011,0,287,73,in,in,IN,IN
8372,Canada_2011,0,287,74,that,that,DT,DT
8373,Canada_2011,0,287,75,Behalf,behalf,NNP,NN
8374,Canada_2011,0,287,76,the,the,DT,DT
8375,Canada_2011,0,287,77,Power,power,NNP,NN
8376,Canada_2011,0,287,78,of,of,IN,IN
8377,Canada_2011,0,287,79,the,the,DT,DT
8378,Canada_2011,0,287,80,Parliament,parliament,NNP,NN
8379,Canada_2011,0,287,81,of,of,IN,IN
8380,Canada_2011,0,287,82,Canada,canada,NNP,NN
8381,Canada_2011,0,287,83,to,to,TO,TO
8382,Canada_2011,0,287,84,make,make,VB,VB
8383,Canada_2011,0,287,85,Laws,laws,NNP,NN
8384,Canada_2011,0,287,86,in,in,IN,IN
8385,Canada_2011,0,287,87,relation,relation,NN,NN
8386,Canada_2011,0,287,88,to,to,TO,TO
8387,Canada_2011,0,287,89,any,any,DT,DT
8388,Canada_2011,0,287,90,Matter,matter,NNP,NN
8389,Canada_2011,0,287,91,comprised,comprised,VBN,VB
8390,Canada_2011,0,287,92,in,in,IN,IN
8391,Canada_2011,0,287,93,any,any,DT,DT
8392,Canada_2011,0,287,94,such,such,JJ,JJ
8393,Canada_2011,0,287,95,Act,act,NNP,NN
8394,Canada_2011,0,287,96,shall,shall,MD,MD
8395,Canada_2011,0,287,98,notwithstanding,notwithstanding,VBG,VB
8396,Canada_2011,0,287,99,anything,anything,NN,NN
8397,Canada_2011,0,287,100,in,in,IN,IN
8398,Canada_2011,0,287,101,this,this,DT,DT
8399,Canada_2011,0,287,102,Act,act,NNP,NN
8400,Canada_2011,0,287,104,be,be,VB,VB
8401,Canada_2011,0,287,105,unrestricted,unrestricted,VBN,VB
8402,Canada_2011,0,287,107,but,but,CC,CC
8403,Canada_2011,0,287,108,any,any,DT,DT
8404,Canada_2011,0,287,109,Act,act,NNP,NN
8405,Canada_2011,0,287,110,of,of,IN,IN
8406,Canada_2011,0,287,111,the,the,DT,DT
8407,Canada_2011,0,287,112,Parliament,parliament,NNP,NN
8408,Canada_2011,0,287,113,of,of,IN,IN
8409,Canada_2011,0,287,114,Canada,canada,NNP,NN
8410,Canada_2011,0,287,115,making,making,VBG,VB
8411,Canada_2011,0,287,116,Provision,provision,NNP,NN
8412,Canada_2011,0,287,117,for,for,IN,IN
8413,Canada_2011,0,287,118,such,such,JJ,JJ
8414,Canada_2011,0,287,119,Uniformity,uniformity,NNP,NN
8415,Canada_2011,0,287,120,shall,shall,MD,MD
8416,Canada_2011,0,287,121,not,not,RB,RB
8417,Canada_2011,0,287,122,have,have,VB,VB
8418,Canada_2011,0,287,123,effect,effect,NN,NN
8419,Canada_2011,0,287,124,in,in,IN,IN
8420,Canada_2011,0,287,125,any,any,DT,DT
8421,Canada_2011,0,287,126,Province,province,NNP,NN
8422,Canada_2011,0,287,127,unless,unless,IN,IN
8423,Canada_2011,0,287,128,and,and,CC,CC
8424,Canada_2011,0,287,129,until,until,IN,IN
8425,Canada_2011,0,287,130,it,it,PRP,PR
8426,Canada_2011,0,287,131,is,is,VBZ,VB
8427,Canada_2011,0,287,132,adopted,adopted,VBN,VB
8428,Canada_2011,0,287,133,and,and,CC,CC
8429,Canada_2011,0,287,134,enacted,enacted,VBN,VB
8430,Canada_2011,0,287,135,as,as,IN,IN
8431,Canada_2011,0,287,136,Law,law,NN,NN
8432,Canada_2011,0,287,137,by,by,IN,IN
8433,Canada_2011,0,287,138,the,the,DT,DT
8434,Canada_2011,0,287,139,Legislature,legislature,NNP,NN
8435,Canada_2011,0,287,140,thereof,thereof,NN,NN
8436,Canada_2011,0,288,0,Part,part,NN,NN
8437,Canada_2011,0,288,1,6,6,CD,CD
8438,Canada_2011,0,289,0,OLD,old,NNP,NN
8439,Canada_2011,0,289,1,AGE,age,NNP,NN
8440,Canada_2011,0,289,2,PENSIONS,pensions,NNP,NN
8441,Canada_2011,0,289,3,94A,94a,CD,CD
8442,Canada_2011,0,290,0,Legislation,legislation,NN,NN
8443,Canada_2011,0,290,1,respecting,respecting,VBG,VB
8444,Canada_2011,0,290,2,old,old,JJ,JJ
8445,Canada_2011,0,290,3,age,age,NN,NN
8446,Canada_2011,0,290,4,pensions,pensions,NNS,NN
8447,Canada_2011,0,290,5,and,and,CC,CC
8448,Canada_2011,0,290,6,supplementary,supplementary,JJ,JJ
8449,Canada_2011,0,290,7,benefits,benefits,NNS,NN
8450,Canada_2011,0,290,8,Share,share,VBP,VB
8451,Canada_2011,0,290,9,The,the,DT,DT
8452,Canada_2011,0,290,10,Parliament,parliament,NNP,NN
8453,Canada_2011,0,290,11,of,of,IN,IN
8454,Canada_2011,0,290,12,Canada,canada,NNP,NN
8455,Canada_2011,0,290,13,may,may,MD,MD
8456,Canada_2011,0,290,14,make,make,VB,VB
8457,Canada_2011,0,290,15,laws,laws,NNS,NN
8458,Canada_2011,0,290,16,in,in,IN,IN
8459,Canada_2011,0,290,17,relation,relation,NN,NN
8460,Canada_2011,0,290,18,to,to,TO,TO
8461,Canada_2011,0,290,19,old,old,JJ,JJ
8462,Canada_2011,0,290,20,age,age,NN,NN
8463,Canada_2011,0,290,21,pensions,pensions,NNS,NN
8464,Canada_2011,0,290,22,and,and,CC,CC
8465,Canada_2011,0,290,23,supplementary,supplementary,JJ,JJ
8466,Canada_2011,0,290,24,benefits,benefits,NNS,NN
8467,Canada_2011,0,290,26,including,including,VBG,VB
8468,Canada_2011,0,290,27,survivors,survivors,NNS,NN
8469,Canada_2011,0,290,29,and,and,CC,CC
8470,Canada_2011,0,290,30,disability,disability,NN,NN
8471,Canada_2011,0,290,31,benefits,benefits,NNS,NN
8472,Canada_2011,0,290,32,irrespective,irrespective,NN,NN
8473,Canada_2011,0,290,33,of,of,IN,IN
8474,Canada_2011,0,290,34,age,age,NN,NN
8475,Canada_2011,0,290,36,but,but,CC,CC
8476,Canada_2011,0,290,37,no,no,DT,DT
8477,Canada_2011,0,290,38,such,such,JJ,JJ
8478,Canada_2011,0,290,39,law,law,NN,NN
8479,Canada_2011,0,290,40,shall,shall,MD,MD
8480,Canada_2011,0,290,41,affect,affect,VB,VB
8481,Canada_2011,0,290,42,the,the,DT,DT
8482,Canada_2011,0,290,43,operation,operation,NN,NN
8483,Canada_2011,0,290,44,of,of,IN,IN
8484,Canada_2011,0,290,45,any,any,DT,DT
8485,Canada_2011,0,290,46,law,law,NN,NN
8486,Canada_2011,0,290,47,present,present,NN,NN
8487,Canada_2011,0,290,48,or,or,CC,CC
8488,Canada_2011,0,290,49,future,future,NN,NN
8489,Canada_2011,0,290,50,of,of,IN,IN
8490,Canada_2011,0,290,51,a,a,DT,DT
8491,Canada_2011,0,290,52,provincial,provincial,JJ,JJ
8492,Canada_2011,0,290,53,legislature,legislature,NN,NN
8493,Canada_2011,0,290,54,in,in,IN,IN
8494,Canada_2011,0,290,55,relation,relation,NN,NN
8495,Canada_2011,0,290,56,to,to,TO,TO
8496,Canada_2011,0,290,57,any,any,DT,DT
8497,Canada_2011,0,290,58,such,such,JJ,JJ
8498,Canada_2011,0,290,59,matter,matter,NN,NN
8499,Canada_2011,0,291,0,Part,part,NN,NN
8500,Canada_2011,0,291,1,7,7,CD,CD
8501,Canada_2011,0,292,0,AGRICULTURE,agriculture,NNP,NN
8502,Canada_2011,0,292,1,AND,and,NNP,NN
8503,Canada_2011,0,292,2,IMMIGRATION,immigration,NNP,NN
8504,Canada_2011,0,292,3,95,95,CD,CD
8505,Canada_2011,0,293,0,Concurrent,concurrent,JJ,JJ
8506,Canada_2011,0,293,1,Powers,powers,NNS,NN
8507,Canada_2011,0,293,2,of,of,IN,IN
8508,Canada_2011,0,293,3,Legislation,legislation,NNP,NN
8509,Canada_2011,0,293,4,respecting,respecting,VBG,VB
8510,Canada_2011,0,293,5,Agriculture,agriculture,NNP,NN
8511,Canada_2011,0,293,7,etc,etc,FW,FW
8512,Canada_2011,0,293,8,Share,share,NNP,NN
8513,Canada_2011,0,293,9,In,in,IN,IN
8514,Canada_2011,0,293,10,each,each,DT,DT
8515,Canada_2011,0,293,11,Province,province,NNP,NN
8516,Canada_2011,0,293,12,the,the,DT,DT
8517,Canada_2011,0,293,13,Legislature,legislature,NNP,NN
8518,Canada_2011,0,293,14,may,may,MD,MD
8519,Canada_2011,0,293,15,make,make,VB,VB
8520,Canada_2011,0,293,16,Laws,laws,NNP,NN
8521,Canada_2011,0,293,17,in,in,IN,IN
8522,Canada_2011,0,293,18,relation,relation,NN,NN
8523,Canada_2011,0,293,19,to,to,TO,TO
8524,Canada_2011,0,293,20,Agriculture,agriculture,NNP,NN
8525,Canada_2011,0,293,21,in,in,IN,IN
8526,Canada_2011,0,293,22,the,the,DT,DT
8527,Canada_2011,0,293,23,Province,province,NNP,NN
8528,Canada_2011,0,293,25,and,and,CC,CC
8529,Canada_2011,0,293,26,to,to,TO,TO
8530,Canada_2011,0,293,27,Immigration,immigration,NNP,NN
8531,Canada_2011,0,293,28,into,into,IN,IN
8532,Canada_2011,0,293,29,the,the,DT,DT
8533,Canada_2011,0,293,30,Province,province,NNP,NN
8534,Canada_2011,0,293,32,and,and,CC,CC
8535,Canada_2011,0,293,33,it,it,PRP,PR
8536,Canada_2011,0,293,34,is,is,VBZ,VB
8537,Canada_2011,0,293,35,hereby,hereby,RB,RB
8538,Canada_2011,0,293,36,declared,declared,VBN,VB
8539,Canada_2011,0,293,37,that,that,IN,IN
8540,Canada_2011,0,293,38,the,the,DT,DT
8541,Canada_2011,0,293,39,Parliament,parliament,NNP,NN
8542,Canada_2011,0,293,40,of,of,IN,IN
8543,Canada_2011,0,293,41,Canada,canada,NNP,NN
8544,Canada_2011,0,293,42,may,may,MD,MD
8545,Canada_2011,0,293,43,from,from,IN,IN
8546,Canada_2011,0,293,44,Time,time,NNP,NN
8547,Canada_2011,0,293,45,to,to,TO,TO
8548,Canada_2011,0,293,46,Time,time,NNP,NN
8549,Canada_2011,0,293,47,make,make,VB,VB
8550,Canada_2011,0,293,48,Laws,laws,NNP,NN
8551,Canada_2011,0,293,49,in,in,IN,IN
8552,Canada_2011,0,293,50,relation,relation,NN,NN
8553,Canada_2011,0,293,51,to,to,TO,TO
8554,Canada_2011,0,293,52,Agriculture,agriculture,NNP,NN
8555,Canada_2011,0,293,53,in,in,IN,IN
8556,Canada_2011,0,293,54,all,all,DT,DT
8557,Canada_2011,0,293,55,or,or,CC,CC
8558,Canada_2011,0,293,56,any,any,DT,DT
8559,Canada_2011,0,293,57,of,of,IN,IN
8560,Canada_2011,0,293,58,the,the,DT,DT
8561,Canada_2011,0,293,59,Provinces,provinces,NNPS,NN
8562,Canada_2011,0,293,61,and,and,CC,CC
8563,Canada_2011,0,293,62,to,to,TO,TO
8564,Canada_2011,0,293,63,Immigration,immigration,NNP,NN
8565,Canada_2011,0,293,64,into,into,IN,IN
8566,Canada_2011,0,293,65,all,all,DT,DT
8567,Canada_2011,0,293,66,or,or,CC,CC
8568,Canada_2011,0,293,67,any,any,DT,DT
8569,Canada_2011,0,293,68,of,of,IN,IN
8570,Canada_2011,0,293,69,the,the,DT,DT
8571,Canada_2011,0,293,70,Provinces,provinces,NNPS,NN
8572,Canada_2011,0,293,72,and,and,CC,CC
8573,Canada_2011,0,293,73,any,any,DT,DT
8574,Canada_2011,0,293,74,Law,law,NNP,NN
8575,Canada_2011,0,293,75,of,of,IN,IN
8576,Canada_2011,0,293,76,the,the,DT,DT
8577,Canada_2011,0,293,77,Legislature,legislature,NNP,NN
8578,Canada_2011,0,293,78,of,of,IN,IN
8579,Canada_2011,0,293,79,a,a,DT,DT
8580,Canada_2011,0,293,80,Province,province,NNP,NN
8581,Canada_2011,0,293,81,relative,relative,NN,NN
8582,Canada_2011,0,293,82,to,to,TO,TO
8583,Canada_2011,0,293,83,Agriculture,agriculture,NNP,NN
8584,Canada_2011,0,293,84,or,or,CC,CC
8585,Canada_2011,0,293,85,to,to,TO,TO
8586,Canada_2011,0,293,86,Immigration,immigration,NNP,NN
8587,Canada_2011,0,293,87,shall,shall,MD,MD
8588,Canada_2011,0,293,88,have,have,VB,VB
8589,Canada_2011,0,293,89,effect,effect,NN,NN
8590,Canada_2011,0,293,90,in,in,IN,IN
8591,Canada_2011,0,293,91,and,and,CC,CC
8592,Canada_2011,0,293,92,for,for,IN,IN
8593,Canada_2011,0,293,93,the,the,DT,DT
8594,Canada_2011,0,293,94,Province,province,NNP,NN
8595,Canada_2011,0,293,95,as,as,IN,IN
8596,Canada_2011,0,293,96,long,long,RB,RB
8597,Canada_2011,0,293,97,and,and,CC,CC
8598,Canada_2011,0,293,98,as,as,IN,IN
8599,Canada_2011,0,293,99,far,far,RB,RB
8600,Canada_2011,0,293,100,only,only,RB,RB
8601,Canada_2011,0,293,101,as,as,IN,IN
8602,Canada_2011,0,293,102,it,it,PRP,PR
8603,Canada_2011,0,293,103,is,is,VBZ,VB
8604,Canada_2011,0,293,104,not,not,RB,RB
8605,Canada_2011,0,293,105,repugnant,repugnant,JJ,JJ
8606,Canada_2011,0,293,106,to,to,TO,TO
8607,Canada_2011,0,293,107,any,any,DT,DT
8608,Canada_2011,0,293,108,Act,act,NNP,NN
8609,Canada_2011,0,293,109,of,of,IN,IN
8610,Canada_2011,0,293,110,the,the,DT,DT
8611,Canada_2011,0,293,111,Parliament,parliament,NNP,NN
8612,Canada_2011,0,293,112,of,of,IN,IN
8613,Canada_2011,0,293,113,Canada,canada,NNP,NN
8614,Canada_2011,0,294,0,VII,vii,NNP,NN
8615,Canada_2011,0,295,0,JUDICATURE,judicature,RB,RB
8616,Canada_2011,0,295,1,96,96,CD,CD
8617,Canada_2011,0,296,0,Appointment,appointment,NN,NN
8618,Canada_2011,0,296,1,of,of,IN,IN
8619,Canada_2011,0,296,2,Judges,judges,NNP,NN
8620,Canada_2011,0,296,3,Share,share,NNP,NN
8621,Canada_2011,0,296,4,The,the,DT,DT
8622,Canada_2011,0,296,5,Governor,governor,NNP,NN
8623,Canada_2011,0,296,6,General,general,NNP,NN
8624,Canada_2011,0,296,7,shall,shall,MD,MD
8625,Canada_2011,0,296,8,appoint,appoint,VB,VB
8626,Canada_2011,0,296,9,the,the,DT,DT
8627,Canada_2011,0,296,10,Judges,judges,NNP,NN
8628,Canada_2011,0,296,11,of,of,IN,IN
8629,Canada_2011,0,296,12,the,the,DT,DT
8630,Canada_2011,0,296,13,Superior,superior,NNP,NN
8631,Canada_2011,0,296,15,District,district,NNP,NN
8632,Canada_2011,0,296,17,and,and,CC,CC
8633,Canada_2011,0,296,18,County,county,NNP,NN
8634,Canada_2011,0,296,19,Courts,courts,NNP,NN
8635,Canada_2011,0,296,20,in,in,IN,IN
8636,Canada_2011,0,296,21,each,each,DT,DT
8637,Canada_2011,0,296,22,Province,province,NNP,NN
8638,Canada_2011,0,296,24,except,except,IN,IN
8639,Canada_2011,0,296,25,those,those,DT,DT
8640,Canada_2011,0,296,26,of,of,IN,IN
8641,Canada_2011,0,296,27,the,the,DT,DT
8642,Canada_2011,0,296,28,Courts,courts,NNS,NN
8643,Canada_2011,0,296,29,of,of,IN,IN
8644,Canada_2011,0,296,30,Probate,probate,NNP,NN
8645,Canada_2011,0,296,31,in,in,IN,IN
8646,Canada_2011,0,296,32,Nova,nova,NNP,NN
8647,Canada_2011,0,296,33,Scotia,scotia,NNP,NN
8648,Canada_2011,0,296,34,and,and,CC,CC
8649,Canada_2011,0,296,35,New,new,NNP,NN
8650,Canada_2011,0,296,36,Brunswick,brunswick,NNP,NN
8651,Canada_2011,0,297,0,97,97,CD,CD
8652,Canada_2011,0,298,0,Selection,selection,NN,NN
8653,Canada_2011,0,298,1,of,of,IN,IN
8654,Canada_2011,0,298,2,Judges,judges,NNP,NN
8655,Canada_2011,0,298,3,in,in,IN,IN
8656,Canada_2011,0,298,4,Ontario,ontario,NNP,NN
8657,Canada_2011,0,298,6,etc,etc,FW,FW
8658,Canada_2011,0,298,7,Share,share,NNP,NN
8659,Canada_2011,0,298,8,Until,until,IN,IN
8660,Canada_2011,0,298,9,the,the,DT,DT
8661,Canada_2011,0,298,10,Laws,laws,NNP,NN
8662,Canada_2011,0,298,11,relative,relative,JJ,JJ
8663,Canada_2011,0,298,12,to,to,TO,TO
8664,Canada_2011,0,298,13,Property,property,NNP,NN
8665,Canada_2011,0,298,14,and,and,CC,CC
8666,Canada_2011,0,298,15,Civil,civil,NNP,NN
8667,Canada_2011,0,298,16,Rights,rights,NNP,NN
8668,Canada_2011,0,298,17,in,in,IN,IN
8669,Canada_2011,0,298,18,Ontario,ontario,NNP,NN
8670,Canada_2011,0,298,20,Nova,nova,NNP,NN
8671,Canada_2011,0,298,21,Scotia,scotia,NNP,NN
8672,Canada_2011,0,298,23,and,and,CC,CC
8673,Canada_2011,0,298,24,New,new,NNP,NN
8674,Canada_2011,0,298,25,Brunswick,brunswick,NNP,NN
8675,Canada_2011,0,298,27,and,and,CC,CC
8676,Canada_2011,0,298,28,the,the,DT,DT
8677,Canada_2011,0,298,29,Procedure,procedure,NN,NN
8678,Canada_2011,0,298,30,of,of,IN,IN
8679,Canada_2011,0,298,31,the,the,DT,DT
8680,Canada_2011,0,298,32,Courts,courts,NNS,NN
8681,Canada_2011,0,298,33,in,in,IN,IN
8682,Canada_2011,0,298,34,those,those,DT,DT
8683,Canada_2011,0,298,35,Provinces,provinces,NNS,NN
8684,Canada_2011,0,298,37,are,are,VBP,VB
8685,Canada_2011,0,298,38,made,made,VBN,VB
8686,Canada_2011,0,298,39,uniform,uniform,JJ,JJ
8687,Canada_2011,0,298,41,the,the,DT,DT
8688,Canada_2011,0,298,42,Judges,judges,NNP,NN
8689,Canada_2011,0,298,43,of,of,IN,IN
8690,Canada_2011,0,298,44,the,the,DT,DT
8691,Canada_2011,0,298,45,Courts,courts,NNS,NN
8692,Canada_2011,0,298,46,of,of,IN,IN
8693,Canada_2011,0,298,47,those,those,DT,DT
8694,Canada_2011,0,298,48,Provinces,provinces,NNS,NN
8695,Canada_2011,0,298,49,appointed,appointed,VBN,VB
8696,Canada_2011,0,298,50,by,by,IN,IN
8697,Canada_2011,0,298,51,the,the,DT,DT
8698,Canada_2011,0,298,52,Governor,governor,NNP,NN
8699,Canada_2011,0,298,53,General,general,NNP,NN
8700,Canada_2011,0,298,54,shall,shall,MD,MD
8701,Canada_2011,0,298,55,be,be,VB,VB
8702,Canada_2011,0,298,56,selected,selected,VBN,VB
8703,Canada_2011,0,298,57,from,from,IN,IN
8704,Canada_2011,0,298,58,the,the,DT,DT
8705,Canada_2011,0,298,59,respective,respective,JJ,JJ
8706,Canada_2011,0,298,60,Bars,bars,NNP,NN
8707,Canada_2011,0,298,61,of,of,IN,IN
8708,Canada_2011,0,298,62,those,those,DT,DT
8709,Canada_2011,0,298,63,Provinces,provinces,NNS,NN
8710,Canada_2011,0,299,0,98,98,CD,CD
8711,Canada_2011,0,300,0,Selection,selection,NN,NN
8712,Canada_2011,0,300,1,of,of,IN,IN
8713,Canada_2011,0,300,2,Judges,judges,NNP,NN
8714,Canada_2011,0,300,3,in,in,IN,IN
8715,Canada_2011,0,300,4,Quebec,quebec,NNP,NN
8716,Canada_2011,0,300,5,Share,share,NNP,NN
8717,Canada_2011,0,300,6,The,the,DT,DT
8718,Canada_2011,0,300,7,Judges,judges,NNP,NN
8719,Canada_2011,0,300,8,of,of,IN,IN
8720,Canada_2011,0,300,9,the,the,DT,DT
8721,Canada_2011,0,300,10,Courts,courts,NNS,NN
8722,Canada_2011,0,300,11,of,of,IN,IN
8723,Canada_2011,0,300,12,Quebec,quebec,NNP,NN
8724,Canada_2011,0,300,13,shall,shall,MD,MD
8725,Canada_2011,0,300,14,be,be,VB,VB
8726,Canada_2011,0,300,15,selected,selected,VBN,VB
8727,Canada_2011,0,300,16,from,from,IN,IN
8728,Canada_2011,0,300,17,the,the,DT,DT
8729,Canada_2011,0,300,18,Bar,bar,NNP,NN
8730,Canada_2011,0,300,19,of,of,IN,IN
8731,Canada_2011,0,300,20,that,that,DT,DT
8732,Canada_2011,0,300,21,Province,province,NNP,NN
8733,Canada_2011,0,301,0,99,99,CD,CD
8734,Canada_2011,0,302,0,1,1,CD,CD
8735,Canada_2011,0,303,0,Tenure,tenure,NN,NN
8736,Canada_2011,0,303,1,of,of,IN,IN
8737,Canada_2011,0,303,2,office,office,NN,NN
8738,Canada_2011,0,303,3,of,of,IN,IN
8739,Canada_2011,0,303,4,Judges,judges,NNP,NN
8740,Canada_2011,0,303,5,Share,share,NNP,NN
8741,Canada_2011,0,303,6,Subject,subject,NNP,NN
8742,Canada_2011,0,303,7,to,to,TO,TO
8743,Canada_2011,0,303,8,subsection,subsection,NN,NN
8744,Canada_2011,0,303,10,2,2,CD,CD
8745,Canada_2011,0,303,12,of,of,IN,IN
8746,Canada_2011,0,303,13,this,this,DT,DT
8747,Canada_2011,0,303,14,section,section,NN,NN
8748,Canada_2011,0,303,16,the,the,DT,DT
8749,Canada_2011,0,303,17,judges,judges,NNS,NN
8750,Canada_2011,0,303,18,of,of,IN,IN
8751,Canada_2011,0,303,19,the,the,DT,DT
8752,Canada_2011,0,303,20,superior,superior,JJ,JJ
8753,Canada_2011,0,303,21,courts,courts,NNS,NN
8754,Canada_2011,0,303,22,shall,shall,MD,MD
8755,Canada_2011,0,303,23,hold,hold,VB,VB
8756,Canada_2011,0,303,24,office,office,NN,NN
8757,Canada_2011,0,303,25,during,during,IN,IN
8758,Canada_2011,0,303,26,good,good,JJ,JJ
8759,Canada_2011,0,303,27,behaviour,behaviour,NN,NN
8760,Canada_2011,0,303,29,but,but,CC,CC
8761,Canada_2011,0,303,30,shall,shall,MD,MD
8762,Canada_2011,0,303,31,be,be,VB,VB
8763,Canada_2011,0,303,32,removable,removable,JJ,JJ
8764,Canada_2011,0,303,33,by,by,IN,IN
8765,Canada_2011,0,303,34,the,the,DT,DT
8766,Canada_2011,0,303,35,Governor,governor,NNP,NN
8767,Canada_2011,0,303,36,General,general,NNP,NN
8768,Canada_2011,0,303,37,on,on,IN,IN
8769,Canada_2011,0,303,38,address,address,NN,NN
8770,Canada_2011,0,303,39,of,of,IN,IN
8771,Canada_2011,0,303,40,the,the,DT,DT
8772,Canada_2011,0,303,41,Senate,senate,NNP,NN
8773,Canada_2011,0,303,42,and,and,CC,CC
8774,Canada_2011,0,303,43,House,house,NNP,NN
8775,Canada_2011,0,303,44,of,of,IN,IN
8776,Canada_2011,0,303,45,Commons,commons,NNPS,NN
8777,Canada_2011,0,304,0,2,2,CD,CD
8778,Canada_2011,0,305,0,Termination,termination,NN,NN
8779,Canada_2011,0,305,1,at,at,IN,IN
8780,Canada_2011,0,305,2,age,age,NN,NN
8781,Canada_2011,0,305,3,75,75,CD,CD
8782,Canada_2011,0,305,4,Share,share,NN,NN
8783,Canada_2011,0,305,5,A,a,NNP,NN
8784,Canada_2011,0,305,6,judge,judge,NN,NN
8785,Canada_2011,0,305,7,of,of,IN,IN
8786,Canada_2011,0,305,8,a,a,DT,DT
8787,Canada_2011,0,305,9,superior,superior,JJ,JJ
8788,Canada_2011,0,305,10,court,court,NN,NN
8789,Canada_2011,0,305,12,whether,whether,IN,IN
8790,Canada_2011,0,305,13,appointed,appointed,VBN,VB
8791,Canada_2011,0,305,14,before,before,IN,IN
8792,Canada_2011,0,305,15,or,or,CC,CC
8793,Canada_2011,0,305,16,after,after,IN,IN
8794,Canada_2011,0,305,17,the,the,DT,DT
8795,Canada_2011,0,305,18,coming,coming,VBG,VB
8796,Canada_2011,0,305,19,into,into,IN,IN
8797,Canada_2011,0,305,20,force,force,NN,NN
8798,Canada_2011,0,305,21,of,of,IN,IN
8799,Canada_2011,0,305,22,this,this,DT,DT
8800,Canada_2011,0,305,23,section,section,NN,NN
8801,Canada_2011,0,305,25,shall,shall,MD,MD
8802,Canada_2011,0,305,26,cease,cease,VB,VB
8803,Canada_2011,0,305,27,to,to,TO,TO
8804,Canada_2011,0,305,28,hold,hold,VB,VB
8805,Canada_2011,0,305,29,office,office,NN,NN
8806,Canada_2011,0,305,30,upon,upon,IN,IN
8807,Canada_2011,0,305,31,attaining,attaining,VBG,VB
8808,Canada_2011,0,305,32,the,the,DT,DT
8809,Canada_2011,0,305,33,age,age,NN,NN
8810,Canada_2011,0,305,34,of,of,IN,IN
8811,Canada_2011,0,305,35,seventy-,seventy,JJ,JJ
8812,Canada_2011,0,305,36,five,five,CD,CD
8813,Canada_2011,0,305,37,years,years,NNS,NN
8814,Canada_2011,0,305,39,or,or,CC,CC
8815,Canada_2011,0,305,40,upon,upon,IN,IN
8816,Canada_2011,0,305,41,the,the,DT,DT
8817,Canada_2011,0,305,42,coming,coming,VBG,VB
8818,Canada_2011,0,305,43,into,into,IN,IN
8819,Canada_2011,0,305,44,force,force,NN,NN
8820,Canada_2011,0,305,45,of,of,IN,IN
8821,Canada_2011,0,305,46,this,this,DT,DT
8822,Canada_2011,0,305,47,section,section,NN,NN
8823,Canada_2011,0,305,48,if,if,IN,IN
8824,Canada_2011,0,305,49,at,at,IN,IN
8825,Canada_2011,0,305,50,that,that,DT,DT
8826,Canada_2011,0,305,51,time,time,NN,NN
8827,Canada_2011,0,305,52,he,he,PRP,PR
8828,Canada_2011,0,305,53,has,has,VBZ,VB
8829,Canada_2011,0,305,54,already,already,RB,RB
8830,Canada_2011,0,305,55,attained,attained,VBN,VB
8831,Canada_2011,0,305,56,that,that,IN,IN
8832,Canada_2011,0,305,57,age,age,NN,NN
8833,Canada_2011,0,306,0,100,100,CD,CD
8834,Canada_2011,0,307,0,Salaries,salaries,NNS,NN
8835,Canada_2011,0,307,2,etc.,etc,FW,FW
8836,Canada_2011,0,307,4,of,of,IN,IN
8837,Canada_2011,0,307,5,Judges,judges,NNP,NN
8838,Canada_2011,0,307,6,Share,share,NNP,NN
8839,Canada_2011,0,307,7,The,the,DT,DT
8840,Canada_2011,0,307,8,Salaries,salaries,NNP,NN
8841,Canada_2011,0,307,10,Allowances,allowances,NNP,NN
8842,Canada_2011,0,307,12,and,and,CC,CC
8843,Canada_2011,0,307,13,Pensions,pensions,NNS,NN
8844,Canada_2011,0,307,14,of,of,IN,IN
8845,Canada_2011,0,307,15,the,the,DT,DT
8846,Canada_2011,0,307,16,Judges,judges,NNP,NN
8847,Canada_2011,0,307,17,of,of,IN,IN
8848,Canada_2011,0,307,18,the,the,DT,DT
8849,Canada_2011,0,307,19,Superior,superior,NNP,NN
8850,Canada_2011,0,307,21,District,district,NNP,NN
8851,Canada_2011,0,307,23,and,and,CC,CC
8852,Canada_2011,0,307,24,County,county,NNP,NN
8853,Canada_2011,0,307,25,Courts,courts,NNP,NN
8854,Canada_2011,0,307,27,except,except,IN,IN
8855,Canada_2011,0,307,28,the,the,DT,DT
8856,Canada_2011,0,307,29,Courts,courts,NNS,NN
8857,Canada_2011,0,307,30,of,of,IN,IN
8858,Canada_2011,0,307,31,Probate,probate,NNP,NN
8859,Canada_2011,0,307,32,in,in,IN,IN
8860,Canada_2011,0,307,33,Nova,nova,NNP,NN
8861,Canada_2011,0,307,34,Scotia,scotia,NNP,NN
8862,Canada_2011,0,307,35,and,and,CC,CC
8863,Canada_2011,0,307,36,New,new,NNP,NN
8864,Canada_2011,0,307,37,Brunswick,brunswick,NNP,NN
8865,Canada_2011,0,307,40,and,and,CC,CC
8866,Canada_2011,0,307,41,of,of,IN,IN
8867,Canada_2011,0,307,42,the,the,DT,DT
8868,Canada_2011,0,307,43,Admiralty,admiralty,NNP,NN
8869,Canada_2011,0,307,44,Courts,courts,NNS,NN
8870,Canada_2011,0,307,45,in,in,IN,IN
8871,Canada_2011,0,307,46,Cases,cases,NNP,NN
8872,Canada_2011,0,307,47,where,where,WRB,WR
8873,Canada_2011,0,307,48,the,the,DT,DT
8874,Canada_2011,0,307,49,Judges,judges,NNP,NN
8875,Canada_2011,0,307,50,thereof,thereof,NN,NN
8876,Canada_2011,0,307,51,are,are,VBP,VB
8877,Canada_2011,0,307,52,for,for,IN,IN
8878,Canada_2011,0,307,53,the,the,DT,DT
8879,Canada_2011,0,307,54,Time,time,NNP,NN
8880,Canada_2011,0,307,55,being,being,VBG,VB
8881,Canada_2011,0,307,56,paid,paid,VBN,VB
8882,Canada_2011,0,307,57,by,by,IN,IN
8883,Canada_2011,0,307,58,Salary,salary,NNP,NN
8884,Canada_2011,0,307,60,shall,shall,MD,MD
8885,Canada_2011,0,307,61,be,be,VB,VB
8886,Canada_2011,0,307,62,fixed,fixed,VBN,VB
8887,Canada_2011,0,307,63,and,and,CC,CC
8888,Canada_2011,0,307,64,provided,provided,VBN,VB
8889,Canada_2011,0,307,65,by,by,IN,IN
8890,Canada_2011,0,307,66,the,the,DT,DT
8891,Canada_2011,0,307,67,Parliament,parliament,NNP,NN
8892,Canada_2011,0,307,68,of,of,IN,IN
8893,Canada_2011,0,307,69,Canada,canada,NNP,NN
8894,Canada_2011,0,308,0,101,101,CD,CD
8895,Canada_2011,0,309,0,General,general,NNP,NN
8896,Canada_2011,0,309,1,Court,court,NNP,NN
8897,Canada_2011,0,309,2,of,of,IN,IN
8898,Canada_2011,0,309,3,Appeal,appeal,NNP,NN
8899,Canada_2011,0,309,5,etc,etc,FW,FW
8900,Canada_2011,0,309,6,Share,share,NNP,NN
8901,Canada_2011,0,309,7,The,the,DT,DT
8902,Canada_2011,0,309,8,Parliament,parliament,NNP,NN
8903,Canada_2011,0,309,9,of,of,IN,IN
8904,Canada_2011,0,309,10,Canada,canada,NNP,NN
8905,Canada_2011,0,309,11,may,may,MD,MD
8906,Canada_2011,0,309,13,notwithstanding,notwithstanding,VBG,VB
8907,Canada_2011,0,309,14,anything,anything,NN,NN
8908,Canada_2011,0,309,15,in,in,IN,IN
8909,Canada_2011,0,309,16,this,this,DT,DT
8910,Canada_2011,0,309,17,Act,act,NNP,NN
8911,Canada_2011,0,309,19,from,from,IN,IN
8912,Canada_2011,0,309,20,Time,time,NNP,NN
8913,Canada_2011,0,309,21,to,to,TO,TO
8914,Canada_2011,0,309,22,Time,time,NNP,NN
8915,Canada_2011,0,309,23,provide,provide,VB,VB
8916,Canada_2011,0,309,24,for,for,IN,IN
8917,Canada_2011,0,309,25,the,the,DT,DT
8918,Canada_2011,0,309,26,Constitution,constitution,NNP,NN
8919,Canada_2011,0,309,28,Maintenance,maintenance,NNP,NN
8920,Canada_2011,0,309,30,and,and,CC,CC
8921,Canada_2011,0,309,31,Organization,organization,NNP,NN
8922,Canada_2011,0,309,32,of,of,IN,IN
8923,Canada_2011,0,309,33,a,a,DT,DT
8924,Canada_2011,0,309,34,General,general,NNP,NN
8925,Canada_2011,0,309,35,Court,court,NNP,NN
8926,Canada_2011,0,309,36,of,of,IN,IN
8927,Canada_2011,0,309,37,Appeal,appeal,NNP,NN
8928,Canada_2011,0,309,38,for,for,IN,IN
8929,Canada_2011,0,309,39,Canada,canada,NNP,NN
8930,Canada_2011,0,309,41,and,and,CC,CC
8931,Canada_2011,0,309,42,for,for,IN,IN
8932,Canada_2011,0,309,43,the,the,DT,DT
8933,Canada_2011,0,309,44,Establishment,establishment,NNP,NN
8934,Canada_2011,0,309,45,of,of,IN,IN
8935,Canada_2011,0,309,46,any,any,DT,DT
8936,Canada_2011,0,309,47,additional,additional,JJ,JJ
8937,Canada_2011,0,309,48,Courts,courts,NNS,NN
8938,Canada_2011,0,309,49,for,for,IN,IN
8939,Canada_2011,0,309,50,the,the,DT,DT
8940,Canada_2011,0,309,51,better,better,JJR,JJ
8941,Canada_2011,0,309,52,Administration,administration,NNP,NN
8942,Canada_2011,0,309,53,of,of,IN,IN
8943,Canada_2011,0,309,54,the,the,DT,DT
8944,Canada_2011,0,309,55,Laws,laws,NNP,NN
8945,Canada_2011,0,309,56,of,of,IN,IN
8946,Canada_2011,0,309,57,Canada,canada,NNP,NN
8947,Canada_2011,0,310,0,VIII,viii,NNP,NN
8948,Canada_2011,0,311,0,REVENUES,revenues,NNP,NN
8949,Canada_2011,0,311,2,DEBTS,debts,NNP,NN
8950,Canada_2011,0,311,4,ASSETS,assets,NNP,NN
8951,Canada_2011,0,311,6,TAXATION,taxation,NNP,NN
8952,Canada_2011,0,311,7,102,102,CD,CD
8953,Canada_2011,0,312,0,Creation,creation,NN,NN
8954,Canada_2011,0,312,1,of,of,IN,IN
8955,Canada_2011,0,312,2,Consolidated,consolidated,NNP,NN
8956,Canada_2011,0,312,3,Revenue,revenue,NNP,NN
8957,Canada_2011,0,312,4,Fund,fund,NNP,NN
8958,Canada_2011,0,312,5,Share,share,NNP,NN
8959,Canada_2011,0,312,6,All,all,NNP,NN
8960,Canada_2011,0,312,7,Duties,duties,NNP,NN
8961,Canada_2011,0,312,8,and,and,CC,CC
8962,Canada_2011,0,312,9,Revenues,revenues,NNP,NN
8963,Canada_2011,0,312,10,over,over,IN,IN
8964,Canada_2011,0,312,11,which,which,WDT,WD
8965,Canada_2011,0,312,12,the,the,DT,DT
8966,Canada_2011,0,312,13,respective,respective,NN,NN
8967,Canada_2011,0,312,14,Legislatures,legislatures,NNP,NN
8968,Canada_2011,0,312,15,of,of,IN,IN
8969,Canada_2011,0,312,16,Canada,canada,NNP,NN
8970,Canada_2011,0,312,18,Nova,nova,NNP,NN
8971,Canada_2011,0,312,19,Scotia,scotia,NNP,NN
8972,Canada_2011,0,312,21,and,and,CC,CC
8973,Canada_2011,0,312,22,New,new,NNP,NN
8974,Canada_2011,0,312,23,Brunswick,brunswick,NNP,NN
8975,Canada_2011,0,312,24,before,before,IN,IN
8976,Canada_2011,0,312,25,and,and,CC,CC
8977,Canada_2011,0,312,26,at,at,IN,IN
8978,Canada_2011,0,312,27,the,the,DT,DT
8979,Canada_2011,0,312,28,Union,union,NNP,NN
8980,Canada_2011,0,312,29,had,had,VBD,VB
8981,Canada_2011,0,312,30,and,and,CC,CC
8982,Canada_2011,0,312,31,have,have,VBP,VB
8983,Canada_2011,0,312,32,Power,power,NNP,NN
8984,Canada_2011,0,312,33,of,of,IN,IN
8985,Canada_2011,0,312,34,Appropriation,appropriation,NNP,NN
8986,Canada_2011,0,312,36,except,except,IN,IN
8987,Canada_2011,0,312,37,such,such,JJ,JJ
8988,Canada_2011,0,312,38,Portions,portions,NNS,NN
8989,Canada_2011,0,312,39,thereof,thereof,VBP,VB
8990,Canada_2011,0,312,40,as,as,IN,IN
8991,Canada_2011,0,312,41,are,are,VBP,VB
8992,Canada_2011,0,312,42,by,by,IN,IN
8993,Canada_2011,0,312,43,this,this,DT,DT
8994,Canada_2011,0,312,44,Act,act,NNP,NN
8995,Canada_2011,0,312,45,reserved,reserved,VBD,VB
8996,Canada_2011,0,312,46,to,to,TO,TO
8997,Canada_2011,0,312,47,the,the,DT,DT
8998,Canada_2011,0,312,48,respective,respective,JJ,JJ
8999,Canada_2011,0,312,49,Legislatures,legislatures,NNS,NN
9000,Canada_2011,0,312,50,of,of,IN,IN
9001,Canada_2011,0,312,51,the,the,DT,DT
9002,Canada_2011,0,312,52,Provinces,provinces,NNPS,NN
9003,Canada_2011,0,312,54,or,or,CC,CC
9004,Canada_2011,0,312,55,are,are,VBP,VB
9005,Canada_2011,0,312,56,raised,raised,VBN,VB
9006,Canada_2011,0,312,57,by,by,IN,IN
9007,Canada_2011,0,312,58,them,them,PRP,PR
9008,Canada_2011,0,312,59,in,in,IN,IN
9009,Canada_2011,0,312,60,accordance,accordance,NN,NN
9010,Canada_2011,0,312,61,with,with,IN,IN
9011,Canada_2011,0,312,62,the,the,DT,DT
9012,Canada_2011,0,312,63,special,special,JJ,JJ
9013,Canada_2011,0,312,64,Powers,powers,NNS,NN
9014,Canada_2011,0,312,65,conferred,conferred,VBN,VB
9015,Canada_2011,0,312,66,on,on,IN,IN
9016,Canada_2011,0,312,67,them,them,PRP,PR
9017,Canada_2011,0,312,68,by,by,IN,IN
9018,Canada_2011,0,312,69,this,this,DT,DT
9019,Canada_2011,0,312,70,Act,act,NNP,NN
9020,Canada_2011,0,312,72,shall,shall,MD,MD
9021,Canada_2011,0,312,73,form,form,VB,VB
9022,Canada_2011,0,312,74,One,one,CD,CD
9023,Canada_2011,0,312,75,Consolidated,consolidated,NNP,NN
9024,Canada_2011,0,312,76,Revenue,revenue,NNP,NN
9025,Canada_2011,0,312,77,Fund,fund,NNP,NN
9026,Canada_2011,0,312,79,to,to,TO,TO
9027,Canada_2011,0,312,80,be,be,VB,VB
9028,Canada_2011,0,312,81,appropriated,appropriated,VBN,VB
9029,Canada_2011,0,312,82,for,for,IN,IN
9030,Canada_2011,0,312,83,the,the,DT,DT
9031,Canada_2011,0,312,84,Public,public,NNP,NN
9032,Canada_2011,0,312,85,Service,service,NNP,NN
9033,Canada_2011,0,312,86,of,of,IN,IN
9034,Canada_2011,0,312,87,Canada,canada,NNP,NN
9035,Canada_2011,0,312,88,in,in,IN,IN
9036,Canada_2011,0,312,89,the,the,DT,DT
9037,Canada_2011,0,312,90,Manner,manner,NNP,NN
9038,Canada_2011,0,312,91,and,and,CC,CC
9039,Canada_2011,0,312,92,subject,subject,JJ,JJ
9040,Canada_2011,0,312,93,to,to,TO,TO
9041,Canada_2011,0,312,94,the,the,DT,DT
9042,Canada_2011,0,312,95,Charges,charges,NNS,NN
9043,Canada_2011,0,312,96,in,in,IN,IN
9044,Canada_2011,0,312,97,this,this,DT,DT
9045,Canada_2011,0,312,98,Act,act,NNP,NN
9046,Canada_2011,0,312,99,provided,provided,VBD,VB
9047,Canada_2011,0,313,0,103,103,CD,CD
9048,Canada_2011,0,314,0,Expenses,expenses,NNS,NN
9049,Canada_2011,0,314,1,of,of,IN,IN
9050,Canada_2011,0,314,2,Collection,collection,NNP,NN
9051,Canada_2011,0,314,4,etc,etc,FW,FW
9052,Canada_2011,0,314,5,Share,share,NNP,NN
9053,Canada_2011,0,314,6,The,the,DT,DT
9054,Canada_2011,0,314,7,Consolidated,consolidated,NNP,NN
9055,Canada_2011,0,314,8,Revenue,revenue,NNP,NN
9056,Canada_2011,0,314,9,Fund,fund,NNP,NN
9057,Canada_2011,0,314,10,of,of,IN,IN
9058,Canada_2011,0,314,11,Canada,canada,NNP,NN
9059,Canada_2011,0,314,12,shall,shall,MD,MD
9060,Canada_2011,0,314,13,be,be,VB,VB
9061,Canada_2011,0,314,14,permanently,permanently,RB,RB
9062,Canada_2011,0,314,15,charged,charged,VBN,VB
9063,Canada_2011,0,314,16,with,with,IN,IN
9064,Canada_2011,0,314,17,the,the,DT,DT
9065,Canada_2011,0,314,18,Costs,costs,NNS,NN
9066,Canada_2011,0,314,20,Charges,charges,NNP,NN
9067,Canada_2011,0,314,22,and,and,CC,CC
9068,Canada_2011,0,314,23,Expenses,expenses,NNP,NN
9069,Canada_2011,0,314,24,incident,incident,NN,NN
9070,Canada_2011,0,314,25,to,to,TO,TO
9071,Canada_2011,0,314,26,the,the,DT,DT
9072,Canada_2011,0,314,27,Collection,collection,NNP,NN
9073,Canada_2011,0,314,29,Management,management,NNP,NN
9074,Canada_2011,0,314,31,and,and,CC,CC
9075,Canada_2011,0,314,32,Receipt,receipt,NNP,NN
9076,Canada_2011,0,314,33,thereof,thereof,NN,NN
9077,Canada_2011,0,314,35,and,and,CC,CC
9078,Canada_2011,0,314,36,the,the,DT,DT
9079,Canada_2011,0,314,37,same,same,JJ,JJ
9080,Canada_2011,0,314,38,shall,shall,MD,MD
9081,Canada_2011,0,314,39,form,form,VB,VB
9082,Canada_2011,0,314,40,the,the,DT,DT
9083,Canada_2011,0,314,41,First,first,NNP,NN
9084,Canada_2011,0,314,42,Charge,charge,NNP,NN
9085,Canada_2011,0,314,43,thereon,thereon,NN,NN
9086,Canada_2011,0,314,45,subject,subject,JJ,JJ
9087,Canada_2011,0,314,46,to,to,TO,TO
9088,Canada_2011,0,314,47,be,be,VB,VB
9089,Canada_2011,0,314,48,reviewed,reviewed,VBN,VB
9090,Canada_2011,0,314,49,and,and,CC,CC
9091,Canada_2011,0,314,50,audited,audited,VBN,VB
9092,Canada_2011,0,314,51,in,in,IN,IN
9093,Canada_2011,0,314,52,such,such,JJ,JJ
9094,Canada_2011,0,314,53,Manner,manner,NNP,NN
9095,Canada_2011,0,314,54,as,as,IN,IN
9096,Canada_2011,0,314,55,shall,shall,MD,MD
9097,Canada_2011,0,314,56,be,be,VB,VB
9098,Canada_2011,0,314,57,ordered,ordered,VBN,VB
9099,Canada_2011,0,314,58,by,by,IN,IN
9100,Canada_2011,0,314,59,the,the,DT,DT
9101,Canada_2011,0,314,60,Governor,governor,NNP,NN
9102,Canada_2011,0,314,61,General,general,NNP,NN
9103,Canada_2011,0,314,62,in,in,IN,IN
9104,Canada_2011,0,314,63,Council,council,NNP,NN
9105,Canada_2011,0,314,64,until,until,IN,IN
9106,Canada_2011,0,314,65,the,the,DT,DT
9107,Canada_2011,0,314,66,Parliament,parliament,NNP,NN
9108,Canada_2011,0,314,67,otherwise,otherwise,RB,RB
9109,Canada_2011,0,314,68,provides,provides,VBZ,VB
9110,Canada_2011,0,315,0,104,104,CD,CD
9111,Canada_2011,0,316,0,Interest,interest,NN,NN
9112,Canada_2011,0,316,1,of,of,IN,IN
9113,Canada_2011,0,316,2,Provincial,provincial,NNP,NN
9114,Canada_2011,0,316,3,Public,public,NNP,NN
9115,Canada_2011,0,316,4,Debts,debts,NNP,NN
9116,Canada_2011,0,316,5,Share,share,NNP,NN
9117,Canada_2011,0,316,6,The,the,DT,DT
9118,Canada_2011,0,316,7,annual,annual,JJ,JJ
9119,Canada_2011,0,316,8,Interest,interest,NN,NN
9120,Canada_2011,0,316,9,of,of,IN,IN
9121,Canada_2011,0,316,10,the,the,DT,DT
9122,Canada_2011,0,316,11,Public,public,NNP,NN
9123,Canada_2011,0,316,12,Debts,debts,NNP,NN
9124,Canada_2011,0,316,13,of,of,IN,IN
9125,Canada_2011,0,316,14,the,the,DT,DT
9126,Canada_2011,0,316,15,several,several,JJ,JJ
9127,Canada_2011,0,316,16,Provinces,provinces,NNS,NN
9128,Canada_2011,0,316,17,of,of,IN,IN
9129,Canada_2011,0,316,18,Canada,canada,NNP,NN
9130,Canada_2011,0,316,20,Nova,nova,NNP,NN
9131,Canada_2011,0,316,21,Scotia,scotia,NNP,NN
9132,Canada_2011,0,316,23,and,and,CC,CC
9133,Canada_2011,0,316,24,New,new,NNP,NN
9134,Canada_2011,0,316,25,Brunswick,brunswick,NNP,NN
9135,Canada_2011,0,316,26,at,at,IN,IN
9136,Canada_2011,0,316,27,the,the,DT,DT
9137,Canada_2011,0,316,28,Union,union,NNP,NN
9138,Canada_2011,0,316,29,shall,shall,MD,MD
9139,Canada_2011,0,316,30,form,form,VB,VB
9140,Canada_2011,0,316,31,the,the,DT,DT
9141,Canada_2011,0,316,32,Second,second,JJ,JJ
9142,Canada_2011,0,316,33,Charge,charge,NN,NN
9143,Canada_2011,0,316,34,on,on,IN,IN
9144,Canada_2011,0,316,35,the,the,DT,DT
9145,Canada_2011,0,316,36,Consolidated,consolidated,NNP,NN
9146,Canada_2011,0,316,37,Revenue,revenue,NNP,NN
9147,Canada_2011,0,316,38,Fund,fund,NNP,NN
9148,Canada_2011,0,316,39,of,of,IN,IN
9149,Canada_2011,0,316,40,Canada,canada,NNP,NN
9150,Canada_2011,0,317,0,105,105,CD,CD
9151,Canada_2011,0,318,0,Salary,salary,NNP,NN
9152,Canada_2011,0,318,1,of,of,IN,IN
9153,Canada_2011,0,318,2,Governor,governor,NNP,NN
9154,Canada_2011,0,318,3,General,general,NNP,NN
9155,Canada_2011,0,318,4,Share,share,NNP,NN
9156,Canada_2011,0,318,5,Unless,unless,NNP,NN
9157,Canada_2011,0,318,6,altered,altered,VBN,VB
9158,Canada_2011,0,318,7,by,by,IN,IN
9159,Canada_2011,0,318,8,the,the,DT,DT
9160,Canada_2011,0,318,9,Parliament,parliament,NNP,NN
9161,Canada_2011,0,318,10,of,of,IN,IN
9162,Canada_2011,0,318,11,Canada,canada,NNP,NN
9163,Canada_2011,0,318,13,the,the,DT,DT
9164,Canada_2011,0,318,14,Salary,salary,NNP,NN
9165,Canada_2011,0,318,15,of,of,IN,IN
9166,Canada_2011,0,318,16,the,the,DT,DT
9167,Canada_2011,0,318,17,Governor,governor,NNP,NN
9168,Canada_2011,0,318,18,General,general,NNP,NN
9169,Canada_2011,0,318,19,shall,shall,MD,MD
9170,Canada_2011,0,318,20,be,be,VB,VB
9171,Canada_2011,0,318,21,Ten,ten,CD,CD
9172,Canada_2011,0,318,22,thousand,thousand,CD,CD
9173,Canada_2011,0,318,23,Pounds,pounds,NNS,NN
9174,Canada_2011,0,318,24,Sterling,sterling,VBG,VB
9175,Canada_2011,0,318,25,Money,money,NNP,NN
9176,Canada_2011,0,318,26,of,of,IN,IN
9177,Canada_2011,0,318,27,the,the,DT,DT
9178,Canada_2011,0,318,28,United,united,NNP,NN
9179,Canada_2011,0,318,29,Kingdom,kingdom,NNP,NN
9180,Canada_2011,0,318,30,of,of,IN,IN
9181,Canada_2011,0,318,31,Great,great,NNP,NN
9182,Canada_2011,0,318,32,Britain,britain,NNP,NN
9183,Canada_2011,0,318,33,and,and,CC,CC
9184,Canada_2011,0,318,34,Ireland,ireland,NNP,NN
9185,Canada_2011,0,318,36,payable,payable,JJ,JJ
9186,Canada_2011,0,318,37,out,out,IN,IN
9187,Canada_2011,0,318,38,of,of,IN,IN
9188,Canada_2011,0,318,39,the,the,DT,DT
9189,Canada_2011,0,318,40,Consolidated,consolidated,NNP,NN
9190,Canada_2011,0,318,41,Revenue,revenue,NNP,NN
9191,Canada_2011,0,318,42,Fund,fund,NNP,NN
9192,Canada_2011,0,318,43,of,of,IN,IN
9193,Canada_2011,0,318,44,Canada,canada,NNP,NN
9194,Canada_2011,0,318,46,and,and,CC,CC
9195,Canada_2011,0,318,47,the,the,DT,DT
9196,Canada_2011,0,318,48,same,same,JJ,JJ
9197,Canada_2011,0,318,49,shall,shall,MD,MD
9198,Canada_2011,0,318,50,form,form,VB,VB
9199,Canada_2011,0,318,51,the,the,DT,DT
9200,Canada_2011,0,318,52,Third,third,NNP,NN
9201,Canada_2011,0,318,53,Charge,charge,NNP,NN
9202,Canada_2011,0,318,54,thereon,thereon,NN,NN
9203,Canada_2011,0,319,0,106,106,CD,CD
9204,Canada_2011,0,320,0,Appropriation,appropriation,NN,NN
9205,Canada_2011,0,320,1,from,from,IN,IN
9206,Canada_2011,0,320,2,Time,time,NNP,NN
9207,Canada_2011,0,320,3,to,to,TO,TO
9208,Canada_2011,0,320,4,Time,time,NNP,NN
9209,Canada_2011,0,320,5,Share,share,NNP,NN
9210,Canada_2011,0,320,6,Subject,subject,NNP,NN
9211,Canada_2011,0,320,7,to,to,TO,TO
9212,Canada_2011,0,320,8,the,the,DT,DT
9213,Canada_2011,0,320,9,several,several,JJ,JJ
9214,Canada_2011,0,320,10,Payments,payments,NNS,NN
9215,Canada_2011,0,320,11,by,by,IN,IN
9216,Canada_2011,0,320,12,this,this,DT,DT
9217,Canada_2011,0,320,13,Act,act,NNP,NN
9218,Canada_2011,0,320,14,charged,charged,VBD,VB
9219,Canada_2011,0,320,15,on,on,IN,IN
9220,Canada_2011,0,320,16,the,the,DT,DT
9221,Canada_2011,0,320,17,Consolidated,consolidated,NNP,NN
9222,Canada_2011,0,320,18,Revenue,revenue,NNP,NN
9223,Canada_2011,0,320,19,Fund,fund,NNP,NN
9224,Canada_2011,0,320,20,of,of,IN,IN
9225,Canada_2011,0,320,21,Canada,canada,NNP,NN
9226,Canada_2011,0,320,23,the,the,DT,DT
9227,Canada_2011,0,320,24,same,same,JJ,JJ
9228,Canada_2011,0,320,25,shall,shall,MD,MD
9229,Canada_2011,0,320,26,be,be,VB,VB
9230,Canada_2011,0,320,27,appropriated,appropriated,VBN,VB
9231,Canada_2011,0,320,28,by,by,IN,IN
9232,Canada_2011,0,320,29,the,the,DT,DT
9233,Canada_2011,0,320,30,Parliament,parliament,NNP,NN
9234,Canada_2011,0,320,31,of,of,IN,IN
9235,Canada_2011,0,320,32,Canada,canada,NNP,NN
9236,Canada_2011,0,320,33,for,for,IN,IN
9237,Canada_2011,0,320,34,the,the,DT,DT
9238,Canada_2011,0,320,35,Public,public,NNP,NN
9239,Canada_2011,0,320,36,Service,service,NNP,NN
9240,Canada_2011,0,321,0,107,107,CD,CD
9241,Canada_2011,0,322,0,Transfer,transfer,NN,NN
9242,Canada_2011,0,322,1,of,of,IN,IN
9243,Canada_2011,0,322,2,Stocks,stocks,NNP,NN
9244,Canada_2011,0,322,4,etc,etc,FW,FW
9245,Canada_2011,0,322,5,Share,share,NNP,NN
9246,Canada_2011,0,322,6,All,all,NNP,NN
9247,Canada_2011,0,322,7,Stocks,stocks,NNP,NN
9248,Canada_2011,0,322,9,Cash,cash,NNP,NN
9249,Canada_2011,0,322,11,Banker,banker,NNP,NN
9250,Canada_2011,0,322,13,s,s,NN,NN
9251,Canada_2011,0,322,14,Balances,balances,NNS,NN
9252,Canada_2011,0,322,16,and,and,CC,CC
9253,Canada_2011,0,322,17,Securities,securities,NNP,NN
9254,Canada_2011,0,322,18,for,for,IN,IN
9255,Canada_2011,0,322,19,Money,money,NNP,NN
9256,Canada_2011,0,322,20,belonging,belonging,VBG,VB
9257,Canada_2011,0,322,21,to,to,TO,TO
9258,Canada_2011,0,322,22,each,each,DT,DT
9259,Canada_2011,0,322,23,Province,province,NN,NN
9260,Canada_2011,0,322,24,at,at,IN,IN
9261,Canada_2011,0,322,25,the,the,DT,DT
9262,Canada_2011,0,322,26,Time,time,NNP,NN
9263,Canada_2011,0,322,27,of,of,IN,IN
9264,Canada_2011,0,322,28,the,the,DT,DT
9265,Canada_2011,0,322,29,Union,union,NNP,NN
9266,Canada_2011,0,322,31,except,except,IN,IN
9267,Canada_2011,0,322,32,as,as,RB,RB
9268,Canada_2011,0,322,33,in,in,IN,IN
9269,Canada_2011,0,322,34,this,this,DT,DT
9270,Canada_2011,0,322,35,Act,act,NNP,NN
9271,Canada_2011,0,322,36,mentioned,mentioned,VBD,VB
9272,Canada_2011,0,322,38,shall,shall,MD,MD
9273,Canada_2011,0,322,39,be,be,VB,VB
9274,Canada_2011,0,322,40,the,the,DT,DT
9275,Canada_2011,0,322,41,Property,property,NNP,NN
9276,Canada_2011,0,322,42,of,of,IN,IN
9277,Canada_2011,0,322,43,Canada,canada,NNP,NN
9278,Canada_2011,0,322,45,and,and,CC,CC
9279,Canada_2011,0,322,46,shall,shall,MD,MD
9280,Canada_2011,0,322,47,be,be,VB,VB
9281,Canada_2011,0,322,48,taken,taken,VBN,VB
9282,Canada_2011,0,322,49,in,in,IN,IN
9283,Canada_2011,0,322,50,Reduction,reduction,NNP,NN
9284,Canada_2011,0,322,51,of,of,IN,IN
9285,Canada_2011,0,322,52,the,the,DT,DT
9286,Canada_2011,0,322,53,Amount,amount,NNP,NN
9287,Canada_2011,0,322,54,of,of,IN,IN
9288,Canada_2011,0,322,55,the,the,DT,DT
9289,Canada_2011,0,322,56,respective,respective,JJ,JJ
9290,Canada_2011,0,322,57,Debts,debts,NNP,NN
9291,Canada_2011,0,322,58,of,of,IN,IN
9292,Canada_2011,0,322,59,the,the,DT,DT
9293,Canada_2011,0,322,60,Provinces,provinces,NNS,NN
9294,Canada_2011,0,322,61,at,at,IN,IN
9295,Canada_2011,0,322,62,the,the,DT,DT
9296,Canada_2011,0,322,63,Union,union,NNP,NN
9297,Canada_2011,0,323,0,108,108,CD,CD
9298,Canada_2011,0,324,0,Transfer,transfer,NN,NN
9299,Canada_2011,0,324,1,of,of,IN,IN
9300,Canada_2011,0,324,2,Property,property,NNP,NN
9301,Canada_2011,0,324,3,in,in,IN,IN
9302,Canada_2011,0,324,4,Schedule,schedule,NNP,NN
9303,Canada_2011,0,324,5,Share,share,NNP,NN
9304,Canada_2011,0,324,6,The,the,DT,DT
9305,Canada_2011,0,324,7,Public,public,NNP,NN
9306,Canada_2011,0,324,8,Works,works,NNP,NN
9307,Canada_2011,0,324,9,and,and,CC,CC
9308,Canada_2011,0,324,10,Property,property,NNP,NN
9309,Canada_2011,0,324,11,of,of,IN,IN
9310,Canada_2011,0,324,12,each,each,DT,DT
9311,Canada_2011,0,324,13,Province,province,NNP,NN
9312,Canada_2011,0,324,15,enumerated,enumerated,VBN,VB
9313,Canada_2011,0,324,16,in,in,IN,IN
9314,Canada_2011,0,324,17,the,the,DT,DT
9315,Canada_2011,0,324,18,Third,third,NNP,NN
9316,Canada_2011,0,324,19,Schedule,schedule,NNP,NN
9317,Canada_2011,0,324,20,to,to,TO,TO
9318,Canada_2011,0,324,21,this,this,DT,DT
9319,Canada_2011,0,324,22,Act,act,NNP,NN
9320,Canada_2011,0,324,24,shall,shall,MD,MD
9321,Canada_2011,0,324,25,be,be,VB,VB
9322,Canada_2011,0,324,26,the,the,DT,DT
9323,Canada_2011,0,324,27,Property,property,NNP,NN
9324,Canada_2011,0,324,28,of,of,IN,IN
9325,Canada_2011,0,324,29,Canada,canada,NNP,NN
9326,Canada_2011,0,325,0,109,109,CD,CD
9327,Canada_2011,0,326,0,Property,property,NN,NN
9328,Canada_2011,0,326,1,in,in,IN,IN
9329,Canada_2011,0,326,2,Lands,lands,NNP,NN
9330,Canada_2011,0,326,4,Mines,mines,NNP,NN
9331,Canada_2011,0,326,6,etc,etc,FW,FW
9332,Canada_2011,0,326,7,Share,share,NNP,NN
9333,Canada_2011,0,326,8,All,all,NNP,NN
9334,Canada_2011,0,326,9,Lands,lands,NNP,NN
9335,Canada_2011,0,326,11,Mines,mines,NNP,NN
9336,Canada_2011,0,326,13,Minerals,minerals,NNP,NN
9337,Canada_2011,0,326,15,and,and,CC,CC
9338,Canada_2011,0,326,16,Royalties,royalties,NNS,NN
9339,Canada_2011,0,326,17,belonging,belonging,VBG,VB
9340,Canada_2011,0,326,18,to,to,TO,TO
9341,Canada_2011,0,326,19,the,the,DT,DT
9342,Canada_2011,0,326,20,several,several,JJ,JJ
9343,Canada_2011,0,326,21,Provinces,provinces,NNS,NN
9344,Canada_2011,0,326,22,of,of,IN,IN
9345,Canada_2011,0,326,23,Canada,canada,NNP,NN
9346,Canada_2011,0,326,25,Nova,nova,NNP,NN
9347,Canada_2011,0,326,26,Scotia,scotia,NNP,NN
9348,Canada_2011,0,326,28,and,and,CC,CC
9349,Canada_2011,0,326,29,New,new,NNP,NN
9350,Canada_2011,0,326,30,Brunswick,brunswick,NNP,NN
9351,Canada_2011,0,326,31,at,at,IN,IN
9352,Canada_2011,0,326,32,the,the,DT,DT
9353,Canada_2011,0,326,33,Union,union,NNP,NN
9354,Canada_2011,0,326,35,and,and,CC,CC
9355,Canada_2011,0,326,36,all,all,DT,DT
9356,Canada_2011,0,326,37,Sums,sums,NNP,NN
9357,Canada_2011,0,326,38,then,then,RB,RB
9358,Canada_2011,0,326,39,due,due,RB,RB
9359,Canada_2011,0,326,40,or,or,CC,CC
9360,Canada_2011,0,326,41,payable,payable,JJ,JJ
9361,Canada_2011,0,326,42,for,for,IN,IN
9362,Canada_2011,0,326,43,such,such,JJ,JJ
9363,Canada_2011,0,326,44,Lands,lands,NNP,NN
9364,Canada_2011,0,326,46,Mines,mines,NNP,NN
9365,Canada_2011,0,326,48,Minerals,minerals,NNP,NN
9366,Canada_2011,0,326,50,or,or,CC,CC
9367,Canada_2011,0,326,51,Royalties,royalties,NNS,NN
9368,Canada_2011,0,326,53,shall,shall,MD,MD
9369,Canada_2011,0,326,54,belong,belong,VB,VB
9370,Canada_2011,0,326,55,to,to,TO,TO
9371,Canada_2011,0,326,56,the,the,DT,DT
9372,Canada_2011,0,326,57,several,several,JJ,JJ
9373,Canada_2011,0,326,58,Provinces,provinces,NNS,NN
9374,Canada_2011,0,326,59,of,of,IN,IN
9375,Canada_2011,0,326,60,Ontario,ontario,NNP,NN
9376,Canada_2011,0,326,62,Quebec,quebec,NNP,NN
9377,Canada_2011,0,326,64,Nova,nova,NNP,NN
9378,Canada_2011,0,326,65,Scotia,scotia,NNP,NN
9379,Canada_2011,0,326,67,and,and,CC,CC
9380,Canada_2011,0,326,68,New,new,NNP,NN
9381,Canada_2011,0,326,69,Brunswick,brunswick,NNP,NN
9382,Canada_2011,0,326,70,in,in,IN,IN
9383,Canada_2011,0,326,71,which,which,WDT,WD
9384,Canada_2011,0,326,72,the,the,DT,DT
9385,Canada_2011,0,326,73,same,same,JJ,JJ
9386,Canada_2011,0,326,74,are,are,VBP,VB
9387,Canada_2011,0,326,75,situate,situate,JJ,JJ
9388,Canada_2011,0,326,76,or,or,CC,CC
9389,Canada_2011,0,326,77,arise,arise,NN,NN
9390,Canada_2011,0,326,79,subject,subject,JJ,JJ
9391,Canada_2011,0,326,80,to,to,TO,TO
9392,Canada_2011,0,326,81,any,any,DT,DT
9393,Canada_2011,0,326,82,Trusts,trusts,NNS,NN
9394,Canada_2011,0,326,83,existing,existing,VBG,VB
9395,Canada_2011,0,326,84,in,in,IN,IN
9396,Canada_2011,0,326,85,respect,respect,NN,NN
9397,Canada_2011,0,326,86,thereof,thereof,NN,NN
9398,Canada_2011,0,326,88,and,and,CC,CC
9399,Canada_2011,0,326,89,to,to,TO,TO
9400,Canada_2011,0,326,90,any,any,DT,DT
9401,Canada_2011,0,326,91,Interest,interest,NNP,NN
9402,Canada_2011,0,326,92,other,other,JJ,JJ
9403,Canada_2011,0,326,93,than,than,IN,IN
9404,Canada_2011,0,326,94,that,that,DT,DT
9405,Canada_2011,0,326,95,of,of,IN,IN
9406,Canada_2011,0,326,96,the,the,DT,DT
9407,Canada_2011,0,326,97,Province,province,NNP,NN
9408,Canada_2011,0,326,98,in,in,IN,IN
9409,Canada_2011,0,326,99,the,the,DT,DT
9410,Canada_2011,0,326,100,same,same,JJ,JJ
9411,Canada_2011,0,327,0,110,110,CD,CD
9412,Canada_2011,0,328,0,Assets,assets,NNS,NN
9413,Canada_2011,0,328,1,connected,connected,VBN,VB
9414,Canada_2011,0,328,2,with,with,IN,IN
9415,Canada_2011,0,328,3,Provincial,provincial,NNP,NN
9416,Canada_2011,0,328,4,Debts,debts,NNP,NN
9417,Canada_2011,0,328,5,Share,share,NNP,NN
9418,Canada_2011,0,328,6,All,all,NNP,NN
9419,Canada_2011,0,328,7,Assets,assets,NNPS,NN
9420,Canada_2011,0,328,8,connected,connected,VBN,VB
9421,Canada_2011,0,328,9,with,with,IN,IN
9422,Canada_2011,0,328,10,such,such,JJ,JJ
9423,Canada_2011,0,328,11,Portions,portions,NNS,NN
9424,Canada_2011,0,328,12,of,of,IN,IN
9425,Canada_2011,0,328,13,the,the,DT,DT
9426,Canada_2011,0,328,14,Public,public,NNP,NN
9427,Canada_2011,0,328,15,Debt,debt,NNP,NN
9428,Canada_2011,0,328,16,of,of,IN,IN
9429,Canada_2011,0,328,17,each,each,DT,DT
9430,Canada_2011,0,328,18,Province,province,NNP,NN
9431,Canada_2011,0,328,19,as,as,IN,IN
9432,Canada_2011,0,328,20,are,are,VBP,VB
9433,Canada_2011,0,328,21,assumed,assumed,VBN,VB
9434,Canada_2011,0,328,22,by,by,IN,IN
9435,Canada_2011,0,328,23,that,that,DT,DT
9436,Canada_2011,0,328,24,Province,province,NNP,NN
9437,Canada_2011,0,328,25,shall,shall,MD,MD
9438,Canada_2011,0,328,26,belong,belong,VB,VB
9439,Canada_2011,0,328,27,to,to,TO,TO
9440,Canada_2011,0,328,28,that,that,DT,DT
9441,Canada_2011,0,328,29,Province,province,NNP,NN
9442,Canada_2011,0,329,0,111,111,CD,CD
9443,Canada_2011,0,330,0,Canada,canada,NNP,NN
9444,Canada_2011,0,330,1,to,to,TO,TO
9445,Canada_2011,0,330,2,be,be,VB,VB
9446,Canada_2011,0,330,3,liable,liable,JJ,JJ
9447,Canada_2011,0,330,4,for,for,IN,IN
9448,Canada_2011,0,330,5,Provincial,provincial,NNP,NN
9449,Canada_2011,0,330,6,Debts,debts,NNP,NN
9450,Canada_2011,0,330,7,Share,share,NNP,NN
9451,Canada_2011,0,330,8,Canada,canada,NNP,NN
9452,Canada_2011,0,330,9,shall,shall,MD,MD
9453,Canada_2011,0,330,10,be,be,VB,VB
9454,Canada_2011,0,330,11,liable,liable,JJ,JJ
9455,Canada_2011,0,330,12,for,for,IN,IN
9456,Canada_2011,0,330,13,the,the,DT,DT
9457,Canada_2011,0,330,14,Debts,debts,NNP,NN
9458,Canada_2011,0,330,15,and,and,CC,CC
9459,Canada_2011,0,330,16,Liabilities,liabilities,NNP,NN
9460,Canada_2011,0,330,17,of,of,IN,IN
9461,Canada_2011,0,330,18,each,each,DT,DT
9462,Canada_2011,0,330,19,Province,province,NNP,NN
9463,Canada_2011,0,330,20,existing,existing,VBG,VB
9464,Canada_2011,0,330,21,at,at,IN,IN
9465,Canada_2011,0,330,22,the,the,DT,DT
9466,Canada_2011,0,330,23,Union,union,NNP,NN
9467,Canada_2011,0,331,0,112,112,CD,CD
9468,Canada_2011,0,332,0,Debts,debts,NNS,NN
9469,Canada_2011,0,332,1,of,of,IN,IN
9470,Canada_2011,0,332,2,Ontario,ontario,NNP,NN
9471,Canada_2011,0,332,3,and,and,CC,CC
9472,Canada_2011,0,332,4,Quebec,quebec,NNP,NN
9473,Canada_2011,0,332,5,Share,share,NNP,NN
9474,Canada_2011,0,332,6,Ontario,ontario,NNP,NN
9475,Canada_2011,0,332,7,and,and,CC,CC
9476,Canada_2011,0,332,8,Quebec,quebec,NNP,NN
9477,Canada_2011,0,332,9,conjointly,conjointly,RB,RB
9478,Canada_2011,0,332,10,shall,shall,MD,MD
9479,Canada_2011,0,332,11,be,be,VB,VB
9480,Canada_2011,0,332,12,liable,liable,JJ,JJ
9481,Canada_2011,0,332,13,to,to,TO,TO
9482,Canada_2011,0,332,14,Canada,canada,NNP,NN
9483,Canada_2011,0,332,15,for,for,IN,IN
9484,Canada_2011,0,332,16,the,the,DT,DT
9485,Canada_2011,0,332,17,Amount,amount,NNP,NN
9486,Canada_2011,0,332,19,if,if,IN,IN
9487,Canada_2011,0,332,20,any,any,DT,DT
9488,Canada_2011,0,332,22,by,by,IN,IN
9489,Canada_2011,0,332,23,which,which,WDT,WD
9490,Canada_2011,0,332,24,the,the,DT,DT
9491,Canada_2011,0,332,25,Debt,debt,NNP,NN
9492,Canada_2011,0,332,26,of,of,IN,IN
9493,Canada_2011,0,332,27,the,the,DT,DT
9494,Canada_2011,0,332,28,Province,province,NNP,NN
9495,Canada_2011,0,332,29,of,of,IN,IN
9496,Canada_2011,0,332,30,Canada,canada,NNP,NN
9497,Canada_2011,0,332,31,exceeds,exceeds,NNS,NN
9498,Canada_2011,0,332,32,at,at,IN,IN
9499,Canada_2011,0,332,33,the,the,DT,DT
9500,Canada_2011,0,332,34,Union,union,NNP,NN
9501,Canada_2011,0,332,35,Sixty-two,sixtytwo,NNP,NN
9502,Canada_2011,0,332,36,million,million,CD,CD
9503,Canada_2011,0,332,37,five,five,CD,CD
9504,Canada_2011,0,332,38,hundred,hundred,CD,CD
9505,Canada_2011,0,332,39,thousand,thousand,CD,CD
9506,Canada_2011,0,332,40,Dollars,dollars,NNP,NN
9507,Canada_2011,0,332,42,and,and,CC,CC
9508,Canada_2011,0,332,43,shall,shall,MD,MD
9509,Canada_2011,0,332,44,be,be,VB,VB
9510,Canada_2011,0,332,45,charged,charged,VBN,VB
9511,Canada_2011,0,332,46,with,with,IN,IN
9512,Canada_2011,0,332,47,Interest,interest,NNP,NN
9513,Canada_2011,0,332,48,at,at,IN,IN
9514,Canada_2011,0,332,49,the,the,DT,DT
9515,Canada_2011,0,332,50,Rate,rate,NNP,NN
9516,Canada_2011,0,332,51,of,of,IN,IN
9517,Canada_2011,0,332,52,Five,five,NNP,NN
9518,Canada_2011,0,332,53,per,per,IN,IN
9519,Canada_2011,0,332,54,Centum,centum,NNP,NN
9520,Canada_2011,0,332,55,per,per,IN,IN
9521,Canada_2011,0,332,56,Annum,annum,NNP,NN
9522,Canada_2011,0,332,57,thereon,thereon,NN,NN
9523,Canada_2011,0,333,0,113,113,CD,CD
9524,Canada_2011,0,334,0,Assets,assets,NNS,NN
9525,Canada_2011,0,334,1,of,of,IN,IN
9526,Canada_2011,0,334,2,Ontario,ontario,NNP,NN
9527,Canada_2011,0,334,3,and,and,CC,CC
9528,Canada_2011,0,334,4,Quebec,quebec,NNP,NN
9529,Canada_2011,0,334,5,Share,share,NNP,NN
9530,Canada_2011,0,334,6,The,the,DT,DT
9531,Canada_2011,0,334,7,Assets,assets,NNPS,NN
9532,Canada_2011,0,334,8,enumerated,enumerated,VBD,VB
9533,Canada_2011,0,334,9,in,in,IN,IN
9534,Canada_2011,0,334,10,the,the,DT,DT
9535,Canada_2011,0,334,11,Fourth,fourth,NNP,NN
9536,Canada_2011,0,334,12,Schedule,schedule,NNP,NN
9537,Canada_2011,0,334,13,to,to,TO,TO
9538,Canada_2011,0,334,14,this,this,DT,DT
9539,Canada_2011,0,334,15,Act,act,NNP,NN
9540,Canada_2011,0,334,16,belonging,belonging,NN,NN
9541,Canada_2011,0,334,17,at,at,IN,IN
9542,Canada_2011,0,334,18,the,the,DT,DT
9543,Canada_2011,0,334,19,Union,union,NNP,NN
9544,Canada_2011,0,334,20,to,to,TO,TO
9545,Canada_2011,0,334,21,the,the,DT,DT
9546,Canada_2011,0,334,22,Province,province,NNP,NN
9547,Canada_2011,0,334,23,of,of,IN,IN
9548,Canada_2011,0,334,24,Canada,canada,NNP,NN
9549,Canada_2011,0,334,25,shall,shall,MD,MD
9550,Canada_2011,0,334,26,be,be,VB,VB
9551,Canada_2011,0,334,27,the,the,DT,DT
9552,Canada_2011,0,334,28,Property,property,NNP,NN
9553,Canada_2011,0,334,29,of,of,IN,IN
9554,Canada_2011,0,334,30,Ontario,ontario,NNP,NN
9555,Canada_2011,0,334,31,and,and,CC,CC
9556,Canada_2011,0,334,32,Quebec,quebec,NNP,NN
9557,Canada_2011,0,334,33,conjointly,conjointly,RB,RB
9558,Canada_2011,0,335,0,114,114,CD,CD
9559,Canada_2011,0,336,0,Debt,debt,NN,NN
9560,Canada_2011,0,336,1,of,of,IN,IN
9561,Canada_2011,0,336,2,Nova,nova,NNP,NN
9562,Canada_2011,0,336,3,Scotia,scotia,NNP,NN
9563,Canada_2011,0,336,4,Share,share,NNP,NN
9564,Canada_2011,0,336,5,Nova,nova,NNP,NN
9565,Canada_2011,0,336,6,Scotia,scotia,NNP,NN
9566,Canada_2011,0,336,7,shall,shall,MD,MD
9567,Canada_2011,0,336,8,be,be,VB,VB
9568,Canada_2011,0,336,9,liable,liable,JJ,JJ
9569,Canada_2011,0,336,10,to,to,TO,TO
9570,Canada_2011,0,336,11,Canada,canada,NNP,NN
9571,Canada_2011,0,336,12,for,for,IN,IN
9572,Canada_2011,0,336,13,the,the,DT,DT
9573,Canada_2011,0,336,14,Amount,amount,NNP,NN
9574,Canada_2011,0,336,16,if,if,IN,IN
9575,Canada_2011,0,336,17,any,any,DT,DT
9576,Canada_2011,0,336,19,by,by,IN,IN
9577,Canada_2011,0,336,20,which,which,WDT,WD
9578,Canada_2011,0,336,21,its,its,PRP$,PR
9579,Canada_2011,0,336,22,Public,public,NNP,NN
9580,Canada_2011,0,336,23,Debt,debt,NNP,NN
9581,Canada_2011,0,336,24,exceeds,exceeds,VBZ,VB
9582,Canada_2011,0,336,25,at,at,IN,IN
9583,Canada_2011,0,336,26,the,the,DT,DT
9584,Canada_2011,0,336,27,Union,union,NNP,NN
9585,Canada_2011,0,336,28,Eight,eight,NNP,NN
9586,Canada_2011,0,336,29,million,million,CD,CD
9587,Canada_2011,0,336,30,Dollars,dollars,NNP,NN
9588,Canada_2011,0,336,32,and,and,CC,CC
9589,Canada_2011,0,336,33,shall,shall,MD,MD
9590,Canada_2011,0,336,34,be,be,VB,VB
9591,Canada_2011,0,336,35,charged,charged,VBN,VB
9592,Canada_2011,0,336,36,with,with,IN,IN
9593,Canada_2011,0,336,37,Interest,interest,NNP,NN
9594,Canada_2011,0,336,38,at,at,IN,IN
9595,Canada_2011,0,336,39,the,the,DT,DT
9596,Canada_2011,0,336,40,Rate,rate,NNP,NN
9597,Canada_2011,0,336,41,of,of,IN,IN
9598,Canada_2011,0,336,42,Five,five,NNP,NN
9599,Canada_2011,0,336,43,per,per,IN,IN
9600,Canada_2011,0,336,44,Centum,centum,NNP,NN
9601,Canada_2011,0,336,45,per,per,IN,IN
9602,Canada_2011,0,336,46,Annum,annum,NNP,NN
9603,Canada_2011,0,336,47,thereon,thereon,NN,NN
9604,Canada_2011,0,337,0,115,115,CD,CD
9605,Canada_2011,0,338,0,Debt,debt,NN,NN
9606,Canada_2011,0,338,1,of,of,IN,IN
9607,Canada_2011,0,338,2,New,new,NNP,NN
9608,Canada_2011,0,338,3,Brunswick,brunswick,NNP,NN
9609,Canada_2011,0,338,4,Share,share,NNP,NN
9610,Canada_2011,0,338,5,New,new,NNP,NN
9611,Canada_2011,0,338,6,Brunswick,brunswick,NNP,NN
9612,Canada_2011,0,338,7,shall,shall,MD,MD
9613,Canada_2011,0,338,8,be,be,VB,VB
9614,Canada_2011,0,338,9,liable,liable,JJ,JJ
9615,Canada_2011,0,338,10,to,to,TO,TO
9616,Canada_2011,0,338,11,Canada,canada,NNP,NN
9617,Canada_2011,0,338,12,for,for,IN,IN
9618,Canada_2011,0,338,13,the,the,DT,DT
9619,Canada_2011,0,338,14,Amount,amount,NNP,NN
9620,Canada_2011,0,338,16,if,if,IN,IN
9621,Canada_2011,0,338,17,any,any,DT,DT
9622,Canada_2011,0,338,19,by,by,IN,IN
9623,Canada_2011,0,338,20,which,which,WDT,WD
9624,Canada_2011,0,338,21,its,its,PRP$,PR
9625,Canada_2011,0,338,22,Public,public,NNP,NN
9626,Canada_2011,0,338,23,Debt,debt,NNP,NN
9627,Canada_2011,0,338,24,exceeds,exceeds,VBZ,VB
9628,Canada_2011,0,338,25,at,at,IN,IN
9629,Canada_2011,0,338,26,the,the,DT,DT
9630,Canada_2011,0,338,27,Union,union,NNP,NN
9631,Canada_2011,0,338,28,Seven,seven,NNP,NN
9632,Canada_2011,0,338,29,million,million,CD,CD
9633,Canada_2011,0,338,30,Dollars,dollars,NNP,NN
9634,Canada_2011,0,338,32,and,and,CC,CC
9635,Canada_2011,0,338,33,shall,shall,MD,MD
9636,Canada_2011,0,338,34,be,be,VB,VB
9637,Canada_2011,0,338,35,charged,charged,VBN,VB
9638,Canada_2011,0,338,36,with,with,IN,IN
9639,Canada_2011,0,338,37,Interest,interest,NNP,NN
9640,Canada_2011,0,338,38,at,at,IN,IN
9641,Canada_2011,0,338,39,the,the,DT,DT
9642,Canada_2011,0,338,40,Rate,rate,NNP,NN
9643,Canada_2011,0,338,41,of,of,IN,IN
9644,Canada_2011,0,338,42,Five,five,NNP,NN
9645,Canada_2011,0,338,43,per,per,IN,IN
9646,Canada_2011,0,338,44,Centum,centum,NNP,NN
9647,Canada_2011,0,338,45,per,per,IN,IN
9648,Canada_2011,0,338,46,Annum,annum,NNP,NN
9649,Canada_2011,0,338,47,thereon,thereon,NN,NN
9650,Canada_2011,0,339,0,116,116,CD,CD
9651,Canada_2011,0,340,0,Payment,payment,NN,NN
9652,Canada_2011,0,340,1,of,of,IN,IN
9653,Canada_2011,0,340,2,interest,interest,NN,NN
9654,Canada_2011,0,340,3,to,to,TO,TO
9655,Canada_2011,0,340,4,Nova,nova,NNP,NN
9656,Canada_2011,0,340,5,Scotia,scotia,NNP,NN
9657,Canada_2011,0,340,6,and,and,CC,CC
9658,Canada_2011,0,340,7,New,new,NNP,NN
9659,Canada_2011,0,340,8,Brunswick,brunswick,NNP,NN
9660,Canada_2011,0,340,9,Share,share,NNP,NN
9661,Canada_2011,0,340,10,In,in,IN,IN
9662,Canada_2011,0,340,11,case,case,NN,NN
9663,Canada_2011,0,340,12,the,the,DT,DT
9664,Canada_2011,0,340,13,Public,public,NNP,NN
9665,Canada_2011,0,340,14,Debts,debts,NNP,NN
9666,Canada_2011,0,340,15,of,of,IN,IN
9667,Canada_2011,0,340,16,Nova,nova,NNP,NN
9668,Canada_2011,0,340,17,Scotia,scotia,NNP,NN
9669,Canada_2011,0,340,18,and,and,CC,CC
9670,Canada_2011,0,340,19,New,new,NNP,NN
9671,Canada_2011,0,340,20,Brunswick,brunswick,NNP,NN
9672,Canada_2011,0,340,21,do,do,VBP,VB
9673,Canada_2011,0,340,22,not,not,RB,RB
9674,Canada_2011,0,340,23,at,at,IN,IN
9675,Canada_2011,0,340,24,the,the,DT,DT
9676,Canada_2011,0,340,25,Union,union,NNP,NN
9677,Canada_2011,0,340,26,amount,amount,NN,NN
9678,Canada_2011,0,340,27,to,to,TO,TO
9679,Canada_2011,0,340,28,Eight,eight,NNP,NN
9680,Canada_2011,0,340,29,million,million,CD,CD
9681,Canada_2011,0,340,30,and,and,CC,CC
9682,Canada_2011,0,340,31,Seven,seven,NNP,NN
9683,Canada_2011,0,340,32,million,million,CD,CD
9684,Canada_2011,0,340,33,Dollars,dollars,NNP,NN
9685,Canada_2011,0,340,34,respectively,respectively,RB,RB
9686,Canada_2011,0,340,36,they,they,PRP,PR
9687,Canada_2011,0,340,37,shall,shall,MD,MD
9688,Canada_2011,0,340,38,respectively,respectively,RB,RB
9689,Canada_2011,0,340,39,receive,receive,VB,VB
9690,Canada_2011,0,340,40,by,by,IN,IN
9691,Canada_2011,0,340,41,half-yearly,halfyearly,JJ,JJ
9692,Canada_2011,0,340,42,Payments,payments,NNS,NN
9693,Canada_2011,0,340,43,in,in,IN,IN
9694,Canada_2011,0,340,44,advance,advance,NN,NN
9695,Canada_2011,0,340,45,from,from,IN,IN
9696,Canada_2011,0,340,46,the,the,DT,DT
9697,Canada_2011,0,340,47,Government,government,NNP,NN
9698,Canada_2011,0,340,48,of,of,IN,IN
9699,Canada_2011,0,340,49,Canada,canada,NNP,NN
9700,Canada_2011,0,340,50,Interest,interest,NNP,NN
9701,Canada_2011,0,340,51,at,at,IN,IN
9702,Canada_2011,0,340,52,Five,five,NNP,NN
9703,Canada_2011,0,340,53,per,per,IN,IN
9704,Canada_2011,0,340,54,Centum,centum,NNP,NN
9705,Canada_2011,0,340,55,per,per,IN,IN
9706,Canada_2011,0,340,56,Annum,annum,NNP,NN
9707,Canada_2011,0,340,57,on,on,IN,IN
9708,Canada_2011,0,340,58,the,the,DT,DT
9709,Canada_2011,0,340,59,Difference,difference,NNP,NN
9710,Canada_2011,0,340,60,between,between,IN,IN
9711,Canada_2011,0,340,61,the,the,DT,DT
9712,Canada_2011,0,340,62,actual,actual,JJ,JJ
9713,Canada_2011,0,340,63,Amounts,amounts,NNS,NN
9714,Canada_2011,0,340,64,of,of,IN,IN
9715,Canada_2011,0,340,65,their,their,PRP$,PR
9716,Canada_2011,0,340,66,respective,respective,JJ,JJ
9717,Canada_2011,0,340,67,Debts,debts,NNS,NN
9718,Canada_2011,0,340,68,and,and,CC,CC
9719,Canada_2011,0,340,69,such,such,JJ,JJ
9720,Canada_2011,0,340,70,stipulated,stipulated,JJ,JJ
9721,Canada_2011,0,340,71,Amounts,amounts,NNS,NN
9722,Canada_2011,0,341,0,117,117,CD,CD
9723,Canada_2011,0,342,0,Provincial,provincial,JJ,JJ
9724,Canada_2011,0,342,1,Public,public,NNP,NN
9725,Canada_2011,0,342,2,Property,property,NNP,NN
9726,Canada_2011,0,342,3,Share,share,NNP,NN
9727,Canada_2011,0,342,4,The,the,DT,DT
9728,Canada_2011,0,342,5,several,several,JJ,JJ
9729,Canada_2011,0,342,6,Provinces,provinces,NNP,NN
9730,Canada_2011,0,342,7,shall,shall,MD,MD
9731,Canada_2011,0,342,8,retain,retain,VB,VB
9732,Canada_2011,0,342,9,all,all,DT,DT
9733,Canada_2011,0,342,10,their,their,PRP$,PR
9734,Canada_2011,0,342,11,respective,respective,JJ,JJ
9735,Canada_2011,0,342,12,Public,public,NNP,NN
9736,Canada_2011,0,342,13,Property,property,NNP,NN
9737,Canada_2011,0,342,14,not,not,RB,RB
9738,Canada_2011,0,342,15,otherwise,otherwise,RB,RB
9739,Canada_2011,0,342,16,disposed,disposed,VBN,VB
9740,Canada_2011,0,342,17,of,of,IN,IN
9741,Canada_2011,0,342,18,in,in,IN,IN
9742,Canada_2011,0,342,19,this,this,DT,DT
9743,Canada_2011,0,342,20,Act,act,NNP,NN
9744,Canada_2011,0,342,22,subject,subject,JJ,JJ
9745,Canada_2011,0,342,23,to,to,TO,TO
9746,Canada_2011,0,342,24,the,the,DT,DT
9747,Canada_2011,0,342,25,Right,right,NNP,NN
9748,Canada_2011,0,342,26,of,of,IN,IN
9749,Canada_2011,0,342,27,Canada,canada,NNP,NN
9750,Canada_2011,0,342,28,to,to,TO,TO
9751,Canada_2011,0,342,29,assume,assume,VB,VB
9752,Canada_2011,0,342,30,any,any,DT,DT
9753,Canada_2011,0,342,31,Lands,lands,NNP,NN
9754,Canada_2011,0,342,32,or,or,CC,CC
9755,Canada_2011,0,342,33,Public,public,NNP,NN
9756,Canada_2011,0,342,34,Property,property,NNP,NN
9757,Canada_2011,0,342,35,required,required,VBD,VB
9758,Canada_2011,0,342,36,for,for,IN,IN
9759,Canada_2011,0,342,37,Fortifications,fortifications,NNS,NN
9760,Canada_2011,0,342,38,or,or,CC,CC
9761,Canada_2011,0,342,39,for,for,IN,IN
9762,Canada_2011,0,342,40,the,the,DT,DT
9763,Canada_2011,0,342,41,Defence,defence,NNP,NN
9764,Canada_2011,0,342,42,of,of,IN,IN
9765,Canada_2011,0,342,43,the,the,DT,DT
9766,Canada_2011,0,342,44,Country,country,NNP,NN
9767,Canada_2011,0,343,0,118,118,CD,CD
9768,Canada_2011,0,344,0,Repealed,repealed,VBN,VB
9769,Canada_2011,0,344,1,119,119,CD,CD
9770,Canada_2011,0,345,0,Further,further,RB,RB
9771,Canada_2011,0,345,1,Grant,grant,NNP,NN
9772,Canada_2011,0,345,2,to,to,TO,TO
9773,Canada_2011,0,345,3,New,new,NNP,NN
9774,Canada_2011,0,345,4,Brunswick,brunswick,NNP,NN
9775,Canada_2011,0,345,5,Share,share,NNP,NN
9776,Canada_2011,0,345,6,New,new,NNP,NN
9777,Canada_2011,0,345,7,Brunswick,brunswick,NNP,NN
9778,Canada_2011,0,345,8,shall,shall,MD,MD
9779,Canada_2011,0,345,9,receive,receive,VB,VB
9780,Canada_2011,0,345,10,by,by,IN,IN
9781,Canada_2011,0,345,11,half-yearly,halfyearly,JJ,JJ
9782,Canada_2011,0,345,12,Payments,payments,NNS,NN
9783,Canada_2011,0,345,13,in,in,IN,IN
9784,Canada_2011,0,345,14,advance,advance,NN,NN
9785,Canada_2011,0,345,15,from,from,IN,IN
9786,Canada_2011,0,345,16,Canada,canada,NNP,NN
9787,Canada_2011,0,345,17,for,for,IN,IN
9788,Canada_2011,0,345,18,the,the,DT,DT
9789,Canada_2011,0,345,19,Period,period,NNP,NN
9790,Canada_2011,0,345,20,of,of,IN,IN
9791,Canada_2011,0,345,21,Ten,ten,CD,CD
9792,Canada_2011,0,345,22,Years,years,NNS,NN
9793,Canada_2011,0,345,23,from,from,IN,IN
9794,Canada_2011,0,345,24,the,the,DT,DT
9795,Canada_2011,0,345,25,Union,union,NNP,NN
9796,Canada_2011,0,345,26,an,an,DT,DT
9797,Canada_2011,0,345,27,additional,additional,JJ,JJ
9798,Canada_2011,0,345,28,Allowance,allowance,NN,NN
9799,Canada_2011,0,345,29,of,of,IN,IN
9800,Canada_2011,0,345,30,Sixty-three,sixtythree,NNP,NN
9801,Canada_2011,0,345,31,thousand,thousand,CD,CD
9802,Canada_2011,0,345,32,Dollars,dollars,NNP,NN
9803,Canada_2011,0,345,33,per,per,IN,IN
9804,Canada_2011,0,345,34,Annum,annum,NNP,NN
9805,Canada_2011,0,345,36,but,but,CC,CC
9806,Canada_2011,0,345,37,as,as,RB,RB
9807,Canada_2011,0,345,38,long,long,RB,RB
9808,Canada_2011,0,345,39,as,as,IN,IN
9809,Canada_2011,0,345,40,the,the,DT,DT
9810,Canada_2011,0,345,41,Public,public,NNP,NN
9811,Canada_2011,0,345,42,Debt,debt,NNP,NN
9812,Canada_2011,0,345,43,of,of,IN,IN
9813,Canada_2011,0,345,44,that,that,DT,DT
9814,Canada_2011,0,345,45,Province,province,NNP,NN
9815,Canada_2011,0,345,46,remains,remains,VBZ,VB
9816,Canada_2011,0,345,47,under,under,IN,IN
9817,Canada_2011,0,345,48,Seven,seven,NNP,NN
9818,Canada_2011,0,345,49,million,million,CD,CD
9819,Canada_2011,0,345,50,Dollars,dollars,NNP,NN
9820,Canada_2011,0,345,52,a,a,DT,DT
9821,Canada_2011,0,345,53,Deduction,deduction,NNP,NN
9822,Canada_2011,0,345,54,equal,equal,JJ,JJ
9823,Canada_2011,0,345,55,to,to,TO,TO
9824,Canada_2011,0,345,56,the,the,DT,DT
9825,Canada_2011,0,345,57,Interest,interest,NNP,NN
9826,Canada_2011,0,345,58,at,at,IN,IN
9827,Canada_2011,0,345,59,Five,five,NNP,NN
9828,Canada_2011,0,345,60,per,per,IN,IN
9829,Canada_2011,0,345,61,Centum,centum,NNP,NN
9830,Canada_2011,0,345,62,per,per,IN,IN
9831,Canada_2011,0,345,63,Annum,annum,NNP,NN
9832,Canada_2011,0,345,64,on,on,IN,IN
9833,Canada_2011,0,345,65,such,such,JJ,JJ
9834,Canada_2011,0,345,66,Deficiency,deficiency,NNP,NN
9835,Canada_2011,0,345,67,shall,shall,MD,MD
9836,Canada_2011,0,345,68,be,be,VB,VB
9837,Canada_2011,0,345,69,made,made,VBN,VB
9838,Canada_2011,0,345,70,from,from,IN,IN
9839,Canada_2011,0,345,71,that,that,DT,DT
9840,Canada_2011,0,345,72,Allowance,allowance,NNP,NN
9841,Canada_2011,0,345,73,of,of,IN,IN
9842,Canada_2011,0,345,74,Sixty-three,sixtythree,NNP,NN
9843,Canada_2011,0,345,75,thousand,thousand,CD,CD
9844,Canada_2011,0,345,76,Dollars,dollars,NNP,NN
9845,Canada_2011,0,346,0,120,120,CD,CD
9846,Canada_2011,0,347,0,Form,form,NN,NN
9847,Canada_2011,0,347,1,of,of,IN,IN
9848,Canada_2011,0,347,2,Payments,payments,NNS,NN
9849,Canada_2011,0,347,3,Share,share,NNP,NN
9850,Canada_2011,0,347,4,All,all,NNP,NN
9851,Canada_2011,0,347,5,Payments,payments,NNS,NN
9852,Canada_2011,0,347,6,to,to,TO,TO
9853,Canada_2011,0,347,7,be,be,VB,VB
9854,Canada_2011,0,347,8,made,made,VBN,VB
9855,Canada_2011,0,347,9,under,under,IN,IN
9856,Canada_2011,0,347,10,this,this,DT,DT
9857,Canada_2011,0,347,11,Act,act,NNP,NN
9858,Canada_2011,0,347,13,or,or,CC,CC
9859,Canada_2011,0,347,14,in,in,IN,IN
9860,Canada_2011,0,347,15,discharge,discharge,NN,NN
9861,Canada_2011,0,347,16,of,of,IN,IN
9862,Canada_2011,0,347,17,Liabilities,liabilities,NNP,NN
9863,Canada_2011,0,347,18,created,created,VBD,VB
9864,Canada_2011,0,347,19,under,under,IN,IN
9865,Canada_2011,0,347,20,any,any,DT,DT
9866,Canada_2011,0,347,21,Act,act,NNP,NN
9867,Canada_2011,0,347,22,of,of,IN,IN
9868,Canada_2011,0,347,23,the,the,DT,DT
9869,Canada_2011,0,347,24,Provinces,provinces,NNS,NN
9870,Canada_2011,0,347,25,of,of,IN,IN
9871,Canada_2011,0,347,26,Canada,canada,NNP,NN
9872,Canada_2011,0,347,28,Nova,nova,NNP,NN
9873,Canada_2011,0,347,29,Scotia,scotia,NNP,NN
9874,Canada_2011,0,347,31,and,and,CC,CC
9875,Canada_2011,0,347,32,New,new,NNP,NN
9876,Canada_2011,0,347,33,Brunswick,brunswick,NNP,NN
9877,Canada_2011,0,347,34,respectively,respectively,RB,RB
9878,Canada_2011,0,347,36,and,and,CC,CC
9879,Canada_2011,0,347,37,assumed,assumed,VBN,VB
9880,Canada_2011,0,347,38,by,by,IN,IN
9881,Canada_2011,0,347,39,Canada,canada,NNP,NN
9882,Canada_2011,0,347,41,shall,shall,MD,MD
9883,Canada_2011,0,347,43,until,until,IN,IN
9884,Canada_2011,0,347,44,the,the,DT,DT
9885,Canada_2011,0,347,45,Parliament,parliament,NNP,NN
9886,Canada_2011,0,347,46,of,of,IN,IN
9887,Canada_2011,0,347,47,Canada,canada,NNP,NN
9888,Canada_2011,0,347,48,otherwise,otherwise,RB,RB
9889,Canada_2011,0,347,49,directs,directs,VBZ,VB
9890,Canada_2011,0,347,51,be,be,VB,VB
9891,Canada_2011,0,347,52,made,made,VBN,VB
9892,Canada_2011,0,347,53,in,in,IN,IN
9893,Canada_2011,0,347,54,such,such,JJ,JJ
9894,Canada_2011,0,347,55,Form,form,NNP,NN
9895,Canada_2011,0,347,56,and,and,CC,CC
9896,Canada_2011,0,347,57,Manner,manner,NNP,NN
9897,Canada_2011,0,347,58,as,as,IN,IN
9898,Canada_2011,0,347,59,may,may,MD,MD
9899,Canada_2011,0,347,60,from,from,IN,IN
9900,Canada_2011,0,347,61,Time,time,NNP,NN
9901,Canada_2011,0,347,62,to,to,TO,TO
9902,Canada_2011,0,347,63,Time,time,NNP,NN
9903,Canada_2011,0,347,64,be,be,VB,VB
9904,Canada_2011,0,347,65,ordered,ordered,VBN,VB
9905,Canada_2011,0,347,66,by,by,IN,IN
9906,Canada_2011,0,347,67,the,the,DT,DT
9907,Canada_2011,0,347,68,Governor,governor,NNP,NN
9908,Canada_2011,0,347,69,General,general,NNP,NN
9909,Canada_2011,0,347,70,in,in,IN,IN
9910,Canada_2011,0,347,71,Council,council,NNP,NN
9911,Canada_2011,0,348,0,121,121,CD,CD
9912,Canada_2011,0,349,0,Canadian,canadian,JJ,JJ
9913,Canada_2011,0,349,1,Manufactures,manufactures,NNP,NN
9914,Canada_2011,0,349,3,etc,etc,FW,FW
9915,Canada_2011,0,349,4,Share,share,NNP,NN
9916,Canada_2011,0,349,5,All,all,NNP,NN
9917,Canada_2011,0,349,6,Articles,articles,NNP,NN
9918,Canada_2011,0,349,7,of,of,IN,IN
9919,Canada_2011,0,349,8,the,the,DT,DT
9920,Canada_2011,0,349,9,Growth,growth,NNP,NN
9921,Canada_2011,0,349,11,Produce,produce,NNP,NN
9922,Canada_2011,0,349,13,or,or,CC,CC
9923,Canada_2011,0,349,14,Manufacture,manufacture,NNP,NN
9924,Canada_2011,0,349,15,of,of,IN,IN
9925,Canada_2011,0,349,16,any,any,DT,DT
9926,Canada_2011,0,349,17,one,one,CD,CD
9927,Canada_2011,0,349,18,of,of,IN,IN
9928,Canada_2011,0,349,19,the,the,DT,DT
9929,Canada_2011,0,349,20,Provinces,provinces,NNP,NN
9930,Canada_2011,0,349,21,shall,shall,MD,MD
9931,Canada_2011,0,349,23,from,from,IN,IN
9932,Canada_2011,0,349,24,and,and,CC,CC
9933,Canada_2011,0,349,25,after,after,IN,IN
9934,Canada_2011,0,349,26,the,the,DT,DT
9935,Canada_2011,0,349,27,Union,union,NNP,NN
9936,Canada_2011,0,349,29,be,be,VB,VB
9937,Canada_2011,0,349,30,admitted,admitted,VBN,VB
9938,Canada_2011,0,349,31,free,free,JJ,JJ
9939,Canada_2011,0,349,32,into,into,IN,IN
9940,Canada_2011,0,349,33,each,each,DT,DT
9941,Canada_2011,0,349,34,of,of,IN,IN
9942,Canada_2011,0,349,35,the,the,DT,DT
9943,Canada_2011,0,349,36,other,other,JJ,JJ
9944,Canada_2011,0,349,37,Provinces,provinces,NNS,NN
9945,Canada_2011,0,350,0,122,122,CD,CD
9946,Canada_2011,0,351,0,Continuance,continuance,NN,NN
9947,Canada_2011,0,351,1,of,of,IN,IN
9948,Canada_2011,0,351,2,Customs,customs,NNP,NN
9949,Canada_2011,0,351,3,and,and,CC,CC
9950,Canada_2011,0,351,4,Excise,excise,NNP,NN
9951,Canada_2011,0,351,5,Laws,laws,NNP,NN
9952,Canada_2011,0,351,6,Share,share,NNP,NN
9953,Canada_2011,0,351,7,The,the,DT,DT
9954,Canada_2011,0,351,8,Customs,customs,NNP,NN
9955,Canada_2011,0,351,9,and,and,CC,CC
9956,Canada_2011,0,351,10,Excise,excise,NNP,NN
9957,Canada_2011,0,351,11,Laws,laws,NNP,NN
9958,Canada_2011,0,351,12,of,of,IN,IN
9959,Canada_2011,0,351,13,each,each,DT,DT
9960,Canada_2011,0,351,14,Province,province,NNP,NN
9961,Canada_2011,0,351,15,shall,shall,MD,MD
9962,Canada_2011,0,351,17,subject,subject,JJ,JJ
9963,Canada_2011,0,351,18,to,to,TO,TO
9964,Canada_2011,0,351,19,the,the,DT,DT
9965,Canada_2011,0,351,20,Provisions,provisions,NNPS,NN
9966,Canada_2011,0,351,21,of,of,IN,IN
9967,Canada_2011,0,351,22,this,this,DT,DT
9968,Canada_2011,0,351,23,Act,act,NNP,NN
9969,Canada_2011,0,351,25,continue,continue,VBP,VB
9970,Canada_2011,0,351,26,in,in,IN,IN
9971,Canada_2011,0,351,27,force,force,NN,NN
9972,Canada_2011,0,351,28,until,until,IN,IN
9973,Canada_2011,0,351,29,altered,altered,VBN,VB
9974,Canada_2011,0,351,30,by,by,IN,IN
9975,Canada_2011,0,351,31,the,the,DT,DT
9976,Canada_2011,0,351,32,Parliament,parliament,NNP,NN
9977,Canada_2011,0,351,33,of,of,IN,IN
9978,Canada_2011,0,351,34,Canada,canada,NNP,NN
9979,Canada_2011,0,352,0,123,123,CD,CD
9980,Canada_2011,0,353,0,Exportation,exportation,NN,NN
9981,Canada_2011,0,353,1,and,and,CC,CC
9982,Canada_2011,0,353,2,Importation,importation,NNP,NN
9983,Canada_2011,0,353,3,as,as,IN,IN
9984,Canada_2011,0,353,4,between,between,IN,IN
9985,Canada_2011,0,353,5,Two,two,CD,CD
9986,Canada_2011,0,353,6,Provinces,provinces,NNS,NN
9987,Canada_2011,0,353,7,Share,share,NNP,NN
9988,Canada_2011,0,353,8,Where,where,NNP,NN
9989,Canada_2011,0,353,9,Customs,customs,NNP,NN
9990,Canada_2011,0,353,10,Duties,duties,NNP,NN
9991,Canada_2011,0,353,11,are,are,VBP,VB
9992,Canada_2011,0,353,13,at,at,IN,IN
9993,Canada_2011,0,353,14,the,the,DT,DT
9994,Canada_2011,0,353,15,Union,union,NNP,NN
9995,Canada_2011,0,353,17,leviable,leviable,JJ,JJ
9996,Canada_2011,0,353,18,on,on,IN,IN
9997,Canada_2011,0,353,19,any,any,DT,DT
9998,Canada_2011,0,353,20,Goods,goods,NNP,NN
9999,Canada_2011,0,353,22,Wares,wares,NNP,NN
10000,Canada_2011,0,353,24,or,or,CC,CC
10001,Canada_2011,0,353,25,Merchandises,merchandises,NNS,NN
10002,Canada_2011,0,353,26,in,in,IN,IN
10003,Canada_2011,0,353,27,any,any,DT,DT
10004,Canada_2011,0,353,28,Two,two,CD,CD
10005,Canada_2011,0,353,29,Provinces,provinces,NNS,NN
10006,Canada_2011,0,353,31,those,those,DT,DT
10007,Canada_2011,0,353,32,Goods,goods,NNP,NN
10008,Canada_2011,0,353,34,Wares,wares,NNP,NN
10009,Canada_2011,0,353,36,and,and,CC,CC
10010,Canada_2011,0,353,37,Merchandises,merchandises,NNP,NN
10011,Canada_2011,0,353,38,may,may,MD,MD
10012,Canada_2011,0,353,40,from,from,IN,IN
10013,Canada_2011,0,353,41,and,and,CC,CC
10014,Canada_2011,0,353,42,after,after,IN,IN
10015,Canada_2011,0,353,43,the,the,DT,DT
10016,Canada_2011,0,353,44,Union,union,NNP,NN
10017,Canada_2011,0,353,46,be,be,VB,VB
10018,Canada_2011,0,353,47,imported,imported,VBN,VB
10019,Canada_2011,0,353,48,from,from,IN,IN
10020,Canada_2011,0,353,49,one,one,CD,CD
10021,Canada_2011,0,353,50,of,of,IN,IN
10022,Canada_2011,0,353,51,those,those,DT,DT
10023,Canada_2011,0,353,52,Provinces,provinces,NNS,NN
10024,Canada_2011,0,353,53,into,into,IN,IN
10025,Canada_2011,0,353,54,the,the,DT,DT
10026,Canada_2011,0,353,55,other,other,JJ,JJ
10027,Canada_2011,0,353,56,of,of,IN,IN
10028,Canada_2011,0,353,57,them,them,PRP,PR
10029,Canada_2011,0,353,58,on,on,IN,IN
10030,Canada_2011,0,353,59,Proof,proof,NNP,NN
10031,Canada_2011,0,353,60,of,of,IN,IN
10032,Canada_2011,0,353,61,Payment,payment,NNP,NN
10033,Canada_2011,0,353,62,of,of,IN,IN
10034,Canada_2011,0,353,63,the,the,DT,DT
10035,Canada_2011,0,353,64,Customs,customs,NNP,NN
10036,Canada_2011,0,353,65,Duty,duty,NNP,NN
10037,Canada_2011,0,353,66,leviable,leviable,JJ,JJ
10038,Canada_2011,0,353,67,thereon,thereon,NN,NN
10039,Canada_2011,0,353,68,in,in,IN,IN
10040,Canada_2011,0,353,69,the,the,DT,DT
10041,Canada_2011,0,353,70,Province,province,NNP,NN
10042,Canada_2011,0,353,71,of,of,IN,IN
10043,Canada_2011,0,353,72,Exportation,exportation,NNP,NN
10044,Canada_2011,0,353,74,and,and,CC,CC
10045,Canada_2011,0,353,75,on,on,IN,IN
10046,Canada_2011,0,353,76,Payment,payment,NNP,NN
10047,Canada_2011,0,353,77,of,of,IN,IN
10048,Canada_2011,0,353,78,such,such,JJ,JJ
10049,Canada_2011,0,353,79,further,further,JJ,JJ
10050,Canada_2011,0,353,80,Amount,amount,NNP,NN
10051,Canada_2011,0,353,82,if,if,IN,IN
10052,Canada_2011,0,353,83,any,any,DT,DT
10053,Canada_2011,0,353,85,of,of,IN,IN
10054,Canada_2011,0,353,86,Customs,customs,NNP,NN
10055,Canada_2011,0,353,87,Duty,duty,NNP,NN
10056,Canada_2011,0,353,88,as,as,IN,IN
10057,Canada_2011,0,353,89,is,is,VBZ,VB
10058,Canada_2011,0,353,90,leviable,leviable,JJ,JJ
10059,Canada_2011,0,353,91,thereon,thereon,NN,NN
10060,Canada_2011,0,353,92,in,in,IN,IN
10061,Canada_2011,0,353,93,the,the,DT,DT
10062,Canada_2011,0,353,94,Province,province,NNP,NN
10063,Canada_2011,0,353,95,of,of,IN,IN
10064,Canada_2011,0,353,96,Importation,importation,NNP,NN
10065,Canada_2011,0,354,0,124,124,CD,CD
10066,Canada_2011,0,355,0,Lumber,lumber,NNP,NN
10067,Canada_2011,0,355,1,Dues,dues,NNP,NN
10068,Canada_2011,0,355,2,in,in,IN,IN
10069,Canada_2011,0,355,3,New,new,NNP,NN
10070,Canada_2011,0,355,4,Brunswick,brunswick,NNP,NN
10071,Canada_2011,0,355,5,Share,share,NNP,NN
10072,Canada_2011,0,355,6,Nothing,nothing,NNP,NN
10073,Canada_2011,0,355,7,in,in,IN,IN
10074,Canada_2011,0,355,8,this,this,DT,DT
10075,Canada_2011,0,355,9,Act,act,NNP,NN
10076,Canada_2011,0,355,10,shall,shall,MD,MD
10077,Canada_2011,0,355,11,affect,affect,VB,VB
10078,Canada_2011,0,355,12,the,the,DT,DT
10079,Canada_2011,0,355,13,Right,right,NNP,NN
10080,Canada_2011,0,355,14,of,of,IN,IN
10081,Canada_2011,0,355,15,New,new,NNP,NN
10082,Canada_2011,0,355,16,Brunswick,brunswick,NNP,NN
10083,Canada_2011,0,355,17,to,to,TO,TO
10084,Canada_2011,0,355,18,levy,levy,VB,VB
10085,Canada_2011,0,355,19,the,the,DT,DT
10086,Canada_2011,0,355,20,Lumber,lumber,NNP,NN
10087,Canada_2011,0,355,21,Dues,dues,NNP,NN
10088,Canada_2011,0,355,22,provided,provided,VBD,VB
10089,Canada_2011,0,355,23,in,in,IN,IN
10090,Canada_2011,0,355,24,Chapter,chapter,NNP,NN
10091,Canada_2011,0,355,25,Fifteen,fifteen,NNP,NN
10092,Canada_2011,0,355,26,of,of,IN,IN
10093,Canada_2011,0,355,27,Title,title,NNP,NN
10094,Canada_2011,0,355,28,Three,three,NNP,NN
10095,Canada_2011,0,355,29,of,of,IN,IN
10096,Canada_2011,0,355,30,the,the,DT,DT
10097,Canada_2011,0,355,31,Revised,revised,VBN,VB
10098,Canada_2011,0,355,32,Statutes,statutes,NNS,NN
10099,Canada_2011,0,355,33,of,of,IN,IN
10100,Canada_2011,0,355,34,New,new,NNP,NN
10101,Canada_2011,0,355,35,Brunswick,brunswick,NNP,NN
10102,Canada_2011,0,355,37,or,or,CC,CC
10103,Canada_2011,0,355,38,in,in,IN,IN
10104,Canada_2011,0,355,39,any,any,DT,DT
10105,Canada_2011,0,355,40,Act,act,NNP,NN
10106,Canada_2011,0,355,41,amending,amending,NN,NN
10107,Canada_2011,0,355,42,that,that,WDT,WD
10108,Canada_2011,0,355,43,Act,act,NNP,NN
10109,Canada_2011,0,355,44,before,before,IN,IN
10110,Canada_2011,0,355,45,or,or,CC,CC
10111,Canada_2011,0,355,46,after,after,IN,IN
10112,Canada_2011,0,355,47,the,the,DT,DT
10113,Canada_2011,0,355,48,Union,union,NNP,NN
10114,Canada_2011,0,355,50,and,and,CC,CC
10115,Canada_2011,0,355,51,not,not,RB,RB
10116,Canada_2011,0,355,52,increasing,increasing,VBG,VB
10117,Canada_2011,0,355,53,the,the,DT,DT
10118,Canada_2011,0,355,54,Amount,amount,NNP,NN
10119,Canada_2011,0,355,55,of,of,IN,IN
10120,Canada_2011,0,355,56,such,such,JJ,JJ
10121,Canada_2011,0,355,57,Dues,dues,NNS,NN
10122,Canada_2011,0,355,59,but,but,CC,CC
10123,Canada_2011,0,355,60,the,the,DT,DT
10124,Canada_2011,0,355,61,Lumber,lumber,NNP,NN
10125,Canada_2011,0,355,62,of,of,IN,IN
10126,Canada_2011,0,355,63,any,any,DT,DT
10127,Canada_2011,0,355,64,of,of,IN,IN
10128,Canada_2011,0,355,65,the,the,DT,DT
10129,Canada_2011,0,355,66,Provinces,provinces,NNPS,NN
10130,Canada_2011,0,355,67,other,other,JJ,JJ
10131,Canada_2011,0,355,68,than,than,IN,IN
10132,Canada_2011,0,355,69,New,new,NNP,NN
10133,Canada_2011,0,355,70,Brunswick,brunswick,NNP,NN
10134,Canada_2011,0,355,71,shall,shall,MD,MD
10135,Canada_2011,0,355,72,not,not,RB,RB
10136,Canada_2011,0,355,73,be,be,VB,VB
10137,Canada_2011,0,355,74,subject,subject,JJ,JJ
10138,Canada_2011,0,355,75,to,to,TO,TO
10139,Canada_2011,0,355,76,such,such,JJ,JJ
10140,Canada_2011,0,355,77,Dues,dues,NNS,NN
10141,Canada_2011,0,356,0,125,125,CD,CD
10142,Canada_2011,0,357,0,Exemption,exemption,NN,NN
10143,Canada_2011,0,357,1,of,of,IN,IN
10144,Canada_2011,0,357,2,Public,public,NNP,NN
10145,Canada_2011,0,357,3,Lands,lands,NNP,NN
10146,Canada_2011,0,357,5,etc,etc,FW,FW
10147,Canada_2011,0,357,6,Share,share,NNP,NN
10148,Canada_2011,0,357,7,No,no,NNP,NN
10149,Canada_2011,0,357,8,Lands,lands,NNP,NN
10150,Canada_2011,0,357,9,or,or,CC,CC
10151,Canada_2011,0,357,10,Property,property,NNP,NN
10152,Canada_2011,0,357,11,belonging,belonging,NN,NN
10153,Canada_2011,0,357,12,to,to,TO,TO
10154,Canada_2011,0,357,13,Canada,canada,NNP,NN
10155,Canada_2011,0,357,14,or,or,CC,CC
10156,Canada_2011,0,357,15,any,any,DT,DT
10157,Canada_2011,0,357,16,Province,province,NNP,NN
10158,Canada_2011,0,357,17,shall,shall,MD,MD
10159,Canada_2011,0,357,18,be,be,VB,VB
10160,Canada_2011,0,357,19,liable,liable,JJ,JJ
10161,Canada_2011,0,357,20,to,to,TO,TO
10162,Canada_2011,0,357,21,Taxation,taxation,NNP,NN
10163,Canada_2011,0,358,0,126,126,CD,CD
10164,Canada_2011,0,359,0,Provincial,provincial,NNP,NN
10165,Canada_2011,0,359,1,Consolidated,consolidated,NNP,NN
10166,Canada_2011,0,359,2,Revenue,revenue,NNP,NN
10167,Canada_2011,0,359,3,Fund,fund,NNP,NN
10168,Canada_2011,0,359,4,Share,share,NNP,NN
10169,Canada_2011,0,359,5,Such,such,JJ,JJ
10170,Canada_2011,0,359,6,Portions,portions,NNS,NN
10171,Canada_2011,0,359,7,of,of,IN,IN
10172,Canada_2011,0,359,8,the,the,DT,DT
10173,Canada_2011,0,359,9,Duties,duties,NNPS,NN
10174,Canada_2011,0,359,10,and,and,CC,CC
10175,Canada_2011,0,359,11,Revenues,revenues,NNP,NN
10176,Canada_2011,0,359,12,over,over,IN,IN
10177,Canada_2011,0,359,13,which,which,WDT,WD
10178,Canada_2011,0,359,14,the,the,DT,DT
10179,Canada_2011,0,359,15,respective,respective,NN,NN
10180,Canada_2011,0,359,16,Legislatures,legislatures,NNP,NN
10181,Canada_2011,0,359,17,of,of,IN,IN
10182,Canada_2011,0,359,18,Canada,canada,NNP,NN
10183,Canada_2011,0,359,20,Nova,nova,NNP,NN
10184,Canada_2011,0,359,21,Scotia,scotia,NNP,NN
10185,Canada_2011,0,359,23,and,and,CC,CC
10186,Canada_2011,0,359,24,New,new,NNP,NN
10187,Canada_2011,0,359,25,Brunswick,brunswick,NNP,NN
10188,Canada_2011,0,359,26,had,had,VBD,VB
10189,Canada_2011,0,359,27,before,before,IN,IN
10190,Canada_2011,0,359,28,the,the,DT,DT
10191,Canada_2011,0,359,29,Union,union,NNP,NN
10192,Canada_2011,0,359,30,Power,power,NNP,NN
10193,Canada_2011,0,359,31,of,of,IN,IN
10194,Canada_2011,0,359,32,Appropriation,appropriation,NNP,NN
10195,Canada_2011,0,359,33,as,as,IN,IN
10196,Canada_2011,0,359,34,are,are,VBP,VB
10197,Canada_2011,0,359,35,by,by,IN,IN
10198,Canada_2011,0,359,36,this,this,DT,DT
10199,Canada_2011,0,359,37,Act,act,NNP,NN
10200,Canada_2011,0,359,38,reserved,reserved,VBD,VB
10201,Canada_2011,0,359,39,to,to,TO,TO
10202,Canada_2011,0,359,40,the,the,DT,DT
10203,Canada_2011,0,359,41,respective,respective,JJ,JJ
10204,Canada_2011,0,359,42,Governments,governments,NNS,NN
10205,Canada_2011,0,359,43,or,or,CC,CC
10206,Canada_2011,0,359,44,Legislatures,legislatures,NNS,NN
10207,Canada_2011,0,359,45,of,of,IN,IN
10208,Canada_2011,0,359,46,the,the,DT,DT
10209,Canada_2011,0,359,47,Provinces,provinces,NNPS,NN
10210,Canada_2011,0,359,49,and,and,CC,CC
10211,Canada_2011,0,359,50,all,all,DT,DT
10212,Canada_2011,0,359,51,Duties,duties,NNS,NN
10213,Canada_2011,0,359,52,and,and,CC,CC
10214,Canada_2011,0,359,53,Revenues,revenues,NNS,NN
10215,Canada_2011,0,359,54,raised,raised,VBN,VB
10216,Canada_2011,0,359,55,by,by,IN,IN
10217,Canada_2011,0,359,56,them,them,PRP,PR
10218,Canada_2011,0,359,57,in,in,IN,IN
10219,Canada_2011,0,359,58,accordance,accordance,NN,NN
10220,Canada_2011,0,359,59,with,with,IN,IN
10221,Canada_2011,0,359,60,the,the,DT,DT
10222,Canada_2011,0,359,61,special,special,JJ,JJ
10223,Canada_2011,0,359,62,Powers,powers,NNS,NN
10224,Canada_2011,0,359,63,conferred,conferred,VBN,VB
10225,Canada_2011,0,359,64,upon,upon,IN,IN
10226,Canada_2011,0,359,65,them,them,PRP,PR
10227,Canada_2011,0,359,66,by,by,IN,IN
10228,Canada_2011,0,359,67,this,this,DT,DT
10229,Canada_2011,0,359,68,Act,act,NNP,NN
10230,Canada_2011,0,359,70,shall,shall,MD,MD
10231,Canada_2011,0,359,71,in,in,IN,IN
10232,Canada_2011,0,359,72,each,each,DT,DT
10233,Canada_2011,0,359,73,Province,province,NNP,NN
10234,Canada_2011,0,359,74,form,form,NN,NN
10235,Canada_2011,0,359,75,One,one,CD,CD
10236,Canada_2011,0,359,76,Consolidated,consolidated,NNP,NN
10237,Canada_2011,0,359,77,Revenue,revenue,NNP,NN
10238,Canada_2011,0,359,78,Fund,fund,NNP,NN
10239,Canada_2011,0,359,79,to,to,TO,TO
10240,Canada_2011,0,359,80,be,be,VB,VB
10241,Canada_2011,0,359,81,appropriated,appropriated,VBN,VB
10242,Canada_2011,0,359,82,for,for,IN,IN
10243,Canada_2011,0,359,83,the,the,DT,DT
10244,Canada_2011,0,359,84,Public,public,NNP,NN
10245,Canada_2011,0,359,85,Service,service,NNP,NN
10246,Canada_2011,0,359,86,of,of,IN,IN
10247,Canada_2011,0,359,87,the,the,DT,DT
10248,Canada_2011,0,359,88,Province,province,NNP,NN
10249,Canada_2011,0,360,0,IX,ix,NNP,NN
10250,Canada_2011,0,361,0,MISCELLANEOUS,miscellaneous,NNP,NN
10251,Canada_2011,0,361,1,PROVISIONS,provisions,NNP,NN
10252,Canada_2011,0,361,2,Part,part,NNP,NN
10253,Canada_2011,0,361,3,1,1,CD,CD
10254,Canada_2011,0,362,0,GENERAL,general,NNP,NN
10255,Canada_2011,0,362,1,127,127,CD,CD
10256,Canada_2011,0,363,0,Repealed,repealed,VBN,VB
10257,Canada_2011,0,363,1,128,128,CD,CD
10258,Canada_2011,0,364,0,Oath,oath,NN,NN
10259,Canada_2011,0,364,1,of,of,IN,IN
10260,Canada_2011,0,364,2,Allegiance,allegiance,NNP,NN
10261,Canada_2011,0,364,4,etc,etc,FW,FW
10262,Canada_2011,0,364,5,Share,share,NNP,NN
10263,Canada_2011,0,364,6,Every,every,NNP,NN
10264,Canada_2011,0,364,7,Member,member,NNP,NN
10265,Canada_2011,0,364,8,of,of,IN,IN
10266,Canada_2011,0,364,9,the,the,DT,DT
10267,Canada_2011,0,364,10,Senate,senate,NNP,NN
10268,Canada_2011,0,364,11,or,or,CC,CC
10269,Canada_2011,0,364,12,House,house,NNP,NN
10270,Canada_2011,0,364,13,of,of,IN,IN
10271,Canada_2011,0,364,14,Commons,commons,NNPS,NN
10272,Canada_2011,0,364,15,of,of,IN,IN
10273,Canada_2011,0,364,16,Canada,canada,NNP,NN
10274,Canada_2011,0,364,17,shall,shall,MD,MD
10275,Canada_2011,0,364,18,before,before,IN,IN
10276,Canada_2011,0,364,19,taking,taking,VBG,VB
10277,Canada_2011,0,364,20,his,his,PRP$,PR
10278,Canada_2011,0,364,21,Seat,seat,NN,NN
10279,Canada_2011,0,364,22,therein,therein,NNS,NN
10280,Canada_2011,0,364,23,take,take,VBP,VB
10281,Canada_2011,0,364,24,and,and,CC,CC
10282,Canada_2011,0,364,25,subscribe,subscribe,VBP,VB
10283,Canada_2011,0,364,26,before,before,IN,IN
10284,Canada_2011,0,364,27,the,the,DT,DT
10285,Canada_2011,0,364,28,Governor,governor,NNP,NN
10286,Canada_2011,0,364,29,General,general,NNP,NN
10287,Canada_2011,0,364,30,or,or,CC,CC
10288,Canada_2011,0,364,31,some,some,DT,DT
10289,Canada_2011,0,364,32,Person,person,NNP,NN
10290,Canada_2011,0,364,33,authorized,authorized,VBN,VB
10291,Canada_2011,0,364,34,by,by,IN,IN
10292,Canada_2011,0,364,35,him,him,PRP,PR
10293,Canada_2011,0,364,37,and,and,CC,CC
10294,Canada_2011,0,364,38,every,every,DT,DT
10295,Canada_2011,0,364,39,Member,member,NNP,NN
10296,Canada_2011,0,364,40,of,of,IN,IN
10297,Canada_2011,0,364,41,a,a,DT,DT
10298,Canada_2011,0,364,42,Legislative,legislative,JJ,JJ
10299,Canada_2011,0,364,43,Council,council,NNP,NN
10300,Canada_2011,0,364,44,or,or,CC,CC
10301,Canada_2011,0,364,45,Legislative,legislative,NNP,NN
10302,Canada_2011,0,364,46,Assembly,assembly,NNP,NN
10303,Canada_2011,0,364,47,of,of,IN,IN
10304,Canada_2011,0,364,48,any,any,DT,DT
10305,Canada_2011,0,364,49,Province,province,NNP,NN
10306,Canada_2011,0,364,50,shall,shall,MD,MD
10307,Canada_2011,0,364,51,before,before,IN,IN
10308,Canada_2011,0,364,52,taking,taking,VBG,VB
10309,Canada_2011,0,364,53,his,his,PRP$,PR
10310,Canada_2011,0,364,54,Seat,seat,NN,NN
10311,Canada_2011,0,364,55,therein,therein,NNS,NN
10312,Canada_2011,0,364,56,take,take,VBP,VB
10313,Canada_2011,0,364,57,and,and,CC,CC
10314,Canada_2011,0,364,58,subscribe,subscribe,VBP,VB
10315,Canada_2011,0,364,59,before,before,IN,IN
10316,Canada_2011,0,364,60,the,the,DT,DT
10317,Canada_2011,0,364,61,Lieutenant,lieutenant,NNP,NN
10318,Canada_2011,0,364,62,Governor,governor,NNP,NN
10319,Canada_2011,0,364,63,of,of,IN,IN
10320,Canada_2011,0,364,64,the,the,DT,DT
10321,Canada_2011,0,364,65,Province,province,NNP,NN
10322,Canada_2011,0,364,66,or,or,CC,CC
10323,Canada_2011,0,364,67,some,some,DT,DT
10324,Canada_2011,0,364,68,Person,person,NNP,NN
10325,Canada_2011,0,364,69,authorized,authorized,VBN,VB
10326,Canada_2011,0,364,70,by,by,IN,IN
10327,Canada_2011,0,364,71,him,him,PRP,PR
10328,Canada_2011,0,364,73,the,the,DT,DT
10329,Canada_2011,0,364,74,Oath,oath,NNP,NN
10330,Canada_2011,0,364,75,of,of,IN,IN
10331,Canada_2011,0,364,76,Allegiance,allegiance,NNP,NN
10332,Canada_2011,0,364,77,contained,contained,VBD,VB
10333,Canada_2011,0,364,78,in,in,IN,IN
10334,Canada_2011,0,364,79,the,the,DT,DT
10335,Canada_2011,0,364,80,Fifth,fifth,NNP,NN
10336,Canada_2011,0,364,81,Schedule,schedule,NNP,NN
10337,Canada_2011,0,364,82,to,to,TO,TO
10338,Canada_2011,0,364,83,this,this,DT,DT
10339,Canada_2011,0,364,84,Act,act,NNP,NN
10340,Canada_2011,0,364,86,and,and,CC,CC
10341,Canada_2011,0,364,87,every,every,DT,DT
10342,Canada_2011,0,364,88,Member,member,NNP,NN
10343,Canada_2011,0,364,89,of,of,IN,IN
10344,Canada_2011,0,364,90,the,the,DT,DT
10345,Canada_2011,0,364,91,Senate,senate,NNP,NN
10346,Canada_2011,0,364,92,of,of,IN,IN
10347,Canada_2011,0,364,93,Canada,canada,NNP,NN
10348,Canada_2011,0,364,94,and,and,CC,CC
10349,Canada_2011,0,364,95,every,every,DT,DT
10350,Canada_2011,0,364,96,Member,member,NNP,NN
10351,Canada_2011,0,364,97,of,of,IN,IN
10352,Canada_2011,0,364,98,the,the,DT,DT
10353,Canada_2011,0,364,99,Legislative,legislative,NNP,NN
10354,Canada_2011,0,364,100,Council,council,NNP,NN
10355,Canada_2011,0,364,101,of,of,IN,IN
10356,Canada_2011,0,364,102,Quebec,quebec,NNP,NN
10357,Canada_2011,0,364,103,shall,shall,MD,MD
10358,Canada_2011,0,364,104,also,also,RB,RB
10359,Canada_2011,0,364,106,before,before,IN,IN
10360,Canada_2011,0,364,107,taking,taking,VBG,VB
10361,Canada_2011,0,364,108,his,his,PRP$,PR
10362,Canada_2011,0,364,109,Seat,seat,NN,NN
10363,Canada_2011,0,364,110,therein,therein,NN,NN
10364,Canada_2011,0,364,112,take,take,VB,VB
10365,Canada_2011,0,364,113,and,and,CC,CC
10366,Canada_2011,0,364,114,subscribe,subscribe,VB,VB
10367,Canada_2011,0,364,115,before,before,IN,IN
10368,Canada_2011,0,364,116,the,the,DT,DT
10369,Canada_2011,0,364,117,Governor,governor,NNP,NN
10370,Canada_2011,0,364,118,General,general,NNP,NN
10371,Canada_2011,0,364,120,or,or,CC,CC
10372,Canada_2011,0,364,121,some,some,DT,DT
10373,Canada_2011,0,364,122,Person,person,NNP,NN
10374,Canada_2011,0,364,123,authorized,authorized,VBN,VB
10375,Canada_2011,0,364,124,by,by,IN,IN
10376,Canada_2011,0,364,125,him,him,PRP,PR
10377,Canada_2011,0,364,127,the,the,DT,DT
10378,Canada_2011,0,364,128,Declaration,declaration,NNP,NN
10379,Canada_2011,0,364,129,of,of,IN,IN
10380,Canada_2011,0,364,130,Qualification,qualification,NNP,NN
10381,Canada_2011,0,364,131,contained,contained,VBD,VB
10382,Canada_2011,0,364,132,in,in,IN,IN
10383,Canada_2011,0,364,133,the,the,DT,DT
10384,Canada_2011,0,364,134,same,same,JJ,JJ
10385,Canada_2011,0,364,135,Schedule,schedule,NNP,NN
10386,Canada_2011,0,365,0,129,129,CD,CD
10387,Canada_2011,0,366,0,Continuance,continuance,NN,NN
10388,Canada_2011,0,366,1,of,of,IN,IN
10389,Canada_2011,0,366,2,existing,existing,VBG,VB
10390,Canada_2011,0,366,3,Laws,laws,NNP,NN
10391,Canada_2011,0,366,5,Courts,courts,NNP,NN
10392,Canada_2011,0,366,7,Officers,officers,NNP,NN
10393,Canada_2011,0,366,9,etc,etc,FW,FW
10394,Canada_2011,0,366,10,Share,share,NNP,NN
10395,Canada_2011,0,366,11,Except,except,NNP,NN
10396,Canada_2011,0,366,12,as,as,IN,IN
10397,Canada_2011,0,366,13,otherwise,otherwise,RB,RB
10398,Canada_2011,0,366,14,provided,provided,VBN,VB
10399,Canada_2011,0,366,15,by,by,IN,IN
10400,Canada_2011,0,366,16,this,this,DT,DT
10401,Canada_2011,0,366,17,Act,act,NNP,NN
10402,Canada_2011,0,366,19,all,all,DT,DT
10403,Canada_2011,0,366,20,Laws,laws,NNP,NN
10404,Canada_2011,0,366,21,in,in,IN,IN
10405,Canada_2011,0,366,22,force,force,NN,NN
10406,Canada_2011,0,366,23,in,in,IN,IN
10407,Canada_2011,0,366,24,Canada,canada,NNP,NN
10408,Canada_2011,0,366,26,Nova,nova,NNP,NN
10409,Canada_2011,0,366,27,Scotia,scotia,NNP,NN
10410,Canada_2011,0,366,29,or,or,CC,CC
10411,Canada_2011,0,366,30,New,new,NNP,NN
10412,Canada_2011,0,366,31,Brunswick,brunswick,NNP,NN
10413,Canada_2011,0,366,32,at,at,IN,IN
10414,Canada_2011,0,366,33,the,the,DT,DT
10415,Canada_2011,0,366,34,Union,union,NNP,NN
10416,Canada_2011,0,366,36,and,and,CC,CC
10417,Canada_2011,0,366,37,all,all,DT,DT
10418,Canada_2011,0,366,38,Courts,courts,NNS,NN
10419,Canada_2011,0,366,39,of,of,IN,IN
10420,Canada_2011,0,366,40,Civil,civil,NNP,NN
10421,Canada_2011,0,366,41,and,and,CC,CC
10422,Canada_2011,0,366,42,Criminal,criminal,NNP,NN
10423,Canada_2011,0,366,43,Jurisdiction,jurisdiction,NNP,NN
10424,Canada_2011,0,366,45,and,and,CC,CC
10425,Canada_2011,0,366,46,all,all,DT,DT
10426,Canada_2011,0,366,47,legal,legal,JJ,JJ
10427,Canada_2011,0,366,48,Commissions,commissions,NNS,NN
10428,Canada_2011,0,366,50,Powers,powers,NNS,NN
10429,Canada_2011,0,366,52,and,and,CC,CC
10430,Canada_2011,0,366,53,Authorities,authorities,NNP,NN
10431,Canada_2011,0,366,55,and,and,CC,CC
10432,Canada_2011,0,366,56,all,all,DT,DT
10433,Canada_2011,0,366,57,Officers,officers,NNP,NN
10434,Canada_2011,0,366,59,Judicial,judicial,NNP,NN
10435,Canada_2011,0,366,61,Administrative,administrative,NNP,NN
10436,Canada_2011,0,366,63,and,and,CC,CC
10437,Canada_2011,0,366,64,Ministerial,ministerial,NNP,NN
10438,Canada_2011,0,366,66,existing,existing,VBG,VB
10439,Canada_2011,0,366,67,therein,therein,NN,NN
10440,Canada_2011,0,366,68,at,at,IN,IN
10441,Canada_2011,0,366,69,the,the,DT,DT
10442,Canada_2011,0,366,70,Union,union,NNP,NN
10443,Canada_2011,0,366,72,shall,shall,MD,MD
10444,Canada_2011,0,366,73,continue,continue,VB,VB
10445,Canada_2011,0,366,74,in,in,IN,IN
10446,Canada_2011,0,366,75,Ontario,ontario,NNP,NN
10447,Canada_2011,0,366,77,Quebec,quebec,NNP,NN
10448,Canada_2011,0,366,79,Nova,nova,NNP,NN
10449,Canada_2011,0,366,80,Scotia,scotia,NNP,NN
10450,Canada_2011,0,366,82,and,and,CC,CC
10451,Canada_2011,0,366,83,New,new,NNP,NN
10452,Canada_2011,0,366,84,Brunswick,brunswick,NNP,NN
10453,Canada_2011,0,366,85,respectively,respectively,RB,RB
10454,Canada_2011,0,366,87,as,as,IN,IN
10455,Canada_2011,0,366,88,if,if,IN,IN
10456,Canada_2011,0,366,89,the,the,DT,DT
10457,Canada_2011,0,366,90,Union,union,NNP,NN
10458,Canada_2011,0,366,91,had,had,VBD,VB
10459,Canada_2011,0,366,92,not,not,RB,RB
10460,Canada_2011,0,366,93,been,been,VBN,VB
10461,Canada_2011,0,366,94,made,made,VBN,VB
10462,Canada_2011,0,366,96,subject,subject,JJ,JJ
10463,Canada_2011,0,366,97,nevertheless,nevertheless,NN,NN
10464,Canada_2011,0,366,99,except,except,IN,IN
10465,Canada_2011,0,366,100,with,with,IN,IN
10466,Canada_2011,0,366,101,respect,respect,NN,NN
10467,Canada_2011,0,366,102,to,to,TO,TO
10468,Canada_2011,0,366,103,such,such,JJ,JJ
10469,Canada_2011,0,366,104,as,as,IN,IN
10470,Canada_2011,0,366,105,are,are,VBP,VB
10471,Canada_2011,0,366,106,enacted,enacted,VBN,VB
10472,Canada_2011,0,366,107,by,by,IN,IN
10473,Canada_2011,0,366,108,or,or,CC,CC
10474,Canada_2011,0,366,109,exist,exist,VB,VB
10475,Canada_2011,0,366,110,under,under,IN,IN
10476,Canada_2011,0,366,111,Acts,acts,NNS,NN
10477,Canada_2011,0,366,112,of,of,IN,IN
10478,Canada_2011,0,366,113,the,the,DT,DT
10479,Canada_2011,0,366,114,Parliament,parliament,NNP,NN
10480,Canada_2011,0,366,115,of,of,IN,IN
10481,Canada_2011,0,366,116,Great,great,NNP,NN
10482,Canada_2011,0,366,117,Britain,britain,NNP,NN
10483,Canada_2011,0,366,118,or,or,CC,CC
10484,Canada_2011,0,366,119,of,of,IN,IN
10485,Canada_2011,0,366,120,the,the,DT,DT
10486,Canada_2011,0,366,121,Parliament,parliament,NNP,NN
10487,Canada_2011,0,366,122,of,of,IN,IN
10488,Canada_2011,0,366,123,the,the,DT,DT
10489,Canada_2011,0,366,124,United,united,NNP,NN
10490,Canada_2011,0,366,125,Kingdom,kingdom,NNP,NN
10491,Canada_2011,0,366,126,of,of,IN,IN
10492,Canada_2011,0,366,127,Great,great,NNP,NN
10493,Canada_2011,0,366,128,Britain,britain,NNP,NN
10494,Canada_2011,0,366,129,and,and,CC,CC
10495,Canada_2011,0,366,130,Ireland,ireland,NNP,NN
10496,Canada_2011,0,366,133,to,to,TO,TO
10497,Canada_2011,0,366,134,be,be,VB,VB
10498,Canada_2011,0,366,135,repealed,repealed,VBN,VB
10499,Canada_2011,0,366,137,abolished,abolished,VBN,VB
10500,Canada_2011,0,366,139,or,or,CC,CC
10501,Canada_2011,0,366,140,altered,altered,VBN,VB
10502,Canada_2011,0,366,141,by,by,IN,IN
10503,Canada_2011,0,366,142,the,the,DT,DT
10504,Canada_2011,0,366,143,Parliament,parliament,NNP,NN
10505,Canada_2011,0,366,144,of,of,IN,IN
10506,Canada_2011,0,366,145,Canada,canada,NNP,NN
10507,Canada_2011,0,366,147,or,or,CC,CC
10508,Canada_2011,0,366,148,by,by,IN,IN
10509,Canada_2011,0,366,149,the,the,DT,DT
10510,Canada_2011,0,366,150,Legislature,legislature,NNP,NN
10511,Canada_2011,0,366,151,of,of,IN,IN
10512,Canada_2011,0,366,152,the,the,DT,DT
10513,Canada_2011,0,366,153,respective,respective,JJ,JJ
10514,Canada_2011,0,366,154,Province,province,NNP,NN
10515,Canada_2011,0,366,156,according,according,VBG,VB
10516,Canada_2011,0,366,157,to,to,TO,TO
10517,Canada_2011,0,366,158,the,the,DT,DT
10518,Canada_2011,0,366,159,Authority,authority,NNP,NN
10519,Canada_2011,0,366,160,of,of,IN,IN
10520,Canada_2011,0,366,161,the,the,DT,DT
10521,Canada_2011,0,366,162,Parliament,parliament,NNP,NN
10522,Canada_2011,0,366,163,or,or,CC,CC
10523,Canada_2011,0,366,164,of,of,IN,IN
10524,Canada_2011,0,366,165,that,that,DT,DT
10525,Canada_2011,0,366,166,Legislature,legislature,NNP,NN
10526,Canada_2011,0,366,167,under,under,IN,IN
10527,Canada_2011,0,366,168,this,this,DT,DT
10528,Canada_2011,0,366,169,Act,act,NNP,NN
10529,Canada_2011,0,367,0,130,130,CD,CD
10530,Canada_2011,0,368,0,Transfer,transfer,NN,NN
10531,Canada_2011,0,368,1,of,of,IN,IN
10532,Canada_2011,0,368,2,Officers,officers,NNS,NN
10533,Canada_2011,0,368,3,to,to,TO,TO
10534,Canada_2011,0,368,4,Canada,canada,NNP,NN
10535,Canada_2011,0,368,5,Share,share,NNP,NN
10536,Canada_2011,0,368,6,Until,until,IN,IN
10537,Canada_2011,0,368,7,the,the,DT,DT
10538,Canada_2011,0,368,8,Parliament,parliament,NNP,NN
10539,Canada_2011,0,368,9,of,of,IN,IN
10540,Canada_2011,0,368,10,Canada,canada,NNP,NN
10541,Canada_2011,0,368,11,otherwise,otherwise,RB,RB
10542,Canada_2011,0,368,12,provides,provides,VBZ,VB
10543,Canada_2011,0,368,14,all,all,DT,DT
10544,Canada_2011,0,368,15,Officers,officers,NNS,NN
10545,Canada_2011,0,368,16,of,of,IN,IN
10546,Canada_2011,0,368,17,the,the,DT,DT
10547,Canada_2011,0,368,18,several,several,JJ,JJ
10548,Canada_2011,0,368,19,Provinces,provinces,NNS,NN
10549,Canada_2011,0,368,20,having,having,VBG,VB
10550,Canada_2011,0,368,21,Duties,duties,NNS,NN
10551,Canada_2011,0,368,22,to,to,TO,TO
10552,Canada_2011,0,368,23,discharge,discharge,VB,VB
10553,Canada_2011,0,368,24,in,in,IN,IN
10554,Canada_2011,0,368,25,relation,relation,NN,NN
10555,Canada_2011,0,368,26,to,to,TO,TO
10556,Canada_2011,0,368,27,Matters,matters,NNP,NN
10557,Canada_2011,0,368,28,other,other,JJ,JJ
10558,Canada_2011,0,368,29,than,than,IN,IN
10559,Canada_2011,0,368,30,those,those,DT,DT
10560,Canada_2011,0,368,31,coming,coming,VBG,VB
10561,Canada_2011,0,368,32,within,within,IN,IN
10562,Canada_2011,0,368,33,the,the,DT,DT
10563,Canada_2011,0,368,34,Classes,classes,NNS,NN
10564,Canada_2011,0,368,35,of,of,IN,IN
10565,Canada_2011,0,368,36,Subjects,subjects,NNS,NN
10566,Canada_2011,0,368,37,by,by,IN,IN
10567,Canada_2011,0,368,38,this,this,DT,DT
10568,Canada_2011,0,368,39,Act,act,NNP,NN
10569,Canada_2011,0,368,40,assigned,assigned,VBD,VB
10570,Canada_2011,0,368,41,exclusively,exclusively,RB,RB
10571,Canada_2011,0,368,42,to,to,TO,TO
10572,Canada_2011,0,368,43,the,the,DT,DT
10573,Canada_2011,0,368,44,Legislatures,legislatures,NNP,NN
10574,Canada_2011,0,368,45,of,of,IN,IN
10575,Canada_2011,0,368,46,the,the,DT,DT
10576,Canada_2011,0,368,47,Provinces,provinces,NNPS,NN
10577,Canada_2011,0,368,48,shall,shall,MD,MD
10578,Canada_2011,0,368,49,be,be,VB,VB
10579,Canada_2011,0,368,50,Officers,officers,NNS,NN
10580,Canada_2011,0,368,51,of,of,IN,IN
10581,Canada_2011,0,368,52,Canada,canada,NNP,NN
10582,Canada_2011,0,368,54,and,and,CC,CC
10583,Canada_2011,0,368,55,shall,shall,MD,MD
10584,Canada_2011,0,368,56,continue,continue,VB,VB
10585,Canada_2011,0,368,57,to,to,TO,TO
10586,Canada_2011,0,368,58,discharge,discharge,VB,VB
10587,Canada_2011,0,368,59,the,the,DT,DT
10588,Canada_2011,0,368,60,Duties,duties,NNS,NN
10589,Canada_2011,0,368,61,of,of,IN,IN
10590,Canada_2011,0,368,62,their,their,PRP$,PR
10591,Canada_2011,0,368,63,respective,respective,JJ,JJ
10592,Canada_2011,0,368,64,Offices,offices,NNS,NN
10593,Canada_2011,0,368,65,under,under,IN,IN
10594,Canada_2011,0,368,66,the,the,DT,DT
10595,Canada_2011,0,368,67,same,same,JJ,JJ
10596,Canada_2011,0,368,68,Liabilities,liabilities,NNP,NN
10597,Canada_2011,0,368,70,Responsibilities,responsibilities,NNP,NN
10598,Canada_2011,0,368,72,and,and,CC,CC
10599,Canada_2011,0,368,73,Penalties,penalties,NNS,NN
10600,Canada_2011,0,368,74,as,as,IN,IN
10601,Canada_2011,0,368,75,if,if,IN,IN
10602,Canada_2011,0,368,76,the,the,DT,DT
10603,Canada_2011,0,368,77,Union,union,NNP,NN
10604,Canada_2011,0,368,78,had,had,VBD,VB
10605,Canada_2011,0,368,79,not,not,RB,RB
10606,Canada_2011,0,368,80,been,been,VBN,VB
10607,Canada_2011,0,368,81,made,made,VBN,VB
10608,Canada_2011,0,369,0,131,131,CD,CD
10609,Canada_2011,0,370,0,Appointment,appointment,NN,NN
10610,Canada_2011,0,370,1,of,of,IN,IN
10611,Canada_2011,0,370,2,new,new,JJ,JJ
10612,Canada_2011,0,370,3,Officers,officers,NNP,NN
10613,Canada_2011,0,370,4,Share,share,NNP,NN
10614,Canada_2011,0,370,5,Until,until,IN,IN
10615,Canada_2011,0,370,6,the,the,DT,DT
10616,Canada_2011,0,370,7,Parliament,parliament,NNP,NN
10617,Canada_2011,0,370,8,of,of,IN,IN
10618,Canada_2011,0,370,9,Canada,canada,NNP,NN
10619,Canada_2011,0,370,10,otherwise,otherwise,RB,RB
10620,Canada_2011,0,370,11,provides,provides,VBZ,VB
10621,Canada_2011,0,370,13,the,the,DT,DT
10622,Canada_2011,0,370,14,Governor,governor,NNP,NN
10623,Canada_2011,0,370,15,General,general,NNP,NN
10624,Canada_2011,0,370,16,in,in,IN,IN
10625,Canada_2011,0,370,17,Council,council,NNP,NN
10626,Canada_2011,0,370,18,may,may,MD,MD
10627,Canada_2011,0,370,19,from,from,IN,IN
10628,Canada_2011,0,370,20,Time,time,NNP,NN
10629,Canada_2011,0,370,21,to,to,TO,TO
10630,Canada_2011,0,370,22,Time,time,VB,VB
10631,Canada_2011,0,370,23,appoint,appoint,NN,NN
10632,Canada_2011,0,370,24,such,such,JJ,JJ
10633,Canada_2011,0,370,25,Officers,officers,NNS,NN
10634,Canada_2011,0,370,26,as,as,IN,IN
10635,Canada_2011,0,370,27,the,the,DT,DT
10636,Canada_2011,0,370,28,Governor,governor,NNP,NN
10637,Canada_2011,0,370,29,General,general,NNP,NN
10638,Canada_2011,0,370,30,in,in,IN,IN
10639,Canada_2011,0,370,31,Council,council,NNP,NN
10640,Canada_2011,0,370,32,deems,deems,VBZ,VB
10641,Canada_2011,0,370,33,necessary,necessary,JJ,JJ
10642,Canada_2011,0,370,34,or,or,CC,CC
10643,Canada_2011,0,370,35,proper,proper,JJ,JJ
10644,Canada_2011,0,370,36,for,for,IN,IN
10645,Canada_2011,0,370,37,the,the,DT,DT
10646,Canada_2011,0,370,38,effectual,effectual,JJ,JJ
10647,Canada_2011,0,370,39,Execution,execution,NN,NN
10648,Canada_2011,0,370,40,of,of,IN,IN
10649,Canada_2011,0,370,41,this,this,DT,DT
10650,Canada_2011,0,370,42,Act,act,NNP,NN
10651,Canada_2011,0,371,0,132,132,CD,CD
10652,Canada_2011,0,372,0,Treaty,treaty,NNP,NN
10653,Canada_2011,0,372,1,Obligations,obligations,NNP,NN
10654,Canada_2011,0,372,2,Share,share,NNP,NN
10655,Canada_2011,0,372,3,The,the,DT,DT
10656,Canada_2011,0,372,4,Parliament,parliament,NNP,NN
10657,Canada_2011,0,372,5,and,and,CC,CC
10658,Canada_2011,0,372,6,Government,government,NNP,NN
10659,Canada_2011,0,372,7,of,of,IN,IN
10660,Canada_2011,0,372,8,Canada,canada,NNP,NN
10661,Canada_2011,0,372,9,shall,shall,MD,MD
10662,Canada_2011,0,372,10,have,have,VB,VB
10663,Canada_2011,0,372,11,all,all,DT,DT
10664,Canada_2011,0,372,12,Powers,powers,NNS,NN
10665,Canada_2011,0,372,13,necessary,necessary,JJ,JJ
10666,Canada_2011,0,372,14,or,or,CC,CC
10667,Canada_2011,0,372,15,proper,proper,JJ,JJ
10668,Canada_2011,0,372,16,for,for,IN,IN
10669,Canada_2011,0,372,17,performing,performing,VBG,VB
10670,Canada_2011,0,372,18,the,the,DT,DT
10671,Canada_2011,0,372,19,Obligations,obligations,NNS,NN
10672,Canada_2011,0,372,20,of,of,IN,IN
10673,Canada_2011,0,372,21,Canada,canada,NNP,NN
10674,Canada_2011,0,372,22,or,or,CC,CC
10675,Canada_2011,0,372,23,of,of,IN,IN
10676,Canada_2011,0,372,24,any,any,DT,DT
10677,Canada_2011,0,372,25,Province,province,NNP,NN
10678,Canada_2011,0,372,26,thereof,thereof,NN,NN
10679,Canada_2011,0,372,28,as,as,IN,IN
10680,Canada_2011,0,372,29,Part,part,NNP,NN
10681,Canada_2011,0,372,30,of,of,IN,IN
10682,Canada_2011,0,372,31,the,the,DT,DT
10683,Canada_2011,0,372,32,British,british,JJ,JJ
10684,Canada_2011,0,372,33,Empire,empire,NNP,NN
10685,Canada_2011,0,372,35,towards,towards,NNS,NN
10686,Canada_2011,0,372,36,Foreign,foreign,NNP,NN
10687,Canada_2011,0,372,37,Countries,countries,NNPS,NN
10688,Canada_2011,0,372,39,arising,arising,VBG,VB
10689,Canada_2011,0,372,40,under,under,IN,IN
10690,Canada_2011,0,372,41,Treaties,treaties,NNS,NN
10691,Canada_2011,0,372,42,between,between,IN,IN
10692,Canada_2011,0,372,43,the,the,DT,DT
10693,Canada_2011,0,372,44,Empire,empire,NNP,NN
10694,Canada_2011,0,372,45,and,and,CC,CC
10695,Canada_2011,0,372,46,such,such,JJ,JJ
10696,Canada_2011,0,372,47,Foreign,foreign,NNP,NN
10697,Canada_2011,0,372,48,Countries,countries,NNPS,NN
10698,Canada_2011,0,373,0,133,133,CD,CD
10699,Canada_2011,0,374,0,Use,use,NNP,NN
10700,Canada_2011,0,374,1,of,of,IN,IN
10701,Canada_2011,0,374,2,English,english,NNP,NN
10702,Canada_2011,0,374,3,and,and,CC,CC
10703,Canada_2011,0,374,4,French,french,JJ,JJ
10704,Canada_2011,0,374,5,Languages,languages,NNP,NN
10705,Canada_2011,0,374,6,Share,share,NNP,NN
10706,Canada_2011,0,374,7,Either,either,NNP,NN
10707,Canada_2011,0,374,8,the,the,DT,DT
10708,Canada_2011,0,374,9,English,english,NNP,NN
10709,Canada_2011,0,374,10,or,or,CC,CC
10710,Canada_2011,0,374,11,the,the,DT,DT
10711,Canada_2011,0,374,12,French,french,JJ,JJ
10712,Canada_2011,0,374,13,Language,language,NNP,NN
10713,Canada_2011,0,374,14,may,may,MD,MD
10714,Canada_2011,0,374,15,be,be,VB,VB
10715,Canada_2011,0,374,16,used,used,VBN,VB
10716,Canada_2011,0,374,17,by,by,IN,IN
10717,Canada_2011,0,374,18,any,any,DT,DT
10718,Canada_2011,0,374,19,Person,person,NNP,NN
10719,Canada_2011,0,374,20,in,in,IN,IN
10720,Canada_2011,0,374,21,the,the,DT,DT
10721,Canada_2011,0,374,22,Debates,debates,NNP,NN
10722,Canada_2011,0,374,23,of,of,IN,IN
10723,Canada_2011,0,374,24,the,the,DT,DT
10724,Canada_2011,0,374,25,Houses,houses,NNP,NN
10725,Canada_2011,0,374,26,of,of,IN,IN
10726,Canada_2011,0,374,27,the,the,DT,DT
10727,Canada_2011,0,374,28,Parliament,parliament,NNP,NN
10728,Canada_2011,0,374,29,of,of,IN,IN
10729,Canada_2011,0,374,30,Canada,canada,NNP,NN
10730,Canada_2011,0,374,31,and,and,CC,CC
10731,Canada_2011,0,374,32,of,of,IN,IN
10732,Canada_2011,0,374,33,the,the,DT,DT
10733,Canada_2011,0,374,34,Houses,houses,NNP,NN
10734,Canada_2011,0,374,35,of,of,IN,IN
10735,Canada_2011,0,374,36,the,the,DT,DT
10736,Canada_2011,0,374,37,Legislature,legislature,NNP,NN
10737,Canada_2011,0,374,38,of,of,IN,IN
10738,Canada_2011,0,374,39,Quebec,quebec,NNP,NN
10739,Canada_2011,0,374,41,and,and,CC,CC
10740,Canada_2011,0,374,42,both,both,DT,DT
10741,Canada_2011,0,374,43,those,those,DT,DT
10742,Canada_2011,0,374,44,Languages,languages,NNP,NN
10743,Canada_2011,0,374,45,shall,shall,MD,MD
10744,Canada_2011,0,374,46,be,be,VB,VB
10745,Canada_2011,0,374,47,used,used,VBN,VB
10746,Canada_2011,0,374,48,in,in,IN,IN
10747,Canada_2011,0,374,49,the,the,DT,DT
10748,Canada_2011,0,374,50,respective,respective,NN,NN
10749,Canada_2011,0,374,51,Records,records,NNS,NN
10750,Canada_2011,0,374,52,and,and,CC,CC
10751,Canada_2011,0,374,53,Journals,journals,NNS,NN
10752,Canada_2011,0,374,54,of,of,IN,IN
10753,Canada_2011,0,374,55,those,those,DT,DT
10754,Canada_2011,0,374,56,Houses,houses,NNP,NN
10755,Canada_2011,0,374,58,and,and,CC,CC
10756,Canada_2011,0,374,59,either,either,DT,DT
10757,Canada_2011,0,374,60,of,of,IN,IN
10758,Canada_2011,0,374,61,those,those,DT,DT
10759,Canada_2011,0,374,62,Languages,languages,NNP,NN
10760,Canada_2011,0,374,63,may,may,MD,MD
10761,Canada_2011,0,374,64,be,be,VB,VB
10762,Canada_2011,0,374,65,used,used,VBN,VB
10763,Canada_2011,0,374,66,by,by,IN,IN
10764,Canada_2011,0,374,67,any,any,DT,DT
10765,Canada_2011,0,374,68,Person,person,NNP,NN
10766,Canada_2011,0,374,69,or,or,CC,CC
10767,Canada_2011,0,374,70,in,in,IN,IN
10768,Canada_2011,0,374,71,any,any,DT,DT
10769,Canada_2011,0,374,72,Pleading,pleading,NNP,NN
10770,Canada_2011,0,374,73,or,or,CC,CC
10771,Canada_2011,0,374,74,Process,process,NNP,NN
10772,Canada_2011,0,374,75,in,in,IN,IN
10773,Canada_2011,0,374,76,or,or,CC,CC
10774,Canada_2011,0,374,77,issuing,issuing,VBG,VB
10775,Canada_2011,0,374,78,from,from,IN,IN
10776,Canada_2011,0,374,79,any,any,DT,DT
10777,Canada_2011,0,374,80,Court,court,NNP,NN
10778,Canada_2011,0,374,81,of,of,IN,IN
10779,Canada_2011,0,374,82,Canada,canada,NNP,NN
10780,Canada_2011,0,374,83,established,established,VBD,VB
10781,Canada_2011,0,374,84,under,under,IN,IN
10782,Canada_2011,0,374,85,this,this,DT,DT
10783,Canada_2011,0,374,86,Act,act,NNP,NN
10784,Canada_2011,0,374,88,and,and,CC,CC
10785,Canada_2011,0,374,89,in,in,IN,IN
10786,Canada_2011,0,374,90,or,or,CC,CC
10787,Canada_2011,0,374,91,from,from,IN,IN
10788,Canada_2011,0,374,92,all,all,DT,DT
10789,Canada_2011,0,374,93,or,or,CC,CC
10790,Canada_2011,0,374,94,any,any,DT,DT
10791,Canada_2011,0,374,95,of,of,IN,IN
10792,Canada_2011,0,374,96,the,the,DT,DT
10793,Canada_2011,0,374,97,Courts,courts,NNS,NN
10794,Canada_2011,0,374,98,of,of,IN,IN
10795,Canada_2011,0,374,99,Quebec,quebec,NNP,NN
10796,Canada_2011,0,375,0,The,the,DT,DT
10797,Canada_2011,0,375,1,Acts,acts,NNPS,NN
10798,Canada_2011,0,375,2,of,of,IN,IN
10799,Canada_2011,0,375,3,the,the,DT,DT
10800,Canada_2011,0,375,4,Parliament,parliament,NNP,NN
10801,Canada_2011,0,375,5,of,of,IN,IN
10802,Canada_2011,0,375,6,Canada,canada,NNP,NN
10803,Canada_2011,0,375,7,and,and,CC,CC
10804,Canada_2011,0,375,8,of,of,IN,IN
10805,Canada_2011,0,375,9,the,the,DT,DT
10806,Canada_2011,0,375,10,Legislature,legislature,NNP,NN
10807,Canada_2011,0,375,11,of,of,IN,IN
10808,Canada_2011,0,375,12,Quebec,quebec,NNP,NN
10809,Canada_2011,0,375,13,shall,shall,MD,MD
10810,Canada_2011,0,375,14,be,be,VB,VB
10811,Canada_2011,0,375,15,printed,printed,VBN,VB
10812,Canada_2011,0,375,16,and,and,CC,CC
10813,Canada_2011,0,375,17,published,published,VBN,VB
10814,Canada_2011,0,375,18,in,in,IN,IN
10815,Canada_2011,0,375,19,both,both,DT,DT
10816,Canada_2011,0,375,20,those,those,DT,DT
10817,Canada_2011,0,375,21,Languages,languages,NNS,NN
10818,Canada_2011,0,376,0,Part,part,NN,NN
10819,Canada_2011,0,376,1,2,2,CD,CD
10820,Canada_2011,0,377,0,ONTARIO,ontario,NNP,NN
10821,Canada_2011,0,377,1,AND,and,NNP,NN
10822,Canada_2011,0,377,2,QUEBEC,quebec,NNP,NN
10823,Canada_2011,0,377,3,134,134,CD,CD
10824,Canada_2011,0,378,0,Appointment,appointment,NN,NN
10825,Canada_2011,0,378,1,of,of,IN,IN
10826,Canada_2011,0,378,2,Executive,executive,NNP,NN
10827,Canada_2011,0,378,3,Officers,officers,NNP,NN
10828,Canada_2011,0,378,4,for,for,IN,IN
10829,Canada_2011,0,378,5,Ontario,ontario,NNP,NN
10830,Canada_2011,0,378,6,and,and,CC,CC
10831,Canada_2011,0,378,7,Quebec,quebec,NNP,NN
10832,Canada_2011,0,378,8,Share,share,NNP,NN
10833,Canada_2011,0,378,9,Until,until,IN,IN
10834,Canada_2011,0,378,10,the,the,DT,DT
10835,Canada_2011,0,378,11,Legislature,legislature,NNP,NN
10836,Canada_2011,0,378,12,of,of,IN,IN
10837,Canada_2011,0,378,13,Ontario,ontario,NNP,NN
10838,Canada_2011,0,378,14,or,or,CC,CC
10839,Canada_2011,0,378,15,of,of,IN,IN
10840,Canada_2011,0,378,16,Quebec,quebec,NNP,NN
10841,Canada_2011,0,378,17,otherwise,otherwise,RB,RB
10842,Canada_2011,0,378,18,provides,provides,VBZ,VB
10843,Canada_2011,0,378,20,the,the,DT,DT
10844,Canada_2011,0,378,21,Lieutenant,lieutenant,NNP,NN
10845,Canada_2011,0,378,22,Governors,governors,NNP,NN
10846,Canada_2011,0,378,23,of,of,IN,IN
10847,Canada_2011,0,378,24,Ontario,ontario,NNP,NN
10848,Canada_2011,0,378,25,and,and,CC,CC
10849,Canada_2011,0,378,26,Quebec,quebec,NNP,NN
10850,Canada_2011,0,378,27,may,may,MD,MD
10851,Canada_2011,0,378,28,each,each,DT,DT
10852,Canada_2011,0,378,29,appoint,appoint,NN,NN
10853,Canada_2011,0,378,30,under,under,IN,IN
10854,Canada_2011,0,378,31,the,the,DT,DT
10855,Canada_2011,0,378,32,Great,great,NNP,NN
10856,Canada_2011,0,378,33,Seal,seal,NNP,NN
10857,Canada_2011,0,378,34,of,of,IN,IN
10858,Canada_2011,0,378,35,the,the,DT,DT
10859,Canada_2011,0,378,36,Province,province,NNP,NN
10860,Canada_2011,0,378,37,the,the,DT,DT
10861,Canada_2011,0,378,38,following,following,JJ,JJ
10862,Canada_2011,0,378,39,Officers,officers,NNS,NN
10863,Canada_2011,0,378,41,to,to,TO,TO
10864,Canada_2011,0,378,42,hold,hold,VB,VB
10865,Canada_2011,0,378,43,Office,office,NNP,NN
10866,Canada_2011,0,378,44,during,during,IN,IN
10867,Canada_2011,0,378,45,Pleasure,pleasure,NNP,NN
10868,Canada_2011,0,378,47,that,that,WDT,WD
10869,Canada_2011,0,378,48,is,is,VBZ,VB
10870,Canada_2011,0,378,49,to,to,TO,TO
10871,Canada_2011,0,378,50,say,say,VB,VB
10872,Canada_2011,0,378,53,the,the,DT,DT
10873,Canada_2011,0,378,54,Attorney,attorney,NNP,NN
10874,Canada_2011,0,378,55,General,general,NNP,NN
10875,Canada_2011,0,378,57,the,the,DT,DT
10876,Canada_2011,0,378,58,Secretary,secretary,NNP,NN
10877,Canada_2011,0,378,59,and,and,CC,CC
10878,Canada_2011,0,378,60,Registrar,registrar,NNP,NN
10879,Canada_2011,0,378,61,of,of,IN,IN
10880,Canada_2011,0,378,62,the,the,DT,DT
10881,Canada_2011,0,378,63,Province,province,NNP,NN
10882,Canada_2011,0,378,65,the,the,DT,DT
10883,Canada_2011,0,378,66,Treasurer,treasurer,NN,NN
10884,Canada_2011,0,378,67,of,of,IN,IN
10885,Canada_2011,0,378,68,the,the,DT,DT
10886,Canada_2011,0,378,69,Province,province,NNP,NN
10887,Canada_2011,0,378,71,the,the,DT,DT
10888,Canada_2011,0,378,72,Commissioner,commissioner,NNP,NN
10889,Canada_2011,0,378,73,of,of,IN,IN
10890,Canada_2011,0,378,74,Crown,crown,NNP,NN
10891,Canada_2011,0,378,75,Lands,lands,NNP,NN
10892,Canada_2011,0,378,77,and,and,CC,CC
10893,Canada_2011,0,378,78,the,the,DT,DT
10894,Canada_2011,0,378,79,Commissioner,commissioner,NNP,NN
10895,Canada_2011,0,378,80,of,of,IN,IN
10896,Canada_2011,0,378,81,Agriculture,agriculture,NNP,NN
10897,Canada_2011,0,378,82,and,and,CC,CC
10898,Canada_2011,0,378,83,Public,public,NNP,NN
10899,Canada_2011,0,378,84,Works,works,NNP,NN
10900,Canada_2011,0,378,86,and,and,CC,CC
10901,Canada_2011,0,378,87,in,in,IN,IN
10902,Canada_2011,0,378,88,the,the,DT,DT
10903,Canada_2011,0,378,89,Case,case,NNP,NN
10904,Canada_2011,0,378,90,of,of,IN,IN
10905,Canada_2011,0,378,91,Quebec,quebec,NNP,NN
10906,Canada_2011,0,378,92,the,the,DT,DT
10907,Canada_2011,0,378,93,Solicitor,solicitor,NNP,NN
10908,Canada_2011,0,378,94,General,general,NNP,NN
10909,Canada_2011,0,378,96,and,and,CC,CC
10910,Canada_2011,0,378,97,may,may,MD,MD
10911,Canada_2011,0,378,99,by,by,IN,IN
10912,Canada_2011,0,378,100,Order,order,NNP,NN
10913,Canada_2011,0,378,101,of,of,IN,IN
10914,Canada_2011,0,378,102,the,the,DT,DT
10915,Canada_2011,0,378,103,Lieutenant,lieutenant,NNP,NN
10916,Canada_2011,0,378,104,Governor,governor,NNP,NN
10917,Canada_2011,0,378,105,in,in,IN,IN
10918,Canada_2011,0,378,106,Council,council,NNP,NN
10919,Canada_2011,0,378,108,from,from,IN,IN
10920,Canada_2011,0,378,109,Time,time,NNP,NN
10921,Canada_2011,0,378,110,to,to,TO,TO
10922,Canada_2011,0,378,111,Time,time,NNP,NN
10923,Canada_2011,0,378,112,prescribe,prescribe,VB,VB
10924,Canada_2011,0,378,113,the,the,DT,DT
10925,Canada_2011,0,378,114,Duties,duties,NNS,NN
10926,Canada_2011,0,378,115,of,of,IN,IN
10927,Canada_2011,0,378,116,those,those,DT,DT
10928,Canada_2011,0,378,117,Officers,officers,NNP,NN
10929,Canada_2011,0,378,119,and,and,CC,CC
10930,Canada_2011,0,378,120,of,of,IN,IN
10931,Canada_2011,0,378,121,the,the,DT,DT
10932,Canada_2011,0,378,122,several,several,JJ,JJ
10933,Canada_2011,0,378,123,Departments,departments,NNS,NN
10934,Canada_2011,0,378,124,over,over,IN,IN
10935,Canada_2011,0,378,125,which,which,WDT,WD
10936,Canada_2011,0,378,126,they,they,PRP,PR
10937,Canada_2011,0,378,127,shall,shall,MD,MD
10938,Canada_2011,0,378,128,preside,preside,VB,VB
10939,Canada_2011,0,378,129,or,or,CC,CC
10940,Canada_2011,0,378,130,to,to,TO,TO
10941,Canada_2011,0,378,131,which,which,WDT,WD
10942,Canada_2011,0,378,132,they,they,PRP,PR
10943,Canada_2011,0,378,133,shall,shall,MD,MD
10944,Canada_2011,0,378,134,belong,belong,VB,VB
10945,Canada_2011,0,378,136,and,and,CC,CC
10946,Canada_2011,0,378,137,of,of,IN,IN
10947,Canada_2011,0,378,138,the,the,DT,DT
10948,Canada_2011,0,378,139,Officers,officers,NNP,NN
10949,Canada_2011,0,378,140,and,and,CC,CC
10950,Canada_2011,0,378,141,Clerks,clerks,NNP,NN
10951,Canada_2011,0,378,142,thereof,thereof,NN,NN
10952,Canada_2011,0,378,144,and,and,CC,CC
10953,Canada_2011,0,378,145,may,may,MD,MD
10954,Canada_2011,0,378,146,also,also,RB,RB
10955,Canada_2011,0,378,147,appoint,appoint,VB,VB
10956,Canada_2011,0,378,148,other,other,JJ,JJ
10957,Canada_2011,0,378,149,and,and,CC,CC
10958,Canada_2011,0,378,150,additional,additional,JJ,JJ
10959,Canada_2011,0,378,151,Officers,officers,NNS,NN
10960,Canada_2011,0,378,152,to,to,TO,TO
10961,Canada_2011,0,378,153,hold,hold,VB,VB
10962,Canada_2011,0,378,154,Office,office,NNP,NN
10963,Canada_2011,0,378,155,during,during,IN,IN
10964,Canada_2011,0,378,156,Pleasure,pleasure,NNP,NN
10965,Canada_2011,0,378,158,and,and,CC,CC
10966,Canada_2011,0,378,159,may,may,MD,MD
10967,Canada_2011,0,378,160,from,from,IN,IN
10968,Canada_2011,0,378,161,Time,time,NNP,NN
10969,Canada_2011,0,378,162,to,to,TO,TO
10970,Canada_2011,0,378,163,Time,time,NNP,NN
10971,Canada_2011,0,378,164,prescribe,prescribe,VB,VB
10972,Canada_2011,0,378,165,the,the,DT,DT
10973,Canada_2011,0,378,166,Duties,duties,NNS,NN
10974,Canada_2011,0,378,167,of,of,IN,IN
10975,Canada_2011,0,378,168,those,those,DT,DT
10976,Canada_2011,0,378,169,Officers,officers,NNP,NN
10977,Canada_2011,0,378,171,and,and,CC,CC
10978,Canada_2011,0,378,172,of,of,IN,IN
10979,Canada_2011,0,378,173,the,the,DT,DT
10980,Canada_2011,0,378,174,several,several,JJ,JJ
10981,Canada_2011,0,378,175,Departments,departments,NNS,NN
10982,Canada_2011,0,378,176,over,over,IN,IN
10983,Canada_2011,0,378,177,which,which,WDT,WD
10984,Canada_2011,0,378,178,they,they,PRP,PR
10985,Canada_2011,0,378,179,shall,shall,MD,MD
10986,Canada_2011,0,378,180,preside,preside,VB,VB
10987,Canada_2011,0,378,181,or,or,CC,CC
10988,Canada_2011,0,378,182,to,to,TO,TO
10989,Canada_2011,0,378,183,which,which,WDT,WD
10990,Canada_2011,0,378,184,they,they,PRP,PR
10991,Canada_2011,0,378,185,shall,shall,MD,MD
10992,Canada_2011,0,378,186,belong,belong,VB,VB
10993,Canada_2011,0,378,188,and,and,CC,CC
10994,Canada_2011,0,378,189,of,of,IN,IN
10995,Canada_2011,0,378,190,the,the,DT,DT
10996,Canada_2011,0,378,191,Officers,officers,NNP,NN
10997,Canada_2011,0,378,192,and,and,CC,CC
10998,Canada_2011,0,378,193,Clerks,clerks,NNP,NN
10999,Canada_2011,0,378,194,thereof,thereof,NN,NN
11000,Canada_2011,0,379,0,135,135,CD,CD
11001,Canada_2011,0,380,0,Powers,powers,NNS,NN
11002,Canada_2011,0,380,2,Duties,duties,NNS,NN
11003,Canada_2011,0,380,4,etc,etc,FW,FW
11004,Canada_2011,0,381,0,of,of,IN,IN
11005,Canada_2011,0,381,1,Executive,executive,NNP,NN
11006,Canada_2011,0,381,2,Officers,officers,NNP,NN
11007,Canada_2011,0,381,3,Share,share,NNP,NN
11008,Canada_2011,0,381,4,Until,until,IN,IN
11009,Canada_2011,0,381,5,the,the,DT,DT
11010,Canada_2011,0,381,6,Legislature,legislature,NNP,NN
11011,Canada_2011,0,381,7,of,of,IN,IN
11012,Canada_2011,0,381,8,Ontario,ontario,NNP,NN
11013,Canada_2011,0,381,9,or,or,CC,CC
11014,Canada_2011,0,381,10,Quebec,quebec,NNP,NN
11015,Canada_2011,0,381,11,otherwise,otherwise,RB,RB
11016,Canada_2011,0,381,12,provides,provides,VBZ,VB
11017,Canada_2011,0,381,14,all,all,DT,DT
11018,Canada_2011,0,381,15,Rights,rights,NNS,NN
11019,Canada_2011,0,381,17,Powers,powers,NNS,NN
11020,Canada_2011,0,381,19,Duties,duties,NNS,NN
11021,Canada_2011,0,381,21,Functions,functions,NNS,NN
11022,Canada_2011,0,381,23,Responsibilities,responsibilities,NNPS,NN
11023,Canada_2011,0,381,25,or,or,CC,CC
11024,Canada_2011,0,381,26,Authorities,authorities,NNS,NN
11025,Canada_2011,0,381,27,at,at,IN,IN
11026,Canada_2011,0,381,28,the,the,DT,DT
11027,Canada_2011,0,381,29,passing,passing,NN,NN
11028,Canada_2011,0,381,30,of,of,IN,IN
11029,Canada_2011,0,381,31,this,this,DT,DT
11030,Canada_2011,0,381,32,Act,act,NNP,NN
11031,Canada_2011,0,381,33,vested,vested,VBD,VB
11032,Canada_2011,0,381,34,in,in,IN,IN
11033,Canada_2011,0,381,35,or,or,CC,CC
11034,Canada_2011,0,381,36,imposed,imposed,VBN,VB
11035,Canada_2011,0,381,37,on,on,IN,IN
11036,Canada_2011,0,381,38,the,the,DT,DT
11037,Canada_2011,0,381,39,Attorney,attorney,NNP,NN
11038,Canada_2011,0,381,40,General,general,NNP,NN
11039,Canada_2011,0,381,42,Solicitor,solicitor,NNP,NN
11040,Canada_2011,0,381,43,General,general,NNP,NN
11041,Canada_2011,0,381,45,Secretary,secretary,NNP,NN
11042,Canada_2011,0,381,46,and,and,CC,CC
11043,Canada_2011,0,381,47,Registrar,registrar,NNP,NN
11044,Canada_2011,0,381,48,of,of,IN,IN
11045,Canada_2011,0,381,49,the,the,DT,DT
11046,Canada_2011,0,381,50,Province,province,NNP,NN
11047,Canada_2011,0,381,51,of,of,IN,IN
11048,Canada_2011,0,381,52,Canada,canada,NNP,NN
11049,Canada_2011,0,381,54,Minister,minister,NNP,NN
11050,Canada_2011,0,381,55,of,of,IN,IN
11051,Canada_2011,0,381,56,Finance,finance,NNP,NN
11052,Canada_2011,0,381,58,Commissioner,commissioner,NNP,NN
11053,Canada_2011,0,381,59,of,of,IN,IN
11054,Canada_2011,0,381,60,Crown,crown,NNP,NN
11055,Canada_2011,0,381,61,Lands,lands,NNP,NN
11056,Canada_2011,0,381,63,Commissioner,commissioner,NNP,NN
11057,Canada_2011,0,381,64,of,of,IN,IN
11058,Canada_2011,0,381,65,Public,public,NNP,NN
11059,Canada_2011,0,381,66,Works,works,NNP,NN
11060,Canada_2011,0,381,68,and,and,CC,CC
11061,Canada_2011,0,381,69,Minister,minister,NNP,NN
11062,Canada_2011,0,381,70,of,of,IN,IN
11063,Canada_2011,0,381,71,Agriculture,agriculture,NNP,NN
11064,Canada_2011,0,381,72,and,and,CC,CC
11065,Canada_2011,0,381,73,Receiver,receiver,NNP,NN
11066,Canada_2011,0,381,74,General,general,NNP,NN
11067,Canada_2011,0,381,76,by,by,IN,IN
11068,Canada_2011,0,381,77,any,any,DT,DT
11069,Canada_2011,0,381,78,Law,law,NNP,NN
11070,Canada_2011,0,381,80,Statute,statute,NNP,NN
11071,Canada_2011,0,381,82,or,or,CC,CC
11072,Canada_2011,0,381,83,Ordinance,ordinance,NNP,NN
11073,Canada_2011,0,381,84,of,of,IN,IN
11074,Canada_2011,0,381,85,Upper,upper,NNP,NN
11075,Canada_2011,0,381,86,Canada,canada,NNP,NN
11076,Canada_2011,0,381,88,Lower,lower,NNP,NN
11077,Canada_2011,0,381,89,Canada,canada,NNP,NN
11078,Canada_2011,0,381,91,or,or,CC,CC
11079,Canada_2011,0,381,92,Canada,canada,NNP,NN
11080,Canada_2011,0,381,94,and,and,CC,CC
11081,Canada_2011,0,381,95,not,not,RB,RB
11082,Canada_2011,0,381,96,repugnant,repugnant,VB,VB
11083,Canada_2011,0,381,97,to,to,TO,TO
11084,Canada_2011,0,381,98,this,this,DT,DT
11085,Canada_2011,0,381,99,Act,act,NNP,NN
11086,Canada_2011,0,381,101,shall,shall,MD,MD
11087,Canada_2011,0,381,102,be,be,VB,VB
11088,Canada_2011,0,381,103,vested,vested,VBN,VB
11089,Canada_2011,0,381,104,in,in,IN,IN
11090,Canada_2011,0,381,105,or,or,CC,CC
11091,Canada_2011,0,381,106,imposed,imposed,VBN,VB
11092,Canada_2011,0,381,107,on,on,IN,IN
11093,Canada_2011,0,381,108,any,any,DT,DT
11094,Canada_2011,0,381,109,Officer,officer,NNP,NN
11095,Canada_2011,0,381,110,to,to,TO,TO
11096,Canada_2011,0,381,111,be,be,VB,VB
11097,Canada_2011,0,381,112,appointed,appointed,VBN,VB
11098,Canada_2011,0,381,113,by,by,IN,IN
11099,Canada_2011,0,381,114,the,the,DT,DT
11100,Canada_2011,0,381,115,Lieutenant,lieutenant,NNP,NN
11101,Canada_2011,0,381,116,Governor,governor,NNP,NN
11102,Canada_2011,0,381,117,for,for,IN,IN
11103,Canada_2011,0,381,118,the,the,DT,DT
11104,Canada_2011,0,381,119,Discharge,discharge,NNP,NN
11105,Canada_2011,0,381,120,of,of,IN,IN
11106,Canada_2011,0,381,121,the,the,DT,DT
11107,Canada_2011,0,381,122,same,same,JJ,JJ
11108,Canada_2011,0,381,123,or,or,CC,CC
11109,Canada_2011,0,381,124,any,any,DT,DT
11110,Canada_2011,0,381,125,of,of,IN,IN
11111,Canada_2011,0,381,126,them,them,PRP,PR
11112,Canada_2011,0,381,128,and,and,CC,CC
11113,Canada_2011,0,381,129,the,the,DT,DT
11114,Canada_2011,0,381,130,Commissioner,commissioner,NNP,NN
11115,Canada_2011,0,381,131,of,of,IN,IN
11116,Canada_2011,0,381,132,Agriculture,agriculture,NNP,NN
11117,Canada_2011,0,381,133,and,and,CC,CC
11118,Canada_2011,0,381,134,Public,public,NNP,NN
11119,Canada_2011,0,381,135,Works,works,NNP,NN
11120,Canada_2011,0,381,136,shall,shall,MD,MD
11121,Canada_2011,0,381,137,perform,perform,VB,VB
11122,Canada_2011,0,381,138,the,the,DT,DT
11123,Canada_2011,0,381,139,Duties,duties,NNS,NN
11124,Canada_2011,0,381,140,and,and,CC,CC
11125,Canada_2011,0,381,141,Functions,functions,NNS,NN
11126,Canada_2011,0,381,142,of,of,IN,IN
11127,Canada_2011,0,381,143,the,the,DT,DT
11128,Canada_2011,0,381,144,Office,office,NNP,NN
11129,Canada_2011,0,381,145,of,of,IN,IN
11130,Canada_2011,0,381,146,Minister,minister,NNP,NN
11131,Canada_2011,0,381,147,of,of,IN,IN
11132,Canada_2011,0,381,148,Agriculture,agriculture,NNP,NN
11133,Canada_2011,0,381,149,at,at,IN,IN
11134,Canada_2011,0,381,150,the,the,DT,DT
11135,Canada_2011,0,381,151,passing,passing,NN,NN
11136,Canada_2011,0,381,152,of,of,IN,IN
11137,Canada_2011,0,381,153,this,this,DT,DT
11138,Canada_2011,0,381,154,Act,act,NNP,NN
11139,Canada_2011,0,381,155,imposed,imposed,VBN,VB
11140,Canada_2011,0,381,156,by,by,IN,IN
11141,Canada_2011,0,381,157,the,the,DT,DT
11142,Canada_2011,0,381,158,Law,law,NNP,NN
11143,Canada_2011,0,381,159,of,of,IN,IN
11144,Canada_2011,0,381,160,the,the,DT,DT
11145,Canada_2011,0,381,161,Province,province,NNP,NN
11146,Canada_2011,0,381,162,of,of,IN,IN
11147,Canada_2011,0,381,163,Canada,canada,NNP,NN
11148,Canada_2011,0,381,165,as,as,RB,RB
11149,Canada_2011,0,381,166,well,well,RB,RB
11150,Canada_2011,0,381,167,as,as,IN,IN
11151,Canada_2011,0,381,168,those,those,DT,DT
11152,Canada_2011,0,381,169,of,of,IN,IN
11153,Canada_2011,0,381,170,the,the,DT,DT
11154,Canada_2011,0,381,171,Commissioner,commissioner,NNP,NN
11155,Canada_2011,0,381,172,of,of,IN,IN
11156,Canada_2011,0,381,173,Public,public,NNP,NN
11157,Canada_2011,0,381,174,Works,works,NNP,NN
11158,Canada_2011,0,382,0,136,136,CD,CD
11159,Canada_2011,0,383,0,Great,great,NNP,NN
11160,Canada_2011,0,383,1,Seals,seals,NNP,NN
11161,Canada_2011,0,383,2,Share,share,NNP,NN
11162,Canada_2011,0,383,3,Until,until,IN,IN
11163,Canada_2011,0,383,4,altered,altered,VBN,VB
11164,Canada_2011,0,383,5,by,by,IN,IN
11165,Canada_2011,0,383,6,the,the,DT,DT
11166,Canada_2011,0,383,7,Lieutenant,lieutenant,NNP,NN
11167,Canada_2011,0,383,8,Governor,governor,NNP,NN
11168,Canada_2011,0,383,9,in,in,IN,IN
11169,Canada_2011,0,383,10,Council,council,NNP,NN
11170,Canada_2011,0,383,12,the,the,DT,DT
11171,Canada_2011,0,383,13,Great,great,NNP,NN
11172,Canada_2011,0,383,14,Seals,seals,NNP,NN
11173,Canada_2011,0,383,15,of,of,IN,IN
11174,Canada_2011,0,383,16,Ontario,ontario,NNP,NN
11175,Canada_2011,0,383,17,and,and,CC,CC
11176,Canada_2011,0,383,18,Quebec,quebec,NNP,NN
11177,Canada_2011,0,383,19,respectively,respectively,RB,RB
11178,Canada_2011,0,383,20,shall,shall,MD,MD
11179,Canada_2011,0,383,21,be,be,VB,VB
11180,Canada_2011,0,383,22,the,the,DT,DT
11181,Canada_2011,0,383,23,same,same,JJ,JJ
11182,Canada_2011,0,383,25,or,or,CC,CC
11183,Canada_2011,0,383,26,of,of,IN,IN
11184,Canada_2011,0,383,27,the,the,DT,DT
11185,Canada_2011,0,383,28,same,same,JJ,JJ
11186,Canada_2011,0,383,29,Design,design,NNP,NN
11187,Canada_2011,0,383,31,as,as,IN,IN
11188,Canada_2011,0,383,32,those,those,DT,DT
11189,Canada_2011,0,383,33,used,used,VBN,VB
11190,Canada_2011,0,383,34,in,in,IN,IN
11191,Canada_2011,0,383,35,the,the,DT,DT
11192,Canada_2011,0,383,36,Provinces,provinces,NNS,NN
11193,Canada_2011,0,383,37,of,of,IN,IN
11194,Canada_2011,0,383,38,Upper,upper,NNP,NN
11195,Canada_2011,0,383,39,Canada,canada,NNP,NN
11196,Canada_2011,0,383,40,and,and,CC,CC
11197,Canada_2011,0,383,41,Lower,lower,NNP,NN
11198,Canada_2011,0,383,42,Canada,canada,NNP,NN
11199,Canada_2011,0,383,43,respectively,respectively,RB,RB
11200,Canada_2011,0,383,44,before,before,IN,IN
11201,Canada_2011,0,383,45,their,their,PRP$,PR
11202,Canada_2011,0,383,46,Union,union,NNP,NN
11203,Canada_2011,0,383,47,as,as,IN,IN
11204,Canada_2011,0,383,48,the,the,DT,DT
11205,Canada_2011,0,383,49,Province,province,NNP,NN
11206,Canada_2011,0,383,50,of,of,IN,IN
11207,Canada_2011,0,383,51,Canada,canada,NNP,NN
11208,Canada_2011,0,384,0,137,137,CD,CD
11209,Canada_2011,0,385,0,Construction,construction,NN,NN
11210,Canada_2011,0,385,1,of,of,IN,IN
11211,Canada_2011,0,385,2,temporary,temporary,JJ,JJ
11212,Canada_2011,0,385,3,Acts,acts,NNS,NN
11213,Canada_2011,0,385,4,Share,share,VBP,VB
11214,Canada_2011,0,385,5,The,the,DT,DT
11215,Canada_2011,0,385,6,words,words,NNS,NN
11216,Canada_2011,0,385,8,and,and,CC,CC
11217,Canada_2011,0,385,9,from,from,IN,IN
11218,Canada_2011,0,385,10,thence,thence,NN,NN
11219,Canada_2011,0,385,11,to,to,TO,TO
11220,Canada_2011,0,385,12,the,the,DT,DT
11221,Canada_2011,0,385,13,End,end,NN,NN
11222,Canada_2011,0,385,14,of,of,IN,IN
11223,Canada_2011,0,385,15,the,the,DT,DT
11224,Canada_2011,0,385,16,then,then,RB,RB
11225,Canada_2011,0,385,17,next,next,JJ,JJ
11226,Canada_2011,0,385,18,ensuing,ensuing,VBG,VB
11227,Canada_2011,0,385,19,Session,session,NN,NN
11228,Canada_2011,0,385,20,of,of,IN,IN
11229,Canada_2011,0,385,21,the,the,DT,DT
11230,Canada_2011,0,385,22,Legislature,legislature,NNP,NN
11231,Canada_2011,0,385,25,or,or,CC,CC
11232,Canada_2011,0,385,26,Words,words,NNP,NN
11233,Canada_2011,0,385,27,to,to,TO,TO
11234,Canada_2011,0,385,28,the,the,DT,DT
11235,Canada_2011,0,385,29,same,same,JJ,JJ
11236,Canada_2011,0,385,30,Effect,effect,NNP,NN
11237,Canada_2011,0,385,32,used,used,VBD,VB
11238,Canada_2011,0,385,33,in,in,IN,IN
11239,Canada_2011,0,385,34,any,any,DT,DT
11240,Canada_2011,0,385,35,temporary,temporary,JJ,JJ
11241,Canada_2011,0,385,36,Act,act,NNP,NN
11242,Canada_2011,0,385,37,of,of,IN,IN
11243,Canada_2011,0,385,38,the,the,DT,DT
11244,Canada_2011,0,385,39,Province,province,NNP,NN
11245,Canada_2011,0,385,40,of,of,IN,IN
11246,Canada_2011,0,385,41,Canada,canada,NNP,NN
11247,Canada_2011,0,385,42,not,not,RB,RB
11248,Canada_2011,0,385,43,expired,expired,VBD,VB
11249,Canada_2011,0,385,44,before,before,IN,IN
11250,Canada_2011,0,385,45,the,the,DT,DT
11251,Canada_2011,0,385,46,Union,union,NNP,NN
11252,Canada_2011,0,385,48,shall,shall,MD,MD
11253,Canada_2011,0,385,49,be,be,VB,VB
11254,Canada_2011,0,385,50,construed,construed,VBN,VB
11255,Canada_2011,0,385,51,to,to,TO,TO
11256,Canada_2011,0,385,52,extend,extend,VB,VB
11257,Canada_2011,0,385,53,and,and,CC,CC
11258,Canada_2011,0,385,54,apply,apply,VB,VB
11259,Canada_2011,0,385,55,to,to,TO,TO
11260,Canada_2011,0,385,56,the,the,DT,DT
11261,Canada_2011,0,385,57,next,next,JJ,JJ
11262,Canada_2011,0,385,58,Session,session,NN,NN
11263,Canada_2011,0,385,59,of,of,IN,IN
11264,Canada_2011,0,385,60,the,the,DT,DT
11265,Canada_2011,0,385,61,Parliament,parliament,NNP,NN
11266,Canada_2011,0,385,62,of,of,IN,IN
11267,Canada_2011,0,385,63,Canada,canada,NNP,NN
11268,Canada_2011,0,385,64,if,if,IN,IN
11269,Canada_2011,0,385,65,the,the,DT,DT
11270,Canada_2011,0,385,66,Subject,subject,NNP,NN
11271,Canada_2011,0,385,67,Matter,matter,NNP,NN
11272,Canada_2011,0,385,68,of,of,IN,IN
11273,Canada_2011,0,385,69,the,the,DT,DT
11274,Canada_2011,0,385,70,Act,act,NNP,NN
11275,Canada_2011,0,385,71,is,is,VBZ,VB
11276,Canada_2011,0,385,72,within,within,IN,IN
11277,Canada_2011,0,385,73,the,the,DT,DT
11278,Canada_2011,0,385,74,Powers,powers,NNS,NN
11279,Canada_2011,0,385,75,of,of,IN,IN
11280,Canada_2011,0,385,76,the,the,DT,DT
11281,Canada_2011,0,385,77,same,same,JJ,JJ
11282,Canada_2011,0,385,78,as,as,IN,IN
11283,Canada_2011,0,385,79,defined,defined,VBN,VB
11284,Canada_2011,0,385,80,by,by,IN,IN
11285,Canada_2011,0,385,81,this,this,DT,DT
11286,Canada_2011,0,385,82,Act,act,NNP,NN
11287,Canada_2011,0,385,84,or,or,CC,CC
11288,Canada_2011,0,385,85,to,to,TO,TO
11289,Canada_2011,0,385,86,the,the,DT,DT
11290,Canada_2011,0,385,87,next,next,JJ,JJ
11291,Canada_2011,0,385,88,Sessions,sessions,NNP,NN
11292,Canada_2011,0,385,89,of,of,IN,IN
11293,Canada_2011,0,385,90,the,the,DT,DT
11294,Canada_2011,0,385,91,Legislatures,legislatures,NNP,NN
11295,Canada_2011,0,385,92,of,of,IN,IN
11296,Canada_2011,0,385,93,Ontario,ontario,NNP,NN
11297,Canada_2011,0,385,94,and,and,CC,CC
11298,Canada_2011,0,385,95,Quebec,quebec,NNP,NN
11299,Canada_2011,0,385,96,respectively,respectively,RB,RB
11300,Canada_2011,0,385,97,if,if,IN,IN
11301,Canada_2011,0,385,98,the,the,DT,DT
11302,Canada_2011,0,385,99,Subject,subject,NNP,NN
11303,Canada_2011,0,385,100,Matter,matter,NNP,NN
11304,Canada_2011,0,385,101,of,of,IN,IN
11305,Canada_2011,0,385,102,the,the,DT,DT
11306,Canada_2011,0,385,103,Act,act,NNP,NN
11307,Canada_2011,0,385,104,is,is,VBZ,VB
11308,Canada_2011,0,385,105,within,within,IN,IN
11309,Canada_2011,0,385,106,the,the,DT,DT
11310,Canada_2011,0,385,107,Powers,powers,NNS,NN
11311,Canada_2011,0,385,108,of,of,IN,IN
11312,Canada_2011,0,385,109,the,the,DT,DT
11313,Canada_2011,0,385,110,same,same,JJ,JJ
11314,Canada_2011,0,385,111,as,as,IN,IN
11315,Canada_2011,0,385,112,defined,defined,VBN,VB
11316,Canada_2011,0,385,113,by,by,IN,IN
11317,Canada_2011,0,385,114,this,this,DT,DT
11318,Canada_2011,0,385,115,Act,act,NNP,NN
11319,Canada_2011,0,386,0,138,138,CD,CD
11320,Canada_2011,0,387,0,As,as,IN,IN
11321,Canada_2011,0,387,1,to,to,TO,TO
11322,Canada_2011,0,387,2,Errors,errors,NNS,NN
11323,Canada_2011,0,387,3,in,in,IN,IN
11324,Canada_2011,0,387,4,Names,names,NNP,NN
11325,Canada_2011,0,387,5,Share,share,NNP,NN
11326,Canada_2011,0,387,6,From,from,NNP,NN
11327,Canada_2011,0,387,7,and,and,CC,CC
11328,Canada_2011,0,387,8,after,after,IN,IN
11329,Canada_2011,0,387,9,the,the,DT,DT
11330,Canada_2011,0,387,10,Union,union,NNP,NN
11331,Canada_2011,0,387,11,the,the,DT,DT
11332,Canada_2011,0,387,12,Use,use,NNP,NN
11333,Canada_2011,0,387,13,of,of,IN,IN
11334,Canada_2011,0,387,14,the,the,DT,DT
11335,Canada_2011,0,387,15,Words,words,NNP,NN
11336,Canada_2011,0,387,17,Upper,upper,NNP,NN
11337,Canada_2011,0,387,18,Canada,canada,NNP,NN
11338,Canada_2011,0,387,20,instead,instead,RB,RB
11339,Canada_2011,0,387,21,of,of,IN,IN
11340,Canada_2011,0,387,23,Ontario,ontario,NNP,NN
11341,Canada_2011,0,387,26,or,or,CC,CC
11342,Canada_2011,0,387,28,Lower,lower,JJR,JJ
11343,Canada_2011,0,387,29,Canada,canada,NNP,NN
11344,Canada_2011,0,387,31,instead,instead,RB,RB
11345,Canada_2011,0,387,32,of,of,IN,IN
11346,Canada_2011,0,387,34,Quebec,quebec,NNP,NN
11347,Canada_2011,0,387,37,in,in,IN,IN
11348,Canada_2011,0,387,38,any,any,DT,DT
11349,Canada_2011,0,387,39,Deed,deed,NNP,NN
11350,Canada_2011,0,387,41,Writ,writ,NNP,NN
11351,Canada_2011,0,387,43,Process,process,NNP,NN
11352,Canada_2011,0,387,45,Pleading,pleading,NNP,NN
11353,Canada_2011,0,387,47,Document,document,NNP,NN
11354,Canada_2011,0,387,49,Matter,matter,NNP,NN
11355,Canada_2011,0,387,51,or,or,CC,CC
11356,Canada_2011,0,387,52,Thing,thing,VBG,VB
11357,Canada_2011,0,387,53,shall,shall,MD,MD
11358,Canada_2011,0,387,54,not,not,RB,RB
11359,Canada_2011,0,387,55,invalidate,invalidate,VB,VB
11360,Canada_2011,0,387,56,the,the,DT,DT
11361,Canada_2011,0,387,57,same,same,JJ,JJ
11362,Canada_2011,0,388,0,139,139,CD,CD
11363,Canada_2011,0,389,0,As,as,IN,IN
11364,Canada_2011,0,389,1,to,to,TO,TO
11365,Canada_2011,0,389,2,issue,issue,VB,VB
11366,Canada_2011,0,389,3,of,of,IN,IN
11367,Canada_2011,0,389,4,Proclamations,proclamations,NNP,NN
11368,Canada_2011,0,389,5,before,before,IN,IN
11369,Canada_2011,0,389,6,Union,union,NNP,NN
11370,Canada_2011,0,389,8,to,to,TO,TO
11371,Canada_2011,0,389,9,commence,commence,VB,VB
11372,Canada_2011,0,389,10,after,after,IN,IN
11373,Canada_2011,0,389,11,Union,union,NNP,NN
11374,Canada_2011,0,389,12,Share,share,NNP,NN
11375,Canada_2011,0,389,13,Any,any,NNP,NN
11376,Canada_2011,0,389,14,Proclamation,proclamation,NNP,NN
11377,Canada_2011,0,389,15,under,under,IN,IN
11378,Canada_2011,0,389,16,the,the,DT,DT
11379,Canada_2011,0,389,17,Great,great,NNP,NN
11380,Canada_2011,0,389,18,Seal,seal,NNP,NN
11381,Canada_2011,0,389,19,of,of,IN,IN
11382,Canada_2011,0,389,20,the,the,DT,DT
11383,Canada_2011,0,389,21,Province,province,NNP,NN
11384,Canada_2011,0,389,22,of,of,IN,IN
11385,Canada_2011,0,389,23,Canada,canada,NNP,NN
11386,Canada_2011,0,389,24,issued,issued,VBD,VB
11387,Canada_2011,0,389,25,before,before,IN,IN
11388,Canada_2011,0,389,26,the,the,DT,DT
11389,Canada_2011,0,389,27,Union,union,NNP,NN
11390,Canada_2011,0,389,28,to,to,TO,TO
11391,Canada_2011,0,389,29,take,take,VB,VB
11392,Canada_2011,0,389,30,effect,effect,NN,NN
11393,Canada_2011,0,389,31,at,at,IN,IN
11394,Canada_2011,0,389,32,a,a,DT,DT
11395,Canada_2011,0,389,33,Time,time,NNP,NN
11396,Canada_2011,0,389,34,which,which,WDT,WD
11397,Canada_2011,0,389,35,is,is,VBZ,VB
11398,Canada_2011,0,389,36,subsequent,subsequent,JJ,JJ
11399,Canada_2011,0,389,37,to,to,TO,TO
11400,Canada_2011,0,389,38,the,the,DT,DT
11401,Canada_2011,0,389,39,Union,union,NNP,NN
11402,Canada_2011,0,389,41,whether,whether,IN,IN
11403,Canada_2011,0,389,42,relating,relating,VBG,VB
11404,Canada_2011,0,389,43,to,to,TO,TO
11405,Canada_2011,0,389,44,that,that,DT,DT
11406,Canada_2011,0,389,45,Province,province,NNP,NN
11407,Canada_2011,0,389,47,or,or,CC,CC
11408,Canada_2011,0,389,48,to,to,TO,TO
11409,Canada_2011,0,389,49,Upper,upper,NNP,NN
11410,Canada_2011,0,389,50,Canada,canada,NNP,NN
11411,Canada_2011,0,389,52,or,or,CC,CC
11412,Canada_2011,0,389,53,to,to,TO,TO
11413,Canada_2011,0,389,54,Lower,lower,NNP,NN
11414,Canada_2011,0,389,55,Canada,canada,NNP,NN
11415,Canada_2011,0,389,57,and,and,CC,CC
11416,Canada_2011,0,389,58,the,the,DT,DT
11417,Canada_2011,0,389,59,several,several,JJ,JJ
11418,Canada_2011,0,389,60,Matters,matters,NNS,NN
11419,Canada_2011,0,389,61,and,and,CC,CC
11420,Canada_2011,0,389,62,Things,things,NNP,NN
11421,Canada_2011,0,389,63,therein,therein,NN,NN
11422,Canada_2011,0,389,64,proclaimed,proclaimed,VBD,VB
11423,Canada_2011,0,389,66,shall,shall,MD,MD
11424,Canada_2011,0,389,67,be,be,VB,VB
11425,Canada_2011,0,389,68,and,and,CC,CC
11426,Canada_2011,0,389,69,continue,continue,VB,VB
11427,Canada_2011,0,389,70,of,of,IN,IN
11428,Canada_2011,0,389,71,like,like,JJ,JJ
11429,Canada_2011,0,389,72,Force,force,NNP,NN
11430,Canada_2011,0,389,73,and,and,CC,CC
11431,Canada_2011,0,389,74,Effect,effect,NNP,NN
11432,Canada_2011,0,389,75,as,as,IN,IN
11433,Canada_2011,0,389,76,if,if,IN,IN
11434,Canada_2011,0,389,77,the,the,DT,DT
11435,Canada_2011,0,389,78,Union,union,NNP,NN
11436,Canada_2011,0,389,79,had,had,VBD,VB
11437,Canada_2011,0,389,80,not,not,RB,RB
11438,Canada_2011,0,389,81,been,been,VBN,VB
11439,Canada_2011,0,389,82,made,made,VBN,VB
11440,Canada_2011,0,390,0,140,140,CD,CD
11441,Canada_2011,0,391,0,As,as,IN,IN
11442,Canada_2011,0,391,1,to,to,TO,TO
11443,Canada_2011,0,391,2,issue,issue,VB,VB
11444,Canada_2011,0,391,3,of,of,IN,IN
11445,Canada_2011,0,391,4,Proclamations,proclamations,NNP,NN
11446,Canada_2011,0,391,5,after,after,IN,IN
11447,Canada_2011,0,391,6,Union,union,NNP,NN
11448,Canada_2011,0,391,7,Share,share,NNP,NN
11449,Canada_2011,0,391,8,Any,any,NNP,NN
11450,Canada_2011,0,391,9,Proclamation,proclamation,NNP,NN
11451,Canada_2011,0,391,10,which,which,WDT,WD
11452,Canada_2011,0,391,11,is,is,VBZ,VB
11453,Canada_2011,0,391,12,authorized,authorized,VBN,VB
11454,Canada_2011,0,391,13,by,by,IN,IN
11455,Canada_2011,0,391,14,any,any,DT,DT
11456,Canada_2011,0,391,15,Act,act,NNP,NN
11457,Canada_2011,0,391,16,of,of,IN,IN
11458,Canada_2011,0,391,17,the,the,DT,DT
11459,Canada_2011,0,391,18,Legislature,legislature,NNP,NN
11460,Canada_2011,0,391,19,of,of,IN,IN
11461,Canada_2011,0,391,20,the,the,DT,DT
11462,Canada_2011,0,391,21,Province,province,NNP,NN
11463,Canada_2011,0,391,22,of,of,IN,IN
11464,Canada_2011,0,391,23,Canada,canada,NNP,NN
11465,Canada_2011,0,391,24,to,to,TO,TO
11466,Canada_2011,0,391,25,be,be,VB,VB
11467,Canada_2011,0,391,26,issued,issued,VBN,VB
11468,Canada_2011,0,391,27,under,under,IN,IN
11469,Canada_2011,0,391,28,the,the,DT,DT
11470,Canada_2011,0,391,29,Great,great,NNP,NN
11471,Canada_2011,0,391,30,Seal,seal,NNP,NN
11472,Canada_2011,0,391,31,of,of,IN,IN
11473,Canada_2011,0,391,32,the,the,DT,DT
11474,Canada_2011,0,391,33,Province,province,NNP,NN
11475,Canada_2011,0,391,34,of,of,IN,IN
11476,Canada_2011,0,391,35,Canada,canada,NNP,NN
11477,Canada_2011,0,391,37,whether,whether,IN,IN
11478,Canada_2011,0,391,38,relating,relating,VBG,VB
11479,Canada_2011,0,391,39,to,to,TO,TO
11480,Canada_2011,0,391,40,that,that,DT,DT
11481,Canada_2011,0,391,41,Province,province,NNP,NN
11482,Canada_2011,0,391,43,or,or,CC,CC
11483,Canada_2011,0,391,44,to,to,TO,TO
11484,Canada_2011,0,391,45,Upper,upper,NNP,NN
11485,Canada_2011,0,391,46,Canada,canada,NNP,NN
11486,Canada_2011,0,391,48,or,or,CC,CC
11487,Canada_2011,0,391,49,to,to,TO,TO
11488,Canada_2011,0,391,50,Lower,lower,NNP,NN
11489,Canada_2011,0,391,51,Canada,canada,NNP,NN
11490,Canada_2011,0,391,53,and,and,CC,CC
11491,Canada_2011,0,391,54,which,which,WDT,WD
11492,Canada_2011,0,391,55,is,is,VBZ,VB
11493,Canada_2011,0,391,56,not,not,RB,RB
11494,Canada_2011,0,391,57,issued,issued,VBN,VB
11495,Canada_2011,0,391,58,before,before,IN,IN
11496,Canada_2011,0,391,59,the,the,DT,DT
11497,Canada_2011,0,391,60,Union,union,NNP,NN
11498,Canada_2011,0,391,62,may,may,MD,MD
11499,Canada_2011,0,391,63,be,be,VB,VB
11500,Canada_2011,0,391,64,issued,issued,VBN,VB
11501,Canada_2011,0,391,65,by,by,IN,IN
11502,Canada_2011,0,391,66,the,the,DT,DT
11503,Canada_2011,0,391,67,Lieutenant,lieutenant,NNP,NN
11504,Canada_2011,0,391,68,Governor,governor,NNP,NN
11505,Canada_2011,0,391,69,of,of,IN,IN
11506,Canada_2011,0,391,70,Ontario,ontario,NNP,NN
11507,Canada_2011,0,391,71,or,or,CC,CC
11508,Canada_2011,0,391,72,of,of,IN,IN
11509,Canada_2011,0,391,73,Quebec,quebec,NNP,NN
11510,Canada_2011,0,391,75,as,as,IN,IN
11511,Canada_2011,0,391,76,its,its,PRP$,PR
11512,Canada_2011,0,391,77,Subject,subject,JJ,JJ
11513,Canada_2011,0,391,78,Matter,matter,NNP,NN
11514,Canada_2011,0,391,79,requires,requires,VBZ,VB
11515,Canada_2011,0,391,81,under,under,IN,IN
11516,Canada_2011,0,391,82,the,the,DT,DT
11517,Canada_2011,0,391,83,Great,great,NNP,NN
11518,Canada_2011,0,391,84,Seal,seal,NNP,NN
11519,Canada_2011,0,391,85,thereof,thereof,NN,NN
11520,Canada_2011,0,391,87,and,and,CC,CC
11521,Canada_2011,0,391,88,from,from,IN,IN
11522,Canada_2011,0,391,89,and,and,CC,CC
11523,Canada_2011,0,391,90,after,after,IN,IN
11524,Canada_2011,0,391,91,the,the,DT,DT
11525,Canada_2011,0,391,92,Issue,issue,NN,NN
11526,Canada_2011,0,391,93,of,of,IN,IN
11527,Canada_2011,0,391,94,such,such,JJ,JJ
11528,Canada_2011,0,391,95,Proclamation,proclamation,NNP,NN
11529,Canada_2011,0,391,96,the,the,DT,DT
11530,Canada_2011,0,391,97,same,same,JJ,JJ
11531,Canada_2011,0,391,98,and,and,CC,CC
11532,Canada_2011,0,391,99,the,the,DT,DT
11533,Canada_2011,0,391,100,several,several,JJ,JJ
11534,Canada_2011,0,391,101,Matters,matters,NNS,NN
11535,Canada_2011,0,391,102,and,and,CC,CC
11536,Canada_2011,0,391,103,Things,things,NNP,NN
11537,Canada_2011,0,391,104,therein,therein,NN,NN
11538,Canada_2011,0,391,105,proclaimed,proclaimed,VBD,VB
11539,Canada_2011,0,391,106,shall,shall,MD,MD
11540,Canada_2011,0,391,107,be,be,VB,VB
11541,Canada_2011,0,391,108,and,and,CC,CC
11542,Canada_2011,0,391,109,continue,continue,VB,VB
11543,Canada_2011,0,391,110,of,of,IN,IN
11544,Canada_2011,0,391,111,the,the,DT,DT
11545,Canada_2011,0,391,112,like,like,JJ,JJ
11546,Canada_2011,0,391,113,Force,force,NNP,NN
11547,Canada_2011,0,391,114,and,and,CC,CC
11548,Canada_2011,0,391,115,Effect,effect,NNP,NN
11549,Canada_2011,0,391,116,in,in,IN,IN
11550,Canada_2011,0,391,117,Ontario,ontario,NNP,NN
11551,Canada_2011,0,391,118,or,or,CC,CC
11552,Canada_2011,0,391,119,Quebec,quebec,NNP,NN
11553,Canada_2011,0,391,120,as,as,IN,IN
11554,Canada_2011,0,391,121,if,if,IN,IN
11555,Canada_2011,0,391,122,the,the,DT,DT
11556,Canada_2011,0,391,123,Union,union,NNP,NN
11557,Canada_2011,0,391,124,had,had,VBD,VB
11558,Canada_2011,0,391,125,not,not,RB,RB
11559,Canada_2011,0,391,126,been,been,VBN,VB
11560,Canada_2011,0,391,127,made,made,VBN,VB
11561,Canada_2011,0,392,0,141,141,CD,CD
11562,Canada_2011,0,393,0,Penitentiary,penitentiary,NNP,NN
11563,Canada_2011,0,393,1,Share,share,NNP,NN
11564,Canada_2011,0,393,2,The,the,DT,DT
11565,Canada_2011,0,393,3,Penitentiary,penitentiary,NNP,NN
11566,Canada_2011,0,393,4,of,of,IN,IN
11567,Canada_2011,0,393,5,the,the,DT,DT
11568,Canada_2011,0,393,6,Province,province,NNP,NN
11569,Canada_2011,0,393,7,of,of,IN,IN
11570,Canada_2011,0,393,8,Canada,canada,NNP,NN
11571,Canada_2011,0,393,9,shall,shall,MD,MD
11572,Canada_2011,0,393,11,until,until,IN,IN
11573,Canada_2011,0,393,12,the,the,DT,DT
11574,Canada_2011,0,393,13,Parliament,parliament,NNP,NN
11575,Canada_2011,0,393,14,of,of,IN,IN
11576,Canada_2011,0,393,15,Canada,canada,NNP,NN
11577,Canada_2011,0,393,16,otherwise,otherwise,RB,RB
11578,Canada_2011,0,393,17,provides,provides,VBZ,VB
11579,Canada_2011,0,393,19,be,be,VB,VB
11580,Canada_2011,0,393,20,and,and,CC,CC
11581,Canada_2011,0,393,21,continue,continue,VB,VB
11582,Canada_2011,0,393,22,the,the,DT,DT
11583,Canada_2011,0,393,23,Penitentiary,penitentiary,NNP,NN
11584,Canada_2011,0,393,24,of,of,IN,IN
11585,Canada_2011,0,393,25,Ontario,ontario,NNP,NN
11586,Canada_2011,0,393,26,and,and,CC,CC
11587,Canada_2011,0,393,27,of,of,IN,IN
11588,Canada_2011,0,393,28,Quebec,quebec,NNP,NN
11589,Canada_2011,0,394,0,142,142,CD,CD
11590,Canada_2011,0,395,0,Arbitration,arbitration,NNP,NN
11591,Canada_2011,0,395,1,respecting,respecting,NN,NN
11592,Canada_2011,0,395,2,Debts,debts,NNP,NN
11593,Canada_2011,0,395,4,etc,etc,FW,FW
11594,Canada_2011,0,395,5,Share,share,NNP,NN
11595,Canada_2011,0,395,6,The,the,DT,DT
11596,Canada_2011,0,395,7,Division,division,NNP,NN
11597,Canada_2011,0,395,8,and,and,CC,CC
11598,Canada_2011,0,395,9,Adjustment,adjustment,NNP,NN
11599,Canada_2011,0,395,10,of,of,IN,IN
11600,Canada_2011,0,395,11,the,the,DT,DT
11601,Canada_2011,0,395,12,Debts,debts,NNP,NN
11602,Canada_2011,0,395,14,Credits,credits,NNP,NN
11603,Canada_2011,0,395,16,Liabilities,liabilities,NNP,NN
11604,Canada_2011,0,395,18,Properties,properties,NNP,NN
11605,Canada_2011,0,395,20,and,and,CC,CC
11606,Canada_2011,0,395,21,Assets,assets,NNS,NN
11607,Canada_2011,0,395,22,of,of,IN,IN
11608,Canada_2011,0,395,23,Upper,upper,NNP,NN
11609,Canada_2011,0,395,24,Canada,canada,NNP,NN
11610,Canada_2011,0,395,25,and,and,CC,CC
11611,Canada_2011,0,395,26,Lower,lower,NNP,NN
11612,Canada_2011,0,395,27,Canada,canada,NNP,NN
11613,Canada_2011,0,395,28,shall,shall,MD,MD
11614,Canada_2011,0,395,29,be,be,VB,VB
11615,Canada_2011,0,395,30,referred,referred,VBN,VB
11616,Canada_2011,0,395,31,to,to,TO,TO
11617,Canada_2011,0,395,32,the,the,DT,DT
11618,Canada_2011,0,395,33,Arbitrament,arbitrament,NNP,NN
11619,Canada_2011,0,395,34,of,of,IN,IN
11620,Canada_2011,0,395,35,Three,three,NNP,NN
11621,Canada_2011,0,395,36,Arbitrators,arbitrators,NNP,NN
11622,Canada_2011,0,395,38,One,one,CD,CD
11623,Canada_2011,0,395,39,chosen,chosen,VBN,VB
11624,Canada_2011,0,395,40,by,by,IN,IN
11625,Canada_2011,0,395,41,the,the,DT,DT
11626,Canada_2011,0,395,42,Government,government,NNP,NN
11627,Canada_2011,0,395,43,of,of,IN,IN
11628,Canada_2011,0,395,44,Ontario,ontario,NNP,NN
11629,Canada_2011,0,395,46,One,one,CD,CD
11630,Canada_2011,0,395,47,by,by,IN,IN
11631,Canada_2011,0,395,48,the,the,DT,DT
11632,Canada_2011,0,395,49,Government,government,NNP,NN
11633,Canada_2011,0,395,50,of,of,IN,IN
11634,Canada_2011,0,395,51,Quebec,quebec,NNP,NN
11635,Canada_2011,0,395,53,and,and,CC,CC
11636,Canada_2011,0,395,54,One,one,CD,CD
11637,Canada_2011,0,395,55,by,by,IN,IN
11638,Canada_2011,0,395,56,the,the,DT,DT
11639,Canada_2011,0,395,57,Government,government,NNP,NN
11640,Canada_2011,0,395,58,of,of,IN,IN
11641,Canada_2011,0,395,59,Canada,canada,NNP,NN
11642,Canada_2011,0,395,61,and,and,CC,CC
11643,Canada_2011,0,395,62,the,the,DT,DT
11644,Canada_2011,0,395,63,Selection,selection,NNP,NN
11645,Canada_2011,0,395,64,of,of,IN,IN
11646,Canada_2011,0,395,65,the,the,DT,DT
11647,Canada_2011,0,395,66,Arbitrators,arbitrators,NNPS,NN
11648,Canada_2011,0,395,67,shall,shall,MD,MD
11649,Canada_2011,0,395,68,not,not,RB,RB
11650,Canada_2011,0,395,69,be,be,VB,VB
11651,Canada_2011,0,395,70,made,made,VBN,VB
11652,Canada_2011,0,395,71,until,until,IN,IN
11653,Canada_2011,0,395,72,the,the,DT,DT
11654,Canada_2011,0,395,73,Parliament,parliament,NNP,NN
11655,Canada_2011,0,395,74,of,of,IN,IN
11656,Canada_2011,0,395,75,Canada,canada,NNP,NN
11657,Canada_2011,0,395,76,and,and,CC,CC
11658,Canada_2011,0,395,77,the,the,DT,DT
11659,Canada_2011,0,395,78,Legislatures,legislatures,NNP,NN
11660,Canada_2011,0,395,79,of,of,IN,IN
11661,Canada_2011,0,395,80,Ontario,ontario,NNP,NN
11662,Canada_2011,0,395,81,and,and,CC,CC
11663,Canada_2011,0,395,82,Quebec,quebec,NNP,NN
11664,Canada_2011,0,395,83,have,have,VBP,VB
11665,Canada_2011,0,395,84,met,met,VBN,VB
11666,Canada_2011,0,395,86,and,and,CC,CC
11667,Canada_2011,0,395,87,the,the,DT,DT
11668,Canada_2011,0,395,88,Arbitrator,arbitrator,NNP,NN
11669,Canada_2011,0,395,89,chosen,chosen,NN,NN
11670,Canada_2011,0,395,90,by,by,IN,IN
11671,Canada_2011,0,395,91,the,the,DT,DT
11672,Canada_2011,0,395,92,Government,government,NNP,NN
11673,Canada_2011,0,395,93,of,of,IN,IN
11674,Canada_2011,0,395,94,Canada,canada,NNP,NN
11675,Canada_2011,0,395,95,shall,shall,MD,MD
11676,Canada_2011,0,395,96,not,not,RB,RB
11677,Canada_2011,0,395,97,be,be,VB,VB
11678,Canada_2011,0,395,98,a,a,DT,DT
11679,Canada_2011,0,395,99,Resident,resident,NNP,NN
11680,Canada_2011,0,395,100,either,either,CC,CC
11681,Canada_2011,0,395,101,in,in,IN,IN
11682,Canada_2011,0,395,102,Ontario,ontario,NNP,NN
11683,Canada_2011,0,395,103,or,or,CC,CC
11684,Canada_2011,0,395,104,in,in,IN,IN
11685,Canada_2011,0,395,105,Quebec,quebec,NNP,NN
11686,Canada_2011,0,396,0,143,143,CD,CD
11687,Canada_2011,0,397,0,Division,division,NN,NN
11688,Canada_2011,0,397,1,of,of,IN,IN
11689,Canada_2011,0,397,2,Records,records,NNP,NN
11690,Canada_2011,0,397,3,Share,share,NNP,NN
11691,Canada_2011,0,397,4,The,the,DT,DT
11692,Canada_2011,0,397,5,Governor,governor,NNP,NN
11693,Canada_2011,0,397,6,General,general,NNP,NN
11694,Canada_2011,0,397,7,in,in,IN,IN
11695,Canada_2011,0,397,8,Council,council,NNP,NN
11696,Canada_2011,0,397,9,may,may,MD,MD
11697,Canada_2011,0,397,10,from,from,IN,IN
11698,Canada_2011,0,397,11,Time,time,NNP,NN
11699,Canada_2011,0,397,12,to,to,TO,TO
11700,Canada_2011,0,397,13,Time,time,VB,VB
11701,Canada_2011,0,397,14,order,order,NN,NN
11702,Canada_2011,0,397,15,that,that,IN,IN
11703,Canada_2011,0,397,16,such,such,JJ,JJ
11704,Canada_2011,0,397,17,and,and,CC,CC
11705,Canada_2011,0,397,18,so,so,RB,RB
11706,Canada_2011,0,397,19,many,many,JJ,JJ
11707,Canada_2011,0,397,20,of,of,IN,IN
11708,Canada_2011,0,397,21,the,the,DT,DT
11709,Canada_2011,0,397,22,Records,records,NNP,NN
11710,Canada_2011,0,397,24,Books,books,NNP,NN
11711,Canada_2011,0,397,26,and,and,CC,CC
11712,Canada_2011,0,397,27,Documents,documents,NNS,NN
11713,Canada_2011,0,397,28,of,of,IN,IN
11714,Canada_2011,0,397,29,the,the,DT,DT
11715,Canada_2011,0,397,30,Province,province,NNP,NN
11716,Canada_2011,0,397,31,of,of,IN,IN
11717,Canada_2011,0,397,32,Canada,canada,NNP,NN
11718,Canada_2011,0,397,33,as,as,IN,IN
11719,Canada_2011,0,397,34,he,he,PRP,PR
11720,Canada_2011,0,397,35,thinks,thinks,VBZ,VB
11721,Canada_2011,0,397,36,fit,fit,JJ,JJ
11722,Canada_2011,0,397,37,shall,shall,MD,MD
11723,Canada_2011,0,397,38,be,be,VB,VB
11724,Canada_2011,0,397,39,appropriated,appropriated,VBN,VB
11725,Canada_2011,0,397,40,and,and,CC,CC
11726,Canada_2011,0,397,41,delivered,delivered,VBN,VB
11727,Canada_2011,0,397,42,either,either,DT,DT
11728,Canada_2011,0,397,43,to,to,TO,TO
11729,Canada_2011,0,397,44,Ontario,ontario,NNP,NN
11730,Canada_2011,0,397,45,or,or,CC,CC
11731,Canada_2011,0,397,46,to,to,TO,TO
11732,Canada_2011,0,397,47,Quebec,quebec,NNP,NN
11733,Canada_2011,0,397,49,and,and,CC,CC
11734,Canada_2011,0,397,50,the,the,DT,DT
11735,Canada_2011,0,397,51,same,same,JJ,JJ
11736,Canada_2011,0,397,52,shall,shall,MD,MD
11737,Canada_2011,0,397,53,thenceforth,thenceforth,RB,RB
11738,Canada_2011,0,397,54,be,be,VB,VB
11739,Canada_2011,0,397,55,the,the,DT,DT
11740,Canada_2011,0,397,56,Property,property,NNP,NN
11741,Canada_2011,0,397,57,of,of,IN,IN
11742,Canada_2011,0,397,58,that,that,DT,DT
11743,Canada_2011,0,397,59,Province,province,NNP,NN
11744,Canada_2011,0,397,61,and,and,CC,CC
11745,Canada_2011,0,397,62,any,any,DT,DT
11746,Canada_2011,0,397,63,Copy,copy,NNP,NN
11747,Canada_2011,0,397,64,thereof,thereof,NN,NN
11748,Canada_2011,0,397,65,or,or,CC,CC
11749,Canada_2011,0,397,66,Extract,extract,NNP,NN
11750,Canada_2011,0,397,67,therefrom,therefrom,IN,IN
11751,Canada_2011,0,397,69,duly,duly,RB,RB
11752,Canada_2011,0,397,70,certified,certified,VBN,VB
11753,Canada_2011,0,397,71,by,by,IN,IN
11754,Canada_2011,0,397,72,the,the,DT,DT
11755,Canada_2011,0,397,73,Officer,officer,NNP,NN
11756,Canada_2011,0,397,74,having,having,VBG,VB
11757,Canada_2011,0,397,75,charge,charge,NN,NN
11758,Canada_2011,0,397,76,of,of,IN,IN
11759,Canada_2011,0,397,77,the,the,DT,DT
11760,Canada_2011,0,397,78,Original,original,NNP,NN
11761,Canada_2011,0,397,79,thereof,thereof,NN,NN
11762,Canada_2011,0,397,81,shall,shall,MD,MD
11763,Canada_2011,0,397,82,be,be,VB,VB
11764,Canada_2011,0,397,83,admitted,admitted,VBN,VB
11765,Canada_2011,0,397,84,as,as,IN,IN
11766,Canada_2011,0,397,85,Evidence,evidence,NN,NN
11767,Canada_2011,0,398,0,144,144,CD,CD
11768,Canada_2011,0,399,0,Constitution,constitution,NN,NN
11769,Canada_2011,0,399,1,of,of,IN,IN
11770,Canada_2011,0,399,2,Townships,townships,NNP,NN
11771,Canada_2011,0,399,3,in,in,IN,IN
11772,Canada_2011,0,399,4,Quebec,quebec,NNP,NN
11773,Canada_2011,0,399,5,Share,share,NNP,NN
11774,Canada_2011,0,399,6,The,the,DT,DT
11775,Canada_2011,0,399,7,Lieutenant,lieutenant,NNP,NN
11776,Canada_2011,0,399,8,Governor,governor,NNP,NN
11777,Canada_2011,0,399,9,of,of,IN,IN
11778,Canada_2011,0,399,10,Quebec,quebec,NNP,NN
11779,Canada_2011,0,399,11,may,may,MD,MD
11780,Canada_2011,0,399,12,from,from,IN,IN
11781,Canada_2011,0,399,13,Time,time,NNP,NN
11782,Canada_2011,0,399,14,to,to,TO,TO
11783,Canada_2011,0,399,15,Time,time,NNP,NN
11784,Canada_2011,0,399,17,by,by,IN,IN
11785,Canada_2011,0,399,18,Proclamation,proclamation,NNP,NN
11786,Canada_2011,0,399,19,under,under,IN,IN
11787,Canada_2011,0,399,20,the,the,DT,DT
11788,Canada_2011,0,399,21,Great,great,NNP,NN
11789,Canada_2011,0,399,22,Seal,seal,NNP,NN
11790,Canada_2011,0,399,23,of,of,IN,IN
11791,Canada_2011,0,399,24,the,the,DT,DT
11792,Canada_2011,0,399,25,Province,province,NNP,NN
11793,Canada_2011,0,399,27,to,to,TO,TO
11794,Canada_2011,0,399,28,take,take,VB,VB
11795,Canada_2011,0,399,29,effect,effect,NN,NN
11796,Canada_2011,0,399,30,from,from,IN,IN
11797,Canada_2011,0,399,31,a,a,DT,DT
11798,Canada_2011,0,399,32,Day,day,NNP,NN
11799,Canada_2011,0,399,33,to,to,TO,TO
11800,Canada_2011,0,399,34,be,be,VB,VB
11801,Canada_2011,0,399,35,appointed,appointed,VBN,VB
11802,Canada_2011,0,399,36,therein,therein,RB,RB
11803,Canada_2011,0,399,38,constitute,constitute,JJ,JJ
11804,Canada_2011,0,399,39,Townships,townships,NNP,NN
11805,Canada_2011,0,399,40,in,in,IN,IN
11806,Canada_2011,0,399,41,those,those,DT,DT
11807,Canada_2011,0,399,42,Parts,parts,NNS,NN
11808,Canada_2011,0,399,43,of,of,IN,IN
11809,Canada_2011,0,399,44,the,the,DT,DT
11810,Canada_2011,0,399,45,Province,province,NNP,NN
11811,Canada_2011,0,399,46,of,of,IN,IN
11812,Canada_2011,0,399,47,Quebec,quebec,NNP,NN
11813,Canada_2011,0,399,48,in,in,IN,IN
11814,Canada_2011,0,399,49,which,which,WDT,WD
11815,Canada_2011,0,399,50,Townships,townships,NNP,NN
11816,Canada_2011,0,399,51,are,are,VBP,VB
11817,Canada_2011,0,399,52,not,not,RB,RB
11818,Canada_2011,0,399,53,then,then,RB,RB
11819,Canada_2011,0,399,54,already,already,RB,RB
11820,Canada_2011,0,399,55,constituted,constituted,VBN,VB
11821,Canada_2011,0,399,57,and,and,CC,CC
11822,Canada_2011,0,399,58,fix,fix,VB,VB
11823,Canada_2011,0,399,59,the,the,DT,DT
11824,Canada_2011,0,399,60,Metes,metes,NNP,NN
11825,Canada_2011,0,399,61,and,and,CC,CC
11826,Canada_2011,0,399,62,Bounds,bounds,NNP,NN
11827,Canada_2011,0,399,63,thereof,thereof,NN,NN
11828,Canada_2011,0,400,0,X.,x,JJ,JJ
11829,Canada_2011,0,400,1,INTERCOLONIAL,intercolonial,NNP,NN
11830,Canada_2011,0,400,2,RAILWAY,railway,NNP,NN
11831,Canada_2011,0,400,3,145,145,CD,CD
11832,Canada_2011,0,401,0,Repealed,repealed,VBN,VB
11833,Canada_2011,0,401,1,XI,xi,NN,NN
11834,Canada_2011,0,402,0,ADMISSION,admission,NNP,NN
11835,Canada_2011,0,402,1,OF,of,NNP,NN
11836,Canada_2011,0,402,2,OTHER,other,NNP,NN
11837,Canada_2011,0,402,3,COLONIES,colonies,NNP,NN
11838,Canada_2011,0,402,4,146,146,CD,CD
11839,Canada_2011,0,403,0,Power,power,NN,NN
11840,Canada_2011,0,403,1,to,to,TO,TO
11841,Canada_2011,0,403,2,admit,admit,VB,VB
11842,Canada_2011,0,403,3,Newfoundland,newfoundland,NNP,NN
11843,Canada_2011,0,403,5,etc.,etc,NN,NN
11844,Canada_2011,0,403,7,into,into,IN,IN
11845,Canada_2011,0,403,8,the,the,DT,DT
11846,Canada_2011,0,403,9,Union,union,NNP,NN
11847,Canada_2011,0,403,10,Share,share,NNP,NN
11848,Canada_2011,0,403,11,It,it,PRP,PR
11849,Canada_2011,0,403,12,shall,shall,MD,MD
11850,Canada_2011,0,403,13,be,be,VB,VB
11851,Canada_2011,0,403,14,lawful,lawful,JJ,JJ
11852,Canada_2011,0,403,15,for,for,IN,IN
11853,Canada_2011,0,403,16,the,the,DT,DT
11854,Canada_2011,0,403,17,Queen,queen,NNP,NN
11855,Canada_2011,0,403,19,by,by,IN,IN
11856,Canada_2011,0,403,20,and,and,CC,CC
11857,Canada_2011,0,403,21,with,with,IN,IN
11858,Canada_2011,0,403,22,the,the,DT,DT
11859,Canada_2011,0,403,23,Advice,advice,NNP,NN
11860,Canada_2011,0,403,24,of,of,IN,IN
11861,Canada_2011,0,403,25,Her,her,NNP,NN
11862,Canada_2011,0,403,26,Majesty,majesty,NNP,NN
11863,Canada_2011,0,403,28,s,s,VBZ,VB
11864,Canada_2011,0,403,29,Most,most,JJS,JJ
11865,Canada_2011,0,403,30,Honourable,honourable,JJ,JJ
11866,Canada_2011,0,403,31,Privy,privy,NNP,NN
11867,Canada_2011,0,403,32,Council,council,NNP,NN
11868,Canada_2011,0,403,34,on,on,IN,IN
11869,Canada_2011,0,403,35,Addresses,addresses,NNS,NN
11870,Canada_2011,0,403,36,from,from,IN,IN
11871,Canada_2011,0,403,37,the,the,DT,DT
11872,Canada_2011,0,403,38,Houses,houses,NNP,NN
11873,Canada_2011,0,403,39,of,of,IN,IN
11874,Canada_2011,0,403,40,the,the,DT,DT
11875,Canada_2011,0,403,41,Parliament,parliament,NNP,NN
11876,Canada_2011,0,403,42,of,of,IN,IN
11877,Canada_2011,0,403,43,Canada,canada,NNP,NN
11878,Canada_2011,0,403,45,and,and,CC,CC
11879,Canada_2011,0,403,46,from,from,IN,IN
11880,Canada_2011,0,403,47,the,the,DT,DT
11881,Canada_2011,0,403,48,Houses,houses,NNP,NN
11882,Canada_2011,0,403,49,of,of,IN,IN
11883,Canada_2011,0,403,50,the,the,DT,DT
11884,Canada_2011,0,403,51,respective,respective,JJ,JJ
11885,Canada_2011,0,403,52,Legislatures,legislatures,NNS,NN
11886,Canada_2011,0,403,53,of,of,IN,IN
11887,Canada_2011,0,403,54,the,the,DT,DT
11888,Canada_2011,0,403,55,Colonies,colonies,NNPS,NN
11889,Canada_2011,0,403,56,or,or,CC,CC
11890,Canada_2011,0,403,57,Provinces,provinces,NNPS,NN
11891,Canada_2011,0,403,58,of,of,IN,IN
11892,Canada_2011,0,403,59,Newfoundland,newfoundland,NNP,NN
11893,Canada_2011,0,403,61,Prince,prince,NNP,NN
11894,Canada_2011,0,403,62,Edward,edward,NNP,NN
11895,Canada_2011,0,403,63,Island,island,NNP,NN
11896,Canada_2011,0,403,65,and,and,CC,CC
11897,Canada_2011,0,403,66,British,british,NNP,NN
11898,Canada_2011,0,403,67,Columbia,columbia,NNP,NN
11899,Canada_2011,0,403,69,to,to,TO,TO
11900,Canada_2011,0,403,70,admit,admit,VB,VB
11901,Canada_2011,0,403,71,those,those,DT,DT
11902,Canada_2011,0,403,72,Colonies,colonies,NNS,NN
11903,Canada_2011,0,403,73,or,or,CC,CC
11904,Canada_2011,0,403,74,Provinces,provinces,NNS,NN
11905,Canada_2011,0,403,76,or,or,CC,CC
11906,Canada_2011,0,403,77,any,any,DT,DT
11907,Canada_2011,0,403,78,of,of,IN,IN
11908,Canada_2011,0,403,79,them,them,PRP,PR
11909,Canada_2011,0,403,81,into,into,IN,IN
11910,Canada_2011,0,403,82,the,the,DT,DT
11911,Canada_2011,0,403,83,Union,union,NNP,NN
11912,Canada_2011,0,403,85,and,and,CC,CC
11913,Canada_2011,0,403,86,on,on,IN,IN
11914,Canada_2011,0,403,87,Address,address,NNP,NN
11915,Canada_2011,0,403,88,from,from,IN,IN
11916,Canada_2011,0,403,89,the,the,DT,DT
11917,Canada_2011,0,403,90,Houses,houses,NNP,NN
11918,Canada_2011,0,403,91,of,of,IN,IN
11919,Canada_2011,0,403,92,the,the,DT,DT
11920,Canada_2011,0,403,93,Parliament,parliament,NNP,NN
11921,Canada_2011,0,403,94,of,of,IN,IN
11922,Canada_2011,0,403,95,Canada,canada,NNP,NN
11923,Canada_2011,0,403,96,to,to,TO,TO
11924,Canada_2011,0,403,97,admit,admit,VB,VB
11925,Canada_2011,0,403,98,Rupert,rupert,NNP,NN
11926,Canada_2011,0,403,100,s,s,NN,NN
11927,Canada_2011,0,403,101,Land,land,NNP,NN
11928,Canada_2011,0,403,102,and,and,CC,CC
11929,Canada_2011,0,403,103,the,the,DT,DT
11930,Canada_2011,0,403,104,North-western,northwestern,JJ,JJ
11931,Canada_2011,0,403,105,Territory,territory,NNP,NN
11932,Canada_2011,0,403,107,or,or,CC,CC
11933,Canada_2011,0,403,108,either,either,DT,DT
11934,Canada_2011,0,403,109,of,of,IN,IN
11935,Canada_2011,0,403,110,them,them,PRP,PR
11936,Canada_2011,0,403,112,into,into,IN,IN
11937,Canada_2011,0,403,113,the,the,DT,DT
11938,Canada_2011,0,403,114,Union,union,NNP,NN
11939,Canada_2011,0,403,116,on,on,IN,IN
11940,Canada_2011,0,403,117,such,such,JJ,JJ
11941,Canada_2011,0,403,118,Terms,terms,NNS,NN
11942,Canada_2011,0,403,119,and,and,CC,CC
11943,Canada_2011,0,403,120,Conditions,conditions,NNS,NN
11944,Canada_2011,0,403,121,in,in,IN,IN
11945,Canada_2011,0,403,122,each,each,DT,DT
11946,Canada_2011,0,403,123,Case,case,NNP,NN
11947,Canada_2011,0,403,124,as,as,IN,IN
11948,Canada_2011,0,403,125,are,are,VBP,VB
11949,Canada_2011,0,403,126,in,in,IN,IN
11950,Canada_2011,0,403,127,the,the,DT,DT
11951,Canada_2011,0,403,128,Addresses,addresses,NNS,NN
11952,Canada_2011,0,403,129,expressed,expressed,VBD,VB
11953,Canada_2011,0,403,130,and,and,CC,CC
11954,Canada_2011,0,403,131,as,as,IN,IN
11955,Canada_2011,0,403,132,the,the,DT,DT
11956,Canada_2011,0,403,133,Queen,queen,NNP,NN
11957,Canada_2011,0,403,134,thinks,thinks,VBZ,VB
11958,Canada_2011,0,403,135,fit,fit,NN,NN
11959,Canada_2011,0,403,136,to,to,TO,TO
11960,Canada_2011,0,403,137,approve,approve,VB,VB
11961,Canada_2011,0,403,139,subject,subject,JJ,JJ
11962,Canada_2011,0,403,140,to,to,TO,TO
11963,Canada_2011,0,403,141,the,the,DT,DT
11964,Canada_2011,0,403,142,Provisions,provisions,NNPS,NN
11965,Canada_2011,0,403,143,of,of,IN,IN
11966,Canada_2011,0,403,144,this,this,DT,DT
11967,Canada_2011,0,403,145,Act,act,NNP,NN
11968,Canada_2011,0,403,147,and,and,CC,CC
11969,Canada_2011,0,403,148,the,the,DT,DT
11970,Canada_2011,0,403,149,Provisions,provisions,NNP,NN
11971,Canada_2011,0,403,150,of,of,IN,IN
11972,Canada_2011,0,403,151,any,any,DT,DT
11973,Canada_2011,0,403,152,Order,order,NNP,NN
11974,Canada_2011,0,403,153,in,in,IN,IN
11975,Canada_2011,0,403,154,Council,council,NNP,NN
11976,Canada_2011,0,403,155,in,in,IN,IN
11977,Canada_2011,0,403,156,that,that,DT,DT
11978,Canada_2011,0,403,157,Behalf,behalf,NNP,NN
11979,Canada_2011,0,403,158,shall,shall,MD,MD
11980,Canada_2011,0,403,159,have,have,VB,VB
11981,Canada_2011,0,403,160,effect,effect,NN,NN
11982,Canada_2011,0,403,161,as,as,IN,IN
11983,Canada_2011,0,403,162,if,if,IN,IN
11984,Canada_2011,0,403,163,they,they,PRP,PR
11985,Canada_2011,0,403,164,had,had,VBD,VB
11986,Canada_2011,0,403,165,been,been,VBN,VB
11987,Canada_2011,0,403,166,enacted,enacted,VBN,VB
11988,Canada_2011,0,403,167,by,by,IN,IN
11989,Canada_2011,0,403,168,the,the,DT,DT
11990,Canada_2011,0,403,169,Parliament,parliament,NNP,NN
11991,Canada_2011,0,403,170,of,of,IN,IN
11992,Canada_2011,0,403,171,the,the,DT,DT
11993,Canada_2011,0,403,172,United,united,NNP,NN
11994,Canada_2011,0,403,173,Kingdom,kingdom,NNP,NN
11995,Canada_2011,0,403,174,of,of,IN,IN
11996,Canada_2011,0,403,175,Great,great,NNP,NN
11997,Canada_2011,0,403,176,Britain,britain,NNP,NN
11998,Canada_2011,0,403,177,and,and,CC,CC
11999,Canada_2011,0,403,178,Ireland,ireland,NNP,NN
12000,Canada_2011,0,404,0,147,147,CD,CD
12001,Canada_2011,0,405,0,As,as,IN,IN
12002,Canada_2011,0,405,1,to,to,TO,TO
12003,Canada_2011,0,405,2,Representation,representation,NNP,NN
12004,Canada_2011,0,405,3,of,of,IN,IN
12005,Canada_2011,0,405,4,Newfoundland,newfoundland,NNP,NN
12006,Canada_2011,0,405,5,and,and,CC,CC
12007,Canada_2011,0,405,6,Prince,prince,NNP,NN
12008,Canada_2011,0,405,7,Edward,edward,NNP,NN
12009,Canada_2011,0,405,8,Island,island,NNP,NN
12010,Canada_2011,0,405,9,in,in,IN,IN
12011,Canada_2011,0,405,10,Senate,senate,NNP,NN
12012,Canada_2011,0,405,11,Share,share,NNP,NN
12013,Canada_2011,0,405,12,In,in,IN,IN
12014,Canada_2011,0,405,13,case,case,NN,NN
12015,Canada_2011,0,405,14,of,of,IN,IN
12016,Canada_2011,0,405,15,the,the,DT,DT
12017,Canada_2011,0,405,16,Admission,admission,NNP,NN
12018,Canada_2011,0,405,17,of,of,IN,IN
12019,Canada_2011,0,405,18,Newfoundland,newfoundland,NNP,NN
12020,Canada_2011,0,405,19,and,and,CC,CC
12021,Canada_2011,0,405,20,Prince,prince,NNP,NN
12022,Canada_2011,0,405,21,Edward,edward,NNP,NN
12023,Canada_2011,0,405,22,Island,island,NNP,NN
12024,Canada_2011,0,405,24,or,or,CC,CC
12025,Canada_2011,0,405,25,either,either,DT,DT
12026,Canada_2011,0,405,26,of,of,IN,IN
12027,Canada_2011,0,405,27,them,them,PRP,PR
12028,Canada_2011,0,405,29,each,each,DT,DT
12029,Canada_2011,0,405,30,shall,shall,MD,MD
12030,Canada_2011,0,405,31,be,be,VB,VB
12031,Canada_2011,0,405,32,entitled,entitled,VBN,VB
12032,Canada_2011,0,405,33,to,to,TO,TO
12033,Canada_2011,0,405,34,a,a,DT,DT
12034,Canada_2011,0,405,35,Representation,representation,NN,NN
12035,Canada_2011,0,405,36,in,in,IN,IN
12036,Canada_2011,0,405,37,the,the,DT,DT
12037,Canada_2011,0,405,38,Senate,senate,NNP,NN
12038,Canada_2011,0,405,39,of,of,IN,IN
12039,Canada_2011,0,405,40,Canada,canada,NNP,NN
12040,Canada_2011,0,405,41,of,of,IN,IN
12041,Canada_2011,0,405,42,Four,four,NNP,NN
12042,Canada_2011,0,405,43,Members,members,NNP,NN
12043,Canada_2011,0,405,45,and,and,CC,CC
12044,Canada_2011,0,405,47,notwithstanding,notwithstanding,VBG,VB
12045,Canada_2011,0,405,48,anything,anything,NN,NN
12046,Canada_2011,0,405,49,in,in,IN,IN
12047,Canada_2011,0,405,50,this,this,DT,DT
12048,Canada_2011,0,405,51,Act,act,NNP,NN
12049,Canada_2011,0,405,53,in,in,IN,IN
12050,Canada_2011,0,405,54,case,case,NN,NN
12051,Canada_2011,0,405,55,of,of,IN,IN
12052,Canada_2011,0,405,56,the,the,DT,DT
12053,Canada_2011,0,405,57,Admission,admission,NNP,NN
12054,Canada_2011,0,405,58,of,of,IN,IN
12055,Canada_2011,0,405,59,Newfoundland,newfoundland,NNP,NN
12056,Canada_2011,0,405,60,the,the,DT,DT
12057,Canada_2011,0,405,61,normal,normal,JJ,JJ
12058,Canada_2011,0,405,62,Number,number,NNP,NN
12059,Canada_2011,0,405,63,of,of,IN,IN
12060,Canada_2011,0,405,64,Senators,senators,NNP,NN
12061,Canada_2011,0,405,65,shall,shall,MD,MD
12062,Canada_2011,0,405,66,be,be,VB,VB
12063,Canada_2011,0,405,67,Seventy-six,seventysix,NNP,NN
12064,Canada_2011,0,405,68,and,and,CC,CC
12065,Canada_2011,0,405,69,their,their,PRP$,PR
12066,Canada_2011,0,405,70,maximum,maximum,JJ,JJ
12067,Canada_2011,0,405,71,Number,number,NNP,NN
12068,Canada_2011,0,405,72,shall,shall,MD,MD
12069,Canada_2011,0,405,73,be,be,VB,VB
12070,Canada_2011,0,405,74,Eighty-two,eightytwo,JJ,JJ
12071,Canada_2011,0,405,76,but,but,CC,CC
12072,Canada_2011,0,405,77,Prince,prince,NNP,NN
12073,Canada_2011,0,405,78,Edward,edward,NNP,NN
12074,Canada_2011,0,405,79,Island,island,NNP,NN
12075,Canada_2011,0,405,80,when,when,WRB,WR
12076,Canada_2011,0,405,81,admitted,admitted,VBN,VB
12077,Canada_2011,0,405,82,shall,shall,MD,MD
12078,Canada_2011,0,405,83,be,be,VB,VB
12079,Canada_2011,0,405,84,deemed,deemed,VBN,VB
12080,Canada_2011,0,405,85,to,to,TO,TO
12081,Canada_2011,0,405,86,be,be,VB,VB
12082,Canada_2011,0,405,87,comprised,comprised,VBN,VB
12083,Canada_2011,0,405,88,in,in,IN,IN
12084,Canada_2011,0,405,89,the,the,DT,DT
12085,Canada_2011,0,405,90,third,third,NN,NN
12086,Canada_2011,0,405,91,of,of,IN,IN
12087,Canada_2011,0,405,92,the,the,DT,DT
12088,Canada_2011,0,405,93,Three,three,NNP,NN
12089,Canada_2011,0,405,94,Divisions,divisions,NNP,NN
12090,Canada_2011,0,405,95,into,into,IN,IN
12091,Canada_2011,0,405,96,which,which,WDT,WD
12092,Canada_2011,0,405,97,Canada,canada,NNP,NN
12093,Canada_2011,0,405,98,is,is,VBZ,VB
12094,Canada_2011,0,405,100,in,in,IN,IN
12095,Canada_2011,0,405,101,relation,relation,NN,NN
12096,Canada_2011,0,405,102,to,to,TO,TO
12097,Canada_2011,0,405,103,the,the,DT,DT
12098,Canada_2011,0,405,104,Constitution,constitution,NNP,NN
12099,Canada_2011,0,405,105,of,of,IN,IN
12100,Canada_2011,0,405,106,the,the,DT,DT
12101,Canada_2011,0,405,107,Senate,senate,NNP,NN
12102,Canada_2011,0,405,109,divided,divided,VBN,VB
12103,Canada_2011,0,405,110,by,by,IN,IN
12104,Canada_2011,0,405,111,this,this,DT,DT
12105,Canada_2011,0,405,112,Act,act,NNP,NN
12106,Canada_2011,0,405,114,and,and,CC,CC
12107,Canada_2011,0,405,115,accordingly,accordingly,RB,RB
12108,Canada_2011,0,405,117,after,after,IN,IN
12109,Canada_2011,0,405,118,the,the,DT,DT
12110,Canada_2011,0,405,119,Admission,admission,NNP,NN
12111,Canada_2011,0,405,120,of,of,IN,IN
12112,Canada_2011,0,405,121,Prince,prince,NNP,NN
12113,Canada_2011,0,405,122,Edward,edward,NNP,NN
12114,Canada_2011,0,405,123,Island,island,NNP,NN
12115,Canada_2011,0,405,125,whether,whether,IN,IN
12116,Canada_2011,0,405,126,Newfoundland,newfoundland,NNP,NN
12117,Canada_2011,0,405,127,is,is,VBZ,VB
12118,Canada_2011,0,405,128,admitted,admitted,VBN,VB
12119,Canada_2011,0,405,129,or,or,CC,CC
12120,Canada_2011,0,405,130,not,not,RB,RB
12121,Canada_2011,0,405,132,the,the,DT,DT
12122,Canada_2011,0,405,133,Representation,representation,NNP,NN
12123,Canada_2011,0,405,134,of,of,IN,IN
12124,Canada_2011,0,405,135,Nova,nova,NNP,NN
12125,Canada_2011,0,405,136,Scotia,scotia,NNP,NN
12126,Canada_2011,0,405,137,and,and,CC,CC
12127,Canada_2011,0,405,138,New,new,NNP,NN
12128,Canada_2011,0,405,139,Brunswick,brunswick,NNP,NN
12129,Canada_2011,0,405,140,in,in,IN,IN
12130,Canada_2011,0,405,141,the,the,DT,DT
12131,Canada_2011,0,405,142,Senate,senate,NNP,NN
12132,Canada_2011,0,405,143,shall,shall,MD,MD
12133,Canada_2011,0,405,145,as,as,IN,IN
12134,Canada_2011,0,405,146,Vacancies,vacancies,NNS,NN
12135,Canada_2011,0,405,147,occur,occur,VBP,VB
12136,Canada_2011,0,405,149,be,be,VB,VB
12137,Canada_2011,0,405,150,reduced,reduced,VBN,VB
12138,Canada_2011,0,405,151,from,from,IN,IN
12139,Canada_2011,0,405,152,Twelve,twelve,NNP,NN
12140,Canada_2011,0,405,153,to,to,TO,TO
12141,Canada_2011,0,405,154,Ten,ten,VB,VB
12142,Canada_2011,0,405,155,Members,members,NNP,NN
12143,Canada_2011,0,405,156,respectively,respectively,RB,RB
12144,Canada_2011,0,405,158,and,and,CC,CC
12145,Canada_2011,0,405,159,the,the,DT,DT
12146,Canada_2011,0,405,160,Representation,representation,NNP,NN
12147,Canada_2011,0,405,161,of,of,IN,IN
12148,Canada_2011,0,405,162,each,each,DT,DT
12149,Canada_2011,0,405,163,of,of,IN,IN
12150,Canada_2011,0,405,164,those,those,DT,DT
12151,Canada_2011,0,405,165,Provinces,provinces,NNS,NN
12152,Canada_2011,0,405,166,shall,shall,MD,MD
12153,Canada_2011,0,405,167,not,not,RB,RB
12154,Canada_2011,0,405,168,be,be,VB,VB
12155,Canada_2011,0,405,169,increased,increased,VBN,VB
12156,Canada_2011,0,405,170,at,at,IN,IN
12157,Canada_2011,0,405,171,any,any,DT,DT
12158,Canada_2011,0,405,172,Time,time,NNP,NN
12159,Canada_2011,0,405,173,beyond,beyond,IN,IN
12160,Canada_2011,0,405,174,Ten,ten,NNP,NN
12161,Canada_2011,0,405,176,except,except,IN,IN
12162,Canada_2011,0,405,177,under,under,IN,IN
12163,Canada_2011,0,405,178,the,the,DT,DT
12164,Canada_2011,0,405,179,Provisions,provisions,NNP,NN
12165,Canada_2011,0,405,180,of,of,IN,IN
12166,Canada_2011,0,405,181,this,this,DT,DT
12167,Canada_2011,0,405,182,Act,act,NNP,NN
12168,Canada_2011,0,405,183,for,for,IN,IN
12169,Canada_2011,0,405,184,the,the,DT,DT
12170,Canada_2011,0,405,185,Appointment,appointment,NNP,NN
12171,Canada_2011,0,405,186,of,of,IN,IN
12172,Canada_2011,0,405,187,Three,three,NNP,NN
12173,Canada_2011,0,405,188,or,or,CC,CC
12174,Canada_2011,0,405,189,Six,six,NNP,NN
12175,Canada_2011,0,405,190,additional,additional,JJ,JJ
12176,Canada_2011,0,405,191,Senators,senators,NNPS,NN
12177,Canada_2011,0,405,192,under,under,IN,IN
12178,Canada_2011,0,405,193,the,the,DT,DT
12179,Canada_2011,0,405,194,Direction,direction,NNP,NN
12180,Canada_2011,0,405,195,of,of,IN,IN
12181,Canada_2011,0,405,196,the,the,DT,DT
12182,Canada_2011,0,405,197,Queen,queen,NNP,NN
12183,Canada_2011,0,406,0,THE,the,DT,DT
12184,Canada_2011,0,406,1,FIRST,first,NNP,NN
12185,Canada_2011,0,406,2,SCHEDULE,schedule,NNP,NN
12186,Canada_2011,0,407,0,ELECTORAL,electoral,JJ,JJ
12187,Canada_2011,0,407,1,DISTRICTS,districts,NNP,NN
12188,Canada_2011,0,407,2,OF,of,NNP,NN
12189,Canada_2011,0,407,3,ONTARIO,ontario,NNP,NN
12190,Canada_2011,0,407,4,A,a,NNP,NN
12191,Canada_2011,0,408,0,EXISTING,existing,JJ,JJ
12192,Canada_2011,0,408,1,ELECTORAL,electoral,NNP,NN
12193,Canada_2011,0,408,2,DIVISIONS,divisions,NNP,NN
12194,Canada_2011,0,408,3,Part,part,NNP,NN
12195,Canada_2011,0,408,4,1,1,CD,CD
12196,Canada_2011,0,409,0,Counties,counties,NNS,NN
12197,Canada_2011,0,409,1,Share,share,NNP,NN
12198,Canada_2011,0,409,2,1.Prescott,1prescott,CD,CD
12199,Canada_2011,0,410,0,2.Glengarry,2glengarry,CD,CD
12200,Canada_2011,0,411,0,3.Stormont,3stormont,CD,CD
12201,Canada_2011,0,412,0,4.Dundas,4dundas,CD,CD
12202,Canada_2011,0,413,0,5.Russell,5russell,CD,CD
12203,Canada_2011,0,414,0,6.Carleton,6carleton,CD,CD
12204,Canada_2011,0,415,0,7.Prince,7prince,CD,CD
12205,Canada_2011,0,415,1,Edward,edward,NNP,NN
12206,Canada_2011,0,416,0,8.Halton,8halton,CD,CD
12207,Canada_2011,0,417,0,9.Essex,9essex,CD,CD
12208,Canada_2011,0,418,0,Part,part,NN,NN
12209,Canada_2011,0,418,1,2,2,CD,CD
12210,Canada_2011,0,419,0,Ridings,ridings,NNS,NN
12211,Canada_2011,0,419,1,of,of,IN,IN
12212,Canada_2011,0,419,2,Counties,counties,NNP,NN
12213,Canada_2011,0,419,3,Share,share,NNP,NN
12214,Canada_2011,0,419,4,10.North,10north,CD,CD
12215,Canada_2011,0,419,5,Riding,riding,NNP,NN
12216,Canada_2011,0,419,6,of,of,IN,IN
12217,Canada_2011,0,419,7,Lanark,lanark,NNP,NN
12218,Canada_2011,0,420,0,11.South,11south,CD,CD
12219,Canada_2011,0,420,1,Riding,riding,NNP,NN
12220,Canada_2011,0,420,2,of,of,IN,IN
12221,Canada_2011,0,420,3,Lanark,lanark,NNP,NN
12222,Canada_2011,0,421,0,12.North,12north,CD,CD
12223,Canada_2011,0,421,1,Riding,riding,NNP,NN
12224,Canada_2011,0,421,2,of,of,IN,IN
12225,Canada_2011,0,421,3,Leeds,leeds,NNP,NN
12226,Canada_2011,0,421,4,and,and,CC,CC
12227,Canada_2011,0,421,5,North,north,NNP,NN
12228,Canada_2011,0,421,6,Riding,riding,NNP,NN
12229,Canada_2011,0,421,7,of,of,IN,IN
12230,Canada_2011,0,421,8,Grenville,grenville,NNP,NN
12231,Canada_2011,0,422,0,13.South,13south,CD,CD
12232,Canada_2011,0,422,1,Riding,riding,NNP,NN
12233,Canada_2011,0,422,2,of,of,IN,IN
12234,Canada_2011,0,422,3,Leeds,leeds,NNP,NN
12235,Canada_2011,0,423,0,14.South,14south,CD,CD
12236,Canada_2011,0,423,1,Riding,riding,NNP,NN
12237,Canada_2011,0,423,2,of,of,IN,IN
12238,Canada_2011,0,423,3,Grenville,grenville,NNP,NN
12239,Canada_2011,0,424,0,15.East,15east,CD,CD
12240,Canada_2011,0,424,1,Riding,riding,NNP,NN
12241,Canada_2011,0,424,2,of,of,IN,IN
12242,Canada_2011,0,424,3,Northumberland,northumberland,NNP,NN
12243,Canada_2011,0,425,0,16.West,16west,CD,CD
12244,Canada_2011,0,425,1,Riding,riding,NNP,NN
12245,Canada_2011,0,425,2,of,of,IN,IN
12246,Canada_2011,0,425,3,Northumberland,northumberland,NNP,NN
12247,Canada_2011,0,425,5,excepting,excepting,VBG,VB
12248,Canada_2011,0,425,6,therefrom,therefrom,IN,IN
12249,Canada_2011,0,425,7,the,the,DT,DT
12250,Canada_2011,0,425,8,Township,township,NNP,NN
12251,Canada_2011,0,425,9,of,of,IN,IN
12252,Canada_2011,0,425,10,South,south,NNP,NN
12253,Canada_2011,0,425,11,Monaghan,monaghan,NNP,NN
12254,Canada_2011,0,426,0,17.East,17east,CD,CD
12255,Canada_2011,0,426,1,Riding,riding,NNP,NN
12256,Canada_2011,0,426,2,of,of,IN,IN
12257,Canada_2011,0,426,3,Durham,durham,NNP,NN
12258,Canada_2011,0,427,0,18.West,18west,CD,CD
12259,Canada_2011,0,427,1,Riding,riding,NNP,NN
12260,Canada_2011,0,427,2,of,of,IN,IN
12261,Canada_2011,0,427,3,Durham,durham,NNP,NN
12262,Canada_2011,0,428,0,19.North,19north,CD,CD
12263,Canada_2011,0,428,1,Riding,riding,NNP,NN
12264,Canada_2011,0,428,2,of,of,IN,IN
12265,Canada_2011,0,428,3,Ontario,ontario,NNP,NN
12266,Canada_2011,0,429,0,20.South,20south,CD,CD
12267,Canada_2011,0,429,1,Riding,riding,NNP,NN
12268,Canada_2011,0,429,2,of,of,IN,IN
12269,Canada_2011,0,429,3,Ontario,ontario,NNP,NN
12270,Canada_2011,0,430,0,21.East,21east,CD,CD
12271,Canada_2011,0,430,1,Riding,riding,NNP,NN
12272,Canada_2011,0,430,2,of,of,IN,IN
12273,Canada_2011,0,430,3,York,york,NNP,NN
12274,Canada_2011,0,431,0,22.West,22west,CD,CD
12275,Canada_2011,0,431,1,Riding,riding,NNP,NN
12276,Canada_2011,0,431,2,of,of,IN,IN
12277,Canada_2011,0,431,3,York,york,NNP,NN
12278,Canada_2011,0,432,0,23.North,23north,CD,CD
12279,Canada_2011,0,432,1,Riding,riding,NNP,NN
12280,Canada_2011,0,432,2,of,of,IN,IN
12281,Canada_2011,0,432,3,York,york,NNP,NN
12282,Canada_2011,0,433,0,24.North,24north,CD,CD
12283,Canada_2011,0,433,1,Riding,riding,NNP,NN
12284,Canada_2011,0,433,2,of,of,IN,IN
12285,Canada_2011,0,433,3,Wentworth,wentworth,NNP,NN
12286,Canada_2011,0,434,0,25.South,25south,CD,CD
12287,Canada_2011,0,434,1,Riding,riding,NNP,NN
12288,Canada_2011,0,434,2,of,of,IN,IN
12289,Canada_2011,0,434,3,Wentworth,wentworth,NNP,NN
12290,Canada_2011,0,435,0,26.East,26east,CD,CD
12291,Canada_2011,0,435,1,Riding,riding,NNP,NN
12292,Canada_2011,0,435,2,of,of,IN,IN
12293,Canada_2011,0,435,3,Elgin,elgin,NNP,NN
12294,Canada_2011,0,436,0,27.West,27west,CD,CD
12295,Canada_2011,0,436,1,Riding,riding,NNP,NN
12296,Canada_2011,0,436,2,of,of,IN,IN
12297,Canada_2011,0,436,3,Elgin,elgin,NNP,NN
12298,Canada_2011,0,437,0,28.North,28north,CD,CD
12299,Canada_2011,0,437,1,Riding,riding,NNP,NN
12300,Canada_2011,0,437,2,of,of,IN,IN
12301,Canada_2011,0,437,3,Waterloo,waterloo,NNP,NN
12302,Canada_2011,0,438,0,29.South,29south,CD,CD
12303,Canada_2011,0,438,1,Riding,riding,NNP,NN
12304,Canada_2011,0,438,2,of,of,IN,IN
12305,Canada_2011,0,438,3,Waterloo,waterloo,NNP,NN
12306,Canada_2011,0,439,0,30.North,30north,CD,CD
12307,Canada_2011,0,439,1,Riding,riding,NNP,NN
12308,Canada_2011,0,439,2,of,of,IN,IN
12309,Canada_2011,0,439,3,Brant,brant,NNP,NN
12310,Canada_2011,0,440,0,31.South,31south,CD,CD
12311,Canada_2011,0,440,1,Riding,riding,NNP,NN
12312,Canada_2011,0,440,2,of,of,IN,IN
12313,Canada_2011,0,440,3,Brant,brant,NNP,NN
12314,Canada_2011,0,441,0,32.North,32north,CD,CD
12315,Canada_2011,0,441,1,Riding,riding,NNP,NN
12316,Canada_2011,0,441,2,of,of,IN,IN
12317,Canada_2011,0,441,3,Oxford,oxford,NNP,NN
12318,Canada_2011,0,442,0,33.South,33south,CD,CD
12319,Canada_2011,0,442,1,Riding,riding,NNP,NN
12320,Canada_2011,0,442,2,of,of,IN,IN
12321,Canada_2011,0,442,3,Oxford,oxford,NNP,NN
12322,Canada_2011,0,443,0,34.East,34east,CD,CD
12323,Canada_2011,0,443,1,Riding,riding,NNP,NN
12324,Canada_2011,0,443,2,of,of,IN,IN
12325,Canada_2011,0,443,3,Middlesex,middlesex,NNP,NN
12326,Canada_2011,0,444,0,Part,part,NN,NN
12327,Canada_2011,0,444,1,3,3,CD,CD
12328,Canada_2011,0,445,0,Cities,cities,NNS,NN
12329,Canada_2011,0,445,2,Parts,parts,NNS,NN
12330,Canada_2011,0,445,3,of,of,IN,IN
12331,Canada_2011,0,445,4,Cities,cities,NNP,NN
12332,Canada_2011,0,445,6,and,and,CC,CC
12333,Canada_2011,0,445,7,Towns,towns,NNP,NN
12334,Canada_2011,0,445,8,Share,share,NNP,NN
12335,Canada_2011,0,445,9,35.West,35west,CD,CD
12336,Canada_2011,0,445,10,Toronto,toronto,NNP,NN
12337,Canada_2011,0,446,0,36.East,36east,CD,CD
12338,Canada_2011,0,446,1,Toronto,toronto,NNP,NN
12339,Canada_2011,0,447,0,37.Hamilton,37hamilton,CD,CD
12340,Canada_2011,0,448,0,38.Ottawa,38ottawa,CD,CD
12341,Canada_2011,0,449,0,39.Kingston,39kingston,CD,CD
12342,Canada_2011,0,450,0,40.London,40london,CD,CD
12343,Canada_2011,0,451,0,41.Town,41town,CD,CD
12344,Canada_2011,0,451,1,of,of,IN,IN
12345,Canada_2011,0,451,2,Brockville,brockville,NNP,NN
12346,Canada_2011,0,451,4,with,with,IN,IN
12347,Canada_2011,0,451,5,the,the,DT,DT
12348,Canada_2011,0,451,6,Township,township,NNP,NN
12349,Canada_2011,0,451,7,of,of,IN,IN
12350,Canada_2011,0,451,8,Elizabethtown,elizabethtown,NNP,NN
12351,Canada_2011,0,451,9,thereto,thereto,NN,NN
12352,Canada_2011,0,451,10,attached,attached,VBD,VB
12353,Canada_2011,0,452,0,42.Town,42town,CD,CD
12354,Canada_2011,0,452,1,of,of,IN,IN
12355,Canada_2011,0,452,2,Niagara,niagara,NNP,NN
12356,Canada_2011,0,452,4,with,with,IN,IN
12357,Canada_2011,0,452,5,the,the,DT,DT
12358,Canada_2011,0,452,6,Township,township,NNP,NN
12359,Canada_2011,0,452,7,of,of,IN,IN
12360,Canada_2011,0,452,8,Niagara,niagara,NNP,NN
12361,Canada_2011,0,452,9,thereto,thereto,NN,NN
12362,Canada_2011,0,452,10,attached,attached,VBD,VB
12363,Canada_2011,0,453,0,43.Town,43town,CD,CD
12364,Canada_2011,0,453,1,of,of,IN,IN
12365,Canada_2011,0,453,2,Cornwall,cornwall,NNP,NN
12366,Canada_2011,0,453,4,with,with,IN,IN
12367,Canada_2011,0,453,5,the,the,DT,DT
12368,Canada_2011,0,453,6,Township,township,NNP,NN
12369,Canada_2011,0,453,7,of,of,IN,IN
12370,Canada_2011,0,453,8,Cornwall,cornwall,NNP,NN
12371,Canada_2011,0,453,9,thereto,thereto,NN,NN
12372,Canada_2011,0,453,10,attached,attached,VBD,VB
12373,Canada_2011,0,454,0,B,b,NNP,NN
12374,Canada_2011,0,455,0,NEW,new,JJ,JJ
12375,Canada_2011,0,455,1,ELECTORAL,electoral,NNP,NN
12376,Canada_2011,0,455,2,DIVISIONS,divisions,NNP,NN
12377,Canada_2011,0,455,3,Share,share,NNP,NN
12378,Canada_2011,0,455,4,44.The,44the,CD,CD
12379,Canada_2011,0,455,5,Provisional,provisional,NNP,NN
12380,Canada_2011,0,455,6,Judicial,judicial,NNP,NN
12381,Canada_2011,0,455,7,District,district,NNP,NN
12382,Canada_2011,0,455,8,of,of,IN,IN
12383,Canada_2011,0,455,9,Algoma,algoma,NNP,NN
12384,Canada_2011,0,456,0,45.The,45the,CD,CD
12385,Canada_2011,0,456,1,County,county,NNP,NN
12386,Canada_2011,0,456,2,of,of,IN,IN
12387,Canada_2011,0,456,3,BRUCE,bruce,NNP,NN
12388,Canada_2011,0,456,5,divided,divided,VBD,VB
12389,Canada_2011,0,456,6,into,into,IN,IN
12390,Canada_2011,0,456,7,Two,two,CD,CD
12391,Canada_2011,0,456,8,Ridings,ridings,NNS,NN
12392,Canada_2011,0,456,10,to,to,TO,TO
12393,Canada_2011,0,456,11,be,be,VB,VB
12394,Canada_2011,0,456,12,called,called,VBN,VB
12395,Canada_2011,0,456,13,respectively,respectively,RB,RB
12396,Canada_2011,0,456,14,the,the,DT,DT
12397,Canada_2011,0,456,15,North,north,NNP,NN
12398,Canada_2011,0,456,16,and,and,CC,CC
12399,Canada_2011,0,456,17,South,south,NNP,NN
12400,Canada_2011,0,456,18,Ridings,ridings,NNPS,NN
12401,Canada_2011,0,456,20,The,the,DT,DT
12402,Canada_2011,0,456,21,North,north,NNP,NN
12403,Canada_2011,0,456,22,Riding,riding,NNP,NN
12404,Canada_2011,0,456,23,of,of,IN,IN
12405,Canada_2011,0,456,24,Bruce,bruce,NNP,NN
12406,Canada_2011,0,456,25,to,to,TO,TO
12407,Canada_2011,0,456,26,consist,consist,VB,VB
12408,Canada_2011,0,456,27,of,of,IN,IN
12409,Canada_2011,0,456,28,the,the,DT,DT
12410,Canada_2011,0,456,29,Townships,townships,NNP,NN
12411,Canada_2011,0,456,30,of,of,IN,IN
12412,Canada_2011,0,456,31,Bury,bury,NNP,NN
12413,Canada_2011,0,456,33,Lindsay,lindsay,NNP,NN
12414,Canada_2011,0,456,35,Eastnor,eastnor,NNP,NN
12415,Canada_2011,0,456,37,Albermarle,albermarle,NNP,NN
12416,Canada_2011,0,456,39,Amable,amable,NNP,NN
12417,Canada_2011,0,456,41,Arran,arran,NNP,NN
12418,Canada_2011,0,456,43,Bruce,bruce,NNP,NN
12419,Canada_2011,0,456,45,Elderslie,elderslie,NNP,NN
12420,Canada_2011,0,456,47,and,and,CC,CC
12421,Canada_2011,0,456,48,Saugeen,saugeen,NNP,NN
12422,Canada_2011,0,456,50,and,and,CC,CC
12423,Canada_2011,0,456,51,the,the,DT,DT
12424,Canada_2011,0,456,52,Village,village,NNP,NN
12425,Canada_2011,0,456,53,of,of,IN,IN
12426,Canada_2011,0,456,54,Southampton,southampton,NNP,NN
12427,Canada_2011,0,457,0,46.The,46the,CD,CD
12428,Canada_2011,0,457,1,County,county,NNP,NN
12429,Canada_2011,0,457,2,of,of,IN,IN
12430,Canada_2011,0,457,3,BRUCE,bruce,NNP,NN
12431,Canada_2011,0,457,5,divided,divided,VBD,VB
12432,Canada_2011,0,457,6,into,into,IN,IN
12433,Canada_2011,0,457,7,Two,two,CD,CD
12434,Canada_2011,0,457,8,Ridings,ridings,NNS,NN
12435,Canada_2011,0,457,10,to,to,TO,TO
12436,Canada_2011,0,457,11,be,be,VB,VB
12437,Canada_2011,0,457,12,called,called,VBN,VB
12438,Canada_2011,0,457,13,respectively,respectively,RB,RB
12439,Canada_2011,0,457,14,the,the,DT,DT
12440,Canada_2011,0,457,15,North,north,NNP,NN
12441,Canada_2011,0,457,16,and,and,CC,CC
12442,Canada_2011,0,457,17,South,south,NNP,NN
12443,Canada_2011,0,457,18,Ridings,ridings,NNPS,NN
12444,Canada_2011,0,457,20,The,the,DT,DT
12445,Canada_2011,0,457,21,South,south,NNP,NN
12446,Canada_2011,0,457,22,Riding,riding,NNP,NN
12447,Canada_2011,0,457,23,of,of,IN,IN
12448,Canada_2011,0,457,24,Bruce,bruce,NNP,NN
12449,Canada_2011,0,457,25,to,to,TO,TO
12450,Canada_2011,0,457,26,consist,consist,VB,VB
12451,Canada_2011,0,457,27,of,of,IN,IN
12452,Canada_2011,0,457,28,the,the,DT,DT
12453,Canada_2011,0,457,29,Townships,townships,NNP,NN
12454,Canada_2011,0,457,30,of,of,IN,IN
12455,Canada_2011,0,457,31,Kincardine,kincardine,NNP,NN
12456,Canada_2011,0,457,33,including,including,VBG,VB
12457,Canada_2011,0,457,34,the,the,DT,DT
12458,Canada_2011,0,457,35,Village,village,NN,NN
12459,Canada_2011,0,457,36,of,of,IN,IN
12460,Canada_2011,0,457,37,Kincardine,kincardine,NNP,NN
12461,Canada_2011,0,457,40,Greenock,greenock,NNP,NN
12462,Canada_2011,0,457,42,Brant,brant,NNP,NN
12463,Canada_2011,0,457,44,Huron,huron,NNP,NN
12464,Canada_2011,0,457,46,Kinloss,kinloss,NNP,NN
12465,Canada_2011,0,457,48,Culross,culross,NNP,NN
12466,Canada_2011,0,457,50,and,and,CC,CC
12467,Canada_2011,0,457,51,Carrick,carrick,NNP,NN
12468,Canada_2011,0,458,0,47.The,47the,CD,CD
12469,Canada_2011,0,458,1,County,county,NNP,NN
12470,Canada_2011,0,458,2,of,of,IN,IN
12471,Canada_2011,0,458,3,HURON,huron,NNP,NN
12472,Canada_2011,0,458,5,divided,divided,VBD,VB
12473,Canada_2011,0,458,6,into,into,IN,IN
12474,Canada_2011,0,458,7,Two,two,CD,CD
12475,Canada_2011,0,458,8,Ridings,ridings,NNS,NN
12476,Canada_2011,0,458,10,to,to,TO,TO
12477,Canada_2011,0,458,11,be,be,VB,VB
12478,Canada_2011,0,458,12,called,called,VBN,VB
12479,Canada_2011,0,458,13,respectively,respectively,RB,RB
12480,Canada_2011,0,458,14,the,the,DT,DT
12481,Canada_2011,0,458,15,North,north,NNP,NN
12482,Canada_2011,0,458,16,and,and,CC,CC
12483,Canada_2011,0,458,17,South,south,NNP,NN
12484,Canada_2011,0,458,18,Ridings,ridings,NNPS,NN
12485,Canada_2011,0,458,20,The,the,DT,DT
12486,Canada_2011,0,458,21,North,north,NNP,NN
12487,Canada_2011,0,458,22,Riding,riding,NNP,NN
12488,Canada_2011,0,458,23,to,to,TO,TO
12489,Canada_2011,0,458,24,consist,consist,VB,VB
12490,Canada_2011,0,458,25,of,of,IN,IN
12491,Canada_2011,0,458,26,the,the,DT,DT
12492,Canada_2011,0,458,27,Townships,townships,NNP,NN
12493,Canada_2011,0,458,28,of,of,IN,IN
12494,Canada_2011,0,458,29,Ashfield,ashfield,NNP,NN
12495,Canada_2011,0,458,31,Wawanosh,wawanosh,NNP,NN
12496,Canada_2011,0,458,33,Turnberry,turnberry,NNP,NN
12497,Canada_2011,0,458,35,Howick,howick,NNP,NN
12498,Canada_2011,0,458,37,Morris,morris,NNP,NN
12499,Canada_2011,0,458,39,Grey,grey,NNP,NN
12500,Canada_2011,0,458,41,Colborne,colborne,NNP,NN
12501,Canada_2011,0,458,43,Hullett,hullett,NNP,NN
12502,Canada_2011,0,458,45,including,including,VBG,VB
12503,Canada_2011,0,458,46,the,the,DT,DT
12504,Canada_2011,0,458,47,Village,village,NN,NN
12505,Canada_2011,0,458,48,of,of,IN,IN
12506,Canada_2011,0,458,49,Clinton,clinton,NNP,NN
12507,Canada_2011,0,458,51,and,and,CC,CC
12508,Canada_2011,0,458,52,McKillop,mckillop,NNP,NN
12509,Canada_2011,0,459,0,48.The,48the,CD,CD
12510,Canada_2011,0,459,1,County,county,NNP,NN
12511,Canada_2011,0,459,2,of,of,IN,IN
12512,Canada_2011,0,459,3,HURON,huron,NNP,NN
12513,Canada_2011,0,459,5,divided,divided,VBD,VB
12514,Canada_2011,0,459,6,into,into,IN,IN
12515,Canada_2011,0,459,7,Two,two,CD,CD
12516,Canada_2011,0,459,8,Ridings,ridings,NNS,NN
12517,Canada_2011,0,459,10,to,to,TO,TO
12518,Canada_2011,0,459,11,be,be,VB,VB
12519,Canada_2011,0,459,12,called,called,VBN,VB
12520,Canada_2011,0,459,13,respectively,respectively,RB,RB
12521,Canada_2011,0,459,14,the,the,DT,DT
12522,Canada_2011,0,459,15,North,north,NNP,NN
12523,Canada_2011,0,459,16,and,and,CC,CC
12524,Canada_2011,0,459,17,South,south,NNP,NN
12525,Canada_2011,0,459,18,Ridings,ridings,NNPS,NN
12526,Canada_2011,0,459,20,The,the,DT,DT
12527,Canada_2011,0,459,21,South,south,NNP,NN
12528,Canada_2011,0,459,22,Riding,riding,NNP,NN
12529,Canada_2011,0,459,23,to,to,TO,TO
12530,Canada_2011,0,459,24,consist,consist,VB,VB
12531,Canada_2011,0,459,25,of,of,IN,IN
12532,Canada_2011,0,459,26,the,the,DT,DT
12533,Canada_2011,0,459,27,Town,town,NNP,NN
12534,Canada_2011,0,459,28,of,of,IN,IN
12535,Canada_2011,0,459,29,Goderich,goderich,NNP,NN
12536,Canada_2011,0,459,30,and,and,CC,CC
12537,Canada_2011,0,459,31,the,the,DT,DT
12538,Canada_2011,0,459,32,Townships,townships,NNP,NN
12539,Canada_2011,0,459,33,of,of,IN,IN
12540,Canada_2011,0,459,34,Goderich,goderich,NNP,NN
12541,Canada_2011,0,459,36,Tuckersmith,tuckersmith,NNP,NN
12542,Canada_2011,0,459,38,Stanley,stanley,NNP,NN
12543,Canada_2011,0,459,40,Hay,hay,NNP,NN
12544,Canada_2011,0,459,42,Usborne,usborne,NNP,NN
12545,Canada_2011,0,459,44,and,and,CC,CC
12546,Canada_2011,0,459,45,Stephen,stephen,NNP,NN
12547,Canada_2011,0,460,0,49.The,49the,CD,CD
12548,Canada_2011,0,460,1,County,county,NNP,NN
12549,Canada_2011,0,460,2,of,of,IN,IN
12550,Canada_2011,0,460,3,MIDDLESEX,middlesex,NNP,NN
12551,Canada_2011,0,460,5,divided,divided,VBD,VB
12552,Canada_2011,0,460,6,into,into,IN,IN
12553,Canada_2011,0,460,7,three,three,CD,CD
12554,Canada_2011,0,460,8,Ridings,ridings,NNS,NN
12555,Canada_2011,0,460,10,to,to,TO,TO
12556,Canada_2011,0,460,11,be,be,VB,VB
12557,Canada_2011,0,460,12,called,called,VBN,VB
12558,Canada_2011,0,460,13,respectively,respectively,RB,RB
12559,Canada_2011,0,460,14,the,the,DT,DT
12560,Canada_2011,0,460,15,North,north,NNP,NN
12561,Canada_2011,0,460,17,West,west,NNP,NN
12562,Canada_2011,0,460,19,and,and,CC,CC
12563,Canada_2011,0,460,20,East,east,NNP,NN
12564,Canada_2011,0,460,21,Ridings,ridings,NNS,NN
12565,Canada_2011,0,460,23,The,the,DT,DT
12566,Canada_2011,0,460,24,North,north,NNP,NN
12567,Canada_2011,0,460,25,Riding,riding,NNP,NN
12568,Canada_2011,0,460,26,to,to,TO,TO
12569,Canada_2011,0,460,27,consist,consist,VB,VB
12570,Canada_2011,0,460,28,of,of,IN,IN
12571,Canada_2011,0,460,29,the,the,DT,DT
12572,Canada_2011,0,460,30,Townships,townships,NNP,NN
12573,Canada_2011,0,460,31,of,of,IN,IN
12574,Canada_2011,0,460,32,McGillivray,mcgillivray,NNP,NN
12575,Canada_2011,0,460,33,and,and,CC,CC
12576,Canada_2011,0,460,34,Biddulph,biddulph,NNP,NN
12577,Canada_2011,0,460,36,taken,taken,VBN,VB
12578,Canada_2011,0,460,37,from,from,IN,IN
12579,Canada_2011,0,460,38,the,the,DT,DT
12580,Canada_2011,0,460,39,County,county,NNP,NN
12581,Canada_2011,0,460,40,of,of,IN,IN
12582,Canada_2011,0,460,41,Huron,huron,NNP,NN
12583,Canada_2011,0,460,44,and,and,CC,CC
12584,Canada_2011,0,460,45,Williams,williams,NNP,NN
12585,Canada_2011,0,460,46,East,east,NNP,NN
12586,Canada_2011,0,460,48,Williams,williams,NNP,NN
12587,Canada_2011,0,460,49,West,west,NNP,NN
12588,Canada_2011,0,460,51,Adelaide,adelaide,NNP,NN
12589,Canada_2011,0,460,53,and,and,CC,CC
12590,Canada_2011,0,460,54,Lobo,lobo,NNP,NN
12591,Canada_2011,0,461,0,50.The,50the,CD,CD
12592,Canada_2011,0,461,1,County,county,NNP,NN
12593,Canada_2011,0,461,2,of,of,IN,IN
12594,Canada_2011,0,461,3,MIDDLESEX,middlesex,NNP,NN
12595,Canada_2011,0,461,5,divided,divided,VBD,VB
12596,Canada_2011,0,461,6,into,into,IN,IN
12597,Canada_2011,0,461,7,three,three,CD,CD
12598,Canada_2011,0,461,8,Ridings,ridings,NNS,NN
12599,Canada_2011,0,461,10,to,to,TO,TO
12600,Canada_2011,0,461,11,be,be,VB,VB
12601,Canada_2011,0,461,12,called,called,VBN,VB
12602,Canada_2011,0,461,13,respectively,respectively,RB,RB
12603,Canada_2011,0,461,14,the,the,DT,DT
12604,Canada_2011,0,461,15,North,north,NNP,NN
12605,Canada_2011,0,461,17,West,west,NNP,NN
12606,Canada_2011,0,461,19,and,and,CC,CC
12607,Canada_2011,0,461,20,East,east,NNP,NN
12608,Canada_2011,0,461,21,Ridings,ridings,NNS,NN
12609,Canada_2011,0,461,23,The,the,DT,DT
12610,Canada_2011,0,461,24,West,west,NNP,NN
12611,Canada_2011,0,461,25,Riding,riding,NNP,NN
12612,Canada_2011,0,461,26,to,to,TO,TO
12613,Canada_2011,0,461,27,consist,consist,VB,VB
12614,Canada_2011,0,461,28,of,of,IN,IN
12615,Canada_2011,0,461,29,the,the,DT,DT
12616,Canada_2011,0,461,30,Townships,townships,NNP,NN
12617,Canada_2011,0,461,31,of,of,IN,IN
12618,Canada_2011,0,461,32,Delaware,delaware,NNP,NN
12619,Canada_2011,0,461,34,Carradoc,carradoc,NNP,NN
12620,Canada_2011,0,461,36,Metcalfe,metcalfe,NNP,NN
12621,Canada_2011,0,461,38,Mosa,mosa,NNP,NN
12622,Canada_2011,0,461,39,and,and,CC,CC
12623,Canada_2011,0,461,40,Ekfrid,ekfrid,NNP,NN
12624,Canada_2011,0,461,42,and,and,CC,CC
12625,Canada_2011,0,461,43,the,the,DT,DT
12626,Canada_2011,0,461,44,Village,village,NNP,NN
12627,Canada_2011,0,461,45,of,of,IN,IN
12628,Canada_2011,0,461,46,Strathroy,strathroy,NNP,NN
12629,Canada_2011,0,462,1,The,the,DT,DT
12630,Canada_2011,0,462,2,East,east,NNP,NN
12631,Canada_2011,0,462,3,Riding,riding,NNP,NN
12632,Canada_2011,0,462,4,to,to,TO,TO
12633,Canada_2011,0,462,5,consist,consist,VB,VB
12634,Canada_2011,0,462,6,of,of,IN,IN
12635,Canada_2011,0,462,7,the,the,DT,DT
12636,Canada_2011,0,462,8,Townships,townships,NNP,NN
12637,Canada_2011,0,462,9,now,now,RB,RB
12638,Canada_2011,0,462,10,embraced,embraced,VBD,VB
12639,Canada_2011,0,462,11,therein,therein,NN,NN
12640,Canada_2011,0,462,13,and,and,CC,CC
12641,Canada_2011,0,462,14,be,be,VB,VB
12642,Canada_2011,0,462,15,bounded,bounded,VBN,VB
12643,Canada_2011,0,462,16,as,as,IN,IN
12644,Canada_2011,0,462,17,it,it,PRP,PR
12645,Canada_2011,0,462,18,is,is,VBZ,VB
12646,Canada_2011,0,462,19,at,at,IN,IN
12647,Canada_2011,0,462,20,present,present,JJ,JJ
12648,Canada_2011,0,463,0,51.The,51the,CD,CD
12649,Canada_2011,0,463,1,County,county,NNP,NN
12650,Canada_2011,0,463,2,of,of,IN,IN
12651,Canada_2011,0,463,3,LAMBTON,lambton,NNP,NN
12652,Canada_2011,0,463,4,to,to,TO,TO
12653,Canada_2011,0,463,5,consist,consist,VB,VB
12654,Canada_2011,0,463,6,of,of,IN,IN
12655,Canada_2011,0,463,7,the,the,DT,DT
12656,Canada_2011,0,463,8,Townships,townships,NNP,NN
12657,Canada_2011,0,463,9,of,of,IN,IN
12658,Canada_2011,0,463,10,Bosanquet,bosanquet,NNP,NN
12659,Canada_2011,0,463,12,Warwick,warwick,NNP,NN
12660,Canada_2011,0,463,14,Plympton,plympton,NNP,NN
12661,Canada_2011,0,463,16,Sarnia,sarnia,NNP,NN
12662,Canada_2011,0,463,18,Moore,moore,NNP,NN
12663,Canada_2011,0,463,20,Enniskillen,enniskillen,NNP,NN
12664,Canada_2011,0,463,22,and,and,CC,CC
12665,Canada_2011,0,463,23,Brooke,brooke,NNP,NN
12666,Canada_2011,0,463,25,and,and,CC,CC
12667,Canada_2011,0,463,26,the,the,DT,DT
12668,Canada_2011,0,463,27,Town,town,NNP,NN
12669,Canada_2011,0,463,28,of,of,IN,IN
12670,Canada_2011,0,463,29,Sarnia,sarnia,NNP,NN
12671,Canada_2011,0,464,0,52.The,52the,CD,CD
12672,Canada_2011,0,464,1,County,county,NNP,NN
12673,Canada_2011,0,464,2,of,of,IN,IN
12674,Canada_2011,0,464,3,KENT,kent,NNP,NN
12675,Canada_2011,0,464,4,to,to,TO,TO
12676,Canada_2011,0,464,5,consist,consist,VB,VB
12677,Canada_2011,0,464,6,of,of,IN,IN
12678,Canada_2011,0,464,7,the,the,DT,DT
12679,Canada_2011,0,464,8,Townships,townships,NNP,NN
12680,Canada_2011,0,464,9,of,of,IN,IN
12681,Canada_2011,0,464,10,Chatham,chatham,NNP,NN
12682,Canada_2011,0,464,12,Dover,dover,NNP,NN
12683,Canada_2011,0,464,14,East,east,NNP,NN
12684,Canada_2011,0,464,15,Tilbury,tilbury,NNP,NN
12685,Canada_2011,0,464,17,Romney,romney,NNP,NN
12686,Canada_2011,0,464,19,Raleigh,raleigh,NNP,NN
12687,Canada_2011,0,464,21,and,and,CC,CC
12688,Canada_2011,0,464,22,Harwich,harwich,NNP,NN
12689,Canada_2011,0,464,24,and,and,CC,CC
12690,Canada_2011,0,464,25,the,the,DT,DT
12691,Canada_2011,0,464,26,Town,town,NNP,NN
12692,Canada_2011,0,464,27,of,of,IN,IN
12693,Canada_2011,0,464,28,Chatham,chatham,NNP,NN
12694,Canada_2011,0,465,0,53.The,53the,CD,CD
12695,Canada_2011,0,465,1,County,county,NNP,NN
12696,Canada_2011,0,465,2,of,of,IN,IN
12697,Canada_2011,0,465,3,BOTHWELL,bothwell,NNP,NN
12698,Canada_2011,0,465,4,to,to,TO,TO
12699,Canada_2011,0,465,5,consist,consist,VB,VB
12700,Canada_2011,0,465,6,of,of,IN,IN
12701,Canada_2011,0,465,7,the,the,DT,DT
12702,Canada_2011,0,465,8,Townships,townships,NNP,NN
12703,Canada_2011,0,465,9,of,of,IN,IN
12704,Canada_2011,0,465,10,Sombra,sombra,NNP,NN
12705,Canada_2011,0,465,12,Dawn,dawn,NNP,NN
12706,Canada_2011,0,465,14,and,and,CC,CC
12707,Canada_2011,0,465,15,Euphemia,euphemia,NNP,NN
12708,Canada_2011,0,465,17,taken,taken,VBN,VB
12709,Canada_2011,0,465,18,from,from,IN,IN
12710,Canada_2011,0,465,19,the,the,DT,DT
12711,Canada_2011,0,465,20,County,county,NNP,NN
12712,Canada_2011,0,465,21,of,of,IN,IN
12713,Canada_2011,0,465,22,Lambton,lambton,NNP,NN
12714,Canada_2011,0,465,25,and,and,CC,CC
12715,Canada_2011,0,465,26,the,the,DT,DT
12716,Canada_2011,0,465,27,Townships,townships,NNP,NN
12717,Canada_2011,0,465,28,of,of,IN,IN
12718,Canada_2011,0,465,29,Zone,zone,NNP,NN
12719,Canada_2011,0,465,31,Camden,camden,NNP,NN
12720,Canada_2011,0,465,32,with,with,IN,IN
12721,Canada_2011,0,465,33,the,the,DT,DT
12722,Canada_2011,0,465,34,Gore,gore,NNP,NN
12723,Canada_2011,0,465,35,thereof,thereof,NN,NN
12724,Canada_2011,0,465,37,Orford,orford,NNP,NN
12725,Canada_2011,0,465,39,and,and,CC,CC
12726,Canada_2011,0,465,40,Howard,howard,NNP,NN
12727,Canada_2011,0,465,42,taken,taken,VBN,VB
12728,Canada_2011,0,465,43,from,from,IN,IN
12729,Canada_2011,0,465,44,the,the,DT,DT
12730,Canada_2011,0,465,45,County,county,NNP,NN
12731,Canada_2011,0,465,46,of,of,IN,IN
12732,Canada_2011,0,465,47,Kent,kent,NNP,NN
12733,Canada_2011,0,466,0,54.The,54the,CD,CD
12734,Canada_2011,0,466,1,County,county,NNP,NN
12735,Canada_2011,0,466,2,of,of,IN,IN
12736,Canada_2011,0,466,3,GREY,grey,NNP,NN
12737,Canada_2011,0,466,4,divided,divided,VBD,VB
12738,Canada_2011,0,466,5,into,into,IN,IN
12739,Canada_2011,0,466,6,Two,two,CD,CD
12740,Canada_2011,0,466,7,Ridings,ridings,NNS,NN
12741,Canada_2011,0,466,8,to,to,TO,TO
12742,Canada_2011,0,466,9,be,be,VB,VB
12743,Canada_2011,0,466,10,called,called,VBN,VB
12744,Canada_2011,0,466,11,respectively,respectively,RB,RB
12745,Canada_2011,0,466,12,the,the,DT,DT
12746,Canada_2011,0,466,13,South,south,NNP,NN
12747,Canada_2011,0,466,14,and,and,CC,CC
12748,Canada_2011,0,466,15,North,north,NNP,NN
12749,Canada_2011,0,466,16,Ridings,ridings,NNS,NN
12750,Canada_2011,0,466,18,The,the,DT,DT
12751,Canada_2011,0,466,19,South,south,NNP,NN
12752,Canada_2011,0,466,20,Riding,riding,NNP,NN
12753,Canada_2011,0,466,21,to,to,TO,TO
12754,Canada_2011,0,466,22,consist,consist,VB,VB
12755,Canada_2011,0,466,23,of,of,IN,IN
12756,Canada_2011,0,466,24,the,the,DT,DT
12757,Canada_2011,0,466,25,Townships,townships,NNP,NN
12758,Canada_2011,0,466,26,of,of,IN,IN
12759,Canada_2011,0,466,27,Bentinck,bentinck,NNP,NN
12760,Canada_2011,0,466,29,Glenelg,glenelg,NNP,NN
12761,Canada_2011,0,466,31,Artemesia,artemesia,NNP,NN
12762,Canada_2011,0,466,33,Osprey,osprey,NNP,NN
12763,Canada_2011,0,466,35,Normanby,normanby,NNP,NN
12764,Canada_2011,0,466,37,Egremont,egremont,NNP,NN
12765,Canada_2011,0,466,39,Proton,proton,NNP,NN
12766,Canada_2011,0,466,41,and,and,CC,CC
12767,Canada_2011,0,466,42,Melancthon,melancthon,NNP,NN
12768,Canada_2011,0,467,0,55.The,55the,CD,CD
12769,Canada_2011,0,467,1,County,county,NNP,NN
12770,Canada_2011,0,467,2,of,of,IN,IN
12771,Canada_2011,0,467,3,GREY,grey,NNP,NN
12772,Canada_2011,0,467,4,divided,divided,VBD,VB
12773,Canada_2011,0,467,5,into,into,IN,IN
12774,Canada_2011,0,467,6,Two,two,CD,CD
12775,Canada_2011,0,467,7,Ridings,ridings,NNS,NN
12776,Canada_2011,0,467,8,to,to,TO,TO
12777,Canada_2011,0,467,9,be,be,VB,VB
12778,Canada_2011,0,467,10,called,called,VBN,VB
12779,Canada_2011,0,467,11,respectively,respectively,RB,RB
12780,Canada_2011,0,467,12,the,the,DT,DT
12781,Canada_2011,0,467,13,South,south,NNP,NN
12782,Canada_2011,0,467,14,and,and,CC,CC
12783,Canada_2011,0,467,15,North,north,NNP,NN
12784,Canada_2011,0,467,16,Ridings,ridings,NNS,NN
12785,Canada_2011,0,467,18,The,the,DT,DT
12786,Canada_2011,0,467,19,North,north,NNP,NN
12787,Canada_2011,0,467,20,Riding,riding,NNP,NN
12788,Canada_2011,0,467,21,to,to,TO,TO
12789,Canada_2011,0,467,22,consist,consist,VB,VB
12790,Canada_2011,0,467,23,of,of,IN,IN
12791,Canada_2011,0,467,24,the,the,DT,DT
12792,Canada_2011,0,467,25,Townships,townships,NNP,NN
12793,Canada_2011,0,467,26,of,of,IN,IN
12794,Canada_2011,0,467,27,Collingwood,collingwood,NNP,NN
12795,Canada_2011,0,467,29,Euphrasia,euphrasia,NNP,NN
12796,Canada_2011,0,467,31,Holland,holland,NNP,NN
12797,Canada_2011,0,467,33,Saint-Vincent,saintvincent,NNP,NN
12798,Canada_2011,0,467,35,Sydenham,sydenham,NNP,NN
12799,Canada_2011,0,467,37,Sullivan,sullivan,NNP,NN
12800,Canada_2011,0,467,39,Derby,derby,NNP,NN
12801,Canada_2011,0,467,41,and,and,CC,CC
12802,Canada_2011,0,467,42,Keppel,keppel,NNP,NN
12803,Canada_2011,0,467,44,Sarawak,sarawak,NNP,NN
12804,Canada_2011,0,467,45,and,and,CC,CC
12805,Canada_2011,0,467,46,Brooke,brooke,NNP,NN
12806,Canada_2011,0,467,48,and,and,CC,CC
12807,Canada_2011,0,467,49,the,the,DT,DT
12808,Canada_2011,0,467,50,Town,town,NNP,NN
12809,Canada_2011,0,467,51,of,of,IN,IN
12810,Canada_2011,0,467,52,Owen,owen,NNP,NN
12811,Canada_2011,0,467,53,Sound,sound,NNP,NN
12812,Canada_2011,0,468,0,56.The,56the,CD,CD
12813,Canada_2011,0,468,1,County,county,NNP,NN
12814,Canada_2011,0,468,2,of,of,IN,IN
12815,Canada_2011,0,468,3,PERTH,perth,NNP,NN
12816,Canada_2011,0,468,4,divided,divided,VBD,VB
12817,Canada_2011,0,468,5,into,into,IN,IN
12818,Canada_2011,0,468,6,Two,two,CD,CD
12819,Canada_2011,0,468,7,Ridings,ridings,NNS,NN
12820,Canada_2011,0,468,9,to,to,TO,TO
12821,Canada_2011,0,468,10,be,be,VB,VB
12822,Canada_2011,0,468,11,called,called,VBN,VB
12823,Canada_2011,0,468,12,respectively,respectively,RB,RB
12824,Canada_2011,0,468,13,the,the,DT,DT
12825,Canada_2011,0,468,14,South,south,NNP,NN
12826,Canada_2011,0,468,15,and,and,CC,CC
12827,Canada_2011,0,468,16,North,north,NNP,NN
12828,Canada_2011,0,468,17,Ridings,ridings,NNS,NN
12829,Canada_2011,0,468,19,The,the,DT,DT
12830,Canada_2011,0,468,20,North,north,NNP,NN
12831,Canada_2011,0,468,21,Riding,riding,NNP,NN
12832,Canada_2011,0,468,22,to,to,TO,TO
12833,Canada_2011,0,468,23,consist,consist,VB,VB
12834,Canada_2011,0,468,24,of,of,IN,IN
12835,Canada_2011,0,468,25,the,the,DT,DT
12836,Canada_2011,0,468,26,Townships,townships,NNP,NN
12837,Canada_2011,0,468,27,of,of,IN,IN
12838,Canada_2011,0,468,28,Wallace,wallace,NNP,NN
12839,Canada_2011,0,468,30,Elma,elma,NNP,NN
12840,Canada_2011,0,468,32,Logan,logan,NNP,NN
12841,Canada_2011,0,468,34,Ellice,ellice,NNP,NN
12842,Canada_2011,0,468,36,Mornington,mornington,NNP,NN
12843,Canada_2011,0,468,38,and,and,CC,CC
12844,Canada_2011,0,468,39,North,north,NNP,NN
12845,Canada_2011,0,468,40,Easthope,easthope,NNP,NN
12846,Canada_2011,0,468,42,and,and,CC,CC
12847,Canada_2011,0,468,43,the,the,DT,DT
12848,Canada_2011,0,468,44,Town,town,NNP,NN
12849,Canada_2011,0,468,45,of,of,IN,IN
12850,Canada_2011,0,468,46,Stratford,stratford,NNP,NN
12851,Canada_2011,0,469,0,57.The,57the,CD,CD
12852,Canada_2011,0,469,1,County,county,NNP,NN
12853,Canada_2011,0,469,2,of,of,IN,IN
12854,Canada_2011,0,469,3,PERTH,perth,NNP,NN
12855,Canada_2011,0,469,4,divided,divided,VBD,VB
12856,Canada_2011,0,469,5,into,into,IN,IN
12857,Canada_2011,0,469,6,Two,two,CD,CD
12858,Canada_2011,0,469,7,Ridings,ridings,NNS,NN
12859,Canada_2011,0,469,9,to,to,TO,TO
12860,Canada_2011,0,469,10,be,be,VB,VB
12861,Canada_2011,0,469,11,called,called,VBN,VB
12862,Canada_2011,0,469,12,respectively,respectively,RB,RB
12863,Canada_2011,0,469,13,the,the,DT,DT
12864,Canada_2011,0,469,14,South,south,NNP,NN
12865,Canada_2011,0,469,15,and,and,CC,CC
12866,Canada_2011,0,469,16,North,north,NNP,NN
12867,Canada_2011,0,469,17,Ridings,ridings,NNS,NN
12868,Canada_2011,0,469,19,The,the,DT,DT
12869,Canada_2011,0,469,20,South,south,NNP,NN
12870,Canada_2011,0,469,21,Riding,riding,NNP,NN
12871,Canada_2011,0,469,22,to,to,TO,TO
12872,Canada_2011,0,469,23,consist,consist,VB,VB
12873,Canada_2011,0,469,24,of,of,IN,IN
12874,Canada_2011,0,469,25,the,the,DT,DT
12875,Canada_2011,0,469,26,Townships,townships,NNP,NN
12876,Canada_2011,0,469,27,of,of,IN,IN
12877,Canada_2011,0,469,28,Blanchard,blanchard,NNP,NN
12878,Canada_2011,0,469,30,Downie,downie,NNP,NN
12879,Canada_2011,0,469,32,South,south,NNP,NN
12880,Canada_2011,0,469,33,Easthope,easthope,NNP,NN
12881,Canada_2011,0,469,35,Fullarton,fullarton,NNP,NN
12882,Canada_2011,0,469,37,Hibbert,hibbert,NNP,NN
12883,Canada_2011,0,469,39,and,and,CC,CC
12884,Canada_2011,0,469,40,the,the,DT,DT
12885,Canada_2011,0,469,41,Villages,villages,NNP,NN
12886,Canada_2011,0,469,42,of,of,IN,IN
12887,Canada_2011,0,469,43,Mitchell,mitchell,NNP,NN
12888,Canada_2011,0,469,44,and,and,CC,CC
12889,Canada_2011,0,469,45,Ste,ste,NNP,NN
12890,Canada_2011,0,470,0,Marys,marys,NNP,NN
12891,Canada_2011,0,471,0,58.The,58the,CD,CD
12892,Canada_2011,0,471,1,County,county,NNP,NN
12893,Canada_2011,0,471,2,of,of,IN,IN
12894,Canada_2011,0,471,3,WELLINGTON,wellington,NNP,NN
12895,Canada_2011,0,471,4,divided,divided,VBD,VB
12896,Canada_2011,0,471,5,into,into,IN,IN
12897,Canada_2011,0,471,6,Three,three,NNP,NN
12898,Canada_2011,0,471,7,Ridings,ridings,NNP,NN
12899,Canada_2011,0,471,8,to,to,TO,TO
12900,Canada_2011,0,471,9,be,be,VB,VB
12901,Canada_2011,0,471,10,called,called,VBN,VB
12902,Canada_2011,0,471,11,respectively,respectively,RB,RB
12903,Canada_2011,0,471,12,North,north,NNP,NN
12904,Canada_2011,0,471,14,South,south,NNP,NN
12905,Canada_2011,0,471,15,and,and,CC,CC
12906,Canada_2011,0,471,16,Centre,centre,NNP,NN
12907,Canada_2011,0,471,17,Ridings,ridings,NNP,NN
12908,Canada_2011,0,471,19,The,the,DT,DT
12909,Canada_2011,0,471,20,North,north,NNP,NN
12910,Canada_2011,0,471,21,Riding,riding,NNP,NN
12911,Canada_2011,0,471,22,to,to,TO,TO
12912,Canada_2011,0,471,23,consist,consist,VB,VB
12913,Canada_2011,0,471,24,of,of,IN,IN
12914,Canada_2011,0,471,25,the,the,DT,DT
12915,Canada_2011,0,471,26,Townships,townships,NNP,NN
12916,Canada_2011,0,471,27,of,of,IN,IN
12917,Canada_2011,0,471,28,Amaranth,amaranth,NNP,NN
12918,Canada_2011,0,471,30,Arthur,arthur,NNP,NN
12919,Canada_2011,0,471,32,Luther,luther,NNP,NN
12920,Canada_2011,0,471,34,Minto,minto,NNP,NN
12921,Canada_2011,0,471,36,Maryborough,maryborough,NNP,NN
12922,Canada_2011,0,471,38,Peel,peel,NNP,NN
12923,Canada_2011,0,471,40,and,and,CC,CC
12924,Canada_2011,0,471,41,the,the,DT,DT
12925,Canada_2011,0,471,42,Village,village,NNP,NN
12926,Canada_2011,0,471,43,of,of,IN,IN
12927,Canada_2011,0,471,44,Mount,mount,NNP,NN
12928,Canada_2011,0,471,45,Forest,forest,NNP,NN
12929,Canada_2011,0,472,0,59.The,59the,CD,CD
12930,Canada_2011,0,472,1,County,county,NNP,NN
12931,Canada_2011,0,472,2,of,of,IN,IN
12932,Canada_2011,0,472,3,WELLINGTON,wellington,NNP,NN
12933,Canada_2011,0,472,4,divided,divided,VBD,VB
12934,Canada_2011,0,472,5,into,into,IN,IN
12935,Canada_2011,0,472,6,Three,three,NNP,NN
12936,Canada_2011,0,472,7,Ridings,ridings,NNP,NN
12937,Canada_2011,0,472,8,to,to,TO,TO
12938,Canada_2011,0,472,9,be,be,VB,VB
12939,Canada_2011,0,472,10,called,called,VBN,VB
12940,Canada_2011,0,472,11,respectively,respectively,RB,RB
12941,Canada_2011,0,472,12,North,north,NNP,NN
12942,Canada_2011,0,472,14,South,south,NNP,NN
12943,Canada_2011,0,472,15,and,and,CC,CC
12944,Canada_2011,0,472,16,Centre,centre,NNP,NN
12945,Canada_2011,0,472,17,Ridings,ridings,NNP,NN
12946,Canada_2011,0,472,19,The,the,DT,DT
12947,Canada_2011,0,472,20,Centre,centre,NNP,NN
12948,Canada_2011,0,472,21,Riding,riding,NNP,NN
12949,Canada_2011,0,472,22,to,to,TO,TO
12950,Canada_2011,0,472,23,consist,consist,VB,VB
12951,Canada_2011,0,472,24,of,of,IN,IN
12952,Canada_2011,0,472,25,the,the,DT,DT
12953,Canada_2011,0,472,26,Townships,townships,NNP,NN
12954,Canada_2011,0,472,27,of,of,IN,IN
12955,Canada_2011,0,472,28,Garafraxa,garafraxa,NNP,NN
12956,Canada_2011,0,472,30,Erin,erin,NNP,NN
12957,Canada_2011,0,472,32,Eramosa,eramosa,NNP,NN
12958,Canada_2011,0,472,34,Nichol,nichol,NNP,NN
12959,Canada_2011,0,472,36,and,and,CC,CC
12960,Canada_2011,0,472,37,Pilkington,pilkington,NNP,NN
12961,Canada_2011,0,472,39,and,and,CC,CC
12962,Canada_2011,0,472,40,the,the,DT,DT
12963,Canada_2011,0,472,41,Villages,villages,NNP,NN
12964,Canada_2011,0,472,42,of,of,IN,IN
12965,Canada_2011,0,472,43,Fergus,fergus,NNP,NN
12966,Canada_2011,0,472,44,and,and,CC,CC
12967,Canada_2011,0,472,45,Elora,elora,NNP,NN
12968,Canada_2011,0,473,0,60.The,60the,CD,CD
12969,Canada_2011,0,473,1,County,county,NNP,NN
12970,Canada_2011,0,473,2,of,of,IN,IN
12971,Canada_2011,0,473,3,WELLINGTON,wellington,NNP,NN
12972,Canada_2011,0,473,4,divided,divided,VBD,VB
12973,Canada_2011,0,473,5,into,into,IN,IN
12974,Canada_2011,0,473,6,Three,three,NNP,NN
12975,Canada_2011,0,473,7,Ridings,ridings,NNP,NN
12976,Canada_2011,0,473,8,to,to,TO,TO
12977,Canada_2011,0,473,9,be,be,VB,VB
12978,Canada_2011,0,473,10,called,called,VBN,VB
12979,Canada_2011,0,473,11,respectively,respectively,RB,RB
12980,Canada_2011,0,473,12,North,north,NNP,NN
12981,Canada_2011,0,473,14,South,south,NNP,NN
12982,Canada_2011,0,473,15,and,and,CC,CC
12983,Canada_2011,0,473,16,Centre,centre,NNP,NN
12984,Canada_2011,0,473,17,Ridings,ridings,NNP,NN
12985,Canada_2011,0,473,19,The,the,DT,DT
12986,Canada_2011,0,473,20,South,south,NNP,NN
12987,Canada_2011,0,473,21,Riding,riding,NNP,NN
12988,Canada_2011,0,473,22,to,to,TO,TO
12989,Canada_2011,0,473,23,consist,consist,VB,VB
12990,Canada_2011,0,473,24,of,of,IN,IN
12991,Canada_2011,0,473,25,the,the,DT,DT
12992,Canada_2011,0,473,26,Town,town,NNP,NN
12993,Canada_2011,0,473,27,of,of,IN,IN
12994,Canada_2011,0,473,28,Guelph,guelph,NNP,NN
12995,Canada_2011,0,473,30,and,and,CC,CC
12996,Canada_2011,0,473,31,the,the,DT,DT
12997,Canada_2011,0,473,32,Townships,townships,NNP,NN
12998,Canada_2011,0,473,33,of,of,IN,IN
12999,Canada_2011,0,473,34,Guelph,guelph,NNP,NN
13000,Canada_2011,0,473,35,and,and,CC,CC
13001,Canada_2011,0,473,36,Puslinch,puslinch,NNP,NN
13002,Canada_2011,0,474,0,61.The,61the,CD,CD
13003,Canada_2011,0,474,1,County,county,NNP,NN
13004,Canada_2011,0,474,2,of,of,IN,IN
13005,Canada_2011,0,474,3,NORFOLK,norfolk,NNP,NN
13006,Canada_2011,0,474,5,divided,divided,VBD,VB
13007,Canada_2011,0,474,6,into,into,IN,IN
13008,Canada_2011,0,474,7,Two,two,CD,CD
13009,Canada_2011,0,474,8,Ridings,ridings,NNS,NN
13010,Canada_2011,0,474,10,to,to,TO,TO
13011,Canada_2011,0,474,11,be,be,VB,VB
13012,Canada_2011,0,474,12,called,called,VBN,VB
13013,Canada_2011,0,474,13,respectively,respectively,RB,RB
13014,Canada_2011,0,474,14,the,the,DT,DT
13015,Canada_2011,0,474,15,South,south,NNP,NN
13016,Canada_2011,0,474,16,and,and,CC,CC
13017,Canada_2011,0,474,17,North,north,NNP,NN
13018,Canada_2011,0,474,18,Ridings,ridings,NNS,NN
13019,Canada_2011,0,474,20,The,the,DT,DT
13020,Canada_2011,0,474,21,South,south,NNP,NN
13021,Canada_2011,0,474,22,Riding,riding,NNP,NN
13022,Canada_2011,0,474,23,to,to,TO,TO
13023,Canada_2011,0,474,24,consist,consist,VB,VB
13024,Canada_2011,0,474,25,of,of,IN,IN
13025,Canada_2011,0,474,26,the,the,DT,DT
13026,Canada_2011,0,474,27,Townships,townships,NNP,NN
13027,Canada_2011,0,474,28,of,of,IN,IN
13028,Canada_2011,0,474,29,Charlotteville,charlotteville,NNP,NN
13029,Canada_2011,0,474,31,Houghton,houghton,NNP,NN
13030,Canada_2011,0,474,33,Walsingham,walsingham,NNP,NN
13031,Canada_2011,0,474,35,and,and,CC,CC
13032,Canada_2011,0,474,36,Woodhouse,woodhouse,NNP,NN
13033,Canada_2011,0,474,38,and,and,CC,CC
13034,Canada_2011,0,474,39,with,with,IN,IN
13035,Canada_2011,0,474,40,the,the,DT,DT
13036,Canada_2011,0,474,41,Gore,gore,NNP,NN
13037,Canada_2011,0,474,42,thereof,thereof,NN,NN
13038,Canada_2011,0,475,0,62.The,62the,CD,CD
13039,Canada_2011,0,475,1,County,county,NNP,NN
13040,Canada_2011,0,475,2,of,of,IN,IN
13041,Canada_2011,0,475,3,NORFOLK,norfolk,NNP,NN
13042,Canada_2011,0,475,5,divided,divided,VBD,VB
13043,Canada_2011,0,475,6,into,into,IN,IN
13044,Canada_2011,0,475,7,Two,two,CD,CD
13045,Canada_2011,0,475,8,Ridings,ridings,NNS,NN
13046,Canada_2011,0,475,10,to,to,TO,TO
13047,Canada_2011,0,475,11,be,be,VB,VB
13048,Canada_2011,0,475,12,called,called,VBN,VB
13049,Canada_2011,0,475,13,respectively,respectively,RB,RB
13050,Canada_2011,0,475,14,the,the,DT,DT
13051,Canada_2011,0,475,15,South,south,NNP,NN
13052,Canada_2011,0,475,16,and,and,CC,CC
13053,Canada_2011,0,475,17,North,north,NNP,NN
13054,Canada_2011,0,475,18,Ridings,ridings,NNS,NN
13055,Canada_2011,0,475,20,The,the,DT,DT
13056,Canada_2011,0,475,21,North,north,NNP,NN
13057,Canada_2011,0,475,22,Riding,riding,NNP,NN
13058,Canada_2011,0,475,23,to,to,TO,TO
13059,Canada_2011,0,475,24,consist,consist,VB,VB
13060,Canada_2011,0,475,25,of,of,IN,IN
13061,Canada_2011,0,475,26,the,the,DT,DT
13062,Canada_2011,0,475,27,Townships,townships,NNP,NN
13063,Canada_2011,0,475,28,of,of,IN,IN
13064,Canada_2011,0,475,29,Middleton,middleton,NNP,NN
13065,Canada_2011,0,475,31,Townsend,townsend,NNP,NN
13066,Canada_2011,0,475,33,and,and,CC,CC
13067,Canada_2011,0,475,34,Windham,windham,NNP,NN
13068,Canada_2011,0,475,36,and,and,CC,CC
13069,Canada_2011,0,475,37,the,the,DT,DT
13070,Canada_2011,0,475,38,Town,town,NNP,NN
13071,Canada_2011,0,475,39,of,of,IN,IN
13072,Canada_2011,0,475,40,Simcoe,simcoe,NNP,NN
13073,Canada_2011,0,476,0,63.The,63the,CD,CD
13074,Canada_2011,0,476,1,County,county,NNP,NN
13075,Canada_2011,0,476,2,of,of,IN,IN
13076,Canada_2011,0,476,3,HALDIMAND,haldimand,NNP,NN
13077,Canada_2011,0,476,4,to,to,TO,TO
13078,Canada_2011,0,476,5,consist,consist,VB,VB
13079,Canada_2011,0,476,6,of,of,IN,IN
13080,Canada_2011,0,476,7,the,the,DT,DT
13081,Canada_2011,0,476,8,Townships,townships,NNP,NN
13082,Canada_2011,0,476,9,of,of,IN,IN
13083,Canada_2011,0,476,10,Oneida,oneida,NNP,NN
13084,Canada_2011,0,476,12,Seneca,seneca,NNP,NN
13085,Canada_2011,0,476,14,Cayuga,cayuga,NNP,NN
13086,Canada_2011,0,476,15,North,north,NNP,NN
13087,Canada_2011,0,476,17,Cayuga,cayuga,NNP,NN
13088,Canada_2011,0,476,18,South,south,NNP,NN
13089,Canada_2011,0,476,20,Raynham,raynham,NNP,NN
13090,Canada_2011,0,476,22,Walpole,walpole,NNP,NN
13091,Canada_2011,0,476,24,and,and,CC,CC
13092,Canada_2011,0,476,25,Dunn,dunn,NNP,NN
13093,Canada_2011,0,477,0,64.The,64the,CD,CD
13094,Canada_2011,0,477,1,County,county,NNP,NN
13095,Canada_2011,0,477,2,of,of,IN,IN
13096,Canada_2011,0,477,3,MONCK,monck,NNP,NN
13097,Canada_2011,0,477,4,to,to,TO,TO
13098,Canada_2011,0,477,5,consist,consist,VB,VB
13099,Canada_2011,0,477,6,of,of,IN,IN
13100,Canada_2011,0,477,7,the,the,DT,DT
13101,Canada_2011,0,477,8,Townships,townships,NNP,NN
13102,Canada_2011,0,477,9,of,of,IN,IN
13103,Canada_2011,0,477,10,Canborough,canborough,NNP,NN
13104,Canada_2011,0,477,11,and,and,CC,CC
13105,Canada_2011,0,477,12,Moulton,moulton,NNP,NN
13106,Canada_2011,0,477,14,and,and,CC,CC
13107,Canada_2011,0,477,15,Sherbrooke,sherbrooke,NNP,NN
13108,Canada_2011,0,477,17,and,and,CC,CC
13109,Canada_2011,0,477,18,the,the,DT,DT
13110,Canada_2011,0,477,19,Village,village,NNP,NN
13111,Canada_2011,0,477,20,of,of,IN,IN
13112,Canada_2011,0,477,21,Dunnville,dunnville,NNP,NN
13113,Canada_2011,0,477,23,taken,taken,VBN,VB
13114,Canada_2011,0,477,24,from,from,IN,IN
13115,Canada_2011,0,477,25,the,the,DT,DT
13116,Canada_2011,0,477,26,County,county,NNP,NN
13117,Canada_2011,0,477,27,of,of,IN,IN
13118,Canada_2011,0,477,28,Haldimand,haldimand,NNP,NN
13119,Canada_2011,0,477,31,the,the,DT,DT
13120,Canada_2011,0,477,32,Townships,townships,NNP,NN
13121,Canada_2011,0,477,33,of,of,IN,IN
13122,Canada_2011,0,477,34,Caister,caister,NNP,NN
13123,Canada_2011,0,477,35,and,and,CC,CC
13124,Canada_2011,0,477,36,Gainsborough,gainsborough,NNP,NN
13125,Canada_2011,0,477,38,taken,taken,VBN,VB
13126,Canada_2011,0,477,39,from,from,IN,IN
13127,Canada_2011,0,477,40,the,the,DT,DT
13128,Canada_2011,0,477,41,County,county,NNP,NN
13129,Canada_2011,0,477,42,of,of,IN,IN
13130,Canada_2011,0,477,43,Lincoln,lincoln,NNP,NN
13131,Canada_2011,0,477,46,and,and,CC,CC
13132,Canada_2011,0,477,47,the,the,DT,DT
13133,Canada_2011,0,477,48,Townships,townships,NNP,NN
13134,Canada_2011,0,477,49,of,of,IN,IN
13135,Canada_2011,0,477,50,Pelham,pelham,NNP,NN
13136,Canada_2011,0,477,51,and,and,CC,CC
13137,Canada_2011,0,477,52,Wainfleet,wainfleet,NNP,NN
13138,Canada_2011,0,477,54,taken,taken,VBN,VB
13139,Canada_2011,0,477,55,from,from,IN,IN
13140,Canada_2011,0,477,56,the,the,DT,DT
13141,Canada_2011,0,477,57,County,county,NNP,NN
13142,Canada_2011,0,477,58,of,of,IN,IN
13143,Canada_2011,0,477,59,Welland,welland,NNP,NN
13144,Canada_2011,0,478,0,65.The,65the,CD,CD
13145,Canada_2011,0,478,1,County,county,NNP,NN
13146,Canada_2011,0,478,2,of,of,IN,IN
13147,Canada_2011,0,478,3,LINCOLN,lincoln,NNP,NN
13148,Canada_2011,0,478,4,to,to,TO,TO
13149,Canada_2011,0,478,5,consist,consist,VB,VB
13150,Canada_2011,0,478,6,of,of,IN,IN
13151,Canada_2011,0,478,7,the,the,DT,DT
13152,Canada_2011,0,478,8,Townships,townships,NNP,NN
13153,Canada_2011,0,478,9,of,of,IN,IN
13154,Canada_2011,0,478,10,Clinton,clinton,NNP,NN
13155,Canada_2011,0,478,12,Grantham,grantham,NNP,NN
13156,Canada_2011,0,478,14,Grimsby,grimsby,NNP,NN
13157,Canada_2011,0,478,16,and,and,CC,CC
13158,Canada_2011,0,478,17,Louth,louth,NNP,NN
13159,Canada_2011,0,478,19,and,and,CC,CC
13160,Canada_2011,0,478,20,the,the,DT,DT
13161,Canada_2011,0,478,21,Town,town,NNP,NN
13162,Canada_2011,0,478,22,of,of,IN,IN
13163,Canada_2011,0,478,23,St.,st,NNP,NN
13164,Canada_2011,0,478,24,Catherines,catherines,NNP,NN
13165,Canada_2011,0,479,0,66.The,66the,CD,CD
13166,Canada_2011,0,479,1,County,county,NNP,NN
13167,Canada_2011,0,479,2,of,of,IN,IN
13168,Canada_2011,0,479,3,WELLAND,welland,NNP,NN
13169,Canada_2011,0,479,4,to,to,TO,TO
13170,Canada_2011,0,479,5,consist,consist,VB,VB
13171,Canada_2011,0,479,6,of,of,IN,IN
13172,Canada_2011,0,479,7,the,the,DT,DT
13173,Canada_2011,0,479,8,Townships,townships,NNP,NN
13174,Canada_2011,0,479,9,of,of,IN,IN
13175,Canada_2011,0,479,10,Bertie,bertie,NNP,NN
13176,Canada_2011,0,479,12,Crowland,crowland,NNP,NN
13177,Canada_2011,0,479,14,Humberstone,humberstone,NNP,NN
13178,Canada_2011,0,479,16,Stamford,stamford,NNP,NN
13179,Canada_2011,0,479,18,Thorold,thorold,NNP,NN
13180,Canada_2011,0,479,20,and,and,CC,CC
13181,Canada_2011,0,479,21,Willoughby,willoughby,NNP,NN
13182,Canada_2011,0,479,23,and,and,CC,CC
13183,Canada_2011,0,479,24,the,the,DT,DT
13184,Canada_2011,0,479,25,Villages,villages,NNP,NN
13185,Canada_2011,0,479,26,of,of,IN,IN
13186,Canada_2011,0,479,27,Chippewa,chippewa,NNP,NN
13187,Canada_2011,0,479,29,Clifton,clifton,NNP,NN
13188,Canada_2011,0,479,31,Fort,fort,NNP,NN
13189,Canada_2011,0,479,32,Erie,erie,NNP,NN
13190,Canada_2011,0,479,34,Thorold,thorold,NNP,NN
13191,Canada_2011,0,479,36,and,and,CC,CC
13192,Canada_2011,0,479,37,Welland,welland,NNP,NN
13193,Canada_2011,0,480,0,67.The,67the,CD,CD
13194,Canada_2011,0,480,1,County,county,NNP,NN
13195,Canada_2011,0,480,2,of,of,IN,IN
13196,Canada_2011,0,480,3,PEEL,peel,NNP,NN
13197,Canada_2011,0,480,4,to,to,TO,TO
13198,Canada_2011,0,480,5,consist,consist,VB,VB
13199,Canada_2011,0,480,6,of,of,IN,IN
13200,Canada_2011,0,480,7,the,the,DT,DT
13201,Canada_2011,0,480,8,Townships,townships,NNP,NN
13202,Canada_2011,0,480,9,of,of,IN,IN
13203,Canada_2011,0,480,10,Chinguacousy,chinguacousy,NNP,NN
13204,Canada_2011,0,480,12,Toronto,toronto,NNP,NN
13205,Canada_2011,0,480,14,and,and,CC,CC
13206,Canada_2011,0,480,15,the,the,DT,DT
13207,Canada_2011,0,480,16,Gore,gore,NNP,NN
13208,Canada_2011,0,480,17,of,of,IN,IN
13209,Canada_2011,0,480,18,Toronto,toronto,NNP,NN
13210,Canada_2011,0,480,20,and,and,CC,CC
13211,Canada_2011,0,480,21,the,the,DT,DT
13212,Canada_2011,0,480,22,Villages,villages,NNP,NN
13213,Canada_2011,0,480,23,of,of,IN,IN
13214,Canada_2011,0,480,24,Brampton,brampton,NNP,NN
13215,Canada_2011,0,480,25,and,and,CC,CC
13216,Canada_2011,0,480,26,Streetsville,streetsville,NNP,NN
13217,Canada_2011,0,481,0,68.The,68the,CD,CD
13218,Canada_2011,0,481,1,County,county,NNP,NN
13219,Canada_2011,0,481,2,of,of,IN,IN
13220,Canada_2011,0,481,3,CARDWELL,cardwell,NNP,NN
13221,Canada_2011,0,481,4,to,to,TO,TO
13222,Canada_2011,0,481,5,consist,consist,VB,VB
13223,Canada_2011,0,481,6,of,of,IN,IN
13224,Canada_2011,0,481,7,the,the,DT,DT
13225,Canada_2011,0,481,8,Townships,townships,NNP,NN
13226,Canada_2011,0,481,9,of,of,IN,IN
13227,Canada_2011,0,481,10,Albion,albion,NNP,NN
13228,Canada_2011,0,481,11,and,and,CC,CC
13229,Canada_2011,0,481,12,Caledon,caledon,NNP,NN
13230,Canada_2011,0,481,14,taken,taken,VBN,VB
13231,Canada_2011,0,481,15,from,from,IN,IN
13232,Canada_2011,0,481,16,the,the,DT,DT
13233,Canada_2011,0,481,17,County,county,NNP,NN
13234,Canada_2011,0,481,18,of,of,IN,IN
13235,Canada_2011,0,481,19,Peel,peel,NNP,NN
13236,Canada_2011,0,481,22,and,and,CC,CC
13237,Canada_2011,0,481,23,the,the,DT,DT
13238,Canada_2011,0,481,24,Townships,townships,NNP,NN
13239,Canada_2011,0,481,25,of,of,IN,IN
13240,Canada_2011,0,481,26,Adjala,adjala,NNP,NN
13241,Canada_2011,0,481,27,and,and,CC,CC
13242,Canada_2011,0,481,28,Mono,mono,NNP,NN
13243,Canada_2011,0,481,30,taken,taken,VBN,VB
13244,Canada_2011,0,481,31,from,from,IN,IN
13245,Canada_2011,0,481,32,the,the,DT,DT
13246,Canada_2011,0,481,33,County,county,NNP,NN
13247,Canada_2011,0,481,34,of,of,IN,IN
13248,Canada_2011,0,481,35,Simcoe,simcoe,NNP,NN
13249,Canada_2011,0,482,0,69.The,69the,CD,CD
13250,Canada_2011,0,482,1,County,county,NNP,NN
13251,Canada_2011,0,482,2,of,of,IN,IN
13252,Canada_2011,0,482,3,SIMCOE,simcoe,NNP,NN
13253,Canada_2011,0,482,5,divided,divided,VBD,VB
13254,Canada_2011,0,482,6,into,into,IN,IN
13255,Canada_2011,0,482,7,Two,two,CD,CD
13256,Canada_2011,0,482,8,Ridings,ridings,NNS,NN
13257,Canada_2011,0,482,10,to,to,TO,TO
13258,Canada_2011,0,482,11,be,be,VB,VB
13259,Canada_2011,0,482,12,called,called,VBN,VB
13260,Canada_2011,0,482,13,respectively,respectively,RB,RB
13261,Canada_2011,0,482,14,the,the,DT,DT
13262,Canada_2011,0,482,15,South,south,NNP,NN
13263,Canada_2011,0,482,16,and,and,CC,CC
13264,Canada_2011,0,482,17,North,north,NNP,NN
13265,Canada_2011,0,482,18,Ridings,ridings,NNS,NN
13266,Canada_2011,0,482,20,The,the,DT,DT
13267,Canada_2011,0,482,21,South,south,NNP,NN
13268,Canada_2011,0,482,22,Riding,riding,NNP,NN
13269,Canada_2011,0,482,23,to,to,TO,TO
13270,Canada_2011,0,482,24,consist,consist,VB,VB
13271,Canada_2011,0,482,25,of,of,IN,IN
13272,Canada_2011,0,482,26,the,the,DT,DT
13273,Canada_2011,0,482,27,Townships,townships,NNP,NN
13274,Canada_2011,0,482,28,of,of,IN,IN
13275,Canada_2011,0,482,29,West,west,NNP,NN
13276,Canada_2011,0,482,30,Gwillimbury,gwillimbury,NNP,NN
13277,Canada_2011,0,482,32,Tecumseth,tecumseth,NNP,NN
13278,Canada_2011,0,482,34,Innisfil,innisfil,NNP,NN
13279,Canada_2011,0,482,36,Essa,essa,NNP,NN
13280,Canada_2011,0,482,38,Tosorontio,tosorontio,NNP,NN
13281,Canada_2011,0,482,40,Mulmur,mulmur,NNP,NN
13282,Canada_2011,0,482,42,and,and,CC,CC
13283,Canada_2011,0,482,43,the,the,DT,DT
13284,Canada_2011,0,482,44,Village,village,NNP,NN
13285,Canada_2011,0,482,45,of,of,IN,IN
13286,Canada_2011,0,482,46,Bradford,bradford,NNP,NN
13287,Canada_2011,0,483,0,70.The,70the,CD,CD
13288,Canada_2011,0,483,1,County,county,NNP,NN
13289,Canada_2011,0,483,2,of,of,IN,IN
13290,Canada_2011,0,483,3,SIMCOE,simcoe,NNP,NN
13291,Canada_2011,0,483,5,divided,divided,VBD,VB
13292,Canada_2011,0,483,6,into,into,IN,IN
13293,Canada_2011,0,483,7,Two,two,CD,CD
13294,Canada_2011,0,483,8,Ridings,ridings,NNS,NN
13295,Canada_2011,0,483,10,to,to,TO,TO
13296,Canada_2011,0,483,11,be,be,VB,VB
13297,Canada_2011,0,483,12,called,called,VBN,VB
13298,Canada_2011,0,483,13,respectively,respectively,RB,RB
13299,Canada_2011,0,483,14,the,the,DT,DT
13300,Canada_2011,0,483,15,South,south,NNP,NN
13301,Canada_2011,0,483,16,and,and,CC,CC
13302,Canada_2011,0,483,17,North,north,NNP,NN
13303,Canada_2011,0,483,18,Ridings,ridings,NNS,NN
13304,Canada_2011,0,483,20,The,the,DT,DT
13305,Canada_2011,0,483,21,North,north,NNP,NN
13306,Canada_2011,0,483,22,Riding,riding,NNP,NN
13307,Canada_2011,0,483,23,to,to,TO,TO
13308,Canada_2011,0,483,24,consist,consist,VB,VB
13309,Canada_2011,0,483,25,of,of,IN,IN
13310,Canada_2011,0,483,26,the,the,DT,DT
13311,Canada_2011,0,483,27,Townships,townships,NNP,NN
13312,Canada_2011,0,483,28,of,of,IN,IN
13313,Canada_2011,0,483,29,Nottawasaga,nottawasaga,NNP,NN
13314,Canada_2011,0,483,31,Sunnidale,sunnidale,NNP,NN
13315,Canada_2011,0,483,33,Vespra,vespra,NNP,NN
13316,Canada_2011,0,483,35,Flos,flos,NNP,NN
13317,Canada_2011,0,483,37,Oro,oro,NNP,NN
13318,Canada_2011,0,483,39,Medonte,medonte,NNP,NN
13319,Canada_2011,0,483,41,Orillia,orillia,NNP,NN
13320,Canada_2011,0,483,42,and,and,CC,CC
13321,Canada_2011,0,483,43,Matchedash,matchedash,NNP,NN
13322,Canada_2011,0,483,45,Tiny,tiny,NNP,NN
13323,Canada_2011,0,483,46,and,and,CC,CC
13324,Canada_2011,0,483,47,Tay,tay,NNP,NN
13325,Canada_2011,0,483,49,Balaklava,balaklava,NNP,NN
13326,Canada_2011,0,483,50,and,and,CC,CC
13327,Canada_2011,0,483,51,Robinson,robinson,NNP,NN
13328,Canada_2011,0,483,53,and,and,CC,CC
13329,Canada_2011,0,483,54,the,the,DT,DT
13330,Canada_2011,0,483,55,Towns,towns,NNP,NN
13331,Canada_2011,0,483,56,of,of,IN,IN
13332,Canada_2011,0,483,57,Barrie,barrie,NNP,NN
13333,Canada_2011,0,483,58,and,and,CC,CC
13334,Canada_2011,0,483,59,Collingwood,collingwood,NNP,NN
13335,Canada_2011,0,484,0,71.The,71the,CD,CD
13336,Canada_2011,0,484,1,County,county,NNP,NN
13337,Canada_2011,0,484,2,of,of,IN,IN
13338,Canada_2011,0,484,3,VICTORIA,victoria,NNP,NN
13339,Canada_2011,0,484,5,divided,divided,VBD,VB
13340,Canada_2011,0,484,6,into,into,IN,IN
13341,Canada_2011,0,484,7,Two,two,CD,CD
13342,Canada_2011,0,484,8,Ridings,ridings,NNS,NN
13343,Canada_2011,0,484,10,to,to,TO,TO
13344,Canada_2011,0,484,11,be,be,VB,VB
13345,Canada_2011,0,484,12,called,called,VBN,VB
13346,Canada_2011,0,484,13,respectively,respectively,RB,RB
13347,Canada_2011,0,484,14,the,the,DT,DT
13348,Canada_2011,0,484,15,South,south,NNP,NN
13349,Canada_2011,0,484,16,and,and,CC,CC
13350,Canada_2011,0,484,17,North,north,NNP,NN
13351,Canada_2011,0,484,18,Ridings,ridings,NNS,NN
13352,Canada_2011,0,484,20,The,the,DT,DT
13353,Canada_2011,0,484,21,South,south,NNP,NN
13354,Canada_2011,0,484,22,Riding,riding,NNP,NN
13355,Canada_2011,0,484,23,to,to,TO,TO
13356,Canada_2011,0,484,24,consist,consist,VB,VB
13357,Canada_2011,0,484,25,of,of,IN,IN
13358,Canada_2011,0,484,26,the,the,DT,DT
13359,Canada_2011,0,484,27,Townships,townships,NNP,NN
13360,Canada_2011,0,484,28,of,of,IN,IN
13361,Canada_2011,0,484,29,Ops,ops,NNP,NN
13362,Canada_2011,0,484,31,Mariposa,mariposa,NNP,NN
13363,Canada_2011,0,484,33,Emily,emily,NNP,NN
13364,Canada_2011,0,484,35,Verulam,verulam,NNP,NN
13365,Canada_2011,0,484,37,and,and,CC,CC
13366,Canada_2011,0,484,38,the,the,DT,DT
13367,Canada_2011,0,484,39,Town,town,NNP,NN
13368,Canada_2011,0,484,40,of,of,IN,IN
13369,Canada_2011,0,484,41,Lindsay,lindsay,NNP,NN
13370,Canada_2011,0,485,0,72.The,72the,CD,CD
13371,Canada_2011,0,485,1,County,county,NNP,NN
13372,Canada_2011,0,485,2,of,of,IN,IN
13373,Canada_2011,0,485,3,VICTORIA,victoria,NNP,NN
13374,Canada_2011,0,485,5,divided,divided,VBD,VB
13375,Canada_2011,0,485,6,into,into,IN,IN
13376,Canada_2011,0,485,7,Two,two,CD,CD
13377,Canada_2011,0,485,8,Ridings,ridings,NNS,NN
13378,Canada_2011,0,485,10,to,to,TO,TO
13379,Canada_2011,0,485,11,be,be,VB,VB
13380,Canada_2011,0,485,12,called,called,VBN,VB
13381,Canada_2011,0,485,13,respectively,respectively,RB,RB
13382,Canada_2011,0,485,14,the,the,DT,DT
13383,Canada_2011,0,485,15,South,south,NNP,NN
13384,Canada_2011,0,485,16,and,and,CC,CC
13385,Canada_2011,0,485,17,North,north,NNP,NN
13386,Canada_2011,0,485,18,Ridings,ridings,NNS,NN
13387,Canada_2011,0,485,20,The,the,DT,DT
13388,Canada_2011,0,485,21,North,north,NNP,NN
13389,Canada_2011,0,485,22,Riding,riding,NNP,NN
13390,Canada_2011,0,485,23,to,to,TO,TO
13391,Canada_2011,0,485,24,consist,consist,VB,VB
13392,Canada_2011,0,485,25,of,of,IN,IN
13393,Canada_2011,0,485,26,the,the,DT,DT
13394,Canada_2011,0,485,27,Townships,townships,NNP,NN
13395,Canada_2011,0,485,28,of,of,IN,IN
13396,Canada_2011,0,485,29,Anson,anson,NNP,NN
13397,Canada_2011,0,485,31,Bexley,bexley,NNP,NN
13398,Canada_2011,0,485,33,Carden,carden,NNP,NN
13399,Canada_2011,0,485,35,Dalton,dalton,NNP,NN
13400,Canada_2011,0,485,37,Digby,digby,NNP,NN
13401,Canada_2011,0,485,39,Eldon,eldon,NNP,NN
13402,Canada_2011,0,485,41,Fenelon,fenelon,NNP,NN
13403,Canada_2011,0,485,43,Hindon,hindon,NNP,NN
13404,Canada_2011,0,485,45,Laxton,laxton,NNP,NN
13405,Canada_2011,0,485,47,Lutterworth,lutterworth,NNP,NN
13406,Canada_2011,0,485,49,Macaulay,macaulay,NNP,NN
13407,Canada_2011,0,485,50,and,and,CC,CC
13408,Canada_2011,0,485,51,Draper,draper,NNP,NN
13409,Canada_2011,0,485,53,Sommerville,sommerville,NNP,NN
13410,Canada_2011,0,485,55,and,and,CC,CC
13411,Canada_2011,0,485,56,Morrison,morrison,NNP,NN
13412,Canada_2011,0,485,58,Muskoka,muskoka,NNP,NN
13413,Canada_2011,0,485,60,Monck,monck,NNP,NN
13414,Canada_2011,0,485,61,and,and,CC,CC
13415,Canada_2011,0,485,62,Watt,watt,NNP,NN
13416,Canada_2011,0,485,64,taken,taken,VBN,VB
13417,Canada_2011,0,485,65,from,from,IN,IN
13418,Canada_2011,0,485,66,the,the,DT,DT
13419,Canada_2011,0,485,67,County,county,NNP,NN
13420,Canada_2011,0,485,68,of,of,IN,IN
13421,Canada_2011,0,485,69,Simcoe,simcoe,NNP,NN
13422,Canada_2011,0,485,72,and,and,CC,CC
13423,Canada_2011,0,485,73,any,any,DT,DT
13424,Canada_2011,0,485,74,other,other,JJ,JJ
13425,Canada_2011,0,485,75,surveyed,surveyed,VBN,VB
13426,Canada_2011,0,485,76,Townships,townships,NNP,NN
13427,Canada_2011,0,485,77,lying,lying,VBG,VB
13428,Canada_2011,0,485,78,to,to,TO,TO
13429,Canada_2011,0,485,79,the,the,DT,DT
13430,Canada_2011,0,485,80,North,north,NNP,NN
13431,Canada_2011,0,485,81,of,of,IN,IN
13432,Canada_2011,0,485,82,the,the,DT,DT
13433,Canada_2011,0,485,83,said,said,VBD,VB
13434,Canada_2011,0,485,84,North,north,NNP,NN
13435,Canada_2011,0,485,85,Riding,riding,NNP,NN
13436,Canada_2011,0,486,0,73.The,73the,CD,CD
13437,Canada_2011,0,486,1,County,county,NNP,NN
13438,Canada_2011,0,486,2,of,of,IN,IN
13439,Canada_2011,0,486,3,PETERBOROUGH,peterborough,NNP,NN
13440,Canada_2011,0,486,5,divided,divided,VBD,VB
13441,Canada_2011,0,486,6,into,into,IN,IN
13442,Canada_2011,0,486,7,Two,two,CD,CD
13443,Canada_2011,0,486,8,Ridings,ridings,NNS,NN
13444,Canada_2011,0,486,10,to,to,TO,TO
13445,Canada_2011,0,486,11,be,be,VB,VB
13446,Canada_2011,0,486,12,called,called,VBN,VB
13447,Canada_2011,0,486,13,respectively,respectively,RB,RB
13448,Canada_2011,0,486,14,the,the,DT,DT
13449,Canada_2011,0,486,15,West,west,NNP,NN
13450,Canada_2011,0,486,16,and,and,CC,CC
13451,Canada_2011,0,486,17,East,east,NNP,NN
13452,Canada_2011,0,486,18,Ridings,ridings,NNS,NN
13453,Canada_2011,0,486,20,The,the,DT,DT
13454,Canada_2011,0,486,21,West,west,NNP,NN
13455,Canada_2011,0,486,22,Riding,riding,NNP,NN
13456,Canada_2011,0,486,23,to,to,TO,TO
13457,Canada_2011,0,486,24,consist,consist,VB,VB
13458,Canada_2011,0,486,25,of,of,IN,IN
13459,Canada_2011,0,486,26,the,the,DT,DT
13460,Canada_2011,0,486,27,Townships,townships,NNP,NN
13461,Canada_2011,0,486,28,of,of,IN,IN
13462,Canada_2011,0,486,29,South,south,NNP,NN
13463,Canada_2011,0,486,30,Monaghan,monaghan,NNP,NN
13464,Canada_2011,0,486,32,taken,taken,VBN,VB
13465,Canada_2011,0,486,33,from,from,IN,IN
13466,Canada_2011,0,486,34,the,the,DT,DT
13467,Canada_2011,0,486,35,County,county,NNP,NN
13468,Canada_2011,0,486,36,of,of,IN,IN
13469,Canada_2011,0,486,37,Northumberland,northumberland,NNP,NN
13470,Canada_2011,0,486,40,North,north,NNP,NN
13471,Canada_2011,0,486,41,Monaghan,monaghan,NNP,NN
13472,Canada_2011,0,486,43,Smith,smith,NNP,NN
13473,Canada_2011,0,486,45,and,and,CC,CC
13474,Canada_2011,0,486,46,Ennis-,ennis,NNP,NN
13475,Canada_2011,0,486,47,more,more,JJR,JJ
13476,Canada_2011,0,486,49,and,and,CC,CC
13477,Canada_2011,0,486,50,the,the,DT,DT
13478,Canada_2011,0,486,51,Town,town,NNP,NN
13479,Canada_2011,0,486,52,of,of,IN,IN
13480,Canada_2011,0,486,53,Peterborough,peterborough,NNP,NN
13481,Canada_2011,0,487,0,74.The,74the,CD,CD
13482,Canada_2011,0,487,1,County,county,NNP,NN
13483,Canada_2011,0,487,2,of,of,IN,IN
13484,Canada_2011,0,487,3,PETERBOROUGH,peterborough,NNP,NN
13485,Canada_2011,0,487,5,divided,divided,VBD,VB
13486,Canada_2011,0,487,6,into,into,IN,IN
13487,Canada_2011,0,487,7,Two,two,CD,CD
13488,Canada_2011,0,487,8,Ridings,ridings,NNS,NN
13489,Canada_2011,0,487,10,to,to,TO,TO
13490,Canada_2011,0,487,11,be,be,VB,VB
13491,Canada_2011,0,487,12,called,called,VBN,VB
13492,Canada_2011,0,487,13,respectively,respectively,RB,RB
13493,Canada_2011,0,487,14,the,the,DT,DT
13494,Canada_2011,0,487,15,West,west,NNP,NN
13495,Canada_2011,0,487,16,and,and,CC,CC
13496,Canada_2011,0,487,17,East,east,NNP,NN
13497,Canada_2011,0,487,18,Ridings,ridings,NNS,NN
13498,Canada_2011,0,487,20,The,the,DT,DT
13499,Canada_2011,0,487,21,East,east,NNP,NN
13500,Canada_2011,0,487,22,Riding,riding,NNP,NN
13501,Canada_2011,0,487,23,to,to,TO,TO
13502,Canada_2011,0,487,24,consist,consist,VB,VB
13503,Canada_2011,0,487,25,of,of,IN,IN
13504,Canada_2011,0,487,26,the,the,DT,DT
13505,Canada_2011,0,487,27,Townships,townships,NNP,NN
13506,Canada_2011,0,487,28,of,of,IN,IN
13507,Canada_2011,0,487,29,Asphodel,asphodel,NNP,NN
13508,Canada_2011,0,487,31,Belmont,belmont,NNP,NN
13509,Canada_2011,0,487,32,and,and,CC,CC
13510,Canada_2011,0,487,33,Methuen,methuen,NNP,NN
13511,Canada_2011,0,487,35,Douro,douro,NNP,NN
13512,Canada_2011,0,487,37,Dummer,dummer,NNP,NN
13513,Canada_2011,0,487,39,Galway,galway,NNP,NN
13514,Canada_2011,0,487,41,Harvey,harvey,NNP,NN
13515,Canada_2011,0,487,43,Minden,minden,NNP,NN
13516,Canada_2011,0,487,45,Stanhope,stanhope,NNP,NN
13517,Canada_2011,0,487,46,and,and,CC,CC
13518,Canada_2011,0,487,47,Dysart,dysart,NNP,NN
13519,Canada_2011,0,487,49,Otonabee,otonabee,NNP,NN
13520,Canada_2011,0,487,51,and,and,CC,CC
13521,Canada_2011,0,487,52,Snowden,snowden,NNP,NN
13522,Canada_2011,0,487,54,and,and,CC,CC
13523,Canada_2011,0,487,55,the,the,DT,DT
13524,Canada_2011,0,487,56,Village,village,NNP,NN
13525,Canada_2011,0,487,57,of,of,IN,IN
13526,Canada_2011,0,487,58,Ashburnham,ashburnham,NNP,NN
13527,Canada_2011,0,487,60,and,and,CC,CC
13528,Canada_2011,0,487,61,any,any,DT,DT
13529,Canada_2011,0,487,62,other,other,JJ,JJ
13530,Canada_2011,0,487,63,surveyed,surveyed,VBN,VB
13531,Canada_2011,0,487,64,Townships,townships,NNP,NN
13532,Canada_2011,0,487,65,lying,lying,VBG,VB
13533,Canada_2011,0,487,66,to,to,TO,TO
13534,Canada_2011,0,487,67,the,the,DT,DT
13535,Canada_2011,0,487,68,North,north,NNP,NN
13536,Canada_2011,0,487,69,of,of,IN,IN
13537,Canada_2011,0,487,70,the,the,DT,DT
13538,Canada_2011,0,487,71,said,said,VBD,VB
13539,Canada_2011,0,487,72,East,east,NNP,NN
13540,Canada_2011,0,487,73,Riding,riding,NNP,NN
13541,Canada_2011,0,488,0,75.The,75the,CD,CD
13542,Canada_2011,0,488,1,County,county,NNP,NN
13543,Canada_2011,0,488,2,of,of,IN,IN
13544,Canada_2011,0,488,3,HASTINGS,hastings,NNP,NN
13545,Canada_2011,0,488,5,divided,divided,VBD,VB
13546,Canada_2011,0,488,6,into,into,IN,IN
13547,Canada_2011,0,488,7,Three,three,NNP,NN
13548,Canada_2011,0,488,8,Ridings,ridings,NNP,NN
13549,Canada_2011,0,488,10,to,to,TO,TO
13550,Canada_2011,0,488,11,be,be,VB,VB
13551,Canada_2011,0,488,12,called,called,VBN,VB
13552,Canada_2011,0,488,13,respectively,respectively,RB,RB
13553,Canada_2011,0,488,14,the,the,DT,DT
13554,Canada_2011,0,488,15,West,west,NNP,NN
13555,Canada_2011,0,488,17,East,east,NNP,NN
13556,Canada_2011,0,488,19,and,and,CC,CC
13557,Canada_2011,0,488,20,North,north,NNP,NN
13558,Canada_2011,0,488,21,Ridings,ridings,NNS,NN
13559,Canada_2011,0,488,23,The,the,DT,DT
13560,Canada_2011,0,488,24,West,west,NNP,NN
13561,Canada_2011,0,488,25,Riding,riding,NNP,NN
13562,Canada_2011,0,488,26,to,to,TO,TO
13563,Canada_2011,0,488,27,consist,consist,VB,VB
13564,Canada_2011,0,488,28,of,of,IN,IN
13565,Canada_2011,0,488,29,the,the,DT,DT
13566,Canada_2011,0,488,30,Town,town,NNP,NN
13567,Canada_2011,0,488,31,of,of,IN,IN
13568,Canada_2011,0,488,32,Belleville,belleville,NNP,NN
13569,Canada_2011,0,488,34,the,the,DT,DT
13570,Canada_2011,0,488,35,Township,township,NNP,NN
13571,Canada_2011,0,488,36,of,of,IN,IN
13572,Canada_2011,0,488,37,Sydney,sydney,NNP,NN
13573,Canada_2011,0,488,39,and,and,CC,CC
13574,Canada_2011,0,488,40,the,the,DT,DT
13575,Canada_2011,0,488,41,Village,village,NNP,NN
13576,Canada_2011,0,488,42,of,of,IN,IN
13577,Canada_2011,0,488,43,Trenton,trenton,NNP,NN
13578,Canada_2011,0,489,0,76.The,76the,CD,CD
13579,Canada_2011,0,489,1,County,county,NNP,NN
13580,Canada_2011,0,489,2,of,of,IN,IN
13581,Canada_2011,0,489,3,HASTINGS,hastings,NNP,NN
13582,Canada_2011,0,489,5,divided,divided,VBD,VB
13583,Canada_2011,0,489,6,into,into,IN,IN
13584,Canada_2011,0,489,7,Three,three,NNP,NN
13585,Canada_2011,0,489,8,Ridings,ridings,NNP,NN
13586,Canada_2011,0,489,10,to,to,TO,TO
13587,Canada_2011,0,489,11,be,be,VB,VB
13588,Canada_2011,0,489,12,called,called,VBN,VB
13589,Canada_2011,0,489,13,respectively,respectively,RB,RB
13590,Canada_2011,0,489,14,the,the,DT,DT
13591,Canada_2011,0,489,15,West,west,NNP,NN
13592,Canada_2011,0,489,17,East,east,NNP,NN
13593,Canada_2011,0,489,19,and,and,CC,CC
13594,Canada_2011,0,489,20,North,north,NNP,NN
13595,Canada_2011,0,489,21,Ridings,ridings,NNS,NN
13596,Canada_2011,0,489,23,The,the,DT,DT
13597,Canada_2011,0,489,24,East,east,NNP,NN
13598,Canada_2011,0,489,25,Riding,riding,NNP,NN
13599,Canada_2011,0,489,26,to,to,TO,TO
13600,Canada_2011,0,489,27,consist,consist,VB,VB
13601,Canada_2011,0,489,28,of,of,IN,IN
13602,Canada_2011,0,489,29,the,the,DT,DT
13603,Canada_2011,0,489,30,Townships,townships,NNP,NN
13604,Canada_2011,0,489,31,of,of,IN,IN
13605,Canada_2011,0,489,32,Thurlow,thurlow,NNP,NN
13606,Canada_2011,0,489,34,Tyendinaga,tyendinaga,NNP,NN
13607,Canada_2011,0,489,36,and,and,CC,CC
13608,Canada_2011,0,489,37,Hungerford,hungerford,NNP,NN
13609,Canada_2011,0,490,0,77.The,77the,CD,CD
13610,Canada_2011,0,490,1,County,county,NNP,NN
13611,Canada_2011,0,490,2,of,of,IN,IN
13612,Canada_2011,0,490,3,HASTINGS,hastings,NNP,NN
13613,Canada_2011,0,490,5,divided,divided,VBD,VB
13614,Canada_2011,0,490,6,into,into,IN,IN
13615,Canada_2011,0,490,7,Three,three,NNP,NN
13616,Canada_2011,0,490,8,Ridings,ridings,NNP,NN
13617,Canada_2011,0,490,10,to,to,TO,TO
13618,Canada_2011,0,490,11,be,be,VB,VB
13619,Canada_2011,0,490,12,called,called,VBN,VB
13620,Canada_2011,0,490,13,respectively,respectively,RB,RB
13621,Canada_2011,0,490,14,the,the,DT,DT
13622,Canada_2011,0,490,15,West,west,NNP,NN
13623,Canada_2011,0,490,17,East,east,NNP,NN
13624,Canada_2011,0,490,19,and,and,CC,CC
13625,Canada_2011,0,490,20,North,north,NNP,NN
13626,Canada_2011,0,490,21,Ridings,ridings,NNS,NN
13627,Canada_2011,0,490,23,The,the,DT,DT
13628,Canada_2011,0,490,24,North,north,NNP,NN
13629,Canada_2011,0,490,25,Riding,riding,NNP,NN
13630,Canada_2011,0,490,26,to,to,TO,TO
13631,Canada_2011,0,490,27,consist,consist,VB,VB
13632,Canada_2011,0,490,28,of,of,IN,IN
13633,Canada_2011,0,490,29,the,the,DT,DT
13634,Canada_2011,0,490,30,Townships,townships,NNP,NN
13635,Canada_2011,0,490,31,of,of,IN,IN
13636,Canada_2011,0,490,32,Rawdon,rawdon,NNP,NN
13637,Canada_2011,0,490,34,Huntingdon,huntingdon,NNP,NN
13638,Canada_2011,0,490,36,Madoc,madoc,NNP,NN
13639,Canada_2011,0,490,38,Elzevir,elzevir,NNP,NN
13640,Canada_2011,0,490,40,Tudor,tudor,NNP,NN
13641,Canada_2011,0,490,42,Marmora,marmora,NNP,NN
13642,Canada_2011,0,490,44,and,and,CC,CC
13643,Canada_2011,0,490,45,Lake,lake,NNP,NN
13644,Canada_2011,0,490,47,and,and,CC,CC
13645,Canada_2011,0,490,48,the,the,DT,DT
13646,Canada_2011,0,490,49,Village,village,NNP,NN
13647,Canada_2011,0,490,50,of,of,IN,IN
13648,Canada_2011,0,490,51,Stirling,stirling,NNP,NN
13649,Canada_2011,0,490,53,and,and,CC,CC
13650,Canada_2011,0,490,54,any,any,DT,DT
13651,Canada_2011,0,490,55,other,other,JJ,JJ
13652,Canada_2011,0,490,56,surveyed,surveyed,VBN,VB
13653,Canada_2011,0,490,57,Townships,townships,NNP,NN
13654,Canada_2011,0,490,58,lying,lying,VBG,VB
13655,Canada_2011,0,490,59,to,to,TO,TO
13656,Canada_2011,0,490,60,the,the,DT,DT
13657,Canada_2011,0,490,61,North,north,NNP,NN
13658,Canada_2011,0,490,62,of,of,IN,IN
13659,Canada_2011,0,490,63,the,the,DT,DT
13660,Canada_2011,0,490,64,said,said,VBD,VB
13661,Canada_2011,0,490,65,North,north,NNP,NN
13662,Canada_2011,0,490,66,Riding,riding,NNP,NN
13663,Canada_2011,0,491,0,78.The,78the,CD,CD
13664,Canada_2011,0,491,1,County,county,NNP,NN
13665,Canada_2011,0,491,2,of,of,IN,IN
13666,Canada_2011,0,491,3,LENNOX,lennox,NNP,NN
13667,Canada_2011,0,491,4,to,to,TO,TO
13668,Canada_2011,0,491,5,consist,consist,VB,VB
13669,Canada_2011,0,491,6,of,of,IN,IN
13670,Canada_2011,0,491,7,the,the,DT,DT
13671,Canada_2011,0,491,8,Townships,townships,NNP,NN
13672,Canada_2011,0,491,9,of,of,IN,IN
13673,Canada_2011,0,491,10,Richmond,richmond,NNP,NN
13674,Canada_2011,0,491,12,Adolphustown,adolphustown,NNP,NN
13675,Canada_2011,0,491,14,North,north,NNP,NN
13676,Canada_2011,0,491,15,Fredericksburg,fredericksburg,NNP,NN
13677,Canada_2011,0,491,17,South,south,NNP,NN
13678,Canada_2011,0,491,18,Fredericksburg,fredericksburg,NNP,NN
13679,Canada_2011,0,491,20,Ernest,ernest,NNP,NN
13680,Canada_2011,0,491,21,Town,town,NNP,NN
13681,Canada_2011,0,491,23,and,and,CC,CC
13682,Canada_2011,0,491,24,Amherst,amherst,NNP,NN
13683,Canada_2011,0,491,25,Island,island,NNP,NN
13684,Canada_2011,0,491,27,and,and,CC,CC
13685,Canada_2011,0,491,28,the,the,DT,DT
13686,Canada_2011,0,491,29,Village,village,NNP,NN
13687,Canada_2011,0,491,30,of,of,IN,IN
13688,Canada_2011,0,491,31,Napanee,napanee,NNP,NN
13689,Canada_2011,0,492,0,79.The,79the,CD,CD
13690,Canada_2011,0,492,1,County,county,NNP,NN
13691,Canada_2011,0,492,2,of,of,IN,IN
13692,Canada_2011,0,492,3,ADDINGTON,addington,NNP,NN
13693,Canada_2011,0,492,4,to,to,TO,TO
13694,Canada_2011,0,492,5,consist,consist,VB,VB
13695,Canada_2011,0,492,6,of,of,IN,IN
13696,Canada_2011,0,492,7,the,the,DT,DT
13697,Canada_2011,0,492,8,Townships,townships,NNP,NN
13698,Canada_2011,0,492,9,of,of,IN,IN
13699,Canada_2011,0,492,10,Camden,camden,NNP,NN
13700,Canada_2011,0,492,12,Portland,portland,NNP,NN
13701,Canada_2011,0,492,14,Sheffield,sheffield,NNP,NN
13702,Canada_2011,0,492,16,Hinchinbrooke,hinchinbrooke,NNP,NN
13703,Canada_2011,0,492,18,Kaladar,kaladar,NNP,NN
13704,Canada_2011,0,492,20,Kennebec,kennebec,NNP,NN
13705,Canada_2011,0,492,22,Olden,olden,NNP,NN
13706,Canada_2011,0,492,24,Oso,oso,NNP,NN
13707,Canada_2011,0,492,26,Anglesea,anglesea,NNP,NN
13708,Canada_2011,0,492,28,Barrie,barrie,NNP,NN
13709,Canada_2011,0,492,30,Clarendon,clarendon,NNP,NN
13710,Canada_2011,0,492,32,Palmerston,palmerston,NNP,NN
13711,Canada_2011,0,492,34,Effingham,effingham,NNP,NN
13712,Canada_2011,0,492,36,Abinger,abinger,NNP,NN
13713,Canada_2011,0,492,38,Miller,miller,NNP,NN
13714,Canada_2011,0,492,40,Canonto,canonto,NNP,NN
13715,Canada_2011,0,492,42,Denbigh,denbigh,NNP,NN
13716,Canada_2011,0,492,44,Loughborough,loughborough,NNP,NN
13717,Canada_2011,0,492,46,and,and,CC,CC
13718,Canada_2011,0,492,47,Bedford,bedford,NNP,NN
13719,Canada_2011,0,493,0,80.The,80the,CD,CD
13720,Canada_2011,0,493,1,County,county,NNP,NN
13721,Canada_2011,0,493,2,of,of,IN,IN
13722,Canada_2011,0,493,3,FRONTENAC,frontenac,NNP,NN
13723,Canada_2011,0,493,4,to,to,TO,TO
13724,Canada_2011,0,493,5,consist,consist,VB,VB
13725,Canada_2011,0,493,6,of,of,IN,IN
13726,Canada_2011,0,493,7,the,the,DT,DT
13727,Canada_2011,0,493,8,Townships,townships,NNP,NN
13728,Canada_2011,0,493,9,of,of,IN,IN
13729,Canada_2011,0,493,10,Kingston,kingston,NNP,NN
13730,Canada_2011,0,493,12,Wolfe,wolfe,NNP,NN
13731,Canada_2011,0,493,13,Island,island,NNP,NN
13732,Canada_2011,0,493,15,Pittsburg,pittsburg,NNP,NN
13733,Canada_2011,0,493,16,and,and,CC,CC
13734,Canada_2011,0,493,17,Howe,howe,NNP,NN
13735,Canada_2011,0,493,18,Island,island,NNP,NN
13736,Canada_2011,0,493,20,and,and,CC,CC
13737,Canada_2011,0,493,21,Storrington,storrington,NNP,NN
13738,Canada_2011,0,494,0,81.The,81the,CD,CD
13739,Canada_2011,0,494,1,County,county,NNP,NN
13740,Canada_2011,0,494,2,of,of,IN,IN
13741,Canada_2011,0,494,3,RENFREW,renfrew,NNP,NN
13742,Canada_2011,0,494,5,divided,divided,VBD,VB
13743,Canada_2011,0,494,6,into,into,IN,IN
13744,Canada_2011,0,494,7,Two,two,CD,CD
13745,Canada_2011,0,494,8,Ridings,ridings,NNS,NN
13746,Canada_2011,0,494,10,to,to,TO,TO
13747,Canada_2011,0,494,11,be,be,VB,VB
13748,Canada_2011,0,494,12,called,called,VBN,VB
13749,Canada_2011,0,494,13,respectively,respectively,RB,RB
13750,Canada_2011,0,494,14,the,the,DT,DT
13751,Canada_2011,0,494,15,South,south,NNP,NN
13752,Canada_2011,0,494,16,and,and,CC,CC
13753,Canada_2011,0,494,17,North,north,NNP,NN
13754,Canada_2011,0,494,18,Ridings,ridings,NNS,NN
13755,Canada_2011,0,494,20,The,the,DT,DT
13756,Canada_2011,0,494,21,South,south,NNP,NN
13757,Canada_2011,0,494,22,Riding,riding,NNP,NN
13758,Canada_2011,0,494,23,to,to,TO,TO
13759,Canada_2011,0,494,24,consist,consist,VB,VB
13760,Canada_2011,0,494,25,of,of,IN,IN
13761,Canada_2011,0,494,26,the,the,DT,DT
13762,Canada_2011,0,494,27,Townships,townships,NNP,NN
13763,Canada_2011,0,494,28,of,of,IN,IN
13764,Canada_2011,0,494,29,McNab,mcnab,NNP,NN
13765,Canada_2011,0,494,31,Bagot,bagot,NNP,NN
13766,Canada_2011,0,494,33,Blithfield,blithfield,NNP,NN
13767,Canada_2011,0,494,35,Brougham,brougham,NNP,NN
13768,Canada_2011,0,494,37,Horton,horton,NNP,NN
13769,Canada_2011,0,494,39,Admaston,admaston,NNP,NN
13770,Canada_2011,0,494,41,Grattan,grattan,NNP,NN
13771,Canada_2011,0,494,43,Matawatchan,matawatchan,NNP,NN
13772,Canada_2011,0,494,45,Griffith,griffith,NNP,NN
13773,Canada_2011,0,494,47,Lyndoch,lyndoch,NNP,NN
13774,Canada_2011,0,494,49,Raglan,raglan,NNP,NN
13775,Canada_2011,0,494,51,Radcliffe,radcliffe,NNP,NN
13776,Canada_2011,0,494,53,Brudenell,brudenell,NNP,NN
13777,Canada_2011,0,494,55,Sebastopol,sebastopol,NNP,NN
13778,Canada_2011,0,494,57,and,and,CC,CC
13779,Canada_2011,0,494,58,the,the,DT,DT
13780,Canada_2011,0,494,59,Villages,villages,NNP,NN
13781,Canada_2011,0,494,60,of,of,IN,IN
13782,Canada_2011,0,494,61,Arnprior,arnprior,NNP,NN
13783,Canada_2011,0,494,62,and,and,CC,CC
13784,Canada_2011,0,494,63,Renfrew,renfrew,NNP,NN
13785,Canada_2011,0,495,0,82.The,82the,CD,CD
13786,Canada_2011,0,495,1,County,county,NNP,NN
13787,Canada_2011,0,495,2,of,of,IN,IN
13788,Canada_2011,0,495,3,RENFREW,renfrew,NNP,NN
13789,Canada_2011,0,495,5,divided,divided,VBD,VB
13790,Canada_2011,0,495,6,into,into,IN,IN
13791,Canada_2011,0,495,7,Two,two,CD,CD
13792,Canada_2011,0,495,8,Ridings,ridings,NNS,NN
13793,Canada_2011,0,495,10,to,to,TO,TO
13794,Canada_2011,0,495,11,be,be,VB,VB
13795,Canada_2011,0,495,12,called,called,VBN,VB
13796,Canada_2011,0,495,13,respectively,respectively,RB,RB
13797,Canada_2011,0,495,14,the,the,DT,DT
13798,Canada_2011,0,495,15,South,south,NNP,NN
13799,Canada_2011,0,495,16,and,and,CC,CC
13800,Canada_2011,0,495,17,North,north,NNP,NN
13801,Canada_2011,0,495,18,Ridings,ridings,NNS,NN
13802,Canada_2011,0,495,20,The,the,DT,DT
13803,Canada_2011,0,495,21,North,north,NNP,NN
13804,Canada_2011,0,495,22,Riding,riding,NNP,NN
13805,Canada_2011,0,495,23,to,to,TO,TO
13806,Canada_2011,0,495,24,consist,consist,VB,VB
13807,Canada_2011,0,495,25,of,of,IN,IN
13808,Canada_2011,0,495,26,the,the,DT,DT
13809,Canada_2011,0,495,27,Townships,townships,NNP,NN
13810,Canada_2011,0,495,28,of,of,IN,IN
13811,Canada_2011,0,495,29,Ross,ross,NNP,NN
13812,Canada_2011,0,495,31,Bromley,bromley,NNP,NN
13813,Canada_2011,0,495,33,Westmeath,westmeath,NNP,NN
13814,Canada_2011,0,495,35,Stafford,stafford,NNP,NN
13815,Canada_2011,0,495,37,Pembroke,pembroke,NNP,NN
13816,Canada_2011,0,495,39,Wilberforce,wilberforce,NNP,NN
13817,Canada_2011,0,495,41,Alice,alice,NNP,NN
13818,Canada_2011,0,495,43,Petawawa,petawawa,NNP,NN
13819,Canada_2011,0,495,45,Buchanan,buchanan,NNP,NN
13820,Canada_2011,0,495,47,South,south,NNP,NN
13821,Canada_2011,0,495,48,Algona,algona,NNP,NN
13822,Canada_2011,0,495,50,North,north,NNP,NN
13823,Canada_2011,0,495,51,Algona,algona,NNP,NN
13824,Canada_2011,0,495,53,Fraser,fraser,NNP,NN
13825,Canada_2011,0,495,55,McKay,mckay,NNP,NN
13826,Canada_2011,0,495,57,Wylie,wylie,NNP,NN
13827,Canada_2011,0,495,59,Rolph,rolph,NNP,NN
13828,Canada_2011,0,495,61,Head,head,NNP,NN
13829,Canada_2011,0,495,63,Maria,maria,NNP,NN
13830,Canada_2011,0,495,65,Clara,clara,NNP,NN
13831,Canada_2011,0,495,67,Haggerty,haggerty,NNP,NN
13832,Canada_2011,0,495,69,Sherwood,sherwood,NNP,NN
13833,Canada_2011,0,495,71,Burns,burns,NNP,NN
13834,Canada_2011,0,495,73,and,and,CC,CC
13835,Canada_2011,0,495,74,Richards,richards,NNP,NN
13836,Canada_2011,0,495,76,and,and,CC,CC
13837,Canada_2011,0,495,77,any,any,DT,DT
13838,Canada_2011,0,495,78,other,other,JJ,JJ
13839,Canada_2011,0,495,79,surveyed,surveyed,VBN,VB
13840,Canada_2011,0,495,80,Townships,townships,NNP,NN
13841,Canada_2011,0,495,81,lying,lying,VBG,VB
13842,Canada_2011,0,495,82,North-westerly,northwesterly,RB,RB
13843,Canada_2011,0,495,83,of,of,IN,IN
13844,Canada_2011,0,495,84,the,the,DT,DT
13845,Canada_2011,0,495,85,said,said,VBD,VB
13846,Canada_2011,0,495,86,North,north,NNP,NN
13847,Canada_2011,0,495,87,Riding,riding,NNP,NN
13848,Canada_2011,0,496,0,Every,every,DT,DT
13849,Canada_2011,0,496,1,Town,town,NNP,NN
13850,Canada_2011,0,496,2,and,and,CC,CC
13851,Canada_2011,0,496,3,incorporated,incorporated,VBN,VB
13852,Canada_2011,0,496,4,Village,village,NNP,NN
13853,Canada_2011,0,496,5,existing,existing,VBG,VB
13854,Canada_2011,0,496,6,at,at,IN,IN
13855,Canada_2011,0,496,7,the,the,DT,DT
13856,Canada_2011,0,496,8,Union,union,NNP,NN
13857,Canada_2011,0,496,10,not,not,RB,RB
13858,Canada_2011,0,496,11,especially,especially,RB,RB
13859,Canada_2011,0,496,12,mentioned,mentioned,VBN,VB
13860,Canada_2011,0,496,13,in,in,IN,IN
13861,Canada_2011,0,496,14,this,this,DT,DT
13862,Canada_2011,0,496,15,Schedule,schedule,NNP,NN
13863,Canada_2011,0,496,17,is,is,VBZ,VB
13864,Canada_2011,0,496,18,to,to,TO,TO
13865,Canada_2011,0,496,19,be,be,VB,VB
13866,Canada_2011,0,496,20,taken,taken,VBN,VB
13867,Canada_2011,0,496,21,as,as,IN,IN
13868,Canada_2011,0,496,22,Part,part,NNP,NN
13869,Canada_2011,0,496,23,of,of,IN,IN
13870,Canada_2011,0,496,24,the,the,DT,DT
13871,Canada_2011,0,496,25,County,county,NNP,NN
13872,Canada_2011,0,496,26,or,or,CC,CC
13873,Canada_2011,0,496,27,Riding,riding,NNP,NN
13874,Canada_2011,0,496,28,within,within,IN,IN
13875,Canada_2011,0,496,29,which,which,WDT,WD
13876,Canada_2011,0,496,30,it,it,PRP,PR
13877,Canada_2011,0,496,31,is,is,VBZ,VB
13878,Canada_2011,0,496,32,locally,locally,RB,RB
13879,Canada_2011,0,496,33,situate,situate,JJ,JJ
13880,Canada_2011,0,497,0,THE,the,DT,DT
13881,Canada_2011,0,497,1,SECOND,second,JJ,JJ
13882,Canada_2011,0,497,2,SCHEDULE,schedule,NNP,NN
13883,Canada_2011,0,498,0,ELECTORAL,electoral,JJ,JJ
13884,Canada_2011,0,498,1,DISTRICTS,districts,NNP,NN
13885,Canada_2011,0,498,2,OF,of,NNP,NN
13886,Canada_2011,0,498,3,QUEBEC,quebec,NNP,NN
13887,Canada_2011,0,498,4,SPECIALLY,specially,NNP,NN
13888,Canada_2011,0,498,5,FIXED,fixed,NNP,NN
13889,Canada_2011,0,498,6,Share,share,NNP,NN
13890,Canada_2011,0,498,7,COUNTIES,counties,NNP,NN
13891,Canada_2011,0,498,8,OF,of,NNP,NN
13892,Canada_2011,0,498,10,Pontiac,pontiac,NNP,NN
13893,Canada_2011,0,499,0,Ottawa,ottawa,NNP,NN
13894,Canada_2011,0,500,0,Argenteuil,argenteuil,NNP,NN
13895,Canada_2011,0,501,0,Huntingdon,huntingdon,NNP,NN
13896,Canada_2011,0,502,0,Missisquoi,missisquoi,NNP,NN
13897,Canada_2011,0,503,0,Brome,brome,NNP,NN
13898,Canada_2011,0,504,0,Shefford,shefford,NNP,NN
13899,Canada_2011,0,505,0,Stanstead,stanstead,NN,NN
13900,Canada_2011,0,506,0,Compton,compton,NNP,NN
13901,Canada_2011,0,507,0,Wolfe,wolfe,NNP,NN
13902,Canada_2011,0,507,1,and,and,CC,CC
13903,Canada_2011,0,507,2,Richmond,richmond,NNP,NN
13904,Canada_2011,0,508,0,Megantic,megantic,NNP,NN
13905,Canada_2011,0,509,0,Town,town,NNP,NN
13906,Canada_2011,0,509,1,of,of,IN,IN
13907,Canada_2011,0,509,2,Sherbrooke,sherbrooke,NNP,NN
13908,Canada_2011,0,510,0,THE,the,DT,DT
13909,Canada_2011,0,510,1,THIRD,third,NNP,NN
13910,Canada_2011,0,510,2,SCHEDULE,schedule,NNP,NN
13911,Canada_2011,0,511,0,PROVINCIAL,provincial,NNP,NN
13912,Canada_2011,0,511,1,PUBLIC,public,NNP,NN
13913,Canada_2011,0,511,2,WORKS,works,NNP,NN
13914,Canada_2011,0,511,3,AND,and,NNP,NN
13915,Canada_2011,0,511,4,PROPERTY,property,NNP,NN
13916,Canada_2011,0,511,5,TO,to,NNP,NN
13917,Canada_2011,0,511,6,BE,be,NNP,NN
13918,Canada_2011,0,511,7,THE,the,NNP,NN
13919,Canada_2011,0,511,8,PROPERTY,property,NNP,NN
13920,Canada_2011,0,511,9,OF,of,NNP,NN
13921,Canada_2011,0,511,10,CANADA,canada,NNP,NN
13922,Canada_2011,0,511,11,Share,share,NNP,NN
13923,Canada_2011,0,511,12,1.Canals,1canals,NNS,NN
13924,Canada_2011,0,511,14,with,with,IN,IN
13925,Canada_2011,0,511,15,Lands,lands,NNP,NN
13926,Canada_2011,0,511,16,and,and,CC,CC
13927,Canada_2011,0,511,17,Water,water,NNP,NN
13928,Canada_2011,0,511,18,Power,power,NNP,NN
13929,Canada_2011,0,511,19,connected,connected,VBD,VB
13930,Canada_2011,0,511,20,therewith,therewith,NNS,NN
13931,Canada_2011,0,512,0,2.Public,2public,CD,CD
13932,Canada_2011,0,512,1,Harbours,harbours,NNP,NN
13933,Canada_2011,0,513,0,3.Lighthouses,3lighthouses,NNS,NN
13934,Canada_2011,0,513,1,and,and,CC,CC
13935,Canada_2011,0,513,2,Piers,piers,NNS,NN
13936,Canada_2011,0,513,4,and,and,CC,CC
13937,Canada_2011,0,513,5,Sable,sable,JJ,JJ
13938,Canada_2011,0,513,6,Island,island,NNP,NN
13939,Canada_2011,0,514,0,4.Steamboats,4steamboats,CD,CD
13940,Canada_2011,0,514,2,Dredges,dredges,NNP,NN
13941,Canada_2011,0,514,4,and,and,CC,CC
13942,Canada_2011,0,514,5,public,public,JJ,JJ
13943,Canada_2011,0,514,6,Vessels,vessels,NNP,NN
13944,Canada_2011,0,515,0,5.Rivers,5rivers,NNS,NN
13945,Canada_2011,0,515,1,and,and,CC,CC
13946,Canada_2011,0,515,2,Lake,lake,NNP,NN
13947,Canada_2011,0,515,3,Improvements,improvements,NNP,NN
13948,Canada_2011,0,516,0,6.Railways,6railways,CD,CD
13949,Canada_2011,0,516,1,and,and,CC,CC
13950,Canada_2011,0,516,2,Railway,railway,NNP,NN
13951,Canada_2011,0,516,3,Stocks,stocks,NNP,NN
13952,Canada_2011,0,516,5,Mortgages,mortgages,NNP,NN
13953,Canada_2011,0,516,7,and,and,CC,CC
13954,Canada_2011,0,516,8,other,other,JJ,JJ
13955,Canada_2011,0,516,9,Debts,debts,NNS,NN
13956,Canada_2011,0,516,10,due,due,JJ,JJ
13957,Canada_2011,0,516,11,by,by,IN,IN
13958,Canada_2011,0,516,12,Railway,railway,NNP,NN
13959,Canada_2011,0,516,13,Companies,companies,NNPS,NN
13960,Canada_2011,0,517,0,7.Military,7military,CD,CD
13961,Canada_2011,0,517,1,Roads,roads,NNP,NN
13962,Canada_2011,0,518,0,8.Custom,8custom,CD,CD
13963,Canada_2011,0,518,1,Houses,houses,NNS,NN
13964,Canada_2011,0,518,3,Post,post,NNP,NN
13965,Canada_2011,0,518,4,Offices,offices,NNP,NN
13966,Canada_2011,0,518,6,and,and,CC,CC
13967,Canada_2011,0,518,7,all,all,DT,DT
13968,Canada_2011,0,518,8,other,other,JJ,JJ
13969,Canada_2011,0,518,9,Public,public,NNP,NN
13970,Canada_2011,0,518,10,Buildings,buildings,NNP,NN
13971,Canada_2011,0,518,12,except,except,VBD,VB
13972,Canada_2011,0,518,13,such,such,JJ,JJ
13973,Canada_2011,0,518,14,as,as,IN,IN
13974,Canada_2011,0,518,15,the,the,DT,DT
13975,Canada_2011,0,518,16,Government,government,NNP,NN
13976,Canada_2011,0,518,17,of,of,IN,IN
13977,Canada_2011,0,518,18,Canada,canada,NNP,NN
13978,Canada_2011,0,518,19,appropriate,appropriate,NN,NN
13979,Canada_2011,0,518,20,for,for,IN,IN
13980,Canada_2011,0,518,21,the,the,DT,DT
13981,Canada_2011,0,518,22,Use,use,NNP,NN
13982,Canada_2011,0,518,23,of,of,IN,IN
13983,Canada_2011,0,518,24,the,the,DT,DT
13984,Canada_2011,0,518,25,Provincial,provincial,NNP,NN
13985,Canada_2011,0,518,26,Legislatures,legislatures,NNP,NN
13986,Canada_2011,0,518,27,and,and,CC,CC
13987,Canada_2011,0,518,28,Governments,governments,NNP,NN
13988,Canada_2011,0,519,0,9.Property,9property,CD,CD
13989,Canada_2011,0,519,1,transferred,transferred,VBN,VB
13990,Canada_2011,0,519,2,by,by,IN,IN
13991,Canada_2011,0,519,3,the,the,DT,DT
13992,Canada_2011,0,519,4,Imperial,imperial,JJ,JJ
13993,Canada_2011,0,519,5,Government,government,NNP,NN
13994,Canada_2011,0,519,7,and,and,CC,CC
13995,Canada_2011,0,519,8,known,known,VBN,VB
13996,Canada_2011,0,519,9,as,as,IN,IN
13997,Canada_2011,0,519,10,Ordnance,ordnance,NNP,NN
13998,Canada_2011,0,519,11,Property,property,NNP,NN
13999,Canada_2011,0,520,0,10.Armouries,10armouries,NNS,NN
14000,Canada_2011,0,520,2,Drill,drill,NNP,NN
14001,Canada_2011,0,520,3,Sheds,sheds,NNP,NN
14002,Canada_2011,0,520,5,Military,military,NNP,NN
14003,Canada_2011,0,520,6,Clothing,clothing,NNP,NN
14004,Canada_2011,0,520,8,and,and,CC,CC
14005,Canada_2011,0,520,9,Munitions,munitions,NNP,NN
14006,Canada_2011,0,520,10,of,of,IN,IN
14007,Canada_2011,0,520,11,War,war,NNP,NN
14008,Canada_2011,0,520,13,and,and,CC,CC
14009,Canada_2011,0,520,14,Lands,lands,NNP,NN
14010,Canada_2011,0,520,15,set,set,VBP,VB
14011,Canada_2011,0,520,16,apart,apart,RB,RB
14012,Canada_2011,0,520,17,for,for,IN,IN
14013,Canada_2011,0,520,18,general,general,JJ,JJ
14014,Canada_2011,0,520,19,Public,public,NNP,NN
14015,Canada_2011,0,520,20,Purposes,purposes,NNP,NN
14016,Canada_2011,0,521,0,THE,the,DT,DT
14017,Canada_2011,0,521,1,FOURTH,fourth,NNP,NN
14018,Canada_2011,0,521,2,SCHEDULE,schedule,NNP,NN
14019,Canada_2011,0,522,0,ASSETS,assets,NN,NN
14020,Canada_2011,0,522,1,TO,to,NNP,NN
14021,Canada_2011,0,522,2,BE,be,NNP,NN
14022,Canada_2011,0,522,3,THE,the,NNP,NN
14023,Canada_2011,0,522,4,PROPERTY,property,NNP,NN
14024,Canada_2011,0,522,5,OF,of,NNP,NN
14025,Canada_2011,0,522,6,ONTARIO,ontario,NNP,NN
14026,Canada_2011,0,522,7,AND,and,NNP,NN
14027,Canada_2011,0,522,8,QUEBEC,quebec,NNP,NN
14028,Canada_2011,0,522,9,CONJOINTLY,conjointly,NNP,NN
14029,Canada_2011,0,522,10,Share,share,NNP,NN
14030,Canada_2011,0,522,11,Upper,upper,NNP,NN
14031,Canada_2011,0,522,12,Canada,canada,NNP,NN
14032,Canada_2011,0,522,13,Building,building,NNP,NN
14033,Canada_2011,0,522,14,Fund,fund,NNP,NN
14034,Canada_2011,0,523,0,Lunatic,lunatic,JJ,JJ
14035,Canada_2011,0,523,1,Asylums,asylums,NNP,NN
14036,Canada_2011,0,524,0,Normal,normal,JJ,JJ
14037,Canada_2011,0,524,1,School,school,NNP,NN
14038,Canada_2011,0,525,0,Court,court,NNP,NN
14039,Canada_2011,0,525,1,Houses,houses,VBZ,VB
14040,Canada_2011,0,525,2,in,in,IN,IN
14041,Canada_2011,0,525,3,Aylmer,aylmer,NNP,NN
14042,Canada_2011,0,525,5,Lower,lower,NNP,NN
14043,Canada_2011,0,525,6,Canada,canada,NNP,NN
14044,Canada_2011,0,526,0,Montreal,montreal,NNP,NN
14045,Canada_2011,0,526,2,Lower,lower,NNP,NN
14046,Canada_2011,0,526,3,Canada,canada,NNP,NN
14047,Canada_2011,0,527,0,Kamouraska,kamouraska,NNP,NN
14048,Canada_2011,0,527,2,Lower,lower,NNP,NN
14049,Canada_2011,0,527,3,Canada,canada,NNP,NN
14050,Canada_2011,0,528,0,Law,law,NNP,NN
14051,Canada_2011,0,528,1,Society,society,NNP,NN
14052,Canada_2011,0,528,3,Upper,upper,NNP,NN
14053,Canada_2011,0,528,4,Canada,canada,NNP,NN
14054,Canada_2011,0,529,0,Montreal,montreal,NNP,NN
14055,Canada_2011,0,529,1,Turnpike,turnpike,NNP,NN
14056,Canada_2011,0,529,2,Trust,trust,NNP,NN
14057,Canada_2011,0,530,0,University,university,NNP,NN
14058,Canada_2011,0,530,1,Permanent,permanent,NNP,NN
14059,Canada_2011,0,530,2,Fund,fund,NNP,NN
14060,Canada_2011,0,531,0,Royal,royal,JJ,JJ
14061,Canada_2011,0,531,1,Institution,institution,NNP,NN
14062,Canada_2011,0,532,0,Consolidated,consolidated,VBN,VB
14063,Canada_2011,0,532,1,Municipal,municipal,JJ,JJ
14064,Canada_2011,0,532,2,Loan,loan,NNP,NN
14065,Canada_2011,0,532,3,Fund,fund,NNP,NN
14066,Canada_2011,0,532,5,Upper,upper,NNP,NN
14067,Canada_2011,0,532,6,Canada,canada,NNP,NN
14068,Canada_2011,0,533,0,Consolidated,consolidated,VBN,VB
14069,Canada_2011,0,533,1,Municipal,municipal,JJ,JJ
14070,Canada_2011,0,533,2,Loan,loan,NNP,NN
14071,Canada_2011,0,533,3,Fund,fund,NNP,NN
14072,Canada_2011,0,533,5,Lower,lower,NNP,NN
14073,Canada_2011,0,533,6,Canada,canada,NNP,NN
14074,Canada_2011,0,534,0,Agricultural,agricultural,JJ,JJ
14075,Canada_2011,0,534,1,Society,society,NNP,NN
14076,Canada_2011,0,534,3,Upper,upper,NNP,NN
14077,Canada_2011,0,534,4,Canada,canada,NNP,NN
14078,Canada_2011,0,535,0,Lower,lower,JJR,JJ
14079,Canada_2011,0,535,1,Canada,canada,NNP,NN
14080,Canada_2011,0,535,2,Legislative,legislative,NNP,NN
14081,Canada_2011,0,535,3,Grant,grant,NNP,NN
14082,Canada_2011,0,536,0,Quebec,quebec,NNP,NN
14083,Canada_2011,0,536,1,Fire,fire,NNP,NN
14084,Canada_2011,0,536,2,Loan,loan,NNP,NN
14085,Canada_2011,0,537,0,Temiscouata,temiscouata,NNP,NN
14086,Canada_2011,0,537,1,Advance,advance,NNP,NN
14087,Canada_2011,0,537,2,Account,account,NNP,NN
14088,Canada_2011,0,538,0,Quebec,quebec,NNP,NN
14089,Canada_2011,0,538,1,Turnpike,turnpike,NNP,NN
14090,Canada_2011,0,538,2,Trust,trust,NNP,NN
14091,Canada_2011,0,539,0,Education,education,NN,NN
14092,Canada_2011,0,539,2,East,east,NNP,NN
14093,Canada_2011,0,540,0,Building,building,NN,NN
14094,Canada_2011,0,540,1,and,and,CC,CC
14095,Canada_2011,0,540,2,Jury,jury,NNP,NN
14096,Canada_2011,0,540,3,Fund,fund,NNP,NN
14097,Canada_2011,0,540,5,Lower,lower,NNP,NN
14098,Canada_2011,0,540,6,Canada,canada,NNP,NN
14099,Canada_2011,0,541,0,Municipalities,municipalities,NNS,NN
14100,Canada_2011,0,541,1,Fund,fund,NNP,NN
14101,Canada_2011,0,542,0,Lower,lower,JJR,JJ
14102,Canada_2011,0,542,1,Canada,canada,NNP,NN
14103,Canada_2011,0,542,2,Superior,superior,NNP,NN
14104,Canada_2011,0,542,3,Education,education,NNP,NN
14105,Canada_2011,0,542,4,Income,income,NNP,NN
14106,Canada_2011,0,542,5,Fund,fund,NNP,NN
14107,Canada_2011,0,543,0,THE,the,DT,DT
14108,Canada_2011,0,543,1,FIFTH,fifth,NNP,NN
14109,Canada_2011,0,543,2,SCHEDULE,schedule,NNP,NN
14110,Canada_2011,0,543,3,Part,part,NNP,NN
14111,Canada_2011,0,543,4,1,1,CD,CD
14112,Canada_2011,0,544,0,OATH,oath,NNP,NN
14113,Canada_2011,0,544,1,OF,of,NNP,NN
14114,Canada_2011,0,544,2,ALLEGIANCE,allegiance,NNP,NN
14115,Canada_2011,0,544,3,Share,share,NNP,NN
14116,Canada_2011,0,544,4,I,i,PRP,PR
14117,Canada_2011,0,544,5,A.B,ab,NNP,NN
14118,Canada_2011,0,545,0,do,do,VB,VB
14119,Canada_2011,0,545,1,swear,swear,VB,VB
14120,Canada_2011,0,545,3,That,that,DT,DT
14121,Canada_2011,0,545,4,I,i,PRP,PR
14122,Canada_2011,0,545,5,will,will,MD,MD
14123,Canada_2011,0,545,6,be,be,VB,VB
14124,Canada_2011,0,545,7,faithful,faithful,JJ,JJ
14125,Canada_2011,0,545,8,and,and,CC,CC
14126,Canada_2011,0,545,9,bear,bear,JJ,JJ
14127,Canada_2011,0,545,10,true,true,JJ,JJ
14128,Canada_2011,0,545,11,Allegiance,allegiance,NN,NN
14129,Canada_2011,0,545,12,to,to,TO,TO
14130,Canada_2011,0,545,13,Her,her,NNP,NN
14131,Canada_2011,0,545,14,Majesty,majesty,NNP,NN
14132,Canada_2011,0,545,15,Queen,queen,NNP,NN
14133,Canada_2011,0,545,16,Victoria,victoria,NNP,NN
14134,Canada_2011,0,546,0,Note,note,NN,NN
14135,Canada_2011,0,547,1,The,the,DT,DT
14136,Canada_2011,0,547,2,Name,name,NN,NN
14137,Canada_2011,0,547,3,of,of,IN,IN
14138,Canada_2011,0,547,4,the,the,DT,DT
14139,Canada_2011,0,547,5,King,king,NNP,NN
14140,Canada_2011,0,547,6,or,or,CC,CC
14141,Canada_2011,0,547,7,Queen,queen,NNP,NN
14142,Canada_2011,0,547,8,of,of,IN,IN
14143,Canada_2011,0,547,9,the,the,DT,DT
14144,Canada_2011,0,547,10,United,united,NNP,NN
14145,Canada_2011,0,547,11,Kingdom,kingdom,NNP,NN
14146,Canada_2011,0,547,12,of,of,IN,IN
14147,Canada_2011,0,547,13,Great,great,NNP,NN
14148,Canada_2011,0,547,14,Britain,britain,NNP,NN
14149,Canada_2011,0,547,15,and,and,CC,CC
14150,Canada_2011,0,547,16,Ireland,ireland,NNP,NN
14151,Canada_2011,0,547,17,for,for,IN,IN
14152,Canada_2011,0,547,18,the,the,DT,DT
14153,Canada_2011,0,547,19,Time,time,NNP,NN
14154,Canada_2011,0,547,20,being,being,VBG,VB
14155,Canada_2011,0,547,21,is,is,VBZ,VB
14156,Canada_2011,0,547,22,to,to,TO,TO
14157,Canada_2011,0,547,23,be,be,VB,VB
14158,Canada_2011,0,547,24,substituted,substituted,VBN,VB
14159,Canada_2011,0,547,25,from,from,IN,IN
14160,Canada_2011,0,547,26,Time,time,NNP,NN
14161,Canada_2011,0,547,27,to,to,TO,TO
14162,Canada_2011,0,547,28,Time,time,NNP,NN
14163,Canada_2011,0,547,30,with,with,IN,IN
14164,Canada_2011,0,547,31,proper,proper,JJ,JJ
14165,Canada_2011,0,547,32,Terms,terms,NNS,NN
14166,Canada_2011,0,547,33,of,of,IN,IN
14167,Canada_2011,0,547,34,Reference,reference,NNP,NN
14168,Canada_2011,0,547,35,thereto,thereto,NN,NN
14169,Canada_2011,0,548,0,Part,part,NN,NN
14170,Canada_2011,0,548,1,2,2,CD,CD
14171,Canada_2011,0,549,0,DECLARATION,declaration,NNP,NN
14172,Canada_2011,0,549,1,OF,of,NNP,NN
14173,Canada_2011,0,549,2,QUALIFICATION,qualification,NNP,NN
14174,Canada_2011,0,549,3,Share,share,NNP,NN
14175,Canada_2011,0,549,4,I,i,PRP,PR
14176,Canada_2011,0,549,5,A.B,ab,NNP,NN
14177,Canada_2011,0,550,0,do,do,VB,VB
14178,Canada_2011,0,550,1,declare,declare,NN,NN
14179,Canada_2011,0,550,2,and,and,CC,CC
14180,Canada_2011,0,550,3,testify,testify,VB,VB
14181,Canada_2011,0,550,5,That,that,IN,IN
14182,Canada_2011,0,550,6,I,i,PRP,PR
14183,Canada_2011,0,550,7,am,am,VBP,VB
14184,Canada_2011,0,550,8,by,by,IN,IN
14185,Canada_2011,0,550,9,Law,law,NNP,NN
14186,Canada_2011,0,550,10,duly,duly,RB,RB
14187,Canada_2011,0,550,11,qualified,qualified,VBD,VB
14188,Canada_2011,0,550,12,to,to,TO,TO
14189,Canada_2011,0,550,13,be,be,VB,VB
14190,Canada_2011,0,550,14,appointed,appointed,VBN,VB
14191,Canada_2011,0,550,15,a,a,DT,DT
14192,Canada_2011,0,550,16,Member,member,NNP,NN
14193,Canada_2011,0,550,17,of,of,IN,IN
14194,Canada_2011,0,550,18,the,the,DT,DT
14195,Canada_2011,0,550,19,Senate,senate,NNP,NN
14196,Canada_2011,0,550,20,of,of,IN,IN
14197,Canada_2011,0,550,21,Canada,canada,NNP,NN
14198,Canada_2011,0,550,23,or,or,CC,CC
14199,Canada_2011,0,550,24,as,as,IN,IN
14200,Canada_2011,0,550,25,the,the,DT,DT
14201,Canada_2011,0,550,26,Case,case,NNP,NN
14202,Canada_2011,0,550,27,may,may,MD,MD
14203,Canada_2011,0,550,28,be,be,VB,VB
14204,Canada_2011,0,550,31,and,and,CC,CC
14205,Canada_2011,0,550,32,that,that,IN,IN
14206,Canada_2011,0,550,33,I,i,PRP,PR
14207,Canada_2011,0,550,34,am,am,VBP,VB
14208,Canada_2011,0,550,35,legally,legally,RB,RB
14209,Canada_2011,0,550,36,or,or,CC,CC
14210,Canada_2011,0,550,37,equitably,equitably,RB,RB
14211,Canada_2011,0,550,38,seised,seised,VBD,VB
14212,Canada_2011,0,550,39,as,as,IN,IN
14213,Canada_2011,0,550,40,of,of,IN,IN
14214,Canada_2011,0,550,41,Freehold,freehold,NNP,NN
14215,Canada_2011,0,550,42,for,for,IN,IN
14216,Canada_2011,0,550,43,my,my,PRP$,PR
14217,Canada_2011,0,550,44,own,own,JJ,JJ
14218,Canada_2011,0,550,45,Use,use,NNP,NN
14219,Canada_2011,0,550,46,and,and,CC,CC
14220,Canada_2011,0,550,47,Benefit,benefit,NNP,NN
14221,Canada_2011,0,550,48,of,of,IN,IN
14222,Canada_2011,0,550,49,Lands,lands,NNP,NN
14223,Canada_2011,0,550,50,or,or,CC,CC
14224,Canada_2011,0,550,51,Tenements,tenements,NNPS,NN
14225,Canada_2011,0,550,52,held,held,VBN,VB
14226,Canada_2011,0,550,53,in,in,IN,IN
14227,Canada_2011,0,550,54,Free,free,JJ,JJ
14228,Canada_2011,0,550,55,and,and,CC,CC
14229,Canada_2011,0,550,56,Common,common,JJ,JJ
14230,Canada_2011,0,550,57,Socage,socage,NNP,NN
14231,Canada_2011,0,550,59,or,or,CC,CC
14232,Canada_2011,0,550,60,seised,seised,VBD,VB
14233,Canada_2011,0,550,61,or,or,CC,CC
14234,Canada_2011,0,550,62,possessed,possessed,VBN,VB
14235,Canada_2011,0,550,63,for,for,IN,IN
14236,Canada_2011,0,550,64,my,my,PRP$,PR
14237,Canada_2011,0,550,65,own,own,JJ,JJ
14238,Canada_2011,0,550,66,Use,use,NNP,NN
14239,Canada_2011,0,550,67,and,and,CC,CC
14240,Canada_2011,0,550,68,Benefit,benefit,NNP,NN
14241,Canada_2011,0,550,69,of,of,IN,IN
14242,Canada_2011,0,550,70,Lands,lands,NNP,NN
14243,Canada_2011,0,550,71,or,or,CC,CC
14244,Canada_2011,0,550,72,Tenements,tenements,NNPS,NN
14245,Canada_2011,0,550,73,held,held,VBN,VB
14246,Canada_2011,0,550,74,in,in,IN,IN
14247,Canada_2011,0,550,75,Franc-alleu,francalleu,NNP,NN
14248,Canada_2011,0,550,76,or,or,CC,CC
14249,Canada_2011,0,550,77,in,in,IN,IN
14250,Canada_2011,0,550,78,Roture,roture,NNP,NN
14251,Canada_2011,0,550,80,as,as,IN,IN
14252,Canada_2011,0,550,81,the,the,DT,DT
14253,Canada_2011,0,550,82,Case,case,NNP,NN
14254,Canada_2011,0,550,83,may,may,MD,MD
14255,Canada_2011,0,550,84,be,be,VB,VB
14256,Canada_2011,0,550,88,in,in,IN,IN
14257,Canada_2011,0,550,89,the,the,DT,DT
14258,Canada_2011,0,550,90,Province,province,NNP,NN
14259,Canada_2011,0,550,91,of,of,IN,IN
14260,Canada_2011,0,550,92,Nova,nova,NNP,NN
14261,Canada_2011,0,550,93,Scotia,scotia,NNP,NN
14262,Canada_2011,0,550,95,or,or,CC,CC
14263,Canada_2011,0,550,96,as,as,IN,IN
14264,Canada_2011,0,550,97,the,the,DT,DT
14265,Canada_2011,0,550,98,Case,case,NNP,NN
14266,Canada_2011,0,550,99,may,may,MD,MD
14267,Canada_2011,0,550,100,be,be,VB,VB
14268,Canada_2011,0,550,102,of,of,IN,IN
14269,Canada_2011,0,550,103,the,the,DT,DT
14270,Canada_2011,0,550,104,Value,value,NNP,NN
14271,Canada_2011,0,550,105,of,of,IN,IN
14272,Canada_2011,0,550,106,Four,four,NNP,NN
14273,Canada_2011,0,550,107,thousand,thousand,CD,CD
14274,Canada_2011,0,550,108,Dollars,dollars,NNP,NN
14275,Canada_2011,0,550,109,over,over,IN,IN
14276,Canada_2011,0,550,110,and,and,CC,CC
14277,Canada_2011,0,550,111,above,above,IN,IN
14278,Canada_2011,0,550,112,all,all,DT,DT
14279,Canada_2011,0,550,113,Rents,rents,NNS,NN
14280,Canada_2011,0,550,115,Dues,dues,NNP,NN
14281,Canada_2011,0,550,117,Debts,debts,NNP,NN
14282,Canada_2011,0,550,119,Mortgages,mortgages,NNP,NN
14283,Canada_2011,0,550,121,Charges,charges,NNP,NN
14284,Canada_2011,0,550,123,and,and,CC,CC
14285,Canada_2011,0,550,124,Incumbrances,incumbrances,NNS,NN
14286,Canada_2011,0,550,125,due,due,JJ,JJ
14287,Canada_2011,0,550,126,or,or,CC,CC
14288,Canada_2011,0,550,127,payable,payable,JJ,JJ
14289,Canada_2011,0,550,128,out,out,IN,IN
14290,Canada_2011,0,550,129,of,of,IN,IN
14291,Canada_2011,0,550,130,or,or,CC,CC
14292,Canada_2011,0,550,131,charged,charged,VBN,VB
14293,Canada_2011,0,550,132,on,on,IN,IN
14294,Canada_2011,0,550,133,or,or,CC,CC
14295,Canada_2011,0,550,134,affecting,affecting,VBG,VB
14296,Canada_2011,0,550,135,the,the,DT,DT
14297,Canada_2011,0,550,136,same,same,JJ,JJ
14298,Canada_2011,0,550,138,and,and,CC,CC
14299,Canada_2011,0,550,139,that,that,IN,IN
14300,Canada_2011,0,550,140,I,i,PRP,PR
14301,Canada_2011,0,550,141,have,have,VBP,VB
14302,Canada_2011,0,550,142,not,not,RB,RB
14303,Canada_2011,0,550,143,collusively,collusively,RB,RB
14304,Canada_2011,0,550,144,or,or,CC,CC
14305,Canada_2011,0,550,145,colourably,colourably,RB,RB
14306,Canada_2011,0,550,146,obtained,obtained,VBD,VB
14307,Canada_2011,0,550,147,a,a,DT,DT
14308,Canada_2011,0,550,148,Title,title,NN,NN
14309,Canada_2011,0,550,149,to,to,TO,TO
14310,Canada_2011,0,550,150,or,or,CC,CC
14311,Canada_2011,0,550,151,become,become,VB,VB
14312,Canada_2011,0,550,152,possessed,possessed,VBN,VB
14313,Canada_2011,0,550,153,of,of,IN,IN
14314,Canada_2011,0,550,154,the,the,DT,DT
14315,Canada_2011,0,550,155,said,said,VBD,VB
14316,Canada_2011,0,550,156,Lands,lands,NNP,NN
14317,Canada_2011,0,550,157,and,and,CC,CC
14318,Canada_2011,0,550,158,Tenements,tenements,NNP,NN
14319,Canada_2011,0,550,159,or,or,CC,CC
14320,Canada_2011,0,550,160,any,any,DT,DT
14321,Canada_2011,0,550,161,Part,part,NNP,NN
14322,Canada_2011,0,550,162,thereof,thereof,NN,NN
14323,Canada_2011,0,550,163,for,for,IN,IN
14324,Canada_2011,0,550,164,the,the,DT,DT
14325,Canada_2011,0,550,165,Purpose,purpose,NNP,NN
14326,Canada_2011,0,550,166,of,of,IN,IN
14327,Canada_2011,0,550,167,enabling,enabling,VBG,VB
14328,Canada_2011,0,550,168,me,me,PRP,PR
14329,Canada_2011,0,550,169,to,to,TO,TO
14330,Canada_2011,0,550,170,become,become,VB,VB
14331,Canada_2011,0,550,171,a,a,DT,DT
14332,Canada_2011,0,550,172,Member,member,NNP,NN
14333,Canada_2011,0,550,173,of,of,IN,IN
14334,Canada_2011,0,550,174,the,the,DT,DT
14335,Canada_2011,0,550,175,Senate,senate,NNP,NN
14336,Canada_2011,0,550,176,of,of,IN,IN
14337,Canada_2011,0,550,177,Canada,canada,NNP,NN
14338,Canada_2011,0,550,179,or,or,CC,CC
14339,Canada_2011,0,550,180,as,as,IN,IN
14340,Canada_2011,0,550,181,the,the,DT,DT
14341,Canada_2011,0,550,182,Case,case,NNP,NN
14342,Canada_2011,0,550,183,may,may,MD,MD
14343,Canada_2011,0,550,184,be,be,VB,VB
14344,Canada_2011,0,550,187,and,and,CC,CC
14345,Canada_2011,0,550,188,that,that,IN,IN
14346,Canada_2011,0,550,189,my,my,PRP$,PR
14347,Canada_2011,0,550,190,Real,real,JJ,JJ
14348,Canada_2011,0,550,191,and,and,CC,CC
14349,Canada_2011,0,550,192,Personal,personal,NNP,NN
14350,Canada_2011,0,550,193,Property,property,NNP,NN
14351,Canada_2011,0,550,194,are,are,VBP,VB
14352,Canada_2011,0,550,195,together,together,RB,RB
14353,Canada_2011,0,550,196,worth,worth,JJ,JJ
14354,Canada_2011,0,550,197,Four,four,CD,CD
14355,Canada_2011,0,550,198,thousand,thousand,CD,CD
14356,Canada_2011,0,550,199,Dollars,dollars,NNP,NN
14357,Canada_2011,0,550,200,over,over,IN,IN
14358,Canada_2011,0,550,201,and,and,CC,CC
14359,Canada_2011,0,550,202,above,above,IN,IN
14360,Canada_2011,0,550,203,my,my,PRP$,PR
14361,Canada_2011,0,550,204,Debts,debts,NNP,NN
14362,Canada_2011,0,550,205,and,and,CC,CC
14363,Canada_2011,0,550,206,Liabilities,liabilities,NNP,NN
14364,Canada_2011,0,551,0,THE,the,DT,DT
14365,Canada_2011,0,551,1,SIXTH,sixth,NNP,NN
14366,Canada_2011,0,551,2,SCHEDULE,schedule,NNP,NN
14367,Canada_2011,0,552,0,PRIMARY,primary,NNP,NN
14368,Canada_2011,0,552,1,PRODUCTION,production,NNP,NN
14369,Canada_2011,0,552,2,FROM,from,NNP,NN
14370,Canada_2011,0,552,3,NON-RENEWABLE,nonrenewable,NNP,NN
14371,Canada_2011,0,552,4,NATURAL,natural,NNP,NN
14372,Canada_2011,0,552,5,RESOURCES,resources,NNP,NN
14373,Canada_2011,0,552,6,AND,and,NNP,NN
14374,Canada_2011,0,552,7,FORESTRY,forestry,NNP,NN
14375,Canada_2011,0,552,8,RESOURCES,resources,NNP,NN
14376,Canada_2011,0,552,9,Share,share,NNP,NN
14377,Canada_2011,0,552,10,1,1,CD,CD
14378,Canada_2011,0,553,0,For,for,IN,IN
14379,Canada_2011,0,553,1,the,the,DT,DT
14380,Canada_2011,0,553,2,purposes,purposes,NNS,NN
14381,Canada_2011,0,553,3,of,of,IN,IN
14382,Canada_2011,0,553,4,section,section,NN,NN
14383,Canada_2011,0,553,5,92A,92a,CD,CD
14384,Canada_2011,0,553,6,of,of,IN,IN
14385,Canada_2011,0,553,7,this,this,DT,DT
14386,Canada_2011,0,553,8,Act,act,NNP,NN
14387,Canada_2011,0,553,10,a.production,aproduction,NN,NN
14388,Canada_2011,0,553,11,from,from,IN,IN
14389,Canada_2011,0,553,12,a,a,DT,DT
14390,Canada_2011,0,553,13,non-renewable,nonrenewable,JJ,JJ
14391,Canada_2011,0,553,14,natural,natural,JJ,JJ
14392,Canada_2011,0,553,15,resource,resource,NN,NN
14393,Canada_2011,0,553,16,is,is,VBZ,VB
14394,Canada_2011,0,553,17,primary,primary,JJ,JJ
14395,Canada_2011,0,553,18,production,production,NN,NN
14396,Canada_2011,0,553,19,therefrom,therefrom,IN,IN
14397,Canada_2011,0,553,20,if,if,IN,IN
14398,Canada_2011,0,553,21,i.it,iit,NN,NN
14399,Canada_2011,0,553,22,is,is,VBZ,VB
14400,Canada_2011,0,553,23,in,in,IN,IN
14401,Canada_2011,0,553,24,the,the,DT,DT
14402,Canada_2011,0,553,25,form,form,NN,NN
14403,Canada_2011,0,553,26,in,in,IN,IN
14404,Canada_2011,0,553,27,which,which,WDT,WD
14405,Canada_2011,0,553,28,it,it,PRP,PR
14406,Canada_2011,0,553,29,exists,exists,VBZ,VB
14407,Canada_2011,0,553,30,upon,upon,IN,IN
14408,Canada_2011,0,553,31,its,its,PRP$,PR
14409,Canada_2011,0,553,32,recovery,recovery,NN,NN
14410,Canada_2011,0,553,33,or,or,CC,CC
14411,Canada_2011,0,553,34,severance,severance,NN,NN
14412,Canada_2011,0,553,35,from,from,IN,IN
14413,Canada_2011,0,553,36,its,its,PRP$,PR
14414,Canada_2011,0,553,37,natural,natural,JJ,JJ
14415,Canada_2011,0,553,38,state,state,NN,NN
14416,Canada_2011,0,553,40,or,or,CC,CC
14417,Canada_2011,0,553,41,ii.it,iiit,NN,NN
14418,Canada_2011,0,553,42,is,is,VBZ,VB
14419,Canada_2011,0,553,43,a,a,DT,DT
14420,Canada_2011,0,553,44,product,product,NN,NN
14421,Canada_2011,0,553,45,resulting,resulting,VBG,VB
14422,Canada_2011,0,553,46,from,from,IN,IN
14423,Canada_2011,0,553,47,processing,processing,VBG,VB
14424,Canada_2011,0,553,48,or,or,CC,CC
14425,Canada_2011,0,553,49,refining,refining,VBG,VB
14426,Canada_2011,0,553,50,the,the,DT,DT
14427,Canada_2011,0,553,51,resource,resource,NN,NN
14428,Canada_2011,0,553,53,and,and,CC,CC
14429,Canada_2011,0,553,54,is,is,VBZ,VB
14430,Canada_2011,0,553,55,not,not,RB,RB
14431,Canada_2011,0,553,56,a,a,DT,DT
14432,Canada_2011,0,553,57,manufactured,manufactured,JJ,JJ
14433,Canada_2011,0,553,58,product,product,NN,NN
14434,Canada_2011,0,553,59,or,or,CC,CC
14435,Canada_2011,0,553,60,a,a,DT,DT
14436,Canada_2011,0,553,61,product,product,NN,NN
14437,Canada_2011,0,553,62,resulting,resulting,VBG,VB
14438,Canada_2011,0,553,63,from,from,IN,IN
14439,Canada_2011,0,553,64,refining,refining,VBG,VB
14440,Canada_2011,0,553,65,crude,crude,JJ,JJ
14441,Canada_2011,0,553,66,oil,oil,NN,NN
14442,Canada_2011,0,553,68,refining,refining,NN,NN
14443,Canada_2011,0,553,69,upgraded,upgraded,JJ,JJ
14444,Canada_2011,0,553,70,heavy,heavy,JJ,JJ
14445,Canada_2011,0,553,71,crude,crude,NN,NN
14446,Canada_2011,0,553,72,oil,oil,NN,NN
14447,Canada_2011,0,553,74,refining,refining,NN,NN
14448,Canada_2011,0,553,75,gases,gases,NNS,NN
14449,Canada_2011,0,553,76,or,or,CC,CC
14450,Canada_2011,0,553,77,liquids,liquids,NNS,NN
14451,Canada_2011,0,553,78,derived,derived,VBN,VB
14452,Canada_2011,0,553,79,from,from,IN,IN
14453,Canada_2011,0,553,80,coal,coal,NN,NN
14454,Canada_2011,0,553,81,or,or,CC,CC
14455,Canada_2011,0,553,82,refining,refining,VBG,VB
14456,Canada_2011,0,553,83,a,a,DT,DT
14457,Canada_2011,0,553,84,synthetic,synthetic,JJ,JJ
14458,Canada_2011,0,553,85,equivalent,equivalent,NN,NN
14459,Canada_2011,0,553,86,of,of,IN,IN
14460,Canada_2011,0,553,87,crude,crude,JJ,JJ
14461,Canada_2011,0,553,88,oil,oil,NN,NN
14462,Canada_2011,0,553,90,and,and,CC,CC
14463,Canada_2011,0,553,91,b.production,bproduction,NN,NN
14464,Canada_2011,0,553,92,from,from,IN,IN
14465,Canada_2011,0,553,93,a,a,DT,DT
14466,Canada_2011,0,553,94,forestry,forestry,NN,NN
14467,Canada_2011,0,553,95,resource,resource,NN,NN
14468,Canada_2011,0,553,96,is,is,VBZ,VB
14469,Canada_2011,0,553,97,primary,primary,JJ,JJ
14470,Canada_2011,0,553,98,production,production,NN,NN
14471,Canada_2011,0,553,99,therefrom,therefrom,IN,IN
14472,Canada_2011,0,553,100,if,if,IN,IN
14473,Canada_2011,0,553,101,it,it,PRP,PR
14474,Canada_2011,0,553,102,consists,consists,VBZ,VB
14475,Canada_2011,0,553,103,of,of,IN,IN
14476,Canada_2011,0,553,104,sawlogs,sawlogs,NNS,NN
14477,Canada_2011,0,553,106,poles,poles,NNS,NN
14478,Canada_2011,0,553,108,lumber,lumber,NN,NN
14479,Canada_2011,0,553,110,wood,wood,NN,NN
14480,Canada_2011,0,553,111,chips,chips,NNS,NN
14481,Canada_2011,0,553,113,sawdust,sawdust,NN,NN
14482,Canada_2011,0,553,114,or,or,CC,CC
14483,Canada_2011,0,553,115,any,any,DT,DT
14484,Canada_2011,0,553,116,other,other,JJ,JJ
14485,Canada_2011,0,553,117,primary,primary,JJ,JJ
14486,Canada_2011,0,553,118,wood,wood,NN,NN
14487,Canada_2011,0,553,119,product,product,NN,NN
14488,Canada_2011,0,553,121,or,or,CC,CC
14489,Canada_2011,0,553,122,wood,wood,NN,NN
14490,Canada_2011,0,553,123,pulp,pulp,NN,NN
14491,Canada_2011,0,553,125,and,and,CC,CC
14492,Canada_2011,0,553,126,is,is,VBZ,VB
14493,Canada_2011,0,553,127,not,not,RB,RB
14494,Canada_2011,0,553,128,a,a,DT,DT
14495,Canada_2011,0,553,129,product,product,NN,NN
14496,Canada_2011,0,553,130,manufactured,manufactured,VBN,VB
14497,Canada_2011,0,553,131,from,from,IN,IN
14498,Canada_2011,0,553,132,wood,wood,NN,NN
14499,Canada_2011,0,554,0,CONSTITUTION,constitution,NNP,NN
14500,Canada_2011,0,554,1,ACT,act,NNP,NN
14501,Canada_2011,0,554,2,1982,1982,CD,CD
14502,Canada_2011,0,554,3,PART,part,NNP,NN
14503,Canada_2011,0,554,4,I.,i,NNP,NN
14504,Canada_2011,0,554,5,CANADIAN,canadian,NNP,NN
14505,Canada_2011,0,554,6,CHARTER,charter,NNP,NN
14506,Canada_2011,0,554,7,OF,of,NNP,NN
14507,Canada_2011,0,554,8,RIGHTS,rights,NNP,NN
14508,Canada_2011,0,554,9,AND,and,NNP,NN
14509,Canada_2011,0,554,10,FREEDOMS,freedoms,NNP,NN
14510,Canada_2011,0,554,11,Share,share,NNP,NN
14511,Canada_2011,0,554,12,Whereas,whereas,NNP,NN
14512,Canada_2011,0,554,13,Canada,canada,NNP,NN
14513,Canada_2011,0,554,14,is,is,VBZ,VB
14514,Canada_2011,0,554,15,founded,founded,VBN,VB
14515,Canada_2011,0,554,16,upon,upon,IN,IN
14516,Canada_2011,0,554,17,principles,principles,NNS,NN
14517,Canada_2011,0,554,18,that,that,WDT,WD
14518,Canada_2011,0,554,19,recognize,recognize,VBP,VB
14519,Canada_2011,0,554,20,the,the,DT,DT
14520,Canada_2011,0,554,21,supremacy,supremacy,NN,NN
14521,Canada_2011,0,554,22,of,of,IN,IN
14522,Canada_2011,0,554,23,God,god,NNP,NN
14523,Canada_2011,0,554,24,and,and,CC,CC
14524,Canada_2011,0,554,25,the,the,DT,DT
14525,Canada_2011,0,554,26,rule,rule,NN,NN
14526,Canada_2011,0,554,27,of,of,IN,IN
14527,Canada_2011,0,554,28,law,law,NN,NN
14528,Canada_2011,0,554,30,A,a,DT,DT
14529,Canada_2011,0,555,0,GUARANTEE,guarantee,NN,NN
14530,Canada_2011,0,555,1,OF,of,NNP,NN
14531,Canada_2011,0,555,2,RIGHTS,rights,NNP,NN
14532,Canada_2011,0,555,3,AND,and,NNP,NN
14533,Canada_2011,0,555,4,FREEDOMS,freedoms,NNP,NN
14534,Canada_2011,0,555,5,1,1,CD,CD
14535,Canada_2011,0,556,0,Rights,rights,NNS,NN
14536,Canada_2011,0,556,1,and,and,CC,CC
14537,Canada_2011,0,556,2,freedoms,freedoms,NNS,NN
14538,Canada_2011,0,556,3,in,in,IN,IN
14539,Canada_2011,0,556,4,Canada,canada,NNP,NN
14540,Canada_2011,0,556,5,Share,share,NNP,NN
14541,Canada_2011,0,556,6,The,the,DT,DT
14542,Canada_2011,0,556,7,Canadian,canadian,NNP,NN
14543,Canada_2011,0,556,8,Charter,charter,NNP,NN
14544,Canada_2011,0,556,9,of,of,IN,IN
14545,Canada_2011,0,556,10,Rights,rights,NNPS,NN
14546,Canada_2011,0,556,11,and,and,CC,CC
14547,Canada_2011,0,556,12,Freedoms,freedoms,NNP,NN
14548,Canada_2011,0,556,13,guarantees,guarantees,VBZ,VB
14549,Canada_2011,0,556,14,the,the,DT,DT
14550,Canada_2011,0,556,15,rights,rights,NNS,NN
14551,Canada_2011,0,556,16,and,and,CC,CC
14552,Canada_2011,0,556,17,freedoms,freedoms,NNS,NN
14553,Canada_2011,0,556,18,set,set,VBN,VB
14554,Canada_2011,0,556,19,out,out,RP,RP
14555,Canada_2011,0,556,20,in,in,IN,IN
14556,Canada_2011,0,556,21,it,it,PRP,PR
14557,Canada_2011,0,556,22,subject,subject,JJ,JJ
14558,Canada_2011,0,556,23,only,only,RB,RB
14559,Canada_2011,0,556,24,to,to,TO,TO
14560,Canada_2011,0,556,25,such,such,JJ,JJ
14561,Canada_2011,0,556,26,reasonable,reasonable,JJ,JJ
14562,Canada_2011,0,556,27,limits,limits,NNS,NN
14563,Canada_2011,0,556,28,prescribed,prescribed,VBN,VB
14564,Canada_2011,0,556,29,by,by,IN,IN
14565,Canada_2011,0,556,30,law,law,NN,NN
14566,Canada_2011,0,556,31,as,as,IN,IN
14567,Canada_2011,0,556,32,can,can,MD,MD
14568,Canada_2011,0,556,33,be,be,VB,VB
14569,Canada_2011,0,556,34,demonstrably,demonstrably,RB,RB
14570,Canada_2011,0,556,35,justified,justified,VBN,VB
14571,Canada_2011,0,556,36,in,in,IN,IN
14572,Canada_2011,0,556,37,a,a,DT,DT
14573,Canada_2011,0,556,38,free,free,JJ,JJ
14574,Canada_2011,0,556,39,and,and,CC,CC
14575,Canada_2011,0,556,40,democratic,democratic,JJ,JJ
14576,Canada_2011,0,556,41,society,society,NN,NN
14577,Canada_2011,0,557,0,B,b,NNP,NN
14578,Canada_2011,0,558,0,FUNDAMENTAL,fundamental,NNP,NN
14579,Canada_2011,0,558,1,FREEDOMS,freedoms,NNP,NN
14580,Canada_2011,0,558,2,2,2,CD,CD
14581,Canada_2011,0,559,0,Fundamental,fundamental,NNP,NN
14582,Canada_2011,0,559,1,freedoms,freedoms,NNS,NN
14583,Canada_2011,0,559,2,Share,share,NNP,NN
14584,Canada_2011,0,559,3,Everyone,everyone,NNP,NN
14585,Canada_2011,0,559,4,has,has,VBZ,VB
14586,Canada_2011,0,559,5,the,the,DT,DT
14587,Canada_2011,0,559,6,following,following,JJ,JJ
14588,Canada_2011,0,559,7,fundamental,fundamental,JJ,JJ
14589,Canada_2011,0,559,8,freedoms,freedoms,NNS,NN
14590,Canada_2011,0,559,10,a.freedom,afreedom,NN,NN
14591,Canada_2011,0,559,11,of,of,IN,IN
14592,Canada_2011,0,559,12,conscience,conscience,NN,NN
14593,Canada_2011,0,559,13,and,and,CC,CC
14594,Canada_2011,0,559,14,religion,religion,NN,NN
14595,Canada_2011,0,559,16,b.freedom,bfreedom,NN,NN
14596,Canada_2011,0,559,17,of,of,IN,IN
14597,Canada_2011,0,559,18,thought,thought,NN,NN
14598,Canada_2011,0,559,20,belief,belief,NN,NN
14599,Canada_2011,0,559,22,opinion,opinion,NN,NN
14600,Canada_2011,0,559,23,and,and,CC,CC
14601,Canada_2011,0,559,24,expression,expression,NN,NN
14602,Canada_2011,0,559,26,including,including,VBG,VB
14603,Canada_2011,0,559,27,freedom,freedom,NN,NN
14604,Canada_2011,0,559,28,of,of,IN,IN
14605,Canada_2011,0,559,29,the,the,DT,DT
14606,Canada_2011,0,559,30,press,press,NN,NN
14607,Canada_2011,0,559,31,and,and,CC,CC
14608,Canada_2011,0,559,32,other,other,JJ,JJ
14609,Canada_2011,0,559,33,media,media,NNS,NN
14610,Canada_2011,0,559,34,of,of,IN,IN
14611,Canada_2011,0,559,35,communication,communication,NN,NN
14612,Canada_2011,0,559,37,c.freedom,cfreedom,NN,NN
14613,Canada_2011,0,559,38,of,of,IN,IN
14614,Canada_2011,0,559,39,peaceful,peaceful,JJ,JJ
14615,Canada_2011,0,559,40,assembly,assembly,NN,NN
14616,Canada_2011,0,559,42,and,and,CC,CC
14617,Canada_2011,0,559,43,d.freedom,dfreedom,NN,NN
14618,Canada_2011,0,559,44,of,of,IN,IN
14619,Canada_2011,0,559,45,association,association,NN,NN
14620,Canada_2011,0,560,0,C.,c,NNP,NN
14621,Canada_2011,0,560,1,DEMOCRATIC,democratic,NNP,NN
14622,Canada_2011,0,560,2,RIGHTS,rights,NNP,NN
14623,Canada_2011,0,560,3,3,3,CD,CD
14624,Canada_2011,0,561,0,Democratic,democratic,JJ,JJ
14625,Canada_2011,0,561,1,rights,rights,NNS,NN
14626,Canada_2011,0,561,2,of,of,IN,IN
14627,Canada_2011,0,561,3,citizens,citizens,NNS,NN
14628,Canada_2011,0,561,4,Share,share,NNP,NN
14629,Canada_2011,0,561,5,Every,every,NNP,NN
14630,Canada_2011,0,561,6,citizen,citizen,NN,NN
14631,Canada_2011,0,561,7,of,of,IN,IN
14632,Canada_2011,0,561,8,Canada,canada,NNP,NN
14633,Canada_2011,0,561,9,has,has,VBZ,VB
14634,Canada_2011,0,561,10,the,the,DT,DT
14635,Canada_2011,0,561,11,right,right,NN,NN
14636,Canada_2011,0,561,12,to,to,TO,TO
14637,Canada_2011,0,561,13,vote,vote,VB,VB
14638,Canada_2011,0,561,14,in,in,IN,IN
14639,Canada_2011,0,561,15,an,an,DT,DT
14640,Canada_2011,0,561,16,election,election,NN,NN
14641,Canada_2011,0,561,17,of,of,IN,IN
14642,Canada_2011,0,561,18,members,members,NNS,NN
14643,Canada_2011,0,561,19,of,of,IN,IN
14644,Canada_2011,0,561,20,the,the,DT,DT
14645,Canada_2011,0,561,21,House,house,NNP,NN
14646,Canada_2011,0,561,22,of,of,IN,IN
14647,Canada_2011,0,561,23,Commons,commons,NNPS,NN
14648,Canada_2011,0,561,24,or,or,CC,CC
14649,Canada_2011,0,561,25,of,of,IN,IN
14650,Canada_2011,0,561,26,a,a,DT,DT
14651,Canada_2011,0,561,27,legislative,legislative,JJ,JJ
14652,Canada_2011,0,561,28,assembly,assembly,NN,NN
14653,Canada_2011,0,561,29,and,and,CC,CC
14654,Canada_2011,0,561,30,to,to,TO,TO
14655,Canada_2011,0,561,31,be,be,VB,VB
14656,Canada_2011,0,561,32,qualified,qualified,VBN,VB
14657,Canada_2011,0,561,33,for,for,IN,IN
14658,Canada_2011,0,561,34,membership,membership,NN,NN
14659,Canada_2011,0,561,35,therein,therein,NN,NN
14660,Canada_2011,0,562,0,4,4,CD,CD
14661,Canada_2011,0,563,0,1,1,CD,CD
14662,Canada_2011,0,564,0,Maximum,maximum,JJ,JJ
14663,Canada_2011,0,564,1,duration,duration,NN,NN
14664,Canada_2011,0,564,2,of,of,IN,IN
14665,Canada_2011,0,564,3,legislative,legislative,JJ,JJ
14666,Canada_2011,0,564,4,bodies,bodies,NNS,NN
14667,Canada_2011,0,564,5,Share,share,NNP,NN
14668,Canada_2011,0,564,6,No,no,NNP,NN
14669,Canada_2011,0,564,7,House,house,NNP,NN
14670,Canada_2011,0,564,8,of,of,IN,IN
14671,Canada_2011,0,564,9,Commons,commons,NNPS,NN
14672,Canada_2011,0,564,10,and,and,CC,CC
14673,Canada_2011,0,564,11,no,no,DT,DT
14674,Canada_2011,0,564,12,legislative,legislative,JJ,JJ
14675,Canada_2011,0,564,13,assembly,assembly,RB,RB
14676,Canada_2011,0,564,14,shall,shall,MD,MD
14677,Canada_2011,0,564,15,continue,continue,VB,VB
14678,Canada_2011,0,564,16,for,for,IN,IN
14679,Canada_2011,0,564,17,longer,longer,JJR,JJ
14680,Canada_2011,0,564,18,than,than,IN,IN
14681,Canada_2011,0,564,19,five,five,CD,CD
14682,Canada_2011,0,564,20,years,years,NNS,NN
14683,Canada_2011,0,564,21,from,from,IN,IN
14684,Canada_2011,0,564,22,the,the,DT,DT
14685,Canada_2011,0,564,23,date,date,NN,NN
14686,Canada_2011,0,564,24,fixed,fixed,VBN,VB
14687,Canada_2011,0,564,25,for,for,IN,IN
14688,Canada_2011,0,564,26,the,the,DT,DT
14689,Canada_2011,0,564,27,return,return,NN,NN
14690,Canada_2011,0,564,28,of,of,IN,IN
14691,Canada_2011,0,564,29,the,the,DT,DT
14692,Canada_2011,0,564,30,writs,writs,NNS,NN
14693,Canada_2011,0,564,31,at,at,IN,IN
14694,Canada_2011,0,564,32,a,a,DT,DT
14695,Canada_2011,0,564,33,general,general,JJ,JJ
14696,Canada_2011,0,564,34,election,election,NN,NN
14697,Canada_2011,0,564,35,of,of,IN,IN
14698,Canada_2011,0,564,36,its,its,PRP$,PR
14699,Canada_2011,0,564,37,members,members,NNS,NN
14700,Canada_2011,0,565,0,2,2,CD,CD
14701,Canada_2011,0,566,0,Continuation,continuation,NN,NN
14702,Canada_2011,0,566,1,in,in,IN,IN
14703,Canada_2011,0,566,2,special,special,JJ,JJ
14704,Canada_2011,0,566,3,circumstances,circumstances,NNS,NN
14705,Canada_2011,0,566,4,Share,share,NNP,NN
14706,Canada_2011,0,566,5,In,in,IN,IN
14707,Canada_2011,0,566,6,time,time,NN,NN
14708,Canada_2011,0,566,7,of,of,IN,IN
14709,Canada_2011,0,566,8,real,real,JJ,JJ
14710,Canada_2011,0,566,9,or,or,CC,CC
14711,Canada_2011,0,566,10,apprehended,apprehended,JJ,JJ
14712,Canada_2011,0,566,11,war,war,NN,NN
14713,Canada_2011,0,566,13,invasion,invasion,NN,NN
14714,Canada_2011,0,566,14,or,or,CC,CC
14715,Canada_2011,0,566,15,insurrection,insurrection,NN,NN
14716,Canada_2011,0,566,17,a,a,DT,DT
14717,Canada_2011,0,566,18,House,house,NNP,NN
14718,Canada_2011,0,566,19,of,of,IN,IN
14719,Canada_2011,0,566,20,Commons,commons,NNPS,NN
14720,Canada_2011,0,566,21,may,may,MD,MD
14721,Canada_2011,0,566,22,be,be,VB,VB
14722,Canada_2011,0,566,23,continued,continued,VBN,VB
14723,Canada_2011,0,566,24,by,by,IN,IN
14724,Canada_2011,0,566,25,Parliament,parliament,NNP,NN
14725,Canada_2011,0,566,26,and,and,CC,CC
14726,Canada_2011,0,566,27,a,a,DT,DT
14727,Canada_2011,0,566,28,legislative,legislative,JJ,JJ
14728,Canada_2011,0,566,29,assembly,assembly,NN,NN
14729,Canada_2011,0,566,30,may,may,MD,MD
14730,Canada_2011,0,566,31,be,be,VB,VB
14731,Canada_2011,0,566,32,continued,continued,VBN,VB
14732,Canada_2011,0,566,33,by,by,IN,IN
14733,Canada_2011,0,566,34,the,the,DT,DT
14734,Canada_2011,0,566,35,legislature,legislature,NN,NN
14735,Canada_2011,0,566,36,beyond,beyond,IN,IN
14736,Canada_2011,0,566,37,five,five,CD,CD
14737,Canada_2011,0,566,38,years,years,NNS,NN
14738,Canada_2011,0,566,39,if,if,IN,IN
14739,Canada_2011,0,566,40,such,such,JJ,JJ
14740,Canada_2011,0,566,41,continuation,continuation,NN,NN
14741,Canada_2011,0,566,42,is,is,VBZ,VB
14742,Canada_2011,0,566,43,not,not,RB,RB
14743,Canada_2011,0,566,44,opposed,opposed,VBN,VB
14744,Canada_2011,0,566,45,by,by,IN,IN
14745,Canada_2011,0,566,46,the,the,DT,DT
14746,Canada_2011,0,566,47,votes,votes,NNS,NN
14747,Canada_2011,0,566,48,of,of,IN,IN
14748,Canada_2011,0,566,49,more,more,JJR,JJ
14749,Canada_2011,0,566,50,than,than,IN,IN
14750,Canada_2011,0,566,51,one-third,onethird,NN,NN
14751,Canada_2011,0,566,52,of,of,IN,IN
14752,Canada_2011,0,566,53,the,the,DT,DT
14753,Canada_2011,0,566,54,members,members,NNS,NN
14754,Canada_2011,0,566,55,of,of,IN,IN
14755,Canada_2011,0,566,56,the,the,DT,DT
14756,Canada_2011,0,566,57,House,house,NNP,NN
14757,Canada_2011,0,566,58,of,of,IN,IN
14758,Canada_2011,0,566,59,Commons,commons,NNPS,NN
14759,Canada_2011,0,566,60,or,or,CC,CC
14760,Canada_2011,0,566,61,the,the,DT,DT
14761,Canada_2011,0,566,62,legislative,legislative,JJ,JJ
14762,Canada_2011,0,566,63,assembly,assembly,NN,NN
14763,Canada_2011,0,566,65,as,as,IN,IN
14764,Canada_2011,0,566,66,the,the,DT,DT
14765,Canada_2011,0,566,67,case,case,NN,NN
14766,Canada_2011,0,566,68,may,may,MD,MD
14767,Canada_2011,0,566,69,be,be,VB,VB
14768,Canada_2011,0,567,0,5,5,CD,CD
14769,Canada_2011,0,568,0,Annual,annual,JJ,JJ
14770,Canada_2011,0,568,1,sitting,sitting,NN,NN
14771,Canada_2011,0,568,2,of,of,IN,IN
14772,Canada_2011,0,568,3,legislative,legislative,JJ,JJ
14773,Canada_2011,0,568,4,bodies,bodies,NNS,NN
14774,Canada_2011,0,568,5,Share,share,NNP,NN
14775,Canada_2011,0,568,6,There,there,EX,EX
14776,Canada_2011,0,568,7,shall,shall,MD,MD
14777,Canada_2011,0,568,8,be,be,VB,VB
14778,Canada_2011,0,568,9,a,a,DT,DT
14779,Canada_2011,0,568,10,sitting,sitting,NN,NN
14780,Canada_2011,0,568,11,of,of,IN,IN
14781,Canada_2011,0,568,12,Parliament,parliament,NNP,NN
14782,Canada_2011,0,568,13,and,and,CC,CC
14783,Canada_2011,0,568,14,of,of,IN,IN
14784,Canada_2011,0,568,15,each,each,DT,DT
14785,Canada_2011,0,568,16,legislature,legislature,NN,NN
14786,Canada_2011,0,568,17,at,at,IN,IN
14787,Canada_2011,0,568,18,least,least,JJS,JJ
14788,Canada_2011,0,568,19,once,once,RB,RB
14789,Canada_2011,0,568,20,every,every,DT,DT
14790,Canada_2011,0,568,21,twelve,twelve,NN,NN
14791,Canada_2011,0,568,22,months,months,NNS,NN
14792,Canada_2011,0,569,0,D.,d,NNP,NN
14793,Canada_2011,0,569,1,MOBILITY,mobility,NNP,NN
14794,Canada_2011,0,569,2,RIGHTS,rights,NNP,NN
14795,Canada_2011,0,569,3,Share,share,NNP,NN
14796,Canada_2011,0,569,4,6,6,CD,CD
14797,Canada_2011,0,570,0,1,1,CD,CD
14798,Canada_2011,0,571,0,Mobility,mobility,NN,NN
14799,Canada_2011,0,571,1,of,of,IN,IN
14800,Canada_2011,0,571,2,citizens,citizens,NNS,NN
14801,Canada_2011,0,571,3,Share,share,NNP,NN
14802,Canada_2011,0,571,4,Every,every,NNP,NN
14803,Canada_2011,0,571,5,citizen,citizen,NN,NN
14804,Canada_2011,0,571,6,of,of,IN,IN
14805,Canada_2011,0,571,7,Canada,canada,NNP,NN
14806,Canada_2011,0,571,8,has,has,VBZ,VB
14807,Canada_2011,0,571,9,the,the,DT,DT
14808,Canada_2011,0,571,10,right,right,NN,NN
14809,Canada_2011,0,571,11,to,to,TO,TO
14810,Canada_2011,0,571,12,enter,enter,VB,VB
14811,Canada_2011,0,571,14,remain,remain,VB,VB
14812,Canada_2011,0,571,15,in,in,IN,IN
14813,Canada_2011,0,571,16,and,and,CC,CC
14814,Canada_2011,0,571,17,leave,leave,VB,VB
14815,Canada_2011,0,571,18,Canada,canada,NNP,NN
14816,Canada_2011,0,572,0,2,2,CD,CD
14817,Canada_2011,0,573,0,Rights,rights,NNS,NN
14818,Canada_2011,0,573,1,to,to,TO,TO
14819,Canada_2011,0,573,2,move,move,VB,VB
14820,Canada_2011,0,573,3,and,and,CC,CC
14821,Canada_2011,0,573,4,gain,gain,VB,VB
14822,Canada_2011,0,573,5,livelihood,livelihood,NN,NN
14823,Canada_2011,0,573,6,Share,share,NNP,NN
14824,Canada_2011,0,573,7,Every,every,NNP,NN
14825,Canada_2011,0,573,8,citizen,citizen,NN,NN
14826,Canada_2011,0,573,9,of,of,IN,IN
14827,Canada_2011,0,573,10,Canada,canada,NNP,NN
14828,Canada_2011,0,573,11,and,and,CC,CC
14829,Canada_2011,0,573,12,every,every,DT,DT
14830,Canada_2011,0,573,13,person,person,NN,NN
14831,Canada_2011,0,573,14,who,who,WP,WP
14832,Canada_2011,0,573,15,has,has,VBZ,VB
14833,Canada_2011,0,573,16,the,the,DT,DT
14834,Canada_2011,0,573,17,status,status,NN,NN
14835,Canada_2011,0,573,18,of,of,IN,IN
14836,Canada_2011,0,573,19,a,a,DT,DT
14837,Canada_2011,0,573,20,permanent,permanent,JJ,JJ
14838,Canada_2011,0,573,21,resident,resident,NN,NN
14839,Canada_2011,0,573,22,of,of,IN,IN
14840,Canada_2011,0,573,23,Canada,canada,NNP,NN
14841,Canada_2011,0,573,24,has,has,VBZ,VB
14842,Canada_2011,0,573,25,the,the,DT,DT
14843,Canada_2011,0,573,26,right,right,JJ,JJ
14844,Canada_2011,0,573,27,a.to,ato,NN,NN
14845,Canada_2011,0,573,28,move,move,NN,NN
14846,Canada_2011,0,573,29,to,to,TO,TO
14847,Canada_2011,0,573,30,and,and,CC,CC
14848,Canada_2011,0,573,31,take,take,VB,VB
14849,Canada_2011,0,573,32,up,up,RP,RP
14850,Canada_2011,0,573,33,residence,residence,NN,NN
14851,Canada_2011,0,573,34,in,in,IN,IN
14852,Canada_2011,0,573,35,any,any,DT,DT
14853,Canada_2011,0,573,36,province,province,NN,NN
14854,Canada_2011,0,573,38,and,and,CC,CC
14855,Canada_2011,0,573,39,b.to,bto,VB,VB
14856,Canada_2011,0,573,40,pursue,pursue,VB,VB
14857,Canada_2011,0,573,41,the,the,DT,DT
14858,Canada_2011,0,573,42,gaining,gaining,NN,NN
14859,Canada_2011,0,573,43,of,of,IN,IN
14860,Canada_2011,0,573,44,a,a,DT,DT
14861,Canada_2011,0,573,45,livelihood,livelihood,NN,NN
14862,Canada_2011,0,573,46,in,in,IN,IN
14863,Canada_2011,0,573,47,any,any,DT,DT
14864,Canada_2011,0,573,48,province,province,NN,NN
14865,Canada_2011,0,574,0,3,3,CD,CD
14866,Canada_2011,0,575,0,Limitation,limitation,NNP,NN
14867,Canada_2011,0,575,1,Share,share,NNP,NN
14868,Canada_2011,0,575,2,The,the,DT,DT
14869,Canada_2011,0,575,3,rights,rights,NNS,NN
14870,Canada_2011,0,575,4,specified,specified,VBN,VB
14871,Canada_2011,0,575,5,in,in,IN,IN
14872,Canada_2011,0,575,6,subsection,subsection,NN,NN
14873,Canada_2011,0,575,8,2,2,CD,CD
14874,Canada_2011,0,575,10,are,are,VBP,VB
14875,Canada_2011,0,575,11,subject,subject,JJ,JJ
14876,Canada_2011,0,575,12,to,to,TO,TO
14877,Canada_2011,0,575,13,a.any,aany,VB,VB
14878,Canada_2011,0,575,14,laws,laws,NNS,NN
14879,Canada_2011,0,575,15,or,or,CC,CC
14880,Canada_2011,0,575,16,practices,practices,NNS,NN
14881,Canada_2011,0,575,17,of,of,IN,IN
14882,Canada_2011,0,575,18,general,general,JJ,JJ
14883,Canada_2011,0,575,19,application,application,NN,NN
14884,Canada_2011,0,575,20,in,in,IN,IN
14885,Canada_2011,0,575,21,force,force,NN,NN
14886,Canada_2011,0,575,22,in,in,IN,IN
14887,Canada_2011,0,575,23,a,a,DT,DT
14888,Canada_2011,0,575,24,province,province,NN,NN
14889,Canada_2011,0,575,25,other,other,JJ,JJ
14890,Canada_2011,0,575,26,than,than,IN,IN
14891,Canada_2011,0,575,27,those,those,DT,DT
14892,Canada_2011,0,575,28,that,that,WDT,WD
14893,Canada_2011,0,575,29,discriminate,discriminate,VBP,VB
14894,Canada_2011,0,575,30,among,among,IN,IN
14895,Canada_2011,0,575,31,persons,persons,NNS,NN
14896,Canada_2011,0,575,32,primarily,primarily,RB,RB
14897,Canada_2011,0,575,33,on,on,IN,IN
14898,Canada_2011,0,575,34,the,the,DT,DT
14899,Canada_2011,0,575,35,basis,basis,NN,NN
14900,Canada_2011,0,575,36,of,of,IN,IN
14901,Canada_2011,0,575,37,province,province,NN,NN
14902,Canada_2011,0,575,38,of,of,IN,IN
14903,Canada_2011,0,575,39,present,present,JJ,JJ
14904,Canada_2011,0,575,40,or,or,CC,CC
14905,Canada_2011,0,575,41,previous,previous,JJ,JJ
14906,Canada_2011,0,575,42,residence,residence,NN,NN
14907,Canada_2011,0,575,44,and,and,CC,CC
14908,Canada_2011,0,575,45,b.any,bany,VB,VB
14909,Canada_2011,0,575,46,laws,laws,NNS,NN
14910,Canada_2011,0,575,47,providing,providing,VBG,VB
14911,Canada_2011,0,575,48,for,for,IN,IN
14912,Canada_2011,0,575,49,reasonable,reasonable,JJ,JJ
14913,Canada_2011,0,575,50,residency,residency,NN,NN
14914,Canada_2011,0,575,51,requirements,requirements,NNS,NN
14915,Canada_2011,0,575,52,as,as,IN,IN
14916,Canada_2011,0,575,53,a,a,DT,DT
14917,Canada_2011,0,575,54,qualification,qualification,NN,NN
14918,Canada_2011,0,575,55,for,for,IN,IN
14919,Canada_2011,0,575,56,the,the,DT,DT
14920,Canada_2011,0,575,57,receipt,receipt,NN,NN
14921,Canada_2011,0,575,58,of,of,IN,IN
14922,Canada_2011,0,575,59,publicly,publicly,RB,RB
14923,Canada_2011,0,575,60,provided,provided,VBN,VB
14924,Canada_2011,0,575,61,social,social,JJ,JJ
14925,Canada_2011,0,575,62,services,services,NNS,NN
14926,Canada_2011,0,576,0,4,4,CD,CD
14927,Canada_2011,0,577,0,Affirmative,affirmative,JJ,JJ
14928,Canada_2011,0,577,1,action,action,NN,NN
14929,Canada_2011,0,577,2,programs,programs,NNS,NN
14930,Canada_2011,0,577,3,Share,share,NNP,NN
14931,Canada_2011,0,577,4,Subsections,subsections,NNP,NN
14932,Canada_2011,0,577,6,2,2,CD,CD
14933,Canada_2011,0,577,8,and,and,CC,CC
14934,Canada_2011,0,577,10,3,3,CD,CD
14935,Canada_2011,0,577,12,do,do,VBP,VB
14936,Canada_2011,0,577,13,not,not,RB,RB
14937,Canada_2011,0,577,14,preclude,preclude,VB,VB
14938,Canada_2011,0,577,15,any,any,DT,DT
14939,Canada_2011,0,577,16,law,law,NN,NN
14940,Canada_2011,0,577,18,program,program,NN,NN
14941,Canada_2011,0,577,19,or,or,CC,CC
14942,Canada_2011,0,577,20,activity,activity,NN,NN
14943,Canada_2011,0,577,21,that,that,WDT,WD
14944,Canada_2011,0,577,22,has,has,VBZ,VB
14945,Canada_2011,0,577,23,as,as,IN,IN
14946,Canada_2011,0,577,24,its,its,PRP$,PR
14947,Canada_2011,0,577,25,object,object,VBP,VB
14948,Canada_2011,0,577,26,the,the,DT,DT
14949,Canada_2011,0,577,27,amelioration,amelioration,NN,NN
14950,Canada_2011,0,577,28,in,in,IN,IN
14951,Canada_2011,0,577,29,a,a,DT,DT
14952,Canada_2011,0,577,30,province,province,NN,NN
14953,Canada_2011,0,577,31,of,of,IN,IN
14954,Canada_2011,0,577,32,conditions,conditions,NNS,NN
14955,Canada_2011,0,577,33,of,of,IN,IN
14956,Canada_2011,0,577,34,individuals,individuals,NNS,NN
14957,Canada_2011,0,577,35,in,in,IN,IN
14958,Canada_2011,0,577,36,that,that,DT,DT
14959,Canada_2011,0,577,37,province,province,NN,NN
14960,Canada_2011,0,577,38,who,who,WP,WP
14961,Canada_2011,0,577,39,are,are,VBP,VB
14962,Canada_2011,0,577,40,socially,socially,RB,RB
14963,Canada_2011,0,577,41,or,or,CC,CC
14964,Canada_2011,0,577,42,economically,economically,RB,RB
14965,Canada_2011,0,577,43,disadvantaged,disadvantaged,VBN,VB
14966,Canada_2011,0,577,44,if,if,IN,IN
14967,Canada_2011,0,577,45,the,the,DT,DT
14968,Canada_2011,0,577,46,rate,rate,NN,NN
14969,Canada_2011,0,577,47,of,of,IN,IN
14970,Canada_2011,0,577,48,employment,employment,NN,NN
14971,Canada_2011,0,577,49,in,in,IN,IN
14972,Canada_2011,0,577,50,that,that,DT,DT
14973,Canada_2011,0,577,51,province,province,NN,NN
14974,Canada_2011,0,577,52,is,is,VBZ,VB
14975,Canada_2011,0,577,53,below,below,IN,IN
14976,Canada_2011,0,577,54,the,the,DT,DT
14977,Canada_2011,0,577,55,rate,rate,NN,NN
14978,Canada_2011,0,577,56,of,of,IN,IN
14979,Canada_2011,0,577,57,employment,employment,NN,NN
14980,Canada_2011,0,577,58,in,in,IN,IN
14981,Canada_2011,0,577,59,Canada,canada,NNP,NN
14982,Canada_2011,0,578,0,E.,e,NNP,NN
14983,Canada_2011,0,578,1,LEGAL,legal,NNP,NN
14984,Canada_2011,0,578,2,RIGHTS,rights,NNP,NN
14985,Canada_2011,0,578,3,7,7,CD,CD
14986,Canada_2011,0,579,0,Life,life,NNP,NN
14987,Canada_2011,0,579,2,liberty,liberty,NN,NN
14988,Canada_2011,0,579,3,and,and,CC,CC
14989,Canada_2011,0,579,4,security,security,NN,NN
14990,Canada_2011,0,579,5,of,of,IN,IN
14991,Canada_2011,0,579,6,person,person,NN,NN
14992,Canada_2011,0,579,7,Share,share,NNP,NN
14993,Canada_2011,0,579,8,Everyone,everyone,NNP,NN
14994,Canada_2011,0,579,9,has,has,VBZ,VB
14995,Canada_2011,0,579,10,the,the,DT,DT
14996,Canada_2011,0,579,11,right,right,NN,NN
14997,Canada_2011,0,579,12,to,to,TO,TO
14998,Canada_2011,0,579,13,life,life,NN,NN
14999,Canada_2011,0,579,15,liberty,liberty,NN,NN
15000,Canada_2011,0,579,16,and,and,CC,CC
15001,Canada_2011,0,579,17,security,security,NN,NN
15002,Canada_2011,0,579,18,of,of,IN,IN
15003,Canada_2011,0,579,19,the,the,DT,DT
15004,Canada_2011,0,579,20,person,person,NN,NN
15005,Canada_2011,0,579,21,and,and,CC,CC
15006,Canada_2011,0,579,22,the,the,DT,DT
15007,Canada_2011,0,579,23,right,right,NN,NN
15008,Canada_2011,0,579,24,not,not,RB,RB
15009,Canada_2011,0,579,25,to,to,TO,TO
15010,Canada_2011,0,579,26,be,be,VB,VB
15011,Canada_2011,0,579,27,deprived,deprived,VBN,VB
15012,Canada_2011,0,579,28,thereof,thereof,JJ,JJ
15013,Canada_2011,0,579,29,except,except,IN,IN
15014,Canada_2011,0,579,30,in,in,IN,IN
15015,Canada_2011,0,579,31,accordance,accordance,NN,NN
15016,Canada_2011,0,579,32,with,with,IN,IN
15017,Canada_2011,0,579,33,the,the,DT,DT
15018,Canada_2011,0,579,34,principles,principles,NNS,NN
15019,Canada_2011,0,579,35,of,of,IN,IN
15020,Canada_2011,0,579,36,fundamental,fundamental,JJ,JJ
15021,Canada_2011,0,579,37,justice,justice,NN,NN
15022,Canada_2011,0,580,0,8,8,CD,CD
15023,Canada_2011,0,581,0,Search,search,NN,NN
15024,Canada_2011,0,581,1,or,or,CC,CC
15025,Canada_2011,0,581,2,seizure,seizure,NN,NN
15026,Canada_2011,0,581,3,Share,share,NNP,NN
15027,Canada_2011,0,581,4,Everyone,everyone,NNP,NN
15028,Canada_2011,0,581,5,has,has,VBZ,VB
15029,Canada_2011,0,581,6,the,the,DT,DT
15030,Canada_2011,0,581,7,right,right,NN,NN
15031,Canada_2011,0,581,8,to,to,TO,TO
15032,Canada_2011,0,581,9,be,be,VB,VB
15033,Canada_2011,0,581,10,secure,secure,VBN,VB
15034,Canada_2011,0,581,11,against,against,IN,IN
15035,Canada_2011,0,581,12,unreasonable,unreasonable,JJ,JJ
15036,Canada_2011,0,581,13,search,search,NN,NN
15037,Canada_2011,0,581,14,or,or,CC,CC
15038,Canada_2011,0,581,15,seizure,seizure,NN,NN
15039,Canada_2011,0,582,0,9,9,CD,CD
15040,Canada_2011,0,583,0,Detention,detention,NN,NN
15041,Canada_2011,0,583,1,or,or,CC,CC
15042,Canada_2011,0,583,2,imprisonment,imprisonment,JJ,JJ
15043,Canada_2011,0,583,3,Share,share,NNP,NN
15044,Canada_2011,0,583,4,Everyone,everyone,NNP,NN
15045,Canada_2011,0,583,5,has,has,VBZ,VB
15046,Canada_2011,0,583,6,the,the,DT,DT
15047,Canada_2011,0,583,7,right,right,NN,NN
15048,Canada_2011,0,583,8,not,not,RB,RB
15049,Canada_2011,0,583,9,to,to,TO,TO
15050,Canada_2011,0,583,10,be,be,VB,VB
15051,Canada_2011,0,583,11,arbitrarily,arbitrarily,RB,RB
15052,Canada_2011,0,583,12,detained,detained,VBN,VB
15053,Canada_2011,0,583,13,or,or,CC,CC
15054,Canada_2011,0,583,14,imprisoned,imprisoned,VBN,VB
15055,Canada_2011,0,584,0,10,10,CD,CD
15056,Canada_2011,0,585,0,Arrest,arrest,NNP,NN
15057,Canada_2011,0,585,1,or,or,CC,CC
15058,Canada_2011,0,585,2,detention,detention,NN,NN
15059,Canada_2011,0,585,3,Share,share,NNP,NN
15060,Canada_2011,0,585,4,Everyone,everyone,NNP,NN
15061,Canada_2011,0,585,5,has,has,VBZ,VB
15062,Canada_2011,0,585,6,the,the,DT,DT
15063,Canada_2011,0,585,7,right,right,NN,NN
15064,Canada_2011,0,585,8,on,on,IN,IN
15065,Canada_2011,0,585,9,arrest,arrest,NN,NN
15066,Canada_2011,0,585,10,or,or,CC,CC
15067,Canada_2011,0,585,11,detention,detention,NN,NN
15068,Canada_2011,0,585,12,a.to,ato,RB,RB
15069,Canada_2011,0,585,13,be,be,VB,VB
15070,Canada_2011,0,585,14,informed,informed,VBN,VB
15071,Canada_2011,0,585,15,promptly,promptly,RB,RB
15072,Canada_2011,0,585,16,of,of,IN,IN
15073,Canada_2011,0,585,17,the,the,DT,DT
15074,Canada_2011,0,585,18,reasons,reasons,NNS,NN
15075,Canada_2011,0,585,19,therefor,therefor,VBP,VB
15076,Canada_2011,0,585,21,b.to,bto,CC,CC
15077,Canada_2011,0,585,22,retain,retain,VB,VB
15078,Canada_2011,0,585,23,and,and,CC,CC
15079,Canada_2011,0,585,24,instruct,instruct,VB,VB
15080,Canada_2011,0,585,25,counsel,counsel,NN,NN
15081,Canada_2011,0,585,26,without,without,IN,IN
15082,Canada_2011,0,585,27,delay,delay,NN,NN
15083,Canada_2011,0,585,28,and,and,CC,CC
15084,Canada_2011,0,585,29,to,to,TO,TO
15085,Canada_2011,0,585,30,be,be,VB,VB
15086,Canada_2011,0,585,31,informed,informed,VBN,VB
15087,Canada_2011,0,585,32,of,of,IN,IN
15088,Canada_2011,0,585,33,that,that,DT,DT
15089,Canada_2011,0,585,34,right,right,NN,NN
15090,Canada_2011,0,585,36,and,and,CC,CC
15091,Canada_2011,0,585,37,c.to,cto,NNS,NN
15092,Canada_2011,0,585,38,have,have,VBP,VB
15093,Canada_2011,0,585,39,the,the,DT,DT
15094,Canada_2011,0,585,40,validity,validity,NN,NN
15095,Canada_2011,0,585,41,of,of,IN,IN
15096,Canada_2011,0,585,42,the,the,DT,DT
15097,Canada_2011,0,585,43,detention,detention,NN,NN
15098,Canada_2011,0,585,44,determined,determined,VBN,VB
15099,Canada_2011,0,585,45,by,by,IN,IN
15100,Canada_2011,0,585,46,way,way,NN,NN
15101,Canada_2011,0,585,47,of,of,IN,IN
15102,Canada_2011,0,585,48,habeas,habeas,JJ,JJ
15103,Canada_2011,0,585,49,corpus,corpus,NN,NN
15104,Canada_2011,0,585,50,and,and,CC,CC
15105,Canada_2011,0,585,51,to,to,TO,TO
15106,Canada_2011,0,585,52,be,be,VB,VB
15107,Canada_2011,0,585,53,released,released,VBN,VB
15108,Canada_2011,0,585,54,if,if,IN,IN
15109,Canada_2011,0,585,55,the,the,DT,DT
15110,Canada_2011,0,585,56,detention,detention,NN,NN
15111,Canada_2011,0,585,57,is,is,VBZ,VB
15112,Canada_2011,0,585,58,not,not,RB,RB
15113,Canada_2011,0,585,59,lawful,lawful,JJ,JJ
15114,Canada_2011,0,586,0,11,11,CD,CD
15115,Canada_2011,0,587,0,Proceedings,proceedings,NNS,NN
15116,Canada_2011,0,587,1,in,in,IN,IN
15117,Canada_2011,0,587,2,criminal,criminal,JJ,JJ
15118,Canada_2011,0,587,3,and,and,CC,CC
15119,Canada_2011,0,587,4,penal,penal,JJ,JJ
15120,Canada_2011,0,587,5,matters,matters,NNS,NN
15121,Canada_2011,0,587,6,Share,share,NNP,NN
15122,Canada_2011,0,587,7,Any,any,NNP,NN
15123,Canada_2011,0,587,8,person,person,NN,NN
15124,Canada_2011,0,587,9,charged,charged,VBN,VB
15125,Canada_2011,0,587,10,with,with,IN,IN
15126,Canada_2011,0,587,11,an,an,DT,DT
15127,Canada_2011,0,587,12,offence,offence,NN,NN
15128,Canada_2011,0,587,13,has,has,VBZ,VB
15129,Canada_2011,0,587,14,the,the,DT,DT
15130,Canada_2011,0,587,15,right,right,JJ,JJ
15131,Canada_2011,0,587,16,a.to,ato,NN,NN
15132,Canada_2011,0,587,17,be,be,VB,VB
15133,Canada_2011,0,587,18,informed,informed,VBN,VB
15134,Canada_2011,0,587,19,without,without,IN,IN
15135,Canada_2011,0,587,20,unreasonable,unreasonable,JJ,JJ
15136,Canada_2011,0,587,21,delay,delay,NN,NN
15137,Canada_2011,0,587,22,of,of,IN,IN
15138,Canada_2011,0,587,23,the,the,DT,DT
15139,Canada_2011,0,587,24,specific,specific,JJ,JJ
15140,Canada_2011,0,587,25,offence,offence,NN,NN
15141,Canada_2011,0,587,27,b.to,bto,CC,CC
15142,Canada_2011,0,587,28,be,be,VB,VB
15143,Canada_2011,0,587,29,tried,tried,VBN,VB
15144,Canada_2011,0,587,30,within,within,IN,IN
15145,Canada_2011,0,587,31,a,a,DT,DT
15146,Canada_2011,0,587,32,reasonable,reasonable,JJ,JJ
15147,Canada_2011,0,587,33,time,time,NN,NN
15148,Canada_2011,0,587,35,c.not,cnot,NN,NN
15149,Canada_2011,0,587,36,to,to,TO,TO
15150,Canada_2011,0,587,37,be,be,VB,VB
15151,Canada_2011,0,587,38,compelled,compelled,VBN,VB
15152,Canada_2011,0,587,39,to,to,TO,TO
15153,Canada_2011,0,587,40,be,be,VB,VB
15154,Canada_2011,0,587,41,a,a,DT,DT
15155,Canada_2011,0,587,42,witness,witness,NN,NN
15156,Canada_2011,0,587,43,in,in,IN,IN
15157,Canada_2011,0,587,44,proceedings,proceedings,NNS,NN
15158,Canada_2011,0,587,45,against,against,IN,IN
15159,Canada_2011,0,587,46,that,that,DT,DT
15160,Canada_2011,0,587,47,person,person,NN,NN
15161,Canada_2011,0,587,48,in,in,IN,IN
15162,Canada_2011,0,587,49,respect,respect,NN,NN
15163,Canada_2011,0,587,50,of,of,IN,IN
15164,Canada_2011,0,587,51,the,the,DT,DT
15165,Canada_2011,0,587,52,offence,offence,NN,NN
15166,Canada_2011,0,587,54,d.to,dto,CC,CC
15167,Canada_2011,0,587,55,be,be,VB,VB
15168,Canada_2011,0,587,56,presumed,presumed,VBN,VB
15169,Canada_2011,0,587,57,innocent,innocent,JJ,JJ
15170,Canada_2011,0,587,58,until,until,IN,IN
15171,Canada_2011,0,587,59,proven,proven,RB,RB
15172,Canada_2011,0,587,60,guilty,guilty,JJ,JJ
15173,Canada_2011,0,587,61,according,according,VBG,VB
15174,Canada_2011,0,587,62,to,to,TO,TO
15175,Canada_2011,0,587,63,law,law,NN,NN
15176,Canada_2011,0,587,64,in,in,IN,IN
15177,Canada_2011,0,587,65,a,a,DT,DT
15178,Canada_2011,0,587,66,fair,fair,JJ,JJ
15179,Canada_2011,0,587,67,and,and,CC,CC
15180,Canada_2011,0,587,68,public,public,JJ,JJ
15181,Canada_2011,0,587,69,hearing,hearing,NN,NN
15182,Canada_2011,0,587,70,by,by,IN,IN
15183,Canada_2011,0,587,71,an,an,DT,DT
15184,Canada_2011,0,587,72,independent,independent,JJ,JJ
15185,Canada_2011,0,587,73,and,and,CC,CC
15186,Canada_2011,0,587,74,impartial,impartial,JJ,JJ
15187,Canada_2011,0,587,75,tribunal,tribunal,NN,NN
15188,Canada_2011,0,587,77,e.not,enot,CC,CC
15189,Canada_2011,0,587,78,to,to,TO,TO
15190,Canada_2011,0,587,79,be,be,VB,VB
15191,Canada_2011,0,587,80,denied,denied,VBN,VB
15192,Canada_2011,0,587,81,reasonable,reasonable,JJ,JJ
15193,Canada_2011,0,587,82,bail,bail,NN,NN
15194,Canada_2011,0,587,83,without,without,IN,IN
15195,Canada_2011,0,587,84,just,just,RB,RB
15196,Canada_2011,0,587,85,cause,cause,NN,NN
15197,Canada_2011,0,587,87,f.except,fexcept,VBN,VB
15198,Canada_2011,0,587,88,in,in,IN,IN
15199,Canada_2011,0,587,89,the,the,DT,DT
15200,Canada_2011,0,587,90,case,case,NN,NN
15201,Canada_2011,0,587,91,of,of,IN,IN
15202,Canada_2011,0,587,92,an,an,DT,DT
15203,Canada_2011,0,587,93,offence,offence,NN,NN
15204,Canada_2011,0,587,94,under,under,IN,IN
15205,Canada_2011,0,587,95,military,military,JJ,JJ
15206,Canada_2011,0,587,96,law,law,NN,NN
15207,Canada_2011,0,587,97,tried,tried,VBD,VB
15208,Canada_2011,0,587,98,before,before,IN,IN
15209,Canada_2011,0,587,99,a,a,DT,DT
15210,Canada_2011,0,587,100,military,military,JJ,JJ
15211,Canada_2011,0,587,101,tribunal,tribunal,NN,NN
15212,Canada_2011,0,587,103,to,to,TO,TO
15213,Canada_2011,0,587,104,the,the,DT,DT
15214,Canada_2011,0,587,105,benefit,benefit,NN,NN
15215,Canada_2011,0,587,106,of,of,IN,IN
15216,Canada_2011,0,587,107,trial,trial,NN,NN
15217,Canada_2011,0,587,108,by,by,IN,IN
15218,Canada_2011,0,587,109,jury,jury,NN,NN
15219,Canada_2011,0,587,110,where,where,WRB,WR
15220,Canada_2011,0,587,111,the,the,DT,DT
15221,Canada_2011,0,587,112,maximum,maximum,JJ,JJ
15222,Canada_2011,0,587,113,punishment,punishment,NN,NN
15223,Canada_2011,0,587,114,for,for,IN,IN
15224,Canada_2011,0,587,115,the,the,DT,DT
15225,Canada_2011,0,587,116,offence,offence,NN,NN
15226,Canada_2011,0,587,117,is,is,VBZ,VB
15227,Canada_2011,0,587,118,imprisonment,imprisonment,JJ,JJ
15228,Canada_2011,0,587,119,for,for,IN,IN
15229,Canada_2011,0,587,120,five,five,CD,CD
15230,Canada_2011,0,587,121,years,years,NNS,NN
15231,Canada_2011,0,587,122,or,or,CC,CC
15232,Canada_2011,0,587,123,a,a,DT,DT
15233,Canada_2011,0,587,124,more,more,RBR,RB
15234,Canada_2011,0,587,125,severe,severe,JJ,JJ
15235,Canada_2011,0,587,126,punishment,punishment,NN,NN
15236,Canada_2011,0,587,128,g.not,gnot,NN,NN
15237,Canada_2011,0,587,129,to,to,TO,TO
15238,Canada_2011,0,587,130,be,be,VB,VB
15239,Canada_2011,0,587,131,found,found,VBN,VB
15240,Canada_2011,0,587,132,guilty,guilty,JJ,JJ
15241,Canada_2011,0,587,133,on,on,IN,IN
15242,Canada_2011,0,587,134,account,account,NN,NN
15243,Canada_2011,0,587,135,of,of,IN,IN
15244,Canada_2011,0,587,136,any,any,DT,DT
15245,Canada_2011,0,587,137,act,act,NN,NN
15246,Canada_2011,0,587,138,or,or,CC,CC
15247,Canada_2011,0,587,139,omission,omission,NN,NN
15248,Canada_2011,0,587,140,unless,unless,IN,IN
15249,Canada_2011,0,587,142,at,at,IN,IN
15250,Canada_2011,0,587,143,the,the,DT,DT
15251,Canada_2011,0,587,144,time,time,NN,NN
15252,Canada_2011,0,587,145,of,of,IN,IN
15253,Canada_2011,0,587,146,the,the,DT,DT
15254,Canada_2011,0,587,147,act,act,NN,NN
15255,Canada_2011,0,587,148,or,or,CC,CC
15256,Canada_2011,0,587,149,omission,omission,NN,NN
15257,Canada_2011,0,587,151,it,it,PRP,PR
15258,Canada_2011,0,587,152,constituted,constituted,VBD,VB
15259,Canada_2011,0,587,153,an,an,DT,DT
15260,Canada_2011,0,587,154,offence,offence,NN,NN
15261,Canada_2011,0,587,155,under,under,IN,IN
15262,Canada_2011,0,587,156,Canadian,canadian,NNP,NN
15263,Canada_2011,0,587,157,or,or,CC,CC
15264,Canada_2011,0,587,158,international,international,JJ,JJ
15265,Canada_2011,0,587,159,law,law,NN,NN
15266,Canada_2011,0,587,160,or,or,CC,CC
15267,Canada_2011,0,587,161,was,was,VBD,VB
15268,Canada_2011,0,587,162,criminal,criminal,JJ,JJ
15269,Canada_2011,0,587,163,according,according,VBG,VB
15270,Canada_2011,0,587,164,to,to,TO,TO
15271,Canada_2011,0,587,165,the,the,DT,DT
15272,Canada_2011,0,587,166,general,general,JJ,JJ
15273,Canada_2011,0,587,167,principles,principles,NNS,NN
15274,Canada_2011,0,587,168,of,of,IN,IN
15275,Canada_2011,0,587,169,law,law,NN,NN
15276,Canada_2011,0,587,170,recognized,recognized,VBN,VB
15277,Canada_2011,0,587,171,by,by,IN,IN
15278,Canada_2011,0,587,172,the,the,DT,DT
15279,Canada_2011,0,587,173,community,community,NN,NN
15280,Canada_2011,0,587,174,of,of,IN,IN
15281,Canada_2011,0,587,175,nations,nations,NNS,NN
15282,Canada_2011,0,587,177,h.if,hif,VB,VB
15283,Canada_2011,0,587,178,finally,finally,RB,RB
15284,Canada_2011,0,587,179,acquitted,acquitted,VBN,VB
15285,Canada_2011,0,587,180,of,of,IN,IN
15286,Canada_2011,0,587,181,the,the,DT,DT
15287,Canada_2011,0,587,182,offence,offence,NN,NN
15288,Canada_2011,0,587,184,not,not,RB,RB
15289,Canada_2011,0,587,185,to,to,TO,TO
15290,Canada_2011,0,587,186,be,be,VB,VB
15291,Canada_2011,0,587,187,tried,tried,VBN,VB
15292,Canada_2011,0,587,188,for,for,IN,IN
15293,Canada_2011,0,587,189,it,it,PRP,PR
15294,Canada_2011,0,587,190,again,again,RB,RB
15295,Canada_2011,0,587,191,and,and,CC,CC
15296,Canada_2011,0,587,193,if,if,IN,IN
15297,Canada_2011,0,587,194,finally,finally,RB,RB
15298,Canada_2011,0,587,195,found,found,VBN,VB
15299,Canada_2011,0,587,196,guilty,guilty,JJ,JJ
15300,Canada_2011,0,587,197,and,and,CC,CC
15301,Canada_2011,0,587,198,punished,punished,VBN,VB
15302,Canada_2011,0,587,199,for,for,IN,IN
15303,Canada_2011,0,587,200,the,the,DT,DT
15304,Canada_2011,0,587,201,offence,offence,NN,NN
15305,Canada_2011,0,587,203,not,not,RB,RB
15306,Canada_2011,0,587,204,to,to,TO,TO
15307,Canada_2011,0,587,205,be,be,VB,VB
15308,Canada_2011,0,587,206,tried,tried,VBN,VB
15309,Canada_2011,0,587,207,or,or,CC,CC
15310,Canada_2011,0,587,208,punished,punished,VBN,VB
15311,Canada_2011,0,587,209,for,for,IN,IN
15312,Canada_2011,0,587,210,it,it,PRP,PR
15313,Canada_2011,0,587,211,again,again,RB,RB
15314,Canada_2011,0,587,213,and,and,CC,CC
15315,Canada_2011,0,587,214,i.if,iif,VB,VB
15316,Canada_2011,0,587,215,found,found,VBN,VB
15317,Canada_2011,0,587,216,guilty,guilty,JJ,JJ
15318,Canada_2011,0,587,217,of,of,IN,IN
15319,Canada_2011,0,587,218,the,the,DT,DT
15320,Canada_2011,0,587,219,offence,offence,NN,NN
15321,Canada_2011,0,587,220,and,and,CC,CC
15322,Canada_2011,0,587,221,if,if,IN,IN
15323,Canada_2011,0,587,222,the,the,DT,DT
15324,Canada_2011,0,587,223,punishment,punishment,NN,NN
15325,Canada_2011,0,587,224,for,for,IN,IN
15326,Canada_2011,0,587,225,the,the,DT,DT
15327,Canada_2011,0,587,226,offence,offence,NN,NN
15328,Canada_2011,0,587,227,has,has,VBZ,VB
15329,Canada_2011,0,587,228,been,been,VBN,VB
15330,Canada_2011,0,587,229,varied,varied,VBN,VB
15331,Canada_2011,0,587,230,between,between,IN,IN
15332,Canada_2011,0,587,231,the,the,DT,DT
15333,Canada_2011,0,587,232,time,time,NN,NN
15334,Canada_2011,0,587,233,of,of,IN,IN
15335,Canada_2011,0,587,234,commission,commission,NN,NN
15336,Canada_2011,0,587,235,and,and,CC,CC
15337,Canada_2011,0,587,236,the,the,DT,DT
15338,Canada_2011,0,587,237,time,time,NN,NN
15339,Canada_2011,0,587,238,of,of,IN,IN
15340,Canada_2011,0,587,239,sentencing,sentencing,VBG,VB
15341,Canada_2011,0,587,241,to,to,TO,TO
15342,Canada_2011,0,587,242,the,the,DT,DT
15343,Canada_2011,0,587,243,benefit,benefit,NN,NN
15344,Canada_2011,0,587,244,of,of,IN,IN
15345,Canada_2011,0,587,245,the,the,DT,DT
15346,Canada_2011,0,587,246,lesser,lesser,JJR,JJ
15347,Canada_2011,0,587,247,punishment,punishment,NN,NN
15348,Canada_2011,0,588,0,12,12,CD,CD
15349,Canada_2011,0,589,0,Treatment,treatment,NN,NN
15350,Canada_2011,0,589,1,or,or,CC,CC
15351,Canada_2011,0,589,2,punishment,punishment,NN,NN
15352,Canada_2011,0,589,3,Share,share,NNP,NN
15353,Canada_2011,0,589,4,Everyone,everyone,NNP,NN
15354,Canada_2011,0,589,5,has,has,VBZ,VB
15355,Canada_2011,0,589,6,the,the,DT,DT
15356,Canada_2011,0,589,7,right,right,NN,NN
15357,Canada_2011,0,589,8,not,not,RB,RB
15358,Canada_2011,0,589,9,to,to,TO,TO
15359,Canada_2011,0,589,10,be,be,VB,VB
15360,Canada_2011,0,589,11,subjected,subjected,VBN,VB
15361,Canada_2011,0,589,12,to,to,TO,TO
15362,Canada_2011,0,589,13,any,any,DT,DT
15363,Canada_2011,0,589,14,cruel,cruel,NN,NN
15364,Canada_2011,0,589,15,and,and,CC,CC
15365,Canada_2011,0,589,16,unusual,unusual,JJ,JJ
15366,Canada_2011,0,589,17,treatment,treatment,NN,NN
15367,Canada_2011,0,589,18,or,or,CC,CC
15368,Canada_2011,0,589,19,punishment,punishment,NN,NN
15369,Canada_2011,0,590,0,13,13,CD,CD
15370,Canada_2011,0,591,0,Self-crimination,selfcrimination,NNP,NN
15371,Canada_2011,0,591,1,Share,share,NNP,NN
15372,Canada_2011,0,591,2,A,a,NNP,NN
15373,Canada_2011,0,591,3,witness,witness,NN,NN
15374,Canada_2011,0,591,4,who,who,WP,WP
15375,Canada_2011,0,591,5,testifies,testifies,VBZ,VB
15376,Canada_2011,0,591,6,in,in,IN,IN
15377,Canada_2011,0,591,7,any,any,DT,DT
15378,Canada_2011,0,591,8,proceedings,proceedings,NNS,NN
15379,Canada_2011,0,591,9,has,has,VBZ,VB
15380,Canada_2011,0,591,10,the,the,DT,DT
15381,Canada_2011,0,591,11,right,right,NN,NN
15382,Canada_2011,0,591,12,not,not,RB,RB
15383,Canada_2011,0,591,13,to,to,TO,TO
15384,Canada_2011,0,591,14,have,have,VB,VB
15385,Canada_2011,0,591,15,any,any,DT,DT
15386,Canada_2011,0,591,16,incriminating,incriminating,JJ,JJ
15387,Canada_2011,0,591,17,evidence,evidence,NN,NN
15388,Canada_2011,0,591,18,so,so,RB,RB
15389,Canada_2011,0,591,19,given,given,VBN,VB
15390,Canada_2011,0,591,20,used,used,VBN,VB
15391,Canada_2011,0,591,21,to,to,TO,TO
15392,Canada_2011,0,591,22,incriminate,incriminate,VB,VB
15393,Canada_2011,0,591,23,that,that,DT,DT
15394,Canada_2011,0,591,24,witness,witness,NN,NN
15395,Canada_2011,0,591,25,in,in,IN,IN
15396,Canada_2011,0,591,26,any,any,DT,DT
15397,Canada_2011,0,591,27,other,other,JJ,JJ
15398,Canada_2011,0,591,28,proceedings,proceedings,NNS,NN
15399,Canada_2011,0,591,30,except,except,IN,IN
15400,Canada_2011,0,591,31,in,in,IN,IN
15401,Canada_2011,0,591,32,a,a,DT,DT
15402,Canada_2011,0,591,33,prosecution,prosecution,NN,NN
15403,Canada_2011,0,591,34,for,for,IN,IN
15404,Canada_2011,0,591,35,perjury,perjury,NN,NN
15405,Canada_2011,0,591,36,or,or,CC,CC
15406,Canada_2011,0,591,37,for,for,IN,IN
15407,Canada_2011,0,591,38,the,the,DT,DT
15408,Canada_2011,0,591,39,giving,giving,VBG,VB
15409,Canada_2011,0,591,40,of,of,IN,IN
15410,Canada_2011,0,591,41,contradictory,contradictory,JJ,JJ
15411,Canada_2011,0,591,42,evidence,evidence,NN,NN
15412,Canada_2011,0,592,0,14,14,CD,CD
15413,Canada_2011,0,593,0,Interpreter,interpreter,NNP,NN
15414,Canada_2011,0,593,1,Share,share,NNP,NN
15415,Canada_2011,0,593,2,A,a,NNP,NN
15416,Canada_2011,0,593,3,party,party,NN,NN
15417,Canada_2011,0,593,4,or,or,CC,CC
15418,Canada_2011,0,593,5,witness,witness,NN,NN
15419,Canada_2011,0,593,6,in,in,IN,IN
15420,Canada_2011,0,593,7,any,any,DT,DT
15421,Canada_2011,0,593,8,proceedings,proceedings,NNS,NN
15422,Canada_2011,0,593,9,who,who,WP,WP
15423,Canada_2011,0,593,10,does,does,VBZ,VB
15424,Canada_2011,0,593,11,not,not,RB,RB
15425,Canada_2011,0,593,12,understand,understand,VB,VB
15426,Canada_2011,0,593,13,or,or,CC,CC
15427,Canada_2011,0,593,14,speak,speak,VB,VB
15428,Canada_2011,0,593,15,the,the,DT,DT
15429,Canada_2011,0,593,16,language,language,NN,NN
15430,Canada_2011,0,593,17,in,in,IN,IN
15431,Canada_2011,0,593,18,which,which,WDT,WD
15432,Canada_2011,0,593,19,the,the,DT,DT
15433,Canada_2011,0,593,20,proceedings,proceedings,NNS,NN
15434,Canada_2011,0,593,21,are,are,VBP,VB
15435,Canada_2011,0,593,22,conducted,conducted,VBN,VB
15436,Canada_2011,0,593,23,or,or,CC,CC
15437,Canada_2011,0,593,24,who,who,WP,WP
15438,Canada_2011,0,593,25,is,is,VBZ,VB
15439,Canada_2011,0,593,26,deaf,deaf,NN,NN
15440,Canada_2011,0,593,27,has,has,VBZ,VB
15441,Canada_2011,0,593,28,the,the,DT,DT
15442,Canada_2011,0,593,29,right,right,NN,NN
15443,Canada_2011,0,593,30,to,to,TO,TO
15444,Canada_2011,0,593,31,the,the,DT,DT
15445,Canada_2011,0,593,32,assistance,assistance,NN,NN
15446,Canada_2011,0,593,33,of,of,IN,IN
15447,Canada_2011,0,593,34,an,an,DT,DT
15448,Canada_2011,0,593,35,interpreter,interpreter,NN,NN
15449,Canada_2011,0,594,0,F.,f,NNP,NN
15450,Canada_2011,0,594,1,EQUALITY,equality,NNP,NN
15451,Canada_2011,0,594,2,RIGHTS,rights,NNP,NN
15452,Canada_2011,0,594,3,Share,share,NNP,NN
15453,Canada_2011,0,594,4,15,15,CD,CD
15454,Canada_2011,0,595,0,1,1,CD,CD
15455,Canada_2011,0,596,0,Equality,equality,NN,NN
15456,Canada_2011,0,596,1,before,before,IN,IN
15457,Canada_2011,0,596,2,and,and,CC,CC
15458,Canada_2011,0,596,3,under,under,IN,IN
15459,Canada_2011,0,596,4,law,law,NN,NN
15460,Canada_2011,0,596,5,and,and,CC,CC
15461,Canada_2011,0,596,6,equal,equal,JJ,JJ
15462,Canada_2011,0,596,7,protection,protection,NN,NN
15463,Canada_2011,0,596,8,and,and,CC,CC
15464,Canada_2011,0,596,9,benefit,benefit,NN,NN
15465,Canada_2011,0,596,10,of,of,IN,IN
15466,Canada_2011,0,596,11,law,law,NN,NN
15467,Canada_2011,0,596,12,Share,share,NN,NN
15468,Canada_2011,0,596,13,Every,every,NNP,NN
15469,Canada_2011,0,596,14,individual,individual,NN,NN
15470,Canada_2011,0,596,15,is,is,VBZ,VB
15471,Canada_2011,0,596,16,equal,equal,JJ,JJ
15472,Canada_2011,0,596,17,before,before,IN,IN
15473,Canada_2011,0,596,18,and,and,CC,CC
15474,Canada_2011,0,596,19,under,under,IN,IN
15475,Canada_2011,0,596,20,the,the,DT,DT
15476,Canada_2011,0,596,21,law,law,NN,NN
15477,Canada_2011,0,596,22,and,and,CC,CC
15478,Canada_2011,0,596,23,has,has,VBZ,VB
15479,Canada_2011,0,596,24,the,the,DT,DT
15480,Canada_2011,0,596,25,right,right,NN,NN
15481,Canada_2011,0,596,26,to,to,TO,TO
15482,Canada_2011,0,596,27,the,the,DT,DT
15483,Canada_2011,0,596,28,equal,equal,JJ,JJ
15484,Canada_2011,0,596,29,protection,protection,NN,NN
15485,Canada_2011,0,596,30,and,and,CC,CC
15486,Canada_2011,0,596,31,equal,equal,JJ,JJ
15487,Canada_2011,0,596,32,benefit,benefit,NN,NN
15488,Canada_2011,0,596,33,of,of,IN,IN
15489,Canada_2011,0,596,34,the,the,DT,DT
15490,Canada_2011,0,596,35,law,law,NN,NN
15491,Canada_2011,0,596,36,without,without,IN,IN
15492,Canada_2011,0,596,37,discrimination,discrimination,NN,NN
15493,Canada_2011,0,596,38,and,and,CC,CC
15494,Canada_2011,0,596,40,in,in,IN,IN
15495,Canada_2011,0,596,41,particular,particular,JJ,JJ
15496,Canada_2011,0,596,43,without,without,IN,IN
15497,Canada_2011,0,596,44,discrimination,discrimination,NN,NN
15498,Canada_2011,0,596,45,based,based,VBN,VB
15499,Canada_2011,0,596,46,on,on,IN,IN
15500,Canada_2011,0,596,47,race,race,NN,NN
15501,Canada_2011,0,596,49,national,national,JJ,JJ
15502,Canada_2011,0,596,50,or,or,CC,CC
15503,Canada_2011,0,596,51,ethnic,ethnic,JJ,JJ
15504,Canada_2011,0,596,52,origin,origin,NN,NN
15505,Canada_2011,0,596,54,colour,colour,NN,NN
15506,Canada_2011,0,596,56,religion,religion,NN,NN
15507,Canada_2011,0,596,58,sex,sex,NN,NN
15508,Canada_2011,0,596,60,age,age,NN,NN
15509,Canada_2011,0,596,61,or,or,CC,CC
15510,Canada_2011,0,596,62,mental,mental,NN,NN
15511,Canada_2011,0,596,63,or,or,CC,CC
15512,Canada_2011,0,596,64,physical,physical,JJ,JJ
15513,Canada_2011,0,596,65,disability,disability,NN,NN
15514,Canada_2011,0,597,0,2,2,CD,CD
15515,Canada_2011,0,598,0,Affirmative,affirmative,JJ,JJ
15516,Canada_2011,0,598,1,action,action,NN,NN
15517,Canada_2011,0,598,2,programs,programs,NNS,NN
15518,Canada_2011,0,598,3,Share,share,NNP,NN
15519,Canada_2011,0,598,4,Subsection,subsection,NNP,NN
15520,Canada_2011,0,598,6,1,1,CD,CD
15521,Canada_2011,0,598,8,does,does,VBZ,VB
15522,Canada_2011,0,598,9,not,not,RB,RB
15523,Canada_2011,0,598,10,preclude,preclude,VB,VB
15524,Canada_2011,0,598,11,any,any,DT,DT
15525,Canada_2011,0,598,12,law,law,NN,NN
15526,Canada_2011,0,598,14,program,program,NN,NN
15527,Canada_2011,0,598,15,or,or,CC,CC
15528,Canada_2011,0,598,16,activity,activity,NN,NN
15529,Canada_2011,0,598,17,that,that,WDT,WD
15530,Canada_2011,0,598,18,has,has,VBZ,VB
15531,Canada_2011,0,598,19,as,as,IN,IN
15532,Canada_2011,0,598,20,its,its,PRP$,PR
15533,Canada_2011,0,598,21,object,object,VBP,VB
15534,Canada_2011,0,598,22,the,the,DT,DT
15535,Canada_2011,0,598,23,amelioration,amelioration,NN,NN
15536,Canada_2011,0,598,24,of,of,IN,IN
15537,Canada_2011,0,598,25,conditions,conditions,NNS,NN
15538,Canada_2011,0,598,26,of,of,IN,IN
15539,Canada_2011,0,598,27,disadvantaged,disadvantaged,JJ,JJ
15540,Canada_2011,0,598,28,individuals,individuals,NNS,NN
15541,Canada_2011,0,598,29,or,or,CC,CC
15542,Canada_2011,0,598,30,groups,groups,NNS,NN
15543,Canada_2011,0,598,31,including,including,VBG,VB
15544,Canada_2011,0,598,32,those,those,DT,DT
15545,Canada_2011,0,598,33,that,that,WDT,WD
15546,Canada_2011,0,598,34,are,are,VBP,VB
15547,Canada_2011,0,598,35,disadvantaged,disadvantaged,VBN,VB
15548,Canada_2011,0,598,36,because,because,IN,IN
15549,Canada_2011,0,598,37,of,of,IN,IN
15550,Canada_2011,0,598,38,race,race,NN,NN
15551,Canada_2011,0,598,40,national,national,JJ,JJ
15552,Canada_2011,0,598,41,or,or,CC,CC
15553,Canada_2011,0,598,42,ethnic,ethnic,JJ,JJ
15554,Canada_2011,0,598,43,origin,origin,NN,NN
15555,Canada_2011,0,598,45,colour,colour,NN,NN
15556,Canada_2011,0,598,47,religion,religion,NN,NN
15557,Canada_2011,0,598,49,sex,sex,NN,NN
15558,Canada_2011,0,598,51,age,age,NN,NN
15559,Canada_2011,0,598,52,or,or,CC,CC
15560,Canada_2011,0,598,53,mental,mental,NN,NN
15561,Canada_2011,0,598,54,or,or,CC,CC
15562,Canada_2011,0,598,55,physical,physical,JJ,JJ
15563,Canada_2011,0,598,56,disability,disability,NN,NN
15564,Canada_2011,0,599,0,G.,g,NNP,NN
15565,Canada_2011,0,599,1,OFFICIAL,official,NNP,NN
15566,Canada_2011,0,599,2,LANGUAGES,languages,NNP,NN
15567,Canada_2011,0,599,3,OF,of,NNP,NN
15568,Canada_2011,0,599,4,CANADA,canada,NNP,NN
15569,Canada_2011,0,599,5,Share,share,NNP,NN
15570,Canada_2011,0,599,6,16,16,CD,CD
15571,Canada_2011,0,600,0,1,1,CD,CD
15572,Canada_2011,0,601,0,Official,official,JJ,JJ
15573,Canada_2011,0,601,1,languages,languages,NNS,NN
15574,Canada_2011,0,601,2,of,of,IN,IN
15575,Canada_2011,0,601,3,Canada,canada,NNP,NN
15576,Canada_2011,0,601,4,Share,share,NNP,NN
15577,Canada_2011,0,601,5,English,english,NNP,NN
15578,Canada_2011,0,601,6,and,and,CC,CC
15579,Canada_2011,0,601,7,French,french,NNP,NN
15580,Canada_2011,0,601,8,are,are,VBP,VB
15581,Canada_2011,0,601,9,the,the,DT,DT
15582,Canada_2011,0,601,10,official,official,JJ,JJ
15583,Canada_2011,0,601,11,languages,languages,NNS,NN
15584,Canada_2011,0,601,12,of,of,IN,IN
15585,Canada_2011,0,601,13,Canada,canada,NNP,NN
15586,Canada_2011,0,601,14,and,and,CC,CC
15587,Canada_2011,0,601,15,have,have,VBP,VB
15588,Canada_2011,0,601,16,equality,equality,NN,NN
15589,Canada_2011,0,601,17,of,of,IN,IN
15590,Canada_2011,0,601,18,status,status,NN,NN
15591,Canada_2011,0,601,19,and,and,CC,CC
15592,Canada_2011,0,601,20,equal,equal,JJ,JJ
15593,Canada_2011,0,601,21,rights,rights,NNS,NN
15594,Canada_2011,0,601,22,and,and,CC,CC
15595,Canada_2011,0,601,23,privileges,privileges,NNS,NN
15596,Canada_2011,0,601,24,as,as,IN,IN
15597,Canada_2011,0,601,25,to,to,TO,TO
15598,Canada_2011,0,601,26,their,their,PRP$,PR
15599,Canada_2011,0,601,27,use,use,NN,NN
15600,Canada_2011,0,601,28,in,in,IN,IN
15601,Canada_2011,0,601,29,all,all,DT,DT
15602,Canada_2011,0,601,30,institutions,institutions,NNS,NN
15603,Canada_2011,0,601,31,of,of,IN,IN
15604,Canada_2011,0,601,32,the,the,DT,DT
15605,Canada_2011,0,601,33,Parliament,parliament,NNP,NN
15606,Canada_2011,0,601,34,and,and,CC,CC
15607,Canada_2011,0,601,35,government,government,NN,NN
15608,Canada_2011,0,601,36,of,of,IN,IN
15609,Canada_2011,0,601,37,Canada,canada,NNP,NN
15610,Canada_2011,0,602,0,2,2,CD,CD
15611,Canada_2011,0,603,0,Official,official,JJ,JJ
15612,Canada_2011,0,603,1,languages,languages,NNS,NN
15613,Canada_2011,0,603,2,of,of,IN,IN
15614,Canada_2011,0,603,3,New,new,NNP,NN
15615,Canada_2011,0,603,4,Brunswick,brunswick,NNP,NN
15616,Canada_2011,0,603,5,Share,share,NNP,NN
15617,Canada_2011,0,603,6,English,english,NNP,NN
15618,Canada_2011,0,603,7,and,and,CC,CC
15619,Canada_2011,0,603,8,French,french,NNP,NN
15620,Canada_2011,0,603,9,are,are,VBP,VB
15621,Canada_2011,0,603,10,the,the,DT,DT
15622,Canada_2011,0,603,11,official,official,JJ,JJ
15623,Canada_2011,0,603,12,languages,languages,NNS,NN
15624,Canada_2011,0,603,13,of,of,IN,IN
15625,Canada_2011,0,603,14,New,new,NNP,NN
15626,Canada_2011,0,603,15,Brunswick,brunswick,NNP,NN
15627,Canada_2011,0,603,16,and,and,CC,CC
15628,Canada_2011,0,603,17,have,have,VBP,VB
15629,Canada_2011,0,603,18,equality,equality,NN,NN
15630,Canada_2011,0,603,19,of,of,IN,IN
15631,Canada_2011,0,603,20,status,status,NN,NN
15632,Canada_2011,0,603,21,and,and,CC,CC
15633,Canada_2011,0,603,22,equal,equal,JJ,JJ
15634,Canada_2011,0,603,23,rights,rights,NNS,NN
15635,Canada_2011,0,603,24,and,and,CC,CC
15636,Canada_2011,0,603,25,privileges,privileges,NNS,NN
15637,Canada_2011,0,603,26,as,as,IN,IN
15638,Canada_2011,0,603,27,to,to,TO,TO
15639,Canada_2011,0,603,28,their,their,PRP$,PR
15640,Canada_2011,0,603,29,use,use,NN,NN
15641,Canada_2011,0,603,30,in,in,IN,IN
15642,Canada_2011,0,603,31,all,all,DT,DT
15643,Canada_2011,0,603,32,institutions,institutions,NNS,NN
15644,Canada_2011,0,603,33,of,of,IN,IN
15645,Canada_2011,0,603,34,the,the,DT,DT
15646,Canada_2011,0,603,35,legislature,legislature,NN,NN
15647,Canada_2011,0,603,36,and,and,CC,CC
15648,Canada_2011,0,603,37,government,government,NN,NN
15649,Canada_2011,0,603,38,of,of,IN,IN
15650,Canada_2011,0,603,39,New,new,NNP,NN
15651,Canada_2011,0,603,40,Brunswick,brunswick,NNP,NN
15652,Canada_2011,0,604,0,3,3,CD,CD
15653,Canada_2011,0,605,0,Advancement,advancement,NN,NN
15654,Canada_2011,0,605,1,of,of,IN,IN
15655,Canada_2011,0,605,2,status,status,NN,NN
15656,Canada_2011,0,605,3,and,and,CC,CC
15657,Canada_2011,0,605,4,use,use,NN,NN
15658,Canada_2011,0,605,5,Share,share,NNP,NN
15659,Canada_2011,0,605,6,Nothing,nothing,NNP,NN
15660,Canada_2011,0,605,7,in,in,IN,IN
15661,Canada_2011,0,605,8,this,this,DT,DT
15662,Canada_2011,0,605,9,Charter,charter,NNP,NN
15663,Canada_2011,0,605,10,limits,limits,VBZ,VB
15664,Canada_2011,0,605,11,the,the,DT,DT
15665,Canada_2011,0,605,12,authority,authority,NN,NN
15666,Canada_2011,0,605,13,of,of,IN,IN
15667,Canada_2011,0,605,14,Parliament,parliament,NNP,NN
15668,Canada_2011,0,605,15,or,or,CC,CC
15669,Canada_2011,0,605,16,a,a,DT,DT
15670,Canada_2011,0,605,17,legislature,legislature,NN,NN
15671,Canada_2011,0,605,18,to,to,TO,TO
15672,Canada_2011,0,605,19,advance,advance,VB,VB
15673,Canada_2011,0,605,20,the,the,DT,DT
15674,Canada_2011,0,605,21,equality,equality,NN,NN
15675,Canada_2011,0,605,22,of,of,IN,IN
15676,Canada_2011,0,605,23,status,status,NN,NN
15677,Canada_2011,0,605,24,or,or,CC,CC
15678,Canada_2011,0,605,25,use,use,NN,NN
15679,Canada_2011,0,605,26,of,of,IN,IN
15680,Canada_2011,0,605,27,English,english,NNP,NN
15681,Canada_2011,0,605,28,and,and,CC,CC
15682,Canada_2011,0,605,29,French,french,NNP,NN
15683,Canada_2011,0,606,0,16.1,161,CD,CD
15684,Canada_2011,0,607,0,1,1,CD,CD
15685,Canada_2011,0,608,0,English,english,JJ,JJ
15686,Canada_2011,0,608,1,and,and,CC,CC
15687,Canada_2011,0,608,2,French,french,JJ,JJ
15688,Canada_2011,0,608,3,linguistic,linguistic,JJ,JJ
15689,Canada_2011,0,608,4,communities,communities,NNS,NN
15690,Canada_2011,0,608,5,in,in,IN,IN
15691,Canada_2011,0,608,6,New,new,NNP,NN
15692,Canada_2011,0,608,7,Brunswick,brunswick,NNP,NN
15693,Canada_2011,0,608,8,Share,share,NNP,NN
15694,Canada_2011,0,608,9,The,the,DT,DT
15695,Canada_2011,0,608,10,English,english,NNP,NN
15696,Canada_2011,0,608,11,linguistic,linguistic,JJ,JJ
15697,Canada_2011,0,608,12,community,community,NN,NN
15698,Canada_2011,0,608,13,and,and,CC,CC
15699,Canada_2011,0,608,14,the,the,DT,DT
15700,Canada_2011,0,608,15,French,french,JJ,JJ
15701,Canada_2011,0,608,16,linguistic,linguistic,JJ,JJ
15702,Canada_2011,0,608,17,community,community,NN,NN
15703,Canada_2011,0,608,18,in,in,IN,IN
15704,Canada_2011,0,608,19,New,new,NNP,NN
15705,Canada_2011,0,608,20,Brunswick,brunswick,NNP,NN
15706,Canada_2011,0,608,21,have,have,VBP,VB
15707,Canada_2011,0,608,22,equality,equality,NN,NN
15708,Canada_2011,0,608,23,of,of,IN,IN
15709,Canada_2011,0,608,24,status,status,NN,NN
15710,Canada_2011,0,608,25,and,and,CC,CC
15711,Canada_2011,0,608,26,equal,equal,JJ,JJ
15712,Canada_2011,0,608,27,rights,rights,NNS,NN
15713,Canada_2011,0,608,28,and,and,CC,CC
15714,Canada_2011,0,608,29,privileges,privileges,NNS,NN
15715,Canada_2011,0,608,31,including,including,VBG,VB
15716,Canada_2011,0,608,32,the,the,DT,DT
15717,Canada_2011,0,608,33,right,right,NN,NN
15718,Canada_2011,0,608,34,to,to,TO,TO
15719,Canada_2011,0,608,35,distinct,distinct,VB,VB
15720,Canada_2011,0,608,36,educational,educational,JJ,JJ
15721,Canada_2011,0,608,37,institutions,institutions,NNS,NN
15722,Canada_2011,0,608,38,and,and,CC,CC
15723,Canada_2011,0,608,39,such,such,JJ,JJ
15724,Canada_2011,0,608,40,distinct,distinct,JJ,JJ
15725,Canada_2011,0,608,41,cultural,cultural,JJ,JJ
15726,Canada_2011,0,608,42,institutions,institutions,NNS,NN
15727,Canada_2011,0,608,43,as,as,IN,IN
15728,Canada_2011,0,608,44,are,are,VBP,VB
15729,Canada_2011,0,608,45,necessary,necessary,JJ,JJ
15730,Canada_2011,0,608,46,for,for,IN,IN
15731,Canada_2011,0,608,47,the,the,DT,DT
15732,Canada_2011,0,608,48,preservation,preservation,NN,NN
15733,Canada_2011,0,608,49,and,and,CC,CC
15734,Canada_2011,0,608,50,promotion,promotion,NN,NN
15735,Canada_2011,0,608,51,of,of,IN,IN
15736,Canada_2011,0,608,52,those,those,DT,DT
15737,Canada_2011,0,608,53,communities,communities,NNS,NN
15738,Canada_2011,0,609,0,2,2,CD,CD
15739,Canada_2011,0,610,0,Role,role,NNP,NN
15740,Canada_2011,0,610,1,of,of,IN,IN
15741,Canada_2011,0,610,2,the,the,DT,DT
15742,Canada_2011,0,610,3,legislature,legislature,NN,NN
15743,Canada_2011,0,610,4,and,and,CC,CC
15744,Canada_2011,0,610,5,government,government,NN,NN
15745,Canada_2011,0,610,6,of,of,IN,IN
15746,Canada_2011,0,610,7,New,new,NNP,NN
15747,Canada_2011,0,610,8,Brunswick,brunswick,NNP,NN
15748,Canada_2011,0,610,9,Share,share,NNP,NN
15749,Canada_2011,0,610,10,The,the,DT,DT
15750,Canada_2011,0,610,11,role,role,NN,NN
15751,Canada_2011,0,610,12,of,of,IN,IN
15752,Canada_2011,0,610,13,the,the,DT,DT
15753,Canada_2011,0,610,14,legislature,legislature,NN,NN
15754,Canada_2011,0,610,15,and,and,CC,CC
15755,Canada_2011,0,610,16,government,government,NN,NN
15756,Canada_2011,0,610,17,of,of,IN,IN
15757,Canada_2011,0,610,18,New,new,NNP,NN
15758,Canada_2011,0,610,19,Brunswick,brunswick,NNP,NN
15759,Canada_2011,0,610,20,to,to,TO,TO
15760,Canada_2011,0,610,21,preserve,preserve,VB,VB
15761,Canada_2011,0,610,22,and,and,CC,CC
15762,Canada_2011,0,610,23,promote,promote,VB,VB
15763,Canada_2011,0,610,24,the,the,DT,DT
15764,Canada_2011,0,610,25,status,status,NN,NN
15765,Canada_2011,0,610,27,rights,rights,NNS,NN
15766,Canada_2011,0,610,28,and,and,CC,CC
15767,Canada_2011,0,610,29,privileges,privileges,NNS,NN
15768,Canada_2011,0,610,30,referred,referred,VBN,VB
15769,Canada_2011,0,610,31,to,to,TO,TO
15770,Canada_2011,0,610,32,in,in,IN,IN
15771,Canada_2011,0,610,33,subsection,subsection,NN,NN
15772,Canada_2011,0,610,35,1,1,CD,CD
15773,Canada_2011,0,610,37,is,is,VBZ,VB
15774,Canada_2011,0,610,38,affirmed,affirmed,VBN,VB
15775,Canada_2011,0,611,0,17,17,CD,CD
15776,Canada_2011,0,612,0,1,1,CD,CD
15777,Canada_2011,0,613,0,Proceedings,proceedings,NNS,NN
15778,Canada_2011,0,613,1,of,of,IN,IN
15779,Canada_2011,0,613,2,Parliament,parliament,NNP,NN
15780,Canada_2011,0,613,3,Share,share,NNP,NN
15781,Canada_2011,0,613,4,Everyone,everyone,NNP,NN
15782,Canada_2011,0,613,5,has,has,VBZ,VB
15783,Canada_2011,0,613,6,the,the,DT,DT
15784,Canada_2011,0,613,7,right,right,NN,NN
15785,Canada_2011,0,613,8,to,to,TO,TO
15786,Canada_2011,0,613,9,use,use,VB,VB
15787,Canada_2011,0,613,10,English,english,JJ,JJ
15788,Canada_2011,0,613,11,or,or,CC,CC
15789,Canada_2011,0,613,12,French,french,JJ,JJ
15790,Canada_2011,0,613,13,in,in,IN,IN
15791,Canada_2011,0,613,14,any,any,DT,DT
15792,Canada_2011,0,613,15,debates,debates,NNS,NN
15793,Canada_2011,0,613,16,and,and,CC,CC
15794,Canada_2011,0,613,17,other,other,JJ,JJ
15795,Canada_2011,0,613,18,proceedings,proceedings,NNS,NN
15796,Canada_2011,0,613,19,of,of,IN,IN
15797,Canada_2011,0,613,20,Parliament,parliament,NNP,NN
15798,Canada_2011,0,614,0,2,2,CD,CD
15799,Canada_2011,0,615,0,Proceedings,proceedings,NNS,NN
15800,Canada_2011,0,615,1,of,of,IN,IN
15801,Canada_2011,0,615,2,New,new,NNP,NN
15802,Canada_2011,0,615,3,Brunswick,brunswick,NNP,NN
15803,Canada_2011,0,615,4,legislature,legislature,NN,NN
15804,Canada_2011,0,615,5,Share,share,NNP,NN
15805,Canada_2011,0,615,6,Everyone,everyone,NNP,NN
15806,Canada_2011,0,615,7,has,has,VBZ,VB
15807,Canada_2011,0,615,8,the,the,DT,DT
15808,Canada_2011,0,615,9,right,right,NN,NN
15809,Canada_2011,0,615,10,to,to,TO,TO
15810,Canada_2011,0,615,11,use,use,VB,VB
15811,Canada_2011,0,615,12,English,english,JJ,JJ
15812,Canada_2011,0,615,13,or,or,CC,CC
15813,Canada_2011,0,615,14,French,french,JJ,JJ
15814,Canada_2011,0,615,15,in,in,IN,IN
15815,Canada_2011,0,615,16,any,any,DT,DT
15816,Canada_2011,0,615,17,debates,debates,NNS,NN
15817,Canada_2011,0,615,18,and,and,CC,CC
15818,Canada_2011,0,615,19,other,other,JJ,JJ
15819,Canada_2011,0,615,20,proceedings,proceedings,NNS,NN
15820,Canada_2011,0,615,21,of,of,IN,IN
15821,Canada_2011,0,615,22,the,the,DT,DT
15822,Canada_2011,0,615,23,legislature,legislature,NN,NN
15823,Canada_2011,0,615,24,of,of,IN,IN
15824,Canada_2011,0,615,25,New,new,NNP,NN
15825,Canada_2011,0,615,26,Brunswick,brunswick,NNP,NN
15826,Canada_2011,0,616,0,18,18,CD,CD
15827,Canada_2011,0,617,0,1,1,CD,CD
15828,Canada_2011,0,618,0,Parliamentary,parliamentary,JJ,JJ
15829,Canada_2011,0,618,1,statutes,statutes,NNS,NN
15830,Canada_2011,0,618,2,and,and,CC,CC
15831,Canada_2011,0,618,3,records,records,NNS,NN
15832,Canada_2011,0,618,4,Share,share,NNP,NN
15833,Canada_2011,0,618,5,The,the,DT,DT
15834,Canada_2011,0,618,6,statutes,statutes,NNS,NN
15835,Canada_2011,0,618,8,records,records,NNS,NN
15836,Canada_2011,0,618,9,and,and,CC,CC
15837,Canada_2011,0,618,10,journals,journals,NNS,NN
15838,Canada_2011,0,618,11,of,of,IN,IN
15839,Canada_2011,0,618,12,Parliament,parliament,NNP,NN
15840,Canada_2011,0,618,13,shall,shall,MD,MD
15841,Canada_2011,0,618,14,be,be,VB,VB
15842,Canada_2011,0,618,15,printed,printed,VBN,VB
15843,Canada_2011,0,618,16,and,and,CC,CC
15844,Canada_2011,0,618,17,published,published,VBN,VB
15845,Canada_2011,0,618,18,in,in,IN,IN
15846,Canada_2011,0,618,19,English,english,NNP,NN
15847,Canada_2011,0,618,20,and,and,CC,CC
15848,Canada_2011,0,618,21,French,french,JJ,JJ
15849,Canada_2011,0,618,22,and,and,CC,CC
15850,Canada_2011,0,618,23,both,both,DT,DT
15851,Canada_2011,0,618,24,language,language,NN,NN
15852,Canada_2011,0,618,25,versions,versions,NNS,NN
15853,Canada_2011,0,618,26,are,are,VBP,VB
15854,Canada_2011,0,618,27,equally,equally,RB,RB
15855,Canada_2011,0,618,28,authoritative,authoritative,JJ,JJ
15856,Canada_2011,0,619,0,2,2,CD,CD
15857,Canada_2011,0,620,0,New,new,NNP,NN
15858,Canada_2011,0,620,1,Brunswick,brunswick,NNP,NN
15859,Canada_2011,0,620,2,statutes,statutes,NNS,NN
15860,Canada_2011,0,620,3,and,and,CC,CC
15861,Canada_2011,0,620,4,records,records,NNS,NN
15862,Canada_2011,0,620,5,Share,share,NNP,NN
15863,Canada_2011,0,620,6,The,the,DT,DT
15864,Canada_2011,0,620,7,statutes,statutes,NNS,NN
15865,Canada_2011,0,620,9,records,records,NNS,NN
15866,Canada_2011,0,620,10,and,and,CC,CC
15867,Canada_2011,0,620,11,journals,journals,NNS,NN
15868,Canada_2011,0,620,12,of,of,IN,IN
15869,Canada_2011,0,620,13,the,the,DT,DT
15870,Canada_2011,0,620,14,legislature,legislature,NN,NN
15871,Canada_2011,0,620,15,of,of,IN,IN
15872,Canada_2011,0,620,16,New,new,NNP,NN
15873,Canada_2011,0,620,17,Brunswick,brunswick,NNP,NN
15874,Canada_2011,0,620,18,shall,shall,MD,MD
15875,Canada_2011,0,620,19,be,be,VB,VB
15876,Canada_2011,0,620,20,printed,printed,VBN,VB
15877,Canada_2011,0,620,21,and,and,CC,CC
15878,Canada_2011,0,620,22,published,published,VBN,VB
15879,Canada_2011,0,620,23,in,in,IN,IN
15880,Canada_2011,0,620,24,English,english,NNP,NN
15881,Canada_2011,0,620,25,and,and,CC,CC
15882,Canada_2011,0,620,26,French,french,JJ,JJ
15883,Canada_2011,0,620,27,and,and,CC,CC
15884,Canada_2011,0,620,28,both,both,DT,DT
15885,Canada_2011,0,620,29,language,language,NN,NN
15886,Canada_2011,0,620,30,versions,versions,NNS,NN
15887,Canada_2011,0,620,31,are,are,VBP,VB
15888,Canada_2011,0,620,32,equally,equally,RB,RB
15889,Canada_2011,0,620,33,authoritative,authoritative,JJ,JJ
15890,Canada_2011,0,621,0,19,19,CD,CD
15891,Canada_2011,0,622,0,1,1,CD,CD
15892,Canada_2011,0,623,0,Proceedings,proceedings,NNS,NN
15893,Canada_2011,0,623,1,in,in,IN,IN
15894,Canada_2011,0,623,2,courts,courts,NNS,NN
15895,Canada_2011,0,623,3,established,established,VBN,VB
15896,Canada_2011,0,623,4,by,by,IN,IN
15897,Canada_2011,0,623,5,Parliament,parliament,NNP,NN
15898,Canada_2011,0,623,6,Share,share,NNP,NN
15899,Canada_2011,0,623,7,Either,either,NNP,NN
15900,Canada_2011,0,623,8,English,english,NNP,NN
15901,Canada_2011,0,623,9,or,or,CC,CC
15902,Canada_2011,0,623,10,French,french,JJ,JJ
15903,Canada_2011,0,623,11,may,may,MD,MD
15904,Canada_2011,0,623,12,be,be,VB,VB
15905,Canada_2011,0,623,13,used,used,VBN,VB
15906,Canada_2011,0,623,14,by,by,IN,IN
15907,Canada_2011,0,623,15,any,any,DT,DT
15908,Canada_2011,0,623,16,person,person,NN,NN
15909,Canada_2011,0,623,17,in,in,IN,IN
15910,Canada_2011,0,623,19,or,or,CC,CC
15911,Canada_2011,0,623,20,in,in,IN,IN
15912,Canada_2011,0,623,21,any,any,DT,DT
15913,Canada_2011,0,623,22,pleading,pleading,NN,NN
15914,Canada_2011,0,623,23,in,in,IN,IN
15915,Canada_2011,0,623,24,or,or,CC,CC
15916,Canada_2011,0,623,25,process,process,NN,NN
15917,Canada_2011,0,623,26,issuing,issuing,NN,NN
15918,Canada_2011,0,623,27,from,from,IN,IN
15919,Canada_2011,0,623,29,any,any,DT,DT
15920,Canada_2011,0,623,30,court,court,NN,NN
15921,Canada_2011,0,623,31,established,established,VBN,VB
15922,Canada_2011,0,623,32,by,by,IN,IN
15923,Canada_2011,0,623,33,Parliament,parliament,NNP,NN
15924,Canada_2011,0,624,0,2,2,CD,CD
15925,Canada_2011,0,625,0,Proceedings,proceedings,NNS,NN
15926,Canada_2011,0,625,1,in,in,IN,IN
15927,Canada_2011,0,625,2,New,new,NNP,NN
15928,Canada_2011,0,625,3,Brunswick,brunswick,NNP,NN
15929,Canada_2011,0,625,4,courts,courts,NNS,NN
15930,Canada_2011,0,625,5,Share,share,NNP,NN
15931,Canada_2011,0,625,6,Either,either,NNP,NN
15932,Canada_2011,0,625,7,English,english,NNP,NN
15933,Canada_2011,0,625,8,or,or,CC,CC
15934,Canada_2011,0,625,9,French,french,JJ,JJ
15935,Canada_2011,0,625,10,may,may,MD,MD
15936,Canada_2011,0,625,11,be,be,VB,VB
15937,Canada_2011,0,625,12,used,used,VBN,VB
15938,Canada_2011,0,625,13,by,by,IN,IN
15939,Canada_2011,0,625,14,any,any,DT,DT
15940,Canada_2011,0,625,15,person,person,NN,NN
15941,Canada_2011,0,625,16,in,in,IN,IN
15942,Canada_2011,0,625,18,or,or,CC,CC
15943,Canada_2011,0,625,19,in,in,IN,IN
15944,Canada_2011,0,625,20,any,any,DT,DT
15945,Canada_2011,0,625,21,pleading,pleading,NN,NN
15946,Canada_2011,0,625,22,in,in,IN,IN
15947,Canada_2011,0,625,23,or,or,CC,CC
15948,Canada_2011,0,625,24,process,process,NN,NN
15949,Canada_2011,0,625,25,issuing,issuing,NN,NN
15950,Canada_2011,0,625,26,from,from,IN,IN
15951,Canada_2011,0,625,28,any,any,DT,DT
15952,Canada_2011,0,625,29,court,court,NN,NN
15953,Canada_2011,0,625,30,of,of,IN,IN
15954,Canada_2011,0,625,31,New,new,NNP,NN
15955,Canada_2011,0,625,32,Brunswick,brunswick,NNP,NN
15956,Canada_2011,0,626,0,20,20,CD,CD
15957,Canada_2011,0,627,0,1,1,CD,CD
15958,Canada_2011,0,628,0,Communications,communications,NNS,NN
15959,Canada_2011,0,628,1,by,by,IN,IN
15960,Canada_2011,0,628,2,public,public,JJ,JJ
15961,Canada_2011,0,628,3,with,with,IN,IN
15962,Canada_2011,0,628,4,federal,federal,JJ,JJ
15963,Canada_2011,0,628,5,institutions,institutions,NNS,NN
15964,Canada_2011,0,628,6,Share,share,NNP,NN
15965,Canada_2011,0,628,7,Any,any,NNP,NN
15966,Canada_2011,0,628,8,member,member,NN,NN
15967,Canada_2011,0,628,9,of,of,IN,IN
15968,Canada_2011,0,628,10,the,the,DT,DT
15969,Canada_2011,0,628,11,public,public,NN,NN
15970,Canada_2011,0,628,12,in,in,IN,IN
15971,Canada_2011,0,628,13,Canada,canada,NNP,NN
15972,Canada_2011,0,628,14,has,has,VBZ,VB
15973,Canada_2011,0,628,15,the,the,DT,DT
15974,Canada_2011,0,628,16,right,right,NN,NN
15975,Canada_2011,0,628,17,to,to,TO,TO
15976,Canada_2011,0,628,18,communicate,communicate,VB,VB
15977,Canada_2011,0,628,19,with,with,IN,IN
15978,Canada_2011,0,628,21,and,and,CC,CC
15979,Canada_2011,0,628,22,to,to,TO,TO
15980,Canada_2011,0,628,23,receive,receive,VB,VB
15981,Canada_2011,0,628,24,available,available,JJ,JJ
15982,Canada_2011,0,628,25,services,services,NNS,NN
15983,Canada_2011,0,628,26,from,from,IN,IN
15984,Canada_2011,0,628,28,any,any,DT,DT
15985,Canada_2011,0,628,29,head,head,NN,NN
15986,Canada_2011,0,628,30,or,or,CC,CC
15987,Canada_2011,0,628,31,central,central,JJ,JJ
15988,Canada_2011,0,628,32,office,office,NN,NN
15989,Canada_2011,0,628,33,of,of,IN,IN
15990,Canada_2011,0,628,34,an,an,DT,DT
15991,Canada_2011,0,628,35,institution,institution,NN,NN
15992,Canada_2011,0,628,36,of,of,IN,IN
15993,Canada_2011,0,628,37,the,the,DT,DT
15994,Canada_2011,0,628,38,Parliament,parliament,NNP,NN
15995,Canada_2011,0,628,39,or,or,CC,CC
15996,Canada_2011,0,628,40,government,government,NN,NN
15997,Canada_2011,0,628,41,of,of,IN,IN
15998,Canada_2011,0,628,42,Canada,canada,NNP,NN
15999,Canada_2011,0,628,43,in,in,IN,IN
16000,Canada_2011,0,628,44,English,english,NNP,NN
16001,Canada_2011,0,628,45,or,or,CC,CC
16002,Canada_2011,0,628,46,French,french,JJ,JJ
16003,Canada_2011,0,628,48,and,and,CC,CC
16004,Canada_2011,0,628,49,has,has,VBZ,VB
16005,Canada_2011,0,628,50,the,the,DT,DT
16006,Canada_2011,0,628,51,same,same,JJ,JJ
16007,Canada_2011,0,628,52,right,right,NN,NN
16008,Canada_2011,0,628,53,with,with,IN,IN
16009,Canada_2011,0,628,54,respect,respect,NN,NN
16010,Canada_2011,0,628,55,to,to,TO,TO
16011,Canada_2011,0,628,56,any,any,DT,DT
16012,Canada_2011,0,628,57,other,other,JJ,JJ
16013,Canada_2011,0,628,58,office,office,NN,NN
16014,Canada_2011,0,628,59,of,of,IN,IN
16015,Canada_2011,0,628,60,any,any,DT,DT
16016,Canada_2011,0,628,61,such,such,JJ,JJ
16017,Canada_2011,0,628,62,institution,institution,NN,NN
16018,Canada_2011,0,628,63,where,where,WRB,WR
16019,Canada_2011,0,628,64,a.there,athere,RB,RB
16020,Canada_2011,0,628,65,is,is,VBZ,VB
16021,Canada_2011,0,628,66,a,a,DT,DT
16022,Canada_2011,0,628,67,significant,significant,JJ,JJ
16023,Canada_2011,0,628,68,demand,demand,NN,NN
16024,Canada_2011,0,628,69,for,for,IN,IN
16025,Canada_2011,0,628,70,communications,communications,NNS,NN
16026,Canada_2011,0,628,71,with,with,IN,IN
16027,Canada_2011,0,628,72,and,and,CC,CC
16028,Canada_2011,0,628,73,services,services,NNS,NN
16029,Canada_2011,0,628,74,from,from,IN,IN
16030,Canada_2011,0,628,75,that,that,DT,DT
16031,Canada_2011,0,628,76,office,office,NN,NN
16032,Canada_2011,0,628,77,in,in,IN,IN
16033,Canada_2011,0,628,78,such,such,JJ,JJ
16034,Canada_2011,0,628,79,language,language,NN,NN
16035,Canada_2011,0,628,81,or,or,CC,CC
16036,Canada_2011,0,628,82,b.due,bdue,VB,VB
16037,Canada_2011,0,628,83,to,to,TO,TO
16038,Canada_2011,0,628,84,the,the,DT,DT
16039,Canada_2011,0,628,85,nature,nature,NN,NN
16040,Canada_2011,0,628,86,of,of,IN,IN
16041,Canada_2011,0,628,87,the,the,DT,DT
16042,Canada_2011,0,628,88,office,office,NN,NN
16043,Canada_2011,0,628,90,it,it,PRP,PR
16044,Canada_2011,0,628,91,is,is,VBZ,VB
16045,Canada_2011,0,628,92,reasonable,reasonable,JJ,JJ
16046,Canada_2011,0,628,93,that,that,IN,IN
16047,Canada_2011,0,628,94,communications,communications,NNS,NN
16048,Canada_2011,0,628,95,with,with,IN,IN
16049,Canada_2011,0,628,96,and,and,CC,CC
16050,Canada_2011,0,628,97,services,services,NNS,NN
16051,Canada_2011,0,628,98,from,from,IN,IN
16052,Canada_2011,0,628,99,that,that,DT,DT
16053,Canada_2011,0,628,100,office,office,NN,NN
16054,Canada_2011,0,628,101,be,be,VB,VB
16055,Canada_2011,0,628,102,available,available,JJ,JJ
16056,Canada_2011,0,628,103,in,in,IN,IN
16057,Canada_2011,0,628,104,both,both,DT,DT
16058,Canada_2011,0,628,105,English,english,NNP,NN
16059,Canada_2011,0,628,106,and,and,CC,CC
16060,Canada_2011,0,628,107,French,french,NNP,NN
16061,Canada_2011,0,629,0,2,2,CD,CD
16062,Canada_2011,0,630,0,Communications,communications,NNS,NN
16063,Canada_2011,0,630,1,by,by,IN,IN
16064,Canada_2011,0,630,2,public,public,JJ,JJ
16065,Canada_2011,0,630,3,with,with,IN,IN
16066,Canada_2011,0,630,4,New,new,NNP,NN
16067,Canada_2011,0,630,5,Brunswick,brunswick,NNP,NN
16068,Canada_2011,0,630,6,institutions,institutions,NNS,NN
16069,Canada_2011,0,630,7,Share,share,NNP,NN
16070,Canada_2011,0,630,8,Any,any,NNP,NN
16071,Canada_2011,0,630,9,member,member,NN,NN
16072,Canada_2011,0,630,10,of,of,IN,IN
16073,Canada_2011,0,630,11,the,the,DT,DT
16074,Canada_2011,0,630,12,public,public,NN,NN
16075,Canada_2011,0,630,13,in,in,IN,IN
16076,Canada_2011,0,630,14,New,new,NNP,NN
16077,Canada_2011,0,630,15,Brunswick,brunswick,NNP,NN
16078,Canada_2011,0,630,16,has,has,VBZ,VB
16079,Canada_2011,0,630,17,the,the,DT,DT
16080,Canada_2011,0,630,18,right,right,NN,NN
16081,Canada_2011,0,630,19,to,to,TO,TO
16082,Canada_2011,0,630,20,communicate,communicate,VB,VB
16083,Canada_2011,0,630,21,with,with,IN,IN
16084,Canada_2011,0,630,23,and,and,CC,CC
16085,Canada_2011,0,630,24,to,to,TO,TO
16086,Canada_2011,0,630,25,receive,receive,VB,VB
16087,Canada_2011,0,630,26,available,available,JJ,JJ
16088,Canada_2011,0,630,27,services,services,NNS,NN
16089,Canada_2011,0,630,28,from,from,IN,IN
16090,Canada_2011,0,630,30,any,any,DT,DT
16091,Canada_2011,0,630,31,office,office,NN,NN
16092,Canada_2011,0,630,32,of,of,IN,IN
16093,Canada_2011,0,630,33,an,an,DT,DT
16094,Canada_2011,0,630,34,institution,institution,NN,NN
16095,Canada_2011,0,630,35,of,of,IN,IN
16096,Canada_2011,0,630,36,the,the,DT,DT
16097,Canada_2011,0,630,37,legislature,legislature,NN,NN
16098,Canada_2011,0,630,38,or,or,CC,CC
16099,Canada_2011,0,630,39,government,government,NN,NN
16100,Canada_2011,0,630,40,of,of,IN,IN
16101,Canada_2011,0,630,41,New,new,NNP,NN
16102,Canada_2011,0,630,42,Brunswick,brunswick,NNP,NN
16103,Canada_2011,0,630,43,in,in,IN,IN
16104,Canada_2011,0,630,44,English,english,NNP,NN
16105,Canada_2011,0,630,45,or,or,CC,CC
16106,Canada_2011,0,630,46,French,french,JJ,JJ
16107,Canada_2011,0,631,0,21,21,CD,CD
16108,Canada_2011,0,632,0,Continuation,continuation,NN,NN
16109,Canada_2011,0,632,1,of,of,IN,IN
16110,Canada_2011,0,632,2,existing,existing,VBG,VB
16111,Canada_2011,0,632,3,constitutional,constitutional,JJ,JJ
16112,Canada_2011,0,632,4,provisions,provisions,NNS,NN
16113,Canada_2011,0,632,5,Share,share,NNP,NN
16114,Canada_2011,0,632,6,Nothing,nothing,NNP,NN
16115,Canada_2011,0,632,7,in,in,IN,IN
16116,Canada_2011,0,632,8,sections,sections,NNS,NN
16117,Canada_2011,0,632,9,16,16,CD,CD
16118,Canada_2011,0,632,10,to,to,TO,TO
16119,Canada_2011,0,632,11,20,20,CD,CD
16120,Canada_2011,0,632,12,abrogates,abrogates,NNS,NN
16121,Canada_2011,0,632,13,or,or,CC,CC
16122,Canada_2011,0,632,14,derogates,derogates,NNS,NN
16123,Canada_2011,0,632,15,from,from,IN,IN
16124,Canada_2011,0,632,16,any,any,DT,DT
16125,Canada_2011,0,632,17,right,right,NN,NN
16126,Canada_2011,0,632,19,privilege,privilege,NN,NN
16127,Canada_2011,0,632,20,or,or,CC,CC
16128,Canada_2011,0,632,21,obligation,obligation,NN,NN
16129,Canada_2011,0,632,22,with,with,IN,IN
16130,Canada_2011,0,632,23,respect,respect,NN,NN
16131,Canada_2011,0,632,24,to,to,TO,TO
16132,Canada_2011,0,632,25,the,the,DT,DT
16133,Canada_2011,0,632,26,English,english,NNP,NN
16134,Canada_2011,0,632,27,and,and,CC,CC
16135,Canada_2011,0,632,28,French,french,JJ,JJ
16136,Canada_2011,0,632,29,languages,languages,NNS,NN
16137,Canada_2011,0,632,31,or,or,CC,CC
16138,Canada_2011,0,632,32,either,either,DT,DT
16139,Canada_2011,0,632,33,of,of,IN,IN
16140,Canada_2011,0,632,34,them,them,PRP,PR
16141,Canada_2011,0,632,36,that,that,IN,IN
16142,Canada_2011,0,632,37,exists,exists,VBZ,VB
16143,Canada_2011,0,632,38,or,or,CC,CC
16144,Canada_2011,0,632,39,is,is,VBZ,VB
16145,Canada_2011,0,632,40,continued,continued,VBN,VB
16146,Canada_2011,0,632,41,by,by,IN,IN
16147,Canada_2011,0,632,42,virtue,virtue,NN,NN
16148,Canada_2011,0,632,43,of,of,IN,IN
16149,Canada_2011,0,632,44,any,any,DT,DT
16150,Canada_2011,0,632,45,other,other,JJ,JJ
16151,Canada_2011,0,632,46,provision,provision,NN,NN
16152,Canada_2011,0,632,47,of,of,IN,IN
16153,Canada_2011,0,632,48,the,the,DT,DT
16154,Canada_2011,0,632,49,Constitution,constitution,NNP,NN
16155,Canada_2011,0,632,50,of,of,IN,IN
16156,Canada_2011,0,632,51,Canada,canada,NNP,NN
16157,Canada_2011,0,633,0,22,22,CD,CD
16158,Canada_2011,0,634,0,Rights,rights,NNS,NN
16159,Canada_2011,0,634,1,and,and,CC,CC
16160,Canada_2011,0,634,2,privileges,privileges,NNS,NN
16161,Canada_2011,0,634,3,preserved,preserved,VBN,VB
16162,Canada_2011,0,634,4,Share,share,NNP,NN
16163,Canada_2011,0,634,5,Nothing,nothing,NNP,NN
16164,Canada_2011,0,634,6,in,in,IN,IN
16165,Canada_2011,0,634,7,sections,sections,NNS,NN
16166,Canada_2011,0,634,8,16,16,CD,CD
16167,Canada_2011,0,634,9,to,to,TO,TO
16168,Canada_2011,0,634,10,20,20,CD,CD
16169,Canada_2011,0,634,11,abrogates,abrogates,NNS,NN
16170,Canada_2011,0,634,12,or,or,CC,CC
16171,Canada_2011,0,634,13,derogates,derogates,NNS,NN
16172,Canada_2011,0,634,14,from,from,IN,IN
16173,Canada_2011,0,634,15,any,any,DT,DT
16174,Canada_2011,0,634,16,legal,legal,JJ,JJ
16175,Canada_2011,0,634,17,or,or,CC,CC
16176,Canada_2011,0,634,18,customary,customary,JJ,JJ
16177,Canada_2011,0,634,19,right,right,NN,NN
16178,Canada_2011,0,634,20,or,or,CC,CC
16179,Canada_2011,0,634,21,privilege,privilege,NN,NN
16180,Canada_2011,0,634,22,acquired,acquired,VBD,VB
16181,Canada_2011,0,634,23,or,or,CC,CC
16182,Canada_2011,0,634,24,enjoyed,enjoyed,VBN,VB
16183,Canada_2011,0,634,25,either,either,CC,CC
16184,Canada_2011,0,634,26,before,before,IN,IN
16185,Canada_2011,0,634,27,or,or,CC,CC
16186,Canada_2011,0,634,28,after,after,IN,IN
16187,Canada_2011,0,634,29,the,the,DT,DT
16188,Canada_2011,0,634,30,coming,coming,VBG,VB
16189,Canada_2011,0,634,31,into,into,IN,IN
16190,Canada_2011,0,634,32,force,force,NN,NN
16191,Canada_2011,0,634,33,of,of,IN,IN
16192,Canada_2011,0,634,34,this,this,DT,DT
16193,Canada_2011,0,634,35,Charter,charter,NNP,NN
16194,Canada_2011,0,634,36,with,with,IN,IN
16195,Canada_2011,0,634,37,respect,respect,NN,NN
16196,Canada_2011,0,634,38,to,to,TO,TO
16197,Canada_2011,0,634,39,any,any,DT,DT
16198,Canada_2011,0,634,40,language,language,NN,NN
16199,Canada_2011,0,634,41,that,that,WDT,WD
16200,Canada_2011,0,634,42,is,is,VBZ,VB
16201,Canada_2011,0,634,43,not,not,RB,RB
16202,Canada_2011,0,634,44,English,english,JJ,JJ
16203,Canada_2011,0,634,45,or,or,CC,CC
16204,Canada_2011,0,634,46,French,french,JJ,JJ
16205,Canada_2011,0,635,0,H.,h,NNP,NN
16206,Canada_2011,0,635,1,MINORITY,minority,NNP,NN
16207,Canada_2011,0,635,2,LANGUAGE,language,NNP,NN
16208,Canada_2011,0,635,3,EDUCATIONAL,educational,NNP,NN
16209,Canada_2011,0,635,4,RIGHTS,rights,NNP,NN
16210,Canada_2011,0,635,5,Share,share,NNP,NN
16211,Canada_2011,0,635,6,23,23,CD,CD
16212,Canada_2011,0,636,0,1,1,CD,CD
16213,Canada_2011,0,637,0,Language,language,NN,NN
16214,Canada_2011,0,637,1,of,of,IN,IN
16215,Canada_2011,0,637,2,instruction,instruction,NN,NN
16216,Canada_2011,0,637,3,Share,share,NNP,NN
16217,Canada_2011,0,637,4,Citizens,citizens,NNP,NN
16218,Canada_2011,0,637,5,of,of,IN,IN
16219,Canada_2011,0,637,6,Canada,canada,NNP,NN
16220,Canada_2011,0,637,7,a.whose,awhose,VBP,VB
16221,Canada_2011,0,637,8,first,first,JJ,JJ
16222,Canada_2011,0,637,9,language,language,NN,NN
16223,Canada_2011,0,637,10,learned,learned,VBN,VB
16224,Canada_2011,0,637,11,and,and,CC,CC
16225,Canada_2011,0,637,12,still,still,RB,RB
16226,Canada_2011,0,637,13,understood,understood,NN,NN
16227,Canada_2011,0,637,14,is,is,VBZ,VB
16228,Canada_2011,0,637,15,that,that,IN,IN
16229,Canada_2011,0,637,16,of,of,IN,IN
16230,Canada_2011,0,637,17,the,the,DT,DT
16231,Canada_2011,0,637,18,English,english,NNP,NN
16232,Canada_2011,0,637,19,or,or,CC,CC
16233,Canada_2011,0,637,20,French,french,JJ,JJ
16234,Canada_2011,0,637,21,linguistic,linguistic,JJ,JJ
16235,Canada_2011,0,637,22,minority,minority,NN,NN
16236,Canada_2011,0,637,23,population,population,NN,NN
16237,Canada_2011,0,637,24,of,of,IN,IN
16238,Canada_2011,0,637,25,the,the,DT,DT
16239,Canada_2011,0,637,26,province,province,NN,NN
16240,Canada_2011,0,637,27,in,in,IN,IN
16241,Canada_2011,0,637,28,which,which,WDT,WD
16242,Canada_2011,0,637,29,they,they,PRP,PR
16243,Canada_2011,0,637,30,reside,reside,VBP,VB
16244,Canada_2011,0,637,32,or,or,CC,CC
16245,Canada_2011,0,637,33,b.who,bwho,NNS,NN
16246,Canada_2011,0,637,34,have,have,VBP,VB
16247,Canada_2011,0,637,35,received,received,VBN,VB
16248,Canada_2011,0,637,36,their,their,PRP$,PR
16249,Canada_2011,0,637,37,primary,primary,JJ,JJ
16250,Canada_2011,0,637,38,school,school,NN,NN
16251,Canada_2011,0,637,39,instruction,instruction,NN,NN
16252,Canada_2011,0,637,40,in,in,IN,IN
16253,Canada_2011,0,637,41,Canada,canada,NNP,NN
16254,Canada_2011,0,637,42,in,in,IN,IN
16255,Canada_2011,0,637,43,English,english,NNP,NN
16256,Canada_2011,0,637,44,or,or,CC,CC
16257,Canada_2011,0,637,45,French,french,JJ,JJ
16258,Canada_2011,0,637,46,and,and,CC,CC
16259,Canada_2011,0,637,47,reside,reside,VB,VB
16260,Canada_2011,0,637,48,in,in,IN,IN
16261,Canada_2011,0,637,49,a,a,DT,DT
16262,Canada_2011,0,637,50,province,province,NN,NN
16263,Canada_2011,0,637,51,where,where,WRB,WR
16264,Canada_2011,0,637,52,the,the,DT,DT
16265,Canada_2011,0,637,53,language,language,NN,NN
16266,Canada_2011,0,637,54,in,in,IN,IN
16267,Canada_2011,0,637,55,which,which,WDT,WD
16268,Canada_2011,0,637,56,they,they,PRP,PR
16269,Canada_2011,0,637,57,received,received,VBD,VB
16270,Canada_2011,0,637,58,that,that,DT,DT
16271,Canada_2011,0,637,59,instruction,instruction,NN,NN
16272,Canada_2011,0,637,60,is,is,VBZ,VB
16273,Canada_2011,0,637,61,the,the,DT,DT
16274,Canada_2011,0,637,62,language,language,NN,NN
16275,Canada_2011,0,637,63,of,of,IN,IN
16276,Canada_2011,0,637,64,the,the,DT,DT
16277,Canada_2011,0,637,65,English,english,NNP,NN
16278,Canada_2011,0,637,66,or,or,CC,CC
16279,Canada_2011,0,637,67,French,french,JJ,JJ
16280,Canada_2011,0,637,68,linguistic,linguistic,JJ,JJ
16281,Canada_2011,0,637,69,minority,minority,NN,NN
16282,Canada_2011,0,637,70,population,population,NN,NN
16283,Canada_2011,0,637,71,of,of,IN,IN
16284,Canada_2011,0,637,72,the,the,DT,DT
16285,Canada_2011,0,637,73,province,province,NN,NN
16286,Canada_2011,0,637,75,have,have,VBP,VB
16287,Canada_2011,0,637,76,the,the,DT,DT
16288,Canada_2011,0,637,77,right,right,NN,NN
16289,Canada_2011,0,637,78,to,to,TO,TO
16290,Canada_2011,0,637,79,have,have,VB,VB
16291,Canada_2011,0,637,80,their,their,PRP$,PR
16292,Canada_2011,0,637,81,children,children,NNS,NN
16293,Canada_2011,0,637,82,receive,receive,VBP,VB
16294,Canada_2011,0,637,83,primary,primary,JJ,JJ
16295,Canada_2011,0,637,84,and,and,CC,CC
16296,Canada_2011,0,637,85,secondary,secondary,JJ,JJ
16297,Canada_2011,0,637,86,school,school,NN,NN
16298,Canada_2011,0,637,87,instruction,instruction,NN,NN
16299,Canada_2011,0,637,88,in,in,IN,IN
16300,Canada_2011,0,637,89,that,that,DT,DT
16301,Canada_2011,0,637,90,language,language,NN,NN
16302,Canada_2011,0,637,91,in,in,IN,IN
16303,Canada_2011,0,637,92,that,that,DT,DT
16304,Canada_2011,0,637,93,province,province,NN,NN
16305,Canada_2011,0,638,0,2,2,CD,CD
16306,Canada_2011,0,639,0,Continuity,continuity,NN,NN
16307,Canada_2011,0,639,1,of,of,IN,IN
16308,Canada_2011,0,639,2,language,language,NN,NN
16309,Canada_2011,0,639,3,instruction,instruction,NN,NN
16310,Canada_2011,0,639,4,Share,share,NNP,NN
16311,Canada_2011,0,639,5,Citizens,citizens,NNP,NN
16312,Canada_2011,0,639,6,of,of,IN,IN
16313,Canada_2011,0,639,7,Canada,canada,NNP,NN
16314,Canada_2011,0,639,8,of,of,IN,IN
16315,Canada_2011,0,639,9,whom,whom,WP,WP
16316,Canada_2011,0,639,10,any,any,DT,DT
16317,Canada_2011,0,639,11,child,child,NN,NN
16318,Canada_2011,0,639,12,has,has,VBZ,VB
16319,Canada_2011,0,639,13,received,received,VBN,VB
16320,Canada_2011,0,639,14,or,or,CC,CC
16321,Canada_2011,0,639,15,is,is,VBZ,VB
16322,Canada_2011,0,639,16,receiving,receiving,VBG,VB
16323,Canada_2011,0,639,17,primary,primary,JJ,JJ
16324,Canada_2011,0,639,18,or,or,CC,CC
16325,Canada_2011,0,639,19,secondary,secondary,JJ,JJ
16326,Canada_2011,0,639,20,school,school,NN,NN
16327,Canada_2011,0,639,21,instruction,instruction,NN,NN
16328,Canada_2011,0,639,22,in,in,IN,IN
16329,Canada_2011,0,639,23,English,english,NNP,NN
16330,Canada_2011,0,639,24,or,or,CC,CC
16331,Canada_2011,0,639,25,French,french,JJ,JJ
16332,Canada_2011,0,639,26,in,in,IN,IN
16333,Canada_2011,0,639,27,Canada,canada,NNP,NN
16334,Canada_2011,0,639,29,have,have,VBP,VB
16335,Canada_2011,0,639,30,the,the,DT,DT
16336,Canada_2011,0,639,31,right,right,NN,NN
16337,Canada_2011,0,639,32,to,to,TO,TO
16338,Canada_2011,0,639,33,have,have,VB,VB
16339,Canada_2011,0,639,34,all,all,DT,DT
16340,Canada_2011,0,639,35,their,their,PRP$,PR
16341,Canada_2011,0,639,36,children,children,NNS,NN
16342,Canada_2011,0,639,37,receive,receive,VBP,VB
16343,Canada_2011,0,639,38,primary,primary,JJ,JJ
16344,Canada_2011,0,639,39,and,and,CC,CC
16345,Canada_2011,0,639,40,secondary,secondary,JJ,JJ
16346,Canada_2011,0,639,41,school,school,NN,NN
16347,Canada_2011,0,639,42,instruction,instruction,NN,NN
16348,Canada_2011,0,639,43,in,in,IN,IN
16349,Canada_2011,0,639,44,the,the,DT,DT
16350,Canada_2011,0,639,45,same,same,JJ,JJ
16351,Canada_2011,0,639,46,language,language,NN,NN
16352,Canada_2011,0,640,0,3,3,CD,CD
16353,Canada_2011,0,641,0,Application,application,NN,NN
16354,Canada_2011,0,641,1,where,where,WRB,WR
16355,Canada_2011,0,641,2,numbers,numbers,NNS,NN
16356,Canada_2011,0,641,3,warrant,warrant,VBP,VB
16357,Canada_2011,0,641,4,Share,share,NNP,NN
16358,Canada_2011,0,641,5,The,the,DT,DT
16359,Canada_2011,0,641,6,right,right,NN,NN
16360,Canada_2011,0,641,7,of,of,IN,IN
16361,Canada_2011,0,641,8,citizens,citizens,NNS,NN
16362,Canada_2011,0,641,9,of,of,IN,IN
16363,Canada_2011,0,641,10,Canada,canada,NNP,NN
16364,Canada_2011,0,641,11,under,under,IN,IN
16365,Canada_2011,0,641,12,subsections,subsections,NNS,NN
16366,Canada_2011,0,641,14,1,1,CD,CD
16367,Canada_2011,0,641,16,and,and,CC,CC
16368,Canada_2011,0,641,18,2,2,CD,CD
16369,Canada_2011,0,641,20,to,to,TO,TO
16370,Canada_2011,0,641,21,have,have,VB,VB
16371,Canada_2011,0,641,22,their,their,PRP$,PR
16372,Canada_2011,0,641,23,children,children,NNS,NN
16373,Canada_2011,0,641,24,receive,receive,VBP,VB
16374,Canada_2011,0,641,25,primary,primary,JJ,JJ
16375,Canada_2011,0,641,26,and,and,CC,CC
16376,Canada_2011,0,641,27,secondary,secondary,JJ,JJ
16377,Canada_2011,0,641,28,school,school,NN,NN
16378,Canada_2011,0,641,29,instruction,instruction,NN,NN
16379,Canada_2011,0,641,30,in,in,IN,IN
16380,Canada_2011,0,641,31,the,the,DT,DT
16381,Canada_2011,0,641,32,language,language,NN,NN
16382,Canada_2011,0,641,33,of,of,IN,IN
16383,Canada_2011,0,641,34,the,the,DT,DT
16384,Canada_2011,0,641,35,English,english,NNP,NN
16385,Canada_2011,0,641,36,or,or,CC,CC
16386,Canada_2011,0,641,37,French,french,JJ,JJ
16387,Canada_2011,0,641,38,linguistic,linguistic,JJ,JJ
16388,Canada_2011,0,641,39,minority,minority,NN,NN
16389,Canada_2011,0,641,40,population,population,NN,NN
16390,Canada_2011,0,641,41,of,of,IN,IN
16391,Canada_2011,0,641,42,a,a,DT,DT
16392,Canada_2011,0,641,43,province,province,NN,NN
16393,Canada_2011,0,641,44,a.applies,aapplies,NNS,NN
16394,Canada_2011,0,641,45,wherever,wherever,WRB,WR
16395,Canada_2011,0,641,46,in,in,IN,IN
16396,Canada_2011,0,641,47,the,the,DT,DT
16397,Canada_2011,0,641,48,province,province,NN,NN
16398,Canada_2011,0,641,49,the,the,DT,DT
16399,Canada_2011,0,641,50,number,number,NN,NN
16400,Canada_2011,0,641,51,of,of,IN,IN
16401,Canada_2011,0,641,52,children,children,NNS,NN
16402,Canada_2011,0,641,53,of,of,IN,IN
16403,Canada_2011,0,641,54,citizens,citizens,NNS,NN
16404,Canada_2011,0,641,55,who,who,WP,WP
16405,Canada_2011,0,641,56,have,have,VBP,VB
16406,Canada_2011,0,641,57,such,such,PDT,PD
16407,Canada_2011,0,641,58,a,a,DT,DT
16408,Canada_2011,0,641,59,right,right,NN,NN
16409,Canada_2011,0,641,60,is,is,VBZ,VB
16410,Canada_2011,0,641,61,sufficient,sufficient,JJ,JJ
16411,Canada_2011,0,641,62,to,to,TO,TO
16412,Canada_2011,0,641,63,warrant,warrant,VB,VB
16413,Canada_2011,0,641,64,the,the,DT,DT
16414,Canada_2011,0,641,65,provision,provision,NN,NN
16415,Canada_2011,0,641,66,to,to,TO,TO
16416,Canada_2011,0,641,67,them,them,PRP,PR
16417,Canada_2011,0,641,68,out,out,IN,IN
16418,Canada_2011,0,641,69,of,of,IN,IN
16419,Canada_2011,0,641,70,public,public,JJ,JJ
16420,Canada_2011,0,641,71,funds,funds,NNS,NN
16421,Canada_2011,0,641,72,of,of,IN,IN
16422,Canada_2011,0,641,73,minority,minority,NN,NN
16423,Canada_2011,0,641,74,language,language,NN,NN
16424,Canada_2011,0,641,75,instruction,instruction,NN,NN
16425,Canada_2011,0,641,77,and,and,CC,CC
16426,Canada_2011,0,641,78,b.includes,bincludes,NNS,NN
16427,Canada_2011,0,641,80,where,where,WRB,WR
16428,Canada_2011,0,641,81,the,the,DT,DT
16429,Canada_2011,0,641,82,number,number,NN,NN
16430,Canada_2011,0,641,83,of,of,IN,IN
16431,Canada_2011,0,641,84,those,those,DT,DT
16432,Canada_2011,0,641,85,children,children,NNS,NN
16433,Canada_2011,0,641,86,so,so,RB,RB
16434,Canada_2011,0,641,87,warrants,warrants,NNS,NN
16435,Canada_2011,0,641,89,the,the,DT,DT
16436,Canada_2011,0,641,90,right,right,NN,NN
16437,Canada_2011,0,641,91,to,to,TO,TO
16438,Canada_2011,0,641,92,have,have,VB,VB
16439,Canada_2011,0,641,93,them,them,PRP,PR
16440,Canada_2011,0,641,94,receive,receive,VB,VB
16441,Canada_2011,0,641,95,that,that,DT,DT
16442,Canada_2011,0,641,96,instruction,instruction,NN,NN
16443,Canada_2011,0,641,97,in,in,IN,IN
16444,Canada_2011,0,641,98,minority,minority,NN,NN
16445,Canada_2011,0,641,99,language,language,NN,NN
16446,Canada_2011,0,641,100,educational,educational,JJ,JJ
16447,Canada_2011,0,641,101,facilities,facilities,NNS,NN
16448,Canada_2011,0,641,102,provided,provided,VBD,VB
16449,Canada_2011,0,641,103,out,out,IN,IN
16450,Canada_2011,0,641,104,of,of,IN,IN
16451,Canada_2011,0,641,105,public,public,JJ,JJ
16452,Canada_2011,0,641,106,funds,funds,NNS,NN
16453,Canada_2011,0,642,0,I,i,PRP,PR
16454,Canada_2011,0,643,0,ENFORCEMENT,enforcement,NNP,NN
16455,Canada_2011,0,643,1,Share,share,NNP,NN
16456,Canada_2011,0,643,2,24,24,CD,CD
16457,Canada_2011,0,644,0,1,1,CD,CD
16458,Canada_2011,0,645,0,Enforcement,enforcement,NN,NN
16459,Canada_2011,0,645,1,of,of,IN,IN
16460,Canada_2011,0,645,2,guaranteed,guaranteed,JJ,JJ
16461,Canada_2011,0,645,3,rights,rights,NNS,NN
16462,Canada_2011,0,645,4,and,and,CC,CC
16463,Canada_2011,0,645,5,freedoms,freedoms,NNS,NN
16464,Canada_2011,0,645,6,Share,share,NNP,NN
16465,Canada_2011,0,645,7,Anyone,anyone,NNP,NN
16466,Canada_2011,0,645,8,whose,whose,WP$,WP
16467,Canada_2011,0,645,9,rights,rights,NNS,NN
16468,Canada_2011,0,645,10,or,or,CC,CC
16469,Canada_2011,0,645,11,freedoms,freedoms,NNS,NN
16470,Canada_2011,0,645,13,as,as,IN,IN
16471,Canada_2011,0,645,14,guaranteed,guaranteed,VBN,VB
16472,Canada_2011,0,645,15,by,by,IN,IN
16473,Canada_2011,0,645,16,this,this,DT,DT
16474,Canada_2011,0,645,17,Charter,charter,NNP,NN
16475,Canada_2011,0,645,19,have,have,VBP,VB
16476,Canada_2011,0,645,20,been,been,VBN,VB
16477,Canada_2011,0,645,21,infringed,infringed,VBN,VB
16478,Canada_2011,0,645,22,or,or,CC,CC
16479,Canada_2011,0,645,23,denied,denied,VBN,VB
16480,Canada_2011,0,645,24,may,may,MD,MD
16481,Canada_2011,0,645,25,apply,apply,VB,VB
16482,Canada_2011,0,645,26,to,to,TO,TO
16483,Canada_2011,0,645,27,a,a,DT,DT
16484,Canada_2011,0,645,28,court,court,NN,NN
16485,Canada_2011,0,645,29,of,of,IN,IN
16486,Canada_2011,0,645,30,competent,competent,NN,NN
16487,Canada_2011,0,645,31,jurisdiction,jurisdiction,NN,NN
16488,Canada_2011,0,645,32,to,to,TO,TO
16489,Canada_2011,0,645,33,obtain,obtain,VB,VB
16490,Canada_2011,0,645,34,such,such,JJ,JJ
16491,Canada_2011,0,645,35,remedy,remedy,NN,NN
16492,Canada_2011,0,645,36,as,as,IN,IN
16493,Canada_2011,0,645,37,the,the,DT,DT
16494,Canada_2011,0,645,38,court,court,NN,NN
16495,Canada_2011,0,645,39,considers,considers,NNS,NN
16496,Canada_2011,0,645,40,appropriate,appropriate,JJ,JJ
16497,Canada_2011,0,645,41,and,and,CC,CC
16498,Canada_2011,0,645,42,just,just,RB,RB
16499,Canada_2011,0,645,43,in,in,IN,IN
16500,Canada_2011,0,645,44,the,the,DT,DT
16501,Canada_2011,0,645,45,circumstances,circumstances,NNS,NN
16502,Canada_2011,0,646,0,2,2,CD,CD
16503,Canada_2011,0,647,0,Exclusion,exclusion,NN,NN
16504,Canada_2011,0,647,1,of,of,IN,IN
16505,Canada_2011,0,647,2,evidence,evidence,NN,NN
16506,Canada_2011,0,647,3,bringing,bringing,VBG,VB
16507,Canada_2011,0,647,4,administration,administration,NN,NN
16508,Canada_2011,0,647,5,of,of,IN,IN
16509,Canada_2011,0,647,6,justice,justice,NN,NN
16510,Canada_2011,0,647,7,into,into,IN,IN
16511,Canada_2011,0,647,8,disrepute,disrepute,NN,NN
16512,Canada_2011,0,647,9,Share,share,NNP,NN
16513,Canada_2011,0,647,10,Where,where,NNP,NN
16514,Canada_2011,0,647,12,in,in,IN,IN
16515,Canada_2011,0,647,13,proceedings,proceedings,NNS,NN
16516,Canada_2011,0,647,14,under,under,IN,IN
16517,Canada_2011,0,647,15,subsection,subsection,NN,NN
16518,Canada_2011,0,647,17,1,1,CD,CD
16519,Canada_2011,0,647,20,a,a,DT,DT
16520,Canada_2011,0,647,21,court,court,NN,NN
16521,Canada_2011,0,647,22,concludes,concludes,VBZ,VB
16522,Canada_2011,0,647,23,that,that,IN,IN
16523,Canada_2011,0,647,24,evidence,evidence,NN,NN
16524,Canada_2011,0,647,25,was,was,VBD,VB
16525,Canada_2011,0,647,26,obtained,obtained,VBN,VB
16526,Canada_2011,0,647,27,in,in,IN,IN
16527,Canada_2011,0,647,28,a,a,DT,DT
16528,Canada_2011,0,647,29,manner,manner,NN,NN
16529,Canada_2011,0,647,30,that,that,WDT,WD
16530,Canada_2011,0,647,31,infringed,infringed,VBD,VB
16531,Canada_2011,0,647,32,or,or,CC,CC
16532,Canada_2011,0,647,33,denied,denied,VBD,VB
16533,Canada_2011,0,647,34,any,any,DT,DT
16534,Canada_2011,0,647,35,rights,rights,NNS,NN
16535,Canada_2011,0,647,36,or,or,CC,CC
16536,Canada_2011,0,647,37,freedoms,freedoms,NNS,NN
16537,Canada_2011,0,647,38,guaranteed,guaranteed,VBN,VB
16538,Canada_2011,0,647,39,by,by,IN,IN
16539,Canada_2011,0,647,40,this,this,DT,DT
16540,Canada_2011,0,647,41,Charter,charter,NNP,NN
16541,Canada_2011,0,647,43,the,the,DT,DT
16542,Canada_2011,0,647,44,evidence,evidence,NN,NN
16543,Canada_2011,0,647,45,shall,shall,MD,MD
16544,Canada_2011,0,647,46,be,be,VB,VB
16545,Canada_2011,0,647,47,excluded,excluded,VBN,VB
16546,Canada_2011,0,647,48,if,if,IN,IN
16547,Canada_2011,0,647,49,it,it,PRP,PR
16548,Canada_2011,0,647,50,is,is,VBZ,VB
16549,Canada_2011,0,647,51,established,established,VBN,VB
16550,Canada_2011,0,647,52,that,that,IN,IN
16551,Canada_2011,0,647,54,having,having,VBG,VB
16552,Canada_2011,0,647,55,regard,regard,NN,NN
16553,Canada_2011,0,647,56,to,to,TO,TO
16554,Canada_2011,0,647,57,all,all,PDT,PD
16555,Canada_2011,0,647,58,the,the,DT,DT
16556,Canada_2011,0,647,59,circumstances,circumstances,NNS,NN
16557,Canada_2011,0,647,61,the,the,DT,DT
16558,Canada_2011,0,647,62,admission,admission,NN,NN
16559,Canada_2011,0,647,63,of,of,IN,IN
16560,Canada_2011,0,647,64,it,it,PRP,PR
16561,Canada_2011,0,647,65,in,in,IN,IN
16562,Canada_2011,0,647,66,the,the,DT,DT
16563,Canada_2011,0,647,67,proceedings,proceedings,NNS,NN
16564,Canada_2011,0,647,68,would,would,MD,MD
16565,Canada_2011,0,647,69,bring,bring,VB,VB
16566,Canada_2011,0,647,70,the,the,DT,DT
16567,Canada_2011,0,647,71,administration,administration,NN,NN
16568,Canada_2011,0,647,72,of,of,IN,IN
16569,Canada_2011,0,647,73,justice,justice,NN,NN
16570,Canada_2011,0,647,74,into,into,IN,IN
16571,Canada_2011,0,647,75,disrepute,disrepute,NN,NN
16572,Canada_2011,0,648,0,J,j,NNP,NN
16573,Canada_2011,0,649,0,GENERAL,general,NNP,NN
16574,Canada_2011,0,649,1,25,25,CD,CD
16575,Canada_2011,0,650,0,Aboriginal,aboriginal,NNP,NN
16576,Canada_2011,0,650,1,rights,rights,NNS,NN
16577,Canada_2011,0,650,2,and,and,CC,CC
16578,Canada_2011,0,650,3,freedoms,freedoms,NNS,NN
16579,Canada_2011,0,650,4,not,not,RB,RB
16580,Canada_2011,0,650,5,affected,affected,VBN,VB
16581,Canada_2011,0,650,6,by,by,IN,IN
16582,Canada_2011,0,650,7,Charter,charter,NNP,NN
16583,Canada_2011,0,650,8,Share,share,NNP,NN
16584,Canada_2011,0,650,9,The,the,DT,DT
16585,Canada_2011,0,650,10,guarantee,guarantee,NN,NN
16586,Canada_2011,0,650,11,in,in,IN,IN
16587,Canada_2011,0,650,12,this,this,DT,DT
16588,Canada_2011,0,650,13,Charter,charter,NNP,NN
16589,Canada_2011,0,650,14,of,of,IN,IN
16590,Canada_2011,0,650,15,certain,certain,JJ,JJ
16591,Canada_2011,0,650,16,rights,rights,NNS,NN
16592,Canada_2011,0,650,17,and,and,CC,CC
16593,Canada_2011,0,650,18,freedoms,freedoms,NNS,NN
16594,Canada_2011,0,650,19,shall,shall,MD,MD
16595,Canada_2011,0,650,20,not,not,RB,RB
16596,Canada_2011,0,650,21,be,be,VB,VB
16597,Canada_2011,0,650,22,construed,construed,VBN,VB
16598,Canada_2011,0,650,23,so,so,RB,RB
16599,Canada_2011,0,650,24,as,as,IN,IN
16600,Canada_2011,0,650,25,to,to,TO,TO
16601,Canada_2011,0,650,26,abrogate,abrogate,VB,VB
16602,Canada_2011,0,650,27,or,or,CC,CC
16603,Canada_2011,0,650,28,derogate,derogate,VB,VB
16604,Canada_2011,0,650,29,from,from,IN,IN
16605,Canada_2011,0,650,30,any,any,DT,DT
16606,Canada_2011,0,650,31,aboriginal,aboriginal,JJ,JJ
16607,Canada_2011,0,650,33,treaty,treaty,NN,NN
16608,Canada_2011,0,650,34,or,or,CC,CC
16609,Canada_2011,0,650,35,other,other,JJ,JJ
16610,Canada_2011,0,650,36,rights,rights,NNS,NN
16611,Canada_2011,0,650,37,or,or,CC,CC
16612,Canada_2011,0,650,38,freedoms,freedoms,NNS,NN
16613,Canada_2011,0,650,39,that,that,WDT,WD
16614,Canada_2011,0,650,40,pertain,pertain,VBP,VB
16615,Canada_2011,0,650,41,to,to,TO,TO
16616,Canada_2011,0,650,42,the,the,DT,DT
16617,Canada_2011,0,650,43,aboriginal,aboriginal,JJ,JJ
16618,Canada_2011,0,650,44,peoples,peoples,NNS,NN
16619,Canada_2011,0,650,45,of,of,IN,IN
16620,Canada_2011,0,650,46,Canada,canada,NNP,NN
16621,Canada_2011,0,650,47,including,including,VBG,VB
16622,Canada_2011,0,650,48,a.any,aany,JJ,JJ
16623,Canada_2011,0,650,49,rights,rights,NNS,NN
16624,Canada_2011,0,650,50,or,or,CC,CC
16625,Canada_2011,0,650,51,freedoms,freedoms,NNS,NN
16626,Canada_2011,0,650,52,that,that,WDT,WD
16627,Canada_2011,0,650,53,have,have,VBP,VB
16628,Canada_2011,0,650,54,been,been,VBN,VB
16629,Canada_2011,0,650,55,recognized,recognized,VBN,VB
16630,Canada_2011,0,650,56,by,by,IN,IN
16631,Canada_2011,0,650,57,the,the,DT,DT
16632,Canada_2011,0,650,58,Royal,royal,NNP,NN
16633,Canada_2011,0,650,59,Proclamation,proclamation,NNP,NN
16634,Canada_2011,0,650,60,of,of,IN,IN
16635,Canada_2011,0,650,61,October,october,NNP,NN
16636,Canada_2011,0,650,62,7,7,CD,CD
16637,Canada_2011,0,650,64,1763,1763,CD,CD
16638,Canada_2011,0,650,66,and,and,CC,CC
16639,Canada_2011,0,650,67,b.any,bany,VB,VB
16640,Canada_2011,0,650,68,rights,rights,NNS,NN
16641,Canada_2011,0,650,69,or,or,CC,CC
16642,Canada_2011,0,650,70,freedoms,freedoms,NNS,NN
16643,Canada_2011,0,650,71,that,that,WDT,WD
16644,Canada_2011,0,650,72,now,now,RB,RB
16645,Canada_2011,0,650,73,exist,exist,VBP,VB
16646,Canada_2011,0,650,74,by,by,IN,IN
16647,Canada_2011,0,650,75,way,way,NN,NN
16648,Canada_2011,0,650,76,of,of,IN,IN
16649,Canada_2011,0,650,77,land,land,NN,NN
16650,Canada_2011,0,650,78,claims,claims,NNS,NN
16651,Canada_2011,0,650,79,agreements,agreements,NNS,NN
16652,Canada_2011,0,650,80,or,or,CC,CC
16653,Canada_2011,0,650,81,may,may,MD,MD
16654,Canada_2011,0,650,82,be,be,VB,VB
16655,Canada_2011,0,650,83,so,so,RB,RB
16656,Canada_2011,0,650,84,acquired,acquired,VBN,VB
16657,Canada_2011,0,651,0,26,26,CD,CD
16658,Canada_2011,0,652,0,Other,other,JJ,JJ
16659,Canada_2011,0,652,1,rights,rights,NNS,NN
16660,Canada_2011,0,652,2,and,and,CC,CC
16661,Canada_2011,0,652,3,freedoms,freedoms,NNS,NN
16662,Canada_2011,0,652,4,not,not,RB,RB
16663,Canada_2011,0,652,5,affected,affected,VBN,VB
16664,Canada_2011,0,652,6,by,by,IN,IN
16665,Canada_2011,0,652,7,Charter,charter,NNP,NN
16666,Canada_2011,0,652,8,Share,share,NNP,NN
16667,Canada_2011,0,652,9,The,the,DT,DT
16668,Canada_2011,0,652,10,guarantee,guarantee,NN,NN
16669,Canada_2011,0,652,11,in,in,IN,IN
16670,Canada_2011,0,652,12,this,this,DT,DT
16671,Canada_2011,0,652,13,Charter,charter,NNP,NN
16672,Canada_2011,0,652,14,of,of,IN,IN
16673,Canada_2011,0,652,15,certain,certain,JJ,JJ
16674,Canada_2011,0,652,16,rights,rights,NNS,NN
16675,Canada_2011,0,652,17,and,and,CC,CC
16676,Canada_2011,0,652,18,freedoms,freedoms,NNS,NN
16677,Canada_2011,0,652,19,shall,shall,MD,MD
16678,Canada_2011,0,652,20,not,not,RB,RB
16679,Canada_2011,0,652,21,be,be,VB,VB
16680,Canada_2011,0,652,22,construed,construed,VBN,VB
16681,Canada_2011,0,652,23,as,as,IN,IN
16682,Canada_2011,0,652,24,denying,denying,VBG,VB
16683,Canada_2011,0,652,25,the,the,DT,DT
16684,Canada_2011,0,652,26,existence,existence,NN,NN
16685,Canada_2011,0,652,27,of,of,IN,IN
16686,Canada_2011,0,652,28,any,any,DT,DT
16687,Canada_2011,0,652,29,other,other,JJ,JJ
16688,Canada_2011,0,652,30,rights,rights,NNS,NN
16689,Canada_2011,0,652,31,or,or,CC,CC
16690,Canada_2011,0,652,32,freedoms,freedoms,NNS,NN
16691,Canada_2011,0,652,33,that,that,WDT,WD
16692,Canada_2011,0,652,34,exist,exist,VBP,VB
16693,Canada_2011,0,652,35,in,in,IN,IN
16694,Canada_2011,0,652,36,Canada,canada,NNP,NN
16695,Canada_2011,0,653,0,27,27,CD,CD
16696,Canada_2011,0,654,0,Multicultural,multicultural,NNP,NN
16697,Canada_2011,0,654,1,heritage,heritage,NN,NN
16698,Canada_2011,0,654,2,Share,share,NNP,NN
16699,Canada_2011,0,654,3,This,this,DT,DT
16700,Canada_2011,0,654,4,Charter,charter,NNP,NN
16701,Canada_2011,0,654,5,shall,shall,MD,MD
16702,Canada_2011,0,654,6,be,be,VB,VB
16703,Canada_2011,0,654,7,interpreted,interpreted,VBN,VB
16704,Canada_2011,0,654,8,in,in,IN,IN
16705,Canada_2011,0,654,9,a,a,DT,DT
16706,Canada_2011,0,654,10,manner,manner,NN,NN
16707,Canada_2011,0,654,11,consistent,consistent,JJ,JJ
16708,Canada_2011,0,654,12,with,with,IN,IN
16709,Canada_2011,0,654,13,the,the,DT,DT
16710,Canada_2011,0,654,14,preservation,preservation,NN,NN
16711,Canada_2011,0,654,15,and,and,CC,CC
16712,Canada_2011,0,654,16,enhancement,enhancement,NN,NN
16713,Canada_2011,0,654,17,of,of,IN,IN
16714,Canada_2011,0,654,18,the,the,DT,DT
16715,Canada_2011,0,654,19,multicultural,multicultural,JJ,JJ
16716,Canada_2011,0,654,20,heritage,heritage,NN,NN
16717,Canada_2011,0,654,21,of,of,IN,IN
16718,Canada_2011,0,654,22,Canadians,canadians,NNPS,NN
16719,Canada_2011,0,655,0,28,28,CD,CD
16720,Canada_2011,0,656,0,Rights,rights,NNS,NN
16721,Canada_2011,0,656,1,guaranteed,guaranteed,VBN,VB
16722,Canada_2011,0,656,2,equally,equally,RB,RB
16723,Canada_2011,0,656,3,to,to,TO,TO
16724,Canada_2011,0,656,4,both,both,DT,DT
16725,Canada_2011,0,656,5,sexes,sexes,NNS,NN
16726,Canada_2011,0,656,6,Share,share,NNP,NN
16727,Canada_2011,0,656,7,Notwithstanding,notwithstanding,VBG,VB
16728,Canada_2011,0,656,8,anything,anything,NN,NN
16729,Canada_2011,0,656,9,in,in,IN,IN
16730,Canada_2011,0,656,10,this,this,DT,DT
16731,Canada_2011,0,656,11,Charter,charter,NNP,NN
16732,Canada_2011,0,656,13,the,the,DT,DT
16733,Canada_2011,0,656,14,rights,rights,NNS,NN
16734,Canada_2011,0,656,15,and,and,CC,CC
16735,Canada_2011,0,656,16,freedoms,freedoms,NNS,NN
16736,Canada_2011,0,656,17,referred,referred,VBD,VB
16737,Canada_2011,0,656,18,to,to,TO,TO
16738,Canada_2011,0,656,19,in,in,IN,IN
16739,Canada_2011,0,656,20,it,it,PRP,PR
16740,Canada_2011,0,656,21,are,are,VBP,VB
16741,Canada_2011,0,656,22,guaranteed,guaranteed,VBN,VB
16742,Canada_2011,0,656,23,equally,equally,RB,RB
16743,Canada_2011,0,656,24,to,to,TO,TO
16744,Canada_2011,0,656,25,male,male,NN,NN
16745,Canada_2011,0,656,26,and,and,CC,CC
16746,Canada_2011,0,656,27,female,female,JJ,JJ
16747,Canada_2011,0,656,28,persons,persons,NNS,NN
16748,Canada_2011,0,657,0,29,29,CD,CD
16749,Canada_2011,0,658,0,Rights,rights,NNS,NN
16750,Canada_2011,0,658,1,respecting,respecting,VBG,VB
16751,Canada_2011,0,658,2,certain,certain,JJ,JJ
16752,Canada_2011,0,658,3,schools,schools,NNS,NN
16753,Canada_2011,0,658,4,preserved,preserved,VBD,VB
16754,Canada_2011,0,658,5,Share,share,NNP,NN
16755,Canada_2011,0,658,6,Nothing,nothing,NNP,NN
16756,Canada_2011,0,658,7,in,in,IN,IN
16757,Canada_2011,0,658,8,this,this,DT,DT
16758,Canada_2011,0,658,9,Charter,charter,NNP,NN
16759,Canada_2011,0,658,10,abrogates,abrogates,VBZ,VB
16760,Canada_2011,0,658,11,or,or,CC,CC
16761,Canada_2011,0,658,12,derogates,derogates,NNS,NN
16762,Canada_2011,0,658,13,from,from,IN,IN
16763,Canada_2011,0,658,14,any,any,DT,DT
16764,Canada_2011,0,658,15,rights,rights,NNS,NN
16765,Canada_2011,0,658,16,or,or,CC,CC
16766,Canada_2011,0,658,17,privileges,privileges,NNS,NN
16767,Canada_2011,0,658,18,guaranteed,guaranteed,VBN,VB
16768,Canada_2011,0,658,19,by,by,IN,IN
16769,Canada_2011,0,658,20,or,or,CC,CC
16770,Canada_2011,0,658,21,under,under,IN,IN
16771,Canada_2011,0,658,22,the,the,DT,DT
16772,Canada_2011,0,658,23,Constitution,constitution,NNP,NN
16773,Canada_2011,0,658,24,of,of,IN,IN
16774,Canada_2011,0,658,25,Canada,canada,NNP,NN
16775,Canada_2011,0,658,26,in,in,IN,IN
16776,Canada_2011,0,658,27,respect,respect,NN,NN
16777,Canada_2011,0,658,28,of,of,IN,IN
16778,Canada_2011,0,658,29,denominational,denominational,JJ,JJ
16779,Canada_2011,0,658,31,separate,separate,JJ,JJ
16780,Canada_2011,0,658,32,or,or,CC,CC
16781,Canada_2011,0,658,33,dissentient,dissentient,JJ,JJ
16782,Canada_2011,0,658,34,schools,schools,NNS,NN
16783,Canada_2011,0,659,0,30,30,CD,CD
16784,Canada_2011,0,660,0,Application,application,NN,NN
16785,Canada_2011,0,660,1,to,to,TO,TO
16786,Canada_2011,0,660,2,territories,territories,NNS,NN
16787,Canada_2011,0,660,3,and,and,CC,CC
16788,Canada_2011,0,660,4,territorial,territorial,JJ,JJ
16789,Canada_2011,0,660,5,authorities,authorities,NNS,NN
16790,Canada_2011,0,660,6,Share,share,VBP,VB
16791,Canada_2011,0,660,7,A,a,DT,DT
16792,Canada_2011,0,660,8,reference,reference,NN,NN
16793,Canada_2011,0,660,9,in,in,IN,IN
16794,Canada_2011,0,660,10,this,this,DT,DT
16795,Canada_2011,0,660,11,Charter,charter,NNP,NN
16796,Canada_2011,0,660,12,to,to,TO,TO
16797,Canada_2011,0,660,13,a,a,DT,DT
16798,Canada_2011,0,660,14,province,province,NN,NN
16799,Canada_2011,0,660,15,or,or,CC,CC
16800,Canada_2011,0,660,16,to,to,TO,TO
16801,Canada_2011,0,660,17,the,the,DT,DT
16802,Canada_2011,0,660,18,legislative,legislative,JJ,JJ
16803,Canada_2011,0,660,19,assembly,assembly,NN,NN
16804,Canada_2011,0,660,20,or,or,CC,CC
16805,Canada_2011,0,660,21,legislature,legislature,NN,NN
16806,Canada_2011,0,660,22,of,of,IN,IN
16807,Canada_2011,0,660,23,a,a,DT,DT
16808,Canada_2011,0,660,24,province,province,NN,NN
16809,Canada_2011,0,660,25,shall,shall,MD,MD
16810,Canada_2011,0,660,26,be,be,VB,VB
16811,Canada_2011,0,660,27,deemed,deemed,VBN,VB
16812,Canada_2011,0,660,28,to,to,TO,TO
16813,Canada_2011,0,660,29,include,include,VB,VB
16814,Canada_2011,0,660,30,a,a,DT,DT
16815,Canada_2011,0,660,31,reference,reference,NN,NN
16816,Canada_2011,0,660,32,to,to,TO,TO
16817,Canada_2011,0,660,33,the,the,DT,DT
16818,Canada_2011,0,660,34,Yukon,yukon,NNP,NN
16819,Canada_2011,0,660,35,Territory,territory,NNP,NN
16820,Canada_2011,0,660,36,and,and,CC,CC
16821,Canada_2011,0,660,37,the,the,DT,DT
16822,Canada_2011,0,660,38,Northwest,northwest,NNP,NN
16823,Canada_2011,0,660,39,Territories,territories,NNPS,NN
16824,Canada_2011,0,660,41,or,or,CC,CC
16825,Canada_2011,0,660,42,to,to,TO,TO
16826,Canada_2011,0,660,43,the,the,DT,DT
16827,Canada_2011,0,660,44,appropriate,appropriate,JJ,JJ
16828,Canada_2011,0,660,45,legislative,legislative,JJ,JJ
16829,Canada_2011,0,660,46,authority,authority,NN,NN
16830,Canada_2011,0,660,47,thereof,thereof,NN,NN
16831,Canada_2011,0,660,49,as,as,IN,IN
16832,Canada_2011,0,660,50,the,the,DT,DT
16833,Canada_2011,0,660,51,case,case,NN,NN
16834,Canada_2011,0,660,52,may,may,MD,MD
16835,Canada_2011,0,660,53,be,be,VB,VB
16836,Canada_2011,0,661,0,31,31,CD,CD
16837,Canada_2011,0,662,0,Legislative,legislative,JJ,JJ
16838,Canada_2011,0,662,1,powers,powers,NNS,NN
16839,Canada_2011,0,662,2,not,not,RB,RB
16840,Canada_2011,0,662,3,extended,extended,VBN,VB
16841,Canada_2011,0,662,4,Share,share,NNP,NN
16842,Canada_2011,0,662,5,Nothing,nothing,NNP,NN
16843,Canada_2011,0,662,6,in,in,IN,IN
16844,Canada_2011,0,662,7,this,this,DT,DT
16845,Canada_2011,0,662,8,Charter,charter,NNP,NN
16846,Canada_2011,0,662,9,extends,extends,VBZ,VB
16847,Canada_2011,0,662,10,the,the,DT,DT
16848,Canada_2011,0,662,11,legislative,legislative,JJ,JJ
16849,Canada_2011,0,662,12,powers,powers,NNS,NN
16850,Canada_2011,0,662,13,of,of,IN,IN
16851,Canada_2011,0,662,14,any,any,DT,DT
16852,Canada_2011,0,662,15,body,body,NN,NN
16853,Canada_2011,0,662,16,or,or,CC,CC
16854,Canada_2011,0,662,17,authority,authority,NN,NN
16855,Canada_2011,0,663,0,K.,k,NNP,NN
16856,Canada_2011,0,663,1,APPLICATION,application,NNP,NN
16857,Canada_2011,0,663,2,OF,of,NNP,NN
16858,Canada_2011,0,663,3,CHARTER,charter,NNP,NN
16859,Canada_2011,0,663,4,Share,share,NNP,NN
16860,Canada_2011,0,663,5,32,32,CD,CD
16861,Canada_2011,0,664,0,1,1,CD,CD
16862,Canada_2011,0,665,0,Application,application,NN,NN
16863,Canada_2011,0,665,1,of,of,IN,IN
16864,Canada_2011,0,665,2,Charter,charter,NNP,NN
16865,Canada_2011,0,665,3,Share,share,NNP,NN
16866,Canada_2011,0,665,4,This,this,DT,DT
16867,Canada_2011,0,665,5,Charter,charter,NNP,NN
16868,Canada_2011,0,665,6,applies,applies,VBZ,VB
16869,Canada_2011,0,665,7,a.to,ato,VBP,VB
16870,Canada_2011,0,665,8,the,the,DT,DT
16871,Canada_2011,0,665,9,Parliament,parliament,NNP,NN
16872,Canada_2011,0,665,10,and,and,CC,CC
16873,Canada_2011,0,665,11,government,government,NN,NN
16874,Canada_2011,0,665,12,of,of,IN,IN
16875,Canada_2011,0,665,13,Canada,canada,NNP,NN
16876,Canada_2011,0,665,14,in,in,IN,IN
16877,Canada_2011,0,665,15,respect,respect,NN,NN
16878,Canada_2011,0,665,16,of,of,IN,IN
16879,Canada_2011,0,665,17,all,all,DT,DT
16880,Canada_2011,0,665,18,matters,matters,NNS,NN
16881,Canada_2011,0,665,19,within,within,IN,IN
16882,Canada_2011,0,665,20,the,the,DT,DT
16883,Canada_2011,0,665,21,authority,authority,NN,NN
16884,Canada_2011,0,665,22,of,of,IN,IN
16885,Canada_2011,0,665,23,Parliament,parliament,NNP,NN
16886,Canada_2011,0,665,24,including,including,VBG,VB
16887,Canada_2011,0,665,25,all,all,DT,DT
16888,Canada_2011,0,665,26,matters,matters,NNS,NN
16889,Canada_2011,0,665,27,relating,relating,VBG,VB
16890,Canada_2011,0,665,28,to,to,TO,TO
16891,Canada_2011,0,665,29,the,the,DT,DT
16892,Canada_2011,0,665,30,Yukon,yukon,NNP,NN
16893,Canada_2011,0,665,31,Territory,territory,NNP,NN
16894,Canada_2011,0,665,32,and,and,CC,CC
16895,Canada_2011,0,665,33,Northwest,northwest,NNP,NN
16896,Canada_2011,0,665,34,Territories,territories,NNPS,NN
16897,Canada_2011,0,665,36,and,and,CC,CC
16898,Canada_2011,0,665,37,b.to,bto,VB,VB
16899,Canada_2011,0,665,38,the,the,DT,DT
16900,Canada_2011,0,665,39,legislature,legislature,NN,NN
16901,Canada_2011,0,665,40,and,and,CC,CC
16902,Canada_2011,0,665,41,government,government,NN,NN
16903,Canada_2011,0,665,42,of,of,IN,IN
16904,Canada_2011,0,665,43,each,each,DT,DT
16905,Canada_2011,0,665,44,province,province,NN,NN
16906,Canada_2011,0,665,45,in,in,IN,IN
16907,Canada_2011,0,665,46,respect,respect,NN,NN
16908,Canada_2011,0,665,47,of,of,IN,IN
16909,Canada_2011,0,665,48,all,all,DT,DT
16910,Canada_2011,0,665,49,matters,matters,NNS,NN
16911,Canada_2011,0,665,50,within,within,IN,IN
16912,Canada_2011,0,665,51,the,the,DT,DT
16913,Canada_2011,0,665,52,authority,authority,NN,NN
16914,Canada_2011,0,665,53,of,of,IN,IN
16915,Canada_2011,0,665,54,the,the,DT,DT
16916,Canada_2011,0,665,55,legislature,legislature,NN,NN
16917,Canada_2011,0,665,56,of,of,IN,IN
16918,Canada_2011,0,665,57,each,each,DT,DT
16919,Canada_2011,0,665,58,province,province,NN,NN
16920,Canada_2011,0,666,0,2,2,CD,CD
16921,Canada_2011,0,667,0,Exception,exception,NNP,NN
16922,Canada_2011,0,667,1,Share,share,NNP,NN
16923,Canada_2011,0,667,2,Notwithstanding,notwithstanding,NNP,NN
16924,Canada_2011,0,667,3,subsection,subsection,NN,NN
16925,Canada_2011,0,667,5,1,1,CD,CD
16926,Canada_2011,0,667,8,section,section,NN,NN
16927,Canada_2011,0,667,9,15,15,CD,CD
16928,Canada_2011,0,667,10,shall,shall,MD,MD
16929,Canada_2011,0,667,11,not,not,RB,RB
16930,Canada_2011,0,667,12,have,have,VB,VB
16931,Canada_2011,0,667,13,effect,effect,NN,NN
16932,Canada_2011,0,667,14,until,until,IN,IN
16933,Canada_2011,0,667,15,three,three,CD,CD
16934,Canada_2011,0,667,16,years,years,NNS,NN
16935,Canada_2011,0,667,17,after,after,IN,IN
16936,Canada_2011,0,667,18,this,this,DT,DT
16937,Canada_2011,0,667,19,section,section,NN,NN
16938,Canada_2011,0,667,20,comes,comes,VBZ,VB
16939,Canada_2011,0,667,21,into,into,IN,IN
16940,Canada_2011,0,667,22,force,force,NN,NN
16941,Canada_2011,0,668,0,33,33,CD,CD
16942,Canada_2011,0,669,0,1,1,CD,CD
16943,Canada_2011,0,670,0,Exception,exception,NN,NN
16944,Canada_2011,0,670,1,where,where,WRB,WR
16945,Canada_2011,0,670,2,express,express,NN,NN
16946,Canada_2011,0,670,3,declaration,declaration,NN,NN
16947,Canada_2011,0,670,4,Share,share,NNP,NN
16948,Canada_2011,0,670,5,Parliament,parliament,NNP,NN
16949,Canada_2011,0,670,6,or,or,CC,CC
16950,Canada_2011,0,670,7,the,the,DT,DT
16951,Canada_2011,0,670,8,legislature,legislature,NN,NN
16952,Canada_2011,0,670,9,of,of,IN,IN
16953,Canada_2011,0,670,10,a,a,DT,DT
16954,Canada_2011,0,670,11,province,province,NN,NN
16955,Canada_2011,0,670,12,may,may,MD,MD
16956,Canada_2011,0,670,13,expressly,expressly,RB,RB
16957,Canada_2011,0,670,14,declare,declare,VB,VB
16958,Canada_2011,0,670,15,in,in,IN,IN
16959,Canada_2011,0,670,16,an,an,DT,DT
16960,Canada_2011,0,670,17,Act,act,NNP,NN
16961,Canada_2011,0,670,18,of,of,IN,IN
16962,Canada_2011,0,670,19,Parliament,parliament,NNP,NN
16963,Canada_2011,0,670,20,or,or,CC,CC
16964,Canada_2011,0,670,21,of,of,IN,IN
16965,Canada_2011,0,670,22,the,the,DT,DT
16966,Canada_2011,0,670,23,legislature,legislature,NN,NN
16967,Canada_2011,0,670,25,as,as,IN,IN
16968,Canada_2011,0,670,26,the,the,DT,DT
16969,Canada_2011,0,670,27,case,case,NN,NN
16970,Canada_2011,0,670,28,may,may,MD,MD
16971,Canada_2011,0,670,29,be,be,VB,VB
16972,Canada_2011,0,670,31,that,that,IN,IN
16973,Canada_2011,0,670,32,the,the,DT,DT
16974,Canada_2011,0,670,33,Act,act,NNP,NN
16975,Canada_2011,0,670,34,or,or,CC,CC
16976,Canada_2011,0,670,35,a,a,DT,DT
16977,Canada_2011,0,670,36,provision,provision,NN,NN
16978,Canada_2011,0,670,37,thereof,thereof,NN,NN
16979,Canada_2011,0,670,38,shall,shall,MD,MD
16980,Canada_2011,0,670,39,operate,operate,VB,VB
16981,Canada_2011,0,670,40,notwithstanding,notwithstanding,VBG,VB
16982,Canada_2011,0,670,41,a,a,DT,DT
16983,Canada_2011,0,670,42,provision,provision,NN,NN
16984,Canada_2011,0,670,43,included,included,VBN,VB
16985,Canada_2011,0,670,44,in,in,IN,IN
16986,Canada_2011,0,670,45,section,section,NN,NN
16987,Canada_2011,0,670,46,2,2,CD,CD
16988,Canada_2011,0,670,47,or,or,CC,CC
16989,Canada_2011,0,670,48,sections,sections,NNS,NN
16990,Canada_2011,0,670,49,7,7,CD,CD
16991,Canada_2011,0,670,50,to,to,TO,TO
16992,Canada_2011,0,670,51,15,15,CD,CD
16993,Canada_2011,0,670,52,of,of,IN,IN
16994,Canada_2011,0,670,53,this,this,DT,DT
16995,Canada_2011,0,670,54,Charter,charter,NNP,NN
16996,Canada_2011,0,671,0,2,2,CD,CD
16997,Canada_2011,0,672,0,Operation,operation,NN,NN
16998,Canada_2011,0,672,1,of,of,IN,IN
16999,Canada_2011,0,672,2,exception,exception,NN,NN
17000,Canada_2011,0,672,3,Share,share,NNP,NN
17001,Canada_2011,0,672,4,An,an,DT,DT
17002,Canada_2011,0,672,5,Act,act,NNP,NN
17003,Canada_2011,0,672,6,or,or,CC,CC
17004,Canada_2011,0,672,7,a,a,DT,DT
17005,Canada_2011,0,672,8,provision,provision,NN,NN
17006,Canada_2011,0,672,9,of,of,IN,IN
17007,Canada_2011,0,672,10,an,an,DT,DT
17008,Canada_2011,0,672,11,Act,act,NNP,NN
17009,Canada_2011,0,672,12,in,in,IN,IN
17010,Canada_2011,0,672,13,respect,respect,NN,NN
17011,Canada_2011,0,672,14,of,of,IN,IN
17012,Canada_2011,0,672,15,which,which,WDT,WD
17013,Canada_2011,0,672,16,a,a,DT,DT
17014,Canada_2011,0,672,17,declaration,declaration,NN,NN
17015,Canada_2011,0,672,18,made,made,VBN,VB
17016,Canada_2011,0,672,19,under,under,IN,IN
17017,Canada_2011,0,672,20,this,this,DT,DT
17018,Canada_2011,0,672,21,section,section,NN,NN
17019,Canada_2011,0,672,22,is,is,VBZ,VB
17020,Canada_2011,0,672,23,in,in,IN,IN
17021,Canada_2011,0,672,24,effect,effect,NN,NN
17022,Canada_2011,0,672,25,shall,shall,MD,MD
17023,Canada_2011,0,672,26,have,have,VB,VB
17024,Canada_2011,0,672,27,such,such,JJ,JJ
17025,Canada_2011,0,672,28,operation,operation,NN,NN
17026,Canada_2011,0,672,29,as,as,IN,IN
17027,Canada_2011,0,672,30,it,it,PRP,PR
17028,Canada_2011,0,672,31,would,would,MD,MD
17029,Canada_2011,0,672,32,have,have,VB,VB
17030,Canada_2011,0,672,33,but,but,CC,CC
17031,Canada_2011,0,672,34,for,for,IN,IN
17032,Canada_2011,0,672,35,the,the,DT,DT
17033,Canada_2011,0,672,36,provision,provision,NN,NN
17034,Canada_2011,0,672,37,of,of,IN,IN
17035,Canada_2011,0,672,38,this,this,DT,DT
17036,Canada_2011,0,672,39,Charter,charter,NNP,NN
17037,Canada_2011,0,672,40,referred,referred,VBD,VB
17038,Canada_2011,0,672,41,to,to,TO,TO
17039,Canada_2011,0,672,42,in,in,IN,IN
17040,Canada_2011,0,672,43,the,the,DT,DT
17041,Canada_2011,0,672,44,declaration,declaration,NN,NN
17042,Canada_2011,0,673,0,3,3,CD,CD
17043,Canada_2011,0,674,0,Five,five,CD,CD
17044,Canada_2011,0,674,1,year,year,NN,NN
17045,Canada_2011,0,674,2,limitation,limitation,NN,NN
17046,Canada_2011,0,674,3,Share,share,NNP,NN
17047,Canada_2011,0,674,4,A,a,NNP,NN
17048,Canada_2011,0,674,5,declaration,declaration,NN,NN
17049,Canada_2011,0,674,6,made,made,VBN,VB
17050,Canada_2011,0,674,7,under,under,IN,IN
17051,Canada_2011,0,674,8,subsection,subsection,NN,NN
17052,Canada_2011,0,674,10,1,1,CD,CD
17053,Canada_2011,0,674,12,shall,shall,MD,MD
17054,Canada_2011,0,674,13,cease,cease,VB,VB
17055,Canada_2011,0,674,14,to,to,TO,TO
17056,Canada_2011,0,674,15,have,have,VB,VB
17057,Canada_2011,0,674,16,effect,effect,NN,NN
17058,Canada_2011,0,674,17,five,five,CD,CD
17059,Canada_2011,0,674,18,years,years,NNS,NN
17060,Canada_2011,0,674,19,after,after,IN,IN
17061,Canada_2011,0,674,20,it,it,PRP,PR
17062,Canada_2011,0,674,21,comes,comes,VBZ,VB
17063,Canada_2011,0,674,22,into,into,IN,IN
17064,Canada_2011,0,674,23,force,force,NN,NN
17065,Canada_2011,0,674,24,or,or,CC,CC
17066,Canada_2011,0,674,25,on,on,IN,IN
17067,Canada_2011,0,674,26,such,such,JJ,JJ
17068,Canada_2011,0,674,27,earlier,earlier,JJR,JJ
17069,Canada_2011,0,674,28,date,date,NN,NN
17070,Canada_2011,0,674,29,as,as,IN,IN
17071,Canada_2011,0,674,30,may,may,MD,MD
17072,Canada_2011,0,674,31,be,be,VB,VB
17073,Canada_2011,0,674,32,specified,specified,VBN,VB
17074,Canada_2011,0,674,33,in,in,IN,IN
17075,Canada_2011,0,674,34,the,the,DT,DT
17076,Canada_2011,0,674,35,declaration,declaration,NN,NN
17077,Canada_2011,0,675,0,4,4,CD,CD
17078,Canada_2011,0,676,0,Re-enactment,reenactment,JJ,JJ
17079,Canada_2011,0,676,1,Share,share,NNP,NN
17080,Canada_2011,0,676,2,Parliament,parliament,NNP,NN
17081,Canada_2011,0,676,3,or,or,CC,CC
17082,Canada_2011,0,676,4,the,the,DT,DT
17083,Canada_2011,0,676,5,legislature,legislature,NN,NN
17084,Canada_2011,0,676,6,of,of,IN,IN
17085,Canada_2011,0,676,7,a,a,DT,DT
17086,Canada_2011,0,676,8,province,province,NN,NN
17087,Canada_2011,0,676,9,may,may,MD,MD
17088,Canada_2011,0,676,10,re-enact,reenact,VB,VB
17089,Canada_2011,0,676,11,a,a,DT,DT
17090,Canada_2011,0,676,12,declaration,declaration,NN,NN
17091,Canada_2011,0,676,13,made,made,VBN,VB
17092,Canada_2011,0,676,14,under,under,IN,IN
17093,Canada_2011,0,676,15,subsection,subsection,NN,NN
17094,Canada_2011,0,676,17,1,1,CD,CD
17095,Canada_2011,0,677,0,5,5,CD,CD
17096,Canada_2011,0,678,0,Five,five,CD,CD
17097,Canada_2011,0,678,1,year,year,NN,NN
17098,Canada_2011,0,678,2,limitation,limitation,NN,NN
17099,Canada_2011,0,678,3,Share,share,NNP,NN
17100,Canada_2011,0,678,4,Subsection,subsection,NNP,NN
17101,Canada_2011,0,678,6,3,3,CD,CD
17102,Canada_2011,0,678,8,applies,applies,NNS,NN
17103,Canada_2011,0,678,9,in,in,IN,IN
17104,Canada_2011,0,678,10,respect,respect,NN,NN
17105,Canada_2011,0,678,11,of,of,IN,IN
17106,Canada_2011,0,678,12,a,a,DT,DT
17107,Canada_2011,0,678,13,re-enactment,reenactment,JJ,JJ
17108,Canada_2011,0,678,14,made,made,VBN,VB
17109,Canada_2011,0,678,15,under,under,IN,IN
17110,Canada_2011,0,678,16,subsection,subsection,NN,NN
17111,Canada_2011,0,678,18,4,4,CD,CD
17112,Canada_2011,0,679,0,L.,l,NNP,NN
17113,Canada_2011,0,679,1,CITATION,citation,NNP,NN
17114,Canada_2011,0,679,2,34,34,CD,CD
17115,Canada_2011,0,680,0,Citation,citation,NN,NN
17116,Canada_2011,0,680,1,Share,share,NNP,NN
17117,Canada_2011,0,680,2,This,this,DT,DT
17118,Canada_2011,0,680,3,Part,part,NNP,NN
17119,Canada_2011,0,680,4,may,may,MD,MD
17120,Canada_2011,0,680,5,be,be,VB,VB
17121,Canada_2011,0,680,6,cited,cited,VBN,VB
17122,Canada_2011,0,680,7,as,as,IN,IN
17123,Canada_2011,0,680,8,the,the,DT,DT
17124,Canada_2011,0,680,9,Canadian,canadian,NNP,NN
17125,Canada_2011,0,680,10,Charter,charter,NNP,NN
17126,Canada_2011,0,680,11,of,of,IN,IN
17127,Canada_2011,0,680,12,Rights,rights,NNPS,NN
17128,Canada_2011,0,680,13,and,and,CC,CC
17129,Canada_2011,0,680,14,Freedoms,freedoms,NNP,NN
17130,Canada_2011,0,681,0,PART,part,NN,NN
17131,Canada_2011,0,681,1,II,ii,NNP,NN
17132,Canada_2011,0,682,0,RIGHTS,rights,NN,NN
17133,Canada_2011,0,682,1,OF,of,IN,IN
17134,Canada_2011,0,682,2,THE,the,NNP,NN
17135,Canada_2011,0,682,3,ABORIGINAL,aboriginal,NNP,NN
17136,Canada_2011,0,682,4,PEOPLES,peoples,NNP,NN
17137,Canada_2011,0,682,5,OF,of,NNP,NN
17138,Canada_2011,0,682,6,CANADA,canada,NNP,NN
17139,Canada_2011,0,682,7,Share,share,NNP,NN
17140,Canada_2011,0,682,8,35,35,CD,CD
17141,Canada_2011,0,683,0,1,1,CD,CD
17142,Canada_2011,0,684,0,Recognition,recognition,NN,NN
17143,Canada_2011,0,684,1,of,of,IN,IN
17144,Canada_2011,0,684,2,existing,existing,VBG,VB
17145,Canada_2011,0,684,3,aboriginal,aboriginal,JJ,JJ
17146,Canada_2011,0,684,4,and,and,CC,CC
17147,Canada_2011,0,684,5,treaty,treaty,NN,NN
17148,Canada_2011,0,684,6,rights,rights,NNS,NN
17149,Canada_2011,0,684,7,Share,share,VBP,VB
17150,Canada_2011,0,684,8,The,the,DT,DT
17151,Canada_2011,0,684,9,existing,existing,VBG,VB
17152,Canada_2011,0,684,10,aboriginal,aboriginal,JJ,JJ
17153,Canada_2011,0,684,11,and,and,CC,CC
17154,Canada_2011,0,684,12,treaty,treaty,JJ,JJ
17155,Canada_2011,0,684,13,rights,rights,NNS,NN
17156,Canada_2011,0,684,14,of,of,IN,IN
17157,Canada_2011,0,684,15,the,the,DT,DT
17158,Canada_2011,0,684,16,aboriginal,aboriginal,JJ,JJ
17159,Canada_2011,0,684,17,peoples,peoples,NNS,NN
17160,Canada_2011,0,684,18,of,of,IN,IN
17161,Canada_2011,0,684,19,Canada,canada,NNP,NN
17162,Canada_2011,0,684,20,are,are,VBP,VB
17163,Canada_2011,0,684,21,hereby,hereby,JJ,JJ
17164,Canada_2011,0,684,22,recognized,recognized,VBN,VB
17165,Canada_2011,0,684,23,and,and,CC,CC
17166,Canada_2011,0,684,24,affirmed,affirmed,VBN,VB
17167,Canada_2011,0,685,0,2,2,CD,CD
17168,Canada_2011,0,686,0,Definition,definition,NN,NN
17169,Canada_2011,0,686,1,of,of,IN,IN
17170,Canada_2011,0,686,3,aboriginal,aboriginal,JJ,JJ
17171,Canada_2011,0,686,4,peoples,peoples,NNS,NN
17172,Canada_2011,0,686,5,of,of,IN,IN
17173,Canada_2011,0,686,6,Canada,canada,NNP,NN
17174,Canada_2011,0,686,7,Share,share,NNP,NN
17175,Canada_2011,0,686,8,In,in,IN,IN
17176,Canada_2011,0,686,9,this,this,DT,DT
17177,Canada_2011,0,686,10,Act,act,NNP,NN
17178,Canada_2011,0,686,13,aboriginal,aboriginal,JJ,JJ
17179,Canada_2011,0,686,14,peoples,peoples,NNS,NN
17180,Canada_2011,0,686,15,of,of,IN,IN
17181,Canada_2011,0,686,16,Canada,canada,NNP,NN
17182,Canada_2011,0,686,18,includes,includes,VBZ,VB
17183,Canada_2011,0,686,19,the,the,DT,DT
17184,Canada_2011,0,686,20,Indian,indian,JJ,JJ
17185,Canada_2011,0,686,22,Inuit,inuit,NNP,NN
17186,Canada_2011,0,686,23,and,and,CC,CC
17187,Canada_2011,0,686,24,Métis,métis,NNP,NN
17188,Canada_2011,0,686,25,peoples,peoples,NNS,NN
17189,Canada_2011,0,686,26,of,of,IN,IN
17190,Canada_2011,0,686,27,Canada,canada,NNP,NN
17191,Canada_2011,0,687,0,3,3,CD,CD
17192,Canada_2011,0,688,0,Land,land,NNP,NN
17193,Canada_2011,0,688,1,claims,claims,VBZ,VB
17194,Canada_2011,0,688,2,agreements,agreements,NNS,NN
17195,Canada_2011,0,688,3,Share,share,NNP,NN
17196,Canada_2011,0,688,4,For,for,IN,IN
17197,Canada_2011,0,688,5,greater,greater,JJR,JJ
17198,Canada_2011,0,688,6,certainty,certainty,NN,NN
17199,Canada_2011,0,688,8,in,in,IN,IN
17200,Canada_2011,0,688,9,subsection,subsection,NN,NN
17201,Canada_2011,0,688,11,1,1,CD,CD
17202,Canada_2011,0,688,14,treaty,treaty,NN,NN
17203,Canada_2011,0,688,15,rights,rights,NNS,NN
17204,Canada_2011,0,688,17,includes,includes,VBZ,VB
17205,Canada_2011,0,688,18,rights,rights,NNS,NN
17206,Canada_2011,0,688,19,that,that,WDT,WD
17207,Canada_2011,0,688,20,now,now,RB,RB
17208,Canada_2011,0,688,21,exist,exist,VBP,VB
17209,Canada_2011,0,688,22,by,by,IN,IN
17210,Canada_2011,0,688,23,way,way,NN,NN
17211,Canada_2011,0,688,24,of,of,IN,IN
17212,Canada_2011,0,688,25,land,land,NN,NN
17213,Canada_2011,0,688,26,claims,claims,NNS,NN
17214,Canada_2011,0,688,27,agreements,agreements,NNS,NN
17215,Canada_2011,0,688,28,or,or,CC,CC
17216,Canada_2011,0,688,29,may,may,MD,MD
17217,Canada_2011,0,688,30,be,be,VB,VB
17218,Canada_2011,0,688,31,so,so,RB,RB
17219,Canada_2011,0,688,32,acquired,acquired,VBN,VB
17220,Canada_2011,0,689,0,4,4,CD,CD
17221,Canada_2011,0,690,0,Aboriginal,aboriginal,NNP,NN
17222,Canada_2011,0,690,1,and,and,CC,CC
17223,Canada_2011,0,690,2,treaty,treaty,NN,NN
17224,Canada_2011,0,690,3,rights,rights,NNS,NN
17225,Canada_2011,0,690,4,are,are,VBP,VB
17226,Canada_2011,0,690,5,guaranteed,guaranteed,VBN,VB
17227,Canada_2011,0,690,6,equally,equally,RB,RB
17228,Canada_2011,0,690,7,to,to,TO,TO
17229,Canada_2011,0,690,8,both,both,DT,DT
17230,Canada_2011,0,690,9,sexes,sexes,NNS,NN
17231,Canada_2011,0,690,10,Share,share,NNP,NN
17232,Canada_2011,0,690,11,Notwithstanding,notwithstanding,NNP,NN
17233,Canada_2011,0,690,12,any,any,DT,DT
17234,Canada_2011,0,690,13,other,other,JJ,JJ
17235,Canada_2011,0,690,14,provision,provision,NN,NN
17236,Canada_2011,0,690,15,of,of,IN,IN
17237,Canada_2011,0,690,16,this,this,DT,DT
17238,Canada_2011,0,690,17,Act,act,NNP,NN
17239,Canada_2011,0,690,19,the,the,DT,DT
17240,Canada_2011,0,690,20,aboriginal,aboriginal,JJ,JJ
17241,Canada_2011,0,690,21,and,and,CC,CC
17242,Canada_2011,0,690,22,treaty,treaty,NN,NN
17243,Canada_2011,0,690,23,rights,rights,NNS,NN
17244,Canada_2011,0,690,24,referred,referred,VBN,VB
17245,Canada_2011,0,690,25,to,to,TO,TO
17246,Canada_2011,0,690,26,in,in,IN,IN
17247,Canada_2011,0,690,27,subsection,subsection,NN,NN
17248,Canada_2011,0,690,29,1,1,CD,CD
17249,Canada_2011,0,690,31,are,are,VBP,VB
17250,Canada_2011,0,690,32,guaranteed,guaranteed,VBN,VB
17251,Canada_2011,0,690,33,equally,equally,RB,RB
17252,Canada_2011,0,690,34,to,to,TO,TO
17253,Canada_2011,0,690,35,male,male,NN,NN
17254,Canada_2011,0,690,36,and,and,CC,CC
17255,Canada_2011,0,690,37,female,female,JJ,JJ
17256,Canada_2011,0,690,38,persons,persons,NNS,NN
17257,Canada_2011,0,691,0,35.1,351,CD,CD
17258,Canada_2011,0,692,0,Commitment,commitment,NN,NN
17259,Canada_2011,0,692,1,to,to,TO,TO
17260,Canada_2011,0,692,2,participation,participation,NN,NN
17261,Canada_2011,0,692,3,in,in,IN,IN
17262,Canada_2011,0,692,4,constitutional,constitutional,JJ,JJ
17263,Canada_2011,0,692,5,conference,conference,NN,NN
17264,Canada_2011,0,692,6,Share,share,NNP,NN
17265,Canada_2011,0,692,7,The,the,DT,DT
17266,Canada_2011,0,692,8,government,government,NN,NN
17267,Canada_2011,0,692,9,of,of,IN,IN
17268,Canada_2011,0,692,10,Canada,canada,NNP,NN
17269,Canada_2011,0,692,11,and,and,CC,CC
17270,Canada_2011,0,692,12,the,the,DT,DT
17271,Canada_2011,0,692,13,provincial,provincial,JJ,JJ
17272,Canada_2011,0,692,14,governments,governments,NNS,NN
17273,Canada_2011,0,692,15,are,are,VBP,VB
17274,Canada_2011,0,692,16,committed,committed,VBN,VB
17275,Canada_2011,0,692,17,to,to,TO,TO
17276,Canada_2011,0,692,18,the,the,DT,DT
17277,Canada_2011,0,692,19,principle,principle,NN,NN
17278,Canada_2011,0,692,20,that,that,IN,IN
17279,Canada_2011,0,692,22,before,before,IN,IN
17280,Canada_2011,0,692,23,any,any,DT,DT
17281,Canada_2011,0,692,24,amendment,amendment,NN,NN
17282,Canada_2011,0,692,25,is,is,VBZ,VB
17283,Canada_2011,0,692,26,made,made,VBN,VB
17284,Canada_2011,0,692,27,to,to,TO,TO
17285,Canada_2011,0,692,28,Class,class,NNP,NN
17286,Canada_2011,0,692,29,24,24,CD,CD
17287,Canada_2011,0,692,30,of,of,IN,IN
17288,Canada_2011,0,692,31,section,section,NN,NN
17289,Canada_2011,0,692,32,91,91,CD,CD
17290,Canada_2011,0,692,33,of,of,IN,IN
17291,Canada_2011,0,692,34,the,the,DT,DT
17292,Canada_2011,0,692,36,Constitution,constitution,NNP,NN
17293,Canada_2011,0,692,37,Act,act,NNP,NN
17294,Canada_2011,0,692,39,1867,1867,CD,CD
17295,Canada_2011,0,692,42,to,to,TO,TO
17296,Canada_2011,0,692,43,section,section,VB,VB
17297,Canada_2011,0,692,44,25,25,CD,CD
17298,Canada_2011,0,692,45,of,of,IN,IN
17299,Canada_2011,0,692,46,this,this,DT,DT
17300,Canada_2011,0,692,47,Act,act,NNP,NN
17301,Canada_2011,0,692,48,or,or,CC,CC
17302,Canada_2011,0,692,49,to,to,TO,TO
17303,Canada_2011,0,692,50,this,this,DT,DT
17304,Canada_2011,0,692,51,Part,part,NNP,NN
17305,Canada_2011,0,692,53,a.a,aa,VBZ,VB
17306,Canada_2011,0,692,54,constitutional,constitutional,JJ,JJ
17307,Canada_2011,0,692,55,conference,conference,NN,NN
17308,Canada_2011,0,692,56,that,that,WDT,WD
17309,Canada_2011,0,692,57,includes,includes,VBZ,VB
17310,Canada_2011,0,692,58,in,in,IN,IN
17311,Canada_2011,0,692,59,its,its,PRP$,PR
17312,Canada_2011,0,692,60,agenda,agenda,NN,NN
17313,Canada_2011,0,692,61,an,an,DT,DT
17314,Canada_2011,0,692,62,item,item,NN,NN
17315,Canada_2011,0,692,63,relating,relating,VBG,VB
17316,Canada_2011,0,692,64,to,to,TO,TO
17317,Canada_2011,0,692,65,the,the,DT,DT
17318,Canada_2011,0,692,66,proposed,proposed,VBN,VB
17319,Canada_2011,0,692,67,amendment,amendment,NN,NN
17320,Canada_2011,0,692,69,composed,composed,VBN,VB
17321,Canada_2011,0,692,70,of,of,IN,IN
17322,Canada_2011,0,692,71,the,the,DT,DT
17323,Canada_2011,0,692,72,Prime,prime,NNP,NN
17324,Canada_2011,0,692,73,Minister,minister,NNP,NN
17325,Canada_2011,0,692,74,of,of,IN,IN
17326,Canada_2011,0,692,75,Canada,canada,NNP,NN
17327,Canada_2011,0,692,76,and,and,CC,CC
17328,Canada_2011,0,692,77,the,the,DT,DT
17329,Canada_2011,0,692,78,first,first,JJ,JJ
17330,Canada_2011,0,692,79,ministers,ministers,NNS,NN
17331,Canada_2011,0,692,80,of,of,IN,IN
17332,Canada_2011,0,692,81,the,the,DT,DT
17333,Canada_2011,0,692,82,provinces,provinces,NNS,NN
17334,Canada_2011,0,692,84,will,will,MD,MD
17335,Canada_2011,0,692,85,be,be,VB,VB
17336,Canada_2011,0,692,86,convened,convened,VBN,VB
17337,Canada_2011,0,692,87,by,by,IN,IN
17338,Canada_2011,0,692,88,the,the,DT,DT
17339,Canada_2011,0,692,89,Prime,prime,NNP,NN
17340,Canada_2011,0,692,90,Minister,minister,NNP,NN
17341,Canada_2011,0,692,91,of,of,IN,IN
17342,Canada_2011,0,692,92,Canada,canada,NNP,NN
17343,Canada_2011,0,692,94,and,and,CC,CC
17344,Canada_2011,0,692,95,b.the,bthe,VB,VB
17345,Canada_2011,0,692,96,Prime,prime,NNP,NN
17346,Canada_2011,0,692,97,Minister,minister,NNP,NN
17347,Canada_2011,0,692,98,of,of,IN,IN
17348,Canada_2011,0,692,99,Canada,canada,NNP,NN
17349,Canada_2011,0,692,100,will,will,MD,MD
17350,Canada_2011,0,692,101,invite,invite,VB,VB
17351,Canada_2011,0,692,102,representatives,representatives,NNS,NN
17352,Canada_2011,0,692,103,of,of,IN,IN
17353,Canada_2011,0,692,104,the,the,DT,DT
17354,Canada_2011,0,692,105,aboriginal,aboriginal,JJ,JJ
17355,Canada_2011,0,692,106,peoples,peoples,NNS,NN
17356,Canada_2011,0,692,107,of,of,IN,IN
17357,Canada_2011,0,692,108,Canada,canada,NNP,NN
17358,Canada_2011,0,692,109,to,to,TO,TO
17359,Canada_2011,0,692,110,participate,participate,VB,VB
17360,Canada_2011,0,692,111,in,in,IN,IN
17361,Canada_2011,0,692,112,the,the,DT,DT
17362,Canada_2011,0,692,113,discussions,discussions,NNS,NN
17363,Canada_2011,0,692,114,on,on,IN,IN
17364,Canada_2011,0,692,115,that,that,DT,DT
17365,Canada_2011,0,692,116,item,item,NN,NN
17366,Canada_2011,0,693,0,PART,part,NN,NN
17367,Canada_2011,0,693,1,III,iii,NNP,NN
17368,Canada_2011,0,694,0,EQUALIZATION,equalization,NNP,NN
17369,Canada_2011,0,694,1,AND,and,NNP,NN
17370,Canada_2011,0,694,2,REGIONAL,regional,NNP,NN
17371,Canada_2011,0,694,3,DISPARITIES,disparities,NNP,NN
17372,Canada_2011,0,694,4,Share,share,NNP,NN
17373,Canada_2011,0,694,5,36,36,CD,CD
17374,Canada_2011,0,695,0,1,1,CD,CD
17375,Canada_2011,0,696,0,Commitment,commitment,NN,NN
17376,Canada_2011,0,696,1,to,to,TO,TO
17377,Canada_2011,0,696,2,promote,promote,VB,VB
17378,Canada_2011,0,696,3,equal,equal,JJ,JJ
17379,Canada_2011,0,696,4,opportunities,opportunities,NNS,NN
17380,Canada_2011,0,696,5,Share,share,NNP,NN
17381,Canada_2011,0,696,6,Without,without,IN,IN
17382,Canada_2011,0,696,7,altering,altering,VBG,VB
17383,Canada_2011,0,696,8,the,the,DT,DT
17384,Canada_2011,0,696,9,legislative,legislative,JJ,JJ
17385,Canada_2011,0,696,10,authority,authority,NN,NN
17386,Canada_2011,0,696,11,of,of,IN,IN
17387,Canada_2011,0,696,12,Parliament,parliament,NNP,NN
17388,Canada_2011,0,696,13,or,or,CC,CC
17389,Canada_2011,0,696,14,of,of,IN,IN
17390,Canada_2011,0,696,15,the,the,DT,DT
17391,Canada_2011,0,696,16,provincial,provincial,JJ,JJ
17392,Canada_2011,0,696,17,legislatures,legislatures,NNS,NN
17393,Canada_2011,0,696,19,or,or,CC,CC
17394,Canada_2011,0,696,20,the,the,DT,DT
17395,Canada_2011,0,696,21,rights,rights,NNS,NN
17396,Canada_2011,0,696,22,of,of,IN,IN
17397,Canada_2011,0,696,23,any,any,DT,DT
17398,Canada_2011,0,696,24,of,of,IN,IN
17399,Canada_2011,0,696,25,them,them,PRP,PR
17400,Canada_2011,0,696,26,with,with,IN,IN
17401,Canada_2011,0,696,27,respect,respect,NN,NN
17402,Canada_2011,0,696,28,to,to,TO,TO
17403,Canada_2011,0,696,29,the,the,DT,DT
17404,Canada_2011,0,696,30,exercise,exercise,NN,NN
17405,Canada_2011,0,696,31,of,of,IN,IN
17406,Canada_2011,0,696,32,their,their,PRP$,PR
17407,Canada_2011,0,696,33,legislative,legislative,JJ,JJ
17408,Canada_2011,0,696,34,authority,authority,NN,NN
17409,Canada_2011,0,696,36,Parliament,parliament,NNP,NN
17410,Canada_2011,0,696,37,and,and,CC,CC
17411,Canada_2011,0,696,38,the,the,DT,DT
17412,Canada_2011,0,696,39,legislatures,legislatures,NNS,NN
17413,Canada_2011,0,696,41,together,together,RB,RB
17414,Canada_2011,0,696,42,with,with,IN,IN
17415,Canada_2011,0,696,43,the,the,DT,DT
17416,Canada_2011,0,696,44,government,government,NN,NN
17417,Canada_2011,0,696,45,of,of,IN,IN
17418,Canada_2011,0,696,46,Canada,canada,NNP,NN
17419,Canada_2011,0,696,47,and,and,CC,CC
17420,Canada_2011,0,696,48,the,the,DT,DT
17421,Canada_2011,0,696,49,provincial,provincial,JJ,JJ
17422,Canada_2011,0,696,50,governments,governments,NNS,NN
17423,Canada_2011,0,696,52,are,are,VBP,VB
17424,Canada_2011,0,696,53,committed,committed,VBN,VB
17425,Canada_2011,0,696,54,to,to,TO,TO
17426,Canada_2011,0,696,55,a.promoting,apromoting,VBG,VB
17427,Canada_2011,0,696,56,equal,equal,JJ,JJ
17428,Canada_2011,0,696,57,opportunities,opportunities,NNS,NN
17429,Canada_2011,0,696,58,for,for,IN,IN
17430,Canada_2011,0,696,59,the,the,DT,DT
17431,Canada_2011,0,696,60,well-being,wellbeing,NN,NN
17432,Canada_2011,0,696,61,of,of,IN,IN
17433,Canada_2011,0,696,62,Canadians,canadians,NNPS,NN
17434,Canada_2011,0,696,64,b.furthering,bfurthering,VBG,VB
17435,Canada_2011,0,696,65,economic,economic,JJ,JJ
17436,Canada_2011,0,696,66,development,development,NN,NN
17437,Canada_2011,0,696,67,to,to,TO,TO
17438,Canada_2011,0,696,68,reduce,reduce,VB,VB
17439,Canada_2011,0,696,69,disparity,disparity,NN,NN
17440,Canada_2011,0,696,70,in,in,IN,IN
17441,Canada_2011,0,696,71,opportunities,opportunities,NNS,NN
17442,Canada_2011,0,696,73,and,and,CC,CC
17443,Canada_2011,0,696,74,c.providing,cproviding,VBG,VB
17444,Canada_2011,0,696,75,essential,essential,JJ,JJ
17445,Canada_2011,0,696,76,public,public,JJ,JJ
17446,Canada_2011,0,696,77,services,services,NNS,NN
17447,Canada_2011,0,696,78,of,of,IN,IN
17448,Canada_2011,0,696,79,reasonable,reasonable,JJ,JJ
17449,Canada_2011,0,696,80,quality,quality,NN,NN
17450,Canada_2011,0,696,81,to,to,TO,TO
17451,Canada_2011,0,696,82,all,all,DT,DT
17452,Canada_2011,0,696,83,Canadians,canadians,NNPS,NN
17453,Canada_2011,0,697,0,2,2,CD,CD
17454,Canada_2011,0,698,0,Commitment,commitment,JJ,JJ
17455,Canada_2011,0,698,1,respecting,respecting,VBG,VB
17456,Canada_2011,0,698,2,public,public,JJ,JJ
17457,Canada_2011,0,698,3,services,services,NNS,NN
17458,Canada_2011,0,698,4,Share,share,NNP,NN
17459,Canada_2011,0,698,5,Parliament,parliament,NNP,NN
17460,Canada_2011,0,698,6,and,and,CC,CC
17461,Canada_2011,0,698,7,the,the,DT,DT
17462,Canada_2011,0,698,8,government,government,NN,NN
17463,Canada_2011,0,698,9,of,of,IN,IN
17464,Canada_2011,0,698,10,Canada,canada,NNP,NN
17465,Canada_2011,0,698,11,are,are,VBP,VB
17466,Canada_2011,0,698,12,committed,committed,VBN,VB
17467,Canada_2011,0,698,13,to,to,TO,TO
17468,Canada_2011,0,698,14,the,the,DT,DT
17469,Canada_2011,0,698,15,principle,principle,NN,NN
17470,Canada_2011,0,698,16,of,of,IN,IN
17471,Canada_2011,0,698,17,making,making,VBG,VB
17472,Canada_2011,0,698,18,equalization,equalization,NN,NN
17473,Canada_2011,0,698,19,payments,payments,NNS,NN
17474,Canada_2011,0,698,20,to,to,TO,TO
17475,Canada_2011,0,698,21,ensure,ensure,VB,VB
17476,Canada_2011,0,698,22,that,that,IN,IN
17477,Canada_2011,0,698,23,provincial,provincial,JJ,JJ
17478,Canada_2011,0,698,24,governments,governments,NNS,NN
17479,Canada_2011,0,698,25,have,have,VBP,VB
17480,Canada_2011,0,698,26,sufficient,sufficient,JJ,JJ
17481,Canada_2011,0,698,27,revenues,revenues,NNS,NN
17482,Canada_2011,0,698,28,to,to,TO,TO
17483,Canada_2011,0,698,29,provide,provide,VB,VB
17484,Canada_2011,0,698,30,reasonably,reasonably,RB,RB
17485,Canada_2011,0,698,31,comparable,comparable,JJ,JJ
17486,Canada_2011,0,698,32,levels,levels,NNS,NN
17487,Canada_2011,0,698,33,of,of,IN,IN
17488,Canada_2011,0,698,34,public,public,JJ,JJ
17489,Canada_2011,0,698,35,services,services,NNS,NN
17490,Canada_2011,0,698,36,at,at,IN,IN
17491,Canada_2011,0,698,37,reasonably,reasonably,RB,RB
17492,Canada_2011,0,698,38,comparable,comparable,JJ,JJ
17493,Canada_2011,0,698,39,levels,levels,NNS,NN
17494,Canada_2011,0,698,40,of,of,IN,IN
17495,Canada_2011,0,698,41,taxation,taxation,NN,NN
17496,Canada_2011,0,699,0,PART,part,NN,NN
17497,Canada_2011,0,699,1,IV,iv,NNP,NN
17498,Canada_2011,0,700,0,CONSTITUTIONAL,constitutional,NNP,NN
17499,Canada_2011,0,700,1,CONFERENCE,conference,NNP,NN
17500,Canada_2011,0,700,2,37,37,CD,CD
17501,Canada_2011,0,701,0,Repealed,repealed,VBN,VB
17502,Canada_2011,0,701,1,PART,part,NNP,NN
17503,Canada_2011,0,701,2,IV.I,ivi,NNP,NN
17504,Canada_2011,0,702,0,CONSTITUTIONAL,constitutional,NNP,NN
17505,Canada_2011,0,702,1,CONFERENCES,conferences,NNP,NN
17506,Canada_2011,0,702,2,37.1,371,CD,CD
17507,Canada_2011,0,703,0,Repealed,repealed,VBN,VB
17508,Canada_2011,0,703,1,PART,part,NNP,NN
17509,Canada_2011,0,703,2,V.,v,NNP,NN
17510,Canada_2011,0,703,3,PROCEDURE,procedure,NNP,NN
17511,Canada_2011,0,703,4,FOR,for,NNP,NN
17512,Canada_2011,0,703,5,AMENDING,amending,NNP,NN
17513,Canada_2011,0,703,6,CONSTITUTION,constitution,NNP,NN
17514,Canada_2011,0,703,7,OF,of,NNP,NN
17515,Canada_2011,0,703,8,CANADA,canada,NNP,NN
17516,Canada_2011,0,703,9,Share,share,NNP,NN
17517,Canada_2011,0,703,10,38,38,CD,CD
17518,Canada_2011,0,704,0,1,1,CD,CD
17519,Canada_2011,0,705,0,General,general,JJ,JJ
17520,Canada_2011,0,705,1,procedure,procedure,NN,NN
17521,Canada_2011,0,705,2,for,for,IN,IN
17522,Canada_2011,0,705,3,amending,amending,VBG,VB
17523,Canada_2011,0,705,4,Constitution,constitution,NNP,NN
17524,Canada_2011,0,705,5,of,of,IN,IN
17525,Canada_2011,0,705,6,Canada,canada,NNP,NN
17526,Canada_2011,0,705,7,Share,share,NNP,NN
17527,Canada_2011,0,705,8,An,an,DT,DT
17528,Canada_2011,0,705,9,amendment,amendment,NN,NN
17529,Canada_2011,0,705,10,to,to,TO,TO
17530,Canada_2011,0,705,11,the,the,DT,DT
17531,Canada_2011,0,705,12,Constitution,constitution,NNP,NN
17532,Canada_2011,0,705,13,of,of,IN,IN
17533,Canada_2011,0,705,14,Canada,canada,NNP,NN
17534,Canada_2011,0,705,15,may,may,MD,MD
17535,Canada_2011,0,705,16,be,be,VB,VB
17536,Canada_2011,0,705,17,made,made,VBN,VB
17537,Canada_2011,0,705,18,by,by,IN,IN
17538,Canada_2011,0,705,19,proclamation,proclamation,NN,NN
17539,Canada_2011,0,705,20,issued,issued,VBN,VB
17540,Canada_2011,0,705,21,by,by,IN,IN
17541,Canada_2011,0,705,22,the,the,DT,DT
17542,Canada_2011,0,705,23,Governor,governor,NNP,NN
17543,Canada_2011,0,705,24,General,general,NNP,NN
17544,Canada_2011,0,705,25,under,under,IN,IN
17545,Canada_2011,0,705,26,the,the,DT,DT
17546,Canada_2011,0,705,27,Great,great,NNP,NN
17547,Canada_2011,0,705,28,Seal,seal,NNP,NN
17548,Canada_2011,0,705,29,of,of,IN,IN
17549,Canada_2011,0,705,30,Canada,canada,NNP,NN
17550,Canada_2011,0,705,31,where,where,WRB,WR
17551,Canada_2011,0,705,32,so,so,RB,RB
17552,Canada_2011,0,705,33,authorized,authorized,VBN,VB
17553,Canada_2011,0,705,34,by,by,IN,IN
17554,Canada_2011,0,705,35,a.resolutions,aresolutions,NNS,NN
17555,Canada_2011,0,705,36,of,of,IN,IN
17556,Canada_2011,0,705,37,the,the,DT,DT
17557,Canada_2011,0,705,38,Senate,senate,NNP,NN
17558,Canada_2011,0,705,39,and,and,CC,CC
17559,Canada_2011,0,705,40,House,house,NNP,NN
17560,Canada_2011,0,705,41,of,of,IN,IN
17561,Canada_2011,0,705,42,Commons,commons,NNPS,NN
17562,Canada_2011,0,705,44,and,and,CC,CC
17563,Canada_2011,0,705,45,b.resolutions,bresolutions,NNS,NN
17564,Canada_2011,0,705,46,of,of,IN,IN
17565,Canada_2011,0,705,47,the,the,DT,DT
17566,Canada_2011,0,705,48,legislative,legislative,JJ,JJ
17567,Canada_2011,0,705,49,assemblies,assemblies,NNS,NN
17568,Canada_2011,0,705,50,of,of,IN,IN
17569,Canada_2011,0,705,51,at,at,IN,IN
17570,Canada_2011,0,705,52,least,least,JJS,JJ
17571,Canada_2011,0,705,53,two-thirds,twothirds,NNS,NN
17572,Canada_2011,0,705,54,of,of,IN,IN
17573,Canada_2011,0,705,55,the,the,DT,DT
17574,Canada_2011,0,705,56,provinces,provinces,NNS,NN
17575,Canada_2011,0,705,57,that,that,WDT,WD
17576,Canada_2011,0,705,58,have,have,VBP,VB
17577,Canada_2011,0,705,60,in,in,IN,IN
17578,Canada_2011,0,705,61,the,the,DT,DT
17579,Canada_2011,0,705,62,aggregate,aggregate,NN,NN
17580,Canada_2011,0,705,64,according,according,VBG,VB
17581,Canada_2011,0,705,65,to,to,TO,TO
17582,Canada_2011,0,705,66,the,the,DT,DT
17583,Canada_2011,0,705,67,then,then,RB,RB
17584,Canada_2011,0,705,68,latest,latest,JJS,JJ
17585,Canada_2011,0,705,69,general,general,JJ,JJ
17586,Canada_2011,0,705,70,census,census,NN,NN
17587,Canada_2011,0,705,72,at,at,IN,IN
17588,Canada_2011,0,705,73,least,least,JJS,JJ
17589,Canada_2011,0,705,74,fifty,fifty,JJ,JJ
17590,Canada_2011,0,705,75,per,per,IN,IN
17591,Canada_2011,0,705,76,cent,cent,NN,NN
17592,Canada_2011,0,705,77,of,of,IN,IN
17593,Canada_2011,0,705,78,the,the,DT,DT
17594,Canada_2011,0,705,79,population,population,NN,NN
17595,Canada_2011,0,705,80,of,of,IN,IN
17596,Canada_2011,0,705,81,all,all,PDT,PD
17597,Canada_2011,0,705,82,the,the,DT,DT
17598,Canada_2011,0,705,83,provinces,provinces,NNS,NN
17599,Canada_2011,0,706,0,2,2,CD,CD
17600,Canada_2011,0,707,0,Majority,majority,NN,NN
17601,Canada_2011,0,707,1,of,of,IN,IN
17602,Canada_2011,0,707,2,members,members,NNS,NN
17603,Canada_2011,0,707,3,Share,share,NNP,NN
17604,Canada_2011,0,707,4,An,an,DT,DT
17605,Canada_2011,0,707,5,amendment,amendment,NN,NN
17606,Canada_2011,0,707,6,made,made,VBN,VB
17607,Canada_2011,0,707,7,under,under,IN,IN
17608,Canada_2011,0,707,8,subsection,subsection,NN,NN
17609,Canada_2011,0,707,10,1,1,CD,CD
17610,Canada_2011,0,707,12,that,that,WDT,WD
17611,Canada_2011,0,707,13,derogates,derogates,VBZ,VB
17612,Canada_2011,0,707,14,from,from,IN,IN
17613,Canada_2011,0,707,15,the,the,DT,DT
17614,Canada_2011,0,707,16,legislative,legislative,JJ,JJ
17615,Canada_2011,0,707,17,powers,powers,NNS,NN
17616,Canada_2011,0,707,19,the,the,DT,DT
17617,Canada_2011,0,707,20,proprietary,proprietary,JJ,JJ
17618,Canada_2011,0,707,21,rights,rights,NNS,NN
17619,Canada_2011,0,707,22,or,or,CC,CC
17620,Canada_2011,0,707,23,any,any,DT,DT
17621,Canada_2011,0,707,24,other,other,JJ,JJ
17622,Canada_2011,0,707,25,rights,rights,NNS,NN
17623,Canada_2011,0,707,26,or,or,CC,CC
17624,Canada_2011,0,707,27,privileges,privileges,NNS,NN
17625,Canada_2011,0,707,28,of,of,IN,IN
17626,Canada_2011,0,707,29,the,the,DT,DT
17627,Canada_2011,0,707,30,legislature,legislature,NN,NN
17628,Canada_2011,0,707,31,or,or,CC,CC
17629,Canada_2011,0,707,32,government,government,NN,NN
17630,Canada_2011,0,707,33,of,of,IN,IN
17631,Canada_2011,0,707,34,a,a,DT,DT
17632,Canada_2011,0,707,35,province,province,NN,NN
17633,Canada_2011,0,707,36,shall,shall,MD,MD
17634,Canada_2011,0,707,37,require,require,VB,VB
17635,Canada_2011,0,707,38,a,a,DT,DT
17636,Canada_2011,0,707,39,resolution,resolution,NN,NN
17637,Canada_2011,0,707,40,supported,supported,VBN,VB
17638,Canada_2011,0,707,41,by,by,IN,IN
17639,Canada_2011,0,707,42,a,a,DT,DT
17640,Canada_2011,0,707,43,majority,majority,NN,NN
17641,Canada_2011,0,707,44,of,of,IN,IN
17642,Canada_2011,0,707,45,the,the,DT,DT
17643,Canada_2011,0,707,46,members,members,NNS,NN
17644,Canada_2011,0,707,47,of,of,IN,IN
17645,Canada_2011,0,707,48,each,each,DT,DT
17646,Canada_2011,0,707,49,of,of,IN,IN
17647,Canada_2011,0,707,50,the,the,DT,DT
17648,Canada_2011,0,707,51,Senate,senate,NNP,NN
17649,Canada_2011,0,707,53,the,the,DT,DT
17650,Canada_2011,0,707,54,House,house,NNP,NN
17651,Canada_2011,0,707,55,of,of,IN,IN
17652,Canada_2011,0,707,56,Commons,commons,NNPS,NN
17653,Canada_2011,0,707,57,and,and,CC,CC
17654,Canada_2011,0,707,58,the,the,DT,DT
17655,Canada_2011,0,707,59,legislative,legislative,JJ,JJ
17656,Canada_2011,0,707,60,assemblies,assemblies,NNS,NN
17657,Canada_2011,0,707,61,required,required,VBN,VB
17658,Canada_2011,0,707,62,under,under,IN,IN
17659,Canada_2011,0,707,63,subsection,subsection,NN,NN
17660,Canada_2011,0,707,65,1,1,CD,CD
17661,Canada_2011,0,708,0,3,3,CD,CD
17662,Canada_2011,0,709,0,Expression,expression,NN,NN
17663,Canada_2011,0,709,1,of,of,IN,IN
17664,Canada_2011,0,709,2,dissent,dissent,NN,NN
17665,Canada_2011,0,709,3,Share,share,NNP,NN
17666,Canada_2011,0,709,4,An,an,DT,DT
17667,Canada_2011,0,709,5,amendment,amendment,NN,NN
17668,Canada_2011,0,709,6,referred,referred,VBD,VB
17669,Canada_2011,0,709,7,to,to,TO,TO
17670,Canada_2011,0,709,8,in,in,IN,IN
17671,Canada_2011,0,709,9,subsection,subsection,NN,NN
17672,Canada_2011,0,709,11,2,2,CD,CD
17673,Canada_2011,0,709,13,shall,shall,MD,MD
17674,Canada_2011,0,709,14,not,not,RB,RB
17675,Canada_2011,0,709,15,have,have,VB,VB
17676,Canada_2011,0,709,16,effect,effect,NN,NN
17677,Canada_2011,0,709,17,in,in,IN,IN
17678,Canada_2011,0,709,18,a,a,DT,DT
17679,Canada_2011,0,709,19,province,province,NN,NN
17680,Canada_2011,0,709,20,the,the,DT,DT
17681,Canada_2011,0,709,21,legislative,legislative,JJ,JJ
17682,Canada_2011,0,709,22,assembly,assembly,NN,NN
17683,Canada_2011,0,709,23,of,of,IN,IN
17684,Canada_2011,0,709,24,which,which,WDT,WD
17685,Canada_2011,0,709,25,has,has,VBZ,VB
17686,Canada_2011,0,709,26,expressed,expressed,VBN,VB
17687,Canada_2011,0,709,27,its,its,PRP$,PR
17688,Canada_2011,0,709,28,dissent,dissent,NN,NN
17689,Canada_2011,0,709,29,thereto,thereto,NN,NN
17690,Canada_2011,0,709,30,by,by,IN,IN
17691,Canada_2011,0,709,31,resolution,resolution,NN,NN
17692,Canada_2011,0,709,32,supported,supported,VBN,VB
17693,Canada_2011,0,709,33,by,by,IN,IN
17694,Canada_2011,0,709,34,a,a,DT,DT
17695,Canada_2011,0,709,35,majority,majority,NN,NN
17696,Canada_2011,0,709,36,of,of,IN,IN
17697,Canada_2011,0,709,37,its,its,PRP$,PR
17698,Canada_2011,0,709,38,members,members,NNS,NN
17699,Canada_2011,0,709,39,prior,prior,RB,RB
17700,Canada_2011,0,709,40,to,to,TO,TO
17701,Canada_2011,0,709,41,the,the,DT,DT
17702,Canada_2011,0,709,42,issue,issue,NN,NN
17703,Canada_2011,0,709,43,of,of,IN,IN
17704,Canada_2011,0,709,44,the,the,DT,DT
17705,Canada_2011,0,709,45,proclamation,proclamation,NN,NN
17706,Canada_2011,0,709,46,to,to,TO,TO
17707,Canada_2011,0,709,47,which,which,WDT,WD
17708,Canada_2011,0,709,48,the,the,DT,DT
17709,Canada_2011,0,709,49,amendment,amendment,NN,NN
17710,Canada_2011,0,709,50,relates,relates,VBZ,VB
17711,Canada_2011,0,709,51,unless,unless,IN,IN
17712,Canada_2011,0,709,52,that,that,DT,DT
17713,Canada_2011,0,709,53,legislative,legislative,JJ,JJ
17714,Canada_2011,0,709,54,assembly,assembly,NN,NN
17715,Canada_2011,0,709,56,subsequently,subsequently,RB,RB
17716,Canada_2011,0,709,58,by,by,IN,IN
17717,Canada_2011,0,709,59,resolution,resolution,NN,NN
17718,Canada_2011,0,709,60,supported,supported,VBN,VB
17719,Canada_2011,0,709,61,by,by,IN,IN
17720,Canada_2011,0,709,62,a,a,DT,DT
17721,Canada_2011,0,709,63,majority,majority,NN,NN
17722,Canada_2011,0,709,64,of,of,IN,IN
17723,Canada_2011,0,709,65,its,its,PRP$,PR
17724,Canada_2011,0,709,66,members,members,NNS,NN
17725,Canada_2011,0,709,68,revokes,revokes,VBZ,VB
17726,Canada_2011,0,709,69,its,its,PRP$,PR
17727,Canada_2011,0,709,70,dissent,dissent,NN,NN
17728,Canada_2011,0,709,71,and,and,CC,CC
17729,Canada_2011,0,709,72,authorizes,authorizes,VBZ,VB
17730,Canada_2011,0,709,73,the,the,DT,DT
17731,Canada_2011,0,709,74,amendment,amendment,NN,NN
17732,Canada_2011,0,710,0,4,4,CD,CD
17733,Canada_2011,0,711,0,Revocation,revocation,NN,NN
17734,Canada_2011,0,711,1,of,of,IN,IN
17735,Canada_2011,0,711,2,dissent,dissent,NN,NN
17736,Canada_2011,0,711,3,Share,share,NNP,NN
17737,Canada_2011,0,711,4,A,a,NNP,NN
17738,Canada_2011,0,711,5,resolution,resolution,NN,NN
17739,Canada_2011,0,711,6,of,of,IN,IN
17740,Canada_2011,0,711,7,dissent,dissent,NN,NN
17741,Canada_2011,0,711,8,made,made,VBN,VB
17742,Canada_2011,0,711,9,for,for,IN,IN
17743,Canada_2011,0,711,10,the,the,DT,DT
17744,Canada_2011,0,711,11,purposes,purposes,NNS,NN
17745,Canada_2011,0,711,12,of,of,IN,IN
17746,Canada_2011,0,711,13,subsection,subsection,NN,NN
17747,Canada_2011,0,711,15,3,3,CD,CD
17748,Canada_2011,0,711,17,may,may,MD,MD
17749,Canada_2011,0,711,18,be,be,VB,VB
17750,Canada_2011,0,711,19,revoked,revoked,VBN,VB
17751,Canada_2011,0,711,20,at,at,IN,IN
17752,Canada_2011,0,711,21,any,any,DT,DT
17753,Canada_2011,0,711,22,time,time,NN,NN
17754,Canada_2011,0,711,23,before,before,IN,IN
17755,Canada_2011,0,711,24,or,or,CC,CC
17756,Canada_2011,0,711,25,after,after,IN,IN
17757,Canada_2011,0,711,26,the,the,DT,DT
17758,Canada_2011,0,711,27,issue,issue,NN,NN
17759,Canada_2011,0,711,28,of,of,IN,IN
17760,Canada_2011,0,711,29,the,the,DT,DT
17761,Canada_2011,0,711,30,proclamation,proclamation,NN,NN
17762,Canada_2011,0,711,31,to,to,TO,TO
17763,Canada_2011,0,711,32,which,which,WDT,WD
17764,Canada_2011,0,711,33,it,it,PRP,PR
17765,Canada_2011,0,711,34,relates,relates,VBZ,VB
17766,Canada_2011,0,712,0,39,39,CD,CD
17767,Canada_2011,0,713,0,1,1,CD,CD
17768,Canada_2011,0,714,0,Restriction,restriction,NN,NN
17769,Canada_2011,0,714,1,on,on,IN,IN
17770,Canada_2011,0,714,2,proclamation,proclamation,NN,NN
17771,Canada_2011,0,714,3,Share,share,NNP,NN
17772,Canada_2011,0,714,4,A,a,NNP,NN
17773,Canada_2011,0,714,5,proclamation,proclamation,NN,NN
17774,Canada_2011,0,714,6,shall,shall,MD,MD
17775,Canada_2011,0,714,7,not,not,RB,RB
17776,Canada_2011,0,714,8,be,be,VB,VB
17777,Canada_2011,0,714,9,issued,issued,VBN,VB
17778,Canada_2011,0,714,10,under,under,IN,IN
17779,Canada_2011,0,714,11,subsection,subsection,NN,NN
17780,Canada_2011,0,714,12,38,38,CD,CD
17781,Canada_2011,0,714,14,1,1,CD,CD
17782,Canada_2011,0,714,16,before,before,IN,IN
17783,Canada_2011,0,714,17,the,the,DT,DT
17784,Canada_2011,0,714,18,expiration,expiration,NN,NN
17785,Canada_2011,0,714,19,of,of,IN,IN
17786,Canada_2011,0,714,20,one,one,CD,CD
17787,Canada_2011,0,714,21,year,year,NN,NN
17788,Canada_2011,0,714,22,from,from,IN,IN
17789,Canada_2011,0,714,23,the,the,DT,DT
17790,Canada_2011,0,714,24,adoption,adoption,NN,NN
17791,Canada_2011,0,714,25,of,of,IN,IN
17792,Canada_2011,0,714,26,the,the,DT,DT
17793,Canada_2011,0,714,27,resolution,resolution,NN,NN
17794,Canada_2011,0,714,28,initiating,initiating,VBG,VB
17795,Canada_2011,0,714,29,the,the,DT,DT
17796,Canada_2011,0,714,30,amendment,amendment,NN,NN
17797,Canada_2011,0,714,31,procedure,procedure,NN,NN
17798,Canada_2011,0,714,32,thereunder,thereunder,NN,NN
17799,Canada_2011,0,714,34,unless,unless,IN,IN
17800,Canada_2011,0,714,35,the,the,DT,DT
17801,Canada_2011,0,714,36,legislative,legislative,JJ,JJ
17802,Canada_2011,0,714,37,assembly,assembly,NN,NN
17803,Canada_2011,0,714,38,of,of,IN,IN
17804,Canada_2011,0,714,39,each,each,DT,DT
17805,Canada_2011,0,714,40,province,province,NN,NN
17806,Canada_2011,0,714,41,has,has,VBZ,VB
17807,Canada_2011,0,714,42,previously,previously,RB,RB
17808,Canada_2011,0,714,43,adopted,adopted,VBN,VB
17809,Canada_2011,0,714,44,a,a,DT,DT
17810,Canada_2011,0,714,45,resolution,resolution,NN,NN
17811,Canada_2011,0,714,46,of,of,IN,IN
17812,Canada_2011,0,714,47,assent,assent,NN,NN
17813,Canada_2011,0,714,48,or,or,CC,CC
17814,Canada_2011,0,714,49,dissent,dissent,NN,NN
17815,Canada_2011,0,715,0,2,2,CD,CD
17816,Canada_2011,0,716,0,Idem,idem,NNP,NN
17817,Canada_2011,0,716,1,Share,share,NNP,NN
17818,Canada_2011,0,716,2,A,a,NNP,NN
17819,Canada_2011,0,716,3,proclamation,proclamation,NN,NN
17820,Canada_2011,0,716,4,shall,shall,MD,MD
17821,Canada_2011,0,716,5,not,not,RB,RB
17822,Canada_2011,0,716,6,be,be,VB,VB
17823,Canada_2011,0,716,7,issued,issued,VBN,VB
17824,Canada_2011,0,716,8,under,under,IN,IN
17825,Canada_2011,0,716,9,subsection,subsection,NN,NN
17826,Canada_2011,0,716,10,38,38,CD,CD
17827,Canada_2011,0,716,12,1,1,CD,CD
17828,Canada_2011,0,716,14,after,after,IN,IN
17829,Canada_2011,0,716,15,the,the,DT,DT
17830,Canada_2011,0,716,16,expiration,expiration,NN,NN
17831,Canada_2011,0,716,17,of,of,IN,IN
17832,Canada_2011,0,716,18,three,three,CD,CD
17833,Canada_2011,0,716,19,years,years,NNS,NN
17834,Canada_2011,0,716,20,from,from,IN,IN
17835,Canada_2011,0,716,21,the,the,DT,DT
17836,Canada_2011,0,716,22,adoption,adoption,NN,NN
17837,Canada_2011,0,716,23,of,of,IN,IN
17838,Canada_2011,0,716,24,the,the,DT,DT
17839,Canada_2011,0,716,25,resolution,resolution,NN,NN
17840,Canada_2011,0,716,26,initiating,initiating,VBG,VB
17841,Canada_2011,0,716,27,the,the,DT,DT
17842,Canada_2011,0,716,28,amendment,amendment,NN,NN
17843,Canada_2011,0,716,29,procedure,procedure,NN,NN
17844,Canada_2011,0,716,30,thereunder,thereunder,NN,NN
17845,Canada_2011,0,717,0,40,40,CD,CD
17846,Canada_2011,0,718,0,Compensation,compensation,NN,NN
17847,Canada_2011,0,718,1,Share,share,NNP,NN
17848,Canada_2011,0,718,2,Where,where,NNP,NN
17849,Canada_2011,0,718,3,an,an,DT,DT
17850,Canada_2011,0,718,4,amendment,amendment,NN,NN
17851,Canada_2011,0,718,5,is,is,VBZ,VB
17852,Canada_2011,0,718,6,made,made,VBN,VB
17853,Canada_2011,0,718,7,under,under,IN,IN
17854,Canada_2011,0,718,8,subsection,subsection,NN,NN
17855,Canada_2011,0,718,9,38,38,CD,CD
17856,Canada_2011,0,718,11,1,1,CD,CD
17857,Canada_2011,0,718,13,that,that,IN,IN
17858,Canada_2011,0,718,14,transfers,transfers,VBZ,VB
17859,Canada_2011,0,718,15,provincial,provincial,JJ,JJ
17860,Canada_2011,0,718,16,legislative,legislative,JJ,JJ
17861,Canada_2011,0,718,17,powers,powers,NNS,NN
17862,Canada_2011,0,718,18,relating,relating,VBG,VB
17863,Canada_2011,0,718,19,to,to,TO,TO
17864,Canada_2011,0,718,20,education,education,NN,NN
17865,Canada_2011,0,718,21,or,or,CC,CC
17866,Canada_2011,0,718,22,other,other,JJ,JJ
17867,Canada_2011,0,718,23,cultural,cultural,JJ,JJ
17868,Canada_2011,0,718,24,matters,matters,NNS,NN
17869,Canada_2011,0,718,25,from,from,IN,IN
17870,Canada_2011,0,718,26,provincial,provincial,JJ,JJ
17871,Canada_2011,0,718,27,legislatures,legislatures,NNS,NN
17872,Canada_2011,0,718,28,to,to,TO,TO
17873,Canada_2011,0,718,29,Parliament,parliament,NNP,NN
17874,Canada_2011,0,718,31,Canada,canada,NNP,NN
17875,Canada_2011,0,718,32,shall,shall,MD,MD
17876,Canada_2011,0,718,33,provide,provide,VB,VB
17877,Canada_2011,0,718,34,reasonable,reasonable,JJ,JJ
17878,Canada_2011,0,718,35,compensation,compensation,NN,NN
17879,Canada_2011,0,718,36,to,to,TO,TO
17880,Canada_2011,0,718,37,any,any,DT,DT
17881,Canada_2011,0,718,38,province,province,NN,NN
17882,Canada_2011,0,718,39,to,to,TO,TO
17883,Canada_2011,0,718,40,which,which,WDT,WD
17884,Canada_2011,0,718,41,the,the,DT,DT
17885,Canada_2011,0,718,42,amendment,amendment,NN,NN
17886,Canada_2011,0,718,43,does,does,VBZ,VB
17887,Canada_2011,0,718,44,not,not,RB,RB
17888,Canada_2011,0,718,45,apply,apply,VB,VB
17889,Canada_2011,0,719,0,41,41,CD,CD
17890,Canada_2011,0,720,0,Amendment,amendment,NN,NN
17891,Canada_2011,0,720,1,by,by,IN,IN
17892,Canada_2011,0,720,2,unanimous,unanimous,JJ,JJ
17893,Canada_2011,0,720,3,consent,consent,NN,NN
17894,Canada_2011,0,720,4,Share,share,NNP,NN
17895,Canada_2011,0,720,5,An,an,DT,DT
17896,Canada_2011,0,720,6,amendment,amendment,NN,NN
17897,Canada_2011,0,720,7,to,to,TO,TO
17898,Canada_2011,0,720,8,the,the,DT,DT
17899,Canada_2011,0,720,9,Constitution,constitution,NNP,NN
17900,Canada_2011,0,720,10,of,of,IN,IN
17901,Canada_2011,0,720,11,Canada,canada,NNP,NN
17902,Canada_2011,0,720,12,in,in,IN,IN
17903,Canada_2011,0,720,13,relation,relation,NN,NN
17904,Canada_2011,0,720,14,to,to,TO,TO
17905,Canada_2011,0,720,15,the,the,DT,DT
17906,Canada_2011,0,720,16,following,following,JJ,JJ
17907,Canada_2011,0,720,17,matters,matters,NNS,NN
17908,Canada_2011,0,720,18,may,may,MD,MD
17909,Canada_2011,0,720,19,be,be,VB,VB
17910,Canada_2011,0,720,20,made,made,VBN,VB
17911,Canada_2011,0,720,21,by,by,IN,IN
17912,Canada_2011,0,720,22,proclamation,proclamation,NN,NN
17913,Canada_2011,0,720,23,issued,issued,VBN,VB
17914,Canada_2011,0,720,24,by,by,IN,IN
17915,Canada_2011,0,720,25,the,the,DT,DT
17916,Canada_2011,0,720,26,Governor,governor,NNP,NN
17917,Canada_2011,0,720,27,General,general,NNP,NN
17918,Canada_2011,0,720,28,under,under,IN,IN
17919,Canada_2011,0,720,29,the,the,DT,DT
17920,Canada_2011,0,720,30,Great,great,NNP,NN
17921,Canada_2011,0,720,31,Seal,seal,NNP,NN
17922,Canada_2011,0,720,32,of,of,IN,IN
17923,Canada_2011,0,720,33,Canada,canada,NNP,NN
17924,Canada_2011,0,720,34,only,only,RB,RB
17925,Canada_2011,0,720,35,where,where,WRB,WR
17926,Canada_2011,0,720,36,authorized,authorized,VBN,VB
17927,Canada_2011,0,720,37,by,by,IN,IN
17928,Canada_2011,0,720,38,resolutions,resolutions,NNS,NN
17929,Canada_2011,0,720,39,of,of,IN,IN
17930,Canada_2011,0,720,40,the,the,DT,DT
17931,Canada_2011,0,720,41,Senate,senate,NNP,NN
17932,Canada_2011,0,720,42,and,and,CC,CC
17933,Canada_2011,0,720,43,House,house,NNP,NN
17934,Canada_2011,0,720,44,of,of,IN,IN
17935,Canada_2011,0,720,45,Commons,commons,NNPS,NN
17936,Canada_2011,0,720,46,and,and,CC,CC
17937,Canada_2011,0,720,47,of,of,IN,IN
17938,Canada_2011,0,720,48,the,the,DT,DT
17939,Canada_2011,0,720,49,legislative,legislative,JJ,JJ
17940,Canada_2011,0,720,50,assembly,assembly,NN,NN
17941,Canada_2011,0,720,51,of,of,IN,IN
17942,Canada_2011,0,720,52,each,each,DT,DT
17943,Canada_2011,0,720,53,province,province,NN,NN
17944,Canada_2011,0,720,55,a.the,athe,JJ,JJ
17945,Canada_2011,0,720,56,office,office,NN,NN
17946,Canada_2011,0,720,57,of,of,IN,IN
17947,Canada_2011,0,720,58,the,the,DT,DT
17948,Canada_2011,0,720,59,Queen,queen,NNP,NN
17949,Canada_2011,0,720,61,the,the,DT,DT
17950,Canada_2011,0,720,62,Governor,governor,NNP,NN
17951,Canada_2011,0,720,63,General,general,NNP,NN
17952,Canada_2011,0,720,64,and,and,CC,CC
17953,Canada_2011,0,720,65,the,the,DT,DT
17954,Canada_2011,0,720,66,Lieutenant,lieutenant,NNP,NN
17955,Canada_2011,0,720,67,Governor,governor,NNP,NN
17956,Canada_2011,0,720,68,of,of,IN,IN
17957,Canada_2011,0,720,69,a,a,DT,DT
17958,Canada_2011,0,720,70,province,province,NN,NN
17959,Canada_2011,0,720,72,b.the,bthe,CC,CC
17960,Canada_2011,0,720,73,right,right,NN,NN
17961,Canada_2011,0,720,74,of,of,IN,IN
17962,Canada_2011,0,720,75,a,a,DT,DT
17963,Canada_2011,0,720,76,province,province,NN,NN
17964,Canada_2011,0,720,77,to,to,TO,TO
17965,Canada_2011,0,720,78,a,a,DT,DT
17966,Canada_2011,0,720,79,number,number,NN,NN
17967,Canada_2011,0,720,80,of,of,IN,IN
17968,Canada_2011,0,720,81,members,members,NNS,NN
17969,Canada_2011,0,720,82,in,in,IN,IN
17970,Canada_2011,0,720,83,the,the,DT,DT
17971,Canada_2011,0,720,84,House,house,NNP,NN
17972,Canada_2011,0,720,85,of,of,IN,IN
17973,Canada_2011,0,720,86,Commons,commons,NNPS,NN
17974,Canada_2011,0,720,87,not,not,RB,RB
17975,Canada_2011,0,720,88,less,less,RBR,RB
17976,Canada_2011,0,720,89,than,than,IN,IN
17977,Canada_2011,0,720,90,the,the,DT,DT
17978,Canada_2011,0,720,91,number,number,NN,NN
17979,Canada_2011,0,720,92,of,of,IN,IN
17980,Canada_2011,0,720,93,Senators,senators,NNS,NN
17981,Canada_2011,0,720,94,by,by,IN,IN
17982,Canada_2011,0,720,95,which,which,WDT,WD
17983,Canada_2011,0,720,96,the,the,DT,DT
17984,Canada_2011,0,720,97,province,province,NN,NN
17985,Canada_2011,0,720,98,is,is,VBZ,VB
17986,Canada_2011,0,720,99,entitled,entitled,VBN,VB
17987,Canada_2011,0,720,100,to,to,TO,TO
17988,Canada_2011,0,720,101,be,be,VB,VB
17989,Canada_2011,0,720,102,represented,represented,VBN,VB
17990,Canada_2011,0,720,103,at,at,IN,IN
17991,Canada_2011,0,720,104,the,the,DT,DT
17992,Canada_2011,0,720,105,time,time,NN,NN
17993,Canada_2011,0,720,106,this,this,DT,DT
17994,Canada_2011,0,720,107,Part,part,NN,NN
17995,Canada_2011,0,720,108,comes,comes,VBZ,VB
17996,Canada_2011,0,720,109,into,into,IN,IN
17997,Canada_2011,0,720,110,force,force,NN,NN
17998,Canada_2011,0,720,112,c.subject,csubject,NN,NN
17999,Canada_2011,0,720,113,to,to,TO,TO
18000,Canada_2011,0,720,114,section,section,NN,NN
18001,Canada_2011,0,720,115,43,43,CD,CD
18002,Canada_2011,0,720,117,the,the,DT,DT
18003,Canada_2011,0,720,118,use,use,NN,NN
18004,Canada_2011,0,720,119,of,of,IN,IN
18005,Canada_2011,0,720,120,the,the,DT,DT
18006,Canada_2011,0,720,121,English,english,NNP,NN
18007,Canada_2011,0,720,122,or,or,CC,CC
18008,Canada_2011,0,720,123,the,the,DT,DT
18009,Canada_2011,0,720,124,French,french,JJ,JJ
18010,Canada_2011,0,720,125,language,language,NN,NN
18011,Canada_2011,0,720,127,d.the,dthe,JJ,JJ
18012,Canada_2011,0,720,128,composition,composition,NN,NN
18013,Canada_2011,0,720,129,of,of,IN,IN
18014,Canada_2011,0,720,130,the,the,DT,DT
18015,Canada_2011,0,720,131,Supreme,supreme,NNP,NN
18016,Canada_2011,0,720,132,Court,court,NNP,NN
18017,Canada_2011,0,720,133,of,of,IN,IN
18018,Canada_2011,0,720,134,Canada,canada,NNP,NN
18019,Canada_2011,0,720,136,and,and,CC,CC
18020,Canada_2011,0,720,137,e.an,ean,VB,VB
18021,Canada_2011,0,720,138,amendment,amendment,NN,NN
18022,Canada_2011,0,720,139,to,to,TO,TO
18023,Canada_2011,0,720,140,this,this,DT,DT
18024,Canada_2011,0,720,141,Part,part,NNP,NN
18025,Canada_2011,0,721,0,42,42,CD,CD
18026,Canada_2011,0,722,0,1,1,CD,CD
18027,Canada_2011,0,723,0,Amendment,amendment,NN,NN
18028,Canada_2011,0,723,1,by,by,IN,IN
18029,Canada_2011,0,723,2,general,general,JJ,JJ
18030,Canada_2011,0,723,3,procedure,procedure,NN,NN
18031,Canada_2011,0,723,4,Share,share,NNP,NN
18032,Canada_2011,0,723,5,An,an,DT,DT
18033,Canada_2011,0,723,6,amendment,amendment,NN,NN
18034,Canada_2011,0,723,7,to,to,TO,TO
18035,Canada_2011,0,723,8,the,the,DT,DT
18036,Canada_2011,0,723,9,Constitution,constitution,NNP,NN
18037,Canada_2011,0,723,10,of,of,IN,IN
18038,Canada_2011,0,723,11,Canada,canada,NNP,NN
18039,Canada_2011,0,723,12,in,in,IN,IN
18040,Canada_2011,0,723,13,relation,relation,NN,NN
18041,Canada_2011,0,723,14,to,to,TO,TO
18042,Canada_2011,0,723,15,the,the,DT,DT
18043,Canada_2011,0,723,16,following,following,JJ,JJ
18044,Canada_2011,0,723,17,matters,matters,NNS,NN
18045,Canada_2011,0,723,18,may,may,MD,MD
18046,Canada_2011,0,723,19,be,be,VB,VB
18047,Canada_2011,0,723,20,made,made,VBN,VB
18048,Canada_2011,0,723,21,only,only,RB,RB
18049,Canada_2011,0,723,22,in,in,IN,IN
18050,Canada_2011,0,723,23,accordance,accordance,NN,NN
18051,Canada_2011,0,723,24,with,with,IN,IN
18052,Canada_2011,0,723,25,subsection,subsection,NN,NN
18053,Canada_2011,0,723,26,38,38,CD,CD
18054,Canada_2011,0,723,28,1,1,CD,CD
18055,Canada_2011,0,723,31,a.the,athe,JJ,JJ
18056,Canada_2011,0,723,32,principle,principle,NN,NN
18057,Canada_2011,0,723,33,of,of,IN,IN
18058,Canada_2011,0,723,34,proportionate,proportionate,JJ,JJ
18059,Canada_2011,0,723,35,representation,representation,NN,NN
18060,Canada_2011,0,723,36,of,of,IN,IN
18061,Canada_2011,0,723,37,the,the,DT,DT
18062,Canada_2011,0,723,38,provinces,provinces,NNS,NN
18063,Canada_2011,0,723,39,in,in,IN,IN
18064,Canada_2011,0,723,40,the,the,DT,DT
18065,Canada_2011,0,723,41,House,house,NNP,NN
18066,Canada_2011,0,723,42,of,of,IN,IN
18067,Canada_2011,0,723,43,Commons,commons,NNPS,NN
18068,Canada_2011,0,723,44,prescribed,prescribed,VBN,VB
18069,Canada_2011,0,723,45,by,by,IN,IN
18070,Canada_2011,0,723,46,the,the,DT,DT
18071,Canada_2011,0,723,47,Constitution,constitution,NNP,NN
18072,Canada_2011,0,723,48,of,of,IN,IN
18073,Canada_2011,0,723,49,Canada,canada,NNP,NN
18074,Canada_2011,0,723,51,b.the,bthe,JJ,JJ
18075,Canada_2011,0,723,52,powers,powers,NNS,NN
18076,Canada_2011,0,723,53,of,of,IN,IN
18077,Canada_2011,0,723,54,the,the,DT,DT
18078,Canada_2011,0,723,55,Senate,senate,NNP,NN
18079,Canada_2011,0,723,56,and,and,CC,CC
18080,Canada_2011,0,723,57,the,the,DT,DT
18081,Canada_2011,0,723,58,method,method,NN,NN
18082,Canada_2011,0,723,59,of,of,IN,IN
18083,Canada_2011,0,723,60,selecting,selecting,VBG,VB
18084,Canada_2011,0,723,61,Senators,senators,NNS,NN
18085,Canada_2011,0,723,63,c.the,cthe,VBZ,VB
18086,Canada_2011,0,723,64,number,number,NN,NN
18087,Canada_2011,0,723,65,of,of,IN,IN
18088,Canada_2011,0,723,66,members,members,NNS,NN
18089,Canada_2011,0,723,67,by,by,IN,IN
18090,Canada_2011,0,723,68,which,which,WDT,WD
18091,Canada_2011,0,723,69,a,a,DT,DT
18092,Canada_2011,0,723,70,province,province,NN,NN
18093,Canada_2011,0,723,71,is,is,VBZ,VB
18094,Canada_2011,0,723,72,entitled,entitled,VBN,VB
18095,Canada_2011,0,723,73,to,to,TO,TO
18096,Canada_2011,0,723,74,be,be,VB,VB
18097,Canada_2011,0,723,75,represented,represented,VBN,VB
18098,Canada_2011,0,723,76,in,in,IN,IN
18099,Canada_2011,0,723,77,the,the,DT,DT
18100,Canada_2011,0,723,78,Senate,senate,NNP,NN
18101,Canada_2011,0,723,79,and,and,CC,CC
18102,Canada_2011,0,723,80,the,the,DT,DT
18103,Canada_2011,0,723,81,residence,residence,NN,NN
18104,Canada_2011,0,723,82,qualifications,qualifications,NNS,NN
18105,Canada_2011,0,723,83,of,of,IN,IN
18106,Canada_2011,0,723,84,Senators,senators,NNPS,NN
18107,Canada_2011,0,723,86,d.subject,dsubject,VB,VB
18108,Canada_2011,0,723,87,to,to,TO,TO
18109,Canada_2011,0,723,88,paragraph,paragraph,VB,VB
18110,Canada_2011,0,723,89,41,41,CD,CD
18111,Canada_2011,0,723,91,d,d,NN,NN
18112,Canada_2011,0,723,94,the,the,DT,DT
18113,Canada_2011,0,723,95,Supreme,supreme,NNP,NN
18114,Canada_2011,0,723,96,Court,court,NNP,NN
18115,Canada_2011,0,723,97,of,of,IN,IN
18116,Canada_2011,0,723,98,Canada,canada,NNP,NN
18117,Canada_2011,0,723,100,e.the,ethe,JJ,JJ
18118,Canada_2011,0,723,101,extension,extension,NN,NN
18119,Canada_2011,0,723,102,of,of,IN,IN
18120,Canada_2011,0,723,103,existing,existing,VBG,VB
18121,Canada_2011,0,723,104,provinces,provinces,NNS,NN
18122,Canada_2011,0,723,105,into,into,IN,IN
18123,Canada_2011,0,723,106,the,the,DT,DT
18124,Canada_2011,0,723,107,territories,territories,NNS,NN
18125,Canada_2011,0,723,109,and,and,CC,CC
18126,Canada_2011,0,723,110,f.notwithstanding,fnotwithstanding,VBG,VB
18127,Canada_2011,0,723,111,any,any,DT,DT
18128,Canada_2011,0,723,112,other,other,JJ,JJ
18129,Canada_2011,0,723,113,law,law,NN,NN
18130,Canada_2011,0,723,114,or,or,CC,CC
18131,Canada_2011,0,723,115,practice,practice,NN,NN
18132,Canada_2011,0,723,117,the,the,DT,DT
18133,Canada_2011,0,723,118,establishment,establishment,NN,NN
18134,Canada_2011,0,723,119,of,of,IN,IN
18135,Canada_2011,0,723,120,new,new,JJ,JJ
18136,Canada_2011,0,723,121,provinces,provinces,NNS,NN
18137,Canada_2011,0,724,0,2,2,CD,CD
18138,Canada_2011,0,725,0,Exception,exception,NNP,NN
18139,Canada_2011,0,725,1,Share,share,NNP,NN
18140,Canada_2011,0,725,2,Subsections,subsections,NNP,NN
18141,Canada_2011,0,725,3,38,38,CD,CD
18142,Canada_2011,0,725,5,2,2,CD,CD
18143,Canada_2011,0,725,7,to,to,TO,TO
18144,Canada_2011,0,725,9,4,4,CD,CD
18145,Canada_2011,0,725,11,do,do,VBP,VB
18146,Canada_2011,0,725,12,not,not,RB,RB
18147,Canada_2011,0,725,13,apply,apply,VB,VB
18148,Canada_2011,0,725,14,in,in,IN,IN
18149,Canada_2011,0,725,15,respect,respect,NN,NN
18150,Canada_2011,0,725,16,of,of,IN,IN
18151,Canada_2011,0,725,17,amendments,amendments,NNS,NN
18152,Canada_2011,0,725,18,in,in,IN,IN
18153,Canada_2011,0,725,19,relation,relation,NN,NN
18154,Canada_2011,0,725,20,to,to,TO,TO
18155,Canada_2011,0,725,21,matters,matters,NNS,NN
18156,Canada_2011,0,725,22,referred,referred,VBN,VB
18157,Canada_2011,0,725,23,to,to,TO,TO
18158,Canada_2011,0,725,24,in,in,IN,IN
18159,Canada_2011,0,725,25,subsection,subsection,NN,NN
18160,Canada_2011,0,725,27,1,1,CD,CD
18161,Canada_2011,0,726,0,43,43,CD,CD
18162,Canada_2011,0,727,0,Amendment,amendment,NNP,NN
18163,Canada_2011,0,727,1,of,of,IN,IN
18164,Canada_2011,0,727,2,provisions,provisions,NNS,NN
18165,Canada_2011,0,727,3,relating,relating,VBG,VB
18166,Canada_2011,0,727,4,to,to,TO,TO
18167,Canada_2011,0,727,5,some,some,DT,DT
18168,Canada_2011,0,727,6,but,but,CC,CC
18169,Canada_2011,0,727,7,not,not,RB,RB
18170,Canada_2011,0,727,8,all,all,DT,DT
18171,Canada_2011,0,727,9,provinces,provinces,NNS,NN
18172,Canada_2011,0,727,10,Share,share,NNP,NN
18173,Canada_2011,0,727,11,An,an,DT,DT
18174,Canada_2011,0,727,12,amendment,amendment,NN,NN
18175,Canada_2011,0,727,13,to,to,TO,TO
18176,Canada_2011,0,727,14,the,the,DT,DT
18177,Canada_2011,0,727,15,Constitution,constitution,NNP,NN
18178,Canada_2011,0,727,16,of,of,IN,IN
18179,Canada_2011,0,727,17,Canada,canada,NNP,NN
18180,Canada_2011,0,727,18,in,in,IN,IN
18181,Canada_2011,0,727,19,relation,relation,NN,NN
18182,Canada_2011,0,727,20,to,to,TO,TO
18183,Canada_2011,0,727,21,any,any,DT,DT
18184,Canada_2011,0,727,22,provision,provision,NN,NN
18185,Canada_2011,0,727,23,that,that,WDT,WD
18186,Canada_2011,0,727,24,applies,applies,VBZ,VB
18187,Canada_2011,0,727,25,to,to,TO,TO
18188,Canada_2011,0,727,26,one,one,CD,CD
18189,Canada_2011,0,727,27,or,or,CC,CC
18190,Canada_2011,0,727,28,more,more,JJR,JJ
18191,Canada_2011,0,727,30,but,but,CC,CC
18192,Canada_2011,0,727,31,not,not,RB,RB
18193,Canada_2011,0,727,32,all,all,DT,DT
18194,Canada_2011,0,727,34,provinces,provinces,NNS,NN
18195,Canada_2011,0,727,36,including,including,VBG,VB
18196,Canada_2011,0,727,37,a.any,aany,JJ,JJ
18197,Canada_2011,0,727,38,alteration,alteration,NN,NN
18198,Canada_2011,0,727,39,to,to,TO,TO
18199,Canada_2011,0,727,40,boundaries,boundaries,NNS,NN
18200,Canada_2011,0,727,41,between,between,IN,IN
18201,Canada_2011,0,727,42,provinces,provinces,NNS,NN
18202,Canada_2011,0,727,44,and,and,CC,CC
18203,Canada_2011,0,727,45,b.any,bany,JJ,JJ
18204,Canada_2011,0,727,46,amendment,amendment,NN,NN
18205,Canada_2011,0,727,47,to,to,TO,TO
18206,Canada_2011,0,727,48,any,any,DT,DT
18207,Canada_2011,0,727,49,provision,provision,NN,NN
18208,Canada_2011,0,727,50,that,that,WDT,WD
18209,Canada_2011,0,727,51,relates,relates,VBZ,VB
18210,Canada_2011,0,727,52,to,to,TO,TO
18211,Canada_2011,0,727,53,the,the,DT,DT
18212,Canada_2011,0,727,54,use,use,NN,NN
18213,Canada_2011,0,727,55,of,of,IN,IN
18214,Canada_2011,0,727,56,the,the,DT,DT
18215,Canada_2011,0,727,57,English,english,NNP,NN
18216,Canada_2011,0,727,58,or,or,CC,CC
18217,Canada_2011,0,727,59,the,the,DT,DT
18218,Canada_2011,0,727,60,French,french,JJ,JJ
18219,Canada_2011,0,727,61,language,language,NN,NN
18220,Canada_2011,0,727,62,within,within,IN,IN
18221,Canada_2011,0,727,63,a,a,DT,DT
18222,Canada_2011,0,727,64,province,province,NN,NN
18223,Canada_2011,0,727,66,may,may,MD,MD
18224,Canada_2011,0,727,67,be,be,VB,VB
18225,Canada_2011,0,727,68,made,made,VBN,VB
18226,Canada_2011,0,727,69,by,by,IN,IN
18227,Canada_2011,0,727,70,proclamation,proclamation,NN,NN
18228,Canada_2011,0,727,71,issued,issued,VBN,VB
18229,Canada_2011,0,727,72,by,by,IN,IN
18230,Canada_2011,0,727,73,the,the,DT,DT
18231,Canada_2011,0,727,74,Governor,governor,NNP,NN
18232,Canada_2011,0,727,75,General,general,NNP,NN
18233,Canada_2011,0,727,76,under,under,IN,IN
18234,Canada_2011,0,727,77,the,the,DT,DT
18235,Canada_2011,0,727,78,Great,great,NNP,NN
18236,Canada_2011,0,727,79,Seal,seal,NNP,NN
18237,Canada_2011,0,727,80,of,of,IN,IN
18238,Canada_2011,0,727,81,Canada,canada,NNP,NN
18239,Canada_2011,0,727,82,only,only,RB,RB
18240,Canada_2011,0,727,83,where,where,WRB,WR
18241,Canada_2011,0,727,84,so,so,RB,RB
18242,Canada_2011,0,727,85,authorized,authorized,VBN,VB
18243,Canada_2011,0,727,86,by,by,IN,IN
18244,Canada_2011,0,727,87,resolutions,resolutions,NNS,NN
18245,Canada_2011,0,727,88,of,of,IN,IN
18246,Canada_2011,0,727,89,the,the,DT,DT
18247,Canada_2011,0,727,90,Senate,senate,NNP,NN
18248,Canada_2011,0,727,91,and,and,CC,CC
18249,Canada_2011,0,727,92,House,house,NNP,NN
18250,Canada_2011,0,727,93,of,of,IN,IN
18251,Canada_2011,0,727,94,Commons,commons,NNPS,NN
18252,Canada_2011,0,727,95,and,and,CC,CC
18253,Canada_2011,0,727,96,of,of,IN,IN
18254,Canada_2011,0,727,97,the,the,DT,DT
18255,Canada_2011,0,727,98,legislative,legislative,JJ,JJ
18256,Canada_2011,0,727,99,assembly,assembly,NN,NN
18257,Canada_2011,0,727,100,of,of,IN,IN
18258,Canada_2011,0,727,101,each,each,DT,DT
18259,Canada_2011,0,727,102,province,province,NN,NN
18260,Canada_2011,0,727,103,to,to,TO,TO
18261,Canada_2011,0,727,104,which,which,WDT,WD
18262,Canada_2011,0,727,105,the,the,DT,DT
18263,Canada_2011,0,727,106,amendment,amendment,NN,NN
18264,Canada_2011,0,727,107,applies,applies,NNS,NN
18265,Canada_2011,0,728,0,44,44,CD,CD
18266,Canada_2011,0,729,0,Amendments,amendments,NNS,NN
18267,Canada_2011,0,729,1,by,by,IN,IN
18268,Canada_2011,0,729,2,Parliament,parliament,NNP,NN
18269,Canada_2011,0,729,3,Share,share,NNP,NN
18270,Canada_2011,0,729,4,Subject,subject,NNP,NN
18271,Canada_2011,0,729,5,to,to,TO,TO
18272,Canada_2011,0,729,6,sections,sections,VB,VB
18273,Canada_2011,0,729,7,41,41,CD,CD
18274,Canada_2011,0,729,8,and,and,CC,CC
18275,Canada_2011,0,729,9,42,42,CD,CD
18276,Canada_2011,0,729,11,Parliament,parliament,NNP,NN
18277,Canada_2011,0,729,12,may,may,MD,MD
18278,Canada_2011,0,729,13,exclusively,exclusively,RB,RB
18279,Canada_2011,0,729,14,make,make,VB,VB
18280,Canada_2011,0,729,15,laws,laws,NNS,NN
18281,Canada_2011,0,729,16,amending,amending,VBG,VB
18282,Canada_2011,0,729,17,the,the,DT,DT
18283,Canada_2011,0,729,18,Constitution,constitution,NN,NN
18284,Canada_2011,0,729,19,of,of,IN,IN
18285,Canada_2011,0,729,20,Canada,canada,NNP,NN
18286,Canada_2011,0,729,21,in,in,IN,IN
18287,Canada_2011,0,729,22,relation,relation,NN,NN
18288,Canada_2011,0,729,23,to,to,TO,TO
18289,Canada_2011,0,729,24,the,the,DT,DT
18290,Canada_2011,0,729,25,executive,executive,JJ,JJ
18291,Canada_2011,0,729,26,government,government,NN,NN
18292,Canada_2011,0,729,27,of,of,IN,IN
18293,Canada_2011,0,729,28,Canada,canada,NNP,NN
18294,Canada_2011,0,729,29,or,or,CC,CC
18295,Canada_2011,0,729,30,the,the,DT,DT
18296,Canada_2011,0,729,31,Senate,senate,NNP,NN
18297,Canada_2011,0,729,32,and,and,CC,CC
18298,Canada_2011,0,729,33,House,house,NNP,NN
18299,Canada_2011,0,729,34,of,of,IN,IN
18300,Canada_2011,0,729,35,Commons,commons,NNPS,NN
18301,Canada_2011,0,730,0,45,45,CD,CD
18302,Canada_2011,0,731,0,Amendments,amendments,NNS,NN
18303,Canada_2011,0,731,1,by,by,IN,IN
18304,Canada_2011,0,731,2,provincial,provincial,JJ,JJ
18305,Canada_2011,0,731,3,legislatures,legislatures,NNS,NN
18306,Canada_2011,0,731,4,Share,share,NNP,NN
18307,Canada_2011,0,731,5,Subject,subject,NNP,NN
18308,Canada_2011,0,731,6,to,to,TO,TO
18309,Canada_2011,0,731,7,section,section,NN,NN
18310,Canada_2011,0,731,8,41,41,CD,CD
18311,Canada_2011,0,731,10,the,the,DT,DT
18312,Canada_2011,0,731,11,legislature,legislature,NN,NN
18313,Canada_2011,0,731,12,of,of,IN,IN
18314,Canada_2011,0,731,13,each,each,DT,DT
18315,Canada_2011,0,731,14,province,province,NN,NN
18316,Canada_2011,0,731,15,may,may,MD,MD
18317,Canada_2011,0,731,16,exclusively,exclusively,RB,RB
18318,Canada_2011,0,731,17,make,make,VB,VB
18319,Canada_2011,0,731,18,laws,laws,NNS,NN
18320,Canada_2011,0,731,19,amending,amending,VBG,VB
18321,Canada_2011,0,731,20,the,the,DT,DT
18322,Canada_2011,0,731,21,constitution,constitution,NN,NN
18323,Canada_2011,0,731,22,of,of,IN,IN
18324,Canada_2011,0,731,23,the,the,DT,DT
18325,Canada_2011,0,731,24,province,province,NN,NN
18326,Canada_2011,0,732,0,46,46,CD,CD
18327,Canada_2011,0,733,0,1,1,CD,CD
18328,Canada_2011,0,734,0,Initiation,initiation,NN,NN
18329,Canada_2011,0,734,1,of,of,IN,IN
18330,Canada_2011,0,734,2,amendment,amendment,NN,NN
18331,Canada_2011,0,734,3,procedures,procedures,NNS,NN
18332,Canada_2011,0,734,4,Share,share,VBP,VB
18333,Canada_2011,0,734,5,The,the,DT,DT
18334,Canada_2011,0,734,6,procedures,procedures,NNS,NN
18335,Canada_2011,0,734,7,for,for,IN,IN
18336,Canada_2011,0,734,8,amendment,amendment,NN,NN
18337,Canada_2011,0,734,9,under,under,IN,IN
18338,Canada_2011,0,734,10,sections,sections,NNS,NN
18339,Canada_2011,0,734,11,38,38,CD,CD
18340,Canada_2011,0,734,13,41,41,CD,CD
18341,Canada_2011,0,734,15,42,42,CD,CD
18342,Canada_2011,0,734,16,and,and,CC,CC
18343,Canada_2011,0,734,17,43,43,CD,CD
18344,Canada_2011,0,734,18,may,may,MD,MD
18345,Canada_2011,0,734,19,be,be,VB,VB
18346,Canada_2011,0,734,20,initiated,initiated,VBN,VB
18347,Canada_2011,0,734,21,either,either,RB,RB
18348,Canada_2011,0,734,22,by,by,IN,IN
18349,Canada_2011,0,734,23,the,the,DT,DT
18350,Canada_2011,0,734,24,Senate,senate,NNP,NN
18351,Canada_2011,0,734,25,or,or,CC,CC
18352,Canada_2011,0,734,26,the,the,DT,DT
18353,Canada_2011,0,734,27,House,house,NNP,NN
18354,Canada_2011,0,734,28,of,of,IN,IN
18355,Canada_2011,0,734,29,Commons,commons,NNPS,NN
18356,Canada_2011,0,734,30,or,or,CC,CC
18357,Canada_2011,0,734,31,by,by,IN,IN
18358,Canada_2011,0,734,32,the,the,DT,DT
18359,Canada_2011,0,734,33,legislative,legislative,JJ,JJ
18360,Canada_2011,0,734,34,assembly,assembly,NN,NN
18361,Canada_2011,0,734,35,of,of,IN,IN
18362,Canada_2011,0,734,36,a,a,DT,DT
18363,Canada_2011,0,734,37,province,province,NN,NN
18364,Canada_2011,0,735,0,2,2,CD,CD
18365,Canada_2011,0,736,0,Revocation,revocation,NN,NN
18366,Canada_2011,0,736,1,of,of,IN,IN
18367,Canada_2011,0,736,2,authorization,authorization,NN,NN
18368,Canada_2011,0,736,3,Share,share,NNP,NN
18369,Canada_2011,0,736,4,A,a,NNP,NN
18370,Canada_2011,0,736,5,resolution,resolution,NN,NN
18371,Canada_2011,0,736,6,of,of,IN,IN
18372,Canada_2011,0,736,7,assent,assent,NN,NN
18373,Canada_2011,0,736,8,made,made,VBN,VB
18374,Canada_2011,0,736,9,for,for,IN,IN
18375,Canada_2011,0,736,10,the,the,DT,DT
18376,Canada_2011,0,736,11,purposes,purposes,NNS,NN
18377,Canada_2011,0,736,12,of,of,IN,IN
18378,Canada_2011,0,736,13,this,this,DT,DT
18379,Canada_2011,0,736,14,Part,part,NNP,NN
18380,Canada_2011,0,736,15,may,may,MD,MD
18381,Canada_2011,0,736,16,be,be,VB,VB
18382,Canada_2011,0,736,17,revoked,revoked,VBN,VB
18383,Canada_2011,0,736,18,at,at,IN,IN
18384,Canada_2011,0,736,19,any,any,DT,DT
18385,Canada_2011,0,736,20,time,time,NN,NN
18386,Canada_2011,0,736,21,before,before,IN,IN
18387,Canada_2011,0,736,22,the,the,DT,DT
18388,Canada_2011,0,736,23,issue,issue,NN,NN
18389,Canada_2011,0,736,24,of,of,IN,IN
18390,Canada_2011,0,736,25,a,a,DT,DT
18391,Canada_2011,0,736,26,proclamation,proclamation,NN,NN
18392,Canada_2011,0,736,27,authorized,authorized,VBN,VB
18393,Canada_2011,0,736,28,by,by,IN,IN
18394,Canada_2011,0,736,29,it,it,PRP,PR
18395,Canada_2011,0,737,0,47,47,CD,CD
18396,Canada_2011,0,738,0,1,1,CD,CD
18397,Canada_2011,0,739,0,Amendments,amendments,NNS,NN
18398,Canada_2011,0,739,1,without,without,IN,IN
18399,Canada_2011,0,739,2,Senate,senate,NNP,NN
18400,Canada_2011,0,739,3,resolution,resolution,NN,NN
18401,Canada_2011,0,739,4,Share,share,NNP,NN
18402,Canada_2011,0,739,5,An,an,DT,DT
18403,Canada_2011,0,739,6,amendment,amendment,NN,NN
18404,Canada_2011,0,739,7,to,to,TO,TO
18405,Canada_2011,0,739,8,the,the,DT,DT
18406,Canada_2011,0,739,9,Constitution,constitution,NNP,NN
18407,Canada_2011,0,739,10,of,of,IN,IN
18408,Canada_2011,0,739,11,Canada,canada,NNP,NN
18409,Canada_2011,0,739,12,made,made,VBN,VB
18410,Canada_2011,0,739,13,by,by,IN,IN
18411,Canada_2011,0,739,14,proclamation,proclamation,NN,NN
18412,Canada_2011,0,739,15,under,under,IN,IN
18413,Canada_2011,0,739,16,section,section,NN,NN
18414,Canada_2011,0,739,17,38,38,CD,CD
18415,Canada_2011,0,739,19,41,41,CD,CD
18416,Canada_2011,0,739,21,42,42,CD,CD
18417,Canada_2011,0,739,22,or,or,CC,CC
18418,Canada_2011,0,739,23,43,43,CD,CD
18419,Canada_2011,0,739,24,may,may,MD,MD
18420,Canada_2011,0,739,25,be,be,VB,VB
18421,Canada_2011,0,739,26,made,made,VBN,VB
18422,Canada_2011,0,739,27,without,without,IN,IN
18423,Canada_2011,0,739,28,a,a,DT,DT
18424,Canada_2011,0,739,29,resolution,resolution,NN,NN
18425,Canada_2011,0,739,30,of,of,IN,IN
18426,Canada_2011,0,739,31,the,the,DT,DT
18427,Canada_2011,0,739,32,Senate,senate,NNP,NN
18428,Canada_2011,0,739,33,authorizing,authorizing,VBG,VB
18429,Canada_2011,0,739,34,the,the,DT,DT
18430,Canada_2011,0,739,35,issue,issue,NN,NN
18431,Canada_2011,0,739,36,of,of,IN,IN
18432,Canada_2011,0,739,37,the,the,DT,DT
18433,Canada_2011,0,739,38,proclamation,proclamation,NN,NN
18434,Canada_2011,0,739,39,if,if,IN,IN
18435,Canada_2011,0,739,41,within,within,IN,IN
18436,Canada_2011,0,739,42,one,one,CD,CD
18437,Canada_2011,0,739,43,hundred,hundred,CD,CD
18438,Canada_2011,0,739,44,and,and,CC,CC
18439,Canada_2011,0,739,45,eighty,eighty,JJ,JJ
18440,Canada_2011,0,739,46,days,days,NNS,NN
18441,Canada_2011,0,739,47,after,after,IN,IN
18442,Canada_2011,0,739,48,the,the,DT,DT
18443,Canada_2011,0,739,49,adoption,adoption,NN,NN
18444,Canada_2011,0,739,50,by,by,IN,IN
18445,Canada_2011,0,739,51,the,the,DT,DT
18446,Canada_2011,0,739,52,House,house,NNP,NN
18447,Canada_2011,0,739,53,of,of,IN,IN
18448,Canada_2011,0,739,54,Commons,commons,NNPS,NN
18449,Canada_2011,0,739,55,of,of,IN,IN
18450,Canada_2011,0,739,56,a,a,DT,DT
18451,Canada_2011,0,739,57,resolution,resolution,NN,NN
18452,Canada_2011,0,739,58,authorizing,authorizing,VBG,VB
18453,Canada_2011,0,739,59,its,its,PRP$,PR
18454,Canada_2011,0,739,60,issue,issue,NN,NN
18455,Canada_2011,0,739,62,the,the,DT,DT
18456,Canada_2011,0,739,63,Senate,senate,NNP,NN
18457,Canada_2011,0,739,64,has,has,VBZ,VB
18458,Canada_2011,0,739,65,not,not,RB,RB
18459,Canada_2011,0,739,66,adopted,adopted,VBN,VB
18460,Canada_2011,0,739,67,such,such,PDT,PD
18461,Canada_2011,0,739,68,a,a,DT,DT
18462,Canada_2011,0,739,69,resolution,resolution,NN,NN
18463,Canada_2011,0,739,70,and,and,CC,CC
18464,Canada_2011,0,739,71,if,if,IN,IN
18465,Canada_2011,0,739,73,at,at,IN,IN
18466,Canada_2011,0,739,74,any,any,DT,DT
18467,Canada_2011,0,739,75,time,time,NN,NN
18468,Canada_2011,0,739,76,after,after,IN,IN
18469,Canada_2011,0,739,77,the,the,DT,DT
18470,Canada_2011,0,739,78,expiration,expiration,NN,NN
18471,Canada_2011,0,739,79,of,of,IN,IN
18472,Canada_2011,0,739,80,that,that,DT,DT
18473,Canada_2011,0,739,81,period,period,NN,NN
18474,Canada_2011,0,739,83,the,the,DT,DT
18475,Canada_2011,0,739,84,House,house,NNP,NN
18476,Canada_2011,0,739,85,of,of,IN,IN
18477,Canada_2011,0,739,86,Commons,commons,NNPS,NN
18478,Canada_2011,0,739,87,again,again,RB,RB
18479,Canada_2011,0,739,88,adopts,adopts,IN,IN
18480,Canada_2011,0,739,89,the,the,DT,DT
18481,Canada_2011,0,739,90,resolution,resolution,NN,NN
18482,Canada_2011,0,740,0,2,2,CD,CD
18483,Canada_2011,0,741,0,Computation,computation,NN,NN
18484,Canada_2011,0,741,1,of,of,IN,IN
18485,Canada_2011,0,741,2,period,period,NN,NN
18486,Canada_2011,0,741,3,Share,share,NNP,NN
18487,Canada_2011,0,741,4,Any,any,NNP,NN
18488,Canada_2011,0,741,5,period,period,NN,NN
18489,Canada_2011,0,741,6,when,when,WRB,WR
18490,Canada_2011,0,741,7,Parliament,parliament,NNP,NN
18491,Canada_2011,0,741,8,is,is,VBZ,VB
18492,Canada_2011,0,741,9,prorogued,prorogued,VBN,VB
18493,Canada_2011,0,741,10,or,or,CC,CC
18494,Canada_2011,0,741,11,dissolved,dissolved,VBN,VB
18495,Canada_2011,0,741,12,shall,shall,MD,MD
18496,Canada_2011,0,741,13,not,not,RB,RB
18497,Canada_2011,0,741,14,be,be,VB,VB
18498,Canada_2011,0,741,15,counted,counted,VBN,VB
18499,Canada_2011,0,741,16,in,in,IN,IN
18500,Canada_2011,0,741,17,computing,computing,VBG,VB
18501,Canada_2011,0,741,18,the,the,DT,DT
18502,Canada_2011,0,741,19,one,one,CD,CD
18503,Canada_2011,0,741,20,hundred,hundred,CD,CD
18504,Canada_2011,0,741,21,and,and,CC,CC
18505,Canada_2011,0,741,22,eighty,eighty,JJ,JJ
18506,Canada_2011,0,741,23,day,day,NN,NN
18507,Canada_2011,0,741,24,period,period,NN,NN
18508,Canada_2011,0,741,25,referred,referred,VBD,VB
18509,Canada_2011,0,741,26,to,to,TO,TO
18510,Canada_2011,0,741,27,in,in,IN,IN
18511,Canada_2011,0,741,28,subsection,subsection,NN,NN
18512,Canada_2011,0,741,30,1,1,CD,CD
18513,Canada_2011,0,742,0,48,48,CD,CD
18514,Canada_2011,0,743,0,Advice,advice,NN,NN
18515,Canada_2011,0,743,1,to,to,TO,TO
18516,Canada_2011,0,743,2,issue,issue,VB,VB
18517,Canada_2011,0,743,3,proclamation,proclamation,NN,NN
18518,Canada_2011,0,743,4,Share,share,NNP,NN
18519,Canada_2011,0,743,5,The,the,DT,DT
18520,Canada_2011,0,743,6,Queen,queen,NNP,NN
18521,Canada_2011,0,743,8,s,s,VBD,VB
18522,Canada_2011,0,743,9,Privy,privy,NNP,NN
18523,Canada_2011,0,743,10,Council,council,NNP,NN
18524,Canada_2011,0,743,11,for,for,IN,IN
18525,Canada_2011,0,743,12,Canada,canada,NNP,NN
18526,Canada_2011,0,743,13,shall,shall,MD,MD
18527,Canada_2011,0,743,14,advise,advise,VB,VB
18528,Canada_2011,0,743,15,the,the,DT,DT
18529,Canada_2011,0,743,16,Governor,governor,NNP,NN
18530,Canada_2011,0,743,17,General,general,NNP,NN
18531,Canada_2011,0,743,18,to,to,TO,TO
18532,Canada_2011,0,743,19,issue,issue,VB,VB
18533,Canada_2011,0,743,20,a,a,DT,DT
18534,Canada_2011,0,743,21,proclamation,proclamation,NN,NN
18535,Canada_2011,0,743,22,under,under,IN,IN
18536,Canada_2011,0,743,23,this,this,DT,DT
18537,Canada_2011,0,743,24,Part,part,NNP,NN
18538,Canada_2011,0,743,25,forthwith,forthwith,NN,NN
18539,Canada_2011,0,743,26,on,on,IN,IN
18540,Canada_2011,0,743,27,the,the,DT,DT
18541,Canada_2011,0,743,28,adoption,adoption,NN,NN
18542,Canada_2011,0,743,29,of,of,IN,IN
18543,Canada_2011,0,743,30,the,the,DT,DT
18544,Canada_2011,0,743,31,resolutions,resolutions,NNS,NN
18545,Canada_2011,0,743,32,required,required,VBN,VB
18546,Canada_2011,0,743,33,for,for,IN,IN
18547,Canada_2011,0,743,34,an,an,DT,DT
18548,Canada_2011,0,743,35,amendment,amendment,NN,NN
18549,Canada_2011,0,743,36,made,made,VBN,VB
18550,Canada_2011,0,743,37,by,by,IN,IN
18551,Canada_2011,0,743,38,proclamation,proclamation,NN,NN
18552,Canada_2011,0,743,39,under,under,IN,IN
18553,Canada_2011,0,743,40,this,this,DT,DT
18554,Canada_2011,0,743,41,Part,part,NNP,NN
18555,Canada_2011,0,744,0,49,49,CD,CD
18556,Canada_2011,0,745,0,Constitutional,constitutional,NNP,NN
18557,Canada_2011,0,745,1,conference,conference,NN,NN
18558,Canada_2011,0,745,2,Share,share,NNP,NN
18559,Canada_2011,0,745,3,A,a,NNP,NN
18560,Canada_2011,0,745,4,constitutional,constitutional,JJ,JJ
18561,Canada_2011,0,745,5,conference,conference,NN,NN
18562,Canada_2011,0,745,6,composed,composed,VBN,VB
18563,Canada_2011,0,745,7,of,of,IN,IN
18564,Canada_2011,0,745,8,the,the,DT,DT
18565,Canada_2011,0,745,9,Prime,prime,NNP,NN
18566,Canada_2011,0,745,10,Minister,minister,NNP,NN
18567,Canada_2011,0,745,11,of,of,IN,IN
18568,Canada_2011,0,745,12,Canada,canada,NNP,NN
18569,Canada_2011,0,745,13,and,and,CC,CC
18570,Canada_2011,0,745,14,the,the,DT,DT
18571,Canada_2011,0,745,15,first,first,JJ,JJ
18572,Canada_2011,0,745,16,ministers,ministers,NNS,NN
18573,Canada_2011,0,745,17,of,of,IN,IN
18574,Canada_2011,0,745,18,the,the,DT,DT
18575,Canada_2011,0,745,19,provinces,provinces,NNS,NN
18576,Canada_2011,0,745,20,shall,shall,MD,MD
18577,Canada_2011,0,745,21,be,be,VB,VB
18578,Canada_2011,0,745,22,convened,convened,VBN,VB
18579,Canada_2011,0,745,23,by,by,IN,IN
18580,Canada_2011,0,745,24,the,the,DT,DT
18581,Canada_2011,0,745,25,Prime,prime,NNP,NN
18582,Canada_2011,0,745,26,Minister,minister,NNP,NN
18583,Canada_2011,0,745,27,of,of,IN,IN
18584,Canada_2011,0,745,28,Canada,canada,NNP,NN
18585,Canada_2011,0,745,29,within,within,IN,IN
18586,Canada_2011,0,745,30,fifteen,fifteen,JJ,JJ
18587,Canada_2011,0,745,31,years,years,NNS,NN
18588,Canada_2011,0,745,32,after,after,IN,IN
18589,Canada_2011,0,745,33,this,this,DT,DT
18590,Canada_2011,0,745,34,Part,part,NN,NN
18591,Canada_2011,0,745,35,comes,comes,VBZ,VB
18592,Canada_2011,0,745,36,into,into,IN,IN
18593,Canada_2011,0,745,37,force,force,NN,NN
18594,Canada_2011,0,745,38,to,to,TO,TO
18595,Canada_2011,0,745,39,review,review,VB,VB
18596,Canada_2011,0,745,40,the,the,DT,DT
18597,Canada_2011,0,745,41,provisions,provisions,NNS,NN
18598,Canada_2011,0,745,42,of,of,IN,IN
18599,Canada_2011,0,745,43,this,this,DT,DT
18600,Canada_2011,0,745,44,Part,part,NNP,NN
18601,Canada_2011,0,746,0,PART,part,NN,NN
18602,Canada_2011,0,746,1,VI,vi,NNP,NN
18603,Canada_2011,0,747,0,AMENDMENT,amendment,NNP,NN
18604,Canada_2011,0,747,1,TO,to,NNP,NN
18605,Canada_2011,0,747,2,THE,the,NNP,NN
18606,Canada_2011,0,747,3,CONSTITUTION,constitution,NNP,NN
18607,Canada_2011,0,747,4,ACT,act,NNP,NN
18608,Canada_2011,0,747,6,1867,1867,CD,CD
18609,Canada_2011,0,747,7,50,50,CD,CD
18610,Canada_2011,0,748,0,See,see,NNP,NN
18611,Canada_2011,0,748,1,Constitution,constitution,NNP,NN
18612,Canada_2011,0,748,2,Act,act,NNP,NN
18613,Canada_2011,0,748,4,1867,1867,CD,CD
18614,Canada_2011,0,748,6,section,section,NN,NN
18615,Canada_2011,0,748,7,92A,92a,CD,CD
18616,Canada_2011,0,748,8,Share,share,NNP,NN
18617,Canada_2011,0,748,9,The,the,DT,DT
18618,Canada_2011,0,748,10,text,text,NN,NN
18619,Canada_2011,0,748,11,of,of,IN,IN
18620,Canada_2011,0,748,12,this,this,DT,DT
18621,Canada_2011,0,748,13,amendment,amendment,NN,NN
18622,Canada_2011,0,748,14,is,is,VBZ,VB
18623,Canada_2011,0,748,15,set,set,VBN,VB
18624,Canada_2011,0,748,16,out,out,RP,RP
18625,Canada_2011,0,748,17,in,in,IN,IN
18626,Canada_2011,0,748,18,the,the,DT,DT
18627,Canada_2011,0,748,19,Constitution,constitution,NNP,NN
18628,Canada_2011,0,748,20,Act,act,NNP,NN
18629,Canada_2011,0,748,22,1867,1867,CD,CD
18630,Canada_2011,0,748,24,as,as,IN,IN
18631,Canada_2011,0,748,25,section,section,NN,NN
18632,Canada_2011,0,748,26,92A,92a,CD,CD
18633,Canada_2011,0,749,1,As,as,IN,IN
18634,Canada_2011,0,749,2,per,per,IN,IN
18635,Canada_2011,0,749,3,footnote,footnote,NN,NN
18636,Canada_2011,0,749,4,from,from,IN,IN
18637,Canada_2011,0,749,6,A,a,DT,DT
18638,Canada_2011,0,749,7,Consolidation,consolidation,NN,NN
18639,Canada_2011,0,749,8,of,of,IN,IN
18640,Canada_2011,0,749,9,the,the,DT,DT
18641,Canada_2011,0,749,10,Constitution,constitution,NNP,NN
18642,Canada_2011,0,749,11,Acts,acts,VBZ,VB
18643,Canada_2011,0,749,12,1867,1867,CD,CD
18644,Canada_2011,0,749,13,to,to,TO,TO
18645,Canada_2011,0,749,14,1982,1982,CD,CD
18646,Canada_2011,0,749,16,Department,department,NNP,NN
18647,Canada_2011,0,749,17,of,of,IN,IN
18648,Canada_2011,0,749,18,Justice,justice,NNP,NN
18649,Canada_2011,0,749,19,Canada,canada,NNP,NN
18650,Canada_2011,0,749,21,2013,2013,CD,CD
18651,Canada_2011,0,749,24,51,51,CD,CD
18652,Canada_2011,0,750,0,See,see,NNP,NN
18653,Canada_2011,0,750,1,Constitution,constitution,NNP,NN
18654,Canada_2011,0,750,2,Act,act,NNP,NN
18655,Canada_2011,0,750,4,1867,1867,CD,CD
18656,Canada_2011,0,750,6,Sixth,sixth,NNP,NN
18657,Canada_2011,0,750,7,Schedule,schedule,NNP,NN
18658,Canada_2011,0,750,8,Share,share,NNP,NN
18659,Canada_2011,0,750,9,The,the,DT,DT
18660,Canada_2011,0,750,10,text,text,NN,NN
18661,Canada_2011,0,750,11,of,of,IN,IN
18662,Canada_2011,0,750,12,this,this,DT,DT
18663,Canada_2011,0,750,13,amendment,amendment,NN,NN
18664,Canada_2011,0,750,14,is,is,VBZ,VB
18665,Canada_2011,0,750,15,set,set,VBN,VB
18666,Canada_2011,0,750,16,out,out,RP,RP
18667,Canada_2011,0,750,17,in,in,IN,IN
18668,Canada_2011,0,750,18,the,the,DT,DT
18669,Canada_2011,0,750,19,Constitution,constitution,NNP,NN
18670,Canada_2011,0,750,20,Act,act,NNP,NN
18671,Canada_2011,0,750,22,1867,1867,CD,CD
18672,Canada_2011,0,750,24,as,as,IN,IN
18673,Canada_2011,0,750,25,the,the,DT,DT
18674,Canada_2011,0,750,26,Sixth,sixth,NNP,NN
18675,Canada_2011,0,750,27,Schedule,schedule,NNP,NN
18676,Canada_2011,0,751,1,As,as,IN,IN
18677,Canada_2011,0,751,2,per,per,IN,IN
18678,Canada_2011,0,751,3,footnote,footnote,NN,NN
18679,Canada_2011,0,751,4,from,from,IN,IN
18680,Canada_2011,0,751,6,A,a,DT,DT
18681,Canada_2011,0,751,7,Consolidation,consolidation,NN,NN
18682,Canada_2011,0,751,8,of,of,IN,IN
18683,Canada_2011,0,751,9,the,the,DT,DT
18684,Canada_2011,0,751,10,Constitution,constitution,NNP,NN
18685,Canada_2011,0,751,11,Acts,acts,VBZ,VB
18686,Canada_2011,0,751,12,1867,1867,CD,CD
18687,Canada_2011,0,751,13,to,to,TO,TO
18688,Canada_2011,0,751,14,1982,1982,CD,CD
18689,Canada_2011,0,751,16,Department,department,NNP,NN
18690,Canada_2011,0,751,17,of,of,IN,IN
18691,Canada_2011,0,751,18,Justice,justice,NNP,NN
18692,Canada_2011,0,751,19,Canada,canada,NNP,NN
18693,Canada_2011,0,751,21,2013,2013,CD,CD
18694,Canada_2011,0,751,24,PART,part,NNP,NN
18695,Canada_2011,0,751,25,VII,vii,NNP,NN
18696,Canada_2011,0,752,0,GENERAL,general,NNP,NN
18697,Canada_2011,0,752,1,Share,share,NNP,NN
18698,Canada_2011,0,752,2,52,52,CD,CD
18699,Canada_2011,0,753,0,1,1,CD,CD
18700,Canada_2011,0,754,0,Primacy,primacy,NN,NN
18701,Canada_2011,0,754,1,of,of,IN,IN
18702,Canada_2011,0,754,2,Constitution,constitution,NNP,NN
18703,Canada_2011,0,754,3,of,of,IN,IN
18704,Canada_2011,0,754,4,Canada,canada,NNP,NN
18705,Canada_2011,0,754,5,Share,share,NNP,NN
18706,Canada_2011,0,754,6,The,the,DT,DT
18707,Canada_2011,0,754,7,Constitution,constitution,NNP,NN
18708,Canada_2011,0,754,8,of,of,IN,IN
18709,Canada_2011,0,754,9,Canada,canada,NNP,NN
18710,Canada_2011,0,754,10,is,is,VBZ,VB
18711,Canada_2011,0,754,11,the,the,DT,DT
18712,Canada_2011,0,754,12,supreme,supreme,JJ,JJ
18713,Canada_2011,0,754,13,law,law,NN,NN
18714,Canada_2011,0,754,14,of,of,IN,IN
18715,Canada_2011,0,754,15,Canada,canada,NNP,NN
18716,Canada_2011,0,754,17,and,and,CC,CC
18717,Canada_2011,0,754,18,any,any,DT,DT
18718,Canada_2011,0,754,19,law,law,NN,NN
18719,Canada_2011,0,754,20,that,that,WDT,WD
18720,Canada_2011,0,754,21,is,is,VBZ,VB
18721,Canada_2011,0,754,22,inconsistent,inconsistent,JJ,JJ
18722,Canada_2011,0,754,23,with,with,IN,IN
18723,Canada_2011,0,754,24,the,the,DT,DT
18724,Canada_2011,0,754,25,provisions,provisions,NNS,NN
18725,Canada_2011,0,754,26,of,of,IN,IN
18726,Canada_2011,0,754,27,the,the,DT,DT
18727,Canada_2011,0,754,28,Constitution,constitution,NNP,NN
18728,Canada_2011,0,754,29,is,is,VBZ,VB
18729,Canada_2011,0,754,31,to,to,TO,TO
18730,Canada_2011,0,754,32,the,the,DT,DT
18731,Canada_2011,0,754,33,extent,extent,NN,NN
18732,Canada_2011,0,754,34,of,of,IN,IN
18733,Canada_2011,0,754,35,the,the,DT,DT
18734,Canada_2011,0,754,36,inconsistency,inconsistency,NN,NN
18735,Canada_2011,0,754,38,of,of,IN,IN
18736,Canada_2011,0,754,39,no,no,DT,DT
18737,Canada_2011,0,754,40,force,force,NN,NN
18738,Canada_2011,0,754,41,or,or,CC,CC
18739,Canada_2011,0,754,42,effect,effect,NN,NN
18740,Canada_2011,0,755,0,2,2,CD,CD
18741,Canada_2011,0,756,0,Constitution,constitution,NN,NN
18742,Canada_2011,0,756,1,of,of,IN,IN
18743,Canada_2011,0,756,2,Canada,canada,NNP,NN
18744,Canada_2011,0,756,3,Share,share,NNP,NN
18745,Canada_2011,0,756,4,The,the,DT,DT
18746,Canada_2011,0,756,5,Constitution,constitution,NNP,NN
18747,Canada_2011,0,756,6,of,of,IN,IN
18748,Canada_2011,0,756,7,Canada,canada,NNP,NN
18749,Canada_2011,0,756,8,includes,includes,VBZ,VB
18750,Canada_2011,0,756,9,a.the,athe,IN,IN
18751,Canada_2011,0,756,10,Canada,canada,NNP,NN
18752,Canada_2011,0,756,11,Act,act,NNP,NN
18753,Canada_2011,0,756,12,1982,1982,CD,CD
18754,Canada_2011,0,756,14,including,including,VBG,VB
18755,Canada_2011,0,756,15,this,this,DT,DT
18756,Canada_2011,0,756,16,Act,act,NNP,NN
18757,Canada_2011,0,756,18,b.the,bthe,JJ,JJ
18758,Canada_2011,0,756,19,Acts,acts,NNS,NN
18759,Canada_2011,0,756,20,and,and,CC,CC
18760,Canada_2011,0,756,21,orders,orders,NNS,NN
18761,Canada_2011,0,756,22,referred,referred,VBD,VB
18762,Canada_2011,0,756,23,to,to,TO,TO
18763,Canada_2011,0,756,24,in,in,IN,IN
18764,Canada_2011,0,756,25,the,the,DT,DT
18765,Canada_2011,0,756,26,schedule,schedule,NN,NN
18766,Canada_2011,0,756,28,and,and,CC,CC
18767,Canada_2011,0,756,29,c.any,cany,VB,VB
18768,Canada_2011,0,756,30,amendment,amendment,NN,NN
18769,Canada_2011,0,756,31,to,to,TO,TO
18770,Canada_2011,0,756,32,any,any,DT,DT
18771,Canada_2011,0,756,33,Act,act,NNP,NN
18772,Canada_2011,0,756,34,or,or,CC,CC
18773,Canada_2011,0,756,35,order,order,NN,NN
18774,Canada_2011,0,756,36,referred,referred,VBN,VB
18775,Canada_2011,0,756,37,to,to,TO,TO
18776,Canada_2011,0,756,38,in,in,IN,IN
18777,Canada_2011,0,756,39,paragraph,paragraph,NN,NN
18778,Canada_2011,0,756,41,a,a,DT,DT
18779,Canada_2011,0,756,43,or,or,CC,CC
18780,Canada_2011,0,756,45,b,b,NN,NN
18781,Canada_2011,0,757,0,3,3,CD,CD
18782,Canada_2011,0,758,0,Amendments,amendments,NNS,NN
18783,Canada_2011,0,758,1,to,to,TO,TO
18784,Canada_2011,0,758,2,Constitution,constitution,NNP,NN
18785,Canada_2011,0,758,3,of,of,IN,IN
18786,Canada_2011,0,758,4,Canada,canada,NNP,NN
18787,Canada_2011,0,758,5,Share,share,NNP,NN
18788,Canada_2011,0,758,6,Amendments,amendments,NNP,NN
18789,Canada_2011,0,758,7,to,to,TO,TO
18790,Canada_2011,0,758,8,the,the,DT,DT
18791,Canada_2011,0,758,9,Constitution,constitution,NNP,NN
18792,Canada_2011,0,758,10,of,of,IN,IN
18793,Canada_2011,0,758,11,Canada,canada,NNP,NN
18794,Canada_2011,0,758,12,shall,shall,MD,MD
18795,Canada_2011,0,758,13,be,be,VB,VB
18796,Canada_2011,0,758,14,made,made,VBN,VB
18797,Canada_2011,0,758,15,only,only,RB,RB
18798,Canada_2011,0,758,16,in,in,IN,IN
18799,Canada_2011,0,758,17,accordance,accordance,NN,NN
18800,Canada_2011,0,758,18,with,with,IN,IN
18801,Canada_2011,0,758,19,the,the,DT,DT
18802,Canada_2011,0,758,20,authority,authority,NN,NN
18803,Canada_2011,0,758,21,contained,contained,VBN,VB
18804,Canada_2011,0,758,22,in,in,IN,IN
18805,Canada_2011,0,758,23,the,the,DT,DT
18806,Canada_2011,0,758,24,Constitution,constitution,NNP,NN
18807,Canada_2011,0,758,25,of,of,IN,IN
18808,Canada_2011,0,758,26,Canada,canada,NNP,NN
18809,Canada_2011,0,759,0,53,53,CD,CD
18810,Canada_2011,0,760,0,1,1,CD,CD
18811,Canada_2011,0,761,0,Repeals,repeals,NNS,NN
18812,Canada_2011,0,761,1,and,and,CC,CC
18813,Canada_2011,0,761,2,new,new,JJ,JJ
18814,Canada_2011,0,761,3,names,names,NNS,NN
18815,Canada_2011,0,761,4,Share,share,VBP,VB
18816,Canada_2011,0,761,5,The,the,DT,DT
18817,Canada_2011,0,761,6,enactments,enactments,NNS,NN
18818,Canada_2011,0,761,7,referred,referred,VBD,VB
18819,Canada_2011,0,761,8,to,to,TO,TO
18820,Canada_2011,0,761,9,in,in,IN,IN
18821,Canada_2011,0,761,10,Column,column,NNP,NN
18822,Canada_2011,0,761,11,I,i,PRP,PR
18823,Canada_2011,0,761,12,of,of,IN,IN
18824,Canada_2011,0,761,13,the,the,DT,DT
18825,Canada_2011,0,761,14,schedule,schedule,NN,NN
18826,Canada_2011,0,761,15,are,are,VBP,VB
18827,Canada_2011,0,761,16,hereby,hereby,RB,RB
18828,Canada_2011,0,761,17,repealed,repealed,VBN,VB
18829,Canada_2011,0,761,18,or,or,CC,CC
18830,Canada_2011,0,761,19,amended,amended,VBN,VB
18831,Canada_2011,0,761,20,to,to,TO,TO
18832,Canada_2011,0,761,21,the,the,DT,DT
18833,Canada_2011,0,761,22,extent,extent,NN,NN
18834,Canada_2011,0,761,23,indicated,indicated,VBD,VB
18835,Canada_2011,0,761,24,in,in,IN,IN
18836,Canada_2011,0,761,25,Column,column,NNP,NN
18837,Canada_2011,0,761,26,II,ii,NNP,NN
18838,Canada_2011,0,761,27,thereof,thereof,NN,NN
18839,Canada_2011,0,761,28,and,and,CC,CC
18840,Canada_2011,0,761,30,unless,unless,IN,IN
18841,Canada_2011,0,761,31,repealed,repealed,VBN,VB
18842,Canada_2011,0,761,33,shall,shall,MD,MD
18843,Canada_2011,0,761,34,continue,continue,VB,VB
18844,Canada_2011,0,761,35,as,as,IN,IN
18845,Canada_2011,0,761,36,law,law,NN,NN
18846,Canada_2011,0,761,37,in,in,IN,IN
18847,Canada_2011,0,761,38,Canada,canada,NNP,NN
18848,Canada_2011,0,761,39,under,under,IN,IN
18849,Canada_2011,0,761,40,the,the,DT,DT
18850,Canada_2011,0,761,41,names,names,NNS,NN
18851,Canada_2011,0,761,42,set,set,VBD,VB
18852,Canada_2011,0,761,43,out,out,RP,RP
18853,Canada_2011,0,761,44,in,in,IN,IN
18854,Canada_2011,0,761,45,Column,column,NNP,NN
18855,Canada_2011,0,761,46,III,iii,NNP,NN
18856,Canada_2011,0,761,47,thereof,thereof,NN,NN
18857,Canada_2011,0,762,0,2,2,CD,CD
18858,Canada_2011,0,763,0,Consequential,consequential,JJ,JJ
18859,Canada_2011,0,763,1,amendments,amendments,NNS,NN
18860,Canada_2011,0,763,2,Share,share,NNP,NN
18861,Canada_2011,0,763,3,Every,every,NNP,NN
18862,Canada_2011,0,763,4,enactment,enactment,NN,NN
18863,Canada_2011,0,763,6,except,except,IN,IN
18864,Canada_2011,0,763,7,the,the,DT,DT
18865,Canada_2011,0,763,8,Canada,canada,NNP,NN
18866,Canada_2011,0,763,9,Act,act,NNP,NN
18867,Canada_2011,0,763,10,1982,1982,CD,CD
18868,Canada_2011,0,763,12,that,that,WDT,WD
18869,Canada_2011,0,763,13,refers,refers,VBZ,VB
18870,Canada_2011,0,763,14,to,to,TO,TO
18871,Canada_2011,0,763,15,an,an,DT,DT
18872,Canada_2011,0,763,16,enactment,enactment,NN,NN
18873,Canada_2011,0,763,17,referred,referred,VBD,VB
18874,Canada_2011,0,763,18,to,to,TO,TO
18875,Canada_2011,0,763,19,in,in,IN,IN
18876,Canada_2011,0,763,20,the,the,DT,DT
18877,Canada_2011,0,763,21,schedule,schedule,NN,NN
18878,Canada_2011,0,763,22,by,by,IN,IN
18879,Canada_2011,0,763,23,the,the,DT,DT
18880,Canada_2011,0,763,24,name,name,NN,NN
18881,Canada_2011,0,763,25,in,in,IN,IN
18882,Canada_2011,0,763,26,Column,column,NNP,NN
18883,Canada_2011,0,763,27,I,i,PRP,PR
18884,Canada_2011,0,763,28,thereof,thereof,VBP,VB
18885,Canada_2011,0,763,29,is,is,VBZ,VB
18886,Canada_2011,0,763,30,hereby,hereby,RB,RB
18887,Canada_2011,0,763,31,amended,amended,VBN,VB
18888,Canada_2011,0,763,32,by,by,IN,IN
18889,Canada_2011,0,763,33,substituting,substituting,VBG,VB
18890,Canada_2011,0,763,34,for,for,IN,IN
18891,Canada_2011,0,763,35,that,that,DT,DT
18892,Canada_2011,0,763,36,name,name,NN,NN
18893,Canada_2011,0,763,37,the,the,DT,DT
18894,Canada_2011,0,763,38,corresponding,corresponding,JJ,JJ
18895,Canada_2011,0,763,39,name,name,NN,NN
18896,Canada_2011,0,763,40,in,in,IN,IN
18897,Canada_2011,0,763,41,Column,column,NNP,NN
18898,Canada_2011,0,763,42,III,iii,NNP,NN
18899,Canada_2011,0,763,43,thereof,thereof,NN,NN
18900,Canada_2011,0,763,45,and,and,CC,CC
18901,Canada_2011,0,763,46,any,any,DT,DT
18902,Canada_2011,0,763,47,British,british,JJ,JJ
18903,Canada_2011,0,763,48,North,north,NNP,NN
18904,Canada_2011,0,763,49,America,america,NNP,NN
18905,Canada_2011,0,763,50,Act,act,NNP,NN
18906,Canada_2011,0,763,51,not,not,RB,RB
18907,Canada_2011,0,763,52,referred,referred,VBD,VB
18908,Canada_2011,0,763,53,to,to,TO,TO
18909,Canada_2011,0,763,54,in,in,IN,IN
18910,Canada_2011,0,763,55,the,the,DT,DT
18911,Canada_2011,0,763,56,schedule,schedule,NN,NN
18912,Canada_2011,0,763,57,may,may,MD,MD
18913,Canada_2011,0,763,58,be,be,VB,VB
18914,Canada_2011,0,763,59,cited,cited,VBN,VB
18915,Canada_2011,0,763,60,as,as,IN,IN
18916,Canada_2011,0,763,61,the,the,DT,DT
18917,Canada_2011,0,763,62,Constitution,constitution,NNP,NN
18918,Canada_2011,0,763,63,Act,act,NNP,NN
18919,Canada_2011,0,763,64,followed,followed,VBN,VB
18920,Canada_2011,0,763,65,by,by,IN,IN
18921,Canada_2011,0,763,66,the,the,DT,DT
18922,Canada_2011,0,763,67,year,year,NN,NN
18923,Canada_2011,0,763,68,and,and,CC,CC
18924,Canada_2011,0,763,69,number,number,NN,NN
18925,Canada_2011,0,763,71,if,if,IN,IN
18926,Canada_2011,0,763,72,any,any,DT,DT
18927,Canada_2011,0,763,74,of,of,IN,IN
18928,Canada_2011,0,763,75,its,its,PRP$,PR
18929,Canada_2011,0,763,76,enactment,enactment,NN,NN
18930,Canada_2011,0,764,0,54,54,CD,CD
18931,Canada_2011,0,765,0,Repeal,repeal,NNP,NN
18932,Canada_2011,0,765,1,and,and,CC,CC
18933,Canada_2011,0,765,2,consequential,consequential,JJ,JJ
18934,Canada_2011,0,765,3,amendments,amendments,NNS,NN
18935,Canada_2011,0,765,4,Share,share,NNP,NN
18936,Canada_2011,0,765,5,'Part,part,NNP,NN
18937,Canada_2011,0,765,6,IV,iv,NNP,NN
18938,Canada_2011,0,765,8,is,is,VBZ,VB
18939,Canada_2011,0,765,9,repealed,repealed,VBN,VB
18940,Canada_2011,0,765,10,on,on,IN,IN
18941,Canada_2011,0,765,11,the,the,DT,DT
18942,Canada_2011,0,765,12,day,day,NN,NN
18943,Canada_2011,0,765,13,that,that,WDT,WD
18944,Canada_2011,0,765,14,is,is,VBZ,VB
18945,Canada_2011,0,765,15,one,one,CD,CD
18946,Canada_2011,0,765,16,year,year,NN,NN
18947,Canada_2011,0,765,17,after,after,IN,IN
18948,Canada_2011,0,765,18,this,this,DT,DT
18949,Canada_2011,0,765,19,Part,part,NN,NN
18950,Canada_2011,0,765,20,comes,comes,VBZ,VB
18951,Canada_2011,0,765,21,into,into,IN,IN
18952,Canada_2011,0,765,22,force,force,NN,NN
18953,Canada_2011,0,765,23,and,and,CC,CC
18954,Canada_2011,0,765,24,this,this,DT,DT
18955,Canada_2011,0,765,25,section,section,NN,NN
18956,Canada_2011,0,765,26,may,may,MD,MD
18957,Canada_2011,0,765,27,be,be,VB,VB
18958,Canada_2011,0,765,28,repealed,repealed,VBN,VB
18959,Canada_2011,0,765,29,and,and,CC,CC
18960,Canada_2011,0,765,30,this,this,DT,DT
18961,Canada_2011,0,765,31,Act,act,NNP,NN
18962,Canada_2011,0,765,32,renumbered,renumbered,VBD,VB
18963,Canada_2011,0,765,34,consequentially,consequentially,RB,RB
18964,Canada_2011,0,765,35,upon,upon,IN,IN
18965,Canada_2011,0,765,36,the,the,DT,DT
18966,Canada_2011,0,765,37,repeal,repeal,NN,NN
18967,Canada_2011,0,765,38,of,of,IN,IN
18968,Canada_2011,0,765,39,Part,part,NNP,NN
18969,Canada_2011,0,765,40,IV,iv,NNP,NN
18970,Canada_2011,0,765,41,and,and,CC,CC
18971,Canada_2011,0,765,42,this,this,DT,DT
18972,Canada_2011,0,765,43,section,section,NN,NN
18973,Canada_2011,0,765,45,by,by,IN,IN
18974,Canada_2011,0,765,46,proclamation,proclamation,NN,NN
18975,Canada_2011,0,765,47,issued,issued,VBN,VB
18976,Canada_2011,0,765,48,by,by,IN,IN
18977,Canada_2011,0,765,49,the,the,DT,DT
18978,Canada_2011,0,765,50,Governor,governor,NNP,NN
18979,Canada_2011,0,765,51,General,general,NNP,NN
18980,Canada_2011,0,765,52,under,under,IN,IN
18981,Canada_2011,0,765,53,the,the,DT,DT
18982,Canada_2011,0,765,54,Great,great,NNP,NN
18983,Canada_2011,0,765,55,Seal,seal,NNP,NN
18984,Canada_2011,0,765,56,of,of,IN,IN
18985,Canada_2011,0,765,57,Canada,canada,NNP,NN
18986,Canada_2011,0,766,0,54.1,541,CD,CD
18987,Canada_2011,0,767,0,Repealed,repealed,VBN,VB
18988,Canada_2011,0,767,1,55,55,CD,CD
18989,Canada_2011,0,768,0,French,french,JJ,JJ
18990,Canada_2011,0,768,1,version,version,NN,NN
18991,Canada_2011,0,768,2,of,of,IN,IN
18992,Canada_2011,0,768,3,Constitution,constitution,NNP,NN
18993,Canada_2011,0,768,4,of,of,IN,IN
18994,Canada_2011,0,768,5,Canada,canada,NNP,NN
18995,Canada_2011,0,768,6,Share,share,NNP,NN
18996,Canada_2011,0,768,7,A,a,NNP,NN
18997,Canada_2011,0,768,8,French,french,JJ,JJ
18998,Canada_2011,0,768,9,version,version,NN,NN
18999,Canada_2011,0,768,10,of,of,IN,IN
19000,Canada_2011,0,768,11,the,the,DT,DT
19001,Canada_2011,0,768,12,portions,portions,NNS,NN
19002,Canada_2011,0,768,13,of,of,IN,IN
19003,Canada_2011,0,768,14,the,the,DT,DT
19004,Canada_2011,0,768,15,Constitution,constitution,NNP,NN
19005,Canada_2011,0,768,16,of,of,IN,IN
19006,Canada_2011,0,768,17,Canada,canada,NNP,NN
19007,Canada_2011,0,768,18,referred,referred,VBD,VB
19008,Canada_2011,0,768,19,to,to,TO,TO
19009,Canada_2011,0,768,20,in,in,IN,IN
19010,Canada_2011,0,768,21,the,the,DT,DT
19011,Canada_2011,0,768,22,schedule,schedule,NN,NN
19012,Canada_2011,0,768,23,shall,shall,MD,MD
19013,Canada_2011,0,768,24,be,be,VB,VB
19014,Canada_2011,0,768,25,prepared,prepared,VBN,VB
19015,Canada_2011,0,768,26,by,by,IN,IN
19016,Canada_2011,0,768,27,the,the,DT,DT
19017,Canada_2011,0,768,28,Minister,minister,NNP,NN
19018,Canada_2011,0,768,29,of,of,IN,IN
19019,Canada_2011,0,768,30,Justice,justice,NNP,NN
19020,Canada_2011,0,768,31,of,of,IN,IN
19021,Canada_2011,0,768,32,Canada,canada,NNP,NN
19022,Canada_2011,0,768,33,as,as,RB,RB
19023,Canada_2011,0,768,34,expeditiously,expeditiously,RB,RB
19024,Canada_2011,0,768,35,as,as,IN,IN
19025,Canada_2011,0,768,36,possible,possible,JJ,JJ
19026,Canada_2011,0,768,37,and,and,CC,CC
19027,Canada_2011,0,768,39,when,when,WRB,WR
19028,Canada_2011,0,768,40,any,any,DT,DT
19029,Canada_2011,0,768,41,portion,portion,NN,NN
19030,Canada_2011,0,768,42,thereof,thereof,NN,NN
19031,Canada_2011,0,768,43,sufficient,sufficient,NN,NN
19032,Canada_2011,0,768,44,to,to,TO,TO
19033,Canada_2011,0,768,45,warrant,warrant,VB,VB
19034,Canada_2011,0,768,46,action,action,NN,NN
19035,Canada_2011,0,768,47,being,being,VBG,VB
19036,Canada_2011,0,768,48,taken,taken,VBN,VB
19037,Canada_2011,0,768,49,has,has,VBZ,VB
19038,Canada_2011,0,768,50,been,been,VBN,VB
19039,Canada_2011,0,768,51,so,so,RB,RB
19040,Canada_2011,0,768,52,prepared,prepared,JJ,JJ
19041,Canada_2011,0,768,54,it,it,PRP,PR
19042,Canada_2011,0,768,55,shall,shall,MD,MD
19043,Canada_2011,0,768,56,be,be,VB,VB
19044,Canada_2011,0,768,57,put,put,VBN,VB
19045,Canada_2011,0,768,58,forward,forward,RB,RB
19046,Canada_2011,0,768,59,for,for,IN,IN
19047,Canada_2011,0,768,60,enactment,enactment,NN,NN
19048,Canada_2011,0,768,61,by,by,IN,IN
19049,Canada_2011,0,768,62,proclamation,proclamation,NN,NN
19050,Canada_2011,0,768,63,issued,issued,VBN,VB
19051,Canada_2011,0,768,64,by,by,IN,IN
19052,Canada_2011,0,768,65,the,the,DT,DT
19053,Canada_2011,0,768,66,Governor,governor,NNP,NN
19054,Canada_2011,0,768,67,General,general,NNP,NN
19055,Canada_2011,0,768,68,under,under,IN,IN
19056,Canada_2011,0,768,69,the,the,DT,DT
19057,Canada_2011,0,768,70,Great,great,NNP,NN
19058,Canada_2011,0,768,71,Seal,seal,NNP,NN
19059,Canada_2011,0,768,72,of,of,IN,IN
19060,Canada_2011,0,768,73,Canada,canada,NNP,NN
19061,Canada_2011,0,768,74,pursuant,pursuant,NN,NN
19062,Canada_2011,0,768,75,to,to,TO,TO
19063,Canada_2011,0,768,76,the,the,DT,DT
19064,Canada_2011,0,768,77,procedure,procedure,NN,NN
19065,Canada_2011,0,768,78,then,then,RB,RB
19066,Canada_2011,0,768,79,applicable,applicable,JJ,JJ
19067,Canada_2011,0,768,80,to,to,TO,TO
19068,Canada_2011,0,768,81,an,an,DT,DT
19069,Canada_2011,0,768,82,amendment,amendment,NN,NN
19070,Canada_2011,0,768,83,of,of,IN,IN
19071,Canada_2011,0,768,84,the,the,DT,DT
19072,Canada_2011,0,768,85,same,same,JJ,JJ
19073,Canada_2011,0,768,86,provisions,provisions,NNS,NN
19074,Canada_2011,0,768,87,of,of,IN,IN
19075,Canada_2011,0,768,88,the,the,DT,DT
19076,Canada_2011,0,768,89,Constitution,constitution,NNP,NN
19077,Canada_2011,0,768,90,of,of,IN,IN
19078,Canada_2011,0,768,91,Canada,canada,NNP,NN
19079,Canada_2011,0,769,0,56,56,CD,CD
19080,Canada_2011,0,770,0,English,english,JJ,JJ
19081,Canada_2011,0,770,1,and,and,CC,CC
19082,Canada_2011,0,770,2,French,french,JJ,JJ
19083,Canada_2011,0,770,3,versions,versions,NNS,NN
19084,Canada_2011,0,770,4,of,of,IN,IN
19085,Canada_2011,0,770,5,certain,certain,JJ,JJ
19086,Canada_2011,0,770,6,constitutional,constitutional,JJ,JJ
19087,Canada_2011,0,770,7,texts,texts,NN,NN
19088,Canada_2011,0,770,8,Share,share,NNP,NN
19089,Canada_2011,0,770,9,Where,where,NNP,NN
19090,Canada_2011,0,770,10,any,any,DT,DT
19091,Canada_2011,0,770,11,portion,portion,NN,NN
19092,Canada_2011,0,770,12,of,of,IN,IN
19093,Canada_2011,0,770,13,the,the,DT,DT
19094,Canada_2011,0,770,14,Constitution,constitution,NNP,NN
19095,Canada_2011,0,770,15,of,of,IN,IN
19096,Canada_2011,0,770,16,Canada,canada,NNP,NN
19097,Canada_2011,0,770,17,has,has,VBZ,VB
19098,Canada_2011,0,770,18,been,been,VBN,VB
19099,Canada_2011,0,770,19,or,or,CC,CC
19100,Canada_2011,0,770,20,is,is,VBZ,VB
19101,Canada_2011,0,770,21,enacted,enacted,VBN,VB
19102,Canada_2011,0,770,22,in,in,IN,IN
19103,Canada_2011,0,770,23,English,english,NNP,NN
19104,Canada_2011,0,770,24,and,and,CC,CC
19105,Canada_2011,0,770,25,French,french,NNP,NN
19106,Canada_2011,0,770,26,or,or,CC,CC
19107,Canada_2011,0,770,27,where,where,WRB,WR
19108,Canada_2011,0,770,28,a,a,DT,DT
19109,Canada_2011,0,770,29,French,french,JJ,JJ
19110,Canada_2011,0,770,30,version,version,NN,NN
19111,Canada_2011,0,770,31,of,of,IN,IN
19112,Canada_2011,0,770,32,any,any,DT,DT
19113,Canada_2011,0,770,33,portion,portion,NN,NN
19114,Canada_2011,0,770,34,of,of,IN,IN
19115,Canada_2011,0,770,35,the,the,DT,DT
19116,Canada_2011,0,770,36,Constitution,constitution,NNP,NN
19117,Canada_2011,0,770,37,is,is,VBZ,VB
19118,Canada_2011,0,770,38,enacted,enacted,VBN,VB
19119,Canada_2011,0,770,39,pursuant,pursuant,JJ,JJ
19120,Canada_2011,0,770,40,to,to,TO,TO
19121,Canada_2011,0,770,41,section,section,NN,NN
19122,Canada_2011,0,770,42,55,55,CD,CD
19123,Canada_2011,0,770,44,the,the,DT,DT
19124,Canada_2011,0,770,45,English,english,NNP,NN
19125,Canada_2011,0,770,46,and,and,CC,CC
19126,Canada_2011,0,770,47,French,french,JJ,JJ
19127,Canada_2011,0,770,48,versions,versions,NNS,NN
19128,Canada_2011,0,770,49,of,of,IN,IN
19129,Canada_2011,0,770,50,that,that,DT,DT
19130,Canada_2011,0,770,51,portion,portion,NN,NN
19131,Canada_2011,0,770,52,of,of,IN,IN
19132,Canada_2011,0,770,53,the,the,DT,DT
19133,Canada_2011,0,770,54,Constitution,constitution,NNP,NN
19134,Canada_2011,0,770,55,are,are,VBP,VB
19135,Canada_2011,0,770,56,equally,equally,RB,RB
19136,Canada_2011,0,770,57,authoritative,authoritative,JJ,JJ
19137,Canada_2011,0,771,0,57,57,CD,CD
19138,Canada_2011,0,772,0,English,english,JJ,JJ
19139,Canada_2011,0,772,1,and,and,CC,CC
19140,Canada_2011,0,772,2,French,french,JJ,JJ
19141,Canada_2011,0,772,3,versions,versions,NNS,NN
19142,Canada_2011,0,772,4,of,of,IN,IN
19143,Canada_2011,0,772,5,this,this,DT,DT
19144,Canada_2011,0,772,6,Act,act,NNP,NN
19145,Canada_2011,0,772,7,Share,share,NNP,NN
19146,Canada_2011,0,772,8,The,the,DT,DT
19147,Canada_2011,0,772,9,English,english,NNP,NN
19148,Canada_2011,0,772,10,and,and,CC,CC
19149,Canada_2011,0,772,11,French,french,JJ,JJ
19150,Canada_2011,0,772,12,versions,versions,NNS,NN
19151,Canada_2011,0,772,13,of,of,IN,IN
19152,Canada_2011,0,772,14,this,this,DT,DT
19153,Canada_2011,0,772,15,Act,act,NNP,NN
19154,Canada_2011,0,772,16,are,are,VBP,VB
19155,Canada_2011,0,772,17,equally,equally,RB,RB
19156,Canada_2011,0,772,18,authoritative,authoritative,JJ,JJ
19157,Canada_2011,0,773,0,58,58,CD,CD
19158,Canada_2011,0,774,0,Commencement,commencement,NNP,NN
19159,Canada_2011,0,774,1,Share,share,NNP,NN
19160,Canada_2011,0,774,2,Subject,subject,NNP,NN
19161,Canada_2011,0,774,3,to,to,TO,TO
19162,Canada_2011,0,774,4,section,section,NN,NN
19163,Canada_2011,0,774,5,59,59,CD,CD
19164,Canada_2011,0,774,7,this,this,DT,DT
19165,Canada_2011,0,774,8,Act,act,NNP,NN
19166,Canada_2011,0,774,9,shall,shall,MD,MD
19167,Canada_2011,0,774,10,come,come,VB,VB
19168,Canada_2011,0,774,11,into,into,IN,IN
19169,Canada_2011,0,774,12,force,force,NN,NN
19170,Canada_2011,0,774,13,on,on,IN,IN
19171,Canada_2011,0,774,14,a,a,DT,DT
19172,Canada_2011,0,774,15,day,day,NN,NN
19173,Canada_2011,0,774,16,to,to,TO,TO
19174,Canada_2011,0,774,17,be,be,VB,VB
19175,Canada_2011,0,774,18,fixed,fixed,VBN,VB
19176,Canada_2011,0,774,19,by,by,IN,IN
19177,Canada_2011,0,774,20,proclamation,proclamation,NN,NN
19178,Canada_2011,0,774,21,issued,issued,VBN,VB
19179,Canada_2011,0,774,22,by,by,IN,IN
19180,Canada_2011,0,774,23,the,the,DT,DT
19181,Canada_2011,0,774,24,Queen,queen,NNP,NN
19182,Canada_2011,0,774,25,or,or,CC,CC
19183,Canada_2011,0,774,26,the,the,DT,DT
19184,Canada_2011,0,774,27,Governor,governor,NNP,NN
19185,Canada_2011,0,774,28,General,general,NNP,NN
19186,Canada_2011,0,774,29,under,under,IN,IN
19187,Canada_2011,0,774,30,the,the,DT,DT
19188,Canada_2011,0,774,31,Great,great,NNP,NN
19189,Canada_2011,0,774,32,Seal,seal,NNP,NN
19190,Canada_2011,0,774,33,of,of,IN,IN
19191,Canada_2011,0,774,34,Canada,canada,NNP,NN
19192,Canada_2011,0,775,0,59,59,CD,CD
19193,Canada_2011,0,776,0,1,1,CD,CD
19194,Canada_2011,0,777,0,Commencement,commencement,NN,NN
19195,Canada_2011,0,777,1,of,of,IN,IN
19196,Canada_2011,0,777,2,paragraph,paragraph,NN,NN
19197,Canada_2011,0,777,3,23,23,CD,CD
19198,Canada_2011,0,777,5,1,1,CD,CD
19199,Canada_2011,0,777,8,a,a,DT,DT
19200,Canada_2011,0,777,10,in,in,IN,IN
19201,Canada_2011,0,777,11,respect,respect,NN,NN
19202,Canada_2011,0,777,12,of,of,IN,IN
19203,Canada_2011,0,777,13,Quebec,quebec,NNP,NN
19204,Canada_2011,0,777,14,Share,share,NNP,NN
19205,Canada_2011,0,777,15,Paragraph,paragraph,NNP,NN
19206,Canada_2011,0,777,16,23,23,CD,CD
19207,Canada_2011,0,777,18,1,1,CD,CD
19208,Canada_2011,0,777,21,a,a,DT,DT
19209,Canada_2011,0,777,23,shall,shall,MD,MD
19210,Canada_2011,0,777,24,come,come,VB,VB
19211,Canada_2011,0,777,25,into,into,IN,IN
19212,Canada_2011,0,777,26,force,force,NN,NN
19213,Canada_2011,0,777,27,in,in,IN,IN
19214,Canada_2011,0,777,28,respect,respect,NN,NN
19215,Canada_2011,0,777,29,of,of,IN,IN
19216,Canada_2011,0,777,30,Quebec,quebec,NNP,NN
19217,Canada_2011,0,777,31,on,on,IN,IN
19218,Canada_2011,0,777,32,a,a,DT,DT
19219,Canada_2011,0,777,33,day,day,NN,NN
19220,Canada_2011,0,777,34,to,to,TO,TO
19221,Canada_2011,0,777,35,be,be,VB,VB
19222,Canada_2011,0,777,36,fixed,fixed,VBN,VB
19223,Canada_2011,0,777,37,by,by,IN,IN
19224,Canada_2011,0,777,38,proclamation,proclamation,NN,NN
19225,Canada_2011,0,777,39,issued,issued,VBN,VB
19226,Canada_2011,0,777,40,by,by,IN,IN
19227,Canada_2011,0,777,41,the,the,DT,DT
19228,Canada_2011,0,777,42,Queen,queen,NNP,NN
19229,Canada_2011,0,777,43,or,or,CC,CC
19230,Canada_2011,0,777,44,the,the,DT,DT
19231,Canada_2011,0,777,45,Governor,governor,NNP,NN
19232,Canada_2011,0,777,46,General,general,NNP,NN
19233,Canada_2011,0,777,47,under,under,IN,IN
19234,Canada_2011,0,777,48,the,the,DT,DT
19235,Canada_2011,0,777,49,Great,great,NNP,NN
19236,Canada_2011,0,777,50,Seal,seal,NNP,NN
19237,Canada_2011,0,777,51,of,of,IN,IN
19238,Canada_2011,0,777,52,Canada,canada,NNP,NN
19239,Canada_2011,0,778,0,2,2,CD,CD
19240,Canada_2011,0,779,0,Authorization,authorization,NN,NN
19241,Canada_2011,0,779,1,of,of,IN,IN
19242,Canada_2011,0,779,2,Quebec,quebec,NNP,NN
19243,Canada_2011,0,779,3,Share,share,NNP,NN
19244,Canada_2011,0,779,4,A,a,NNP,NN
19245,Canada_2011,0,779,5,proclamation,proclamation,NN,NN
19246,Canada_2011,0,779,6,under,under,IN,IN
19247,Canada_2011,0,779,7,subsection,subsection,NN,NN
19248,Canada_2011,0,779,9,1,1,CD,CD
19249,Canada_2011,0,779,11,shall,shall,MD,MD
19250,Canada_2011,0,779,12,be,be,VB,VB
19251,Canada_2011,0,779,13,issued,issued,VBN,VB
19252,Canada_2011,0,779,14,only,only,RB,RB
19253,Canada_2011,0,779,15,where,where,WRB,WR
19254,Canada_2011,0,779,16,authorized,authorized,VBN,VB
19255,Canada_2011,0,779,17,by,by,IN,IN
19256,Canada_2011,0,779,18,the,the,DT,DT
19257,Canada_2011,0,779,19,legislative,legislative,JJ,JJ
19258,Canada_2011,0,779,20,assembly,assembly,NN,NN
19259,Canada_2011,0,779,21,or,or,CC,CC
19260,Canada_2011,0,779,22,government,government,NN,NN
19261,Canada_2011,0,779,23,of,of,IN,IN
19262,Canada_2011,0,779,24,Quebec,quebec,NNP,NN
19263,Canada_2011,0,780,0,3,3,CD,CD
19264,Canada_2011,0,781,0,Repeal,repeal,NN,NN
19265,Canada_2011,0,781,1,of,of,IN,IN
19266,Canada_2011,0,781,2,this,this,DT,DT
19267,Canada_2011,0,781,3,section,section,NN,NN
19268,Canada_2011,0,781,4,Share,share,NNP,NN
19269,Canada_2011,0,781,5,This,this,DT,DT
19270,Canada_2011,0,781,6,section,section,NN,NN
19271,Canada_2011,0,781,7,may,may,MD,MD
19272,Canada_2011,0,781,8,be,be,VB,VB
19273,Canada_2011,0,781,9,repealed,repealed,VBN,VB
19274,Canada_2011,0,781,10,on,on,IN,IN
19275,Canada_2011,0,781,11,the,the,DT,DT
19276,Canada_2011,0,781,12,day,day,NN,NN
19277,Canada_2011,0,781,13,paragraph,paragraph,VBD,VB
19278,Canada_2011,0,781,14,23,23,CD,CD
19279,Canada_2011,0,781,16,1,1,CD,CD
19280,Canada_2011,0,781,19,a,a,DT,DT
19281,Canada_2011,0,781,21,comes,comes,VBZ,VB
19282,Canada_2011,0,781,22,into,into,IN,IN
19283,Canada_2011,0,781,23,force,force,NN,NN
19284,Canada_2011,0,781,24,in,in,IN,IN
19285,Canada_2011,0,781,25,respect,respect,NN,NN
19286,Canada_2011,0,781,26,of,of,IN,IN
19287,Canada_2011,0,781,27,Quebec,quebec,NNP,NN
19288,Canada_2011,0,781,28,and,and,CC,CC
19289,Canada_2011,0,781,29,this,this,DT,DT
19290,Canada_2011,0,781,30,Act,act,NNP,NN
19291,Canada_2011,0,781,31,amended,amended,VBD,VB
19292,Canada_2011,0,781,32,and,and,CC,CC
19293,Canada_2011,0,781,33,renumbered,renumbered,VBD,VB
19294,Canada_2011,0,781,35,consequentially,consequentially,RB,RB
19295,Canada_2011,0,781,36,upon,upon,IN,IN
19296,Canada_2011,0,781,37,the,the,DT,DT
19297,Canada_2011,0,781,38,repeal,repeal,NN,NN
19298,Canada_2011,0,781,39,of,of,IN,IN
19299,Canada_2011,0,781,40,this,this,DT,DT
19300,Canada_2011,0,781,41,section,section,NN,NN
19301,Canada_2011,0,781,43,by,by,IN,IN
19302,Canada_2011,0,781,44,proclamation,proclamation,NN,NN
19303,Canada_2011,0,781,45,issued,issued,VBN,VB
19304,Canada_2011,0,781,46,by,by,IN,IN
19305,Canada_2011,0,781,47,the,the,DT,DT
19306,Canada_2011,0,781,48,Queen,queen,NNP,NN
19307,Canada_2011,0,781,49,or,or,CC,CC
19308,Canada_2011,0,781,50,the,the,DT,DT
19309,Canada_2011,0,781,51,Governor,governor,NNP,NN
19310,Canada_2011,0,781,52,General,general,NNP,NN
19311,Canada_2011,0,781,53,under,under,IN,IN
19312,Canada_2011,0,781,54,the,the,DT,DT
19313,Canada_2011,0,781,55,Great,great,NNP,NN
19314,Canada_2011,0,781,56,Seal,seal,NNP,NN
19315,Canada_2011,0,781,57,of,of,IN,IN
19316,Canada_2011,0,781,58,Canada,canada,NNP,NN
19317,Canada_2011,0,782,0,60,60,CD,CD
19318,Canada_2011,0,783,0,Short,short,JJ,JJ
19319,Canada_2011,0,783,1,title,title,NN,NN
19320,Canada_2011,0,783,2,and,and,CC,CC
19321,Canada_2011,0,783,3,citations,citations,NNS,NN
19322,Canada_2011,0,783,4,Share,share,NNP,NN
19323,Canada_2011,0,783,5,This,this,DT,DT
19324,Canada_2011,0,783,6,Act,act,NNP,NN
19325,Canada_2011,0,783,7,may,may,MD,MD
19326,Canada_2011,0,783,8,be,be,VB,VB
19327,Canada_2011,0,783,9,cited,cited,VBN,VB
19328,Canada_2011,0,783,10,as,as,IN,IN
19329,Canada_2011,0,783,11,the,the,DT,DT
19330,Canada_2011,0,783,12,Constitution,constitution,NNP,NN
19331,Canada_2011,0,783,13,Act,act,NNP,NN
19332,Canada_2011,0,783,15,1982,1982,CD,CD
19333,Canada_2011,0,783,17,and,and,CC,CC
19334,Canada_2011,0,783,18,the,the,DT,DT
19335,Canada_2011,0,783,19,Constitution,constitution,NNP,NN
19336,Canada_2011,0,783,20,Acts,acts,VBZ,VB
19337,Canada_2011,0,783,21,1867,1867,CD,CD
19338,Canada_2011,0,783,22,to,to,TO,TO
19339,Canada_2011,0,783,23,1975,1975,CD,CD
19340,Canada_2011,0,783,25,No,no,DT,DT
19341,Canada_2011,0,784,0,2,2,CD,CD
19342,Canada_2011,0,784,2,and,and,CC,CC
19343,Canada_2011,0,784,3,this,this,DT,DT
19344,Canada_2011,0,784,4,Act,act,NNP,NN
19345,Canada_2011,0,784,5,may,may,MD,MD
19346,Canada_2011,0,784,6,be,be,VB,VB
19347,Canada_2011,0,784,7,cited,cited,VBN,VB
19348,Canada_2011,0,784,8,together,together,RB,RB
19349,Canada_2011,0,784,9,as,as,IN,IN
19350,Canada_2011,0,784,10,the,the,DT,DT
19351,Canada_2011,0,784,11,Constitution,constitution,NNP,NN
19352,Canada_2011,0,784,12,Acts,acts,NNP,NN
19353,Canada_2011,0,784,14,1867,1867,CD,CD
19354,Canada_2011,0,784,15,to,to,TO,TO
19355,Canada_2011,0,784,16,1982,1982,CD,CD
19356,Canada_2011,0,785,0,61,61,CD,CD
19357,Canada_2011,0,786,0,References,references,NNS,NN
19358,Canada_2011,0,786,1,Share,share,VBP,VB
19359,Canada_2011,0,786,2,A,a,DT,DT
19360,Canada_2011,0,786,3,reference,reference,NN,NN
19361,Canada_2011,0,786,4,to,to,TO,TO
19362,Canada_2011,0,786,5,the,the,DT,DT
19363,Canada_2011,0,786,7,Constitution,constitution,NNP,NN
19364,Canada_2011,0,786,8,Acts,acts,NNP,NN
19365,Canada_2011,0,786,10,1867,1867,CD,CD
19366,Canada_2011,0,786,11,to,to,TO,TO
19367,Canada_2011,0,786,12,1982,1982,CD,CD
19368,Canada_2011,0,786,14,shall,shall,MD,MD
19369,Canada_2011,0,786,15,be,be,VB,VB
19370,Canada_2011,0,786,16,deemed,deemed,VBN,VB
19371,Canada_2011,0,786,17,to,to,TO,TO
19372,Canada_2011,0,786,18,include,include,VB,VB
19373,Canada_2011,0,786,19,a,a,DT,DT
19374,Canada_2011,0,786,20,reference,reference,NN,NN
19375,Canada_2011,0,786,21,to,to,TO,TO
19376,Canada_2011,0,786,22,the,the,DT,DT
19377,Canada_2011,0,786,24,Constitution,constitution,NNP,NN
19378,Canada_2011,0,786,25,Amendment,amendment,NNP,NN
19379,Canada_2011,0,786,26,Proclamation,proclamation,NNP,NN
19380,Canada_2011,0,786,28,1983,1983,CD,CD
19381,Canada_2011,0,787,0,SCHEDULE,schedule,NN,NN
19382,Canada_2011,0,787,1,TO,to,NNP,NN
19383,Canada_2011,0,787,2,THE,the,NNP,NN
19384,Canada_2011,0,787,3,CONSTITUTION,constitution,NNP,NN
19385,Canada_2011,0,787,4,ACT,act,NNP,NN
19386,Canada_2011,0,787,5,1982,1982,CD,CD
19387,Canada_2011,0,788,0,MODERNIZATION,modernization,NN,NN
19388,Canada_2011,0,788,1,OF,of,IN,IN
19389,Canada_2011,0,788,2,THE,the,NNP,NN
19390,Canada_2011,0,788,3,CONSTITUTION,constitution,NNP,NN
19391,Canada_2011,0,788,5,Section,section,NNP,NN
19392,Canada_2011,0,788,6,53,53,CD,CD
19393,Canada_2011,0,788,7,Share,share,NNP,NN
19394,Canada_2011,0,788,8,Item,item,NNP,NN
19395,Canada_2011,0,788,9,1,1,CD,CD
19396,Canada_2011,0,788,10,Column,column,NNP,NN
19397,Canada_2011,0,788,11,I,i,PRP,PR
19398,Canada_2011,0,789,0,Act,act,NNP,NN
19399,Canada_2011,0,789,1,Affected,affected,NNP,NN
19400,Canada_2011,0,789,2,Share,share,NNP,NN
19401,Canada_2011,0,789,3,British,british,NNP,NN
19402,Canada_2011,0,789,4,North,north,NNP,NN
19403,Canada_2011,0,789,5,America,america,NNP,NN
19404,Canada_2011,0,789,6,Act,act,NNP,NN
19405,Canada_2011,0,789,8,1867,1867,CD,CD
19406,Canada_2011,0,789,10,30-31,3031,JJ,JJ
19407,Canada_2011,0,789,11,Vict.,vict,NNP,NN
19408,Canada_2011,0,789,13,c.,c,VBZ,VB
19409,Canada_2011,0,789,14,3,3,CD,CD
19410,Canada_2011,0,789,16,U.K.,uk,NNP,NN
19411,Canada_2011,0,789,18,Column,column,NNP,NN
19412,Canada_2011,0,789,19,II,ii,NNP,NN
19413,Canada_2011,0,790,0,Amendment,amendment,NNP,NN
19414,Canada_2011,0,790,1,Share,share,NNP,NN
19415,Canada_2011,0,790,2,1,1,CD,CD
19416,Canada_2011,0,791,0,Section,section,NN,NN
19417,Canada_2011,0,791,1,1,1,CD,CD
19418,Canada_2011,0,791,2,is,is,VBZ,VB
19419,Canada_2011,0,791,3,repealed,repealed,VBN,VB
19420,Canada_2011,0,791,4,and,and,CC,CC
19421,Canada_2011,0,791,5,the,the,DT,DT
19422,Canada_2011,0,791,6,following,following,JJ,JJ
19423,Canada_2011,0,791,7,substituted,substituted,JJ,JJ
19424,Canada_2011,0,791,8,therefor,therefor,NN,NN
19425,Canada_2011,0,791,11,1,1,CD,CD
19426,Canada_2011,0,792,0,This,this,DT,DT
19427,Canada_2011,0,792,1,Act,act,NNP,NN
19428,Canada_2011,0,792,2,may,may,MD,MD
19429,Canada_2011,0,792,3,be,be,VB,VB
19430,Canada_2011,0,792,4,cited,cited,VBN,VB
19431,Canada_2011,0,792,5,as,as,IN,IN
19432,Canada_2011,0,792,6,the,the,DT,DT
19433,Canada_2011,0,792,7,Constitution,constitution,NNP,NN
19434,Canada_2011,0,792,8,Act,act,NNP,NN
19435,Canada_2011,0,792,10,1867.,1867,CD,CD
19436,Canada_2011,0,792,12,2,2,CD,CD
19437,Canada_2011,0,793,0,Section,section,NN,NN
19438,Canada_2011,0,793,1,20,20,CD,CD
19439,Canada_2011,0,793,2,is,is,VBZ,VB
19440,Canada_2011,0,793,3,repealed,repealed,VBN,VB
19441,Canada_2011,0,794,0,3,3,CD,CD
19442,Canada_2011,0,795,0,Class,class,NN,NN
19443,Canada_2011,0,795,1,1,1,CD,CD
19444,Canada_2011,0,795,2,of,of,IN,IN
19445,Canada_2011,0,795,3,section,section,NN,NN
19446,Canada_2011,0,795,4,91,91,CD,CD
19447,Canada_2011,0,795,5,is,is,VBZ,VB
19448,Canada_2011,0,795,6,repealed,repealed,VBN,VB
19449,Canada_2011,0,796,0,4,4,CD,CD
19450,Canada_2011,0,797,0,Class,class,NN,NN
19451,Canada_2011,0,797,1,1,1,CD,CD
19452,Canada_2011,0,797,2,of,of,IN,IN
19453,Canada_2011,0,797,3,section,section,NN,NN
19454,Canada_2011,0,797,4,92,92,CD,CD
19455,Canada_2011,0,797,5,is,is,VBZ,VB
19456,Canada_2011,0,797,6,repealed,repealed,VBN,VB
19457,Canada_2011,0,798,0,Column,column,NNP,NN
19458,Canada_2011,0,798,1,III,iii,NNP,NN
19459,Canada_2011,0,799,0,New,new,NNP,NN
19460,Canada_2011,0,799,1,Name,name,NNP,NN
19461,Canada_2011,0,799,2,Share,share,NNP,NN
19462,Canada_2011,0,799,3,Constitution,constitution,NNP,NN
19463,Canada_2011,0,799,4,Act,act,NNP,NN
19464,Canada_2011,0,799,6,1867,1867,CD,CD
19465,Canada_2011,0,799,7,Item,item,NNP,NN
19466,Canada_2011,0,799,8,2,2,CD,CD
19467,Canada_2011,0,799,9,Column,column,NNP,NN
19468,Canada_2011,0,799,10,I,i,PRP,PR
19469,Canada_2011,0,800,0,Act,act,NNP,NN
19470,Canada_2011,0,800,1,Affected,affected,NNP,NN
19471,Canada_2011,0,800,2,Share,share,NNP,NN
19472,Canada_2011,0,800,3,An,an,DT,DT
19473,Canada_2011,0,800,4,Act,act,NNP,NN
19474,Canada_2011,0,800,5,to,to,TO,TO
19475,Canada_2011,0,800,6,amend,amend,VB,VB
19476,Canada_2011,0,800,7,and,and,CC,CC
19477,Canada_2011,0,800,8,continue,continue,VB,VB
19478,Canada_2011,0,800,9,the,the,DT,DT
19479,Canada_2011,0,800,10,Act,act,NNP,NN
19480,Canada_2011,0,800,11,32-33,3233,JJ,JJ
19481,Canada_2011,0,800,12,Victoria,victoria,NNP,NN
19482,Canada_2011,0,800,13,chapter,chapter,NN,NN
19483,Canada_2011,0,800,14,3,3,CD,CD
19484,Canada_2011,0,800,16,and,and,CC,CC
19485,Canada_2011,0,800,17,to,to,TO,TO
19486,Canada_2011,0,800,18,establish,establish,VB,VB
19487,Canada_2011,0,800,19,and,and,CC,CC
19488,Canada_2011,0,800,20,provide,provide,VB,VB
19489,Canada_2011,0,800,21,for,for,IN,IN
19490,Canada_2011,0,800,22,the,the,DT,DT
19491,Canada_2011,0,800,23,Government,government,NNP,NN
19492,Canada_2011,0,800,24,of,of,IN,IN
19493,Canada_2011,0,800,25,the,the,DT,DT
19494,Canada_2011,0,800,26,Province,province,NNP,NN
19495,Canada_2011,0,800,27,of,of,IN,IN
19496,Canada_2011,0,800,28,Manitoba,manitoba,NNP,NN
19497,Canada_2011,0,800,30,1870,1870,CD,CD
19498,Canada_2011,0,800,32,33,33,CD,CD
19499,Canada_2011,0,800,33,Vict.,vict,NNP,NN
19500,Canada_2011,0,800,35,c.,c,VBZ,VB
19501,Canada_2011,0,800,36,3,3,CD,CD
19502,Canada_2011,0,800,38,Can,can,NNP,NN
19503,Canada_2011,0,801,0,Column,column,NNP,NN
19504,Canada_2011,0,801,1,II,ii,NNP,NN
19505,Canada_2011,0,802,0,Amendment,amendment,NNP,NN
19506,Canada_2011,0,802,1,Share,share,NNP,NN
19507,Canada_2011,0,802,2,1,1,CD,CD
19508,Canada_2011,0,803,0,The,the,DT,DT
19509,Canada_2011,0,803,1,long,long,JJ,JJ
19510,Canada_2011,0,803,2,title,title,NN,NN
19511,Canada_2011,0,803,3,is,is,VBZ,VB
19512,Canada_2011,0,803,4,repealed,repealed,VBN,VB
19513,Canada_2011,0,803,5,and,and,CC,CC
19514,Canada_2011,0,803,6,the,the,DT,DT
19515,Canada_2011,0,803,7,following,following,JJ,JJ
19516,Canada_2011,0,803,8,substituted,substituted,JJ,JJ
19517,Canada_2011,0,803,9,therefor,therefor,NN,NN
19518,Canada_2011,0,803,12,Manitoba,manitoba,NNP,NN
19519,Canada_2011,0,803,13,Act,act,NNP,NN
19520,Canada_2011,0,803,15,1870.,1870,CD,CD
19521,Canada_2011,0,803,17,2,2,CD,CD
19522,Canada_2011,0,804,0,Section,section,NN,NN
19523,Canada_2011,0,804,1,20,20,CD,CD
19524,Canada_2011,0,804,2,is,is,VBZ,VB
19525,Canada_2011,0,804,3,repealed,repealed,VBN,VB
19526,Canada_2011,0,805,0,Column,column,NNP,NN
19527,Canada_2011,0,805,1,III,iii,NNP,NN
19528,Canada_2011,0,806,0,New,new,NNP,NN
19529,Canada_2011,0,806,1,Name,name,NNP,NN
19530,Canada_2011,0,806,2,Share,share,NNP,NN
19531,Canada_2011,0,806,3,Manitoba,manitoba,NNP,NN
19532,Canada_2011,0,806,4,Act,act,NNP,NN
19533,Canada_2011,0,806,6,1870,1870,CD,CD
19534,Canada_2011,0,806,7,Item,item,NNP,NN
19535,Canada_2011,0,806,8,3,3,CD,CD
19536,Canada_2011,0,806,9,Column,column,NNP,NN
19537,Canada_2011,0,806,10,I,i,PRP,PR
19538,Canada_2011,0,807,0,Act,act,NNP,NN
19539,Canada_2011,0,807,1,Affected,affected,NNP,NN
19540,Canada_2011,0,807,2,Share,share,NNP,NN
19541,Canada_2011,0,807,3,Order,order,NNP,NN
19542,Canada_2011,0,807,4,of,of,IN,IN
19543,Canada_2011,0,807,5,Her,her,NNP,NN
19544,Canada_2011,0,807,6,Majesty,majesty,NNP,NN
19545,Canada_2011,0,807,7,in,in,IN,IN
19546,Canada_2011,0,807,8,Council,council,NNP,NN
19547,Canada_2011,0,807,9,admitting,admitting,VBG,VB
19548,Canada_2011,0,807,10,Rupert,rupert,NNP,NN
19549,Canada_2011,0,807,12,s,s,NN,NN
19550,Canada_2011,0,807,13,Land,land,NNP,NN
19551,Canada_2011,0,807,14,and,and,CC,CC
19552,Canada_2011,0,807,15,the,the,DT,DT
19553,Canada_2011,0,807,16,North-Western,northwestern,JJ,JJ
19554,Canada_2011,0,807,17,Territory,territory,NNP,NN
19555,Canada_2011,0,807,18,into,into,IN,IN
19556,Canada_2011,0,807,19,the,the,DT,DT
19557,Canada_2011,0,807,20,union,union,NN,NN
19558,Canada_2011,0,807,22,dated,dated,VBD,VB
19559,Canada_2011,0,807,23,the,the,DT,DT
19560,Canada_2011,0,807,24,23rd,23rd,CD,CD
19561,Canada_2011,0,807,25,day,day,NN,NN
19562,Canada_2011,0,807,26,of,of,IN,IN
19563,Canada_2011,0,807,27,June,june,NNP,NN
19564,Canada_2011,0,807,29,1870,1870,CD,CD
19565,Canada_2011,0,807,30,Column,column,NNP,NN
19566,Canada_2011,0,807,31,II,ii,NNP,NN
19567,Canada_2011,0,808,0,Amendment,amendment,NNP,NN
19568,Canada_2011,0,808,1,Share,share,NNP,NN
19569,Canada_2011,0,808,3,blank,blank,VBD,VB
19570,Canada_2011,0,808,5,Column,column,NNP,NN
19571,Canada_2011,0,808,6,III,iii,NNP,NN
19572,Canada_2011,0,809,0,New,new,NNP,NN
19573,Canada_2011,0,809,1,Name,name,NNP,NN
19574,Canada_2011,0,809,2,Share,share,NNP,NN
19575,Canada_2011,0,809,3,Rupert,rupert,NNP,NN
19576,Canada_2011,0,809,5,s,s,NN,NN
19577,Canada_2011,0,809,6,Land,land,NNP,NN
19578,Canada_2011,0,809,7,and,and,CC,CC
19579,Canada_2011,0,809,8,North-Western,northwestern,NNP,NN
19580,Canada_2011,0,809,9,Territory,territory,NNP,NN
19581,Canada_2011,0,809,10,Order,order,NNP,NN
19582,Canada_2011,0,809,11,Item,item,NNP,NN
19583,Canada_2011,0,809,12,4,4,CD,CD
19584,Canada_2011,0,809,13,Column,column,NNP,NN
19585,Canada_2011,0,809,14,I,i,PRP,PR
19586,Canada_2011,0,810,0,Act,act,NNP,NN
19587,Canada_2011,0,810,1,Affected,affected,NNP,NN
19588,Canada_2011,0,810,2,Share,share,NNP,NN
19589,Canada_2011,0,810,3,Order,order,NNP,NN
19590,Canada_2011,0,810,4,of,of,IN,IN
19591,Canada_2011,0,810,5,Her,her,NNP,NN
19592,Canada_2011,0,810,6,Majesty,majesty,NNP,NN
19593,Canada_2011,0,810,7,in,in,IN,IN
19594,Canada_2011,0,810,8,Council,council,NNP,NN
19595,Canada_2011,0,810,9,admitting,admitting,VBG,VB
19596,Canada_2011,0,810,10,British,british,JJ,JJ
19597,Canada_2011,0,810,11,Columbia,columbia,NNP,NN
19598,Canada_2011,0,810,12,into,into,IN,IN
19599,Canada_2011,0,810,13,the,the,DT,DT
19600,Canada_2011,0,810,14,Union,union,NNP,NN
19601,Canada_2011,0,810,16,dated,dated,VBD,VB
19602,Canada_2011,0,810,17,the,the,DT,DT
19603,Canada_2011,0,810,18,16th,16th,CD,CD
19604,Canada_2011,0,810,19,day,day,NN,NN
19605,Canada_2011,0,810,20,of,of,IN,IN
19606,Canada_2011,0,810,21,May,may,NNP,NN
19607,Canada_2011,0,810,23,1871,1871,CD,CD
19608,Canada_2011,0,811,0,Column,column,NNP,NN
19609,Canada_2011,0,811,1,II,ii,NNP,NN
19610,Canada_2011,0,812,0,Amendment,amendment,NNP,NN
19611,Canada_2011,0,812,1,Share,share,NNP,NN
19612,Canada_2011,0,812,3,blank,blank,VBD,VB
19613,Canada_2011,0,812,5,Column,column,NNP,NN
19614,Canada_2011,0,812,6,III,iii,NNP,NN
19615,Canada_2011,0,813,0,New,new,NNP,NN
19616,Canada_2011,0,813,1,Name,name,NNP,NN
19617,Canada_2011,0,813,2,Share,share,NNP,NN
19618,Canada_2011,0,813,3,British,british,NNP,NN
19619,Canada_2011,0,813,4,Columbia,columbia,NNP,NN
19620,Canada_2011,0,813,5,Terms,terms,NNS,NN
19621,Canada_2011,0,813,6,of,of,IN,IN
19622,Canada_2011,0,813,7,Union,union,NNP,NN
19623,Canada_2011,0,813,8,Item,item,NNP,NN
19624,Canada_2011,0,813,9,5,5,CD,CD
19625,Canada_2011,0,813,10,Column,column,NNP,NN
19626,Canada_2011,0,813,11,I,i,PRP,PR
19627,Canada_2011,0,814,0,Act,act,NNP,NN
19628,Canada_2011,0,814,1,Affected,affected,NNP,NN
19629,Canada_2011,0,814,2,Share,share,NNP,NN
19630,Canada_2011,0,814,3,British,british,NNP,NN
19631,Canada_2011,0,814,4,North,north,NNP,NN
19632,Canada_2011,0,814,5,America,america,NNP,NN
19633,Canada_2011,0,814,6,Act,act,NNP,NN
19634,Canada_2011,0,814,8,1871,1871,CD,CD
19635,Canada_2011,0,814,10,34-35,3435,JJ,JJ
19636,Canada_2011,0,814,11,Vict.,vict,NNP,NN
19637,Canada_2011,0,814,13,c.,c,VBZ,VB
19638,Canada_2011,0,814,14,28,28,CD,CD
19639,Canada_2011,0,814,16,U.K.,uk,NNP,NN
19640,Canada_2011,0,814,18,Column,column,NNP,NN
19641,Canada_2011,0,814,19,II,ii,NNP,NN
19642,Canada_2011,0,815,0,Amendment,amendment,NNP,NN
19643,Canada_2011,0,815,1,Share,share,NNP,NN
19644,Canada_2011,0,815,2,Section,section,NNP,NN
19645,Canada_2011,0,815,3,1,1,CD,CD
19646,Canada_2011,0,815,4,is,is,VBZ,VB
19647,Canada_2011,0,815,5,repealed,repealed,VBN,VB
19648,Canada_2011,0,815,6,and,and,CC,CC
19649,Canada_2011,0,815,7,the,the,DT,DT
19650,Canada_2011,0,815,8,following,following,JJ,JJ
19651,Canada_2011,0,815,9,substituted,substituted,JJ,JJ
19652,Canada_2011,0,815,10,therefor,therefor,NN,NN
19653,Canada_2011,0,815,13,1,1,CD,CD
19654,Canada_2011,0,816,0,This,this,DT,DT
19655,Canada_2011,0,816,1,Act,act,NNP,NN
19656,Canada_2011,0,816,2,may,may,MD,MD
19657,Canada_2011,0,816,3,be,be,VB,VB
19658,Canada_2011,0,816,4,cited,cited,VBN,VB
19659,Canada_2011,0,816,5,as,as,IN,IN
19660,Canada_2011,0,816,6,the,the,DT,DT
19661,Canada_2011,0,816,7,Constitution,constitution,NNP,NN
19662,Canada_2011,0,816,8,Act,act,NNP,NN
19663,Canada_2011,0,816,10,1871.,1871,CD,CD
19664,Canada_2011,0,816,12,Column,column,NNP,NN
19665,Canada_2011,0,816,13,III,iii,NNP,NN
19666,Canada_2011,0,817,0,New,new,NNP,NN
19667,Canada_2011,0,817,1,Name,name,NNP,NN
19668,Canada_2011,0,817,2,Share,share,NNP,NN
19669,Canada_2011,0,817,3,Constitution,constitution,NNP,NN
19670,Canada_2011,0,817,4,Act,act,NNP,NN
19671,Canada_2011,0,817,6,1871,1871,CD,CD
19672,Canada_2011,0,817,7,Item,item,NNP,NN
19673,Canada_2011,0,817,8,6,6,CD,CD
19674,Canada_2011,0,817,9,Column,column,NNP,NN
19675,Canada_2011,0,817,10,I,i,PRP,PR
19676,Canada_2011,0,818,0,Act,act,NNP,NN
19677,Canada_2011,0,818,1,Affected,affected,NNP,NN
19678,Canada_2011,0,818,2,Share,share,NNP,NN
19679,Canada_2011,0,818,3,Order,order,NNP,NN
19680,Canada_2011,0,818,4,of,of,IN,IN
19681,Canada_2011,0,818,5,Her,her,NNP,NN
19682,Canada_2011,0,818,6,Majesty,majesty,NNP,NN
19683,Canada_2011,0,818,7,in,in,IN,IN
19684,Canada_2011,0,818,8,Council,council,NNP,NN
19685,Canada_2011,0,818,9,admitting,admitting,VBG,VB
19686,Canada_2011,0,818,10,Prince,prince,NNP,NN
19687,Canada_2011,0,818,11,Edward,edward,NNP,NN
19688,Canada_2011,0,818,12,Island,island,NNP,NN
19689,Canada_2011,0,818,13,into,into,IN,IN
19690,Canada_2011,0,818,14,the,the,DT,DT
19691,Canada_2011,0,818,15,Union,union,NNP,NN
19692,Canada_2011,0,818,17,dated,dated,VBD,VB
19693,Canada_2011,0,818,18,the,the,DT,DT
19694,Canada_2011,0,818,19,26th,26th,CD,CD
19695,Canada_2011,0,818,20,day,day,NN,NN
19696,Canada_2011,0,818,21,of,of,IN,IN
19697,Canada_2011,0,818,22,June,june,NNP,NN
19698,Canada_2011,0,818,24,1873,1873,CD,CD
19699,Canada_2011,0,819,0,Column,column,NNP,NN
19700,Canada_2011,0,819,1,II,ii,NNP,NN
19701,Canada_2011,0,820,0,Amendment,amendment,NNP,NN
19702,Canada_2011,0,820,1,Share,share,NNP,NN
19703,Canada_2011,0,820,3,blank,blank,VBD,VB
19704,Canada_2011,0,820,5,Column,column,NNP,NN
19705,Canada_2011,0,820,6,III,iii,NNP,NN
19706,Canada_2011,0,821,0,New,new,NNP,NN
19707,Canada_2011,0,821,1,Name,name,NNP,NN
19708,Canada_2011,0,821,2,Share,share,NNP,NN
19709,Canada_2011,0,821,3,Prince,prince,NNP,NN
19710,Canada_2011,0,821,4,Edward,edward,NNP,NN
19711,Canada_2011,0,821,5,Island,island,NNP,NN
19712,Canada_2011,0,821,6,Terms,terms,NNS,NN
19713,Canada_2011,0,821,7,of,of,IN,IN
19714,Canada_2011,0,821,8,Union,union,NNP,NN
19715,Canada_2011,0,821,9,Item,item,NNP,NN
19716,Canada_2011,0,821,10,7,7,CD,CD
19717,Canada_2011,0,821,11,Column,column,NNP,NN
19718,Canada_2011,0,821,12,I,i,PRP,PR
19719,Canada_2011,0,822,0,Act,act,NNP,NN
19720,Canada_2011,0,822,1,Affected,affected,NNP,NN
19721,Canada_2011,0,822,2,Share,share,NNP,NN
19722,Canada_2011,0,822,3,Parliament,parliament,NNP,NN
19723,Canada_2011,0,822,4,of,of,IN,IN
19724,Canada_2011,0,822,5,Canada,canada,NNP,NN
19725,Canada_2011,0,822,6,Act,act,NNP,NN
19726,Canada_2011,0,822,8,1875,1875,CD,CD
19727,Canada_2011,0,822,10,38-39,3839,JJ,JJ
19728,Canada_2011,0,822,11,Vict.,vict,NNP,NN
19729,Canada_2011,0,822,13,c.,c,VBZ,VB
19730,Canada_2011,0,822,14,38,38,CD,CD
19731,Canada_2011,0,822,16,U.K.,uk,NNP,NN
19732,Canada_2011,0,822,18,Column,column,NNP,NN
19733,Canada_2011,0,822,19,II,ii,NNP,NN
19734,Canada_2011,0,823,0,Amendment,amendment,NNP,NN
19735,Canada_2011,0,823,1,Share,share,NNP,NN
19736,Canada_2011,0,823,3,blank,blank,VBD,VB
19737,Canada_2011,0,823,5,Column,column,NNP,NN
19738,Canada_2011,0,823,6,III,iii,NNP,NN
19739,Canada_2011,0,824,0,New,new,NNP,NN
19740,Canada_2011,0,824,1,Name,name,NNP,NN
19741,Canada_2011,0,824,2,Share,share,NNP,NN
19742,Canada_2011,0,824,3,Parliament,parliament,NNP,NN
19743,Canada_2011,0,824,4,of,of,IN,IN
19744,Canada_2011,0,824,5,Canada,canada,NNP,NN
19745,Canada_2011,0,824,6,Act,act,NNP,NN
19746,Canada_2011,0,824,8,1875,1875,CD,CD
19747,Canada_2011,0,824,9,Item,item,NNP,NN
19748,Canada_2011,0,824,10,8,8,CD,CD
19749,Canada_2011,0,824,11,Column,column,NNP,NN
19750,Canada_2011,0,824,12,I,i,PRP,PR
19751,Canada_2011,0,825,0,Act,act,NNP,NN
19752,Canada_2011,0,825,1,Affected,affected,NNP,NN
19753,Canada_2011,0,825,2,Share,share,NNP,NN
19754,Canada_2011,0,825,3,Order,order,NNP,NN
19755,Canada_2011,0,825,4,of,of,IN,IN
19756,Canada_2011,0,825,5,Her,her,NNP,NN
19757,Canada_2011,0,825,6,Majesty,majesty,NNP,NN
19758,Canada_2011,0,825,7,in,in,IN,IN
19759,Canada_2011,0,825,8,Council,council,NNP,NN
19760,Canada_2011,0,825,9,admitting,admitting,VBG,VB
19761,Canada_2011,0,825,10,all,all,DT,DT
19762,Canada_2011,0,825,11,British,british,JJ,JJ
19763,Canada_2011,0,825,12,possessions,possessions,NNS,NN
19764,Canada_2011,0,825,13,and,and,CC,CC
19765,Canada_2011,0,825,14,Territories,territories,NNS,NN
19766,Canada_2011,0,825,15,in,in,IN,IN
19767,Canada_2011,0,825,16,North,north,NNP,NN
19768,Canada_2011,0,825,17,America,america,NNP,NN
19769,Canada_2011,0,825,18,and,and,CC,CC
19770,Canada_2011,0,825,19,islands,islands,VBZ,VB
19771,Canada_2011,0,825,20,adjacent,adjacent,JJ,JJ
19772,Canada_2011,0,825,21,thereto,thereto,NN,NN
19773,Canada_2011,0,825,22,into,into,IN,IN
19774,Canada_2011,0,825,23,the,the,DT,DT
19775,Canada_2011,0,825,24,Union,union,NNP,NN
19776,Canada_2011,0,825,26,dated,dated,VBD,VB
19777,Canada_2011,0,825,27,the,the,DT,DT
19778,Canada_2011,0,825,28,31st,31st,CD,CD
19779,Canada_2011,0,825,29,day,day,NN,NN
19780,Canada_2011,0,825,30,of,of,IN,IN
19781,Canada_2011,0,825,31,July,july,NNP,NN
19782,Canada_2011,0,825,33,1880,1880,CD,CD
19783,Canada_2011,0,826,0,Column,column,NNP,NN
19784,Canada_2011,0,826,1,II,ii,NNP,NN
19785,Canada_2011,0,827,0,Amendment,amendment,NNP,NN
19786,Canada_2011,0,827,1,Share,share,NNP,NN
19787,Canada_2011,0,827,3,blank,blank,VBD,VB
19788,Canada_2011,0,827,5,Column,column,NNP,NN
19789,Canada_2011,0,827,6,III,iii,NNP,NN
19790,Canada_2011,0,828,0,New,new,NNP,NN
19791,Canada_2011,0,828,1,Name,name,NNP,NN
19792,Canada_2011,0,828,2,Share,share,NNP,NN
19793,Canada_2011,0,828,3,Adjacent,adjacent,NNP,NN
19794,Canada_2011,0,828,4,Territories,territories,NNPS,NN
19795,Canada_2011,0,828,5,Order,order,NNP,NN
19796,Canada_2011,0,828,6,Item,item,NNP,NN
19797,Canada_2011,0,828,7,9,9,CD,CD
19798,Canada_2011,0,828,8,Column,column,NNP,NN
19799,Canada_2011,0,828,9,I,i,PRP,PR
19800,Canada_2011,0,829,0,Act,act,NNP,NN
19801,Canada_2011,0,829,1,Affected,affected,NNP,NN
19802,Canada_2011,0,829,2,Share,share,NNP,NN
19803,Canada_2011,0,829,3,British,british,NNP,NN
19804,Canada_2011,0,829,4,North,north,NNP,NN
19805,Canada_2011,0,829,5,America,america,NNP,NN
19806,Canada_2011,0,829,6,Act,act,NNP,NN
19807,Canada_2011,0,829,8,1886,1886,CD,CD
19808,Canada_2011,0,829,10,49-50,4950,JJ,JJ
19809,Canada_2011,0,829,11,Vict.,vict,NNP,NN
19810,Canada_2011,0,829,13,c.,c,VBZ,VB
19811,Canada_2011,0,829,14,35,35,CD,CD
19812,Canada_2011,0,829,16,U.K.,uk,NNP,NN
19813,Canada_2011,0,829,18,Column,column,NNP,NN
19814,Canada_2011,0,829,19,II,ii,NNP,NN
19815,Canada_2011,0,830,0,Amendment,amendment,NNP,NN
19816,Canada_2011,0,830,1,Share,share,NNP,NN
19817,Canada_2011,0,830,2,Section,section,NNP,NN
19818,Canada_2011,0,830,3,3,3,CD,CD
19819,Canada_2011,0,830,4,is,is,VBZ,VB
19820,Canada_2011,0,830,5,repealed,repealed,VBN,VB
19821,Canada_2011,0,830,6,and,and,CC,CC
19822,Canada_2011,0,830,7,the,the,DT,DT
19823,Canada_2011,0,830,8,following,following,JJ,JJ
19824,Canada_2011,0,830,9,substituted,substituted,JJ,JJ
19825,Canada_2011,0,830,10,therefor,therefor,NN,NN
19826,Canada_2011,0,830,13,3,3,CD,CD
19827,Canada_2011,0,831,0,This,this,DT,DT
19828,Canada_2011,0,831,1,Act,act,NNP,NN
19829,Canada_2011,0,831,2,may,may,MD,MD
19830,Canada_2011,0,831,3,be,be,VB,VB
19831,Canada_2011,0,831,4,cited,cited,VBN,VB
19832,Canada_2011,0,831,5,as,as,IN,IN
19833,Canada_2011,0,831,6,the,the,DT,DT
19834,Canada_2011,0,831,7,Constitution,constitution,NNP,NN
19835,Canada_2011,0,831,8,Act,act,NNP,NN
19836,Canada_2011,0,831,10,1886.,1886,CD,CD
19837,Canada_2011,0,831,12,Column,column,NNP,NN
19838,Canada_2011,0,831,13,III,iii,NNP,NN
19839,Canada_2011,0,832,0,New,new,NNP,NN
19840,Canada_2011,0,832,1,Name,name,NNP,NN
19841,Canada_2011,0,832,2,Share,share,NNP,NN
19842,Canada_2011,0,832,3,Constitution,constitution,NNP,NN
19843,Canada_2011,0,832,4,Act,act,NNP,NN
19844,Canada_2011,0,832,6,1886,1886,CD,CD
19845,Canada_2011,0,832,7,Item,item,NNP,NN
19846,Canada_2011,0,832,8,10,10,CD,CD
19847,Canada_2011,0,832,9,Column,column,NNP,NN
19848,Canada_2011,0,832,10,I,i,PRP,PR
19849,Canada_2011,0,833,0,Act,act,NNP,NN
19850,Canada_2011,0,833,1,Affected,affected,NNP,NN
19851,Canada_2011,0,833,2,Share,share,NNP,NN
19852,Canada_2011,0,833,3,Canada,canada,NNP,NN
19853,Canada_2011,0,833,5,Ontario,ontario,NNP,NN
19854,Canada_2011,0,833,6,Boundary,boundary,NNP,NN
19855,Canada_2011,0,833,8,Act,act,NNP,NN
19856,Canada_2011,0,833,10,1889,1889,CD,CD
19857,Canada_2011,0,833,12,52-53,5253,JJ,JJ
19858,Canada_2011,0,833,13,Vict.,vict,NNP,NN
19859,Canada_2011,0,833,15,c.,c,VBZ,VB
19860,Canada_2011,0,833,16,28,28,CD,CD
19861,Canada_2011,0,833,18,U.K.,uk,NNP,NN
19862,Canada_2011,0,833,20,Column,column,NNP,NN
19863,Canada_2011,0,833,21,II,ii,NNP,NN
19864,Canada_2011,0,834,0,Amendment,amendment,NNP,NN
19865,Canada_2011,0,834,1,Share,share,NNP,NN
19866,Canada_2011,0,834,3,blank,blank,VBD,VB
19867,Canada_2011,0,834,5,Column,column,NNP,NN
19868,Canada_2011,0,834,6,III,iii,NNP,NN
19869,Canada_2011,0,835,0,New,new,NNP,NN
19870,Canada_2011,0,835,1,Name,name,NNP,NN
19871,Canada_2011,0,835,2,Share,share,NNP,NN
19872,Canada_2011,0,835,3,Canada,canada,NNP,NN
19873,Canada_2011,0,835,5,Ontario,ontario,NNP,NN
19874,Canada_2011,0,835,6,Boundary,boundary,NNP,NN
19875,Canada_2011,0,835,8,Act,act,NNP,NN
19876,Canada_2011,0,835,10,1889,1889,CD,CD
19877,Canada_2011,0,835,11,Item,item,NNP,NN
19878,Canada_2011,0,835,12,11,11,CD,CD
19879,Canada_2011,0,835,13,Column,column,NNP,NN
19880,Canada_2011,0,835,14,I,i,PRP,PR
19881,Canada_2011,0,836,0,Act,act,NNP,NN
19882,Canada_2011,0,836,1,Affected,affected,NNP,NN
19883,Canada_2011,0,836,2,Share,share,NNP,NN
19884,Canada_2011,0,836,3,Canadian,canadian,JJ,JJ
19885,Canada_2011,0,836,4,Speaker,speaker,NNP,NN
19886,Canada_2011,0,836,6,Appointment,appointment,NNP,NN
19887,Canada_2011,0,836,7,of,of,IN,IN
19888,Canada_2011,0,836,8,Deputy,deputy,NNP,NN
19889,Canada_2011,0,836,10,Act,act,NNP,NN
19890,Canada_2011,0,836,12,1895,1895,CD,CD
19891,Canada_2011,0,836,14,2nd,2nd,CD,CD
19892,Canada_2011,0,836,15,Sess.,sess,NNP,NN
19893,Canada_2011,0,836,17,59,59,CD,CD
19894,Canada_2011,0,836,18,Vict.,vict,NNP,NN
19895,Canada_2011,0,836,20,c.,c,VBZ,VB
19896,Canada_2011,0,836,21,3,3,CD,CD
19897,Canada_2011,0,836,23,U.K.,uk,NNP,NN
19898,Canada_2011,0,836,25,Column,column,NNP,NN
19899,Canada_2011,0,836,26,II,ii,NNP,NN
19900,Canada_2011,0,837,0,Amendment,amendment,NNP,NN
19901,Canada_2011,0,837,1,Share,share,NNP,NN
19902,Canada_2011,0,837,2,The,the,DT,DT
19903,Canada_2011,0,837,3,Act,act,NNP,NN
19904,Canada_2011,0,837,4,is,is,VBZ,VB
19905,Canada_2011,0,837,5,repealed,repealed,VBN,VB
19906,Canada_2011,0,838,0,Column,column,NNP,NN
19907,Canada_2011,0,838,1,III,iii,NNP,NN
19908,Canada_2011,0,839,0,New,new,NNP,NN
19909,Canada_2011,0,839,1,Name,name,NNP,NN
19910,Canada_2011,0,839,2,Share,share,NNP,NN
19911,Canada_2011,0,839,4,blank,blank,VBD,VB
19912,Canada_2011,0,839,6,Item,item,NNP,NN
19913,Canada_2011,0,839,7,12,12,CD,CD
19914,Canada_2011,0,839,8,Column,column,NNP,NN
19915,Canada_2011,0,839,9,I,i,PRP,PR
19916,Canada_2011,0,840,0,Act,act,NNP,NN
19917,Canada_2011,0,840,1,Affected,affected,NNP,NN
19918,Canada_2011,0,840,2,Share,share,NNP,NN
19919,Canada_2011,0,840,3,The,the,DT,DT
19920,Canada_2011,0,840,4,Alberta,alberta,NNP,NN
19921,Canada_2011,0,840,5,Act,act,NNP,NN
19922,Canada_2011,0,840,7,1905,1905,CD,CD
19923,Canada_2011,0,840,9,4-5,45,JJ,JJ
19924,Canada_2011,0,840,10,Edw,edw,NNP,NN
19925,Canada_2011,0,841,0,VII,vii,NNP,NN
19926,Canada_2011,0,841,2,c.,c,VBZ,VB
19927,Canada_2011,0,841,3,3,3,CD,CD
19928,Canada_2011,0,841,5,Can,can,NNP,NN
19929,Canada_2011,0,842,0,Column,column,NNP,NN
19930,Canada_2011,0,842,1,II,ii,NNP,NN
19931,Canada_2011,0,843,0,Amendment,amendment,NNP,NN
19932,Canada_2011,0,843,1,Share,share,NNP,NN
19933,Canada_2011,0,843,3,blank,blank,VBD,VB
19934,Canada_2011,0,843,5,Column,column,NNP,NN
19935,Canada_2011,0,843,6,III,iii,NNP,NN
19936,Canada_2011,0,844,0,New,new,NNP,NN
19937,Canada_2011,0,844,1,Name,name,NNP,NN
19938,Canada_2011,0,844,2,Share,share,NNP,NN
19939,Canada_2011,0,844,3,Alberta,alberta,NNP,NN
19940,Canada_2011,0,844,4,Act,act,NNP,NN
19941,Canada_2011,0,844,5,Item,item,NNP,NN
19942,Canada_2011,0,844,6,13,13,CD,CD
19943,Canada_2011,0,844,7,Column,column,NNP,NN
19944,Canada_2011,0,844,8,I,i,PRP,PR
19945,Canada_2011,0,845,0,Act,act,NNP,NN
19946,Canada_2011,0,845,1,Affected,affected,NNP,NN
19947,Canada_2011,0,845,2,Share,share,NNP,NN
19948,Canada_2011,0,845,3,The,the,DT,DT
19949,Canada_2011,0,845,4,Saskatchewan,saskatchewan,NNP,NN
19950,Canada_2011,0,845,5,Act,act,NNP,NN
19951,Canada_2011,0,845,7,1905,1905,CD,CD
19952,Canada_2011,0,845,9,4-5,45,JJ,JJ
19953,Canada_2011,0,845,10,Edw,edw,NNP,NN
19954,Canada_2011,0,846,0,VII,vii,NNP,NN
19955,Canada_2011,0,846,2,c.,c,VBZ,VB
19956,Canada_2011,0,846,3,42,42,CD,CD
19957,Canada_2011,0,846,5,Can,can,NNP,NN
19958,Canada_2011,0,847,0,Column,column,NNP,NN
19959,Canada_2011,0,847,1,II,ii,NNP,NN
19960,Canada_2011,0,848,0,Amendment,amendment,NNP,NN
19961,Canada_2011,0,848,1,Share,share,NNP,NN
19962,Canada_2011,0,848,3,blank,blank,VBD,VB
19963,Canada_2011,0,848,5,Column,column,NNP,NN
19964,Canada_2011,0,848,6,III,iii,NNP,NN
19965,Canada_2011,0,849,0,New,new,NNP,NN
19966,Canada_2011,0,849,1,Name,name,NNP,NN
19967,Canada_2011,0,849,2,Share,share,NNP,NN
19968,Canada_2011,0,849,3,Saskatchewan,saskatchewan,NNP,NN
19969,Canada_2011,0,849,4,Act,act,NNP,NN
19970,Canada_2011,0,849,5,Item,item,NNP,NN
19971,Canada_2011,0,849,6,14,14,CD,CD
19972,Canada_2011,0,849,7,Column,column,NNP,NN
19973,Canada_2011,0,849,8,I,i,PRP,PR
19974,Canada_2011,0,850,0,Act,act,NNP,NN
19975,Canada_2011,0,850,1,Affected,affected,NNP,NN
19976,Canada_2011,0,850,2,Share,share,NNP,NN
19977,Canada_2011,0,850,3,British,british,NNP,NN
19978,Canada_2011,0,850,4,North,north,NNP,NN
19979,Canada_2011,0,850,5,America,america,NNP,NN
19980,Canada_2011,0,850,6,Act,act,NNP,NN
19981,Canada_2011,0,850,8,1907,1907,CD,CD
19982,Canada_2011,0,850,10,7,7,CD,CD
19983,Canada_2011,0,850,11,Edw,edw,NNP,NN
19984,Canada_2011,0,851,0,VII,vii,NNP,NN
19985,Canada_2011,0,851,2,c.,c,VBZ,VB
19986,Canada_2011,0,851,3,11,11,CD,CD
19987,Canada_2011,0,851,5,U.K.,uk,NNP,NN
19988,Canada_2011,0,851,7,Column,column,NNP,NN
19989,Canada_2011,0,851,8,II,ii,NNP,NN
19990,Canada_2011,0,852,0,Amendment,amendment,NNP,NN
19991,Canada_2011,0,852,1,Share,share,NNP,NN
19992,Canada_2011,0,852,2,Section,section,NNP,NN
19993,Canada_2011,0,852,3,2,2,CD,CD
19994,Canada_2011,0,852,4,is,is,VBZ,VB
19995,Canada_2011,0,852,5,repealed,repealed,VBN,VB
19996,Canada_2011,0,852,6,and,and,CC,CC
19997,Canada_2011,0,852,7,the,the,DT,DT
19998,Canada_2011,0,852,8,following,following,JJ,JJ
19999,Canada_2011,0,852,9,substituted,substituted,JJ,JJ
20000,Canada_2011,0,852,10,therefor,therefor,NN,NN
20001,Canada_2011,0,852,13,2,2,CD,CD
20002,Canada_2011,0,853,0,This,this,DT,DT
20003,Canada_2011,0,853,1,Act,act,NNP,NN
20004,Canada_2011,0,853,2,may,may,MD,MD
20005,Canada_2011,0,853,3,be,be,VB,VB
20006,Canada_2011,0,853,4,cited,cited,VBN,VB
20007,Canada_2011,0,853,5,as,as,IN,IN
20008,Canada_2011,0,853,6,the,the,DT,DT
20009,Canada_2011,0,853,7,Constitution,constitution,NNP,NN
20010,Canada_2011,0,853,8,Act,act,NNP,NN
20011,Canada_2011,0,853,10,1907.,1907,CD,CD
20012,Canada_2011,0,853,12,Column,column,NNP,NN
20013,Canada_2011,0,853,13,III,iii,NNP,NN
20014,Canada_2011,0,854,0,New,new,NNP,NN
20015,Canada_2011,0,854,1,Name,name,NNP,NN
20016,Canada_2011,0,854,2,Share,share,NNP,NN
20017,Canada_2011,0,854,3,Constitution,constitution,NNP,NN
20018,Canada_2011,0,854,4,Act,act,NNP,NN
20019,Canada_2011,0,854,6,1907,1907,CD,CD
20020,Canada_2011,0,854,7,Item,item,NNP,NN
20021,Canada_2011,0,854,8,15,15,CD,CD
20022,Canada_2011,0,854,9,Column,column,NNP,NN
20023,Canada_2011,0,854,10,I,i,PRP,PR
20024,Canada_2011,0,855,0,Act,act,NNP,NN
20025,Canada_2011,0,855,1,Affected,affected,NNP,NN
20026,Canada_2011,0,855,2,Share,share,NNP,NN
20027,Canada_2011,0,855,3,British,british,NNP,NN
20028,Canada_2011,0,855,4,North,north,NNP,NN
20029,Canada_2011,0,855,5,America,america,NNP,NN
20030,Canada_2011,0,855,6,Act,act,NNP,NN
20031,Canada_2011,0,855,8,1915,1915,CD,CD
20032,Canada_2011,0,855,10,5-6,56,JJ,JJ
20033,Canada_2011,0,855,11,Geo,geo,NNP,NN
20034,Canada_2011,0,856,0,V,v,NNP,NN
20035,Canada_2011,0,856,2,c.,c,VBZ,VB
20036,Canada_2011,0,856,3,45,45,CD,CD
20037,Canada_2011,0,856,5,U.K.,uk,NNP,NN
20038,Canada_2011,0,856,7,Column,column,NNP,NN
20039,Canada_2011,0,856,8,II,ii,NNP,NN
20040,Canada_2011,0,857,0,Amendment,amendment,NNP,NN
20041,Canada_2011,0,857,1,Share,share,NNP,NN
20042,Canada_2011,0,857,2,Section,section,NNP,NN
20043,Canada_2011,0,857,3,3,3,CD,CD
20044,Canada_2011,0,857,4,is,is,VBZ,VB
20045,Canada_2011,0,857,5,repealed,repealed,VBN,VB
20046,Canada_2011,0,857,6,and,and,CC,CC
20047,Canada_2011,0,857,7,the,the,DT,DT
20048,Canada_2011,0,857,8,following,following,JJ,JJ
20049,Canada_2011,0,857,9,substituted,substituted,JJ,JJ
20050,Canada_2011,0,857,10,therefor,therefor,NN,NN
20051,Canada_2011,0,857,13,3,3,CD,CD
20052,Canada_2011,0,858,0,This,this,DT,DT
20053,Canada_2011,0,858,1,Act,act,NNP,NN
20054,Canada_2011,0,858,2,may,may,MD,MD
20055,Canada_2011,0,858,3,be,be,VB,VB
20056,Canada_2011,0,858,4,cited,cited,VBN,VB
20057,Canada_2011,0,858,5,as,as,IN,IN
20058,Canada_2011,0,858,6,the,the,DT,DT
20059,Canada_2011,0,858,7,Constitution,constitution,NNP,NN
20060,Canada_2011,0,858,8,Act,act,NNP,NN
20061,Canada_2011,0,858,10,1915.,1915,CD,CD
20062,Canada_2011,0,858,12,Column,column,NNP,NN
20063,Canada_2011,0,858,13,III,iii,NNP,NN
20064,Canada_2011,0,859,0,New,new,NNP,NN
20065,Canada_2011,0,859,1,Name,name,NNP,NN
20066,Canada_2011,0,859,2,Share,share,NNP,NN
20067,Canada_2011,0,859,3,Constitution,constitution,NNP,NN
20068,Canada_2011,0,859,4,Act,act,NNP,NN
20069,Canada_2011,0,859,6,1915,1915,CD,CD
20070,Canada_2011,0,859,7,Item,item,NNP,NN
20071,Canada_2011,0,859,8,16,16,CD,CD
20072,Canada_2011,0,859,9,Column,column,NNP,NN
20073,Canada_2011,0,859,10,I,i,PRP,PR
20074,Canada_2011,0,860,0,Act,act,NNP,NN
20075,Canada_2011,0,860,1,Affected,affected,NNP,NN
20076,Canada_2011,0,860,2,Share,share,NNP,NN
20077,Canada_2011,0,860,3,British,british,NNP,NN
20078,Canada_2011,0,860,4,North,north,NNP,NN
20079,Canada_2011,0,860,5,America,america,NNP,NN
20080,Canada_2011,0,860,6,Act,act,NNP,NN
20081,Canada_2011,0,860,8,1930,1930,CD,CD
20082,Canada_2011,0,860,10,20-21,2021,JJ,JJ
20083,Canada_2011,0,860,11,Geo,geo,NNP,NN
20084,Canada_2011,0,861,0,V,v,NNP,NN
20085,Canada_2011,0,861,2,c.,c,VBZ,VB
20086,Canada_2011,0,861,3,26,26,CD,CD
20087,Canada_2011,0,861,5,U.K.,uk,NNP,NN
20088,Canada_2011,0,861,7,Column,column,NNP,NN
20089,Canada_2011,0,861,8,II,ii,NNP,NN
20090,Canada_2011,0,862,0,Amendment,amendment,NNP,NN
20091,Canada_2011,0,862,1,Share,share,NNP,NN
20092,Canada_2011,0,862,2,Section,section,NNP,NN
20093,Canada_2011,0,862,3,3,3,CD,CD
20094,Canada_2011,0,862,4,is,is,VBZ,VB
20095,Canada_2011,0,862,5,repealed,repealed,VBN,VB
20096,Canada_2011,0,862,6,and,and,CC,CC
20097,Canada_2011,0,862,7,the,the,DT,DT
20098,Canada_2011,0,862,8,following,following,JJ,JJ
20099,Canada_2011,0,862,9,substituted,substituted,JJ,JJ
20100,Canada_2011,0,862,10,therefor,therefor,NN,NN
20101,Canada_2011,0,862,13,3,3,CD,CD
20102,Canada_2011,0,863,0,This,this,DT,DT
20103,Canada_2011,0,863,1,Act,act,NNP,NN
20104,Canada_2011,0,863,2,may,may,MD,MD
20105,Canada_2011,0,863,3,be,be,VB,VB
20106,Canada_2011,0,863,4,cited,cited,VBN,VB
20107,Canada_2011,0,863,5,as,as,IN,IN
20108,Canada_2011,0,863,6,the,the,DT,DT
20109,Canada_2011,0,863,7,Constitution,constitution,NNP,NN
20110,Canada_2011,0,863,8,Act,act,NNP,NN
20111,Canada_2011,0,863,10,1930.,1930,CD,CD
20112,Canada_2011,0,863,12,Column,column,NNP,NN
20113,Canada_2011,0,863,13,III,iii,NNP,NN
20114,Canada_2011,0,864,0,New,new,NNP,NN
20115,Canada_2011,0,864,1,Name,name,NNP,NN
20116,Canada_2011,0,864,2,Share,share,NNP,NN
20117,Canada_2011,0,864,3,Constitution,constitution,NNP,NN
20118,Canada_2011,0,864,4,Act,act,NNP,NN
20119,Canada_2011,0,864,6,1930,1930,CD,CD
20120,Canada_2011,0,864,7,Item,item,NNP,NN
20121,Canada_2011,0,864,8,17,17,CD,CD
20122,Canada_2011,0,864,9,Column,column,NNP,NN
20123,Canada_2011,0,864,10,I,i,PRP,PR
20124,Canada_2011,0,865,0,Act,act,NNP,NN
20125,Canada_2011,0,865,1,Affected,affected,NNP,NN
20126,Canada_2011,0,865,2,Share,share,NNP,NN
20127,Canada_2011,0,865,3,Statute,statute,NNP,NN
20128,Canada_2011,0,865,4,of,of,IN,IN
20129,Canada_2011,0,865,5,Westminster,westminster,NNP,NN
20130,Canada_2011,0,865,7,1931,1931,CD,CD
20131,Canada_2011,0,865,9,22,22,CD,CD
20132,Canada_2011,0,865,10,Geo,geo,NNP,NN
20133,Canada_2011,0,866,0,V,v,NNP,NN
20134,Canada_2011,0,866,2,c.,c,VBZ,VB
20135,Canada_2011,0,866,3,4,4,CD,CD
20136,Canada_2011,0,866,5,U.K.,uk,NNP,NN
20137,Canada_2011,0,866,7,Column,column,NNP,NN
20138,Canada_2011,0,866,8,II,ii,NNP,NN
20139,Canada_2011,0,867,0,Amendment,amendment,NNP,NN
20140,Canada_2011,0,867,1,Share,share,NNP,NN
20141,Canada_2011,0,867,2,In,in,IN,IN
20142,Canada_2011,0,867,3,so,so,RB,RB
20143,Canada_2011,0,867,4,far,far,RB,RB
20144,Canada_2011,0,867,5,as,as,IN,IN
20145,Canada_2011,0,867,6,they,they,PRP,PR
20146,Canada_2011,0,867,7,apply,apply,VBP,VB
20147,Canada_2011,0,867,8,to,to,TO,TO
20148,Canada_2011,0,867,9,Canada,canada,NNP,NN
20149,Canada_2011,0,867,11,a.section,asection,NN,NN
20150,Canada_2011,0,867,12,4,4,CD,CD
20151,Canada_2011,0,867,13,is,is,VBZ,VB
20152,Canada_2011,0,867,14,repealed,repealed,VBN,VB
20153,Canada_2011,0,867,16,and,and,CC,CC
20154,Canada_2011,0,867,17,b.subsection,bsubsection,NN,NN
20155,Canada_2011,0,867,18,7,7,CD,CD
20156,Canada_2011,0,867,20,1,1,CD,CD
20157,Canada_2011,0,867,22,is,is,VBZ,VB
20158,Canada_2011,0,867,23,repealed,repealed,VBN,VB
20159,Canada_2011,0,868,0,Column,column,NNP,NN
20160,Canada_2011,0,868,1,III,iii,NNP,NN
20161,Canada_2011,0,869,0,New,new,NNP,NN
20162,Canada_2011,0,869,1,Name,name,NNP,NN
20163,Canada_2011,0,869,2,Share,share,NNP,NN
20164,Canada_2011,0,869,3,Statute,statute,NNP,NN
20165,Canada_2011,0,869,4,of,of,IN,IN
20166,Canada_2011,0,869,5,Westminster,westminster,NNP,NN
20167,Canada_2011,0,869,7,1931,1931,CD,CD
20168,Canada_2011,0,869,8,Item,item,NNP,NN
20169,Canada_2011,0,869,9,18,18,CD,CD
20170,Canada_2011,0,869,10,Column,column,NNP,NN
20171,Canada_2011,0,869,11,I,i,PRP,PR
20172,Canada_2011,0,870,0,Act,act,NNP,NN
20173,Canada_2011,0,870,1,Affected,affected,NNP,NN
20174,Canada_2011,0,870,2,Share,share,NNP,NN
20175,Canada_2011,0,870,3,British,british,NNP,NN
20176,Canada_2011,0,870,4,North,north,NNP,NN
20177,Canada_2011,0,870,5,America,america,NNP,NN
20178,Canada_2011,0,870,6,Act,act,NNP,NN
20179,Canada_2011,0,870,8,1940,1940,CD,CD
20180,Canada_2011,0,870,10,3-4,34,JJ,JJ
20181,Canada_2011,0,870,11,Geo,geo,NNP,NN
20182,Canada_2011,0,871,0,VI,vi,NNP,NN
20183,Canada_2011,0,871,2,c.,c,VBZ,VB
20184,Canada_2011,0,871,3,36,36,CD,CD
20185,Canada_2011,0,871,5,U.K.,uk,NNP,NN
20186,Canada_2011,0,871,7,Column,column,NNP,NN
20187,Canada_2011,0,871,8,II,ii,NNP,NN
20188,Canada_2011,0,872,0,Amendment,amendment,NNP,NN
20189,Canada_2011,0,872,1,Share,share,NNP,NN
20190,Canada_2011,0,872,2,Section,section,NNP,NN
20191,Canada_2011,0,872,3,2,2,CD,CD
20192,Canada_2011,0,872,4,is,is,VBZ,VB
20193,Canada_2011,0,872,5,repealed,repealed,VBN,VB
20194,Canada_2011,0,872,6,and,and,CC,CC
20195,Canada_2011,0,872,7,the,the,DT,DT
20196,Canada_2011,0,872,8,following,following,JJ,JJ
20197,Canada_2011,0,872,9,substituted,substituted,JJ,JJ
20198,Canada_2011,0,872,10,therefor,therefor,NN,NN
20199,Canada_2011,0,872,13,2,2,CD,CD
20200,Canada_2011,0,873,0,This,this,DT,DT
20201,Canada_2011,0,873,1,Act,act,NNP,NN
20202,Canada_2011,0,873,2,may,may,MD,MD
20203,Canada_2011,0,873,3,be,be,VB,VB
20204,Canada_2011,0,873,4,cited,cited,VBN,VB
20205,Canada_2011,0,873,5,as,as,IN,IN
20206,Canada_2011,0,873,6,the,the,DT,DT
20207,Canada_2011,0,873,7,Constitution,constitution,NNP,NN
20208,Canada_2011,0,873,8,Act,act,NNP,NN
20209,Canada_2011,0,873,10,1940.,1940,CD,CD
20210,Canada_2011,0,873,12,Column,column,NNP,NN
20211,Canada_2011,0,873,13,III,iii,NNP,NN
20212,Canada_2011,0,874,0,New,new,NNP,NN
20213,Canada_2011,0,874,1,Name,name,NNP,NN
20214,Canada_2011,0,874,2,Share,share,NNP,NN
20215,Canada_2011,0,874,3,Constitution,constitution,NNP,NN
20216,Canada_2011,0,874,4,Act,act,NNP,NN
20217,Canada_2011,0,874,6,1940,1940,CD,CD
20218,Canada_2011,0,874,7,Item,item,NNP,NN
20219,Canada_2011,0,874,8,19,19,CD,CD
20220,Canada_2011,0,874,9,Column,column,NNP,NN
20221,Canada_2011,0,874,10,I,i,PRP,PR
20222,Canada_2011,0,875,0,Act,act,NNP,NN
20223,Canada_2011,0,875,1,Affected,affected,NNP,NN
20224,Canada_2011,0,875,2,Share,share,NNP,NN
20225,Canada_2011,0,875,3,British,british,NNP,NN
20226,Canada_2011,0,875,4,North,north,NNP,NN
20227,Canada_2011,0,875,5,America,america,NNP,NN
20228,Canada_2011,0,875,6,Act,act,NNP,NN
20229,Canada_2011,0,875,8,1943,1943,CD,CD
20230,Canada_2011,0,875,10,6-7,67,JJ,JJ
20231,Canada_2011,0,875,11,Geo,geo,NNP,NN
20232,Canada_2011,0,876,0,VI,vi,NNP,NN
20233,Canada_2011,0,876,2,c.,c,VBZ,VB
20234,Canada_2011,0,876,3,30,30,CD,CD
20235,Canada_2011,0,876,5,U.K.,uk,NNP,NN
20236,Canada_2011,0,876,7,Column,column,NNP,NN
20237,Canada_2011,0,876,8,II,ii,NNP,NN
20238,Canada_2011,0,877,0,Amendment,amendment,NNP,NN
20239,Canada_2011,0,877,1,Share,share,NNP,NN
20240,Canada_2011,0,877,2,The,the,DT,DT
20241,Canada_2011,0,877,3,Act,act,NNP,NN
20242,Canada_2011,0,877,4,is,is,VBZ,VB
20243,Canada_2011,0,877,5,repealed,repealed,VBN,VB
20244,Canada_2011,0,878,0,Column,column,NNP,NN
20245,Canada_2011,0,878,1,III,iii,NNP,NN
20246,Canada_2011,0,879,0,New,new,NNP,NN
20247,Canada_2011,0,879,1,Name,name,NNP,NN
20248,Canada_2011,0,879,2,Share,share,NNP,NN
20249,Canada_2011,0,879,4,blank,blank,VBD,VB
20250,Canada_2011,0,879,6,Item,item,NNP,NN
20251,Canada_2011,0,879,7,20,20,CD,CD
20252,Canada_2011,0,879,8,Column,column,NNP,NN
20253,Canada_2011,0,879,9,I,i,PRP,PR
20254,Canada_2011,0,880,0,Act,act,NNP,NN
20255,Canada_2011,0,880,1,Affected,affected,NNP,NN
20256,Canada_2011,0,880,2,Share,share,NNP,NN
20257,Canada_2011,0,880,3,British,british,NNP,NN
20258,Canada_2011,0,880,4,North,north,NNP,NN
20259,Canada_2011,0,880,5,America,america,NNP,NN
20260,Canada_2011,0,880,6,Act,act,NNP,NN
20261,Canada_2011,0,880,8,1946,1946,CD,CD
20262,Canada_2011,0,880,10,9-10,910,CD,CD
20263,Canada_2011,0,880,11,Geo,geo,NNP,NN
20264,Canada_2011,0,881,0,VI,vi,NNP,NN
20265,Canada_2011,0,881,2,c.,c,VBZ,VB
20266,Canada_2011,0,881,3,63,63,CD,CD
20267,Canada_2011,0,881,5,U.K.,uk,NNP,NN
20268,Canada_2011,0,881,7,Column,column,NNP,NN
20269,Canada_2011,0,881,8,II,ii,NNP,NN
20270,Canada_2011,0,882,0,Amendment,amendment,NNP,NN
20271,Canada_2011,0,882,1,Share,share,NNP,NN
20272,Canada_2011,0,882,2,The,the,DT,DT
20273,Canada_2011,0,882,3,Act,act,NNP,NN
20274,Canada_2011,0,882,4,is,is,VBZ,VB
20275,Canada_2011,0,882,5,repealed,repealed,VBN,VB
20276,Canada_2011,0,883,0,Column,column,NNP,NN
20277,Canada_2011,0,883,1,III,iii,NNP,NN
20278,Canada_2011,0,884,0,New,new,NNP,NN
20279,Canada_2011,0,884,1,Name,name,NNP,NN
20280,Canada_2011,0,884,2,Share,share,NNP,NN
20281,Canada_2011,0,884,4,blank,blank,VBD,VB
20282,Canada_2011,0,884,6,Item,item,NNP,NN
20283,Canada_2011,0,884,7,21,21,CD,CD
20284,Canada_2011,0,884,8,Column,column,NNP,NN
20285,Canada_2011,0,884,9,I,i,PRP,PR
20286,Canada_2011,0,885,0,Act,act,NNP,NN
20287,Canada_2011,0,885,1,Affected,affected,NNP,NN
20288,Canada_2011,0,885,2,Share,share,NNP,NN
20289,Canada_2011,0,885,3,British,british,NNP,NN
20290,Canada_2011,0,885,4,North,north,NNP,NN
20291,Canada_2011,0,885,5,America,america,NNP,NN
20292,Canada_2011,0,885,6,Act,act,NNP,NN
20293,Canada_2011,0,885,8,1949,1949,CD,CD
20294,Canada_2011,0,885,10,12-13,1213,JJ,JJ
20295,Canada_2011,0,885,11,Geo,geo,NNP,NN
20296,Canada_2011,0,886,0,VI,vi,NNP,NN
20297,Canada_2011,0,886,2,c.,c,VBZ,VB
20298,Canada_2011,0,886,3,22,22,CD,CD
20299,Canada_2011,0,886,5,U.K.,uk,NNP,NN
20300,Canada_2011,0,886,7,Column,column,NNP,NN
20301,Canada_2011,0,886,8,II,ii,NNP,NN
20302,Canada_2011,0,887,0,Amendment,amendment,NNP,NN
20303,Canada_2011,0,887,1,Share,share,NNP,NN
20304,Canada_2011,0,887,2,Section,section,NNP,NN
20305,Canada_2011,0,887,3,3,3,CD,CD
20306,Canada_2011,0,887,4,is,is,VBZ,VB
20307,Canada_2011,0,887,5,repealed,repealed,VBN,VB
20308,Canada_2011,0,887,6,and,and,CC,CC
20309,Canada_2011,0,887,7,the,the,DT,DT
20310,Canada_2011,0,887,8,following,following,JJ,JJ
20311,Canada_2011,0,887,9,substituted,substituted,JJ,JJ
20312,Canada_2011,0,887,10,therefor,therefor,NN,NN
20313,Canada_2011,0,887,13,3,3,CD,CD
20314,Canada_2011,0,888,0,This,this,DT,DT
20315,Canada_2011,0,888,1,Act,act,NNP,NN
20316,Canada_2011,0,888,2,may,may,MD,MD
20317,Canada_2011,0,888,3,be,be,VB,VB
20318,Canada_2011,0,888,4,cited,cited,VBN,VB
20319,Canada_2011,0,888,5,as,as,IN,IN
20320,Canada_2011,0,888,6,the,the,DT,DT
20321,Canada_2011,0,888,7,Newfoundland,newfoundland,NNP,NN
20322,Canada_2011,0,888,8,Act.,act,NNP,NN
20323,Canada_2011,0,888,10,Column,column,NNP,NN
20324,Canada_2011,0,888,11,III,iii,NNP,NN
20325,Canada_2011,0,889,0,New,new,NNP,NN
20326,Canada_2011,0,889,1,Name,name,NNP,NN
20327,Canada_2011,0,889,2,Share,share,NNP,NN
20328,Canada_2011,0,889,3,Newfoundland,newfoundland,NNP,NN
20329,Canada_2011,0,889,4,Act,act,NNP,NN
20330,Canada_2011,0,889,5,Item,item,NNP,NN
20331,Canada_2011,0,889,6,22,22,CD,CD
20332,Canada_2011,0,889,7,Column,column,NNP,NN
20333,Canada_2011,0,889,8,I,i,PRP,PR
20334,Canada_2011,0,890,0,Act,act,NNP,NN
20335,Canada_2011,0,890,1,Affected,affected,NNP,NN
20336,Canada_2011,0,890,2,Share,share,NNP,NN
20337,Canada_2011,0,890,3,British,british,NNP,NN
20338,Canada_2011,0,890,4,North,north,NNP,NN
20339,Canada_2011,0,890,5,America,america,NNP,NN
20340,Canada_2011,0,890,7,No,no,NNP,NN
20341,Canada_2011,0,891,0,2,2,CD,CD
20342,Canada_2011,0,891,2,Act,act,NNP,NN
20343,Canada_2011,0,891,4,1949,1949,CD,CD
20344,Canada_2011,0,891,6,13,13,CD,CD
20345,Canada_2011,0,891,7,Geo,geo,NNP,NN
20346,Canada_2011,0,892,0,VI,vi,NNP,NN
20347,Canada_2011,0,892,2,c.,c,VBZ,VB
20348,Canada_2011,0,892,3,81,81,CD,CD
20349,Canada_2011,0,892,5,U.K.,uk,NNP,NN
20350,Canada_2011,0,892,7,Column,column,NNP,NN
20351,Canada_2011,0,892,8,II,ii,NNP,NN
20352,Canada_2011,0,893,0,Amendment,amendment,NNP,NN
20353,Canada_2011,0,893,1,Share,share,NNP,NN
20354,Canada_2011,0,893,2,The,the,DT,DT
20355,Canada_2011,0,893,3,Act,act,NNP,NN
20356,Canada_2011,0,893,4,is,is,VBZ,VB
20357,Canada_2011,0,893,5,repealed,repealed,VBN,VB
20358,Canada_2011,0,894,0,Column,column,NNP,NN
20359,Canada_2011,0,894,1,III,iii,NNP,NN
20360,Canada_2011,0,895,0,New,new,NNP,NN
20361,Canada_2011,0,895,1,Name,name,NNP,NN
20362,Canada_2011,0,895,2,Share,share,NNP,NN
20363,Canada_2011,0,895,4,blank,blank,VBD,VB
20364,Canada_2011,0,895,6,Item,item,NNP,NN
20365,Canada_2011,0,895,7,23,23,CD,CD
20366,Canada_2011,0,895,8,Column,column,NNP,NN
20367,Canada_2011,0,895,9,I,i,PRP,PR
20368,Canada_2011,0,896,0,Act,act,NNP,NN
20369,Canada_2011,0,896,1,Affected,affected,NNP,NN
20370,Canada_2011,0,896,2,Share,share,NNP,NN
20371,Canada_2011,0,896,3,British,british,NNP,NN
20372,Canada_2011,0,896,4,North,north,NNP,NN
20373,Canada_2011,0,896,5,America,america,NNP,NN
20374,Canada_2011,0,896,6,Act,act,NNP,NN
20375,Canada_2011,0,896,8,1951,1951,CD,CD
20376,Canada_2011,0,896,10,14-15,1415,JJ,JJ
20377,Canada_2011,0,896,11,Geo,geo,NNP,NN
20378,Canada_2011,0,897,0,VI,vi,NNP,NN
20379,Canada_2011,0,897,2,c.,c,VBZ,VB
20380,Canada_2011,0,897,3,32,32,CD,CD
20381,Canada_2011,0,897,5,U.K.,uk,NNP,NN
20382,Canada_2011,0,897,7,Column,column,NNP,NN
20383,Canada_2011,0,897,8,II,ii,NNP,NN
20384,Canada_2011,0,898,0,Amendment,amendment,NNP,NN
20385,Canada_2011,0,898,1,Share,share,NNP,NN
20386,Canada_2011,0,898,2,The,the,DT,DT
20387,Canada_2011,0,898,3,Act,act,NNP,NN
20388,Canada_2011,0,898,4,is,is,VBZ,VB
20389,Canada_2011,0,898,5,repealed,repealed,VBN,VB
20390,Canada_2011,0,899,0,Column,column,NNP,NN
20391,Canada_2011,0,899,1,III,iii,NNP,NN
20392,Canada_2011,0,900,0,New,new,NNP,NN
20393,Canada_2011,0,900,1,Name,name,NNP,NN
20394,Canada_2011,0,900,2,Share,share,NNP,NN
20395,Canada_2011,0,900,4,blank,blank,VBD,VB
20396,Canada_2011,0,900,6,Item,item,NNP,NN
20397,Canada_2011,0,900,7,24,24,CD,CD
20398,Canada_2011,0,900,8,Column,column,NNP,NN
20399,Canada_2011,0,900,9,I,i,PRP,PR
20400,Canada_2011,0,901,0,Act,act,NNP,NN
20401,Canada_2011,0,901,1,Affected,affected,NNP,NN
20402,Canada_2011,0,901,2,Share,share,NNP,NN
20403,Canada_2011,0,901,3,British,british,NNP,NN
20404,Canada_2011,0,901,4,North,north,NNP,NN
20405,Canada_2011,0,901,5,America,america,NNP,NN
20406,Canada_2011,0,901,6,Act,act,NNP,NN
20407,Canada_2011,0,901,8,1952,1952,CD,CD
20408,Canada_2011,0,901,10,1,1,CD,CD
20409,Canada_2011,0,901,11,Eliz,eliz,NNP,NN
20410,Canada_2011,0,902,0,II,ii,NNP,NN
20411,Canada_2011,0,902,2,c.,c,NN,NN
20412,Canada_2011,0,902,3,15,15,CD,CD
20413,Canada_2011,0,902,5,Can,can,NNP,NN
20414,Canada_2011,0,903,0,Column,column,NNP,NN
20415,Canada_2011,0,903,1,II,ii,NNP,NN
20416,Canada_2011,0,904,0,Amendment,amendment,NNP,NN
20417,Canada_2011,0,904,1,Share,share,NNP,NN
20418,Canada_2011,0,904,2,The,the,DT,DT
20419,Canada_2011,0,904,3,Act,act,NNP,NN
20420,Canada_2011,0,904,4,is,is,VBZ,VB
20421,Canada_2011,0,904,5,repealed,repealed,VBN,VB
20422,Canada_2011,0,905,0,Column,column,NNP,NN
20423,Canada_2011,0,905,1,III,iii,NNP,NN
20424,Canada_2011,0,906,0,New,new,NNP,NN
20425,Canada_2011,0,906,1,Name,name,NNP,NN
20426,Canada_2011,0,906,2,Share,share,NNP,NN
20427,Canada_2011,0,906,4,blank,blank,VBD,VB
20428,Canada_2011,0,906,6,Item,item,NNP,NN
20429,Canada_2011,0,906,7,25,25,CD,CD
20430,Canada_2011,0,906,8,Column,column,NNP,NN
20431,Canada_2011,0,906,9,I,i,PRP,PR
20432,Canada_2011,0,907,0,Act,act,NNP,NN
20433,Canada_2011,0,907,1,Affected,affected,NNP,NN
20434,Canada_2011,0,907,2,Share,share,NNP,NN
20435,Canada_2011,0,907,3,British,british,NNP,NN
20436,Canada_2011,0,907,4,North,north,NNP,NN
20437,Canada_2011,0,907,5,America,america,NNP,NN
20438,Canada_2011,0,907,6,Act,act,NNP,NN
20439,Canada_2011,0,907,8,1960,1960,CD,CD
20440,Canada_2011,0,907,10,9,9,CD,CD
20441,Canada_2011,0,907,11,Eliz,eliz,NNP,NN
20442,Canada_2011,0,908,0,II,ii,NNP,NN
20443,Canada_2011,0,908,2,c.,c,NN,NN
20444,Canada_2011,0,908,3,2,2,CD,CD
20445,Canada_2011,0,908,5,U.K.,uk,NNP,NN
20446,Canada_2011,0,908,7,Column,column,NNP,NN
20447,Canada_2011,0,908,8,II,ii,NNP,NN
20448,Canada_2011,0,909,0,Amendment,amendment,NNP,NN
20449,Canada_2011,0,909,1,Share,share,NNP,NN
20450,Canada_2011,0,909,2,Section,section,NNP,NN
20451,Canada_2011,0,909,3,2,2,CD,CD
20452,Canada_2011,0,909,4,is,is,VBZ,VB
20453,Canada_2011,0,909,5,repealed,repealed,VBN,VB
20454,Canada_2011,0,909,6,and,and,CC,CC
20455,Canada_2011,0,909,7,the,the,DT,DT
20456,Canada_2011,0,909,8,following,following,JJ,JJ
20457,Canada_2011,0,909,9,substituted,substituted,JJ,JJ
20458,Canada_2011,0,909,10,therefor,therefor,NN,NN
20459,Canada_2011,0,909,13,2,2,CD,CD
20460,Canada_2011,0,910,0,This,this,DT,DT
20461,Canada_2011,0,910,1,Act,act,NNP,NN
20462,Canada_2011,0,910,2,may,may,MD,MD
20463,Canada_2011,0,910,3,be,be,VB,VB
20464,Canada_2011,0,910,4,cited,cited,VBN,VB
20465,Canada_2011,0,910,5,as,as,IN,IN
20466,Canada_2011,0,910,6,the,the,DT,DT
20467,Canada_2011,0,910,7,Constitution,constitution,NNP,NN
20468,Canada_2011,0,910,8,Act,act,NNP,NN
20469,Canada_2011,0,910,10,1960.,1960,CD,CD
20470,Canada_2011,0,910,12,Column,column,NNP,NN
20471,Canada_2011,0,910,13,III,iii,NNP,NN
20472,Canada_2011,0,911,0,New,new,NNP,NN
20473,Canada_2011,0,911,1,Name,name,NNP,NN
20474,Canada_2011,0,911,2,Share,share,NNP,NN
20475,Canada_2011,0,911,3,Constitution,constitution,NNP,NN
20476,Canada_2011,0,911,4,Act,act,NNP,NN
20477,Canada_2011,0,911,5,1960,1960,CD,CD
20478,Canada_2011,0,911,7,Item,item,NNP,NN
20479,Canada_2011,0,911,8,26,26,CD,CD
20480,Canada_2011,0,911,9,Column,column,NNP,NN
20481,Canada_2011,0,911,10,I,i,PRP,PR
20482,Canada_2011,0,912,0,Act,act,NNP,NN
20483,Canada_2011,0,912,1,Affected,affected,NNP,NN
20484,Canada_2011,0,912,2,Share,share,NNP,NN
20485,Canada_2011,0,912,3,British,british,NNP,NN
20486,Canada_2011,0,912,4,North,north,NNP,NN
20487,Canada_2011,0,912,5,America,america,NNP,NN
20488,Canada_2011,0,912,6,Act,act,NNP,NN
20489,Canada_2011,0,912,8,1964,1964,CD,CD
20490,Canada_2011,0,912,10,12-13,1213,JJ,JJ
20491,Canada_2011,0,912,11,Eliz,eliz,NNP,NN
20492,Canada_2011,0,913,0,II,ii,NNP,NN
20493,Canada_2011,0,913,2,c.,c,NN,NN
20494,Canada_2011,0,913,3,73,73,CD,CD
20495,Canada_2011,0,913,5,U.K.,uk,NNP,NN
20496,Canada_2011,0,913,7,Column,column,NNP,NN
20497,Canada_2011,0,913,8,II,ii,NNP,NN
20498,Canada_2011,0,914,0,Amendment,amendment,NNP,NN
20499,Canada_2011,0,914,1,Share,share,NNP,NN
20500,Canada_2011,0,914,2,Section,section,NNP,NN
20501,Canada_2011,0,914,3,2,2,CD,CD
20502,Canada_2011,0,914,4,is,is,VBZ,VB
20503,Canada_2011,0,914,5,repealed,repealed,VBN,VB
20504,Canada_2011,0,914,6,and,and,CC,CC
20505,Canada_2011,0,914,7,the,the,DT,DT
20506,Canada_2011,0,914,8,following,following,JJ,JJ
20507,Canada_2011,0,914,9,substituted,substituted,JJ,JJ
20508,Canada_2011,0,914,10,therefor,therefor,NN,NN
20509,Canada_2011,0,914,13,2,2,CD,CD
20510,Canada_2011,0,915,0,This,this,DT,DT
20511,Canada_2011,0,915,1,Act,act,NNP,NN
20512,Canada_2011,0,915,2,may,may,MD,MD
20513,Canada_2011,0,915,3,be,be,VB,VB
20514,Canada_2011,0,915,4,cited,cited,VBN,VB
20515,Canada_2011,0,915,5,as,as,IN,IN
20516,Canada_2011,0,915,6,the,the,DT,DT
20517,Canada_2011,0,915,7,Constitution,constitution,NNP,NN
20518,Canada_2011,0,915,8,Act,act,NNP,NN
20519,Canada_2011,0,915,10,1964.,1964,CD,CD
20520,Canada_2011,0,915,12,Column,column,NNP,NN
20521,Canada_2011,0,915,13,III,iii,NNP,NN
20522,Canada_2011,0,916,0,New,new,NNP,NN
20523,Canada_2011,0,916,1,Name,name,NNP,NN
20524,Canada_2011,0,916,2,Share,share,NNP,NN
20525,Canada_2011,0,916,3,Constitution,constitution,NNP,NN
20526,Canada_2011,0,916,4,Act,act,NNP,NN
20527,Canada_2011,0,916,5,1964,1964,CD,CD
20528,Canada_2011,0,916,7,Item,item,NNP,NN
20529,Canada_2011,0,916,8,27,27,CD,CD
20530,Canada_2011,0,916,9,Column,column,NNP,NN
20531,Canada_2011,0,916,10,I,i,PRP,PR
20532,Canada_2011,0,917,0,Act,act,NNP,NN
20533,Canada_2011,0,917,1,Affected,affected,NNP,NN
20534,Canada_2011,0,917,2,Share,share,NNP,NN
20535,Canada_2011,0,917,3,British,british,NNP,NN
20536,Canada_2011,0,917,4,North,north,NNP,NN
20537,Canada_2011,0,917,5,America,america,NNP,NN
20538,Canada_2011,0,917,6,Act,act,NNP,NN
20539,Canada_2011,0,917,8,1965,1965,CD,CD
20540,Canada_2011,0,917,10,14,14,CD,CD
20541,Canada_2011,0,917,11,Eliz,eliz,NNP,NN
20542,Canada_2011,0,918,0,II,ii,NNP,NN
20543,Canada_2011,0,918,2,c.,c,NN,NN
20544,Canada_2011,0,918,3,4,4,CD,CD
20545,Canada_2011,0,918,5,Part,part,NNP,NN
20546,Canada_2011,0,918,6,I,i,PRP,PR
20547,Canada_2011,0,918,8,Can,can,NNP,NN
20548,Canada_2011,0,919,0,Column,column,NNP,NN
20549,Canada_2011,0,919,1,II,ii,NNP,NN
20550,Canada_2011,0,920,0,Amendment,amendment,NNP,NN
20551,Canada_2011,0,920,1,Share,share,NNP,NN
20552,Canada_2011,0,920,2,Section,section,NNP,NN
20553,Canada_2011,0,920,3,2,2,CD,CD
20554,Canada_2011,0,920,4,is,is,VBZ,VB
20555,Canada_2011,0,920,5,repealed,repealed,VBN,VB
20556,Canada_2011,0,920,6,and,and,CC,CC
20557,Canada_2011,0,920,7,the,the,DT,DT
20558,Canada_2011,0,920,8,following,following,JJ,JJ
20559,Canada_2011,0,920,9,substituted,substituted,JJ,JJ
20560,Canada_2011,0,920,10,therefor,therefor,NN,NN
20561,Canada_2011,0,920,13,2,2,CD,CD
20562,Canada_2011,0,921,0,This,this,DT,DT
20563,Canada_2011,0,921,1,Part,part,NN,NN
20564,Canada_2011,0,921,2,may,may,MD,MD
20565,Canada_2011,0,921,3,be,be,VB,VB
20566,Canada_2011,0,921,4,cited,cited,VBN,VB
20567,Canada_2011,0,921,5,as,as,IN,IN
20568,Canada_2011,0,921,6,the,the,DT,DT
20569,Canada_2011,0,921,7,Constitution,constitution,NNP,NN
20570,Canada_2011,0,921,8,Act,act,NNP,NN
20571,Canada_2011,0,921,10,1965.,1965,CD,CD
20572,Canada_2011,0,921,12,Column,column,NNP,NN
20573,Canada_2011,0,921,13,III,iii,NNP,NN
20574,Canada_2011,0,922,0,New,new,NNP,NN
20575,Canada_2011,0,922,1,Name,name,NNP,NN
20576,Canada_2011,0,922,2,Share,share,NNP,NN
20577,Canada_2011,0,922,3,Constitution,constitution,NNP,NN
20578,Canada_2011,0,922,4,Act,act,NNP,NN
20579,Canada_2011,0,922,5,1965,1965,CD,CD
20580,Canada_2011,0,922,7,Item,item,NNP,NN
20581,Canada_2011,0,922,8,28,28,CD,CD
20582,Canada_2011,0,922,9,Column,column,NNP,NN
20583,Canada_2011,0,922,10,I,i,PRP,PR
20584,Canada_2011,0,923,0,Act,act,NNP,NN
20585,Canada_2011,0,923,1,Affected,affected,NNP,NN
20586,Canada_2011,0,923,2,Share,share,NNP,NN
20587,Canada_2011,0,923,3,British,british,NNP,NN
20588,Canada_2011,0,923,4,North,north,NNP,NN
20589,Canada_2011,0,923,5,America,america,NNP,NN
20590,Canada_2011,0,923,6,Act,act,NNP,NN
20591,Canada_2011,0,923,8,1974,1974,CD,CD
20592,Canada_2011,0,923,10,23,23,CD,CD
20593,Canada_2011,0,923,11,Eliz,eliz,NNP,NN
20594,Canada_2011,0,924,0,II,ii,NNP,NN
20595,Canada_2011,0,924,2,c.,c,NN,NN
20596,Canada_2011,0,924,3,13,13,CD,CD
20597,Canada_2011,0,924,5,Part,part,NNP,NN
20598,Canada_2011,0,924,6,I,i,PRP,PR
20599,Canada_2011,0,924,8,Can,can,NNP,NN
20600,Canada_2011,0,925,0,Column,column,NNP,NN
20601,Canada_2011,0,925,1,II,ii,NNP,NN
20602,Canada_2011,0,926,0,Amendment,amendment,NNP,NN
20603,Canada_2011,0,926,1,Share,share,NNP,NN
20604,Canada_2011,0,926,2,Section,section,NNP,NN
20605,Canada_2011,0,926,3,3,3,CD,CD
20606,Canada_2011,0,926,5,as,as,IN,IN
20607,Canada_2011,0,926,6,amended,amended,VBN,VB
20608,Canada_2011,0,926,7,by,by,IN,IN
20609,Canada_2011,0,926,8,25-26,2526,JJ,JJ
20610,Canada_2011,0,926,9,Eliz,eliz,NNP,NN
20611,Canada_2011,0,927,0,II,ii,NNP,NN
20612,Canada_2011,0,927,2,c.,c,NN,NN
20613,Canada_2011,0,927,3,28,28,CD,CD
20614,Canada_2011,0,927,5,s.,s,VBD,VB
20615,Canada_2011,0,927,6,38,38,CD,CD
20616,Canada_2011,0,927,8,1,1,CD,CD
20617,Canada_2011,0,927,11,Can,can,MD,MD
20618,Canada_2011,0,928,2,is,is,VBZ,VB
20619,Canada_2011,0,928,3,repealed,repealed,VBN,VB
20620,Canada_2011,0,928,4,and,and,CC,CC
20621,Canada_2011,0,928,5,the,the,DT,DT
20622,Canada_2011,0,928,6,following,following,JJ,JJ
20623,Canada_2011,0,928,7,substituted,substituted,JJ,JJ
20624,Canada_2011,0,928,8,therefor,therefor,NN,NN
20625,Canada_2011,0,928,11,3,3,CD,CD
20626,Canada_2011,0,929,0,This,this,DT,DT
20627,Canada_2011,0,929,1,Part,part,NN,NN
20628,Canada_2011,0,929,2,may,may,MD,MD
20629,Canada_2011,0,929,3,be,be,VB,VB
20630,Canada_2011,0,929,4,cited,cited,VBN,VB
20631,Canada_2011,0,929,5,as,as,IN,IN
20632,Canada_2011,0,929,6,the,the,DT,DT
20633,Canada_2011,0,929,7,Constitution,constitution,NNP,NN
20634,Canada_2011,0,929,8,Act,act,NNP,NN
20635,Canada_2011,0,929,10,1974.,1974,CD,CD
20636,Canada_2011,0,929,12,Column,column,NNP,NN
20637,Canada_2011,0,929,13,III,iii,NNP,NN
20638,Canada_2011,0,930,0,New,new,NNP,NN
20639,Canada_2011,0,930,1,Name,name,NNP,NN
20640,Canada_2011,0,930,2,Share,share,NNP,NN
20641,Canada_2011,0,930,3,Constitution,constitution,NNP,NN
20642,Canada_2011,0,930,4,Act,act,NNP,NN
20643,Canada_2011,0,930,5,1974,1974,CD,CD
20644,Canada_2011,0,930,7,Item,item,NNP,NN
20645,Canada_2011,0,930,8,29,29,CD,CD
20646,Canada_2011,0,930,9,Column,column,NNP,NN
20647,Canada_2011,0,930,10,I,i,PRP,PR
20648,Canada_2011,0,931,0,Act,act,NNP,NN
20649,Canada_2011,0,931,1,Affected,affected,NNP,NN
20650,Canada_2011,0,931,2,Share,share,NNP,NN
20651,Canada_2011,0,931,3,British,british,NNP,NN
20652,Canada_2011,0,931,4,North,north,NNP,NN
20653,Canada_2011,0,931,5,America,america,NNP,NN
20654,Canada_2011,0,931,6,Act,act,NNP,NN
20655,Canada_2011,0,931,8,1975,1975,CD,CD
20656,Canada_2011,0,931,10,23-24,2324,JJ,JJ
20657,Canada_2011,0,931,11,Eliz,eliz,NNP,NN
20658,Canada_2011,0,932,0,II,ii,NNP,NN
20659,Canada_2011,0,932,2,c.,c,NN,NN
20660,Canada_2011,0,932,3,28,28,CD,CD
20661,Canada_2011,0,932,5,Part,part,NNP,NN
20662,Canada_2011,0,932,6,I,i,PRP,PR
20663,Canada_2011,0,932,8,Can,can,NNP,NN
20664,Canada_2011,0,933,0,Column,column,NNP,NN
20665,Canada_2011,0,933,1,II,ii,NNP,NN
20666,Canada_2011,0,934,0,Amendment,amendment,NNP,NN
20667,Canada_2011,0,934,1,Share,share,NNP,NN
20668,Canada_2011,0,934,2,Section,section,NNP,NN
20669,Canada_2011,0,934,3,3,3,CD,CD
20670,Canada_2011,0,934,5,as,as,IN,IN
20671,Canada_2011,0,934,6,amended,amended,VBN,VB
20672,Canada_2011,0,934,7,by,by,IN,IN
20673,Canada_2011,0,934,8,25-26,2526,JJ,JJ
20674,Canada_2011,0,934,9,Eliz,eliz,NNP,NN
20675,Canada_2011,0,935,0,II,ii,NNP,NN
20676,Canada_2011,0,935,2,c.,c,NN,NN
20677,Canada_2011,0,935,3,28,28,CD,CD
20678,Canada_2011,0,935,5,s.,s,VBD,VB
20679,Canada_2011,0,935,6,31,31,CD,CD
20680,Canada_2011,0,935,8,Can,can,NNP,NN
20681,Canada_2011,0,936,2,is,is,VBZ,VB
20682,Canada_2011,0,936,3,repealed,repealed,VBN,VB
20683,Canada_2011,0,936,4,and,and,CC,CC
20684,Canada_2011,0,936,5,the,the,DT,DT
20685,Canada_2011,0,936,6,following,following,JJ,JJ
20686,Canada_2011,0,936,7,substituted,substituted,JJ,JJ
20687,Canada_2011,0,936,8,therefor,therefor,NN,NN
20688,Canada_2011,0,936,11,3,3,CD,CD
20689,Canada_2011,0,937,0,This,this,DT,DT
20690,Canada_2011,0,937,1,Part,part,NN,NN
20691,Canada_2011,0,937,2,may,may,MD,MD
20692,Canada_2011,0,937,3,be,be,VB,VB
20693,Canada_2011,0,937,4,cited,cited,VBN,VB
20694,Canada_2011,0,937,5,as,as,IN,IN
20695,Canada_2011,0,937,6,the,the,DT,DT
20696,Canada_2011,0,937,7,Constitution,constitution,NNP,NN
20697,Canada_2011,0,937,8,Act,act,NNP,NN
20698,Canada_2011,0,937,10,No,no,NNP,NN
20699,Canada_2011,0,938,0,1,1,CD,CD
20700,Canada_2011,0,938,3,1975.,1975,CD,CD
20701,Canada_2011,0,938,5,Column,column,NNP,NN
20702,Canada_2011,0,938,6,III,iii,NNP,NN
20703,Canada_2011,0,939,0,New,new,NNP,NN
20704,Canada_2011,0,939,1,Name,name,NNP,NN
20705,Canada_2011,0,939,2,Share,share,NNP,NN
20706,Canada_2011,0,939,3,Constitution,constitution,NNP,NN
20707,Canada_2011,0,939,4,Act,act,NNP,NN
20708,Canada_2011,0,939,6,No,no,NNP,NN
20709,Canada_2011,0,940,0,1,1,CD,CD
20710,Canada_2011,0,940,3,1975,1975,CD,CD
20711,Canada_2011,0,940,4,Item,item,NNP,NN
20712,Canada_2011,0,940,5,30,30,CD,CD
20713,Canada_2011,0,940,6,Column,column,NNP,NN
20714,Canada_2011,0,940,7,I,i,PRP,PR
20715,Canada_2011,0,941,0,Act,act,NNP,NN
20716,Canada_2011,0,941,1,Affected,affected,NNP,NN
20717,Canada_2011,0,941,2,Share,share,NNP,NN
20718,Canada_2011,0,941,3,British,british,NNP,NN
20719,Canada_2011,0,941,4,North,north,NNP,NN
20720,Canada_2011,0,941,5,America,america,NNP,NN
20721,Canada_2011,0,941,6,Act,act,NNP,NN
20722,Canada_2011,0,941,8,No,no,NNP,NN
20723,Canada_2011,0,942,0,2,2,CD,CD
20724,Canada_2011,0,942,3,1975,1975,CD,CD
20725,Canada_2011,0,942,5,23-24,2324,JJ,JJ
20726,Canada_2011,0,942,6,Eliz,eliz,NNP,NN
20727,Canada_2011,0,943,0,II,ii,NNP,NN
20728,Canada_2011,0,943,2,c.,c,NN,NN
20729,Canada_2011,0,943,3,53,53,CD,CD
20730,Canada_2011,0,943,5,Can,can,NNP,NN
20731,Canada_2011,0,944,0,Column,column,NNP,NN
20732,Canada_2011,0,944,1,II,ii,NNP,NN
20733,Canada_2011,0,945,0,Amendment,amendment,NNP,NN
20734,Canada_2011,0,945,1,Share,share,NNP,NN
20735,Canada_2011,0,945,2,Section,section,NNP,NN
20736,Canada_2011,0,945,3,3,3,CD,CD
20737,Canada_2011,0,945,4,is,is,VBZ,VB
20738,Canada_2011,0,945,5,repealed,repealed,VBN,VB
20739,Canada_2011,0,945,6,and,and,CC,CC
20740,Canada_2011,0,945,7,the,the,DT,DT
20741,Canada_2011,0,945,8,following,following,JJ,JJ
20742,Canada_2011,0,945,9,substituted,substituted,JJ,JJ
20743,Canada_2011,0,945,10,therefor,therefor,NN,NN
20744,Canada_2011,0,945,13,3,3,CD,CD
20745,Canada_2011,0,946,0,This,this,DT,DT
20746,Canada_2011,0,946,1,Act,act,NNP,NN
20747,Canada_2011,0,946,2,may,may,MD,MD
20748,Canada_2011,0,946,3,be,be,VB,VB
20749,Canada_2011,0,946,4,cited,cited,VBN,VB
20750,Canada_2011,0,946,5,as,as,IN,IN
20751,Canada_2011,0,946,6,the,the,DT,DT
20752,Canada_2011,0,946,7,Constitution,constitution,NNP,NN
20753,Canada_2011,0,946,8,Act,act,NNP,NN
20754,Canada_2011,0,946,10,No,no,NNP,NN
20755,Canada_2011,0,947,0,2,2,CD,CD
20756,Canada_2011,0,947,3,1975.,1975,CD,CD
20757,Canada_2011,0,947,5,Column,column,NNP,NN
20758,Canada_2011,0,947,6,III,iii,NNP,NN
20759,Canada_2011,0,948,0,New,new,NNP,NN
20760,Canada_2011,0,948,1,Name,name,NNP,NN
20761,Canada_2011,0,948,2,Share,share,NNP,NN
20762,Canada_2011,0,948,3,Constitution,constitution,NNP,NN
20763,Canada_2011,0,948,4,Act,act,NNP,NN
20764,Canada_2011,0,948,6,No,no,NNP,NN
20765,Canada_2011,0,949,0,2,2,CD,CD
20766,Canada_2011,0,949,3,1975,1975,CD,CD
