,country,para_num,sent_num,token_num,token_str,term_str,pos,pos_group
0,East_Timor_2002,0,0,0,East,east,NNP,NN
1,East_Timor_2002,0,0,1,Timor,timor,NNP,NN
2,East_Timor_2002,0,0,2,2002,2002,CD,CD
3,East_Timor_2002,0,0,3,Preamble,preamble,NNP,NN
4,East_Timor_2002,0,0,4,Share,share,NNP,NN
5,East_Timor_2002,0,0,5,The,the,DT,DT
6,East_Timor_2002,0,0,6,independence,independence,NN,NN
7,East_Timor_2002,0,0,7,of,of,IN,IN
8,East_Timor_2002,0,0,8,East,east,NNP,NN
9,East_Timor_2002,0,0,9,Timor,timor,NNP,NN
10,East_Timor_2002,0,0,11,proclaimed,proclaimed,VBN,VB
11,East_Timor_2002,0,0,12,by,by,IN,IN
12,East_Timor_2002,0,0,13,the,the,DT,DT
13,East_Timor_2002,0,0,14,Frente,frente,NNP,NN
14,East_Timor_2002,0,0,15,Revolucionária,revolucionária,NNP,NN
15,East_Timor_2002,0,0,16,of,of,IN,IN
16,East_Timor_2002,0,0,17,Independent,independent,NNP,NN
17,East_Timor_2002,0,0,18,East,east,NNP,NN
18,East_Timor_2002,0,0,19,Timor,timor,NNP,NN
19,East_Timor_2002,0,0,21,FRETILIN,fretilin,NNP,NN
20,East_Timor_2002,0,0,23,on,on,IN,IN
21,East_Timor_2002,0,0,24,November,november,NNP,NN
22,East_Timor_2002,0,0,25,28,28,CD,CD
23,East_Timor_2002,0,0,27,1975,1975,CD,CD
24,East_Timor_2002,0,0,29,is,is,VBZ,VB
25,East_Timor_2002,0,0,30,internationally,internationally,RB,RB
26,East_Timor_2002,0,0,31,recognized,recognized,VBN,VB
27,East_Timor_2002,0,0,32,on,on,IN,IN
28,East_Timor_2002,0,0,33,May,may,NNP,NN
29,East_Timor_2002,0,0,34,20,20,CD,CD
30,East_Timor_2002,0,0,36,2002,2002,CD,CD
31,East_Timor_2002,0,0,38,following,following,VBG,VB
32,East_Timor_2002,0,0,39,the,the,DT,DT
33,East_Timor_2002,0,0,40,liberation,liberation,NN,NN
34,East_Timor_2002,0,0,41,of,of,IN,IN
35,East_Timor_2002,0,0,42,the,the,DT,DT
36,East_Timor_2002,0,0,43,Timorese,timorese,JJ,JJ
37,East_Timor_2002,0,0,44,people,people,NNS,NN
38,East_Timor_2002,0,0,45,from,from,IN,IN
39,East_Timor_2002,0,0,46,the,the,DT,DT
40,East_Timor_2002,0,0,47,colonization,colonization,NN,NN
41,East_Timor_2002,0,0,48,and,and,CC,CC
42,East_Timor_2002,0,0,49,occupation,occupation,NN,NN
43,East_Timor_2002,0,0,50,of,of,IN,IN
44,East_Timor_2002,0,0,51,the,the,DT,DT
45,East_Timor_2002,0,0,52,Maubere,maubere,NNP,NN
46,East_Timor_2002,0,0,53,Motherland,motherland,NNP,NN
47,East_Timor_2002,0,0,54,by,by,IN,IN
48,East_Timor_2002,0,0,55,foreign,foreign,JJ,JJ
49,East_Timor_2002,0,0,56,powers,powers,NNS,NN
50,East_Timor_2002,0,1,0,The,the,DT,DT
51,East_Timor_2002,0,1,1,elaboration,elaboration,NN,NN
52,East_Timor_2002,0,1,2,and,and,CC,CC
53,East_Timor_2002,0,1,3,adoption,adoption,NN,NN
54,East_Timor_2002,0,1,4,of,of,IN,IN
55,East_Timor_2002,0,1,5,the,the,DT,DT
56,East_Timor_2002,0,1,6,Constitution,constitution,NNP,NN
57,East_Timor_2002,0,1,7,of,of,IN,IN
58,East_Timor_2002,0,1,8,the,the,DT,DT
59,East_Timor_2002,0,1,9,Democratic,democratic,JJ,JJ
60,East_Timor_2002,0,1,10,Republic,republic,NNP,NN
61,East_Timor_2002,0,1,11,of,of,IN,IN
62,East_Timor_2002,0,1,12,East,east,NNP,NN
63,East_Timor_2002,0,1,13,Timor,timor,NNP,NN
64,East_Timor_2002,0,1,14,is,is,VBZ,VB
65,East_Timor_2002,0,1,15,the,the,DT,DT
66,East_Timor_2002,0,1,16,culmination,culmination,NN,NN
67,East_Timor_2002,0,1,17,of,of,IN,IN
68,East_Timor_2002,0,1,18,the,the,DT,DT
69,East_Timor_2002,0,1,19,secular,secular,JJ,JJ
70,East_Timor_2002,0,1,20,resistance,resistance,NN,NN
71,East_Timor_2002,0,1,21,of,of,IN,IN
72,East_Timor_2002,0,1,22,the,the,DT,DT
73,East_Timor_2002,0,1,23,Timorese,timorese,JJ,JJ
74,East_Timor_2002,0,1,24,People,people,NNS,NN
75,East_Timor_2002,0,1,25,intensified,intensified,VBD,VB
76,East_Timor_2002,0,1,26,following,following,VBG,VB
77,East_Timor_2002,0,1,27,the,the,DT,DT
78,East_Timor_2002,0,1,28,invasion,invasion,NN,NN
79,East_Timor_2002,0,1,29,of,of,IN,IN
80,East_Timor_2002,0,1,30,December,december,NNP,NN
81,East_Timor_2002,0,1,31,7,7,CD,CD
82,East_Timor_2002,0,1,33,1975,1975,CD,CD
83,East_Timor_2002,0,2,0,The,the,DT,DT
84,East_Timor_2002,0,2,1,struggle,struggle,NN,NN
85,East_Timor_2002,0,2,2,waged,waged,VBD,VB
86,East_Timor_2002,0,2,3,against,against,IN,IN
87,East_Timor_2002,0,2,4,the,the,DT,DT
88,East_Timor_2002,0,2,5,enemy,enemy,NN,NN
89,East_Timor_2002,0,2,7,initially,initially,RB,RB
90,East_Timor_2002,0,2,8,under,under,IN,IN
91,East_Timor_2002,0,2,9,the,the,DT,DT
92,East_Timor_2002,0,2,10,leadership,leadership,NN,NN
93,East_Timor_2002,0,2,11,of,of,IN,IN
94,East_Timor_2002,0,2,12,FRETILIN,fretilin,NNP,NN
95,East_Timor_2002,0,2,14,gave,gave,VBD,VB
96,East_Timor_2002,0,2,15,way,way,NN,NN
97,East_Timor_2002,0,2,16,to,to,TO,TO
98,East_Timor_2002,0,2,17,more,more,RBR,RB
99,East_Timor_2002,0,2,18,comprehensive,comprehensive,JJ,JJ
100,East_Timor_2002,0,2,19,forms,forms,NNS,NN
101,East_Timor_2002,0,2,20,of,of,IN,IN
102,East_Timor_2002,0,2,21,political,political,JJ,JJ
103,East_Timor_2002,0,2,22,participation,participation,NN,NN
104,East_Timor_2002,0,2,24,particularly,particularly,RB,RB
105,East_Timor_2002,0,2,25,in,in,IN,IN
106,East_Timor_2002,0,2,26,the,the,DT,DT
107,East_Timor_2002,0,2,27,wake,wake,NN,NN
108,East_Timor_2002,0,2,28,of,of,IN,IN
109,East_Timor_2002,0,2,29,the,the,DT,DT
110,East_Timor_2002,0,2,30,establishment,establishment,NN,NN
111,East_Timor_2002,0,2,31,of,of,IN,IN
112,East_Timor_2002,0,2,32,the,the,DT,DT
113,East_Timor_2002,0,2,33,National,national,NNP,NN
114,East_Timor_2002,0,2,34,Council,council,NNP,NN
115,East_Timor_2002,0,2,35,of,of,IN,IN
116,East_Timor_2002,0,2,36,the,the,DT,DT
117,East_Timor_2002,0,2,37,Maubere,maubere,NNP,NN
118,East_Timor_2002,0,2,38,Resistance,resistance,NNP,NN
119,East_Timor_2002,0,2,40,CNRT,cnrt,NNP,NN
120,East_Timor_2002,0,2,42,in,in,IN,IN
121,East_Timor_2002,0,2,43,1987,1987,CD,CD
122,East_Timor_2002,0,2,44,and,and,CC,CC
123,East_Timor_2002,0,2,45,the,the,DT,DT
124,East_Timor_2002,0,2,46,National,national,NNP,NN
125,East_Timor_2002,0,2,47,Council,council,NNP,NN
126,East_Timor_2002,0,2,48,of,of,IN,IN
127,East_Timor_2002,0,2,49,Timorese,timorese,NNP,NN
128,East_Timor_2002,0,2,50,Resistance,resistance,NNP,NN
129,East_Timor_2002,0,2,52,CNRT,cnrt,NNP,NN
130,East_Timor_2002,0,2,54,in,in,IN,IN
131,East_Timor_2002,0,2,55,1998,1998,CD,CD
132,East_Timor_2002,0,3,0,The,the,DT,DT
133,East_Timor_2002,0,3,1,Resistance,resistance,NNP,NN
134,East_Timor_2002,0,3,2,was,was,VBD,VB
135,East_Timor_2002,0,3,3,divided,divided,VBN,VB
136,East_Timor_2002,0,3,4,into,into,IN,IN
137,East_Timor_2002,0,3,5,three,three,CD,CD
138,East_Timor_2002,0,3,6,fronts,fronts,NNS,NN
139,East_Timor_2002,0,4,0,The,the,DT,DT
140,East_Timor_2002,0,4,1,armed,armed,JJ,JJ
141,East_Timor_2002,0,4,2,front,front,NN,NN
142,East_Timor_2002,0,4,3,was,was,VBD,VB
143,East_Timor_2002,0,4,4,carried,carried,VBN,VB
144,East_Timor_2002,0,4,5,out,out,RP,RP
145,East_Timor_2002,0,4,6,by,by,IN,IN
146,East_Timor_2002,0,4,7,the,the,DT,DT
147,East_Timor_2002,0,4,8,glorious,glorious,JJ,JJ
148,East_Timor_2002,0,4,9,Forças,forças,NNP,NN
149,East_Timor_2002,0,4,10,Armadas,armadas,NNP,NN
150,East_Timor_2002,0,4,11,de,de,IN,IN
151,East_Timor_2002,0,4,12,Libertação,libertação,NNP,NN
152,East_Timor_2002,0,4,13,Nacional,nacional,NNP,NN
153,East_Timor_2002,0,4,14,de,de,IN,IN
154,East_Timor_2002,0,4,15,Timor-Leste,timorleste,NNP,NN
155,East_Timor_2002,0,4,17,FALINTIL,falintil,NNP,NN
156,East_Timor_2002,0,4,19,whose,whose,WP$,WP
157,East_Timor_2002,0,4,20,historical,historical,JJ,JJ
158,East_Timor_2002,0,4,21,undertaking,undertaking,NN,NN
159,East_Timor_2002,0,4,22,is,is,VBZ,VB
160,East_Timor_2002,0,4,23,to,to,TO,TO
161,East_Timor_2002,0,4,24,be,be,VB,VB
162,East_Timor_2002,0,4,25,praised,praised,VBN,VB
163,East_Timor_2002,0,5,0,The,the,DT,DT
164,East_Timor_2002,0,5,1,action,action,NN,NN
165,East_Timor_2002,0,5,2,of,of,IN,IN
166,East_Timor_2002,0,5,3,the,the,DT,DT
167,East_Timor_2002,0,5,4,clandestine,clandestine,NN,NN
168,East_Timor_2002,0,5,5,front,front,NN,NN
169,East_Timor_2002,0,5,7,astutely,astutely,RB,RB
170,East_Timor_2002,0,5,8,unleashed,unleashed,VBN,VB
171,East_Timor_2002,0,5,9,in,in,IN,IN
172,East_Timor_2002,0,5,10,hostile,hostile,JJ,JJ
173,East_Timor_2002,0,5,11,territory,territory,NN,NN
174,East_Timor_2002,0,5,13,involved,involved,VBD,VB
175,East_Timor_2002,0,5,14,the,the,DT,DT
176,East_Timor_2002,0,5,15,sacrifice,sacrifice,NN,NN
177,East_Timor_2002,0,5,16,of,of,IN,IN
178,East_Timor_2002,0,5,17,thousands,thousands,NNS,NN
179,East_Timor_2002,0,5,18,of,of,IN,IN
180,East_Timor_2002,0,5,19,lives,lives,NNS,NN
181,East_Timor_2002,0,5,20,of,of,IN,IN
182,East_Timor_2002,0,5,21,women,women,NNS,NN
183,East_Timor_2002,0,5,22,and,and,CC,CC
184,East_Timor_2002,0,5,23,men,men,NNS,NN
185,East_Timor_2002,0,5,25,especially,especially,RB,RB
186,East_Timor_2002,0,5,26,the,the,DT,DT
187,East_Timor_2002,0,5,27,youth,youth,NN,NN
188,East_Timor_2002,0,5,29,who,who,WP,WP
189,East_Timor_2002,0,5,30,fought,fought,VBD,VB
190,East_Timor_2002,0,5,31,with,with,IN,IN
191,East_Timor_2002,0,5,32,abnegation,abnegation,NN,NN
192,East_Timor_2002,0,5,33,for,for,IN,IN
193,East_Timor_2002,0,5,34,freedom,freedom,NN,NN
194,East_Timor_2002,0,5,35,and,and,CC,CC
195,East_Timor_2002,0,5,36,independence,independence,NN,NN
196,East_Timor_2002,0,6,0,The,the,DT,DT
197,East_Timor_2002,0,6,1,diplomatic,diplomatic,JJ,JJ
198,East_Timor_2002,0,6,2,front,front,NN,NN
199,East_Timor_2002,0,6,4,harmoniously,harmoniously,RB,RB
200,East_Timor_2002,0,6,5,carried,carried,VBN,VB
201,East_Timor_2002,0,6,6,out,out,RP,RP
202,East_Timor_2002,0,6,7,all,all,DT,DT
203,East_Timor_2002,0,6,8,over,over,IN,IN
204,East_Timor_2002,0,6,9,the,the,DT,DT
205,East_Timor_2002,0,6,10,world,world,NN,NN
206,East_Timor_2002,0,6,12,enabled,enabled,VBD,VB
207,East_Timor_2002,0,6,13,the,the,DT,DT
208,East_Timor_2002,0,6,14,opening,opening,NN,NN
209,East_Timor_2002,0,6,15,of,of,IN,IN
210,East_Timor_2002,0,6,16,the,the,DT,DT
211,East_Timor_2002,0,6,17,way,way,NN,NN
212,East_Timor_2002,0,6,18,for,for,IN,IN
213,East_Timor_2002,0,6,19,definitive,definitive,JJ,JJ
214,East_Timor_2002,0,6,20,liberation,liberation,NN,NN
215,East_Timor_2002,0,7,0,In,in,IN,IN
216,East_Timor_2002,0,7,1,its,its,PRP$,PR
217,East_Timor_2002,0,7,2,cultural,cultural,JJ,JJ
218,East_Timor_2002,0,7,3,and,and,CC,CC
219,East_Timor_2002,0,7,4,humane,humane,JJ,JJ
220,East_Timor_2002,0,7,5,perspective,perspective,NN,NN
221,East_Timor_2002,0,7,7,the,the,DT,DT
222,East_Timor_2002,0,7,8,Catholic,catholic,NNP,NN
223,East_Timor_2002,0,7,9,Church,church,NNP,NN
224,East_Timor_2002,0,7,10,in,in,IN,IN
225,East_Timor_2002,0,7,11,East,east,NNP,NN
226,East_Timor_2002,0,7,12,Timor,timor,NNP,NN
227,East_Timor_2002,0,7,13,has,has,VBZ,VB
228,East_Timor_2002,0,7,14,always,always,RB,RB
229,East_Timor_2002,0,7,15,been,been,VBN,VB
230,East_Timor_2002,0,7,16,able,able,JJ,JJ
231,East_Timor_2002,0,7,17,to,to,TO,TO
232,East_Timor_2002,0,7,18,take,take,VB,VB
233,East_Timor_2002,0,7,19,on,on,IN,IN
234,East_Timor_2002,0,7,20,the,the,DT,DT
235,East_Timor_2002,0,7,21,suffering,suffering,NN,NN
236,East_Timor_2002,0,7,22,of,of,IN,IN
237,East_Timor_2002,0,7,23,all,all,PDT,PD
238,East_Timor_2002,0,7,24,the,the,DT,DT
239,East_Timor_2002,0,7,25,People,people,NNP,NN
240,East_Timor_2002,0,7,26,with,with,IN,IN
241,East_Timor_2002,0,7,27,dignity,dignity,NN,NN
242,East_Timor_2002,0,7,29,placing,placing,VBG,VB
243,East_Timor_2002,0,7,30,itself,itself,PRP,PR
244,East_Timor_2002,0,7,31,on,on,IN,IN
245,East_Timor_2002,0,7,32,their,their,PRP$,PR
246,East_Timor_2002,0,7,33,side,side,NN,NN
247,East_Timor_2002,0,7,34,in,in,IN,IN
248,East_Timor_2002,0,7,35,the,the,DT,DT
249,East_Timor_2002,0,7,36,defense,defense,NN,NN
250,East_Timor_2002,0,7,37,of,of,IN,IN
251,East_Timor_2002,0,7,38,their,their,PRP$,PR
252,East_Timor_2002,0,7,39,most,most,JJS,JJ
253,East_Timor_2002,0,7,40,elementary,elementary,JJ,JJ
254,East_Timor_2002,0,7,41,rights,rights,NNS,NN
255,East_Timor_2002,0,8,0,Ultimately,ultimately,RB,RB
256,East_Timor_2002,0,8,2,the,the,DT,DT
257,East_Timor_2002,0,8,3,present,present,JJ,JJ
258,East_Timor_2002,0,8,4,Constitution,constitution,NNP,NN
259,East_Timor_2002,0,8,5,represents,represents,VBZ,VB
260,East_Timor_2002,0,8,6,a,a,DT,DT
261,East_Timor_2002,0,8,7,heart-felt,heartfelt,JJ,JJ
262,East_Timor_2002,0,8,8,tribute,tribute,NN,NN
263,East_Timor_2002,0,8,9,to,to,TO,TO
264,East_Timor_2002,0,8,10,all,all,DT,DT
265,East_Timor_2002,0,8,11,martyrs,martyrs,NN,NN
266,East_Timor_2002,0,8,12,of,of,IN,IN
267,East_Timor_2002,0,8,13,the,the,DT,DT
268,East_Timor_2002,0,8,14,Motherland,motherland,NNP,NN
269,East_Timor_2002,0,9,0,Thus,thus,RB,RB
270,East_Timor_2002,0,9,2,the,the,DT,DT
271,East_Timor_2002,0,9,3,Members,members,NNS,NN
272,East_Timor_2002,0,9,4,of,of,IN,IN
273,East_Timor_2002,0,9,5,the,the,DT,DT
274,East_Timor_2002,0,9,6,Constituent,constituent,NNP,NN
275,East_Timor_2002,0,9,7,Assembly,assembly,NNP,NN
276,East_Timor_2002,0,9,9,as,as,IN,IN
277,East_Timor_2002,0,9,10,the,the,DT,DT
278,East_Timor_2002,0,9,11,legitimate,legitimate,JJ,JJ
279,East_Timor_2002,0,9,12,representatives,representatives,NNS,NN
280,East_Timor_2002,0,9,13,of,of,IN,IN
281,East_Timor_2002,0,9,14,the,the,DT,DT
282,East_Timor_2002,0,9,15,People,people,NNS,NN
283,East_Timor_2002,0,9,17,were,were,VBD,VB
284,East_Timor_2002,0,9,18,elected,elected,VBN,VB
285,East_Timor_2002,0,9,19,on,on,IN,IN
286,East_Timor_2002,0,9,20,August,august,NNP,NN
287,East_Timor_2002,0,9,21,30,30,CD,CD
288,East_Timor_2002,0,9,23,2001,2001,CD,CD
289,East_Timor_2002,0,10,0,Based,based,VBN,VB
290,East_Timor_2002,0,10,1,further,further,RBR,RB
291,East_Timor_2002,0,10,2,on,on,IN,IN
292,East_Timor_2002,0,10,3,the,the,DT,DT
293,East_Timor_2002,0,10,4,results,results,NNS,NN
294,East_Timor_2002,0,10,5,of,of,IN,IN
295,East_Timor_2002,0,10,6,the,the,DT,DT
296,East_Timor_2002,0,10,7,referendum,referendum,NN,NN
297,East_Timor_2002,0,10,8,of,of,IN,IN
298,East_Timor_2002,0,10,9,August,august,NNP,NN
299,East_Timor_2002,0,10,10,30,30,CD,CD
300,East_Timor_2002,0,10,12,1999,1999,CD,CD
301,East_Timor_2002,0,10,14,organized,organized,VBN,VB
302,East_Timor_2002,0,10,15,under,under,IN,IN
303,East_Timor_2002,0,10,16,the,the,DT,DT
304,East_Timor_2002,0,10,17,auspices,auspices,NNS,NN
305,East_Timor_2002,0,10,18,of,of,IN,IN
306,East_Timor_2002,0,10,19,the,the,DT,DT
307,East_Timor_2002,0,10,20,United,united,NNP,NN
308,East_Timor_2002,0,10,21,Nations,nations,NNPS,NN
309,East_Timor_2002,0,10,23,which,which,WDT,WD
310,East_Timor_2002,0,10,24,confirmed,confirmed,VBD,VB
311,East_Timor_2002,0,10,25,the,the,DT,DT
312,East_Timor_2002,0,10,26,self-determined,selfdetermined,JJ,JJ
313,East_Timor_2002,0,10,27,will,will,MD,MD
314,East_Timor_2002,0,10,28,for,for,IN,IN
315,East_Timor_2002,0,10,29,independence,independence,NN,NN
316,East_Timor_2002,0,10,31,Fully,fully,NNP,NN
317,East_Timor_2002,0,10,32,conscious,conscious,VBZ,VB
318,East_Timor_2002,0,10,33,of,of,IN,IN
319,East_Timor_2002,0,10,34,the,the,DT,DT
320,East_Timor_2002,0,10,35,need,need,NN,NN
321,East_Timor_2002,0,10,36,to,to,TO,TO
322,East_Timor_2002,0,10,37,build,build,VB,VB
323,East_Timor_2002,0,10,38,a,a,DT,DT
324,East_Timor_2002,0,10,39,democratic,democratic,JJ,JJ
325,East_Timor_2002,0,10,40,and,and,CC,CC
326,East_Timor_2002,0,10,41,institutional,institutional,JJ,JJ
327,East_Timor_2002,0,10,42,culture,culture,NN,NN
328,East_Timor_2002,0,10,43,appropriate,appropriate,NN,NN
329,East_Timor_2002,0,10,44,for,for,IN,IN
330,East_Timor_2002,0,10,45,a,a,DT,DT
331,East_Timor_2002,0,10,46,State,state,NNP,NN
332,East_Timor_2002,0,10,47,based,based,VBN,VB
333,East_Timor_2002,0,10,48,on,on,IN,IN
334,East_Timor_2002,0,10,49,the,the,DT,DT
335,East_Timor_2002,0,10,50,rule,rule,NN,NN
336,East_Timor_2002,0,10,51,of,of,IN,IN
337,East_Timor_2002,0,10,52,law,law,NN,NN
338,East_Timor_2002,0,10,53,where,where,WRB,WR
339,East_Timor_2002,0,10,54,respect,respect,NN,NN
340,East_Timor_2002,0,10,55,for,for,IN,IN
341,East_Timor_2002,0,10,56,the,the,DT,DT
342,East_Timor_2002,0,10,57,Constitution,constitution,NNP,NN
343,East_Timor_2002,0,10,59,for,for,IN,IN
344,East_Timor_2002,0,10,60,the,the,DT,DT
345,East_Timor_2002,0,10,61,laws,laws,NNS,NN
346,East_Timor_2002,0,10,62,and,and,CC,CC
347,East_Timor_2002,0,10,63,for,for,IN,IN
348,East_Timor_2002,0,10,64,democratically,democratically,RB,RB
349,East_Timor_2002,0,10,65,elected,elected,VBN,VB
350,East_Timor_2002,0,10,66,institutions,institutions,NNS,NN
351,East_Timor_2002,0,10,67,constitute,constitute,VBP,VB
352,East_Timor_2002,0,10,68,its,its,PRP$,PR
353,East_Timor_2002,0,10,69,unquestionable,unquestionable,JJ,JJ
354,East_Timor_2002,0,10,70,foundation,foundation,NN,NN
355,East_Timor_2002,0,10,72,Interpreting,interpreting,VBG,VB
356,East_Timor_2002,0,10,73,the,the,DT,DT
357,East_Timor_2002,0,10,74,profound,profound,NN,NN
358,East_Timor_2002,0,10,75,sentiment,sentiment,NN,NN
359,East_Timor_2002,0,10,77,the,the,DT,DT
360,East_Timor_2002,0,10,78,aspirations,aspirations,NNS,NN
361,East_Timor_2002,0,10,79,and,and,CC,CC
362,East_Timor_2002,0,10,80,the,the,DT,DT
363,East_Timor_2002,0,10,81,faith,faith,NN,NN
364,East_Timor_2002,0,10,82,in,in,IN,IN
365,East_Timor_2002,0,10,83,God,god,NNP,NN
366,East_Timor_2002,0,10,84,of,of,IN,IN
367,East_Timor_2002,0,10,85,the,the,DT,DT
368,East_Timor_2002,0,10,86,People,people,NNP,NN
369,East_Timor_2002,0,10,87,of,of,IN,IN
370,East_Timor_2002,0,10,88,East,east,NNP,NN
371,East_Timor_2002,0,10,89,Timor,timor,NNP,NN
372,East_Timor_2002,0,10,91,Solemnly,solemnly,RB,RB
373,East_Timor_2002,0,10,92,reaffirm,reaffirm,VBP,VB
374,East_Timor_2002,0,10,93,their,their,PRP$,PR
375,East_Timor_2002,0,10,94,determination,determination,NN,NN
376,East_Timor_2002,0,10,95,to,to,TO,TO
377,East_Timor_2002,0,10,96,fight,fight,VB,VB
378,East_Timor_2002,0,10,97,all,all,DT,DT
379,East_Timor_2002,0,10,98,forms,forms,NNS,NN
380,East_Timor_2002,0,10,99,of,of,IN,IN
381,East_Timor_2002,0,10,100,tyranny,tyranny,NN,NN
382,East_Timor_2002,0,10,102,oppression,oppression,NN,NN
383,East_Timor_2002,0,10,104,social,social,JJ,JJ
384,East_Timor_2002,0,10,106,cultural,cultural,JJ,JJ
385,East_Timor_2002,0,10,107,or,or,CC,CC
386,East_Timor_2002,0,10,108,religious,religious,JJ,JJ
387,East_Timor_2002,0,10,109,domination,domination,NN,NN
388,East_Timor_2002,0,10,110,and,and,CC,CC
389,East_Timor_2002,0,10,111,segregation,segregation,NN,NN
390,East_Timor_2002,0,10,113,to,to,TO,TO
391,East_Timor_2002,0,10,114,defend,defend,VB,VB
392,East_Timor_2002,0,10,115,national,national,JJ,JJ
393,East_Timor_2002,0,10,116,independence,independence,NN,NN
394,East_Timor_2002,0,10,118,to,to,TO,TO
395,East_Timor_2002,0,10,119,respect,respect,VB,VB
396,East_Timor_2002,0,10,120,and,and,CC,CC
397,East_Timor_2002,0,10,121,guarantee,guarantee,VB,VB
398,East_Timor_2002,0,10,122,human,human,JJ,JJ
399,East_Timor_2002,0,10,123,rights,rights,NNS,NN
400,East_Timor_2002,0,10,124,and,and,CC,CC
401,East_Timor_2002,0,10,125,the,the,DT,DT
402,East_Timor_2002,0,10,126,fundamental,fundamental,JJ,JJ
403,East_Timor_2002,0,10,127,rights,rights,NNS,NN
404,East_Timor_2002,0,10,128,of,of,IN,IN
405,East_Timor_2002,0,10,129,the,the,DT,DT
406,East_Timor_2002,0,10,130,citizen,citizen,NN,NN
407,East_Timor_2002,0,10,132,to,to,TO,TO
408,East_Timor_2002,0,10,133,ensure,ensure,VB,VB
409,East_Timor_2002,0,10,134,the,the,DT,DT
410,East_Timor_2002,0,10,135,principle,principle,NN,NN
411,East_Timor_2002,0,10,136,of,of,IN,IN
412,East_Timor_2002,0,10,137,the,the,DT,DT
413,East_Timor_2002,0,10,138,separation,separation,NN,NN
414,East_Timor_2002,0,10,139,of,of,IN,IN
415,East_Timor_2002,0,10,140,powers,powers,NNS,NN
416,East_Timor_2002,0,10,141,in,in,IN,IN
417,East_Timor_2002,0,10,142,the,the,DT,DT
418,East_Timor_2002,0,10,143,organization,organization,NN,NN
419,East_Timor_2002,0,10,144,of,of,IN,IN
420,East_Timor_2002,0,10,145,the,the,DT,DT
421,East_Timor_2002,0,10,146,State,state,NNP,NN
422,East_Timor_2002,0,10,148,and,and,CC,CC
423,East_Timor_2002,0,10,149,to,to,TO,TO
424,East_Timor_2002,0,10,150,establish,establish,VB,VB
425,East_Timor_2002,0,10,151,the,the,DT,DT
426,East_Timor_2002,0,10,152,essential,essential,JJ,JJ
427,East_Timor_2002,0,10,153,rules,rules,NNS,NN
428,East_Timor_2002,0,10,154,of,of,IN,IN
429,East_Timor_2002,0,10,155,multi-party,multiparty,JJ,JJ
430,East_Timor_2002,0,10,156,democracy,democracy,NN,NN
431,East_Timor_2002,0,10,158,with,with,IN,IN
432,East_Timor_2002,0,10,159,a,a,DT,DT
433,East_Timor_2002,0,10,160,view,view,NN,NN
434,East_Timor_2002,0,10,161,to,to,TO,TO
435,East_Timor_2002,0,10,162,building,building,VBG,VB
436,East_Timor_2002,0,10,163,a,a,DT,DT
437,East_Timor_2002,0,10,164,just,just,RB,RB
438,East_Timor_2002,0,10,165,and,and,CC,CC
439,East_Timor_2002,0,10,166,prosperous,prosperous,JJ,JJ
440,East_Timor_2002,0,10,167,nation,nation,NN,NN
441,East_Timor_2002,0,10,168,and,and,CC,CC
442,East_Timor_2002,0,10,169,developing,developing,VBG,VB
443,East_Timor_2002,0,10,170,a,a,DT,DT
444,East_Timor_2002,0,10,171,society,society,NN,NN
445,East_Timor_2002,0,10,172,of,of,IN,IN
446,East_Timor_2002,0,10,173,solidarity,solidarity,NN,NN
447,East_Timor_2002,0,10,174,and,and,CC,CC
448,East_Timor_2002,0,10,175,fraternity,fraternity,NN,NN
449,East_Timor_2002,0,11,0,The,the,DT,DT
450,East_Timor_2002,0,11,1,Constituent,constituent,NNP,NN
451,East_Timor_2002,0,11,2,Assembly,assembly,NNP,NN
452,East_Timor_2002,0,11,4,meeting,meeting,NN,NN
453,East_Timor_2002,0,11,5,in,in,IN,IN
454,East_Timor_2002,0,11,6,plenary,plenary,JJ,JJ
455,East_Timor_2002,0,11,7,session,session,NN,NN
456,East_Timor_2002,0,11,8,on,on,IN,IN
457,East_Timor_2002,0,11,9,March,march,NNP,NN
458,East_Timor_2002,0,11,10,22,22,CD,CD
459,East_Timor_2002,0,11,12,2002,2002,CD,CD
460,East_Timor_2002,0,11,14,approves,approves,NNS,NN
461,East_Timor_2002,0,11,15,and,and,CC,CC
462,East_Timor_2002,0,11,16,decrees,decrees,VBZ,VB
463,East_Timor_2002,0,11,17,the,the,DT,DT
464,East_Timor_2002,0,11,18,following,following,JJ,JJ
465,East_Timor_2002,0,11,19,Constitution,constitution,NN,NN
466,East_Timor_2002,0,11,20,of,of,IN,IN
467,East_Timor_2002,0,11,21,the,the,DT,DT
468,East_Timor_2002,0,11,22,Democratic,democratic,JJ,JJ
469,East_Timor_2002,0,11,23,Republic,republic,NNP,NN
470,East_Timor_2002,0,11,24,of,of,IN,IN
471,East_Timor_2002,0,11,25,East,east,NNP,NN
472,East_Timor_2002,0,11,26,Timor,timor,NNP,NN
473,East_Timor_2002,0,12,0,PART,part,NN,NN
474,East_Timor_2002,0,12,1,I,i,PRP,PR
475,East_Timor_2002,0,13,0,FUNDAMENTAL,fundamental,NNP,NN
476,East_Timor_2002,0,13,1,PRINCIPLES,principles,NNP,NN
477,East_Timor_2002,0,13,2,Article,article,NNP,NN
478,East_Timor_2002,0,13,3,1,1,CD,CD
479,East_Timor_2002,0,14,0,The,the,DT,DT
480,East_Timor_2002,0,14,1,Republic,republic,NNP,NN
481,East_Timor_2002,0,14,2,Share,share,NNP,NN
482,East_Timor_2002,0,14,3,1,1,CD,CD
483,East_Timor_2002,0,15,0,The,the,DT,DT
484,East_Timor_2002,0,15,1,Democratic,democratic,JJ,JJ
485,East_Timor_2002,0,15,2,Republic,republic,NNP,NN
486,East_Timor_2002,0,15,3,of,of,IN,IN
487,East_Timor_2002,0,15,4,East,east,NNP,NN
488,East_Timor_2002,0,15,5,Timor,timor,NNP,NN
489,East_Timor_2002,0,15,6,is,is,VBZ,VB
490,East_Timor_2002,0,15,7,a,a,DT,DT
491,East_Timor_2002,0,15,8,democratic,democratic,JJ,JJ
492,East_Timor_2002,0,15,10,sovereign,sovereign,JJ,JJ
493,East_Timor_2002,0,15,12,independent,independent,JJ,JJ
494,East_Timor_2002,0,15,13,and,and,CC,CC
495,East_Timor_2002,0,15,14,unitary,unitary,JJ,JJ
496,East_Timor_2002,0,15,15,State,state,NNP,NN
497,East_Timor_2002,0,15,16,based,based,VBN,VB
498,East_Timor_2002,0,15,17,on,on,IN,IN
499,East_Timor_2002,0,15,18,the,the,DT,DT
500,East_Timor_2002,0,15,19,rule,rule,NN,NN
501,East_Timor_2002,0,15,20,of,of,IN,IN
502,East_Timor_2002,0,15,21,law,law,NN,NN
503,East_Timor_2002,0,15,23,the,the,DT,DT
504,East_Timor_2002,0,15,24,will,will,MD,MD
505,East_Timor_2002,0,15,25,of,of,IN,IN
506,East_Timor_2002,0,15,26,the,the,DT,DT
507,East_Timor_2002,0,15,27,people,people,NNS,NN
508,East_Timor_2002,0,15,28,and,and,CC,CC
509,East_Timor_2002,0,15,29,the,the,DT,DT
510,East_Timor_2002,0,15,30,respect,respect,NN,NN
511,East_Timor_2002,0,15,31,for,for,IN,IN
512,East_Timor_2002,0,15,32,the,the,DT,DT
513,East_Timor_2002,0,15,33,dignity,dignity,NN,NN
514,East_Timor_2002,0,15,34,of,of,IN,IN
515,East_Timor_2002,0,15,35,the,the,DT,DT
516,East_Timor_2002,0,15,36,human,human,JJ,JJ
517,East_Timor_2002,0,15,37,person,person,NN,NN
518,East_Timor_2002,0,16,0,2,2,CD,CD
519,East_Timor_2002,0,17,0,November,november,NNP,NN
520,East_Timor_2002,0,17,1,28,28,CD,CD
521,East_Timor_2002,0,17,3,1975,1975,CD,CD
522,East_Timor_2002,0,17,4,is,is,VBZ,VB
523,East_Timor_2002,0,17,5,the,the,DT,DT
524,East_Timor_2002,0,17,6,Day,day,NNP,NN
525,East_Timor_2002,0,17,7,of,of,IN,IN
526,East_Timor_2002,0,17,8,the,the,DT,DT
527,East_Timor_2002,0,17,9,Proclamation,proclamation,NNP,NN
528,East_Timor_2002,0,17,10,of,of,IN,IN
529,East_Timor_2002,0,17,11,Independence,independence,NNP,NN
530,East_Timor_2002,0,17,12,of,of,IN,IN
531,East_Timor_2002,0,17,13,the,the,DT,DT
532,East_Timor_2002,0,17,14,Democratic,democratic,JJ,JJ
533,East_Timor_2002,0,17,15,Republic,republic,NNP,NN
534,East_Timor_2002,0,17,16,of,of,IN,IN
535,East_Timor_2002,0,17,17,East,east,NNP,NN
536,East_Timor_2002,0,17,18,Timor,timor,NNP,NN
537,East_Timor_2002,0,18,0,Article,article,NN,NN
538,East_Timor_2002,0,18,1,2,2,CD,CD
539,East_Timor_2002,0,19,0,Sovereignty,sovereignty,NN,NN
540,East_Timor_2002,0,19,1,and,and,CC,CC
541,East_Timor_2002,0,19,2,Constitutionality,constitutionality,NNP,NN
542,East_Timor_2002,0,19,3,Share,share,NNP,NN
543,East_Timor_2002,0,19,4,1,1,CD,CD
544,East_Timor_2002,0,20,0,Sovereignty,sovereignty,NNP,NN
545,East_Timor_2002,0,20,1,resides,resides,NNS,NN
546,East_Timor_2002,0,20,2,in,in,IN,IN
547,East_Timor_2002,0,20,3,the,the,DT,DT
548,East_Timor_2002,0,20,4,people,people,NNS,NN
549,East_Timor_2002,0,20,6,who,who,WP,WP
550,East_Timor_2002,0,20,7,exercise,exercise,VBP,VB
551,East_Timor_2002,0,20,8,it,it,PRP,PR
552,East_Timor_2002,0,20,9,in,in,IN,IN
553,East_Timor_2002,0,20,10,accordance,accordance,NN,NN
554,East_Timor_2002,0,20,11,with,with,IN,IN
555,East_Timor_2002,0,20,12,the,the,DT,DT
556,East_Timor_2002,0,20,13,Constitution,constitution,NNP,NN
557,East_Timor_2002,0,21,0,2,2,CD,CD
558,East_Timor_2002,0,22,0,The,the,DT,DT
559,East_Timor_2002,0,22,1,State,state,NNP,NN
560,East_Timor_2002,0,22,2,is,is,VBZ,VB
561,East_Timor_2002,0,22,3,subject,subject,JJ,JJ
562,East_Timor_2002,0,22,4,to,to,TO,TO
563,East_Timor_2002,0,22,5,the,the,DT,DT
564,East_Timor_2002,0,22,6,Constitution,constitution,NNP,NN
565,East_Timor_2002,0,22,7,and,and,CC,CC
566,East_Timor_2002,0,22,8,to,to,TO,TO
567,East_Timor_2002,0,22,9,the,the,DT,DT
568,East_Timor_2002,0,22,10,laws,laws,NNS,NN
569,East_Timor_2002,0,23,0,3,3,CD,CD
570,East_Timor_2002,0,24,0,The,the,DT,DT
571,East_Timor_2002,0,24,1,validity,validity,NN,NN
572,East_Timor_2002,0,24,2,of,of,IN,IN
573,East_Timor_2002,0,24,3,the,the,DT,DT
574,East_Timor_2002,0,24,4,laws,laws,NNS,NN
575,East_Timor_2002,0,24,5,and,and,CC,CC
576,East_Timor_2002,0,24,6,other,other,JJ,JJ
577,East_Timor_2002,0,24,7,actions,actions,NNS,NN
578,East_Timor_2002,0,24,8,of,of,IN,IN
579,East_Timor_2002,0,24,9,the,the,DT,DT
580,East_Timor_2002,0,24,10,State,state,NNP,NN
581,East_Timor_2002,0,24,11,depend,depend,VBP,VB
582,East_Timor_2002,0,24,12,upon,upon,IN,IN
583,East_Timor_2002,0,24,13,their,their,PRP$,PR
584,East_Timor_2002,0,24,14,compliance,compliance,NN,NN
585,East_Timor_2002,0,24,15,with,with,IN,IN
586,East_Timor_2002,0,24,16,the,the,DT,DT
587,East_Timor_2002,0,24,17,Constitution,constitution,NNP,NN
588,East_Timor_2002,0,25,0,4,4,CD,CD
589,East_Timor_2002,0,26,0,The,the,DT,DT
590,East_Timor_2002,0,26,1,State,state,NNP,NN
591,East_Timor_2002,0,26,2,recognizes,recognizes,VBZ,VB
592,East_Timor_2002,0,26,3,customary,customary,JJ,JJ
593,East_Timor_2002,0,26,4,laws,laws,NNS,NN
594,East_Timor_2002,0,26,5,of,of,IN,IN
595,East_Timor_2002,0,26,6,East,east,NNP,NN
596,East_Timor_2002,0,26,7,Timor,timor,NNP,NN
597,East_Timor_2002,0,26,9,subject,subject,JJ,JJ
598,East_Timor_2002,0,26,10,to,to,TO,TO
599,East_Timor_2002,0,26,11,the,the,DT,DT
600,East_Timor_2002,0,26,12,Constitution,constitution,NNP,NN
601,East_Timor_2002,0,26,13,and,and,CC,CC
602,East_Timor_2002,0,26,14,to,to,TO,TO
603,East_Timor_2002,0,26,15,any,any,DT,DT
604,East_Timor_2002,0,26,16,legislation,legislation,NN,NN
605,East_Timor_2002,0,26,17,dealing,dealing,VBG,VB
606,East_Timor_2002,0,26,18,specifically,specifically,RB,RB
607,East_Timor_2002,0,26,19,with,with,IN,IN
608,East_Timor_2002,0,26,20,customary,customary,JJ,JJ
609,East_Timor_2002,0,26,21,law,law,NN,NN
610,East_Timor_2002,0,27,0,Article,article,NN,NN
611,East_Timor_2002,0,27,1,3,3,CD,CD
612,East_Timor_2002,0,28,0,Citizenship,citizenship,NNP,NN
613,East_Timor_2002,0,28,1,Share,share,NNP,NN
614,East_Timor_2002,0,28,2,1,1,CD,CD
615,East_Timor_2002,0,29,0,There,there,EX,EX
616,East_Timor_2002,0,29,1,exists,exists,VBZ,VB
617,East_Timor_2002,0,29,2,in,in,IN,IN
618,East_Timor_2002,0,29,3,the,the,DT,DT
619,East_Timor_2002,0,29,4,Republic,republic,NNP,NN
620,East_Timor_2002,0,29,5,of,of,IN,IN
621,East_Timor_2002,0,29,6,East,east,NNP,NN
622,East_Timor_2002,0,29,7,Timor,timor,NNP,NN
623,East_Timor_2002,0,29,8,original,original,JJ,JJ
624,East_Timor_2002,0,29,9,citizenship,citizenship,NN,NN
625,East_Timor_2002,0,29,10,and,and,CC,CC
626,East_Timor_2002,0,29,11,acquired,acquired,VBD,VB
627,East_Timor_2002,0,29,12,citizenship,citizenship,NN,NN
628,East_Timor_2002,0,30,0,2,2,CD,CD
629,East_Timor_2002,0,31,0,The,the,DT,DT
630,East_Timor_2002,0,31,1,following,following,JJ,JJ
631,East_Timor_2002,0,31,2,citizens,citizens,NNS,NN
632,East_Timor_2002,0,31,3,shall,shall,MD,MD
633,East_Timor_2002,0,31,4,be,be,VB,VB
634,East_Timor_2002,0,31,5,considered,considered,VBN,VB
635,East_Timor_2002,0,31,6,original,original,JJ,JJ
636,East_Timor_2002,0,31,7,citizens,citizens,NNS,NN
637,East_Timor_2002,0,31,8,of,of,IN,IN
638,East_Timor_2002,0,31,9,East,east,NNP,NN
639,East_Timor_2002,0,31,10,Timor,timor,NNP,NN
640,East_Timor_2002,0,31,12,as,as,RB,RB
641,East_Timor_2002,0,31,13,long,long,RB,RB
642,East_Timor_2002,0,31,14,as,as,IN,IN
643,East_Timor_2002,0,31,15,they,they,PRP,PR
644,East_Timor_2002,0,31,16,are,are,VBP,VB
645,East_Timor_2002,0,31,17,born,born,VBN,VB
646,East_Timor_2002,0,31,18,in,in,IN,IN
647,East_Timor_2002,0,31,19,the,the,DT,DT
648,East_Timor_2002,0,31,20,national,national,JJ,JJ
649,East_Timor_2002,0,31,21,territory,territory,NN,NN
650,East_Timor_2002,0,31,23,a.children,achildren,NN,NN
651,East_Timor_2002,0,31,24,of,of,IN,IN
652,East_Timor_2002,0,31,25,a,a,DT,DT
653,East_Timor_2002,0,31,26,father,father,NN,NN
654,East_Timor_2002,0,31,27,or,or,CC,CC
655,East_Timor_2002,0,31,28,mother,mother,NN,NN
656,East_Timor_2002,0,31,29,born,born,VBN,VB
657,East_Timor_2002,0,31,30,in,in,IN,IN
658,East_Timor_2002,0,31,31,East,east,NNP,NN
659,East_Timor_2002,0,31,32,Timor,timor,NNP,NN
660,East_Timor_2002,0,31,34,b.children,bchildren,NNS,NN
661,East_Timor_2002,0,31,35,of,of,IN,IN
662,East_Timor_2002,0,31,36,incognito,incognito,JJ,JJ
663,East_Timor_2002,0,31,37,parents,parents,NNS,NN
664,East_Timor_2002,0,31,39,stateless,stateless,JJ,JJ
665,East_Timor_2002,0,31,40,parents,parents,NNS,NN
666,East_Timor_2002,0,31,41,or,or,CC,CC
667,East_Timor_2002,0,31,42,parents,parents,NNS,NN
668,East_Timor_2002,0,31,43,of,of,IN,IN
669,East_Timor_2002,0,31,44,unknown,unknown,JJ,JJ
670,East_Timor_2002,0,31,45,nationality,nationality,NN,NN
671,East_Timor_2002,0,31,47,c.children,cchildren,NNS,NN
672,East_Timor_2002,0,31,48,of,of,IN,IN
673,East_Timor_2002,0,31,49,a,a,DT,DT
674,East_Timor_2002,0,31,50,foreign,foreign,JJ,JJ
675,East_Timor_2002,0,31,51,father,father,NN,NN
676,East_Timor_2002,0,31,52,or,or,CC,CC
677,East_Timor_2002,0,31,53,mother,mother,NN,NN
678,East_Timor_2002,0,31,54,who,who,WP,WP
679,East_Timor_2002,0,31,56,being,being,VBG,VB
680,East_Timor_2002,0,31,57,over,over,IN,IN
681,East_Timor_2002,0,31,58,seventeen,seventeen,JJ,JJ
682,East_Timor_2002,0,31,59,years,years,NNS,NN
683,East_Timor_2002,0,31,60,old,old,JJ,JJ
684,East_Timor_2002,0,31,62,declare,declare,VB,VB
685,East_Timor_2002,0,31,63,their,their,PRP$,PR
686,East_Timor_2002,0,31,64,will,will,MD,MD
687,East_Timor_2002,0,31,65,to,to,TO,TO
688,East_Timor_2002,0,31,66,become,become,VB,VB
689,East_Timor_2002,0,31,67,East,east,NNP,NN
690,East_Timor_2002,0,31,68,Timorese,timorese,JJ,JJ
691,East_Timor_2002,0,31,69,nationals,nationals,NNS,NN
692,East_Timor_2002,0,32,0,3,3,CD,CD
693,East_Timor_2002,0,33,0,They,they,PRP,PR
694,East_Timor_2002,0,33,1,will,will,MD,MD
695,East_Timor_2002,0,33,2,be,be,VB,VB
696,East_Timor_2002,0,33,3,considered,considered,VBN,VB
697,East_Timor_2002,0,33,4,original,original,JJ,JJ
698,East_Timor_2002,0,33,5,citizens,citizens,NNS,NN
699,East_Timor_2002,0,33,6,of,of,IN,IN
700,East_Timor_2002,0,33,7,East,east,NNP,NN
701,East_Timor_2002,0,33,8,Timor,timor,NNP,NN
702,East_Timor_2002,0,33,10,even,even,RB,RB
703,East_Timor_2002,0,33,11,if,if,IN,IN
704,East_Timor_2002,0,33,12,they,they,PRP,PR
705,East_Timor_2002,0,33,13,are,are,VBP,VB
706,East_Timor_2002,0,33,14,born,born,VBN,VB
707,East_Timor_2002,0,33,15,in,in,IN,IN
708,East_Timor_2002,0,33,16,a,a,DT,DT
709,East_Timor_2002,0,33,17,foreign,foreign,JJ,JJ
710,East_Timor_2002,0,33,18,territory,territory,NN,NN
711,East_Timor_2002,0,33,20,as,as,IN,IN
712,East_Timor_2002,0,33,21,children,children,NNS,NN
713,East_Timor_2002,0,33,22,of,of,IN,IN
714,East_Timor_2002,0,33,23,a,a,DT,DT
715,East_Timor_2002,0,33,24,Timorese,timorese,JJ,JJ
716,East_Timor_2002,0,33,25,father,father,NN,NN
717,East_Timor_2002,0,33,26,or,or,CC,CC
718,East_Timor_2002,0,33,27,mother,mother,NN,NN
719,East_Timor_2002,0,34,0,4,4,CD,CD
720,East_Timor_2002,0,35,0,Acquisition,acquisition,NNP,NN
721,East_Timor_2002,0,35,2,loss,loss,NN,NN
722,East_Timor_2002,0,35,3,and,and,CC,CC
723,East_Timor_2002,0,35,4,reacquisition,reacquisition,NN,NN
724,East_Timor_2002,0,35,5,of,of,IN,IN
725,East_Timor_2002,0,35,6,citizenship,citizenship,NN,NN
726,East_Timor_2002,0,35,8,as,as,RB,RB
727,East_Timor_2002,0,35,9,well,well,RB,RB
728,East_Timor_2002,0,35,10,as,as,IN,IN
729,East_Timor_2002,0,35,11,its,its,PRP$,PR
730,East_Timor_2002,0,35,12,registration,registration,NN,NN
731,East_Timor_2002,0,35,13,and,and,CC,CC
732,East_Timor_2002,0,35,14,proof,proof,NN,NN
733,East_Timor_2002,0,35,16,shall,shall,MD,MD
734,East_Timor_2002,0,35,17,be,be,VB,VB
735,East_Timor_2002,0,35,18,regulated,regulated,VBN,VB
736,East_Timor_2002,0,35,19,by,by,IN,IN
737,East_Timor_2002,0,35,20,law,law,NN,NN
738,East_Timor_2002,0,36,0,Article,article,NN,NN
739,East_Timor_2002,0,36,1,4,4,CD,CD
740,East_Timor_2002,0,37,0,Territory,territory,NNP,NN
741,East_Timor_2002,0,37,1,Share,share,NNP,NN
742,East_Timor_2002,0,37,2,1,1,CD,CD
743,East_Timor_2002,0,38,0,The,the,DT,DT
744,East_Timor_2002,0,38,1,territory,territory,NN,NN
745,East_Timor_2002,0,38,2,of,of,IN,IN
746,East_Timor_2002,0,38,3,the,the,DT,DT
747,East_Timor_2002,0,38,4,Democratic,democratic,JJ,JJ
748,East_Timor_2002,0,38,5,Republic,republic,NNP,NN
749,East_Timor_2002,0,38,6,of,of,IN,IN
750,East_Timor_2002,0,38,7,East,east,NNP,NN
751,East_Timor_2002,0,38,8,Timor,timor,NNP,NN
752,East_Timor_2002,0,38,9,comprises,comprises,VBZ,VB
753,East_Timor_2002,0,38,10,the,the,DT,DT
754,East_Timor_2002,0,38,11,land,land,NN,NN
755,East_Timor_2002,0,38,12,surface,surface,NN,NN
756,East_Timor_2002,0,38,14,the,the,DT,DT
757,East_Timor_2002,0,38,15,maritime,maritime,NN,NN
758,East_Timor_2002,0,38,16,zone,zone,NN,NN
759,East_Timor_2002,0,38,17,and,and,CC,CC
760,East_Timor_2002,0,38,18,the,the,DT,DT
761,East_Timor_2002,0,38,19,air,air,NN,NN
762,East_Timor_2002,0,38,20,demarcated,demarcated,VBN,VB
763,East_Timor_2002,0,38,21,by,by,IN,IN
764,East_Timor_2002,0,38,22,the,the,DT,DT
765,East_Timor_2002,0,38,23,national,national,JJ,JJ
766,East_Timor_2002,0,38,24,boundaries,boundaries,NNS,NN
767,East_Timor_2002,0,38,25,that,that,WDT,WD
768,East_Timor_2002,0,38,26,historically,historically,RB,RB
769,East_Timor_2002,0,38,27,comprise,comprise,VBP,VB
770,East_Timor_2002,0,38,28,the,the,DT,DT
771,East_Timor_2002,0,38,29,eastern,eastern,JJ,JJ
772,East_Timor_2002,0,38,30,part,part,NN,NN
773,East_Timor_2002,0,38,31,of,of,IN,IN
774,East_Timor_2002,0,38,32,Timor,timor,NNP,NN
775,East_Timor_2002,0,38,33,Island,island,NNP,NN
776,East_Timor_2002,0,38,35,the,the,DT,DT
777,East_Timor_2002,0,38,36,enclave,enclave,NN,NN
778,East_Timor_2002,0,38,37,of,of,IN,IN
779,East_Timor_2002,0,38,38,Oecussi,oecussi,NNP,NN
780,East_Timor_2002,0,38,39,Ambeno,ambeno,NNP,NN
781,East_Timor_2002,0,38,41,the,the,DT,DT
782,East_Timor_2002,0,38,42,island,island,NN,NN
783,East_Timor_2002,0,38,43,of,of,IN,IN
784,East_Timor_2002,0,38,44,Ataúro,ataúro,NNP,NN
785,East_Timor_2002,0,38,45,and,and,CC,CC
786,East_Timor_2002,0,38,46,the,the,DT,DT
787,East_Timor_2002,0,38,47,islet,islet,NN,NN
788,East_Timor_2002,0,38,48,of,of,IN,IN
789,East_Timor_2002,0,38,49,Jaco,jaco,NNP,NN
790,East_Timor_2002,0,39,0,2,2,CD,CD
791,East_Timor_2002,0,40,0,The,the,DT,DT
792,East_Timor_2002,0,40,1,law,law,NN,NN
793,East_Timor_2002,0,40,2,fixes,fixes,NNS,NN
794,East_Timor_2002,0,40,3,and,and,CC,CC
795,East_Timor_2002,0,40,4,defines,defines,VBZ,VB
796,East_Timor_2002,0,40,5,the,the,DT,DT
797,East_Timor_2002,0,40,6,extent,extent,NN,NN
798,East_Timor_2002,0,40,7,and,and,CC,CC
799,East_Timor_2002,0,40,8,limits,limits,NNS,NN
800,East_Timor_2002,0,40,9,of,of,IN,IN
801,East_Timor_2002,0,40,10,territorial,territorial,JJ,JJ
802,East_Timor_2002,0,40,11,waters,waters,NNS,NN
803,East_Timor_2002,0,40,12,and,and,CC,CC
804,East_Timor_2002,0,40,13,the,the,DT,DT
805,East_Timor_2002,0,40,14,exclusive,exclusive,JJ,JJ
806,East_Timor_2002,0,40,15,economic,economic,JJ,JJ
807,East_Timor_2002,0,40,16,zone,zone,NN,NN
808,East_Timor_2002,0,40,18,and,and,CC,CC
809,East_Timor_2002,0,40,19,the,the,DT,DT
810,East_Timor_2002,0,40,20,rights,rights,NNS,NN
811,East_Timor_2002,0,40,21,of,of,IN,IN
812,East_Timor_2002,0,40,22,East,east,NNP,NN
813,East_Timor_2002,0,40,23,Timor,timor,NNP,NN
814,East_Timor_2002,0,40,24,to,to,TO,TO
815,East_Timor_2002,0,40,25,the,the,DT,DT
816,East_Timor_2002,0,40,26,contiguous,contiguous,JJ,JJ
817,East_Timor_2002,0,40,27,zone,zone,NN,NN
818,East_Timor_2002,0,40,28,and,and,CC,CC
819,East_Timor_2002,0,40,29,continental,continental,JJ,JJ
820,East_Timor_2002,0,40,30,shelf,shelf,NN,NN
821,East_Timor_2002,0,41,0,3,3,CD,CD
822,East_Timor_2002,0,42,0,The,the,DT,DT
823,East_Timor_2002,0,42,1,State,state,NNP,NN
824,East_Timor_2002,0,42,2,can,can,MD,MD
825,East_Timor_2002,0,42,3,not,not,RB,RB
826,East_Timor_2002,0,42,4,alienate,alienate,VB,VB
827,East_Timor_2002,0,42,5,any,any,DT,DT
828,East_Timor_2002,0,42,6,part,part,NN,NN
829,East_Timor_2002,0,42,7,of,of,IN,IN
830,East_Timor_2002,0,42,8,the,the,DT,DT
831,East_Timor_2002,0,42,9,East,east,NNP,NN
832,East_Timor_2002,0,42,10,Timorese,timorese,NNP,NN
833,East_Timor_2002,0,42,11,territory,territory,NN,NN
834,East_Timor_2002,0,42,12,or,or,CC,CC
835,East_Timor_2002,0,42,13,the,the,DT,DT
836,East_Timor_2002,0,42,14,rights,rights,NNS,NN
837,East_Timor_2002,0,42,15,of,of,IN,IN
838,East_Timor_2002,0,42,16,sovereignty,sovereignty,NN,NN
839,East_Timor_2002,0,42,17,over,over,IN,IN
840,East_Timor_2002,0,42,18,the,the,DT,DT
841,East_Timor_2002,0,42,19,land,land,NN,NN
842,East_Timor_2002,0,42,21,without,without,IN,IN
843,East_Timor_2002,0,42,22,prejudice,prejudice,NN,NN
844,East_Timor_2002,0,42,23,to,to,TO,TO
845,East_Timor_2002,0,42,24,rectification,rectification,NN,NN
846,East_Timor_2002,0,42,25,of,of,IN,IN
847,East_Timor_2002,0,42,26,borders,borders,NNS,NN
848,East_Timor_2002,0,43,0,Article,article,NN,NN
849,East_Timor_2002,0,43,1,5,5,CD,CD
850,East_Timor_2002,0,44,0,Decentralization,decentralization,NNP,NN
851,East_Timor_2002,0,44,1,Share,share,NNP,NN
852,East_Timor_2002,0,44,2,1,1,CD,CD
853,East_Timor_2002,0,45,0,The,the,DT,DT
854,East_Timor_2002,0,45,1,State,state,NNP,NN
855,East_Timor_2002,0,45,2,respects,respects,NNS,NN
856,East_Timor_2002,0,45,4,on,on,IN,IN
857,East_Timor_2002,0,45,5,matters,matters,NNS,NN
858,East_Timor_2002,0,45,6,of,of,IN,IN
859,East_Timor_2002,0,45,7,territorial,territorial,JJ,JJ
860,East_Timor_2002,0,45,8,organization,organization,NN,NN
861,East_Timor_2002,0,45,10,the,the,DT,DT
862,East_Timor_2002,0,45,11,principle,principle,NN,NN
863,East_Timor_2002,0,45,12,of,of,IN,IN
864,East_Timor_2002,0,45,13,the,the,DT,DT
865,East_Timor_2002,0,45,14,decentralization,decentralization,NN,NN
866,East_Timor_2002,0,45,15,of,of,IN,IN
867,East_Timor_2002,0,45,16,public,public,JJ,JJ
868,East_Timor_2002,0,45,17,administration,administration,NN,NN
869,East_Timor_2002,0,46,0,2,2,CD,CD
870,East_Timor_2002,0,47,0,The,the,DT,DT
871,East_Timor_2002,0,47,1,law,law,NN,NN
872,East_Timor_2002,0,47,2,determines,determines,NNS,NN
873,East_Timor_2002,0,47,3,and,and,CC,CC
874,East_Timor_2002,0,47,4,establishes,establishes,NNS,NN
875,East_Timor_2002,0,47,5,and,and,CC,CC
876,East_Timor_2002,0,47,6,the,the,DT,DT
877,East_Timor_2002,0,47,7,characteristics,characteristics,NNS,NN
878,East_Timor_2002,0,47,8,of,of,IN,IN
879,East_Timor_2002,0,47,9,the,the,DT,DT
880,East_Timor_2002,0,47,10,different,different,JJ,JJ
881,East_Timor_2002,0,47,11,territorial,territorial,JJ,JJ
882,East_Timor_2002,0,47,12,levels,levels,NNS,NN
883,East_Timor_2002,0,47,13,and,and,CC,CC
884,East_Timor_2002,0,47,14,the,the,DT,DT
885,East_Timor_2002,0,47,15,administrative,administrative,JJ,JJ
886,East_Timor_2002,0,47,16,competences,competences,NNS,NN
887,East_Timor_2002,0,47,17,of,of,IN,IN
888,East_Timor_2002,0,47,18,the,the,DT,DT
889,East_Timor_2002,0,47,19,respective,respective,JJ,JJ
890,East_Timor_2002,0,47,20,organs,organs,NNS,NN
891,East_Timor_2002,0,48,0,3,3,CD,CD
892,East_Timor_2002,0,49,0,Oecussi,oecussi,NNP,NN
893,East_Timor_2002,0,49,1,Ambeno,ambeno,NNP,NN
894,East_Timor_2002,0,49,2,and,and,CC,CC
895,East_Timor_2002,0,49,3,Ataúro,ataúro,NNP,NN
896,East_Timor_2002,0,49,4,enjoy,enjoy,VBP,VB
897,East_Timor_2002,0,49,5,special,special,JJ,JJ
898,East_Timor_2002,0,49,6,administrative,administrative,JJ,JJ
899,East_Timor_2002,0,49,7,and,and,CC,CC
900,East_Timor_2002,0,49,8,economic,economic,JJ,JJ
901,East_Timor_2002,0,49,9,treatment,treatment,NN,NN
902,East_Timor_2002,0,50,0,Article,article,NN,NN
903,East_Timor_2002,0,50,1,6,6,CD,CD
904,East_Timor_2002,0,51,0,Objectives,objectives,NNS,NN
905,East_Timor_2002,0,51,1,of,of,IN,IN
906,East_Timor_2002,0,51,2,the,the,DT,DT
907,East_Timor_2002,0,51,3,State,state,NNP,NN
908,East_Timor_2002,0,51,4,Share,share,NNP,NN
909,East_Timor_2002,0,51,5,The,the,DT,DT
910,East_Timor_2002,0,51,6,fundamental,fundamental,JJ,JJ
911,East_Timor_2002,0,51,7,objectives,objectives,NNS,NN
912,East_Timor_2002,0,51,8,of,of,IN,IN
913,East_Timor_2002,0,51,9,the,the,DT,DT
914,East_Timor_2002,0,51,10,State,state,NNP,NN
915,East_Timor_2002,0,51,11,are,are,VBP,VB
916,East_Timor_2002,0,51,13,a.to,ato,JJ,JJ
917,East_Timor_2002,0,51,14,defend,defend,NN,NN
918,East_Timor_2002,0,51,15,and,and,CC,CC
919,East_Timor_2002,0,51,16,guarantee,guarantee,NN,NN
920,East_Timor_2002,0,51,17,the,the,DT,DT
921,East_Timor_2002,0,51,18,sovereignty,sovereignty,NN,NN
922,East_Timor_2002,0,51,19,of,of,IN,IN
923,East_Timor_2002,0,51,20,the,the,DT,DT
924,East_Timor_2002,0,51,21,country,country,NN,NN
925,East_Timor_2002,0,51,23,b.to,bto,CC,CC
926,East_Timor_2002,0,51,24,guarantee,guarantee,NN,NN
927,East_Timor_2002,0,51,25,and,and,CC,CC
928,East_Timor_2002,0,51,26,promote,promote,VB,VB
929,East_Timor_2002,0,51,27,fundamental,fundamental,JJ,JJ
930,East_Timor_2002,0,51,28,rights,rights,NNS,NN
931,East_Timor_2002,0,51,29,and,and,CC,CC
932,East_Timor_2002,0,51,30,freedoms,freedoms,NNS,NN
933,East_Timor_2002,0,51,31,of,of,IN,IN
934,East_Timor_2002,0,51,32,the,the,DT,DT
935,East_Timor_2002,0,51,33,citizens,citizens,NNS,NN
936,East_Timor_2002,0,51,34,and,and,CC,CC
937,East_Timor_2002,0,51,35,the,the,DT,DT
938,East_Timor_2002,0,51,36,respect,respect,NN,NN
939,East_Timor_2002,0,51,37,for,for,IN,IN
940,East_Timor_2002,0,51,38,the,the,DT,DT
941,East_Timor_2002,0,51,39,principles,principles,NNS,NN
942,East_Timor_2002,0,51,40,of,of,IN,IN
943,East_Timor_2002,0,51,41,the,the,DT,DT
944,East_Timor_2002,0,51,42,democratic,democratic,JJ,JJ
945,East_Timor_2002,0,51,43,State,state,NNP,NN
946,East_Timor_2002,0,51,44,based,based,VBN,VB
947,East_Timor_2002,0,51,45,on,on,IN,IN
948,East_Timor_2002,0,51,46,the,the,DT,DT
949,East_Timor_2002,0,51,47,rule,rule,NN,NN
950,East_Timor_2002,0,51,48,of,of,IN,IN
951,East_Timor_2002,0,51,49,law,law,NN,NN
952,East_Timor_2002,0,51,51,c.to,cto,CC,CC
953,East_Timor_2002,0,51,52,defend,defend,VB,VB
954,East_Timor_2002,0,51,53,and,and,CC,CC
955,East_Timor_2002,0,51,54,guarantee,guarantee,VB,VB
956,East_Timor_2002,0,51,55,political,political,JJ,JJ
957,East_Timor_2002,0,51,56,democracy,democracy,NN,NN
958,East_Timor_2002,0,51,57,and,and,CC,CC
959,East_Timor_2002,0,51,58,participation,participation,NN,NN
960,East_Timor_2002,0,51,59,of,of,IN,IN
961,East_Timor_2002,0,51,60,the,the,DT,DT
962,East_Timor_2002,0,51,61,people,people,NNS,NN
963,East_Timor_2002,0,51,62,in,in,IN,IN
964,East_Timor_2002,0,51,63,the,the,DT,DT
965,East_Timor_2002,0,51,64,resolution,resolution,NN,NN
966,East_Timor_2002,0,51,65,of,of,IN,IN
967,East_Timor_2002,0,51,66,national,national,JJ,JJ
968,East_Timor_2002,0,51,67,problems,problems,NNS,NN
969,East_Timor_2002,0,51,69,d.to,dto,VB,VB
970,East_Timor_2002,0,51,70,guarantee,guarantee,NN,NN
971,East_Timor_2002,0,51,71,the,the,DT,DT
972,East_Timor_2002,0,51,72,development,development,NN,NN
973,East_Timor_2002,0,51,73,of,of,IN,IN
974,East_Timor_2002,0,51,74,the,the,DT,DT
975,East_Timor_2002,0,51,75,economy,economy,NN,NN
976,East_Timor_2002,0,51,76,and,and,CC,CC
977,East_Timor_2002,0,51,77,the,the,DT,DT
978,East_Timor_2002,0,51,78,progress,progress,NN,NN
979,East_Timor_2002,0,51,79,of,of,IN,IN
980,East_Timor_2002,0,51,80,science,science,NN,NN
981,East_Timor_2002,0,51,81,and,and,CC,CC
982,East_Timor_2002,0,51,82,technology,technology,NN,NN
983,East_Timor_2002,0,51,84,e.to,eto,CC,CC
984,East_Timor_2002,0,51,85,promote,promote,VB,VB
985,East_Timor_2002,0,51,86,the,the,DT,DT
986,East_Timor_2002,0,51,87,building,building,NN,NN
987,East_Timor_2002,0,51,88,of,of,IN,IN
988,East_Timor_2002,0,51,89,a,a,DT,DT
989,East_Timor_2002,0,51,90,society,society,NN,NN
990,East_Timor_2002,0,51,91,based,based,VBN,VB
991,East_Timor_2002,0,51,92,on,on,IN,IN
992,East_Timor_2002,0,51,93,social,social,JJ,JJ
993,East_Timor_2002,0,51,94,justice,justice,NN,NN
994,East_Timor_2002,0,51,96,by,by,IN,IN
995,East_Timor_2002,0,51,97,establishing,establishing,VBG,VB
996,East_Timor_2002,0,51,98,material,material,NN,NN
997,East_Timor_2002,0,51,99,and,and,CC,CC
998,East_Timor_2002,0,51,100,spiritual,spiritual,JJ,JJ
999,East_Timor_2002,0,51,101,welfare,welfare,NN,NN
1000,East_Timor_2002,0,51,102,of,of,IN,IN
1001,East_Timor_2002,0,51,103,the,the,DT,DT
1002,East_Timor_2002,0,51,104,citizens,citizens,NNS,NN
1003,East_Timor_2002,0,51,106,f.to,fto,NNS,NN
1004,East_Timor_2002,0,51,107,protect,protect,VBP,VB
1005,East_Timor_2002,0,51,108,the,the,DT,DT
1006,East_Timor_2002,0,51,109,environment,environment,NN,NN
1007,East_Timor_2002,0,51,110,and,and,CC,CC
1008,East_Timor_2002,0,51,111,to,to,TO,TO
1009,East_Timor_2002,0,51,112,preserve,preserve,VB,VB
1010,East_Timor_2002,0,51,113,natural,natural,JJ,JJ
1011,East_Timor_2002,0,51,114,resources,resources,NNS,NN
1012,East_Timor_2002,0,51,116,g.to,gto,CC,CC
1013,East_Timor_2002,0,51,117,affirm,affirm,NN,NN
1014,East_Timor_2002,0,51,118,and,and,CC,CC
1015,East_Timor_2002,0,51,119,value,value,NN,NN
1016,East_Timor_2002,0,51,120,the,the,DT,DT
1017,East_Timor_2002,0,51,121,personality,personality,NN,NN
1018,East_Timor_2002,0,51,122,and,and,CC,CC
1019,East_Timor_2002,0,51,123,the,the,DT,DT
1020,East_Timor_2002,0,51,124,cultural,cultural,JJ,JJ
1021,East_Timor_2002,0,51,125,heritage,heritage,NN,NN
1022,East_Timor_2002,0,51,126,of,of,IN,IN
1023,East_Timor_2002,0,51,127,the,the,DT,DT
1024,East_Timor_2002,0,51,128,East,east,NNP,NN
1025,East_Timor_2002,0,51,129,Timorese,timorese,JJ,JJ
1026,East_Timor_2002,0,51,130,people,people,NNS,NN
1027,East_Timor_2002,0,51,132,h.to,hto,JJ,JJ
1028,East_Timor_2002,0,51,133,promote,promote,VBP,VB
1029,East_Timor_2002,0,51,134,the,the,DT,DT
1030,East_Timor_2002,0,51,135,establishment,establishment,NN,NN
1031,East_Timor_2002,0,51,136,and,and,CC,CC
1032,East_Timor_2002,0,51,137,the,the,DT,DT
1033,East_Timor_2002,0,51,138,development,development,NN,NN
1034,East_Timor_2002,0,51,139,of,of,IN,IN
1035,East_Timor_2002,0,51,140,relations,relations,NNS,NN
1036,East_Timor_2002,0,51,141,of,of,IN,IN
1037,East_Timor_2002,0,51,142,friendship,friendship,NN,NN
1038,East_Timor_2002,0,51,143,and,and,CC,CC
1039,East_Timor_2002,0,51,144,cooperation,cooperation,NN,NN
1040,East_Timor_2002,0,51,145,among,among,IN,IN
1041,East_Timor_2002,0,51,146,all,all,DT,DT
1042,East_Timor_2002,0,51,147,Peoples,peoples,NNS,NN
1043,East_Timor_2002,0,51,148,and,and,CC,CC
1044,East_Timor_2002,0,51,149,States,states,NNPS,NN
1045,East_Timor_2002,0,51,151,i.to,ito,VB,VB
1046,East_Timor_2002,0,51,152,promote,promote,VBP,VB
1047,East_Timor_2002,0,51,153,the,the,DT,DT
1048,East_Timor_2002,0,51,154,harmonious,harmonious,JJ,JJ
1049,East_Timor_2002,0,51,155,and,and,CC,CC
1050,East_Timor_2002,0,51,156,integrated,integrated,JJ,JJ
1051,East_Timor_2002,0,51,157,development,development,NN,NN
1052,East_Timor_2002,0,51,158,of,of,IN,IN
1053,East_Timor_2002,0,51,159,the,the,DT,DT
1054,East_Timor_2002,0,51,160,sectors,sectors,NNS,NN
1055,East_Timor_2002,0,51,161,and,and,CC,CC
1056,East_Timor_2002,0,51,162,regions,regions,NNS,NN
1057,East_Timor_2002,0,51,163,and,and,CC,CC
1058,East_Timor_2002,0,51,164,the,the,DT,DT
1059,East_Timor_2002,0,51,165,fair,fair,JJ,JJ
1060,East_Timor_2002,0,51,166,distribution,distribution,NN,NN
1061,East_Timor_2002,0,51,167,of,of,IN,IN
1062,East_Timor_2002,0,51,168,the,the,DT,DT
1063,East_Timor_2002,0,51,169,national,national,JJ,JJ
1064,East_Timor_2002,0,51,170,product,product,NN,NN
1065,East_Timor_2002,0,51,172,j.to,jto,JJ,JJ
1066,East_Timor_2002,0,51,173,promote,promote,VBP,VB
1067,East_Timor_2002,0,51,174,an,an,DT,DT
1068,East_Timor_2002,0,51,175,effective,effective,JJ,JJ
1069,East_Timor_2002,0,51,176,equality,equality,NN,NN
1070,East_Timor_2002,0,51,177,of,of,IN,IN
1071,East_Timor_2002,0,51,178,opportunities,opportunities,NNS,NN
1072,East_Timor_2002,0,51,179,between,between,IN,IN
1073,East_Timor_2002,0,51,180,women,women,NNS,NN
1074,East_Timor_2002,0,51,181,and,and,CC,CC
1075,East_Timor_2002,0,51,182,men,men,NNS,NN
1076,East_Timor_2002,0,52,0,Article,article,NN,NN
1077,East_Timor_2002,0,52,1,7,7,CD,CD
1078,East_Timor_2002,0,53,0,Universal,universal,NNP,NN
1079,East_Timor_2002,0,53,1,Suffrage,suffrage,NNP,NN
1080,East_Timor_2002,0,53,2,and,and,CC,CC
1081,East_Timor_2002,0,53,3,Multi-Party,multiparty,NNP,NN
1082,East_Timor_2002,0,53,4,System,system,NNP,NN
1083,East_Timor_2002,0,53,5,Share,share,NNP,NN
1084,East_Timor_2002,0,53,6,1,1,CD,CD
1085,East_Timor_2002,0,54,0,The,the,DT,DT
1086,East_Timor_2002,0,54,1,people,people,NNS,NN
1087,East_Timor_2002,0,54,2,exercise,exercise,VBP,VB
1088,East_Timor_2002,0,54,3,the,the,DT,DT
1089,East_Timor_2002,0,54,4,political,political,JJ,JJ
1090,East_Timor_2002,0,54,5,power,power,NN,NN
1091,East_Timor_2002,0,54,6,through,through,IN,IN
1092,East_Timor_2002,0,54,7,universal,universal,NN,NN
1093,East_Timor_2002,0,54,9,free,free,JJ,JJ
1094,East_Timor_2002,0,54,11,equal,equal,JJ,JJ
1095,East_Timor_2002,0,54,13,direct,direct,JJ,JJ
1096,East_Timor_2002,0,54,15,secret,secret,JJ,JJ
1097,East_Timor_2002,0,54,16,and,and,CC,CC
1098,East_Timor_2002,0,54,17,periodic,periodic,JJ,JJ
1099,East_Timor_2002,0,54,18,suffrage,suffrage,NN,NN
1100,East_Timor_2002,0,54,19,and,and,CC,CC
1101,East_Timor_2002,0,54,20,through,through,IN,IN
1102,East_Timor_2002,0,54,21,other,other,JJ,JJ
1103,East_Timor_2002,0,54,22,forms,forms,NNS,NN
1104,East_Timor_2002,0,54,23,established,established,VBN,VB
1105,East_Timor_2002,0,54,24,in,in,IN,IN
1106,East_Timor_2002,0,54,25,the,the,DT,DT
1107,East_Timor_2002,0,54,26,Constitution,constitution,NNP,NN
1108,East_Timor_2002,0,55,0,2,2,CD,CD
1109,East_Timor_2002,0,56,0,The,the,DT,DT
1110,East_Timor_2002,0,56,1,State,state,NNP,NN
1111,East_Timor_2002,0,56,2,shall,shall,MD,MD
1112,East_Timor_2002,0,56,3,value,value,NN,NN
1113,East_Timor_2002,0,56,4,the,the,DT,DT
1114,East_Timor_2002,0,56,5,contribution,contribution,NN,NN
1115,East_Timor_2002,0,56,6,of,of,IN,IN
1116,East_Timor_2002,0,56,7,the,the,DT,DT
1117,East_Timor_2002,0,56,8,political,political,JJ,JJ
1118,East_Timor_2002,0,56,9,parties,parties,NNS,NN
1119,East_Timor_2002,0,56,10,for,for,IN,IN
1120,East_Timor_2002,0,56,11,the,the,DT,DT
1121,East_Timor_2002,0,56,12,organized,organized,JJ,JJ
1122,East_Timor_2002,0,56,13,expression,expression,NN,NN
1123,East_Timor_2002,0,56,14,of,of,IN,IN
1124,East_Timor_2002,0,56,15,the,the,DT,DT
1125,East_Timor_2002,0,56,16,popular,popular,JJ,JJ
1126,East_Timor_2002,0,56,17,will,will,MD,MD
1127,East_Timor_2002,0,56,18,and,and,CC,CC
1128,East_Timor_2002,0,56,19,for,for,IN,IN
1129,East_Timor_2002,0,56,20,the,the,DT,DT
1130,East_Timor_2002,0,56,21,democratic,democratic,JJ,JJ
1131,East_Timor_2002,0,56,22,participation,participation,NN,NN
1132,East_Timor_2002,0,56,23,of,of,IN,IN
1133,East_Timor_2002,0,56,24,the,the,DT,DT
1134,East_Timor_2002,0,56,25,citizen,citizen,NN,NN
1135,East_Timor_2002,0,56,26,in,in,IN,IN
1136,East_Timor_2002,0,56,27,the,the,DT,DT
1137,East_Timor_2002,0,56,28,governance,governance,NN,NN
1138,East_Timor_2002,0,56,29,of,of,IN,IN
1139,East_Timor_2002,0,56,30,the,the,DT,DT
1140,East_Timor_2002,0,56,31,country,country,NN,NN
1141,East_Timor_2002,0,57,0,Article,article,NN,NN
1142,East_Timor_2002,0,57,1,8.,8,CD,CD
1143,East_Timor_2002,0,57,2,International,international,NNP,NN
1144,East_Timor_2002,0,57,3,Relations,relations,NNPS,NN
1145,East_Timor_2002,0,57,4,Share,share,NNP,NN
1146,East_Timor_2002,0,57,5,1,1,CD,CD
1147,East_Timor_2002,0,58,0,On,on,IN,IN
1148,East_Timor_2002,0,58,1,matters,matters,NNS,NN
1149,East_Timor_2002,0,58,2,of,of,IN,IN
1150,East_Timor_2002,0,58,3,international,international,JJ,JJ
1151,East_Timor_2002,0,58,4,relations,relations,NNS,NN
1152,East_Timor_2002,0,58,6,the,the,DT,DT
1153,East_Timor_2002,0,58,7,Democratic,democratic,JJ,JJ
1154,East_Timor_2002,0,58,8,Republic,republic,NNP,NN
1155,East_Timor_2002,0,58,9,of,of,IN,IN
1156,East_Timor_2002,0,58,10,East,east,NNP,NN
1157,East_Timor_2002,0,58,11,Timor,timor,NNP,NN
1158,East_Timor_2002,0,58,12,governs,governs,VBZ,VB
1159,East_Timor_2002,0,58,13,itself,itself,PRP,PR
1160,East_Timor_2002,0,58,14,according,according,VBG,VB
1161,East_Timor_2002,0,58,15,to,to,TO,TO
1162,East_Timor_2002,0,58,16,the,the,DT,DT
1163,East_Timor_2002,0,58,17,principles,principles,NNS,NN
1164,East_Timor_2002,0,58,18,of,of,IN,IN
1165,East_Timor_2002,0,58,19,national,national,JJ,JJ
1166,East_Timor_2002,0,58,20,independence,independence,NN,NN
1167,East_Timor_2002,0,58,22,the,the,DT,DT
1168,East_Timor_2002,0,58,23,right,right,NN,NN
1169,East_Timor_2002,0,58,24,of,of,IN,IN
1170,East_Timor_2002,0,58,25,the,the,DT,DT
1171,East_Timor_2002,0,58,26,Peoples,peoples,NNPS,NN
1172,East_Timor_2002,0,58,27,to,to,TO,TO
1173,East_Timor_2002,0,58,28,self-determination,selfdetermination,NN,NN
1174,East_Timor_2002,0,58,29,and,and,CC,CC
1175,East_Timor_2002,0,58,30,independence,independence,NN,NN
1176,East_Timor_2002,0,58,32,the,the,DT,DT
1177,East_Timor_2002,0,58,33,protection,protection,NN,NN
1178,East_Timor_2002,0,58,34,of,of,IN,IN
1179,East_Timor_2002,0,58,35,human,human,JJ,JJ
1180,East_Timor_2002,0,58,36,rights,rights,NNS,NN
1181,East_Timor_2002,0,58,38,the,the,DT,DT
1182,East_Timor_2002,0,58,39,mutual,mutual,JJ,JJ
1183,East_Timor_2002,0,58,40,respect,respect,NN,NN
1184,East_Timor_2002,0,58,41,for,for,IN,IN
1185,East_Timor_2002,0,58,42,sovereignty,sovereignty,NN,NN
1186,East_Timor_2002,0,58,44,territorial,territorial,JJ,JJ
1187,East_Timor_2002,0,58,45,integrity,integrity,NN,NN
1188,East_Timor_2002,0,58,46,and,and,CC,CC
1189,East_Timor_2002,0,58,47,equality,equality,NN,NN
1190,East_Timor_2002,0,58,48,among,among,IN,IN
1191,East_Timor_2002,0,58,49,States,states,NNPS,NN
1192,East_Timor_2002,0,58,50,and,and,CC,CC
1193,East_Timor_2002,0,58,51,the,the,DT,DT
1194,East_Timor_2002,0,58,52,non-interference,noninterference,NN,NN
1195,East_Timor_2002,0,58,53,in,in,IN,IN
1196,East_Timor_2002,0,58,54,domestic,domestic,JJ,JJ
1197,East_Timor_2002,0,58,55,affairs,affairs,NNS,NN
1198,East_Timor_2002,0,58,56,of,of,IN,IN
1199,East_Timor_2002,0,58,57,other,other,JJ,JJ
1200,East_Timor_2002,0,58,58,States,states,NNPS,NN
1201,East_Timor_2002,0,59,0,2,2,CD,CD
1202,East_Timor_2002,0,60,0,The,the,DT,DT
1203,East_Timor_2002,0,60,1,Democratic,democratic,JJ,JJ
1204,East_Timor_2002,0,60,2,Republic,republic,NNP,NN
1205,East_Timor_2002,0,60,3,of,of,IN,IN
1206,East_Timor_2002,0,60,4,East,east,NNP,NN
1207,East_Timor_2002,0,60,5,Timor,timor,NNP,NN
1208,East_Timor_2002,0,60,6,shall,shall,MD,MD
1209,East_Timor_2002,0,60,7,establish,establish,VB,VB
1210,East_Timor_2002,0,60,8,relations,relations,NNS,NN
1211,East_Timor_2002,0,60,9,of,of,IN,IN
1212,East_Timor_2002,0,60,10,friendship,friendship,NN,NN
1213,East_Timor_2002,0,60,11,and,and,CC,CC
1214,East_Timor_2002,0,60,12,cooperation,cooperation,NN,NN
1215,East_Timor_2002,0,60,13,with,with,IN,IN
1216,East_Timor_2002,0,60,14,all,all,DT,DT
1217,East_Timor_2002,0,60,15,other,other,JJ,JJ
1218,East_Timor_2002,0,60,16,peoples,peoples,NNS,NN
1219,East_Timor_2002,0,60,18,aiming,aiming,VBG,VB
1220,East_Timor_2002,0,60,19,at,at,IN,IN
1221,East_Timor_2002,0,60,20,the,the,DT,DT
1222,East_Timor_2002,0,60,21,peaceful,peaceful,JJ,JJ
1223,East_Timor_2002,0,60,22,settlement,settlement,NN,NN
1224,East_Timor_2002,0,60,23,of,of,IN,IN
1225,East_Timor_2002,0,60,24,conflicts,conflicts,NNS,NN
1226,East_Timor_2002,0,60,26,the,the,DT,DT
1227,East_Timor_2002,0,60,27,general,general,JJ,JJ
1228,East_Timor_2002,0,60,29,simultaneous,simultaneous,JJ,JJ
1229,East_Timor_2002,0,60,30,and,and,CC,CC
1230,East_Timor_2002,0,60,31,controlled,controlled,JJ,JJ
1231,East_Timor_2002,0,60,32,disarmament,disarmament,NN,NN
1232,East_Timor_2002,0,60,34,the,the,DT,DT
1233,East_Timor_2002,0,60,35,establishment,establishment,NN,NN
1234,East_Timor_2002,0,60,36,of,of,IN,IN
1235,East_Timor_2002,0,60,37,a,a,DT,DT
1236,East_Timor_2002,0,60,38,system,system,NN,NN
1237,East_Timor_2002,0,60,39,of,of,IN,IN
1238,East_Timor_2002,0,60,40,collective,collective,JJ,JJ
1239,East_Timor_2002,0,60,41,security,security,NN,NN
1240,East_Timor_2002,0,60,42,and,and,CC,CC
1241,East_Timor_2002,0,60,43,the,the,DT,DT
1242,East_Timor_2002,0,60,44,establishment,establishment,NN,NN
1243,East_Timor_2002,0,60,45,of,of,IN,IN
1244,East_Timor_2002,0,60,46,a,a,DT,DT
1245,East_Timor_2002,0,60,47,new,new,JJ,JJ
1246,East_Timor_2002,0,60,48,international,international,JJ,JJ
1247,East_Timor_2002,0,60,49,economic,economic,JJ,JJ
1248,East_Timor_2002,0,60,50,order,order,NN,NN
1249,East_Timor_2002,0,60,51,capable,capable,NN,NN
1250,East_Timor_2002,0,60,52,of,of,IN,IN
1251,East_Timor_2002,0,60,53,ensuring,ensuring,VBG,VB
1252,East_Timor_2002,0,60,54,peace,peace,NN,NN
1253,East_Timor_2002,0,60,55,and,and,CC,CC
1254,East_Timor_2002,0,60,56,justice,justice,NN,NN
1255,East_Timor_2002,0,60,57,in,in,IN,IN
1256,East_Timor_2002,0,60,58,the,the,DT,DT
1257,East_Timor_2002,0,60,59,relations,relations,NNS,NN
1258,East_Timor_2002,0,60,60,among,among,IN,IN
1259,East_Timor_2002,0,60,61,peoples,peoples,NNS,NN
1260,East_Timor_2002,0,61,0,3,3,CD,CD
1261,East_Timor_2002,0,62,0,The,the,DT,DT
1262,East_Timor_2002,0,62,1,Democratic,democratic,JJ,JJ
1263,East_Timor_2002,0,62,2,Republic,republic,NNP,NN
1264,East_Timor_2002,0,62,3,of,of,IN,IN
1265,East_Timor_2002,0,62,4,East,east,NNP,NN
1266,East_Timor_2002,0,62,5,Timor,timor,NNP,NN
1267,East_Timor_2002,0,62,6,shall,shall,MD,MD
1268,East_Timor_2002,0,62,7,maintain,maintain,VB,VB
1269,East_Timor_2002,0,62,8,privileged,privileged,JJ,JJ
1270,East_Timor_2002,0,62,9,ties,ties,NNS,NN
1271,East_Timor_2002,0,62,10,with,with,IN,IN
1272,East_Timor_2002,0,62,11,the,the,DT,DT
1273,East_Timor_2002,0,62,12,countries,countries,NNS,NN
1274,East_Timor_2002,0,62,13,whose,whose,WP$,WP
1275,East_Timor_2002,0,62,14,official,official,JJ,JJ
1276,East_Timor_2002,0,62,15,language,language,NN,NN
1277,East_Timor_2002,0,62,16,is,is,VBZ,VB
1278,East_Timor_2002,0,62,17,Portuguese,portuguese,JJ,JJ
1279,East_Timor_2002,0,63,0,4,4,CD,CD
1280,East_Timor_2002,0,64,0,The,the,DT,DT
1281,East_Timor_2002,0,64,1,Democratic,democratic,JJ,JJ
1282,East_Timor_2002,0,64,2,Republic,republic,NNP,NN
1283,East_Timor_2002,0,64,3,of,of,IN,IN
1284,East_Timor_2002,0,64,4,East,east,NNP,NN
1285,East_Timor_2002,0,64,5,Timor,timor,NNP,NN
1286,East_Timor_2002,0,64,6,shall,shall,MD,MD
1287,East_Timor_2002,0,64,7,maintain,maintain,VB,VB
1288,East_Timor_2002,0,64,8,special,special,JJ,JJ
1289,East_Timor_2002,0,64,9,ties,ties,NNS,NN
1290,East_Timor_2002,0,64,10,of,of,IN,IN
1291,East_Timor_2002,0,64,11,friendship,friendship,NN,NN
1292,East_Timor_2002,0,64,12,and,and,CC,CC
1293,East_Timor_2002,0,64,13,co-operation,cooperation,NN,NN
1294,East_Timor_2002,0,64,14,with,with,IN,IN
1295,East_Timor_2002,0,64,15,the,the,DT,DT
1296,East_Timor_2002,0,64,16,neighboring,neighboring,JJ,JJ
1297,East_Timor_2002,0,64,17,countries,countries,NNS,NN
1298,East_Timor_2002,0,64,18,and,and,CC,CC
1299,East_Timor_2002,0,64,19,the,the,DT,DT
1300,East_Timor_2002,0,64,20,countries,countries,NNS,NN
1301,East_Timor_2002,0,64,21,of,of,IN,IN
1302,East_Timor_2002,0,64,22,the,the,DT,DT
1303,East_Timor_2002,0,64,23,region,region,NN,NN
1304,East_Timor_2002,0,65,0,Article,article,NN,NN
1305,East_Timor_2002,0,65,1,9,9,CD,CD
1306,East_Timor_2002,0,66,0,Reception,reception,NN,NN
1307,East_Timor_2002,0,66,1,of,of,IN,IN
1308,East_Timor_2002,0,66,2,International,international,NNP,NN
1309,East_Timor_2002,0,66,3,Law,law,NNP,NN
1310,East_Timor_2002,0,66,4,Share,share,NNP,NN
1311,East_Timor_2002,0,66,5,1,1,CD,CD
1312,East_Timor_2002,0,67,0,The,the,DT,DT
1313,East_Timor_2002,0,67,1,legal,legal,JJ,JJ
1314,East_Timor_2002,0,67,2,system,system,NN,NN
1315,East_Timor_2002,0,67,3,of,of,IN,IN
1316,East_Timor_2002,0,67,4,East,east,NNP,NN
1317,East_Timor_2002,0,67,5,Timor,timor,NNP,NN
1318,East_Timor_2002,0,67,6,shall,shall,MD,MD
1319,East_Timor_2002,0,67,7,adopt,adopt,VB,VB
1320,East_Timor_2002,0,67,8,the,the,DT,DT
1321,East_Timor_2002,0,67,9,general,general,JJ,JJ
1322,East_Timor_2002,0,67,10,or,or,CC,CC
1323,East_Timor_2002,0,67,11,common,common,JJ,JJ
1324,East_Timor_2002,0,67,12,principles,principles,NNS,NN
1325,East_Timor_2002,0,67,13,of,of,IN,IN
1326,East_Timor_2002,0,67,14,international,international,JJ,JJ
1327,East_Timor_2002,0,67,15,law,law,NN,NN
1328,East_Timor_2002,0,68,0,2,2,CD,CD
1329,East_Timor_2002,0,69,0,Norms,norms,NNS,NN
1330,East_Timor_2002,0,69,1,provided,provided,VBD,VB
1331,East_Timor_2002,0,69,2,for,for,IN,IN
1332,East_Timor_2002,0,69,3,in,in,IN,IN
1333,East_Timor_2002,0,69,4,international,international,JJ,JJ
1334,East_Timor_2002,0,69,5,conventions,conventions,NNS,NN
1335,East_Timor_2002,0,69,7,treaties,treaties,NNS,NN
1336,East_Timor_2002,0,69,8,and,and,CC,CC
1337,East_Timor_2002,0,69,9,agreements,agreements,NNS,NN
1338,East_Timor_2002,0,69,10,shall,shall,MD,MD
1339,East_Timor_2002,0,69,11,apply,apply,VB,VB
1340,East_Timor_2002,0,69,12,in,in,IN,IN
1341,East_Timor_2002,0,69,13,the,the,DT,DT
1342,East_Timor_2002,0,69,14,internal,internal,JJ,JJ
1343,East_Timor_2002,0,69,15,legal,legal,JJ,JJ
1344,East_Timor_2002,0,69,16,system,system,NN,NN
1345,East_Timor_2002,0,69,17,of,of,IN,IN
1346,East_Timor_2002,0,69,18,East,east,NNP,NN
1347,East_Timor_2002,0,69,19,Timor,timor,NNP,NN
1348,East_Timor_2002,0,69,20,following,following,VBG,VB
1349,East_Timor_2002,0,69,21,their,their,PRP$,PR
1350,East_Timor_2002,0,69,22,approval,approval,NN,NN
1351,East_Timor_2002,0,69,24,ratification,ratification,NN,NN
1352,East_Timor_2002,0,69,25,or,or,CC,CC
1353,East_Timor_2002,0,69,26,accession,accession,NN,NN
1354,East_Timor_2002,0,69,27,by,by,IN,IN
1355,East_Timor_2002,0,69,28,the,the,DT,DT
1356,East_Timor_2002,0,69,29,respective,respective,JJ,JJ
1357,East_Timor_2002,0,69,30,competent,competent,NN,NN
1358,East_Timor_2002,0,69,31,organs,organs,NNS,NN
1359,East_Timor_2002,0,69,32,and,and,CC,CC
1360,East_Timor_2002,0,69,33,after,after,IN,IN
1361,East_Timor_2002,0,69,34,publication,publication,NN,NN
1362,East_Timor_2002,0,69,35,in,in,IN,IN
1363,East_Timor_2002,0,69,36,the,the,DT,DT
1364,East_Timor_2002,0,69,37,official,official,JJ,JJ
1365,East_Timor_2002,0,69,38,gazette,gazette,NN,NN
1366,East_Timor_2002,0,70,0,3,3,CD,CD
1367,East_Timor_2002,0,71,0,All,all,DT,DT
1368,East_Timor_2002,0,71,1,norms,norms,NNS,NN
1369,East_Timor_2002,0,71,2,that,that,WDT,WD
1370,East_Timor_2002,0,71,3,are,are,VBP,VB
1371,East_Timor_2002,0,71,4,contrary,contrary,JJ,JJ
1372,East_Timor_2002,0,71,5,to,to,TO,TO
1373,East_Timor_2002,0,71,6,the,the,DT,DT
1374,East_Timor_2002,0,71,7,provisions,provisions,NNS,NN
1375,East_Timor_2002,0,71,8,of,of,IN,IN
1376,East_Timor_2002,0,71,9,international,international,JJ,JJ
1377,East_Timor_2002,0,71,10,conventions,conventions,NNS,NN
1378,East_Timor_2002,0,71,12,treaties,treaties,NNS,NN
1379,East_Timor_2002,0,71,13,and,and,CC,CC
1380,East_Timor_2002,0,71,14,agreements,agreements,NNS,NN
1381,East_Timor_2002,0,71,15,applied,applied,VBN,VB
1382,East_Timor_2002,0,71,16,in,in,IN,IN
1383,East_Timor_2002,0,71,17,the,the,DT,DT
1384,East_Timor_2002,0,71,18,internal,internal,JJ,JJ
1385,East_Timor_2002,0,71,19,legal,legal,JJ,JJ
1386,East_Timor_2002,0,71,20,system,system,NN,NN
1387,East_Timor_2002,0,71,21,of,of,IN,IN
1388,East_Timor_2002,0,71,22,East,east,NNP,NN
1389,East_Timor_2002,0,71,23,Timor,timor,NNP,NN
1390,East_Timor_2002,0,71,24,are,are,VBP,VB
1391,East_Timor_2002,0,71,25,invalid,invalid,JJ,JJ
1392,East_Timor_2002,0,72,0,Article,article,NN,NN
1393,East_Timor_2002,0,72,1,10,10,CD,CD
1394,East_Timor_2002,0,73,0,Solidarity,solidarity,NNP,NN
1395,East_Timor_2002,0,73,1,Share,share,NNP,NN
1396,East_Timor_2002,0,73,2,1,1,CD,CD
1397,East_Timor_2002,0,74,0,The,the,DT,DT
1398,East_Timor_2002,0,74,1,Democratic,democratic,JJ,JJ
1399,East_Timor_2002,0,74,2,Republic,republic,NNP,NN
1400,East_Timor_2002,0,74,3,of,of,IN,IN
1401,East_Timor_2002,0,74,4,East,east,NNP,NN
1402,East_Timor_2002,0,74,5,Timor,timor,NNP,NN
1403,East_Timor_2002,0,74,6,shall,shall,MD,MD
1404,East_Timor_2002,0,74,7,extend,extend,VB,VB
1405,East_Timor_2002,0,74,8,its,its,PRP$,PR
1406,East_Timor_2002,0,74,9,solidarity,solidarity,NN,NN
1407,East_Timor_2002,0,74,10,to,to,TO,TO
1408,East_Timor_2002,0,74,11,the,the,DT,DT
1409,East_Timor_2002,0,74,12,struggle,struggle,NN,NN
1410,East_Timor_2002,0,74,13,of,of,IN,IN
1411,East_Timor_2002,0,74,14,the,the,DT,DT
1412,East_Timor_2002,0,74,15,peoples,peoples,NNS,NN
1413,East_Timor_2002,0,74,16,for,for,IN,IN
1414,East_Timor_2002,0,74,17,national,national,JJ,JJ
1415,East_Timor_2002,0,74,18,liberation,liberation,NN,NN
1416,East_Timor_2002,0,75,0,2,2,CD,CD
1417,East_Timor_2002,0,76,0,The,the,DT,DT
1418,East_Timor_2002,0,76,1,Democratic,democratic,JJ,JJ
1419,East_Timor_2002,0,76,2,Republic,republic,NNP,NN
1420,East_Timor_2002,0,76,3,of,of,IN,IN
1421,East_Timor_2002,0,76,4,East,east,NNP,NN
1422,East_Timor_2002,0,76,5,Timor,timor,NNP,NN
1423,East_Timor_2002,0,76,6,shall,shall,MD,MD
1424,East_Timor_2002,0,76,7,grant,grant,VB,VB
1425,East_Timor_2002,0,76,8,political,political,JJ,JJ
1426,East_Timor_2002,0,76,9,asylum,asylum,NN,NN
1427,East_Timor_2002,0,76,11,in,in,IN,IN
1428,East_Timor_2002,0,76,12,accordance,accordance,NN,NN
1429,East_Timor_2002,0,76,13,with,with,IN,IN
1430,East_Timor_2002,0,76,14,the,the,DT,DT
1431,East_Timor_2002,0,76,15,law,law,NN,NN
1432,East_Timor_2002,0,76,17,to,to,TO,TO
1433,East_Timor_2002,0,76,18,foreigners,foreigners,NNS,NN
1434,East_Timor_2002,0,76,19,persecuted,persecuted,VBN,VB
1435,East_Timor_2002,0,76,20,as,as,IN,IN
1436,East_Timor_2002,0,76,21,a,a,DT,DT
1437,East_Timor_2002,0,76,22,result,result,NN,NN
1438,East_Timor_2002,0,76,23,of,of,IN,IN
1439,East_Timor_2002,0,76,24,their,their,PRP$,PR
1440,East_Timor_2002,0,76,25,struggle,struggle,NN,NN
1441,East_Timor_2002,0,76,26,for,for,IN,IN
1442,East_Timor_2002,0,76,27,national,national,JJ,JJ
1443,East_Timor_2002,0,76,28,and,and,CC,CC
1444,East_Timor_2002,0,76,29,social,social,JJ,JJ
1445,East_Timor_2002,0,76,30,liberation,liberation,NN,NN
1446,East_Timor_2002,0,76,32,defense,defense,NN,NN
1447,East_Timor_2002,0,76,33,of,of,IN,IN
1448,East_Timor_2002,0,76,34,human,human,JJ,JJ
1449,East_Timor_2002,0,76,35,rights,rights,NNS,NN
1450,East_Timor_2002,0,76,37,democracy,democracy,NN,NN
1451,East_Timor_2002,0,76,38,and,and,CC,CC
1452,East_Timor_2002,0,76,39,peace,peace,NN,NN
1453,East_Timor_2002,0,77,0,Article,article,NN,NN
1454,East_Timor_2002,0,77,1,11,11,CD,CD
1455,East_Timor_2002,0,78,0,Valorization,valorization,NN,NN
1456,East_Timor_2002,0,78,1,of,of,IN,IN
1457,East_Timor_2002,0,78,2,Resistance,resistance,NNP,NN
1458,East_Timor_2002,0,78,3,Share,share,NNP,NN
1459,East_Timor_2002,0,78,4,1,1,CD,CD
1460,East_Timor_2002,0,79,0,The,the,DT,DT
1461,East_Timor_2002,0,79,1,Democratic,democratic,JJ,JJ
1462,East_Timor_2002,0,79,2,Republic,republic,NNP,NN
1463,East_Timor_2002,0,79,3,of,of,IN,IN
1464,East_Timor_2002,0,79,4,East,east,NNP,NN
1465,East_Timor_2002,0,79,5,Timor,timor,NNP,NN
1466,East_Timor_2002,0,79,6,acknowledges,acknowledges,NNS,NN
1467,East_Timor_2002,0,79,7,and,and,CC,CC
1468,East_Timor_2002,0,79,8,values,values,VBZ,VB
1469,East_Timor_2002,0,79,9,the,the,DT,DT
1470,East_Timor_2002,0,79,10,secular,secular,JJ,JJ
1471,East_Timor_2002,0,79,11,resistance,resistance,NN,NN
1472,East_Timor_2002,0,79,12,of,of,IN,IN
1473,East_Timor_2002,0,79,13,the,the,DT,DT
1474,East_Timor_2002,0,79,14,Maubere,maubere,NNP,NN
1475,East_Timor_2002,0,79,15,People,people,NNP,NN
1476,East_Timor_2002,0,79,16,against,against,IN,IN
1477,East_Timor_2002,0,79,17,foreign,foreign,JJ,JJ
1478,East_Timor_2002,0,79,18,domination,domination,NN,NN
1479,East_Timor_2002,0,79,19,and,and,CC,CC
1480,East_Timor_2002,0,79,20,the,the,DT,DT
1481,East_Timor_2002,0,79,21,contribution,contribution,NN,NN
1482,East_Timor_2002,0,79,22,of,of,IN,IN
1483,East_Timor_2002,0,79,23,all,all,PDT,PD
1484,East_Timor_2002,0,79,24,those,those,DT,DT
1485,East_Timor_2002,0,79,25,who,who,WP,WP
1486,East_Timor_2002,0,79,26,fought,fought,VBD,VB
1487,East_Timor_2002,0,79,27,for,for,IN,IN
1488,East_Timor_2002,0,79,28,national,national,JJ,JJ
1489,East_Timor_2002,0,79,29,independence,independence,NN,NN
1490,East_Timor_2002,0,80,0,2,2,CD,CD
1491,East_Timor_2002,0,81,0,The,the,DT,DT
1492,East_Timor_2002,0,81,1,State,state,NNP,NN
1493,East_Timor_2002,0,81,2,acknowledges,acknowledges,NNS,NN
1494,East_Timor_2002,0,81,3,and,and,CC,CC
1495,East_Timor_2002,0,81,4,values,values,VBZ,VB
1496,East_Timor_2002,0,81,5,the,the,DT,DT
1497,East_Timor_2002,0,81,6,participation,participation,NN,NN
1498,East_Timor_2002,0,81,7,of,of,IN,IN
1499,East_Timor_2002,0,81,8,the,the,DT,DT
1500,East_Timor_2002,0,81,9,Church,church,NNP,NN
1501,East_Timor_2002,0,81,10,in,in,IN,IN
1502,East_Timor_2002,0,81,11,the,the,DT,DT
1503,East_Timor_2002,0,81,12,process,process,NN,NN
1504,East_Timor_2002,0,81,13,of,of,IN,IN
1505,East_Timor_2002,0,81,14,the,the,DT,DT
1506,East_Timor_2002,0,81,15,national,national,JJ,JJ
1507,East_Timor_2002,0,81,16,liberation,liberation,NN,NN
1508,East_Timor_2002,0,81,17,of,of,IN,IN
1509,East_Timor_2002,0,81,18,East,east,NNP,NN
1510,East_Timor_2002,0,81,19,Timor,timor,NNP,NN
1511,East_Timor_2002,0,82,0,3,3,CD,CD
1512,East_Timor_2002,0,83,0,The,the,DT,DT
1513,East_Timor_2002,0,83,1,State,state,NNP,NN
1514,East_Timor_2002,0,83,2,shall,shall,MD,MD
1515,East_Timor_2002,0,83,3,ensure,ensure,VB,VB
1516,East_Timor_2002,0,83,4,special,special,JJ,JJ
1517,East_Timor_2002,0,83,5,protection,protection,NN,NN
1518,East_Timor_2002,0,83,6,to,to,TO,TO
1519,East_Timor_2002,0,83,7,war-disabled,wardisabled,JJ,JJ
1520,East_Timor_2002,0,83,9,orphans,orphans,NNS,NN
1521,East_Timor_2002,0,83,10,and,and,CC,CC
1522,East_Timor_2002,0,83,11,other,other,JJ,JJ
1523,East_Timor_2002,0,83,12,dependents,dependents,NNS,NN
1524,East_Timor_2002,0,83,13,of,of,IN,IN
1525,East_Timor_2002,0,83,14,those,those,DT,DT
1526,East_Timor_2002,0,83,15,who,who,WP,WP
1527,East_Timor_2002,0,83,16,dedicated,dedicated,VBD,VB
1528,East_Timor_2002,0,83,17,their,their,PRP$,PR
1529,East_Timor_2002,0,83,18,lives,lives,NNS,NN
1530,East_Timor_2002,0,83,19,to,to,TO,TO
1531,East_Timor_2002,0,83,20,the,the,DT,DT
1532,East_Timor_2002,0,83,21,struggle,struggle,NN,NN
1533,East_Timor_2002,0,83,22,for,for,IN,IN
1534,East_Timor_2002,0,83,23,independence,independence,NN,NN
1535,East_Timor_2002,0,83,24,and,and,CC,CC
1536,East_Timor_2002,0,83,25,national,national,JJ,JJ
1537,East_Timor_2002,0,83,26,sovereignty,sovereignty,NN,NN
1538,East_Timor_2002,0,83,28,and,and,CC,CC
1539,East_Timor_2002,0,83,29,shall,shall,MD,MD
1540,East_Timor_2002,0,83,30,protect,protect,VB,VB
1541,East_Timor_2002,0,83,31,all,all,PDT,PD
1542,East_Timor_2002,0,83,32,those,those,DT,DT
1543,East_Timor_2002,0,83,33,who,who,WP,WP
1544,East_Timor_2002,0,83,34,participated,participated,VBD,VB
1545,East_Timor_2002,0,83,35,in,in,IN,IN
1546,East_Timor_2002,0,83,36,the,the,DT,DT
1547,East_Timor_2002,0,83,37,resistance,resistance,NN,NN
1548,East_Timor_2002,0,83,38,against,against,IN,IN
1549,East_Timor_2002,0,83,39,the,the,DT,DT
1550,East_Timor_2002,0,83,40,foreign,foreign,JJ,JJ
1551,East_Timor_2002,0,83,41,occupation,occupation,NN,NN
1552,East_Timor_2002,0,83,43,in,in,IN,IN
1553,East_Timor_2002,0,83,44,accordance,accordance,NN,NN
1554,East_Timor_2002,0,83,45,with,with,IN,IN
1555,East_Timor_2002,0,83,46,the,the,DT,DT
1556,East_Timor_2002,0,83,47,law,law,NN,NN
1557,East_Timor_2002,0,84,0,4,4,CD,CD
1558,East_Timor_2002,0,85,0,The,the,DT,DT
1559,East_Timor_2002,0,85,1,law,law,NN,NN
1560,East_Timor_2002,0,85,2,shall,shall,MD,MD
1561,East_Timor_2002,0,85,3,define,define,VB,VB
1562,East_Timor_2002,0,85,4,the,the,DT,DT
1563,East_Timor_2002,0,85,5,mechanisms,mechanisms,NN,NN
1564,East_Timor_2002,0,85,6,for,for,IN,IN
1565,East_Timor_2002,0,85,7,rendering,rendering,VBG,VB
1566,East_Timor_2002,0,85,8,homage,homage,NN,NN
1567,East_Timor_2002,0,85,9,to,to,TO,TO
1568,East_Timor_2002,0,85,10,the,the,DT,DT
1569,East_Timor_2002,0,85,11,national,national,JJ,JJ
1570,East_Timor_2002,0,85,12,heroes,heroes,NNS,NN
1571,East_Timor_2002,0,86,0,Article,article,NN,NN
1572,East_Timor_2002,0,86,1,12,12,CD,CD
1573,East_Timor_2002,0,87,0,The,the,DT,DT
1574,East_Timor_2002,0,87,1,State,state,NNP,NN
1575,East_Timor_2002,0,87,2,and,and,CC,CC
1576,East_Timor_2002,0,87,3,Religious,religious,NNP,NN
1577,East_Timor_2002,0,87,4,Denominations,denominations,NNP,NN
1578,East_Timor_2002,0,87,5,Share,share,NNP,NN
1579,East_Timor_2002,0,87,6,1,1,CD,CD
1580,East_Timor_2002,0,88,0,The,the,DT,DT
1581,East_Timor_2002,0,88,1,State,state,NNP,NN
1582,East_Timor_2002,0,88,2,recognizes,recognizes,NNS,NN
1583,East_Timor_2002,0,88,3,and,and,CC,CC
1584,East_Timor_2002,0,88,4,respects,respects,VBZ,VB
1585,East_Timor_2002,0,88,5,the,the,DT,DT
1586,East_Timor_2002,0,88,6,different,different,JJ,JJ
1587,East_Timor_2002,0,88,7,religious,religious,JJ,JJ
1588,East_Timor_2002,0,88,8,denominations,denominations,NNS,NN
1589,East_Timor_2002,0,88,10,that,that,WDT,WD
1590,East_Timor_2002,0,88,11,are,are,VBP,VB
1591,East_Timor_2002,0,88,12,free,free,JJ,JJ
1592,East_Timor_2002,0,88,13,in,in,IN,IN
1593,East_Timor_2002,0,88,14,their,their,PRP$,PR
1594,East_Timor_2002,0,88,15,organization,organization,NN,NN
1595,East_Timor_2002,0,88,16,and,and,CC,CC
1596,East_Timor_2002,0,88,17,in,in,IN,IN
1597,East_Timor_2002,0,88,18,the,the,DT,DT
1598,East_Timor_2002,0,88,19,exercise,exercise,NN,NN
1599,East_Timor_2002,0,88,20,of,of,IN,IN
1600,East_Timor_2002,0,88,21,their,their,PRP$,PR
1601,East_Timor_2002,0,88,22,own,own,JJ,JJ
1602,East_Timor_2002,0,88,23,activities,activities,NNS,NN
1603,East_Timor_2002,0,88,25,with,with,IN,IN
1604,East_Timor_2002,0,88,26,due,due,JJ,JJ
1605,East_Timor_2002,0,88,27,observance,observance,NN,NN
1606,East_Timor_2002,0,88,28,of,of,IN,IN
1607,East_Timor_2002,0,88,29,the,the,DT,DT
1608,East_Timor_2002,0,88,30,Constitution,constitution,NNP,NN
1609,East_Timor_2002,0,88,31,and,and,CC,CC
1610,East_Timor_2002,0,88,32,the,the,DT,DT
1611,East_Timor_2002,0,88,33,law,law,NN,NN
1612,East_Timor_2002,0,89,0,2,2,CD,CD
1613,East_Timor_2002,0,90,0,The,the,DT,DT
1614,East_Timor_2002,0,90,1,State,state,NNP,NN
1615,East_Timor_2002,0,90,2,promotes,promotes,VBZ,VB
1616,East_Timor_2002,0,90,3,the,the,DT,DT
1617,East_Timor_2002,0,90,4,cooperation,cooperation,NN,NN
1618,East_Timor_2002,0,90,5,with,with,IN,IN
1619,East_Timor_2002,0,90,6,the,the,DT,DT
1620,East_Timor_2002,0,90,7,different,different,JJ,JJ
1621,East_Timor_2002,0,90,8,religious,religious,JJ,JJ
1622,East_Timor_2002,0,90,9,denominations,denominations,NNS,NN
1623,East_Timor_2002,0,90,10,that,that,WDT,WD
1624,East_Timor_2002,0,90,11,contribute,contribute,VBP,VB
1625,East_Timor_2002,0,90,12,to,to,TO,TO
1626,East_Timor_2002,0,90,13,the,the,DT,DT
1627,East_Timor_2002,0,90,14,well-being,wellbeing,NN,NN
1628,East_Timor_2002,0,90,15,of,of,IN,IN
1629,East_Timor_2002,0,90,16,the,the,DT,DT
1630,East_Timor_2002,0,90,17,people,people,NNS,NN
1631,East_Timor_2002,0,90,18,of,of,IN,IN
1632,East_Timor_2002,0,90,19,East,east,NNP,NN
1633,East_Timor_2002,0,90,20,Timor,timor,NNP,NN
1634,East_Timor_2002,0,91,0,Article,article,NN,NN
1635,East_Timor_2002,0,91,1,13,13,CD,CD
1636,East_Timor_2002,0,92,0,Official,official,JJ,JJ
1637,East_Timor_2002,0,92,1,Languages,languages,NNP,NN
1638,East_Timor_2002,0,92,2,and,and,CC,CC
1639,East_Timor_2002,0,92,3,National,national,NNP,NN
1640,East_Timor_2002,0,92,4,Languages,languages,NNP,NN
1641,East_Timor_2002,0,92,5,Share,share,NNP,NN
1642,East_Timor_2002,0,92,6,1,1,CD,CD
1643,East_Timor_2002,0,93,0,Tetum,tetum,NNP,NN
1644,East_Timor_2002,0,93,1,and,and,CC,CC
1645,East_Timor_2002,0,93,2,Portuguese,portuguese,NNP,NN
1646,East_Timor_2002,0,93,3,shall,shall,MD,MD
1647,East_Timor_2002,0,93,4,be,be,VB,VB
1648,East_Timor_2002,0,93,5,the,the,DT,DT
1649,East_Timor_2002,0,93,6,official,official,JJ,JJ
1650,East_Timor_2002,0,93,7,languages,languages,NNS,NN
1651,East_Timor_2002,0,93,8,in,in,IN,IN
1652,East_Timor_2002,0,93,9,the,the,DT,DT
1653,East_Timor_2002,0,93,10,Democratic,democratic,JJ,JJ
1654,East_Timor_2002,0,93,11,Republic,republic,NNP,NN
1655,East_Timor_2002,0,93,12,of,of,IN,IN
1656,East_Timor_2002,0,93,13,East,east,NNP,NN
1657,East_Timor_2002,0,93,14,Timor,timor,NNP,NN
1658,East_Timor_2002,0,94,0,2,2,CD,CD
1659,East_Timor_2002,0,95,0,Tetum,tetum,NN,NN
1660,East_Timor_2002,0,95,1,and,and,CC,CC
1661,East_Timor_2002,0,95,2,the,the,DT,DT
1662,East_Timor_2002,0,95,3,other,other,JJ,JJ
1663,East_Timor_2002,0,95,4,national,national,JJ,JJ
1664,East_Timor_2002,0,95,5,languages,languages,NNS,NN
1665,East_Timor_2002,0,95,6,shall,shall,MD,MD
1666,East_Timor_2002,0,95,7,be,be,VB,VB
1667,East_Timor_2002,0,95,8,valued,valued,VBN,VB
1668,East_Timor_2002,0,95,9,and,and,CC,CC
1669,East_Timor_2002,0,95,10,developed,developed,VBN,VB
1670,East_Timor_2002,0,95,11,by,by,IN,IN
1671,East_Timor_2002,0,95,12,the,the,DT,DT
1672,East_Timor_2002,0,95,13,State,state,NNP,NN
1673,East_Timor_2002,0,96,0,Article,article,NN,NN
1674,East_Timor_2002,0,96,1,14,14,CD,CD
1675,East_Timor_2002,0,97,0,National,national,NNP,NN
1676,East_Timor_2002,0,97,1,Symbols,symbols,NNP,NN
1677,East_Timor_2002,0,97,2,Share,share,NNP,NN
1678,East_Timor_2002,0,97,3,1,1,CD,CD
1679,East_Timor_2002,0,98,0,The,the,DT,DT
1680,East_Timor_2002,0,98,1,national,national,JJ,JJ
1681,East_Timor_2002,0,98,2,symbols,symbols,NNS,NN
1682,East_Timor_2002,0,98,3,of,of,IN,IN
1683,East_Timor_2002,0,98,4,the,the,DT,DT
1684,East_Timor_2002,0,98,5,Democratic,democratic,JJ,JJ
1685,East_Timor_2002,0,98,6,Republic,republic,NNP,NN
1686,East_Timor_2002,0,98,7,of,of,IN,IN
1687,East_Timor_2002,0,98,8,East,east,NNP,NN
1688,East_Timor_2002,0,98,9,Timor,timor,NNP,NN
1689,East_Timor_2002,0,98,10,shall,shall,MD,MD
1690,East_Timor_2002,0,98,11,be,be,VB,VB
1691,East_Timor_2002,0,98,12,the,the,DT,DT
1692,East_Timor_2002,0,98,13,flag,flag,NN,NN
1693,East_Timor_2002,0,98,15,the,the,DT,DT
1694,East_Timor_2002,0,98,16,emblem,emblem,NN,NN
1695,East_Timor_2002,0,98,17,and,and,CC,CC
1696,East_Timor_2002,0,98,18,the,the,DT,DT
1697,East_Timor_2002,0,98,19,national,national,JJ,JJ
1698,East_Timor_2002,0,98,20,anthem,anthem,NN,NN
1699,East_Timor_2002,0,99,0,2,2,CD,CD
1700,East_Timor_2002,0,100,0,The,the,DT,DT
1701,East_Timor_2002,0,100,1,emblem,emblem,NN,NN
1702,East_Timor_2002,0,100,2,and,and,CC,CC
1703,East_Timor_2002,0,100,3,the,the,DT,DT
1704,East_Timor_2002,0,100,4,national,national,JJ,JJ
1705,East_Timor_2002,0,100,5,anthem,anthem,NN,NN
1706,East_Timor_2002,0,100,6,shall,shall,MD,MD
1707,East_Timor_2002,0,100,7,be,be,VB,VB
1708,East_Timor_2002,0,100,8,approved,approved,VBN,VB
1709,East_Timor_2002,0,100,9,by,by,IN,IN
1710,East_Timor_2002,0,100,10,law,law,NN,NN
1711,East_Timor_2002,0,101,0,Article,article,NN,NN
1712,East_Timor_2002,0,101,1,15,15,CD,CD
1713,East_Timor_2002,0,102,0,National,national,NNP,NN
1714,East_Timor_2002,0,102,1,Flag,flag,NNP,NN
1715,East_Timor_2002,0,102,2,Share,share,NNP,NN
1716,East_Timor_2002,0,102,3,1,1,CD,CD
1717,East_Timor_2002,0,103,0,The,the,DT,DT
1718,East_Timor_2002,0,103,1,National,national,NNP,NN
1719,East_Timor_2002,0,103,2,Flag,flag,NNP,NN
1720,East_Timor_2002,0,103,3,is,is,VBZ,VB
1721,East_Timor_2002,0,103,4,rectangular,rectangular,JJ,JJ
1722,East_Timor_2002,0,103,5,and,and,CC,CC
1723,East_Timor_2002,0,103,6,is,is,VBZ,VB
1724,East_Timor_2002,0,103,7,formed,formed,VBN,VB
1725,East_Timor_2002,0,103,8,by,by,IN,IN
1726,East_Timor_2002,0,103,9,two,two,CD,CD
1727,East_Timor_2002,0,103,10,isosceles,isosceles,NNS,NN
1728,East_Timor_2002,0,103,11,triangles,triangles,NNS,NN
1729,East_Timor_2002,0,103,13,the,the,DT,DT
1730,East_Timor_2002,0,103,14,bases,bases,NNS,NN
1731,East_Timor_2002,0,103,15,of,of,IN,IN
1732,East_Timor_2002,0,103,16,which,which,WDT,WD
1733,East_Timor_2002,0,103,17,are,are,VBP,VB
1734,East_Timor_2002,0,103,18,overlapping,overlapping,VBG,VB
1735,East_Timor_2002,0,104,0,One,one,CD,CD
1736,East_Timor_2002,0,104,1,triangle,triangle,NN,NN
1737,East_Timor_2002,0,104,2,is,is,VBZ,VB
1738,East_Timor_2002,0,104,3,black,black,JJ,JJ
1739,East_Timor_2002,0,104,4,and,and,CC,CC
1740,East_Timor_2002,0,104,5,its,its,PRP$,PR
1741,East_Timor_2002,0,104,6,height,height,NN,NN
1742,East_Timor_2002,0,104,7,is,is,VBZ,VB
1743,East_Timor_2002,0,104,8,equal,equal,JJ,JJ
1744,East_Timor_2002,0,104,9,to,to,TO,TO
1745,East_Timor_2002,0,104,10,one-third,onethird,NN,NN
1746,East_Timor_2002,0,104,11,of,of,IN,IN
1747,East_Timor_2002,0,104,12,the,the,DT,DT
1748,East_Timor_2002,0,104,13,length,length,NN,NN
1749,East_Timor_2002,0,104,14,overlapped,overlapped,VBD,VB
1750,East_Timor_2002,0,104,15,to,to,TO,TO
1751,East_Timor_2002,0,104,16,the,the,DT,DT
1752,East_Timor_2002,0,104,17,yellow,yellow,JJ,JJ
1753,East_Timor_2002,0,104,18,triangle,triangle,NN,NN
1754,East_Timor_2002,0,104,20,whose,whose,WP$,WP
1755,East_Timor_2002,0,104,21,height,height,NN,NN
1756,East_Timor_2002,0,104,22,is,is,VBZ,VB
1757,East_Timor_2002,0,104,23,equal,equal,JJ,JJ
1758,East_Timor_2002,0,104,24,to,to,TO,TO
1759,East_Timor_2002,0,104,25,half,half,PDT,PD
1760,East_Timor_2002,0,104,26,the,the,DT,DT
1761,East_Timor_2002,0,104,27,length,length,NN,NN
1762,East_Timor_2002,0,104,28,of,of,IN,IN
1763,East_Timor_2002,0,104,29,the,the,DT,DT
1764,East_Timor_2002,0,104,30,Flag,flag,NNP,NN
1765,East_Timor_2002,0,105,0,In,in,IN,IN
1766,East_Timor_2002,0,105,1,the,the,DT,DT
1767,East_Timor_2002,0,105,2,center,center,NN,NN
1768,East_Timor_2002,0,105,3,of,of,IN,IN
1769,East_Timor_2002,0,105,4,the,the,DT,DT
1770,East_Timor_2002,0,105,5,black,black,JJ,JJ
1771,East_Timor_2002,0,105,6,triangle,triangle,NN,NN
1772,East_Timor_2002,0,105,7,there,there,EX,EX
1773,East_Timor_2002,0,105,8,is,is,VBZ,VB
1774,East_Timor_2002,0,105,9,a,a,DT,DT
1775,East_Timor_2002,0,105,10,white,white,JJ,JJ
1776,East_Timor_2002,0,105,11,star,star,NN,NN
1777,East_Timor_2002,0,105,12,of,of,IN,IN
1778,East_Timor_2002,0,105,13,five,five,CD,CD
1779,East_Timor_2002,0,105,14,ends,ends,NNS,NN
1780,East_Timor_2002,0,105,16,meaning,meaning,VBG,VB
1781,East_Timor_2002,0,105,17,the,the,DT,DT
1782,East_Timor_2002,0,105,18,light,light,NN,NN
1783,East_Timor_2002,0,105,19,that,that,WDT,WD
1784,East_Timor_2002,0,105,20,guides,guides,VBZ,VB
1785,East_Timor_2002,0,106,0,The,the,DT,DT
1786,East_Timor_2002,0,106,1,white,white,JJ,JJ
1787,East_Timor_2002,0,106,2,star,star,NN,NN
1788,East_Timor_2002,0,106,3,has,has,VBZ,VB
1789,East_Timor_2002,0,106,4,one,one,CD,CD
1790,East_Timor_2002,0,106,5,of,of,IN,IN
1791,East_Timor_2002,0,106,6,its,its,PRP$,PR
1792,East_Timor_2002,0,106,7,ends,ends,NNS,NN
1793,East_Timor_2002,0,106,8,turned,turned,VBD,VB
1794,East_Timor_2002,0,106,9,towards,towards,RP,RP
1795,East_Timor_2002,0,106,10,the,the,DT,DT
1796,East_Timor_2002,0,106,11,upper,upper,JJ,JJ
1797,East_Timor_2002,0,106,12,right,right,JJ,JJ
1798,East_Timor_2002,0,106,13,end,end,NN,NN
1799,East_Timor_2002,0,106,14,of,of,IN,IN
1800,East_Timor_2002,0,106,15,the,the,DT,DT
1801,East_Timor_2002,0,106,16,flag,flag,NN,NN
1802,East_Timor_2002,0,107,0,The,the,DT,DT
1803,East_Timor_2002,0,107,1,remaining,remaining,VBG,VB
1804,East_Timor_2002,0,107,2,part,part,NN,NN
1805,East_Timor_2002,0,107,3,of,of,IN,IN
1806,East_Timor_2002,0,107,4,the,the,DT,DT
1807,East_Timor_2002,0,107,5,flag,flag,NN,NN
1808,East_Timor_2002,0,107,6,is,is,VBZ,VB
1809,East_Timor_2002,0,107,7,purple-red,purplered,JJ,JJ
1810,East_Timor_2002,0,108,0,2,2,CD,CD
1811,East_Timor_2002,0,109,0,The,the,DT,DT
1812,East_Timor_2002,0,109,1,colors,colors,NNS,NN
1813,East_Timor_2002,0,109,2,mean,mean,VBP,VB
1814,East_Timor_2002,0,109,4,Golden-yellow,goldenyellow,JJ,JJ
1815,East_Timor_2002,0,109,6,the,the,DT,DT
1816,East_Timor_2002,0,109,7,wealth,wealth,NN,NN
1817,East_Timor_2002,0,109,8,of,of,IN,IN
1818,East_Timor_2002,0,109,9,the,the,DT,DT
1819,East_Timor_2002,0,109,10,country,country,NN,NN
1820,East_Timor_2002,0,109,12,Black,black,NNP,NN
1821,East_Timor_2002,0,109,14,the,the,DT,DT
1822,East_Timor_2002,0,109,15,obscurantism,obscurantism,NN,NN
1823,East_Timor_2002,0,109,16,that,that,WDT,WD
1824,East_Timor_2002,0,109,17,needs,needs,VBZ,VB
1825,East_Timor_2002,0,109,18,to,to,TO,TO
1826,East_Timor_2002,0,109,19,be,be,VB,VB
1827,East_Timor_2002,0,109,20,overcome,overcome,VBN,VB
1828,East_Timor_2002,0,109,22,Purple-red,purplered,JJ,JJ
1829,East_Timor_2002,0,109,24,the,the,DT,DT
1830,East_Timor_2002,0,109,25,struggle,struggle,NN,NN
1831,East_Timor_2002,0,109,26,for,for,IN,IN
1832,East_Timor_2002,0,109,27,national,national,JJ,JJ
1833,East_Timor_2002,0,109,28,liberation,liberation,NN,NN
1834,East_Timor_2002,0,109,30,White,white,NNP,NN
1835,East_Timor_2002,0,109,32,peace,peace,NN,NN
1836,East_Timor_2002,0,110,0,PART,part,NN,NN
1837,East_Timor_2002,0,110,1,II,ii,NNP,NN
1838,East_Timor_2002,0,111,0,RIGHTS,rights,NNP,NN
1839,East_Timor_2002,0,111,2,DUTIES,duties,NNP,NN
1840,East_Timor_2002,0,111,4,LIBERTIES,liberties,NNP,NN
1841,East_Timor_2002,0,111,5,AND,and,NNP,NN
1842,East_Timor_2002,0,111,6,FUNDAMENTAL,fundamental,NNP,NN
1843,East_Timor_2002,0,111,7,GUARANTEES,guarantees,NNP,NN
1844,East_Timor_2002,0,111,8,TITLE,title,NNP,NN
1845,East_Timor_2002,0,111,9,I,i,PRP,PR
1846,East_Timor_2002,0,112,0,GENERAL,general,NNP,NN
1847,East_Timor_2002,0,112,1,PRINCIPLES,principles,NNP,NN
1848,East_Timor_2002,0,112,2,Article,article,NNP,NN
1849,East_Timor_2002,0,112,3,16,16,CD,CD
1850,East_Timor_2002,0,113,0,Universality,universality,NN,NN
1851,East_Timor_2002,0,113,1,and,and,CC,CC
1852,East_Timor_2002,0,113,2,Equality,equality,NNP,NN
1853,East_Timor_2002,0,113,3,Share,share,NNP,NN
1854,East_Timor_2002,0,113,4,1,1,CD,CD
1855,East_Timor_2002,0,114,0,All,all,DT,DT
1856,East_Timor_2002,0,114,1,citizens,citizens,NNS,NN
1857,East_Timor_2002,0,114,2,are,are,VBP,VB
1858,East_Timor_2002,0,114,3,equal,equal,JJ,JJ
1859,East_Timor_2002,0,114,4,before,before,IN,IN
1860,East_Timor_2002,0,114,5,the,the,DT,DT
1861,East_Timor_2002,0,114,6,law,law,NN,NN
1862,East_Timor_2002,0,114,8,shall,shall,MD,MD
1863,East_Timor_2002,0,114,9,exercise,exercise,VB,VB
1864,East_Timor_2002,0,114,10,the,the,DT,DT
1865,East_Timor_2002,0,114,11,same,same,JJ,JJ
1866,East_Timor_2002,0,114,12,rights,rights,NNS,NN
1867,East_Timor_2002,0,114,13,and,and,CC,CC
1868,East_Timor_2002,0,114,14,shall,shall,MD,MD
1869,East_Timor_2002,0,114,15,be,be,VB,VB
1870,East_Timor_2002,0,114,16,subject,subject,JJ,JJ
1871,East_Timor_2002,0,114,17,to,to,TO,TO
1872,East_Timor_2002,0,114,18,the,the,DT,DT
1873,East_Timor_2002,0,114,19,same,same,JJ,JJ
1874,East_Timor_2002,0,114,20,duties,duties,NNS,NN
1875,East_Timor_2002,0,115,0,2,2,CD,CD
1876,East_Timor_2002,0,116,0,No,no,DT,DT
1877,East_Timor_2002,0,116,1,one,one,NN,NN
1878,East_Timor_2002,0,116,2,may,may,MD,MD
1879,East_Timor_2002,0,116,3,be,be,VB,VB
1880,East_Timor_2002,0,116,4,discriminated,discriminated,VBN,VB
1881,East_Timor_2002,0,116,5,against,against,IN,IN
1882,East_Timor_2002,0,116,6,on,on,IN,IN
1883,East_Timor_2002,0,116,7,grounds,grounds,NNS,NN
1884,East_Timor_2002,0,116,8,of,of,IN,IN
1885,East_Timor_2002,0,116,9,color,color,NN,NN
1886,East_Timor_2002,0,116,11,race,race,NN,NN
1887,East_Timor_2002,0,116,13,marital,marital,JJ,JJ
1888,East_Timor_2002,0,116,14,status,status,NN,NN
1889,East_Timor_2002,0,116,16,gender,gender,NN,NN
1890,East_Timor_2002,0,116,18,ethnic,ethnic,JJ,JJ
1891,East_Timor_2002,0,116,19,origin,origin,NN,NN
1892,East_Timor_2002,0,116,21,social,social,JJ,JJ
1893,East_Timor_2002,0,116,22,or,or,CC,CC
1894,East_Timor_2002,0,116,23,economic,economic,JJ,JJ
1895,East_Timor_2002,0,116,24,status,status,NN,NN
1896,East_Timor_2002,0,116,26,political,political,JJ,JJ
1897,East_Timor_2002,0,116,27,or,or,CC,CC
1898,East_Timor_2002,0,116,28,ideological,ideological,JJ,JJ
1899,East_Timor_2002,0,116,29,convictions,convictions,NNS,NN
1900,East_Timor_2002,0,116,31,religion,religion,NN,NN
1901,East_Timor_2002,0,116,33,education,education,NN,NN
1902,East_Timor_2002,0,116,34,or,or,CC,CC
1903,East_Timor_2002,0,116,35,physical,physical,JJ,JJ
1904,East_Timor_2002,0,116,36,or,or,CC,CC
1905,East_Timor_2002,0,116,37,mental,mental,JJ,JJ
1906,East_Timor_2002,0,116,38,condition,condition,NN,NN
1907,East_Timor_2002,0,117,0,Article,article,NN,NN
1908,East_Timor_2002,0,117,1,17,17,CD,CD
1909,East_Timor_2002,0,118,0,Equality,equality,NN,NN
1910,East_Timor_2002,0,118,1,Between,between,NNP,NN
1911,East_Timor_2002,0,118,2,Women,women,NNP,NN
1912,East_Timor_2002,0,118,3,and,and,CC,CC
1913,East_Timor_2002,0,118,4,Men,men,NNP,NN
1914,East_Timor_2002,0,118,5,Share,share,NNP,NN
1915,East_Timor_2002,0,118,6,Women,women,NNP,NN
1916,East_Timor_2002,0,118,7,and,and,CC,CC
1917,East_Timor_2002,0,118,8,men,men,NNS,NN
1918,East_Timor_2002,0,118,9,have,have,VBP,VB
1919,East_Timor_2002,0,118,10,the,the,DT,DT
1920,East_Timor_2002,0,118,11,same,same,JJ,JJ
1921,East_Timor_2002,0,118,12,rights,rights,NNS,NN
1922,East_Timor_2002,0,118,13,and,and,CC,CC
1923,East_Timor_2002,0,118,14,duties,duties,NNS,NN
1924,East_Timor_2002,0,118,15,in,in,IN,IN
1925,East_Timor_2002,0,118,16,all,all,DT,DT
1926,East_Timor_2002,0,118,17,areas,areas,NNS,NN
1927,East_Timor_2002,0,118,18,of,of,IN,IN
1928,East_Timor_2002,0,118,19,political,political,JJ,JJ
1929,East_Timor_2002,0,118,21,economic,economic,JJ,JJ
1930,East_Timor_2002,0,118,23,social,social,JJ,JJ
1931,East_Timor_2002,0,118,25,cultural,cultural,JJ,JJ
1932,East_Timor_2002,0,118,26,and,and,CC,CC
1933,East_Timor_2002,0,118,27,family,family,NN,NN
1934,East_Timor_2002,0,118,28,life,life,NN,NN
1935,East_Timor_2002,0,119,0,Article,article,NN,NN
1936,East_Timor_2002,0,119,1,18,18,CD,CD
1937,East_Timor_2002,0,120,0,Child,child,NNP,NN
1938,East_Timor_2002,0,120,1,Protection,protection,NNP,NN
1939,East_Timor_2002,0,120,2,Share,share,NNP,NN
1940,East_Timor_2002,0,120,3,1,1,CD,CD
1941,East_Timor_2002,0,121,0,Children,children,NNS,NN
1942,East_Timor_2002,0,121,1,are,are,VBP,VB
1943,East_Timor_2002,0,121,2,entitled,entitled,VBN,VB
1944,East_Timor_2002,0,121,3,to,to,TO,TO
1945,East_Timor_2002,0,121,4,special,special,JJ,JJ
1946,East_Timor_2002,0,121,5,protection,protection,NN,NN
1947,East_Timor_2002,0,121,6,by,by,IN,IN
1948,East_Timor_2002,0,121,7,the,the,DT,DT
1949,East_Timor_2002,0,121,8,family,family,NN,NN
1950,East_Timor_2002,0,121,10,the,the,DT,DT
1951,East_Timor_2002,0,121,11,community,community,NN,NN
1952,East_Timor_2002,0,121,12,and,and,CC,CC
1953,East_Timor_2002,0,121,13,the,the,DT,DT
1954,East_Timor_2002,0,121,14,State,state,NNP,NN
1955,East_Timor_2002,0,121,16,particularly,particularly,RB,RB
1956,East_Timor_2002,0,121,17,against,against,IN,IN
1957,East_Timor_2002,0,121,18,all,all,DT,DT
1958,East_Timor_2002,0,121,19,forms,forms,NNS,NN
1959,East_Timor_2002,0,121,20,of,of,IN,IN
1960,East_Timor_2002,0,121,21,abandonment,abandonment,NN,NN
1961,East_Timor_2002,0,121,23,discrimination,discrimination,NN,NN
1962,East_Timor_2002,0,121,25,violence,violence,NN,NN
1963,East_Timor_2002,0,121,27,oppression,oppression,NN,NN
1964,East_Timor_2002,0,121,29,sexual,sexual,JJ,JJ
1965,East_Timor_2002,0,121,30,abuse,abuse,NN,NN
1966,East_Timor_2002,0,121,31,and,and,CC,CC
1967,East_Timor_2002,0,121,32,exploitation,exploitation,NN,NN
1968,East_Timor_2002,0,122,0,2,2,CD,CD
1969,East_Timor_2002,0,123,0,Children,children,NNP,NN
1970,East_Timor_2002,0,123,1,shall,shall,MD,MD
1971,East_Timor_2002,0,123,2,enjoy,enjoy,VB,VB
1972,East_Timor_2002,0,123,3,all,all,DT,DT
1973,East_Timor_2002,0,123,4,rights,rights,NNS,NN
1974,East_Timor_2002,0,123,5,that,that,WDT,WD
1975,East_Timor_2002,0,123,6,are,are,VBP,VB
1976,East_Timor_2002,0,123,7,universally,universally,RB,RB
1977,East_Timor_2002,0,123,8,recognized,recognized,VBN,VB
1978,East_Timor_2002,0,123,10,as,as,RB,RB
1979,East_Timor_2002,0,123,11,well,well,RB,RB
1980,East_Timor_2002,0,123,12,as,as,IN,IN
1981,East_Timor_2002,0,123,13,all,all,PDT,PD
1982,East_Timor_2002,0,123,14,those,those,DT,DT
1983,East_Timor_2002,0,123,15,that,that,WDT,WD
1984,East_Timor_2002,0,123,16,are,are,VBP,VB
1985,East_Timor_2002,0,123,17,enshrined,enshrined,VBN,VB
1986,East_Timor_2002,0,123,18,in,in,IN,IN
1987,East_Timor_2002,0,123,19,international,international,JJ,JJ
1988,East_Timor_2002,0,123,20,conventions,conventions,NNS,NN
1989,East_Timor_2002,0,123,21,normally,normally,RB,RB
1990,East_Timor_2002,0,123,22,ratified,ratified,VBD,VB
1991,East_Timor_2002,0,123,23,or,or,CC,CC
1992,East_Timor_2002,0,123,24,approved,approved,VBN,VB
1993,East_Timor_2002,0,123,25,by,by,IN,IN
1994,East_Timor_2002,0,123,26,the,the,DT,DT
1995,East_Timor_2002,0,123,27,State,state,NNP,NN
1996,East_Timor_2002,0,124,0,3,3,CD,CD
1997,East_Timor_2002,0,125,0,Every,every,DT,DT
1998,East_Timor_2002,0,125,1,child,child,NN,NN
1999,East_Timor_2002,0,125,2,born,born,VBN,VB
2000,East_Timor_2002,0,125,3,in,in,IN,IN
2001,East_Timor_2002,0,125,4,or,or,CC,CC
2002,East_Timor_2002,0,125,5,outside,outside,IN,IN
2003,East_Timor_2002,0,125,6,wedlock,wedlock,JJ,JJ
2004,East_Timor_2002,0,125,7,shall,shall,MD,MD
2005,East_Timor_2002,0,125,8,enjoy,enjoy,VB,VB
2006,East_Timor_2002,0,125,9,the,the,DT,DT
2007,East_Timor_2002,0,125,10,same,same,JJ,JJ
2008,East_Timor_2002,0,125,11,rights,rights,NNS,NN
2009,East_Timor_2002,0,125,12,and,and,CC,CC
2010,East_Timor_2002,0,125,13,social,social,JJ,JJ
2011,East_Timor_2002,0,125,14,protection,protection,NN,NN
2012,East_Timor_2002,0,126,0,Article,article,NN,NN
2013,East_Timor_2002,0,126,1,19,19,CD,CD
2014,East_Timor_2002,0,127,0,Youth,youth,NNP,NN
2015,East_Timor_2002,0,127,1,Share,share,NNP,NN
2016,East_Timor_2002,0,127,2,1,1,CD,CD
2017,East_Timor_2002,0,128,0,The,the,DT,DT
2018,East_Timor_2002,0,128,1,State,state,NNP,NN
2019,East_Timor_2002,0,128,2,shall,shall,MD,MD
2020,East_Timor_2002,0,128,3,promote,promote,VB,VB
2021,East_Timor_2002,0,128,4,and,and,CC,CC
2022,East_Timor_2002,0,128,5,encourage,encourage,VB,VB
2023,East_Timor_2002,0,128,6,youth,youth,JJR,JJ
2024,East_Timor_2002,0,128,7,initiatives,initiatives,NNS,NN
2025,East_Timor_2002,0,128,8,towards,towards,IN,IN
2026,East_Timor_2002,0,128,9,the,the,DT,DT
2027,East_Timor_2002,0,128,10,consolidation,consolidation,NN,NN
2028,East_Timor_2002,0,128,11,of,of,IN,IN
2029,East_Timor_2002,0,128,12,national,national,JJ,JJ
2030,East_Timor_2002,0,128,13,unity,unity,NN,NN
2031,East_Timor_2002,0,128,15,reconstruction,reconstruction,NN,NN
2032,East_Timor_2002,0,128,17,defense,defense,NN,NN
2033,East_Timor_2002,0,128,18,and,and,CC,CC
2034,East_Timor_2002,0,128,19,development,development,NN,NN
2035,East_Timor_2002,0,128,20,of,of,IN,IN
2036,East_Timor_2002,0,128,21,the,the,DT,DT
2037,East_Timor_2002,0,128,22,country,country,NN,NN
2038,East_Timor_2002,0,129,0,2,2,CD,CD
2039,East_Timor_2002,0,130,0,The,the,DT,DT
2040,East_Timor_2002,0,130,1,State,state,NNP,NN
2041,East_Timor_2002,0,130,2,shall,shall,MD,MD
2042,East_Timor_2002,0,130,3,promote,promote,VB,VB
2043,East_Timor_2002,0,130,4,education,education,NN,NN
2044,East_Timor_2002,0,130,6,health,health,NN,NN
2045,East_Timor_2002,0,130,7,and,and,CC,CC
2046,East_Timor_2002,0,130,8,vocational,vocational,JJ,JJ
2047,East_Timor_2002,0,130,9,training,training,NN,NN
2048,East_Timor_2002,0,130,10,for,for,IN,IN
2049,East_Timor_2002,0,130,11,the,the,DT,DT
2050,East_Timor_2002,0,130,12,youth,youth,NN,NN
2051,East_Timor_2002,0,130,13,as,as,IN,IN
2052,East_Timor_2002,0,130,14,may,may,MD,MD
2053,East_Timor_2002,0,130,15,be,be,VB,VB
2054,East_Timor_2002,0,130,16,practicable,practicable,JJ,JJ
2055,East_Timor_2002,0,131,0,Article,article,NN,NN
2056,East_Timor_2002,0,131,1,20,20,CD,CD
2057,East_Timor_2002,0,132,0,Old,old,NNP,NN
2058,East_Timor_2002,0,132,1,Age,age,NNP,NN
2059,East_Timor_2002,0,132,2,Share,share,NNP,NN
2060,East_Timor_2002,0,132,3,1,1,CD,CD
2061,East_Timor_2002,0,133,0,All,all,DT,DT
2062,East_Timor_2002,0,133,1,old,old,JJ,JJ
2063,East_Timor_2002,0,133,2,age,age,NN,NN
2064,East_Timor_2002,0,133,3,citizens,citizens,NNS,NN
2065,East_Timor_2002,0,133,4,have,have,VBP,VB
2066,East_Timor_2002,0,133,5,the,the,DT,DT
2067,East_Timor_2002,0,133,6,right,right,NN,NN
2068,East_Timor_2002,0,133,7,to,to,TO,TO
2069,East_Timor_2002,0,133,8,special,special,JJ,JJ
2070,East_Timor_2002,0,133,9,protection,protection,NN,NN
2071,East_Timor_2002,0,133,10,by,by,IN,IN
2072,East_Timor_2002,0,133,11,the,the,DT,DT
2073,East_Timor_2002,0,133,12,State,state,NNP,NN
2074,East_Timor_2002,0,134,0,2,2,CD,CD
2075,East_Timor_2002,0,135,0,The,the,DT,DT
2076,East_Timor_2002,0,135,1,old,old,JJ,JJ
2077,East_Timor_2002,0,135,2,age,age,NN,NN
2078,East_Timor_2002,0,135,3,policy,policy,NN,NN
2079,East_Timor_2002,0,135,4,entails,entails,VBZ,VB
2080,East_Timor_2002,0,135,5,measures,measures,NNS,NN
2081,East_Timor_2002,0,135,6,of,of,IN,IN
2082,East_Timor_2002,0,135,7,economic,economic,JJ,JJ
2083,East_Timor_2002,0,135,9,social,social,JJ,JJ
2084,East_Timor_2002,0,135,10,and,and,CC,CC
2085,East_Timor_2002,0,135,11,cultural,cultural,JJ,JJ
2086,East_Timor_2002,0,135,12,nature,nature,NN,NN
2087,East_Timor_2002,0,135,13,designed,designed,VBN,VB
2088,East_Timor_2002,0,135,14,to,to,TO,TO
2089,East_Timor_2002,0,135,15,provide,provide,VB,VB
2090,East_Timor_2002,0,135,16,the,the,DT,DT
2091,East_Timor_2002,0,135,17,elderly,elderly,JJ,JJ
2092,East_Timor_2002,0,135,18,with,with,IN,IN
2093,East_Timor_2002,0,135,19,opportunities,opportunities,NNS,NN
2094,East_Timor_2002,0,135,20,for,for,IN,IN
2095,East_Timor_2002,0,135,21,personal,personal,JJ,JJ
2096,East_Timor_2002,0,135,22,achievement,achievement,NN,NN
2097,East_Timor_2002,0,135,23,through,through,IN,IN
2098,East_Timor_2002,0,135,24,active,active,JJ,JJ
2099,East_Timor_2002,0,135,25,and,and,CC,CC
2100,East_Timor_2002,0,135,26,signifying,signifying,VBG,VB
2101,East_Timor_2002,0,135,27,participation,participation,NN,NN
2102,East_Timor_2002,0,135,28,in,in,IN,IN
2103,East_Timor_2002,0,135,29,the,the,DT,DT
2104,East_Timor_2002,0,135,30,community,community,NN,NN
2105,East_Timor_2002,0,136,0,Article,article,NN,NN
2106,East_Timor_2002,0,136,1,21,21,CD,CD
2107,East_Timor_2002,0,137,0,Disabled,disabled,VBN,VB
2108,East_Timor_2002,0,137,1,Citizen,citizen,NNP,NN
2109,East_Timor_2002,0,137,2,Share,share,NNP,NN
2110,East_Timor_2002,0,137,3,1,1,CD,CD
2111,East_Timor_2002,0,138,0,A,a,DT,DT
2112,East_Timor_2002,0,138,1,disabled,disabled,JJ,JJ
2113,East_Timor_2002,0,138,2,citizen,citizen,NN,NN
2114,East_Timor_2002,0,138,3,shall,shall,MD,MD
2115,East_Timor_2002,0,138,4,enjoy,enjoy,VB,VB
2116,East_Timor_2002,0,138,5,the,the,DT,DT
2117,East_Timor_2002,0,138,6,same,same,JJ,JJ
2118,East_Timor_2002,0,138,7,rights,rights,NNS,NN
2119,East_Timor_2002,0,138,8,and,and,CC,CC
2120,East_Timor_2002,0,138,9,shall,shall,MD,MD
2121,East_Timor_2002,0,138,10,be,be,VB,VB
2122,East_Timor_2002,0,138,11,subject,subject,JJ,JJ
2123,East_Timor_2002,0,138,12,to,to,TO,TO
2124,East_Timor_2002,0,138,13,the,the,DT,DT
2125,East_Timor_2002,0,138,14,same,same,JJ,JJ
2126,East_Timor_2002,0,138,15,duties,duties,NNS,NN
2127,East_Timor_2002,0,138,16,as,as,IN,IN
2128,East_Timor_2002,0,138,17,all,all,DT,DT
2129,East_Timor_2002,0,138,18,other,other,JJ,JJ
2130,East_Timor_2002,0,138,19,citizens,citizens,NNS,NN
2131,East_Timor_2002,0,138,21,except,except,IN,IN
2132,East_Timor_2002,0,138,22,for,for,IN,IN
2133,East_Timor_2002,0,138,23,the,the,DT,DT
2134,East_Timor_2002,0,138,24,rights,rights,NNS,NN
2135,East_Timor_2002,0,138,25,and,and,CC,CC
2136,East_Timor_2002,0,138,26,duties,duties,NNS,NN
2137,East_Timor_2002,0,138,27,which,which,WDT,WD
2138,East_Timor_2002,0,138,28,they,they,PRP,PR
2139,East_Timor_2002,0,138,29,are,are,VBP,VB
2140,East_Timor_2002,0,138,30,unable,unable,JJ,JJ
2141,East_Timor_2002,0,138,31,to,to,TO,TO
2142,East_Timor_2002,0,138,32,exercise,exercise,VB,VB
2143,East_Timor_2002,0,138,33,or,or,CC,CC
2144,East_Timor_2002,0,138,34,fulfill,fulfill,VB,VB
2145,East_Timor_2002,0,138,35,due,due,JJ,JJ
2146,East_Timor_2002,0,138,36,to,to,TO,TO
2147,East_Timor_2002,0,138,37,their,their,PRP$,PR
2148,East_Timor_2002,0,138,38,disability,disability,NN,NN
2149,East_Timor_2002,0,139,0,2,2,CD,CD
2150,East_Timor_2002,0,140,0,The,the,DT,DT
2151,East_Timor_2002,0,140,1,State,state,NNP,NN
2152,East_Timor_2002,0,140,2,shall,shall,MD,MD
2153,East_Timor_2002,0,140,3,promote,promote,VB,VB
2154,East_Timor_2002,0,140,4,the,the,DT,DT
2155,East_Timor_2002,0,140,5,protection,protection,NN,NN
2156,East_Timor_2002,0,140,6,of,of,IN,IN
2157,East_Timor_2002,0,140,7,disabled,disabled,JJ,JJ
2158,East_Timor_2002,0,140,8,citizens,citizens,NNS,NN
2159,East_Timor_2002,0,140,9,as,as,IN,IN
2160,East_Timor_2002,0,140,10,may,may,MD,MD
2161,East_Timor_2002,0,140,11,be,be,VB,VB
2162,East_Timor_2002,0,140,12,practicable,practicable,JJ,JJ
2163,East_Timor_2002,0,140,13,and,and,CC,CC
2164,East_Timor_2002,0,140,14,in,in,IN,IN
2165,East_Timor_2002,0,140,15,accordance,accordance,NN,NN
2166,East_Timor_2002,0,140,16,with,with,IN,IN
2167,East_Timor_2002,0,140,17,the,the,DT,DT
2168,East_Timor_2002,0,140,18,law,law,NN,NN
2169,East_Timor_2002,0,141,0,Article,article,NN,NN
2170,East_Timor_2002,0,141,1,22,22,CD,CD
2171,East_Timor_2002,0,142,0,East,east,NNP,NN
2172,East_Timor_2002,0,142,1,Timorese,timorese,JJ,JJ
2173,East_Timor_2002,0,142,2,Citizens,citizens,NNP,NN
2174,East_Timor_2002,0,142,3,Overseas,overseas,NNP,NN
2175,East_Timor_2002,0,142,4,Share,share,NNP,NN
2176,East_Timor_2002,0,142,5,East,east,NNP,NN
2177,East_Timor_2002,0,142,6,Timorese,timorese,NNP,NN
2178,East_Timor_2002,0,142,7,citizens,citizens,NNS,NN
2179,East_Timor_2002,0,142,8,who,who,WP,WP
2180,East_Timor_2002,0,142,9,are,are,VBP,VB
2181,East_Timor_2002,0,142,10,or,or,CC,CC
2182,East_Timor_2002,0,142,11,live,live,JJ,JJ
2183,East_Timor_2002,0,142,12,overseas,overseas,JJ,JJ
2184,East_Timor_2002,0,142,13,enjoy,enjoy,NN,NN
2185,East_Timor_2002,0,142,14,protection,protection,NN,NN
2186,East_Timor_2002,0,142,15,by,by,IN,IN
2187,East_Timor_2002,0,142,16,the,the,DT,DT
2188,East_Timor_2002,0,142,17,State,state,NNP,NN
2189,East_Timor_2002,0,142,18,for,for,IN,IN
2190,East_Timor_2002,0,142,19,the,the,DT,DT
2191,East_Timor_2002,0,142,20,exercise,exercise,NN,NN
2192,East_Timor_2002,0,142,21,of,of,IN,IN
2193,East_Timor_2002,0,142,22,their,their,PRP$,PR
2194,East_Timor_2002,0,142,23,rights,rights,NNS,NN
2195,East_Timor_2002,0,142,24,and,and,CC,CC
2196,East_Timor_2002,0,142,25,are,are,VBP,VB
2197,East_Timor_2002,0,142,26,subject,subject,JJ,JJ
2198,East_Timor_2002,0,142,27,to,to,TO,TO
2199,East_Timor_2002,0,142,28,duties,duties,NNS,NN
2200,East_Timor_2002,0,142,29,not,not,RB,RB
2201,East_Timor_2002,0,142,30,incompatible,incompatible,JJ,JJ
2202,East_Timor_2002,0,142,31,with,with,IN,IN
2203,East_Timor_2002,0,142,32,their,their,PRP$,PR
2204,East_Timor_2002,0,142,33,absence,absence,NN,NN
2205,East_Timor_2002,0,142,34,from,from,IN,IN
2206,East_Timor_2002,0,142,35,the,the,DT,DT
2207,East_Timor_2002,0,142,36,country,country,NN,NN
2208,East_Timor_2002,0,143,0,Article,article,NN,NN
2209,East_Timor_2002,0,143,1,23,23,CD,CD
2210,East_Timor_2002,0,144,0,Interpretation,interpretation,NN,NN
2211,East_Timor_2002,0,144,1,of,of,IN,IN
2212,East_Timor_2002,0,144,2,Fundamental,fundamental,NNP,NN
2213,East_Timor_2002,0,144,3,Rights,rights,NNP,NN
2214,East_Timor_2002,0,144,4,Share,share,NNP,NN
2215,East_Timor_2002,0,144,5,Fundamental,fundamental,NNP,NN
2216,East_Timor_2002,0,144,6,rights,rights,NNS,NN
2217,East_Timor_2002,0,144,7,enshrined,enshrined,VBN,VB
2218,East_Timor_2002,0,144,8,in,in,IN,IN
2219,East_Timor_2002,0,144,9,the,the,DT,DT
2220,East_Timor_2002,0,144,10,Constitution,constitution,NNP,NN
2221,East_Timor_2002,0,144,11,shall,shall,MD,MD
2222,East_Timor_2002,0,144,12,not,not,RB,RB
2223,East_Timor_2002,0,144,13,exclude,exclude,VB,VB
2224,East_Timor_2002,0,144,14,any,any,DT,DT
2225,East_Timor_2002,0,144,15,other,other,JJ,JJ
2226,East_Timor_2002,0,144,16,rights,rights,NNS,NN
2227,East_Timor_2002,0,144,17,provided,provided,VBN,VB
2228,East_Timor_2002,0,144,18,for,for,IN,IN
2229,East_Timor_2002,0,144,19,by,by,IN,IN
2230,East_Timor_2002,0,144,20,the,the,DT,DT
2231,East_Timor_2002,0,144,21,law,law,NN,NN
2232,East_Timor_2002,0,144,22,and,and,CC,CC
2233,East_Timor_2002,0,144,23,shall,shall,MD,MD
2234,East_Timor_2002,0,144,24,be,be,VB,VB
2235,East_Timor_2002,0,144,25,interpreted,interpreted,VBN,VB
2236,East_Timor_2002,0,144,26,in,in,IN,IN
2237,East_Timor_2002,0,144,27,accordance,accordance,NN,NN
2238,East_Timor_2002,0,144,28,with,with,IN,IN
2239,East_Timor_2002,0,144,29,the,the,DT,DT
2240,East_Timor_2002,0,144,30,Universal,universal,NNP,NN
2241,East_Timor_2002,0,144,31,Declaration,declaration,NNP,NN
2242,East_Timor_2002,0,144,32,of,of,IN,IN
2243,East_Timor_2002,0,144,33,Human,human,NNP,NN
2244,East_Timor_2002,0,144,34,Rights,rights,NNPS,NN
2245,East_Timor_2002,0,145,0,Article,article,NN,NN
2246,East_Timor_2002,0,145,1,24,24,CD,CD
2247,East_Timor_2002,0,146,0,Restrictive,restrictive,NNP,NN
2248,East_Timor_2002,0,146,1,Laws,laws,NNP,NN
2249,East_Timor_2002,0,146,2,Share,share,NNP,NN
2250,East_Timor_2002,0,146,3,1,1,CD,CD
2251,East_Timor_2002,0,147,0,Restriction,restriction,NN,NN
2252,East_Timor_2002,0,147,1,of,of,IN,IN
2253,East_Timor_2002,0,147,2,rights,rights,NNS,NN
2254,East_Timor_2002,0,147,4,freedoms,freedoms,NNS,NN
2255,East_Timor_2002,0,147,5,and,and,CC,CC
2256,East_Timor_2002,0,147,6,guarantees,guarantees,NNS,NN
2257,East_Timor_2002,0,147,7,can,can,MD,MD
2258,East_Timor_2002,0,147,8,only,only,RB,RB
2259,East_Timor_2002,0,147,9,be,be,VB,VB
2260,East_Timor_2002,0,147,10,imposed,imposed,VBN,VB
2261,East_Timor_2002,0,147,11,by,by,IN,IN
2262,East_Timor_2002,0,147,12,law,law,NN,NN
2263,East_Timor_2002,0,147,13,in,in,IN,IN
2264,East_Timor_2002,0,147,14,order,order,NN,NN
2265,East_Timor_2002,0,147,15,to,to,TO,TO
2266,East_Timor_2002,0,147,16,safeguard,safeguard,VB,VB
2267,East_Timor_2002,0,147,17,other,other,JJ,JJ
2268,East_Timor_2002,0,147,18,constitutionally,constitutionally,RB,RB
2269,East_Timor_2002,0,147,19,protected,protected,VBN,VB
2270,East_Timor_2002,0,147,20,rights,rights,NNS,NN
2271,East_Timor_2002,0,147,21,or,or,CC,CC
2272,East_Timor_2002,0,147,22,interests,interests,NNS,NN
2273,East_Timor_2002,0,147,23,and,and,CC,CC
2274,East_Timor_2002,0,147,24,in,in,IN,IN
2275,East_Timor_2002,0,147,25,cases,cases,NNS,NN
2276,East_Timor_2002,0,147,26,clearly,clearly,RB,RB
2277,East_Timor_2002,0,147,27,provided,provided,VBN,VB
2278,East_Timor_2002,0,147,28,for,for,IN,IN
2279,East_Timor_2002,0,147,29,by,by,IN,IN
2280,East_Timor_2002,0,147,30,the,the,DT,DT
2281,East_Timor_2002,0,147,31,Constitution,constitution,NNP,NN
2282,East_Timor_2002,0,148,0,2,2,CD,CD
2283,East_Timor_2002,0,149,0,Laws,laws,NNP,NN
2284,East_Timor_2002,0,149,1,restricting,restricting,VBG,VB
2285,East_Timor_2002,0,149,2,rights,rights,NNS,NN
2286,East_Timor_2002,0,149,4,freedoms,freedoms,NNS,NN
2287,East_Timor_2002,0,149,5,and,and,CC,CC
2288,East_Timor_2002,0,149,6,guarantees,guarantees,NNS,NN
2289,East_Timor_2002,0,149,7,have,have,VBP,VB
2290,East_Timor_2002,0,149,8,necessarily,necessarily,RB,RB
2291,East_Timor_2002,0,149,9,a,a,DT,DT
2292,East_Timor_2002,0,149,10,general,general,JJ,JJ
2293,East_Timor_2002,0,149,11,and,and,CC,CC
2294,East_Timor_2002,0,149,12,abstract,abstract,JJ,JJ
2295,East_Timor_2002,0,149,13,nature,nature,NN,NN
2296,East_Timor_2002,0,149,14,and,and,CC,CC
2297,East_Timor_2002,0,149,15,may,may,MD,MD
2298,East_Timor_2002,0,149,16,not,not,RB,RB
2299,East_Timor_2002,0,149,17,reduce,reduce,VB,VB
2300,East_Timor_2002,0,149,18,the,the,DT,DT
2301,East_Timor_2002,0,149,19,extent,extent,NN,NN
2302,East_Timor_2002,0,149,20,and,and,CC,CC
2303,East_Timor_2002,0,149,21,scope,scope,NN,NN
2304,East_Timor_2002,0,149,22,of,of,IN,IN
2305,East_Timor_2002,0,149,23,the,the,DT,DT
2306,East_Timor_2002,0,149,24,essential,essential,JJ,JJ
2307,East_Timor_2002,0,149,25,contents,contents,NNS,NN
2308,East_Timor_2002,0,149,26,of,of,IN,IN
2309,East_Timor_2002,0,149,27,constitutional,constitutional,JJ,JJ
2310,East_Timor_2002,0,149,28,provisions,provisions,NNS,NN
2311,East_Timor_2002,0,149,29,and,and,CC,CC
2312,East_Timor_2002,0,149,30,shall,shall,MD,MD
2313,East_Timor_2002,0,149,31,not,not,RB,RB
2314,East_Timor_2002,0,149,32,have,have,VB,VB
2315,East_Timor_2002,0,149,33,a,a,DT,DT
2316,East_Timor_2002,0,149,34,retroactive,retroactive,JJ,JJ
2317,East_Timor_2002,0,149,35,effect,effect,NN,NN
2318,East_Timor_2002,0,150,0,Article,article,NN,NN
2319,East_Timor_2002,0,150,1,25,25,CD,CD
2320,East_Timor_2002,0,151,0,State,state,NN,NN
2321,East_Timor_2002,0,151,1,of,of,IN,IN
2322,East_Timor_2002,0,151,2,Exception,exception,NNP,NN
2323,East_Timor_2002,0,151,3,Share,share,NNP,NN
2324,East_Timor_2002,0,151,4,1,1,CD,CD
2325,East_Timor_2002,0,152,0,Suspension,suspension,NN,NN
2326,East_Timor_2002,0,152,1,of,of,IN,IN
2327,East_Timor_2002,0,152,2,the,the,DT,DT
2328,East_Timor_2002,0,152,3,exercise,exercise,NN,NN
2329,East_Timor_2002,0,152,4,of,of,IN,IN
2330,East_Timor_2002,0,152,5,fundamental,fundamental,JJ,JJ
2331,East_Timor_2002,0,152,6,rights,rights,NNS,NN
2332,East_Timor_2002,0,152,8,freedoms,freedoms,NNS,NN
2333,East_Timor_2002,0,152,9,and,and,CC,CC
2334,East_Timor_2002,0,152,10,guarantees,guarantees,NNS,NN
2335,East_Timor_2002,0,152,11,shall,shall,MD,MD
2336,East_Timor_2002,0,152,12,only,only,RB,RB
2337,East_Timor_2002,0,152,13,take,take,VB,VB
2338,East_Timor_2002,0,152,14,place,place,NN,NN
2339,East_Timor_2002,0,152,15,if,if,IN,IN
2340,East_Timor_2002,0,152,16,a,a,DT,DT
2341,East_Timor_2002,0,152,17,state,state,NN,NN
2342,East_Timor_2002,0,152,18,of,of,IN,IN
2343,East_Timor_2002,0,152,19,siege,siege,NN,NN
2344,East_Timor_2002,0,152,20,or,or,CC,CC
2345,East_Timor_2002,0,152,21,a,a,DT,DT
2346,East_Timor_2002,0,152,22,state,state,NN,NN
2347,East_Timor_2002,0,152,23,of,of,IN,IN
2348,East_Timor_2002,0,152,24,emergency,emergency,NN,NN
2349,East_Timor_2002,0,152,25,has,has,VBZ,VB
2350,East_Timor_2002,0,152,26,been,been,VBN,VB
2351,East_Timor_2002,0,152,27,declared,declared,VBN,VB
2352,East_Timor_2002,0,152,28,as,as,IN,IN
2353,East_Timor_2002,0,152,29,provided,provided,VBN,VB
2354,East_Timor_2002,0,152,30,for,for,IN,IN
2355,East_Timor_2002,0,152,31,by,by,IN,IN
2356,East_Timor_2002,0,152,32,the,the,DT,DT
2357,East_Timor_2002,0,152,33,Constitution,constitution,NNP,NN
2358,East_Timor_2002,0,153,0,2,2,CD,CD
2359,East_Timor_2002,0,154,0,A,a,DT,DT
2360,East_Timor_2002,0,154,1,state,state,NN,NN
2361,East_Timor_2002,0,154,2,of,of,IN,IN
2362,East_Timor_2002,0,154,3,siege,siege,NN,NN
2363,East_Timor_2002,0,154,4,or,or,CC,CC
2364,East_Timor_2002,0,154,5,a,a,DT,DT
2365,East_Timor_2002,0,154,6,state,state,NN,NN
2366,East_Timor_2002,0,154,7,of,of,IN,IN
2367,East_Timor_2002,0,154,8,emergency,emergency,NN,NN
2368,East_Timor_2002,0,154,9,shall,shall,MD,MD
2369,East_Timor_2002,0,154,10,only,only,RB,RB
2370,East_Timor_2002,0,154,11,be,be,VB,VB
2371,East_Timor_2002,0,154,12,declared,declared,VBN,VB
2372,East_Timor_2002,0,154,13,in,in,IN,IN
2373,East_Timor_2002,0,154,14,case,case,NN,NN
2374,East_Timor_2002,0,154,15,of,of,IN,IN
2375,East_Timor_2002,0,154,16,actual,actual,JJ,JJ
2376,East_Timor_2002,0,154,17,or,or,CC,CC
2377,East_Timor_2002,0,154,18,impending,impending,VBG,VB
2378,East_Timor_2002,0,154,19,aggression,aggression,NN,NN
2379,East_Timor_2002,0,154,20,by,by,IN,IN
2380,East_Timor_2002,0,154,21,a,a,DT,DT
2381,East_Timor_2002,0,154,22,foreign,foreign,JJ,JJ
2382,East_Timor_2002,0,154,23,force,force,NN,NN
2383,East_Timor_2002,0,154,25,of,of,IN,IN
2384,East_Timor_2002,0,154,26,serious,serious,JJ,JJ
2385,East_Timor_2002,0,154,27,disturbance,disturbance,NN,NN
2386,East_Timor_2002,0,154,28,or,or,CC,CC
2387,East_Timor_2002,0,154,29,threat,threat,NN,NN
2388,East_Timor_2002,0,154,30,of,of,IN,IN
2389,East_Timor_2002,0,154,31,serious,serious,JJ,JJ
2390,East_Timor_2002,0,154,32,disturbance,disturbance,NN,NN
2391,East_Timor_2002,0,154,33,to,to,TO,TO
2392,East_Timor_2002,0,154,34,the,the,DT,DT
2393,East_Timor_2002,0,154,35,democratic,democratic,JJ,JJ
2394,East_Timor_2002,0,154,36,constitutional,constitutional,JJ,JJ
2395,East_Timor_2002,0,154,37,order,order,NN,NN
2396,East_Timor_2002,0,154,39,or,or,CC,CC
2397,East_Timor_2002,0,154,40,of,of,IN,IN
2398,East_Timor_2002,0,154,41,public,public,JJ,JJ
2399,East_Timor_2002,0,154,42,calamity,calamity,NN,NN
2400,East_Timor_2002,0,155,0,3,3,CD,CD
2401,East_Timor_2002,0,156,0,A,a,DT,DT
2402,East_Timor_2002,0,156,1,declaration,declaration,NN,NN
2403,East_Timor_2002,0,156,2,of,of,IN,IN
2404,East_Timor_2002,0,156,3,a,a,DT,DT
2405,East_Timor_2002,0,156,4,state,state,NN,NN
2406,East_Timor_2002,0,156,5,of,of,IN,IN
2407,East_Timor_2002,0,156,6,siege,siege,NN,NN
2408,East_Timor_2002,0,156,7,or,or,CC,CC
2409,East_Timor_2002,0,156,8,a,a,DT,DT
2410,East_Timor_2002,0,156,9,state,state,NN,NN
2411,East_Timor_2002,0,156,10,of,of,IN,IN
2412,East_Timor_2002,0,156,11,emergency,emergency,NN,NN
2413,East_Timor_2002,0,156,12,shall,shall,MD,MD
2414,East_Timor_2002,0,156,13,be,be,VB,VB
2415,East_Timor_2002,0,156,14,substantiated,substantiated,VBN,VB
2416,East_Timor_2002,0,156,16,specifying,specifying,VBG,VB
2417,East_Timor_2002,0,156,17,rights,rights,NNS,NN
2418,East_Timor_2002,0,156,19,freedoms,freedoms,NNS,NN
2419,East_Timor_2002,0,156,20,and,and,CC,CC
2420,East_Timor_2002,0,156,21,guarantees,guarantees,VBZ,VB
2421,East_Timor_2002,0,156,22,the,the,DT,DT
2422,East_Timor_2002,0,156,23,exercise,exercise,NN,NN
2423,East_Timor_2002,0,156,24,of,of,IN,IN
2424,East_Timor_2002,0,156,25,which,which,WDT,WD
2425,East_Timor_2002,0,156,26,is,is,VBZ,VB
2426,East_Timor_2002,0,156,27,to,to,TO,TO
2427,East_Timor_2002,0,156,28,be,be,VB,VB
2428,East_Timor_2002,0,156,29,suspended,suspended,VBN,VB
2429,East_Timor_2002,0,157,0,4,4,CD,CD
2430,East_Timor_2002,0,158,0,A,a,DT,DT
2431,East_Timor_2002,0,158,1,suspension,suspension,NN,NN
2432,East_Timor_2002,0,158,2,can,can,MD,MD
2433,East_Timor_2002,0,158,3,not,not,RB,RB
2434,East_Timor_2002,0,158,4,be,be,VB,VB
2435,East_Timor_2002,0,158,5,extended,extended,VBN,VB
2436,East_Timor_2002,0,158,6,for,for,IN,IN
2437,East_Timor_2002,0,158,7,more,more,JJR,JJ
2438,East_Timor_2002,0,158,8,than,than,IN,IN
2439,East_Timor_2002,0,158,9,thirty,thirty,JJ,JJ
2440,East_Timor_2002,0,158,10,days,days,NNS,NN
2441,East_Timor_2002,0,158,12,without,without,IN,IN
2442,East_Timor_2002,0,158,13,prejudice,prejudice,NN,NN
2443,East_Timor_2002,0,158,14,of,of,IN,IN
2444,East_Timor_2002,0,158,15,possible,possible,JJ,JJ
2445,East_Timor_2002,0,158,16,justified,justified,JJ,JJ
2446,East_Timor_2002,0,158,17,renewal,renewal,NN,NN
2447,East_Timor_2002,0,158,19,when,when,WRB,WR
2448,East_Timor_2002,0,158,20,absolutely,absolutely,RB,RB
2449,East_Timor_2002,0,158,21,necessary,necessary,JJ,JJ
2450,East_Timor_2002,0,158,23,for,for,IN,IN
2451,East_Timor_2002,0,158,24,equal,equal,JJ,JJ
2452,East_Timor_2002,0,158,25,periods,periods,NNS,NN
2453,East_Timor_2002,0,158,26,of,of,IN,IN
2454,East_Timor_2002,0,158,27,time,time,NN,NN
2455,East_Timor_2002,0,159,0,5,5,CD,CD
2456,East_Timor_2002,0,160,0,In,in,IN,IN
2457,East_Timor_2002,0,160,1,no,no,DT,DT
2458,East_Timor_2002,0,160,2,case,case,NN,NN
2459,East_Timor_2002,0,160,3,shall,shall,MD,MD
2460,East_Timor_2002,0,160,4,a,a,DT,DT
2461,East_Timor_2002,0,160,5,declaration,declaration,NN,NN
2462,East_Timor_2002,0,160,6,of,of,IN,IN
2463,East_Timor_2002,0,160,7,a,a,DT,DT
2464,East_Timor_2002,0,160,8,state,state,NN,NN
2465,East_Timor_2002,0,160,9,of,of,IN,IN
2466,East_Timor_2002,0,160,10,siege,siege,NN,NN
2467,East_Timor_2002,0,160,11,affect,affect,VBP,VB
2468,East_Timor_2002,0,160,12,the,the,DT,DT
2469,East_Timor_2002,0,160,13,right,right,NN,NN
2470,East_Timor_2002,0,160,14,to,to,TO,TO
2471,East_Timor_2002,0,160,15,life,life,NN,NN
2472,East_Timor_2002,0,160,17,physical,physical,JJ,JJ
2473,East_Timor_2002,0,160,18,integrity,integrity,NN,NN
2474,East_Timor_2002,0,160,20,citizenship,citizenship,NN,NN
2475,East_Timor_2002,0,160,22,non-retroactivity,nonretroactivity,NN,NN
2476,East_Timor_2002,0,160,23,of,of,IN,IN
2477,East_Timor_2002,0,160,24,the,the,DT,DT
2478,East_Timor_2002,0,160,25,criminal,criminal,JJ,JJ
2479,East_Timor_2002,0,160,26,law,law,NN,NN
2480,East_Timor_2002,0,160,28,defense,defense,NN,NN
2481,East_Timor_2002,0,160,29,in,in,IN,IN
2482,East_Timor_2002,0,160,30,a,a,DT,DT
2483,East_Timor_2002,0,160,31,criminal,criminal,JJ,JJ
2484,East_Timor_2002,0,160,32,case,case,NN,NN
2485,East_Timor_2002,0,160,33,and,and,CC,CC
2486,East_Timor_2002,0,160,34,freedom,freedom,NN,NN
2487,East_Timor_2002,0,160,35,of,of,IN,IN
2488,East_Timor_2002,0,160,36,conscience,conscience,NN,NN
2489,East_Timor_2002,0,160,37,and,and,CC,CC
2490,East_Timor_2002,0,160,38,religion,religion,NN,NN
2491,East_Timor_2002,0,160,40,the,the,DT,DT
2492,East_Timor_2002,0,160,41,right,right,NN,NN
2493,East_Timor_2002,0,160,42,not,not,RB,RB
2494,East_Timor_2002,0,160,43,to,to,TO,TO
2495,East_Timor_2002,0,160,44,be,be,VB,VB
2496,East_Timor_2002,0,160,45,subjected,subjected,VBN,VB
2497,East_Timor_2002,0,160,46,to,to,TO,TO
2498,East_Timor_2002,0,160,47,torture,torture,VB,VB
2499,East_Timor_2002,0,160,49,slavery,slavery,NN,NN
2500,East_Timor_2002,0,160,50,or,or,CC,CC
2501,East_Timor_2002,0,160,51,servitude,servitude,NN,NN
2502,East_Timor_2002,0,160,53,the,the,DT,DT
2503,East_Timor_2002,0,160,54,right,right,NN,NN
2504,East_Timor_2002,0,160,55,not,not,RB,RB
2505,East_Timor_2002,0,160,56,to,to,TO,TO
2506,East_Timor_2002,0,160,57,be,be,VB,VB
2507,East_Timor_2002,0,160,58,subjected,subjected,VBN,VB
2508,East_Timor_2002,0,160,59,to,to,TO,TO
2509,East_Timor_2002,0,160,60,cruel,cruel,VB,VB
2510,East_Timor_2002,0,160,62,inhuman,inhuman,NN,NN
2511,East_Timor_2002,0,160,63,or,or,CC,CC
2512,East_Timor_2002,0,160,64,degrading,degrading,VBG,VB
2513,East_Timor_2002,0,160,65,treatment,treatment,NN,NN
2514,East_Timor_2002,0,160,66,or,or,CC,CC
2515,East_Timor_2002,0,160,67,punishment,punishment,NN,NN
2516,East_Timor_2002,0,160,69,and,and,CC,CC
2517,East_Timor_2002,0,160,70,the,the,DT,DT
2518,East_Timor_2002,0,160,71,guarantee,guarantee,NN,NN
2519,East_Timor_2002,0,160,72,of,of,IN,IN
2520,East_Timor_2002,0,160,73,non-discrimination,nondiscrimination,NN,NN
2521,East_Timor_2002,0,161,0,6,6,CD,CD
2522,East_Timor_2002,0,162,0,Authorities,authorities,NNS,NN
2523,East_Timor_2002,0,162,1,are,are,VBP,VB
2524,East_Timor_2002,0,162,2,obligated,obligated,VBN,VB
2525,East_Timor_2002,0,162,3,to,to,TO,TO
2526,East_Timor_2002,0,162,4,restore,restore,VB,VB
2527,East_Timor_2002,0,162,5,constitutional,constitutional,JJ,JJ
2528,East_Timor_2002,0,162,6,normality,normality,NN,NN
2529,East_Timor_2002,0,162,7,as,as,RB,RB
2530,East_Timor_2002,0,162,8,soon,soon,RB,RB
2531,East_Timor_2002,0,162,9,as,as,IN,IN
2532,East_Timor_2002,0,162,10,possible,possible,JJ,JJ
2533,East_Timor_2002,0,163,0,Article,article,NN,NN
2534,East_Timor_2002,0,163,1,26,26,CD,CD
2535,East_Timor_2002,0,164,0,Access,access,NN,NN
2536,East_Timor_2002,0,164,1,to,to,TO,TO
2537,East_Timor_2002,0,164,2,Courts,courts,NNP,NN
2538,East_Timor_2002,0,164,3,Share,share,NNP,NN
2539,East_Timor_2002,0,164,4,1,1,CD,CD
2540,East_Timor_2002,0,165,0,Access,access,NN,NN
2541,East_Timor_2002,0,165,1,to,to,TO,TO
2542,East_Timor_2002,0,165,2,courts,courts,NNS,NN
2543,East_Timor_2002,0,165,3,is,is,VBZ,VB
2544,East_Timor_2002,0,165,4,guaranteed,guaranteed,VBN,VB
2545,East_Timor_2002,0,165,5,to,to,TO,TO
2546,East_Timor_2002,0,165,6,all,all,DT,DT
2547,East_Timor_2002,0,165,7,for,for,IN,IN
2548,East_Timor_2002,0,165,8,the,the,DT,DT
2549,East_Timor_2002,0,165,9,defense,defense,NN,NN
2550,East_Timor_2002,0,165,10,of,of,IN,IN
2551,East_Timor_2002,0,165,11,their,their,PRP$,PR
2552,East_Timor_2002,0,165,12,legally,legally,RB,RB
2553,East_Timor_2002,0,165,13,protected,protected,VBN,VB
2554,East_Timor_2002,0,165,14,rights,rights,NNS,NN
2555,East_Timor_2002,0,165,15,and,and,CC,CC
2556,East_Timor_2002,0,165,16,interests,interests,NNS,NN
2557,East_Timor_2002,0,166,0,2,2,CD,CD
2558,East_Timor_2002,0,167,0,Justice,justice,NNP,NN
2559,East_Timor_2002,0,167,1,shall,shall,MD,MD
2560,East_Timor_2002,0,167,2,not,not,RB,RB
2561,East_Timor_2002,0,167,3,be,be,VB,VB
2562,East_Timor_2002,0,167,4,denied,denied,VBN,VB
2563,East_Timor_2002,0,167,5,for,for,IN,IN
2564,East_Timor_2002,0,167,6,insufficiency,insufficiency,NN,NN
2565,East_Timor_2002,0,167,7,of,of,IN,IN
2566,East_Timor_2002,0,167,8,economic,economic,JJ,JJ
2567,East_Timor_2002,0,167,9,means,means,NNS,NN
2568,East_Timor_2002,0,168,0,Article,article,NN,NN
2569,East_Timor_2002,0,168,1,27,27,CD,CD
2570,East_Timor_2002,0,169,0,The,the,DT,DT
2571,East_Timor_2002,0,169,2,Ombudsman,ombudsman,NNP,NN
2572,East_Timor_2002,0,169,5,The,the,DT,DT
2573,East_Timor_2002,0,169,6,Defender,defender,NNP,NN
2574,East_Timor_2002,0,169,7,of,of,IN,IN
2575,East_Timor_2002,0,169,8,Human,human,NNP,NN
2576,East_Timor_2002,0,169,9,Rights,rights,NNPS,NN
2577,East_Timor_2002,0,169,10,and,and,CC,CC
2578,East_Timor_2002,0,169,11,Justice,justice,NNP,NN
2579,East_Timor_2002,0,169,13,Share,share,NNP,NN
2580,East_Timor_2002,0,169,14,1,1,CD,CD
2581,East_Timor_2002,0,170,0,The,the,DT,DT
2582,East_Timor_2002,0,170,1,Ombudsman,ombudsman,NNP,NN
2583,East_Timor_2002,0,170,2,is,is,VBZ,VB
2584,East_Timor_2002,0,170,3,an,an,DT,DT
2585,East_Timor_2002,0,170,4,independent,independent,JJ,JJ
2586,East_Timor_2002,0,170,5,organ,organ,NN,NN
2587,East_Timor_2002,0,170,6,in,in,IN,IN
2588,East_Timor_2002,0,170,7,charge,charge,NN,NN
2589,East_Timor_2002,0,170,8,to,to,TO,TO
2590,East_Timor_2002,0,170,9,examine,examine,VB,VB
2591,East_Timor_2002,0,170,10,and,and,CC,CC
2592,East_Timor_2002,0,170,11,seek,seek,VB,VB
2593,East_Timor_2002,0,170,12,to,to,TO,TO
2594,East_Timor_2002,0,170,13,settle,settle,VB,VB
2595,East_Timor_2002,0,170,14,citizens,citizens,NNS,NN
2596,East_Timor_2002,0,170,16,complaints,complaints,NNS,NN
2597,East_Timor_2002,0,170,17,against,against,IN,IN
2598,East_Timor_2002,0,170,18,public,public,JJ,JJ
2599,East_Timor_2002,0,170,19,bodies,bodies,NNS,NN
2600,East_Timor_2002,0,170,21,certify,certify,VB,VB
2601,East_Timor_2002,0,170,22,the,the,DT,DT
2602,East_Timor_2002,0,170,23,conformity,conformity,NN,NN
2603,East_Timor_2002,0,170,24,of,of,IN,IN
2604,East_Timor_2002,0,170,25,the,the,DT,DT
2605,East_Timor_2002,0,170,26,acts,acts,NNS,NN
2606,East_Timor_2002,0,170,27,with,with,IN,IN
2607,East_Timor_2002,0,170,28,the,the,DT,DT
2608,East_Timor_2002,0,170,29,law,law,NN,NN
2609,East_Timor_2002,0,170,31,prevent,prevent,NN,NN
2610,East_Timor_2002,0,170,32,and,and,CC,CC
2611,East_Timor_2002,0,170,33,initiate,initiate,VB,VB
2612,East_Timor_2002,0,170,34,the,the,DT,DT
2613,East_Timor_2002,0,170,35,whole,whole,JJ,JJ
2614,East_Timor_2002,0,170,36,process,process,NN,NN
2615,East_Timor_2002,0,170,37,to,to,TO,TO
2616,East_Timor_2002,0,170,38,remedy,remedy,VB,VB
2617,East_Timor_2002,0,170,39,injustices,injustices,NNS,NN
2618,East_Timor_2002,0,171,0,2,2,CD,CD
2619,East_Timor_2002,0,172,0,Citizens,citizens,NNS,NN
2620,East_Timor_2002,0,172,1,may,may,MD,MD
2621,East_Timor_2002,0,172,2,present,present,VB,VB
2622,East_Timor_2002,0,172,3,complaints,complaints,NNS,NN
2623,East_Timor_2002,0,172,4,concerning,concerning,VBG,VB
2624,East_Timor_2002,0,172,5,acts,acts,NNS,NN
2625,East_Timor_2002,0,172,6,or,or,CC,CC
2626,East_Timor_2002,0,172,7,omissions,omissions,NNS,NN
2627,East_Timor_2002,0,172,8,on,on,IN,IN
2628,East_Timor_2002,0,172,9,the,the,DT,DT
2629,East_Timor_2002,0,172,10,part,part,NN,NN
2630,East_Timor_2002,0,172,11,of,of,IN,IN
2631,East_Timor_2002,0,172,12,public,public,JJ,JJ
2632,East_Timor_2002,0,172,13,bodies,bodies,NNS,NN
2633,East_Timor_2002,0,172,14,to,to,TO,TO
2634,East_Timor_2002,0,172,15,the,the,DT,DT
2635,East_Timor_2002,0,172,16,Ombudsman,ombudsman,NNP,NN
2636,East_Timor_2002,0,172,18,who,who,WP,WP
2637,East_Timor_2002,0,172,19,shall,shall,MD,MD
2638,East_Timor_2002,0,172,20,undertake,undertake,VB,VB
2639,East_Timor_2002,0,172,21,a,a,DT,DT
2640,East_Timor_2002,0,172,22,review,review,NN,NN
2641,East_Timor_2002,0,172,24,without,without,IN,IN
2642,East_Timor_2002,0,172,25,power,power,NN,NN
2643,East_Timor_2002,0,172,26,of,of,IN,IN
2644,East_Timor_2002,0,172,27,decision,decision,NN,NN
2645,East_Timor_2002,0,172,29,and,and,CC,CC
2646,East_Timor_2002,0,172,30,shall,shall,MD,MD
2647,East_Timor_2002,0,172,31,forward,forward,VB,VB
2648,East_Timor_2002,0,172,32,recommendations,recommendations,NNS,NN
2649,East_Timor_2002,0,172,33,to,to,TO,TO
2650,East_Timor_2002,0,172,34,the,the,DT,DT
2651,East_Timor_2002,0,172,35,competent,competent,NN,NN
2652,East_Timor_2002,0,172,36,organs,organs,VBZ,VB
2653,East_Timor_2002,0,172,37,as,as,IN,IN
2654,East_Timor_2002,0,172,38,deemed,deemed,VBN,VB
2655,East_Timor_2002,0,172,39,necessary,necessary,JJ,JJ
2656,East_Timor_2002,0,173,0,3,3,CD,CD
2657,East_Timor_2002,0,174,0,The,the,DT,DT
2658,East_Timor_2002,0,174,1,Ombudsman,ombudsman,NNP,NN
2659,East_Timor_2002,0,174,2,shall,shall,MD,MD
2660,East_Timor_2002,0,174,3,be,be,VB,VB
2661,East_Timor_2002,0,174,4,appointed,appointed,VBN,VB
2662,East_Timor_2002,0,174,5,by,by,IN,IN
2663,East_Timor_2002,0,174,6,the,the,DT,DT
2664,East_Timor_2002,0,174,7,National,national,NNP,NN
2665,East_Timor_2002,0,174,8,Parliament,parliament,NNP,NN
2666,East_Timor_2002,0,174,9,by,by,IN,IN
2667,East_Timor_2002,0,174,10,absolute,absolute,JJ,JJ
2668,East_Timor_2002,0,174,11,majority,majority,NN,NN
2669,East_Timor_2002,0,174,12,votes,votes,NNS,NN
2670,East_Timor_2002,0,174,13,of,of,IN,IN
2671,East_Timor_2002,0,174,14,its,its,PRP$,PR
2672,East_Timor_2002,0,174,15,members,members,NNS,NN
2673,East_Timor_2002,0,174,16,for,for,IN,IN
2674,East_Timor_2002,0,174,17,a,a,DT,DT
2675,East_Timor_2002,0,174,18,term,term,NN,NN
2676,East_Timor_2002,0,174,19,of,of,IN,IN
2677,East_Timor_2002,0,174,20,office,office,NN,NN
2678,East_Timor_2002,0,174,21,of,of,IN,IN
2679,East_Timor_2002,0,174,22,four,four,CD,CD
2680,East_Timor_2002,0,174,23,years,years,NNS,NN
2681,East_Timor_2002,0,175,0,4,4,CD,CD
2682,East_Timor_2002,0,176,0,The,the,DT,DT
2683,East_Timor_2002,0,176,1,activity,activity,NN,NN
2684,East_Timor_2002,0,176,2,the,the,DT,DT
2685,East_Timor_2002,0,176,3,Ombudsman,ombudsman,NNP,NN
2686,East_Timor_2002,0,176,4,shall,shall,MD,MD
2687,East_Timor_2002,0,176,5,be,be,VB,VB
2688,East_Timor_2002,0,176,6,independent,independent,JJ,JJ
2689,East_Timor_2002,0,176,7,from,from,IN,IN
2690,East_Timor_2002,0,176,8,any,any,DT,DT
2691,East_Timor_2002,0,176,9,means,means,NNS,NN
2692,East_Timor_2002,0,176,10,of,of,IN,IN
2693,East_Timor_2002,0,176,11,grace,grace,NN,NN
2694,East_Timor_2002,0,176,12,and,and,CC,CC
2695,East_Timor_2002,0,176,13,legal,legal,JJ,JJ
2696,East_Timor_2002,0,176,14,remedies,remedies,NNS,NN
2697,East_Timor_2002,0,176,15,as,as,IN,IN
2698,East_Timor_2002,0,176,16,provided,provided,VBN,VB
2699,East_Timor_2002,0,176,17,for,for,IN,IN
2700,East_Timor_2002,0,176,18,in,in,IN,IN
2701,East_Timor_2002,0,176,19,the,the,DT,DT
2702,East_Timor_2002,0,176,20,Constitution,constitution,NNP,NN
2703,East_Timor_2002,0,176,21,and,and,CC,CC
2704,East_Timor_2002,0,176,22,the,the,DT,DT
2705,East_Timor_2002,0,176,23,law,law,NN,NN
2706,East_Timor_2002,0,177,0,5,5,CD,CD
2707,East_Timor_2002,0,178,0,Administrative,administrative,JJ,JJ
2708,East_Timor_2002,0,178,1,organs,organs,NNS,NN
2709,East_Timor_2002,0,178,2,and,and,CC,CC
2710,East_Timor_2002,0,178,3,public,public,JJ,JJ
2711,East_Timor_2002,0,178,4,servants,servants,NNS,NN
2712,East_Timor_2002,0,178,5,have,have,VBP,VB
2713,East_Timor_2002,0,178,6,the,the,DT,DT
2714,East_Timor_2002,0,178,7,duty,duty,NN,NN
2715,East_Timor_2002,0,178,8,to,to,TO,TO
2716,East_Timor_2002,0,178,9,collaborate,collaborate,VB,VB
2717,East_Timor_2002,0,178,10,with,with,IN,IN
2718,East_Timor_2002,0,178,11,the,the,DT,DT
2719,East_Timor_2002,0,178,12,Ombudsman,ombudsman,NNP,NN
2720,East_Timor_2002,0,179,0,Article,article,NN,NN
2721,East_Timor_2002,0,179,1,28,28,CD,CD
2722,East_Timor_2002,0,180,0,Right,right,RB,RB
2723,East_Timor_2002,0,180,1,to,to,TO,TO
2724,East_Timor_2002,0,180,2,Resistance,resistance,NNP,NN
2725,East_Timor_2002,0,180,3,and,and,CC,CC
2726,East_Timor_2002,0,180,4,Self-Defense,selfdefense,NNP,NN
2727,East_Timor_2002,0,180,5,Share,share,NNP,NN
2728,East_Timor_2002,0,180,6,1,1,CD,CD
2729,East_Timor_2002,0,181,0,All,all,DT,DT
2730,East_Timor_2002,0,181,1,citizens,citizens,NNS,NN
2731,East_Timor_2002,0,181,2,have,have,VBP,VB
2732,East_Timor_2002,0,181,3,the,the,DT,DT
2733,East_Timor_2002,0,181,4,right,right,NN,NN
2734,East_Timor_2002,0,181,5,to,to,TO,TO
2735,East_Timor_2002,0,181,6,disobey,disobey,VB,VB
2736,East_Timor_2002,0,181,7,and,and,CC,CC
2737,East_Timor_2002,0,181,8,to,to,TO,TO
2738,East_Timor_2002,0,181,9,resist,resist,VB,VB
2739,East_Timor_2002,0,181,10,illegal,illegal,JJ,JJ
2740,East_Timor_2002,0,181,11,orders,orders,NNS,NN
2741,East_Timor_2002,0,181,12,or,or,CC,CC
2742,East_Timor_2002,0,181,13,orders,orders,NNS,NN
2743,East_Timor_2002,0,181,14,that,that,WDT,WD
2744,East_Timor_2002,0,181,15,affect,affect,VBP,VB
2745,East_Timor_2002,0,181,16,their,their,PRP$,PR
2746,East_Timor_2002,0,181,17,fundamental,fundamental,JJ,JJ
2747,East_Timor_2002,0,181,18,rights,rights,NNS,NN
2748,East_Timor_2002,0,181,20,freedoms,freedoms,NNS,NN
2749,East_Timor_2002,0,181,21,and,and,CC,CC
2750,East_Timor_2002,0,181,22,guarantees,guarantees,NNS,NN
2751,East_Timor_2002,0,182,0,2,2,CD,CD
2752,East_Timor_2002,0,183,0,The,the,DT,DT
2753,East_Timor_2002,0,183,1,right,right,NN,NN
2754,East_Timor_2002,0,183,2,to,to,TO,TO
2755,East_Timor_2002,0,183,3,self-defense,selfdefense,NN,NN
2756,East_Timor_2002,0,183,4,is,is,VBZ,VB
2757,East_Timor_2002,0,183,5,guaranteed,guaranteed,VBN,VB
2758,East_Timor_2002,0,183,6,to,to,TO,TO
2759,East_Timor_2002,0,183,7,all,all,DT,DT
2760,East_Timor_2002,0,183,9,in,in,IN,IN
2761,East_Timor_2002,0,183,10,accordance,accordance,NN,NN
2762,East_Timor_2002,0,183,11,with,with,IN,IN
2763,East_Timor_2002,0,183,12,the,the,DT,DT
2764,East_Timor_2002,0,183,13,law,law,NN,NN
2765,East_Timor_2002,0,184,0,TITLE,title,NNP,NN
2766,East_Timor_2002,0,184,1,II,ii,NNP,NN
2767,East_Timor_2002,0,185,0,RIGHTS,rights,NNP,NN
2768,East_Timor_2002,0,185,2,FREEDOMS,freedoms,NNP,NN
2769,East_Timor_2002,0,185,3,AND,and,NNP,NN
2770,East_Timor_2002,0,185,4,PERSONAL,personal,NNP,NN
2771,East_Timor_2002,0,185,5,GUARANTEES,guarantees,NNP,NN
2772,East_Timor_2002,0,185,6,Article,article,NNP,NN
2773,East_Timor_2002,0,185,7,29,29,CD,CD
2774,East_Timor_2002,0,186,0,Right,right,RB,RB
2775,East_Timor_2002,0,186,1,to,to,TO,TO
2776,East_Timor_2002,0,186,2,Life,life,NNP,NN
2777,East_Timor_2002,0,186,3,Share,share,NNP,NN
2778,East_Timor_2002,0,186,4,1,1,CD,CD
2779,East_Timor_2002,0,187,0,Human,human,NNP,NN
2780,East_Timor_2002,0,187,1,life,life,NN,NN
2781,East_Timor_2002,0,187,2,is,is,VBZ,VB
2782,East_Timor_2002,0,187,3,inviolable,inviolable,JJ,JJ
2783,East_Timor_2002,0,188,0,2,2,CD,CD
2784,East_Timor_2002,0,189,0,The,the,DT,DT
2785,East_Timor_2002,0,189,1,State,state,NNP,NN
2786,East_Timor_2002,0,189,2,recognizes,recognizes,NNS,NN
2787,East_Timor_2002,0,189,3,and,and,CC,CC
2788,East_Timor_2002,0,189,4,guarantees,guarantees,VBZ,VB
2789,East_Timor_2002,0,189,5,the,the,DT,DT
2790,East_Timor_2002,0,189,6,right,right,NN,NN
2791,East_Timor_2002,0,189,7,to,to,TO,TO
2792,East_Timor_2002,0,189,8,life,life,NN,NN
2793,East_Timor_2002,0,190,0,3,3,CD,CD
2794,East_Timor_2002,0,191,0,There,there,EX,EX
2795,East_Timor_2002,0,191,1,is,is,VBZ,VB
2796,East_Timor_2002,0,191,2,to,to,TO,TO
2797,East_Timor_2002,0,191,3,be,be,VB,VB
2798,East_Timor_2002,0,191,4,no,no,DT,DT
2799,East_Timor_2002,0,191,5,death,death,NN,NN
2800,East_Timor_2002,0,191,6,penalty,penalty,NN,NN
2801,East_Timor_2002,0,191,7,in,in,IN,IN
2802,East_Timor_2002,0,191,8,the,the,DT,DT
2803,East_Timor_2002,0,191,9,Democratic,democratic,JJ,JJ
2804,East_Timor_2002,0,191,10,Republic,republic,NNP,NN
2805,East_Timor_2002,0,191,11,of,of,IN,IN
2806,East_Timor_2002,0,191,12,East,east,NNP,NN
2807,East_Timor_2002,0,191,13,Timor,timor,NNP,NN
2808,East_Timor_2002,0,192,0,Article,article,NN,NN
2809,East_Timor_2002,0,192,1,30,30,CD,CD
2810,East_Timor_2002,0,193,0,Right,right,RB,RB
2811,East_Timor_2002,0,193,1,to,to,TO,TO
2812,East_Timor_2002,0,193,2,Freedom,freedom,NNP,NN
2813,East_Timor_2002,0,193,4,Security,security,NNP,NN
2814,East_Timor_2002,0,193,5,and,and,CC,CC
2815,East_Timor_2002,0,193,6,Personal,personal,NNP,NN
2816,East_Timor_2002,0,193,7,Integrity,integrity,NNP,NN
2817,East_Timor_2002,0,193,8,Share,share,NNP,NN
2818,East_Timor_2002,0,193,9,1,1,CD,CD
2819,East_Timor_2002,0,194,0,All,all,DT,DT
2820,East_Timor_2002,0,194,1,have,have,VBP,VB
2821,East_Timor_2002,0,194,2,the,the,DT,DT
2822,East_Timor_2002,0,194,3,right,right,NN,NN
2823,East_Timor_2002,0,194,4,to,to,TO,TO
2824,East_Timor_2002,0,194,5,freedom,freedom,VB,VB
2825,East_Timor_2002,0,194,7,security,security,NN,NN
2826,East_Timor_2002,0,194,8,and,and,CC,CC
2827,East_Timor_2002,0,194,9,personal,personal,JJ,JJ
2828,East_Timor_2002,0,194,10,integrity,integrity,NN,NN
2829,East_Timor_2002,0,195,0,2,2,CD,CD
2830,East_Timor_2002,0,196,0,No,no,DT,DT
2831,East_Timor_2002,0,196,1,one,one,CD,CD
2832,East_Timor_2002,0,196,2,shall,shall,MD,MD
2833,East_Timor_2002,0,196,3,be,be,VB,VB
2834,East_Timor_2002,0,196,4,arrested,arrested,VBN,VB
2835,East_Timor_2002,0,196,5,or,or,CC,CC
2836,East_Timor_2002,0,196,6,detained,detained,VBN,VB
2837,East_Timor_2002,0,196,8,except,except,IN,IN
2838,East_Timor_2002,0,196,9,under,under,IN,IN
2839,East_Timor_2002,0,196,10,the,the,DT,DT
2840,East_Timor_2002,0,196,11,terms,terms,NNS,NN
2841,East_Timor_2002,0,196,12,clearly,clearly,RB,RB
2842,East_Timor_2002,0,196,13,provided,provided,VBN,VB
2843,East_Timor_2002,0,196,14,for,for,IN,IN
2844,East_Timor_2002,0,196,15,by,by,IN,IN
2845,East_Timor_2002,0,196,16,applicable,applicable,JJ,JJ
2846,East_Timor_2002,0,196,17,law,law,NN,NN
2847,East_Timor_2002,0,196,19,and,and,CC,CC
2848,East_Timor_2002,0,196,20,the,the,DT,DT
2849,East_Timor_2002,0,196,21,order,order,NN,NN
2850,East_Timor_2002,0,196,22,of,of,IN,IN
2851,East_Timor_2002,0,196,23,arrest,arrest,NN,NN
2852,East_Timor_2002,0,196,24,or,or,CC,CC
2853,East_Timor_2002,0,196,25,detention,detention,NN,NN
2854,East_Timor_2002,0,196,26,should,should,MD,MD
2855,East_Timor_2002,0,196,27,always,always,RB,RB
2856,East_Timor_2002,0,196,28,be,be,VB,VB
2857,East_Timor_2002,0,196,29,presented,presented,VBN,VB
2858,East_Timor_2002,0,196,30,for,for,IN,IN
2859,East_Timor_2002,0,196,31,consideration,consideration,NN,NN
2860,East_Timor_2002,0,196,32,by,by,IN,IN
2861,East_Timor_2002,0,196,33,the,the,DT,DT
2862,East_Timor_2002,0,196,34,competent,competent,NN,NN
2863,East_Timor_2002,0,196,35,judge,judge,NN,NN
2864,East_Timor_2002,0,196,36,within,within,IN,IN
2865,East_Timor_2002,0,196,37,the,the,DT,DT
2866,East_Timor_2002,0,196,38,legal,legal,JJ,JJ
2867,East_Timor_2002,0,196,39,time,time,NN,NN
2868,East_Timor_2002,0,196,40,frame,frame,NN,NN
2869,East_Timor_2002,0,197,0,3,3,CD,CD
2870,East_Timor_2002,0,198,0,Any,any,DT,DT
2871,East_Timor_2002,0,198,1,individual,individual,NN,NN
2872,East_Timor_2002,0,198,2,who,who,WP,WP
2873,East_Timor_2002,0,198,3,is,is,VBZ,VB
2874,East_Timor_2002,0,198,4,deprived,deprived,VBN,VB
2875,East_Timor_2002,0,198,5,of,of,IN,IN
2876,East_Timor_2002,0,198,6,freedom,freedom,NN,NN
2877,East_Timor_2002,0,198,7,shall,shall,MD,MD
2878,East_Timor_2002,0,198,8,be,be,VB,VB
2879,East_Timor_2002,0,198,9,immediately,immediately,RB,RB
2880,East_Timor_2002,0,198,10,informed,informed,VBN,VB
2881,East_Timor_2002,0,198,12,in,in,IN,IN
2882,East_Timor_2002,0,198,13,a,a,DT,DT
2883,East_Timor_2002,0,198,14,clear,clear,JJ,JJ
2884,East_Timor_2002,0,198,15,and,and,CC,CC
2885,East_Timor_2002,0,198,16,precise,precise,JJ,JJ
2886,East_Timor_2002,0,198,17,manner,manner,NN,NN
2887,East_Timor_2002,0,198,19,of,of,IN,IN
2888,East_Timor_2002,0,198,20,the,the,DT,DT
2889,East_Timor_2002,0,198,21,reasons,reasons,NNS,NN
2890,East_Timor_2002,0,198,22,for,for,IN,IN
2891,East_Timor_2002,0,198,23,the,the,DT,DT
2892,East_Timor_2002,0,198,24,detention,detention,NN,NN
2893,East_Timor_2002,0,198,25,or,or,CC,CC
2894,East_Timor_2002,0,198,26,arrest,arrest,NN,NN
2895,East_Timor_2002,0,198,28,as,as,RB,RB
2896,East_Timor_2002,0,198,29,well,well,RB,RB
2897,East_Timor_2002,0,198,30,as,as,IN,IN
2898,East_Timor_2002,0,198,31,of,of,IN,IN
2899,East_Timor_2002,0,198,32,their,their,PRP$,PR
2900,East_Timor_2002,0,198,33,rights,rights,NNS,NN
2901,East_Timor_2002,0,198,35,and,and,CC,CC
2902,East_Timor_2002,0,198,36,allowed,allowed,VBD,VB
2903,East_Timor_2002,0,198,37,to,to,TO,TO
2904,East_Timor_2002,0,198,38,contact,contact,VB,VB
2905,East_Timor_2002,0,198,39,a,a,DT,DT
2906,East_Timor_2002,0,198,40,lawyer,lawyer,NN,NN
2907,East_Timor_2002,0,198,42,directly,directly,RB,RB
2908,East_Timor_2002,0,198,43,or,or,CC,CC
2909,East_Timor_2002,0,198,44,through,through,IN,IN
2910,East_Timor_2002,0,198,45,a,a,DT,DT
2911,East_Timor_2002,0,198,46,relative,relative,JJ,JJ
2912,East_Timor_2002,0,198,47,or,or,CC,CC
2913,East_Timor_2002,0,198,48,a,a,DT,DT
2914,East_Timor_2002,0,198,49,trusted,trusted,JJ,JJ
2915,East_Timor_2002,0,198,50,person,person,NN,NN
2916,East_Timor_2002,0,199,0,4,4,CD,CD
2917,East_Timor_2002,0,200,0,No,no,DT,DT
2918,East_Timor_2002,0,200,1,one,one,CD,CD
2919,East_Timor_2002,0,200,2,shall,shall,MD,MD
2920,East_Timor_2002,0,200,3,be,be,VB,VB
2921,East_Timor_2002,0,200,4,subjected,subjected,VBN,VB
2922,East_Timor_2002,0,200,5,to,to,TO,TO
2923,East_Timor_2002,0,200,6,torture,torture,VB,VB
2924,East_Timor_2002,0,200,7,and,and,CC,CC
2925,East_Timor_2002,0,200,8,cruel,cruel,VB,VB
2926,East_Timor_2002,0,200,10,inhuman,inhuman,NN,NN
2927,East_Timor_2002,0,200,11,or,or,CC,CC
2928,East_Timor_2002,0,200,12,degrading,degrading,VBG,VB
2929,East_Timor_2002,0,200,13,treatment,treatment,NN,NN
2930,East_Timor_2002,0,201,0,Article,article,NN,NN
2931,East_Timor_2002,0,201,1,31,31,CD,CD
2932,East_Timor_2002,0,202,0,Application,application,NN,NN
2933,East_Timor_2002,0,202,1,of,of,IN,IN
2934,East_Timor_2002,0,202,2,Criminal,criminal,NNP,NN
2935,East_Timor_2002,0,202,3,Law,law,NNP,NN
2936,East_Timor_2002,0,202,4,Share,share,NNP,NN
2937,East_Timor_2002,0,202,5,1,1,CD,CD
2938,East_Timor_2002,0,203,0,No,no,DT,DT
2939,East_Timor_2002,0,203,1,one,one,NN,NN
2940,East_Timor_2002,0,203,2,can,can,MD,MD
2941,East_Timor_2002,0,203,3,be,be,VB,VB
2942,East_Timor_2002,0,203,4,subjected,subjected,VBN,VB
2943,East_Timor_2002,0,203,5,to,to,TO,TO
2944,East_Timor_2002,0,203,6,trial,trial,NN,NN
2945,East_Timor_2002,0,203,8,except,except,IN,IN
2946,East_Timor_2002,0,203,9,in,in,IN,IN
2947,East_Timor_2002,0,203,10,accordance,accordance,NN,NN
2948,East_Timor_2002,0,203,11,with,with,IN,IN
2949,East_Timor_2002,0,203,12,the,the,DT,DT
2950,East_Timor_2002,0,203,13,law,law,NN,NN
2951,East_Timor_2002,0,204,0,2,2,CD,CD
2952,East_Timor_2002,0,205,0,No,no,DT,DT
2953,East_Timor_2002,0,205,1,one,one,NN,NN
2954,East_Timor_2002,0,205,2,can,can,MD,MD
2955,East_Timor_2002,0,205,3,be,be,VB,VB
2956,East_Timor_2002,0,205,4,tried,tried,VBN,VB
2957,East_Timor_2002,0,205,5,and,and,CC,CC
2958,East_Timor_2002,0,205,6,convicted,convicted,VBN,VB
2959,East_Timor_2002,0,205,7,for,for,IN,IN
2960,East_Timor_2002,0,205,8,an,an,DT,DT
2961,East_Timor_2002,0,205,9,act,act,NN,NN
2962,East_Timor_2002,0,205,10,that,that,WDT,WD
2963,East_Timor_2002,0,205,11,does,does,VBZ,VB
2964,East_Timor_2002,0,205,12,not,not,RB,RB
2965,East_Timor_2002,0,205,13,qualify,qualify,VB,VB
2966,East_Timor_2002,0,205,14,in,in,IN,IN
2967,East_Timor_2002,0,205,15,the,the,DT,DT
2968,East_Timor_2002,0,205,16,law,law,NN,NN
2969,East_Timor_2002,0,205,17,as,as,IN,IN
2970,East_Timor_2002,0,205,18,a,a,DT,DT
2971,East_Timor_2002,0,205,19,criminal,criminal,JJ,JJ
2972,East_Timor_2002,0,205,20,offence,offence,NN,NN
2973,East_Timor_2002,0,205,21,at,at,IN,IN
2974,East_Timor_2002,0,205,22,the,the,DT,DT
2975,East_Timor_2002,0,205,23,moment,moment,NN,NN
2976,East_Timor_2002,0,205,24,it,it,PRP,PR
2977,East_Timor_2002,0,205,25,was,was,VBD,VB
2978,East_Timor_2002,0,205,26,committed,committed,VBN,VB
2979,East_Timor_2002,0,205,28,nor,nor,CC,CC
2980,East_Timor_2002,0,205,29,endure,endure,JJ,JJ
2981,East_Timor_2002,0,205,30,security,security,NN,NN
2982,East_Timor_2002,0,205,31,measures,measures,VBZ,VB
2983,East_Timor_2002,0,205,32,the,the,DT,DT
2984,East_Timor_2002,0,205,33,provisions,provisions,NNS,NN
2985,East_Timor_2002,0,205,34,of,of,IN,IN
2986,East_Timor_2002,0,205,35,which,which,WDT,WD
2987,East_Timor_2002,0,205,36,are,are,VBP,VB
2988,East_Timor_2002,0,205,37,not,not,RB,RB
2989,East_Timor_2002,0,205,38,expressly,expressly,RB,RB
2990,East_Timor_2002,0,205,39,established,established,VBN,VB
2991,East_Timor_2002,0,205,40,in,in,IN,IN
2992,East_Timor_2002,0,205,41,previous,previous,JJ,JJ
2993,East_Timor_2002,0,205,42,law,law,NN,NN
2994,East_Timor_2002,0,206,0,3,3,CD,CD
2995,East_Timor_2002,0,207,0,Penalties,penalties,NNS,NN
2996,East_Timor_2002,0,207,1,or,or,CC,CC
2997,East_Timor_2002,0,207,2,security,security,NN,NN
2998,East_Timor_2002,0,207,3,measures,measures,NNS,NN
2999,East_Timor_2002,0,207,4,not,not,RB,RB
3000,East_Timor_2002,0,207,5,expressly,expressly,RB,RB
3001,East_Timor_2002,0,207,6,provided,provided,VBN,VB
3002,East_Timor_2002,0,207,7,for,for,IN,IN
3003,East_Timor_2002,0,207,8,by,by,IN,IN
3004,East_Timor_2002,0,207,9,law,law,NN,NN
3005,East_Timor_2002,0,207,10,at,at,IN,IN
3006,East_Timor_2002,0,207,11,the,the,DT,DT
3007,East_Timor_2002,0,207,12,moment,moment,NN,NN
3008,East_Timor_2002,0,207,13,the,the,DT,DT
3009,East_Timor_2002,0,207,14,criminal,criminal,JJ,JJ
3010,East_Timor_2002,0,207,15,offence,offence,NN,NN
3011,East_Timor_2002,0,207,16,was,was,VBD,VB
3012,East_Timor_2002,0,207,17,committed,committed,VBN,VB
3013,East_Timor_2002,0,207,18,can,can,MD,MD
3014,East_Timor_2002,0,207,19,not,not,RB,RB
3015,East_Timor_2002,0,207,20,be,be,VB,VB
3016,East_Timor_2002,0,207,21,enforced,enforced,VBN,VB
3017,East_Timor_2002,0,208,0,4,4,CD,CD
3018,East_Timor_2002,0,209,0,No,no,DT,DT
3019,East_Timor_2002,0,209,1,one,one,NN,NN
3020,East_Timor_2002,0,209,2,can,can,MD,MD
3021,East_Timor_2002,0,209,3,be,be,VB,VB
3022,East_Timor_2002,0,209,4,tried,tried,VBN,VB
3023,East_Timor_2002,0,209,5,and,and,CC,CC
3024,East_Timor_2002,0,209,6,convicted,convicted,VBN,VB
3025,East_Timor_2002,0,209,7,for,for,IN,IN
3026,East_Timor_2002,0,209,8,the,the,DT,DT
3027,East_Timor_2002,0,209,9,same,same,JJ,JJ
3028,East_Timor_2002,0,209,10,criminal,criminal,JJ,JJ
3029,East_Timor_2002,0,209,11,offense,offense,NN,NN
3030,East_Timor_2002,0,209,12,more,more,RBR,RB
3031,East_Timor_2002,0,209,13,than,than,IN,IN
3032,East_Timor_2002,0,209,14,once,once,RB,RB
3033,East_Timor_2002,0,210,0,5,5,CD,CD
3034,East_Timor_2002,0,211,0,Criminal,criminal,JJ,JJ
3035,East_Timor_2002,0,211,1,law,law,NN,NN
3036,East_Timor_2002,0,211,2,can,can,MD,MD
3037,East_Timor_2002,0,211,3,not,not,RB,RB
3038,East_Timor_2002,0,211,4,be,be,VB,VB
3039,East_Timor_2002,0,211,5,enforced,enforced,VBN,VB
3040,East_Timor_2002,0,211,6,retroactively,retroactively,RB,RB
3041,East_Timor_2002,0,211,8,except,except,IN,IN
3042,East_Timor_2002,0,211,9,when,when,WRB,WR
3043,East_Timor_2002,0,211,10,the,the,DT,DT
3044,East_Timor_2002,0,211,11,new,new,JJ,JJ
3045,East_Timor_2002,0,211,12,law,law,NN,NN
3046,East_Timor_2002,0,211,13,is,is,VBZ,VB
3047,East_Timor_2002,0,211,14,in,in,IN,IN
3048,East_Timor_2002,0,211,15,favor,favor,NN,NN
3049,East_Timor_2002,0,211,16,of,of,IN,IN
3050,East_Timor_2002,0,211,17,the,the,DT,DT
3051,East_Timor_2002,0,211,18,accused,accused,VBN,VB
3052,East_Timor_2002,0,212,0,6,6,CD,CD
3053,East_Timor_2002,0,213,0,Anyone,anyone,NN,NN
3054,East_Timor_2002,0,213,1,who,who,WP,WP
3055,East_Timor_2002,0,213,2,has,has,VBZ,VB
3056,East_Timor_2002,0,213,3,been,been,VBN,VB
3057,East_Timor_2002,0,213,4,unjustly,unjustly,RB,RB
3058,East_Timor_2002,0,213,5,convicted,convicted,VBN,VB
3059,East_Timor_2002,0,213,6,has,has,VBZ,VB
3060,East_Timor_2002,0,213,7,the,the,DT,DT
3061,East_Timor_2002,0,213,8,right,right,NN,NN
3062,East_Timor_2002,0,213,9,to,to,TO,TO
3063,East_Timor_2002,0,213,10,a,a,DT,DT
3064,East_Timor_2002,0,213,11,fair,fair,JJ,JJ
3065,East_Timor_2002,0,213,12,compensation,compensation,NN,NN
3066,East_Timor_2002,0,213,13,in,in,IN,IN
3067,East_Timor_2002,0,213,14,accordance,accordance,NN,NN
3068,East_Timor_2002,0,213,15,with,with,IN,IN
3069,East_Timor_2002,0,213,16,the,the,DT,DT
3070,East_Timor_2002,0,213,17,law,law,NN,NN
3071,East_Timor_2002,0,214,0,Article,article,NN,NN
3072,East_Timor_2002,0,214,1,32,32,CD,CD
3073,East_Timor_2002,0,215,0,Limits,limits,NNS,NN
3074,East_Timor_2002,0,215,1,on,on,IN,IN
3075,East_Timor_2002,0,215,2,Sentences,sentences,NNS,NN
3076,East_Timor_2002,0,215,3,and,and,CC,CC
3077,East_Timor_2002,0,215,4,Security,security,NNP,NN
3078,East_Timor_2002,0,215,5,Measures,measures,NNP,NN
3079,East_Timor_2002,0,215,6,Share,share,NNP,NN
3080,East_Timor_2002,0,215,7,1,1,CD,CD
3081,East_Timor_2002,0,216,0,In,in,IN,IN
3082,East_Timor_2002,0,216,1,the,the,DT,DT
3083,East_Timor_2002,0,216,2,Democratic,democratic,JJ,JJ
3084,East_Timor_2002,0,216,3,Republic,republic,NNP,NN
3085,East_Timor_2002,0,216,4,of,of,IN,IN
3086,East_Timor_2002,0,216,5,East,east,NNP,NN
3087,East_Timor_2002,0,216,6,Timor,timor,NNP,NN
3088,East_Timor_2002,0,216,8,there,there,EX,EX
3089,East_Timor_2002,0,216,9,is,is,VBZ,VB
3090,East_Timor_2002,0,216,10,no,no,DT,DT
3091,East_Timor_2002,0,216,11,perpetual,perpetual,JJ,JJ
3092,East_Timor_2002,0,216,12,imprisonment,imprisonment,NN,NN
3093,East_Timor_2002,0,216,13,nor,nor,CC,CC
3094,East_Timor_2002,0,216,14,security,security,NN,NN
3095,East_Timor_2002,0,216,15,measures,measures,NNS,NN
3096,East_Timor_2002,0,216,16,for,for,IN,IN
3097,East_Timor_2002,0,216,17,unlimited,unlimited,JJ,JJ
3098,East_Timor_2002,0,216,18,or,or,CC,CC
3099,East_Timor_2002,0,216,19,indefinite,indefinite,JJ,JJ
3100,East_Timor_2002,0,216,20,duration,duration,NN,NN
3101,East_Timor_2002,0,217,0,2,2,CD,CD
3102,East_Timor_2002,0,218,0,In,in,IN,IN
3103,East_Timor_2002,0,218,1,case,case,NN,NN
3104,East_Timor_2002,0,218,2,of,of,IN,IN
3105,East_Timor_2002,0,218,3,danger,danger,NN,NN
3106,East_Timor_2002,0,218,4,as,as,IN,IN
3107,East_Timor_2002,0,218,5,a,a,DT,DT
3108,East_Timor_2002,0,218,6,result,result,NN,NN
3109,East_Timor_2002,0,218,7,of,of,IN,IN
3110,East_Timor_2002,0,218,8,mental,mental,JJ,JJ
3111,East_Timor_2002,0,218,9,illness,illness,NN,NN
3112,East_Timor_2002,0,218,11,security,security,NN,NN
3113,East_Timor_2002,0,218,12,measures,measures,NNS,NN
3114,East_Timor_2002,0,218,13,may,may,MD,MD
3115,East_Timor_2002,0,218,14,be,be,VB,VB
3116,East_Timor_2002,0,218,15,successively,successively,RB,RB
3117,East_Timor_2002,0,218,16,extended,extended,VBN,VB
3118,East_Timor_2002,0,218,17,by,by,IN,IN
3119,East_Timor_2002,0,218,18,judicial,judicial,JJ,JJ
3120,East_Timor_2002,0,218,19,decision,decision,NN,NN
3121,East_Timor_2002,0,219,0,3,3,CD,CD
3122,East_Timor_2002,0,220,0,Criminal,criminal,NNP,NN
3123,East_Timor_2002,0,220,1,liability,liability,NN,NN
3124,East_Timor_2002,0,220,2,is,is,VBZ,VB
3125,East_Timor_2002,0,220,3,not,not,RB,RB
3126,East_Timor_2002,0,220,4,susceptible,susceptible,JJ,JJ
3127,East_Timor_2002,0,220,5,to,to,TO,TO
3128,East_Timor_2002,0,220,6,transmission,transmission,NN,NN
3129,East_Timor_2002,0,221,0,4,4,CD,CD
3130,East_Timor_2002,0,222,0,Persons,persons,NNS,NN
3131,East_Timor_2002,0,222,1,who,who,WP,WP
3132,East_Timor_2002,0,222,2,are,are,VBP,VB
3133,East_Timor_2002,0,222,3,subjected,subjected,VBN,VB
3134,East_Timor_2002,0,222,5,on,on,IN,IN
3135,East_Timor_2002,0,222,6,conviction,conviction,NN,NN
3136,East_Timor_2002,0,222,8,to,to,TO,TO
3137,East_Timor_2002,0,222,9,a,a,DT,DT
3138,East_Timor_2002,0,222,10,sentence,sentence,NN,NN
3139,East_Timor_2002,0,222,11,or,or,CC,CC
3140,East_Timor_2002,0,222,12,a,a,DT,DT
3141,East_Timor_2002,0,222,13,security,security,NN,NN
3142,East_Timor_2002,0,222,14,measure,measure,NN,NN
3143,East_Timor_2002,0,222,15,involving,involving,VBG,VB
3144,East_Timor_2002,0,222,16,loss,loss,NN,NN
3145,East_Timor_2002,0,222,17,of,of,IN,IN
3146,East_Timor_2002,0,222,18,freedom,freedom,NN,NN
3147,East_Timor_2002,0,222,19,remain,remain,VBP,VB
3148,East_Timor_2002,0,222,20,entitled,entitled,VBN,VB
3149,East_Timor_2002,0,222,21,to,to,TO,TO
3150,East_Timor_2002,0,222,22,fundamental,fundamental,JJ,JJ
3151,East_Timor_2002,0,222,23,rights,rights,NNS,NN
3152,East_Timor_2002,0,222,25,subject,subject,JJ,JJ
3153,East_Timor_2002,0,222,26,to,to,TO,TO
3154,East_Timor_2002,0,222,27,the,the,DT,DT
3155,East_Timor_2002,0,222,28,limitations,limitations,NNS,NN
3156,East_Timor_2002,0,222,29,that,that,WDT,WD
3157,East_Timor_2002,0,222,30,necessarily,necessarily,RB,RB
3158,East_Timor_2002,0,222,31,derive,derive,VBP,VB
3159,East_Timor_2002,0,222,32,from,from,IN,IN
3160,East_Timor_2002,0,222,33,that,that,DT,DT
3161,East_Timor_2002,0,222,34,conviction,conviction,NN,NN
3162,East_Timor_2002,0,222,35,and,and,CC,CC
3163,East_Timor_2002,0,222,36,from,from,IN,IN
3164,East_Timor_2002,0,222,37,the,the,DT,DT
3165,East_Timor_2002,0,222,38,requirements,requirements,NNS,NN
3166,East_Timor_2002,0,222,39,for,for,IN,IN
3167,East_Timor_2002,0,222,40,its,its,PRP$,PR
3168,East_Timor_2002,0,222,41,enforcement,enforcement,NN,NN
3169,East_Timor_2002,0,223,0,Article,article,NN,NN
3170,East_Timor_2002,0,223,1,33,33,CD,CD
3171,East_Timor_2002,0,224,0,Habeas,habeas,NNP,NN
3172,East_Timor_2002,0,224,1,Corpus,corpus,NNP,NN
3173,East_Timor_2002,0,224,2,Share,share,NNP,NN
3174,East_Timor_2002,0,224,3,1,1,CD,CD
3175,East_Timor_2002,0,225,0,Any,any,DT,DT
3176,East_Timor_2002,0,225,1,person,person,NN,NN
3177,East_Timor_2002,0,225,2,who,who,WP,WP
3178,East_Timor_2002,0,225,3,is,is,VBZ,VB
3179,East_Timor_2002,0,225,4,illegally,illegally,RB,RB
3180,East_Timor_2002,0,225,5,deprived,deprived,VBN,VB
3181,East_Timor_2002,0,225,6,of,of,IN,IN
3182,East_Timor_2002,0,225,7,freedom,freedom,NN,NN
3183,East_Timor_2002,0,225,8,has,has,VBZ,VB
3184,East_Timor_2002,0,225,9,the,the,DT,DT
3185,East_Timor_2002,0,225,10,right,right,NN,NN
3186,East_Timor_2002,0,225,11,to,to,TO,TO
3187,East_Timor_2002,0,225,12,apply,apply,VB,VB
3188,East_Timor_2002,0,225,13,for,for,IN,IN
3189,East_Timor_2002,0,225,14,habeas,habeas,JJ,JJ
3190,East_Timor_2002,0,225,15,corpus,corpus,NN,NN
3191,East_Timor_2002,0,226,0,2,2,CD,CD
3192,East_Timor_2002,0,227,0,An,an,DT,DT
3193,East_Timor_2002,0,227,1,application,application,NN,NN
3194,East_Timor_2002,0,227,2,for,for,IN,IN
3195,East_Timor_2002,0,227,3,habeas,habeas,JJ,JJ
3196,East_Timor_2002,0,227,4,corpus,corpus,NN,NN
3197,East_Timor_2002,0,227,5,shall,shall,MD,MD
3198,East_Timor_2002,0,227,6,be,be,VB,VB
3199,East_Timor_2002,0,227,7,made,made,VBN,VB
3200,East_Timor_2002,0,227,8,in,in,IN,IN
3201,East_Timor_2002,0,227,9,accordance,accordance,NN,NN
3202,East_Timor_2002,0,227,10,with,with,IN,IN
3203,East_Timor_2002,0,227,11,the,the,DT,DT
3204,East_Timor_2002,0,227,12,law,law,NN,NN
3205,East_Timor_2002,0,227,13,by,by,IN,IN
3206,East_Timor_2002,0,227,14,the,the,DT,DT
3207,East_Timor_2002,0,227,15,detainee,detainee,NN,NN
3208,East_Timor_2002,0,227,16,or,or,CC,CC
3209,East_Timor_2002,0,227,17,by,by,IN,IN
3210,East_Timor_2002,0,227,18,any,any,DT,DT
3211,East_Timor_2002,0,227,19,other,other,JJ,JJ
3212,East_Timor_2002,0,227,20,person,person,NN,NN
3213,East_Timor_2002,0,227,21,in,in,IN,IN
3214,East_Timor_2002,0,227,22,the,the,DT,DT
3215,East_Timor_2002,0,227,23,exercise,exercise,NN,NN
3216,East_Timor_2002,0,227,24,of,of,IN,IN
3217,East_Timor_2002,0,227,25,their,their,PRP$,PR
3218,East_Timor_2002,0,227,26,civil,civil,JJ,JJ
3219,East_Timor_2002,0,227,27,rights,rights,NNS,NN
3220,East_Timor_2002,0,228,0,3,3,CD,CD
3221,East_Timor_2002,0,229,0,The,the,DT,DT
3222,East_Timor_2002,0,229,1,court,court,NN,NN
3223,East_Timor_2002,0,229,2,shall,shall,MD,MD
3224,East_Timor_2002,0,229,3,rule,rule,VB,VB
3225,East_Timor_2002,0,229,4,on,on,IN,IN
3226,East_Timor_2002,0,229,5,the,the,DT,DT
3227,East_Timor_2002,0,229,6,application,application,NN,NN
3228,East_Timor_2002,0,229,7,for,for,IN,IN
3229,East_Timor_2002,0,229,8,habeas,habeas,JJ,JJ
3230,East_Timor_2002,0,229,9,corpus,corpus,NN,NN
3231,East_Timor_2002,0,229,10,within,within,IN,IN
3232,East_Timor_2002,0,229,11,eight,eight,CD,CD
3233,East_Timor_2002,0,229,12,days,days,NNS,NN
3234,East_Timor_2002,0,229,13,at,at,IN,IN
3235,East_Timor_2002,0,229,14,a,a,DT,DT
3236,East_Timor_2002,0,229,15,hearing,hearing,NN,NN
3237,East_Timor_2002,0,229,16,in,in,IN,IN
3238,East_Timor_2002,0,229,17,the,the,DT,DT
3239,East_Timor_2002,0,229,18,presence,presence,NN,NN
3240,East_Timor_2002,0,229,19,of,of,IN,IN
3241,East_Timor_2002,0,229,20,both,both,DT,DT
3242,East_Timor_2002,0,229,21,parties,parties,NNS,NN
3243,East_Timor_2002,0,230,0,Article,article,NN,NN
3244,East_Timor_2002,0,230,1,34,34,CD,CD
3245,East_Timor_2002,0,231,0,Guarantees,guarantees,NNS,NN
3246,East_Timor_2002,0,231,1,in,in,IN,IN
3247,East_Timor_2002,0,231,2,Criminal,criminal,NNP,NN
3248,East_Timor_2002,0,231,3,Proceedings,proceedings,NNP,NN
3249,East_Timor_2002,0,231,4,Share,share,NNP,NN
3250,East_Timor_2002,0,231,5,1,1,CD,CD
3251,East_Timor_2002,0,232,0,Everyone,everyone,NN,NN
3252,East_Timor_2002,0,232,1,charged,charged,VBN,VB
3253,East_Timor_2002,0,232,2,with,with,IN,IN
3254,East_Timor_2002,0,232,3,an,an,DT,DT
3255,East_Timor_2002,0,232,4,offence,offence,NN,NN
3256,East_Timor_2002,0,232,5,is,is,VBZ,VB
3257,East_Timor_2002,0,232,6,presumed,presumed,VBN,VB
3258,East_Timor_2002,0,232,7,innocent,innocent,JJ,JJ
3259,East_Timor_2002,0,232,8,until,until,IN,IN
3260,East_Timor_2002,0,232,9,convicted,convicted,VBN,VB
3261,East_Timor_2002,0,233,0,2,2,CD,CD
3262,East_Timor_2002,0,234,0,An,an,DT,DT
3263,East_Timor_2002,0,234,1,accused,accused,JJ,JJ
3264,East_Timor_2002,0,234,2,person,person,NN,NN
3265,East_Timor_2002,0,234,3,has,has,VBZ,VB
3266,East_Timor_2002,0,234,4,the,the,DT,DT
3267,East_Timor_2002,0,234,5,right,right,NN,NN
3268,East_Timor_2002,0,234,6,to,to,TO,TO
3269,East_Timor_2002,0,234,7,select,select,VB,VB
3270,East_Timor_2002,0,234,9,and,and,CC,CC
3271,East_Timor_2002,0,234,10,be,be,VB,VB
3272,East_Timor_2002,0,234,11,assisted,assisted,VBN,VB
3273,East_Timor_2002,0,234,12,by,by,IN,IN
3274,East_Timor_2002,0,234,13,a,a,DT,DT
3275,East_Timor_2002,0,234,14,lawyer,lawyer,NN,NN
3276,East_Timor_2002,0,234,15,at,at,IN,IN
3277,East_Timor_2002,0,234,16,all,all,DT,DT
3278,East_Timor_2002,0,234,17,states,states,NNS,NN
3279,East_Timor_2002,0,234,18,of,of,IN,IN
3280,East_Timor_2002,0,234,19,the,the,DT,DT
3281,East_Timor_2002,0,234,20,proceedings,proceedings,NNS,NN
3282,East_Timor_2002,0,234,21,and,and,CC,CC
3283,East_Timor_2002,0,234,22,the,the,DT,DT
3284,East_Timor_2002,0,234,23,law,law,NN,NN
3285,East_Timor_2002,0,234,24,shall,shall,MD,MD
3286,East_Timor_2002,0,234,25,determine,determine,VB,VB
3287,East_Timor_2002,0,234,26,the,the,DT,DT
3288,East_Timor_2002,0,234,27,circumstances,circumstances,NNS,NN
3289,East_Timor_2002,0,234,28,for,for,IN,IN
3290,East_Timor_2002,0,234,29,which,which,WDT,WD
3291,East_Timor_2002,0,234,30,the,the,DT,DT
3292,East_Timor_2002,0,234,31,presence,presence,NN,NN
3293,East_Timor_2002,0,234,32,of,of,IN,IN
3294,East_Timor_2002,0,234,33,the,the,DT,DT
3295,East_Timor_2002,0,234,34,lawyer,lawyer,NN,NN
3296,East_Timor_2002,0,234,35,is,is,VBZ,VB
3297,East_Timor_2002,0,234,36,obligatory,obligatory,JJ,JJ
3298,East_Timor_2002,0,235,0,3,3,CD,CD
3299,East_Timor_2002,0,236,0,Every,every,DT,DT
3300,East_Timor_2002,0,236,1,individual,individual,NN,NN
3301,East_Timor_2002,0,236,2,is,is,VBZ,VB
3302,East_Timor_2002,0,236,3,guaranteed,guaranteed,VBN,VB
3303,East_Timor_2002,0,236,4,the,the,DT,DT
3304,East_Timor_2002,0,236,5,inviolable,inviolable,JJ,JJ
3305,East_Timor_2002,0,236,6,right,right,NN,NN
3306,East_Timor_2002,0,236,7,of,of,IN,IN
3307,East_Timor_2002,0,236,8,a,a,DT,DT
3308,East_Timor_2002,0,236,9,hearing,hearing,NN,NN
3309,East_Timor_2002,0,236,10,and,and,CC,CC
3310,East_Timor_2002,0,236,11,defense,defense,NN,NN
3311,East_Timor_2002,0,236,12,in,in,IN,IN
3312,East_Timor_2002,0,236,13,criminal,criminal,JJ,JJ
3313,East_Timor_2002,0,236,14,proceedings,proceedings,NNS,NN
3314,East_Timor_2002,0,237,0,4,4,CD,CD
3315,East_Timor_2002,0,238,0,Evidence,evidence,NN,NN
3316,East_Timor_2002,0,238,1,is,is,VBZ,VB
3317,East_Timor_2002,0,238,2,of,of,IN,IN
3318,East_Timor_2002,0,238,3,no,no,DT,DT
3319,East_Timor_2002,0,238,4,effect,effect,NN,NN
3320,East_Timor_2002,0,238,5,if,if,IN,IN
3321,East_Timor_2002,0,238,6,obtained,obtained,VBN,VB
3322,East_Timor_2002,0,238,7,by,by,IN,IN
3323,East_Timor_2002,0,238,8,torture,torture,NN,NN
3324,East_Timor_2002,0,238,10,coercion,coercion,NN,NN
3325,East_Timor_2002,0,238,12,infringement,infringement,NN,NN
3326,East_Timor_2002,0,238,13,of,of,IN,IN
3327,East_Timor_2002,0,238,14,the,the,DT,DT
3328,East_Timor_2002,0,238,15,physical,physical,JJ,JJ
3329,East_Timor_2002,0,238,16,or,or,CC,CC
3330,East_Timor_2002,0,238,17,moral,moral,JJ,JJ
3331,East_Timor_2002,0,238,18,integrity,integrity,NN,NN
3332,East_Timor_2002,0,238,19,of,of,IN,IN
3333,East_Timor_2002,0,238,20,the,the,DT,DT
3334,East_Timor_2002,0,238,21,individual,individual,NN,NN
3335,East_Timor_2002,0,238,23,or,or,CC,CC
3336,East_Timor_2002,0,238,24,wrongful,wrongful,JJ,JJ
3337,East_Timor_2002,0,238,25,interference,interference,NN,NN
3338,East_Timor_2002,0,238,26,with,with,IN,IN
3339,East_Timor_2002,0,238,27,private,private,JJ,JJ
3340,East_Timor_2002,0,238,28,life,life,NN,NN
3341,East_Timor_2002,0,238,30,the,the,DT,DT
3342,East_Timor_2002,0,238,31,domicile,domicile,NN,NN
3343,East_Timor_2002,0,238,33,correspondence,correspondence,NN,NN
3344,East_Timor_2002,0,238,34,or,or,CC,CC
3345,East_Timor_2002,0,238,35,other,other,JJ,JJ
3346,East_Timor_2002,0,238,36,forms,forms,NNS,NN
3347,East_Timor_2002,0,238,37,of,of,IN,IN
3348,East_Timor_2002,0,238,38,communication,communication,NN,NN
3349,East_Timor_2002,0,239,0,Article,article,NN,NN
3350,East_Timor_2002,0,239,1,35,35,CD,CD
3351,East_Timor_2002,0,240,0,Extradition,extradition,NN,NN
3352,East_Timor_2002,0,240,1,and,and,CC,CC
3353,East_Timor_2002,0,240,2,Expulsion,expulsion,NNP,NN
3354,East_Timor_2002,0,240,3,Share,share,NNP,NN
3355,East_Timor_2002,0,240,4,1,1,CD,CD
3356,East_Timor_2002,0,241,0,Extradition,extradition,NN,NN
3357,East_Timor_2002,0,241,1,shall,shall,MD,MD
3358,East_Timor_2002,0,241,2,only,only,RB,RB
3359,East_Timor_2002,0,241,3,take,take,VB,VB
3360,East_Timor_2002,0,241,4,place,place,NN,NN
3361,East_Timor_2002,0,241,5,based,based,VBN,VB
3362,East_Timor_2002,0,241,6,on,on,IN,IN
3363,East_Timor_2002,0,241,7,a,a,DT,DT
3364,East_Timor_2002,0,241,8,court,court,NN,NN
3365,East_Timor_2002,0,241,9,decision,decision,NN,NN
3366,East_Timor_2002,0,242,0,2,2,CD,CD
3367,East_Timor_2002,0,243,0,Extradition,extradition,NN,NN
3368,East_Timor_2002,0,243,1,on,on,IN,IN
3369,East_Timor_2002,0,243,2,political,political,JJ,JJ
3370,East_Timor_2002,0,243,3,grounds,grounds,NNS,NN
3371,East_Timor_2002,0,243,4,is,is,VBZ,VB
3372,East_Timor_2002,0,243,5,prohibited,prohibited,VBN,VB
3373,East_Timor_2002,0,244,0,3,3,CD,CD
3374,East_Timor_2002,0,245,0,Extradition,extradition,NN,NN
3375,East_Timor_2002,0,245,1,in,in,IN,IN
3376,East_Timor_2002,0,245,2,respect,respect,NN,NN
3377,East_Timor_2002,0,245,3,of,of,IN,IN
3378,East_Timor_2002,0,245,4,offences,offences,NNS,NN
3379,East_Timor_2002,0,245,5,punishable,punishable,JJ,JJ
3380,East_Timor_2002,0,245,7,under,under,IN,IN
3381,East_Timor_2002,0,245,8,the,the,DT,DT
3382,East_Timor_2002,0,245,9,law,law,NN,NN
3383,East_Timor_2002,0,245,10,of,of,IN,IN
3384,East_Timor_2002,0,245,11,the,the,DT,DT
3385,East_Timor_2002,0,245,12,requesting,requesting,VBG,VB
3386,East_Timor_2002,0,245,13,State,state,NNP,NN
3387,East_Timor_2002,0,245,15,by,by,IN,IN
3388,East_Timor_2002,0,245,16,death,death,NN,NN
3389,East_Timor_2002,0,245,17,penalty,penalty,NN,NN
3390,East_Timor_2002,0,245,18,or,or,CC,CC
3391,East_Timor_2002,0,245,19,life,life,NN,NN
3392,East_Timor_2002,0,245,20,imprisonment,imprisonment,NN,NN
3393,East_Timor_2002,0,245,21,or,or,CC,CC
3394,East_Timor_2002,0,245,22,whenever,whenever,WRB,WR
3395,East_Timor_2002,0,245,23,there,there,EX,EX
3396,East_Timor_2002,0,245,24,are,are,VBP,VB
3397,East_Timor_2002,0,245,25,grounds,grounds,NNS,NN
3398,East_Timor_2002,0,245,26,to,to,TO,TO
3399,East_Timor_2002,0,245,27,assume,assume,VB,VB
3400,East_Timor_2002,0,245,28,that,that,IN,IN
3401,East_Timor_2002,0,245,29,the,the,DT,DT
3402,East_Timor_2002,0,245,30,person,person,NN,NN
3403,East_Timor_2002,0,245,31,to,to,TO,TO
3404,East_Timor_2002,0,245,32,be,be,VB,VB
3405,East_Timor_2002,0,245,33,extradited,extradited,VBN,VB
3406,East_Timor_2002,0,245,34,may,may,MD,MD
3407,East_Timor_2002,0,245,35,be,be,VB,VB
3408,East_Timor_2002,0,245,36,subjected,subjected,VBN,VB
3409,East_Timor_2002,0,245,37,to,to,TO,TO
3410,East_Timor_2002,0,245,38,torture,torture,VB,VB
3411,East_Timor_2002,0,245,39,and,and,CC,CC
3412,East_Timor_2002,0,245,40,inhuman,inhuman,VB,VB
3413,East_Timor_2002,0,245,42,degrading,degrading,VBG,VB
3414,East_Timor_2002,0,245,43,and,and,CC,CC
3415,East_Timor_2002,0,245,44,cruel,cruel,JJ,JJ
3416,East_Timor_2002,0,245,45,treatment,treatment,NN,NN
3417,East_Timor_2002,0,245,47,shall,shall,MD,MD
3418,East_Timor_2002,0,245,48,not,not,RB,RB
3419,East_Timor_2002,0,245,49,be,be,VB,VB
3420,East_Timor_2002,0,245,50,permitted,permitted,VBN,VB
3421,East_Timor_2002,0,246,0,4,4,CD,CD
3422,East_Timor_2002,0,247,0,An,an,DT,DT
3423,East_Timor_2002,0,247,1,East,east,NNP,NN
3424,East_Timor_2002,0,247,2,Timorese,timorese,JJ,JJ
3425,East_Timor_2002,0,247,3,national,national,JJ,JJ
3426,East_Timor_2002,0,247,4,shall,shall,MD,MD
3427,East_Timor_2002,0,247,5,not,not,RB,RB
3428,East_Timor_2002,0,247,6,be,be,VB,VB
3429,East_Timor_2002,0,247,7,expelled,expelled,VBN,VB
3430,East_Timor_2002,0,247,8,or,or,CC,CC
3431,East_Timor_2002,0,247,9,expatriated,expatriated,VBN,VB
3432,East_Timor_2002,0,247,10,from,from,IN,IN
3433,East_Timor_2002,0,247,11,the,the,DT,DT
3434,East_Timor_2002,0,247,12,national,national,JJ,JJ
3435,East_Timor_2002,0,247,13,territory,territory,NN,NN
3436,East_Timor_2002,0,248,0,Article,article,NN,NN
3437,East_Timor_2002,0,248,1,36,36,CD,CD
3438,East_Timor_2002,0,249,0,Right,right,RB,RB
3439,East_Timor_2002,0,249,1,to,to,TO,TO
3440,East_Timor_2002,0,249,2,Honor,honor,NNP,NN
3441,East_Timor_2002,0,249,3,and,and,CC,CC
3442,East_Timor_2002,0,249,4,Privacy,privacy,NNP,NN
3443,East_Timor_2002,0,249,5,Share,share,NNP,NN
3444,East_Timor_2002,0,249,6,All,all,NNP,NN
3445,East_Timor_2002,0,249,7,individuals,individuals,NNS,NN
3446,East_Timor_2002,0,249,8,have,have,VBP,VB
3447,East_Timor_2002,0,249,9,the,the,DT,DT
3448,East_Timor_2002,0,249,10,right,right,NN,NN
3449,East_Timor_2002,0,249,11,to,to,TO,TO
3450,East_Timor_2002,0,249,12,honor,honor,VB,VB
3451,East_Timor_2002,0,249,14,good,good,JJ,JJ
3452,East_Timor_2002,0,249,15,name,name,NN,NN
3453,East_Timor_2002,0,249,16,and,and,CC,CC
3454,East_Timor_2002,0,249,17,reputation,reputation,NN,NN
3455,East_Timor_2002,0,249,19,protection,protection,NN,NN
3456,East_Timor_2002,0,249,20,of,of,IN,IN
3457,East_Timor_2002,0,249,21,their,their,PRP$,PR
3458,East_Timor_2002,0,249,22,public,public,JJ,JJ
3459,East_Timor_2002,0,249,23,image,image,NN,NN
3460,East_Timor_2002,0,249,24,and,and,CC,CC
3461,East_Timor_2002,0,249,25,privacy,privacy,NN,NN
3462,East_Timor_2002,0,249,26,of,of,IN,IN
3463,East_Timor_2002,0,249,27,their,their,PRP$,PR
3464,East_Timor_2002,0,249,28,personal,personal,JJ,JJ
3465,East_Timor_2002,0,249,29,and,and,CC,CC
3466,East_Timor_2002,0,249,30,family,family,NN,NN
3467,East_Timor_2002,0,249,31,life,life,NN,NN
3468,East_Timor_2002,0,250,0,Article,article,NN,NN
3469,East_Timor_2002,0,250,1,37,37,CD,CD
3470,East_Timor_2002,0,251,0,Inviolability,inviolability,NN,NN
3471,East_Timor_2002,0,251,1,of,of,IN,IN
3472,East_Timor_2002,0,251,2,the,the,DT,DT
3473,East_Timor_2002,0,251,3,Domicile,domicile,NNP,NN
3474,East_Timor_2002,0,251,4,and,and,CC,CC
3475,East_Timor_2002,0,251,5,Correspondence,correspondence,NNP,NN
3476,East_Timor_2002,0,251,6,Share,share,NNP,NN
3477,East_Timor_2002,0,251,7,1,1,CD,CD
3478,East_Timor_2002,0,252,0,The,the,DT,DT
3479,East_Timor_2002,0,252,1,domicile,domicile,NN,NN
3480,East_Timor_2002,0,252,3,the,the,DT,DT
3481,East_Timor_2002,0,252,4,correspondence,correspondence,NN,NN
3482,East_Timor_2002,0,252,5,and,and,CC,CC
3483,East_Timor_2002,0,252,6,the,the,DT,DT
3484,East_Timor_2002,0,252,7,privacy,privacy,NN,NN
3485,East_Timor_2002,0,252,8,of,of,IN,IN
3486,East_Timor_2002,0,252,9,and,and,CC,CC
3487,East_Timor_2002,0,252,10,other,other,JJ,JJ
3488,East_Timor_2002,0,252,11,means,means,NNS,NN
3489,East_Timor_2002,0,252,12,of,of,IN,IN
3490,East_Timor_2002,0,252,13,communication,communication,NN,NN
3491,East_Timor_2002,0,252,14,are,are,VBP,VB
3492,East_Timor_2002,0,252,15,inviolable,inviolable,JJ,JJ
3493,East_Timor_2002,0,252,17,except,except,IN,IN
3494,East_Timor_2002,0,252,18,in,in,IN,IN
3495,East_Timor_2002,0,252,19,cases,cases,NNS,NN
3496,East_Timor_2002,0,252,20,provided,provided,VBN,VB
3497,East_Timor_2002,0,252,21,for,for,IN,IN
3498,East_Timor_2002,0,252,22,by,by,IN,IN
3499,East_Timor_2002,0,252,23,law,law,NN,NN
3500,East_Timor_2002,0,252,24,as,as,IN,IN
3501,East_Timor_2002,0,252,25,a,a,DT,DT
3502,East_Timor_2002,0,252,26,result,result,NN,NN
3503,East_Timor_2002,0,252,27,of,of,IN,IN
3504,East_Timor_2002,0,252,28,criminal,criminal,JJ,JJ
3505,East_Timor_2002,0,252,29,proceedings,proceedings,NNS,NN
3506,East_Timor_2002,0,253,0,2,2,CD,CD
3507,East_Timor_2002,0,254,0,Any,any,DT,DT
3508,East_Timor_2002,0,254,1,person,person,NN,NN
3509,East_Timor_2002,0,254,2,'s,s,POS,PO
3510,East_Timor_2002,0,254,3,home,home,NN,NN
3511,East_Timor_2002,0,254,4,shall,shall,MD,MD
3512,East_Timor_2002,0,254,5,not,not,RB,RB
3513,East_Timor_2002,0,254,6,be,be,VB,VB
3514,East_Timor_2002,0,254,7,entered,entered,VBN,VB
3515,East_Timor_2002,0,254,8,against,against,IN,IN
3516,East_Timor_2002,0,254,9,their,their,PRP$,PR
3517,East_Timor_2002,0,254,10,will,will,MD,MD
3518,East_Timor_2002,0,254,12,except,except,IN,IN
3519,East_Timor_2002,0,254,13,under,under,IN,IN
3520,East_Timor_2002,0,254,14,the,the,DT,DT
3521,East_Timor_2002,0,254,15,written,written,VBN,VB
3522,East_Timor_2002,0,254,16,order,order,NN,NN
3523,East_Timor_2002,0,254,17,of,of,IN,IN
3524,East_Timor_2002,0,254,18,a,a,DT,DT
3525,East_Timor_2002,0,254,19,competent,competent,JJ,JJ
3526,East_Timor_2002,0,254,20,judicial,judicial,JJ,JJ
3527,East_Timor_2002,0,254,21,authority,authority,NN,NN
3528,East_Timor_2002,0,254,22,and,and,CC,CC
3529,East_Timor_2002,0,254,23,in,in,IN,IN
3530,East_Timor_2002,0,254,24,the,the,DT,DT
3531,East_Timor_2002,0,254,25,cases,cases,NNS,NN
3532,East_Timor_2002,0,254,26,and,and,CC,CC
3533,East_Timor_2002,0,254,27,manner,manner,NN,NN
3534,East_Timor_2002,0,254,28,prescribed,prescribed,VBN,VB
3535,East_Timor_2002,0,254,29,by,by,IN,IN
3536,East_Timor_2002,0,254,30,law,law,NN,NN
3537,East_Timor_2002,0,255,0,3,3,CD,CD
3538,East_Timor_2002,0,256,0,Entry,entry,NN,NN
3539,East_Timor_2002,0,256,1,into,into,IN,IN
3540,East_Timor_2002,0,256,2,any,any,DT,DT
3541,East_Timor_2002,0,256,3,person,person,NN,NN
3542,East_Timor_2002,0,256,4,'s,s,POS,PO
3543,East_Timor_2002,0,256,5,home,home,NN,NN
3544,East_Timor_2002,0,256,6,at,at,IN,IN
3545,East_Timor_2002,0,256,7,night,night,NN,NN
3546,East_Timor_2002,0,256,8,against,against,IN,IN
3547,East_Timor_2002,0,256,9,their,their,PRP$,PR
3548,East_Timor_2002,0,256,10,will,will,MD,MD
3549,East_Timor_2002,0,256,11,is,is,VBZ,VB
3550,East_Timor_2002,0,256,12,expressly,expressly,RB,RB
3551,East_Timor_2002,0,256,13,prohibited,prohibited,VBN,VB
3552,East_Timor_2002,0,256,15,except,except,IN,IN
3553,East_Timor_2002,0,256,16,in,in,IN,IN
3554,East_Timor_2002,0,256,17,case,case,NN,NN
3555,East_Timor_2002,0,256,18,of,of,IN,IN
3556,East_Timor_2002,0,256,19,serious,serious,JJ,JJ
3557,East_Timor_2002,0,256,20,threat,threat,NN,NN
3558,East_Timor_2002,0,256,21,to,to,TO,TO
3559,East_Timor_2002,0,256,22,life,life,NN,NN
3560,East_Timor_2002,0,256,23,or,or,CC,CC
3561,East_Timor_2002,0,256,24,physical,physical,JJ,JJ
3562,East_Timor_2002,0,256,25,integrity,integrity,NN,NN
3563,East_Timor_2002,0,256,26,of,of,IN,IN
3564,East_Timor_2002,0,256,27,somebody,somebody,NN,NN
3565,East_Timor_2002,0,256,28,inside,inside,IN,IN
3566,East_Timor_2002,0,256,29,the,the,DT,DT
3567,East_Timor_2002,0,256,30,home,home,NN,NN
3568,East_Timor_2002,0,257,0,Article,article,NN,NN
3569,East_Timor_2002,0,257,1,38,38,CD,CD
3570,East_Timor_2002,0,258,0,Protection,protection,NN,NN
3571,East_Timor_2002,0,258,1,of,of,IN,IN
3572,East_Timor_2002,0,258,2,Personal,personal,NNP,NN
3573,East_Timor_2002,0,258,3,Data,data,NNP,NN
3574,East_Timor_2002,0,258,4,Share,share,NNP,NN
3575,East_Timor_2002,0,258,5,1,1,CD,CD
3576,East_Timor_2002,0,259,0,All,all,DT,DT
3577,East_Timor_2002,0,259,1,citizens,citizens,NNS,NN
3578,East_Timor_2002,0,259,2,have,have,VBP,VB
3579,East_Timor_2002,0,259,3,the,the,DT,DT
3580,East_Timor_2002,0,259,4,right,right,NN,NN
3581,East_Timor_2002,0,259,5,to,to,TO,TO
3582,East_Timor_2002,0,259,6,access,access,NN,NN
3583,East_Timor_2002,0,259,7,personal,personal,JJ,JJ
3584,East_Timor_2002,0,259,8,data,data,NNS,NN
3585,East_Timor_2002,0,259,9,stored,stored,VBN,VB
3586,East_Timor_2002,0,259,10,in,in,IN,IN
3587,East_Timor_2002,0,259,11,a,a,DT,DT
3588,East_Timor_2002,0,259,12,computer,computer,NN,NN
3589,East_Timor_2002,0,259,13,system,system,NN,NN
3590,East_Timor_2002,0,259,14,or,or,CC,CC
3591,East_Timor_2002,0,259,15,entered,entered,VBN,VB
3592,East_Timor_2002,0,259,16,into,into,IN,IN
3593,East_Timor_2002,0,259,17,mechanical,mechanical,JJ,JJ
3594,East_Timor_2002,0,259,18,or,or,CC,CC
3595,East_Timor_2002,0,259,19,manual,manual,JJ,JJ
3596,East_Timor_2002,0,259,20,records,records,NNS,NN
3597,East_Timor_2002,0,259,21,regarding,regarding,VBG,VB
3598,East_Timor_2002,0,259,22,them,them,PRP,PR
3599,East_Timor_2002,0,259,24,and,and,CC,CC
3600,East_Timor_2002,0,259,25,may,may,MD,MD
3601,East_Timor_2002,0,259,26,require,require,VB,VB
3602,East_Timor_2002,0,259,27,their,their,PRP$,PR
3603,East_Timor_2002,0,259,28,rectification,rectification,NN,NN
3604,East_Timor_2002,0,259,29,and,and,CC,CC
3605,East_Timor_2002,0,259,30,actualization,actualization,NN,NN
3606,East_Timor_2002,0,259,32,and,and,CC,CC
3607,East_Timor_2002,0,259,33,have,have,VBP,VB
3608,East_Timor_2002,0,259,34,the,the,DT,DT
3609,East_Timor_2002,0,259,35,right,right,NN,NN
3610,East_Timor_2002,0,259,36,to,to,TO,TO
3611,East_Timor_2002,0,259,37,know,know,VB,VB
3612,East_Timor_2002,0,259,38,their,their,PRP$,PR
3613,East_Timor_2002,0,259,39,purpose,purpose,NN,NN
3614,East_Timor_2002,0,260,0,2,2,CD,CD
3615,East_Timor_2002,0,261,0,The,the,DT,DT
3616,East_Timor_2002,0,261,1,law,law,NN,NN
3617,East_Timor_2002,0,261,2,determines,determines,VBZ,VB
3618,East_Timor_2002,0,261,3,the,the,DT,DT
3619,East_Timor_2002,0,261,4,concept,concept,NN,NN
3620,East_Timor_2002,0,261,5,of,of,IN,IN
3621,East_Timor_2002,0,261,6,personal,personal,JJ,JJ
3622,East_Timor_2002,0,261,7,data,data,NNS,NN
3623,East_Timor_2002,0,261,9,as,as,RB,RB
3624,East_Timor_2002,0,261,10,well,well,RB,RB
3625,East_Timor_2002,0,261,11,as,as,IN,IN
3626,East_Timor_2002,0,261,12,the,the,DT,DT
3627,East_Timor_2002,0,261,13,conditions,conditions,NNS,NN
3628,East_Timor_2002,0,261,14,applicable,applicable,JJ,JJ
3629,East_Timor_2002,0,261,15,to,to,TO,TO
3630,East_Timor_2002,0,261,16,the,the,DT,DT
3631,East_Timor_2002,0,261,17,processing,processing,NN,NN
3632,East_Timor_2002,0,261,18,thereof,thereof,NN,NN
3633,East_Timor_2002,0,262,0,3,3,CD,CD
3634,East_Timor_2002,0,263,0,The,the,DT,DT
3635,East_Timor_2002,0,263,1,processing,processing,NN,NN
3636,East_Timor_2002,0,263,2,of,of,IN,IN
3637,East_Timor_2002,0,263,3,personal,personal,JJ,JJ
3638,East_Timor_2002,0,263,4,data,data,NNS,NN
3639,East_Timor_2002,0,263,5,on,on,IN,IN
3640,East_Timor_2002,0,263,6,private,private,JJ,JJ
3641,East_Timor_2002,0,263,7,life,life,NN,NN
3642,East_Timor_2002,0,263,9,political,political,JJ,JJ
3643,East_Timor_2002,0,263,10,and,and,CC,CC
3644,East_Timor_2002,0,263,11,philosophical,philosophical,JJ,JJ
3645,East_Timor_2002,0,263,12,convictions,convictions,NNS,NN
3646,East_Timor_2002,0,263,14,religious,religious,JJ,JJ
3647,East_Timor_2002,0,263,15,faith,faith,NN,NN
3648,East_Timor_2002,0,263,17,party,party,NN,NN
3649,East_Timor_2002,0,263,18,or,or,CC,CC
3650,East_Timor_2002,0,263,19,trade,trade,NN,NN
3651,East_Timor_2002,0,263,20,union,union,NN,NN
3652,East_Timor_2002,0,263,21,membership,membership,NN,NN
3653,East_Timor_2002,0,263,22,and,and,CC,CC
3654,East_Timor_2002,0,263,23,ethnical,ethnical,JJ,JJ
3655,East_Timor_2002,0,263,24,origin,origin,NN,NN
3656,East_Timor_2002,0,263,26,without,without,IN,IN
3657,East_Timor_2002,0,263,27,the,the,DT,DT
3658,East_Timor_2002,0,263,28,consent,consent,NN,NN
3659,East_Timor_2002,0,263,29,of,of,IN,IN
3660,East_Timor_2002,0,263,30,the,the,DT,DT
3661,East_Timor_2002,0,263,31,interested,interested,JJ,JJ
3662,East_Timor_2002,0,263,32,person,person,NN,NN
3663,East_Timor_2002,0,263,34,is,is,VBZ,VB
3664,East_Timor_2002,0,263,35,prohibited,prohibited,VBN,VB
3665,East_Timor_2002,0,264,0,Article,article,NN,NN
3666,East_Timor_2002,0,264,1,39,39,CD,CD
3667,East_Timor_2002,0,265,0,Family,family,RB,RB
3668,East_Timor_2002,0,265,2,Marriage,marriage,NNP,NN
3669,East_Timor_2002,0,265,3,and,and,CC,CC
3670,East_Timor_2002,0,265,4,Maternity,maternity,NNP,NN
3671,East_Timor_2002,0,265,5,Share,share,NNP,NN
3672,East_Timor_2002,0,265,6,1,1,CD,CD
3673,East_Timor_2002,0,266,0,The,the,DT,DT
3674,East_Timor_2002,0,266,1,State,state,NNP,NN
3675,East_Timor_2002,0,266,2,protects,protects,VBZ,VB
3676,East_Timor_2002,0,266,3,the,the,DT,DT
3677,East_Timor_2002,0,266,4,family,family,NN,NN
3678,East_Timor_2002,0,266,5,as,as,IN,IN
3679,East_Timor_2002,0,266,6,the,the,DT,DT
3680,East_Timor_2002,0,266,7,society,society,NN,NN
3681,East_Timor_2002,0,266,8,'s,s,POS,PO
3682,East_Timor_2002,0,266,9,basic,basic,JJ,JJ
3683,East_Timor_2002,0,266,10,unit,unit,NN,NN
3684,East_Timor_2002,0,266,11,and,and,CC,CC
3685,East_Timor_2002,0,266,12,condition,condition,NN,NN
3686,East_Timor_2002,0,266,13,for,for,IN,IN
3687,East_Timor_2002,0,266,14,the,the,DT,DT
3688,East_Timor_2002,0,266,15,harmonious,harmonious,JJ,JJ
3689,East_Timor_2002,0,266,16,development,development,NN,NN
3690,East_Timor_2002,0,266,17,of,of,IN,IN
3691,East_Timor_2002,0,266,18,the,the,DT,DT
3692,East_Timor_2002,0,266,19,person,person,NN,NN
3693,East_Timor_2002,0,267,0,2,2,CD,CD
3694,East_Timor_2002,0,268,0,All,all,DT,DT
3695,East_Timor_2002,0,268,1,have,have,VBP,VB
3696,East_Timor_2002,0,268,2,the,the,DT,DT
3697,East_Timor_2002,0,268,3,right,right,NN,NN
3698,East_Timor_2002,0,268,4,to,to,TO,TO
3699,East_Timor_2002,0,268,5,establish,establish,VB,VB
3700,East_Timor_2002,0,268,6,and,and,CC,CC
3701,East_Timor_2002,0,268,7,live,live,VB,VB
3702,East_Timor_2002,0,268,8,in,in,IN,IN
3703,East_Timor_2002,0,268,9,a,a,DT,DT
3704,East_Timor_2002,0,268,10,family,family,NN,NN
3705,East_Timor_2002,0,269,0,3,3,CD,CD
3706,East_Timor_2002,0,270,0,Marriage,marriage,NN,NN
3707,East_Timor_2002,0,270,1,is,is,VBZ,VB
3708,East_Timor_2002,0,270,2,based,based,VBN,VB
3709,East_Timor_2002,0,270,3,upon,upon,IN,IN
3710,East_Timor_2002,0,270,4,free,free,JJ,JJ
3711,East_Timor_2002,0,270,5,consent,consent,NN,NN
3712,East_Timor_2002,0,270,6,by,by,IN,IN
3713,East_Timor_2002,0,270,7,the,the,DT,DT
3714,East_Timor_2002,0,270,8,parties,parties,NNS,NN
3715,East_Timor_2002,0,270,9,and,and,CC,CC
3716,East_Timor_2002,0,270,10,on,on,IN,IN
3717,East_Timor_2002,0,270,11,terms,terms,NNS,NN
3718,East_Timor_2002,0,270,12,of,of,IN,IN
3719,East_Timor_2002,0,270,13,full,full,JJ,JJ
3720,East_Timor_2002,0,270,14,equality,equality,NN,NN
3721,East_Timor_2002,0,270,15,of,of,IN,IN
3722,East_Timor_2002,0,270,16,rights,rights,NNS,NN
3723,East_Timor_2002,0,270,17,between,between,IN,IN
3724,East_Timor_2002,0,270,18,spouses,spouses,NNS,NN
3725,East_Timor_2002,0,270,20,in,in,IN,IN
3726,East_Timor_2002,0,270,21,accordance,accordance,NN,NN
3727,East_Timor_2002,0,270,22,with,with,IN,IN
3728,East_Timor_2002,0,270,23,the,the,DT,DT
3729,East_Timor_2002,0,270,24,law,law,NN,NN
3730,East_Timor_2002,0,271,0,4,4,CD,CD
3731,East_Timor_2002,0,272,0,Maternity,maternity,NNP,NN
3732,East_Timor_2002,0,272,1,is,is,VBZ,VB
3733,East_Timor_2002,0,272,2,dignified,dignified,VBN,VB
3734,East_Timor_2002,0,272,3,and,and,CC,CC
3735,East_Timor_2002,0,272,4,protected,protected,VBN,VB
3736,East_Timor_2002,0,272,6,and,and,CC,CC
3737,East_Timor_2002,0,272,7,special,special,JJ,JJ
3738,East_Timor_2002,0,272,8,protection,protection,NN,NN
3739,East_Timor_2002,0,272,9,shall,shall,MD,MD
3740,East_Timor_2002,0,272,10,be,be,VB,VB
3741,East_Timor_2002,0,272,11,guaranteed,guaranteed,VBN,VB
3742,East_Timor_2002,0,272,12,to,to,TO,TO
3743,East_Timor_2002,0,272,13,all,all,DT,DT
3744,East_Timor_2002,0,272,14,women,women,NNS,NN
3745,East_Timor_2002,0,272,15,during,during,IN,IN
3746,East_Timor_2002,0,272,16,pregnancy,pregnancy,NN,NN
3747,East_Timor_2002,0,272,17,and,and,CC,CC
3748,East_Timor_2002,0,272,18,after,after,IN,IN
3749,East_Timor_2002,0,272,19,delivery,delivery,NN,NN
3750,East_Timor_2002,0,272,20,and,and,CC,CC
3751,East_Timor_2002,0,272,21,working,working,VBG,VB
3752,East_Timor_2002,0,272,22,women,women,NNS,NN
3753,East_Timor_2002,0,272,23,shall,shall,MD,MD
3754,East_Timor_2002,0,272,24,have,have,VB,VB
3755,East_Timor_2002,0,272,25,the,the,DT,DT
3756,East_Timor_2002,0,272,26,right,right,NN,NN
3757,East_Timor_2002,0,272,27,to,to,TO,TO
3758,East_Timor_2002,0,272,28,be,be,VB,VB
3759,East_Timor_2002,0,272,29,exempted,exempted,VBN,VB
3760,East_Timor_2002,0,272,30,from,from,IN,IN
3761,East_Timor_2002,0,272,31,the,the,DT,DT
3762,East_Timor_2002,0,272,32,workplace,workplace,NN,NN
3763,East_Timor_2002,0,272,33,for,for,IN,IN
3764,East_Timor_2002,0,272,34,an,an,DT,DT
3765,East_Timor_2002,0,272,35,adequate,adequate,JJ,JJ
3766,East_Timor_2002,0,272,36,period,period,NN,NN
3767,East_Timor_2002,0,272,37,before,before,IN,IN
3768,East_Timor_2002,0,272,38,and,and,CC,CC
3769,East_Timor_2002,0,272,39,after,after,IN,IN
3770,East_Timor_2002,0,272,40,delivery,delivery,NN,NN
3771,East_Timor_2002,0,272,42,without,without,IN,IN
3772,East_Timor_2002,0,272,43,loss,loss,NN,NN
3773,East_Timor_2002,0,272,44,of,of,IN,IN
3774,East_Timor_2002,0,272,45,remuneration,remuneration,NN,NN
3775,East_Timor_2002,0,272,46,or,or,CC,CC
3776,East_Timor_2002,0,272,47,any,any,DT,DT
3777,East_Timor_2002,0,272,48,other,other,JJ,JJ
3778,East_Timor_2002,0,272,49,benefits,benefits,NNS,NN
3779,East_Timor_2002,0,272,51,in,in,IN,IN
3780,East_Timor_2002,0,272,52,accordance,accordance,NN,NN
3781,East_Timor_2002,0,272,53,with,with,IN,IN
3782,East_Timor_2002,0,272,54,the,the,DT,DT
3783,East_Timor_2002,0,272,55,law,law,NN,NN
3784,East_Timor_2002,0,273,0,Article,article,NN,NN
3785,East_Timor_2002,0,273,1,40,40,CD,CD
3786,East_Timor_2002,0,274,0,Freedom,freedom,NN,NN
3787,East_Timor_2002,0,274,1,of,of,IN,IN
3788,East_Timor_2002,0,274,2,Expression,expression,NNP,NN
3789,East_Timor_2002,0,274,3,and,and,CC,CC
3790,East_Timor_2002,0,274,4,Information,information,NNP,NN
3791,East_Timor_2002,0,274,5,Share,share,NNP,NN
3792,East_Timor_2002,0,274,6,1,1,CD,CD
3793,East_Timor_2002,0,275,0,All,all,DT,DT
3794,East_Timor_2002,0,275,1,persons,persons,NNS,NN
3795,East_Timor_2002,0,275,2,have,have,VBP,VB
3796,East_Timor_2002,0,275,3,the,the,DT,DT
3797,East_Timor_2002,0,275,4,right,right,NN,NN
3798,East_Timor_2002,0,275,5,to,to,TO,TO
3799,East_Timor_2002,0,275,6,freedom,freedom,NN,NN
3800,East_Timor_2002,0,275,7,of,of,IN,IN
3801,East_Timor_2002,0,275,8,expression,expression,NN,NN
3802,East_Timor_2002,0,275,9,and,and,CC,CC
3803,East_Timor_2002,0,275,10,the,the,DT,DT
3804,East_Timor_2002,0,275,11,right,right,NN,NN
3805,East_Timor_2002,0,275,12,to,to,TO,TO
3806,East_Timor_2002,0,275,13,inform,inform,VB,VB
3807,East_Timor_2002,0,275,14,and,and,CC,CC
3808,East_Timor_2002,0,275,15,be,be,VB,VB
3809,East_Timor_2002,0,275,16,informed,informed,VBN,VB
3810,East_Timor_2002,0,275,17,impartially,impartially,RB,RB
3811,East_Timor_2002,0,276,0,2,2,CD,CD
3812,East_Timor_2002,0,277,0,The,the,DT,DT
3813,East_Timor_2002,0,277,1,exercise,exercise,NN,NN
3814,East_Timor_2002,0,277,2,of,of,IN,IN
3815,East_Timor_2002,0,277,3,freedom,freedom,NN,NN
3816,East_Timor_2002,0,277,4,of,of,IN,IN
3817,East_Timor_2002,0,277,5,expression,expression,NN,NN
3818,East_Timor_2002,0,277,6,and,and,CC,CC
3819,East_Timor_2002,0,277,7,information,information,NN,NN
3820,East_Timor_2002,0,277,8,can,can,MD,MD
3821,East_Timor_2002,0,277,9,not,not,RB,RB
3822,East_Timor_2002,0,277,10,be,be,VB,VB
3823,East_Timor_2002,0,277,11,limited,limited,VBN,VB
3824,East_Timor_2002,0,277,12,by,by,IN,IN
3825,East_Timor_2002,0,277,13,any,any,DT,DT
3826,East_Timor_2002,0,277,14,type,type,NN,NN
3827,East_Timor_2002,0,277,15,of,of,IN,IN
3828,East_Timor_2002,0,277,16,censorship,censorship,NN,NN
3829,East_Timor_2002,0,278,0,3,3,CD,CD
3830,East_Timor_2002,0,279,0,The,the,DT,DT
3831,East_Timor_2002,0,279,1,exercise,exercise,NN,NN
3832,East_Timor_2002,0,279,2,of,of,IN,IN
3833,East_Timor_2002,0,279,3,rights,rights,NNS,NN
3834,East_Timor_2002,0,279,4,and,and,CC,CC
3835,East_Timor_2002,0,279,5,liberties,liberties,NNS,NN
3836,East_Timor_2002,0,279,6,referred,referred,VBD,VB
3837,East_Timor_2002,0,279,7,to,to,TO,TO
3838,East_Timor_2002,0,279,8,in,in,IN,IN
3839,East_Timor_2002,0,279,9,this,this,DT,DT
3840,East_Timor_2002,0,279,10,Article,article,NNP,NN
3841,East_Timor_2002,0,279,11,is,is,VBZ,VB
3842,East_Timor_2002,0,279,12,regulated,regulated,VBN,VB
3843,East_Timor_2002,0,279,13,by,by,IN,IN
3844,East_Timor_2002,0,279,14,law,law,NN,NN
3845,East_Timor_2002,0,279,15,based,based,VBN,VB
3846,East_Timor_2002,0,279,16,on,on,IN,IN
3847,East_Timor_2002,0,279,17,the,the,DT,DT
3848,East_Timor_2002,0,279,18,imperative,imperative,NN,NN
3849,East_Timor_2002,0,279,19,of,of,IN,IN
3850,East_Timor_2002,0,279,20,respect,respect,NN,NN
3851,East_Timor_2002,0,279,21,for,for,IN,IN
3852,East_Timor_2002,0,279,22,the,the,DT,DT
3853,East_Timor_2002,0,279,23,Constitution,constitution,NNP,NN
3854,East_Timor_2002,0,279,24,and,and,CC,CC
3855,East_Timor_2002,0,279,25,the,the,DT,DT
3856,East_Timor_2002,0,279,26,dignity,dignity,NN,NN
3857,East_Timor_2002,0,279,27,of,of,IN,IN
3858,East_Timor_2002,0,279,28,the,the,DT,DT
3859,East_Timor_2002,0,279,29,human,human,JJ,JJ
3860,East_Timor_2002,0,279,30,person,person,NN,NN
3861,East_Timor_2002,0,280,0,Article,article,NN,NN
3862,East_Timor_2002,0,280,1,41,41,CD,CD
3863,East_Timor_2002,0,281,0,Freedom,freedom,NN,NN
3864,East_Timor_2002,0,281,1,of,of,IN,IN
3865,East_Timor_2002,0,281,2,the,the,DT,DT
3866,East_Timor_2002,0,281,3,Press,press,NNP,NN
3867,East_Timor_2002,0,281,4,and,and,CC,CC
3868,East_Timor_2002,0,281,5,Means,means,NNPS,NN
3869,East_Timor_2002,0,281,6,of,of,IN,IN
3870,East_Timor_2002,0,281,7,Social,social,NNP,NN
3871,East_Timor_2002,0,281,8,Communication,communication,NNP,NN
3872,East_Timor_2002,0,281,9,Share,share,NNP,NN
3873,East_Timor_2002,0,281,10,1,1,CD,CD
3874,East_Timor_2002,0,282,0,Freedom,freedom,NN,NN
3875,East_Timor_2002,0,282,1,of,of,IN,IN
3876,East_Timor_2002,0,282,2,the,the,DT,DT
3877,East_Timor_2002,0,282,3,press,press,NN,NN
3878,East_Timor_2002,0,282,4,and,and,CC,CC
3879,East_Timor_2002,0,282,5,other,other,JJ,JJ
3880,East_Timor_2002,0,282,6,means,means,NNS,NN
3881,East_Timor_2002,0,282,7,of,of,IN,IN
3882,East_Timor_2002,0,282,8,social,social,JJ,JJ
3883,East_Timor_2002,0,282,9,communication,communication,NN,NN
3884,East_Timor_2002,0,282,10,is,is,VBZ,VB
3885,East_Timor_2002,0,282,11,guaranteed,guaranteed,VBN,VB
3886,East_Timor_2002,0,283,0,2,2,CD,CD
3887,East_Timor_2002,0,284,0,Freedom,freedom,NN,NN
3888,East_Timor_2002,0,284,1,of,of,IN,IN
3889,East_Timor_2002,0,284,2,the,the,DT,DT
3890,East_Timor_2002,0,284,3,press,press,NN,NN
3891,East_Timor_2002,0,284,4,comprises,comprises,VBZ,VB
3892,East_Timor_2002,0,284,6,namely,namely,RB,RB
3893,East_Timor_2002,0,284,8,the,the,DT,DT
3894,East_Timor_2002,0,284,9,freedom,freedom,NN,NN
3895,East_Timor_2002,0,284,10,of,of,IN,IN
3896,East_Timor_2002,0,284,11,expression,expression,NN,NN
3897,East_Timor_2002,0,284,12,and,and,CC,CC
3898,East_Timor_2002,0,284,13,creativity,creativity,NN,NN
3899,East_Timor_2002,0,284,14,for,for,IN,IN
3900,East_Timor_2002,0,284,15,journalists,journalists,NNS,NN
3901,East_Timor_2002,0,284,17,the,the,DT,DT
3902,East_Timor_2002,0,284,18,access,access,NN,NN
3903,East_Timor_2002,0,284,19,to,to,TO,TO
3904,East_Timor_2002,0,284,20,information,information,NN,NN
3905,East_Timor_2002,0,284,21,sources,sources,NNS,NN
3906,East_Timor_2002,0,284,23,editorial,editorial,NN,NN
3907,East_Timor_2002,0,284,24,freedom,freedom,NN,NN
3908,East_Timor_2002,0,284,26,protection,protection,NN,NN
3909,East_Timor_2002,0,284,27,of,of,IN,IN
3910,East_Timor_2002,0,284,28,independence,independence,NN,NN
3911,East_Timor_2002,0,284,29,and,and,CC,CC
3912,East_Timor_2002,0,284,30,professional,professional,JJ,JJ
3913,East_Timor_2002,0,284,31,confidentiality,confidentiality,NN,NN
3914,East_Timor_2002,0,284,33,and,and,CC,CC
3915,East_Timor_2002,0,284,34,the,the,DT,DT
3916,East_Timor_2002,0,284,35,right,right,NN,NN
3917,East_Timor_2002,0,284,36,to,to,TO,TO
3918,East_Timor_2002,0,284,37,create,create,VB,VB
3919,East_Timor_2002,0,284,38,newspapers,newspapers,NNS,NN
3920,East_Timor_2002,0,284,40,publications,publications,NNS,NN
3921,East_Timor_2002,0,284,41,and,and,CC,CC
3922,East_Timor_2002,0,284,42,other,other,JJ,JJ
3923,East_Timor_2002,0,284,43,means,means,NNS,NN
3924,East_Timor_2002,0,284,44,of,of,IN,IN
3925,East_Timor_2002,0,284,45,diffusion,diffusion,NN,NN
3926,East_Timor_2002,0,285,0,3,3,CD,CD
3927,East_Timor_2002,0,286,0,A,a,DT,DT
3928,East_Timor_2002,0,286,1,monopoly,monopoly,NN,NN
3929,East_Timor_2002,0,286,2,on,on,IN,IN
3930,East_Timor_2002,0,286,3,the,the,DT,DT
3931,East_Timor_2002,0,286,4,means,means,NNS,NN
3932,East_Timor_2002,0,286,5,of,of,IN,IN
3933,East_Timor_2002,0,286,6,social,social,JJ,JJ
3934,East_Timor_2002,0,286,7,communication,communication,NN,NN
3935,East_Timor_2002,0,286,8,is,is,VBZ,VB
3936,East_Timor_2002,0,286,9,not,not,RB,RB
3937,East_Timor_2002,0,286,10,permitted,permitted,VBN,VB
3938,East_Timor_2002,0,287,0,4,4,CD,CD
3939,East_Timor_2002,0,288,0,The,the,DT,DT
3940,East_Timor_2002,0,288,1,State,state,NNP,NN
3941,East_Timor_2002,0,288,2,guarantees,guarantees,VBZ,VB
3942,East_Timor_2002,0,288,3,the,the,DT,DT
3943,East_Timor_2002,0,288,4,freedom,freedom,NN,NN
3944,East_Timor_2002,0,288,5,and,and,CC,CC
3945,East_Timor_2002,0,288,6,independence,independence,NN,NN
3946,East_Timor_2002,0,288,7,of,of,IN,IN
3947,East_Timor_2002,0,288,8,the,the,DT,DT
3948,East_Timor_2002,0,288,9,public,public,JJ,JJ
3949,East_Timor_2002,0,288,10,organs,organs,NNS,NN
3950,East_Timor_2002,0,288,11,of,of,IN,IN
3951,East_Timor_2002,0,288,12,social,social,JJ,JJ
3952,East_Timor_2002,0,288,13,communication,communication,NN,NN
3953,East_Timor_2002,0,288,14,from,from,IN,IN
3954,East_Timor_2002,0,288,15,political,political,JJ,JJ
3955,East_Timor_2002,0,288,16,and,and,CC,CC
3956,East_Timor_2002,0,288,17,economic,economic,JJ,JJ
3957,East_Timor_2002,0,288,18,powers,powers,NNS,NN
3958,East_Timor_2002,0,289,0,5,5,CD,CD
3959,East_Timor_2002,0,290,0,The,the,DT,DT
3960,East_Timor_2002,0,290,1,State,state,NNP,NN
3961,East_Timor_2002,0,290,2,guarantees,guarantees,VBZ,VB
3962,East_Timor_2002,0,290,3,the,the,DT,DT
3963,East_Timor_2002,0,290,4,existence,existence,NN,NN
3964,East_Timor_2002,0,290,5,of,of,IN,IN
3965,East_Timor_2002,0,290,6,a,a,DT,DT
3966,East_Timor_2002,0,290,7,public,public,JJ,JJ
3967,East_Timor_2002,0,290,8,radio,radio,NN,NN
3968,East_Timor_2002,0,290,9,and,and,CC,CC
3969,East_Timor_2002,0,290,10,television,television,NN,NN
3970,East_Timor_2002,0,290,11,service,service,NN,NN
3971,East_Timor_2002,0,290,12,that,that,WDT,WD
3972,East_Timor_2002,0,290,13,is,is,VBZ,VB
3973,East_Timor_2002,0,290,14,impartial,impartial,JJ,JJ
3974,East_Timor_2002,0,290,15,in,in,IN,IN
3975,East_Timor_2002,0,290,16,order,order,NN,NN
3976,East_Timor_2002,0,290,17,to,to,TO,TO
3977,East_Timor_2002,0,290,19,among,among,IN,IN
3978,East_Timor_2002,0,290,20,other,other,JJ,JJ
3979,East_Timor_2002,0,290,21,objectives,objectives,NNS,NN
3980,East_Timor_2002,0,290,23,protect,protect,NN,NN
3981,East_Timor_2002,0,290,24,and,and,CC,CC
3982,East_Timor_2002,0,290,25,disseminate,disseminate,VB,VB
3983,East_Timor_2002,0,290,26,the,the,DT,DT
3984,East_Timor_2002,0,290,27,culture,culture,NN,NN
3985,East_Timor_2002,0,290,28,and,and,CC,CC
3986,East_Timor_2002,0,290,29,the,the,DT,DT
3987,East_Timor_2002,0,290,30,traditional,traditional,JJ,JJ
3988,East_Timor_2002,0,290,31,values,values,NNS,NN
3989,East_Timor_2002,0,290,32,of,of,IN,IN
3990,East_Timor_2002,0,290,33,the,the,DT,DT
3991,East_Timor_2002,0,290,34,Democratic,democratic,JJ,JJ
3992,East_Timor_2002,0,290,35,Republic,republic,NNP,NN
3993,East_Timor_2002,0,290,36,of,of,IN,IN
3994,East_Timor_2002,0,290,37,East,east,NNP,NN
3995,East_Timor_2002,0,290,38,Timor,timor,NNP,NN
3996,East_Timor_2002,0,290,39,and,and,CC,CC
3997,East_Timor_2002,0,290,40,guarantee,guarantee,VB,VB
3998,East_Timor_2002,0,290,41,the,the,DT,DT
3999,East_Timor_2002,0,290,42,expression,expression,NN,NN
4000,East_Timor_2002,0,290,43,of,of,IN,IN
4001,East_Timor_2002,0,290,44,different,different,JJ,JJ
4002,East_Timor_2002,0,290,45,opinions,opinions,NNS,NN
4003,East_Timor_2002,0,291,0,6,6,CD,CD
4004,East_Timor_2002,0,292,0,Radio,radio,NN,NN
4005,East_Timor_2002,0,292,1,and,and,CC,CC
4006,East_Timor_2002,0,292,2,television,television,NN,NN
4007,East_Timor_2002,0,292,3,stations,stations,NNS,NN
4008,East_Timor_2002,0,292,4,can,can,MD,MD
4009,East_Timor_2002,0,292,5,operate,operate,VB,VB
4010,East_Timor_2002,0,292,6,only,only,RB,RB
4011,East_Timor_2002,0,292,7,under,under,IN,IN
4012,East_Timor_2002,0,292,8,a,a,DT,DT
4013,East_Timor_2002,0,292,9,license,license,NN,NN
4014,East_Timor_2002,0,292,11,in,in,IN,IN
4015,East_Timor_2002,0,292,12,accordance,accordance,NN,NN
4016,East_Timor_2002,0,292,13,with,with,IN,IN
4017,East_Timor_2002,0,292,14,the,the,DT,DT
4018,East_Timor_2002,0,292,15,law,law,NN,NN
4019,East_Timor_2002,0,293,0,Article,article,NN,NN
4020,East_Timor_2002,0,293,1,42,42,CD,CD
4021,East_Timor_2002,0,294,0,Freedom,freedom,NN,NN
4022,East_Timor_2002,0,294,1,of,of,IN,IN
4023,East_Timor_2002,0,294,2,Assembly,assembly,NNP,NN
4024,East_Timor_2002,0,294,3,and,and,CC,CC
4025,East_Timor_2002,0,294,4,Manifestation,manifestation,NNP,NN
4026,East_Timor_2002,0,294,5,Share,share,NNP,NN
4027,East_Timor_2002,0,294,6,1,1,CD,CD
4028,East_Timor_2002,0,295,0,All,all,DT,DT
4029,East_Timor_2002,0,295,1,are,are,VBP,VB
4030,East_Timor_2002,0,295,2,guaranteed,guaranteed,VBN,VB
4031,East_Timor_2002,0,295,3,the,the,DT,DT
4032,East_Timor_2002,0,295,4,freedom,freedom,NN,NN
4033,East_Timor_2002,0,295,5,to,to,TO,TO
4034,East_Timor_2002,0,295,6,assemble,assemble,VB,VB
4035,East_Timor_2002,0,295,7,peacefully,peacefully,RB,RB
4036,East_Timor_2002,0,295,8,and,and,CC,CC
4037,East_Timor_2002,0,295,9,unarmed,unarmed,JJ,JJ
4038,East_Timor_2002,0,295,11,without,without,IN,IN
4039,East_Timor_2002,0,295,12,a,a,DT,DT
4040,East_Timor_2002,0,295,13,need,need,NN,NN
4041,East_Timor_2002,0,295,14,of,of,IN,IN
4042,East_Timor_2002,0,295,15,prior,prior,JJ,JJ
4043,East_Timor_2002,0,295,16,authorization,authorization,NN,NN
4044,East_Timor_2002,0,296,0,2,2,CD,CD
4045,East_Timor_2002,0,297,0,To,to,TO,TO
4046,East_Timor_2002,0,297,1,all,all,DT,DT
4047,East_Timor_2002,0,297,2,is,is,VBZ,VB
4048,East_Timor_2002,0,297,3,recognized,recognized,VBN,VB
4049,East_Timor_2002,0,297,4,the,the,DT,DT
4050,East_Timor_2002,0,297,5,right,right,NN,NN
4051,East_Timor_2002,0,297,6,of,of,IN,IN
4052,East_Timor_2002,0,297,7,manifestation,manifestation,NN,NN
4053,East_Timor_2002,0,297,8,in,in,IN,IN
4054,East_Timor_2002,0,297,9,accordance,accordance,NN,NN
4055,East_Timor_2002,0,297,10,with,with,IN,IN
4056,East_Timor_2002,0,297,11,the,the,DT,DT
4057,East_Timor_2002,0,297,12,law,law,NN,NN
4058,East_Timor_2002,0,298,0,Article,article,NN,NN
4059,East_Timor_2002,0,298,1,43,43,CD,CD
4060,East_Timor_2002,0,299,0,Freedom,freedom,NNP,NN
4061,East_Timor_2002,0,299,1,of,of,IN,IN
4062,East_Timor_2002,0,299,2,Association,association,NNP,NN
4063,East_Timor_2002,0,299,3,Share,share,NNP,NN
4064,East_Timor_2002,0,299,4,1,1,CD,CD
4065,East_Timor_2002,0,300,0,To,to,TO,TO
4066,East_Timor_2002,0,300,1,all,all,DT,DT
4067,East_Timor_2002,0,300,2,is,is,VBZ,VB
4068,East_Timor_2002,0,300,3,guaranteed,guaranteed,VBN,VB
4069,East_Timor_2002,0,300,4,the,the,DT,DT
4070,East_Timor_2002,0,300,5,freedom,freedom,NN,NN
4071,East_Timor_2002,0,300,6,of,of,IN,IN
4072,East_Timor_2002,0,300,7,association,association,NN,NN
4073,East_Timor_2002,0,300,8,provided,provided,VBD,VB
4074,East_Timor_2002,0,300,9,that,that,IN,IN
4075,East_Timor_2002,0,300,10,the,the,DT,DT
4076,East_Timor_2002,0,300,11,association,association,NN,NN
4077,East_Timor_2002,0,300,12,is,is,VBZ,VB
4078,East_Timor_2002,0,300,13,not,not,RB,RB
4079,East_Timor_2002,0,300,14,intended,intended,VBN,VB
4080,East_Timor_2002,0,300,15,to,to,TO,TO
4081,East_Timor_2002,0,300,16,promote,promote,VB,VB
4082,East_Timor_2002,0,300,17,violence,violence,NN,NN
4083,East_Timor_2002,0,300,18,and,and,CC,CC
4084,East_Timor_2002,0,300,19,is,is,VBZ,VB
4085,East_Timor_2002,0,300,20,in,in,IN,IN
4086,East_Timor_2002,0,300,21,accordance,accordance,NN,NN
4087,East_Timor_2002,0,300,22,with,with,IN,IN
4088,East_Timor_2002,0,300,23,the,the,DT,DT
4089,East_Timor_2002,0,300,24,law,law,NN,NN
4090,East_Timor_2002,0,301,0,2,2,CD,CD
4091,East_Timor_2002,0,302,0,No,no,DT,DT
4092,East_Timor_2002,0,302,1,one,one,NN,NN
4093,East_Timor_2002,0,302,2,can,can,MD,MD
4094,East_Timor_2002,0,302,3,be,be,VB,VB
4095,East_Timor_2002,0,302,4,compelled,compelled,VBN,VB
4096,East_Timor_2002,0,302,5,to,to,TO,TO
4097,East_Timor_2002,0,302,6,join,join,VB,VB
4098,East_Timor_2002,0,302,7,an,an,DT,DT
4099,East_Timor_2002,0,302,8,association,association,NN,NN
4100,East_Timor_2002,0,302,9,or,or,CC,CC
4101,East_Timor_2002,0,302,10,to,to,TO,TO
4102,East_Timor_2002,0,302,11,remain,remain,VB,VB
4103,East_Timor_2002,0,302,12,in,in,IN,IN
4104,East_Timor_2002,0,302,13,it,it,PRP,PR
4105,East_Timor_2002,0,302,14,against,against,IN,IN
4106,East_Timor_2002,0,302,15,their,their,PRP$,PR
4107,East_Timor_2002,0,302,16,will,will,MD,MD
4108,East_Timor_2002,0,303,0,3,3,CD,CD
4109,East_Timor_2002,0,304,0,The,the,DT,DT
4110,East_Timor_2002,0,304,1,establishment,establishment,NN,NN
4111,East_Timor_2002,0,304,2,of,of,IN,IN
4112,East_Timor_2002,0,304,3,armed,armed,VBN,VB
4113,East_Timor_2002,0,304,5,military,military,JJ,JJ
4114,East_Timor_2002,0,304,6,or,or,CC,CC
4115,East_Timor_2002,0,304,7,paramilitary,paramilitary,JJ,JJ
4116,East_Timor_2002,0,304,8,associations,associations,NNS,NN
4117,East_Timor_2002,0,304,10,including,including,VBG,VB
4118,East_Timor_2002,0,304,11,organizations,organizations,NNS,NN
4119,East_Timor_2002,0,304,12,of,of,IN,IN
4120,East_Timor_2002,0,304,13,a,a,DT,DT
4121,East_Timor_2002,0,304,14,racist,racist,NN,NN
4122,East_Timor_2002,0,304,15,or,or,CC,CC
4123,East_Timor_2002,0,304,16,xenophobic,xenophobic,JJ,JJ
4124,East_Timor_2002,0,304,17,nature,nature,NN,NN
4125,East_Timor_2002,0,304,18,or,or,CC,CC
4126,East_Timor_2002,0,304,19,that,that,IN,IN
4127,East_Timor_2002,0,304,20,promote,promote,JJ,JJ
4128,East_Timor_2002,0,304,21,terrorism,terrorism,NN,NN
4129,East_Timor_2002,0,304,23,is,is,VBZ,VB
4130,East_Timor_2002,0,304,24,prohibited,prohibited,VBN,VB
4131,East_Timor_2002,0,305,0,Article,article,NN,NN
4132,East_Timor_2002,0,305,1,44,44,CD,CD
4133,East_Timor_2002,0,306,0,Freedom,freedom,NN,NN
4134,East_Timor_2002,0,306,1,of,of,IN,IN
4135,East_Timor_2002,0,306,2,Movement,movement,NNP,NN
4136,East_Timor_2002,0,306,3,Share,share,NNP,NN
4137,East_Timor_2002,0,306,4,1,1,CD,CD
4138,East_Timor_2002,0,307,0,Every,every,DT,DT
4139,East_Timor_2002,0,307,1,individual,individual,NN,NN
4140,East_Timor_2002,0,307,2,has,has,VBZ,VB
4141,East_Timor_2002,0,307,3,the,the,DT,DT
4142,East_Timor_2002,0,307,4,right,right,NN,NN
4143,East_Timor_2002,0,307,5,to,to,TO,TO
4144,East_Timor_2002,0,307,6,move,move,VB,VB
4145,East_Timor_2002,0,307,7,freely,freely,RB,RB
4146,East_Timor_2002,0,307,8,and,and,CC,CC
4147,East_Timor_2002,0,307,9,to,to,TO,TO
4148,East_Timor_2002,0,307,10,settle,settle,VB,VB
4149,East_Timor_2002,0,307,11,anywhere,anywhere,RB,RB
4150,East_Timor_2002,0,307,12,in,in,IN,IN
4151,East_Timor_2002,0,307,13,the,the,DT,DT
4152,East_Timor_2002,0,307,14,national,national,JJ,JJ
4153,East_Timor_2002,0,307,15,territory,territory,NN,NN
4154,East_Timor_2002,0,308,0,2,2,CD,CD
4155,East_Timor_2002,0,309,0,Every,every,DT,DT
4156,East_Timor_2002,0,309,1,citizen,citizen,NN,NN
4157,East_Timor_2002,0,309,2,is,is,VBZ,VB
4158,East_Timor_2002,0,309,3,guaranteed,guaranteed,VBN,VB
4159,East_Timor_2002,0,309,4,the,the,DT,DT
4160,East_Timor_2002,0,309,5,right,right,NN,NN
4161,East_Timor_2002,0,309,6,to,to,TO,TO
4162,East_Timor_2002,0,309,7,emigrate,emigrate,VB,VB
4163,East_Timor_2002,0,309,8,freely,freely,RB,RB
4164,East_Timor_2002,0,309,10,as,as,RB,RB
4165,East_Timor_2002,0,309,11,well,well,RB,RB
4166,East_Timor_2002,0,309,12,as,as,IN,IN
4167,East_Timor_2002,0,309,13,the,the,DT,DT
4168,East_Timor_2002,0,309,14,rights,rights,NNS,NN
4169,East_Timor_2002,0,309,15,to,to,TO,TO
4170,East_Timor_2002,0,309,16,return,return,VB,VB
4171,East_Timor_2002,0,309,17,to,to,TO,TO
4172,East_Timor_2002,0,309,18,the,the,DT,DT
4173,East_Timor_2002,0,309,19,country,country,NN,NN
4174,East_Timor_2002,0,310,0,Article,article,NN,NN
4175,East_Timor_2002,0,310,1,45,45,CD,CD
4176,East_Timor_2002,0,311,0,Freedom,freedom,NN,NN
4177,East_Timor_2002,0,311,1,of,of,IN,IN
4178,East_Timor_2002,0,311,2,Conscience,conscience,NNP,NN
4179,East_Timor_2002,0,311,4,Religion,religion,NNP,NN
4180,East_Timor_2002,0,311,5,and,and,CC,CC
4181,East_Timor_2002,0,311,6,Worship,worship,NNP,NN
4182,East_Timor_2002,0,311,7,Share,share,NNP,NN
4183,East_Timor_2002,0,311,8,1,1,CD,CD
4184,East_Timor_2002,0,312,0,To,to,TO,TO
4185,East_Timor_2002,0,312,1,all,all,DT,DT
4186,East_Timor_2002,0,312,2,is,is,VBZ,VB
4187,East_Timor_2002,0,312,3,guaranteed,guaranteed,VBN,VB
4188,East_Timor_2002,0,312,4,the,the,DT,DT
4189,East_Timor_2002,0,312,5,freedom,freedom,NN,NN
4190,East_Timor_2002,0,312,6,of,of,IN,IN
4191,East_Timor_2002,0,312,7,conscience,conscience,NN,NN
4192,East_Timor_2002,0,312,9,religion,religion,NN,NN
4193,East_Timor_2002,0,312,10,and,and,CC,CC
4194,East_Timor_2002,0,312,11,worship,worship,NN,NN
4195,East_Timor_2002,0,312,12,and,and,CC,CC
4196,East_Timor_2002,0,312,13,the,the,DT,DT
4197,East_Timor_2002,0,312,14,religious,religious,JJ,JJ
4198,East_Timor_2002,0,312,15,denominations,denominations,NNS,NN
4199,East_Timor_2002,0,312,16,that,that,WDT,WD
4200,East_Timor_2002,0,312,17,are,are,VBP,VB
4201,East_Timor_2002,0,312,18,separated,separated,VBN,VB
4202,East_Timor_2002,0,312,19,from,from,IN,IN
4203,East_Timor_2002,0,312,20,the,the,DT,DT
4204,East_Timor_2002,0,312,21,State,state,NNP,NN
4205,East_Timor_2002,0,313,0,2,2,CD,CD
4206,East_Timor_2002,0,314,0,No,no,DT,DT
4207,East_Timor_2002,0,314,1,one,one,NN,NN
4208,East_Timor_2002,0,314,2,can,can,MD,MD
4209,East_Timor_2002,0,314,3,be,be,VB,VB
4210,East_Timor_2002,0,314,4,persecuted,persecuted,VBN,VB
4211,East_Timor_2002,0,314,5,or,or,CC,CC
4212,East_Timor_2002,0,314,6,discriminated,discriminated,VBN,VB
4213,East_Timor_2002,0,314,7,against,against,IN,IN
4214,East_Timor_2002,0,314,8,on,on,IN,IN
4215,East_Timor_2002,0,314,9,the,the,DT,DT
4216,East_Timor_2002,0,314,10,basis,basis,NN,NN
4217,East_Timor_2002,0,314,11,of,of,IN,IN
4218,East_Timor_2002,0,314,12,their,their,PRP$,PR
4219,East_Timor_2002,0,314,13,religious,religious,JJ,JJ
4220,East_Timor_2002,0,314,14,convictions,convictions,NNS,NN
4221,East_Timor_2002,0,315,0,3,3,CD,CD
4222,East_Timor_2002,0,316,0,The,the,DT,DT
4223,East_Timor_2002,0,316,1,right,right,NN,NN
4224,East_Timor_2002,0,316,2,to,to,TO,TO
4225,East_Timor_2002,0,316,3,be,be,VB,VB
4226,East_Timor_2002,0,316,4,a,a,DT,DT
4227,East_Timor_2002,0,316,5,conscientious,conscientious,JJ,JJ
4228,East_Timor_2002,0,316,6,objector,objector,NN,NN
4229,East_Timor_2002,0,316,7,is,is,VBZ,VB
4230,East_Timor_2002,0,316,8,guaranteed,guaranteed,VBN,VB
4231,East_Timor_2002,0,316,9,in,in,IN,IN
4232,East_Timor_2002,0,316,10,accordance,accordance,NN,NN
4233,East_Timor_2002,0,316,11,with,with,IN,IN
4234,East_Timor_2002,0,316,12,the,the,DT,DT
4235,East_Timor_2002,0,316,13,law,law,NN,NN
4236,East_Timor_2002,0,317,0,4,4,CD,CD
4237,East_Timor_2002,0,318,0,The,the,DT,DT
4238,East_Timor_2002,0,318,1,freedom,freedom,NN,NN
4239,East_Timor_2002,0,318,2,to,to,TO,TO
4240,East_Timor_2002,0,318,3,teach,teach,VB,VB
4241,East_Timor_2002,0,318,4,any,any,DT,DT
4242,East_Timor_2002,0,318,5,religion,religion,NN,NN
4243,East_Timor_2002,0,318,6,in,in,IN,IN
4244,East_Timor_2002,0,318,7,the,the,DT,DT
4245,East_Timor_2002,0,318,8,framework,framework,NN,NN
4246,East_Timor_2002,0,318,9,of,of,IN,IN
4247,East_Timor_2002,0,318,10,the,the,DT,DT
4248,East_Timor_2002,0,318,11,respective,respective,JJ,JJ
4249,East_Timor_2002,0,318,12,religious,religious,JJ,JJ
4250,East_Timor_2002,0,318,13,denomination,denomination,NN,NN
4251,East_Timor_2002,0,318,14,is,is,VBZ,VB
4252,East_Timor_2002,0,318,15,guaranteed,guaranteed,VBN,VB
4253,East_Timor_2002,0,319,0,Article,article,NN,NN
4254,East_Timor_2002,0,319,1,46,46,CD,CD
4255,East_Timor_2002,0,320,0,Right,right,RB,RB
4256,East_Timor_2002,0,320,1,to,to,TO,TO
4257,East_Timor_2002,0,320,2,Political,political,NNP,NN
4258,East_Timor_2002,0,320,3,Participation,participation,NNP,NN
4259,East_Timor_2002,0,320,4,Share,share,NNP,NN
4260,East_Timor_2002,0,320,5,1,1,CD,CD
4261,East_Timor_2002,0,321,0,Every,every,DT,DT
4262,East_Timor_2002,0,321,1,citizen,citizen,NN,NN
4263,East_Timor_2002,0,321,2,has,has,VBZ,VB
4264,East_Timor_2002,0,321,3,the,the,DT,DT
4265,East_Timor_2002,0,321,4,right,right,NN,NN
4266,East_Timor_2002,0,321,5,to,to,TO,TO
4267,East_Timor_2002,0,321,6,participate,participate,VB,VB
4268,East_Timor_2002,0,321,7,in,in,IN,IN
4269,East_Timor_2002,0,321,8,the,the,DT,DT
4270,East_Timor_2002,0,321,9,political,political,JJ,JJ
4271,East_Timor_2002,0,321,10,life,life,NN,NN
4272,East_Timor_2002,0,321,11,and,and,CC,CC
4273,East_Timor_2002,0,321,12,in,in,IN,IN
4274,East_Timor_2002,0,321,13,the,the,DT,DT
4275,East_Timor_2002,0,321,14,public,public,JJ,JJ
4276,East_Timor_2002,0,321,15,affairs,affairs,NNS,NN
4277,East_Timor_2002,0,321,16,of,of,IN,IN
4278,East_Timor_2002,0,321,17,the,the,DT,DT
4279,East_Timor_2002,0,321,18,country,country,NN,NN
4280,East_Timor_2002,0,321,20,either,either,CC,CC
4281,East_Timor_2002,0,321,21,directly,directly,RB,RB
4282,East_Timor_2002,0,321,22,or,or,CC,CC
4283,East_Timor_2002,0,321,23,through,through,IN,IN
4284,East_Timor_2002,0,321,24,democratically,democratically,RB,RB
4285,East_Timor_2002,0,321,25,elected,elected,VBN,VB
4286,East_Timor_2002,0,321,26,representatives,representatives,NNS,NN
4287,East_Timor_2002,0,322,0,2,2,CD,CD
4288,East_Timor_2002,0,323,0,Every,every,DT,DT
4289,East_Timor_2002,0,323,1,citizen,citizen,NN,NN
4290,East_Timor_2002,0,323,2,has,has,VBZ,VB
4291,East_Timor_2002,0,323,3,the,the,DT,DT
4292,East_Timor_2002,0,323,4,right,right,NN,NN
4293,East_Timor_2002,0,323,5,to,to,TO,TO
4294,East_Timor_2002,0,323,6,establish,establish,VB,VB
4295,East_Timor_2002,0,323,7,and,and,CC,CC
4296,East_Timor_2002,0,323,8,to,to,TO,TO
4297,East_Timor_2002,0,323,9,participate,participate,VB,VB
4298,East_Timor_2002,0,323,10,in,in,IN,IN
4299,East_Timor_2002,0,323,11,political,political,JJ,JJ
4300,East_Timor_2002,0,323,12,parties,parties,NNS,NN
4301,East_Timor_2002,0,324,0,3,3,CD,CD
4302,East_Timor_2002,0,325,0,The,the,DT,DT
4303,East_Timor_2002,0,325,1,establishment,establishment,NN,NN
4304,East_Timor_2002,0,325,2,and,and,CC,CC
4305,East_Timor_2002,0,325,3,organization,organization,NN,NN
4306,East_Timor_2002,0,325,4,of,of,IN,IN
4307,East_Timor_2002,0,325,5,political,political,JJ,JJ
4308,East_Timor_2002,0,325,6,parties,parties,NNS,NN
4309,East_Timor_2002,0,325,7,shall,shall,MD,MD
4310,East_Timor_2002,0,325,8,be,be,VB,VB
4311,East_Timor_2002,0,325,9,regulated,regulated,VBN,VB
4312,East_Timor_2002,0,325,10,by,by,IN,IN
4313,East_Timor_2002,0,325,11,law,law,NN,NN
4314,East_Timor_2002,0,326,0,Article,article,NN,NN
4315,East_Timor_2002,0,326,1,47,47,CD,CD
4316,East_Timor_2002,0,327,0,Right,right,RB,RB
4317,East_Timor_2002,0,327,1,to,to,TO,TO
4318,East_Timor_2002,0,327,2,Vote,vote,NNP,NN
4319,East_Timor_2002,0,327,3,Share,share,NNP,NN
4320,East_Timor_2002,0,327,4,1,1,CD,CD
4321,East_Timor_2002,0,328,0,Every,every,DT,DT
4322,East_Timor_2002,0,328,1,citizen,citizen,NN,NN
4323,East_Timor_2002,0,328,2,over,over,IN,IN
4324,East_Timor_2002,0,328,3,the,the,DT,DT
4325,East_Timor_2002,0,328,4,age,age,NN,NN
4326,East_Timor_2002,0,328,5,of,of,IN,IN
4327,East_Timor_2002,0,328,6,seventeen,seventeen,NN,NN
4328,East_Timor_2002,0,328,7,has,has,VBZ,VB
4329,East_Timor_2002,0,328,8,the,the,DT,DT
4330,East_Timor_2002,0,328,9,right,right,NN,NN
4331,East_Timor_2002,0,328,10,to,to,TO,TO
4332,East_Timor_2002,0,328,11,vote,vote,VB,VB
4333,East_Timor_2002,0,328,12,and,and,CC,CC
4334,East_Timor_2002,0,328,13,to,to,TO,TO
4335,East_Timor_2002,0,328,14,be,be,VB,VB
4336,East_Timor_2002,0,328,15,elected,elected,VBN,VB
4337,East_Timor_2002,0,329,0,2,2,CD,CD
4338,East_Timor_2002,0,330,0,The,the,DT,DT
4339,East_Timor_2002,0,330,1,exercise,exercise,NN,NN
4340,East_Timor_2002,0,330,2,of,of,IN,IN
4341,East_Timor_2002,0,330,3,the,the,DT,DT
4342,East_Timor_2002,0,330,4,right,right,NN,NN
4343,East_Timor_2002,0,330,5,to,to,TO,TO
4344,East_Timor_2002,0,330,6,vote,vote,VB,VB
4345,East_Timor_2002,0,330,7,is,is,VBZ,VB
4346,East_Timor_2002,0,330,8,personal,personal,JJ,JJ
4347,East_Timor_2002,0,330,9,and,and,CC,CC
4348,East_Timor_2002,0,330,10,constitutes,constitutes,VBZ,VB
4349,East_Timor_2002,0,330,11,a,a,DT,DT
4350,East_Timor_2002,0,330,12,civic,civic,JJ,JJ
4351,East_Timor_2002,0,330,13,duty,duty,NN,NN
4352,East_Timor_2002,0,331,0,Article,article,NN,NN
4353,East_Timor_2002,0,331,1,48,48,CD,CD
4354,East_Timor_2002,0,332,0,Right,right,RB,RB
4355,East_Timor_2002,0,332,1,to,to,TO,TO
4356,East_Timor_2002,0,332,2,Petition,petition,NNP,NN
4357,East_Timor_2002,0,332,3,Share,share,NNP,NN
4358,East_Timor_2002,0,332,4,Every,every,NNP,NN
4359,East_Timor_2002,0,332,5,citizen,citizen,NN,NN
4360,East_Timor_2002,0,332,6,has,has,VBZ,VB
4361,East_Timor_2002,0,332,7,the,the,DT,DT
4362,East_Timor_2002,0,332,8,right,right,NN,NN
4363,East_Timor_2002,0,332,9,to,to,TO,TO
4364,East_Timor_2002,0,332,10,present,present,VB,VB
4365,East_Timor_2002,0,332,12,individually,individually,RB,RB
4366,East_Timor_2002,0,332,13,or,or,CC,CC
4367,East_Timor_2002,0,332,14,jointly,jointly,RB,RB
4368,East_Timor_2002,0,332,15,with,with,IN,IN
4369,East_Timor_2002,0,332,16,others,others,NNS,NN
4370,East_Timor_2002,0,332,18,petitions,petitions,NNS,NN
4371,East_Timor_2002,0,332,20,complaints,complaints,NNS,NN
4372,East_Timor_2002,0,332,21,and,and,CC,CC
4373,East_Timor_2002,0,332,22,claims,claims,NNS,NN
4374,East_Timor_2002,0,332,23,to,to,TO,TO
4375,East_Timor_2002,0,332,24,organs,organs,NNS,NN
4376,East_Timor_2002,0,332,25,of,of,IN,IN
4377,East_Timor_2002,0,332,26,sovereignty,sovereignty,NN,NN
4378,East_Timor_2002,0,332,27,or,or,CC,CC
4379,East_Timor_2002,0,332,28,any,any,DT,DT
4380,East_Timor_2002,0,332,29,authority,authority,NN,NN
4381,East_Timor_2002,0,332,30,for,for,IN,IN
4382,East_Timor_2002,0,332,31,the,the,DT,DT
4383,East_Timor_2002,0,332,32,purpose,purpose,NN,NN
4384,East_Timor_2002,0,332,33,of,of,IN,IN
4385,East_Timor_2002,0,332,34,defending,defending,VBG,VB
4386,East_Timor_2002,0,332,35,their,their,PRP$,PR
4387,East_Timor_2002,0,332,36,rights,rights,NNS,NN
4388,East_Timor_2002,0,332,38,the,the,DT,DT
4389,East_Timor_2002,0,332,39,Constitution,constitution,NNP,NN
4390,East_Timor_2002,0,332,41,the,the,DT,DT
4391,East_Timor_2002,0,332,42,law,law,NN,NN
4392,East_Timor_2002,0,332,43,or,or,CC,CC
4393,East_Timor_2002,0,332,44,general,general,JJ,JJ
4394,East_Timor_2002,0,332,45,interests,interests,NNS,NN
4395,East_Timor_2002,0,333,0,Article,article,NN,NN
4396,East_Timor_2002,0,333,1,49,49,CD,CD
4397,East_Timor_2002,0,334,0,Defense,defense,NN,NN
4398,East_Timor_2002,0,334,1,of,of,IN,IN
4399,East_Timor_2002,0,334,2,Sovereignty,sovereignty,NNP,NN
4400,East_Timor_2002,0,334,3,Share,share,NNP,NN
4401,East_Timor_2002,0,334,4,1,1,CD,CD
4402,East_Timor_2002,0,335,0,Every,every,DT,DT
4403,East_Timor_2002,0,335,1,citizen,citizen,NN,NN
4404,East_Timor_2002,0,335,2,has,has,VBZ,VB
4405,East_Timor_2002,0,335,3,the,the,DT,DT
4406,East_Timor_2002,0,335,4,right,right,NN,NN
4407,East_Timor_2002,0,335,5,and,and,CC,CC
4408,East_Timor_2002,0,335,6,the,the,DT,DT
4409,East_Timor_2002,0,335,7,duty,duty,NN,NN
4410,East_Timor_2002,0,335,8,to,to,TO,TO
4411,East_Timor_2002,0,335,9,contribute,contribute,VB,VB
4412,East_Timor_2002,0,335,10,towards,towards,NNS,NN
4413,East_Timor_2002,0,335,11,the,the,DT,DT
4414,East_Timor_2002,0,335,12,defense,defense,NN,NN
4415,East_Timor_2002,0,335,13,of,of,IN,IN
4416,East_Timor_2002,0,335,14,independence,independence,NN,NN
4417,East_Timor_2002,0,335,16,sovereignty,sovereignty,NN,NN
4418,East_Timor_2002,0,335,17,and,and,CC,CC
4419,East_Timor_2002,0,335,18,territorial,territorial,JJ,JJ
4420,East_Timor_2002,0,335,19,integrity,integrity,NN,NN
4421,East_Timor_2002,0,335,20,of,of,IN,IN
4422,East_Timor_2002,0,335,21,the,the,DT,DT
4423,East_Timor_2002,0,335,22,country,country,NN,NN
4424,East_Timor_2002,0,336,0,2,2,CD,CD
4425,East_Timor_2002,0,337,0,Service,service,NNP,NN
4426,East_Timor_2002,0,337,1,in,in,IN,IN
4427,East_Timor_2002,0,337,2,the,the,DT,DT
4428,East_Timor_2002,0,337,3,army,army,NN,NN
4429,East_Timor_2002,0,337,4,takes,takes,VBZ,VB
4430,East_Timor_2002,0,337,5,place,place,NN,NN
4431,East_Timor_2002,0,337,6,in,in,IN,IN
4432,East_Timor_2002,0,337,7,accordance,accordance,NN,NN
4433,East_Timor_2002,0,337,8,with,with,IN,IN
4434,East_Timor_2002,0,337,9,the,the,DT,DT
4435,East_Timor_2002,0,337,10,law,law,NN,NN
4436,East_Timor_2002,0,338,0,TITLE,title,NNP,NN
4437,East_Timor_2002,0,338,1,III,iii,NNP,NN
4438,East_Timor_2002,0,339,0,ECONOMIC,economic,NNP,NN
4439,East_Timor_2002,0,339,2,SOCIAL,social,NNP,NN
4440,East_Timor_2002,0,339,3,AND,and,NNP,NN
4441,East_Timor_2002,0,339,4,CULTURAL,cultural,NNP,NN
4442,East_Timor_2002,0,339,5,RIGHTS,rights,NNP,NN
4443,East_Timor_2002,0,339,6,AND,and,NNP,NN
4444,East_Timor_2002,0,339,7,DUTIES,duties,NNP,NN
4445,East_Timor_2002,0,339,8,Article,article,NNP,NN
4446,East_Timor_2002,0,339,9,50,50,CD,CD
4447,East_Timor_2002,0,340,0,Right,right,RB,RB
4448,East_Timor_2002,0,340,1,to,to,TO,TO
4449,East_Timor_2002,0,340,2,Work,work,NNP,NN
4450,East_Timor_2002,0,340,3,Share,share,NNP,NN
4451,East_Timor_2002,0,340,4,1,1,CD,CD
4452,East_Timor_2002,0,341,0,Every,every,DT,DT
4453,East_Timor_2002,0,341,1,citizen,citizen,NN,NN
4454,East_Timor_2002,0,341,3,regardless,regardless,RB,RB
4455,East_Timor_2002,0,341,4,of,of,IN,IN
4456,East_Timor_2002,0,341,5,gender,gender,NN,NN
4457,East_Timor_2002,0,341,7,has,has,VBZ,VB
4458,East_Timor_2002,0,341,8,the,the,DT,DT
4459,East_Timor_2002,0,341,9,right,right,NN,NN
4460,East_Timor_2002,0,341,10,and,and,CC,CC
4461,East_Timor_2002,0,341,11,the,the,DT,DT
4462,East_Timor_2002,0,341,12,duty,duty,NN,NN
4463,East_Timor_2002,0,341,13,to,to,TO,TO
4464,East_Timor_2002,0,341,14,work,work,VB,VB
4465,East_Timor_2002,0,341,15,and,and,CC,CC
4466,East_Timor_2002,0,341,16,to,to,TO,TO
4467,East_Timor_2002,0,341,17,choose,choose,VB,VB
4468,East_Timor_2002,0,341,18,freely,freely,RB,RB
4469,East_Timor_2002,0,341,19,his,his,PRP$,PR
4470,East_Timor_2002,0,341,20,or,or,CC,CC
4471,East_Timor_2002,0,341,21,her,her,PRP$,PR
4472,East_Timor_2002,0,341,22,profession,profession,NN,NN
4473,East_Timor_2002,0,342,0,2,2,CD,CD
4474,East_Timor_2002,0,343,0,The,the,DT,DT
4475,East_Timor_2002,0,343,1,worker,worker,NN,NN
4476,East_Timor_2002,0,343,2,has,has,VBZ,VB
4477,East_Timor_2002,0,343,3,the,the,DT,DT
4478,East_Timor_2002,0,343,4,right,right,NN,NN
4479,East_Timor_2002,0,343,5,to,to,TO,TO
4480,East_Timor_2002,0,343,6,labor,labor,NN,NN
4481,East_Timor_2002,0,343,7,safety,safety,NN,NN
4482,East_Timor_2002,0,343,8,and,and,CC,CC
4483,East_Timor_2002,0,343,9,hygiene,hygiene,NN,NN
4484,East_Timor_2002,0,343,11,remuneration,remuneration,NN,NN
4485,East_Timor_2002,0,343,13,rest,rest,NN,NN
4486,East_Timor_2002,0,343,14,and,and,CC,CC
4487,East_Timor_2002,0,343,15,vacation,vacation,NN,NN
4488,East_Timor_2002,0,344,0,3,3,CD,CD
4489,East_Timor_2002,0,345,0,Dismissal,dismissal,NNP,NN
4490,East_Timor_2002,0,345,1,without,without,IN,IN
4491,East_Timor_2002,0,345,2,just,just,RB,RB
4492,East_Timor_2002,0,345,3,cause,cause,NN,NN
4493,East_Timor_2002,0,345,4,or,or,CC,CC
4494,East_Timor_2002,0,345,5,on,on,IN,IN
4495,East_Timor_2002,0,345,6,political,political,JJ,JJ
4496,East_Timor_2002,0,345,8,religious,religious,JJ,JJ
4497,East_Timor_2002,0,345,9,and,and,CC,CC
4498,East_Timor_2002,0,345,10,ideological,ideological,JJ,JJ
4499,East_Timor_2002,0,345,11,grounds,grounds,NNS,NN
4500,East_Timor_2002,0,345,12,is,is,VBZ,VB
4501,East_Timor_2002,0,345,13,prohibited,prohibited,VBN,VB
4502,East_Timor_2002,0,346,0,4,4,CD,CD
4503,East_Timor_2002,0,347,0,Compulsory,compulsory,NNP,NN
4504,East_Timor_2002,0,347,1,work,work,NN,NN
4505,East_Timor_2002,0,347,3,without,without,IN,IN
4506,East_Timor_2002,0,347,4,prejudice,prejudice,NN,NN
4507,East_Timor_2002,0,347,5,to,to,TO,TO
4508,East_Timor_2002,0,347,6,the,the,DT,DT
4509,East_Timor_2002,0,347,7,cases,cases,NNS,NN
4510,East_Timor_2002,0,347,8,provided,provided,VBD,VB
4511,East_Timor_2002,0,347,9,for,for,IN,IN
4512,East_Timor_2002,0,347,10,under,under,IN,IN
4513,East_Timor_2002,0,347,11,penal,penal,JJ,JJ
4514,East_Timor_2002,0,347,12,legislation,legislation,NN,NN
4515,East_Timor_2002,0,347,14,is,is,VBZ,VB
4516,East_Timor_2002,0,347,15,prohibited,prohibited,VBN,VB
4517,East_Timor_2002,0,348,0,5,5,CD,CD
4518,East_Timor_2002,0,349,0,The,the,DT,DT
4519,East_Timor_2002,0,349,1,State,state,NNP,NN
4520,East_Timor_2002,0,349,2,shall,shall,MD,MD
4521,East_Timor_2002,0,349,3,promote,promote,VB,VB
4522,East_Timor_2002,0,349,4,the,the,DT,DT
4523,East_Timor_2002,0,349,5,establishment,establishment,NN,NN
4524,East_Timor_2002,0,349,6,of,of,IN,IN
4525,East_Timor_2002,0,349,7,co-operatives,cooperatives,NNS,NN
4526,East_Timor_2002,0,349,8,of,of,IN,IN
4527,East_Timor_2002,0,349,9,production,production,NN,NN
4528,East_Timor_2002,0,349,10,and,and,CC,CC
4529,East_Timor_2002,0,349,11,shall,shall,MD,MD
4530,East_Timor_2002,0,349,12,lend,lend,VB,VB
4531,East_Timor_2002,0,349,13,support,support,NN,NN
4532,East_Timor_2002,0,349,14,to,to,TO,TO
4533,East_Timor_2002,0,349,15,household,household,VB,VB
4534,East_Timor_2002,0,349,16,businesses,businesses,NNS,NN
4535,East_Timor_2002,0,349,17,as,as,IN,IN
4536,East_Timor_2002,0,349,18,sources,sources,NNS,NN
4537,East_Timor_2002,0,349,19,of,of,IN,IN
4538,East_Timor_2002,0,349,20,employment,employment,NN,NN
4539,East_Timor_2002,0,350,0,Article,article,NN,NN
4540,East_Timor_2002,0,350,1,51,51,CD,CD
4541,East_Timor_2002,0,351,0,Right,right,RB,RB
4542,East_Timor_2002,0,351,1,to,to,TO,TO
4543,East_Timor_2002,0,351,2,Strike,strike,NNP,NN
4544,East_Timor_2002,0,351,3,and,and,CC,CC
4545,East_Timor_2002,0,351,4,Prohibition,prohibition,NNP,NN
4546,East_Timor_2002,0,351,5,of,of,IN,IN
4547,East_Timor_2002,0,351,6,Lock-Out,lockout,NNP,NN
4548,East_Timor_2002,0,351,7,Share,share,NNP,NN
4549,East_Timor_2002,0,351,8,1,1,CD,CD
4550,East_Timor_2002,0,352,0,The,the,DT,DT
4551,East_Timor_2002,0,352,1,workers,workers,NNS,NN
4552,East_Timor_2002,0,352,2,have,have,VBP,VB
4553,East_Timor_2002,0,352,3,the,the,DT,DT
4554,East_Timor_2002,0,352,4,right,right,NN,NN
4555,East_Timor_2002,0,352,5,to,to,TO,TO
4556,East_Timor_2002,0,352,6,resort,resort,VB,VB
4557,East_Timor_2002,0,352,7,to,to,TO,TO
4558,East_Timor_2002,0,352,8,strike,strike,VB,VB
4559,East_Timor_2002,0,352,10,the,the,DT,DT
4560,East_Timor_2002,0,352,11,exercise,exercise,NN,NN
4561,East_Timor_2002,0,352,12,of,of,IN,IN
4562,East_Timor_2002,0,352,13,which,which,WDT,WD
4563,East_Timor_2002,0,352,14,shall,shall,MD,MD
4564,East_Timor_2002,0,352,15,be,be,VB,VB
4565,East_Timor_2002,0,352,16,regulated,regulated,VBN,VB
4566,East_Timor_2002,0,352,17,by,by,IN,IN
4567,East_Timor_2002,0,352,18,law,law,NN,NN
4568,East_Timor_2002,0,353,0,2,2,CD,CD
4569,East_Timor_2002,0,354,0,The,the,DT,DT
4570,East_Timor_2002,0,354,1,law,law,NN,NN
4571,East_Timor_2002,0,354,2,defines,defines,VBZ,VB
4572,East_Timor_2002,0,354,3,the,the,DT,DT
4573,East_Timor_2002,0,354,4,conditions,conditions,NNS,NN
4574,East_Timor_2002,0,354,5,under,under,IN,IN
4575,East_Timor_2002,0,354,6,which,which,WDT,WD
4576,East_Timor_2002,0,354,7,services,services,NNS,NN
4577,East_Timor_2002,0,354,8,are,are,VBP,VB
4578,East_Timor_2002,0,354,9,provided,provided,VBN,VB
4579,East_Timor_2002,0,354,11,during,during,IN,IN
4580,East_Timor_2002,0,354,12,a,a,DT,DT
4581,East_Timor_2002,0,354,13,strike,strike,NN,NN
4582,East_Timor_2002,0,354,15,that,that,WDT,WD
4583,East_Timor_2002,0,354,16,are,are,VBP,VB
4584,East_Timor_2002,0,354,17,necessary,necessary,JJ,JJ
4585,East_Timor_2002,0,354,18,for,for,IN,IN
4586,East_Timor_2002,0,354,19,the,the,DT,DT
4587,East_Timor_2002,0,354,20,safety,safety,NN,NN
4588,East_Timor_2002,0,354,21,and,and,CC,CC
4589,East_Timor_2002,0,354,22,maintenance,maintenance,NN,NN
4590,East_Timor_2002,0,354,23,of,of,IN,IN
4591,East_Timor_2002,0,354,24,equipment,equipment,NN,NN
4592,East_Timor_2002,0,354,25,and,and,CC,CC
4593,East_Timor_2002,0,354,26,facilities,facilities,NNS,NN
4594,East_Timor_2002,0,354,28,as,as,RB,RB
4595,East_Timor_2002,0,354,29,well,well,RB,RB
4596,East_Timor_2002,0,354,30,as,as,IN,IN
4597,East_Timor_2002,0,354,31,minimum,minimum,NN,NN
4598,East_Timor_2002,0,354,32,services,services,NNS,NN
4599,East_Timor_2002,0,354,33,that,that,WDT,WD
4600,East_Timor_2002,0,354,34,are,are,VBP,VB
4601,East_Timor_2002,0,354,35,necessary,necessary,JJ,JJ
4602,East_Timor_2002,0,354,36,to,to,TO,TO
4603,East_Timor_2002,0,354,37,meet,meet,VB,VB
4604,East_Timor_2002,0,354,38,essential,essential,JJ,JJ
4605,East_Timor_2002,0,354,39,social,social,JJ,JJ
4606,East_Timor_2002,0,354,40,needs,needs,NNS,NN
4607,East_Timor_2002,0,355,0,3,3,CD,CD
4608,East_Timor_2002,0,356,0,Lock-out,lockout,NN,NN
4609,East_Timor_2002,0,356,1,is,is,VBZ,VB
4610,East_Timor_2002,0,356,2,prohibited,prohibited,VBN,VB
4611,East_Timor_2002,0,357,0,Article,article,NN,NN
4612,East_Timor_2002,0,357,1,52,52,CD,CD
4613,East_Timor_2002,0,358,0,Trade,trade,NNP,NN
4614,East_Timor_2002,0,358,1,Union,union,NNP,NN
4615,East_Timor_2002,0,358,2,Freedom,freedom,NNP,NN
4616,East_Timor_2002,0,358,3,Share,share,NNP,NN
4617,East_Timor_2002,0,358,4,1,1,CD,CD
4618,East_Timor_2002,0,359,0,Every,every,DT,DT
4619,East_Timor_2002,0,359,1,worker,worker,NN,NN
4620,East_Timor_2002,0,359,2,has,has,VBZ,VB
4621,East_Timor_2002,0,359,3,the,the,DT,DT
4622,East_Timor_2002,0,359,4,right,right,NN,NN
4623,East_Timor_2002,0,359,5,to,to,TO,TO
4624,East_Timor_2002,0,359,6,form,form,VB,VB
4625,East_Timor_2002,0,359,7,or,or,CC,CC
4626,East_Timor_2002,0,359,8,join,join,VB,VB
4627,East_Timor_2002,0,359,9,trade,trade,NN,NN
4628,East_Timor_2002,0,359,10,unions,unions,NNS,NN
4629,East_Timor_2002,0,359,11,and,and,CC,CC
4630,East_Timor_2002,0,359,12,professional,professional,JJ,JJ
4631,East_Timor_2002,0,359,13,associations,associations,NNS,NN
4632,East_Timor_2002,0,359,14,in,in,IN,IN
4633,East_Timor_2002,0,359,15,defense,defense,NN,NN
4634,East_Timor_2002,0,359,16,of,of,IN,IN
4635,East_Timor_2002,0,359,17,their,their,PRP$,PR
4636,East_Timor_2002,0,359,18,rights,rights,NNS,NN
4637,East_Timor_2002,0,359,19,and,and,CC,CC
4638,East_Timor_2002,0,359,20,interests,interests,NNS,NN
4639,East_Timor_2002,0,360,0,2,2,CD,CD
4640,East_Timor_2002,0,361,0,Trade,trade,NNP,NN
4641,East_Timor_2002,0,361,1,union,union,NN,NN
4642,East_Timor_2002,0,361,2,freedom,freedom,NN,NN
4643,East_Timor_2002,0,361,3,is,is,VBZ,VB
4644,East_Timor_2002,0,361,4,sub-divided,subdivided,JJ,JJ
4645,East_Timor_2002,0,361,6,namely,namely,RB,RB
4646,East_Timor_2002,0,361,8,into,into,IN,IN
4647,East_Timor_2002,0,361,9,freedom,freedom,NN,NN
4648,East_Timor_2002,0,361,10,of,of,IN,IN
4649,East_Timor_2002,0,361,11,establishment,establishment,NN,NN
4650,East_Timor_2002,0,361,13,freedom,freedom,NN,NN
4651,East_Timor_2002,0,361,14,of,of,IN,IN
4652,East_Timor_2002,0,361,15,membership,membership,NN,NN
4653,East_Timor_2002,0,361,16,and,and,CC,CC
4654,East_Timor_2002,0,361,17,freedom,freedom,NN,NN
4655,East_Timor_2002,0,361,18,of,of,IN,IN
4656,East_Timor_2002,0,361,19,organization,organization,NN,NN
4657,East_Timor_2002,0,361,20,and,and,CC,CC
4658,East_Timor_2002,0,361,21,internal,internal,JJ,JJ
4659,East_Timor_2002,0,361,22,regulation,regulation,NN,NN
4660,East_Timor_2002,0,362,0,3,3,CD,CD
4661,East_Timor_2002,0,363,0,Trade,trade,NNP,NN
4662,East_Timor_2002,0,363,1,unions,unions,NNS,NN
4663,East_Timor_2002,0,363,2,and,and,CC,CC
4664,East_Timor_2002,0,363,3,trade,trade,NN,NN
4665,East_Timor_2002,0,363,4,union,union,NN,NN
4666,East_Timor_2002,0,363,5,associations,associations,NNS,NN
4667,East_Timor_2002,0,363,6,shall,shall,MD,MD
4668,East_Timor_2002,0,363,7,be,be,VB,VB
4669,East_Timor_2002,0,363,8,independent,independent,JJ,JJ
4670,East_Timor_2002,0,363,9,of,of,IN,IN
4671,East_Timor_2002,0,363,10,the,the,DT,DT
4672,East_Timor_2002,0,363,11,State,state,NNP,NN
4673,East_Timor_2002,0,363,12,and,and,CC,CC
4674,East_Timor_2002,0,363,13,the,the,DT,DT
4675,East_Timor_2002,0,363,14,employers,employers,NNS,NN
4676,East_Timor_2002,0,364,0,Article,article,NN,NN
4677,East_Timor_2002,0,364,1,53,53,CD,CD
4678,East_Timor_2002,0,365,0,Consumer,consumer,NNP,NN
4679,East_Timor_2002,0,365,1,Rights,rights,NNP,NN
4680,East_Timor_2002,0,365,2,Share,share,NNP,NN
4681,East_Timor_2002,0,365,3,1,1,CD,CD
4682,East_Timor_2002,0,366,0,Consumers,consumers,NNS,NN
4683,East_Timor_2002,0,366,1,have,have,VBP,VB
4684,East_Timor_2002,0,366,2,the,the,DT,DT
4685,East_Timor_2002,0,366,3,right,right,NN,NN
4686,East_Timor_2002,0,366,4,to,to,TO,TO
4687,East_Timor_2002,0,366,5,goods,goods,NNS,NN
4688,East_Timor_2002,0,366,6,and,and,CC,CC
4689,East_Timor_2002,0,366,7,services,services,NNS,NN
4690,East_Timor_2002,0,366,8,of,of,IN,IN
4691,East_Timor_2002,0,366,9,good,good,JJ,JJ
4692,East_Timor_2002,0,366,10,quality,quality,NN,NN
4693,East_Timor_2002,0,366,12,to,to,TO,TO
4694,East_Timor_2002,0,366,13,truthful,truthful,VB,VB
4695,East_Timor_2002,0,366,14,information,information,NN,NN
4696,East_Timor_2002,0,366,15,and,and,CC,CC
4697,East_Timor_2002,0,366,16,protection,protection,NN,NN
4698,East_Timor_2002,0,366,17,of,of,IN,IN
4699,East_Timor_2002,0,366,18,their,their,PRP$,PR
4700,East_Timor_2002,0,366,19,health,health,NN,NN
4701,East_Timor_2002,0,366,21,safety,safety,NN,NN
4702,East_Timor_2002,0,366,22,and,and,CC,CC
4703,East_Timor_2002,0,366,23,economic,economic,JJ,JJ
4704,East_Timor_2002,0,366,24,interests,interests,NNS,NN
4705,East_Timor_2002,0,366,26,and,and,CC,CC
4706,East_Timor_2002,0,366,27,to,to,TO,TO
4707,East_Timor_2002,0,366,28,reparation,reparation,NN,NN
4708,East_Timor_2002,0,366,29,for,for,IN,IN
4709,East_Timor_2002,0,366,30,damages,damages,NNS,NN
4710,East_Timor_2002,0,367,0,2,2,CD,CD
4711,East_Timor_2002,0,368,0,Advertising,advertising,NN,NN
4712,East_Timor_2002,0,368,1,is,is,VBZ,VB
4713,East_Timor_2002,0,368,2,regulated,regulated,VBN,VB
4714,East_Timor_2002,0,368,3,by,by,IN,IN
4715,East_Timor_2002,0,368,4,law,law,NN,NN
4716,East_Timor_2002,0,368,6,and,and,CC,CC
4717,East_Timor_2002,0,368,7,all,all,DT,DT
4718,East_Timor_2002,0,368,8,forms,forms,NNS,NN
4719,East_Timor_2002,0,368,9,of,of,IN,IN
4720,East_Timor_2002,0,368,10,concealed,concealed,JJ,JJ
4721,East_Timor_2002,0,368,12,indirect,indirect,JJ,JJ
4722,East_Timor_2002,0,368,13,or,or,CC,CC
4723,East_Timor_2002,0,368,14,misleading,misleading,JJ,JJ
4724,East_Timor_2002,0,368,15,advertising,advertising,NN,NN
4725,East_Timor_2002,0,368,16,are,are,VBP,VB
4726,East_Timor_2002,0,368,17,prohibited,prohibited,VBN,VB
4727,East_Timor_2002,0,369,0,Article,article,NN,NN
4728,East_Timor_2002,0,369,1,54,54,CD,CD
4729,East_Timor_2002,0,370,0,Right,right,RB,RB
4730,East_Timor_2002,0,370,1,to,to,TO,TO
4731,East_Timor_2002,0,370,2,Private,private,NNP,NN
4732,East_Timor_2002,0,370,3,Property,property,NNP,NN
4733,East_Timor_2002,0,370,4,Share,share,NNP,NN
4734,East_Timor_2002,0,370,5,1,1,CD,CD
4735,East_Timor_2002,0,371,0,Every,every,DT,DT
4736,East_Timor_2002,0,371,1,individual,individual,NN,NN
4737,East_Timor_2002,0,371,2,has,has,VBZ,VB
4738,East_Timor_2002,0,371,3,the,the,DT,DT
4739,East_Timor_2002,0,371,4,right,right,NN,NN
4740,East_Timor_2002,0,371,5,to,to,TO,TO
4741,East_Timor_2002,0,371,6,private,private,JJ,JJ
4742,East_Timor_2002,0,371,7,property,property,NN,NN
4743,East_Timor_2002,0,371,8,and,and,CC,CC
4744,East_Timor_2002,0,371,9,can,can,MD,MD
4745,East_Timor_2002,0,371,10,transfer,transfer,VB,VB
4746,East_Timor_2002,0,371,11,it,it,PRP,PR
4747,East_Timor_2002,0,371,12,during,during,IN,IN
4748,East_Timor_2002,0,371,13,their,their,PRP$,PR
4749,East_Timor_2002,0,371,14,lifetime,lifetime,NN,NN
4750,East_Timor_2002,0,371,15,or,or,CC,CC
4751,East_Timor_2002,0,371,16,on,on,IN,IN
4752,East_Timor_2002,0,371,17,death,death,NN,NN
4753,East_Timor_2002,0,371,19,in,in,IN,IN
4754,East_Timor_2002,0,371,20,accordance,accordance,NN,NN
4755,East_Timor_2002,0,371,21,with,with,IN,IN
4756,East_Timor_2002,0,371,22,the,the,DT,DT
4757,East_Timor_2002,0,371,23,law,law,NN,NN
4758,East_Timor_2002,0,372,0,2,2,CD,CD
4759,East_Timor_2002,0,373,0,Private,private,JJ,JJ
4760,East_Timor_2002,0,373,1,property,property,NN,NN
4761,East_Timor_2002,0,373,2,shall,shall,MD,MD
4762,East_Timor_2002,0,373,3,not,not,RB,RB
4763,East_Timor_2002,0,373,4,be,be,VB,VB
4764,East_Timor_2002,0,373,5,used,used,VBN,VB
4765,East_Timor_2002,0,373,6,to,to,TO,TO
4766,East_Timor_2002,0,373,7,the,the,DT,DT
4767,East_Timor_2002,0,373,8,detriment,detriment,NN,NN
4768,East_Timor_2002,0,373,9,of,of,IN,IN
4769,East_Timor_2002,0,373,10,its,its,PRP$,PR
4770,East_Timor_2002,0,373,11,social,social,JJ,JJ
4771,East_Timor_2002,0,373,12,function,function,NN,NN
4772,East_Timor_2002,0,374,0,3,3,CD,CD
4773,East_Timor_2002,0,375,0,The,the,DT,DT
4774,East_Timor_2002,0,375,1,requisitioning,requisitioning,NN,NN
4775,East_Timor_2002,0,375,2,and,and,CC,CC
4776,East_Timor_2002,0,375,3,expropriation,expropriation,NN,NN
4777,East_Timor_2002,0,375,4,of,of,IN,IN
4778,East_Timor_2002,0,375,5,property,property,NN,NN
4779,East_Timor_2002,0,375,6,for,for,IN,IN
4780,East_Timor_2002,0,375,7,public,public,JJ,JJ
4781,East_Timor_2002,0,375,8,purposes,purposes,NNS,NN
4782,East_Timor_2002,0,375,9,shall,shall,MD,MD
4783,East_Timor_2002,0,375,10,only,only,RB,RB
4784,East_Timor_2002,0,375,11,take,take,VB,VB
4785,East_Timor_2002,0,375,12,place,place,NN,NN
4786,East_Timor_2002,0,375,13,following,following,VBG,VB
4787,East_Timor_2002,0,375,14,fair,fair,JJ,JJ
4788,East_Timor_2002,0,375,15,compensation,compensation,NN,NN
4789,East_Timor_2002,0,375,16,in,in,IN,IN
4790,East_Timor_2002,0,375,17,accordance,accordance,NN,NN
4791,East_Timor_2002,0,375,18,with,with,IN,IN
4792,East_Timor_2002,0,375,19,the,the,DT,DT
4793,East_Timor_2002,0,375,20,law,law,NN,NN
4794,East_Timor_2002,0,376,0,4,4,CD,CD
4795,East_Timor_2002,0,377,0,Only,only,RB,RB
4796,East_Timor_2002,0,377,1,national,national,JJ,JJ
4797,East_Timor_2002,0,377,2,citizens,citizens,NNS,NN
4798,East_Timor_2002,0,377,3,have,have,VBP,VB
4799,East_Timor_2002,0,377,4,the,the,DT,DT
4800,East_Timor_2002,0,377,5,right,right,NN,NN
4801,East_Timor_2002,0,377,6,to,to,TO,TO
4802,East_Timor_2002,0,377,7,ownership,ownership,NN,NN
4803,East_Timor_2002,0,377,8,of,of,IN,IN
4804,East_Timor_2002,0,377,9,land,land,NN,NN
4805,East_Timor_2002,0,378,0,Article,article,NN,NN
4806,East_Timor_2002,0,378,1,55,55,CD,CD
4807,East_Timor_2002,0,379,0,Obligations,obligations,NNS,NN
4808,East_Timor_2002,0,379,1,of,of,IN,IN
4809,East_Timor_2002,0,379,2,the,the,DT,DT
4810,East_Timor_2002,0,379,3,Taxpayer,taxpayer,NNP,NN
4811,East_Timor_2002,0,379,4,Share,share,NNP,NN
4812,East_Timor_2002,0,379,5,Every,every,NNP,NN
4813,East_Timor_2002,0,379,6,citizen,citizen,NN,NN
4814,East_Timor_2002,0,379,7,with,with,IN,IN
4815,East_Timor_2002,0,379,8,a,a,DT,DT
4816,East_Timor_2002,0,379,9,certified,certified,JJ,JJ
4817,East_Timor_2002,0,379,10,income,income,NN,NN
4818,East_Timor_2002,0,379,11,has,has,VBZ,VB
4819,East_Timor_2002,0,379,12,the,the,DT,DT
4820,East_Timor_2002,0,379,13,duty,duty,NN,NN
4821,East_Timor_2002,0,379,14,to,to,TO,TO
4822,East_Timor_2002,0,379,15,pay,pay,VB,VB
4823,East_Timor_2002,0,379,16,tax,tax,NN,NN
4824,East_Timor_2002,0,379,17,in,in,IN,IN
4825,East_Timor_2002,0,379,18,order,order,NN,NN
4826,East_Timor_2002,0,379,19,to,to,TO,TO
4827,East_Timor_2002,0,379,20,contribute,contribute,VB,VB
4828,East_Timor_2002,0,379,21,to,to,TO,TO
4829,East_Timor_2002,0,379,22,public,public,JJ,JJ
4830,East_Timor_2002,0,379,23,revenues,revenues,NNS,NN
4831,East_Timor_2002,0,379,25,in,in,IN,IN
4832,East_Timor_2002,0,379,26,accordance,accordance,NN,NN
4833,East_Timor_2002,0,379,27,with,with,IN,IN
4834,East_Timor_2002,0,379,28,the,the,DT,DT
4835,East_Timor_2002,0,379,29,law,law,NN,NN
4836,East_Timor_2002,0,380,0,Article,article,NN,NN
4837,East_Timor_2002,0,380,1,56,56,CD,CD
4838,East_Timor_2002,0,381,0,Social,social,NNP,NN
4839,East_Timor_2002,0,381,1,Security,security,NNP,NN
4840,East_Timor_2002,0,381,2,and,and,CC,CC
4841,East_Timor_2002,0,381,3,Assistance,assistance,NNP,NN
4842,East_Timor_2002,0,381,4,Share,share,NNP,NN
4843,East_Timor_2002,0,381,5,1,1,CD,CD
4844,East_Timor_2002,0,382,0,All,all,DT,DT
4845,East_Timor_2002,0,382,1,citizens,citizens,NNS,NN
4846,East_Timor_2002,0,382,2,are,are,VBP,VB
4847,East_Timor_2002,0,382,3,entitled,entitled,VBN,VB
4848,East_Timor_2002,0,382,4,to,to,TO,TO
4849,East_Timor_2002,0,382,5,social,social,JJ,JJ
4850,East_Timor_2002,0,382,6,assistance,assistance,NN,NN
4851,East_Timor_2002,0,382,7,and,and,CC,CC
4852,East_Timor_2002,0,382,8,security,security,NN,NN
4853,East_Timor_2002,0,382,9,in,in,IN,IN
4854,East_Timor_2002,0,382,10,accordance,accordance,NN,NN
4855,East_Timor_2002,0,382,11,with,with,IN,IN
4856,East_Timor_2002,0,382,12,the,the,DT,DT
4857,East_Timor_2002,0,382,13,law,law,NN,NN
4858,East_Timor_2002,0,383,0,2,2,CD,CD
4859,East_Timor_2002,0,384,0,The,the,DT,DT
4860,East_Timor_2002,0,384,1,State,state,NNP,NN
4861,East_Timor_2002,0,384,2,shall,shall,MD,MD
4862,East_Timor_2002,0,384,3,promote,promote,VB,VB
4863,East_Timor_2002,0,384,5,in,in,IN,IN
4864,East_Timor_2002,0,384,6,accordance,accordance,NN,NN
4865,East_Timor_2002,0,384,7,with,with,IN,IN
4866,East_Timor_2002,0,384,8,its,its,PRP$,PR
4867,East_Timor_2002,0,384,9,national,national,JJ,JJ
4868,East_Timor_2002,0,384,10,resources,resources,NNS,NN
4869,East_Timor_2002,0,384,12,to,to,TO,TO
4870,East_Timor_2002,0,384,13,the,the,DT,DT
4871,East_Timor_2002,0,384,14,organization,organization,NN,NN
4872,East_Timor_2002,0,384,15,of,of,IN,IN
4873,East_Timor_2002,0,384,16,a,a,DT,DT
4874,East_Timor_2002,0,384,17,social,social,JJ,JJ
4875,East_Timor_2002,0,384,18,security,security,NN,NN
4876,East_Timor_2002,0,384,19,system,system,NN,NN
4877,East_Timor_2002,0,385,0,3,3,CD,CD
4878,East_Timor_2002,0,386,0,The,the,DT,DT
4879,East_Timor_2002,0,386,1,State,state,NNP,NN
4880,East_Timor_2002,0,386,2,supports,supports,NNS,NN
4881,East_Timor_2002,0,386,3,and,and,CC,CC
4882,East_Timor_2002,0,386,4,supervises,supervises,VBZ,VB
4883,East_Timor_2002,0,386,5,the,the,DT,DT
4884,East_Timor_2002,0,386,6,activity,activity,NN,NN
4885,East_Timor_2002,0,386,7,and,and,CC,CC
4886,East_Timor_2002,0,386,8,the,the,DT,DT
4887,East_Timor_2002,0,386,9,functioning,functioning,NN,NN
4888,East_Timor_2002,0,386,10,of,of,IN,IN
4889,East_Timor_2002,0,386,11,institutions,institutions,NNS,NN
4890,East_Timor_2002,0,386,12,of,of,IN,IN
4891,East_Timor_2002,0,386,13,social,social,JJ,JJ
4892,East_Timor_2002,0,386,14,solidarity,solidarity,NN,NN
4893,East_Timor_2002,0,386,15,and,and,CC,CC
4894,East_Timor_2002,0,386,16,other,other,JJ,JJ
4895,East_Timor_2002,0,386,17,non-profit,nonprofit,JJ,JJ
4896,East_Timor_2002,0,386,18,institutions,institutions,NNS,NN
4897,East_Timor_2002,0,386,19,of,of,IN,IN
4898,East_Timor_2002,0,386,20,recognized,recognized,VBN,VB
4899,East_Timor_2002,0,386,21,public,public,JJ,JJ
4900,East_Timor_2002,0,386,22,interest,interest,NN,NN
4901,East_Timor_2002,0,386,24,in,in,IN,IN
4902,East_Timor_2002,0,386,25,accordance,accordance,NN,NN
4903,East_Timor_2002,0,386,26,with,with,IN,IN
4904,East_Timor_2002,0,386,27,the,the,DT,DT
4905,East_Timor_2002,0,386,28,law,law,NN,NN
4906,East_Timor_2002,0,387,0,Article,article,NN,NN
4907,East_Timor_2002,0,387,1,57,57,CD,CD
4908,East_Timor_2002,0,388,0,Health,health,NNP,NN
4909,East_Timor_2002,0,388,1,Share,share,NNP,NN
4910,East_Timor_2002,0,388,2,1,1,CD,CD
4911,East_Timor_2002,0,389,0,All,all,DT,DT
4912,East_Timor_2002,0,389,1,have,have,VBP,VB
4913,East_Timor_2002,0,389,2,the,the,DT,DT
4914,East_Timor_2002,0,389,3,right,right,NN,NN
4915,East_Timor_2002,0,389,4,to,to,TO,TO
4916,East_Timor_2002,0,389,5,health,health,NN,NN
4917,East_Timor_2002,0,389,6,and,and,CC,CC
4918,East_Timor_2002,0,389,7,medical,medical,JJ,JJ
4919,East_Timor_2002,0,389,8,care,care,NN,NN
4920,East_Timor_2002,0,389,10,and,and,CC,CC
4921,East_Timor_2002,0,389,11,the,the,DT,DT
4922,East_Timor_2002,0,389,12,duty,duty,NN,NN
4923,East_Timor_2002,0,389,13,to,to,TO,TO
4924,East_Timor_2002,0,389,14,protect,protect,VB,VB
4925,East_Timor_2002,0,389,15,and,and,CC,CC
4926,East_Timor_2002,0,389,16,promote,promote,VB,VB
4927,East_Timor_2002,0,389,17,them,them,PRP,PR
4928,East_Timor_2002,0,390,0,2,2,CD,CD
4929,East_Timor_2002,0,391,0,The,the,DT,DT
4930,East_Timor_2002,0,391,1,State,state,NNP,NN
4931,East_Timor_2002,0,391,2,promotes,promotes,VBZ,VB
4932,East_Timor_2002,0,391,3,the,the,DT,DT
4933,East_Timor_2002,0,391,4,establishment,establishment,NN,NN
4934,East_Timor_2002,0,391,5,of,of,IN,IN
4935,East_Timor_2002,0,391,6,a,a,DT,DT
4936,East_Timor_2002,0,391,7,national,national,JJ,JJ
4937,East_Timor_2002,0,391,8,health,health,NN,NN
4938,East_Timor_2002,0,391,9,service,service,NN,NN
4939,East_Timor_2002,0,391,10,that,that,WDT,WD
4940,East_Timor_2002,0,391,11,is,is,VBZ,VB
4941,East_Timor_2002,0,391,12,universal,universal,JJ,JJ
4942,East_Timor_2002,0,391,13,and,and,CC,CC
4943,East_Timor_2002,0,391,14,general,general,JJ,JJ
4944,East_Timor_2002,0,392,0,The,the,DT,DT
4945,East_Timor_2002,0,392,1,national,national,JJ,JJ
4946,East_Timor_2002,0,392,2,health,health,NN,NN
4947,East_Timor_2002,0,392,3,service,service,NN,NN
4948,East_Timor_2002,0,392,4,shall,shall,MD,MD
4949,East_Timor_2002,0,392,5,be,be,VB,VB
4950,East_Timor_2002,0,392,6,free,free,JJ,JJ
4951,East_Timor_2002,0,392,7,of,of,IN,IN
4952,East_Timor_2002,0,392,8,charge,charge,NN,NN
4953,East_Timor_2002,0,392,9,in,in,IN,IN
4954,East_Timor_2002,0,392,10,accordance,accordance,NN,NN
4955,East_Timor_2002,0,392,11,with,with,IN,IN
4956,East_Timor_2002,0,392,12,the,the,DT,DT
4957,East_Timor_2002,0,392,13,possibilities,possibilities,NNS,NN
4958,East_Timor_2002,0,392,14,of,of,IN,IN
4959,East_Timor_2002,0,392,15,the,the,DT,DT
4960,East_Timor_2002,0,392,16,State,state,NNP,NN
4961,East_Timor_2002,0,392,17,and,and,CC,CC
4962,East_Timor_2002,0,392,18,in,in,IN,IN
4963,East_Timor_2002,0,392,19,conformity,conformity,NN,NN
4964,East_Timor_2002,0,392,20,with,with,IN,IN
4965,East_Timor_2002,0,392,21,the,the,DT,DT
4966,East_Timor_2002,0,392,22,law,law,NN,NN
4967,East_Timor_2002,0,393,0,3,3,CD,CD
4968,East_Timor_2002,0,394,0,The,the,DT,DT
4969,East_Timor_2002,0,394,1,national,national,JJ,JJ
4970,East_Timor_2002,0,394,2,health,health,NN,NN
4971,East_Timor_2002,0,394,3,service,service,NN,NN
4972,East_Timor_2002,0,394,4,shall,shall,MD,MD
4973,East_Timor_2002,0,394,5,have,have,VB,VB
4974,East_Timor_2002,0,394,7,as,as,RB,RB
4975,East_Timor_2002,0,394,8,much,much,JJ,JJ
4976,East_Timor_2002,0,394,9,as,as,IN,IN
4977,East_Timor_2002,0,394,10,possible,possible,JJ,JJ
4978,East_Timor_2002,0,394,12,a,a,DT,DT
4979,East_Timor_2002,0,394,13,decentralized,decentralized,VBN,VB
4980,East_Timor_2002,0,394,14,participatory,participatory,NN,NN
4981,East_Timor_2002,0,394,15,management,management,NN,NN
4982,East_Timor_2002,0,395,0,Article,article,NN,NN
4983,East_Timor_2002,0,395,1,58,58,CD,CD
4984,East_Timor_2002,0,396,0,Housing,housing,VBG,VB
4985,East_Timor_2002,0,396,1,Share,share,NNP,NN
4986,East_Timor_2002,0,396,2,All,all,NNP,NN
4987,East_Timor_2002,0,396,3,have,have,VBP,VB
4988,East_Timor_2002,0,396,4,the,the,DT,DT
4989,East_Timor_2002,0,396,5,right,right,NN,NN
4990,East_Timor_2002,0,396,6,to,to,TO,TO
4991,East_Timor_2002,0,396,7,housing,housing,NN,NN
4992,East_Timor_2002,0,396,8,for,for,IN,IN
4993,East_Timor_2002,0,396,9,themselves,themselves,PRP,PR
4994,East_Timor_2002,0,396,10,and,and,CC,CC
4995,East_Timor_2002,0,396,11,their,their,PRP$,PR
4996,East_Timor_2002,0,396,12,family,family,NN,NN
4997,East_Timor_2002,0,396,14,of,of,IN,IN
4998,East_Timor_2002,0,396,15,adequate,adequate,JJ,JJ
4999,East_Timor_2002,0,396,16,size,size,NN,NN
5000,East_Timor_2002,0,396,17,that,that,WDT,WD
5001,East_Timor_2002,0,396,18,meets,meets,VBZ,VB
5002,East_Timor_2002,0,396,19,satisfactory,satisfactory,JJ,JJ
5003,East_Timor_2002,0,396,20,standards,standards,NNS,NN
5004,East_Timor_2002,0,396,21,of,of,IN,IN
5005,East_Timor_2002,0,396,22,hygiene,hygiene,NN,NN
5006,East_Timor_2002,0,396,23,and,and,CC,CC
5007,East_Timor_2002,0,396,24,comfort,comfort,NN,NN
5008,East_Timor_2002,0,396,25,and,and,CC,CC
5009,East_Timor_2002,0,396,26,preserves,preserves,VBZ,VB
5010,East_Timor_2002,0,396,27,personal,personal,JJ,JJ
5011,East_Timor_2002,0,396,28,intimacy,intimacy,NN,NN
5012,East_Timor_2002,0,396,29,and,and,CC,CC
5013,East_Timor_2002,0,396,30,family,family,NN,NN
5014,East_Timor_2002,0,396,31,privacy,privacy,NN,NN
5015,East_Timor_2002,0,397,0,Article,article,NN,NN
5016,East_Timor_2002,0,397,1,59,59,CD,CD
5017,East_Timor_2002,0,398,0,Education,education,NN,NN
5018,East_Timor_2002,0,398,1,and,and,CC,CC
5019,East_Timor_2002,0,398,2,Culture,culture,NNP,NN
5020,East_Timor_2002,0,398,3,Share,share,NNP,NN
5021,East_Timor_2002,0,398,4,1,1,CD,CD
5022,East_Timor_2002,0,399,0,The,the,DT,DT
5023,East_Timor_2002,0,399,1,State,state,NNP,NN
5024,East_Timor_2002,0,399,2,recognizes,recognizes,NNS,NN
5025,East_Timor_2002,0,399,3,and,and,CC,CC
5026,East_Timor_2002,0,399,4,guarantees,guarantees,NNS,NN
5027,East_Timor_2002,0,399,5,that,that,WDT,WD
5028,East_Timor_2002,0,399,6,every,every,DT,DT
5029,East_Timor_2002,0,399,7,citizen,citizen,NN,NN
5030,East_Timor_2002,0,399,8,has,has,VBZ,VB
5031,East_Timor_2002,0,399,9,the,the,DT,DT
5032,East_Timor_2002,0,399,10,right,right,NN,NN
5033,East_Timor_2002,0,399,11,to,to,TO,TO
5034,East_Timor_2002,0,399,12,education,education,NN,NN
5035,East_Timor_2002,0,399,13,and,and,CC,CC
5036,East_Timor_2002,0,399,14,culture,culture,NN,NN
5037,East_Timor_2002,0,399,16,and,and,CC,CC
5038,East_Timor_2002,0,399,17,it,it,PRP,PR
5039,East_Timor_2002,0,399,18,is,is,VBZ,VB
5040,East_Timor_2002,0,399,19,incumbent,incumbent,JJ,JJ
5041,East_Timor_2002,0,399,20,upon,upon,IN,IN
5042,East_Timor_2002,0,399,21,it,it,PRP,PR
5043,East_Timor_2002,0,399,22,to,to,TO,TO
5044,East_Timor_2002,0,399,23,promote,promote,VB,VB
5045,East_Timor_2002,0,399,24,the,the,DT,DT
5046,East_Timor_2002,0,399,25,establishment,establishment,NN,NN
5047,East_Timor_2002,0,399,26,of,of,IN,IN
5048,East_Timor_2002,0,399,27,a,a,DT,DT
5049,East_Timor_2002,0,399,28,public,public,JJ,JJ
5050,East_Timor_2002,0,399,29,system,system,NN,NN
5051,East_Timor_2002,0,399,30,of,of,IN,IN
5052,East_Timor_2002,0,399,31,universal,universal,JJ,JJ
5053,East_Timor_2002,0,399,32,and,and,CC,CC
5054,East_Timor_2002,0,399,33,compulsory,compulsory,JJ,JJ
5055,East_Timor_2002,0,399,34,basic,basic,JJ,JJ
5056,East_Timor_2002,0,399,35,education,education,NN,NN
5057,East_Timor_2002,0,399,36,that,that,WDT,WD
5058,East_Timor_2002,0,399,37,is,is,VBZ,VB
5059,East_Timor_2002,0,399,38,free,free,JJ,JJ
5060,East_Timor_2002,0,399,39,of,of,IN,IN
5061,East_Timor_2002,0,399,40,charge,charge,NN,NN
5062,East_Timor_2002,0,399,41,in,in,IN,IN
5063,East_Timor_2002,0,399,42,accordance,accordance,NN,NN
5064,East_Timor_2002,0,399,43,with,with,IN,IN
5065,East_Timor_2002,0,399,44,its,its,PRP$,PR
5066,East_Timor_2002,0,399,45,possibilities,possibilities,NNS,NN
5067,East_Timor_2002,0,399,46,and,and,CC,CC
5068,East_Timor_2002,0,399,47,in,in,IN,IN
5069,East_Timor_2002,0,399,48,conformity,conformity,NN,NN
5070,East_Timor_2002,0,399,49,with,with,IN,IN
5071,East_Timor_2002,0,399,50,the,the,DT,DT
5072,East_Timor_2002,0,399,51,law,law,NN,NN
5073,East_Timor_2002,0,400,0,2,2,CD,CD
5074,East_Timor_2002,0,401,0,Everyone,everyone,NN,NN
5075,East_Timor_2002,0,401,1,has,has,VBZ,VB
5076,East_Timor_2002,0,401,2,the,the,DT,DT
5077,East_Timor_2002,0,401,3,right,right,NN,NN
5078,East_Timor_2002,0,401,4,to,to,TO,TO
5079,East_Timor_2002,0,401,5,equal,equal,VB,VB
5080,East_Timor_2002,0,401,6,opportunities,opportunities,NNS,NN
5081,East_Timor_2002,0,401,7,and,and,CC,CC
5082,East_Timor_2002,0,401,8,education,education,NN,NN
5083,East_Timor_2002,0,401,9,and,and,CC,CC
5084,East_Timor_2002,0,401,10,vocational,vocational,JJ,JJ
5085,East_Timor_2002,0,401,11,training,training,NN,NN
5086,East_Timor_2002,0,402,0,3,3,CD,CD
5087,East_Timor_2002,0,403,0,The,the,DT,DT
5088,East_Timor_2002,0,403,1,State,state,NNP,NN
5089,East_Timor_2002,0,403,2,recognizes,recognizes,NNS,NN
5090,East_Timor_2002,0,403,3,and,and,CC,CC
5091,East_Timor_2002,0,403,4,supervises,supervises,NNS,NN
5092,East_Timor_2002,0,403,5,private,private,JJ,JJ
5093,East_Timor_2002,0,403,6,and,and,CC,CC
5094,East_Timor_2002,0,403,7,co-operative,cooperative,JJ,JJ
5095,East_Timor_2002,0,403,8,education,education,NN,NN
5096,East_Timor_2002,0,404,0,4,4,CD,CD
5097,East_Timor_2002,0,405,0,The,the,DT,DT
5098,East_Timor_2002,0,405,1,State,state,NNP,NN
5099,East_Timor_2002,0,405,2,shall,shall,MD,MD
5100,East_Timor_2002,0,405,3,ensure,ensure,VB,VB
5101,East_Timor_2002,0,405,4,the,the,DT,DT
5102,East_Timor_2002,0,405,5,access,access,NN,NN
5103,East_Timor_2002,0,405,6,of,of,IN,IN
5104,East_Timor_2002,0,405,7,every,every,DT,DT
5105,East_Timor_2002,0,405,8,citizen,citizen,NN,NN
5106,East_Timor_2002,0,405,10,in,in,IN,IN
5107,East_Timor_2002,0,405,11,accordance,accordance,NN,NN
5108,East_Timor_2002,0,405,12,to,to,TO,TO
5109,East_Timor_2002,0,405,13,their,their,PRP$,PR
5110,East_Timor_2002,0,405,14,abilities,abilities,NNS,NN
5111,East_Timor_2002,0,405,16,to,to,TO,TO
5112,East_Timor_2002,0,405,17,the,the,DT,DT
5113,East_Timor_2002,0,405,18,highest,highest,JJS,JJ
5114,East_Timor_2002,0,405,19,levels,levels,NNS,NN
5115,East_Timor_2002,0,405,20,of,of,IN,IN
5116,East_Timor_2002,0,405,21,education,education,NN,NN
5117,East_Timor_2002,0,405,23,scientific,scientific,JJ,JJ
5118,East_Timor_2002,0,405,24,research,research,NN,NN
5119,East_Timor_2002,0,405,25,and,and,CC,CC
5120,East_Timor_2002,0,405,26,artistic,artistic,JJ,JJ
5121,East_Timor_2002,0,405,27,creativity,creativity,NN,NN
5122,East_Timor_2002,0,406,0,5,5,CD,CD
5123,East_Timor_2002,0,407,0,Everyone,everyone,NN,NN
5124,East_Timor_2002,0,407,1,has,has,VBZ,VB
5125,East_Timor_2002,0,407,2,the,the,DT,DT
5126,East_Timor_2002,0,407,3,right,right,NN,NN
5127,East_Timor_2002,0,407,4,to,to,TO,TO
5128,East_Timor_2002,0,407,5,cultural,cultural,JJ,JJ
5129,East_Timor_2002,0,407,6,enjoyment,enjoyment,NN,NN
5130,East_Timor_2002,0,407,7,and,and,CC,CC
5131,East_Timor_2002,0,407,8,creativity,creativity,NN,NN
5132,East_Timor_2002,0,407,9,and,and,CC,CC
5133,East_Timor_2002,0,407,10,the,the,DT,DT
5134,East_Timor_2002,0,407,11,duty,duty,NN,NN
5135,East_Timor_2002,0,407,12,to,to,TO,TO
5136,East_Timor_2002,0,407,13,preserve,preserve,VB,VB
5137,East_Timor_2002,0,407,15,protect,protect,NN,NN
5138,East_Timor_2002,0,407,16,and,and,CC,CC
5139,East_Timor_2002,0,407,17,value,value,NN,NN
5140,East_Timor_2002,0,407,18,cultural,cultural,JJ,JJ
5141,East_Timor_2002,0,407,19,heritage,heritage,NN,NN
5142,East_Timor_2002,0,408,0,Article,article,NN,NN
5143,East_Timor_2002,0,408,1,60,60,CD,CD
5144,East_Timor_2002,0,409,0,Intellectual,intellectual,NNP,NN
5145,East_Timor_2002,0,409,1,Property,property,NNP,NN
5146,East_Timor_2002,0,409,2,Share,share,NNP,NN
5147,East_Timor_2002,0,409,3,The,the,DT,DT
5148,East_Timor_2002,0,409,4,State,state,NNP,NN
5149,East_Timor_2002,0,409,5,guarantees,guarantees,NNS,NN
5150,East_Timor_2002,0,409,6,and,and,CC,CC
5151,East_Timor_2002,0,409,7,protects,protects,VBZ,VB
5152,East_Timor_2002,0,409,8,the,the,DT,DT
5153,East_Timor_2002,0,409,9,creation,creation,NN,NN
5154,East_Timor_2002,0,409,11,production,production,NN,NN
5155,East_Timor_2002,0,409,12,and,and,CC,CC
5156,East_Timor_2002,0,409,13,commercialization,commercialization,NN,NN
5157,East_Timor_2002,0,409,14,of,of,IN,IN
5158,East_Timor_2002,0,409,15,literary,literary,JJ,JJ
5159,East_Timor_2002,0,409,17,scientific,scientific,JJ,JJ
5160,East_Timor_2002,0,409,18,and,and,CC,CC
5161,East_Timor_2002,0,409,19,artistic,artistic,JJ,JJ
5162,East_Timor_2002,0,409,20,work,work,NN,NN
5163,East_Timor_2002,0,409,22,including,including,VBG,VB
5164,East_Timor_2002,0,409,23,the,the,DT,DT
5165,East_Timor_2002,0,409,24,legal,legal,JJ,JJ
5166,East_Timor_2002,0,409,25,protection,protection,NN,NN
5167,East_Timor_2002,0,409,26,of,of,IN,IN
5168,East_Timor_2002,0,409,27,the,the,DT,DT
5169,East_Timor_2002,0,409,28,rights,rights,NNS,NN
5170,East_Timor_2002,0,409,29,of,of,IN,IN
5171,East_Timor_2002,0,409,30,authors,authors,NNS,NN
5172,East_Timor_2002,0,410,0,Article,article,NN,NN
5173,East_Timor_2002,0,410,1,61,61,CD,CD
5174,East_Timor_2002,0,411,0,Environment,environment,NNP,NN
5175,East_Timor_2002,0,411,1,Share,share,NNP,NN
5176,East_Timor_2002,0,411,2,1,1,CD,CD
5177,East_Timor_2002,0,412,0,All,all,DT,DT
5178,East_Timor_2002,0,412,1,have,have,VBP,VB
5179,East_Timor_2002,0,412,2,the,the,DT,DT
5180,East_Timor_2002,0,412,3,right,right,NN,NN
5181,East_Timor_2002,0,412,4,to,to,TO,TO
5182,East_Timor_2002,0,412,5,a,a,DT,DT
5183,East_Timor_2002,0,412,6,humane,humane,NN,NN
5184,East_Timor_2002,0,412,8,healthy,healthy,JJ,JJ
5185,East_Timor_2002,0,412,10,and,and,CC,CC
5186,East_Timor_2002,0,412,11,ecologically,ecologically,RB,RB
5187,East_Timor_2002,0,412,12,balanced,balanced,VBN,VB
5188,East_Timor_2002,0,412,13,environment,environment,NN,NN
5189,East_Timor_2002,0,412,14,and,and,CC,CC
5190,East_Timor_2002,0,412,15,the,the,DT,DT
5191,East_Timor_2002,0,412,16,duty,duty,NN,NN
5192,East_Timor_2002,0,412,17,to,to,TO,TO
5193,East_Timor_2002,0,412,18,protect,protect,VB,VB
5194,East_Timor_2002,0,412,19,it,it,PRP,PR
5195,East_Timor_2002,0,412,20,and,and,CC,CC
5196,East_Timor_2002,0,412,21,improve,improve,VB,VB
5197,East_Timor_2002,0,412,22,it,it,PRP,PR
5198,East_Timor_2002,0,412,23,for,for,IN,IN
5199,East_Timor_2002,0,412,24,the,the,DT,DT
5200,East_Timor_2002,0,412,25,benefit,benefit,NN,NN
5201,East_Timor_2002,0,412,26,of,of,IN,IN
5202,East_Timor_2002,0,412,27,the,the,DT,DT
5203,East_Timor_2002,0,412,28,future,future,JJ,JJ
5204,East_Timor_2002,0,412,29,generations,generations,NNS,NN
5205,East_Timor_2002,0,413,0,2,2,CD,CD
5206,East_Timor_2002,0,414,0,The,the,DT,DT
5207,East_Timor_2002,0,414,1,State,state,NNP,NN
5208,East_Timor_2002,0,414,2,recognizes,recognizes,VBZ,VB
5209,East_Timor_2002,0,414,3,the,the,DT,DT
5210,East_Timor_2002,0,414,4,need,need,NN,NN
5211,East_Timor_2002,0,414,5,to,to,TO,TO
5212,East_Timor_2002,0,414,6,preserve,preserve,VB,VB
5213,East_Timor_2002,0,414,7,and,and,CC,CC
5214,East_Timor_2002,0,414,8,rationalize,rationalize,VB,VB
5215,East_Timor_2002,0,414,9,natural,natural,JJ,JJ
5216,East_Timor_2002,0,414,10,resources,resources,NNS,NN
5217,East_Timor_2002,0,415,0,3,3,CD,CD
5218,East_Timor_2002,0,416,0,The,the,DT,DT
5219,East_Timor_2002,0,416,1,State,state,NNP,NN
5220,East_Timor_2002,0,416,2,shall,shall,MD,MD
5221,East_Timor_2002,0,416,3,promote,promote,VB,VB
5222,East_Timor_2002,0,416,4,actions,actions,NNS,NN
5223,East_Timor_2002,0,416,5,aimed,aimed,VBN,VB
5224,East_Timor_2002,0,416,6,at,at,IN,IN
5225,East_Timor_2002,0,416,7,protecting,protecting,VBG,VB
5226,East_Timor_2002,0,416,8,the,the,DT,DT
5227,East_Timor_2002,0,416,9,environment,environment,NN,NN
5228,East_Timor_2002,0,416,10,and,and,CC,CC
5229,East_Timor_2002,0,416,11,safeguarding,safeguarding,VBG,VB
5230,East_Timor_2002,0,416,12,the,the,DT,DT
5231,East_Timor_2002,0,416,13,sustainable,sustainable,JJ,JJ
5232,East_Timor_2002,0,416,14,development,development,NN,NN
5233,East_Timor_2002,0,416,15,of,of,IN,IN
5234,East_Timor_2002,0,416,16,the,the,DT,DT
5235,East_Timor_2002,0,416,17,economy,economy,NN,NN
5236,East_Timor_2002,0,417,0,PART,part,NN,NN
5237,East_Timor_2002,0,417,1,III,iii,NNP,NN
5238,East_Timor_2002,0,418,0,ORGANIZATION,organization,NNP,NN
5239,East_Timor_2002,0,418,1,OF,of,NNP,NN
5240,East_Timor_2002,0,418,2,POLITICAL,political,NNP,NN
5241,East_Timor_2002,0,418,3,POWER,power,NNP,NN
5242,East_Timor_2002,0,418,4,TITLE,title,NNP,NN
5243,East_Timor_2002,0,418,5,I,i,PRP,PR
5244,East_Timor_2002,0,419,0,GENERAL,general,NNP,NN
5245,East_Timor_2002,0,419,1,PRINCIPLES,principles,NNP,NN
5246,East_Timor_2002,0,419,2,Article,article,NNP,NN
5247,East_Timor_2002,0,419,3,62,62,CD,CD
5248,East_Timor_2002,0,420,0,Source,source,NN,NN
5249,East_Timor_2002,0,420,1,and,and,CC,CC
5250,East_Timor_2002,0,420,2,Exercise,exercise,NN,NN
5251,East_Timor_2002,0,420,3,of,of,IN,IN
5252,East_Timor_2002,0,420,4,Political,political,NNP,NN
5253,East_Timor_2002,0,420,5,Power,power,NNP,NN
5254,East_Timor_2002,0,420,6,Share,share,NNP,NN
5255,East_Timor_2002,0,420,7,Political,political,NNP,NN
5256,East_Timor_2002,0,420,8,power,power,NN,NN
5257,East_Timor_2002,0,420,9,emanates,emanates,NNS,NN
5258,East_Timor_2002,0,420,10,from,from,IN,IN
5259,East_Timor_2002,0,420,11,the,the,DT,DT
5260,East_Timor_2002,0,420,12,people,people,NNS,NN
5261,East_Timor_2002,0,420,13,and,and,CC,CC
5262,East_Timor_2002,0,420,14,is,is,VBZ,VB
5263,East_Timor_2002,0,420,15,exercised,exercised,VBN,VB
5264,East_Timor_2002,0,420,16,in,in,IN,IN
5265,East_Timor_2002,0,420,17,accordance,accordance,NN,NN
5266,East_Timor_2002,0,420,18,with,with,IN,IN
5267,East_Timor_2002,0,420,19,the,the,DT,DT
5268,East_Timor_2002,0,420,20,terms,terms,NNS,NN
5269,East_Timor_2002,0,420,21,of,of,IN,IN
5270,East_Timor_2002,0,420,22,the,the,DT,DT
5271,East_Timor_2002,0,420,23,Constitution,constitution,NNP,NN
5272,East_Timor_2002,0,421,0,Article,article,NN,NN
5273,East_Timor_2002,0,421,1,63,63,CD,CD
5274,East_Timor_2002,0,422,0,Participation,participation,NN,NN
5275,East_Timor_2002,0,422,1,by,by,IN,IN
5276,East_Timor_2002,0,422,2,Citizens,citizens,NNS,NN
5277,East_Timor_2002,0,422,3,in,in,IN,IN
5278,East_Timor_2002,0,422,4,Political,political,NNP,NN
5279,East_Timor_2002,0,422,5,Life,life,NNP,NN
5280,East_Timor_2002,0,422,6,Share,share,NNP,NN
5281,East_Timor_2002,0,422,7,1,1,CD,CD
5282,East_Timor_2002,0,423,0,Direct,direct,JJ,JJ
5283,East_Timor_2002,0,423,1,and,and,CC,CC
5284,East_Timor_2002,0,423,2,active,active,JJ,JJ
5285,East_Timor_2002,0,423,3,participation,participation,NN,NN
5286,East_Timor_2002,0,423,4,by,by,IN,IN
5287,East_Timor_2002,0,423,5,men,men,NNS,NN
5288,East_Timor_2002,0,423,6,and,and,CC,CC
5289,East_Timor_2002,0,423,7,women,women,NNS,NN
5290,East_Timor_2002,0,423,8,in,in,IN,IN
5291,East_Timor_2002,0,423,9,political,political,JJ,JJ
5292,East_Timor_2002,0,423,10,life,life,NN,NN
5293,East_Timor_2002,0,423,11,constitutes,constitutes,VBZ,VB
5294,East_Timor_2002,0,423,12,a,a,DT,DT
5295,East_Timor_2002,0,423,13,requirement,requirement,NN,NN
5296,East_Timor_2002,0,423,14,of,of,IN,IN
5297,East_Timor_2002,0,423,16,and,and,CC,CC
5298,East_Timor_2002,0,423,17,a,a,DT,DT
5299,East_Timor_2002,0,423,18,fundamental,fundamental,JJ,JJ
5300,East_Timor_2002,0,423,19,instrument,instrument,NN,NN
5301,East_Timor_2002,0,423,20,for,for,IN,IN
5302,East_Timor_2002,0,423,22,the,the,DT,DT
5303,East_Timor_2002,0,423,23,democratic,democratic,JJ,JJ
5304,East_Timor_2002,0,423,24,system,system,NN,NN
5305,East_Timor_2002,0,424,0,2,2,CD,CD
5306,East_Timor_2002,0,425,0,The,the,DT,DT
5307,East_Timor_2002,0,425,1,law,law,NN,NN
5308,East_Timor_2002,0,425,2,promotes,promotes,VBZ,VB
5309,East_Timor_2002,0,425,3,equality,equality,NN,NN
5310,East_Timor_2002,0,425,4,in,in,IN,IN
5311,East_Timor_2002,0,425,5,the,the,DT,DT
5312,East_Timor_2002,0,425,6,exercise,exercise,NN,NN
5313,East_Timor_2002,0,425,7,of,of,IN,IN
5314,East_Timor_2002,0,425,8,civil,civil,JJ,JJ
5315,East_Timor_2002,0,425,9,and,and,CC,CC
5316,East_Timor_2002,0,425,10,political,political,JJ,JJ
5317,East_Timor_2002,0,425,11,rights,rights,NNS,NN
5318,East_Timor_2002,0,425,12,and,and,CC,CC
5319,East_Timor_2002,0,425,13,nondiscrimination,nondiscrimination,NN,NN
5320,East_Timor_2002,0,425,14,on,on,IN,IN
5321,East_Timor_2002,0,425,15,the,the,DT,DT
5322,East_Timor_2002,0,425,16,basis,basis,NN,NN
5323,East_Timor_2002,0,425,17,of,of,IN,IN
5324,East_Timor_2002,0,425,18,gender,gender,NN,NN
5325,East_Timor_2002,0,425,19,for,for,IN,IN
5326,East_Timor_2002,0,425,20,access,access,NN,NN
5327,East_Timor_2002,0,425,21,to,to,TO,TO
5328,East_Timor_2002,0,425,22,political,political,JJ,JJ
5329,East_Timor_2002,0,425,23,positions,positions,NNS,NN
5330,East_Timor_2002,0,426,0,Article,article,NN,NN
5331,East_Timor_2002,0,426,1,64,64,CD,CD
5332,East_Timor_2002,0,427,0,Principle,principle,NN,NN
5333,East_Timor_2002,0,427,1,of,of,IN,IN
5334,East_Timor_2002,0,427,2,Renewal,renewal,NNP,NN
5335,East_Timor_2002,0,427,3,Share,share,NNP,NN
5336,East_Timor_2002,0,427,4,No,no,NNP,NN
5337,East_Timor_2002,0,427,5,one,one,NN,NN
5338,East_Timor_2002,0,427,6,shall,shall,MD,MD
5339,East_Timor_2002,0,427,7,hold,hold,VB,VB
5340,East_Timor_2002,0,427,8,any,any,DT,DT
5341,East_Timor_2002,0,427,9,political,political,JJ,JJ
5342,East_Timor_2002,0,427,10,office,office,NN,NN
5343,East_Timor_2002,0,427,11,for,for,IN,IN
5344,East_Timor_2002,0,427,12,life,life,NN,NN
5345,East_Timor_2002,0,427,14,or,or,CC,CC
5346,East_Timor_2002,0,427,15,for,for,IN,IN
5347,East_Timor_2002,0,427,16,indeterminate,indeterminate,JJ,JJ
5348,East_Timor_2002,0,427,17,periods,periods,NNS,NN
5349,East_Timor_2002,0,427,18,of,of,IN,IN
5350,East_Timor_2002,0,427,19,time,time,NN,NN
5351,East_Timor_2002,0,428,0,Article,article,NN,NN
5352,East_Timor_2002,0,428,1,65,65,CD,CD
5353,East_Timor_2002,0,429,0,Elections,elections,NNS,NN
5354,East_Timor_2002,0,429,1,Share,share,NNP,NN
5355,East_Timor_2002,0,429,2,1,1,CD,CD
5356,East_Timor_2002,0,430,0,Elected,elected,VBN,VB
5357,East_Timor_2002,0,430,1,organs,organs,NNS,NN
5358,East_Timor_2002,0,430,2,of,of,IN,IN
5359,East_Timor_2002,0,430,3,sovereignty,sovereignty,NN,NN
5360,East_Timor_2002,0,430,4,and,and,CC,CC
5361,East_Timor_2002,0,430,5,of,of,IN,IN
5362,East_Timor_2002,0,430,6,local,local,JJ,JJ
5363,East_Timor_2002,0,430,7,government,government,NN,NN
5364,East_Timor_2002,0,430,8,shall,shall,MD,MD
5365,East_Timor_2002,0,430,9,be,be,VB,VB
5366,East_Timor_2002,0,430,10,chosen,chosen,VBN,VB
5367,East_Timor_2002,0,430,11,by,by,IN,IN
5368,East_Timor_2002,0,430,12,free,free,JJ,JJ
5369,East_Timor_2002,0,430,14,direct,direct,JJ,JJ
5370,East_Timor_2002,0,430,16,secret,secret,JJ,JJ
5371,East_Timor_2002,0,430,18,personal,personal,JJ,JJ
5372,East_Timor_2002,0,430,19,and,and,CC,CC
5373,East_Timor_2002,0,430,20,regular,regular,JJ,JJ
5374,East_Timor_2002,0,430,21,universal,universal,JJ,JJ
5375,East_Timor_2002,0,430,22,suffrage,suffrage,NN,NN
5376,East_Timor_2002,0,431,0,2,2,CD,CD
5377,East_Timor_2002,0,432,0,Registration,registration,NN,NN
5378,East_Timor_2002,0,432,1,of,of,IN,IN
5379,East_Timor_2002,0,432,2,voters,voters,NNS,NN
5380,East_Timor_2002,0,432,3,is,is,VBZ,VB
5381,East_Timor_2002,0,432,4,compulsory,compulsory,JJ,JJ
5382,East_Timor_2002,0,432,5,and,and,CC,CC
5383,East_Timor_2002,0,432,6,officially,officially,RB,RB
5384,East_Timor_2002,0,432,7,initiated,initiated,VBN,VB
5385,East_Timor_2002,0,432,9,single,single,JJ,JJ
5386,East_Timor_2002,0,432,10,and,and,CC,CC
5387,East_Timor_2002,0,432,11,universal,universal,JJ,JJ
5388,East_Timor_2002,0,432,13,to,to,TO,TO
5389,East_Timor_2002,0,432,14,be,be,VB,VB
5390,East_Timor_2002,0,432,15,updated,updated,VBN,VB
5391,East_Timor_2002,0,432,16,for,for,IN,IN
5392,East_Timor_2002,0,432,17,each,each,DT,DT
5393,East_Timor_2002,0,432,18,election,election,NN,NN
5394,East_Timor_2002,0,433,0,3,3,CD,CD
5395,East_Timor_2002,0,434,0,Electoral,electoral,JJ,JJ
5396,East_Timor_2002,0,434,1,campaigns,campaigns,NNS,NN
5397,East_Timor_2002,0,434,2,shall,shall,MD,MD
5398,East_Timor_2002,0,434,3,be,be,VB,VB
5399,East_Timor_2002,0,434,4,conducted,conducted,VBN,VB
5400,East_Timor_2002,0,434,5,in,in,IN,IN
5401,East_Timor_2002,0,434,6,accordance,accordance,NN,NN
5402,East_Timor_2002,0,434,7,with,with,IN,IN
5403,East_Timor_2002,0,434,8,the,the,DT,DT
5404,East_Timor_2002,0,434,9,following,following,JJ,JJ
5405,East_Timor_2002,0,434,10,principles,principles,NNS,NN
5406,East_Timor_2002,0,434,12,a.freedom,afreedom,NN,NN
5407,East_Timor_2002,0,434,13,to,to,TO,TO
5408,East_Timor_2002,0,434,14,canvass,canvass,NN,NN
5409,East_Timor_2002,0,434,16,liberdade,liberdade,FW,FW
5410,East_Timor_2002,0,434,17,de,de,FW,FW
5411,East_Timor_2002,0,434,18,propaganta,propaganta,FW,FW
5412,East_Timor_2002,0,434,19,eleitoral,eleitoral,JJ,JJ
5413,East_Timor_2002,0,434,22,b.equality,bequality,NN,NN
5414,East_Timor_2002,0,434,23,of,of,IN,IN
5415,East_Timor_2002,0,434,24,opportunity,opportunity,NN,NN
5416,East_Timor_2002,0,434,25,and,and,CC,CC
5417,East_Timor_2002,0,434,26,of,of,IN,IN
5418,East_Timor_2002,0,434,27,treatment,treatment,NN,NN
5419,East_Timor_2002,0,434,28,for,for,IN,IN
5420,East_Timor_2002,0,434,29,all,all,DT,DT
5421,East_Timor_2002,0,434,30,candidacies,candidacies,NNS,NN
5422,East_Timor_2002,0,434,32,c.impartiality,cimpartiality,NN,NN
5423,East_Timor_2002,0,434,33,towards,towards,IN,IN
5424,East_Timor_2002,0,434,34,candidacies,candidacies,NNS,NN
5425,East_Timor_2002,0,434,35,on,on,IN,IN
5426,East_Timor_2002,0,434,36,the,the,DT,DT
5427,East_Timor_2002,0,434,37,part,part,NN,NN
5428,East_Timor_2002,0,434,38,of,of,IN,IN
5429,East_Timor_2002,0,434,39,public,public,JJ,JJ
5430,East_Timor_2002,0,434,40,entities,entities,NNS,NN
5431,East_Timor_2002,0,434,42,d.transparency,dtransparency,NN,NN
5432,East_Timor_2002,0,434,43,and,and,CC,CC
5433,East_Timor_2002,0,434,44,supervision,supervision,NN,NN
5434,East_Timor_2002,0,434,45,of,of,IN,IN
5435,East_Timor_2002,0,434,46,electoral,electoral,JJ,JJ
5436,East_Timor_2002,0,434,47,expenditures,expenditures,NNS,NN
5437,East_Timor_2002,0,435,0,4,4,CD,CD
5438,East_Timor_2002,0,436,0,Conversion,conversion,NN,NN
5439,East_Timor_2002,0,436,1,of,of,IN,IN
5440,East_Timor_2002,0,436,2,the,the,DT,DT
5441,East_Timor_2002,0,436,3,votes,votes,NNS,NN
5442,East_Timor_2002,0,436,4,into,into,IN,IN
5443,East_Timor_2002,0,436,5,mandates,mandates,NNS,NN
5444,East_Timor_2002,0,436,6,shall,shall,MD,MD
5445,East_Timor_2002,0,436,7,observe,observe,VB,VB
5446,East_Timor_2002,0,436,8,the,the,DT,DT
5447,East_Timor_2002,0,436,9,principle,principle,NN,NN
5448,East_Timor_2002,0,436,10,of,of,IN,IN
5449,East_Timor_2002,0,436,11,proportional,proportional,JJ,JJ
5450,East_Timor_2002,0,436,12,representation,representation,NN,NN
5451,East_Timor_2002,0,437,0,5,5,CD,CD
5452,East_Timor_2002,0,438,0,The,the,DT,DT
5453,East_Timor_2002,0,438,1,electoral,electoral,JJ,JJ
5454,East_Timor_2002,0,438,2,process,process,NN,NN
5455,East_Timor_2002,0,438,3,is,is,VBZ,VB
5456,East_Timor_2002,0,438,4,regulated,regulated,VBN,VB
5457,East_Timor_2002,0,438,5,by,by,IN,IN
5458,East_Timor_2002,0,438,6,law,law,NN,NN
5459,East_Timor_2002,0,439,0,6,6,CD,CD
5460,East_Timor_2002,0,440,0,The,the,DT,DT
5461,East_Timor_2002,0,440,1,supervision,supervision,NN,NN
5462,East_Timor_2002,0,440,2,of,of,IN,IN
5463,East_Timor_2002,0,440,3,voters,voters,NNS,NN
5464,East_Timor_2002,0,440,5,registration,registration,NN,NN
5465,East_Timor_2002,0,440,6,and,and,CC,CC
5466,East_Timor_2002,0,440,7,electoral,electoral,JJ,JJ
5467,East_Timor_2002,0,440,8,acts,acts,NNS,NN
5468,East_Timor_2002,0,440,9,shall,shall,MD,MD
5469,East_Timor_2002,0,440,10,be,be,VB,VB
5470,East_Timor_2002,0,440,11,incumbent,incumbent,JJ,JJ
5471,East_Timor_2002,0,440,12,upon,upon,IN,IN
5472,East_Timor_2002,0,440,13,an,an,DT,DT
5473,East_Timor_2002,0,440,14,independent,independent,JJ,JJ
5474,East_Timor_2002,0,440,15,organ,organ,NN,NN
5475,East_Timor_2002,0,440,17,whose,whose,WP$,WP
5476,East_Timor_2002,0,440,18,competences,competences,NNS,NN
5477,East_Timor_2002,0,440,20,composition,composition,NN,NN
5478,East_Timor_2002,0,440,22,organization,organization,NN,NN
5479,East_Timor_2002,0,440,23,and,and,CC,CC
5480,East_Timor_2002,0,440,24,functioning,functioning,VBG,VB
5481,East_Timor_2002,0,440,25,shall,shall,MD,MD
5482,East_Timor_2002,0,440,26,be,be,VB,VB
5483,East_Timor_2002,0,440,27,established,established,VBN,VB
5484,East_Timor_2002,0,440,28,by,by,IN,IN
5485,East_Timor_2002,0,440,29,law,law,NN,NN
5486,East_Timor_2002,0,441,0,Article,article,NN,NN
5487,East_Timor_2002,0,441,1,66,66,CD,CD
5488,East_Timor_2002,0,442,0,Referendum,referendum,NNP,NN
5489,East_Timor_2002,0,442,1,Share,share,NNP,NN
5490,East_Timor_2002,0,442,2,1,1,CD,CD
5491,East_Timor_2002,0,443,0,Voters,voters,NNS,NN
5492,East_Timor_2002,0,443,1,who,who,WP,WP
5493,East_Timor_2002,0,443,2,are,are,VBP,VB
5494,East_Timor_2002,0,443,3,registered,registered,VBN,VB
5495,East_Timor_2002,0,443,4,in,in,IN,IN
5496,East_Timor_2002,0,443,5,the,the,DT,DT
5497,East_Timor_2002,0,443,6,national,national,JJ,JJ
5498,East_Timor_2002,0,443,7,territory,territory,NN,NN
5499,East_Timor_2002,0,443,8,may,may,MD,MD
5500,East_Timor_2002,0,443,9,be,be,VB,VB
5501,East_Timor_2002,0,443,10,called,called,VBN,VB
5502,East_Timor_2002,0,443,11,upon,upon,IN,IN
5503,East_Timor_2002,0,443,12,to,to,TO,TO
5504,East_Timor_2002,0,443,13,express,express,VB,VB
5505,East_Timor_2002,0,443,14,their,their,PRP$,PR
5506,East_Timor_2002,0,443,15,opinions,opinions,NNS,NN
5507,East_Timor_2002,0,443,16,in,in,IN,IN
5508,East_Timor_2002,0,443,17,a,a,DT,DT
5509,East_Timor_2002,0,443,18,referendum,referendum,NN,NN
5510,East_Timor_2002,0,443,19,on,on,IN,IN
5511,East_Timor_2002,0,443,20,issues,issues,NNS,NN
5512,East_Timor_2002,0,443,21,of,of,IN,IN
5513,East_Timor_2002,0,443,22,relevant,relevant,JJ,JJ
5514,East_Timor_2002,0,443,23,national,national,JJ,JJ
5515,East_Timor_2002,0,443,24,interest,interest,NN,NN
5516,East_Timor_2002,0,444,0,2,2,CD,CD
5517,East_Timor_2002,0,445,0,A,a,DT,DT
5518,East_Timor_2002,0,445,1,referendum,referendum,NN,NN
5519,East_Timor_2002,0,445,2,is,is,VBZ,VB
5520,East_Timor_2002,0,445,3,called,called,VBN,VB
5521,East_Timor_2002,0,445,4,by,by,IN,IN
5522,East_Timor_2002,0,445,5,the,the,DT,DT
5523,East_Timor_2002,0,445,6,President,president,NNP,NN
5524,East_Timor_2002,0,445,7,of,of,IN,IN
5525,East_Timor_2002,0,445,8,the,the,DT,DT
5526,East_Timor_2002,0,445,9,Republic,republic,NNP,NN
5527,East_Timor_2002,0,445,11,following,following,VBG,VB
5528,East_Timor_2002,0,445,12,a,a,DT,DT
5529,East_Timor_2002,0,445,13,proposal,proposal,NN,NN
5530,East_Timor_2002,0,445,14,by,by,IN,IN
5531,East_Timor_2002,0,445,15,one-,one,JJ,JJ
5532,East_Timor_2002,0,445,16,third,third,JJ,JJ
5533,East_Timor_2002,0,445,18,and,and,CC,CC
5534,East_Timor_2002,0,445,19,deliberation,deliberation,NN,NN
5535,East_Timor_2002,0,445,20,approved,approved,VBN,VB
5536,East_Timor_2002,0,445,21,by,by,IN,IN
5537,East_Timor_2002,0,445,22,a,a,DT,DT
5538,East_Timor_2002,0,445,23,two-thirds,twothirds,JJ,JJ
5539,East_Timor_2002,0,445,24,majority,majority,NN,NN
5540,East_Timor_2002,0,445,26,of,of,IN,IN
5541,East_Timor_2002,0,445,27,the,the,DT,DT
5542,East_Timor_2002,0,445,28,Members,members,NNS,NN
5543,East_Timor_2002,0,445,29,of,of,IN,IN
5544,East_Timor_2002,0,445,30,the,the,DT,DT
5545,East_Timor_2002,0,445,31,National,national,NNP,NN
5546,East_Timor_2002,0,445,32,Parliament,parliament,NNP,NN
5547,East_Timor_2002,0,445,34,or,or,CC,CC
5548,East_Timor_2002,0,445,35,following,following,VBG,VB
5549,East_Timor_2002,0,445,36,a,a,DT,DT
5550,East_Timor_2002,0,445,37,well-founded,wellfounded,JJ,JJ
5551,East_Timor_2002,0,445,38,proposal,proposal,NN,NN
5552,East_Timor_2002,0,445,39,by,by,IN,IN
5553,East_Timor_2002,0,445,40,the,the,DT,DT
5554,East_Timor_2002,0,445,41,Government,government,NNP,NN
5555,East_Timor_2002,0,446,0,3,3,CD,CD
5556,East_Timor_2002,0,447,0,Matters,matters,NNS,NN
5557,East_Timor_2002,0,447,1,falling,falling,VBG,VB
5558,East_Timor_2002,0,447,2,under,under,IN,IN
5559,East_Timor_2002,0,447,3,the,the,DT,DT
5560,East_Timor_2002,0,447,4,exclusive,exclusive,JJ,JJ
5561,East_Timor_2002,0,447,5,competence,competence,NN,NN
5562,East_Timor_2002,0,447,6,of,of,IN,IN
5563,East_Timor_2002,0,447,7,the,the,DT,DT
5564,East_Timor_2002,0,447,8,Parliament,parliament,NNP,NN
5565,East_Timor_2002,0,447,10,the,the,DT,DT
5566,East_Timor_2002,0,447,11,Government,government,NNP,NN
5567,East_Timor_2002,0,447,12,and,and,CC,CC
5568,East_Timor_2002,0,447,13,the,the,DT,DT
5569,East_Timor_2002,0,447,14,Courts,courts,NNS,NN
5570,East_Timor_2002,0,447,15,as,as,IN,IN
5571,East_Timor_2002,0,447,16,defined,defined,VBN,VB
5572,East_Timor_2002,0,447,17,by,by,IN,IN
5573,East_Timor_2002,0,447,18,the,the,DT,DT
5574,East_Timor_2002,0,447,19,Constitution,constitution,NNP,NN
5575,East_Timor_2002,0,447,20,can,can,MD,MD
5576,East_Timor_2002,0,447,21,not,not,RB,RB
5577,East_Timor_2002,0,447,22,be,be,VB,VB
5578,East_Timor_2002,0,447,23,the,the,DT,DT
5579,East_Timor_2002,0,447,24,subject,subject,NN,NN
5580,East_Timor_2002,0,447,25,of,of,IN,IN
5581,East_Timor_2002,0,447,26,a,a,DT,DT
5582,East_Timor_2002,0,447,27,referendum,referendum,NN,NN
5583,East_Timor_2002,0,448,0,4,4,CD,CD
5584,East_Timor_2002,0,449,0,A,a,DT,DT
5585,East_Timor_2002,0,449,1,referendum,referendum,NN,NN
5586,East_Timor_2002,0,449,2,shall,shall,MD,MD
5587,East_Timor_2002,0,449,3,only,only,RB,RB
5588,East_Timor_2002,0,449,4,be,be,VB,VB
5589,East_Timor_2002,0,449,5,binding,binding,VBG,VB
5590,East_Timor_2002,0,449,6,where,where,WRB,WR
5591,East_Timor_2002,0,449,7,the,the,DT,DT
5592,East_Timor_2002,0,449,8,number,number,NN,NN
5593,East_Timor_2002,0,449,9,of,of,IN,IN
5594,East_Timor_2002,0,449,10,voters,voters,NNS,NN
5595,East_Timor_2002,0,449,11,is,is,VBZ,VB
5596,East_Timor_2002,0,449,12,higher,higher,JJR,JJ
5597,East_Timor_2002,0,449,13,than,than,IN,IN
5598,East_Timor_2002,0,449,14,half,half,NN,NN
5599,East_Timor_2002,0,449,15,of,of,IN,IN
5600,East_Timor_2002,0,449,16,the,the,DT,DT
5601,East_Timor_2002,0,449,17,registered,registered,JJ,JJ
5602,East_Timor_2002,0,449,18,electors,electors,NNS,NN
5603,East_Timor_2002,0,450,0,5,5,CD,CD
5604,East_Timor_2002,0,451,0,The,the,DT,DT
5605,East_Timor_2002,0,451,1,process,process,NN,NN
5606,East_Timor_2002,0,451,2,of,of,IN,IN
5607,East_Timor_2002,0,451,3,a,a,DT,DT
5608,East_Timor_2002,0,451,4,referendum,referendum,NN,NN
5609,East_Timor_2002,0,451,5,is,is,VBZ,VB
5610,East_Timor_2002,0,451,6,defined,defined,VBN,VB
5611,East_Timor_2002,0,451,7,by,by,IN,IN
5612,East_Timor_2002,0,451,8,law,law,NN,NN
5613,East_Timor_2002,0,452,0,Article,article,NN,NN
5614,East_Timor_2002,0,452,1,67,67,CD,CD
5615,East_Timor_2002,0,453,0,Organs,organs,NNS,NN
5616,East_Timor_2002,0,453,1,of,of,IN,IN
5617,East_Timor_2002,0,453,2,Sovereignty,sovereignty,NNP,NN
5618,East_Timor_2002,0,453,3,Share,share,NNP,NN
5619,East_Timor_2002,0,453,4,The,the,DT,DT
5620,East_Timor_2002,0,453,5,organs,organs,NNS,NN
5621,East_Timor_2002,0,453,6,of,of,IN,IN
5622,East_Timor_2002,0,453,7,sovereignty,sovereignty,NN,NN
5623,East_Timor_2002,0,453,8,shall,shall,MD,MD
5624,East_Timor_2002,0,453,9,comprise,comprise,VB,VB
5625,East_Timor_2002,0,453,10,the,the,DT,DT
5626,East_Timor_2002,0,453,11,President,president,NNP,NN
5627,East_Timor_2002,0,453,12,of,of,IN,IN
5628,East_Timor_2002,0,453,13,the,the,DT,DT
5629,East_Timor_2002,0,453,14,Republic,republic,NNP,NN
5630,East_Timor_2002,0,453,16,the,the,DT,DT
5631,East_Timor_2002,0,453,17,National,national,NNP,NN
5632,East_Timor_2002,0,453,18,Parliament,parliament,NNP,NN
5633,East_Timor_2002,0,453,20,the,the,DT,DT
5634,East_Timor_2002,0,453,21,Government,government,NNP,NN
5635,East_Timor_2002,0,453,22,and,and,CC,CC
5636,East_Timor_2002,0,453,23,the,the,DT,DT
5637,East_Timor_2002,0,453,24,Courts,courts,NNS,NN
5638,East_Timor_2002,0,454,0,Article,article,NN,NN
5639,East_Timor_2002,0,454,1,68,68,CD,CD
5640,East_Timor_2002,0,455,0,Incompatibilities,incompatibilities,NNS,NN
5641,East_Timor_2002,0,455,1,Share,share,NNP,NN
5642,East_Timor_2002,0,455,2,1,1,CD,CD
5643,East_Timor_2002,0,456,0,The,the,DT,DT
5644,East_Timor_2002,0,456,1,holding,holding,NN,NN
5645,East_Timor_2002,0,456,2,of,of,IN,IN
5646,East_Timor_2002,0,456,3,the,the,DT,DT
5647,East_Timor_2002,0,456,4,offices,offices,NNS,NN
5648,East_Timor_2002,0,456,5,of,of,IN,IN
5649,East_Timor_2002,0,456,6,President,president,NNP,NN
5650,East_Timor_2002,0,456,7,of,of,IN,IN
5651,East_Timor_2002,0,456,8,the,the,DT,DT
5652,East_Timor_2002,0,456,9,Republic,republic,NNP,NN
5653,East_Timor_2002,0,456,11,Speaker,speaker,NNP,NN
5654,East_Timor_2002,0,456,12,of,of,IN,IN
5655,East_Timor_2002,0,456,13,the,the,DT,DT
5656,East_Timor_2002,0,456,14,National,national,NNP,NN
5657,East_Timor_2002,0,456,15,Parliament,parliament,NNP,NN
5658,East_Timor_2002,0,456,17,President,president,NNP,NN
5659,East_Timor_2002,0,456,18,of,of,IN,IN
5660,East_Timor_2002,0,456,19,the,the,DT,DT
5661,East_Timor_2002,0,456,20,Supreme,supreme,NNP,NN
5662,East_Timor_2002,0,456,21,Court,court,NNP,NN
5663,East_Timor_2002,0,456,22,of,of,IN,IN
5664,East_Timor_2002,0,456,23,Justice,justice,NNP,NN
5665,East_Timor_2002,0,456,25,President,president,NNP,NN
5666,East_Timor_2002,0,456,26,of,of,IN,IN
5667,East_Timor_2002,0,456,27,the,the,DT,DT
5668,East_Timor_2002,0,456,28,High,high,NNP,NN
5669,East_Timor_2002,0,456,29,Administrative,administrative,NNP,NN
5670,East_Timor_2002,0,456,31,Tax,tax,NNP,NN
5671,East_Timor_2002,0,456,32,and,and,CC,CC
5672,East_Timor_2002,0,456,33,Audit,audit,NNP,NN
5673,East_Timor_2002,0,456,34,Court,court,NNP,NN
5674,East_Timor_2002,0,456,36,Prosecutor-General,prosecutorgeneral,NNP,NN
5675,East_Timor_2002,0,456,37,and,and,CC,CC
5676,East_Timor_2002,0,456,38,member,member,NN,NN
5677,East_Timor_2002,0,456,39,of,of,IN,IN
5678,East_Timor_2002,0,456,40,Government,government,NNP,NN
5679,East_Timor_2002,0,456,41,are,are,VBP,VB
5680,East_Timor_2002,0,456,42,incompatible,incompatible,JJ,JJ
5681,East_Timor_2002,0,456,43,with,with,IN,IN
5682,East_Timor_2002,0,456,44,one,one,CD,CD
5683,East_Timor_2002,0,456,45,another,another,DT,DT
5684,East_Timor_2002,0,457,0,2,2,CD,CD
5685,East_Timor_2002,0,458,0,The,the,DT,DT
5686,East_Timor_2002,0,458,1,law,law,NN,NN
5687,East_Timor_2002,0,458,2,shall,shall,MD,MD
5688,East_Timor_2002,0,458,3,define,define,VB,VB
5689,East_Timor_2002,0,458,4,other,other,JJ,JJ
5690,East_Timor_2002,0,458,5,incompatibilities,incompatibilities,NNS,NN
5691,East_Timor_2002,0,459,0,Article,article,NN,NN
5692,East_Timor_2002,0,459,1,69,69,CD,CD
5693,East_Timor_2002,0,460,0,Principle,principle,NN,NN
5694,East_Timor_2002,0,460,1,of,of,IN,IN
5695,East_Timor_2002,0,460,2,Separation,separation,NNP,NN
5696,East_Timor_2002,0,460,3,of,of,IN,IN
5697,East_Timor_2002,0,460,4,Powers,powers,NNP,NN
5698,East_Timor_2002,0,460,5,Share,share,NNP,NN
5699,East_Timor_2002,0,460,6,The,the,DT,DT
5700,East_Timor_2002,0,460,7,organs,organs,NNS,NN
5701,East_Timor_2002,0,460,8,of,of,IN,IN
5702,East_Timor_2002,0,460,9,sovereignty,sovereignty,NN,NN
5703,East_Timor_2002,0,460,11,in,in,IN,IN
5704,East_Timor_2002,0,460,12,their,their,PRP$,PR
5705,East_Timor_2002,0,460,13,reciprocal,reciprocal,JJ,JJ
5706,East_Timor_2002,0,460,14,relationship,relationship,NN,NN
5707,East_Timor_2002,0,460,15,and,and,CC,CC
5708,East_Timor_2002,0,460,16,exercise,exercise,NN,NN
5709,East_Timor_2002,0,460,17,of,of,IN,IN
5710,East_Timor_2002,0,460,18,their,their,PRP$,PR
5711,East_Timor_2002,0,460,19,functions,functions,NNS,NN
5712,East_Timor_2002,0,460,21,shall,shall,MD,MD
5713,East_Timor_2002,0,460,22,observe,observe,VB,VB
5714,East_Timor_2002,0,460,23,the,the,DT,DT
5715,East_Timor_2002,0,460,24,principle,principle,NN,NN
5716,East_Timor_2002,0,460,25,of,of,IN,IN
5717,East_Timor_2002,0,460,26,separation,separation,NN,NN
5718,East_Timor_2002,0,460,27,and,and,CC,CC
5719,East_Timor_2002,0,460,28,interdependence,interdependence,NN,NN
5720,East_Timor_2002,0,460,29,of,of,IN,IN
5721,East_Timor_2002,0,460,30,powers,powers,NNS,NN
5722,East_Timor_2002,0,460,31,established,established,VBN,VB
5723,East_Timor_2002,0,460,32,in,in,IN,IN
5724,East_Timor_2002,0,460,33,the,the,DT,DT
5725,East_Timor_2002,0,460,34,Constitution,constitution,NNP,NN
5726,East_Timor_2002,0,461,0,Article,article,NN,NN
5727,East_Timor_2002,0,461,1,70,70,CD,CD
5728,East_Timor_2002,0,462,0,Political,political,JJ,JJ
5729,East_Timor_2002,0,462,1,Parties,parties,NNS,NN
5730,East_Timor_2002,0,462,2,and,and,CC,CC
5731,East_Timor_2002,0,462,3,the,the,DT,DT
5732,East_Timor_2002,0,462,4,Right,right,NNP,NN
5733,East_Timor_2002,0,462,5,of,of,IN,IN
5734,East_Timor_2002,0,462,6,Opposition,opposition,NNP,NN
5735,East_Timor_2002,0,462,7,Share,share,NNP,NN
5736,East_Timor_2002,0,462,8,1,1,CD,CD
5737,East_Timor_2002,0,463,0,Political,political,JJ,JJ
5738,East_Timor_2002,0,463,1,parties,parties,NNS,NN
5739,East_Timor_2002,0,463,2,shall,shall,MD,MD
5740,East_Timor_2002,0,463,3,participate,participate,VB,VB
5741,East_Timor_2002,0,463,4,in,in,IN,IN
5742,East_Timor_2002,0,463,5,organs,organs,NNS,NN
5743,East_Timor_2002,0,463,6,of,of,IN,IN
5744,East_Timor_2002,0,463,7,political,political,JJ,JJ
5745,East_Timor_2002,0,463,8,power,power,NN,NN
5746,East_Timor_2002,0,463,9,in,in,IN,IN
5747,East_Timor_2002,0,463,10,accordance,accordance,NN,NN
5748,East_Timor_2002,0,463,11,with,with,IN,IN
5749,East_Timor_2002,0,463,12,their,their,PRP$,PR
5750,East_Timor_2002,0,463,13,democratic,democratic,JJ,JJ
5751,East_Timor_2002,0,463,14,representation,representation,NN,NN
5752,East_Timor_2002,0,463,15,based,based,VBN,VB
5753,East_Timor_2002,0,463,16,on,on,IN,IN
5754,East_Timor_2002,0,463,17,direct,direct,JJ,JJ
5755,East_Timor_2002,0,463,18,and,and,CC,CC
5756,East_Timor_2002,0,463,19,universal,universal,JJ,JJ
5757,East_Timor_2002,0,463,20,suffrage,suffrage,NN,NN
5758,East_Timor_2002,0,464,0,2,2,CD,CD
5759,East_Timor_2002,0,465,0,The,the,DT,DT
5760,East_Timor_2002,0,465,1,right,right,NN,NN
5761,East_Timor_2002,0,465,2,of,of,IN,IN
5762,East_Timor_2002,0,465,3,political,political,JJ,JJ
5763,East_Timor_2002,0,465,4,parties,parties,NNS,NN
5764,East_Timor_2002,0,465,5,to,to,TO,TO
5765,East_Timor_2002,0,465,6,democratic,democratic,JJ,JJ
5766,East_Timor_2002,0,465,7,opposition,opposition,NN,NN
5767,East_Timor_2002,0,465,9,as,as,RB,RB
5768,East_Timor_2002,0,465,10,well,well,RB,RB
5769,East_Timor_2002,0,465,11,as,as,IN,IN
5770,East_Timor_2002,0,465,12,the,the,DT,DT
5771,East_Timor_2002,0,465,13,right,right,NN,NN
5772,East_Timor_2002,0,465,14,to,to,TO,TO
5773,East_Timor_2002,0,465,15,be,be,VB,VB
5774,East_Timor_2002,0,465,16,informed,informed,VBN,VB
5775,East_Timor_2002,0,465,17,regularly,regularly,RB,RB
5776,East_Timor_2002,0,465,18,and,and,CC,CC
5777,East_Timor_2002,0,465,19,directly,directly,RB,RB
5778,East_Timor_2002,0,465,20,on,on,IN,IN
5779,East_Timor_2002,0,465,21,the,the,DT,DT
5780,East_Timor_2002,0,465,22,progress,progress,NN,NN
5781,East_Timor_2002,0,465,23,of,of,IN,IN
5782,East_Timor_2002,0,465,24,the,the,DT,DT
5783,East_Timor_2002,0,465,25,main,main,JJ,JJ
5784,East_Timor_2002,0,465,26,issues,issues,NNS,NN
5785,East_Timor_2002,0,465,27,of,of,IN,IN
5786,East_Timor_2002,0,465,28,public,public,JJ,JJ
5787,East_Timor_2002,0,465,29,interest,interest,NN,NN
5788,East_Timor_2002,0,465,31,shall,shall,MD,MD
5789,East_Timor_2002,0,465,32,be,be,VB,VB
5790,East_Timor_2002,0,465,33,recognized,recognized,VBN,VB
5791,East_Timor_2002,0,466,0,Article,article,NN,NN
5792,East_Timor_2002,0,466,1,71,71,CD,CD
5793,East_Timor_2002,0,467,0,Administrative,administrative,JJ,JJ
5794,East_Timor_2002,0,467,1,Organization,organization,NNP,NN
5795,East_Timor_2002,0,467,2,Share,share,NNP,NN
5796,East_Timor_2002,0,467,3,1,1,CD,CD
5797,East_Timor_2002,0,468,0,The,the,DT,DT
5798,East_Timor_2002,0,468,1,central,central,JJ,JJ
5799,East_Timor_2002,0,468,2,government,government,NN,NN
5800,East_Timor_2002,0,468,3,shall,shall,MD,MD
5801,East_Timor_2002,0,468,4,be,be,VB,VB
5802,East_Timor_2002,0,468,5,represented,represented,VBN,VB
5803,East_Timor_2002,0,468,6,at,at,IN,IN
5804,East_Timor_2002,0,468,7,the,the,DT,DT
5805,East_Timor_2002,0,468,8,different,different,JJ,JJ
5806,East_Timor_2002,0,468,9,administrative,administrative,JJ,JJ
5807,East_Timor_2002,0,468,10,levels,levels,NNS,NN
5808,East_Timor_2002,0,468,11,of,of,IN,IN
5809,East_Timor_2002,0,468,12,the,the,DT,DT
5810,East_Timor_2002,0,468,13,country,country,NN,NN
5811,East_Timor_2002,0,469,0,2,2,CD,CD
5812,East_Timor_2002,0,470,0,Oetcussi,oetcussi,NNP,NN
5813,East_Timor_2002,0,470,1,Ambeno,ambeno,NNP,NN
5814,East_Timor_2002,0,470,2,is,is,VBZ,VB
5815,East_Timor_2002,0,470,3,governed,governed,VBN,VB
5816,East_Timor_2002,0,470,4,by,by,IN,IN
5817,East_Timor_2002,0,470,5,a,a,DT,DT
5818,East_Timor_2002,0,470,6,special,special,JJ,JJ
5819,East_Timor_2002,0,470,7,administrative,administrative,JJ,JJ
5820,East_Timor_2002,0,470,8,policy,policy,NN,NN
5821,East_Timor_2002,0,470,9,and,and,CC,CC
5822,East_Timor_2002,0,470,10,economic,economic,JJ,JJ
5823,East_Timor_2002,0,470,11,regime,regime,NN,NN
5824,East_Timor_2002,0,471,0,3,3,CD,CD
5825,East_Timor_2002,0,472,0,Ataúra,ataúra,NNP,NN
5826,East_Timor_2002,0,472,1,enjoys,enjoys,VBZ,VB
5827,East_Timor_2002,0,472,2,an,an,DT,DT
5828,East_Timor_2002,0,472,3,appropriate,appropriate,JJ,JJ
5829,East_Timor_2002,0,472,4,economic,economic,JJ,JJ
5830,East_Timor_2002,0,472,5,status,status,NN,NN
5831,East_Timor_2002,0,473,0,4,4,CD,CD
5832,East_Timor_2002,0,474,0,The,the,DT,DT
5833,East_Timor_2002,0,474,1,political,political,JJ,JJ
5834,East_Timor_2002,0,474,2,and,and,CC,CC
5835,East_Timor_2002,0,474,3,administrative,administrative,JJ,JJ
5836,East_Timor_2002,0,474,4,organization,organization,NN,NN
5837,East_Timor_2002,0,474,5,of,of,IN,IN
5838,East_Timor_2002,0,474,6,the,the,DT,DT
5839,East_Timor_2002,0,474,7,territory,territory,NN,NN
5840,East_Timor_2002,0,474,8,of,of,IN,IN
5841,East_Timor_2002,0,474,9,the,the,DT,DT
5842,East_Timor_2002,0,474,10,Democratic,democratic,JJ,JJ
5843,East_Timor_2002,0,474,11,Republic,republic,NNP,NN
5844,East_Timor_2002,0,474,12,of,of,IN,IN
5845,East_Timor_2002,0,474,13,East,east,NNP,NN
5846,East_Timor_2002,0,474,14,Timor,timor,NNP,NN
5847,East_Timor_2002,0,474,15,is,is,VBZ,VB
5848,East_Timor_2002,0,474,16,defined,defined,VBN,VB
5849,East_Timor_2002,0,474,17,by,by,IN,IN
5850,East_Timor_2002,0,474,18,law,law,NN,NN
5851,East_Timor_2002,0,475,0,Article,article,NN,NN
5852,East_Timor_2002,0,475,1,72,72,CD,CD
5853,East_Timor_2002,0,476,0,Local,local,JJ,JJ
5854,East_Timor_2002,0,476,1,Government,government,NNP,NN
5855,East_Timor_2002,0,476,2,Share,share,NNP,NN
5856,East_Timor_2002,0,476,3,1,1,CD,CD
5857,East_Timor_2002,0,477,0,Local,local,JJ,JJ
5858,East_Timor_2002,0,477,1,government,government,NN,NN
5859,East_Timor_2002,0,477,2,is,is,VBZ,VB
5860,East_Timor_2002,0,477,3,constituted,constituted,VBN,VB
5861,East_Timor_2002,0,477,4,by,by,IN,IN
5862,East_Timor_2002,0,477,5,corporate,corporate,JJ,JJ
5863,East_Timor_2002,0,477,6,bodies,bodies,NNS,NN
5864,East_Timor_2002,0,477,7,endowed,endowed,VBN,VB
5865,East_Timor_2002,0,477,8,with,with,IN,IN
5866,East_Timor_2002,0,477,9,representative,representative,JJ,JJ
5867,East_Timor_2002,0,477,10,organs,organs,NNS,NN
5868,East_Timor_2002,0,477,12,with,with,IN,IN
5869,East_Timor_2002,0,477,13,the,the,DT,DT
5870,East_Timor_2002,0,477,14,objective,objective,NN,NN
5871,East_Timor_2002,0,477,15,of,of,IN,IN
5872,East_Timor_2002,0,477,16,organizing,organizing,VBG,VB
5873,East_Timor_2002,0,477,17,the,the,DT,DT
5874,East_Timor_2002,0,477,18,participation,participation,NN,NN
5875,East_Timor_2002,0,477,19,by,by,IN,IN
5876,East_Timor_2002,0,477,20,citizens,citizens,NNS,NN
5877,East_Timor_2002,0,477,21,in,in,IN,IN
5878,East_Timor_2002,0,477,22,solving,solving,VBG,VB
5879,East_Timor_2002,0,477,23,the,the,DT,DT
5880,East_Timor_2002,0,477,24,problems,problems,NNS,NN
5881,East_Timor_2002,0,477,25,of,of,IN,IN
5882,East_Timor_2002,0,477,26,their,their,PRP$,PR
5883,East_Timor_2002,0,477,27,own,own,JJ,JJ
5884,East_Timor_2002,0,477,28,community,community,NN,NN
5885,East_Timor_2002,0,477,29,and,and,CC,CC
5886,East_Timor_2002,0,477,30,promoting,promoting,VBG,VB
5887,East_Timor_2002,0,477,31,local,local,JJ,JJ
5888,East_Timor_2002,0,477,32,development,development,NN,NN
5889,East_Timor_2002,0,477,33,without,without,IN,IN
5890,East_Timor_2002,0,477,34,prejudice,prejudice,NN,NN
5891,East_Timor_2002,0,477,35,to,to,TO,TO
5892,East_Timor_2002,0,477,36,the,the,DT,DT
5893,East_Timor_2002,0,477,37,participation,participation,NN,NN
5894,East_Timor_2002,0,477,38,by,by,IN,IN
5895,East_Timor_2002,0,477,39,the,the,DT,DT
5896,East_Timor_2002,0,477,40,State,state,NNP,NN
5897,East_Timor_2002,0,478,0,2,2,CD,CD
5898,East_Timor_2002,0,479,0,The,the,DT,DT
5899,East_Timor_2002,0,479,1,organization,organization,NN,NN
5900,East_Timor_2002,0,479,3,competence,competence,NN,NN
5901,East_Timor_2002,0,479,5,functioning,functioning,VBG,VB
5902,East_Timor_2002,0,479,6,and,and,CC,CC
5903,East_Timor_2002,0,479,7,composition,composition,NN,NN
5904,East_Timor_2002,0,479,8,of,of,IN,IN
5905,East_Timor_2002,0,479,9,the,the,DT,DT
5906,East_Timor_2002,0,479,10,organs,organs,NNS,NN
5907,East_Timor_2002,0,479,11,of,of,IN,IN
5908,East_Timor_2002,0,479,12,local,local,JJ,JJ
5909,East_Timor_2002,0,479,13,government,government,NN,NN
5910,East_Timor_2002,0,479,14,shall,shall,MD,MD
5911,East_Timor_2002,0,479,15,be,be,VB,VB
5912,East_Timor_2002,0,479,16,defined,defined,VBN,VB
5913,East_Timor_2002,0,479,17,by,by,IN,IN
5914,East_Timor_2002,0,479,18,law,law,NN,NN
5915,East_Timor_2002,0,480,0,Article,article,NN,NN
5916,East_Timor_2002,0,480,1,73,73,CD,CD
5917,East_Timor_2002,0,481,0,Publication,publication,NN,NN
5918,East_Timor_2002,0,481,1,of,of,IN,IN
5919,East_Timor_2002,0,481,2,Acts,acts,NNP,NN
5920,East_Timor_2002,0,481,3,Share,share,NNP,NN
5921,East_Timor_2002,0,481,4,1,1,CD,CD
5922,East_Timor_2002,0,482,0,The,the,DT,DT
5923,East_Timor_2002,0,482,1,normative,normative,JJ,JJ
5924,East_Timor_2002,0,482,2,acts,acts,NNS,NN
5925,East_Timor_2002,0,482,3,shall,shall,MD,MD
5926,East_Timor_2002,0,482,4,be,be,VB,VB
5927,East_Timor_2002,0,482,5,published,published,VBN,VB
5928,East_Timor_2002,0,482,6,by,by,IN,IN
5929,East_Timor_2002,0,482,7,the,the,DT,DT
5930,East_Timor_2002,0,482,8,organs,organs,NNS,NN
5931,East_Timor_2002,0,482,9,of,of,IN,IN
5932,East_Timor_2002,0,482,10,sovereignty,sovereignty,NN,NN
5933,East_Timor_2002,0,482,11,in,in,IN,IN
5934,East_Timor_2002,0,482,12,the,the,DT,DT
5935,East_Timor_2002,0,482,13,official,official,JJ,JJ
5936,East_Timor_2002,0,482,14,gazette,gazette,NN,NN
5937,East_Timor_2002,0,483,0,2,2,CD,CD
5938,East_Timor_2002,0,484,0,Failure,failure,NN,NN
5939,East_Timor_2002,0,484,1,to,to,TO,TO
5940,East_Timor_2002,0,484,2,publish,publish,VB,VB
5941,East_Timor_2002,0,484,3,any,any,DT,DT
5942,East_Timor_2002,0,484,4,of,of,IN,IN
5943,East_Timor_2002,0,484,5,the,the,DT,DT
5944,East_Timor_2002,0,484,6,legislation,legislation,NN,NN
5945,East_Timor_2002,0,484,7,referred,referred,VBD,VB
5946,East_Timor_2002,0,484,8,to,to,TO,TO
5947,East_Timor_2002,0,484,9,in,in,IN,IN
5948,East_Timor_2002,0,484,10,number,number,NN,NN
5949,East_Timor_2002,0,484,11,1,1,CD,CD
5950,East_Timor_2002,0,484,12,above,above,IN,IN
5951,East_Timor_2002,0,484,13,or,or,CC,CC
5952,East_Timor_2002,0,484,14,decisions,decisions,NNS,NN
5953,East_Timor_2002,0,484,15,of,of,IN,IN
5954,East_Timor_2002,0,484,16,a,a,DT,DT
5955,East_Timor_2002,0,484,17,general,general,JJ,JJ
5956,East_Timor_2002,0,484,18,nature,nature,NN,NN
5957,East_Timor_2002,0,484,19,taken,taken,VBN,VB
5958,East_Timor_2002,0,484,20,by,by,IN,IN
5959,East_Timor_2002,0,484,21,the,the,DT,DT
5960,East_Timor_2002,0,484,22,organs,organs,NNS,NN
5961,East_Timor_2002,0,484,23,of,of,IN,IN
5962,East_Timor_2002,0,484,24,sovereignty,sovereignty,NN,NN
5963,East_Timor_2002,0,484,25,or,or,CC,CC
5964,East_Timor_2002,0,484,26,local,local,JJ,JJ
5965,East_Timor_2002,0,484,27,government,government,NN,NN
5966,East_Timor_2002,0,484,28,render,render,VB,VB
5967,East_Timor_2002,0,484,29,them,them,PRP,PR
5968,East_Timor_2002,0,484,30,null,null,JJ,JJ
5969,East_Timor_2002,0,484,31,and,and,CC,CC
5970,East_Timor_2002,0,484,32,void,void,NN,NN
5971,East_Timor_2002,0,485,0,3,3,CD,CD
5972,East_Timor_2002,0,486,0,The,the,DT,DT
5973,East_Timor_2002,0,486,1,form,form,NN,NN
5974,East_Timor_2002,0,486,2,of,of,IN,IN
5975,East_Timor_2002,0,486,3,publication,publication,NN,NN
5976,East_Timor_2002,0,486,4,of,of,IN,IN
5977,East_Timor_2002,0,486,5,other,other,JJ,JJ
5978,East_Timor_2002,0,486,6,acts,acts,NNS,NN
5979,East_Timor_2002,0,486,7,and,and,CC,CC
5980,East_Timor_2002,0,486,8,decisions,decisions,NNS,NN
5981,East_Timor_2002,0,486,10,and,and,CC,CC
5982,East_Timor_2002,0,486,11,the,the,DT,DT
5983,East_Timor_2002,0,486,12,consequences,consequences,NNS,NN
5984,East_Timor_2002,0,486,13,of,of,IN,IN
5985,East_Timor_2002,0,486,14,the,the,DT,DT
5986,East_Timor_2002,0,486,15,failure,failure,NN,NN
5987,East_Timor_2002,0,486,16,to,to,TO,TO
5988,East_Timor_2002,0,486,17,do,do,VB,VB
5989,East_Timor_2002,0,486,18,so,so,RB,RB
5990,East_Timor_2002,0,486,20,shall,shall,MD,MD
5991,East_Timor_2002,0,486,21,be,be,VB,VB
5992,East_Timor_2002,0,486,22,determined,determined,VBN,VB
5993,East_Timor_2002,0,486,23,by,by,IN,IN
5994,East_Timor_2002,0,486,24,law,law,NN,NN
5995,East_Timor_2002,0,487,0,TITLE,title,NNP,NN
5996,East_Timor_2002,0,487,1,II,ii,NNP,NN
5997,East_Timor_2002,0,488,0,PRESIDENT,president,NNP,NN
5998,East_Timor_2002,0,488,1,OF,of,NNP,NN
5999,East_Timor_2002,0,488,2,THE,the,NNP,NN
6000,East_Timor_2002,0,488,3,REPUBLIC,republic,NNP,NN
6001,East_Timor_2002,0,488,4,Chapter,chapter,NNP,NN
6002,East_Timor_2002,0,488,5,One,one,NNP,NN
6003,East_Timor_2002,0,489,0,STATUS,status,NNP,NN
6004,East_Timor_2002,0,489,2,ELECTION,election,NNP,NN
6005,East_Timor_2002,0,489,3,AND,and,NNP,NN
6006,East_Timor_2002,0,489,4,APPOINTMENT,appointment,NNP,NN
6007,East_Timor_2002,0,489,5,Article,article,NNP,NN
6008,East_Timor_2002,0,489,6,74,74,CD,CD
6009,East_Timor_2002,0,490,0,Definition,definition,NNP,NN
6010,East_Timor_2002,0,490,1,Share,share,NNP,NN
6011,East_Timor_2002,0,490,2,1,1,CD,CD
6012,East_Timor_2002,0,491,0,The,the,DT,DT
6013,East_Timor_2002,0,491,1,President,president,NNP,NN
6014,East_Timor_2002,0,491,2,of,of,IN,IN
6015,East_Timor_2002,0,491,3,the,the,DT,DT
6016,East_Timor_2002,0,491,4,Republic,republic,NNP,NN
6017,East_Timor_2002,0,491,5,is,is,VBZ,VB
6018,East_Timor_2002,0,491,6,the,the,DT,DT
6019,East_Timor_2002,0,491,7,Head,head,NNP,NN
6020,East_Timor_2002,0,491,8,of,of,IN,IN
6021,East_Timor_2002,0,491,9,State,state,NNP,NN
6022,East_Timor_2002,0,491,10,and,and,CC,CC
6023,East_Timor_2002,0,491,11,the,the,DT,DT
6024,East_Timor_2002,0,491,12,symbol,symbol,NN,NN
6025,East_Timor_2002,0,491,13,and,and,CC,CC
6026,East_Timor_2002,0,491,14,guarantor,guarantor,NN,NN
6027,East_Timor_2002,0,491,15,of,of,IN,IN
6028,East_Timor_2002,0,491,16,national,national,JJ,JJ
6029,East_Timor_2002,0,491,17,independence,independence,NN,NN
6030,East_Timor_2002,0,491,18,and,and,CC,CC
6031,East_Timor_2002,0,491,19,unity,unity,NN,NN
6032,East_Timor_2002,0,491,20,of,of,IN,IN
6033,East_Timor_2002,0,491,21,the,the,DT,DT
6034,East_Timor_2002,0,491,22,State,state,NNP,NN
6035,East_Timor_2002,0,491,23,and,and,CC,CC
6036,East_Timor_2002,0,491,24,of,of,IN,IN
6037,East_Timor_2002,0,491,25,the,the,DT,DT
6038,East_Timor_2002,0,491,26,regular,regular,JJ,JJ
6039,East_Timor_2002,0,491,27,functioning,functioning,NN,NN
6040,East_Timor_2002,0,491,28,of,of,IN,IN
6041,East_Timor_2002,0,491,29,democratic,democratic,JJ,JJ
6042,East_Timor_2002,0,491,30,institutions,institutions,NNS,NN
6043,East_Timor_2002,0,492,0,2,2,CD,CD
6044,East_Timor_2002,0,493,0,The,the,DT,DT
6045,East_Timor_2002,0,493,1,President,president,NNP,NN
6046,East_Timor_2002,0,493,2,of,of,IN,IN
6047,East_Timor_2002,0,493,3,the,the,DT,DT
6048,East_Timor_2002,0,493,4,Republic,republic,NNP,NN
6049,East_Timor_2002,0,493,5,is,is,VBZ,VB
6050,East_Timor_2002,0,493,6,the,the,DT,DT
6051,East_Timor_2002,0,493,7,Supreme,supreme,NNP,NN
6052,East_Timor_2002,0,493,8,Commander,commander,NNP,NN
6053,East_Timor_2002,0,493,9,of,of,IN,IN
6054,East_Timor_2002,0,493,10,the,the,DT,DT
6055,East_Timor_2002,0,493,11,Armed,armed,NNP,NN
6056,East_Timor_2002,0,493,12,Forces,forces,NNS,NN
6057,East_Timor_2002,0,494,0,Article,article,NN,NN
6058,East_Timor_2002,0,494,1,75,75,CD,CD
6059,East_Timor_2002,0,495,0,Eligibility,eligibility,NNP,NN
6060,East_Timor_2002,0,495,1,Share,share,NNP,NN
6061,East_Timor_2002,0,495,2,1,1,CD,CD
6062,East_Timor_2002,0,496,0,To,to,TO,TO
6063,East_Timor_2002,0,496,1,qualify,qualify,VB,VB
6064,East_Timor_2002,0,496,2,as,as,IN,IN
6065,East_Timor_2002,0,496,3,presidential,presidential,JJ,JJ
6066,East_Timor_2002,0,496,4,candidates,candidates,NNS,NN
6067,East_Timor_2002,0,496,6,East,east,NNP,NN
6068,East_Timor_2002,0,496,7,Timorese,timorese,NNP,NN
6069,East_Timor_2002,0,496,8,citizens,citizens,NNS,NN
6070,East_Timor_2002,0,496,9,must,must,MD,MD
6071,East_Timor_2002,0,496,10,meet,meet,VB,VB
6072,East_Timor_2002,0,496,11,cumulatively,cumulatively,RB,RB
6073,East_Timor_2002,0,496,12,the,the,DT,DT
6074,East_Timor_2002,0,496,13,following,following,JJ,JJ
6075,East_Timor_2002,0,496,14,requirements,requirements,NNS,NN
6076,East_Timor_2002,0,496,16,a.original,aoriginal,JJ,JJ
6077,East_Timor_2002,0,496,17,citizenship,citizenship,NN,NN
6078,East_Timor_2002,0,496,19,b.at,bat,CC,CC
6079,East_Timor_2002,0,496,20,least,least,JJS,JJ
6080,East_Timor_2002,0,496,21,35,35,CD,CD
6081,East_Timor_2002,0,496,23,thirty-five,thirtyfive,JJ,JJ
6082,East_Timor_2002,0,496,25,years,years,NNS,NN
6083,East_Timor_2002,0,496,26,of,of,IN,IN
6084,East_Timor_2002,0,496,27,age,age,NN,NN
6085,East_Timor_2002,0,496,29,c.to,cto,NN,NN
6086,East_Timor_2002,0,496,30,be,be,VB,VB
6087,East_Timor_2002,0,496,31,in,in,IN,IN
6088,East_Timor_2002,0,496,32,possession,possession,NN,NN
6089,East_Timor_2002,0,496,33,of,of,IN,IN
6090,East_Timor_2002,0,496,34,his,his,PRP$,PR
6091,East_Timor_2002,0,496,35,or,or,CC,CC
6092,East_Timor_2002,0,496,36,her,her,PRP$,PR
6093,East_Timor_2002,0,496,37,full,full,JJ,JJ
6094,East_Timor_2002,0,496,38,faculties,faculties,NNS,NN
6095,East_Timor_2002,0,496,40,d.to,dto,RB,RB
6096,East_Timor_2002,0,496,41,be,be,VB,VB
6097,East_Timor_2002,0,496,42,proposed,proposed,VBN,VB
6098,East_Timor_2002,0,496,43,by,by,IN,IN
6099,East_Timor_2002,0,496,44,a,a,DT,DT
6100,East_Timor_2002,0,496,45,minimum,minimum,NN,NN
6101,East_Timor_2002,0,496,46,of,of,IN,IN
6102,East_Timor_2002,0,496,47,five,five,CD,CD
6103,East_Timor_2002,0,496,48,thousand,thousand,NN,NN
6104,East_Timor_2002,0,496,49,voters,voters,NNS,NN
6105,East_Timor_2002,0,497,0,2,2,CD,CD
6106,East_Timor_2002,0,498,0,The,the,DT,DT
6107,East_Timor_2002,0,498,1,President,president,NNP,NN
6108,East_Timor_2002,0,498,2,of,of,IN,IN
6109,East_Timor_2002,0,498,3,the,the,DT,DT
6110,East_Timor_2002,0,498,4,Republic,republic,NNP,NN
6111,East_Timor_2002,0,498,5,has,has,VBZ,VB
6112,East_Timor_2002,0,498,6,a,a,DT,DT
6113,East_Timor_2002,0,498,7,term,term,NN,NN
6114,East_Timor_2002,0,498,8,of,of,IN,IN
6115,East_Timor_2002,0,498,9,office,office,NN,NN
6116,East_Timor_2002,0,498,10,of,of,IN,IN
6117,East_Timor_2002,0,498,11,five,five,CD,CD
6118,East_Timor_2002,0,498,12,years,years,NNS,NN
6119,East_Timor_2002,0,498,13,and,and,CC,CC
6120,East_Timor_2002,0,498,14,shall,shall,MD,MD
6121,East_Timor_2002,0,498,15,cease,cease,VB,VB
6122,East_Timor_2002,0,498,16,functioning,functioning,VBG,VB
6123,East_Timor_2002,0,498,17,with,with,IN,IN
6124,East_Timor_2002,0,498,18,the,the,DT,DT
6125,East_Timor_2002,0,498,19,swearing-in,swearingin,NN,NN
6126,East_Timor_2002,0,498,20,of,of,IN,IN
6127,East_Timor_2002,0,498,21,the,the,DT,DT
6128,East_Timor_2002,0,498,22,new,new,JJ,JJ
6129,East_Timor_2002,0,498,23,President-elect,presidentelect,NNP,NN
6130,East_Timor_2002,0,499,0,3,3,CD,CD
6131,East_Timor_2002,0,500,0,The,the,DT,DT
6132,East_Timor_2002,0,500,1,President,president,NNP,NN
6133,East_Timor_2002,0,500,2,of,of,IN,IN
6134,East_Timor_2002,0,500,3,the,the,DT,DT
6135,East_Timor_2002,0,500,4,Republic,republic,NNP,NN
6136,East_Timor_2002,0,500,5,'s,s,POS,PO
6137,East_Timor_2002,0,500,6,term,term,NN,NN
6138,East_Timor_2002,0,500,7,of,of,IN,IN
6139,East_Timor_2002,0,500,8,office,office,NN,NN
6140,East_Timor_2002,0,500,9,may,may,MD,MD
6141,East_Timor_2002,0,500,10,be,be,VB,VB
6142,East_Timor_2002,0,500,11,renewed,renewed,VBN,VB
6143,East_Timor_2002,0,500,12,only,only,RB,RB
6144,East_Timor_2002,0,500,13,once,once,RB,RB
6145,East_Timor_2002,0,501,0,Article,article,NN,NN
6146,East_Timor_2002,0,501,1,76,76,CD,CD
6147,East_Timor_2002,0,502,0,Election,election,NNP,NN
6148,East_Timor_2002,0,502,1,Share,share,NNP,NN
6149,East_Timor_2002,0,502,2,1,1,CD,CD
6150,East_Timor_2002,0,503,0,The,the,DT,DT
6151,East_Timor_2002,0,503,1,President,president,NNP,NN
6152,East_Timor_2002,0,503,2,of,of,IN,IN
6153,East_Timor_2002,0,503,3,the,the,DT,DT
6154,East_Timor_2002,0,503,4,Republic,republic,NNP,NN
6155,East_Timor_2002,0,503,5,is,is,VBZ,VB
6156,East_Timor_2002,0,503,6,elected,elected,VBN,VB
6157,East_Timor_2002,0,503,7,by,by,IN,IN
6158,East_Timor_2002,0,503,8,universal,universal,JJ,JJ
6159,East_Timor_2002,0,503,10,free,free,JJ,JJ
6160,East_Timor_2002,0,503,12,direct,direct,JJ,JJ
6161,East_Timor_2002,0,503,14,secret,secret,JJ,JJ
6162,East_Timor_2002,0,503,15,and,and,CC,CC
6163,East_Timor_2002,0,503,16,personal,personal,JJ,JJ
6164,East_Timor_2002,0,503,17,suffrage,suffrage,NN,NN
6165,East_Timor_2002,0,504,0,2,2,CD,CD
6166,East_Timor_2002,0,505,0,The,the,DT,DT
6167,East_Timor_2002,0,505,1,election,election,NN,NN
6168,East_Timor_2002,0,505,2,of,of,IN,IN
6169,East_Timor_2002,0,505,3,the,the,DT,DT
6170,East_Timor_2002,0,505,4,President,president,NNP,NN
6171,East_Timor_2002,0,505,5,of,of,IN,IN
6172,East_Timor_2002,0,505,6,the,the,DT,DT
6173,East_Timor_2002,0,505,7,Republic,republic,NNP,NN
6174,East_Timor_2002,0,505,8,shall,shall,MD,MD
6175,East_Timor_2002,0,505,9,be,be,VB,VB
6176,East_Timor_2002,0,505,10,conducted,conducted,VBN,VB
6177,East_Timor_2002,0,505,11,through,through,IN,IN
6178,East_Timor_2002,0,505,12,the,the,DT,DT
6179,East_Timor_2002,0,505,13,system,system,NN,NN
6180,East_Timor_2002,0,505,14,based,based,VBN,VB
6181,East_Timor_2002,0,505,15,on,on,IN,IN
6182,East_Timor_2002,0,505,16,the,the,DT,DT
6183,East_Timor_2002,0,505,17,majority,majority,NN,NN
6184,East_Timor_2002,0,505,18,of,of,IN,IN
6185,East_Timor_2002,0,505,19,validly,validly,RB,RB
6186,East_Timor_2002,0,505,20,expressed,expressed,VBN,VB
6187,East_Timor_2002,0,505,21,votes,votes,NNS,NN
6188,East_Timor_2002,0,505,23,excluding,excluding,VBG,VB
6189,East_Timor_2002,0,505,24,blank,blank,JJ,JJ
6190,East_Timor_2002,0,505,25,votes,votes,NNS,NN
6191,East_Timor_2002,0,506,0,3,3,CD,CD
6192,East_Timor_2002,0,507,0,If,if,IN,IN
6193,East_Timor_2002,0,507,1,no,no,DT,DT
6194,East_Timor_2002,0,507,2,candidate,candidate,NN,NN
6195,East_Timor_2002,0,507,3,obtains,obtains,VBZ,VB
6196,East_Timor_2002,0,507,4,more,more,JJR,JJ
6197,East_Timor_2002,0,507,5,than,than,IN,IN
6198,East_Timor_2002,0,507,6,half,half,NN,NN
6199,East_Timor_2002,0,507,7,of,of,IN,IN
6200,East_Timor_2002,0,507,8,the,the,DT,DT
6201,East_Timor_2002,0,507,9,votes,votes,NNS,NN
6202,East_Timor_2002,0,507,11,a,a,DT,DT
6203,East_Timor_2002,0,507,12,second,second,JJ,JJ
6204,East_Timor_2002,0,507,13,round,round,NN,NN
6205,East_Timor_2002,0,507,14,shall,shall,MD,MD
6206,East_Timor_2002,0,507,15,take,take,VB,VB
6207,East_Timor_2002,0,507,16,place,place,NN,NN
6208,East_Timor_2002,0,507,17,on,on,IN,IN
6209,East_Timor_2002,0,507,18,the,the,DT,DT
6210,East_Timor_2002,0,507,19,thirtieth,thirtieth,JJ,JJ
6211,East_Timor_2002,0,507,20,day,day,NN,NN
6212,East_Timor_2002,0,507,21,following,following,VBG,VB
6213,East_Timor_2002,0,507,22,the,the,DT,DT
6214,East_Timor_2002,0,507,23,first,first,JJ,JJ
6215,East_Timor_2002,0,507,24,voting,voting,NN,NN
6216,East_Timor_2002,0,508,0,4,4,CD,CD
6217,East_Timor_2002,0,509,0,Only,only,RB,RB
6218,East_Timor_2002,0,509,1,the,the,DT,DT
6219,East_Timor_2002,0,509,2,two,two,CD,CD
6220,East_Timor_2002,0,509,3,candidates,candidates,NNS,NN
6221,East_Timor_2002,0,509,4,obtaining,obtaining,VBG,VB
6222,East_Timor_2002,0,509,5,the,the,DT,DT
6223,East_Timor_2002,0,509,6,highest,highest,JJS,JJ
6224,East_Timor_2002,0,509,7,number,number,NN,NN
6225,East_Timor_2002,0,509,8,of,of,IN,IN
6226,East_Timor_2002,0,509,9,votes,votes,NNS,NN
6227,East_Timor_2002,0,509,10,shall,shall,MD,MD
6228,East_Timor_2002,0,509,11,be,be,VB,VB
6229,East_Timor_2002,0,509,12,eligible,eligible,JJ,JJ
6230,East_Timor_2002,0,509,13,to,to,TO,TO
6231,East_Timor_2002,0,509,14,stand,stand,VB,VB
6232,East_Timor_2002,0,509,15,in,in,IN,IN
6233,East_Timor_2002,0,509,16,a,a,DT,DT
6234,East_Timor_2002,0,509,17,run-off,runoff,JJ,JJ
6235,East_Timor_2002,0,509,18,election,election,NN,NN
6236,East_Timor_2002,0,509,20,provided,provided,VBN,VB
6237,East_Timor_2002,0,509,21,they,they,PRP,PR
6238,East_Timor_2002,0,509,22,have,have,VBP,VB
6239,East_Timor_2002,0,509,23,not,not,RB,RB
6240,East_Timor_2002,0,509,24,withdrawn,withdrawn,VBN,VB
6241,East_Timor_2002,0,509,25,their,their,PRP$,PR
6242,East_Timor_2002,0,509,26,candidacies,candidacies,NNS,NN
6243,East_Timor_2002,0,510,0,Article,article,NN,NN
6244,East_Timor_2002,0,510,1,77,77,CD,CD
6245,East_Timor_2002,0,511,0,Inauguration,inauguration,NN,NN
6246,East_Timor_2002,0,511,1,and,and,CC,CC
6247,East_Timor_2002,0,511,2,Swearing-In,swearingin,NNP,NN
6248,East_Timor_2002,0,511,3,Share,share,NNP,NN
6249,East_Timor_2002,0,511,4,1,1,CD,CD
6250,East_Timor_2002,0,512,0,The,the,DT,DT
6251,East_Timor_2002,0,512,1,President,president,NNP,NN
6252,East_Timor_2002,0,512,2,of,of,IN,IN
6253,East_Timor_2002,0,512,3,the,the,DT,DT
6254,East_Timor_2002,0,512,4,Republic,republic,NNP,NN
6255,East_Timor_2002,0,512,5,shall,shall,MD,MD
6256,East_Timor_2002,0,512,6,be,be,VB,VB
6257,East_Timor_2002,0,512,7,sworn,sworn,VBN,VB
6258,East_Timor_2002,0,512,8,in,in,IN,IN
6259,East_Timor_2002,0,512,9,by,by,IN,IN
6260,East_Timor_2002,0,512,10,the,the,DT,DT
6261,East_Timor_2002,0,512,11,Speaker,speaker,NNP,NN
6262,East_Timor_2002,0,512,12,of,of,IN,IN
6263,East_Timor_2002,0,512,13,the,the,DT,DT
6264,East_Timor_2002,0,512,14,National,national,NNP,NN
6265,East_Timor_2002,0,512,15,Parliament,parliament,NNP,NN
6266,East_Timor_2002,0,512,16,and,and,CC,CC
6267,East_Timor_2002,0,512,17,shall,shall,MD,MD
6268,East_Timor_2002,0,512,18,be,be,VB,VB
6269,East_Timor_2002,0,512,19,inaugurated,inaugurated,VBN,VB
6270,East_Timor_2002,0,512,20,in,in,IN,IN
6271,East_Timor_2002,0,512,21,public,public,JJ,JJ
6272,East_Timor_2002,0,512,22,ceremony,ceremony,NN,NN
6273,East_Timor_2002,0,512,23,before,before,IN,IN
6274,East_Timor_2002,0,512,24,the,the,DT,DT
6275,East_Timor_2002,0,512,25,members,members,NNS,NN
6276,East_Timor_2002,0,512,26,of,of,IN,IN
6277,East_Timor_2002,0,512,27,the,the,DT,DT
6278,East_Timor_2002,0,512,28,National,national,NNP,NN
6279,East_Timor_2002,0,512,29,Parliament,parliament,NNP,NN
6280,East_Timor_2002,0,512,30,and,and,CC,CC
6281,East_Timor_2002,0,512,31,the,the,DT,DT
6282,East_Timor_2002,0,512,32,representatives,representatives,NNS,NN
6283,East_Timor_2002,0,512,33,of,of,IN,IN
6284,East_Timor_2002,0,512,34,the,the,DT,DT
6285,East_Timor_2002,0,512,35,other,other,JJ,JJ
6286,East_Timor_2002,0,512,36,organs,organs,NNS,NN
6287,East_Timor_2002,0,512,37,of,of,IN,IN
6288,East_Timor_2002,0,512,38,sovereignty,sovereignty,NN,NN
6289,East_Timor_2002,0,513,0,2,2,CD,CD
6290,East_Timor_2002,0,514,0,The,the,DT,DT
6291,East_Timor_2002,0,514,1,inauguration,inauguration,NN,NN
6292,East_Timor_2002,0,514,2,shall,shall,MD,MD
6293,East_Timor_2002,0,514,3,take,take,VB,VB
6294,East_Timor_2002,0,514,4,place,place,NN,NN
6295,East_Timor_2002,0,514,5,on,on,IN,IN
6296,East_Timor_2002,0,514,6,the,the,DT,DT
6297,East_Timor_2002,0,514,7,last,last,JJ,JJ
6298,East_Timor_2002,0,514,8,day,day,NN,NN
6299,East_Timor_2002,0,514,9,of,of,IN,IN
6300,East_Timor_2002,0,514,10,the,the,DT,DT
6301,East_Timor_2002,0,514,11,term,term,NN,NN
6302,East_Timor_2002,0,514,12,of,of,IN,IN
6303,East_Timor_2002,0,514,13,office,office,NN,NN
6304,East_Timor_2002,0,514,14,of,of,IN,IN
6305,East_Timor_2002,0,514,15,the,the,DT,DT
6306,East_Timor_2002,0,514,16,outgoing,outgoing,VBG,VB
6307,East_Timor_2002,0,514,17,President,president,NNP,NN
6308,East_Timor_2002,0,514,18,or,or,CC,CC
6309,East_Timor_2002,0,514,20,in,in,IN,IN
6310,East_Timor_2002,0,514,21,case,case,NN,NN
6311,East_Timor_2002,0,514,22,of,of,IN,IN
6312,East_Timor_2002,0,514,23,election,election,NN,NN
6313,East_Timor_2002,0,514,24,due,due,JJ,JJ
6314,East_Timor_2002,0,514,25,to,to,TO,TO
6315,East_Timor_2002,0,514,26,a,a,DT,DT
6316,East_Timor_2002,0,514,27,vacancy,vacancy,NN,NN
6317,East_Timor_2002,0,514,29,on,on,IN,IN
6318,East_Timor_2002,0,514,30,the,the,DT,DT
6319,East_Timor_2002,0,514,31,eighth,eighth,JJ,JJ
6320,East_Timor_2002,0,514,32,day,day,NN,NN
6321,East_Timor_2002,0,514,33,following,following,VBG,VB
6322,East_Timor_2002,0,514,34,the,the,DT,DT
6323,East_Timor_2002,0,514,35,publication,publication,NN,NN
6324,East_Timor_2002,0,514,36,of,of,IN,IN
6325,East_Timor_2002,0,514,37,the,the,DT,DT
6326,East_Timor_2002,0,514,38,electoral,electoral,JJ,JJ
6327,East_Timor_2002,0,514,39,results,results,NNS,NN
6328,East_Timor_2002,0,515,0,3,3,CD,CD
6329,East_Timor_2002,0,516,0,At,at,IN,IN
6330,East_Timor_2002,0,516,1,the,the,DT,DT
6331,East_Timor_2002,0,516,2,swearing-in,swearingin,JJ,JJ
6332,East_Timor_2002,0,516,3,ceremony,ceremony,NN,NN
6333,East_Timor_2002,0,516,5,the,the,DT,DT
6334,East_Timor_2002,0,516,6,President,president,NNP,NN
6335,East_Timor_2002,0,516,7,of,of,IN,IN
6336,East_Timor_2002,0,516,8,the,the,DT,DT
6337,East_Timor_2002,0,516,9,Republic,republic,NNP,NN
6338,East_Timor_2002,0,516,10,shall,shall,MD,MD
6339,East_Timor_2002,0,516,11,take,take,VB,VB
6340,East_Timor_2002,0,516,12,the,the,DT,DT
6341,East_Timor_2002,0,516,13,following,following,JJ,JJ
6342,East_Timor_2002,0,516,14,oath,oath,NN,NN
6343,East_Timor_2002,0,516,16,I,i,PRP,PR
6344,East_Timor_2002,0,516,17,swear,swear,VBP,VB
6345,East_Timor_2002,0,516,18,to,to,TO,TO
6346,East_Timor_2002,0,516,19,God,god,NNP,NN
6347,East_Timor_2002,0,516,21,to,to,TO,TO
6348,East_Timor_2002,0,516,22,the,the,DT,DT
6349,East_Timor_2002,0,516,23,people,people,NNS,NN
6350,East_Timor_2002,0,516,24,and,and,CC,CC
6351,East_Timor_2002,0,516,25,on,on,IN,IN
6352,East_Timor_2002,0,516,26,my,my,PRP$,PR
6353,East_Timor_2002,0,516,27,honor,honor,NN,NN
6354,East_Timor_2002,0,516,28,that,that,IN,IN
6355,East_Timor_2002,0,516,29,I,i,PRP,PR
6356,East_Timor_2002,0,516,30,will,will,MD,MD
6357,East_Timor_2002,0,516,31,fulfill,fulfill,VB,VB
6358,East_Timor_2002,0,516,32,with,with,IN,IN
6359,East_Timor_2002,0,516,33,loyalty,loyalty,NN,NN
6360,East_Timor_2002,0,516,34,the,the,DT,DT
6361,East_Timor_2002,0,516,35,functions,functions,NNS,NN
6362,East_Timor_2002,0,516,36,that,that,WDT,WD
6363,East_Timor_2002,0,516,37,have,have,VBP,VB
6364,East_Timor_2002,0,516,38,been,been,VBN,VB
6365,East_Timor_2002,0,516,39,invested,invested,VBN,VB
6366,East_Timor_2002,0,516,40,in,in,IN,IN
6367,East_Timor_2002,0,516,41,me,me,PRP,PR
6368,East_Timor_2002,0,516,43,will,will,MD,MD
6369,East_Timor_2002,0,516,44,abide,abide,VB,VB
6370,East_Timor_2002,0,516,45,by,by,IN,IN
6371,East_Timor_2002,0,516,46,and,and,CC,CC
6372,East_Timor_2002,0,516,47,enforce,enforce,VB,VB
6373,East_Timor_2002,0,516,48,the,the,DT,DT
6374,East_Timor_2002,0,516,49,Constitution,constitution,NNP,NN
6375,East_Timor_2002,0,516,50,and,and,CC,CC
6376,East_Timor_2002,0,516,51,the,the,DT,DT
6377,East_Timor_2002,0,516,52,laws,laws,NNS,NN
6378,East_Timor_2002,0,516,53,and,and,CC,CC
6379,East_Timor_2002,0,516,54,will,will,MD,MD
6380,East_Timor_2002,0,516,55,dedicate,dedicate,VB,VB
6381,East_Timor_2002,0,516,56,all,all,DT,DT
6382,East_Timor_2002,0,516,57,my,my,PRP$,PR
6383,East_Timor_2002,0,516,58,energies,energies,NNS,NN
6384,East_Timor_2002,0,516,59,and,and,CC,CC
6385,East_Timor_2002,0,516,60,capacities,capacities,NNS,NN
6386,East_Timor_2002,0,516,61,to,to,TO,TO
6387,East_Timor_2002,0,516,62,the,the,DT,DT
6388,East_Timor_2002,0,516,63,defense,defense,NN,NN
6389,East_Timor_2002,0,516,64,and,and,CC,CC
6390,East_Timor_2002,0,516,65,consolidation,consolidation,NN,NN
6391,East_Timor_2002,0,516,66,of,of,IN,IN
6392,East_Timor_2002,0,516,67,independence,independence,NN,NN
6393,East_Timor_2002,0,516,68,and,and,CC,CC
6394,East_Timor_2002,0,516,69,national,national,JJ,JJ
6395,East_Timor_2002,0,516,70,unity,unity,NN,NN
6396,East_Timor_2002,0,517,0,Article,article,NN,NN
6397,East_Timor_2002,0,517,1,78,78,CD,CD
6398,East_Timor_2002,0,518,0,Incompatibilities,incompatibilities,NNS,NN
6399,East_Timor_2002,0,518,1,Share,share,VBP,VB
6400,East_Timor_2002,0,518,2,The,the,DT,DT
6401,East_Timor_2002,0,518,3,President,president,NNP,NN
6402,East_Timor_2002,0,518,4,of,of,IN,IN
6403,East_Timor_2002,0,518,5,the,the,DT,DT
6404,East_Timor_2002,0,518,6,Republic,republic,NNP,NN
6405,East_Timor_2002,0,518,7,can,can,MD,MD
6406,East_Timor_2002,0,518,8,not,not,RB,RB
6407,East_Timor_2002,0,518,9,hold,hold,VB,VB
6408,East_Timor_2002,0,518,10,any,any,DT,DT
6409,East_Timor_2002,0,518,11,other,other,JJ,JJ
6410,East_Timor_2002,0,518,12,political,political,JJ,JJ
6411,East_Timor_2002,0,518,13,position,position,NN,NN
6412,East_Timor_2002,0,518,14,or,or,CC,CC
6413,East_Timor_2002,0,518,15,public,public,JJ,JJ
6414,East_Timor_2002,0,518,16,office,office,NN,NN
6415,East_Timor_2002,0,518,17,at,at,IN,IN
6416,East_Timor_2002,0,518,18,the,the,DT,DT
6417,East_Timor_2002,0,518,19,national,national,JJ,JJ
6418,East_Timor_2002,0,518,20,level,level,NN,NN
6419,East_Timor_2002,0,518,22,and,and,CC,CC
6420,East_Timor_2002,0,518,23,under,under,IN,IN
6421,East_Timor_2002,0,518,24,no,no,DT,DT
6422,East_Timor_2002,0,518,25,circumstances,circumstances,NNS,NN
6423,East_Timor_2002,0,518,26,undertake,undertake,VBP,VB
6424,East_Timor_2002,0,518,27,private,private,JJ,JJ
6425,East_Timor_2002,0,518,28,assignments,assignments,NNS,NN
6426,East_Timor_2002,0,519,0,Article,article,NN,NN
6427,East_Timor_2002,0,519,1,79,79,CD,CD
6428,East_Timor_2002,0,520,0,Criminal,criminal,JJ,JJ
6429,East_Timor_2002,0,520,1,Responsibility,responsibility,NNP,NN
6430,East_Timor_2002,0,520,2,and,and,CC,CC
6431,East_Timor_2002,0,520,3,Constitutional,constitutional,NNP,NN
6432,East_Timor_2002,0,520,4,Obligations,obligations,NNP,NN
6433,East_Timor_2002,0,520,5,Share,share,NNP,NN
6434,East_Timor_2002,0,520,6,1,1,CD,CD
6435,East_Timor_2002,0,521,0,The,the,DT,DT
6436,East_Timor_2002,0,521,1,President,president,NNP,NN
6437,East_Timor_2002,0,521,2,of,of,IN,IN
6438,East_Timor_2002,0,521,3,the,the,DT,DT
6439,East_Timor_2002,0,521,4,Republic,republic,NNP,NN
6440,East_Timor_2002,0,521,5,enjoys,enjoys,VBZ,VB
6441,East_Timor_2002,0,521,6,immunity,immunity,NN,NN
6442,East_Timor_2002,0,521,7,in,in,IN,IN
6443,East_Timor_2002,0,521,8,the,the,DT,DT
6444,East_Timor_2002,0,521,9,exercise,exercise,NN,NN
6445,East_Timor_2002,0,521,10,of,of,IN,IN
6446,East_Timor_2002,0,521,11,his,his,PRP$,PR
6447,East_Timor_2002,0,521,12,or,or,CC,CC
6448,East_Timor_2002,0,521,13,her,her,PRP$,PR
6449,East_Timor_2002,0,521,14,functions,functions,NNS,NN
6450,East_Timor_2002,0,522,0,2,2,CD,CD
6451,East_Timor_2002,0,523,0,The,the,DT,DT
6452,East_Timor_2002,0,523,1,President,president,NNP,NN
6453,East_Timor_2002,0,523,2,of,of,IN,IN
6454,East_Timor_2002,0,523,3,the,the,DT,DT
6455,East_Timor_2002,0,523,4,Republic,republic,NNP,NN
6456,East_Timor_2002,0,523,5,is,is,VBZ,VB
6457,East_Timor_2002,0,523,6,responsible,responsible,JJ,JJ
6458,East_Timor_2002,0,523,7,before,before,IN,IN
6459,East_Timor_2002,0,523,8,the,the,DT,DT
6460,East_Timor_2002,0,523,9,Supreme,supreme,NNP,NN
6461,East_Timor_2002,0,523,10,Court,court,NNP,NN
6462,East_Timor_2002,0,523,11,of,of,IN,IN
6463,East_Timor_2002,0,523,12,Justice,justice,NNP,NN
6464,East_Timor_2002,0,523,13,for,for,IN,IN
6465,East_Timor_2002,0,523,14,crimes,crimes,NNS,NN
6466,East_Timor_2002,0,523,15,committed,committed,VBN,VB
6467,East_Timor_2002,0,523,16,in,in,IN,IN
6468,East_Timor_2002,0,523,17,the,the,DT,DT
6469,East_Timor_2002,0,523,18,exercise,exercise,NN,NN
6470,East_Timor_2002,0,523,19,of,of,IN,IN
6471,East_Timor_2002,0,523,20,his,his,PRP$,PR
6472,East_Timor_2002,0,523,21,or,or,CC,CC
6473,East_Timor_2002,0,523,22,her,her,PRP$,PR
6474,East_Timor_2002,0,523,23,functions,functions,NNS,NN
6475,East_Timor_2002,0,523,24,and,and,CC,CC
6476,East_Timor_2002,0,523,25,for,for,IN,IN
6477,East_Timor_2002,0,523,26,clear,clear,JJ,JJ
6478,East_Timor_2002,0,523,27,and,and,CC,CC
6479,East_Timor_2002,0,523,28,serious,serious,JJ,JJ
6480,East_Timor_2002,0,523,29,violation,violation,NN,NN
6481,East_Timor_2002,0,523,30,of,of,IN,IN
6482,East_Timor_2002,0,523,31,constitutional,constitutional,JJ,JJ
6483,East_Timor_2002,0,523,32,obligations,obligations,NNS,NN
6484,East_Timor_2002,0,524,0,3,3,CD,CD
6485,East_Timor_2002,0,525,0,It,it,PRP,PR
6486,East_Timor_2002,0,525,1,is,is,VBZ,VB
6487,East_Timor_2002,0,525,2,the,the,DT,DT
6488,East_Timor_2002,0,525,3,incumbent,incumbent,JJ,JJ
6489,East_Timor_2002,0,525,4,upon,upon,IN,IN
6490,East_Timor_2002,0,525,5,the,the,DT,DT
6491,East_Timor_2002,0,525,6,National,national,NNP,NN
6492,East_Timor_2002,0,525,7,Parliament,parliament,NNP,NN
6493,East_Timor_2002,0,525,8,to,to,TO,TO
6494,East_Timor_2002,0,525,9,initiate,initiate,VB,VB
6495,East_Timor_2002,0,525,10,the,the,DT,DT
6496,East_Timor_2002,0,525,11,criminal,criminal,JJ,JJ
6497,East_Timor_2002,0,525,12,proceedings,proceedings,NNS,NN
6498,East_Timor_2002,0,525,14,following,following,VBG,VB
6499,East_Timor_2002,0,525,15,a,a,DT,DT
6500,East_Timor_2002,0,525,16,proposal,proposal,NN,NN
6501,East_Timor_2002,0,525,17,made,made,VBN,VB
6502,East_Timor_2002,0,525,18,by,by,IN,IN
6503,East_Timor_2002,0,525,19,one-fifth,onefifth,JJ,JJ
6504,East_Timor_2002,0,525,21,and,and,CC,CC
6505,East_Timor_2002,0,525,22,deliberation,deliberation,NN,NN
6506,East_Timor_2002,0,525,23,approved,approved,VBN,VB
6507,East_Timor_2002,0,525,24,by,by,IN,IN
6508,East_Timor_2002,0,525,25,a,a,DT,DT
6509,East_Timor_2002,0,525,26,two-third,twothird,JJ,JJ
6510,East_Timor_2002,0,525,27,majority,majority,NN,NN
6511,East_Timor_2002,0,525,29,of,of,IN,IN
6512,East_Timor_2002,0,525,30,its,its,PRP$,PR
6513,East_Timor_2002,0,525,31,Members,members,NNS,NN
6514,East_Timor_2002,0,526,0,4,4,CD,CD
6515,East_Timor_2002,0,527,0,The,the,DT,DT
6516,East_Timor_2002,0,527,1,Plenary,plenary,NNP,NN
6517,East_Timor_2002,0,527,2,of,of,IN,IN
6518,East_Timor_2002,0,527,3,the,the,DT,DT
6519,East_Timor_2002,0,527,4,Supreme,supreme,NNP,NN
6520,East_Timor_2002,0,527,5,Court,court,NNP,NN
6521,East_Timor_2002,0,527,6,of,of,IN,IN
6522,East_Timor_2002,0,527,7,Justice,justice,NNP,NN
6523,East_Timor_2002,0,527,8,shall,shall,MD,MD
6524,East_Timor_2002,0,527,9,issue,issue,VB,VB
6525,East_Timor_2002,0,527,10,a,a,DT,DT
6526,East_Timor_2002,0,527,11,judgment,judgment,NN,NN
6527,East_Timor_2002,0,527,12,within,within,IN,IN
6528,East_Timor_2002,0,527,13,a,a,DT,DT
6529,East_Timor_2002,0,527,14,maximum,maximum,NN,NN
6530,East_Timor_2002,0,527,15,of,of,IN,IN
6531,East_Timor_2002,0,527,16,30,30,CD,CD
6532,East_Timor_2002,0,527,17,days,days,NNS,NN
6533,East_Timor_2002,0,528,0,5,5,CD,CD
6534,East_Timor_2002,0,529,0,Conviction,conviction,NNP,NN
6535,East_Timor_2002,0,529,1,shall,shall,MD,MD
6536,East_Timor_2002,0,529,2,result,result,VB,VB
6537,East_Timor_2002,0,529,3,in,in,IN,IN
6538,East_Timor_2002,0,529,4,forfeiture,forfeiture,NN,NN
6539,East_Timor_2002,0,529,5,of,of,IN,IN
6540,East_Timor_2002,0,529,6,office,office,NN,NN
6541,East_Timor_2002,0,529,7,and,and,CC,CC
6542,East_Timor_2002,0,529,8,disqualification,disqualification,NN,NN
6543,East_Timor_2002,0,529,9,from,from,IN,IN
6544,East_Timor_2002,0,529,10,re-election,reelection,NN,NN
6545,East_Timor_2002,0,530,0,6,6,CD,CD
6546,East_Timor_2002,0,531,0,For,for,IN,IN
6547,East_Timor_2002,0,531,1,crimes,crimes,NNS,NN
6548,East_Timor_2002,0,531,2,not,not,RB,RB
6549,East_Timor_2002,0,531,3,committed,committed,VBN,VB
6550,East_Timor_2002,0,531,4,in,in,IN,IN
6551,East_Timor_2002,0,531,5,the,the,DT,DT
6552,East_Timor_2002,0,531,6,exercise,exercise,NN,NN
6553,East_Timor_2002,0,531,7,of,of,IN,IN
6554,East_Timor_2002,0,531,8,his,his,PRP$,PR
6555,East_Timor_2002,0,531,9,or,or,CC,CC
6556,East_Timor_2002,0,531,10,her,her,PRP$,PR
6557,East_Timor_2002,0,531,11,functions,functions,NNS,NN
6558,East_Timor_2002,0,531,13,the,the,DT,DT
6559,East_Timor_2002,0,531,14,President,president,NNP,NN
6560,East_Timor_2002,0,531,15,of,of,IN,IN
6561,East_Timor_2002,0,531,16,the,the,DT,DT
6562,East_Timor_2002,0,531,17,Republic,republic,NNP,NN
6563,East_Timor_2002,0,531,18,shall,shall,MD,MD
6564,East_Timor_2002,0,531,19,also,also,RB,RB
6565,East_Timor_2002,0,531,20,be,be,VB,VB
6566,East_Timor_2002,0,531,21,answerable,answerable,JJ,JJ
6567,East_Timor_2002,0,531,22,before,before,IN,IN
6568,East_Timor_2002,0,531,23,the,the,DT,DT
6569,East_Timor_2002,0,531,24,Supreme,supreme,NNP,NN
6570,East_Timor_2002,0,531,25,Court,court,NNP,NN
6571,East_Timor_2002,0,531,26,of,of,IN,IN
6572,East_Timor_2002,0,531,27,Justice,justice,NNP,NN
6573,East_Timor_2002,0,531,29,and,and,CC,CC
6574,East_Timor_2002,0,531,30,forfeiture,forfeiture,NN,NN
6575,East_Timor_2002,0,531,31,of,of,IN,IN
6576,East_Timor_2002,0,531,32,office,office,NN,NN
6577,East_Timor_2002,0,531,33,shall,shall,MD,MD
6578,East_Timor_2002,0,531,34,only,only,RB,RB
6579,East_Timor_2002,0,531,35,occur,occur,VB,VB
6580,East_Timor_2002,0,531,36,in,in,IN,IN
6581,East_Timor_2002,0,531,37,case,case,NN,NN
6582,East_Timor_2002,0,531,38,of,of,IN,IN
6583,East_Timor_2002,0,531,39,sentence,sentence,NN,NN
6584,East_Timor_2002,0,531,40,to,to,TO,TO
6585,East_Timor_2002,0,531,41,prison,prison,NN,NN
6586,East_Timor_2002,0,532,0,7,7,CD,CD
6587,East_Timor_2002,0,533,0,In,in,IN,IN
6588,East_Timor_2002,0,533,1,the,the,DT,DT
6589,East_Timor_2002,0,533,2,cases,cases,NNS,NN
6590,East_Timor_2002,0,533,3,provided,provided,VBD,VB
6591,East_Timor_2002,0,533,4,for,for,IN,IN
6592,East_Timor_2002,0,533,5,under,under,IN,IN
6593,East_Timor_2002,0,533,6,the,the,DT,DT
6594,East_Timor_2002,0,533,7,previous,previous,JJ,JJ
6595,East_Timor_2002,0,533,8,number,number,NN,NN
6596,East_Timor_2002,0,533,10,immunity,immunity,NN,NN
6597,East_Timor_2002,0,533,11,shall,shall,MD,MD
6598,East_Timor_2002,0,533,12,be,be,VB,VB
6599,East_Timor_2002,0,533,13,withdrawn,withdrawn,VBN,VB
6600,East_Timor_2002,0,533,14,at,at,IN,IN
6601,East_Timor_2002,0,533,15,the,the,DT,DT
6602,East_Timor_2002,0,533,16,initiative,initiative,NN,NN
6603,East_Timor_2002,0,533,17,of,of,IN,IN
6604,East_Timor_2002,0,533,18,the,the,DT,DT
6605,East_Timor_2002,0,533,19,National,national,NNP,NN
6606,East_Timor_2002,0,533,20,Parliament,parliament,NNP,NN
6607,East_Timor_2002,0,533,21,in,in,IN,IN
6608,East_Timor_2002,0,533,22,accordance,accordance,NN,NN
6609,East_Timor_2002,0,533,23,with,with,IN,IN
6610,East_Timor_2002,0,533,24,provisions,provisions,NNS,NN
6611,East_Timor_2002,0,533,25,of,of,IN,IN
6612,East_Timor_2002,0,533,26,number,number,NN,NN
6613,East_Timor_2002,0,533,27,3,3,CD,CD
6614,East_Timor_2002,0,533,28,of,of,IN,IN
6615,East_Timor_2002,0,533,29,this,this,DT,DT
6616,East_Timor_2002,0,533,30,Article,article,NNP,NN
6617,East_Timor_2002,0,534,0,Article,article,NN,NN
6618,East_Timor_2002,0,534,1,80,80,CD,CD
6619,East_Timor_2002,0,535,0,Absence,absence,NNP,NN
6620,East_Timor_2002,0,535,1,Share,share,NNP,NN
6621,East_Timor_2002,0,535,2,1,1,CD,CD
6622,East_Timor_2002,0,536,0,The,the,DT,DT
6623,East_Timor_2002,0,536,1,President,president,NNP,NN
6624,East_Timor_2002,0,536,2,of,of,IN,IN
6625,East_Timor_2002,0,536,3,the,the,DT,DT
6626,East_Timor_2002,0,536,4,Republic,republic,NNP,NN
6627,East_Timor_2002,0,536,5,can,can,MD,MD
6628,East_Timor_2002,0,536,6,not,not,RB,RB
6629,East_Timor_2002,0,536,7,be,be,VB,VB
6630,East_Timor_2002,0,536,8,absent,absent,JJ,JJ
6631,East_Timor_2002,0,536,9,from,from,IN,IN
6632,East_Timor_2002,0,536,10,the,the,DT,DT
6633,East_Timor_2002,0,536,11,national,national,JJ,JJ
6634,East_Timor_2002,0,536,12,territory,territory,NN,NN
6635,East_Timor_2002,0,536,13,without,without,IN,IN
6636,East_Timor_2002,0,536,14,the,the,DT,DT
6637,East_Timor_2002,0,536,15,previous,previous,JJ,JJ
6638,East_Timor_2002,0,536,16,consent,consent,NN,NN
6639,East_Timor_2002,0,536,17,of,of,IN,IN
6640,East_Timor_2002,0,536,18,the,the,DT,DT
6641,East_Timor_2002,0,536,19,National,national,NNP,NN
6642,East_Timor_2002,0,536,20,Parliament,parliament,NNP,NN
6643,East_Timor_2002,0,536,21,or,or,CC,CC
6644,East_Timor_2002,0,536,22,of,of,IN,IN
6645,East_Timor_2002,0,536,23,its,its,PRP$,PR
6646,East_Timor_2002,0,536,24,Standing,standing,NNP,NN
6647,East_Timor_2002,0,536,25,Committee,committee,NNP,NN
6648,East_Timor_2002,0,536,27,if,if,IN,IN
6649,East_Timor_2002,0,536,28,Parliament,parliament,NNP,NN
6650,East_Timor_2002,0,536,29,is,is,VBZ,VB
6651,East_Timor_2002,0,536,30,in,in,IN,IN
6652,East_Timor_2002,0,536,31,recess,recess,NN,NN
6653,East_Timor_2002,0,537,0,2,2,CD,CD
6654,East_Timor_2002,0,538,0,Failure,failure,NN,NN
6655,East_Timor_2002,0,538,1,to,to,TO,TO
6656,East_Timor_2002,0,538,2,observe,observe,VB,VB
6657,East_Timor_2002,0,538,3,provision,provision,NN,NN
6658,East_Timor_2002,0,538,4,of,of,IN,IN
6659,East_Timor_2002,0,538,5,number,number,NN,NN
6660,East_Timor_2002,0,538,6,1,1,CD,CD
6661,East_Timor_2002,0,538,7,of,of,IN,IN
6662,East_Timor_2002,0,538,8,the,the,DT,DT
6663,East_Timor_2002,0,538,9,present,present,JJ,JJ
6664,East_Timor_2002,0,538,10,Article,article,NNP,NN
6665,East_Timor_2002,0,538,11,shall,shall,MD,MD
6666,East_Timor_2002,0,538,12,imply,imply,VB,VB
6667,East_Timor_2002,0,538,13,forfeiture,forfeiture,NN,NN
6668,East_Timor_2002,0,538,14,of,of,IN,IN
6669,East_Timor_2002,0,538,15,the,the,DT,DT
6670,East_Timor_2002,0,538,16,office,office,NN,NN
6671,East_Timor_2002,0,538,18,as,as,IN,IN
6672,East_Timor_2002,0,538,19,provided,provided,VBN,VB
6673,East_Timor_2002,0,538,20,for,for,IN,IN
6674,East_Timor_2002,0,538,21,by,by,IN,IN
6675,East_Timor_2002,0,538,22,the,the,DT,DT
6676,East_Timor_2002,0,538,23,previous,previous,JJ,JJ
6677,East_Timor_2002,0,538,24,Article,article,NNP,NN
6678,East_Timor_2002,0,539,0,3,3,CD,CD
6679,East_Timor_2002,0,540,0,The,the,DT,DT
6680,East_Timor_2002,0,540,1,President,president,NNP,NN
6681,East_Timor_2002,0,540,2,of,of,IN,IN
6682,East_Timor_2002,0,540,3,the,the,DT,DT
6683,East_Timor_2002,0,540,4,Republic,republic,NNP,NN
6684,East_Timor_2002,0,540,5,'s,s,POS,PO
6685,East_Timor_2002,0,540,6,private,private,JJ,JJ
6686,East_Timor_2002,0,540,7,visits,visits,NNS,NN
6687,East_Timor_2002,0,540,8,not,not,RB,RB
6688,East_Timor_2002,0,540,9,exceeding,exceeding,VBG,VB
6689,East_Timor_2002,0,540,10,fifteen,fifteen,JJ,JJ
6690,East_Timor_2002,0,540,11,days,days,NNS,NN
6691,East_Timor_2002,0,540,12,shall,shall,MD,MD
6692,East_Timor_2002,0,540,13,not,not,RB,RB
6693,East_Timor_2002,0,540,14,require,require,VB,VB
6694,East_Timor_2002,0,540,15,the,the,DT,DT
6695,East_Timor_2002,0,540,16,consent,consent,NN,NN
6696,East_Timor_2002,0,540,17,of,of,IN,IN
6697,East_Timor_2002,0,540,18,the,the,DT,DT
6698,East_Timor_2002,0,540,19,National,national,NNP,NN
6699,East_Timor_2002,0,540,20,Parliament,parliament,NNP,NN
6700,East_Timor_2002,0,541,0,Nonetheless,nonetheless,RB,RB
6701,East_Timor_2002,0,541,2,the,the,DT,DT
6702,East_Timor_2002,0,541,3,President,president,NNP,NN
6703,East_Timor_2002,0,541,4,of,of,IN,IN
6704,East_Timor_2002,0,541,5,the,the,DT,DT
6705,East_Timor_2002,0,541,6,Republic,republic,NNP,NN
6706,East_Timor_2002,0,541,7,should,should,MD,MD
6707,East_Timor_2002,0,541,8,notify,notify,VB,VB
6708,East_Timor_2002,0,541,9,the,the,DT,DT
6709,East_Timor_2002,0,541,10,National,national,NNP,NN
6710,East_Timor_2002,0,541,11,Parliament,parliament,NNP,NN
6711,East_Timor_2002,0,541,12,of,of,IN,IN
6712,East_Timor_2002,0,541,13,such,such,JJ,JJ
6713,East_Timor_2002,0,541,14,visits,visits,NNS,NN
6714,East_Timor_2002,0,541,15,in,in,IN,IN
6715,East_Timor_2002,0,541,16,advance,advance,NN,NN
6716,East_Timor_2002,0,542,0,Article,article,NN,NN
6717,East_Timor_2002,0,542,1,81,81,CD,CD
6718,East_Timor_2002,0,543,0,Resignation,resignation,NN,NN
6719,East_Timor_2002,0,543,1,from,from,IN,IN
6720,East_Timor_2002,0,543,2,Office,office,NNP,NN
6721,East_Timor_2002,0,543,3,Share,share,NNP,NN
6722,East_Timor_2002,0,543,4,1,1,CD,CD
6723,East_Timor_2002,0,544,0,The,the,DT,DT
6724,East_Timor_2002,0,544,1,President,president,NNP,NN
6725,East_Timor_2002,0,544,2,of,of,IN,IN
6726,East_Timor_2002,0,544,3,the,the,DT,DT
6727,East_Timor_2002,0,544,4,Republic,republic,NNP,NN
6728,East_Timor_2002,0,544,5,may,may,MD,MD
6729,East_Timor_2002,0,544,6,resign,resign,VB,VB
6730,East_Timor_2002,0,544,7,from,from,IN,IN
6731,East_Timor_2002,0,544,8,office,office,NN,NN
6732,East_Timor_2002,0,544,9,by,by,IN,IN
6733,East_Timor_2002,0,544,10,a,a,DT,DT
6734,East_Timor_2002,0,544,11,message,message,NN,NN
6735,East_Timor_2002,0,544,12,addressed,addressed,VBN,VB
6736,East_Timor_2002,0,544,13,to,to,TO,TO
6737,East_Timor_2002,0,544,14,the,the,DT,DT
6738,East_Timor_2002,0,544,15,National,national,NNP,NN
6739,East_Timor_2002,0,544,16,Parliament,parliament,NNP,NN
6740,East_Timor_2002,0,545,0,2,2,CD,CD
6741,East_Timor_2002,0,546,0,Resignation,resignation,NNP,NN
6742,East_Timor_2002,0,546,1,shall,shall,MD,MD
6743,East_Timor_2002,0,546,2,take,take,VB,VB
6744,East_Timor_2002,0,546,3,effect,effect,NN,NN
6745,East_Timor_2002,0,546,4,once,once,IN,IN
6746,East_Timor_2002,0,546,5,the,the,DT,DT
6747,East_Timor_2002,0,546,6,message,message,NN,NN
6748,East_Timor_2002,0,546,7,is,is,VBZ,VB
6749,East_Timor_2002,0,546,8,made,made,VBN,VB
6750,East_Timor_2002,0,546,9,known,known,VBN,VB
6751,East_Timor_2002,0,546,10,to,to,TO,TO
6752,East_Timor_2002,0,546,11,the,the,DT,DT
6753,East_Timor_2002,0,546,12,National,national,NNP,NN
6754,East_Timor_2002,0,546,13,Parliament,parliament,NNP,NN
6755,East_Timor_2002,0,546,14,without,without,IN,IN
6756,East_Timor_2002,0,546,15,prejudice,prejudice,NN,NN
6757,East_Timor_2002,0,546,16,to,to,TO,TO
6758,East_Timor_2002,0,546,17,its,its,PRP$,PR
6759,East_Timor_2002,0,546,18,subsequent,subsequent,JJ,JJ
6760,East_Timor_2002,0,546,19,publication,publication,NN,NN
6761,East_Timor_2002,0,546,20,in,in,IN,IN
6762,East_Timor_2002,0,546,21,the,the,DT,DT
6763,East_Timor_2002,0,546,22,official,official,JJ,JJ
6764,East_Timor_2002,0,546,23,gazette,gazette,NN,NN
6765,East_Timor_2002,0,547,0,3,3,CD,CD
6766,East_Timor_2002,0,548,0,If,if,IN,IN
6767,East_Timor_2002,0,548,1,the,the,DT,DT
6768,East_Timor_2002,0,548,2,President,president,NNP,NN
6769,East_Timor_2002,0,548,3,of,of,IN,IN
6770,East_Timor_2002,0,548,4,the,the,DT,DT
6771,East_Timor_2002,0,548,5,Republic,republic,NNP,NN
6772,East_Timor_2002,0,548,6,resigns,resigns,NNS,NN
6773,East_Timor_2002,0,548,7,from,from,IN,IN
6774,East_Timor_2002,0,548,8,office,office,NN,NN
6775,East_Timor_2002,0,548,10,he,he,PRP,PR
6776,East_Timor_2002,0,548,11,or,or,CC,CC
6777,East_Timor_2002,0,548,12,she,she,PRP,PR
6778,East_Timor_2002,0,548,13,can,can,MD,MD
6779,East_Timor_2002,0,548,14,not,not,RB,RB
6780,East_Timor_2002,0,548,15,be,be,VB,VB
6781,East_Timor_2002,0,548,16,eligible,eligible,JJ,JJ
6782,East_Timor_2002,0,548,17,to,to,TO,TO
6783,East_Timor_2002,0,548,18,stand,stand,VB,VB
6784,East_Timor_2002,0,548,19,for,for,IN,IN
6785,East_Timor_2002,0,548,20,presidential,presidential,JJ,JJ
6786,East_Timor_2002,0,548,21,elections,elections,NNS,NN
6787,East_Timor_2002,0,548,22,immediately,immediately,RB,RB
6788,East_Timor_2002,0,548,23,after,after,IN,IN
6789,East_Timor_2002,0,548,24,resignation,resignation,NN,NN
6790,East_Timor_2002,0,548,25,nor,nor,CC,CC
6791,East_Timor_2002,0,548,26,in,in,IN,IN
6792,East_Timor_2002,0,548,27,the,the,DT,DT
6793,East_Timor_2002,0,548,28,regular,regular,JJ,JJ
6794,East_Timor_2002,0,548,29,elections,elections,NNS,NN
6795,East_Timor_2002,0,548,30,to,to,TO,TO
6796,East_Timor_2002,0,548,31,be,be,VB,VB
6797,East_Timor_2002,0,548,32,held,held,VBN,VB
6798,East_Timor_2002,0,548,33,after,after,IN,IN
6799,East_Timor_2002,0,548,34,five,five,CD,CD
6800,East_Timor_2002,0,548,35,years,years,NNS,NN
6801,East_Timor_2002,0,549,0,Article,article,NN,NN
6802,East_Timor_2002,0,549,1,82,82,CD,CD
6803,East_Timor_2002,0,550,0,Death,death,NNP,NN
6804,East_Timor_2002,0,550,2,Resignation,resignation,NNP,NN
6805,East_Timor_2002,0,550,3,or,or,CC,CC
6806,East_Timor_2002,0,550,4,Permanent,permanent,NNP,NN
6807,East_Timor_2002,0,550,5,Incapacity,incapacity,NNP,NN
6808,East_Timor_2002,0,550,6,Share,share,NNP,NN
6809,East_Timor_2002,0,550,7,1,1,CD,CD
6810,East_Timor_2002,0,551,0,In,in,IN,IN
6811,East_Timor_2002,0,551,1,case,case,NN,NN
6812,East_Timor_2002,0,551,2,of,of,IN,IN
6813,East_Timor_2002,0,551,3,death,death,NN,NN
6814,East_Timor_2002,0,551,5,resignation,resignation,NN,NN
6815,East_Timor_2002,0,551,6,or,or,CC,CC
6816,East_Timor_2002,0,551,7,permanent,permanent,JJ,JJ
6817,East_Timor_2002,0,551,8,incapacity,incapacity,NN,NN
6818,East_Timor_2002,0,551,9,of,of,IN,IN
6819,East_Timor_2002,0,551,10,the,the,DT,DT
6820,East_Timor_2002,0,551,11,President,president,NNP,NN
6821,East_Timor_2002,0,551,12,of,of,IN,IN
6822,East_Timor_2002,0,551,13,the,the,DT,DT
6823,East_Timor_2002,0,551,14,Republic,republic,NNP,NN
6824,East_Timor_2002,0,551,16,his,his,PRP$,PR
6825,East_Timor_2002,0,551,17,or,or,CC,CC
6826,East_Timor_2002,0,551,18,her,her,PRP$,PR
6827,East_Timor_2002,0,551,19,functions,functions,NNS,NN
6828,East_Timor_2002,0,551,20,shall,shall,MD,MD
6829,East_Timor_2002,0,551,21,be,be,VB,VB
6830,East_Timor_2002,0,551,22,taken,taken,VBN,VB
6831,East_Timor_2002,0,551,23,over,over,RP,RP
6832,East_Timor_2002,0,551,24,on,on,IN,IN
6833,East_Timor_2002,0,551,25,an,an,DT,DT
6834,East_Timor_2002,0,551,26,interim,interim,JJ,JJ
6835,East_Timor_2002,0,551,27,basis,basis,NN,NN
6836,East_Timor_2002,0,551,28,by,by,IN,IN
6837,East_Timor_2002,0,551,29,the,the,DT,DT
6838,East_Timor_2002,0,551,30,President,president,NNP,NN
6839,East_Timor_2002,0,551,31,of,of,IN,IN
6840,East_Timor_2002,0,551,32,the,the,DT,DT
6841,East_Timor_2002,0,551,33,National,national,NNP,NN
6842,East_Timor_2002,0,551,34,Parliament,parliament,NNP,NN
6843,East_Timor_2002,0,551,36,who,who,WP,WP
6844,East_Timor_2002,0,551,37,shall,shall,MD,MD
6845,East_Timor_2002,0,551,38,be,be,VB,VB
6846,East_Timor_2002,0,551,39,sworn,sworn,VBN,VB
6847,East_Timor_2002,0,551,40,in,in,IN,IN
6848,East_Timor_2002,0,551,41,by,by,IN,IN
6849,East_Timor_2002,0,551,42,the,the,DT,DT
6850,East_Timor_2002,0,551,43,President,president,NNP,NN
6851,East_Timor_2002,0,551,44,of,of,IN,IN
6852,East_Timor_2002,0,551,45,the,the,DT,DT
6853,East_Timor_2002,0,551,46,National,national,NNP,NN
6854,East_Timor_2002,0,551,47,Parliament,parliament,NNP,NN
6855,East_Timor_2002,0,551,48,before,before,IN,IN
6856,East_Timor_2002,0,551,49,the,the,DT,DT
6857,East_Timor_2002,0,551,50,Members,members,NNS,NN
6858,East_Timor_2002,0,551,51,of,of,IN,IN
6859,East_Timor_2002,0,551,52,the,the,DT,DT
6860,East_Timor_2002,0,551,53,National,national,NNP,NN
6861,East_Timor_2002,0,551,54,Parliament,parliament,NNP,NN
6862,East_Timor_2002,0,551,55,and,and,CC,CC
6863,East_Timor_2002,0,551,56,representatives,representatives,NNS,NN
6864,East_Timor_2002,0,551,57,of,of,IN,IN
6865,East_Timor_2002,0,551,58,the,the,DT,DT
6866,East_Timor_2002,0,551,59,organs,organs,NNS,NN
6867,East_Timor_2002,0,551,60,of,of,IN,IN
6868,East_Timor_2002,0,551,61,sovereignty,sovereignty,NN,NN
6869,East_Timor_2002,0,552,0,2,2,CD,CD
6870,East_Timor_2002,0,553,0,Permanent,permanent,JJ,JJ
6871,East_Timor_2002,0,553,1,incapacity,incapacity,NN,NN
6872,East_Timor_2002,0,553,2,shall,shall,MD,MD
6873,East_Timor_2002,0,553,3,be,be,VB,VB
6874,East_Timor_2002,0,553,4,declared,declared,VBN,VB
6875,East_Timor_2002,0,553,5,by,by,IN,IN
6876,East_Timor_2002,0,553,6,the,the,DT,DT
6877,East_Timor_2002,0,553,7,Supreme,supreme,NNP,NN
6878,East_Timor_2002,0,553,8,Court,court,NNP,NN
6879,East_Timor_2002,0,553,9,of,of,IN,IN
6880,East_Timor_2002,0,553,10,Justice,justice,NNP,NN
6881,East_Timor_2002,0,553,12,which,which,WDT,WD
6882,East_Timor_2002,0,553,13,shall,shall,MD,MD
6883,East_Timor_2002,0,553,14,also,also,RB,RB
6884,East_Timor_2002,0,553,15,have,have,VB,VB
6885,East_Timor_2002,0,553,16,the,the,DT,DT
6886,East_Timor_2002,0,553,17,responsibility,responsibility,NN,NN
6887,East_Timor_2002,0,553,18,to,to,TO,TO
6888,East_Timor_2002,0,553,19,confirm,confirm,VB,VB
6889,East_Timor_2002,0,553,20,the,the,DT,DT
6890,East_Timor_2002,0,553,21,death,death,NN,NN
6891,East_Timor_2002,0,553,22,of,of,IN,IN
6892,East_Timor_2002,0,553,23,the,the,DT,DT
6893,East_Timor_2002,0,553,24,President,president,NNP,NN
6894,East_Timor_2002,0,553,25,of,of,IN,IN
6895,East_Timor_2002,0,553,26,the,the,DT,DT
6896,East_Timor_2002,0,553,27,Republic,republic,NNP,NN
6897,East_Timor_2002,0,553,28,and,and,CC,CC
6898,East_Timor_2002,0,553,29,the,the,DT,DT
6899,East_Timor_2002,0,553,30,vacancy,vacancy,NN,NN
6900,East_Timor_2002,0,553,31,of,of,IN,IN
6901,East_Timor_2002,0,553,32,office,office,NN,NN
6902,East_Timor_2002,0,553,33,resulting,resulting,VBG,VB
6903,East_Timor_2002,0,553,34,therefrom,therefrom,NN,NN
6904,East_Timor_2002,0,554,0,3,3,CD,CD
6905,East_Timor_2002,0,555,0,The,the,DT,DT
6906,East_Timor_2002,0,555,1,election,election,NN,NN
6907,East_Timor_2002,0,555,2,of,of,IN,IN
6908,East_Timor_2002,0,555,3,a,a,DT,DT
6909,East_Timor_2002,0,555,4,new,new,JJ,JJ
6910,East_Timor_2002,0,555,5,President,president,NNP,NN
6911,East_Timor_2002,0,555,6,of,of,IN,IN
6912,East_Timor_2002,0,555,7,the,the,DT,DT
6913,East_Timor_2002,0,555,8,Republic,republic,NNP,NN
6914,East_Timor_2002,0,555,9,in,in,IN,IN
6915,East_Timor_2002,0,555,10,case,case,NN,NN
6916,East_Timor_2002,0,555,11,of,of,IN,IN
6917,East_Timor_2002,0,555,12,death,death,NN,NN
6918,East_Timor_2002,0,555,14,resignation,resignation,NN,NN
6919,East_Timor_2002,0,555,15,or,or,CC,CC
6920,East_Timor_2002,0,555,16,permanent,permanent,JJ,JJ
6921,East_Timor_2002,0,555,17,incapacity,incapacity,NN,NN
6922,East_Timor_2002,0,555,18,should,should,MD,MD
6923,East_Timor_2002,0,555,19,take,take,VB,VB
6924,East_Timor_2002,0,555,20,place,place,NN,NN
6925,East_Timor_2002,0,555,21,within,within,IN,IN
6926,East_Timor_2002,0,555,22,the,the,DT,DT
6927,East_Timor_2002,0,555,23,subsequent,subsequent,JJ,JJ
6928,East_Timor_2002,0,555,24,ninety,ninety,NN,NN
6929,East_Timor_2002,0,555,25,days,days,NNS,NN
6930,East_Timor_2002,0,555,27,after,after,IN,IN
6931,East_Timor_2002,0,555,28,certification,certification,NN,NN
6932,East_Timor_2002,0,555,29,or,or,CC,CC
6933,East_Timor_2002,0,555,30,declaration,declaration,NN,NN
6934,East_Timor_2002,0,555,31,of,of,IN,IN
6935,East_Timor_2002,0,555,32,death,death,NN,NN
6936,East_Timor_2002,0,555,34,resignation,resignation,NN,NN
6937,East_Timor_2002,0,555,35,or,or,CC,CC
6938,East_Timor_2002,0,555,36,permanent,permanent,JJ,JJ
6939,East_Timor_2002,0,555,37,incapacity,incapacity,NN,NN
6940,East_Timor_2002,0,556,0,4,4,CD,CD
6941,East_Timor_2002,0,557,0,The,the,DT,DT
6942,East_Timor_2002,0,557,1,President,president,NNP,NN
6943,East_Timor_2002,0,557,2,of,of,IN,IN
6944,East_Timor_2002,0,557,3,the,the,DT,DT
6945,East_Timor_2002,0,557,4,Republic,republic,NNP,NN
6946,East_Timor_2002,0,557,5,shall,shall,MD,MD
6947,East_Timor_2002,0,557,6,be,be,VB,VB
6948,East_Timor_2002,0,557,7,elected,elected,VBN,VB
6949,East_Timor_2002,0,557,8,for,for,IN,IN
6950,East_Timor_2002,0,557,9,a,a,DT,DT
6951,East_Timor_2002,0,557,10,new,new,JJ,JJ
6952,East_Timor_2002,0,557,11,term,term,NN,NN
6953,East_Timor_2002,0,557,12,of,of,IN,IN
6954,East_Timor_2002,0,557,13,office,office,NN,NN
6955,East_Timor_2002,0,558,0,5,5,CD,CD
6956,East_Timor_2002,0,559,0,In,in,IN,IN
6957,East_Timor_2002,0,559,1,case,case,NN,NN
6958,East_Timor_2002,0,559,2,of,of,IN,IN
6959,East_Timor_2002,0,559,3,refusal,refusal,NN,NN
6960,East_Timor_2002,0,559,4,by,by,IN,IN
6961,East_Timor_2002,0,559,5,the,the,DT,DT
6962,East_Timor_2002,0,559,6,President-elected,presidentelected,JJ,JJ
6963,East_Timor_2002,0,559,7,to,to,TO,TO
6964,East_Timor_2002,0,559,8,take,take,VB,VB
6965,East_Timor_2002,0,559,9,office,office,NN,NN
6966,East_Timor_2002,0,559,10,or,or,CC,CC
6967,East_Timor_2002,0,559,11,in,in,IN,IN
6968,East_Timor_2002,0,559,12,case,case,NN,NN
6969,East_Timor_2002,0,559,13,of,of,IN,IN
6970,East_Timor_2002,0,559,14,his,his,PRP$,PR
6971,East_Timor_2002,0,559,15,or,or,CC,CC
6972,East_Timor_2002,0,559,16,her,her,PRP$,PR
6973,East_Timor_2002,0,559,17,death,death,NN,NN
6974,East_Timor_2002,0,559,18,or,or,CC,CC
6975,East_Timor_2002,0,559,19,permanent,permanent,JJ,JJ
6976,East_Timor_2002,0,559,20,incapacity,incapacity,NN,NN
6977,East_Timor_2002,0,559,22,the,the,DT,DT
6978,East_Timor_2002,0,559,23,provisions,provisions,NNS,NN
6979,East_Timor_2002,0,559,24,of,of,IN,IN
6980,East_Timor_2002,0,559,25,this,this,DT,DT
6981,East_Timor_2002,0,559,26,Article,article,NNP,NN
6982,East_Timor_2002,0,559,27,shall,shall,MD,MD
6983,East_Timor_2002,0,559,28,apply,apply,VB,VB
6984,East_Timor_2002,0,560,0,Article,article,NN,NN
6985,East_Timor_2002,0,560,1,83,83,CD,CD
6986,East_Timor_2002,0,561,0,Exceptional,exceptional,JJ,JJ
6987,East_Timor_2002,0,561,1,Cases,cases,NNP,NN
6988,East_Timor_2002,0,561,2,Share,share,NNP,NN
6989,East_Timor_2002,0,561,3,1,1,CD,CD
6990,East_Timor_2002,0,562,0,When,when,WRB,WR
6991,East_Timor_2002,0,562,1,death,death,NN,NN
6992,East_Timor_2002,0,562,3,resignation,resignation,NN,NN
6993,East_Timor_2002,0,562,4,or,or,CC,CC
6994,East_Timor_2002,0,562,5,permanent,permanent,JJ,JJ
6995,East_Timor_2002,0,562,6,incapacity,incapacity,NN,NN
6996,East_Timor_2002,0,562,7,occur,occur,VBP,VB
6997,East_Timor_2002,0,562,8,at,at,IN,IN
6998,East_Timor_2002,0,562,9,the,the,DT,DT
6999,East_Timor_2002,0,562,10,imminence,imminence,NN,NN
7000,East_Timor_2002,0,562,11,of,of,IN,IN
7001,East_Timor_2002,0,562,12,exceptional,exceptional,JJ,JJ
7002,East_Timor_2002,0,562,13,situations,situations,NNS,NN
7003,East_Timor_2002,0,562,14,of,of,IN,IN
7004,East_Timor_2002,0,562,15,war,war,NN,NN
7005,East_Timor_2002,0,562,16,or,or,CC,CC
7006,East_Timor_2002,0,562,17,prolonged,prolonged,JJ,JJ
7007,East_Timor_2002,0,562,18,emergency,emergency,NN,NN
7008,East_Timor_2002,0,562,20,or,or,CC,CC
7009,East_Timor_2002,0,562,21,of,of,IN,IN
7010,East_Timor_2002,0,562,22,an,an,DT,DT
7011,East_Timor_2002,0,562,23,insurmountable,insurmountable,JJ,JJ
7012,East_Timor_2002,0,562,24,difficulty,difficulty,NN,NN
7013,East_Timor_2002,0,562,25,of,of,IN,IN
7014,East_Timor_2002,0,562,26,a,a,DT,DT
7015,East_Timor_2002,0,562,27,technical,technical,JJ,JJ
7016,East_Timor_2002,0,562,28,or,or,CC,CC
7017,East_Timor_2002,0,562,29,material,material,JJ,JJ
7018,East_Timor_2002,0,562,30,nature,nature,NN,NN
7019,East_Timor_2002,0,562,32,to,to,TO,TO
7020,East_Timor_2002,0,562,33,be,be,VB,VB
7021,East_Timor_2002,0,562,34,defined,defined,VBN,VB
7022,East_Timor_2002,0,562,35,by,by,IN,IN
7023,East_Timor_2002,0,562,36,law,law,NN,NN
7024,East_Timor_2002,0,562,38,preventing,preventing,VBG,VB
7025,East_Timor_2002,0,562,39,the,the,DT,DT
7026,East_Timor_2002,0,562,40,holding,holding,NN,NN
7027,East_Timor_2002,0,562,41,of,of,IN,IN
7028,East_Timor_2002,0,562,42,a,a,DT,DT
7029,East_Timor_2002,0,562,43,presidential,presidential,JJ,JJ
7030,East_Timor_2002,0,562,44,election,election,NN,NN
7031,East_Timor_2002,0,562,45,by,by,IN,IN
7032,East_Timor_2002,0,562,46,universal,universal,JJ,JJ
7033,East_Timor_2002,0,562,47,suffrage,suffrage,NN,NN
7034,East_Timor_2002,0,562,48,as,as,IN,IN
7035,East_Timor_2002,0,562,49,provided,provided,VBN,VB
7036,East_Timor_2002,0,562,50,for,for,IN,IN
7037,East_Timor_2002,0,562,51,by,by,IN,IN
7038,East_Timor_2002,0,562,52,Article,article,NNP,NN
7039,East_Timor_2002,0,562,53,76,76,CD,CD
7040,East_Timor_2002,0,562,55,the,the,DT,DT
7041,East_Timor_2002,0,562,56,new,new,JJ,JJ
7042,East_Timor_2002,0,562,57,President,president,NNP,NN
7043,East_Timor_2002,0,562,58,of,of,IN,IN
7044,East_Timor_2002,0,562,59,the,the,DT,DT
7045,East_Timor_2002,0,562,60,Republic,republic,NNP,NN
7046,East_Timor_2002,0,562,61,shall,shall,MD,MD
7047,East_Timor_2002,0,562,62,be,be,VB,VB
7048,East_Timor_2002,0,562,63,elected,elected,VBN,VB
7049,East_Timor_2002,0,562,64,by,by,IN,IN
7050,East_Timor_2002,0,562,65,the,the,DT,DT
7051,East_Timor_2002,0,562,66,National,national,NNP,NN
7052,East_Timor_2002,0,562,67,Parliament,parliament,NNP,NN
7053,East_Timor_2002,0,562,68,from,from,IN,IN
7054,East_Timor_2002,0,562,69,among,among,IN,IN
7055,East_Timor_2002,0,562,70,its,its,PRP$,PR
7056,East_Timor_2002,0,562,71,members,members,NNS,NN
7057,East_Timor_2002,0,562,72,within,within,IN,IN
7058,East_Timor_2002,0,562,73,the,the,DT,DT
7059,East_Timor_2002,0,562,74,ninety,ninety,NN,NN
7060,East_Timor_2002,0,562,75,subsequent,subsequent,JJ,JJ
7061,East_Timor_2002,0,562,76,days,days,NNS,NN
7062,East_Timor_2002,0,563,0,2,2,CD,CD
7063,East_Timor_2002,0,564,0,In,in,IN,IN
7064,East_Timor_2002,0,564,1,the,the,DT,DT
7065,East_Timor_2002,0,564,2,cases,cases,NNS,NN
7066,East_Timor_2002,0,564,3,referred,referred,VBD,VB
7067,East_Timor_2002,0,564,4,to,to,TO,TO
7068,East_Timor_2002,0,564,5,in,in,IN,IN
7069,East_Timor_2002,0,564,6,the,the,DT,DT
7070,East_Timor_2002,0,564,7,previous,previous,JJ,JJ
7071,East_Timor_2002,0,564,8,number,number,NN,NN
7072,East_Timor_2002,0,564,10,the,the,DT,DT
7073,East_Timor_2002,0,564,11,President-elect,presidentelect,NNP,NN
7074,East_Timor_2002,0,564,12,shall,shall,MD,MD
7075,East_Timor_2002,0,564,13,serve,serve,VB,VB
7076,East_Timor_2002,0,564,14,for,for,IN,IN
7077,East_Timor_2002,0,564,15,the,the,DT,DT
7078,East_Timor_2002,0,564,16,remainder,remainder,NN,NN
7079,East_Timor_2002,0,564,17,of,of,IN,IN
7080,East_Timor_2002,0,564,18,the,the,DT,DT
7081,East_Timor_2002,0,564,19,interrupted,interrupted,JJ,JJ
7082,East_Timor_2002,0,564,20,term,term,NN,NN
7083,East_Timor_2002,0,564,21,and,and,CC,CC
7084,East_Timor_2002,0,564,22,he,he,PRP,PR
7085,East_Timor_2002,0,564,23,or,or,CC,CC
7086,East_Timor_2002,0,564,24,she,she,PRP,PR
7087,East_Timor_2002,0,564,25,may,may,MD,MD
7088,East_Timor_2002,0,564,26,run,run,VB,VB
7089,East_Timor_2002,0,564,27,in,in,IN,IN
7090,East_Timor_2002,0,564,28,the,the,DT,DT
7091,East_Timor_2002,0,564,29,new,new,JJ,JJ
7092,East_Timor_2002,0,564,30,election,election,NN,NN
7093,East_Timor_2002,0,565,0,Article,article,NN,NN
7094,East_Timor_2002,0,565,1,84,84,CD,CD
7095,East_Timor_2002,0,566,0,Replacement,replacement,NN,NN
7096,East_Timor_2002,0,566,1,and,and,CC,CC
7097,East_Timor_2002,0,566,2,Interim,interim,NNP,NN
7098,East_Timor_2002,0,566,3,Office,office,NNP,NN
7099,East_Timor_2002,0,566,4,Share,share,NNP,NN
7100,East_Timor_2002,0,566,5,1,1,CD,CD
7101,East_Timor_2002,0,567,0,During,during,IN,IN
7102,East_Timor_2002,0,567,1,temporary,temporary,JJ,JJ
7103,East_Timor_2002,0,567,2,impediment,impediment,NN,NN
7104,East_Timor_2002,0,567,3,of,of,IN,IN
7105,East_Timor_2002,0,567,4,the,the,DT,DT
7106,East_Timor_2002,0,567,5,President,president,NNP,NN
7107,East_Timor_2002,0,567,6,of,of,IN,IN
7108,East_Timor_2002,0,567,7,the,the,DT,DT
7109,East_Timor_2002,0,567,8,Republic,republic,NNP,NN
7110,East_Timor_2002,0,567,10,the,the,DT,DT
7111,East_Timor_2002,0,567,11,presidential,presidential,JJ,JJ
7112,East_Timor_2002,0,567,12,functions,functions,NNS,NN
7113,East_Timor_2002,0,567,13,shall,shall,MD,MD
7114,East_Timor_2002,0,567,14,be,be,VB,VB
7115,East_Timor_2002,0,567,15,taken,taken,VBN,VB
7116,East_Timor_2002,0,567,16,over,over,RP,RP
7117,East_Timor_2002,0,567,17,by,by,IN,IN
7118,East_Timor_2002,0,567,18,the,the,DT,DT
7119,East_Timor_2002,0,567,19,President,president,NNP,NN
7120,East_Timor_2002,0,567,20,of,of,IN,IN
7121,East_Timor_2002,0,567,21,National,national,NNP,NN
7122,East_Timor_2002,0,567,22,Parliament,parliament,NNP,NN
7123,East_Timor_2002,0,567,23,or,or,CC,CC
7124,East_Timor_2002,0,567,25,in,in,IN,IN
7125,East_Timor_2002,0,567,26,case,case,NN,NN
7126,East_Timor_2002,0,567,27,of,of,IN,IN
7127,East_Timor_2002,0,567,28,impediment,impediment,NN,NN
7128,East_Timor_2002,0,567,29,of,of,IN,IN
7129,East_Timor_2002,0,567,30,the,the,DT,DT
7130,East_Timor_2002,0,567,31,latter,latter,NN,NN
7131,East_Timor_2002,0,567,33,by,by,IN,IN
7132,East_Timor_2002,0,567,34,his,his,PRP$,PR
7133,East_Timor_2002,0,567,35,or,or,CC,CC
7134,East_Timor_2002,0,567,36,her,her,PRP$,PR
7135,East_Timor_2002,0,567,37,replacement,replacement,NN,NN
7136,East_Timor_2002,0,568,0,2,2,CD,CD
7137,East_Timor_2002,0,569,0,The,the,DT,DT
7138,East_Timor_2002,0,569,1,parliamentary,parliamentary,JJ,JJ
7139,East_Timor_2002,0,569,2,mandate,mandate,NN,NN
7140,East_Timor_2002,0,569,3,of,of,IN,IN
7141,East_Timor_2002,0,569,4,the,the,DT,DT
7142,East_Timor_2002,0,569,5,President,president,NNP,NN
7143,East_Timor_2002,0,569,6,of,of,IN,IN
7144,East_Timor_2002,0,569,7,the,the,DT,DT
7145,East_Timor_2002,0,569,8,National,national,NNP,NN
7146,East_Timor_2002,0,569,9,Parliament,parliament,NNP,NN
7147,East_Timor_2002,0,569,10,or,or,CC,CC
7148,East_Timor_2002,0,569,11,of,of,IN,IN
7149,East_Timor_2002,0,569,12,his,his,PRP$,PR
7150,East_Timor_2002,0,569,13,or,or,CC,CC
7151,East_Timor_2002,0,569,14,her,her,PRP$,PR
7152,East_Timor_2002,0,569,15,replacement,replacement,NN,NN
7153,East_Timor_2002,0,569,16,shall,shall,MD,MD
7154,East_Timor_2002,0,569,17,be,be,VB,VB
7155,East_Timor_2002,0,569,18,automatically,automatically,RB,RB
7156,East_Timor_2002,0,569,19,suspended,suspended,VBN,VB
7157,East_Timor_2002,0,569,20,over,over,IN,IN
7158,East_Timor_2002,0,569,21,the,the,DT,DT
7159,East_Timor_2002,0,569,22,period,period,NN,NN
7160,East_Timor_2002,0,569,23,of,of,IN,IN
7161,East_Timor_2002,0,569,24,time,time,NN,NN
7162,East_Timor_2002,0,569,25,in,in,IN,IN
7163,East_Timor_2002,0,569,26,which,which,WDT,WD
7164,East_Timor_2002,0,569,27,he,he,PRP,PR
7165,East_Timor_2002,0,569,28,or,or,CC,CC
7166,East_Timor_2002,0,569,29,she,she,PRP,PR
7167,East_Timor_2002,0,569,30,holds,holds,VBZ,VB
7168,East_Timor_2002,0,569,31,the,the,DT,DT
7169,East_Timor_2002,0,569,32,office,office,NN,NN
7170,East_Timor_2002,0,569,33,of,of,IN,IN
7171,East_Timor_2002,0,569,34,President,president,NNP,NN
7172,East_Timor_2002,0,569,35,of,of,IN,IN
7173,East_Timor_2002,0,569,36,the,the,DT,DT
7174,East_Timor_2002,0,569,37,Republic,republic,NNP,NN
7175,East_Timor_2002,0,569,38,on,on,IN,IN
7176,East_Timor_2002,0,569,39,an,an,DT,DT
7177,East_Timor_2002,0,569,40,interim,interim,JJ,JJ
7178,East_Timor_2002,0,569,41,basis,basis,NN,NN
7179,East_Timor_2002,0,570,0,3,3,CD,CD
7180,East_Timor_2002,0,571,0,The,the,DT,DT
7181,East_Timor_2002,0,571,1,parliamentary,parliamentary,JJ,JJ
7182,East_Timor_2002,0,571,2,functions,functions,NNS,NN
7183,East_Timor_2002,0,571,3,of,of,IN,IN
7184,East_Timor_2002,0,571,4,the,the,DT,DT
7185,East_Timor_2002,0,571,5,replacing,replacing,NN,NN
7186,East_Timor_2002,0,571,6,or,or,CC,CC
7187,East_Timor_2002,0,571,7,interim,interim,JJ,JJ
7188,East_Timor_2002,0,571,8,President,president,NNP,NN
7189,East_Timor_2002,0,571,9,of,of,IN,IN
7190,East_Timor_2002,0,571,10,the,the,DT,DT
7191,East_Timor_2002,0,571,11,Republic,republic,NNP,NN
7192,East_Timor_2002,0,571,12,shall,shall,MD,MD
7193,East_Timor_2002,0,571,13,be,be,VB,VB
7194,East_Timor_2002,0,571,14,temporarily,temporarily,RB,RB
7195,East_Timor_2002,0,571,15,taken,taken,VBN,VB
7196,East_Timor_2002,0,571,16,over,over,RP,RP
7197,East_Timor_2002,0,571,17,in,in,IN,IN
7198,East_Timor_2002,0,571,18,accordance,accordance,NN,NN
7199,East_Timor_2002,0,571,19,with,with,IN,IN
7200,East_Timor_2002,0,571,20,the,the,DT,DT
7201,East_Timor_2002,0,571,21,Rules,rules,NNP,NN
7202,East_Timor_2002,0,571,22,of,of,IN,IN
7203,East_Timor_2002,0,571,23,Procedures,procedures,NNP,NN
7204,East_Timor_2002,0,571,24,of,of,IN,IN
7205,East_Timor_2002,0,571,25,the,the,DT,DT
7206,East_Timor_2002,0,571,26,National,national,NNP,NN
7207,East_Timor_2002,0,571,27,Parliament,parliament,NNP,NN
7208,East_Timor_2002,0,572,0,Chapter,chapter,NN,NN
7209,East_Timor_2002,0,572,1,Two,two,CD,CD
7210,East_Timor_2002,0,573,0,COMPETENCES,competences,NNS,NN
7211,East_Timor_2002,0,573,1,Article,article,VBP,VB
7212,East_Timor_2002,0,573,2,85,85,CD,CD
7213,East_Timor_2002,0,574,0,Competences,competences,NNS,NN
7214,East_Timor_2002,0,574,1,Share,share,NNP,NN
7215,East_Timor_2002,0,574,2,It,it,PRP,PR
7216,East_Timor_2002,0,574,3,is,is,VBZ,VB
7217,East_Timor_2002,0,574,4,exclusively,exclusively,RB,RB
7218,East_Timor_2002,0,574,5,incumbent,incumbent,JJ,JJ
7219,East_Timor_2002,0,574,6,upon,upon,IN,IN
7220,East_Timor_2002,0,574,7,the,the,DT,DT
7221,East_Timor_2002,0,574,8,President,president,NNP,NN
7222,East_Timor_2002,0,574,9,of,of,IN,IN
7223,East_Timor_2002,0,574,10,the,the,DT,DT
7224,East_Timor_2002,0,574,11,Republic,republic,NNP,NN
7225,East_Timor_2002,0,574,13,a.to,ato,JJ,JJ
7226,East_Timor_2002,0,574,14,promulgate,promulgate,NN,NN
7227,East_Timor_2002,0,574,15,statutes,statutes,NNS,NN
7228,East_Timor_2002,0,574,16,and,and,CC,CC
7229,East_Timor_2002,0,574,17,order,order,NN,NN
7230,East_Timor_2002,0,574,18,the,the,DT,DT
7231,East_Timor_2002,0,574,19,publication,publication,NN,NN
7232,East_Timor_2002,0,574,20,of,of,IN,IN
7233,East_Timor_2002,0,574,21,resolutions,resolutions,NNS,NN
7234,East_Timor_2002,0,574,22,by,by,IN,IN
7235,East_Timor_2002,0,574,23,the,the,DT,DT
7236,East_Timor_2002,0,574,24,National,national,NNP,NN
7237,East_Timor_2002,0,574,25,Parliament,parliament,NNP,NN
7238,East_Timor_2002,0,574,26,approving,approving,VBG,VB
7239,East_Timor_2002,0,574,27,agreements,agreements,NNS,NN
7240,East_Timor_2002,0,574,28,and,and,CC,CC
7241,East_Timor_2002,0,574,29,ratifying,ratifying,VBG,VB
7242,East_Timor_2002,0,574,30,international,international,JJ,JJ
7243,East_Timor_2002,0,574,31,treaties,treaties,NNS,NN
7244,East_Timor_2002,0,574,32,and,and,CC,CC
7245,East_Timor_2002,0,574,33,conventions,conventions,NNS,NN
7246,East_Timor_2002,0,574,35,b.exercise,bexercise,VB,VB
7247,East_Timor_2002,0,574,36,competences,competences,NNS,NN
7248,East_Timor_2002,0,574,37,inherent,inherent,JJ,JJ
7249,East_Timor_2002,0,574,38,in,in,IN,IN
7250,East_Timor_2002,0,574,39,the,the,DT,DT
7251,East_Timor_2002,0,574,40,functions,functions,NNS,NN
7252,East_Timor_2002,0,574,41,of,of,IN,IN
7253,East_Timor_2002,0,574,42,Supreme,supreme,NNP,NN
7254,East_Timor_2002,0,574,43,Commander,commander,NNP,NN
7255,East_Timor_2002,0,574,44,of,of,IN,IN
7256,East_Timor_2002,0,574,45,the,the,DT,DT
7257,East_Timor_2002,0,574,46,Defense,defense,NNP,NN
7258,East_Timor_2002,0,574,47,Force,force,NNP,NN
7259,East_Timor_2002,0,574,49,c.to,cto,NN,NN
7260,East_Timor_2002,0,574,50,exercise,exercise,VBP,VB
7261,East_Timor_2002,0,574,51,the,the,DT,DT
7262,East_Timor_2002,0,574,52,right,right,NN,NN
7263,East_Timor_2002,0,574,53,of,of,IN,IN
7264,East_Timor_2002,0,574,54,veto,veto,NN,NN
7265,East_Timor_2002,0,574,55,regarding,regarding,VBG,VB
7266,East_Timor_2002,0,574,56,any,any,DT,DT
7267,East_Timor_2002,0,574,57,statutes,statutes,NNS,NN
7268,East_Timor_2002,0,574,58,within,within,IN,IN
7269,East_Timor_2002,0,574,59,30,30,CD,CD
7270,East_Timor_2002,0,574,60,days,days,NNS,NN
7271,East_Timor_2002,0,574,61,from,from,IN,IN
7272,East_Timor_2002,0,574,62,the,the,DT,DT
7273,East_Timor_2002,0,574,63,date,date,NN,NN
7274,East_Timor_2002,0,574,64,of,of,IN,IN
7275,East_Timor_2002,0,574,65,their,their,PRP$,PR
7276,East_Timor_2002,0,574,66,receipt,receipt,NN,NN
7277,East_Timor_2002,0,574,68,d.to,dto,CC,CC
7278,East_Timor_2002,0,574,69,appoint,appoint,NN,NN
7279,East_Timor_2002,0,574,70,and,and,CC,CC
7280,East_Timor_2002,0,574,71,swear,swear,NN,NN
7281,East_Timor_2002,0,574,72,in,in,IN,IN
7282,East_Timor_2002,0,574,73,the,the,DT,DT
7283,East_Timor_2002,0,574,74,Prime,prime,NNP,NN
7284,East_Timor_2002,0,574,75,Minister,minister,NNP,NN
7285,East_Timor_2002,0,574,76,designated,designated,VBN,VB
7286,East_Timor_2002,0,574,77,by,by,IN,IN
7287,East_Timor_2002,0,574,78,the,the,DT,DT
7288,East_Timor_2002,0,574,79,party,party,NN,NN
7289,East_Timor_2002,0,574,80,or,or,CC,CC
7290,East_Timor_2002,0,574,81,alliance,alliance,NN,NN
7291,East_Timor_2002,0,574,82,parties,parties,NNS,NN
7292,East_Timor_2002,0,574,83,with,with,IN,IN
7293,East_Timor_2002,0,574,84,parliamentary,parliamentary,JJ,JJ
7294,East_Timor_2002,0,574,85,majority,majority,NN,NN
7295,East_Timor_2002,0,574,86,after,after,IN,IN
7296,East_Timor_2002,0,574,87,consultation,consultation,NN,NN
7297,East_Timor_2002,0,574,88,with,with,IN,IN
7298,East_Timor_2002,0,574,89,the,the,DT,DT
7299,East_Timor_2002,0,574,90,political,political,JJ,JJ
7300,East_Timor_2002,0,574,91,parties,parties,NNS,NN
7301,East_Timor_2002,0,574,92,sitting,sitting,VBG,VB
7302,East_Timor_2002,0,574,93,in,in,IN,IN
7303,East_Timor_2002,0,574,94,the,the,DT,DT
7304,East_Timor_2002,0,574,95,National,national,NNP,NN
7305,East_Timor_2002,0,574,96,Parliament,parliament,NNP,NN
7306,East_Timor_2002,0,574,98,e.to,eto,CC,CC
7307,East_Timor_2002,0,574,99,request,request,VB,VB
7308,East_Timor_2002,0,574,100,the,the,DT,DT
7309,East_Timor_2002,0,574,101,Supreme,supreme,NNP,NN
7310,East_Timor_2002,0,574,102,Court,court,NNP,NN
7311,East_Timor_2002,0,574,103,of,of,IN,IN
7312,East_Timor_2002,0,574,104,Justice,justice,NNP,NN
7313,East_Timor_2002,0,574,105,to,to,TO,TO
7314,East_Timor_2002,0,574,106,undertake,undertake,VB,VB
7315,East_Timor_2002,0,574,107,a,a,DT,DT
7316,East_Timor_2002,0,574,108,preventive,preventive,JJ,JJ
7317,East_Timor_2002,0,574,109,appraisal,appraisal,NN,NN
7318,East_Timor_2002,0,574,110,and,and,CC,CC
7319,East_Timor_2002,0,574,111,abstract,abstract,JJ,JJ
7320,East_Timor_2002,0,574,112,review,review,NN,NN
7321,East_Timor_2002,0,574,113,of,of,IN,IN
7322,East_Timor_2002,0,574,114,the,the,DT,DT
7323,East_Timor_2002,0,574,115,constitutionality,constitutionality,NN,NN
7324,East_Timor_2002,0,574,116,of,of,IN,IN
7325,East_Timor_2002,0,574,117,the,the,DT,DT
7326,East_Timor_2002,0,574,118,rules,rules,NNS,NN
7327,East_Timor_2002,0,574,120,as,as,RB,RB
7328,East_Timor_2002,0,574,121,well,well,RB,RB
7329,East_Timor_2002,0,574,122,as,as,IN,IN
7330,East_Timor_2002,0,574,123,verification,verification,NN,NN
7331,East_Timor_2002,0,574,124,of,of,IN,IN
7332,East_Timor_2002,0,574,125,unconstitutionality,unconstitutionality,NN,NN
7333,East_Timor_2002,0,574,126,by,by,IN,IN
7334,East_Timor_2002,0,574,127,omission,omission,NN,NN
7335,East_Timor_2002,0,574,129,f.to,fto,CC,CC
7336,East_Timor_2002,0,574,130,submit,submit,VBP,VB
7337,East_Timor_2002,0,574,131,relevant,relevant,JJ,JJ
7338,East_Timor_2002,0,574,132,issues,issues,NNS,NN
7339,East_Timor_2002,0,574,133,of,of,IN,IN
7340,East_Timor_2002,0,574,134,national,national,JJ,JJ
7341,East_Timor_2002,0,574,135,interest,interest,NN,NN
7342,East_Timor_2002,0,574,136,to,to,TO,TO
7343,East_Timor_2002,0,574,137,a,a,DT,DT
7344,East_Timor_2002,0,574,138,referendum,referendum,NN,NN
7345,East_Timor_2002,0,574,139,provided,provided,VBN,VB
7346,East_Timor_2002,0,574,140,in,in,IN,IN
7347,East_Timor_2002,0,574,141,Article,article,NNP,NN
7348,East_Timor_2002,0,574,142,66,66,CD,CD
7349,East_Timor_2002,0,574,144,g.to,gto,NNS,NN
7350,East_Timor_2002,0,574,145,declare,declare,VBP,VB
7351,East_Timor_2002,0,574,146,the,the,DT,DT
7352,East_Timor_2002,0,574,147,state,state,NN,NN
7353,East_Timor_2002,0,574,148,of,of,IN,IN
7354,East_Timor_2002,0,574,149,siege,siege,NN,NN
7355,East_Timor_2002,0,574,150,or,or,CC,CC
7356,East_Timor_2002,0,574,151,a,a,DT,DT
7357,East_Timor_2002,0,574,152,state,state,NN,NN
7358,East_Timor_2002,0,574,153,of,of,IN,IN
7359,East_Timor_2002,0,574,154,emergency,emergency,NN,NN
7360,East_Timor_2002,0,574,155,following,following,VBG,VB
7361,East_Timor_2002,0,574,156,authorization,authorization,NN,NN
7362,East_Timor_2002,0,574,157,by,by,IN,IN
7363,East_Timor_2002,0,574,158,the,the,DT,DT
7364,East_Timor_2002,0,574,159,National,national,NNP,NN
7365,East_Timor_2002,0,574,160,Parliament,parliament,NNP,NN
7366,East_Timor_2002,0,574,162,after,after,IN,IN
7367,East_Timor_2002,0,574,163,consultation,consultation,NN,NN
7368,East_Timor_2002,0,574,164,with,with,IN,IN
7369,East_Timor_2002,0,574,165,the,the,DT,DT
7370,East_Timor_2002,0,574,166,Council,council,NNP,NN
7371,East_Timor_2002,0,574,167,of,of,IN,IN
7372,East_Timor_2002,0,574,168,State,state,NNP,NN
7373,East_Timor_2002,0,574,170,the,the,DT,DT
7374,East_Timor_2002,0,574,171,government,government,NN,NN
7375,East_Timor_2002,0,574,172,and,and,CC,CC
7376,East_Timor_2002,0,574,173,the,the,DT,DT
7377,East_Timor_2002,0,574,174,Supreme,supreme,NNP,NN
7378,East_Timor_2002,0,574,175,Council,council,NNP,NN
7379,East_Timor_2002,0,574,176,of,of,IN,IN
7380,East_Timor_2002,0,574,177,Defense,defense,NNP,NN
7381,East_Timor_2002,0,574,178,and,and,CC,CC
7382,East_Timor_2002,0,574,179,Security,security,NNP,NN
7383,East_Timor_2002,0,574,181,h.to,hto,PRP$,PR
7384,East_Timor_2002,0,574,182,declare,declare,JJ,JJ
7385,East_Timor_2002,0,574,183,war,war,NN,NN
7386,East_Timor_2002,0,574,184,and,and,CC,CC
7387,East_Timor_2002,0,574,185,make,make,VB,VB
7388,East_Timor_2002,0,574,186,peace,peace,NN,NN
7389,East_Timor_2002,0,574,187,following,following,VBG,VB
7390,East_Timor_2002,0,574,188,a,a,DT,DT
7391,East_Timor_2002,0,574,189,Government,government,NNP,NN
7392,East_Timor_2002,0,574,190,proposal,proposal,NN,NN
7393,East_Timor_2002,0,574,192,after,after,IN,IN
7394,East_Timor_2002,0,574,193,consultation,consultation,NN,NN
7395,East_Timor_2002,0,574,194,with,with,IN,IN
7396,East_Timor_2002,0,574,195,the,the,DT,DT
7397,East_Timor_2002,0,574,196,Council,council,NNP,NN
7398,East_Timor_2002,0,574,197,of,of,IN,IN
7399,East_Timor_2002,0,574,198,State,state,NNP,NN
7400,East_Timor_2002,0,574,199,and,and,CC,CC
7401,East_Timor_2002,0,574,200,the,the,DT,DT
7402,East_Timor_2002,0,574,201,Supreme,supreme,NNP,NN
7403,East_Timor_2002,0,574,202,Council,council,NNP,NN
7404,East_Timor_2002,0,574,203,of,of,IN,IN
7405,East_Timor_2002,0,574,204,Defense,defense,NNP,NN
7406,East_Timor_2002,0,574,205,and,and,CC,CC
7407,East_Timor_2002,0,574,206,Security,security,NNP,NN
7408,East_Timor_2002,0,574,208,under,under,IN,IN
7409,East_Timor_2002,0,574,209,authorization,authorization,NN,NN
7410,East_Timor_2002,0,574,210,of,of,IN,IN
7411,East_Timor_2002,0,574,211,the,the,DT,DT
7412,East_Timor_2002,0,574,212,National,national,NNP,NN
7413,East_Timor_2002,0,574,213,Parliament,parliament,NNP,NN
7414,East_Timor_2002,0,574,215,i.to,ito,JJ,JJ
7415,East_Timor_2002,0,574,216,grant,grant,NN,NN
7416,East_Timor_2002,0,574,217,pardons,pardons,NNS,NN
7417,East_Timor_2002,0,574,218,and,and,CC,CC
7418,East_Timor_2002,0,574,219,commute,commute,NN,NN
7419,East_Timor_2002,0,574,220,sentences,sentences,NNS,NN
7420,East_Timor_2002,0,574,221,after,after,IN,IN
7421,East_Timor_2002,0,574,222,consultation,consultation,NN,NN
7422,East_Timor_2002,0,574,223,with,with,IN,IN
7423,East_Timor_2002,0,574,224,the,the,DT,DT
7424,East_Timor_2002,0,574,225,Government,government,NNP,NN
7425,East_Timor_2002,0,574,227,j.to,jto,CC,CC
7426,East_Timor_2002,0,574,228,award,award,IN,IN
7427,East_Timor_2002,0,574,229,honorary,honorary,JJ,JJ
7428,East_Timor_2002,0,574,230,titles,titles,NNS,NN
7429,East_Timor_2002,0,574,232,decorations,decorations,NNS,NN
7430,East_Timor_2002,0,574,233,and,and,CC,CC
7431,East_Timor_2002,0,574,234,merits,merits,NNS,NN
7432,East_Timor_2002,0,574,235,in,in,IN,IN
7433,East_Timor_2002,0,574,236,accordance,accordance,NN,NN
7434,East_Timor_2002,0,574,237,with,with,IN,IN
7435,East_Timor_2002,0,574,238,the,the,DT,DT
7436,East_Timor_2002,0,574,239,law,law,NN,NN
7437,East_Timor_2002,0,575,0,Article,article,NN,NN
7438,East_Timor_2002,0,575,1,86,86,CD,CD
7439,East_Timor_2002,0,576,0,Competences,competences,NNS,NN
7440,East_Timor_2002,0,576,1,with,with,IN,IN
7441,East_Timor_2002,0,576,2,Regard,regard,NNP,NN
7442,East_Timor_2002,0,576,3,to,to,TO,TO
7443,East_Timor_2002,0,576,4,Other,other,JJ,JJ
7444,East_Timor_2002,0,576,5,Organs,organs,NNPS,NN
7445,East_Timor_2002,0,576,6,Share,share,VBP,VB
7446,East_Timor_2002,0,576,7,It,it,PRP,PR
7447,East_Timor_2002,0,576,8,is,is,VBZ,VB
7448,East_Timor_2002,0,576,9,incumbent,incumbent,JJ,JJ
7449,East_Timor_2002,0,576,10,upon,upon,IN,IN
7450,East_Timor_2002,0,576,11,the,the,DT,DT
7451,East_Timor_2002,0,576,12,President,president,NNP,NN
7452,East_Timor_2002,0,576,13,of,of,IN,IN
7453,East_Timor_2002,0,576,14,the,the,DT,DT
7454,East_Timor_2002,0,576,15,Republic,republic,NNP,NN
7455,East_Timor_2002,0,576,17,with,with,IN,IN
7456,East_Timor_2002,0,576,18,regard,regard,NN,NN
7457,East_Timor_2002,0,576,19,to,to,TO,TO
7458,East_Timor_2002,0,576,20,other,other,JJ,JJ
7459,East_Timor_2002,0,576,21,organs,organs,NNS,NN
7460,East_Timor_2002,0,576,23,a.to,ato,NN,NN
7461,East_Timor_2002,0,576,24,chair,chair,VBZ,VB
7462,East_Timor_2002,0,576,25,the,the,DT,DT
7463,East_Timor_2002,0,576,26,Supreme,supreme,NNP,NN
7464,East_Timor_2002,0,576,27,Council,council,NNP,NN
7465,East_Timor_2002,0,576,28,of,of,IN,IN
7466,East_Timor_2002,0,576,29,Defense,defense,NNP,NN
7467,East_Timor_2002,0,576,30,and,and,CC,CC
7468,East_Timor_2002,0,576,31,Security,security,NNP,NN
7469,East_Timor_2002,0,576,33,b.to,bto,CC,CC
7470,East_Timor_2002,0,576,34,chair,chair,VB,VB
7471,East_Timor_2002,0,576,35,the,the,DT,DT
7472,East_Timor_2002,0,576,36,Council,council,NNP,NN
7473,East_Timor_2002,0,576,37,of,of,IN,IN
7474,East_Timor_2002,0,576,38,State,state,NNP,NN
7475,East_Timor_2002,0,576,40,c.to,cto,NN,NN
7476,East_Timor_2002,0,576,41,set,set,NN,NN
7477,East_Timor_2002,0,576,42,dates,dates,NNS,NN
7478,East_Timor_2002,0,576,43,for,for,IN,IN
7479,East_Timor_2002,0,576,44,elections,elections,NNS,NN
7480,East_Timor_2002,0,576,45,of,of,IN,IN
7481,East_Timor_2002,0,576,46,the,the,DT,DT
7482,East_Timor_2002,0,576,47,President,president,NNP,NN
7483,East_Timor_2002,0,576,48,and,and,CC,CC
7484,East_Timor_2002,0,576,49,the,the,DT,DT
7485,East_Timor_2002,0,576,50,National,national,NNP,NN
7486,East_Timor_2002,0,576,51,Parliament,parliament,NNP,NN
7487,East_Timor_2002,0,576,52,in,in,IN,IN
7488,East_Timor_2002,0,576,53,accordance,accordance,NN,NN
7489,East_Timor_2002,0,576,54,with,with,IN,IN
7490,East_Timor_2002,0,576,55,the,the,DT,DT
7491,East_Timor_2002,0,576,56,law,law,NN,NN
7492,East_Timor_2002,0,576,58,d.to,dto,CC,CC
7493,East_Timor_2002,0,576,59,request,request,VB,VB
7494,East_Timor_2002,0,576,60,the,the,DT,DT
7495,East_Timor_2002,0,576,61,convening,convening,NN,NN
7496,East_Timor_2002,0,576,62,of,of,IN,IN
7497,East_Timor_2002,0,576,63,extraordinary,extraordinary,JJ,JJ
7498,East_Timor_2002,0,576,64,sessions,sessions,NNS,NN
7499,East_Timor_2002,0,576,65,of,of,IN,IN
7500,East_Timor_2002,0,576,66,the,the,DT,DT
7501,East_Timor_2002,0,576,67,National,national,NNP,NN
7502,East_Timor_2002,0,576,68,Parliament,parliament,NNP,NN
7503,East_Timor_2002,0,576,70,whenever,whenever,RB,RB
7504,East_Timor_2002,0,576,71,imperative,imperative,JJ,JJ
7505,East_Timor_2002,0,576,72,reasons,reasons,NNS,NN
7506,East_Timor_2002,0,576,73,of,of,IN,IN
7507,East_Timor_2002,0,576,74,national,national,JJ,JJ
7508,East_Timor_2002,0,576,75,interest,interest,NN,NN
7509,East_Timor_2002,0,576,76,justify,justify,NN,NN
7510,East_Timor_2002,0,576,77,it,it,PRP,PR
7511,East_Timor_2002,0,576,79,e.to,eto,CC,CC
7512,East_Timor_2002,0,576,80,address,address,NN,NN
7513,East_Timor_2002,0,576,81,messages,messages,NNS,NN
7514,East_Timor_2002,0,576,82,to,to,TO,TO
7515,East_Timor_2002,0,576,83,the,the,DT,DT
7516,East_Timor_2002,0,576,84,National,national,NNP,NN
7517,East_Timor_2002,0,576,85,Parliament,parliament,NNP,NN
7518,East_Timor_2002,0,576,86,and,and,CC,CC
7519,East_Timor_2002,0,576,87,the,the,DT,DT
7520,East_Timor_2002,0,576,88,country,country,NN,NN
7521,East_Timor_2002,0,576,90,f.to,fto,CC,CC
7522,East_Timor_2002,0,576,91,dissolve,dissolve,VB,VB
7523,East_Timor_2002,0,576,92,the,the,DT,DT
7524,East_Timor_2002,0,576,93,National,national,NNP,NN
7525,East_Timor_2002,0,576,94,Parliament,parliament,NNP,NN
7526,East_Timor_2002,0,576,95,in,in,IN,IN
7527,East_Timor_2002,0,576,96,case,case,NN,NN
7528,East_Timor_2002,0,576,97,of,of,IN,IN
7529,East_Timor_2002,0,576,98,a,a,DT,DT
7530,East_Timor_2002,0,576,99,serious,serious,JJ,JJ
7531,East_Timor_2002,0,576,100,institutional,institutional,JJ,JJ
7532,East_Timor_2002,0,576,101,crisis,crisis,NN,NN
7533,East_Timor_2002,0,576,102,preventing,preventing,VBG,VB
7534,East_Timor_2002,0,576,103,the,the,DT,DT
7535,East_Timor_2002,0,576,104,formation,formation,NN,NN
7536,East_Timor_2002,0,576,105,of,of,IN,IN
7537,East_Timor_2002,0,576,106,a,a,DT,DT
7538,East_Timor_2002,0,576,107,government,government,NN,NN
7539,East_Timor_2002,0,576,108,or,or,CC,CC
7540,East_Timor_2002,0,576,109,the,the,DT,DT
7541,East_Timor_2002,0,576,110,approval,approval,NN,NN
7542,East_Timor_2002,0,576,111,of,of,IN,IN
7543,East_Timor_2002,0,576,112,the,the,DT,DT
7544,East_Timor_2002,0,576,113,State,state,NNP,NN
7545,East_Timor_2002,0,576,114,Budget,budget,NNP,NN
7546,East_Timor_2002,0,576,115,and,and,CC,CC
7547,East_Timor_2002,0,576,116,lasting,lasting,VBG,VB
7548,East_Timor_2002,0,576,117,more,more,JJR,JJ
7549,East_Timor_2002,0,576,118,than,than,IN,IN
7550,East_Timor_2002,0,576,119,sixty,sixty,JJ,JJ
7551,East_Timor_2002,0,576,120,days,days,NNS,NN
7552,East_Timor_2002,0,576,122,after,after,IN,IN
7553,East_Timor_2002,0,576,123,consultation,consultation,NN,NN
7554,East_Timor_2002,0,576,124,with,with,IN,IN
7555,East_Timor_2002,0,576,125,political,political,JJ,JJ
7556,East_Timor_2002,0,576,126,parties,parties,NNS,NN
7557,East_Timor_2002,0,576,127,sitting,sitting,VBG,VB
7558,East_Timor_2002,0,576,128,in,in,IN,IN
7559,East_Timor_2002,0,576,129,the,the,DT,DT
7560,East_Timor_2002,0,576,130,Parliament,parliament,NNP,NN
7561,East_Timor_2002,0,576,131,and,and,CC,CC
7562,East_Timor_2002,0,576,132,with,with,IN,IN
7563,East_Timor_2002,0,576,133,the,the,DT,DT
7564,East_Timor_2002,0,576,134,Council,council,NNP,NN
7565,East_Timor_2002,0,576,135,of,of,IN,IN
7566,East_Timor_2002,0,576,136,State,state,NNP,NN
7567,East_Timor_2002,0,576,138,on,on,IN,IN
7568,East_Timor_2002,0,576,139,pain,pain,NN,NN
7569,East_Timor_2002,0,576,140,of,of,IN,IN
7570,East_Timor_2002,0,576,141,rendering,rendering,VBG,VB
7571,East_Timor_2002,0,576,142,the,the,DT,DT
7572,East_Timor_2002,0,576,143,act,act,NN,NN
7573,East_Timor_2002,0,576,144,of,of,IN,IN
7574,East_Timor_2002,0,576,145,dissolution,dissolution,NN,NN
7575,East_Timor_2002,0,576,146,null,null,NN,NN
7576,East_Timor_2002,0,576,147,and,and,CC,CC
7577,East_Timor_2002,0,576,148,void,void,NN,NN
7578,East_Timor_2002,0,576,150,taking,taking,VBG,VB
7579,East_Timor_2002,0,576,151,into,into,IN,IN
7580,East_Timor_2002,0,576,152,consideration,consideration,NN,NN
7581,East_Timor_2002,0,576,153,provisions,provisions,NNS,NN
7582,East_Timor_2002,0,576,154,of,of,IN,IN
7583,East_Timor_2002,0,576,155,Article,article,NNP,NN
7584,East_Timor_2002,0,576,156,100,100,CD,CD
7585,East_Timor_2002,0,576,158,g.to,gto,NN,NN
7586,East_Timor_2002,0,576,159,dismiss,dismiss,IN,IN
7587,East_Timor_2002,0,576,160,the,the,DT,DT
7588,East_Timor_2002,0,576,161,Government,government,NNP,NN
7589,East_Timor_2002,0,576,162,and,and,CC,CC
7590,East_Timor_2002,0,576,163,remove,remove,VB,VB
7591,East_Timor_2002,0,576,164,the,the,DT,DT
7592,East_Timor_2002,0,576,165,Prime,prime,NNP,NN
7593,East_Timor_2002,0,576,166,Minister,minister,NNP,NN
7594,East_Timor_2002,0,576,167,from,from,IN,IN
7595,East_Timor_2002,0,576,168,office,office,NN,NN
7596,East_Timor_2002,0,576,169,after,after,IN,IN
7597,East_Timor_2002,0,576,170,the,the,DT,DT
7598,East_Timor_2002,0,576,171,National,national,NNP,NN
7599,East_Timor_2002,0,576,172,Parliament,parliament,NNP,NN
7600,East_Timor_2002,0,576,173,has,has,VBZ,VB
7601,East_Timor_2002,0,576,174,rejected,rejected,VBN,VB
7602,East_Timor_2002,0,576,175,his,his,PRP$,PR
7603,East_Timor_2002,0,576,176,or,or,CC,CC
7604,East_Timor_2002,0,576,177,her,her,PRP$,PR
7605,East_Timor_2002,0,576,178,program,program,NN,NN
7606,East_Timor_2002,0,576,179,for,for,IN,IN
7607,East_Timor_2002,0,576,180,two,two,CD,CD
7608,East_Timor_2002,0,576,181,consecutive,consecutive,JJ,JJ
7609,East_Timor_2002,0,576,182,times,times,NNS,NN
7610,East_Timor_2002,0,576,184,h.to,hto,PRP,PR
7611,East_Timor_2002,0,576,185,appoint,appoint,VBP,VB
7612,East_Timor_2002,0,576,187,swear,swear,VBP,VB
7613,East_Timor_2002,0,576,188,in,in,IN,IN
7614,East_Timor_2002,0,576,189,and,and,CC,CC
7615,East_Timor_2002,0,576,190,remove,remove,VB,VB
7616,East_Timor_2002,0,576,191,Government,government,NNP,NN
7617,East_Timor_2002,0,576,192,Members,members,NNP,NN
7618,East_Timor_2002,0,576,193,from,from,IN,IN
7619,East_Timor_2002,0,576,194,office,office,NN,NN
7620,East_Timor_2002,0,576,196,following,following,VBG,VB
7621,East_Timor_2002,0,576,197,a,a,DT,DT
7622,East_Timor_2002,0,576,198,proposal,proposal,NN,NN
7623,East_Timor_2002,0,576,199,by,by,IN,IN
7624,East_Timor_2002,0,576,200,the,the,DT,DT
7625,East_Timor_2002,0,576,201,Prime,prime,NNP,NN
7626,East_Timor_2002,0,576,202,Minister,minister,NNP,NN
7627,East_Timor_2002,0,576,204,in,in,IN,IN
7628,East_Timor_2002,0,576,205,accordance,accordance,NN,NN
7629,East_Timor_2002,0,576,206,with,with,IN,IN
7630,East_Timor_2002,0,576,207,number,number,NN,NN
7631,East_Timor_2002,0,576,208,2,2,CD,CD
7632,East_Timor_2002,0,576,210,Article,article,NNP,NN
7633,East_Timor_2002,0,576,211,106,106,CD,CD
7634,East_Timor_2002,0,576,213,i.to,ito,JJ,JJ
7635,East_Timor_2002,0,576,214,appoint,appoint,NN,NN
7636,East_Timor_2002,0,576,215,two,two,CD,CD
7637,East_Timor_2002,0,576,216,members,members,NNS,NN
7638,East_Timor_2002,0,576,217,of,of,IN,IN
7639,East_Timor_2002,0,576,218,the,the,DT,DT
7640,East_Timor_2002,0,576,219,Supreme,supreme,NNP,NN
7641,East_Timor_2002,0,576,220,Council,council,NNP,NN
7642,East_Timor_2002,0,576,221,of,of,IN,IN
7643,East_Timor_2002,0,576,222,Defense,defense,NNP,NN
7644,East_Timor_2002,0,576,223,and,and,CC,CC
7645,East_Timor_2002,0,576,224,Security,security,NNP,NN
7646,East_Timor_2002,0,576,226,j.to,jto,NN,NN
7647,East_Timor_2002,0,576,227,appoint,appoint,IN,IN
7648,East_Timor_2002,0,576,228,the,the,DT,DT
7649,East_Timor_2002,0,576,229,President,president,NNP,NN
7650,East_Timor_2002,0,576,230,of,of,IN,IN
7651,East_Timor_2002,0,576,231,the,the,DT,DT
7652,East_Timor_2002,0,576,232,Supreme,supreme,NNP,NN
7653,East_Timor_2002,0,576,233,Court,court,NNP,NN
7654,East_Timor_2002,0,576,234,of,of,IN,IN
7655,East_Timor_2002,0,576,235,Justice,justice,NNP,NN
7656,East_Timor_2002,0,576,236,and,and,CC,CC
7657,East_Timor_2002,0,576,237,swear,swear,VB,VB
7658,East_Timor_2002,0,576,238,in,in,IN,IN
7659,East_Timor_2002,0,576,239,the,the,DT,DT
7660,East_Timor_2002,0,576,240,President,president,NNP,NN
7661,East_Timor_2002,0,576,241,of,of,IN,IN
7662,East_Timor_2002,0,576,242,the,the,DT,DT
7663,East_Timor_2002,0,576,243,High,high,NNP,NN
7664,East_Timor_2002,0,576,244,Administrative,administrative,NNP,NN
7665,East_Timor_2002,0,576,245,Court,court,NNP,NN
7666,East_Timor_2002,0,576,247,the,the,DT,DT
7667,East_Timor_2002,0,576,248,Tax,tax,NNP,NN
7668,East_Timor_2002,0,576,249,Court,court,NNP,NN
7669,East_Timor_2002,0,576,250,and,and,CC,CC
7670,East_Timor_2002,0,576,251,the,the,DT,DT
7671,East_Timor_2002,0,576,252,Court,court,NNP,NN
7672,East_Timor_2002,0,576,253,of,of,IN,IN
7673,East_Timor_2002,0,576,254,Accounts,accounts,NNPS,NN
7674,East_Timor_2002,0,576,256,k.to,kto,VB,VB
7675,East_Timor_2002,0,576,257,appoint,appoint,IN,IN
7676,East_Timor_2002,0,576,258,the,the,DT,DT
7677,East_Timor_2002,0,576,259,Prosecutor-General,prosecutorgeneral,NNP,NN
7678,East_Timor_2002,0,576,260,for,for,IN,IN
7679,East_Timor_2002,0,576,261,a,a,DT,DT
7680,East_Timor_2002,0,576,262,term,term,NN,NN
7681,East_Timor_2002,0,576,263,of,of,IN,IN
7682,East_Timor_2002,0,576,264,four,four,CD,CD
7683,East_Timor_2002,0,576,265,years,years,NNS,NN
7684,East_Timor_2002,0,576,267,l.to,lto,CC,CC
7685,East_Timor_2002,0,576,268,appoint,appoint,NN,NN
7686,East_Timor_2002,0,576,269,and,and,CC,CC
7687,East_Timor_2002,0,576,270,dismiss,dismiss,VB,VB
7688,East_Timor_2002,0,576,271,the,the,DT,DT
7689,East_Timor_2002,0,576,272,Deputy,deputy,NNP,NN
7690,East_Timor_2002,0,576,273,Prosecutor-General,prosecutorgeneral,NNP,NN
7691,East_Timor_2002,0,576,274,in,in,IN,IN
7692,East_Timor_2002,0,576,275,accordance,accordance,NN,NN
7693,East_Timor_2002,0,576,276,with,with,IN,IN
7694,East_Timor_2002,0,576,277,number,number,NN,NN
7695,East_Timor_2002,0,576,278,6,6,CD,CD
7696,East_Timor_2002,0,576,280,Article,article,NNP,NN
7697,East_Timor_2002,0,576,281,133,133,CD,CD
7698,East_Timor_2002,0,576,283,m.to,mto,CC,CC
7699,East_Timor_2002,0,576,284,appoint,appoint,NN,NN
7700,East_Timor_2002,0,576,285,and,and,CC,CC
7701,East_Timor_2002,0,576,286,dismiss,dismiss,VB,VB
7702,East_Timor_2002,0,576,288,following,following,VBG,VB
7703,East_Timor_2002,0,576,289,proposal,proposal,NN,NN
7704,East_Timor_2002,0,576,290,by,by,IN,IN
7705,East_Timor_2002,0,576,291,the,the,DT,DT
7706,East_Timor_2002,0,576,292,Government,government,NNP,NN
7707,East_Timor_2002,0,576,294,the,the,DT,DT
7708,East_Timor_2002,0,576,295,General,general,NNP,NN
7709,East_Timor_2002,0,576,296,Chief,chief,NNP,NN
7710,East_Timor_2002,0,576,297,of,of,IN,IN
7711,East_Timor_2002,0,576,298,Staff,staff,NNP,NN
7712,East_Timor_2002,0,576,299,of,of,IN,IN
7713,East_Timor_2002,0,576,300,the,the,DT,DT
7714,East_Timor_2002,0,576,301,Defense,defense,NNP,NN
7715,East_Timor_2002,0,576,302,Force,force,NNP,NN
7716,East_Timor_2002,0,576,304,the,the,DT,DT
7717,East_Timor_2002,0,576,305,Deputy,deputy,NNP,NN
7718,East_Timor_2002,0,576,306,General,general,NNP,NN
7719,East_Timor_2002,0,576,307,Chief,chief,NNP,NN
7720,East_Timor_2002,0,576,308,of,of,IN,IN
7721,East_Timor_2002,0,576,309,Staff,staff,NNP,NN
7722,East_Timor_2002,0,576,310,of,of,IN,IN
7723,East_Timor_2002,0,576,311,the,the,DT,DT
7724,East_Timor_2002,0,576,312,Defense,defense,NNP,NN
7725,East_Timor_2002,0,576,313,Force,force,NNP,NN
7726,East_Timor_2002,0,576,315,and,and,CC,CC
7727,East_Timor_2002,0,576,316,the,the,DT,DT
7728,East_Timor_2002,0,576,317,Chiefs,chiefs,NNP,NN
7729,East_Timor_2002,0,576,318,of,of,IN,IN
7730,East_Timor_2002,0,576,319,Staff,staff,NNP,NN
7731,East_Timor_2002,0,576,320,of,of,IN,IN
7732,East_Timor_2002,0,576,321,the,the,DT,DT
7733,East_Timor_2002,0,576,322,Defense,defense,NNP,NN
7734,East_Timor_2002,0,576,323,Force,force,NNP,NN
7735,East_Timor_2002,0,576,325,after,after,IN,IN
7736,East_Timor_2002,0,576,326,consultation,consultation,NN,NN
7737,East_Timor_2002,0,576,327,with,with,IN,IN
7738,East_Timor_2002,0,576,328,the,the,DT,DT
7739,East_Timor_2002,0,576,329,General,general,NNP,NN
7740,East_Timor_2002,0,576,330,Chief,chief,NNP,NN
7741,East_Timor_2002,0,576,331,of,of,IN,IN
7742,East_Timor_2002,0,576,332,Staff,staff,NNP,NN
7743,East_Timor_2002,0,576,333,regarding,regarding,VBG,VB
7744,East_Timor_2002,0,576,334,the,the,DT,DT
7745,East_Timor_2002,0,576,335,latter,latter,JJ,JJ
7746,East_Timor_2002,0,576,336,two,two,CD,CD
7747,East_Timor_2002,0,576,337,cases,cases,NNS,NN
7748,East_Timor_2002,0,576,339,n.to,nto,CC,CC
7749,East_Timor_2002,0,576,340,appoint,appoint,VB,VB
7750,East_Timor_2002,0,576,341,five,five,CD,CD
7751,East_Timor_2002,0,576,342,Members,members,NNS,NN
7752,East_Timor_2002,0,576,343,for,for,IN,IN
7753,East_Timor_2002,0,576,344,the,the,DT,DT
7754,East_Timor_2002,0,576,345,Council,council,NNP,NN
7755,East_Timor_2002,0,576,346,of,of,IN,IN
7756,East_Timor_2002,0,576,347,State,state,NNP,NN
7757,East_Timor_2002,0,576,349,o.to,oto,PRP,PR
7758,East_Timor_2002,0,576,350,appoint,appoint,VBP,VB
7759,East_Timor_2002,0,576,351,one,one,CD,CD
7760,East_Timor_2002,0,576,352,member,member,NN,NN
7761,East_Timor_2002,0,576,353,for,for,IN,IN
7762,East_Timor_2002,0,576,354,the,the,DT,DT
7763,East_Timor_2002,0,576,355,Superior,superior,NNP,NN
7764,East_Timor_2002,0,576,356,Council,council,NNP,NN
7765,East_Timor_2002,0,576,357,of,of,IN,IN
7766,East_Timor_2002,0,576,358,the,the,DT,DT
7767,East_Timor_2002,0,576,359,Judiciary,judiciary,NNP,NN
7768,East_Timor_2002,0,576,360,and,and,CC,CC
7769,East_Timor_2002,0,576,361,for,for,IN,IN
7770,East_Timor_2002,0,576,362,the,the,DT,DT
7771,East_Timor_2002,0,576,363,Superior,superior,NNP,NN
7772,East_Timor_2002,0,576,364,Council,council,NNP,NN
7773,East_Timor_2002,0,576,365,for,for,IN,IN
7774,East_Timor_2002,0,576,366,the,the,DT,DT
7775,East_Timor_2002,0,576,367,Public,public,NNP,NN
7776,East_Timor_2002,0,576,368,Prosecution,prosecution,NNP,NN
7777,East_Timor_2002,0,577,0,Article,article,NN,NN
7778,East_Timor_2002,0,577,1,87,87,CD,CD
7779,East_Timor_2002,0,578,0,Competences,competences,NNS,NN
7780,East_Timor_2002,0,578,1,with,with,IN,IN
7781,East_Timor_2002,0,578,2,Regard,regard,NNP,NN
7782,East_Timor_2002,0,578,3,to,to,TO,TO
7783,East_Timor_2002,0,578,4,International,international,NNP,NN
7784,East_Timor_2002,0,578,5,Relations,relations,NNPS,NN
7785,East_Timor_2002,0,578,6,Share,share,NNP,NN
7786,East_Timor_2002,0,578,7,It,it,PRP,PR
7787,East_Timor_2002,0,578,8,is,is,VBZ,VB
7788,East_Timor_2002,0,578,9,incumbent,incumbent,JJ,JJ
7789,East_Timor_2002,0,578,10,upon,upon,IN,IN
7790,East_Timor_2002,0,578,11,the,the,DT,DT
7791,East_Timor_2002,0,578,12,President,president,NNP,NN
7792,East_Timor_2002,0,578,13,of,of,IN,IN
7793,East_Timor_2002,0,578,14,the,the,DT,DT
7794,East_Timor_2002,0,578,15,Republic,republic,NNP,NN
7795,East_Timor_2002,0,578,17,in,in,IN,IN
7796,East_Timor_2002,0,578,18,the,the,DT,DT
7797,East_Timor_2002,0,578,19,field,field,NN,NN
7798,East_Timor_2002,0,578,20,of,of,IN,IN
7799,East_Timor_2002,0,578,21,international,international,JJ,JJ
7800,East_Timor_2002,0,578,22,relations,relations,NNS,NN
7801,East_Timor_2002,0,578,24,a.to,ato,NN,NN
7802,East_Timor_2002,0,578,25,declare,declare,NN,NN
7803,East_Timor_2002,0,578,26,war,war,NN,NN
7804,East_Timor_2002,0,578,27,in,in,IN,IN
7805,East_Timor_2002,0,578,28,case,case,NN,NN
7806,East_Timor_2002,0,578,29,of,of,IN,IN
7807,East_Timor_2002,0,578,30,actual,actual,JJ,JJ
7808,East_Timor_2002,0,578,31,or,or,CC,CC
7809,East_Timor_2002,0,578,32,imminent,imminent,JJ,JJ
7810,East_Timor_2002,0,578,33,aggression,aggression,NN,NN
7811,East_Timor_2002,0,578,34,and,and,CC,CC
7812,East_Timor_2002,0,578,35,to,to,TO,TO
7813,East_Timor_2002,0,578,36,make,make,VB,VB
7814,East_Timor_2002,0,578,37,peace,peace,NN,NN
7815,East_Timor_2002,0,578,39,following,following,VBG,VB
7816,East_Timor_2002,0,578,40,proposal,proposal,NN,NN
7817,East_Timor_2002,0,578,41,by,by,IN,IN
7818,East_Timor_2002,0,578,42,the,the,DT,DT
7819,East_Timor_2002,0,578,43,Government,government,NNP,NN
7820,East_Timor_2002,0,578,45,after,after,IN,IN
7821,East_Timor_2002,0,578,46,consultation,consultation,NN,NN
7822,East_Timor_2002,0,578,47,with,with,IN,IN
7823,East_Timor_2002,0,578,48,the,the,DT,DT
7824,East_Timor_2002,0,578,49,Supreme,supreme,NNP,NN
7825,East_Timor_2002,0,578,50,Council,council,NNP,NN
7826,East_Timor_2002,0,578,51,for,for,IN,IN
7827,East_Timor_2002,0,578,52,Defense,defense,NNP,NN
7828,East_Timor_2002,0,578,53,and,and,CC,CC
7829,East_Timor_2002,0,578,54,Security,security,NNP,NN
7830,East_Timor_2002,0,578,55,and,and,CC,CC
7831,East_Timor_2002,0,578,56,following,following,VBG,VB
7832,East_Timor_2002,0,578,57,authorization,authorization,NN,NN
7833,East_Timor_2002,0,578,58,of,of,IN,IN
7834,East_Timor_2002,0,578,59,the,the,DT,DT
7835,East_Timor_2002,0,578,60,National,national,NNP,NN
7836,East_Timor_2002,0,578,61,Parliament,parliament,NNP,NN
7837,East_Timor_2002,0,578,62,or,or,CC,CC
7838,East_Timor_2002,0,578,63,of,of,IN,IN
7839,East_Timor_2002,0,578,64,its,its,PRP$,PR
7840,East_Timor_2002,0,578,65,Standing,standing,NNP,NN
7841,East_Timor_2002,0,578,66,Committee,committee,NNP,NN
7842,East_Timor_2002,0,578,68,b.to,bto,CC,CC
7843,East_Timor_2002,0,578,69,appoint,appoint,NN,NN
7844,East_Timor_2002,0,578,70,and,and,CC,CC
7845,East_Timor_2002,0,578,71,dismiss,dismiss,JJ,JJ
7846,East_Timor_2002,0,578,72,ambassadors,ambassadors,NNS,NN
7847,East_Timor_2002,0,578,74,permanent,permanent,JJ,JJ
7848,East_Timor_2002,0,578,75,representatives,representatives,NNS,NN
7849,East_Timor_2002,0,578,76,and,and,CC,CC
7850,East_Timor_2002,0,578,77,special,special,JJ,JJ
7851,East_Timor_2002,0,578,78,envoys,envoys,NNS,NN
7852,East_Timor_2002,0,578,80,following,following,VBG,VB
7853,East_Timor_2002,0,578,81,proposal,proposal,NN,NN
7854,East_Timor_2002,0,578,82,by,by,IN,IN
7855,East_Timor_2002,0,578,83,the,the,DT,DT
7856,East_Timor_2002,0,578,84,Government,government,NNP,NN
7857,East_Timor_2002,0,578,86,c.to,cto,VBD,VB
7858,East_Timor_2002,0,578,87,receive,receive,JJ,JJ
7859,East_Timor_2002,0,578,88,credential,credential,JJ,JJ
7860,East_Timor_2002,0,578,89,letters,letters,NNS,NN
7861,East_Timor_2002,0,578,90,of,of,IN,IN
7862,East_Timor_2002,0,578,91,accreditation,accreditation,NN,NN
7863,East_Timor_2002,0,578,92,and,and,CC,CC
7864,East_Timor_2002,0,578,93,accredit,accredit,NN,NN
7865,East_Timor_2002,0,578,94,foreign,foreign,JJ,JJ
7866,East_Timor_2002,0,578,95,diplomatic,diplomatic,JJ,JJ
7867,East_Timor_2002,0,578,96,representatives,representatives,NNS,NN
7868,East_Timor_2002,0,578,98,d.conduct,dconduct,NN,NN
7869,East_Timor_2002,0,578,100,in,in,IN,IN
7870,East_Timor_2002,0,578,101,consultation,consultation,NN,NN
7871,East_Timor_2002,0,578,102,with,with,IN,IN
7872,East_Timor_2002,0,578,103,the,the,DT,DT
7873,East_Timor_2002,0,578,104,Government,government,NNP,NN
7874,East_Timor_2002,0,578,106,any,any,DT,DT
7875,East_Timor_2002,0,578,107,process,process,NN,NN
7876,East_Timor_2002,0,578,108,of,of,IN,IN
7877,East_Timor_2002,0,578,109,negotiation,negotiation,NN,NN
7878,East_Timor_2002,0,578,110,towards,towards,IN,IN
7879,East_Timor_2002,0,578,111,the,the,DT,DT
7880,East_Timor_2002,0,578,112,completion,completion,NN,NN
7881,East_Timor_2002,0,578,113,of,of,IN,IN
7882,East_Timor_2002,0,578,114,international,international,JJ,JJ
7883,East_Timor_2002,0,578,115,agreements,agreements,NNS,NN
7884,East_Timor_2002,0,578,116,in,in,IN,IN
7885,East_Timor_2002,0,578,117,the,the,DT,DT
7886,East_Timor_2002,0,578,118,field,field,NN,NN
7887,East_Timor_2002,0,578,119,of,of,IN,IN
7888,East_Timor_2002,0,578,120,defense,defense,NN,NN
7889,East_Timor_2002,0,578,121,and,and,CC,CC
7890,East_Timor_2002,0,578,122,security,security,NN,NN
7891,East_Timor_2002,0,579,0,Article,article,NN,NN
7892,East_Timor_2002,0,579,1,88,88,CD,CD
7893,East_Timor_2002,0,580,0,Promulgation,promulgation,NN,NN
7894,East_Timor_2002,0,580,1,and,and,CC,CC
7895,East_Timor_2002,0,580,2,Veto,veto,NNP,NN
7896,East_Timor_2002,0,580,3,Share,share,NNP,NN
7897,East_Timor_2002,0,580,4,1,1,CD,CD
7898,East_Timor_2002,0,581,0,Within,within,IN,IN
7899,East_Timor_2002,0,581,1,thirty,thirty,JJ,JJ
7900,East_Timor_2002,0,581,2,days,days,NNS,NN
7901,East_Timor_2002,0,581,3,after,after,IN,IN
7902,East_Timor_2002,0,581,4,receiving,receiving,VBG,VB
7903,East_Timor_2002,0,581,5,any,any,DT,DT
7904,East_Timor_2002,0,581,6,draft,draft,NN,NN
7905,East_Timor_2002,0,581,7,law,law,NN,NN
7906,East_Timor_2002,0,581,8,from,from,IN,IN
7907,East_Timor_2002,0,581,9,the,the,DT,DT
7908,East_Timor_2002,0,581,10,National,national,NNP,NN
7909,East_Timor_2002,0,581,11,Parliament,parliament,NNP,NN
7910,East_Timor_2002,0,581,12,for,for,IN,IN
7911,East_Timor_2002,0,581,13,the,the,DT,DT
7912,East_Timor_2002,0,581,14,purpose,purpose,NN,NN
7913,East_Timor_2002,0,581,15,of,of,IN,IN
7914,East_Timor_2002,0,581,16,its,its,PRP$,PR
7915,East_Timor_2002,0,581,17,promulgation,promulgation,NN,NN
7916,East_Timor_2002,0,581,18,as,as,IN,IN
7917,East_Timor_2002,0,581,19,law,law,NN,NN
7918,East_Timor_2002,0,581,21,the,the,DT,DT
7919,East_Timor_2002,0,581,22,President,president,NNP,NN
7920,East_Timor_2002,0,581,23,of,of,IN,IN
7921,East_Timor_2002,0,581,24,the,the,DT,DT
7922,East_Timor_2002,0,581,25,Republic,republic,NNP,NN
7923,East_Timor_2002,0,581,26,shall,shall,MD,MD
7924,East_Timor_2002,0,581,27,either,either,RB,RB
7925,East_Timor_2002,0,581,28,promulgate,promulgate,VB,VB
7926,East_Timor_2002,0,581,29,the,the,DT,DT
7927,East_Timor_2002,0,581,30,law,law,NN,NN
7928,East_Timor_2002,0,581,31,or,or,CC,CC
7929,East_Timor_2002,0,581,32,exercise,exercise,VBP,VB
7930,East_Timor_2002,0,581,33,the,the,DT,DT
7931,East_Timor_2002,0,581,34,right,right,NN,NN
7932,East_Timor_2002,0,581,35,of,of,IN,IN
7933,East_Timor_2002,0,581,36,veto,veto,NN,NN
7934,East_Timor_2002,0,581,38,based,based,VBN,VB
7935,East_Timor_2002,0,581,39,on,on,IN,IN
7936,East_Timor_2002,0,581,40,substantive,substantive,JJ,JJ
7937,East_Timor_2002,0,581,41,grounds,grounds,NNS,NN
7938,East_Timor_2002,0,581,43,send,send,VB,VB
7939,East_Timor_2002,0,581,44,a,a,DT,DT
7940,East_Timor_2002,0,581,45,message,message,NN,NN
7941,East_Timor_2002,0,581,46,to,to,TO,TO
7942,East_Timor_2002,0,581,47,the,the,DT,DT
7943,East_Timor_2002,0,581,48,National,national,NNP,NN
7944,East_Timor_2002,0,581,49,Parliament,parliament,NNP,NN
7945,East_Timor_2002,0,581,50,requesting,requesting,VBG,VB
7946,East_Timor_2002,0,581,51,a,a,DT,DT
7947,East_Timor_2002,0,581,52,new,new,JJ,JJ
7948,East_Timor_2002,0,581,53,appraisal,appraisal,NN,NN
7949,East_Timor_2002,0,581,54,of,of,IN,IN
7950,East_Timor_2002,0,581,55,the,the,DT,DT
7951,East_Timor_2002,0,581,56,statute,statute,NN,NN
7952,East_Timor_2002,0,582,0,2,2,CD,CD
7953,East_Timor_2002,0,583,0,If,if,IN,IN
7954,East_Timor_2002,0,583,2,within,within,IN,IN
7955,East_Timor_2002,0,583,3,ninety,ninety,NN,NN
7956,East_Timor_2002,0,583,4,days,days,NNS,NN
7957,East_Timor_2002,0,583,6,the,the,DT,DT
7958,East_Timor_2002,0,583,7,National,national,NNP,NN
7959,East_Timor_2002,0,583,8,Parliament,parliament,NNP,NN
7960,East_Timor_2002,0,583,9,confirms,confirms,VBZ,VB
7961,East_Timor_2002,0,583,10,its,its,PRP$,PR
7962,East_Timor_2002,0,583,11,vote,vote,NN,NN
7963,East_Timor_2002,0,583,12,by,by,IN,IN
7964,East_Timor_2002,0,583,13,an,an,DT,DT
7965,East_Timor_2002,0,583,14,absolute,absolute,JJ,JJ
7966,East_Timor_2002,0,583,15,majority,majority,NN,NN
7967,East_Timor_2002,0,583,16,of,of,IN,IN
7968,East_Timor_2002,0,583,17,its,its,PRP$,PR
7969,East_Timor_2002,0,583,18,Members,members,NNS,NN
7970,East_Timor_2002,0,583,19,in,in,IN,IN
7971,East_Timor_2002,0,583,20,full,full,JJ,JJ
7972,East_Timor_2002,0,583,21,exercise,exercise,NN,NN
7973,East_Timor_2002,0,583,22,of,of,IN,IN
7974,East_Timor_2002,0,583,23,their,their,PRP$,PR
7975,East_Timor_2002,0,583,24,functions,functions,NNS,NN
7976,East_Timor_2002,0,583,26,the,the,DT,DT
7977,East_Timor_2002,0,583,27,President,president,NNP,NN
7978,East_Timor_2002,0,583,28,of,of,IN,IN
7979,East_Timor_2002,0,583,29,the,the,DT,DT
7980,East_Timor_2002,0,583,30,Republic,republic,NNP,NN
7981,East_Timor_2002,0,583,31,shall,shall,MD,MD
7982,East_Timor_2002,0,583,32,promulgate,promulgate,VB,VB
7983,East_Timor_2002,0,583,33,the,the,DT,DT
7984,East_Timor_2002,0,583,34,law,law,NN,NN
7985,East_Timor_2002,0,583,35,within,within,IN,IN
7986,East_Timor_2002,0,583,36,eight,eight,CD,CD
7987,East_Timor_2002,0,583,37,days,days,NNS,NN
7988,East_Timor_2002,0,583,38,after,after,IN,IN
7989,East_Timor_2002,0,583,39,receiving,receiving,VBG,VB
7990,East_Timor_2002,0,583,40,it,it,PRP,PR
7991,East_Timor_2002,0,584,0,3,3,CD,CD
7992,East_Timor_2002,0,585,0,However,however,RB,RB
7993,East_Timor_2002,0,585,2,a,a,DT,DT
7994,East_Timor_2002,0,585,3,majority,majority,NN,NN
7995,East_Timor_2002,0,585,4,of,of,IN,IN
7996,East_Timor_2002,0,585,5,two-thirds,twothirds,NNS,NN
7997,East_Timor_2002,0,585,6,of,of,IN,IN
7998,East_Timor_2002,0,585,7,the,the,DT,DT
7999,East_Timor_2002,0,585,8,Members,members,NNPS,NN
8000,East_Timor_2002,0,585,9,present,present,JJ,JJ
8001,East_Timor_2002,0,585,10,shall,shall,MD,MD
8002,East_Timor_2002,0,585,11,be,be,VB,VB
8003,East_Timor_2002,0,585,12,required,required,VBN,VB
8004,East_Timor_2002,0,585,13,to,to,TO,TO
8005,East_Timor_2002,0,585,14,ratify,ratify,VB,VB
8006,East_Timor_2002,0,585,15,laws,laws,NNS,NN
8007,East_Timor_2002,0,585,16,on,on,IN,IN
8008,East_Timor_2002,0,585,17,matters,matters,NNS,NN
8009,East_Timor_2002,0,585,18,provided,provided,VBN,VB
8010,East_Timor_2002,0,585,19,for,for,IN,IN
8011,East_Timor_2002,0,585,20,in,in,IN,IN
8012,East_Timor_2002,0,585,21,Article,article,NNP,NN
8013,East_Timor_2002,0,585,22,95,95,CD,CD
8014,East_Timor_2002,0,585,23,when,when,WRB,WR
8015,East_Timor_2002,0,585,24,that,that,DT,DT
8016,East_Timor_2002,0,585,25,majority,majority,NN,NN
8017,East_Timor_2002,0,585,26,exceeds,exceeds,VBZ,VB
8018,East_Timor_2002,0,585,27,an,an,DT,DT
8019,East_Timor_2002,0,585,28,absolute,absolute,JJ,JJ
8020,East_Timor_2002,0,585,29,majority,majority,NN,NN
8021,East_Timor_2002,0,585,30,of,of,IN,IN
8022,East_Timor_2002,0,585,31,the,the,DT,DT
8023,East_Timor_2002,0,585,32,Members,members,NNS,NN
8024,East_Timor_2002,0,585,33,in,in,IN,IN
8025,East_Timor_2002,0,585,34,full,full,JJ,JJ
8026,East_Timor_2002,0,585,35,exercise,exercise,NN,NN
8027,East_Timor_2002,0,585,36,of,of,IN,IN
8028,East_Timor_2002,0,585,37,their,their,PRP$,PR
8029,East_Timor_2002,0,585,38,functions,functions,NNS,NN
8030,East_Timor_2002,0,586,0,4,4,CD,CD
8031,East_Timor_2002,0,587,0,Within,within,IN,IN
8032,East_Timor_2002,0,587,1,forty,forty,JJ,JJ
8033,East_Timor_2002,0,587,2,days,days,NNS,NN
8034,East_Timor_2002,0,587,3,after,after,IN,IN
8035,East_Timor_2002,0,587,4,receiving,receiving,VBG,VB
8036,East_Timor_2002,0,587,5,any,any,DT,DT
8037,East_Timor_2002,0,587,6,draft,draft,NN,NN
8038,East_Timor_2002,0,587,7,law,law,NN,NN
8039,East_Timor_2002,0,587,8,from,from,IN,IN
8040,East_Timor_2002,0,587,9,the,the,DT,DT
8041,East_Timor_2002,0,587,10,Government,government,NNP,NN
8042,East_Timor_2002,0,587,11,for,for,IN,IN
8043,East_Timor_2002,0,587,12,the,the,DT,DT
8044,East_Timor_2002,0,587,13,purpose,purpose,NN,NN
8045,East_Timor_2002,0,587,14,of,of,IN,IN
8046,East_Timor_2002,0,587,15,its,its,PRP$,PR
8047,East_Timor_2002,0,587,16,promulgation,promulgation,NN,NN
8048,East_Timor_2002,0,587,17,as,as,IN,IN
8049,East_Timor_2002,0,587,18,law,law,NN,NN
8050,East_Timor_2002,0,587,20,the,the,DT,DT
8051,East_Timor_2002,0,587,21,President,president,NNP,NN
8052,East_Timor_2002,0,587,22,of,of,IN,IN
8053,East_Timor_2002,0,587,23,the,the,DT,DT
8054,East_Timor_2002,0,587,24,Republic,republic,NNP,NN
8055,East_Timor_2002,0,587,25,shall,shall,MD,MD
8056,East_Timor_2002,0,587,26,either,either,RB,RB
8057,East_Timor_2002,0,587,27,promulgate,promulgate,VB,VB
8058,East_Timor_2002,0,587,28,it,it,PRP,PR
8059,East_Timor_2002,0,587,29,or,or,CC,CC
8060,East_Timor_2002,0,587,30,exercise,exercise,VB,VB
8061,East_Timor_2002,0,587,31,the,the,DT,DT
8062,East_Timor_2002,0,587,32,right,right,NN,NN
8063,East_Timor_2002,0,587,33,of,of,IN,IN
8064,East_Timor_2002,0,587,34,veto,veto,NN,NN
8065,East_Timor_2002,0,587,35,by,by,IN,IN
8066,East_Timor_2002,0,587,36,way,way,NN,NN
8067,East_Timor_2002,0,587,37,of,of,IN,IN
8068,East_Timor_2002,0,587,38,a,a,DT,DT
8069,East_Timor_2002,0,587,39,written,written,VBN,VB
8070,East_Timor_2002,0,587,40,communication,communication,NN,NN
8071,East_Timor_2002,0,587,41,to,to,TO,TO
8072,East_Timor_2002,0,587,42,the,the,DT,DT
8073,East_Timor_2002,0,587,43,Government,government,NNP,NN
8074,East_Timor_2002,0,587,44,containing,containing,VBG,VB
8075,East_Timor_2002,0,587,45,the,the,DT,DT
8076,East_Timor_2002,0,587,46,reasons,reasons,NNS,NN
8077,East_Timor_2002,0,587,47,for,for,IN,IN
8078,East_Timor_2002,0,587,48,the,the,DT,DT
8079,East_Timor_2002,0,587,49,veto,veto,NN,NN
8080,East_Timor_2002,0,588,0,Article,article,NN,NN
8081,East_Timor_2002,0,588,1,89,89,CD,CD
8082,East_Timor_2002,0,589,0,Powers,powers,NNS,NN
8083,East_Timor_2002,0,589,1,of,of,IN,IN
8084,East_Timor_2002,0,589,2,an,an,DT,DT
8085,East_Timor_2002,0,589,3,Interim,interim,NNP,NN
8086,East_Timor_2002,0,589,4,President,president,NNP,NN
8087,East_Timor_2002,0,589,5,of,of,IN,IN
8088,East_Timor_2002,0,589,6,the,the,DT,DT
8089,East_Timor_2002,0,589,7,Republic,republic,NNP,NN
8090,East_Timor_2002,0,589,8,Share,share,NNP,NN
8091,East_Timor_2002,0,589,9,An,an,DT,DT
8092,East_Timor_2002,0,589,10,interim,interim,JJ,JJ
8093,East_Timor_2002,0,589,11,President,president,NNP,NN
8094,East_Timor_2002,0,589,12,of,of,IN,IN
8095,East_Timor_2002,0,589,13,the,the,DT,DT
8096,East_Timor_2002,0,589,14,Republic,republic,NNP,NN
8097,East_Timor_2002,0,589,15,can,can,MD,MD
8098,East_Timor_2002,0,589,16,not,not,RB,RB
8099,East_Timor_2002,0,589,17,exercise,exercise,VB,VB
8100,East_Timor_2002,0,589,18,the,the,DT,DT
8101,East_Timor_2002,0,589,19,powers,powers,NNS,NN
8102,East_Timor_2002,0,589,20,specified,specified,VBN,VB
8103,East_Timor_2002,0,589,21,in,in,IN,IN
8104,East_Timor_2002,0,589,22,letters,letters,NNS,NN
8105,East_Timor_2002,0,589,23,f,f,VBP,VB
8106,East_Timor_2002,0,589,25,g,g,NN,NN
8107,East_Timor_2002,0,589,27,h,h,NN,NN
8108,East_Timor_2002,0,589,29,i,i,NN,NN
8109,East_Timor_2002,0,589,31,j,j,NN,NN
8110,East_Timor_2002,0,589,33,k,k,NN,NN
8111,East_Timor_2002,0,589,35,l,l,NN,NN
8112,East_Timor_2002,0,589,37,m,m,NN,NN
8113,East_Timor_2002,0,589,39,n,n,NN,NN
8114,East_Timor_2002,0,589,40,and,and,CC,CC
8115,East_Timor_2002,0,589,41,o,o,NN,NN
8116,East_Timor_2002,0,589,42,of,of,IN,IN
8117,East_Timor_2002,0,589,43,Article,article,NNP,NN
8118,East_Timor_2002,0,589,44,86,86,CD,CD
8119,East_Timor_2002,0,590,0,Chapter,chapter,NN,NN
8120,East_Timor_2002,0,590,1,Three,three,CD,CD
8121,East_Timor_2002,0,591,0,COUNCIL,council,NN,NN
8122,East_Timor_2002,0,591,1,OF,of,NNP,NN
8123,East_Timor_2002,0,591,2,STATE,state,NNP,NN
8124,East_Timor_2002,0,591,3,Article,article,NNP,NN
8125,East_Timor_2002,0,591,4,90,90,CD,CD
8126,East_Timor_2002,0,592,0,Council,council,NN,NN
8127,East_Timor_2002,0,592,1,of,of,IN,IN
8128,East_Timor_2002,0,592,2,State,state,NNP,NN
8129,East_Timor_2002,0,592,3,Share,share,NNP,NN
8130,East_Timor_2002,0,592,4,1,1,CD,CD
8131,East_Timor_2002,0,593,0,The,the,DT,DT
8132,East_Timor_2002,0,593,1,Council,council,NNP,NN
8133,East_Timor_2002,0,593,2,of,of,IN,IN
8134,East_Timor_2002,0,593,3,State,state,NNP,NN
8135,East_Timor_2002,0,593,4,is,is,VBZ,VB
8136,East_Timor_2002,0,593,5,the,the,DT,DT
8137,East_Timor_2002,0,593,6,political,political,JJ,JJ
8138,East_Timor_2002,0,593,7,consultative,consultative,NN,NN
8139,East_Timor_2002,0,593,8,organ,organ,NN,NN
8140,East_Timor_2002,0,593,9,of,of,IN,IN
8141,East_Timor_2002,0,593,10,the,the,DT,DT
8142,East_Timor_2002,0,593,11,President,president,NNP,NN
8143,East_Timor_2002,0,593,12,of,of,IN,IN
8144,East_Timor_2002,0,593,13,the,the,DT,DT
8145,East_Timor_2002,0,593,14,Republic,republic,NNP,NN
8146,East_Timor_2002,0,593,15,who,who,WP,WP
8147,East_Timor_2002,0,593,16,presides,presides,VBZ,VB
8148,East_Timor_2002,0,593,17,over,over,IN,IN
8149,East_Timor_2002,0,593,18,it,it,PRP,PR
8150,East_Timor_2002,0,594,0,2,2,CD,CD
8151,East_Timor_2002,0,595,0,The,the,DT,DT
8152,East_Timor_2002,0,595,1,Council,council,NNP,NN
8153,East_Timor_2002,0,595,2,of,of,IN,IN
8154,East_Timor_2002,0,595,3,State,state,NNP,NN
8155,East_Timor_2002,0,595,4,comprises,comprises,NNS,NN
8156,East_Timor_2002,0,595,6,a.former,aformer,NN,NN
8157,East_Timor_2002,0,595,7,Presidents,presidents,NNS,NN
8158,East_Timor_2002,0,595,8,of,of,IN,IN
8159,East_Timor_2002,0,595,9,the,the,DT,DT
8160,East_Timor_2002,0,595,10,Republic,republic,NNP,NN
8161,East_Timor_2002,0,595,11,who,who,WP,WP
8162,East_Timor_2002,0,595,12,were,were,VBD,VB
8163,East_Timor_2002,0,595,13,not,not,RB,RB
8164,East_Timor_2002,0,595,14,removed,removed,VBN,VB
8165,East_Timor_2002,0,595,15,from,from,IN,IN
8166,East_Timor_2002,0,595,16,office,office,NN,NN
8167,East_Timor_2002,0,595,18,b.the,bthe,CC,CC
8168,East_Timor_2002,0,595,19,President,president,NNP,NN
8169,East_Timor_2002,0,595,20,of,of,IN,IN
8170,East_Timor_2002,0,595,21,the,the,DT,DT
8171,East_Timor_2002,0,595,22,National,national,NNP,NN
8172,East_Timor_2002,0,595,23,Parliament,parliament,NNP,NN
8173,East_Timor_2002,0,595,25,c.the,cthe,JJ,JJ
8174,East_Timor_2002,0,595,26,Prime,prime,NNP,NN
8175,East_Timor_2002,0,595,27,Minister,minister,NNP,NN
8176,East_Timor_2002,0,595,29,d.five,dfive,JJ,JJ
8177,East_Timor_2002,0,595,30,citizens,citizens,NNS,NN
8178,East_Timor_2002,0,595,31,elected,elected,VBN,VB
8179,East_Timor_2002,0,595,32,by,by,IN,IN
8180,East_Timor_2002,0,595,33,the,the,DT,DT
8181,East_Timor_2002,0,595,34,National,national,NNP,NN
8182,East_Timor_2002,0,595,35,Parliament,parliament,NNP,NN
8183,East_Timor_2002,0,595,36,in,in,IN,IN
8184,East_Timor_2002,0,595,37,accordance,accordance,NN,NN
8185,East_Timor_2002,0,595,38,with,with,IN,IN
8186,East_Timor_2002,0,595,39,the,the,DT,DT
8187,East_Timor_2002,0,595,40,principle,principle,NN,NN
8188,East_Timor_2002,0,595,41,of,of,IN,IN
8189,East_Timor_2002,0,595,42,proportional,proportional,JJ,JJ
8190,East_Timor_2002,0,595,43,representation,representation,NN,NN
8191,East_Timor_2002,0,595,44,and,and,CC,CC
8192,East_Timor_2002,0,595,45,for,for,IN,IN
8193,East_Timor_2002,0,595,46,the,the,DT,DT
8194,East_Timor_2002,0,595,47,period,period,NN,NN
8195,East_Timor_2002,0,595,48,corresponding,corresponding,VBG,VB
8196,East_Timor_2002,0,595,49,to,to,TO,TO
8197,East_Timor_2002,0,595,50,the,the,DT,DT
8198,East_Timor_2002,0,595,51,legislative,legislative,JJ,JJ
8199,East_Timor_2002,0,595,52,term,term,NN,NN
8200,East_Timor_2002,0,595,54,provided,provided,VBN,VB
8201,East_Timor_2002,0,595,55,that,that,IN,IN
8202,East_Timor_2002,0,595,56,they,they,PRP,PR
8203,East_Timor_2002,0,595,57,are,are,VBP,VB
8204,East_Timor_2002,0,595,58,not,not,RB,RB
8205,East_Timor_2002,0,595,59,members,members,NNS,NN
8206,East_Timor_2002,0,595,60,of,of,IN,IN
8207,East_Timor_2002,0,595,61,the,the,DT,DT
8208,East_Timor_2002,0,595,62,organs,organs,NNS,NN
8209,East_Timor_2002,0,595,63,of,of,IN,IN
8210,East_Timor_2002,0,595,64,sovereignty,sovereignty,NN,NN
8211,East_Timor_2002,0,595,66,e.five,efive,JJ,JJ
8212,East_Timor_2002,0,595,67,citizens,citizens,NNS,NN
8213,East_Timor_2002,0,595,68,designated,designated,VBN,VB
8214,East_Timor_2002,0,595,69,by,by,IN,IN
8215,East_Timor_2002,0,595,70,the,the,DT,DT
8216,East_Timor_2002,0,595,71,President,president,NNP,NN
8217,East_Timor_2002,0,595,72,of,of,IN,IN
8218,East_Timor_2002,0,595,73,the,the,DT,DT
8219,East_Timor_2002,0,595,74,Republic,republic,NNP,NN
8220,East_Timor_2002,0,595,75,for,for,IN,IN
8221,East_Timor_2002,0,595,76,the,the,DT,DT
8222,East_Timor_2002,0,595,77,period,period,NN,NN
8223,East_Timor_2002,0,595,78,corresponding,corresponding,VBG,VB
8224,East_Timor_2002,0,595,79,to,to,TO,TO
8225,East_Timor_2002,0,595,80,the,the,DT,DT
8226,East_Timor_2002,0,595,81,term,term,NN,NN
8227,East_Timor_2002,0,595,82,of,of,IN,IN
8228,East_Timor_2002,0,595,83,office,office,NN,NN
8229,East_Timor_2002,0,595,84,of,of,IN,IN
8230,East_Timor_2002,0,595,85,the,the,DT,DT
8231,East_Timor_2002,0,595,86,President,president,NNP,NN
8232,East_Timor_2002,0,595,88,provided,provided,VBD,VB
8233,East_Timor_2002,0,595,89,that,that,IN,IN
8234,East_Timor_2002,0,595,90,they,they,PRP,PR
8235,East_Timor_2002,0,595,91,are,are,VBP,VB
8236,East_Timor_2002,0,595,92,not,not,RB,RB
8237,East_Timor_2002,0,595,93,members,members,NNS,NN
8238,East_Timor_2002,0,595,94,of,of,IN,IN
8239,East_Timor_2002,0,595,95,the,the,DT,DT
8240,East_Timor_2002,0,595,96,organs,organs,NNS,NN
8241,East_Timor_2002,0,595,97,of,of,IN,IN
8242,East_Timor_2002,0,595,98,sovereignty,sovereignty,NN,NN
8243,East_Timor_2002,0,596,0,Article,article,NN,NN
8244,East_Timor_2002,0,596,1,91,91,CD,CD
8245,East_Timor_2002,0,597,0,Competence,competence,NN,NN
8246,East_Timor_2002,0,597,2,Organization,organization,NNP,NN
8247,East_Timor_2002,0,597,3,and,and,CC,CC
8248,East_Timor_2002,0,597,4,Functioning,functioning,NNP,NN
8249,East_Timor_2002,0,597,5,of,of,IN,IN
8250,East_Timor_2002,0,597,6,the,the,DT,DT
8251,East_Timor_2002,0,597,7,Council,council,NNP,NN
8252,East_Timor_2002,0,597,8,of,of,IN,IN
8253,East_Timor_2002,0,597,9,State,state,NNP,NN
8254,East_Timor_2002,0,597,10,Share,share,NNP,NN
8255,East_Timor_2002,0,597,11,1,1,CD,CD
8256,East_Timor_2002,0,598,0,It,it,PRP,PR
8257,East_Timor_2002,0,598,1,is,is,VBZ,VB
8258,East_Timor_2002,0,598,2,incumbent,incumbent,JJ,JJ
8259,East_Timor_2002,0,598,3,upon,upon,IN,IN
8260,East_Timor_2002,0,598,4,the,the,DT,DT
8261,East_Timor_2002,0,598,5,Council,council,NNP,NN
8262,East_Timor_2002,0,598,6,of,of,IN,IN
8263,East_Timor_2002,0,598,7,State,state,NNP,NN
8264,East_Timor_2002,0,598,9,a.express,aexpress,NN,NN
8265,East_Timor_2002,0,598,10,its,its,PRP$,PR
8266,East_Timor_2002,0,598,11,opinion,opinion,NN,NN
8267,East_Timor_2002,0,598,12,on,on,IN,IN
8268,East_Timor_2002,0,598,13,the,the,DT,DT
8269,East_Timor_2002,0,598,14,dissolution,dissolution,NN,NN
8270,East_Timor_2002,0,598,15,of,of,IN,IN
8271,East_Timor_2002,0,598,16,the,the,DT,DT
8272,East_Timor_2002,0,598,17,National,national,NNP,NN
8273,East_Timor_2002,0,598,18,Parliament,parliament,NNP,NN
8274,East_Timor_2002,0,598,20,b.express,bexpress,CC,CC
8275,East_Timor_2002,0,598,21,its,its,PRP$,PR
8276,East_Timor_2002,0,598,22,opinion,opinion,NN,NN
8277,East_Timor_2002,0,598,23,on,on,IN,IN
8278,East_Timor_2002,0,598,24,the,the,DT,DT
8279,East_Timor_2002,0,598,25,dismissal,dismissal,NN,NN
8280,East_Timor_2002,0,598,26,of,of,IN,IN
8281,East_Timor_2002,0,598,27,the,the,DT,DT
8282,East_Timor_2002,0,598,28,Government,government,NNP,NN
8283,East_Timor_2002,0,598,30,c.express,cexpress,VB,VB
8284,East_Timor_2002,0,598,31,its,its,PRP$,PR
8285,East_Timor_2002,0,598,32,opinion,opinion,NN,NN
8286,East_Timor_2002,0,598,33,on,on,IN,IN
8287,East_Timor_2002,0,598,34,the,the,DT,DT
8288,East_Timor_2002,0,598,35,declaration,declaration,NN,NN
8289,East_Timor_2002,0,598,36,of,of,IN,IN
8290,East_Timor_2002,0,598,37,war,war,NN,NN
8291,East_Timor_2002,0,598,38,and,and,CC,CC
8292,East_Timor_2002,0,598,39,the,the,DT,DT
8293,East_Timor_2002,0,598,40,making,making,NN,NN
8294,East_Timor_2002,0,598,41,of,of,IN,IN
8295,East_Timor_2002,0,598,42,peace,peace,NN,NN
8296,East_Timor_2002,0,598,44,d.express,dexpress,CC,CC
8297,East_Timor_2002,0,598,45,its,its,PRP$,PR
8298,East_Timor_2002,0,598,46,opinion,opinion,NN,NN
8299,East_Timor_2002,0,598,47,on,on,IN,IN
8300,East_Timor_2002,0,598,48,any,any,DT,DT
8301,East_Timor_2002,0,598,49,other,other,JJ,JJ
8302,East_Timor_2002,0,598,50,cases,cases,NNS,NN
8303,East_Timor_2002,0,598,51,set,set,VBN,VB
8304,East_Timor_2002,0,598,52,out,out,RP,RP
8305,East_Timor_2002,0,598,53,in,in,IN,IN
8306,East_Timor_2002,0,598,54,the,the,DT,DT
8307,East_Timor_2002,0,598,55,Constitution,constitution,NNP,NN
8308,East_Timor_2002,0,598,56,and,and,CC,CC
8309,East_Timor_2002,0,598,57,advise,advise,VB,VB
8310,East_Timor_2002,0,598,58,the,the,DT,DT
8311,East_Timor_2002,0,598,59,President,president,NNP,NN
8312,East_Timor_2002,0,598,60,of,of,IN,IN
8313,East_Timor_2002,0,598,61,the,the,DT,DT
8314,East_Timor_2002,0,598,62,Republic,republic,NNP,NN
8315,East_Timor_2002,0,598,63,in,in,IN,IN
8316,East_Timor_2002,0,598,64,the,the,DT,DT
8317,East_Timor_2002,0,598,65,exercise,exercise,NN,NN
8318,East_Timor_2002,0,598,66,of,of,IN,IN
8319,East_Timor_2002,0,598,67,his,his,PRP$,PR
8320,East_Timor_2002,0,598,68,or,or,CC,CC
8321,East_Timor_2002,0,598,69,her,her,PRP$,PR
8322,East_Timor_2002,0,598,70,functions,functions,NNS,NN
8323,East_Timor_2002,0,598,72,when,when,WRB,WR
8324,East_Timor_2002,0,598,73,requested,requested,VBN,VB
8325,East_Timor_2002,0,598,74,by,by,IN,IN
8326,East_Timor_2002,0,598,75,the,the,DT,DT
8327,East_Timor_2002,0,598,76,President,president,NNP,NN
8328,East_Timor_2002,0,598,78,e.to,eto,VBZ,VB
8329,East_Timor_2002,0,598,79,draft,draft,VB,VB
8330,East_Timor_2002,0,598,80,its,its,PRP$,PR
8331,East_Timor_2002,0,598,81,Rules,rules,NNP,NN
8332,East_Timor_2002,0,598,82,of,of,IN,IN
8333,East_Timor_2002,0,598,83,Procedure,procedure,NNP,NN
8334,East_Timor_2002,0,599,0,2,2,CD,CD
8335,East_Timor_2002,0,600,0,The,the,DT,DT
8336,East_Timor_2002,0,600,1,meetings,meetings,NNS,NN
8337,East_Timor_2002,0,600,2,of,of,IN,IN
8338,East_Timor_2002,0,600,3,the,the,DT,DT
8339,East_Timor_2002,0,600,4,Council,council,NNP,NN
8340,East_Timor_2002,0,600,5,of,of,IN,IN
8341,East_Timor_2002,0,600,6,State,state,NNP,NN
8342,East_Timor_2002,0,600,7,shall,shall,MD,MD
8343,East_Timor_2002,0,600,8,not,not,RB,RB
8344,East_Timor_2002,0,600,9,be,be,VB,VB
8345,East_Timor_2002,0,600,10,open,open,JJ,JJ
8346,East_Timor_2002,0,600,11,to,to,TO,TO
8347,East_Timor_2002,0,600,12,the,the,DT,DT
8348,East_Timor_2002,0,600,13,public,public,NN,NN
8349,East_Timor_2002,0,601,0,3,3,CD,CD
8350,East_Timor_2002,0,602,0,The,the,DT,DT
8351,East_Timor_2002,0,602,1,law,law,NN,NN
8352,East_Timor_2002,0,602,2,defines,defines,VBZ,VB
8353,East_Timor_2002,0,602,3,the,the,DT,DT
8354,East_Timor_2002,0,602,4,organization,organization,NN,NN
8355,East_Timor_2002,0,602,5,and,and,CC,CC
8356,East_Timor_2002,0,602,6,functioning,functioning,NN,NN
8357,East_Timor_2002,0,602,7,of,of,IN,IN
8358,East_Timor_2002,0,602,8,the,the,DT,DT
8359,East_Timor_2002,0,602,9,Council,council,NNP,NN
8360,East_Timor_2002,0,602,10,of,of,IN,IN
8361,East_Timor_2002,0,602,11,State,state,NNP,NN
8362,East_Timor_2002,0,603,0,TITLE,title,NNP,NN
8363,East_Timor_2002,0,603,1,III,iii,NNP,NN
8364,East_Timor_2002,0,604,0,NATIONAL,national,NNP,NN
8365,East_Timor_2002,0,604,1,PARLIAMENT,parliament,NNP,NN
8366,East_Timor_2002,0,604,2,Chapter,chapter,NNP,NN
8367,East_Timor_2002,0,604,3,One,one,NNP,NN
8368,East_Timor_2002,0,605,0,STATUS,status,NNP,NN
8369,East_Timor_2002,0,605,1,AND,and,CC,CC
8370,East_Timor_2002,0,605,2,ELECTION,election,NNP,NN
8371,East_Timor_2002,0,605,3,Article,article,NNP,NN
8372,East_Timor_2002,0,605,4,92,92,CD,CD
8373,East_Timor_2002,0,606,0,Definition,definition,NNP,NN
8374,East_Timor_2002,0,606,1,Share,share,NNP,NN
8375,East_Timor_2002,0,606,2,The,the,DT,DT
8376,East_Timor_2002,0,606,3,National,national,NNP,NN
8377,East_Timor_2002,0,606,4,Parliament,parliament,NNP,NN
8378,East_Timor_2002,0,606,5,is,is,VBZ,VB
8379,East_Timor_2002,0,606,6,organ,organ,JJ,JJ
8380,East_Timor_2002,0,606,7,of,of,IN,IN
8381,East_Timor_2002,0,606,8,sovereignty,sovereignty,NN,NN
8382,East_Timor_2002,0,606,9,of,of,IN,IN
8383,East_Timor_2002,0,606,10,the,the,DT,DT
8384,East_Timor_2002,0,606,11,Democratic,democratic,JJ,JJ
8385,East_Timor_2002,0,606,12,Republic,republic,NNP,NN
8386,East_Timor_2002,0,606,13,of,of,IN,IN
8387,East_Timor_2002,0,606,14,East,east,NNP,NN
8388,East_Timor_2002,0,606,15,Timor,timor,NNP,NN
8389,East_Timor_2002,0,606,16,that,that,IN,IN
8390,East_Timor_2002,0,606,17,represents,represents,VBZ,VB
8391,East_Timor_2002,0,606,18,all,all,DT,DT
8392,East_Timor_2002,0,606,19,Timorese,timorese,JJ,JJ
8393,East_Timor_2002,0,606,20,citizens,citizens,NNS,NN
8394,East_Timor_2002,0,606,21,with,with,IN,IN
8395,East_Timor_2002,0,606,22,legislative,legislative,JJ,JJ
8396,East_Timor_2002,0,606,23,supervisory,supervisory,NN,NN
8397,East_Timor_2002,0,606,24,and,and,CC,CC
8398,East_Timor_2002,0,606,25,political,political,JJ,JJ
8399,East_Timor_2002,0,606,26,decision,decision,NN,NN
8400,East_Timor_2002,0,606,27,making,making,VBG,VB
8401,East_Timor_2002,0,606,28,powers,powers,NNS,NN
8402,East_Timor_2002,0,607,0,Article,article,NN,NN
8403,East_Timor_2002,0,607,1,93,93,CD,CD
8404,East_Timor_2002,0,608,0,Election,election,NN,NN
8405,East_Timor_2002,0,608,1,and,and,CC,CC
8406,East_Timor_2002,0,608,2,Composition,composition,NNP,NN
8407,East_Timor_2002,0,608,3,Share,share,NNP,NN
8408,East_Timor_2002,0,608,4,1,1,CD,CD
8409,East_Timor_2002,0,609,0,The,the,DT,DT
8410,East_Timor_2002,0,609,1,National,national,NNP,NN
8411,East_Timor_2002,0,609,2,Parliament,parliament,NNP,NN
8412,East_Timor_2002,0,609,3,is,is,VBZ,VB
8413,East_Timor_2002,0,609,4,elected,elected,VBN,VB
8414,East_Timor_2002,0,609,5,by,by,IN,IN
8415,East_Timor_2002,0,609,6,universal,universal,JJ,JJ
8416,East_Timor_2002,0,609,8,free,free,JJ,JJ
8417,East_Timor_2002,0,609,10,direct,direct,JJ,JJ
8418,East_Timor_2002,0,609,12,equal,equal,JJ,JJ
8419,East_Timor_2002,0,609,14,secret,secret,JJ,JJ
8420,East_Timor_2002,0,609,15,and,and,CC,CC
8421,East_Timor_2002,0,609,16,personal,personal,JJ,JJ
8422,East_Timor_2002,0,609,17,suffrage,suffrage,NN,NN
8423,East_Timor_2002,0,610,0,2,2,CD,CD
8424,East_Timor_2002,0,611,0,The,the,DT,DT
8425,East_Timor_2002,0,611,1,National,national,NNP,NN
8426,East_Timor_2002,0,611,2,Parliament,parliament,NNP,NN
8427,East_Timor_2002,0,611,3,is,is,VBZ,VB
8428,East_Timor_2002,0,611,4,constituted,constituted,VBN,VB
8429,East_Timor_2002,0,611,5,by,by,IN,IN
8430,East_Timor_2002,0,611,6,a,a,DT,DT
8431,East_Timor_2002,0,611,7,minimum,minimum,NN,NN
8432,East_Timor_2002,0,611,8,of,of,IN,IN
8433,East_Timor_2002,0,611,9,fifty-two,fiftytwo,JJ,JJ
8434,East_Timor_2002,0,611,10,and,and,CC,CC
8435,East_Timor_2002,0,611,11,a,a,DT,DT
8436,East_Timor_2002,0,611,12,maximum,maximum,NN,NN
8437,East_Timor_2002,0,611,13,of,of,IN,IN
8438,East_Timor_2002,0,611,14,sixty-five,sixtyfive,JJ,JJ
8439,East_Timor_2002,0,611,15,Members,members,NNS,NN
8440,East_Timor_2002,0,612,0,3,3,CD,CD
8441,East_Timor_2002,0,613,0,The,the,DT,DT
8442,East_Timor_2002,0,613,1,law,law,NN,NN
8443,East_Timor_2002,0,613,2,establishes,establishes,VBZ,VB
8444,East_Timor_2002,0,613,3,the,the,DT,DT
8445,East_Timor_2002,0,613,4,rules,rules,NNS,NN
8446,East_Timor_2002,0,613,5,relating,relating,VBG,VB
8447,East_Timor_2002,0,613,6,to,to,TO,TO
8448,East_Timor_2002,0,613,7,constituencies,constituencies,NNS,NN
8449,East_Timor_2002,0,613,9,eligibility,eligibility,NN,NN
8450,East_Timor_2002,0,613,10,conditions,conditions,NNS,NN
8451,East_Timor_2002,0,613,12,nominations,nominations,NNS,NN
8452,East_Timor_2002,0,613,13,and,and,CC,CC
8453,East_Timor_2002,0,613,14,electoral,electoral,JJ,JJ
8454,East_Timor_2002,0,613,15,procedures,procedures,NNS,NN
8455,East_Timor_2002,0,614,0,4,4,CD,CD
8456,East_Timor_2002,0,615,0,Members,members,NNS,NN
8457,East_Timor_2002,0,615,1,of,of,IN,IN
8458,East_Timor_2002,0,615,2,the,the,DT,DT
8459,East_Timor_2002,0,615,3,National,national,NNP,NN
8460,East_Timor_2002,0,615,4,Parliament,parliament,NNP,NN
8461,East_Timor_2002,0,615,5,have,have,VBP,VB
8462,East_Timor_2002,0,615,6,a,a,DT,DT
8463,East_Timor_2002,0,615,7,term,term,NN,NN
8464,East_Timor_2002,0,615,8,of,of,IN,IN
8465,East_Timor_2002,0,615,9,office,office,NN,NN
8466,East_Timor_2002,0,615,10,of,of,IN,IN
8467,East_Timor_2002,0,615,11,five,five,CD,CD
8468,East_Timor_2002,0,615,12,years,years,NNS,NN
8469,East_Timor_2002,0,616,0,Article,article,NN,NN
8470,East_Timor_2002,0,616,1,94,94,CD,CD
8471,East_Timor_2002,0,617,0,Immunities,immunities,NNS,NN
8472,East_Timor_2002,0,617,1,Share,share,NNP,NN
8473,East_Timor_2002,0,617,2,1,1,CD,CD
8474,East_Timor_2002,0,618,0,The,the,DT,DT
8475,East_Timor_2002,0,618,1,Members,members,NNS,NN
8476,East_Timor_2002,0,618,2,are,are,VBP,VB
8477,East_Timor_2002,0,618,3,not,not,RB,RB
8478,East_Timor_2002,0,618,4,responsible,responsible,JJ,JJ
8479,East_Timor_2002,0,618,5,for,for,IN,IN
8480,East_Timor_2002,0,618,6,civil,civil,JJ,JJ
8481,East_Timor_2002,0,618,8,criminal,criminal,JJ,JJ
8482,East_Timor_2002,0,618,9,or,or,CC,CC
8483,East_Timor_2002,0,618,10,disciplinary,disciplinary,JJ,JJ
8484,East_Timor_2002,0,618,11,matters,matters,NNS,NN
8485,East_Timor_2002,0,618,12,in,in,IN,IN
8486,East_Timor_2002,0,618,13,regard,regard,NN,NN
8487,East_Timor_2002,0,618,14,to,to,TO,TO
8488,East_Timor_2002,0,618,15,votes,votes,NNS,NN
8489,East_Timor_2002,0,618,16,and,and,CC,CC
8490,East_Timor_2002,0,618,17,opinions,opinions,NNS,NN
8491,East_Timor_2002,0,618,18,expressed,expressed,VBN,VB
8492,East_Timor_2002,0,618,19,by,by,IN,IN
8493,East_Timor_2002,0,618,20,them,them,PRP,PR
8494,East_Timor_2002,0,618,21,while,while,IN,IN
8495,East_Timor_2002,0,618,22,performing,performing,VBG,VB
8496,East_Timor_2002,0,618,23,their,their,PRP$,PR
8497,East_Timor_2002,0,618,24,functions,functions,NNS,NN
8498,East_Timor_2002,0,619,0,2,2,CD,CD
8499,East_Timor_2002,0,620,0,Parliamentary,parliamentary,JJ,JJ
8500,East_Timor_2002,0,620,1,immunities,immunities,NNS,NN
8501,East_Timor_2002,0,620,2,may,may,MD,MD
8502,East_Timor_2002,0,620,3,be,be,VB,VB
8503,East_Timor_2002,0,620,4,withdrawn,withdrawn,VBN,VB
8504,East_Timor_2002,0,620,5,in,in,IN,IN
8505,East_Timor_2002,0,620,6,accordance,accordance,NN,NN
8506,East_Timor_2002,0,620,7,with,with,IN,IN
8507,East_Timor_2002,0,620,8,the,the,DT,DT
8508,East_Timor_2002,0,620,9,Rules,rules,NNP,NN
8509,East_Timor_2002,0,620,10,of,of,IN,IN
8510,East_Timor_2002,0,620,11,Procedure,procedure,NNP,NN
8511,East_Timor_2002,0,620,12,of,of,IN,IN
8512,East_Timor_2002,0,620,13,the,the,DT,DT
8513,East_Timor_2002,0,620,14,National,national,NNP,NN
8514,East_Timor_2002,0,620,15,Parliament,parliament,NNP,NN
8515,East_Timor_2002,0,621,0,Chapter,chapter,NN,NN
8516,East_Timor_2002,0,621,1,Two,two,CD,CD
8517,East_Timor_2002,0,622,0,COMPETENCE,competence,NNP,NN
8518,East_Timor_2002,0,622,1,Article,article,NNP,NN
8519,East_Timor_2002,0,622,2,95,95,CD,CD
8520,East_Timor_2002,0,623,0,Competence,competence,NN,NN
8521,East_Timor_2002,0,623,1,of,of,IN,IN
8522,East_Timor_2002,0,623,2,the,the,DT,DT
8523,East_Timor_2002,0,623,3,National,national,NNP,NN
8524,East_Timor_2002,0,623,4,Parliament,parliament,NNP,NN
8525,East_Timor_2002,0,623,5,Share,share,NNP,NN
8526,East_Timor_2002,0,623,6,1,1,CD,CD
8527,East_Timor_2002,0,624,0,It,it,PRP,PR
8528,East_Timor_2002,0,624,1,is,is,VBZ,VB
8529,East_Timor_2002,0,624,2,incumbent,incumbent,JJ,JJ
8530,East_Timor_2002,0,624,3,upon,upon,IN,IN
8531,East_Timor_2002,0,624,4,the,the,DT,DT
8532,East_Timor_2002,0,624,5,National,national,NNP,NN
8533,East_Timor_2002,0,624,6,Parliament,parliament,NNP,NN
8534,East_Timor_2002,0,624,7,to,to,TO,TO
8535,East_Timor_2002,0,624,8,make,make,VB,VB
8536,East_Timor_2002,0,624,9,laws,laws,NNS,NN
8537,East_Timor_2002,0,624,10,on,on,IN,IN
8538,East_Timor_2002,0,624,11,basic,basic,JJ,JJ
8539,East_Timor_2002,0,624,12,issues,issues,NNS,NN
8540,East_Timor_2002,0,624,13,of,of,IN,IN
8541,East_Timor_2002,0,624,14,the,the,DT,DT
8542,East_Timor_2002,0,624,15,country,country,NN,NN
8543,East_Timor_2002,0,624,16,'s,s,POS,PO
8544,East_Timor_2002,0,624,17,domestic,domestic,JJ,JJ
8545,East_Timor_2002,0,624,18,and,and,CC,CC
8546,East_Timor_2002,0,624,19,foreign,foreign,JJ,JJ
8547,East_Timor_2002,0,624,20,policy,policy,NN,NN
8548,East_Timor_2002,0,625,0,2,2,CD,CD
8549,East_Timor_2002,0,626,0,It,it,PRP,PR
8550,East_Timor_2002,0,626,1,is,is,VBZ,VB
8551,East_Timor_2002,0,626,2,exclusively,exclusively,RB,RB
8552,East_Timor_2002,0,626,3,incumbent,incumbent,JJ,JJ
8553,East_Timor_2002,0,626,4,upon,upon,IN,IN
8554,East_Timor_2002,0,626,5,the,the,DT,DT
8555,East_Timor_2002,0,626,6,National,national,NNP,NN
8556,East_Timor_2002,0,626,7,Parliament,parliament,NNP,NN
8557,East_Timor_2002,0,626,8,to,to,TO,TO
8558,East_Timor_2002,0,626,9,make,make,VB,VB
8559,East_Timor_2002,0,626,10,laws,laws,NNS,NN
8560,East_Timor_2002,0,626,11,on,on,IN,IN
8561,East_Timor_2002,0,626,13,a.the,athe,JJ,JJ
8562,East_Timor_2002,0,626,14,borders,borders,NNS,NN
8563,East_Timor_2002,0,626,15,of,of,IN,IN
8564,East_Timor_2002,0,626,16,the,the,DT,DT
8565,East_Timor_2002,0,626,17,Democratic,democratic,JJ,JJ
8566,East_Timor_2002,0,626,18,Republic,republic,NNP,NN
8567,East_Timor_2002,0,626,19,of,of,IN,IN
8568,East_Timor_2002,0,626,20,East,east,NNP,NN
8569,East_Timor_2002,0,626,21,Timor,timor,NNP,NN
8570,East_Timor_2002,0,626,23,in,in,IN,IN
8571,East_Timor_2002,0,626,24,accordance,accordance,NN,NN
8572,East_Timor_2002,0,626,25,with,with,IN,IN
8573,East_Timor_2002,0,626,26,Article,article,NNP,NN
8574,East_Timor_2002,0,626,27,4,4,CD,CD
8575,East_Timor_2002,0,626,29,b.the,bthe,JJ,JJ
8576,East_Timor_2002,0,626,30,limits,limits,NNS,NN
8577,East_Timor_2002,0,626,31,of,of,IN,IN
8578,East_Timor_2002,0,626,32,territorial,territorial,JJ,JJ
8579,East_Timor_2002,0,626,33,waters,waters,NNS,NN
8580,East_Timor_2002,0,626,35,of,of,IN,IN
8581,East_Timor_2002,0,626,36,the,the,DT,DT
8582,East_Timor_2002,0,626,37,exclusive,exclusive,JJ,JJ
8583,East_Timor_2002,0,626,38,economic,economic,JJ,JJ
8584,East_Timor_2002,0,626,39,zone,zone,NN,NN
8585,East_Timor_2002,0,626,40,and,and,CC,CC
8586,East_Timor_2002,0,626,41,of,of,IN,IN
8587,East_Timor_2002,0,626,42,the,the,DT,DT
8588,East_Timor_2002,0,626,43,rights,rights,NNS,NN
8589,East_Timor_2002,0,626,44,of,of,IN,IN
8590,East_Timor_2002,0,626,45,East,east,NNP,NN
8591,East_Timor_2002,0,626,46,Timor,timor,NNP,NN
8592,East_Timor_2002,0,626,47,to,to,TO,TO
8593,East_Timor_2002,0,626,48,the,the,DT,DT
8594,East_Timor_2002,0,626,49,adjacent,adjacent,JJ,JJ
8595,East_Timor_2002,0,626,50,area,area,NN,NN
8596,East_Timor_2002,0,626,51,and,and,CC,CC
8597,East_Timor_2002,0,626,52,the,the,DT,DT
8598,East_Timor_2002,0,626,53,continental,continental,JJ,JJ
8599,East_Timor_2002,0,626,54,shelf,shelf,NN,NN
8600,East_Timor_2002,0,626,56,c.national,cnational,JJ,JJ
8601,East_Timor_2002,0,626,57,symbols,symbols,NNS,NN
8602,East_Timor_2002,0,626,59,in,in,IN,IN
8603,East_Timor_2002,0,626,60,accordance,accordance,NN,NN
8604,East_Timor_2002,0,626,61,with,with,IN,IN
8605,East_Timor_2002,0,626,62,number,number,NN,NN
8606,East_Timor_2002,0,626,63,2,2,CD,CD
8607,East_Timor_2002,0,626,64,of,of,IN,IN
8608,East_Timor_2002,0,626,65,Article,article,NNP,NN
8609,East_Timor_2002,0,626,66,14,14,CD,CD
8610,East_Timor_2002,0,626,68,d.citizenship,dcitizenship,NN,NN
8611,East_Timor_2002,0,626,70,e.rights,erights,NNS,NN
8612,East_Timor_2002,0,626,72,freedoms,freedoms,NNS,NN
8613,East_Timor_2002,0,626,73,and,and,CC,CC
8614,East_Timor_2002,0,626,74,guarantees,guarantees,NNS,NN
8615,East_Timor_2002,0,626,76,f.the,fthe,JJ,JJ
8616,East_Timor_2002,0,626,77,status,status,NN,NN
8617,East_Timor_2002,0,626,78,and,and,CC,CC
8618,East_Timor_2002,0,626,79,capacity,capacity,NN,NN
8619,East_Timor_2002,0,626,80,of,of,IN,IN
8620,East_Timor_2002,0,626,81,people,people,NNS,NN
8621,East_Timor_2002,0,626,83,family,family,NN,NN
8622,East_Timor_2002,0,626,84,law,law,NN,NN
8623,East_Timor_2002,0,626,85,and,and,CC,CC
8624,East_Timor_2002,0,626,86,inheritance,inheritance,NN,NN
8625,East_Timor_2002,0,626,87,law,law,NN,NN
8626,East_Timor_2002,0,626,89,g.territorial,gterritorial,JJ,JJ
8627,East_Timor_2002,0,626,90,division,division,NN,NN
8628,East_Timor_2002,0,626,92,h.the,hthe,CC,CC
8629,East_Timor_2002,0,626,93,electoral,electoral,JJ,JJ
8630,East_Timor_2002,0,626,94,law,law,NN,NN
8631,East_Timor_2002,0,626,95,and,and,CC,CC
8632,East_Timor_2002,0,626,96,the,the,DT,DT
8633,East_Timor_2002,0,626,97,referendum,referendum,NN,NN
8634,East_Timor_2002,0,626,98,system,system,NN,NN
8635,East_Timor_2002,0,626,100,i.political,ipolitical,JJ,JJ
8636,East_Timor_2002,0,626,101,parties,parties,NNS,NN
8637,East_Timor_2002,0,626,102,and,and,CC,CC
8638,East_Timor_2002,0,626,103,associations,associations,NNS,NN
8639,East_Timor_2002,0,626,105,j.the,jthe,NN,NN
8640,East_Timor_2002,0,626,106,status,status,NN,NN
8641,East_Timor_2002,0,626,107,of,of,IN,IN
8642,East_Timor_2002,0,626,108,Members,members,NNS,NN
8643,East_Timor_2002,0,626,110,of,of,IN,IN
8644,East_Timor_2002,0,626,111,the,the,DT,DT
8645,East_Timor_2002,0,626,112,National,national,NNP,NN
8646,East_Timor_2002,0,626,113,Parliament,parliament,NNP,NN
8647,East_Timor_2002,0,626,116,k.the,kthe,VBN,VB
8648,East_Timor_2002,0,626,117,status,status,NN,NN
8649,East_Timor_2002,0,626,118,of,of,IN,IN
8650,East_Timor_2002,0,626,119,office,office,NN,NN
8651,East_Timor_2002,0,626,120,holders,holders,NNS,NN
8652,East_Timor_2002,0,626,121,in,in,IN,IN
8653,East_Timor_2002,0,626,122,the,the,DT,DT
8654,East_Timor_2002,0,626,123,organs,organs,NNS,NN
8655,East_Timor_2002,0,626,124,of,of,IN,IN
8656,East_Timor_2002,0,626,125,State,state,NNP,NN
8657,East_Timor_2002,0,626,127,l.the,lthe,NN,NN
8658,East_Timor_2002,0,626,128,bases,bases,NNS,NN
8659,East_Timor_2002,0,626,129,for,for,IN,IN
8660,East_Timor_2002,0,626,130,the,the,DT,DT
8661,East_Timor_2002,0,626,131,education,education,NN,NN
8662,East_Timor_2002,0,626,132,system,system,NN,NN
8663,East_Timor_2002,0,626,134,m.the,mthe,CC,CC
8664,East_Timor_2002,0,626,135,bases,bases,NNS,NN
8665,East_Timor_2002,0,626,136,for,for,IN,IN
8666,East_Timor_2002,0,626,137,the,the,DT,DT
8667,East_Timor_2002,0,626,138,social,social,JJ,JJ
8668,East_Timor_2002,0,626,139,security,security,NN,NN
8669,East_Timor_2002,0,626,140,system,system,NN,NN
8670,East_Timor_2002,0,626,142,and,and,CC,CC
8671,East_Timor_2002,0,626,143,health,health,NN,NN
8672,East_Timor_2002,0,626,145,n.the,nthe,CC,CC
8673,East_Timor_2002,0,626,146,suspension,suspension,NN,NN
8674,East_Timor_2002,0,626,147,of,of,IN,IN
8675,East_Timor_2002,0,626,148,constitutional,constitutional,JJ,JJ
8676,East_Timor_2002,0,626,149,guarantees,guarantees,NNS,NN
8677,East_Timor_2002,0,626,150,and,and,CC,CC
8678,East_Timor_2002,0,626,151,the,the,DT,DT
8679,East_Timor_2002,0,626,152,declaration,declaration,NN,NN
8680,East_Timor_2002,0,626,153,of,of,IN,IN
8681,East_Timor_2002,0,626,154,the,the,DT,DT
8682,East_Timor_2002,0,626,155,state,state,NN,NN
8683,East_Timor_2002,0,626,156,of,of,IN,IN
8684,East_Timor_2002,0,626,157,siege,siege,NN,NN
8685,East_Timor_2002,0,626,158,and,and,CC,CC
8686,East_Timor_2002,0,626,159,the,the,DT,DT
8687,East_Timor_2002,0,626,160,state,state,NN,NN
8688,East_Timor_2002,0,626,161,of,of,IN,IN
8689,East_Timor_2002,0,626,162,emergency,emergency,NN,NN
8690,East_Timor_2002,0,626,164,o.the,othe,JJ,JJ
8691,East_Timor_2002,0,626,165,policy,policy,NN,NN
8692,East_Timor_2002,0,626,166,of,of,IN,IN
8693,East_Timor_2002,0,626,167,defense,defense,NN,NN
8694,East_Timor_2002,0,626,168,and,and,CC,CC
8695,East_Timor_2002,0,626,169,security,security,NN,NN
8696,East_Timor_2002,0,626,171,p.the,pthe,CC,CC
8697,East_Timor_2002,0,626,172,tax,tax,NN,NN
8698,East_Timor_2002,0,626,173,policy,policy,NN,NN
8699,East_Timor_2002,0,626,175,q.the,qthe,CC,CC
8700,East_Timor_2002,0,626,176,budget,budget,NN,NN
8701,East_Timor_2002,0,626,177,system,system,NN,NN
8702,East_Timor_2002,0,627,0,3,3,CD,CD
8703,East_Timor_2002,0,628,0,It,it,PRP,PR
8704,East_Timor_2002,0,628,1,is,is,VBZ,VB
8705,East_Timor_2002,0,628,2,also,also,RB,RB
8706,East_Timor_2002,0,628,3,incumbent,incumbent,JJ,JJ
8707,East_Timor_2002,0,628,4,upon,upon,IN,IN
8708,East_Timor_2002,0,628,6,the,the,DT,DT
8709,East_Timor_2002,0,628,7,National,national,NNP,NN
8710,East_Timor_2002,0,628,8,Parliament,parliament,NNP,NN
8711,East_Timor_2002,0,628,11,a.to,ato,NN,NN
8712,East_Timor_2002,0,628,12,ratify,ratify,VB,VB
8713,East_Timor_2002,0,628,13,the,the,DT,DT
8714,East_Timor_2002,0,628,14,appointment,appointment,NN,NN
8715,East_Timor_2002,0,628,15,of,of,IN,IN
8716,East_Timor_2002,0,628,16,the,the,DT,DT
8717,East_Timor_2002,0,628,17,President,president,NNP,NN
8718,East_Timor_2002,0,628,18,of,of,IN,IN
8719,East_Timor_2002,0,628,19,the,the,DT,DT
8720,East_Timor_2002,0,628,20,Supreme,supreme,NNP,NN
8721,East_Timor_2002,0,628,21,Court,court,NNP,NN
8722,East_Timor_2002,0,628,22,of,of,IN,IN
8723,East_Timor_2002,0,628,23,Justice,justice,NNP,NN
8724,East_Timor_2002,0,628,24,and,and,CC,CC
8725,East_Timor_2002,0,628,25,of,of,IN,IN
8726,East_Timor_2002,0,628,26,the,the,DT,DT
8727,East_Timor_2002,0,628,27,High,high,NNP,NN
8728,East_Timor_2002,0,628,28,Administrative,administrative,NNP,NN
8729,East_Timor_2002,0,628,30,Tax,tax,NNP,NN
8730,East_Timor_2002,0,628,31,and,and,CC,CC
8731,East_Timor_2002,0,628,32,Audit,audit,NNP,NN
8732,East_Timor_2002,0,628,33,Court,court,NNP,NN
8733,East_Timor_2002,0,628,35,b.to,bto,NN,NN
8734,East_Timor_2002,0,628,36,deliberate,deliberate,NN,NN
8735,East_Timor_2002,0,628,37,on,on,IN,IN
8736,East_Timor_2002,0,628,38,progress,progress,NN,NN
8737,East_Timor_2002,0,628,39,reports,reports,NNS,NN
8738,East_Timor_2002,0,628,40,by,by,IN,IN
8739,East_Timor_2002,0,628,41,the,the,DT,DT
8740,East_Timor_2002,0,628,42,Government,government,NNP,NN
8741,East_Timor_2002,0,628,44,c.to,cto,NN,NN
8742,East_Timor_2002,0,628,45,elect,elect,VBP,VB
8743,East_Timor_2002,0,628,46,one,one,CD,CD
8744,East_Timor_2002,0,628,47,member,member,NN,NN
8745,East_Timor_2002,0,628,48,for,for,IN,IN
8746,East_Timor_2002,0,628,49,the,the,DT,DT
8747,East_Timor_2002,0,628,50,Superior,superior,NNP,NN
8748,East_Timor_2002,0,628,51,Council,council,NNP,NN
8749,East_Timor_2002,0,628,52,for,for,IN,IN
8750,East_Timor_2002,0,628,53,the,the,DT,DT
8751,East_Timor_2002,0,628,54,Judiciary,judiciary,NNP,NN
8752,East_Timor_2002,0,628,55,and,and,CC,CC
8753,East_Timor_2002,0,628,56,the,the,DT,DT
8754,East_Timor_2002,0,628,57,Superior,superior,NNP,NN
8755,East_Timor_2002,0,628,58,Council,council,NNP,NN
8756,East_Timor_2002,0,628,59,for,for,IN,IN
8757,East_Timor_2002,0,628,60,the,the,DT,DT
8758,East_Timor_2002,0,628,61,Public,public,NNP,NN
8759,East_Timor_2002,0,628,62,Prosecution,prosecution,NNP,NN
8760,East_Timor_2002,0,628,64,d.to,dto,JJ,JJ
8761,East_Timor_2002,0,628,65,deliberate,deliberate,NN,NN
8762,East_Timor_2002,0,628,66,on,on,IN,IN
8763,East_Timor_2002,0,628,67,the,the,DT,DT
8764,East_Timor_2002,0,628,68,State,state,NNP,NN
8765,East_Timor_2002,0,628,69,Plan,plan,NNP,NN
8766,East_Timor_2002,0,628,70,and,and,CC,CC
8767,East_Timor_2002,0,628,71,Budget,budget,NNP,NN
8768,East_Timor_2002,0,628,72,and,and,CC,CC
8769,East_Timor_2002,0,628,73,its,its,PRP$,PR
8770,East_Timor_2002,0,628,74,execution,execution,NN,NN
8771,East_Timor_2002,0,628,75,report,report,NN,NN
8772,East_Timor_2002,0,628,77,e.to,eto,CC,CC
8773,East_Timor_2002,0,628,78,monitor,monitor,VB,VB
8774,East_Timor_2002,0,628,79,the,the,DT,DT
8775,East_Timor_2002,0,628,80,execution,execution,NN,NN
8776,East_Timor_2002,0,628,81,of,of,IN,IN
8777,East_Timor_2002,0,628,82,the,the,DT,DT
8778,East_Timor_2002,0,628,83,State,state,NNP,NN
8779,East_Timor_2002,0,628,84,budget,budget,NN,NN
8780,East_Timor_2002,0,628,86,f.to,fto,CC,CC
8781,East_Timor_2002,0,628,87,approve,approve,VB,VB
8782,East_Timor_2002,0,628,88,and,and,CC,CC
8783,East_Timor_2002,0,628,89,renounce,renounce,VB,VB
8784,East_Timor_2002,0,628,90,agreements,agreements,NNS,NN
8785,East_Timor_2002,0,628,91,and,and,CC,CC
8786,East_Timor_2002,0,628,92,to,to,TO,TO
8787,East_Timor_2002,0,628,93,ratify,ratify,VB,VB
8788,East_Timor_2002,0,628,94,treaties,treaties,NNS,NN
8789,East_Timor_2002,0,628,95,and,and,CC,CC
8790,East_Timor_2002,0,628,96,international,international,JJ,JJ
8791,East_Timor_2002,0,628,97,conventions,conventions,NNS,NN
8792,East_Timor_2002,0,628,99,g.to,gto,NN,NN
8793,East_Timor_2002,0,628,100,grant,grant,NN,NN
8794,East_Timor_2002,0,628,101,amnesty,amnesty,NN,NN
8795,East_Timor_2002,0,628,103,h.to,hto,CC,CC
8796,East_Timor_2002,0,628,104,give,give,VB,VB
8797,East_Timor_2002,0,628,105,consent,consent,NN,NN
8798,East_Timor_2002,0,628,106,to,to,TO,TO
8799,East_Timor_2002,0,628,107,trips,trips,NNS,NN
8800,East_Timor_2002,0,628,108,by,by,IN,IN
8801,East_Timor_2002,0,628,109,the,the,DT,DT
8802,East_Timor_2002,0,628,110,President,president,NNP,NN
8803,East_Timor_2002,0,628,111,of,of,IN,IN
8804,East_Timor_2002,0,628,112,the,the,DT,DT
8805,East_Timor_2002,0,628,113,Republic,republic,NNP,NN
8806,East_Timor_2002,0,628,114,on,on,IN,IN
8807,East_Timor_2002,0,628,115,State,state,NNP,NN
8808,East_Timor_2002,0,628,116,visits,visits,NNS,NN
8809,East_Timor_2002,0,628,118,i.to,ito,VB,VB
8810,East_Timor_2002,0,628,119,improve,improve,VB,VB
8811,East_Timor_2002,0,628,120,revisions,revisions,NNS,NN
8812,East_Timor_2002,0,628,121,of,of,IN,IN
8813,East_Timor_2002,0,628,122,the,the,DT,DT
8814,East_Timor_2002,0,628,123,Constitution,constitution,NNP,NN
8815,East_Timor_2002,0,628,124,by,by,IN,IN
8816,East_Timor_2002,0,628,125,a,a,DT,DT
8817,East_Timor_2002,0,628,126,majority,majority,NN,NN
8818,East_Timor_2002,0,628,127,of,of,IN,IN
8819,East_Timor_2002,0,628,128,two-thirds,twothirds,NNS,NN
8820,East_Timor_2002,0,628,129,of,of,IN,IN
8821,East_Timor_2002,0,628,130,the,the,DT,DT
8822,East_Timor_2002,0,628,131,Members,members,NNS,NN
8823,East_Timor_2002,0,628,132,of,of,IN,IN
8824,East_Timor_2002,0,628,133,Parliament,parliament,NNP,NN
8825,East_Timor_2002,0,628,135,j.to,jto,NN,NN
8826,East_Timor_2002,0,628,136,authorize,authorize,NN,NN
8827,East_Timor_2002,0,628,137,and,and,CC,CC
8828,East_Timor_2002,0,628,138,confirm,confirm,NN,NN
8829,East_Timor_2002,0,628,139,k.to,kto,NN,NN
8830,East_Timor_2002,0,628,140,propose,propose,NN,NN
8831,East_Timor_2002,0,628,141,to,to,TO,TO
8832,East_Timor_2002,0,628,142,the,the,DT,DT
8833,East_Timor_2002,0,628,143,President,president,NNP,NN
8834,East_Timor_2002,0,628,144,of,of,IN,IN
8835,East_Timor_2002,0,628,145,the,the,DT,DT
8836,East_Timor_2002,0,628,146,Republic,republic,NNP,NN
8837,East_Timor_2002,0,628,147,the,the,DT,DT
8838,East_Timor_2002,0,628,148,submission,submission,NN,NN
8839,East_Timor_2002,0,628,149,to,to,TO,TO
8840,East_Timor_2002,0,628,150,referendum,referendum,VB,VB
8841,East_Timor_2002,0,628,151,of,of,IN,IN
8842,East_Timor_2002,0,628,152,issues,issues,NNS,NN
8843,East_Timor_2002,0,628,153,of,of,IN,IN
8844,East_Timor_2002,0,628,154,national,national,JJ,JJ
8845,East_Timor_2002,0,628,155,interest,interest,NN,NN
8846,East_Timor_2002,0,629,0,4,4,CD,CD
8847,East_Timor_2002,0,630,0,It,it,PRP,PR
8848,East_Timor_2002,0,630,1,is,is,VBZ,VB
8849,East_Timor_2002,0,630,2,also,also,RB,RB
8850,East_Timor_2002,0,630,3,incumbent,incumbent,JJ,JJ
8851,East_Timor_2002,0,630,4,upon,upon,IN,IN
8852,East_Timor_2002,0,630,5,the,the,DT,DT
8853,East_Timor_2002,0,630,6,National,national,NNP,NN
8854,East_Timor_2002,0,630,7,Parliament,parliament,NNP,NN
8855,East_Timor_2002,0,630,9,a.to,ato,NN,NN
8856,East_Timor_2002,0,630,10,elect,elect,VBP,VB
8857,East_Timor_2002,0,630,11,its,its,PRP$,PR
8858,East_Timor_2002,0,630,12,Speaker,speaker,NNP,NN
8859,East_Timor_2002,0,630,13,and,and,CC,CC
8860,East_Timor_2002,0,630,14,other,other,JJ,JJ
8861,East_Timor_2002,0,630,15,members,members,NNS,NN
8862,East_Timor_2002,0,630,16,of,of,IN,IN
8863,East_Timor_2002,0,630,17,the,the,DT,DT
8864,East_Timor_2002,0,630,18,Chair,chair,NNP,NN
8865,East_Timor_2002,0,630,20,b.to,bto,NNS,NN
8866,East_Timor_2002,0,630,21,elect,elect,VBP,VB
8867,East_Timor_2002,0,630,22,five,five,CD,CD
8868,East_Timor_2002,0,630,23,members,members,NNS,NN
8869,East_Timor_2002,0,630,24,for,for,IN,IN
8870,East_Timor_2002,0,630,25,the,the,DT,DT
8871,East_Timor_2002,0,630,26,Council,council,NNP,NN
8872,East_Timor_2002,0,630,27,of,of,IN,IN
8873,East_Timor_2002,0,630,28,State,state,NNP,NN
8874,East_Timor_2002,0,630,30,c.to,cto,NN,NN
8875,East_Timor_2002,0,630,31,prepare,prepare,NN,NN
8876,East_Timor_2002,0,630,32,and,and,CC,CC
8877,East_Timor_2002,0,630,33,approve,approve,VB,VB
8878,East_Timor_2002,0,630,34,its,its,PRP$,PR
8879,East_Timor_2002,0,630,35,Rules,rules,NNP,NN
8880,East_Timor_2002,0,630,36,of,of,IN,IN
8881,East_Timor_2002,0,630,37,Procedure,procedure,NNP,NN
8882,East_Timor_2002,0,630,39,d.to,dto,NN,NN
8883,East_Timor_2002,0,630,40,set,set,VBN,VB
8884,East_Timor_2002,0,630,41,up,up,RP,RP
8885,East_Timor_2002,0,630,42,the,the,DT,DT
8886,East_Timor_2002,0,630,43,Standing,standing,NNP,NN
8887,East_Timor_2002,0,630,44,Committee,committee,NNP,NN
8888,East_Timor_2002,0,630,45,and,and,CC,CC
8889,East_Timor_2002,0,630,46,establish,establish,VB,VB
8890,East_Timor_2002,0,630,47,the,the,DT,DT
8891,East_Timor_2002,0,630,48,other,other,JJ,JJ
8892,East_Timor_2002,0,630,49,parliamentary,parliamentary,JJ,JJ
8893,East_Timor_2002,0,630,50,Committees,committees,NNS,NN
8894,East_Timor_2002,0,631,0,Article,article,NN,NN
8895,East_Timor_2002,0,631,1,96,96,CD,CD
8896,East_Timor_2002,0,632,0,Legislative,legislative,JJ,JJ
8897,East_Timor_2002,0,632,1,Authorization,authorization,NNP,NN
8898,East_Timor_2002,0,632,2,Share,share,NNP,NN
8899,East_Timor_2002,0,632,3,1,1,CD,CD
8900,East_Timor_2002,0,633,0,The,the,DT,DT
8901,East_Timor_2002,0,633,1,National,national,NNP,NN
8902,East_Timor_2002,0,633,2,Parliament,parliament,NNP,NN
8903,East_Timor_2002,0,633,3,may,may,MD,MD
8904,East_Timor_2002,0,633,4,authorize,authorize,VB,VB
8905,East_Timor_2002,0,633,5,the,the,DT,DT
8906,East_Timor_2002,0,633,6,government,government,NN,NN
8907,East_Timor_2002,0,633,7,to,to,TO,TO
8908,East_Timor_2002,0,633,8,make,make,VB,VB
8909,East_Timor_2002,0,633,9,laws,laws,NNS,NN
8910,East_Timor_2002,0,633,10,concerning,concerning,VBG,VB
8911,East_Timor_2002,0,633,11,the,the,DT,DT
8912,East_Timor_2002,0,633,12,following,following,JJ,JJ
8913,East_Timor_2002,0,633,13,matters,matters,NNS,NN
8914,East_Timor_2002,0,633,15,a.definition,adefinition,NN,NN
8915,East_Timor_2002,0,633,16,of,of,IN,IN
8916,East_Timor_2002,0,633,17,crimes,crimes,NNS,NN
8917,East_Timor_2002,0,633,19,sentences,sentences,NNS,NN
8918,East_Timor_2002,0,633,21,security,security,NN,NN
8919,East_Timor_2002,0,633,22,measures,measures,NNS,NN
8920,East_Timor_2002,0,633,23,and,and,CC,CC
8921,East_Timor_2002,0,633,24,respective,respective,JJ,JJ
8922,East_Timor_2002,0,633,25,prerequisites,prerequisites,NNS,NN
8923,East_Timor_2002,0,633,27,b.definition,bdefinition,NN,NN
8924,East_Timor_2002,0,633,28,of,of,IN,IN
8925,East_Timor_2002,0,633,29,civil,civil,JJ,JJ
8926,East_Timor_2002,0,633,30,and,and,CC,CC
8927,East_Timor_2002,0,633,31,criminal,criminal,JJ,JJ
8928,East_Timor_2002,0,633,32,procedure,procedure,NN,NN
8929,East_Timor_2002,0,633,34,c.organization,corganization,NN,NN
8930,East_Timor_2002,0,633,35,of,of,IN,IN
8931,East_Timor_2002,0,633,36,the,the,DT,DT
8932,East_Timor_2002,0,633,37,Judiciary,judiciary,NNP,NN
8933,East_Timor_2002,0,633,38,and,and,CC,CC
8934,East_Timor_2002,0,633,39,status,status,NN,NN
8935,East_Timor_2002,0,633,40,of,of,IN,IN
8936,East_Timor_2002,0,633,41,magistrates,magistrates,NNS,NN
8937,East_Timor_2002,0,633,43,d.general,dgeneral,JJ,JJ
8938,East_Timor_2002,0,633,44,rules,rules,NNS,NN
8939,East_Timor_2002,0,633,45,and,and,CC,CC
8940,East_Timor_2002,0,633,46,regulations,regulations,NNS,NN
8941,East_Timor_2002,0,633,47,for,for,IN,IN
8942,East_Timor_2002,0,633,48,the,the,DT,DT
8943,East_Timor_2002,0,633,49,public,public,JJ,JJ
8944,East_Timor_2002,0,633,50,service,service,NN,NN
8945,East_Timor_2002,0,633,52,the,the,DT,DT
8946,East_Timor_2002,0,633,53,status,status,NN,NN
8947,East_Timor_2002,0,633,54,of,of,IN,IN
8948,East_Timor_2002,0,633,55,the,the,DT,DT
8949,East_Timor_2002,0,633,56,civil,civil,JJ,JJ
8950,East_Timor_2002,0,633,57,servants,servants,NNS,NN
8951,East_Timor_2002,0,633,58,and,and,CC,CC
8952,East_Timor_2002,0,633,59,the,the,DT,DT
8953,East_Timor_2002,0,633,60,responsibility,responsibility,NN,NN
8954,East_Timor_2002,0,633,61,of,of,IN,IN
8955,East_Timor_2002,0,633,62,the,the,DT,DT
8956,East_Timor_2002,0,633,63,State,state,NNP,NN
8957,East_Timor_2002,0,633,65,e.general,egeneral,JJ,JJ
8958,East_Timor_2002,0,633,66,bases,bases,NNS,NN
8959,East_Timor_2002,0,633,67,for,for,IN,IN
8960,East_Timor_2002,0,633,68,the,the,DT,DT
8961,East_Timor_2002,0,633,69,organization,organization,NN,NN
8962,East_Timor_2002,0,633,70,of,of,IN,IN
8963,East_Timor_2002,0,633,71,public,public,JJ,JJ
8964,East_Timor_2002,0,633,72,administration,administration,NN,NN
8965,East_Timor_2002,0,633,74,f.monetary,fmonetary,JJ,JJ
8966,East_Timor_2002,0,633,75,system,system,NN,NN
8967,East_Timor_2002,0,633,77,g.banking,gbanking,NN,NN
8968,East_Timor_2002,0,633,78,and,and,CC,CC
8969,East_Timor_2002,0,633,79,financial,financial,JJ,JJ
8970,East_Timor_2002,0,633,80,system,system,NN,NN
8971,East_Timor_2002,0,633,82,h.definition,hdefinition,NN,NN
8972,East_Timor_2002,0,633,83,of,of,IN,IN
8973,East_Timor_2002,0,633,84,the,the,DT,DT
8974,East_Timor_2002,0,633,85,bases,bases,NNS,NN
8975,East_Timor_2002,0,633,86,for,for,IN,IN
8976,East_Timor_2002,0,633,87,a,a,DT,DT
8977,East_Timor_2002,0,633,88,policy,policy,NN,NN
8978,East_Timor_2002,0,633,89,of,of,IN,IN
8979,East_Timor_2002,0,633,90,protection,protection,NN,NN
8980,East_Timor_2002,0,633,91,of,of,IN,IN
8981,East_Timor_2002,0,633,92,the,the,DT,DT
8982,East_Timor_2002,0,633,93,environment,environment,NN,NN
8983,East_Timor_2002,0,633,94,and,and,CC,CC
8984,East_Timor_2002,0,633,95,sustainable,sustainable,JJ,JJ
8985,East_Timor_2002,0,633,96,development,development,NN,NN
8986,East_Timor_2002,0,633,98,i.general,igeneral,JJ,JJ
8987,East_Timor_2002,0,633,99,rules,rules,NNS,NN
8988,East_Timor_2002,0,633,100,and,and,CC,CC
8989,East_Timor_2002,0,633,101,regulations,regulations,NNS,NN
8990,East_Timor_2002,0,633,102,for,for,IN,IN
8991,East_Timor_2002,0,633,103,radio,radio,NN,NN
8992,East_Timor_2002,0,633,104,and,and,CC,CC
8993,East_Timor_2002,0,633,105,television,television,NN,NN
8994,East_Timor_2002,0,633,106,broadcasting,broadcasting,NN,NN
8995,East_Timor_2002,0,633,107,and,and,CC,CC
8996,East_Timor_2002,0,633,108,other,other,JJ,JJ
8997,East_Timor_2002,0,633,109,mass,mass,NN,NN
8998,East_Timor_2002,0,633,110,media,media,NNS,NN
8999,East_Timor_2002,0,633,111,communication,communication,NN,NN
9000,East_Timor_2002,0,633,113,j.military,jmilitary,JJ,JJ
9001,East_Timor_2002,0,633,114,or,or,CC,CC
9002,East_Timor_2002,0,633,115,civic,civic,JJ,JJ
9003,East_Timor_2002,0,633,116,service,service,NN,NN
9004,East_Timor_2002,0,633,118,k.general,kgeneral,JJ,JJ
9005,East_Timor_2002,0,633,119,rules,rules,NNS,NN
9006,East_Timor_2002,0,633,120,and,and,CC,CC
9007,East_Timor_2002,0,633,121,regulations,regulations,NNS,NN
9008,East_Timor_2002,0,633,122,for,for,IN,IN
9009,East_Timor_2002,0,633,123,the,the,DT,DT
9010,East_Timor_2002,0,633,124,requisition,requisition,NN,NN
9011,East_Timor_2002,0,633,125,and,and,CC,CC
9012,East_Timor_2002,0,633,126,expropriation,expropriation,NN,NN
9013,East_Timor_2002,0,633,127,for,for,IN,IN
9014,East_Timor_2002,0,633,128,public,public,JJ,JJ
9015,East_Timor_2002,0,633,129,utility,utility,NN,NN
9016,East_Timor_2002,0,633,131,l.means,lmeans,NNS,NN
9017,East_Timor_2002,0,633,132,and,and,CC,CC
9018,East_Timor_2002,0,633,133,ways,ways,NNS,NN
9019,East_Timor_2002,0,633,134,of,of,IN,IN
9020,East_Timor_2002,0,633,135,intervention,intervention,NN,NN
9021,East_Timor_2002,0,633,137,expropriation,expropriation,NN,NN
9022,East_Timor_2002,0,633,139,nationalization,nationalization,NN,NN
9023,East_Timor_2002,0,633,140,and,and,CC,CC
9024,East_Timor_2002,0,633,141,privatization,privatization,NN,NN
9025,East_Timor_2002,0,633,142,of,of,IN,IN
9026,East_Timor_2002,0,633,143,means,means,NNS,NN
9027,East_Timor_2002,0,633,144,of,of,IN,IN
9028,East_Timor_2002,0,633,145,production,production,NN,NN
9029,East_Timor_2002,0,633,146,and,and,CC,CC
9030,East_Timor_2002,0,633,147,soils,soils,NNS,NN
9031,East_Timor_2002,0,633,148,on,on,IN,IN
9032,East_Timor_2002,0,633,149,grounds,grounds,NNS,NN
9033,East_Timor_2002,0,633,150,of,of,IN,IN
9034,East_Timor_2002,0,633,151,public,public,JJ,JJ
9035,East_Timor_2002,0,633,152,interest,interest,NN,NN
9036,East_Timor_2002,0,633,154,as,as,RB,RB
9037,East_Timor_2002,0,633,155,well,well,RB,RB
9038,East_Timor_2002,0,633,156,as,as,IN,IN
9039,East_Timor_2002,0,633,157,criteria,criteria,NNS,NN
9040,East_Timor_2002,0,633,158,for,for,IN,IN
9041,East_Timor_2002,0,633,159,the,the,DT,DT
9042,East_Timor_2002,0,633,160,establishment,establishment,NN,NN
9043,East_Timor_2002,0,633,161,of,of,IN,IN
9044,East_Timor_2002,0,633,162,compensation,compensation,NN,NN
9045,East_Timor_2002,0,633,163,in,in,IN,IN
9046,East_Timor_2002,0,633,164,such,such,JJ,JJ
9047,East_Timor_2002,0,633,165,cases,cases,NNS,NN
9048,East_Timor_2002,0,634,0,2,2,CD,CD
9049,East_Timor_2002,0,635,0,Laws,laws,NNP,NN
9050,East_Timor_2002,0,635,1,on,on,IN,IN
9051,East_Timor_2002,0,635,2,legislative,legislative,JJ,JJ
9052,East_Timor_2002,0,635,3,authorization,authorization,NN,NN
9053,East_Timor_2002,0,635,4,shall,shall,MD,MD
9054,East_Timor_2002,0,635,5,define,define,VB,VB
9055,East_Timor_2002,0,635,6,the,the,DT,DT
9056,East_Timor_2002,0,635,7,subject,subject,NN,NN
9057,East_Timor_2002,0,635,9,sense,sense,NN,NN
9058,East_Timor_2002,0,635,11,scope,scope,NN,NN
9059,East_Timor_2002,0,635,12,and,and,CC,CC
9060,East_Timor_2002,0,635,13,duration,duration,NN,NN
9061,East_Timor_2002,0,635,14,of,of,IN,IN
9062,East_Timor_2002,0,635,15,the,the,DT,DT
9063,East_Timor_2002,0,635,16,authorization,authorization,NN,NN
9064,East_Timor_2002,0,635,18,which,which,WDT,WD
9065,East_Timor_2002,0,635,19,may,may,MD,MD
9066,East_Timor_2002,0,635,20,be,be,VB,VB
9067,East_Timor_2002,0,635,21,renewed,renewed,VBN,VB
9068,East_Timor_2002,0,636,0,3,3,CD,CD
9069,East_Timor_2002,0,637,0,Laws,laws,NNP,NN
9070,East_Timor_2002,0,637,1,on,on,IN,IN
9071,East_Timor_2002,0,637,2,legislative,legislative,JJ,JJ
9072,East_Timor_2002,0,637,3,authorization,authorization,NN,NN
9073,East_Timor_2002,0,637,4,can,can,MD,MD
9074,East_Timor_2002,0,637,5,not,not,RB,RB
9075,East_Timor_2002,0,637,6,be,be,VB,VB
9076,East_Timor_2002,0,637,7,used,used,VBN,VB
9077,East_Timor_2002,0,637,8,more,more,JJR,JJ
9078,East_Timor_2002,0,637,9,than,than,IN,IN
9079,East_Timor_2002,0,637,10,once,once,RB,RB
9080,East_Timor_2002,0,637,11,and,and,CC,CC
9081,East_Timor_2002,0,637,12,shall,shall,MD,MD
9082,East_Timor_2002,0,637,13,lapse,lapse,VB,VB
9083,East_Timor_2002,0,637,14,with,with,IN,IN
9084,East_Timor_2002,0,637,15,the,the,DT,DT
9085,East_Timor_2002,0,637,16,dismissal,dismissal,NN,NN
9086,East_Timor_2002,0,637,17,of,of,IN,IN
9087,East_Timor_2002,0,637,18,the,the,DT,DT
9088,East_Timor_2002,0,637,19,Government,government,NNP,NN
9089,East_Timor_2002,0,637,21,with,with,IN,IN
9090,East_Timor_2002,0,637,22,the,the,DT,DT
9091,East_Timor_2002,0,637,23,end,end,NN,NN
9092,East_Timor_2002,0,637,24,of,of,IN,IN
9093,East_Timor_2002,0,637,25,the,the,DT,DT
9094,East_Timor_2002,0,637,26,legislative,legislative,JJ,JJ
9095,East_Timor_2002,0,637,27,term,term,NN,NN
9096,East_Timor_2002,0,637,28,or,or,CC,CC
9097,East_Timor_2002,0,637,29,with,with,IN,IN
9098,East_Timor_2002,0,637,30,the,the,DT,DT
9099,East_Timor_2002,0,637,31,dissolution,dissolution,NN,NN
9100,East_Timor_2002,0,637,32,of,of,IN,IN
9101,East_Timor_2002,0,637,33,the,the,DT,DT
9102,East_Timor_2002,0,637,34,National,national,NNP,NN
9103,East_Timor_2002,0,637,35,Parliament,parliament,NNP,NN
9104,East_Timor_2002,0,638,0,Article,article,NN,NN
9105,East_Timor_2002,0,638,1,97,97,CD,CD
9106,East_Timor_2002,0,639,0,Legislative,legislative,JJ,JJ
9107,East_Timor_2002,0,639,1,Initiative,initiative,NNP,NN
9108,East_Timor_2002,0,639,2,Share,share,NNP,NN
9109,East_Timor_2002,0,639,3,1,1,CD,CD
9110,East_Timor_2002,0,640,0,The,the,DT,DT
9111,East_Timor_2002,0,640,1,power,power,NN,NN
9112,East_Timor_2002,0,640,2,to,to,TO,TO
9113,East_Timor_2002,0,640,3,initiate,initiate,VB,VB
9114,East_Timor_2002,0,640,4,laws,laws,NNS,NN
9115,East_Timor_2002,0,640,5,belongs,belongs,NNS,NN
9116,East_Timor_2002,0,640,6,to,to,TO,TO
9117,East_Timor_2002,0,640,8,a.The,athe,JJ,JJ
9118,East_Timor_2002,0,640,9,Members,members,NNS,NN
9119,East_Timor_2002,0,640,11,of,of,IN,IN
9120,East_Timor_2002,0,640,12,Parliament,parliament,NNP,NN
9121,East_Timor_2002,0,640,15,b.The,bthe,JJ,JJ
9122,East_Timor_2002,0,640,16,Parliamentary,parliamentary,NNP,NN
9123,East_Timor_2002,0,640,17,Groups,groups,NNP,NN
9124,East_Timor_2002,0,640,19,c.The,cthe,JJ,JJ
9125,East_Timor_2002,0,640,20,Government,government,NNP,NN
9126,East_Timor_2002,0,641,0,2,2,CD,CD
9127,East_Timor_2002,0,642,0,There,there,EX,EX
9128,East_Timor_2002,0,642,1,can,can,MD,MD
9129,East_Timor_2002,0,642,2,not,not,RB,RB
9130,East_Timor_2002,0,642,3,be,be,VB,VB
9131,East_Timor_2002,0,642,4,any,any,DT,DT
9132,East_Timor_2002,0,642,5,presentation,presentation,NN,NN
9133,East_Timor_2002,0,642,6,of,of,IN,IN
9134,East_Timor_2002,0,642,7,bills,bills,NNS,NN
9135,East_Timor_2002,0,642,9,draft,draft,NN,NN
9136,East_Timor_2002,0,642,10,legislation,legislation,NN,NN
9137,East_Timor_2002,0,642,11,or,or,CC,CC
9138,East_Timor_2002,0,642,12,amendments,amendments,NNS,NN
9139,East_Timor_2002,0,642,13,involving,involving,VBG,VB
9140,East_Timor_2002,0,642,15,in,in,IN,IN
9141,East_Timor_2002,0,642,16,any,any,DT,DT
9142,East_Timor_2002,0,642,17,given,given,VBN,VB
9143,East_Timor_2002,0,642,18,fiscal,fiscal,JJ,JJ
9144,East_Timor_2002,0,642,19,year,year,NN,NN
9145,East_Timor_2002,0,642,21,any,any,DT,DT
9146,East_Timor_2002,0,642,22,increase,increase,NN,NN
9147,East_Timor_2002,0,642,23,in,in,IN,IN
9148,East_Timor_2002,0,642,24,State,state,NNP,NN
9149,East_Timor_2002,0,642,25,expenditure,expenditure,NN,NN
9150,East_Timor_2002,0,642,26,or,or,CC,CC
9151,East_Timor_2002,0,642,27,any,any,DT,DT
9152,East_Timor_2002,0,642,28,reduction,reduction,NN,NN
9153,East_Timor_2002,0,642,29,in,in,IN,IN
9154,East_Timor_2002,0,642,30,State,state,NNP,NN
9155,East_Timor_2002,0,642,31,revenues,revenues,NNS,NN
9156,East_Timor_2002,0,642,32,provided,provided,VBD,VB
9157,East_Timor_2002,0,642,33,for,for,IN,IN
9158,East_Timor_2002,0,642,34,in,in,IN,IN
9159,East_Timor_2002,0,642,35,the,the,DT,DT
9160,East_Timor_2002,0,642,36,Budget,budget,NNP,NN
9161,East_Timor_2002,0,642,37,or,or,CC,CC
9162,East_Timor_2002,0,642,38,Rectifying,rectifying,NNP,NN
9163,East_Timor_2002,0,642,39,Budgets,budgets,NNPS,NN
9164,East_Timor_2002,0,643,0,3,3,CD,CD
9165,East_Timor_2002,0,644,0,Bills,bills,NNS,NN
9166,East_Timor_2002,0,644,1,and,and,CC,CC
9167,East_Timor_2002,0,644,2,draft,draft,NN,NN
9168,East_Timor_2002,0,644,3,legislation,legislation,NN,NN
9169,East_Timor_2002,0,644,4,that,that,WDT,WD
9170,East_Timor_2002,0,644,5,have,have,VBP,VB
9171,East_Timor_2002,0,644,6,been,been,VBN,VB
9172,East_Timor_2002,0,644,7,rejected,rejected,VBN,VB
9173,East_Timor_2002,0,644,8,can,can,MD,MD
9174,East_Timor_2002,0,644,9,not,not,RB,RB
9175,East_Timor_2002,0,644,10,be,be,VB,VB
9176,East_Timor_2002,0,644,11,re-introduced,reintroduced,JJ,JJ
9177,East_Timor_2002,0,644,12,in,in,IN,IN
9178,East_Timor_2002,0,644,13,the,the,DT,DT
9179,East_Timor_2002,0,644,14,same,same,JJ,JJ
9180,East_Timor_2002,0,644,15,legislative,legislative,JJ,JJ
9181,East_Timor_2002,0,644,16,session,session,NN,NN
9182,East_Timor_2002,0,644,17,in,in,IN,IN
9183,East_Timor_2002,0,644,18,which,which,WDT,WD
9184,East_Timor_2002,0,644,19,they,they,PRP,PR
9185,East_Timor_2002,0,644,20,have,have,VBP,VB
9186,East_Timor_2002,0,644,21,been,been,VBN,VB
9187,East_Timor_2002,0,644,22,presented,presented,VBN,VB
9188,East_Timor_2002,0,645,0,4,4,CD,CD
9189,East_Timor_2002,0,646,0,Bills,bills,NNS,NN
9190,East_Timor_2002,0,646,1,and,and,CC,CC
9191,East_Timor_2002,0,646,2,draft,draft,NN,NN
9192,East_Timor_2002,0,646,3,legislation,legislation,NN,NN
9193,East_Timor_2002,0,646,4,that,that,WDT,WD
9194,East_Timor_2002,0,646,5,have,have,VBP,VB
9195,East_Timor_2002,0,646,6,not,not,RB,RB
9196,East_Timor_2002,0,646,7,been,been,VBN,VB
9197,East_Timor_2002,0,646,8,voted,voted,VBN,VB
9198,East_Timor_2002,0,646,9,on,on,IN,IN
9199,East_Timor_2002,0,646,10,shall,shall,MD,MD
9200,East_Timor_2002,0,646,11,not,not,RB,RB
9201,East_Timor_2002,0,646,12,need,need,VB,VB
9202,East_Timor_2002,0,646,13,to,to,TO,TO
9203,East_Timor_2002,0,646,14,be,be,VB,VB
9204,East_Timor_2002,0,646,15,reintroduced,reintroduced,VBN,VB
9205,East_Timor_2002,0,646,16,in,in,IN,IN
9206,East_Timor_2002,0,646,17,the,the,DT,DT
9207,East_Timor_2002,0,646,18,ensuing,ensuing,VBG,VB
9208,East_Timor_2002,0,646,19,legislative,legislative,JJ,JJ
9209,East_Timor_2002,0,646,20,session,session,NN,NN
9210,East_Timor_2002,0,646,22,except,except,IN,IN
9211,East_Timor_2002,0,646,23,in,in,IN,IN
9212,East_Timor_2002,0,646,24,case,case,NN,NN
9213,East_Timor_2002,0,646,25,of,of,IN,IN
9214,East_Timor_2002,0,646,26,end,end,NN,NN
9215,East_Timor_2002,0,646,27,of,of,IN,IN
9216,East_Timor_2002,0,646,28,the,the,DT,DT
9217,East_Timor_2002,0,646,29,legislative,legislative,JJ,JJ
9218,East_Timor_2002,0,646,30,term,term,NN,NN
9219,East_Timor_2002,0,647,0,5,5,CD,CD
9220,East_Timor_2002,0,648,0,Draft,draft,NNP,NN
9221,East_Timor_2002,0,648,1,legislation,legislation,NN,NN
9222,East_Timor_2002,0,648,2,shall,shall,MD,MD
9223,East_Timor_2002,0,648,3,lapse,lapse,VB,VB
9224,East_Timor_2002,0,648,4,with,with,IN,IN
9225,East_Timor_2002,0,648,5,the,the,DT,DT
9226,East_Timor_2002,0,648,6,dismissal,dismissal,NN,NN
9227,East_Timor_2002,0,648,7,of,of,IN,IN
9228,East_Timor_2002,0,648,8,the,the,DT,DT
9229,East_Timor_2002,0,648,9,Government,government,NNP,NN
9230,East_Timor_2002,0,649,0,Article,article,NN,NN
9231,East_Timor_2002,0,649,1,98,98,CD,CD
9232,East_Timor_2002,0,650,0,Parliamentary,parliamentary,JJ,JJ
9233,East_Timor_2002,0,650,1,Appraisal,appraisal,NNP,NN
9234,East_Timor_2002,0,650,2,of,of,IN,IN
9235,East_Timor_2002,0,650,3,Legislative,legislative,NNP,NN
9236,East_Timor_2002,0,650,4,Acts,acts,NNP,NN
9237,East_Timor_2002,0,650,5,Share,share,NNP,NN
9238,East_Timor_2002,0,650,6,1,1,CD,CD
9239,East_Timor_2002,0,651,0,The,the,DT,DT
9240,East_Timor_2002,0,651,1,legislative,legislative,JJ,JJ
9241,East_Timor_2002,0,651,2,acts,acts,VBZ,VB
9242,East_Timor_2002,0,651,3,other,other,JJ,JJ
9243,East_Timor_2002,0,651,4,than,than,IN,IN
9244,East_Timor_2002,0,651,5,those,those,DT,DT
9245,East_Timor_2002,0,651,6,approved,approved,VBN,VB
9246,East_Timor_2002,0,651,7,under,under,IN,IN
9247,East_Timor_2002,0,651,8,the,the,DT,DT
9248,East_Timor_2002,0,651,9,exclusive,exclusive,JJ,JJ
9249,East_Timor_2002,0,651,10,legislative,legislative,JJ,JJ
9250,East_Timor_2002,0,651,11,powers,powers,NNS,NN
9251,East_Timor_2002,0,651,12,of,of,IN,IN
9252,East_Timor_2002,0,651,13,the,the,DT,DT
9253,East_Timor_2002,0,651,14,Government,government,NNP,NN
9254,East_Timor_2002,0,651,15,may,may,MD,MD
9255,East_Timor_2002,0,651,16,be,be,VB,VB
9256,East_Timor_2002,0,651,17,submitted,submitted,VBN,VB
9257,East_Timor_2002,0,651,18,to,to,TO,TO
9258,East_Timor_2002,0,651,19,the,the,DT,DT
9259,East_Timor_2002,0,651,20,National,national,NNP,NN
9260,East_Timor_2002,0,651,21,Parliament,parliament,NNP,NN
9261,East_Timor_2002,0,651,22,for,for,IN,IN
9262,East_Timor_2002,0,651,23,appraisal,appraisal,NN,NN
9263,East_Timor_2002,0,651,25,for,for,IN,IN
9264,East_Timor_2002,0,651,26,purposes,purposes,NNS,NN
9265,East_Timor_2002,0,651,27,of,of,IN,IN
9266,East_Timor_2002,0,651,28,terminating,terminating,VBG,VB
9267,East_Timor_2002,0,651,29,their,their,PRP$,PR
9268,East_Timor_2002,0,651,30,validity,validity,NN,NN
9269,East_Timor_2002,0,651,31,or,or,CC,CC
9270,East_Timor_2002,0,651,32,for,for,IN,IN
9271,East_Timor_2002,0,651,33,amendment,amendment,NN,NN
9272,East_Timor_2002,0,651,35,following,following,VBG,VB
9273,East_Timor_2002,0,651,36,a,a,DT,DT
9274,East_Timor_2002,0,651,37,petition,petition,NN,NN
9275,East_Timor_2002,0,651,38,of,of,IN,IN
9276,East_Timor_2002,0,651,39,one-fifth,onefifth,NN,NN
9277,East_Timor_2002,0,651,40,of,of,IN,IN
9278,East_Timor_2002,0,651,41,the,the,DT,DT
9279,East_Timor_2002,0,651,42,Members,members,NNS,NN
9280,East_Timor_2002,0,651,43,of,of,IN,IN
9281,East_Timor_2002,0,651,44,Parliament,parliament,NNP,NN
9282,East_Timor_2002,0,651,45,and,and,CC,CC
9283,East_Timor_2002,0,651,46,within,within,IN,IN
9284,East_Timor_2002,0,651,47,thirty,thirty,JJ,JJ
9285,East_Timor_2002,0,651,48,days,days,NNS,NN
9286,East_Timor_2002,0,651,49,following,following,VBG,VB
9287,East_Timor_2002,0,651,50,their,their,PRP$,PR
9288,East_Timor_2002,0,651,51,publication,publication,NN,NN
9289,East_Timor_2002,0,651,53,excluding,excluding,VBG,VB
9290,East_Timor_2002,0,651,54,the,the,DT,DT
9291,East_Timor_2002,0,651,55,days,days,NNS,NN
9292,East_Timor_2002,0,651,56,when,when,WRB,WR
9293,East_Timor_2002,0,651,57,he,he,PRP,PR
9294,East_Timor_2002,0,651,58,functioning,functioning,VBG,VB
9295,East_Timor_2002,0,651,59,of,of,IN,IN
9296,East_Timor_2002,0,651,60,the,the,DT,DT
9297,East_Timor_2002,0,651,61,National,national,NNP,NN
9298,East_Timor_2002,0,651,62,Parliament,parliament,NNP,NN
9299,East_Timor_2002,0,651,63,is,is,VBZ,VB
9300,East_Timor_2002,0,651,64,suspended,suspended,VBN,VB
9301,East_Timor_2002,0,652,0,2,2,CD,CD
9302,East_Timor_2002,0,653,0,The,the,DT,DT
9303,East_Timor_2002,0,653,1,National,national,NNP,NN
9304,East_Timor_2002,0,653,2,Parliament,parliament,NNP,NN
9305,East_Timor_2002,0,653,3,may,may,MD,MD
9306,East_Timor_2002,0,653,4,suspend,suspend,VB,VB
9307,East_Timor_2002,0,653,6,in,in,IN,IN
9308,East_Timor_2002,0,653,7,part,part,NN,NN
9309,East_Timor_2002,0,653,8,or,or,CC,CC
9310,East_Timor_2002,0,653,9,in,in,IN,IN
9311,East_Timor_2002,0,653,10,full,full,JJ,JJ
9312,East_Timor_2002,0,653,12,the,the,DT,DT
9313,East_Timor_2002,0,653,13,force,force,NN,NN
9314,East_Timor_2002,0,653,14,of,of,IN,IN
9315,East_Timor_2002,0,653,15,a,a,DT,DT
9316,East_Timor_2002,0,653,16,law,law,NN,NN
9317,East_Timor_2002,0,653,17,until,until,IN,IN
9318,East_Timor_2002,0,653,18,it,it,PRP,PR
9319,East_Timor_2002,0,653,19,is,is,VBZ,VB
9320,East_Timor_2002,0,653,20,appraised,appraised,VBN,VB
9321,East_Timor_2002,0,654,0,3,3,CD,CD
9322,East_Timor_2002,0,655,0,The,the,DT,DT
9323,East_Timor_2002,0,655,1,suspension,suspension,NN,NN
9324,East_Timor_2002,0,655,2,shall,shall,MD,MD
9325,East_Timor_2002,0,655,3,lapse,lapse,VB,VB
9326,East_Timor_2002,0,655,4,after,after,IN,IN
9327,East_Timor_2002,0,655,5,the,the,DT,DT
9328,East_Timor_2002,0,655,6,National,national,NNP,NN
9329,East_Timor_2002,0,655,7,Parliament,parliament,NNP,NN
9330,East_Timor_2002,0,655,8,has,has,VBZ,VB
9331,East_Timor_2002,0,655,9,held,held,VBN,VB
9332,East_Timor_2002,0,655,10,10,10,CD,CD
9333,East_Timor_2002,0,655,11,plenary,plenary,JJ,JJ
9334,East_Timor_2002,0,655,12,meetings,meetings,NNS,NN
9335,East_Timor_2002,0,655,13,without,without,IN,IN
9336,East_Timor_2002,0,655,14,taking,taking,VBG,VB
9337,East_Timor_2002,0,655,15,a,a,DT,DT
9338,East_Timor_2002,0,655,16,final,final,JJ,JJ
9339,East_Timor_2002,0,655,17,decision,decision,NN,NN
9340,East_Timor_2002,0,656,0,4,4,CD,CD
9341,East_Timor_2002,0,657,0,If,if,IN,IN
9342,East_Timor_2002,0,657,1,the,the,DT,DT
9343,East_Timor_2002,0,657,2,termination,termination,NN,NN
9344,East_Timor_2002,0,657,3,of,of,IN,IN
9345,East_Timor_2002,0,657,4,validity,validity,NN,NN
9346,East_Timor_2002,0,657,5,is,is,VBZ,VB
9347,East_Timor_2002,0,657,6,approved,approved,VBN,VB
9348,East_Timor_2002,0,657,8,the,the,DT,DT
9349,East_Timor_2002,0,657,9,law,law,NN,NN
9350,East_Timor_2002,0,657,10,shall,shall,MD,MD
9351,East_Timor_2002,0,657,11,cease,cease,VB,VB
9352,East_Timor_2002,0,657,12,to,to,TO,TO
9353,East_Timor_2002,0,657,13,be,be,VB,VB
9354,East_Timor_2002,0,657,14,in,in,IN,IN
9355,East_Timor_2002,0,657,15,force,force,NN,NN
9356,East_Timor_2002,0,657,16,from,from,IN,IN
9357,East_Timor_2002,0,657,17,the,the,DT,DT
9358,East_Timor_2002,0,657,18,date,date,NN,NN
9359,East_Timor_2002,0,657,19,of,of,IN,IN
9360,East_Timor_2002,0,657,20,the,the,DT,DT
9361,East_Timor_2002,0,657,21,publication,publication,NN,NN
9362,East_Timor_2002,0,657,22,of,of,IN,IN
9363,East_Timor_2002,0,657,23,the,the,DT,DT
9364,East_Timor_2002,0,657,24,resolution,resolution,NN,NN
9365,East_Timor_2002,0,657,25,in,in,IN,IN
9366,East_Timor_2002,0,657,26,the,the,DT,DT
9367,East_Timor_2002,0,657,27,Official,official,NNP,NN
9368,East_Timor_2002,0,657,28,Gazette,gazette,NNP,NN
9369,East_Timor_2002,0,657,30,and,and,CC,CC
9370,East_Timor_2002,0,657,31,it,it,PRP,PR
9371,East_Timor_2002,0,657,32,shall,shall,MD,MD
9372,East_Timor_2002,0,657,33,not,not,RB,RB
9373,East_Timor_2002,0,657,34,be,be,VB,VB
9374,East_Timor_2002,0,657,35,published,published,VBN,VB
9375,East_Timor_2002,0,657,36,again,again,RB,RB
9376,East_Timor_2002,0,657,37,in,in,IN,IN
9377,East_Timor_2002,0,657,38,the,the,DT,DT
9378,East_Timor_2002,0,657,39,same,same,JJ,JJ
9379,East_Timor_2002,0,657,40,legislative,legislative,JJ,JJ
9380,East_Timor_2002,0,657,41,session,session,NN,NN
9381,East_Timor_2002,0,658,0,5,5,CD,CD
9382,East_Timor_2002,0,659,0,The,the,DT,DT
9383,East_Timor_2002,0,659,1,process,process,NN,NN
9384,East_Timor_2002,0,659,2,shall,shall,MD,MD
9385,East_Timor_2002,0,659,3,lapse,lapse,VB,VB
9386,East_Timor_2002,0,659,4,if,if,IN,IN
9387,East_Timor_2002,0,659,6,after,after,IN,IN
9388,East_Timor_2002,0,659,7,a,a,DT,DT
9389,East_Timor_2002,0,659,8,statute,statute,NN,NN
9390,East_Timor_2002,0,659,9,has,has,VBZ,VB
9391,East_Timor_2002,0,659,10,been,been,VBN,VB
9392,East_Timor_2002,0,659,11,submitted,submitted,VBN,VB
9393,East_Timor_2002,0,659,12,for,for,IN,IN
9394,East_Timor_2002,0,659,13,appraisal,appraisal,NN,NN
9395,East_Timor_2002,0,659,15,the,the,DT,DT
9396,East_Timor_2002,0,659,16,National,national,NNP,NN
9397,East_Timor_2002,0,659,17,Parliament,parliament,NNP,NN
9398,East_Timor_2002,0,659,18,takes,takes,VBZ,VB
9399,East_Timor_2002,0,659,19,no,no,DT,DT
9400,East_Timor_2002,0,659,20,decision,decision,NN,NN
9401,East_Timor_2002,0,659,21,on,on,IN,IN
9402,East_Timor_2002,0,659,22,it,it,PRP,PR
9403,East_Timor_2002,0,659,24,or,or,CC,CC
9404,East_Timor_2002,0,659,26,having,having,VBG,VB
9405,East_Timor_2002,0,659,27,decided,decided,VBN,VB
9406,East_Timor_2002,0,659,28,to,to,TO,TO
9407,East_Timor_2002,0,659,29,make,make,VB,VB
9408,East_Timor_2002,0,659,30,amendments,amendments,NNS,NN
9409,East_Timor_2002,0,659,32,it,it,PRP,PR
9410,East_Timor_2002,0,659,33,does,does,VBZ,VB
9411,East_Timor_2002,0,659,34,not,not,RB,RB
9412,East_Timor_2002,0,659,35,approve,approve,VB,VB
9413,East_Timor_2002,0,659,36,a,a,DT,DT
9414,East_Timor_2002,0,659,37,law,law,NN,NN
9415,East_Timor_2002,0,659,38,to,to,TO,TO
9416,East_Timor_2002,0,659,39,that,that,DT,DT
9417,East_Timor_2002,0,659,40,effect,effect,NN,NN
9418,East_Timor_2002,0,659,41,before,before,IN,IN
9419,East_Timor_2002,0,659,42,the,the,DT,DT
9420,East_Timor_2002,0,659,43,corresponding,corresponding,JJ,JJ
9421,East_Timor_2002,0,659,44,legislative,legislative,JJ,JJ
9422,East_Timor_2002,0,659,45,session,session,NN,NN
9423,East_Timor_2002,0,659,46,ends,ends,NNS,NN
9424,East_Timor_2002,0,659,48,provided,provided,VBD,VB
9425,East_Timor_2002,0,659,49,fifteen,fifteen,JJ,JJ
9426,East_Timor_2002,0,659,50,plenary,plenary,JJ,JJ
9427,East_Timor_2002,0,659,51,meetings,meetings,NNS,NN
9428,East_Timor_2002,0,659,52,have,have,VBP,VB
9429,East_Timor_2002,0,659,53,been,been,VBN,VB
9430,East_Timor_2002,0,659,54,held,held,VBN,VB
9431,East_Timor_2002,0,660,0,Chapter,chapter,NN,NN
9432,East_Timor_2002,0,660,1,Three,three,CD,CD
9433,East_Timor_2002,0,661,0,ORGANIZATION,organization,NNP,NN
9434,East_Timor_2002,0,661,1,AND,and,CC,CC
9435,East_Timor_2002,0,661,2,FUNCTIONING,functioning,NNP,NN
9436,East_Timor_2002,0,661,3,Article,article,NNP,NN
9437,East_Timor_2002,0,661,4,99,99,CD,CD
9438,East_Timor_2002,0,662,0,Legislative,legislative,JJ,JJ
9439,East_Timor_2002,0,662,1,Term,term,NNP,NN
9440,East_Timor_2002,0,662,2,Share,share,NNP,NN
9441,East_Timor_2002,0,662,3,1,1,CD,CD
9442,East_Timor_2002,0,663,0,The,the,DT,DT
9443,East_Timor_2002,0,663,1,legislative,legislative,JJ,JJ
9444,East_Timor_2002,0,663,2,term,term,NN,NN
9445,East_Timor_2002,0,663,3,comprises,comprises,VBZ,VB
9446,East_Timor_2002,0,663,4,five,five,CD,CD
9447,East_Timor_2002,0,663,5,legislative,legislative,JJ,JJ
9448,East_Timor_2002,0,663,6,sessions,sessions,NNS,NN
9449,East_Timor_2002,0,663,8,and,and,CC,CC
9450,East_Timor_2002,0,663,9,each,each,DT,DT
9451,East_Timor_2002,0,663,10,legislative,legislative,JJ,JJ
9452,East_Timor_2002,0,663,11,session,session,NN,NN
9453,East_Timor_2002,0,663,12,shall,shall,MD,MD
9454,East_Timor_2002,0,663,13,have,have,VB,VB
9455,East_Timor_2002,0,663,14,the,the,DT,DT
9456,East_Timor_2002,0,663,15,duration,duration,NN,NN
9457,East_Timor_2002,0,663,16,of,of,IN,IN
9458,East_Timor_2002,0,663,17,one,one,CD,CD
9459,East_Timor_2002,0,663,18,year,year,NN,NN
9460,East_Timor_2002,0,664,0,2,2,CD,CD
9461,East_Timor_2002,0,665,0,The,the,DT,DT
9462,East_Timor_2002,0,665,1,regular,regular,JJ,JJ
9463,East_Timor_2002,0,665,2,period,period,NN,NN
9464,East_Timor_2002,0,665,3,of,of,IN,IN
9465,East_Timor_2002,0,665,4,functioning,functioning,NN,NN
9466,East_Timor_2002,0,665,5,of,of,IN,IN
9467,East_Timor_2002,0,665,6,the,the,DT,DT
9468,East_Timor_2002,0,665,7,National,national,NNP,NN
9469,East_Timor_2002,0,665,8,Parliament,parliament,NNP,NN
9470,East_Timor_2002,0,665,9,is,is,VBZ,VB
9471,East_Timor_2002,0,665,10,defined,defined,VBN,VB
9472,East_Timor_2002,0,665,11,by,by,IN,IN
9473,East_Timor_2002,0,665,12,the,the,DT,DT
9474,East_Timor_2002,0,665,13,Rules,rules,NNP,NN
9475,East_Timor_2002,0,665,14,of,of,IN,IN
9476,East_Timor_2002,0,665,15,Procedure,procedure,NNP,NN
9477,East_Timor_2002,0,666,0,3,3,CD,CD
9478,East_Timor_2002,0,667,0,The,the,DT,DT
9479,East_Timor_2002,0,667,1,National,national,NNP,NN
9480,East_Timor_2002,0,667,2,Parliament,parliament,NNP,NN
9481,East_Timor_2002,0,667,3,convenes,convenes,NNS,NN
9482,East_Timor_2002,0,667,4,on,on,IN,IN
9483,East_Timor_2002,0,667,5,a,a,DT,DT
9484,East_Timor_2002,0,667,6,regular,regular,JJ,JJ
9485,East_Timor_2002,0,667,7,basis,basis,NN,NN
9486,East_Timor_2002,0,667,8,following,following,VBG,VB
9487,East_Timor_2002,0,667,9,notice,notice,RB,RB
9488,East_Timor_2002,0,667,10,by,by,IN,IN
9489,East_Timor_2002,0,667,11,its,its,PRP$,PR
9490,East_Timor_2002,0,667,12,President,president,NNP,NN
9491,East_Timor_2002,0,668,0,4,4,CD,CD
9492,East_Timor_2002,0,669,0,The,the,DT,DT
9493,East_Timor_2002,0,669,1,National,national,NNP,NN
9494,East_Timor_2002,0,669,2,Parliament,parliament,NNP,NN
9495,East_Timor_2002,0,669,3,convenes,convenes,NNS,NN
9496,East_Timor_2002,0,669,4,on,on,IN,IN
9497,East_Timor_2002,0,669,5,an,an,DT,DT
9498,East_Timor_2002,0,669,6,extraordinary,extraordinary,JJ,JJ
9499,East_Timor_2002,0,669,7,basis,basis,NN,NN
9500,East_Timor_2002,0,669,8,whenever,whenever,WRB,WR
9501,East_Timor_2002,0,669,9,so,so,RB,RB
9502,East_Timor_2002,0,669,10,decided,decided,VBN,VB
9503,East_Timor_2002,0,669,11,by,by,IN,IN
9504,East_Timor_2002,0,669,12,the,the,DT,DT
9505,East_Timor_2002,0,669,13,Standing,standing,NNP,NN
9506,East_Timor_2002,0,669,14,Committee,committee,NNP,NN
9507,East_Timor_2002,0,669,16,at,at,IN,IN
9508,East_Timor_2002,0,669,17,the,the,DT,DT
9509,East_Timor_2002,0,669,18,request,request,NN,NN
9510,East_Timor_2002,0,669,19,of,of,IN,IN
9511,East_Timor_2002,0,669,20,one-third,onethird,NN,NN
9512,East_Timor_2002,0,669,21,of,of,IN,IN
9513,East_Timor_2002,0,669,22,Members,members,NNS,NN
9514,East_Timor_2002,0,669,23,or,or,CC,CC
9515,East_Timor_2002,0,669,24,following,following,VBG,VB
9516,East_Timor_2002,0,669,25,notice,notice,NN,NN
9517,East_Timor_2002,0,669,26,of,of,IN,IN
9518,East_Timor_2002,0,669,27,the,the,DT,DT
9519,East_Timor_2002,0,669,28,President,president,NNP,NN
9520,East_Timor_2002,0,669,29,of,of,IN,IN
9521,East_Timor_2002,0,669,30,the,the,DT,DT
9522,East_Timor_2002,0,669,31,Republic,republic,NNP,NN
9523,East_Timor_2002,0,669,32,with,with,IN,IN
9524,East_Timor_2002,0,669,33,a,a,DT,DT
9525,East_Timor_2002,0,669,34,view,view,NN,NN
9526,East_Timor_2002,0,669,35,to,to,TO,TO
9527,East_Timor_2002,0,669,36,addressing,addressing,VBG,VB
9528,East_Timor_2002,0,669,37,specific,specific,JJ,JJ
9529,East_Timor_2002,0,669,38,issues,issues,NNS,NN
9530,East_Timor_2002,0,670,0,5,5,CD,CD
9531,East_Timor_2002,0,671,0,In,in,IN,IN
9532,East_Timor_2002,0,671,1,case,case,NN,NN
9533,East_Timor_2002,0,671,2,of,of,IN,IN
9534,East_Timor_2002,0,671,3,dissolution,dissolution,NN,NN
9535,East_Timor_2002,0,671,5,the,the,DT,DT
9536,East_Timor_2002,0,671,6,elected,elected,JJ,JJ
9537,East_Timor_2002,0,671,7,National,national,NNP,NN
9538,East_Timor_2002,0,671,8,Parliament,parliament,NNP,NN
9539,East_Timor_2002,0,671,9,shall,shall,MD,MD
9540,East_Timor_2002,0,671,10,commence,commence,VB,VB
9541,East_Timor_2002,0,671,11,a,a,DT,DT
9542,East_Timor_2002,0,671,12,new,new,JJ,JJ
9543,East_Timor_2002,0,671,13,legislative,legislative,JJ,JJ
9544,East_Timor_2002,0,671,14,term,term,NN,NN
9545,East_Timor_2002,0,671,16,the,the,DT,DT
9546,East_Timor_2002,0,671,17,length,length,NN,NN
9547,East_Timor_2002,0,671,18,of,of,IN,IN
9548,East_Timor_2002,0,671,19,which,which,WDT,WD
9549,East_Timor_2002,0,671,20,shall,shall,MD,MD
9550,East_Timor_2002,0,671,21,be,be,VB,VB
9551,East_Timor_2002,0,671,22,increased,increased,VBN,VB
9552,East_Timor_2002,0,671,23,by,by,IN,IN
9553,East_Timor_2002,0,671,24,the,the,DT,DT
9554,East_Timor_2002,0,671,25,time,time,NN,NN
9555,East_Timor_2002,0,671,26,needed,needed,VBN,VB
9556,East_Timor_2002,0,671,27,to,to,TO,TO
9557,East_Timor_2002,0,671,28,complete,complete,VB,VB
9558,East_Timor_2002,0,671,29,the,the,DT,DT
9559,East_Timor_2002,0,671,30,legislative,legislative,JJ,JJ
9560,East_Timor_2002,0,671,31,session,session,NN,NN
9561,East_Timor_2002,0,671,32,in,in,IN,IN
9562,East_Timor_2002,0,671,33,progress,progress,NN,NN
9563,East_Timor_2002,0,671,34,at,at,IN,IN
9564,East_Timor_2002,0,671,35,the,the,DT,DT
9565,East_Timor_2002,0,671,36,date,date,NN,NN
9566,East_Timor_2002,0,671,37,of,of,IN,IN
9567,East_Timor_2002,0,671,38,the,the,DT,DT
9568,East_Timor_2002,0,671,39,election,election,NN,NN
9569,East_Timor_2002,0,672,0,Article,article,NN,NN
9570,East_Timor_2002,0,672,1,100,100,CD,CD
9571,East_Timor_2002,0,673,0,Dissolution,dissolution,NNP,NN
9572,East_Timor_2002,0,673,1,Share,share,NNP,NN
9573,East_Timor_2002,0,673,2,1,1,CD,CD
9574,East_Timor_2002,0,674,0,The,the,DT,DT
9575,East_Timor_2002,0,674,1,National,national,NNP,NN
9576,East_Timor_2002,0,674,2,Parliament,parliament,NNP,NN
9577,East_Timor_2002,0,674,3,shall,shall,MD,MD
9578,East_Timor_2002,0,674,4,not,not,RB,RB
9579,East_Timor_2002,0,674,5,be,be,VB,VB
9580,East_Timor_2002,0,674,6,dissolved,dissolved,VBN,VB
9581,East_Timor_2002,0,674,7,during,during,IN,IN
9582,East_Timor_2002,0,674,8,the,the,DT,DT
9583,East_Timor_2002,0,674,9,six,six,CD,CD
9584,East_Timor_2002,0,674,10,months,months,NNS,NN
9585,East_Timor_2002,0,674,11,immediately,immediately,RB,RB
9586,East_Timor_2002,0,674,12,following,following,VBG,VB
9587,East_Timor_2002,0,674,13,its,its,PRP$,PR
9588,East_Timor_2002,0,674,14,election,election,NN,NN
9589,East_Timor_2002,0,674,16,during,during,IN,IN
9590,East_Timor_2002,0,674,17,the,the,DT,DT
9591,East_Timor_2002,0,674,18,last,last,JJ,JJ
9592,East_Timor_2002,0,674,19,half-year,halfyear,NN,NN
9593,East_Timor_2002,0,674,20,of,of,IN,IN
9594,East_Timor_2002,0,674,21,the,the,DT,DT
9595,East_Timor_2002,0,674,22,term,term,NN,NN
9596,East_Timor_2002,0,674,23,of,of,IN,IN
9597,East_Timor_2002,0,674,24,office,office,NN,NN
9598,East_Timor_2002,0,674,25,of,of,IN,IN
9599,East_Timor_2002,0,674,26,the,the,DT,DT
9600,East_Timor_2002,0,674,27,President,president,NNP,NN
9601,East_Timor_2002,0,674,28,of,of,IN,IN
9602,East_Timor_2002,0,674,29,the,the,DT,DT
9603,East_Timor_2002,0,674,30,Republic,republic,NNP,NN
9604,East_Timor_2002,0,674,31,or,or,CC,CC
9605,East_Timor_2002,0,674,32,during,during,IN,IN
9606,East_Timor_2002,0,674,33,a,a,DT,DT
9607,East_Timor_2002,0,674,34,state,state,NN,NN
9608,East_Timor_2002,0,674,35,of,of,IN,IN
9609,East_Timor_2002,0,674,36,siege,siege,NN,NN
9610,East_Timor_2002,0,674,37,or,or,CC,CC
9611,East_Timor_2002,0,674,38,a,a,DT,DT
9612,East_Timor_2002,0,674,39,state,state,NN,NN
9613,East_Timor_2002,0,674,40,of,of,IN,IN
9614,East_Timor_2002,0,674,41,emergency,emergency,NN,NN
9615,East_Timor_2002,0,674,43,on,on,IN,IN
9616,East_Timor_2002,0,674,44,pain,pain,NN,NN
9617,East_Timor_2002,0,674,45,of,of,IN,IN
9618,East_Timor_2002,0,674,46,rendering,rendering,VBG,VB
9619,East_Timor_2002,0,674,47,the,the,DT,DT
9620,East_Timor_2002,0,674,48,act,act,NN,NN
9621,East_Timor_2002,0,674,49,of,of,IN,IN
9622,East_Timor_2002,0,674,50,dissolution,dissolution,NN,NN
9623,East_Timor_2002,0,674,51,null,null,NN,NN
9624,East_Timor_2002,0,674,52,and,and,CC,CC
9625,East_Timor_2002,0,674,53,void,void,NN,NN
9626,East_Timor_2002,0,674,55,inexistêncía,inexistêncía,JJ,JJ
9627,East_Timor_2002,0,674,56,jurdica,jurdica,NN,NN
9628,East_Timor_2002,0,675,0,2,2,CD,CD
9629,East_Timor_2002,0,676,0,The,the,DT,DT
9630,East_Timor_2002,0,676,1,dissolution,dissolution,NN,NN
9631,East_Timor_2002,0,676,2,of,of,IN,IN
9632,East_Timor_2002,0,676,3,the,the,DT,DT
9633,East_Timor_2002,0,676,4,National,national,NNP,NN
9634,East_Timor_2002,0,676,5,Parliament,parliament,NNP,NN
9635,East_Timor_2002,0,676,6,does,does,VBZ,VB
9636,East_Timor_2002,0,676,7,not,not,RB,RB
9637,East_Timor_2002,0,676,8,affect,affect,VB,VB
9638,East_Timor_2002,0,676,9,the,the,DT,DT
9639,East_Timor_2002,0,676,10,continuance,continuance,NN,NN
9640,East_Timor_2002,0,676,11,of,of,IN,IN
9641,East_Timor_2002,0,676,12,the,the,DT,DT
9642,East_Timor_2002,0,676,13,mandates,mandates,NNS,NN
9643,East_Timor_2002,0,676,14,of,of,IN,IN
9644,East_Timor_2002,0,676,15,its,its,PRP$,PR
9645,East_Timor_2002,0,676,16,Members,members,NNS,NN
9646,East_Timor_2002,0,676,17,until,until,IN,IN
9647,East_Timor_2002,0,676,18,the,the,DT,DT
9648,East_Timor_2002,0,676,19,first,first,JJ,JJ
9649,East_Timor_2002,0,676,20,meeting,meeting,NN,NN
9650,East_Timor_2002,0,676,21,of,of,IN,IN
9651,East_Timor_2002,0,676,22,the,the,DT,DT
9652,East_Timor_2002,0,676,23,National,national,NNP,NN
9653,East_Timor_2002,0,676,24,Parliament,parliament,NNP,NN
9654,East_Timor_2002,0,676,25,after,after,IN,IN
9655,East_Timor_2002,0,676,26,the,the,DT,DT
9656,East_Timor_2002,0,676,27,ensuing,ensuing,VBG,VB
9657,East_Timor_2002,0,676,28,election,election,NN,NN
9658,East_Timor_2002,0,677,0,Article,article,NN,NN
9659,East_Timor_2002,0,677,1,101,101,CD,CD
9660,East_Timor_2002,0,678,0,Attendance,attendance,NN,NN
9661,East_Timor_2002,0,678,1,by,by,IN,IN
9662,East_Timor_2002,0,678,2,Members,members,NNS,NN
9663,East_Timor_2002,0,678,3,of,of,IN,IN
9664,East_Timor_2002,0,678,4,the,the,DT,DT
9665,East_Timor_2002,0,678,5,Government,government,NNP,NN
9666,East_Timor_2002,0,678,6,Share,share,NNP,NN
9667,East_Timor_2002,0,678,7,1,1,CD,CD
9668,East_Timor_2002,0,679,0,The,the,DT,DT
9669,East_Timor_2002,0,679,1,Members,members,NNS,NN
9670,East_Timor_2002,0,679,2,of,of,IN,IN
9671,East_Timor_2002,0,679,3,the,the,DT,DT
9672,East_Timor_2002,0,679,4,Government,government,NNP,NN
9673,East_Timor_2002,0,679,5,have,have,VBP,VB
9674,East_Timor_2002,0,679,6,the,the,DT,DT
9675,East_Timor_2002,0,679,7,right,right,NN,NN
9676,East_Timor_2002,0,679,8,to,to,TO,TO
9677,East_Timor_2002,0,679,9,attend,attend,VB,VB
9678,East_Timor_2002,0,679,10,plenary,plenary,JJ,JJ
9679,East_Timor_2002,0,679,11,sessions,sessions,NNS,NN
9680,East_Timor_2002,0,679,12,of,of,IN,IN
9681,East_Timor_2002,0,679,13,the,the,DT,DT
9682,East_Timor_2002,0,679,14,National,national,NNP,NN
9683,East_Timor_2002,0,679,15,Parliament,parliament,NNP,NN
9684,East_Timor_2002,0,679,16,and,and,CC,CC
9685,East_Timor_2002,0,679,17,may,may,MD,MD
9686,East_Timor_2002,0,679,18,take,take,VB,VB
9687,East_Timor_2002,0,679,19,the,the,DT,DT
9688,East_Timor_2002,0,679,20,floor,floor,NN,NN
9689,East_Timor_2002,0,679,21,as,as,IN,IN
9690,East_Timor_2002,0,679,22,provided,provided,VBN,VB
9691,East_Timor_2002,0,679,23,for,for,IN,IN
9692,East_Timor_2002,0,679,24,in,in,IN,IN
9693,East_Timor_2002,0,679,25,the,the,DT,DT
9694,East_Timor_2002,0,679,26,rules,rules,NNS,NN
9695,East_Timor_2002,0,679,27,of,of,IN,IN
9696,East_Timor_2002,0,679,28,procedures,procedures,NNS,NN
9697,East_Timor_2002,0,680,0,2,2,CD,CD
9698,East_Timor_2002,0,681,0,Sittings,sittings,NNS,NN
9699,East_Timor_2002,0,681,1,shall,shall,MD,MD
9700,East_Timor_2002,0,681,2,be,be,VB,VB
9701,East_Timor_2002,0,681,3,scheduled,scheduled,VBN,VB
9702,East_Timor_2002,0,681,4,at,at,IN,IN
9703,East_Timor_2002,0,681,5,which,which,WDT,WD
9704,East_Timor_2002,0,681,6,members,members,NNS,NN
9705,East_Timor_2002,0,681,7,of,of,IN,IN
9706,East_Timor_2002,0,681,8,the,the,DT,DT
9707,East_Timor_2002,0,681,9,Government,government,NNP,NN
9708,East_Timor_2002,0,681,10,shall,shall,MD,MD
9709,East_Timor_2002,0,681,11,be,be,VB,VB
9710,East_Timor_2002,0,681,12,present,present,JJ,JJ
9711,East_Timor_2002,0,681,13,to,to,TO,TO
9712,East_Timor_2002,0,681,14,answer,answer,VB,VB
9713,East_Timor_2002,0,681,15,questions,questions,NNS,NN
9714,East_Timor_2002,0,681,16,from,from,IN,IN
9715,East_Timor_2002,0,681,17,Members,members,NNS,NN
9716,East_Timor_2002,0,681,18,of,of,IN,IN
9717,East_Timor_2002,0,681,19,Parliament,parliament,NNP,NN
9718,East_Timor_2002,0,681,20,in,in,IN,IN
9719,East_Timor_2002,0,681,21,accordance,accordance,NN,NN
9720,East_Timor_2002,0,681,22,with,with,IN,IN
9721,East_Timor_2002,0,681,23,the,the,DT,DT
9722,East_Timor_2002,0,681,24,Rules,rules,NNP,NN
9723,East_Timor_2002,0,681,25,of,of,IN,IN
9724,East_Timor_2002,0,681,26,Procedure,procedure,NNP,NN
9725,East_Timor_2002,0,682,0,3,3,CD,CD
9726,East_Timor_2002,0,683,0,The,the,DT,DT
9727,East_Timor_2002,0,683,1,National,national,NNP,NN
9728,East_Timor_2002,0,683,2,Parliament,parliament,NNP,NN
9729,East_Timor_2002,0,683,3,or,or,CC,CC
9730,East_Timor_2002,0,683,4,its,its,PRP$,PR
9731,East_Timor_2002,0,683,5,Committees,committees,NNS,NN
9732,East_Timor_2002,0,683,6,may,may,MD,MD
9733,East_Timor_2002,0,683,7,request,request,VB,VB
9734,East_Timor_2002,0,683,8,members,members,NNS,NN
9735,East_Timor_2002,0,683,9,of,of,IN,IN
9736,East_Timor_2002,0,683,10,the,the,DT,DT
9737,East_Timor_2002,0,683,11,Governments,governments,NNS,NN
9738,East_Timor_2002,0,683,12,to,to,TO,TO
9739,East_Timor_2002,0,683,13,take,take,VB,VB
9740,East_Timor_2002,0,683,14,part,part,NN,NN
9741,East_Timor_2002,0,683,15,in,in,IN,IN
9742,East_Timor_2002,0,683,16,their,their,PRP$,PR
9743,East_Timor_2002,0,683,17,proceedings,proceedings,NNS,NN
9744,East_Timor_2002,0,684,0,Chapter,chapter,NN,NN
9745,East_Timor_2002,0,684,1,Four,four,CD,CD
9746,East_Timor_2002,0,685,0,STANDING,standing,NN,NN
9747,East_Timor_2002,0,685,1,COMMITTEE,committee,NNP,NN
9748,East_Timor_2002,0,685,2,Article,article,NNP,NN
9749,East_Timor_2002,0,685,3,102,102,CD,CD
9750,East_Timor_2002,0,686,0,Standing,standing,VBG,VB
9751,East_Timor_2002,0,686,1,Committee,committee,NNP,NN
9752,East_Timor_2002,0,686,2,Share,share,NNP,NN
9753,East_Timor_2002,0,686,3,1,1,CD,CD
9754,East_Timor_2002,0,687,0,The,the,DT,DT
9755,East_Timor_2002,0,687,1,Standing,standing,NNP,NN
9756,East_Timor_2002,0,687,2,Committee,committee,NNP,NN
9757,East_Timor_2002,0,687,3,shall,shall,MD,MD
9758,East_Timor_2002,0,687,4,sit,sit,VB,VB
9759,East_Timor_2002,0,687,5,when,when,WRB,WR
9760,East_Timor_2002,0,687,6,the,the,DT,DT
9761,East_Timor_2002,0,687,7,National,national,NNP,NN
9762,East_Timor_2002,0,687,8,Parliament,parliament,NNP,NN
9763,East_Timor_2002,0,687,9,is,is,VBZ,VB
9764,East_Timor_2002,0,687,10,dissolved,dissolved,VBN,VB
9765,East_Timor_2002,0,687,11,or,or,CC,CC
9766,East_Timor_2002,0,687,12,in,in,IN,IN
9767,East_Timor_2002,0,687,13,recession,recession,NN,NN
9768,East_Timor_2002,0,687,14,and,and,CC,CC
9769,East_Timor_2002,0,687,15,in,in,IN,IN
9770,East_Timor_2002,0,687,16,the,the,DT,DT
9771,East_Timor_2002,0,687,17,other,other,JJ,JJ
9772,East_Timor_2002,0,687,18,cases,cases,NNS,NN
9773,East_Timor_2002,0,687,19,provided,provided,VBN,VB
9774,East_Timor_2002,0,687,20,for,for,IN,IN
9775,East_Timor_2002,0,687,21,in,in,IN,IN
9776,East_Timor_2002,0,687,22,the,the,DT,DT
9777,East_Timor_2002,0,687,23,Constitution,constitution,NNP,NN
9778,East_Timor_2002,0,687,25,2,2,CD,CD
9779,East_Timor_2002,0,688,0,The,the,DT,DT
9780,East_Timor_2002,0,688,1,Standing,standing,NNP,NN
9781,East_Timor_2002,0,688,2,Committee,committee,NNP,NN
9782,East_Timor_2002,0,688,3,shall,shall,MD,MD
9783,East_Timor_2002,0,688,4,be,be,VB,VB
9784,East_Timor_2002,0,688,5,presided,presided,VBN,VB
9785,East_Timor_2002,0,688,6,over,over,IN,IN
9786,East_Timor_2002,0,688,7,by,by,IN,IN
9787,East_Timor_2002,0,688,8,the,the,DT,DT
9788,East_Timor_2002,0,688,9,President,president,NNP,NN
9789,East_Timor_2002,0,688,10,of,of,IN,IN
9790,East_Timor_2002,0,688,11,the,the,DT,DT
9791,East_Timor_2002,0,688,12,National,national,NNP,NN
9792,East_Timor_2002,0,688,13,Parliament,parliament,NNP,NN
9793,East_Timor_2002,0,688,14,and,and,CC,CC
9794,East_Timor_2002,0,688,15,shall,shall,MD,MD
9795,East_Timor_2002,0,688,16,be,be,VB,VB
9796,East_Timor_2002,0,688,17,comprised,comprised,VBN,VB
9797,East_Timor_2002,0,688,18,of,of,IN,IN
9798,East_Timor_2002,0,688,19,Vice-Presidents,vicepresidents,NNS,NN
9799,East_Timor_2002,0,688,20,and,and,CC,CC
9800,East_Timor_2002,0,688,21,Parliament,parliament,NNP,NN
9801,East_Timor_2002,0,688,22,Members,members,NNP,NN
9802,East_Timor_2002,0,688,23,designated,designated,VBN,VB
9803,East_Timor_2002,0,688,24,by,by,IN,IN
9804,East_Timor_2002,0,688,25,the,the,DT,DT
9805,East_Timor_2002,0,688,26,parties,parties,NNS,NN
9806,East_Timor_2002,0,688,27,sitting,sitting,VBG,VB
9807,East_Timor_2002,0,688,28,in,in,IN,IN
9808,East_Timor_2002,0,688,29,the,the,DT,DT
9809,East_Timor_2002,0,688,30,Parliament,parliament,NNP,NN
9810,East_Timor_2002,0,688,31,in,in,IN,IN
9811,East_Timor_2002,0,688,32,accordance,accordance,NN,NN
9812,East_Timor_2002,0,688,33,with,with,IN,IN
9813,East_Timor_2002,0,688,34,their,their,PRP$,PR
9814,East_Timor_2002,0,688,35,respective,respective,JJ,JJ
9815,East_Timor_2002,0,688,36,representation,representation,NN,NN
9816,East_Timor_2002,0,689,0,3,3,CD,CD
9817,East_Timor_2002,0,690,0,It,it,PRP,PR
9818,East_Timor_2002,0,690,1,is,is,VBZ,VB
9819,East_Timor_2002,0,690,2,incumbent,incumbent,JJ,JJ
9820,East_Timor_2002,0,690,3,upon,upon,IN,IN
9821,East_Timor_2002,0,690,4,the,the,DT,DT
9822,East_Timor_2002,0,690,5,Standing,standing,NNP,NN
9823,East_Timor_2002,0,690,6,Committee,committee,NNP,NN
9824,East_Timor_2002,0,690,8,a.to,ato,JJ,JJ
9825,East_Timor_2002,0,690,9,follow-up,followup,JJ,JJ
9826,East_Timor_2002,0,690,10,the,the,DT,DT
9827,East_Timor_2002,0,690,11,activities,activities,NNS,NN
9828,East_Timor_2002,0,690,12,of,of,IN,IN
9829,East_Timor_2002,0,690,13,the,the,DT,DT
9830,East_Timor_2002,0,690,14,Government,government,NNP,NN
9831,East_Timor_2002,0,690,15,and,and,CC,CC
9832,East_Timor_2002,0,690,16,the,the,DT,DT
9833,East_Timor_2002,0,690,17,Administration,administration,NNP,NN
9834,East_Timor_2002,0,690,19,b.to,bto,VBD,VB
9835,East_Timor_2002,0,690,20,co-ordinate,coordinate,VB,VB
9836,East_Timor_2002,0,690,21,the,the,DT,DT
9837,East_Timor_2002,0,690,22,activities,activities,NNS,NN
9838,East_Timor_2002,0,690,23,of,of,IN,IN
9839,East_Timor_2002,0,690,24,the,the,DT,DT
9840,East_Timor_2002,0,690,25,Committees,committees,NNP,NN
9841,East_Timor_2002,0,690,26,of,of,IN,IN
9842,East_Timor_2002,0,690,27,the,the,DT,DT
9843,East_Timor_2002,0,690,28,National,national,NNP,NN
9844,East_Timor_2002,0,690,29,Parliament,parliament,NNP,NN
9845,East_Timor_2002,0,690,31,c.to,cto,NNS,NN
9846,East_Timor_2002,0,690,32,take,take,VBP,VB
9847,East_Timor_2002,0,690,33,steps,steps,NNS,NN
9848,East_Timor_2002,0,690,34,for,for,IN,IN
9849,East_Timor_2002,0,690,35,the,the,DT,DT
9850,East_Timor_2002,0,690,36,convening,convening,NN,NN
9851,East_Timor_2002,0,690,37,of,of,IN,IN
9852,East_Timor_2002,0,690,38,Parliament,parliament,NNP,NN
9853,East_Timor_2002,0,690,39,whenever,whenever,WDT,WD
9854,East_Timor_2002,0,690,40,deemed,deemed,VBD,VB
9855,East_Timor_2002,0,690,41,necessary,necessary,JJ,JJ
9856,East_Timor_2002,0,690,43,d.to,dto,CC,CC
9857,East_Timor_2002,0,690,44,prepare,prepare,VB,VB
9858,East_Timor_2002,0,690,45,and,and,CC,CC
9859,East_Timor_2002,0,690,46,organize,organize,VB,VB
9860,East_Timor_2002,0,690,47,sessions,sessions,NNS,NN
9861,East_Timor_2002,0,690,48,of,of,IN,IN
9862,East_Timor_2002,0,690,49,the,the,DT,DT
9863,East_Timor_2002,0,690,50,National,national,NNP,NN
9864,East_Timor_2002,0,690,51,Parliament,parliament,NNP,NN
9865,East_Timor_2002,0,690,53,e.to,eto,CC,CC
9866,East_Timor_2002,0,690,54,give,give,VB,VB
9867,East_Timor_2002,0,690,55,its,its,PRP$,PR
9868,East_Timor_2002,0,690,56,consent,consent,NN,NN
9869,East_Timor_2002,0,690,57,regarding,regarding,VBG,VB
9870,East_Timor_2002,0,690,58,trips,trips,NNS,NN
9871,East_Timor_2002,0,690,59,by,by,IN,IN
9872,East_Timor_2002,0,690,60,the,the,DT,DT
9873,East_Timor_2002,0,690,61,President,president,NNP,NN
9874,East_Timor_2002,0,690,62,of,of,IN,IN
9875,East_Timor_2002,0,690,63,the,the,DT,DT
9876,East_Timor_2002,0,690,64,Republic,republic,NNP,NN
9877,East_Timor_2002,0,690,65,in,in,IN,IN
9878,East_Timor_2002,0,690,66,accordance,accordance,NN,NN
9879,East_Timor_2002,0,690,67,with,with,IN,IN
9880,East_Timor_2002,0,690,68,Article,article,NNP,NN
9881,East_Timor_2002,0,690,69,80,80,CD,CD
9882,East_Timor_2002,0,690,71,f.to,fto,JJ,JJ
9883,East_Timor_2002,0,690,72,direct,direct,JJ,JJ
9884,East_Timor_2002,0,690,73,relations,relations,NNS,NN
9885,East_Timor_2002,0,690,74,between,between,IN,IN
9886,East_Timor_2002,0,690,75,the,the,DT,DT
9887,East_Timor_2002,0,690,76,National,national,NNP,NN
9888,East_Timor_2002,0,690,77,Parliament,parliament,NNP,NN
9889,East_Timor_2002,0,690,78,and,and,CC,CC
9890,East_Timor_2002,0,690,79,similar,similar,JJ,JJ
9891,East_Timor_2002,0,690,80,parliaments,parliaments,NNS,NN
9892,East_Timor_2002,0,690,81,and,and,CC,CC
9893,East_Timor_2002,0,690,82,institutions,institutions,NNS,NN
9894,East_Timor_2002,0,690,83,of,of,IN,IN
9895,East_Timor_2002,0,690,84,other,other,JJ,JJ
9896,East_Timor_2002,0,690,85,countries,countries,NNS,NN
9897,East_Timor_2002,0,690,87,g.to,gto,CC,CC
9898,East_Timor_2002,0,690,88,authorize,authorize,VB,VB
9899,East_Timor_2002,0,690,89,the,the,DT,DT
9900,East_Timor_2002,0,690,90,declaration,declaration,NN,NN
9901,East_Timor_2002,0,690,91,of,of,IN,IN
9902,East_Timor_2002,0,690,92,the,the,DT,DT
9903,East_Timor_2002,0,690,93,state,state,NN,NN
9904,East_Timor_2002,0,690,94,of,of,IN,IN
9905,East_Timor_2002,0,690,95,siege,siege,NN,NN
9906,East_Timor_2002,0,690,96,or,or,CC,CC
9907,East_Timor_2002,0,690,97,the,the,DT,DT
9908,East_Timor_2002,0,690,98,state,state,NN,NN
9909,East_Timor_2002,0,690,99,of,of,IN,IN
9910,East_Timor_2002,0,690,100,emergency,emergency,NN,NN
9911,East_Timor_2002,0,691,0,TITLE,title,NNP,NN
9912,East_Timor_2002,0,691,1,IV,iv,NNP,NN
9913,East_Timor_2002,0,692,0,GOVERNMENT,government,NNP,NN
9914,East_Timor_2002,0,692,1,Chapter,chapter,NNP,NN
9915,East_Timor_2002,0,692,2,One,one,NNP,NN
9916,East_Timor_2002,0,693,0,DEFINITION,definition,NNP,NN
9917,East_Timor_2002,0,693,1,AND,and,CC,CC
9918,East_Timor_2002,0,693,2,STRUCTURE,structure,NNP,NN
9919,East_Timor_2002,0,693,3,Article,article,NNP,NN
9920,East_Timor_2002,0,693,4,103,103,CD,CD
9921,East_Timor_2002,0,694,0,Definition,definition,NNP,NN
9922,East_Timor_2002,0,694,1,Share,share,NNP,NN
9923,East_Timor_2002,0,694,2,The,the,DT,DT
9924,East_Timor_2002,0,694,3,Government,government,NNP,NN
9925,East_Timor_2002,0,694,4,is,is,VBZ,VB
9926,East_Timor_2002,0,694,5,the,the,DT,DT
9927,East_Timor_2002,0,694,6,organ,organ,NN,NN
9928,East_Timor_2002,0,694,7,of,of,IN,IN
9929,East_Timor_2002,0,694,8,sovereignty,sovereignty,NN,NN
9930,East_Timor_2002,0,694,9,responsible,responsible,JJ,JJ
9931,East_Timor_2002,0,694,10,for,for,IN,IN
9932,East_Timor_2002,0,694,11,conducting,conducting,VBG,VB
9933,East_Timor_2002,0,694,12,and,and,CC,CC
9934,East_Timor_2002,0,694,13,executing,executing,VBG,VB
9935,East_Timor_2002,0,694,14,the,the,DT,DT
9936,East_Timor_2002,0,694,15,general,general,JJ,JJ
9937,East_Timor_2002,0,694,16,policy,policy,NN,NN
9938,East_Timor_2002,0,694,17,of,of,IN,IN
9939,East_Timor_2002,0,694,18,the,the,DT,DT
9940,East_Timor_2002,0,694,19,country,country,NN,NN
9941,East_Timor_2002,0,694,20,and,and,CC,CC
9942,East_Timor_2002,0,694,21,is,is,VBZ,VB
9943,East_Timor_2002,0,694,22,the,the,DT,DT
9944,East_Timor_2002,0,694,23,supreme,supreme,JJ,JJ
9945,East_Timor_2002,0,694,24,organ,organ,NN,NN
9946,East_Timor_2002,0,694,25,of,of,IN,IN
9947,East_Timor_2002,0,694,26,Public,public,NNP,NN
9948,East_Timor_2002,0,694,27,Administration,administration,NNP,NN
9949,East_Timor_2002,0,695,0,Article,article,NN,NN
9950,East_Timor_2002,0,695,1,104,104,CD,CD
9951,East_Timor_2002,0,696,0,Composition,composition,NNP,NN
9952,East_Timor_2002,0,696,1,Share,share,NNP,NN
9953,East_Timor_2002,0,696,2,1,1,CD,CD
9954,East_Timor_2002,0,697,0,The,the,DT,DT
9955,East_Timor_2002,0,697,1,Government,government,NNP,NN
9956,East_Timor_2002,0,697,2,is,is,VBZ,VB
9957,East_Timor_2002,0,697,3,constituted,constituted,VBN,VB
9958,East_Timor_2002,0,697,4,by,by,IN,IN
9959,East_Timor_2002,0,697,5,the,the,DT,DT
9960,East_Timor_2002,0,697,6,Prime,prime,NNP,NN
9961,East_Timor_2002,0,697,7,Minister,minister,NNP,NN
9962,East_Timor_2002,0,697,9,the,the,DT,DT
9963,East_Timor_2002,0,697,10,Ministers,ministers,NNS,NN
9964,East_Timor_2002,0,697,11,and,and,CC,CC
9965,East_Timor_2002,0,697,12,the,the,DT,DT
9966,East_Timor_2002,0,697,13,Secretaries,secretaries,NNPS,NN
9967,East_Timor_2002,0,697,14,of,of,IN,IN
9968,East_Timor_2002,0,697,15,State,state,NNP,NN
9969,East_Timor_2002,0,698,0,2,2,CD,CD
9970,East_Timor_2002,0,699,0,The,the,DT,DT
9971,East_Timor_2002,0,699,1,Government,government,NNP,NN
9972,East_Timor_2002,0,699,2,may,may,MD,MD
9973,East_Timor_2002,0,699,3,include,include,VB,VB
9974,East_Timor_2002,0,699,4,one,one,CD,CD
9975,East_Timor_2002,0,699,5,or,or,CC,CC
9976,East_Timor_2002,0,699,6,more,more,JJR,JJ
9977,East_Timor_2002,0,699,7,Deputy,deputy,JJ,JJ
9978,East_Timor_2002,0,699,8,Prime,prime,NNP,NN
9979,East_Timor_2002,0,699,9,Ministers,ministers,NNP,NN
9980,East_Timor_2002,0,699,10,and,and,CC,CC
9981,East_Timor_2002,0,699,11,Deputy,deputy,NNP,NN
9982,East_Timor_2002,0,699,12,Ministers,ministers,NNP,NN
9983,East_Timor_2002,0,700,0,3,3,CD,CD
9984,East_Timor_2002,0,701,0,The,the,DT,DT
9985,East_Timor_2002,0,701,1,number,number,NN,NN
9986,East_Timor_2002,0,701,3,titles,titles,NNS,NN
9987,East_Timor_2002,0,701,4,and,and,CC,CC
9988,East_Timor_2002,0,701,5,competences,competences,NNS,NN
9989,East_Timor_2002,0,701,6,of,of,IN,IN
9990,East_Timor_2002,0,701,7,ministries,ministries,NNS,NN
9991,East_Timor_2002,0,701,8,and,and,CC,CC
9992,East_Timor_2002,0,701,9,secretariats,secretariats,NNS,NN
9993,East_Timor_2002,0,701,10,of,of,IN,IN
9994,East_Timor_2002,0,701,11,State,state,NNP,NN
9995,East_Timor_2002,0,701,12,shall,shall,MD,MD
9996,East_Timor_2002,0,701,13,be,be,VB,VB
9997,East_Timor_2002,0,701,14,defined,defined,VBN,VB
9998,East_Timor_2002,0,701,15,in,in,IN,IN
9999,East_Timor_2002,0,701,16,a,a,DT,DT
10000,East_Timor_2002,0,701,17,legislative,legislative,JJ,JJ
10001,East_Timor_2002,0,701,18,act,act,NN,NN
10002,East_Timor_2002,0,701,19,by,by,IN,IN
10003,East_Timor_2002,0,701,20,the,the,DT,DT
10004,East_Timor_2002,0,701,21,Government,government,NNP,NN
10005,East_Timor_2002,0,702,0,Article,article,NN,NN
10006,East_Timor_2002,0,702,1,105,105,CD,CD
10007,East_Timor_2002,0,703,0,Council,council,NN,NN
10008,East_Timor_2002,0,703,1,of,of,IN,IN
10009,East_Timor_2002,0,703,2,Ministers,ministers,NNP,NN
10010,East_Timor_2002,0,703,3,Share,share,NNP,NN
10011,East_Timor_2002,0,703,4,1,1,CD,CD
10012,East_Timor_2002,0,704,0,The,the,DT,DT
10013,East_Timor_2002,0,704,1,Council,council,NNP,NN
10014,East_Timor_2002,0,704,2,of,of,IN,IN
10015,East_Timor_2002,0,704,3,Ministers,ministers,NNP,NN
10016,East_Timor_2002,0,704,4,is,is,VBZ,VB
10017,East_Timor_2002,0,704,5,constituted,constituted,VBN,VB
10018,East_Timor_2002,0,704,6,by,by,IN,IN
10019,East_Timor_2002,0,704,7,the,the,DT,DT
10020,East_Timor_2002,0,704,8,Prime,prime,NNP,NN
10021,East_Timor_2002,0,704,9,Minister,minister,NNP,NN
10022,East_Timor_2002,0,704,11,the,the,DT,DT
10023,East_Timor_2002,0,704,12,Deputy,deputy,NNP,NN
10024,East_Timor_2002,0,704,13,Prime,prime,NNP,NN
10025,East_Timor_2002,0,704,14,Ministers,ministers,NNP,NN
10026,East_Timor_2002,0,704,16,if,if,IN,IN
10027,East_Timor_2002,0,704,17,any,any,DT,DT
10028,East_Timor_2002,0,704,19,and,and,CC,CC
10029,East_Timor_2002,0,704,20,the,the,DT,DT
10030,East_Timor_2002,0,704,21,Ministers,ministers,NNP,NN
10031,East_Timor_2002,0,705,0,2,2,CD,CD
10032,East_Timor_2002,0,706,0,The,the,DT,DT
10033,East_Timor_2002,0,706,1,Council,council,NNP,NN
10034,East_Timor_2002,0,706,2,of,of,IN,IN
10035,East_Timor_2002,0,706,3,Ministers,ministers,NNP,NN
10036,East_Timor_2002,0,706,4,shall,shall,MD,MD
10037,East_Timor_2002,0,706,5,be,be,VB,VB
10038,East_Timor_2002,0,706,6,convened,convened,VBN,VB
10039,East_Timor_2002,0,706,7,and,and,CC,CC
10040,East_Timor_2002,0,706,8,chaired,chaired,VBN,VB
10041,East_Timor_2002,0,706,9,by,by,IN,IN
10042,East_Timor_2002,0,706,10,the,the,DT,DT
10043,East_Timor_2002,0,706,11,Prime,prime,NNP,NN
10044,East_Timor_2002,0,706,12,Minister,minister,NNP,NN
10045,East_Timor_2002,0,707,0,3,3,CD,CD
10046,East_Timor_2002,0,708,0,The,the,DT,DT
10047,East_Timor_2002,0,708,1,Deputy,deputy,NNP,NN
10048,East_Timor_2002,0,708,2,Ministers,ministers,NNP,NN
10049,East_Timor_2002,0,708,4,if,if,IN,IN
10050,East_Timor_2002,0,708,5,any,any,DT,DT
10051,East_Timor_2002,0,708,7,and,and,CC,CC
10052,East_Timor_2002,0,708,8,the,the,DT,DT
10053,East_Timor_2002,0,708,9,Secretaries,secretaries,NNPS,NN
10054,East_Timor_2002,0,708,10,of,of,IN,IN
10055,East_Timor_2002,0,708,11,State,state,NNP,NN
10056,East_Timor_2002,0,708,12,may,may,MD,MD
10057,East_Timor_2002,0,708,13,be,be,VB,VB
10058,East_Timor_2002,0,708,14,summoned,summoned,VBN,VB
10059,East_Timor_2002,0,708,15,to,to,TO,TO
10060,East_Timor_2002,0,708,16,attend,attend,VB,VB
10061,East_Timor_2002,0,708,17,meetings,meetings,NNS,NN
10062,East_Timor_2002,0,708,18,of,of,IN,IN
10063,East_Timor_2002,0,708,19,the,the,DT,DT
10064,East_Timor_2002,0,708,20,Council,council,NNP,NN
10065,East_Timor_2002,0,708,21,of,of,IN,IN
10066,East_Timor_2002,0,708,22,Ministers,ministers,NNP,NN
10067,East_Timor_2002,0,708,24,without,without,IN,IN
10068,East_Timor_2002,0,708,25,a,a,DT,DT
10069,East_Timor_2002,0,708,26,right,right,NN,NN
10070,East_Timor_2002,0,708,27,to,to,TO,TO
10071,East_Timor_2002,0,708,28,vote,vote,VB,VB
10072,East_Timor_2002,0,709,0,Chapter,chapter,NN,NN
10073,East_Timor_2002,0,709,1,Two,two,CD,CD
10074,East_Timor_2002,0,710,0,FORMATION,formation,NNP,NN
10075,East_Timor_2002,0,710,1,AND,and,NNP,NN
10076,East_Timor_2002,0,710,2,RESPONSIBILITY,responsibility,NNP,NN
10077,East_Timor_2002,0,710,3,Article,article,NNP,NN
10078,East_Timor_2002,0,710,4,106,106,CD,CD
10079,East_Timor_2002,0,711,0,Appointment,appointment,NNP,NN
10080,East_Timor_2002,0,711,1,Share,share,NNP,NN
10081,East_Timor_2002,0,711,2,1,1,CD,CD
10082,East_Timor_2002,0,712,0,The,the,DT,DT
10083,East_Timor_2002,0,712,1,Prime,prime,NNP,NN
10084,East_Timor_2002,0,712,2,Minister,minister,NNP,NN
10085,East_Timor_2002,0,712,3,shall,shall,MD,MD
10086,East_Timor_2002,0,712,4,be,be,VB,VB
10087,East_Timor_2002,0,712,5,designated,designated,VBN,VB
10088,East_Timor_2002,0,712,6,by,by,IN,IN
10089,East_Timor_2002,0,712,7,the,the,DT,DT
10090,East_Timor_2002,0,712,8,political,political,JJ,JJ
10091,East_Timor_2002,0,712,9,party,party,NN,NN
10092,East_Timor_2002,0,712,10,or,or,CC,CC
10093,East_Timor_2002,0,712,11,alliance,alliance,NN,NN
10094,East_Timor_2002,0,712,12,of,of,IN,IN
10095,East_Timor_2002,0,712,13,political,political,JJ,JJ
10096,East_Timor_2002,0,712,14,parties,parties,NNS,NN
10097,East_Timor_2002,0,712,15,with,with,IN,IN
10098,East_Timor_2002,0,712,16,parliamentary,parliamentary,JJ,JJ
10099,East_Timor_2002,0,712,17,majority,majority,NN,NN
10100,East_Timor_2002,0,712,18,and,and,CC,CC
10101,East_Timor_2002,0,712,19,shall,shall,MD,MD
10102,East_Timor_2002,0,712,20,be,be,VB,VB
10103,East_Timor_2002,0,712,21,appointed,appointed,VBN,VB
10104,East_Timor_2002,0,712,22,by,by,IN,IN
10105,East_Timor_2002,0,712,23,the,the,DT,DT
10106,East_Timor_2002,0,712,24,President,president,NNP,NN
10107,East_Timor_2002,0,712,25,of,of,IN,IN
10108,East_Timor_2002,0,712,26,the,the,DT,DT
10109,East_Timor_2002,0,712,27,Republic,republic,NNP,NN
10110,East_Timor_2002,0,712,29,after,after,IN,IN
10111,East_Timor_2002,0,712,30,consultation,consultation,NN,NN
10112,East_Timor_2002,0,712,31,with,with,IN,IN
10113,East_Timor_2002,0,712,32,the,the,DT,DT
10114,East_Timor_2002,0,712,33,political,political,JJ,JJ
10115,East_Timor_2002,0,712,34,parties,parties,NNS,NN
10116,East_Timor_2002,0,712,35,sitting,sitting,VBG,VB
10117,East_Timor_2002,0,712,36,in,in,IN,IN
10118,East_Timor_2002,0,712,37,the,the,DT,DT
10119,East_Timor_2002,0,712,38,National,national,NNP,NN
10120,East_Timor_2002,0,712,39,Parliament,parliament,NNP,NN
10121,East_Timor_2002,0,713,0,2,2,CD,CD
10122,East_Timor_2002,0,714,0,The,the,DT,DT
10123,East_Timor_2002,0,714,1,remaining,remaining,VBG,VB
10124,East_Timor_2002,0,714,2,members,members,NNS,NN
10125,East_Timor_2002,0,714,3,of,of,IN,IN
10126,East_Timor_2002,0,714,4,the,the,DT,DT
10127,East_Timor_2002,0,714,5,Government,government,NNP,NN
10128,East_Timor_2002,0,714,6,shall,shall,MD,MD
10129,East_Timor_2002,0,714,7,be,be,VB,VB
10130,East_Timor_2002,0,714,8,appointed,appointed,VBN,VB
10131,East_Timor_2002,0,714,9,by,by,IN,IN
10132,East_Timor_2002,0,714,10,the,the,DT,DT
10133,East_Timor_2002,0,714,11,President,president,NNP,NN
10134,East_Timor_2002,0,714,12,of,of,IN,IN
10135,East_Timor_2002,0,714,13,the,the,DT,DT
10136,East_Timor_2002,0,714,14,Republic,republic,NNP,NN
10137,East_Timor_2002,0,714,15,on,on,IN,IN
10138,East_Timor_2002,0,714,16,the,the,DT,DT
10139,East_Timor_2002,0,714,17,proposal,proposal,NN,NN
10140,East_Timor_2002,0,714,18,by,by,IN,IN
10141,East_Timor_2002,0,714,19,the,the,DT,DT
10142,East_Timor_2002,0,714,20,Prime,prime,NNP,NN
10143,East_Timor_2002,0,714,21,Minister,minister,NNP,NN
10144,East_Timor_2002,0,715,0,Article,article,NN,NN
10145,East_Timor_2002,0,715,1,107,107,CD,CD
10146,East_Timor_2002,0,716,0,Responsibility,responsibility,NN,NN
10147,East_Timor_2002,0,716,1,of,of,IN,IN
10148,East_Timor_2002,0,716,2,the,the,DT,DT
10149,East_Timor_2002,0,716,3,Government,government,NNP,NN
10150,East_Timor_2002,0,716,4,Share,share,NNP,NN
10151,East_Timor_2002,0,716,5,The,the,DT,DT
10152,East_Timor_2002,0,716,6,Government,government,NNP,NN
10153,East_Timor_2002,0,716,7,shall,shall,MD,MD
10154,East_Timor_2002,0,716,8,be,be,VB,VB
10155,East_Timor_2002,0,716,9,accountable,accountable,JJ,JJ
10156,East_Timor_2002,0,716,10,to,to,TO,TO
10157,East_Timor_2002,0,716,11,the,the,DT,DT
10158,East_Timor_2002,0,716,12,President,president,NNP,NN
10159,East_Timor_2002,0,716,13,of,of,IN,IN
10160,East_Timor_2002,0,716,14,the,the,DT,DT
10161,East_Timor_2002,0,716,15,Republic,republic,NNP,NN
10162,East_Timor_2002,0,716,16,and,and,CC,CC
10163,East_Timor_2002,0,716,17,to,to,TO,TO
10164,East_Timor_2002,0,716,18,the,the,DT,DT
10165,East_Timor_2002,0,716,19,National,national,NNP,NN
10166,East_Timor_2002,0,716,20,Parliament,parliament,NNP,NN
10167,East_Timor_2002,0,716,21,for,for,IN,IN
10168,East_Timor_2002,0,716,22,conducting,conducting,VBG,VB
10169,East_Timor_2002,0,716,23,and,and,CC,CC
10170,East_Timor_2002,0,716,24,executing,executing,VBG,VB
10171,East_Timor_2002,0,716,25,the,the,DT,DT
10172,East_Timor_2002,0,716,26,domestic,domestic,JJ,JJ
10173,East_Timor_2002,0,716,27,and,and,CC,CC
10174,East_Timor_2002,0,716,28,foreign,foreign,JJ,JJ
10175,East_Timor_2002,0,716,29,policy,policy,NN,NN
10176,East_Timor_2002,0,716,30,in,in,IN,IN
10177,East_Timor_2002,0,716,31,accordance,accordance,NN,NN
10178,East_Timor_2002,0,716,32,with,with,IN,IN
10179,East_Timor_2002,0,716,33,the,the,DT,DT
10180,East_Timor_2002,0,716,34,Constitution,constitution,NNP,NN
10181,East_Timor_2002,0,716,35,and,and,CC,CC
10182,East_Timor_2002,0,716,36,the,the,DT,DT
10183,East_Timor_2002,0,716,37,law,law,NN,NN
10184,East_Timor_2002,0,717,0,Article,article,NN,NN
10185,East_Timor_2002,0,717,1,108,108,CD,CD
10186,East_Timor_2002,0,718,0,The,the,DT,DT
10187,East_Timor_2002,0,718,1,Program,program,NNP,NN
10188,East_Timor_2002,0,718,2,of,of,IN,IN
10189,East_Timor_2002,0,718,3,the,the,DT,DT
10190,East_Timor_2002,0,718,4,Government,government,NNP,NN
10191,East_Timor_2002,0,718,5,Share,share,NNP,NN
10192,East_Timor_2002,0,718,6,1,1,CD,CD
10193,East_Timor_2002,0,719,0,Once,once,RB,RB
10194,East_Timor_2002,0,719,1,appointed,appointed,VBN,VB
10195,East_Timor_2002,0,719,3,the,the,DT,DT
10196,East_Timor_2002,0,719,4,Government,government,NNP,NN
10197,East_Timor_2002,0,719,5,must,must,MD,MD
10198,East_Timor_2002,0,719,6,develop,develop,VB,VB
10199,East_Timor_2002,0,719,7,its,its,PRP$,PR
10200,East_Timor_2002,0,719,8,program,program,NN,NN
10201,East_Timor_2002,0,719,10,which,which,WDT,WD
10202,East_Timor_2002,0,719,11,shall,shall,MD,MD
10203,East_Timor_2002,0,719,12,include,include,VB,VB
10204,East_Timor_2002,0,719,13,the,the,DT,DT
10205,East_Timor_2002,0,719,14,objectives,objectives,NNS,NN
10206,East_Timor_2002,0,719,15,and,and,CC,CC
10207,East_Timor_2002,0,719,16,tasks,tasks,NNS,NN
10208,East_Timor_2002,0,719,17,proposed,proposed,VBN,VB
10209,East_Timor_2002,0,719,19,the,the,DT,DT
10210,East_Timor_2002,0,719,20,actions,actions,NNS,NN
10211,East_Timor_2002,0,719,21,to,to,TO,TO
10212,East_Timor_2002,0,719,22,be,be,VB,VB
10213,East_Timor_2002,0,719,23,taken,taken,VBN,VB
10214,East_Timor_2002,0,719,24,and,and,CC,CC
10215,East_Timor_2002,0,719,25,the,the,DT,DT
10216,East_Timor_2002,0,719,26,main,main,JJ,JJ
10217,East_Timor_2002,0,719,27,political,political,JJ,JJ
10218,East_Timor_2002,0,719,28,guidelines,guidelines,NNS,NN
10219,East_Timor_2002,0,719,29,to,to,TO,TO
10220,East_Timor_2002,0,719,30,be,be,VB,VB
10221,East_Timor_2002,0,719,31,followed,followed,VBN,VB
10222,East_Timor_2002,0,719,32,in,in,IN,IN
10223,East_Timor_2002,0,719,33,the,the,DT,DT
10224,East_Timor_2002,0,719,34,fields,fields,NNS,NN
10225,East_Timor_2002,0,719,35,of,of,IN,IN
10226,East_Timor_2002,0,719,36,government,government,NN,NN
10227,East_Timor_2002,0,719,37,activity,activity,NN,NN
10228,East_Timor_2002,0,720,0,2,2,CD,CD
10229,East_Timor_2002,0,721,0,Once,once,RB,RB
10230,East_Timor_2002,0,721,1,approved,approved,VBN,VB
10231,East_Timor_2002,0,721,2,by,by,IN,IN
10232,East_Timor_2002,0,721,3,the,the,DT,DT
10233,East_Timor_2002,0,721,4,Council,council,NNP,NN
10234,East_Timor_2002,0,721,5,of,of,IN,IN
10235,East_Timor_2002,0,721,6,Ministers,ministers,NNP,NN
10236,East_Timor_2002,0,721,8,the,the,DT,DT
10237,East_Timor_2002,0,721,9,Prime,prime,NNP,NN
10238,East_Timor_2002,0,721,10,Minister,minister,NNP,NN
10239,East_Timor_2002,0,721,11,shall,shall,MD,MD
10240,East_Timor_2002,0,721,13,within,within,IN,IN
10241,East_Timor_2002,0,721,14,a,a,DT,DT
10242,East_Timor_2002,0,721,15,maximum,maximum,NN,NN
10243,East_Timor_2002,0,721,16,of,of,IN,IN
10244,East_Timor_2002,0,721,17,thirty,thirty,NN,NN
10245,East_Timor_2002,0,721,18,days,days,NNS,NN
10246,East_Timor_2002,0,721,19,after,after,IN,IN
10247,East_Timor_2002,0,721,20,appointment,appointment,NN,NN
10248,East_Timor_2002,0,721,21,of,of,IN,IN
10249,East_Timor_2002,0,721,22,the,the,DT,DT
10250,East_Timor_2002,0,721,23,Government,government,NNP,NN
10251,East_Timor_2002,0,721,25,submit,submit,VBD,VB
10252,East_Timor_2002,0,721,26,the,the,DT,DT
10253,East_Timor_2002,0,721,27,Program,program,NNP,NN
10254,East_Timor_2002,0,721,28,of,of,IN,IN
10255,East_Timor_2002,0,721,29,Government,government,NNP,NN
10256,East_Timor_2002,0,721,30,to,to,TO,TO
10257,East_Timor_2002,0,721,31,the,the,DT,DT
10258,East_Timor_2002,0,721,32,National,national,NNP,NN
10259,East_Timor_2002,0,721,33,Parliament,parliament,NNP,NN
10260,East_Timor_2002,0,721,34,for,for,IN,IN
10261,East_Timor_2002,0,721,35,consideration,consideration,NN,NN
10262,East_Timor_2002,0,722,0,Article,article,NN,NN
10263,East_Timor_2002,0,722,1,109,109,CD,CD
10264,East_Timor_2002,0,723,0,Consideration,consideration,NN,NN
10265,East_Timor_2002,0,723,1,of,of,IN,IN
10266,East_Timor_2002,0,723,2,the,the,DT,DT
10267,East_Timor_2002,0,723,3,Program,program,NNP,NN
10268,East_Timor_2002,0,723,4,of,of,IN,IN
10269,East_Timor_2002,0,723,5,Government,government,NNP,NN
10270,East_Timor_2002,0,723,6,Share,share,NNP,NN
10271,East_Timor_2002,0,723,7,1,1,CD,CD
10272,East_Timor_2002,0,724,0,The,the,DT,DT
10273,East_Timor_2002,0,724,1,Program,program,NNP,NN
10274,East_Timor_2002,0,724,2,of,of,IN,IN
10275,East_Timor_2002,0,724,3,the,the,DT,DT
10276,East_Timor_2002,0,724,4,Government,government,NNP,NN
10277,East_Timor_2002,0,724,5,shall,shall,MD,MD
10278,East_Timor_2002,0,724,6,be,be,VB,VB
10279,East_Timor_2002,0,724,7,submitted,submitted,VBN,VB
10280,East_Timor_2002,0,724,8,to,to,TO,TO
10281,East_Timor_2002,0,724,9,the,the,DT,DT
10282,East_Timor_2002,0,724,10,National,national,NNP,NN
10283,East_Timor_2002,0,724,11,Parliament,parliament,NNP,NN
10284,East_Timor_2002,0,724,12,for,for,IN,IN
10285,East_Timor_2002,0,724,13,consideration,consideration,NN,NN
10286,East_Timor_2002,0,725,0,When,when,WRB,WR
10287,East_Timor_2002,0,725,1,the,the,DT,DT
10288,East_Timor_2002,0,725,2,National,national,NNP,NN
10289,East_Timor_2002,0,725,3,Parliament,parliament,NNP,NN
10290,East_Timor_2002,0,725,4,is,is,VBZ,VB
10291,East_Timor_2002,0,725,5,not,not,RB,RB
10292,East_Timor_2002,0,725,6,in,in,IN,IN
10293,East_Timor_2002,0,725,7,session,session,NN,NN
10294,East_Timor_2002,0,725,9,its,its,PRP$,PR
10295,East_Timor_2002,0,725,10,convening,convening,VBG,VB
10296,East_Timor_2002,0,725,11,for,for,IN,IN
10297,East_Timor_2002,0,725,12,this,this,DT,DT
10298,East_Timor_2002,0,725,13,purpose,purpose,JJ,JJ
10299,East_Timor_2002,0,725,14,shall,shall,MD,MD
10300,East_Timor_2002,0,725,15,be,be,VB,VB
10301,East_Timor_2002,0,725,16,mandatory,mandatory,JJ,JJ
10302,East_Timor_2002,0,726,0,2,2,CD,CD
10303,East_Timor_2002,0,727,0,The,the,DT,DT
10304,East_Timor_2002,0,727,1,debate,debate,NN,NN
10305,East_Timor_2002,0,727,2,on,on,IN,IN
10306,East_Timor_2002,0,727,3,the,the,DT,DT
10307,East_Timor_2002,0,727,4,program,program,NN,NN
10308,East_Timor_2002,0,727,5,of,of,IN,IN
10309,East_Timor_2002,0,727,6,the,the,DT,DT
10310,East_Timor_2002,0,727,7,Government,government,NNP,NN
10311,East_Timor_2002,0,727,8,shall,shall,MD,MD
10312,East_Timor_2002,0,727,9,not,not,RB,RB
10313,East_Timor_2002,0,727,10,exceed,exceed,VB,VB
10314,East_Timor_2002,0,727,11,five,five,CD,CD
10315,East_Timor_2002,0,727,12,days,days,NNS,NN
10316,East_Timor_2002,0,727,13,and,and,CC,CC
10317,East_Timor_2002,0,727,15,prior,prior,RB,RB
10318,East_Timor_2002,0,727,16,to,to,TO,TO
10319,East_Timor_2002,0,727,17,its,its,PRP$,PR
10320,East_Timor_2002,0,727,18,closing,closing,NN,NN
10321,East_Timor_2002,0,727,20,any,any,DT,DT
10322,East_Timor_2002,0,727,21,parliamentary,parliamentary,JJ,JJ
10323,East_Timor_2002,0,727,22,group,group,NN,NN
10324,East_Timor_2002,0,727,23,may,may,MD,MD
10325,East_Timor_2002,0,727,24,propose,propose,VB,VB
10326,East_Timor_2002,0,727,25,its,its,PRP$,PR
10327,East_Timor_2002,0,727,26,rejection,rejection,NN,NN
10328,East_Timor_2002,0,727,27,or,or,CC,CC
10329,East_Timor_2002,0,727,28,the,the,DT,DT
10330,East_Timor_2002,0,727,29,Government,government,NNP,NN
10331,East_Timor_2002,0,727,30,may,may,MD,MD
10332,East_Timor_2002,0,727,31,request,request,VB,VB
10333,East_Timor_2002,0,727,32,the,the,DT,DT
10334,East_Timor_2002,0,727,33,approval,approval,NN,NN
10335,East_Timor_2002,0,727,34,of,of,IN,IN
10336,East_Timor_2002,0,727,35,a,a,DT,DT
10337,East_Timor_2002,0,727,36,vote,vote,NN,NN
10338,East_Timor_2002,0,727,37,of,of,IN,IN
10339,East_Timor_2002,0,727,38,confidence,confidence,NN,NN
10340,East_Timor_2002,0,728,0,3,3,CD,CD
10341,East_Timor_2002,0,729,0,Rejection,rejection,NN,NN
10342,East_Timor_2002,0,729,1,of,of,IN,IN
10343,East_Timor_2002,0,729,2,the,the,DT,DT
10344,East_Timor_2002,0,729,3,program,program,NN,NN
10345,East_Timor_2002,0,729,4,of,of,IN,IN
10346,East_Timor_2002,0,729,5,the,the,DT,DT
10347,East_Timor_2002,0,729,6,Government,government,NNP,NN
10348,East_Timor_2002,0,729,7,shall,shall,MD,MD
10349,East_Timor_2002,0,729,8,require,require,VB,VB
10350,East_Timor_2002,0,729,9,an,an,DT,DT
10351,East_Timor_2002,0,729,10,absolute,absolute,JJ,JJ
10352,East_Timor_2002,0,729,11,majority,majority,NN,NN
10353,East_Timor_2002,0,729,12,of,of,IN,IN
10354,East_Timor_2002,0,729,13,the,the,DT,DT
10355,East_Timor_2002,0,729,14,Members,members,NNS,NN
10356,East_Timor_2002,0,729,15,in,in,IN,IN
10357,East_Timor_2002,0,729,16,full,full,JJ,JJ
10358,East_Timor_2002,0,729,17,exercise,exercise,NN,NN
10359,East_Timor_2002,0,729,18,of,of,IN,IN
10360,East_Timor_2002,0,729,19,their,their,PRP$,PR
10361,East_Timor_2002,0,729,20,functions,functions,NNS,NN
10362,East_Timor_2002,0,730,0,Article,article,NN,NN
10363,East_Timor_2002,0,730,1,110,110,CD,CD
10364,East_Timor_2002,0,731,0,Request,request,NN,NN
10365,East_Timor_2002,0,731,1,for,for,IN,IN
10366,East_Timor_2002,0,731,2,Vote,vote,NNP,NN
10367,East_Timor_2002,0,731,3,of,of,IN,IN
10368,East_Timor_2002,0,731,4,Confidence,confidence,NNP,NN
10369,East_Timor_2002,0,731,5,Share,share,NNP,NN
10370,East_Timor_2002,0,731,6,The,the,DT,DT
10371,East_Timor_2002,0,731,7,Government,government,NNP,NN
10372,East_Timor_2002,0,731,8,may,may,MD,MD
10373,East_Timor_2002,0,731,9,request,request,VB,VB
10374,East_Timor_2002,0,731,10,the,the,DT,DT
10375,East_Timor_2002,0,731,11,National,national,NNP,NN
10376,East_Timor_2002,0,731,12,Parliament,parliament,NNP,NN
10377,East_Timor_2002,0,731,13,to,to,TO,TO
10378,East_Timor_2002,0,731,14,take,take,VB,VB
10379,East_Timor_2002,0,731,15,a,a,DT,DT
10380,East_Timor_2002,0,731,16,vote,vote,NN,NN
10381,East_Timor_2002,0,731,17,of,of,IN,IN
10382,East_Timor_2002,0,731,18,confidence,confidence,NN,NN
10383,East_Timor_2002,0,731,19,on,on,IN,IN
10384,East_Timor_2002,0,731,20,a,a,DT,DT
10385,East_Timor_2002,0,731,21,statement,statement,NN,NN
10386,East_Timor_2002,0,731,22,of,of,IN,IN
10387,East_Timor_2002,0,731,23,general,general,JJ,JJ
10388,East_Timor_2002,0,731,24,policy,policy,NN,NN
10389,East_Timor_2002,0,731,25,or,or,CC,CC
10390,East_Timor_2002,0,731,26,on,on,IN,IN
10391,East_Timor_2002,0,731,27,any,any,DT,DT
10392,East_Timor_2002,0,731,28,relevant,relevant,JJ,JJ
10393,East_Timor_2002,0,731,29,matter,matter,NN,NN
10394,East_Timor_2002,0,731,30,of,of,IN,IN
10395,East_Timor_2002,0,731,31,national,national,JJ,JJ
10396,East_Timor_2002,0,731,32,interest,interest,NN,NN
10397,East_Timor_2002,0,732,0,Article,article,NN,NN
10398,East_Timor_2002,0,732,1,111,111,CD,CD
10399,East_Timor_2002,0,733,0,Vote,vote,NN,NN
10400,East_Timor_2002,0,733,1,of,of,IN,IN
10401,East_Timor_2002,0,733,2,No,no,DT,DT
10402,East_Timor_2002,0,733,3,Confidence,confidence,NNP,NN
10403,East_Timor_2002,0,733,5,Censura,censura,NNP,NN
10404,East_Timor_2002,0,733,7,Share,share,NNP,NN
10405,East_Timor_2002,0,733,8,1,1,CD,CD
10406,East_Timor_2002,0,734,0,The,the,DT,DT
10407,East_Timor_2002,0,734,1,National,national,NNP,NN
10408,East_Timor_2002,0,734,2,Parliament,parliament,NNP,NN
10409,East_Timor_2002,0,734,3,may,may,MD,MD
10410,East_Timor_2002,0,734,5,following,following,VBG,VB
10411,East_Timor_2002,0,734,6,proposal,proposal,NN,NN
10412,East_Timor_2002,0,734,7,by,by,IN,IN
10413,East_Timor_2002,0,734,8,one-quarter,onequarter,NN,NN
10414,East_Timor_2002,0,734,9,of,of,IN,IN
10415,East_Timor_2002,0,734,10,the,the,DT,DT
10416,East_Timor_2002,0,734,11,Members,members,NNS,NN
10417,East_Timor_2002,0,734,12,in,in,IN,IN
10418,East_Timor_2002,0,734,13,full,full,JJ,JJ
10419,East_Timor_2002,0,734,14,exercise,exercise,NN,NN
10420,East_Timor_2002,0,734,15,of,of,IN,IN
10421,East_Timor_2002,0,734,16,their,their,PRP$,PR
10422,East_Timor_2002,0,734,17,functions,functions,NNS,NN
10423,East_Timor_2002,0,734,19,pass,pass,VBP,VB
10424,East_Timor_2002,0,734,20,a,a,DT,DT
10425,East_Timor_2002,0,734,21,vote,vote,NN,NN
10426,East_Timor_2002,0,734,22,of,of,IN,IN
10427,East_Timor_2002,0,734,23,no,no,DT,DT
10428,East_Timor_2002,0,734,24,confidence,confidence,NN,NN
10429,East_Timor_2002,0,734,25,on,on,IN,IN
10430,East_Timor_2002,0,734,26,the,the,DT,DT
10431,East_Timor_2002,0,734,27,Government,government,NNP,NN
10432,East_Timor_2002,0,734,28,with,with,IN,IN
10433,East_Timor_2002,0,734,29,respect,respect,NN,NN
10434,East_Timor_2002,0,734,30,to,to,TO,TO
10435,East_Timor_2002,0,734,31,the,the,DT,DT
10436,East_Timor_2002,0,734,32,implementation,implementation,NN,NN
10437,East_Timor_2002,0,734,33,of,of,IN,IN
10438,East_Timor_2002,0,734,34,its,its,PRP$,PR
10439,East_Timor_2002,0,734,35,program,program,NN,NN
10440,East_Timor_2002,0,734,36,or,or,CC,CC
10441,East_Timor_2002,0,734,37,any,any,DT,DT
10442,East_Timor_2002,0,734,38,relevant,relevant,JJ,JJ
10443,East_Timor_2002,0,734,39,matter,matter,NN,NN
10444,East_Timor_2002,0,734,40,of,of,IN,IN
10445,East_Timor_2002,0,734,41,national,national,JJ,JJ
10446,East_Timor_2002,0,734,42,interest,interest,NN,NN
10447,East_Timor_2002,0,735,0,2,2,CD,CD
10448,East_Timor_2002,0,736,0,When,when,WRB,WR
10449,East_Timor_2002,0,736,1,a,a,DT,DT
10450,East_Timor_2002,0,736,2,vote,vote,NN,NN
10451,East_Timor_2002,0,736,3,of,of,IN,IN
10452,East_Timor_2002,0,736,4,no,no,DT,DT
10453,East_Timor_2002,0,736,5,confidence,confidence,NN,NN
10454,East_Timor_2002,0,736,6,is,is,VBZ,VB
10455,East_Timor_2002,0,736,7,not,not,RB,RB
10456,East_Timor_2002,0,736,8,approved,approved,VBN,VB
10457,East_Timor_2002,0,736,10,its,its,PRP$,PR
10458,East_Timor_2002,0,736,11,signatories,signatories,NNS,NN
10459,East_Timor_2002,0,736,12,shall,shall,MD,MD
10460,East_Timor_2002,0,736,13,not,not,RB,RB
10461,East_Timor_2002,0,736,14,move,move,VB,VB
10462,East_Timor_2002,0,736,15,another,another,DT,DT
10463,East_Timor_2002,0,736,16,vote,vote,NN,NN
10464,East_Timor_2002,0,736,17,of,of,IN,IN
10465,East_Timor_2002,0,736,18,no,no,DT,DT
10466,East_Timor_2002,0,736,19,confidence,confidence,NN,NN
10467,East_Timor_2002,0,736,21,censura,censura,NN,NN
10468,East_Timor_2002,0,736,23,during,during,IN,IN
10469,East_Timor_2002,0,736,24,the,the,DT,DT
10470,East_Timor_2002,0,736,25,same,same,JJ,JJ
10471,East_Timor_2002,0,736,26,legislative,legislative,JJ,JJ
10472,East_Timor_2002,0,736,27,session,session,NN,NN
10473,East_Timor_2002,0,737,0,Article,article,NN,NN
10474,East_Timor_2002,0,737,1,112,112,CD,CD
10475,East_Timor_2002,0,738,0,Dismissal,dismissal,NN,NN
10476,East_Timor_2002,0,738,1,of,of,IN,IN
10477,East_Timor_2002,0,738,2,the,the,DT,DT
10478,East_Timor_2002,0,738,3,Government,government,NNP,NN
10479,East_Timor_2002,0,738,4,Share,share,NNP,NN
10480,East_Timor_2002,0,738,5,1,1,CD,CD
10481,East_Timor_2002,0,739,0,The,the,DT,DT
10482,East_Timor_2002,0,739,1,dismissal,dismissal,NN,NN
10483,East_Timor_2002,0,739,2,of,of,IN,IN
10484,East_Timor_2002,0,739,3,the,the,DT,DT
10485,East_Timor_2002,0,739,4,Government,government,NNP,NN
10486,East_Timor_2002,0,739,5,shall,shall,MD,MD
10487,East_Timor_2002,0,739,6,occur,occur,VB,VB
10488,East_Timor_2002,0,739,7,when,when,WRB,WR
10489,East_Timor_2002,0,739,9,a.at,aat,VB,VB
10490,East_Timor_2002,0,739,10,the,the,DT,DT
10491,East_Timor_2002,0,739,11,beginning,beginning,NN,NN
10492,East_Timor_2002,0,739,12,of,of,IN,IN
10493,East_Timor_2002,0,739,13,a,a,DT,DT
10494,East_Timor_2002,0,739,14,new,new,JJ,JJ
10495,East_Timor_2002,0,739,15,legislative,legislative,JJ,JJ
10496,East_Timor_2002,0,739,17,b.by,bby,VB,VB
10497,East_Timor_2002,0,739,18,the,the,DT,DT
10498,East_Timor_2002,0,739,19,acceptance,acceptance,NN,NN
10499,East_Timor_2002,0,739,20,by,by,IN,IN
10500,East_Timor_2002,0,739,21,the,the,DT,DT
10501,East_Timor_2002,0,739,22,President,president,NNP,NN
10502,East_Timor_2002,0,739,23,of,of,IN,IN
10503,East_Timor_2002,0,739,24,the,the,DT,DT
10504,East_Timor_2002,0,739,25,Republic,republic,NNP,NN
10505,East_Timor_2002,0,739,26,of,of,IN,IN
10506,East_Timor_2002,0,739,27,the,the,DT,DT
10507,East_Timor_2002,0,739,28,resignation,resignation,NN,NN
10508,East_Timor_2002,0,739,29,of,of,IN,IN
10509,East_Timor_2002,0,739,30,the,the,DT,DT
10510,East_Timor_2002,0,739,31,Prime,prime,NNP,NN
10511,East_Timor_2002,0,739,32,Minister,minister,NNP,NN
10512,East_Timor_2002,0,739,34,c.by,cby,VBZ,VB
10513,East_Timor_2002,0,739,35,the,the,DT,DT
10514,East_Timor_2002,0,739,36,death,death,NN,NN
10515,East_Timor_2002,0,739,37,of,of,IN,IN
10516,East_Timor_2002,0,739,38,the,the,DT,DT
10517,East_Timor_2002,0,739,39,Prime,prime,NNP,NN
10518,East_Timor_2002,0,739,40,Minister,minister,NNP,NN
10519,East_Timor_2002,0,739,41,or,or,CC,CC
10520,East_Timor_2002,0,739,42,by,by,IN,IN
10521,East_Timor_2002,0,739,43,suffering,suffering,VBG,VB
10522,East_Timor_2002,0,739,44,a,a,DT,DT
10523,East_Timor_2002,0,739,45,permanent,permanent,JJ,JJ
10524,East_Timor_2002,0,739,46,physical,physical,JJ,JJ
10525,East_Timor_2002,0,739,47,incapacity,incapacity,NN,NN
10526,East_Timor_2002,0,739,49,d.by,dby,VBZ,VB
10527,East_Timor_2002,0,739,50,the,the,DT,DT
10528,East_Timor_2002,0,739,51,rejection,rejection,NN,NN
10529,East_Timor_2002,0,739,52,of,of,IN,IN
10530,East_Timor_2002,0,739,53,its,its,PRP$,PR
10531,East_Timor_2002,0,739,54,program,program,NN,NN
10532,East_Timor_2002,0,739,55,for,for,IN,IN
10533,East_Timor_2002,0,739,56,the,the,DT,DT
10534,East_Timor_2002,0,739,57,second,second,JJ,JJ
10535,East_Timor_2002,0,739,58,consecutive,consecutive,JJ,JJ
10536,East_Timor_2002,0,739,59,time,time,NN,NN
10537,East_Timor_2002,0,739,61,e.by,eby,CC,CC
10538,East_Timor_2002,0,739,62,the,the,DT,DT
10539,East_Timor_2002,0,739,63,non-approval,nonapproval,NN,NN
10540,East_Timor_2002,0,739,64,of,of,IN,IN
10541,East_Timor_2002,0,739,65,a,a,DT,DT
10542,East_Timor_2002,0,739,66,vote,vote,NN,NN
10543,East_Timor_2002,0,739,67,of,of,IN,IN
10544,East_Timor_2002,0,739,68,confidence,confidence,NN,NN
10545,East_Timor_2002,0,739,70,f.by,fby,VBZ,VB
10546,East_Timor_2002,0,739,71,the,the,DT,DT
10547,East_Timor_2002,0,739,72,approval,approval,NN,NN
10548,East_Timor_2002,0,739,73,of,of,IN,IN
10549,East_Timor_2002,0,739,74,a,a,DT,DT
10550,East_Timor_2002,0,739,75,vote,vote,NN,NN
10551,East_Timor_2002,0,739,76,of,of,IN,IN
10552,East_Timor_2002,0,739,77,no,no,DT,DT
10553,East_Timor_2002,0,739,78,confidence,confidence,NN,NN
10554,East_Timor_2002,0,739,79,by,by,IN,IN
10555,East_Timor_2002,0,739,80,an,an,DT,DT
10556,East_Timor_2002,0,739,81,absolute,absolute,JJ,JJ
10557,East_Timor_2002,0,739,82,majority,majority,NN,NN
10558,East_Timor_2002,0,739,83,of,of,IN,IN
10559,East_Timor_2002,0,739,84,the,the,DT,DT
10560,East_Timor_2002,0,739,85,Members,members,NNS,NN
10561,East_Timor_2002,0,739,86,in,in,IN,IN
10562,East_Timor_2002,0,739,87,full,full,JJ,JJ
10563,East_Timor_2002,0,739,88,exercise,exercise,NN,NN
10564,East_Timor_2002,0,739,89,of,of,IN,IN
10565,East_Timor_2002,0,739,90,their,their,PRP$,PR
10566,East_Timor_2002,0,739,91,functions,functions,NNS,NN
10567,East_Timor_2002,0,739,93,2,2,CD,CD
10568,East_Timor_2002,0,740,0,The,the,DT,DT
10569,East_Timor_2002,0,740,1,President,president,NNP,NN
10570,East_Timor_2002,0,740,2,of,of,IN,IN
10571,East_Timor_2002,0,740,3,the,the,DT,DT
10572,East_Timor_2002,0,740,4,Republic,republic,NNP,NN
10573,East_Timor_2002,0,740,5,can,can,MD,MD
10574,East_Timor_2002,0,740,6,only,only,RB,RB
10575,East_Timor_2002,0,740,7,dismiss,dismiss,VB,VB
10576,East_Timor_2002,0,740,8,the,the,DT,DT
10577,East_Timor_2002,0,740,9,Prime,prime,NNP,NN
10578,East_Timor_2002,0,740,10,Minister,minister,NNP,NN
10579,East_Timor_2002,0,740,11,in,in,IN,IN
10580,East_Timor_2002,0,740,12,accordance,accordance,NN,NN
10581,East_Timor_2002,0,740,13,with,with,IN,IN
10582,East_Timor_2002,0,740,14,the,the,DT,DT
10583,East_Timor_2002,0,740,15,cases,cases,NNS,NN
10584,East_Timor_2002,0,740,16,provided,provided,VBD,VB
10585,East_Timor_2002,0,740,17,for,for,IN,IN
10586,East_Timor_2002,0,740,18,in,in,IN,IN
10587,East_Timor_2002,0,740,19,the,the,DT,DT
10588,East_Timor_2002,0,740,20,previous,previous,JJ,JJ
10589,East_Timor_2002,0,740,21,number,number,NN,NN
10590,East_Timor_2002,0,740,22,and,and,CC,CC
10591,East_Timor_2002,0,740,23,when,when,WRB,WR
10592,East_Timor_2002,0,740,24,it,it,PRP,PR
10593,East_Timor_2002,0,740,25,is,is,VBZ,VB
10594,East_Timor_2002,0,740,26,deemed,deemed,VBN,VB
10595,East_Timor_2002,0,740,27,necessary,necessary,JJ,JJ
10596,East_Timor_2002,0,740,28,to,to,TO,TO
10597,East_Timor_2002,0,740,29,ensure,ensure,VB,VB
10598,East_Timor_2002,0,740,30,the,the,DT,DT
10599,East_Timor_2002,0,740,31,regular,regular,JJ,JJ
10600,East_Timor_2002,0,740,32,functioning,functioning,NN,NN
10601,East_Timor_2002,0,740,33,of,of,IN,IN
10602,East_Timor_2002,0,740,34,the,the,DT,DT
10603,East_Timor_2002,0,740,35,democratic,democratic,JJ,JJ
10604,East_Timor_2002,0,740,36,institutions,institutions,NNS,NN
10605,East_Timor_2002,0,740,38,after,after,IN,IN
10606,East_Timor_2002,0,740,39,consultation,consultation,NN,NN
10607,East_Timor_2002,0,740,40,with,with,IN,IN
10608,East_Timor_2002,0,740,41,the,the,DT,DT
10609,East_Timor_2002,0,740,42,Council,council,NNP,NN
10610,East_Timor_2002,0,740,43,of,of,IN,IN
10611,East_Timor_2002,0,740,44,State,state,NNP,NN
10612,East_Timor_2002,0,741,0,Article,article,NN,NN
10613,East_Timor_2002,0,741,1,113,113,CD,CD
10614,East_Timor_2002,0,742,0,Criminal,criminal,JJ,JJ
10615,East_Timor_2002,0,742,1,Responsibility,responsibility,NNP,NN
10616,East_Timor_2002,0,742,2,of,of,IN,IN
10617,East_Timor_2002,0,742,3,the,the,DT,DT
10618,East_Timor_2002,0,742,4,Members,members,NNS,NN
10619,East_Timor_2002,0,742,5,of,of,IN,IN
10620,East_Timor_2002,0,742,6,Government,government,NNP,NN
10621,East_Timor_2002,0,742,7,Share,share,NNP,NN
10622,East_Timor_2002,0,742,8,1,1,CD,CD
10623,East_Timor_2002,0,743,0,When,when,WRB,WR
10624,East_Timor_2002,0,743,1,a,a,DT,DT
10625,East_Timor_2002,0,743,2,member,member,NN,NN
10626,East_Timor_2002,0,743,3,of,of,IN,IN
10627,East_Timor_2002,0,743,4,the,the,DT,DT
10628,East_Timor_2002,0,743,5,Government,government,NNP,NN
10629,East_Timor_2002,0,743,6,is,is,VBZ,VB
10630,East_Timor_2002,0,743,7,charged,charged,VBN,VB
10631,East_Timor_2002,0,743,8,with,with,IN,IN
10632,East_Timor_2002,0,743,9,a,a,DT,DT
10633,East_Timor_2002,0,743,10,criminal,criminal,JJ,JJ
10634,East_Timor_2002,0,743,11,offence,offence,NN,NN
10635,East_Timor_2002,0,743,12,punishable,punishable,JJ,JJ
10636,East_Timor_2002,0,743,13,with,with,IN,IN
10637,East_Timor_2002,0,743,14,a,a,DT,DT
10638,East_Timor_2002,0,743,15,sentence,sentence,NN,NN
10639,East_Timor_2002,0,743,16,of,of,IN,IN
10640,East_Timor_2002,0,743,17,imprisonment,imprisonment,NN,NN
10641,East_Timor_2002,0,743,18,for,for,IN,IN
10642,East_Timor_2002,0,743,19,more,more,JJR,JJ
10643,East_Timor_2002,0,743,20,than,than,IN,IN
10644,East_Timor_2002,0,743,21,two,two,CD,CD
10645,East_Timor_2002,0,743,22,years,years,NNS,NN
10646,East_Timor_2002,0,743,24,he,he,PRP,PR
10647,East_Timor_2002,0,743,25,or,or,CC,CC
10648,East_Timor_2002,0,743,26,she,she,PRP,PR
10649,East_Timor_2002,0,743,27,shall,shall,MD,MD
10650,East_Timor_2002,0,743,28,be,be,VB,VB
10651,East_Timor_2002,0,743,29,suspended,suspended,VBN,VB
10652,East_Timor_2002,0,743,30,from,from,IN,IN
10653,East_Timor_2002,0,743,31,his,his,PRP$,PR
10654,East_Timor_2002,0,743,32,or,or,CC,CC
10655,East_Timor_2002,0,743,33,her,her,PRP$,PR
10656,East_Timor_2002,0,743,34,functions,functions,NNS,NN
10657,East_Timor_2002,0,743,35,so,so,IN,IN
10658,East_Timor_2002,0,743,36,that,that,IN,IN
10659,East_Timor_2002,0,743,37,the,the,DT,DT
10660,East_Timor_2002,0,743,38,proceedings,proceedings,NNS,NN
10661,East_Timor_2002,0,743,39,can,can,MD,MD
10662,East_Timor_2002,0,743,40,go,go,VB,VB
10663,East_Timor_2002,0,743,41,forward,forward,RB,RB
10664,East_Timor_2002,0,744,0,2,2,CD,CD
10665,East_Timor_2002,0,745,0,When,when,WRB,WR
10666,East_Timor_2002,0,745,1,a,a,DT,DT
10667,East_Timor_2002,0,745,2,member,member,NN,NN
10668,East_Timor_2002,0,745,3,of,of,IN,IN
10669,East_Timor_2002,0,745,4,the,the,DT,DT
10670,East_Timor_2002,0,745,5,government,government,NN,NN
10671,East_Timor_2002,0,745,6,is,is,VBZ,VB
10672,East_Timor_2002,0,745,7,charged,charged,VBN,VB
10673,East_Timor_2002,0,745,8,with,with,IN,IN
10674,East_Timor_2002,0,745,9,a,a,DT,DT
10675,East_Timor_2002,0,745,10,criminal,criminal,JJ,JJ
10676,East_Timor_2002,0,745,11,offence,offence,NN,NN
10677,East_Timor_2002,0,745,12,punishable,punishable,JJ,JJ
10678,East_Timor_2002,0,745,13,with,with,IN,IN
10679,East_Timor_2002,0,745,14,a,a,DT,DT
10680,East_Timor_2002,0,745,15,sentence,sentence,NN,NN
10681,East_Timor_2002,0,745,16,of,of,IN,IN
10682,East_Timor_2002,0,745,17,imprisonment,imprisonment,NN,NN
10683,East_Timor_2002,0,745,18,for,for,IN,IN
10684,East_Timor_2002,0,745,19,a,a,DT,DT
10685,East_Timor_2002,0,745,20,maximum,maximum,NN,NN
10686,East_Timor_2002,0,745,21,of,of,IN,IN
10687,East_Timor_2002,0,745,22,two,two,CD,CD
10688,East_Timor_2002,0,745,23,years,years,NNS,NN
10689,East_Timor_2002,0,745,25,he,he,PRP,PR
10690,East_Timor_2002,0,745,26,or,or,CC,CC
10691,East_Timor_2002,0,745,27,she,she,PRP,PR
10692,East_Timor_2002,0,745,28,shall,shall,MD,MD
10693,East_Timor_2002,0,745,29,be,be,VB,VB
10694,East_Timor_2002,0,745,30,suspended,suspended,VBN,VB
10695,East_Timor_2002,0,745,31,from,from,IN,IN
10696,East_Timor_2002,0,745,32,his,his,PRP$,PR
10697,East_Timor_2002,0,745,33,or,or,CC,CC
10698,East_Timor_2002,0,745,34,her,her,PRP$,PR
10699,East_Timor_2002,0,745,35,functions,functions,NNS,NN
10700,East_Timor_2002,0,745,36,so,so,IN,IN
10701,East_Timor_2002,0,745,37,that,that,IN,IN
10702,East_Timor_2002,0,745,38,the,the,DT,DT
10703,East_Timor_2002,0,745,39,proceedings,proceedings,NNS,NN
10704,East_Timor_2002,0,745,40,can,can,MD,MD
10705,East_Timor_2002,0,745,41,go,go,VB,VB
10706,East_Timor_2002,0,745,42,forward,forward,RB,RB
10707,East_Timor_2002,0,746,0,Article,article,NN,NN
10708,East_Timor_2002,0,746,1,114,114,CD,CD
10709,East_Timor_2002,0,747,0,Immunities,immunities,NNS,NN
10710,East_Timor_2002,0,747,1,of,of,IN,IN
10711,East_Timor_2002,0,747,2,Members,members,NNS,NN
10712,East_Timor_2002,0,747,3,of,of,IN,IN
10713,East_Timor_2002,0,747,4,the,the,DT,DT
10714,East_Timor_2002,0,747,5,Government,government,NNP,NN
10715,East_Timor_2002,0,747,6,Share,share,NNP,NN
10716,East_Timor_2002,0,747,7,No,no,NNP,NN
10717,East_Timor_2002,0,747,8,member,member,NN,NN
10718,East_Timor_2002,0,747,9,of,of,IN,IN
10719,East_Timor_2002,0,747,10,the,the,DT,DT
10720,East_Timor_2002,0,747,11,Government,government,NNP,NN
10721,East_Timor_2002,0,747,12,may,may,MD,MD
10722,East_Timor_2002,0,747,13,be,be,VB,VB
10723,East_Timor_2002,0,747,14,detained,detained,VBN,VB
10724,East_Timor_2002,0,747,15,or,or,CC,CC
10725,East_Timor_2002,0,747,16,imprisoned,imprisoned,VBN,VB
10726,East_Timor_2002,0,747,17,without,without,IN,IN
10727,East_Timor_2002,0,747,18,the,the,DT,DT
10728,East_Timor_2002,0,747,19,permission,permission,NN,NN
10729,East_Timor_2002,0,747,20,of,of,IN,IN
10730,East_Timor_2002,0,747,21,the,the,DT,DT
10731,East_Timor_2002,0,747,22,National,national,NNP,NN
10732,East_Timor_2002,0,747,23,Parliament,parliament,NNP,NN
10733,East_Timor_2002,0,747,25,except,except,IN,IN
10734,East_Timor_2002,0,747,26,for,for,IN,IN
10735,East_Timor_2002,0,747,27,a,a,DT,DT
10736,East_Timor_2002,0,747,28,felonious,felonious,JJ,JJ
10737,East_Timor_2002,0,747,29,crime,crime,NN,NN
10738,East_Timor_2002,0,747,30,punishable,punishable,JJ,JJ
10739,East_Timor_2002,0,747,31,with,with,IN,IN
10740,East_Timor_2002,0,747,32,a,a,DT,DT
10741,East_Timor_2002,0,747,33,maximum,maximum,JJ,JJ
10742,East_Timor_2002,0,747,34,sentence,sentence,NN,NN
10743,East_Timor_2002,0,747,35,of,of,IN,IN
10744,East_Timor_2002,0,747,36,imprisonment,imprisonment,NN,NN
10745,East_Timor_2002,0,747,37,for,for,IN,IN
10746,East_Timor_2002,0,747,38,more,more,JJR,JJ
10747,East_Timor_2002,0,747,39,than,than,IN,IN
10748,East_Timor_2002,0,747,40,two,two,CD,CD
10749,East_Timor_2002,0,747,41,years,years,NNS,NN
10750,East_Timor_2002,0,747,42,and,and,CC,CC
10751,East_Timor_2002,0,747,43,in,in,IN,IN
10752,East_Timor_2002,0,747,44,flagrante,flagrante,JJ,JJ
10753,East_Timor_2002,0,747,45,delicto,delicto,NN,NN
10754,East_Timor_2002,0,748,0,Chapter,chapter,NN,NN
10755,East_Timor_2002,0,748,1,Three,three,CD,CD
10756,East_Timor_2002,0,749,0,COMPETENCES,competences,NNS,NN
10757,East_Timor_2002,0,749,1,Article,article,VBP,VB
10758,East_Timor_2002,0,749,2,115,115,CD,CD
10759,East_Timor_2002,0,750,0,Competence,competence,NN,NN
10760,East_Timor_2002,0,750,1,of,of,IN,IN
10761,East_Timor_2002,0,750,2,the,the,DT,DT
10762,East_Timor_2002,0,750,3,Government,government,NNP,NN
10763,East_Timor_2002,0,750,4,Share,share,NNP,NN
10764,East_Timor_2002,0,750,5,1,1,CD,CD
10765,East_Timor_2002,0,751,0,It,it,PRP,PR
10766,East_Timor_2002,0,751,1,is,is,VBZ,VB
10767,East_Timor_2002,0,751,2,incumbent,incumbent,JJ,JJ
10768,East_Timor_2002,0,751,3,upon,upon,IN,IN
10769,East_Timor_2002,0,751,4,the,the,DT,DT
10770,East_Timor_2002,0,751,5,Government,government,NN,NN
10771,East_Timor_2002,0,751,7,a.to,ato,JJ,JJ
10772,East_Timor_2002,0,751,8,define,define,NN,NN
10773,East_Timor_2002,0,751,9,and,and,CC,CC
10774,East_Timor_2002,0,751,10,implement,implement,VB,VB
10775,East_Timor_2002,0,751,11,the,the,DT,DT
10776,East_Timor_2002,0,751,12,general,general,JJ,JJ
10777,East_Timor_2002,0,751,13,policy,policy,NN,NN
10778,East_Timor_2002,0,751,14,of,of,IN,IN
10779,East_Timor_2002,0,751,15,the,the,DT,DT
10780,East_Timor_2002,0,751,16,country,country,NN,NN
10781,East_Timor_2002,0,751,18,after,after,IN,IN
10782,East_Timor_2002,0,751,19,its,its,PRP$,PR
10783,East_Timor_2002,0,751,20,approval,approval,NN,NN
10784,East_Timor_2002,0,751,21,by,by,IN,IN
10785,East_Timor_2002,0,751,22,the,the,DT,DT
10786,East_Timor_2002,0,751,23,National,national,NNP,NN
10787,East_Timor_2002,0,751,24,Parliament,parliament,NNP,NN
10788,East_Timor_2002,0,751,26,b.to,bto,CC,CC
10789,East_Timor_2002,0,751,27,guarantee,guarantee,VB,VB
10790,East_Timor_2002,0,751,28,the,the,DT,DT
10791,East_Timor_2002,0,751,29,exercise,exercise,NN,NN
10792,East_Timor_2002,0,751,30,of,of,IN,IN
10793,East_Timor_2002,0,751,31,the,the,DT,DT
10794,East_Timor_2002,0,751,32,fundamental,fundamental,JJ,JJ
10795,East_Timor_2002,0,751,33,rights,rights,NNS,NN
10796,East_Timor_2002,0,751,34,and,and,CC,CC
10797,East_Timor_2002,0,751,35,freedoms,freedoms,NNS,NN
10798,East_Timor_2002,0,751,36,of,of,IN,IN
10799,East_Timor_2002,0,751,37,the,the,DT,DT
10800,East_Timor_2002,0,751,38,citizens,citizens,NNS,NN
10801,East_Timor_2002,0,751,40,c.to,cto,JJ,JJ
10802,East_Timor_2002,0,751,41,ensure,ensure,VB,VB
10803,East_Timor_2002,0,751,42,public,public,JJ,JJ
10804,East_Timor_2002,0,751,43,order,order,NN,NN
10805,East_Timor_2002,0,751,44,and,and,CC,CC
10806,East_Timor_2002,0,751,45,social,social,JJ,JJ
10807,East_Timor_2002,0,751,46,discipline,discipline,NN,NN
10808,East_Timor_2002,0,751,48,d.to,dto,CC,CC
10809,East_Timor_2002,0,751,49,prepare,prepare,VB,VB
10810,East_Timor_2002,0,751,50,the,the,DT,DT
10811,East_Timor_2002,0,751,51,State,state,NNP,NN
10812,East_Timor_2002,0,751,52,Plan,plan,NNP,NN
10813,East_Timor_2002,0,751,53,and,and,CC,CC
10814,East_Timor_2002,0,751,54,the,the,DT,DT
10815,East_Timor_2002,0,751,55,State,state,NNP,NN
10816,East_Timor_2002,0,751,56,Budget,budget,NNP,NN
10817,East_Timor_2002,0,751,57,and,and,CC,CC
10818,East_Timor_2002,0,751,58,to,to,TO,TO
10819,East_Timor_2002,0,751,59,execute,execute,VB,VB
10820,East_Timor_2002,0,751,60,them,them,PRP,PR
10821,East_Timor_2002,0,751,61,after,after,IN,IN
10822,East_Timor_2002,0,751,62,their,their,PRP$,PR
10823,East_Timor_2002,0,751,63,approval,approval,NN,NN
10824,East_Timor_2002,0,751,64,by,by,IN,IN
10825,East_Timor_2002,0,751,65,the,the,DT,DT
10826,East_Timor_2002,0,751,66,National,national,NNP,NN
10827,East_Timor_2002,0,751,67,Parliament,parliament,NNP,NN
10828,East_Timor_2002,0,751,69,e.to,eto,CC,CC
10829,East_Timor_2002,0,751,70,regulate,regulate,VB,VB
10830,East_Timor_2002,0,751,71,economic,economic,JJ,JJ
10831,East_Timor_2002,0,751,72,and,and,CC,CC
10832,East_Timor_2002,0,751,73,social,social,JJ,JJ
10833,East_Timor_2002,0,751,74,sector,sector,NN,NN
10834,East_Timor_2002,0,751,75,activities,activities,NNS,NN
10835,East_Timor_2002,0,751,77,f.to,fto,CC,CC
10836,East_Timor_2002,0,751,78,prepare,prepare,VB,VB
10837,East_Timor_2002,0,751,79,and,and,CC,CC
10838,East_Timor_2002,0,751,80,negotiate,negotiate,VB,VB
10839,East_Timor_2002,0,751,81,treaties,treaties,NNS,NN
10840,East_Timor_2002,0,751,82,and,and,CC,CC
10841,East_Timor_2002,0,751,83,enter,enter,NN,NN
10842,East_Timor_2002,0,751,84,into,into,IN,IN
10843,East_Timor_2002,0,751,86,approve,approve,VB,VB
10844,East_Timor_2002,0,751,88,accede,accede,VB,VB
10845,East_Timor_2002,0,751,89,and,and,CC,CC
10846,East_Timor_2002,0,751,90,renounce,renounce,VB,VB
10847,East_Timor_2002,0,751,91,international,international,JJ,JJ
10848,East_Timor_2002,0,751,92,agreements,agreements,NNS,NN
10849,East_Timor_2002,0,751,93,which,which,WDT,WD
10850,East_Timor_2002,0,751,94,do,do,VBP,VB
10851,East_Timor_2002,0,751,95,not,not,RB,RB
10852,East_Timor_2002,0,751,96,fall,fall,VB,VB
10853,East_Timor_2002,0,751,97,within,within,IN,IN
10854,East_Timor_2002,0,751,98,the,the,DT,DT
10855,East_Timor_2002,0,751,99,competence,competence,NN,NN
10856,East_Timor_2002,0,751,100,of,of,IN,IN
10857,East_Timor_2002,0,751,101,the,the,DT,DT
10858,East_Timor_2002,0,751,102,National,national,NNP,NN
10859,East_Timor_2002,0,751,103,parliament,parliament,NN,NN
10860,East_Timor_2002,0,751,104,or,or,CC,CC
10861,East_Timor_2002,0,751,105,of,of,IN,IN
10862,East_Timor_2002,0,751,106,the,the,DT,DT
10863,East_Timor_2002,0,751,107,President,president,NNP,NN
10864,East_Timor_2002,0,751,108,of,of,IN,IN
10865,East_Timor_2002,0,751,109,the,the,DT,DT
10866,East_Timor_2002,0,751,110,Republic,republic,NNP,NN
10867,East_Timor_2002,0,751,112,g.to,gto,JJ,JJ
10868,East_Timor_2002,0,751,113,define,define,NN,NN
10869,East_Timor_2002,0,751,114,and,and,CC,CC
10870,East_Timor_2002,0,751,115,implement,implement,VB,VB
10871,East_Timor_2002,0,751,116,the,the,DT,DT
10872,East_Timor_2002,0,751,117,foreign,foreign,JJ,JJ
10873,East_Timor_2002,0,751,118,policy,policy,NN,NN
10874,East_Timor_2002,0,751,119,of,of,IN,IN
10875,East_Timor_2002,0,751,120,the,the,DT,DT
10876,East_Timor_2002,0,751,121,country,country,NN,NN
10877,East_Timor_2002,0,751,123,h.to,hto,CC,CC
10878,East_Timor_2002,0,751,124,ensure,ensure,VB,VB
10879,East_Timor_2002,0,751,125,the,the,DT,DT
10880,East_Timor_2002,0,751,126,representation,representation,NN,NN
10881,East_Timor_2002,0,751,127,of,of,IN,IN
10882,East_Timor_2002,0,751,128,the,the,DT,DT
10883,East_Timor_2002,0,751,129,Democratic,democratic,JJ,JJ
10884,East_Timor_2002,0,751,130,Republic,republic,NNP,NN
10885,East_Timor_2002,0,751,131,of,of,IN,IN
10886,East_Timor_2002,0,751,132,East,east,NNP,NN
10887,East_Timor_2002,0,751,133,Timor,timor,NNP,NN
10888,East_Timor_2002,0,751,134,in,in,IN,IN
10889,East_Timor_2002,0,751,135,international,international,JJ,JJ
10890,East_Timor_2002,0,751,136,relations,relations,NNS,NN
10891,East_Timor_2002,0,751,138,i.to,ito,CC,CC
10892,East_Timor_2002,0,751,139,direct,direct,VB,VB
10893,East_Timor_2002,0,751,140,the,the,DT,DT
10894,East_Timor_2002,0,751,141,social,social,JJ,JJ
10895,East_Timor_2002,0,751,142,and,and,CC,CC
10896,East_Timor_2002,0,751,143,economic,economic,JJ,JJ
10897,East_Timor_2002,0,751,144,sectors,sectors,NNS,NN
10898,East_Timor_2002,0,751,145,of,of,IN,IN
10899,East_Timor_2002,0,751,146,the,the,DT,DT
10900,East_Timor_2002,0,751,147,State,state,NNP,NN
10901,East_Timor_2002,0,751,149,j.to,jto,NN,NN
10902,East_Timor_2002,0,751,150,direct,direct,VBP,VB
10903,East_Timor_2002,0,751,151,the,the,DT,DT
10904,East_Timor_2002,0,751,152,labor,labor,NN,NN
10905,East_Timor_2002,0,751,153,and,and,CC,CC
10906,East_Timor_2002,0,751,154,social,social,JJ,JJ
10907,East_Timor_2002,0,751,155,security,security,NN,NN
10908,East_Timor_2002,0,751,156,policy,policy,NN,NN
10909,East_Timor_2002,0,751,158,k.to,kto,CC,CC
10910,East_Timor_2002,0,751,159,guarantee,guarantee,VB,VB
10911,East_Timor_2002,0,751,160,the,the,DT,DT
10912,East_Timor_2002,0,751,161,defense,defense,NN,NN
10913,East_Timor_2002,0,751,162,and,and,CC,CC
10914,East_Timor_2002,0,751,163,consolidation,consolidation,NN,NN
10915,East_Timor_2002,0,751,164,of,of,IN,IN
10916,East_Timor_2002,0,751,165,the,the,DT,DT
10917,East_Timor_2002,0,751,166,public,public,JJ,JJ
10918,East_Timor_2002,0,751,167,domain,domain,NN,NN
10919,East_Timor_2002,0,751,168,and,and,CC,CC
10920,East_Timor_2002,0,751,169,the,the,DT,DT
10921,East_Timor_2002,0,751,170,property,property,NN,NN
10922,East_Timor_2002,0,751,171,of,of,IN,IN
10923,East_Timor_2002,0,751,172,the,the,DT,DT
10924,East_Timor_2002,0,751,173,State,state,NNP,NN
10925,East_Timor_2002,0,751,175,l.to,lto,CC,CC
10926,East_Timor_2002,0,751,176,direct,direct,JJ,JJ
10927,East_Timor_2002,0,751,177,and,and,CC,CC
10928,East_Timor_2002,0,751,178,co-ordinate,coordinate,JJ,JJ
10929,East_Timor_2002,0,751,179,the,the,DT,DT
10930,East_Timor_2002,0,751,180,activities,activities,NNS,NN
10931,East_Timor_2002,0,751,181,of,of,IN,IN
10932,East_Timor_2002,0,751,182,the,the,DT,DT
10933,East_Timor_2002,0,751,183,ministries,ministries,NNS,NN
10934,East_Timor_2002,0,751,184,as,as,RB,RB
10935,East_Timor_2002,0,751,185,well,well,RB,RB
10936,East_Timor_2002,0,751,186,as,as,IN,IN
10937,East_Timor_2002,0,751,187,the,the,DT,DT
10938,East_Timor_2002,0,751,188,activities,activities,NNS,NN
10939,East_Timor_2002,0,751,189,of,of,IN,IN
10940,East_Timor_2002,0,751,190,the,the,DT,DT
10941,East_Timor_2002,0,751,191,remaining,remaining,VBG,VB
10942,East_Timor_2002,0,751,192,institutions,institutions,NNS,NN
10943,East_Timor_2002,0,751,193,subordinate,subordinate,VBP,VB
10944,East_Timor_2002,0,751,194,to,to,TO,TO
10945,East_Timor_2002,0,751,195,the,the,DT,DT
10946,East_Timor_2002,0,751,196,Council,council,NNP,NN
10947,East_Timor_2002,0,751,197,of,of,IN,IN
10948,East_Timor_2002,0,751,198,Ministers,ministers,NNP,NN
10949,East_Timor_2002,0,751,200,m.to,mto,CC,CC
10950,East_Timor_2002,0,751,201,promote,promote,VB,VB
10951,East_Timor_2002,0,751,202,the,the,DT,DT
10952,East_Timor_2002,0,751,203,development,development,NN,NN
10953,East_Timor_2002,0,751,204,of,of,IN,IN
10954,East_Timor_2002,0,751,205,the,the,DT,DT
10955,East_Timor_2002,0,751,206,co-operative,cooperative,JJ,JJ
10956,East_Timor_2002,0,751,207,sector,sector,NN,NN
10957,East_Timor_2002,0,751,208,and,and,CC,CC
10958,East_Timor_2002,0,751,209,the,the,DT,DT
10959,East_Timor_2002,0,751,210,support,support,NN,NN
10960,East_Timor_2002,0,751,211,for,for,IN,IN
10961,East_Timor_2002,0,751,212,household,household,NN,NN
10962,East_Timor_2002,0,751,213,production,production,NN,NN
10963,East_Timor_2002,0,751,215,n.to,nto,JJ,JJ
10964,East_Timor_2002,0,751,216,support,support,NN,NN
10965,East_Timor_2002,0,751,217,private,private,JJ,JJ
10966,East_Timor_2002,0,751,218,enterprise,enterprise,NN,NN
10967,East_Timor_2002,0,751,219,initiatives,initiatives,NNS,NN
10968,East_Timor_2002,0,751,221,o.to,oto,NNS,NN
10969,East_Timor_2002,0,751,222,take,take,VBP,VB
10970,East_Timor_2002,0,751,223,actions,actions,NNS,NN
10971,East_Timor_2002,0,751,224,and,and,CC,CC
10972,East_Timor_2002,0,751,225,make,make,VB,VB
10973,East_Timor_2002,0,751,226,all,all,DT,DT
10974,East_Timor_2002,0,751,227,the,the,DT,DT
10975,East_Timor_2002,0,751,228,arrangements,arrangements,NNS,NN
10976,East_Timor_2002,0,751,229,necessary,necessary,JJ,JJ
10977,East_Timor_2002,0,751,230,to,to,TO,TO
10978,East_Timor_2002,0,751,231,promote,promote,VB,VB
10979,East_Timor_2002,0,751,232,economic,economic,JJ,JJ
10980,East_Timor_2002,0,751,233,and,and,CC,CC
10981,East_Timor_2002,0,751,234,social,social,JJ,JJ
10982,East_Timor_2002,0,751,235,development,development,NN,NN
10983,East_Timor_2002,0,751,236,and,and,CC,CC
10984,East_Timor_2002,0,751,237,to,to,TO,TO
10985,East_Timor_2002,0,751,238,satisfy,satisfy,VB,VB
10986,East_Timor_2002,0,751,239,the,the,DT,DT
10987,East_Timor_2002,0,751,240,needs,needs,NNS,NN
10988,East_Timor_2002,0,751,241,of,of,IN,IN
10989,East_Timor_2002,0,751,242,the,the,DT,DT
10990,East_Timor_2002,0,751,243,Timorese,timorese,JJ,JJ
10991,East_Timor_2002,0,751,244,people,people,NNS,NN
10992,East_Timor_2002,0,751,246,p.to,pto,VB,VB
10993,East_Timor_2002,0,751,247,exercise,exercise,NN,NN
10994,East_Timor_2002,0,751,248,any,any,DT,DT
10995,East_Timor_2002,0,751,249,other,other,JJ,JJ
10996,East_Timor_2002,0,751,250,competencies,competencies,NNS,NN
10997,East_Timor_2002,0,751,251,as,as,IN,IN
10998,East_Timor_2002,0,751,252,provided,provided,VBN,VB
10999,East_Timor_2002,0,751,253,for,for,IN,IN
11000,East_Timor_2002,0,751,254,by,by,IN,IN
11001,East_Timor_2002,0,751,255,the,the,DT,DT
11002,East_Timor_2002,0,751,256,Constitution,constitution,NNP,NN
11003,East_Timor_2002,0,751,257,and,and,CC,CC
11004,East_Timor_2002,0,751,258,the,the,DT,DT
11005,East_Timor_2002,0,751,259,law,law,NN,NN
11006,East_Timor_2002,0,752,0,2,2,CD,CD
11007,East_Timor_2002,0,753,0,It,it,PRP,PR
11008,East_Timor_2002,0,753,1,is,is,VBZ,VB
11009,East_Timor_2002,0,753,2,also,also,RB,RB
11010,East_Timor_2002,0,753,3,incumbent,incumbent,JJ,JJ
11011,East_Timor_2002,0,753,4,upon,upon,IN,IN
11012,East_Timor_2002,0,753,5,the,the,DT,DT
11013,East_Timor_2002,0,753,6,Government,government,NNP,NN
11014,East_Timor_2002,0,753,7,in,in,IN,IN
11015,East_Timor_2002,0,753,8,relation,relation,NN,NN
11016,East_Timor_2002,0,753,9,to,to,TO,TO
11017,East_Timor_2002,0,753,10,other,other,JJ,JJ
11018,East_Timor_2002,0,753,11,organs,organs,NNS,NN
11019,East_Timor_2002,0,753,13,a.to,ato,VB,VB
11020,East_Timor_2002,0,753,14,submit,submit,NN,NN
11021,East_Timor_2002,0,753,15,bills,bills,NNS,NN
11022,East_Timor_2002,0,753,16,and,and,CC,CC
11023,East_Timor_2002,0,753,17,draft,draft,NN,NN
11024,East_Timor_2002,0,753,18,resolutions,resolutions,NNS,NN
11025,East_Timor_2002,0,753,19,to,to,TO,TO
11026,East_Timor_2002,0,753,20,the,the,DT,DT
11027,East_Timor_2002,0,753,21,National,national,NNP,NN
11028,East_Timor_2002,0,753,22,Parliament,parliament,NNP,NN
11029,East_Timor_2002,0,753,24,b.to,bto,PRP$,PR
11030,East_Timor_2002,0,753,25,propose,propose,NN,NN
11031,East_Timor_2002,0,753,26,to,to,TO,TO
11032,East_Timor_2002,0,753,27,the,the,DT,DT
11033,East_Timor_2002,0,753,28,President,president,NNP,NN
11034,East_Timor_2002,0,753,29,of,of,IN,IN
11035,East_Timor_2002,0,753,30,the,the,DT,DT
11036,East_Timor_2002,0,753,31,Republic,republic,NNP,NN
11037,East_Timor_2002,0,753,32,the,the,DT,DT
11038,East_Timor_2002,0,753,33,declaration,declaration,NN,NN
11039,East_Timor_2002,0,753,34,of,of,IN,IN
11040,East_Timor_2002,0,753,35,war,war,NN,NN
11041,East_Timor_2002,0,753,36,or,or,CC,CC
11042,East_Timor_2002,0,753,37,the,the,DT,DT
11043,East_Timor_2002,0,753,38,making,making,NN,NN
11044,East_Timor_2002,0,753,39,of,of,IN,IN
11045,East_Timor_2002,0,753,40,peace,peace,NN,NN
11046,East_Timor_2002,0,753,42,c.to,cto,CC,CC
11047,East_Timor_2002,0,753,43,propose,propose,VB,VB
11048,East_Timor_2002,0,753,44,to,to,TO,TO
11049,East_Timor_2002,0,753,45,the,the,DT,DT
11050,East_Timor_2002,0,753,46,President,president,NNP,NN
11051,East_Timor_2002,0,753,47,of,of,IN,IN
11052,East_Timor_2002,0,753,48,the,the,DT,DT
11053,East_Timor_2002,0,753,49,Republic,republic,NNP,NN
11054,East_Timor_2002,0,753,50,the,the,DT,DT
11055,East_Timor_2002,0,753,51,declaration,declaration,NN,NN
11056,East_Timor_2002,0,753,52,of,of,IN,IN
11057,East_Timor_2002,0,753,53,the,the,DT,DT
11058,East_Timor_2002,0,753,54,state,state,NN,NN
11059,East_Timor_2002,0,753,55,of,of,IN,IN
11060,East_Timor_2002,0,753,56,siege,siege,NN,NN
11061,East_Timor_2002,0,753,57,or,or,CC,CC
11062,East_Timor_2002,0,753,58,the,the,DT,DT
11063,East_Timor_2002,0,753,59,state,state,NN,NN
11064,East_Timor_2002,0,753,60,of,of,IN,IN
11065,East_Timor_2002,0,753,61,emergency,emergency,NN,NN
11066,East_Timor_2002,0,753,63,d.to,dto,CC,CC
11067,East_Timor_2002,0,753,64,propose,propose,VB,VB
11068,East_Timor_2002,0,753,65,to,to,TO,TO
11069,East_Timor_2002,0,753,66,the,the,DT,DT
11070,East_Timor_2002,0,753,67,President,president,NNP,NN
11071,East_Timor_2002,0,753,68,of,of,IN,IN
11072,East_Timor_2002,0,753,69,the,the,DT,DT
11073,East_Timor_2002,0,753,70,Republic,republic,NNP,NN
11074,East_Timor_2002,0,753,71,the,the,DT,DT
11075,East_Timor_2002,0,753,72,submission,submission,NN,NN
11076,East_Timor_2002,0,753,73,to,to,TO,TO
11077,East_Timor_2002,0,753,74,referendum,referendum,VB,VB
11078,East_Timor_2002,0,753,75,of,of,IN,IN
11079,East_Timor_2002,0,753,76,relevant,relevant,JJ,JJ
11080,East_Timor_2002,0,753,77,issues,issues,NNS,NN
11081,East_Timor_2002,0,753,78,of,of,IN,IN
11082,East_Timor_2002,0,753,79,national,national,JJ,JJ
11083,East_Timor_2002,0,753,80,interest,interest,NN,NN
11084,East_Timor_2002,0,753,82,e.to,eto,CC,CC
11085,East_Timor_2002,0,753,83,propose,propose,VB,VB
11086,East_Timor_2002,0,753,84,to,to,TO,TO
11087,East_Timor_2002,0,753,85,the,the,DT,DT
11088,East_Timor_2002,0,753,86,President,president,NNP,NN
11089,East_Timor_2002,0,753,87,of,of,IN,IN
11090,East_Timor_2002,0,753,88,the,the,DT,DT
11091,East_Timor_2002,0,753,89,Republic,republic,NNP,NN
11092,East_Timor_2002,0,753,90,the,the,DT,DT
11093,East_Timor_2002,0,753,91,appointment,appointment,NN,NN
11094,East_Timor_2002,0,753,92,of,of,IN,IN
11095,East_Timor_2002,0,753,93,ambassadors,ambassadors,NNS,NN
11096,East_Timor_2002,0,753,95,permanent,permanent,JJ,JJ
11097,East_Timor_2002,0,753,96,representatives,representatives,NNS,NN
11098,East_Timor_2002,0,753,97,and,and,CC,CC
11099,East_Timor_2002,0,753,98,special,special,JJ,JJ
11100,East_Timor_2002,0,753,99,envoys,envoys,NNS,NN
11101,East_Timor_2002,0,753,101,3,3,CD,CD
11102,East_Timor_2002,0,754,0,The,the,DT,DT
11103,East_Timor_2002,0,754,1,Government,government,NNP,NN
11104,East_Timor_2002,0,754,2,has,has,VBZ,VB
11105,East_Timor_2002,0,754,3,exclusive,exclusive,JJ,JJ
11106,East_Timor_2002,0,754,4,legislative,legislative,JJ,JJ
11107,East_Timor_2002,0,754,5,competence,competence,NN,NN
11108,East_Timor_2002,0,754,6,on,on,IN,IN
11109,East_Timor_2002,0,754,7,matters,matters,NNS,NN
11110,East_Timor_2002,0,754,8,concerning,concerning,VBG,VB
11111,East_Timor_2002,0,754,9,its,its,PRP$,PR
11112,East_Timor_2002,0,754,10,own,own,JJ,JJ
11113,East_Timor_2002,0,754,11,organization,organization,NN,NN
11114,East_Timor_2002,0,754,12,and,and,CC,CC
11115,East_Timor_2002,0,754,13,functioning,functioning,NN,NN
11116,East_Timor_2002,0,754,15,as,as,RB,RB
11117,East_Timor_2002,0,754,16,well,well,RB,RB
11118,East_Timor_2002,0,754,17,as,as,IN,IN
11119,East_Timor_2002,0,754,18,on,on,IN,IN
11120,East_Timor_2002,0,754,19,the,the,DT,DT
11121,East_Timor_2002,0,754,20,direct,direct,JJ,JJ
11122,East_Timor_2002,0,754,21,and,and,CC,CC
11123,East_Timor_2002,0,754,22,indirect,indirect,JJ,JJ
11124,East_Timor_2002,0,754,23,administration,administration,NN,NN
11125,East_Timor_2002,0,754,24,of,of,IN,IN
11126,East_Timor_2002,0,754,25,the,the,DT,DT
11127,East_Timor_2002,0,754,26,State,state,NNP,NN
11128,East_Timor_2002,0,755,0,Article,article,NN,NN
11129,East_Timor_2002,0,755,1,116,116,CD,CD
11130,East_Timor_2002,0,756,0,Competences,competences,NNS,NN
11131,East_Timor_2002,0,756,1,of,of,IN,IN
11132,East_Timor_2002,0,756,2,the,the,DT,DT
11133,East_Timor_2002,0,756,3,Council,council,NNP,NN
11134,East_Timor_2002,0,756,4,of,of,IN,IN
11135,East_Timor_2002,0,756,5,Ministers,ministers,NNP,NN
11136,East_Timor_2002,0,756,6,Share,share,NNP,NN
11137,East_Timor_2002,0,756,7,1,1,CD,CD
11138,East_Timor_2002,0,757,0,It,it,PRP,PR
11139,East_Timor_2002,0,757,1,is,is,VBZ,VB
11140,East_Timor_2002,0,757,2,incumbent,incumbent,JJ,JJ
11141,East_Timor_2002,0,757,3,upon,upon,IN,IN
11142,East_Timor_2002,0,757,4,the,the,DT,DT
11143,East_Timor_2002,0,757,5,Council,council,NNP,NN
11144,East_Timor_2002,0,757,6,of,of,IN,IN
11145,East_Timor_2002,0,757,7,Ministers,ministers,NNS,NN
11146,East_Timor_2002,0,757,9,a.to,ato,NN,NN
11147,East_Timor_2002,0,757,10,define,define,VBZ,VB
11148,East_Timor_2002,0,757,11,the,the,DT,DT
11149,East_Timor_2002,0,757,12,general,general,JJ,JJ
11150,East_Timor_2002,0,757,13,guidelines,guidelines,NNS,NN
11151,East_Timor_2002,0,757,14,of,of,IN,IN
11152,East_Timor_2002,0,757,15,the,the,DT,DT
11153,East_Timor_2002,0,757,16,government,government,NN,NN
11154,East_Timor_2002,0,757,17,policy,policy,NN,NN
11155,East_Timor_2002,0,757,19,as,as,RB,RB
11156,East_Timor_2002,0,757,20,well,well,RB,RB
11157,East_Timor_2002,0,757,21,as,as,IN,IN
11158,East_Timor_2002,0,757,22,those,those,DT,DT
11159,East_Timor_2002,0,757,23,for,for,IN,IN
11160,East_Timor_2002,0,757,24,its,its,PRP$,PR
11161,East_Timor_2002,0,757,25,execution,execution,NN,NN
11162,East_Timor_2002,0,757,27,b.to,bto,JJ,JJ
11163,East_Timor_2002,0,757,28,deliberate,deliberate,NN,NN
11164,East_Timor_2002,0,757,29,on,on,IN,IN
11165,East_Timor_2002,0,757,30,a,a,DT,DT
11166,East_Timor_2002,0,757,31,request,request,NN,NN
11167,East_Timor_2002,0,757,32,for,for,IN,IN
11168,East_Timor_2002,0,757,33,a,a,DT,DT
11169,East_Timor_2002,0,757,34,vote,vote,NN,NN
11170,East_Timor_2002,0,757,35,of,of,IN,IN
11171,East_Timor_2002,0,757,36,confidence,confidence,NN,NN
11172,East_Timor_2002,0,757,37,from,from,IN,IN
11173,East_Timor_2002,0,757,38,the,the,DT,DT
11174,East_Timor_2002,0,757,39,National,national,NNP,NN
11175,East_Timor_2002,0,757,40,Parliament,parliament,NNP,NN
11176,East_Timor_2002,0,757,42,c.to,cto,NNS,NN
11177,East_Timor_2002,0,757,43,approve,approve,VBP,VB
11178,East_Timor_2002,0,757,44,bills,bills,NNS,NN
11179,East_Timor_2002,0,757,45,and,and,CC,CC
11180,East_Timor_2002,0,757,46,draft,draft,NN,NN
11181,East_Timor_2002,0,757,47,resolutions,resolutions,NNS,NN
11182,East_Timor_2002,0,757,49,d.to,dto,VB,VB
11183,East_Timor_2002,0,757,50,approve,approve,VB,VB
11184,East_Timor_2002,0,757,51,legislative,legislative,JJ,JJ
11185,East_Timor_2002,0,757,52,drafts,drafts,NNS,NN
11186,East_Timor_2002,0,757,54,as,as,RB,RB
11187,East_Timor_2002,0,757,55,well,well,RB,RB
11188,East_Timor_2002,0,757,56,as,as,IN,IN
11189,East_Timor_2002,0,757,57,international,international,JJ,JJ
11190,East_Timor_2002,0,757,58,agreements,agreements,NNS,NN
11191,East_Timor_2002,0,757,59,that,that,WDT,WD
11192,East_Timor_2002,0,757,60,are,are,VBP,VB
11193,East_Timor_2002,0,757,61,not,not,RB,RB
11194,East_Timor_2002,0,757,62,required,required,VBN,VB
11195,East_Timor_2002,0,757,63,to,to,TO,TO
11196,East_Timor_2002,0,757,64,be,be,VB,VB
11197,East_Timor_2002,0,757,65,submitted,submitted,VBN,VB
11198,East_Timor_2002,0,757,66,to,to,TO,TO
11199,East_Timor_2002,0,757,67,the,the,DT,DT
11200,East_Timor_2002,0,757,68,National,national,NNP,NN
11201,East_Timor_2002,0,757,69,parliament,parliament,NN,NN
11202,East_Timor_2002,0,757,71,e.to,eto,CC,CC
11203,East_Timor_2002,0,757,72,approve,approve,VB,VB
11204,East_Timor_2002,0,757,73,actions,actions,NNS,NN
11205,East_Timor_2002,0,757,74,by,by,IN,IN
11206,East_Timor_2002,0,757,75,the,the,DT,DT
11207,East_Timor_2002,0,757,76,Government,government,NNP,NN
11208,East_Timor_2002,0,757,77,that,that,WDT,WD
11209,East_Timor_2002,0,757,78,involve,involve,VBP,VB
11210,East_Timor_2002,0,757,79,an,an,DT,DT
11211,East_Timor_2002,0,757,80,augmentation,augmentation,NN,NN
11212,East_Timor_2002,0,757,81,of,of,IN,IN
11213,East_Timor_2002,0,757,82,diminution,diminution,NN,NN
11214,East_Timor_2002,0,757,83,of,of,IN,IN
11215,East_Timor_2002,0,757,84,public,public,JJ,JJ
11216,East_Timor_2002,0,757,85,revenues,revenues,NNS,NN
11217,East_Timor_2002,0,757,86,or,or,CC,CC
11218,East_Timor_2002,0,757,87,expenditures,expenditures,NNS,NN
11219,East_Timor_2002,0,757,89,f.to,fto,VBN,VB
11220,East_Timor_2002,0,757,90,approve,approve,IN,IN
11221,East_Timor_2002,0,757,91,plans,plans,NNS,NN
11222,East_Timor_2002,0,758,0,Article,article,NN,NN
11223,East_Timor_2002,0,758,1,117,117,CD,CD
11224,East_Timor_2002,0,759,0,Competences,competences,NNS,NN
11225,East_Timor_2002,0,759,1,of,of,IN,IN
11226,East_Timor_2002,0,759,2,Members,members,NNS,NN
11227,East_Timor_2002,0,759,3,of,of,IN,IN
11228,East_Timor_2002,0,759,4,the,the,DT,DT
11229,East_Timor_2002,0,759,5,Government,government,NNP,NN
11230,East_Timor_2002,0,759,6,Share,share,NNP,NN
11231,East_Timor_2002,0,759,7,1,1,CD,CD
11232,East_Timor_2002,0,760,0,It,it,PRP,PR
11233,East_Timor_2002,0,760,1,is,is,VBZ,VB
11234,East_Timor_2002,0,760,2,incumbent,incumbent,JJ,JJ
11235,East_Timor_2002,0,760,3,upon,upon,IN,IN
11236,East_Timor_2002,0,760,4,the,the,DT,DT
11237,East_Timor_2002,0,760,5,Prime,prime,NNP,NN
11238,East_Timor_2002,0,760,6,Minister,minister,NNP,NN
11239,East_Timor_2002,0,760,8,a.to,ato,NN,NN
11240,East_Timor_2002,0,760,9,be,be,VB,VB
11241,East_Timor_2002,0,760,10,the,the,DT,DT
11242,East_Timor_2002,0,760,11,Head,head,NNP,NN
11243,East_Timor_2002,0,760,12,of,of,IN,IN
11244,East_Timor_2002,0,760,13,Government,government,NNP,NN
11245,East_Timor_2002,0,760,15,b.to,bto,VBD,VB
11246,East_Timor_2002,0,760,16,preside,preside,RB,RB
11247,East_Timor_2002,0,760,17,over,over,IN,IN
11248,East_Timor_2002,0,760,18,the,the,DT,DT
11249,East_Timor_2002,0,760,19,Council,council,NNP,NN
11250,East_Timor_2002,0,760,20,of,of,IN,IN
11251,East_Timor_2002,0,760,21,Ministers,ministers,NNP,NN
11252,East_Timor_2002,0,760,23,c.to,cto,NNS,NN
11253,East_Timor_2002,0,760,24,direct,direct,VBP,VB
11254,East_Timor_2002,0,760,25,and,and,CC,CC
11255,East_Timor_2002,0,760,26,guide,guide,VBP,VB
11256,East_Timor_2002,0,760,27,the,the,DT,DT
11257,East_Timor_2002,0,760,28,general,general,JJ,JJ
11258,East_Timor_2002,0,760,29,policy,policy,NN,NN
11259,East_Timor_2002,0,760,30,of,of,IN,IN
11260,East_Timor_2002,0,760,31,the,the,DT,DT
11261,East_Timor_2002,0,760,32,Government,government,NNP,NN
11262,East_Timor_2002,0,760,33,and,and,CC,CC
11263,East_Timor_2002,0,760,34,to,to,TO,TO
11264,East_Timor_2002,0,760,35,co-ordinate,coordinate,VB,VB
11265,East_Timor_2002,0,760,36,the,the,DT,DT
11266,East_Timor_2002,0,760,37,activities,activities,NNS,NN
11267,East_Timor_2002,0,760,38,of,of,IN,IN
11268,East_Timor_2002,0,760,39,all,all,DT,DT
11269,East_Timor_2002,0,760,40,Ministers,ministers,NNP,NN
11270,East_Timor_2002,0,760,42,without,without,IN,IN
11271,East_Timor_2002,0,760,43,prejudice,prejudice,NN,NN
11272,East_Timor_2002,0,760,44,to,to,TO,TO
11273,East_Timor_2002,0,760,45,the,the,DT,DT
11274,East_Timor_2002,0,760,46,direct,direct,JJ,JJ
11275,East_Timor_2002,0,760,47,responsibility,responsibility,NN,NN
11276,East_Timor_2002,0,760,48,of,of,IN,IN
11277,East_Timor_2002,0,760,49,each,each,DT,DT
11278,East_Timor_2002,0,760,50,Minister,minister,NNP,NN
11279,East_Timor_2002,0,760,51,for,for,IN,IN
11280,East_Timor_2002,0,760,52,their,their,PRP$,PR
11281,East_Timor_2002,0,760,53,respective,respective,JJ,JJ
11282,East_Timor_2002,0,760,54,governmental,governmental,JJ,JJ
11283,East_Timor_2002,0,760,55,department,department,NN,NN
11284,East_Timor_2002,0,760,57,d.to,dto,CC,CC
11285,East_Timor_2002,0,760,58,inform,inform,VB,VB
11286,East_Timor_2002,0,760,59,the,the,DT,DT
11287,East_Timor_2002,0,760,60,President,president,NNP,NN
11288,East_Timor_2002,0,760,61,of,of,IN,IN
11289,East_Timor_2002,0,760,62,the,the,DT,DT
11290,East_Timor_2002,0,760,63,Republic,republic,NNP,NN
11291,East_Timor_2002,0,760,64,on,on,IN,IN
11292,East_Timor_2002,0,760,65,matters,matters,NNS,NN
11293,East_Timor_2002,0,760,66,of,of,IN,IN
11294,East_Timor_2002,0,760,67,domestic,domestic,JJ,JJ
11295,East_Timor_2002,0,760,68,and,and,CC,CC
11296,East_Timor_2002,0,760,69,foreign,foreign,JJ,JJ
11297,East_Timor_2002,0,760,70,policy,policy,NN,NN
11298,East_Timor_2002,0,760,71,of,of,IN,IN
11299,East_Timor_2002,0,760,72,the,the,DT,DT
11300,East_Timor_2002,0,760,73,Government,government,NNP,NN
11301,East_Timor_2002,0,760,75,e.to,eto,CC,CC
11302,East_Timor_2002,0,760,76,perform,perform,VB,VB
11303,East_Timor_2002,0,760,77,other,other,JJ,JJ
11304,East_Timor_2002,0,760,78,duties,duties,NNS,NN
11305,East_Timor_2002,0,760,79,attributed,attributed,VBN,VB
11306,East_Timor_2002,0,760,80,to,to,TO,TO
11307,East_Timor_2002,0,760,81,it,it,PRP,PR
11308,East_Timor_2002,0,760,82,by,by,IN,IN
11309,East_Timor_2002,0,760,83,the,the,DT,DT
11310,East_Timor_2002,0,760,84,Constitution,constitution,NNP,NN
11311,East_Timor_2002,0,760,85,and,and,CC,CC
11312,East_Timor_2002,0,760,86,the,the,DT,DT
11313,East_Timor_2002,0,760,87,law,law,NN,NN
11314,East_Timor_2002,0,761,0,2,2,CD,CD
11315,East_Timor_2002,0,762,0,It,it,PRP,PR
11316,East_Timor_2002,0,762,1,is,is,VBZ,VB
11317,East_Timor_2002,0,762,2,incumbent,incumbent,JJ,JJ
11318,East_Timor_2002,0,762,3,upon,upon,IN,IN
11319,East_Timor_2002,0,762,4,the,the,DT,DT
11320,East_Timor_2002,0,762,5,Ministers,ministers,NNS,NN
11321,East_Timor_2002,0,762,7,a.to,ato,NN,NN
11322,East_Timor_2002,0,762,8,implement,implement,VB,VB
11323,East_Timor_2002,0,762,9,the,the,DT,DT
11324,East_Timor_2002,0,762,10,policy,policy,NN,NN
11325,East_Timor_2002,0,762,11,defined,defined,VBN,VB
11326,East_Timor_2002,0,762,12,for,for,IN,IN
11327,East_Timor_2002,0,762,13,their,their,PRP$,PR
11328,East_Timor_2002,0,762,14,respective,respective,JJ,JJ
11329,East_Timor_2002,0,762,15,Ministries,ministries,NNPS,NN
11330,East_Timor_2002,0,762,17,b.to,bto,CC,CC
11331,East_Timor_2002,0,762,18,ensure,ensure,VB,VB
11332,East_Timor_2002,0,762,19,the,the,DT,DT
11333,East_Timor_2002,0,762,20,relations,relations,NNS,NN
11334,East_Timor_2002,0,762,21,between,between,IN,IN
11335,East_Timor_2002,0,762,22,the,the,DT,DT
11336,East_Timor_2002,0,762,23,Government,government,NNP,NN
11337,East_Timor_2002,0,762,24,and,and,CC,CC
11338,East_Timor_2002,0,762,25,the,the,DT,DT
11339,East_Timor_2002,0,762,26,other,other,JJ,JJ
11340,East_Timor_2002,0,762,27,organs,organs,NNS,NN
11341,East_Timor_2002,0,762,28,of,of,IN,IN
11342,East_Timor_2002,0,762,29,the,the,DT,DT
11343,East_Timor_2002,0,762,30,State,state,NNP,NN
11344,East_Timor_2002,0,762,31,in,in,IN,IN
11345,East_Timor_2002,0,762,32,the,the,DT,DT
11346,East_Timor_2002,0,762,33,area,area,NN,NN
11347,East_Timor_2002,0,762,34,of,of,IN,IN
11348,East_Timor_2002,0,762,35,responsibility,responsibility,NN,NN
11349,East_Timor_2002,0,762,36,of,of,IN,IN
11350,East_Timor_2002,0,762,37,their,their,PRP$,PR
11351,East_Timor_2002,0,762,38,respective,respective,JJ,JJ
11352,East_Timor_2002,0,762,39,Ministries,ministries,NNS,NN
11353,East_Timor_2002,0,763,0,3,3,CD,CD
11354,East_Timor_2002,0,764,0,Government,government,NNP,NN
11355,East_Timor_2002,0,764,1,bills,bills,NNS,NN
11356,East_Timor_2002,0,764,2,must,must,MD,MD
11357,East_Timor_2002,0,764,3,be,be,VB,VB
11358,East_Timor_2002,0,764,4,signed,signed,VBN,VB
11359,East_Timor_2002,0,764,5,by,by,IN,IN
11360,East_Timor_2002,0,764,6,the,the,DT,DT
11361,East_Timor_2002,0,764,7,Prime,prime,NNP,NN
11362,East_Timor_2002,0,764,8,Minister,minister,NNP,NN
11363,East_Timor_2002,0,764,9,and,and,CC,CC
11364,East_Timor_2002,0,764,10,the,the,DT,DT
11365,East_Timor_2002,0,764,11,competent,competent,NN,NN
11366,East_Timor_2002,0,764,12,Ministers,ministers,NNS,NN
11367,East_Timor_2002,0,764,13,in,in,IN,IN
11368,East_Timor_2002,0,764,14,their,their,PRP$,PR
11369,East_Timor_2002,0,764,15,respective,respective,JJ,JJ
11370,East_Timor_2002,0,764,16,subject,subject,JJ,JJ
11371,East_Timor_2002,0,764,17,matter,matter,NN,NN
11372,East_Timor_2002,0,765,0,TITLE,title,NNP,NN
11373,East_Timor_2002,0,765,1,V.,v,NNP,NN
11374,East_Timor_2002,0,765,2,COURTS,courts,NNP,NN
11375,East_Timor_2002,0,765,3,Chapter,chapter,NNP,NN
11376,East_Timor_2002,0,765,4,One,one,NNP,NN
11377,East_Timor_2002,0,766,0,COURTS,courts,NNS,NN
11378,East_Timor_2002,0,766,1,AND,and,CC,CC
11379,East_Timor_2002,0,766,2,THE,the,NNP,NN
11380,East_Timor_2002,0,766,3,JUDICIARY,judiciary,NNP,NN
11381,East_Timor_2002,0,766,5,Tribunais,tribunais,NNP,NN
11382,East_Timor_2002,0,766,6,e,e,RB,RB
11383,East_Timor_2002,0,766,7,Magistratura,magistratura,NNP,NN
11384,East_Timor_2002,0,766,8,Judicial,judicial,NNP,NN
11385,East_Timor_2002,0,766,10,Article,article,NNP,NN
11386,East_Timor_2002,0,766,11,118,118,CD,CD
11387,East_Timor_2002,0,767,0,Jurisdictional,jurisdictional,NNP,NN
11388,East_Timor_2002,0,767,1,Function,function,NNP,NN
11389,East_Timor_2002,0,767,2,Share,share,NNP,NN
11390,East_Timor_2002,0,767,3,1,1,CD,CD
11391,East_Timor_2002,0,768,0,The,the,DT,DT
11392,East_Timor_2002,0,768,1,courts,courts,NNS,NN
11393,East_Timor_2002,0,768,2,are,are,VBP,VB
11394,East_Timor_2002,0,768,3,organs,organs,NNS,NN
11395,East_Timor_2002,0,768,4,of,of,IN,IN
11396,East_Timor_2002,0,768,5,sovereignty,sovereignty,NN,NN
11397,East_Timor_2002,0,768,6,with,with,IN,IN
11398,East_Timor_2002,0,768,7,competences,competences,NNS,NN
11399,East_Timor_2002,0,768,8,to,to,TO,TO
11400,East_Timor_2002,0,768,9,administer,administer,VB,VB
11401,East_Timor_2002,0,768,10,justice,justice,NN,NN
11402,East_Timor_2002,0,768,11,in,in,IN,IN
11403,East_Timor_2002,0,768,12,the,the,DT,DT
11404,East_Timor_2002,0,768,13,name,name,NN,NN
11405,East_Timor_2002,0,768,14,of,of,IN,IN
11406,East_Timor_2002,0,768,15,the,the,DT,DT
11407,East_Timor_2002,0,768,16,people,people,NNS,NN
11408,East_Timor_2002,0,769,0,2,2,CD,CD
11409,East_Timor_2002,0,770,0,In,in,IN,IN
11410,East_Timor_2002,0,770,1,exercising,exercising,VBG,VB
11411,East_Timor_2002,0,770,2,their,their,PRP$,PR
11412,East_Timor_2002,0,770,3,functions,functions,NNS,NN
11413,East_Timor_2002,0,770,5,the,the,DT,DT
11414,East_Timor_2002,0,770,6,courts,courts,NNS,NN
11415,East_Timor_2002,0,770,7,have,have,VBP,VB
11416,East_Timor_2002,0,770,8,the,the,DT,DT
11417,East_Timor_2002,0,770,9,right,right,NN,NN
11418,East_Timor_2002,0,770,10,to,to,TO,TO
11419,East_Timor_2002,0,770,11,the,the,DT,DT
11420,East_Timor_2002,0,770,12,assistance,assistance,NN,NN
11421,East_Timor_2002,0,770,13,of,of,IN,IN
11422,East_Timor_2002,0,770,14,other,other,JJ,JJ
11423,East_Timor_2002,0,770,15,authorities,authorities,NNS,NN
11424,East_Timor_2002,0,771,0,3,3,CD,CD
11425,East_Timor_2002,0,772,0,The,the,DT,DT
11426,East_Timor_2002,0,772,1,courts,courts,NNS,NN
11427,East_Timor_2002,0,772,2,decisions,decisions,NNS,NN
11428,East_Timor_2002,0,772,3,shall,shall,MD,MD
11429,East_Timor_2002,0,772,4,be,be,VB,VB
11430,East_Timor_2002,0,772,5,binding,binding,VBG,VB
11431,East_Timor_2002,0,772,6,and,and,CC,CC
11432,East_Timor_2002,0,772,7,shall,shall,MD,MD
11433,East_Timor_2002,0,772,8,prevail,prevail,VB,VB
11434,East_Timor_2002,0,772,9,over,over,IN,IN
11435,East_Timor_2002,0,772,10,the,the,DT,DT
11436,East_Timor_2002,0,772,11,decisions,decisions,NNS,NN
11437,East_Timor_2002,0,772,12,of,of,IN,IN
11438,East_Timor_2002,0,772,13,any,any,DT,DT
11439,East_Timor_2002,0,772,14,other,other,JJ,JJ
11440,East_Timor_2002,0,772,15,authorities,authorities,NNS,NN
11441,East_Timor_2002,0,773,0,Article,article,NN,NN
11442,East_Timor_2002,0,773,1,119,119,CD,CD
11443,East_Timor_2002,0,774,0,Independence,independence,NNP,NN
11444,East_Timor_2002,0,774,1,Share,share,NNP,NN
11445,East_Timor_2002,0,774,2,The,the,DT,DT
11446,East_Timor_2002,0,774,3,courts,courts,NNS,NN
11447,East_Timor_2002,0,774,4,are,are,VBP,VB
11448,East_Timor_2002,0,774,5,independent,independent,JJ,JJ
11449,East_Timor_2002,0,774,6,and,and,CC,CC
11450,East_Timor_2002,0,774,7,subject,subject,JJ,JJ
11451,East_Timor_2002,0,774,8,only,only,RB,RB
11452,East_Timor_2002,0,774,9,to,to,TO,TO
11453,East_Timor_2002,0,774,10,the,the,DT,DT
11454,East_Timor_2002,0,774,11,Constitution,constitution,NNP,NN
11455,East_Timor_2002,0,774,12,and,and,CC,CC
11456,East_Timor_2002,0,774,13,to,to,TO,TO
11457,East_Timor_2002,0,774,14,the,the,DT,DT
11458,East_Timor_2002,0,774,15,law,law,NN,NN
11459,East_Timor_2002,0,775,0,Article,article,NN,NN
11460,East_Timor_2002,0,775,1,120.,120,CD,CD
11461,East_Timor_2002,0,775,2,Review,review,NNP,NN
11462,East_Timor_2002,0,775,3,of,of,IN,IN
11463,East_Timor_2002,0,775,4,Unconstitutionality,unconstitutionality,NNP,NN
11464,East_Timor_2002,0,775,5,Share,share,NNP,NN
11465,East_Timor_2002,0,775,6,The,the,DT,DT
11466,East_Timor_2002,0,775,7,courts,courts,NNS,NN
11467,East_Timor_2002,0,775,8,shall,shall,MD,MD
11468,East_Timor_2002,0,775,9,not,not,RB,RB
11469,East_Timor_2002,0,775,10,apply,apply,VB,VB
11470,East_Timor_2002,0,775,11,rules,rules,NNS,NN
11471,East_Timor_2002,0,775,12,that,that,WDT,WD
11472,East_Timor_2002,0,775,13,contravene,contravene,VBP,VB
11473,East_Timor_2002,0,775,14,the,the,DT,DT
11474,East_Timor_2002,0,775,15,Constitution,constitution,NNP,NN
11475,East_Timor_2002,0,775,16,or,or,CC,CC
11476,East_Timor_2002,0,775,17,the,the,DT,DT
11477,East_Timor_2002,0,775,18,principles,principles,NNS,NN
11478,East_Timor_2002,0,775,19,contained,contained,VBN,VB
11479,East_Timor_2002,0,775,20,therein,therein,RB,RB
11480,East_Timor_2002,0,776,0,Article,article,NN,NN
11481,East_Timor_2002,0,776,1,121,121,CD,CD
11482,East_Timor_2002,0,777,0,Judges,judges,NNS,NN
11483,East_Timor_2002,0,777,1,Share,share,NNP,NN
11484,East_Timor_2002,0,777,2,1,1,CD,CD
11485,East_Timor_2002,0,778,0,Jurisdiction,jurisdiction,NN,NN
11486,East_Timor_2002,0,778,1,rests,rests,VBZ,VB
11487,East_Timor_2002,0,778,2,exclusively,exclusively,RB,RB
11488,East_Timor_2002,0,778,3,with,with,IN,IN
11489,East_Timor_2002,0,778,4,the,the,DT,DT
11490,East_Timor_2002,0,778,5,judges,judges,NNS,NN
11491,East_Timor_2002,0,778,6,invested,invested,VBN,VB
11492,East_Timor_2002,0,778,7,in,in,IN,IN
11493,East_Timor_2002,0,778,8,accordance,accordance,NN,NN
11494,East_Timor_2002,0,778,9,with,with,IN,IN
11495,East_Timor_2002,0,778,10,the,the,DT,DT
11496,East_Timor_2002,0,778,11,law,law,NN,NN
11497,East_Timor_2002,0,779,0,2,2,CD,CD
11498,East_Timor_2002,0,780,0,In,in,IN,IN
11499,East_Timor_2002,0,780,1,exercising,exercising,VBG,VB
11500,East_Timor_2002,0,780,2,their,their,PRP$,PR
11501,East_Timor_2002,0,780,3,functions,functions,NNS,NN
11502,East_Timor_2002,0,780,5,the,the,DT,DT
11503,East_Timor_2002,0,780,6,judges,judges,NNS,NN
11504,East_Timor_2002,0,780,7,are,are,VBP,VB
11505,East_Timor_2002,0,780,8,independent,independent,JJ,JJ
11506,East_Timor_2002,0,780,9,and,and,CC,CC
11507,East_Timor_2002,0,780,10,owe,owe,JJ,JJ
11508,East_Timor_2002,0,780,11,obedience,obedience,NN,NN
11509,East_Timor_2002,0,780,12,only,only,RB,RB
11510,East_Timor_2002,0,780,13,to,to,TO,TO
11511,East_Timor_2002,0,780,14,the,the,DT,DT
11512,East_Timor_2002,0,780,15,Constitution,constitution,NNP,NN
11513,East_Timor_2002,0,780,17,to,to,TO,TO
11514,East_Timor_2002,0,780,18,the,the,DT,DT
11515,East_Timor_2002,0,780,19,law,law,NN,NN
11516,East_Timor_2002,0,780,20,and,and,CC,CC
11517,East_Timor_2002,0,780,21,to,to,TO,TO
11518,East_Timor_2002,0,780,22,their,their,PRP$,PR
11519,East_Timor_2002,0,780,23,conscience,conscience,NN,NN
11520,East_Timor_2002,0,781,0,3,3,CD,CD
11521,East_Timor_2002,0,782,0,Judges,judges,NNS,NN
11522,East_Timor_2002,0,782,1,shall,shall,MD,MD
11523,East_Timor_2002,0,782,2,be,be,VB,VB
11524,East_Timor_2002,0,782,3,irremovable,irremovable,JJ,JJ
11525,East_Timor_2002,0,782,5,may,may,MD,MD
11526,East_Timor_2002,0,782,6,not,not,RB,RB
11527,East_Timor_2002,0,782,7,be,be,VB,VB
11528,East_Timor_2002,0,782,8,suspended,suspended,VBN,VB
11529,East_Timor_2002,0,782,10,transferred,transferred,VBN,VB
11530,East_Timor_2002,0,782,12,retired,retired,VBD,VB
11531,East_Timor_2002,0,782,13,or,or,CC,CC
11532,East_Timor_2002,0,782,14,removed,removed,VBN,VB
11533,East_Timor_2002,0,782,15,from,from,IN,IN
11534,East_Timor_2002,0,782,16,office,office,NN,NN
11535,East_Timor_2002,0,782,17,except,except,IN,IN
11536,East_Timor_2002,0,782,18,as,as,IN,IN
11537,East_Timor_2002,0,782,19,provided,provided,VBN,VB
11538,East_Timor_2002,0,782,20,for,for,IN,IN
11539,East_Timor_2002,0,782,21,by,by,IN,IN
11540,East_Timor_2002,0,782,22,law,law,NN,NN
11541,East_Timor_2002,0,783,0,5,5,CD,CD
11542,East_Timor_2002,0,784,0,The,the,DT,DT
11543,East_Timor_2002,0,784,1,law,law,NN,NN
11544,East_Timor_2002,0,784,2,shall,shall,MD,MD
11545,East_Timor_2002,0,784,3,regulate,regulate,VB,VB
11546,East_Timor_2002,0,784,4,the,the,DT,DT
11547,East_Timor_2002,0,784,5,judicial,judicial,JJ,JJ
11548,East_Timor_2002,0,784,6,organization,organization,NN,NN
11549,East_Timor_2002,0,784,7,and,and,CC,CC
11550,East_Timor_2002,0,784,8,the,the,DT,DT
11551,East_Timor_2002,0,784,9,status,status,NN,NN
11552,East_Timor_2002,0,784,10,of,of,IN,IN
11553,East_Timor_2002,0,784,11,the,the,DT,DT
11554,East_Timor_2002,0,784,12,judicial,judicial,JJ,JJ
11555,East_Timor_2002,0,784,13,magistrates,magistrates,NNS,NN
11556,East_Timor_2002,0,785,0,Article,article,NN,NN
11557,East_Timor_2002,0,785,1,122,122,CD,CD
11558,East_Timor_2002,0,786,0,Exclusiveness,exclusiveness,NNP,NN
11559,East_Timor_2002,0,786,1,Share,share,NNP,NN
11560,East_Timor_2002,0,786,2,Judges,judges,NNP,NN
11561,East_Timor_2002,0,786,3,in,in,IN,IN
11562,East_Timor_2002,0,786,4,office,office,NN,NN
11563,East_Timor_2002,0,786,5,may,may,MD,MD
11564,East_Timor_2002,0,786,6,not,not,RB,RB
11565,East_Timor_2002,0,786,7,perform,perform,VB,VB
11566,East_Timor_2002,0,786,8,any,any,DT,DT
11567,East_Timor_2002,0,786,9,other,other,JJ,JJ
11568,East_Timor_2002,0,786,10,public,public,JJ,JJ
11569,East_Timor_2002,0,786,11,or,or,CC,CC
11570,East_Timor_2002,0,786,12,private,private,JJ,JJ
11571,East_Timor_2002,0,786,13,functions,functions,NNS,NN
11572,East_Timor_2002,0,786,15,except,except,IN,IN
11573,East_Timor_2002,0,786,16,teaching,teaching,VBG,VB
11574,East_Timor_2002,0,786,17,or,or,CC,CC
11575,East_Timor_2002,0,786,18,legal,legal,JJ,JJ
11576,East_Timor_2002,0,786,19,research,research,NN,NN
11577,East_Timor_2002,0,786,21,in,in,IN,IN
11578,East_Timor_2002,0,786,22,accordance,accordance,NN,NN
11579,East_Timor_2002,0,786,23,with,with,IN,IN
11580,East_Timor_2002,0,786,24,the,the,DT,DT
11581,East_Timor_2002,0,786,25,law,law,NN,NN
11582,East_Timor_2002,0,787,0,Article,article,NN,NN
11583,East_Timor_2002,0,787,1,123,123,CD,CD
11584,East_Timor_2002,0,788,0,Categories,categories,NNS,NN
11585,East_Timor_2002,0,788,1,of,of,IN,IN
11586,East_Timor_2002,0,788,2,Courts,courts,NNS,NN
11587,East_Timor_2002,0,788,3,Share,share,NNP,NN
11588,East_Timor_2002,0,788,4,1,1,CD,CD
11589,East_Timor_2002,0,789,0,In,in,IN,IN
11590,East_Timor_2002,0,789,1,the,the,DT,DT
11591,East_Timor_2002,0,789,2,Democratic,democratic,JJ,JJ
11592,East_Timor_2002,0,789,3,Republic,republic,NNP,NN
11593,East_Timor_2002,0,789,4,of,of,IN,IN
11594,East_Timor_2002,0,789,5,East,east,NNP,NN
11595,East_Timor_2002,0,789,6,Timor,timor,NNP,NN
11596,East_Timor_2002,0,789,8,there,there,EX,EX
11597,East_Timor_2002,0,789,9,shall,shall,MD,MD
11598,East_Timor_2002,0,789,10,be,be,VB,VB
11599,East_Timor_2002,0,789,11,the,the,DT,DT
11600,East_Timor_2002,0,789,12,following,following,JJ,JJ
11601,East_Timor_2002,0,789,13,categories,categories,NNS,NN
11602,East_Timor_2002,0,789,14,of,of,IN,IN
11603,East_Timor_2002,0,789,15,courts,courts,NNS,NN
11604,East_Timor_2002,0,789,17,a.the,athe,JJ,JJ
11605,East_Timor_2002,0,789,18,Supreme,supreme,NNP,NN
11606,East_Timor_2002,0,789,19,Court,court,NNP,NN
11607,East_Timor_2002,0,789,20,of,of,IN,IN
11608,East_Timor_2002,0,789,21,Justice,justice,NNP,NN
11609,East_Timor_2002,0,789,22,and,and,CC,CC
11610,East_Timor_2002,0,789,23,other,other,JJ,JJ
11611,East_Timor_2002,0,789,24,courts,courts,NNS,NN
11612,East_Timor_2002,0,789,25,of,of,IN,IN
11613,East_Timor_2002,0,789,26,law,law,NN,NN
11614,East_Timor_2002,0,789,28,b.the,bthe,CC,CC
11615,East_Timor_2002,0,789,29,High,high,NNP,NN
11616,East_Timor_2002,0,789,30,Administrative,administrative,NNP,NN
11617,East_Timor_2002,0,789,32,Tax,tax,NNP,NN
11618,East_Timor_2002,0,789,33,and,and,CC,CC
11619,East_Timor_2002,0,789,34,Audit,audit,NNP,NN
11620,East_Timor_2002,0,789,35,Court,court,NNP,NN
11621,East_Timor_2002,0,789,36,and,and,CC,CC
11622,East_Timor_2002,0,789,37,other,other,JJ,JJ
11623,East_Timor_2002,0,789,38,administrative,administrative,JJ,JJ
11624,East_Timor_2002,0,789,39,courts,courts,NNS,NN
11625,East_Timor_2002,0,789,40,of,of,IN,IN
11626,East_Timor_2002,0,789,41,first,first,JJ,JJ
11627,East_Timor_2002,0,789,42,instance,instance,NN,NN
11628,East_Timor_2002,0,789,44,c.Military,cmilitary,JJ,JJ
11629,East_Timor_2002,0,789,45,Courts,courts,NNS,NN
11630,East_Timor_2002,0,790,0,2,2,CD,CD
11631,East_Timor_2002,0,791,0,Courts,courts,NNS,NN
11632,East_Timor_2002,0,791,1,of,of,IN,IN
11633,East_Timor_2002,0,791,2,exception,exception,NN,NN
11634,East_Timor_2002,0,791,3,shall,shall,MD,MD
11635,East_Timor_2002,0,791,4,be,be,VB,VB
11636,East_Timor_2002,0,791,5,prohibited,prohibited,VBN,VB
11637,East_Timor_2002,0,791,6,and,and,CC,CC
11638,East_Timor_2002,0,791,7,there,there,EX,EX
11639,East_Timor_2002,0,791,8,shall,shall,MD,MD
11640,East_Timor_2002,0,791,9,be,be,VB,VB
11641,East_Timor_2002,0,791,10,no,no,DT,DT
11642,East_Timor_2002,0,791,11,special,special,JJ,JJ
11643,East_Timor_2002,0,791,12,courts,courts,NNS,NN
11644,East_Timor_2002,0,791,13,to,to,TO,TO
11645,East_Timor_2002,0,791,14,judge,judge,VB,VB
11646,East_Timor_2002,0,791,15,certain,certain,JJ,JJ
11647,East_Timor_2002,0,791,16,categories,categories,NNS,NN
11648,East_Timor_2002,0,791,17,of,of,IN,IN
11649,East_Timor_2002,0,791,18,criminal,criminal,JJ,JJ
11650,East_Timor_2002,0,791,19,offence,offence,NN,NN
11651,East_Timor_2002,0,792,0,3,3,CD,CD
11652,East_Timor_2002,0,793,0,There,there,EX,EX
11653,East_Timor_2002,0,793,1,may,may,MD,MD
11654,East_Timor_2002,0,793,2,be,be,VB,VB
11655,East_Timor_2002,0,793,3,Maritime,maritime,NNP,NN
11656,East_Timor_2002,0,793,4,Courts,courts,NNP,NN
11657,East_Timor_2002,0,793,5,and,and,CC,CC
11658,East_Timor_2002,0,793,6,Arbitration,arbitration,NNP,NN
11659,East_Timor_2002,0,793,7,Courts,courts,NNP,NN
11660,East_Timor_2002,0,794,0,4,4,CD,CD
11661,East_Timor_2002,0,795,0,The,the,DT,DT
11662,East_Timor_2002,0,795,1,law,law,NN,NN
11663,East_Timor_2002,0,795,2,shall,shall,MD,MD
11664,East_Timor_2002,0,795,3,determine,determine,VB,VB
11665,East_Timor_2002,0,795,4,the,the,DT,DT
11666,East_Timor_2002,0,795,5,establishment,establishment,NN,NN
11667,East_Timor_2002,0,795,7,organization,organization,NN,NN
11668,East_Timor_2002,0,795,8,and,and,CC,CC
11669,East_Timor_2002,0,795,9,the,the,DT,DT
11670,East_Timor_2002,0,795,10,functioning,functioning,NN,NN
11671,East_Timor_2002,0,795,11,of,of,IN,IN
11672,East_Timor_2002,0,795,12,the,the,DT,DT
11673,East_Timor_2002,0,795,13,courts,courts,NNS,NN
11674,East_Timor_2002,0,795,14,referred,referred,VBD,VB
11675,East_Timor_2002,0,795,15,to,to,TO,TO
11676,East_Timor_2002,0,795,16,in,in,IN,IN
11677,East_Timor_2002,0,795,17,the,the,DT,DT
11678,East_Timor_2002,0,795,18,preceding,preceding,VBG,VB
11679,East_Timor_2002,0,795,19,numbers,numbers,NNS,NN
11680,East_Timor_2002,0,796,0,5,5,CD,CD
11681,East_Timor_2002,0,797,0,The,the,DT,DT
11682,East_Timor_2002,0,797,1,law,law,NN,NN
11683,East_Timor_2002,0,797,2,may,may,MD,MD
11684,East_Timor_2002,0,797,3,institutionalize,institutionalize,VB,VB
11685,East_Timor_2002,0,797,4,means,means,NNS,NN
11686,East_Timor_2002,0,797,5,and,and,CC,CC
11687,East_Timor_2002,0,797,6,forum,forum,NN,NN
11688,East_Timor_2002,0,797,7,of,of,IN,IN
11689,East_Timor_2002,0,797,8,the,the,DT,DT
11690,East_Timor_2002,0,797,9,non-jurisdictional,nonjurisdictional,JJ,JJ
11691,East_Timor_2002,0,797,10,resolution,resolution,NN,NN
11692,East_Timor_2002,0,797,11,of,of,IN,IN
11693,East_Timor_2002,0,797,12,disputes,disputes,NNS,NN
11694,East_Timor_2002,0,798,0,Article,article,NN,NN
11695,East_Timor_2002,0,798,1,124,124,CD,CD
11696,East_Timor_2002,0,799,0,Supreme,supreme,NNP,NN
11697,East_Timor_2002,0,799,1,Court,court,NNP,NN
11698,East_Timor_2002,0,799,2,of,of,IN,IN
11699,East_Timor_2002,0,799,3,Justice,justice,NNP,NN
11700,East_Timor_2002,0,799,4,Share,share,NNP,NN
11701,East_Timor_2002,0,799,5,1,1,CD,CD
11702,East_Timor_2002,0,800,0,The,the,DT,DT
11703,East_Timor_2002,0,800,1,Supreme,supreme,NNP,NN
11704,East_Timor_2002,0,800,2,Court,court,NNP,NN
11705,East_Timor_2002,0,800,3,of,of,IN,IN
11706,East_Timor_2002,0,800,4,Justice,justice,NNP,NN
11707,East_Timor_2002,0,800,5,is,is,VBZ,VB
11708,East_Timor_2002,0,800,6,the,the,DT,DT
11709,East_Timor_2002,0,800,7,highest,highest,JJS,JJ
11710,East_Timor_2002,0,800,8,court,court,NN,NN
11711,East_Timor_2002,0,800,9,of,of,IN,IN
11712,East_Timor_2002,0,800,10,law,law,NN,NN
11713,East_Timor_2002,0,800,11,and,and,CC,CC
11714,East_Timor_2002,0,800,12,the,the,DT,DT
11715,East_Timor_2002,0,800,13,guarantor,guarantor,NN,NN
11716,East_Timor_2002,0,800,14,of,of,IN,IN
11717,East_Timor_2002,0,800,15,a,a,DT,DT
11718,East_Timor_2002,0,800,16,uniform,uniform,JJ,JJ
11719,East_Timor_2002,0,800,17,enforcement,enforcement,NN,NN
11720,East_Timor_2002,0,800,18,of,of,IN,IN
11721,East_Timor_2002,0,800,19,the,the,DT,DT
11722,East_Timor_2002,0,800,20,law,law,NN,NN
11723,East_Timor_2002,0,800,22,and,and,CC,CC
11724,East_Timor_2002,0,800,23,has,has,VBZ,VB
11725,East_Timor_2002,0,800,24,jurisdiction,jurisdiction,NN,NN
11726,East_Timor_2002,0,800,25,in,in,IN,IN
11727,East_Timor_2002,0,800,26,the,the,DT,DT
11728,East_Timor_2002,0,800,27,entire,entire,JJ,JJ
11729,East_Timor_2002,0,800,28,national,national,JJ,JJ
11730,East_Timor_2002,0,800,29,territory,territory,NN,NN
11731,East_Timor_2002,0,801,0,2,2,CD,CD
11732,East_Timor_2002,0,802,0,It,it,PRP,PR
11733,East_Timor_2002,0,802,1,is,is,VBZ,VB
11734,East_Timor_2002,0,802,2,also,also,RB,RB
11735,East_Timor_2002,0,802,3,incumbent,incumbent,JJ,JJ
11736,East_Timor_2002,0,802,4,on,on,IN,IN
11737,East_Timor_2002,0,802,5,the,the,DT,DT
11738,East_Timor_2002,0,802,6,Supreme,supreme,NNP,NN
11739,East_Timor_2002,0,802,7,Court,court,NNP,NN
11740,East_Timor_2002,0,802,8,of,of,IN,IN
11741,East_Timor_2002,0,802,9,Justice,justice,NNP,NN
11742,East_Timor_2002,0,802,10,to,to,TO,TO
11743,East_Timor_2002,0,802,11,administer,administer,VB,VB
11744,East_Timor_2002,0,802,12,justice,justice,NN,NN
11745,East_Timor_2002,0,802,13,on,on,IN,IN
11746,East_Timor_2002,0,802,14,matters,matters,NNS,NN
11747,East_Timor_2002,0,802,15,of,of,IN,IN
11748,East_Timor_2002,0,802,16,juridical,juridical,JJ,JJ
11749,East_Timor_2002,0,802,18,constitutional,constitutional,JJ,JJ
11750,East_Timor_2002,0,802,19,and,and,CC,CC
11751,East_Timor_2002,0,802,20,electoral,electoral,JJ,JJ
11752,East_Timor_2002,0,802,21,nature,nature,NN,NN
11753,East_Timor_2002,0,803,0,3,3,CD,CD
11754,East_Timor_2002,0,804,0,The,the,DT,DT
11755,East_Timor_2002,0,804,1,President,president,NNP,NN
11756,East_Timor_2002,0,804,2,of,of,IN,IN
11757,East_Timor_2002,0,804,3,the,the,DT,DT
11758,East_Timor_2002,0,804,4,Supreme,supreme,NNP,NN
11759,East_Timor_2002,0,804,5,Court,court,NNP,NN
11760,East_Timor_2002,0,804,6,of,of,IN,IN
11761,East_Timor_2002,0,804,7,Justice,justice,NNP,NN
11762,East_Timor_2002,0,804,8,is,is,VBZ,VB
11763,East_Timor_2002,0,804,9,appointed,appointed,VBN,VB
11764,East_Timor_2002,0,804,10,by,by,IN,IN
11765,East_Timor_2002,0,804,11,the,the,DT,DT
11766,East_Timor_2002,0,804,12,President,president,NNP,NN
11767,East_Timor_2002,0,804,13,of,of,IN,IN
11768,East_Timor_2002,0,804,14,the,the,DT,DT
11769,East_Timor_2002,0,804,15,Republic,republic,NNP,NN
11770,East_Timor_2002,0,804,16,from,from,IN,IN
11771,East_Timor_2002,0,804,17,among,among,IN,IN
11772,East_Timor_2002,0,804,18,the,the,DT,DT
11773,East_Timor_2002,0,804,19,judges,judges,NNS,NN
11774,East_Timor_2002,0,804,20,of,of,IN,IN
11775,East_Timor_2002,0,804,21,the,the,DT,DT
11776,East_Timor_2002,0,804,22,Supreme,supreme,NNP,NN
11777,East_Timor_2002,0,804,23,Court,court,NNP,NN
11778,East_Timor_2002,0,804,24,of,of,IN,IN
11779,East_Timor_2002,0,804,25,Justice,justice,NNP,NN
11780,East_Timor_2002,0,804,26,for,for,IN,IN
11781,East_Timor_2002,0,804,27,a,a,DT,DT
11782,East_Timor_2002,0,804,28,term,term,NN,NN
11783,East_Timor_2002,0,804,29,of,of,IN,IN
11784,East_Timor_2002,0,804,30,office,office,NN,NN
11785,East_Timor_2002,0,804,31,of,of,IN,IN
11786,East_Timor_2002,0,804,32,four,four,CD,CD
11787,East_Timor_2002,0,804,33,years,years,NNS,NN
11788,East_Timor_2002,0,805,0,Article,article,NN,NN
11789,East_Timor_2002,0,805,1,125,125,CD,CD
11790,East_Timor_2002,0,806,0,Functioning,functioning,VBG,VB
11791,East_Timor_2002,0,806,1,and,and,CC,CC
11792,East_Timor_2002,0,806,2,Composition,composition,NNP,NN
11793,East_Timor_2002,0,806,3,Share,share,NNP,NN
11794,East_Timor_2002,0,806,4,1,1,CD,CD
11795,East_Timor_2002,0,807,0,The,the,DT,DT
11796,East_Timor_2002,0,807,1,Supreme,supreme,NNP,NN
11797,East_Timor_2002,0,807,2,Court,court,NNP,NN
11798,East_Timor_2002,0,807,3,of,of,IN,IN
11799,East_Timor_2002,0,807,4,Justice,justice,NNP,NN
11800,East_Timor_2002,0,807,5,functions,functions,NNS,NN
11801,East_Timor_2002,0,807,7,a.in,ain,NN,NN
11802,East_Timor_2002,0,807,8,sections,sections,NNS,NN
11803,East_Timor_2002,0,807,10,as,as,IN,IN
11804,East_Timor_2002,0,807,11,a,a,DT,DT
11805,East_Timor_2002,0,807,12,court,court,NN,NN
11806,East_Timor_2002,0,807,13,of,of,IN,IN
11807,East_Timor_2002,0,807,14,first,first,JJ,JJ
11808,East_Timor_2002,0,807,15,instance,instance,NN,NN
11809,East_Timor_2002,0,807,17,in,in,IN,IN
11810,East_Timor_2002,0,807,18,the,the,DT,DT
11811,East_Timor_2002,0,807,19,cases,cases,NNS,NN
11812,East_Timor_2002,0,807,20,provided,provided,VBD,VB
11813,East_Timor_2002,0,807,21,for,for,IN,IN
11814,East_Timor_2002,0,807,22,in,in,IN,IN
11815,East_Timor_2002,0,807,23,the,the,DT,DT
11816,East_Timor_2002,0,807,24,law,law,NN,NN
11817,East_Timor_2002,0,807,26,b.in,bin,CC,CC
11818,East_Timor_2002,0,807,27,plenary,plenary,JJ,JJ
11819,East_Timor_2002,0,807,29,as,as,IN,IN
11820,East_Timor_2002,0,807,30,a,a,DT,DT
11821,East_Timor_2002,0,807,31,court,court,NN,NN
11822,East_Timor_2002,0,807,32,of,of,IN,IN
11823,East_Timor_2002,0,807,33,second,second,JJ,JJ
11824,East_Timor_2002,0,807,34,and,and,CC,CC
11825,East_Timor_2002,0,807,35,single,single,JJ,JJ
11826,East_Timor_2002,0,807,36,instance,instance,NN,NN
11827,East_Timor_2002,0,807,38,in,in,IN,IN
11828,East_Timor_2002,0,807,39,the,the,DT,DT
11829,East_Timor_2002,0,807,40,cases,cases,NNS,NN
11830,East_Timor_2002,0,807,41,expressly,expressly,RB,RB
11831,East_Timor_2002,0,807,42,provided,provided,VBN,VB
11832,East_Timor_2002,0,807,43,for,for,IN,IN
11833,East_Timor_2002,0,807,44,in,in,IN,IN
11834,East_Timor_2002,0,807,45,the,the,DT,DT
11835,East_Timor_2002,0,807,46,law,law,NN,NN
11836,East_Timor_2002,0,808,0,2,2,CD,CD
11837,East_Timor_2002,0,809,0,The,the,DT,DT
11838,East_Timor_2002,0,809,1,Supreme,supreme,NNP,NN
11839,East_Timor_2002,0,809,2,Court,court,NNP,NN
11840,East_Timor_2002,0,809,3,of,of,IN,IN
11841,East_Timor_2002,0,809,4,Justice,justice,NNP,NN
11842,East_Timor_2002,0,809,5,is,is,VBZ,VB
11843,East_Timor_2002,0,809,6,composed,composed,VBN,VB
11844,East_Timor_2002,0,809,7,of,of,IN,IN
11845,East_Timor_2002,0,809,8,career,career,NN,NN
11846,East_Timor_2002,0,809,9,judges,judges,NNS,NN
11847,East_Timor_2002,0,809,11,magistrates,magistrates,NNS,NN
11848,East_Timor_2002,0,809,12,of,of,IN,IN
11849,East_Timor_2002,0,809,13,the,the,DT,DT
11850,East_Timor_2002,0,809,14,Public,public,NNP,NN
11851,East_Timor_2002,0,809,15,Prosecution,prosecution,NNP,NN
11852,East_Timor_2002,0,809,16,or,or,CC,CC
11853,East_Timor_2002,0,809,17,jurists,jurists,NNS,NN
11854,East_Timor_2002,0,809,18,of,of,IN,IN
11855,East_Timor_2002,0,809,19,recognized,recognized,VBN,VB
11856,East_Timor_2002,0,809,20,merit,merit,NN,NN
11857,East_Timor_2002,0,809,21,in,in,IN,IN
11858,East_Timor_2002,0,809,22,number,number,NN,NN
11859,East_Timor_2002,0,809,23,to,to,TO,TO
11860,East_Timor_2002,0,809,24,be,be,VB,VB
11861,East_Timor_2002,0,809,25,established,established,VBN,VB
11862,East_Timor_2002,0,809,26,by,by,IN,IN
11863,East_Timor_2002,0,809,27,law,law,NN,NN
11864,East_Timor_2002,0,809,29,as,as,IN,IN
11865,East_Timor_2002,0,809,30,follows,follows,VBZ,VB
11866,East_Timor_2002,0,809,32,a.one,aone,NN,NN
11867,East_Timor_2002,0,809,33,elected,elected,VBN,VB
11868,East_Timor_2002,0,809,34,by,by,IN,IN
11869,East_Timor_2002,0,809,35,the,the,DT,DT
11870,East_Timor_2002,0,809,36,National,national,NNP,NN
11871,East_Timor_2002,0,809,37,Parliament,parliament,NNP,NN
11872,East_Timor_2002,0,809,39,b.and,band,VB,VB
11873,East_Timor_2002,0,809,40,all,all,PDT,PD
11874,East_Timor_2002,0,809,41,the,the,DT,DT
11875,East_Timor_2002,0,809,42,others,others,NNS,NN
11876,East_Timor_2002,0,809,43,designated,designated,VBN,VB
11877,East_Timor_2002,0,809,44,by,by,IN,IN
11878,East_Timor_2002,0,809,45,the,the,DT,DT
11879,East_Timor_2002,0,809,46,Superior,superior,NNP,NN
11880,East_Timor_2002,0,809,47,Council,council,NNP,NN
11881,East_Timor_2002,0,809,48,for,for,IN,IN
11882,East_Timor_2002,0,809,49,the,the,DT,DT
11883,East_Timor_2002,0,809,50,Judiciary,judiciary,NNP,NN
11884,East_Timor_2002,0,809,52,Magistratura,magistratura,NNP,NN
11885,East_Timor_2002,0,809,53,Judicial,judicial,NNP,NN
11886,East_Timor_2002,0,810,0,Article,article,NN,NN
11887,East_Timor_2002,0,810,1,126,126,CD,CD
11888,East_Timor_2002,0,811,0,Constitutional,constitutional,NNP,NN
11889,East_Timor_2002,0,811,1,and,and,CC,CC
11890,East_Timor_2002,0,811,2,Electoral,electoral,NNP,NN
11891,East_Timor_2002,0,811,3,Competence,competence,NNP,NN
11892,East_Timor_2002,0,811,4,Share,share,NNP,NN
11893,East_Timor_2002,0,811,5,1,1,CD,CD
11894,East_Timor_2002,0,812,0,It,it,PRP,PR
11895,East_Timor_2002,0,812,1,is,is,VBZ,VB
11896,East_Timor_2002,0,812,2,incumbent,incumbent,JJ,JJ
11897,East_Timor_2002,0,812,3,upon,upon,IN,IN
11898,East_Timor_2002,0,812,4,the,the,DT,DT
11899,East_Timor_2002,0,812,5,Supreme,supreme,NNP,NN
11900,East_Timor_2002,0,812,6,Court,court,NNP,NN
11901,East_Timor_2002,0,812,7,of,of,IN,IN
11902,East_Timor_2002,0,812,8,Justice,justice,NNP,NN
11903,East_Timor_2002,0,812,10,in,in,IN,IN
11904,East_Timor_2002,0,812,11,the,the,DT,DT
11905,East_Timor_2002,0,812,12,domain,domain,NN,NN
11906,East_Timor_2002,0,812,13,of,of,IN,IN
11907,East_Timor_2002,0,812,14,juridico-constitutional,juridicoconstitutional,JJ,JJ
11908,East_Timor_2002,0,812,15,questions,questions,NNS,NN
11909,East_Timor_2002,0,812,17,a.to,ato,NN,NN
11910,East_Timor_2002,0,812,18,review,review,NN,NN
11911,East_Timor_2002,0,812,19,and,and,CC,CC
11912,East_Timor_2002,0,812,20,declare,declare,VB,VB
11913,East_Timor_2002,0,812,21,the,the,DT,DT
11914,East_Timor_2002,0,812,22,unconstitutionality,unconstitutionality,NN,NN
11915,East_Timor_2002,0,812,23,and,and,CC,CC
11916,East_Timor_2002,0,812,24,illegality,illegality,NN,NN
11917,East_Timor_2002,0,812,25,of,of,IN,IN
11918,East_Timor_2002,0,812,26,normative,normative,JJ,JJ
11919,East_Timor_2002,0,812,27,and,and,CC,CC
11920,East_Timor_2002,0,812,28,legislative,legislative,JJ,JJ
11921,East_Timor_2002,0,812,29,bills,bills,NNS,NN
11922,East_Timor_2002,0,812,30,by,by,IN,IN
11923,East_Timor_2002,0,812,31,the,the,DT,DT
11924,East_Timor_2002,0,812,32,organs,organs,NNS,NN
11925,East_Timor_2002,0,812,33,of,of,IN,IN
11926,East_Timor_2002,0,812,34,the,the,DT,DT
11927,East_Timor_2002,0,812,35,State,state,NNP,NN
11928,East_Timor_2002,0,812,37,b.to,bto,VBD,VB
11929,East_Timor_2002,0,812,38,provide,provide,VB,VB
11930,East_Timor_2002,0,812,39,an,an,DT,DT
11931,East_Timor_2002,0,812,40,anticipatory,anticipatory,JJ,JJ
11932,East_Timor_2002,0,812,41,verification,verification,NN,NN
11933,East_Timor_2002,0,812,42,of,of,IN,IN
11934,East_Timor_2002,0,812,43,the,the,DT,DT
11935,East_Timor_2002,0,812,44,legality,legality,NN,NN
11936,East_Timor_2002,0,812,45,and,and,CC,CC
11937,East_Timor_2002,0,812,46,constitutionality,constitutionality,NN,NN
11938,East_Timor_2002,0,812,47,of,of,IN,IN
11939,East_Timor_2002,0,812,48,the,the,DT,DT
11940,East_Timor_2002,0,812,49,bills,bills,NNS,NN
11941,East_Timor_2002,0,812,50,and,and,CC,CC
11942,East_Timor_2002,0,812,51,referenda,referenda,NN,NN
11943,East_Timor_2002,0,812,53,c.to,cto,CC,CC
11944,East_Timor_2002,0,812,54,verify,verify,VB,VB
11945,East_Timor_2002,0,812,55,cases,cases,NNS,NN
11946,East_Timor_2002,0,812,56,of,of,IN,IN
11947,East_Timor_2002,0,812,57,unconstitutionality,unconstitutionality,NN,NN
11948,East_Timor_2002,0,812,58,by,by,IN,IN
11949,East_Timor_2002,0,812,59,commission,commission,NN,NN
11950,East_Timor_2002,0,812,61,d.to,dto,CC,CC
11951,East_Timor_2002,0,812,62,verify,verify,VB,VB
11952,East_Timor_2002,0,812,63,cases,cases,NNS,NN
11953,East_Timor_2002,0,812,64,of,of,IN,IN
11954,East_Timor_2002,0,812,65,unconstitutionality,unconstitutionality,NN,NN
11955,East_Timor_2002,0,812,66,by,by,IN,IN
11956,East_Timor_2002,0,812,67,omission,omission,NN,NN
11957,East_Timor_2002,0,812,69,e.to,eto,CC,CC
11958,East_Timor_2002,0,812,70,verify,verify,VB,VB
11959,East_Timor_2002,0,812,71,the,the,DT,DT
11960,East_Timor_2002,0,812,72,legality,legality,NN,NN
11961,East_Timor_2002,0,812,73,of,of,IN,IN
11962,East_Timor_2002,0,812,74,the,the,DT,DT
11963,East_Timor_2002,0,812,75,establishment,establishment,NN,NN
11964,East_Timor_2002,0,812,76,of,of,IN,IN
11965,East_Timor_2002,0,812,77,political,political,JJ,JJ
11966,East_Timor_2002,0,812,78,parties,parties,NNS,NN
11967,East_Timor_2002,0,812,79,and,and,CC,CC
11968,East_Timor_2002,0,812,80,their,their,PRP$,PR
11969,East_Timor_2002,0,812,81,coalitions,coalitions,NNS,NN
11970,East_Timor_2002,0,812,82,and,and,CC,CC
11971,East_Timor_2002,0,812,83,order,order,NN,NN
11972,East_Timor_2002,0,812,84,their,their,PRP$,PR
11973,East_Timor_2002,0,812,85,registration,registration,NN,NN
11974,East_Timor_2002,0,812,86,or,or,CC,CC
11975,East_Timor_2002,0,812,87,dissolution,dissolution,NN,NN
11976,East_Timor_2002,0,812,89,in,in,IN,IN
11977,East_Timor_2002,0,812,90,accordance,accordance,NN,NN
11978,East_Timor_2002,0,812,91,with,with,IN,IN
11979,East_Timor_2002,0,812,92,the,the,DT,DT
11980,East_Timor_2002,0,812,93,Constitution,constitution,NNP,NN
11981,East_Timor_2002,0,812,94,and,and,CC,CC
11982,East_Timor_2002,0,812,95,the,the,DT,DT
11983,East_Timor_2002,0,812,96,law,law,NN,NN
11984,East_Timor_2002,0,812,98,f.to,fto,JJ,JJ
11985,East_Timor_2002,0,812,99,exercise,exercise,NN,NN
11986,East_Timor_2002,0,812,100,all,all,DT,DT
11987,East_Timor_2002,0,812,101,other,other,JJ,JJ
11988,East_Timor_2002,0,812,102,competences,competences,NNS,NN
11989,East_Timor_2002,0,812,103,provided,provided,VBN,VB
11990,East_Timor_2002,0,812,104,for,for,IN,IN
11991,East_Timor_2002,0,812,105,by,by,IN,IN
11992,East_Timor_2002,0,812,106,the,the,DT,DT
11993,East_Timor_2002,0,812,107,Constitution,constitution,NNP,NN
11994,East_Timor_2002,0,812,108,or,or,CC,CC
11995,East_Timor_2002,0,812,109,the,the,DT,DT
11996,East_Timor_2002,0,812,110,law,law,NN,NN
11997,East_Timor_2002,0,813,0,2,2,CD,CD
11998,East_Timor_2002,0,814,0,In,in,IN,IN
11999,East_Timor_2002,0,814,1,the,the,DT,DT
12000,East_Timor_2002,0,814,2,specific,specific,JJ,JJ
12001,East_Timor_2002,0,814,3,field,field,NN,NN
12002,East_Timor_2002,0,814,4,of,of,IN,IN
12003,East_Timor_2002,0,814,5,elections,elections,NNS,NN
12004,East_Timor_2002,0,814,7,it,it,PRP,PR
12005,East_Timor_2002,0,814,8,is,is,VBZ,VB
12006,East_Timor_2002,0,814,9,incumbent,incumbent,JJ,JJ
12007,East_Timor_2002,0,814,10,upon,upon,IN,IN
12008,East_Timor_2002,0,814,11,the,the,DT,DT
12009,East_Timor_2002,0,814,12,supreme,supreme,JJ,JJ
12010,East_Timor_2002,0,814,13,Court,court,NNP,NN
12011,East_Timor_2002,0,814,14,of,of,IN,IN
12012,East_Timor_2002,0,814,15,Justice,justice,NNP,NN
12013,East_Timor_2002,0,814,17,a.to,ato,NN,NN
12014,East_Timor_2002,0,814,18,verify,verify,IN,IN
12015,East_Timor_2002,0,814,19,the,the,DT,DT
12016,East_Timor_2002,0,814,20,legal,legal,JJ,JJ
12017,East_Timor_2002,0,814,21,requirements,requirements,NNS,NN
12018,East_Timor_2002,0,814,22,for,for,IN,IN
12019,East_Timor_2002,0,814,23,candidates,candidates,NNS,NN
12020,East_Timor_2002,0,814,24,for,for,IN,IN
12021,East_Timor_2002,0,814,25,the,the,DT,DT
12022,East_Timor_2002,0,814,26,office,office,NN,NN
12023,East_Timor_2002,0,814,27,of,of,IN,IN
12024,East_Timor_2002,0,814,28,President,president,NNP,NN
12025,East_Timor_2002,0,814,29,of,of,IN,IN
12026,East_Timor_2002,0,814,30,the,the,DT,DT
12027,East_Timor_2002,0,814,31,Republic,republic,NNP,NN
12028,East_Timor_2002,0,814,33,b.to,bto,NN,NN
12029,East_Timor_2002,0,814,34,certify,certify,NN,NN
12030,East_Timor_2002,0,814,35,at,at,IN,IN
12031,East_Timor_2002,0,814,36,last,last,JJ,JJ
12032,East_Timor_2002,0,814,37,instance,instance,NN,NN
12033,East_Timor_2002,0,814,38,the,the,DT,DT
12034,East_Timor_2002,0,814,39,regularity,regularity,NN,NN
12035,East_Timor_2002,0,814,40,and,and,CC,CC
12036,East_Timor_2002,0,814,41,validity,validity,NN,NN
12037,East_Timor_2002,0,814,42,of,of,IN,IN
12038,East_Timor_2002,0,814,43,the,the,DT,DT
12039,East_Timor_2002,0,814,44,acts,acts,NNS,NN
12040,East_Timor_2002,0,814,45,of,of,IN,IN
12041,East_Timor_2002,0,814,46,the,the,DT,DT
12042,East_Timor_2002,0,814,47,electoral,electoral,JJ,JJ
12043,East_Timor_2002,0,814,48,process,process,NN,NN
12044,East_Timor_2002,0,814,50,in,in,IN,IN
12045,East_Timor_2002,0,814,51,accordance,accordance,NN,NN
12046,East_Timor_2002,0,814,52,with,with,IN,IN
12047,East_Timor_2002,0,814,53,the,the,DT,DT
12048,East_Timor_2002,0,814,54,respective,respective,JJ,JJ
12049,East_Timor_2002,0,814,55,law,law,NN,NN
12050,East_Timor_2002,0,814,57,c.to,cto,JJ,JJ
12051,East_Timor_2002,0,814,58,validate,validate,NN,NN
12052,East_Timor_2002,0,814,59,and,and,CC,CC
12053,East_Timor_2002,0,814,60,proclaim,proclaim,VB,VB
12054,East_Timor_2002,0,814,61,the,the,DT,DT
12055,East_Timor_2002,0,814,62,results,results,NNS,NN
12056,East_Timor_2002,0,814,63,of,of,IN,IN
12057,East_Timor_2002,0,814,64,the,the,DT,DT
12058,East_Timor_2002,0,814,65,electoral,electoral,JJ,JJ
12059,East_Timor_2002,0,814,66,process,process,NN,NN
12060,East_Timor_2002,0,815,0,Article,article,NN,NN
12061,East_Timor_2002,0,815,1,127,127,CD,CD
12062,East_Timor_2002,0,816,0,Eligibility,eligibility,NNP,NN
12063,East_Timor_2002,0,816,1,Share,share,NNP,NN
12064,East_Timor_2002,0,816,2,1,1,CD,CD
12065,East_Timor_2002,0,817,0,Only,only,RB,RB
12066,East_Timor_2002,0,817,1,career,career,NN,NN
12067,East_Timor_2002,0,817,2,judges,judges,NNS,NN
12068,East_Timor_2002,0,817,3,or,or,CC,CC
12069,East_Timor_2002,0,817,4,magistrates,magistrates,NNS,NN
12070,East_Timor_2002,0,817,5,of,of,IN,IN
12071,East_Timor_2002,0,817,6,the,the,DT,DT
12072,East_Timor_2002,0,817,7,Public,public,NNP,NN
12073,East_Timor_2002,0,817,8,Prosecution,prosecution,NNP,NN
12074,East_Timor_2002,0,817,9,or,or,CC,CC
12075,East_Timor_2002,0,817,10,jurists,jurists,NNS,NN
12076,East_Timor_2002,0,817,11,of,of,IN,IN
12077,East_Timor_2002,0,817,12,recognized,recognized,VBN,VB
12078,East_Timor_2002,0,817,13,merit,merit,NN,NN
12079,East_Timor_2002,0,817,14,of,of,IN,IN
12080,East_Timor_2002,0,817,15,East,east,NNP,NN
12081,East_Timor_2002,0,817,16,Timorese,timorese,NNP,NN
12082,East_Timor_2002,0,817,17,nationality,nationality,NN,NN
12083,East_Timor_2002,0,817,18,may,may,MD,MD
12084,East_Timor_2002,0,817,19,become,become,VB,VB
12085,East_Timor_2002,0,817,20,members,members,NNS,NN
12086,East_Timor_2002,0,817,21,of,of,IN,IN
12087,East_Timor_2002,0,817,22,the,the,DT,DT
12088,East_Timor_2002,0,817,23,Supreme,supreme,NNP,NN
12089,East_Timor_2002,0,817,24,Court,court,NNP,NN
12090,East_Timor_2002,0,817,25,of,of,IN,IN
12091,East_Timor_2002,0,817,26,Justice,justice,NNP,NN
12092,East_Timor_2002,0,818,0,2,2,CD,CD
12093,East_Timor_2002,0,819,0,In,in,IN,IN
12094,East_Timor_2002,0,819,1,addition,addition,NN,NN
12095,East_Timor_2002,0,819,2,to,to,TO,TO
12096,East_Timor_2002,0,819,3,the,the,DT,DT
12097,East_Timor_2002,0,819,4,requirements,requirements,NNS,NN
12098,East_Timor_2002,0,819,5,referred,referred,VBD,VB
12099,East_Timor_2002,0,819,6,to,to,TO,TO
12100,East_Timor_2002,0,819,7,in,in,IN,IN
12101,East_Timor_2002,0,819,8,the,the,DT,DT
12102,East_Timor_2002,0,819,9,preceding,preceding,NN,NN
12103,East_Timor_2002,0,819,10,number,number,NN,NN
12104,East_Timor_2002,0,819,12,the,the,DT,DT
12105,East_Timor_2002,0,819,13,law,law,NN,NN
12106,East_Timor_2002,0,819,14,may,may,MD,MD
12107,East_Timor_2002,0,819,15,define,define,VB,VB
12108,East_Timor_2002,0,819,16,other,other,JJ,JJ
12109,East_Timor_2002,0,819,17,requirements,requirements,NNS,NN
12110,East_Timor_2002,0,820,0,Article,article,NN,NN
12111,East_Timor_2002,0,820,1,128,128,CD,CD
12112,East_Timor_2002,0,821,0,Superior,superior,JJ,JJ
12113,East_Timor_2002,0,821,1,Council,council,NNP,NN
12114,East_Timor_2002,0,821,2,for,for,IN,IN
12115,East_Timor_2002,0,821,3,the,the,DT,DT
12116,East_Timor_2002,0,821,4,Judiciary,judiciary,NNP,NN
12117,East_Timor_2002,0,821,5,Share,share,NNP,NN
12118,East_Timor_2002,0,821,6,1,1,CD,CD
12119,East_Timor_2002,0,822,0,The,the,DT,DT
12120,East_Timor_2002,0,822,1,Superior,superior,NNP,NN
12121,East_Timor_2002,0,822,2,Council,council,NNP,NN
12122,East_Timor_2002,0,822,3,for,for,IN,IN
12123,East_Timor_2002,0,822,4,the,the,DT,DT
12124,East_Timor_2002,0,822,5,judiciary,judiciary,NN,NN
12125,East_Timor_2002,0,822,6,is,is,VBZ,VB
12126,East_Timor_2002,0,822,7,the,the,DT,DT
12127,East_Timor_2002,0,822,8,organ,organ,NN,NN
12128,East_Timor_2002,0,822,9,of,of,IN,IN
12129,East_Timor_2002,0,822,10,conduct,conduct,NN,NN
12130,East_Timor_2002,0,822,11,and,and,CC,CC
12131,East_Timor_2002,0,822,12,discipline,discipline,NN,NN
12132,East_Timor_2002,0,822,13,of,of,IN,IN
12133,East_Timor_2002,0,822,14,the,the,DT,DT
12134,East_Timor_2002,0,822,15,judges,judges,NNS,NN
12135,East_Timor_2002,0,822,16,of,of,IN,IN
12136,East_Timor_2002,0,822,17,the,the,DT,DT
12137,East_Timor_2002,0,822,18,courts,courts,NNS,NN
12138,East_Timor_2002,0,822,19,and,and,CC,CC
12139,East_Timor_2002,0,822,20,it,it,PRP,PR
12140,East_Timor_2002,0,822,21,is,is,VBZ,VB
12141,East_Timor_2002,0,822,22,incumbent,incumbent,JJ,JJ
12142,East_Timor_2002,0,822,23,upon,upon,IN,IN
12143,East_Timor_2002,0,822,24,it,it,PRP,PR
12144,East_Timor_2002,0,822,25,to,to,TO,TO
12145,East_Timor_2002,0,822,26,appoint,appoint,VB,VB
12146,East_Timor_2002,0,822,28,assign,assign,NN,NN
12147,East_Timor_2002,0,822,30,transfer,transfer,NN,NN
12148,East_Timor_2002,0,822,31,and,and,CC,CC
12149,East_Timor_2002,0,822,32,promote,promote,VB,VB
12150,East_Timor_2002,0,822,33,the,the,DT,DT
12151,East_Timor_2002,0,822,34,judges,judges,NNS,NN
12152,East_Timor_2002,0,823,0,2,2,CD,CD
12153,East_Timor_2002,0,824,0,The,the,DT,DT
12154,East_Timor_2002,0,824,1,Superior,superior,NNP,NN
12155,East_Timor_2002,0,824,2,Council,council,NNP,NN
12156,East_Timor_2002,0,824,3,for,for,IN,IN
12157,East_Timor_2002,0,824,4,the,the,DT,DT
12158,East_Timor_2002,0,824,5,Judiciary,judiciary,NNP,NN
12159,East_Timor_2002,0,824,6,is,is,VBZ,VB
12160,East_Timor_2002,0,824,7,presided,presided,VBN,VB
12161,East_Timor_2002,0,824,8,over,over,IN,IN
12162,East_Timor_2002,0,824,9,by,by,IN,IN
12163,East_Timor_2002,0,824,10,the,the,DT,DT
12164,East_Timor_2002,0,824,11,President,president,NNP,NN
12165,East_Timor_2002,0,824,12,of,of,IN,IN
12166,East_Timor_2002,0,824,13,the,the,DT,DT
12167,East_Timor_2002,0,824,14,supreme,supreme,JJ,JJ
12168,East_Timor_2002,0,824,15,Court,court,NNP,NN
12169,East_Timor_2002,0,824,16,of,of,IN,IN
12170,East_Timor_2002,0,824,17,Justice,justice,NNP,NN
12171,East_Timor_2002,0,824,18,and,and,CC,CC
12172,East_Timor_2002,0,824,19,is,is,VBZ,VB
12173,East_Timor_2002,0,824,20,composed,composed,VBN,VB
12174,East_Timor_2002,0,824,21,of,of,IN,IN
12175,East_Timor_2002,0,824,22,the,the,DT,DT
12176,East_Timor_2002,0,824,23,following,following,JJ,JJ
12177,East_Timor_2002,0,824,24,members,members,NNS,NN
12178,East_Timor_2002,0,824,26,a.one,aone,RB,RB
12179,East_Timor_2002,0,824,27,designated,designated,VBN,VB
12180,East_Timor_2002,0,824,28,by,by,IN,IN
12181,East_Timor_2002,0,824,29,the,the,DT,DT
12182,East_Timor_2002,0,824,30,President,president,NNP,NN
12183,East_Timor_2002,0,824,31,of,of,IN,IN
12184,East_Timor_2002,0,824,32,the,the,DT,DT
12185,East_Timor_2002,0,824,33,Republic,republic,NNP,NN
12186,East_Timor_2002,0,824,35,b.one,bone,NN,NN
12187,East_Timor_2002,0,824,36,elected,elected,VBN,VB
12188,East_Timor_2002,0,824,37,by,by,IN,IN
12189,East_Timor_2002,0,824,38,the,the,DT,DT
12190,East_Timor_2002,0,824,39,National,national,NNP,NN
12191,East_Timor_2002,0,824,40,Parliament,parliament,NNP,NN
12192,East_Timor_2002,0,824,42,c.one,cone,NN,NN
12193,East_Timor_2002,0,824,43,designated,designated,VBN,VB
12194,East_Timor_2002,0,824,44,by,by,IN,IN
12195,East_Timor_2002,0,824,45,the,the,DT,DT
12196,East_Timor_2002,0,824,46,Government,government,NNP,NN
12197,East_Timor_2002,0,824,48,d.one,done,NN,NN
12198,East_Timor_2002,0,824,49,elected,elected,VBN,VB
12199,East_Timor_2002,0,824,50,by,by,IN,IN
12200,East_Timor_2002,0,824,51,the,the,DT,DT
12201,East_Timor_2002,0,824,52,judges,judges,NNS,NN
12202,East_Timor_2002,0,824,53,of,of,IN,IN
12203,East_Timor_2002,0,824,54,the,the,DT,DT
12204,East_Timor_2002,0,824,55,courts,courts,NNS,NN
12205,East_Timor_2002,0,824,56,of,of,IN,IN
12206,East_Timor_2002,0,824,57,law,law,NN,NN
12207,East_Timor_2002,0,824,58,from,from,IN,IN
12208,East_Timor_2002,0,824,59,among,among,IN,IN
12209,East_Timor_2002,0,824,60,their,their,PRP$,PR
12210,East_Timor_2002,0,824,61,peers,peers,NNS,NN
12211,East_Timor_2002,0,825,0,3,3,CD,CD
12212,East_Timor_2002,0,826,0,The,the,DT,DT
12213,East_Timor_2002,0,826,1,law,law,NN,NN
12214,East_Timor_2002,0,826,2,regulates,regulates,VBZ,VB
12215,East_Timor_2002,0,826,3,the,the,DT,DT
12216,East_Timor_2002,0,826,4,competence,competence,NN,NN
12217,East_Timor_2002,0,826,6,organization,organization,NN,NN
12218,East_Timor_2002,0,826,7,and,and,CC,CC
12219,East_Timor_2002,0,826,8,functioning,functioning,NN,NN
12220,East_Timor_2002,0,826,9,of,of,IN,IN
12221,East_Timor_2002,0,826,10,the,the,DT,DT
12222,East_Timor_2002,0,826,11,Superior,superior,NNP,NN
12223,East_Timor_2002,0,826,12,Council,council,NNP,NN
12224,East_Timor_2002,0,826,13,for,for,IN,IN
12225,East_Timor_2002,0,826,14,the,the,DT,DT
12226,East_Timor_2002,0,826,15,Judiciary,judiciary,NNP,NN
12227,East_Timor_2002,0,827,0,Article,article,NN,NN
12228,East_Timor_2002,0,827,1,129,129,CD,CD
12229,East_Timor_2002,0,828,0,High,high,JJ,JJ
12230,East_Timor_2002,0,828,1,Administrative,administrative,NNP,NN
12231,East_Timor_2002,0,828,3,Tax,tax,NNP,NN
12232,East_Timor_2002,0,828,4,and,and,CC,CC
12233,East_Timor_2002,0,828,5,Audit,audit,NNP,NN
12234,East_Timor_2002,0,828,6,Court,court,NNP,NN
12235,East_Timor_2002,0,828,7,Share,share,NNP,NN
12236,East_Timor_2002,0,828,8,1,1,CD,CD
12237,East_Timor_2002,0,829,0,The,the,DT,DT
12238,East_Timor_2002,0,829,1,High,high,NNP,NN
12239,East_Timor_2002,0,829,2,Administrative,administrative,NNP,NN
12240,East_Timor_2002,0,829,4,Tax,tax,NNP,NN
12241,East_Timor_2002,0,829,5,and,and,CC,CC
12242,East_Timor_2002,0,829,6,Audit,audit,NNP,NN
12243,East_Timor_2002,0,829,7,Court,court,NNP,NN
12244,East_Timor_2002,0,829,8,is,is,VBZ,VB
12245,East_Timor_2002,0,829,9,the,the,DT,DT
12246,East_Timor_2002,0,829,10,highest,highest,JJS,JJ
12247,East_Timor_2002,0,829,11,body,body,NN,NN
12248,East_Timor_2002,0,829,12,in,in,IN,IN
12249,East_Timor_2002,0,829,13,the,the,DT,DT
12250,East_Timor_2002,0,829,14,hierarchy,hierarchy,NN,NN
12251,East_Timor_2002,0,829,15,of,of,IN,IN
12252,East_Timor_2002,0,829,16,the,the,DT,DT
12253,East_Timor_2002,0,829,17,administrative,administrative,JJ,JJ
12254,East_Timor_2002,0,829,19,tax,tax,NN,NN
12255,East_Timor_2002,0,829,20,and,and,CC,CC
12256,East_Timor_2002,0,829,21,audit,audit,NN,NN
12257,East_Timor_2002,0,829,22,courts,courts,NNS,NN
12258,East_Timor_2002,0,829,24,without,without,IN,IN
12259,East_Timor_2002,0,829,25,prejudice,prejudice,NN,NN
12260,East_Timor_2002,0,829,26,to,to,TO,TO
12261,East_Timor_2002,0,829,27,the,the,DT,DT
12262,East_Timor_2002,0,829,28,competence,competence,NN,NN
12263,East_Timor_2002,0,829,29,of,of,IN,IN
12264,East_Timor_2002,0,829,30,the,the,DT,DT
12265,East_Timor_2002,0,829,31,Supreme,supreme,NNP,NN
12266,East_Timor_2002,0,829,32,Court,court,NNP,NN
12267,East_Timor_2002,0,829,33,of,of,IN,IN
12268,East_Timor_2002,0,829,34,Justice,justice,NNP,NN
12269,East_Timor_2002,0,830,0,2,2,CD,CD
12270,East_Timor_2002,0,831,0,The,the,DT,DT
12271,East_Timor_2002,0,831,1,President,president,NNP,NN
12272,East_Timor_2002,0,831,2,of,of,IN,IN
12273,East_Timor_2002,0,831,3,the,the,DT,DT
12274,East_Timor_2002,0,831,4,High,high,NNP,NN
12275,East_Timor_2002,0,831,5,Administrative,administrative,NNP,NN
12276,East_Timor_2002,0,831,7,Tax,tax,NNP,NN
12277,East_Timor_2002,0,831,8,and,and,CC,CC
12278,East_Timor_2002,0,831,9,Audit,audit,NNP,NN
12279,East_Timor_2002,0,831,10,Court,court,NNP,NN
12280,East_Timor_2002,0,831,11,is,is,VBZ,VB
12281,East_Timor_2002,0,831,12,elected,elected,VBN,VB
12282,East_Timor_2002,0,831,13,for,for,IN,IN
12283,East_Timor_2002,0,831,14,a,a,DT,DT
12284,East_Timor_2002,0,831,15,term,term,NN,NN
12285,East_Timor_2002,0,831,16,of,of,IN,IN
12286,East_Timor_2002,0,831,17,office,office,NN,NN
12287,East_Timor_2002,0,831,18,of,of,IN,IN
12288,East_Timor_2002,0,831,19,four,four,CD,CD
12289,East_Timor_2002,0,831,20,years,years,NNS,NN
12290,East_Timor_2002,0,831,21,from,from,IN,IN
12291,East_Timor_2002,0,831,22,among,among,IN,IN
12292,East_Timor_2002,0,831,23,and,and,CC,CC
12293,East_Timor_2002,0,831,24,by,by,IN,IN
12294,East_Timor_2002,0,831,25,respective,respective,JJ,JJ
12295,East_Timor_2002,0,831,26,judges,judges,NNS,NN
12296,East_Timor_2002,0,832,0,3,3,CD,CD
12297,East_Timor_2002,0,833,0,It,it,PRP,PR
12298,East_Timor_2002,0,833,1,is,is,VBZ,VB
12299,East_Timor_2002,0,833,2,incumbent,incumbent,JJ,JJ
12300,East_Timor_2002,0,833,3,upon,upon,IN,IN
12301,East_Timor_2002,0,833,4,the,the,DT,DT
12302,East_Timor_2002,0,833,5,High,high,NNP,NN
12303,East_Timor_2002,0,833,6,Administrative,administrative,NNP,NN
12304,East_Timor_2002,0,833,8,Tax,tax,NNP,NN
12305,East_Timor_2002,0,833,9,and,and,CC,CC
12306,East_Timor_2002,0,833,10,Audit,audit,NNP,NN
12307,East_Timor_2002,0,833,11,Court,court,NNP,NN
12308,East_Timor_2002,0,833,12,as,as,IN,IN
12309,East_Timor_2002,0,833,13,a,a,DT,DT
12310,East_Timor_2002,0,833,14,single,single,JJ,JJ
12311,East_Timor_2002,0,833,15,instance,instance,NN,NN
12312,East_Timor_2002,0,833,16,to,to,TO,TO
12313,East_Timor_2002,0,833,17,monitor,monitor,VB,VB
12314,East_Timor_2002,0,833,18,the,the,DT,DT
12315,East_Timor_2002,0,833,19,legality,legality,NN,NN
12316,East_Timor_2002,0,833,20,of,of,IN,IN
12317,East_Timor_2002,0,833,21,public,public,JJ,JJ
12318,East_Timor_2002,0,833,22,expenditure,expenditure,NN,NN
12319,East_Timor_2002,0,833,23,and,and,CC,CC
12320,East_Timor_2002,0,833,24,to,to,TO,TO
12321,East_Timor_2002,0,833,25,audit,audit,VB,VB
12322,East_Timor_2002,0,833,26,State,state,NNP,NN
12323,East_Timor_2002,0,833,27,accounts,accounts,NNS,NN
12324,East_Timor_2002,0,834,0,4,4,CD,CD
12325,East_Timor_2002,0,835,0,It,it,PRP,PR
12326,East_Timor_2002,0,835,1,is,is,VBZ,VB
12327,East_Timor_2002,0,835,2,incumbent,incumbent,JJ,JJ
12328,East_Timor_2002,0,835,3,upon,upon,IN,IN
12329,East_Timor_2002,0,835,4,the,the,DT,DT
12330,East_Timor_2002,0,835,5,High,high,NNP,NN
12331,East_Timor_2002,0,835,6,Administrative,administrative,NNP,NN
12332,East_Timor_2002,0,835,8,Tax,tax,NNP,NN
12333,East_Timor_2002,0,835,9,and,and,CC,CC
12334,East_Timor_2002,0,835,10,Audit,audit,NNP,NN
12335,East_Timor_2002,0,835,11,court,court,NN,NN
12336,East_Timor_2002,0,835,12,and,and,CC,CC
12337,East_Timor_2002,0,835,13,the,the,DT,DT
12338,East_Timor_2002,0,835,14,administrative,administrative,JJ,JJ
12339,East_Timor_2002,0,835,15,and,and,CC,CC
12340,East_Timor_2002,0,835,16,tax,tax,NN,NN
12341,East_Timor_2002,0,835,17,courts,courts,NNS,NN
12342,East_Timor_2002,0,835,18,of,of,IN,IN
12343,East_Timor_2002,0,835,19,first,first,JJ,JJ
12344,East_Timor_2002,0,835,20,instance,instance,NN,NN
12345,East_Timor_2002,0,835,22,a.to,ato,NN,NN
12346,East_Timor_2002,0,835,23,judge,judge,NN,NN
12347,East_Timor_2002,0,835,24,actions,actions,NNS,NN
12348,East_Timor_2002,0,835,25,aiming,aiming,VBG,VB
12349,East_Timor_2002,0,835,26,at,at,IN,IN
12350,East_Timor_2002,0,835,27,resolving,resolving,VBG,VB
12351,East_Timor_2002,0,835,28,disputes,disputes,NNS,NN
12352,East_Timor_2002,0,835,29,arising,arising,VBG,VB
12353,East_Timor_2002,0,835,30,from,from,IN,IN
12354,East_Timor_2002,0,835,31,legal,legal,JJ,JJ
12355,East_Timor_2002,0,835,33,fiscal,fiscal,JJ,JJ
12356,East_Timor_2002,0,835,34,and,and,CC,CC
12357,East_Timor_2002,0,835,35,administrative,administrative,JJ,JJ
12358,East_Timor_2002,0,835,36,relations,relations,NNS,NN
12359,East_Timor_2002,0,835,38,b.to,bto,CC,CC
12360,East_Timor_2002,0,835,39,judge,judge,NN,NN
12361,East_Timor_2002,0,835,40,contentious,contentious,JJ,JJ
12362,East_Timor_2002,0,835,41,appeals,appeals,NNS,NN
12363,East_Timor_2002,0,835,42,against,against,IN,IN
12364,East_Timor_2002,0,835,43,decisions,decisions,NNS,NN
12365,East_Timor_2002,0,835,44,made,made,VBN,VB
12366,East_Timor_2002,0,835,45,by,by,IN,IN
12367,East_Timor_2002,0,835,46,State,state,NNP,NN
12368,East_Timor_2002,0,835,47,organs,organs,NNS,NN
12369,East_Timor_2002,0,835,49,their,their,PRP$,PR
12370,East_Timor_2002,0,835,50,respective,respective,JJ,JJ
12371,East_Timor_2002,0,835,51,office,office,NN,NN
12372,East_Timor_2002,0,835,52,holders,holders,NNS,NN
12373,East_Timor_2002,0,835,53,and,and,CC,CC
12374,East_Timor_2002,0,835,54,agents,agents,NNS,NN
12375,East_Timor_2002,0,835,56,c.to,cto,NNS,NN
12376,East_Timor_2002,0,835,57,exercise,exercise,VBP,VB
12377,East_Timor_2002,0,835,58,all,all,PDT,PD
12378,East_Timor_2002,0,835,59,the,the,DT,DT
12379,East_Timor_2002,0,835,60,other,other,JJ,JJ
12380,East_Timor_2002,0,835,61,functions,functions,NNS,NN
12381,East_Timor_2002,0,835,62,as,as,IN,IN
12382,East_Timor_2002,0,835,63,attributed,attributed,VBN,VB
12383,East_Timor_2002,0,835,64,by,by,IN,IN
12384,East_Timor_2002,0,835,65,law,law,NN,NN
12385,East_Timor_2002,0,836,0,Article,article,NN,NN
12386,East_Timor_2002,0,836,1,130,130,CD,CD
12387,East_Timor_2002,0,837,0,Military,military,JJ,JJ
12388,East_Timor_2002,0,837,1,Courts,courts,NNS,NN
12389,East_Timor_2002,0,837,2,Share,share,VBD,VB
12390,East_Timor_2002,0,837,3,1,1,CD,CD
12391,East_Timor_2002,0,838,0,It,it,PRP,PR
12392,East_Timor_2002,0,838,1,is,is,VBZ,VB
12393,East_Timor_2002,0,838,2,incumbent,incumbent,JJ,JJ
12394,East_Timor_2002,0,838,3,upon,upon,IN,IN
12395,East_Timor_2002,0,838,4,military,military,JJ,JJ
12396,East_Timor_2002,0,838,5,courts,courts,NNS,NN
12397,East_Timor_2002,0,838,6,to,to,TO,TO
12398,East_Timor_2002,0,838,7,judge,judge,VB,VB
12399,East_Timor_2002,0,838,8,in,in,IN,IN
12400,East_Timor_2002,0,838,9,first,first,JJ,JJ
12401,East_Timor_2002,0,838,10,instance,instance,NN,NN
12402,East_Timor_2002,0,838,11,crimes,crimes,NNS,NN
12403,East_Timor_2002,0,838,12,of,of,IN,IN
12404,East_Timor_2002,0,838,13,a,a,DT,DT
12405,East_Timor_2002,0,838,14,military,military,JJ,JJ
12406,East_Timor_2002,0,838,15,nature,nature,NN,NN
12407,East_Timor_2002,0,839,0,2,2,CD,CD
12408,East_Timor_2002,0,840,0,The,the,DT,DT
12409,East_Timor_2002,0,840,1,competence,competence,NN,NN
12410,East_Timor_2002,0,840,3,organization,organization,NN,NN
12411,East_Timor_2002,0,840,5,composition,composition,NN,NN
12412,East_Timor_2002,0,840,6,and,and,CC,CC
12413,East_Timor_2002,0,840,7,functioning,functioning,NN,NN
12414,East_Timor_2002,0,840,8,of,of,IN,IN
12415,East_Timor_2002,0,840,9,military,military,JJ,JJ
12416,East_Timor_2002,0,840,10,courts,courts,NNS,NN
12417,East_Timor_2002,0,840,11,shall,shall,MD,MD
12418,East_Timor_2002,0,840,12,be,be,VB,VB
12419,East_Timor_2002,0,840,13,established,established,VBN,VB
12420,East_Timor_2002,0,840,14,by,by,IN,IN
12421,East_Timor_2002,0,840,15,law,law,NN,NN
12422,East_Timor_2002,0,841,0,Article,article,NN,NN
12423,East_Timor_2002,0,841,1,131,131,CD,CD
12424,East_Timor_2002,0,842,0,Court,court,NNP,NN
12425,East_Timor_2002,0,842,1,Hearings,hearings,NNP,NN
12426,East_Timor_2002,0,842,2,Share,share,NNP,NN
12427,East_Timor_2002,0,842,3,Court,court,NNP,NN
12428,East_Timor_2002,0,842,4,hearings,hearings,NNS,NN
12429,East_Timor_2002,0,842,5,shall,shall,MD,MD
12430,East_Timor_2002,0,842,6,be,be,VB,VB
12431,East_Timor_2002,0,842,7,public,public,JJ,JJ
12432,East_Timor_2002,0,842,9,unless,unless,IN,IN
12433,East_Timor_2002,0,842,10,the,the,DT,DT
12434,East_Timor_2002,0,842,11,court,court,NN,NN
12435,East_Timor_2002,0,842,12,hearing,hearing,VBG,VB
12436,East_Timor_2002,0,842,13,a,a,DT,DT
12437,East_Timor_2002,0,842,14,matter,matter,NN,NN
12438,East_Timor_2002,0,842,16,rules,rules,NNS,NN
12439,East_Timor_2002,0,842,17,otherwise,otherwise,VBP,VB
12440,East_Timor_2002,0,842,18,through,through,IN,IN
12441,East_Timor_2002,0,842,19,a,a,DT,DT
12442,East_Timor_2002,0,842,20,well-founded,wellfounded,JJ,JJ
12443,East_Timor_2002,0,842,21,order,order,NN,NN
12444,East_Timor_2002,0,842,22,to,to,TO,TO
12445,East_Timor_2002,0,842,23,safeguard,safeguard,VB,VB
12446,East_Timor_2002,0,842,24,personal,personal,JJ,JJ
12447,East_Timor_2002,0,842,25,dignity,dignity,NN,NN
12448,East_Timor_2002,0,842,26,or,or,CC,CC
12449,East_Timor_2002,0,842,27,public,public,JJ,JJ
12450,East_Timor_2002,0,842,28,morality,morality,NN,NN
12451,East_Timor_2002,0,842,29,and,and,CC,CC
12452,East_Timor_2002,0,842,30,national,national,JJ,JJ
12453,East_Timor_2002,0,842,31,security,security,NN,NN
12454,East_Timor_2002,0,842,33,or,or,CC,CC
12455,East_Timor_2002,0,842,34,guarantee,guarantee,VB,VB
12456,East_Timor_2002,0,842,35,its,its,PRP$,PR
12457,East_Timor_2002,0,842,36,own,own,JJ,JJ
12458,East_Timor_2002,0,842,37,normal,normal,JJ,JJ
12459,East_Timor_2002,0,842,38,operation,operation,NN,NN
12460,East_Timor_2002,0,843,0,Chapter,chapter,NN,NN
12461,East_Timor_2002,0,843,1,Two,two,CD,CD
12462,East_Timor_2002,0,844,0,OFFICE,office,NN,NN
12463,East_Timor_2002,0,844,1,OF,of,NNP,NN
12464,East_Timor_2002,0,844,2,PUBLIC,public,NNP,NN
12465,East_Timor_2002,0,844,3,PROSECUTORS,prosecutors,NNP,NN
12466,East_Timor_2002,0,844,4,Article,article,NNP,NN
12467,East_Timor_2002,0,844,5,132,132,CD,CD
12468,East_Timor_2002,0,845,0,Functions,functions,NNS,NN
12469,East_Timor_2002,0,845,1,and,and,CC,CC
12470,East_Timor_2002,0,845,2,Status,status,NNP,NN
12471,East_Timor_2002,0,845,3,Share,share,NNP,NN
12472,East_Timor_2002,0,845,4,1,1,CD,CD
12473,East_Timor_2002,0,846,0,Public,public,JJ,JJ
12474,East_Timor_2002,0,846,1,Prosecutors,prosecutors,NNPS,NN
12475,East_Timor_2002,0,846,2,represent,represent,VBP,VB
12476,East_Timor_2002,0,846,3,the,the,DT,DT
12477,East_Timor_2002,0,846,4,State,state,NNP,NN
12478,East_Timor_2002,0,846,6,taking,taking,VBG,VB
12479,East_Timor_2002,0,846,7,criminal,criminal,JJ,JJ
12480,East_Timor_2002,0,846,8,action,action,NN,NN
12481,East_Timor_2002,0,846,10,ensuring,ensuring,VBG,VB
12482,East_Timor_2002,0,846,11,the,the,DT,DT
12483,East_Timor_2002,0,846,12,defense,defense,NN,NN
12484,East_Timor_2002,0,846,13,of,of,IN,IN
12485,East_Timor_2002,0,846,14,the,the,DT,DT
12486,East_Timor_2002,0,846,15,minors,minors,NNS,NN
12487,East_Timor_2002,0,846,17,absentees,absentees,NNS,NN
12488,East_Timor_2002,0,846,18,and,and,CC,CC
12489,East_Timor_2002,0,846,19,the,the,DT,DT
12490,East_Timor_2002,0,846,20,disabled,disabled,JJ,JJ
12491,East_Timor_2002,0,846,22,defending,defending,VBG,VB
12492,East_Timor_2002,0,846,23,the,the,DT,DT
12493,East_Timor_2002,0,846,24,democratic,democratic,JJ,JJ
12494,East_Timor_2002,0,846,25,legality,legality,NN,NN
12495,East_Timor_2002,0,846,27,and,and,CC,CC
12496,East_Timor_2002,0,846,28,promoting,promoting,VBG,VB
12497,East_Timor_2002,0,846,29,the,the,DT,DT
12498,East_Timor_2002,0,846,30,enforcement,enforcement,NN,NN
12499,East_Timor_2002,0,846,31,of,of,IN,IN
12500,East_Timor_2002,0,846,32,the,the,DT,DT
12501,East_Timor_2002,0,846,33,law,law,NN,NN
12502,East_Timor_2002,0,847,0,2,2,CD,CD
12503,East_Timor_2002,0,848,0,Public,public,JJ,JJ
12504,East_Timor_2002,0,848,1,Prosecutors,prosecutors,NNPS,NN
12505,East_Timor_2002,0,848,2,constitute,constitute,VBP,VB
12506,East_Timor_2002,0,848,3,a,a,DT,DT
12507,East_Timor_2002,0,848,4,hierarchically,hierarchically,RB,RB
12508,East_Timor_2002,0,848,5,organized,organized,VBN,VB
12509,East_Timor_2002,0,848,6,Magistrature,magistrature,NN,NN
12510,East_Timor_2002,0,848,8,and,and,CC,CC
12511,East_Timor_2002,0,848,9,be,be,VB,VB
12512,East_Timor_2002,0,848,10,accountable,accountable,JJ,JJ
12513,East_Timor_2002,0,848,11,to,to,TO,TO
12514,East_Timor_2002,0,848,12,the,the,DT,DT
12515,East_Timor_2002,0,848,13,Prosecutor-General,prosecutorgeneral,NNP,NN
12516,East_Timor_2002,0,848,14,of,of,IN,IN
12517,East_Timor_2002,0,848,15,the,the,DT,DT
12518,East_Timor_2002,0,848,16,Republic,republic,NNP,NN
12519,East_Timor_2002,0,849,0,3,3,CD,CD
12520,East_Timor_2002,0,850,0,In,in,IN,IN
12521,East_Timor_2002,0,850,1,performing,performing,VBG,VB
12522,East_Timor_2002,0,850,2,their,their,PRP$,PR
12523,East_Timor_2002,0,850,3,function,function,NN,NN
12524,East_Timor_2002,0,850,5,Public,public,JJ,JJ
12525,East_Timor_2002,0,850,6,Prosecutors,prosecutors,NNPS,NN
12526,East_Timor_2002,0,850,7,shall,shall,MD,MD
12527,East_Timor_2002,0,850,8,be,be,VB,VB
12528,East_Timor_2002,0,850,9,subject,subject,JJ,JJ
12529,East_Timor_2002,0,850,10,to,to,TO,TO
12530,East_Timor_2002,0,850,11,the,the,DT,DT
12531,East_Timor_2002,0,850,12,criteria,criteria,NNS,NN
12532,East_Timor_2002,0,850,13,of,of,IN,IN
12533,East_Timor_2002,0,850,14,legality,legality,NN,NN
12534,East_Timor_2002,0,850,16,objectivity,objectivity,NN,NN
12535,East_Timor_2002,0,850,17,and,and,CC,CC
12536,East_Timor_2002,0,850,18,impartiality,impartiality,NN,NN
12537,East_Timor_2002,0,850,19,criteria,criteria,NNS,NN
12538,East_Timor_2002,0,850,21,and,and,CC,CC
12539,East_Timor_2002,0,850,22,obedience,obedience,NN,NN
12540,East_Timor_2002,0,850,23,to,to,TO,TO
12541,East_Timor_2002,0,850,24,the,the,DT,DT
12542,East_Timor_2002,0,850,25,directives,directives,NNS,NN
12543,East_Timor_2002,0,850,26,and,and,CC,CC
12544,East_Timor_2002,0,850,27,orders,orders,NNS,NN
12545,East_Timor_2002,0,850,28,as,as,IN,IN
12546,East_Timor_2002,0,850,29,established,established,VBN,VB
12547,East_Timor_2002,0,850,30,by,by,IN,IN
12548,East_Timor_2002,0,850,31,law,law,NN,NN
12549,East_Timor_2002,0,851,0,4,4,CD,CD
12550,East_Timor_2002,0,852,0,Public,public,JJ,JJ
12551,East_Timor_2002,0,852,1,Prosecutors,prosecutors,NNPS,NN
12552,East_Timor_2002,0,852,2,shall,shall,MD,MD
12553,East_Timor_2002,0,852,3,be,be,VB,VB
12554,East_Timor_2002,0,852,4,governed,governed,VBN,VB
12555,East_Timor_2002,0,852,5,by,by,IN,IN
12556,East_Timor_2002,0,852,6,their,their,PRP$,PR
12557,East_Timor_2002,0,852,7,own,own,JJ,JJ
12558,East_Timor_2002,0,852,8,statute,statute,NN,NN
12559,East_Timor_2002,0,852,10,and,and,CC,CC
12560,East_Timor_2002,0,852,11,shall,shall,MD,MD
12561,East_Timor_2002,0,852,12,only,only,RB,RB
12562,East_Timor_2002,0,852,13,be,be,VB,VB
12563,East_Timor_2002,0,852,14,suspended,suspended,VBN,VB
12564,East_Timor_2002,0,852,16,retired,retired,VBD,VB
12565,East_Timor_2002,0,852,17,or,or,CC,CC
12566,East_Timor_2002,0,852,18,dismissed,dismissed,VBN,VB
12567,East_Timor_2002,0,852,19,under,under,IN,IN
12568,East_Timor_2002,0,852,20,the,the,DT,DT
12569,East_Timor_2002,0,852,21,circumstances,circumstances,NNS,NN
12570,East_Timor_2002,0,852,22,provided,provided,VBD,VB
12571,East_Timor_2002,0,852,23,for,for,IN,IN
12572,East_Timor_2002,0,852,24,in,in,IN,IN
12573,East_Timor_2002,0,852,25,the,the,DT,DT
12574,East_Timor_2002,0,852,26,law,law,NN,NN
12575,East_Timor_2002,0,853,0,5,5,CD,CD
12576,East_Timor_2002,0,854,0,It,it,PRP,PR
12577,East_Timor_2002,0,854,1,is,is,VBZ,VB
12578,East_Timor_2002,0,854,2,incumbent,incumbent,JJ,JJ
12579,East_Timor_2002,0,854,3,upon,upon,IN,IN
12580,East_Timor_2002,0,854,4,the,the,DT,DT
12581,East_Timor_2002,0,854,5,Office,office,NNP,NN
12582,East_Timor_2002,0,854,6,of,of,IN,IN
12583,East_Timor_2002,0,854,7,the,the,DT,DT
12584,East_Timor_2002,0,854,8,Prosecutor-General,prosecutorgeneral,JJ,JJ
12585,East_Timor_2002,0,854,9,to,to,TO,TO
12586,East_Timor_2002,0,854,10,appoint,appoint,VB,VB
12587,East_Timor_2002,0,854,12,assign,assign,NN,NN
12588,East_Timor_2002,0,854,14,transfer,transfer,NN,NN
12589,East_Timor_2002,0,854,15,and,and,CC,CC
12590,East_Timor_2002,0,854,16,promote,promote,VB,VB
12591,East_Timor_2002,0,854,17,public,public,JJ,JJ
12592,East_Timor_2002,0,854,18,prosecutors,prosecutors,NNS,NN
12593,East_Timor_2002,0,854,19,and,and,CC,CC
12594,East_Timor_2002,0,854,20,to,to,TO,TO
12595,East_Timor_2002,0,854,21,exercise,exercise,VB,VB
12596,East_Timor_2002,0,854,22,disciplinary,disciplinary,JJ,JJ
12597,East_Timor_2002,0,854,23,actions,actions,NNS,NN
12598,East_Timor_2002,0,855,0,Article,article,NN,NN
12599,East_Timor_2002,0,855,1,133,133,CD,CD
12600,East_Timor_2002,0,856,0,Office,office,NN,NN
12601,East_Timor_2002,0,856,1,of,of,IN,IN
12602,East_Timor_2002,0,856,2,the,the,DT,DT
12603,East_Timor_2002,0,856,3,Prosecutor-General,prosecutorgeneral,NNP,NN
12604,East_Timor_2002,0,856,4,Share,share,NNP,NN
12605,East_Timor_2002,0,856,5,1,1,CD,CD
12606,East_Timor_2002,0,857,0,The,the,DT,DT
12607,East_Timor_2002,0,857,1,Office,office,NNP,NN
12608,East_Timor_2002,0,857,2,of,of,IN,IN
12609,East_Timor_2002,0,857,3,the,the,DT,DT
12610,East_Timor_2002,0,857,4,Prosecutor-General,prosecutorgeneral,NNP,NN
12611,East_Timor_2002,0,857,5,is,is,VBZ,VB
12612,East_Timor_2002,0,857,6,the,the,DT,DT
12613,East_Timor_2002,0,857,7,highest,highest,JJS,JJ
12614,East_Timor_2002,0,857,8,authority,authority,NN,NN
12615,East_Timor_2002,0,857,9,in,in,IN,IN
12616,East_Timor_2002,0,857,10,public,public,JJ,JJ
12617,East_Timor_2002,0,857,11,prosecution,prosecution,NN,NN
12618,East_Timor_2002,0,857,13,and,and,CC,CC
12619,East_Timor_2002,0,857,14,its,its,PRP$,PR
12620,East_Timor_2002,0,857,15,composition,composition,NN,NN
12621,East_Timor_2002,0,857,16,and,and,CC,CC
12622,East_Timor_2002,0,857,17,competencies,competencies,NNS,NN
12623,East_Timor_2002,0,857,18,is,is,VBZ,VB
12624,East_Timor_2002,0,857,19,defined,defined,VBN,VB
12625,East_Timor_2002,0,857,20,by,by,IN,IN
12626,East_Timor_2002,0,857,21,law,law,NN,NN
12627,East_Timor_2002,0,858,0,2,2,CD,CD
12628,East_Timor_2002,0,859,0,The,the,DT,DT
12629,East_Timor_2002,0,859,1,Office,office,NNP,NN
12630,East_Timor_2002,0,859,2,of,of,IN,IN
12631,East_Timor_2002,0,859,3,the,the,DT,DT
12632,East_Timor_2002,0,859,4,Prosecutor-General,prosecutorgeneral,NNP,NN
12633,East_Timor_2002,0,859,5,is,is,VBZ,VB
12634,East_Timor_2002,0,859,6,directed,directed,VBN,VB
12635,East_Timor_2002,0,859,7,by,by,IN,IN
12636,East_Timor_2002,0,859,8,the,the,DT,DT
12637,East_Timor_2002,0,859,9,Prosecutor-General,prosecutorgeneral,NNP,NN
12638,East_Timor_2002,0,859,11,in,in,IN,IN
12639,East_Timor_2002,0,859,12,whose,whose,WP$,WP
12640,East_Timor_2002,0,859,13,absence,absence,NN,NN
12641,East_Timor_2002,0,859,14,or,or,CC,CC
12642,East_Timor_2002,0,859,15,inability,inability,NN,NN
12643,East_Timor_2002,0,859,16,to,to,TO,TO
12644,East_Timor_2002,0,859,17,act,act,VB,VB
12645,East_Timor_2002,0,859,19,shall,shall,MD,MD
12646,East_Timor_2002,0,859,20,be,be,VB,VB
12647,East_Timor_2002,0,859,21,replaced,replaced,VBN,VB
12648,East_Timor_2002,0,859,22,in,in,IN,IN
12649,East_Timor_2002,0,859,23,accordance,accordance,NN,NN
12650,East_Timor_2002,0,859,24,with,with,IN,IN
12651,East_Timor_2002,0,859,25,the,the,DT,DT
12652,East_Timor_2002,0,859,26,law,law,NN,NN
12653,East_Timor_2002,0,860,0,3,3,CD,CD
12654,East_Timor_2002,0,861,0,The,the,DT,DT
12655,East_Timor_2002,0,861,1,Prosecutor-General,prosecutorgeneral,JJ,JJ
12656,East_Timor_2002,0,861,2,shall,shall,MD,MD
12657,East_Timor_2002,0,861,3,be,be,VB,VB
12658,East_Timor_2002,0,861,4,appointed,appointed,VBN,VB
12659,East_Timor_2002,0,861,5,by,by,IN,IN
12660,East_Timor_2002,0,861,6,the,the,DT,DT
12661,East_Timor_2002,0,861,7,President,president,NNP,NN
12662,East_Timor_2002,0,861,8,of,of,IN,IN
12663,East_Timor_2002,0,861,9,the,the,DT,DT
12664,East_Timor_2002,0,861,10,Republic,republic,NNP,NN
12665,East_Timor_2002,0,861,11,for,for,IN,IN
12666,East_Timor_2002,0,861,12,a,a,DT,DT
12667,East_Timor_2002,0,861,13,term,term,NN,NN
12668,East_Timor_2002,0,861,14,of,of,IN,IN
12669,East_Timor_2002,0,861,15,office,office,NN,NN
12670,East_Timor_2002,0,861,16,of,of,IN,IN
12671,East_Timor_2002,0,861,17,six,six,CD,CD
12672,East_Timor_2002,0,861,18,years,years,NNS,NN
12673,East_Timor_2002,0,861,20,in,in,IN,IN
12674,East_Timor_2002,0,861,21,accordance,accordance,NN,NN
12675,East_Timor_2002,0,861,22,with,with,IN,IN
12676,East_Timor_2002,0,861,23,the,the,DT,DT
12677,East_Timor_2002,0,861,24,terms,terms,NNS,NN
12678,East_Timor_2002,0,861,25,established,established,VBN,VB
12679,East_Timor_2002,0,861,26,by,by,IN,IN
12680,East_Timor_2002,0,861,27,law,law,NN,NN
12681,East_Timor_2002,0,862,0,4,4,CD,CD
12682,East_Timor_2002,0,863,0,The,the,DT,DT
12683,East_Timor_2002,0,863,1,Prosecutor-General,prosecutorgeneral,NNP,NN
12684,East_Timor_2002,0,863,2,is,is,VBZ,VB
12685,East_Timor_2002,0,863,3,accountable,accountable,JJ,JJ
12686,East_Timor_2002,0,863,4,to,to,TO,TO
12687,East_Timor_2002,0,863,5,the,the,DT,DT
12688,East_Timor_2002,0,863,6,Head,head,NNP,NN
12689,East_Timor_2002,0,863,7,of,of,IN,IN
12690,East_Timor_2002,0,863,8,State,state,NNP,NN
12691,East_Timor_2002,0,863,9,and,and,CC,CC
12692,East_Timor_2002,0,863,10,shall,shall,MD,MD
12693,East_Timor_2002,0,863,11,submit,submit,VB,VB
12694,East_Timor_2002,0,863,12,annual,annual,JJ,JJ
12695,East_Timor_2002,0,863,13,reports,reports,NNS,NN
12696,East_Timor_2002,0,863,14,to,to,TO,TO
12697,East_Timor_2002,0,863,15,the,the,DT,DT
12698,East_Timor_2002,0,863,16,National,national,NNP,NN
12699,East_Timor_2002,0,863,17,Parliament,parliament,NNP,NN
12700,East_Timor_2002,0,864,0,5,5,CD,CD
12701,East_Timor_2002,0,865,0,The,the,DT,DT
12702,East_Timor_2002,0,865,1,Prosecutor-General,prosecutorgeneral,JJ,JJ
12703,East_Timor_2002,0,865,2,shall,shall,MD,MD
12704,East_Timor_2002,0,865,3,request,request,VB,VB
12705,East_Timor_2002,0,865,4,the,the,DT,DT
12706,East_Timor_2002,0,865,5,Supreme,supreme,NNP,NN
12707,East_Timor_2002,0,865,6,Court,court,NNP,NN
12708,East_Timor_2002,0,865,7,of,of,IN,IN
12709,East_Timor_2002,0,865,8,Justice,justice,NNP,NN
12710,East_Timor_2002,0,865,9,to,to,TO,TO
12711,East_Timor_2002,0,865,10,make,make,VB,VB
12712,East_Timor_2002,0,865,11,a,a,DT,DT
12713,East_Timor_2002,0,865,12,generally,generally,RB,RB
12714,East_Timor_2002,0,865,13,binding,binding,VBG,VB
12715,East_Timor_2002,0,865,14,declaration,declaration,NN,NN
12716,East_Timor_2002,0,865,15,of,of,IN,IN
12717,East_Timor_2002,0,865,16,unconstitutionality,unconstitutionality,NN,NN
12718,East_Timor_2002,0,865,17,of,of,IN,IN
12719,East_Timor_2002,0,865,18,any,any,DT,DT
12720,East_Timor_2002,0,865,19,law,law,NN,NN
12721,East_Timor_2002,0,865,20,ruled,ruled,VBD,VB
12722,East_Timor_2002,0,865,21,unconstitutional,unconstitutional,JJ,JJ
12723,East_Timor_2002,0,865,22,in,in,IN,IN
12724,East_Timor_2002,0,865,23,three,three,CD,CD
12725,East_Timor_2002,0,865,24,concrete,concrete,JJ,JJ
12726,East_Timor_2002,0,865,25,cases,cases,NNS,NN
12727,East_Timor_2002,0,866,0,6,6,CD,CD
12728,East_Timor_2002,0,867,0,The,the,DT,DT
12729,East_Timor_2002,0,867,1,Deputy,deputy,NNP,NN
12730,East_Timor_2002,0,867,2,Prosecutor-General,prosecutorgeneral,NNP,NN
12731,East_Timor_2002,0,867,3,shall,shall,MD,MD
12732,East_Timor_2002,0,867,4,be,be,VB,VB
12733,East_Timor_2002,0,867,5,appointed,appointed,VBN,VB
12734,East_Timor_2002,0,867,7,dismissed,dismissed,VBD,VB
12735,East_Timor_2002,0,867,8,or,or,CC,CC
12736,East_Timor_2002,0,867,9,removed,removed,VBN,VB
12737,East_Timor_2002,0,867,10,from,from,IN,IN
12738,East_Timor_2002,0,867,11,office,office,NN,NN
12739,East_Timor_2002,0,867,12,by,by,IN,IN
12740,East_Timor_2002,0,867,13,the,the,DT,DT
12741,East_Timor_2002,0,867,14,President,president,NNP,NN
12742,East_Timor_2002,0,867,15,of,of,IN,IN
12743,East_Timor_2002,0,867,16,the,the,DT,DT
12744,East_Timor_2002,0,867,17,Republic,republic,NNP,NN
12745,East_Timor_2002,0,867,18,after,after,IN,IN
12746,East_Timor_2002,0,867,19,consultation,consultation,NN,NN
12747,East_Timor_2002,0,867,20,with,with,IN,IN
12748,East_Timor_2002,0,867,21,the,the,DT,DT
12749,East_Timor_2002,0,867,22,Superior,superior,NNP,NN
12750,East_Timor_2002,0,867,23,Council,council,NNP,NN
12751,East_Timor_2002,0,867,24,for,for,IN,IN
12752,East_Timor_2002,0,867,25,the,the,DT,DT
12753,East_Timor_2002,0,867,26,Public,public,NNP,NN
12754,East_Timor_2002,0,867,27,Prosecution,prosecution,NNP,NN
12755,East_Timor_2002,0,868,0,Article,article,NN,NN
12756,East_Timor_2002,0,868,1,134,134,CD,CD
12757,East_Timor_2002,0,869,0,Superior,superior,JJ,JJ
12758,East_Timor_2002,0,869,1,Council,council,NNP,NN
12759,East_Timor_2002,0,869,2,for,for,IN,IN
12760,East_Timor_2002,0,869,3,the,the,DT,DT
12761,East_Timor_2002,0,869,4,Public,public,NNP,NN
12762,East_Timor_2002,0,869,5,Prosecution,prosecution,NNP,NN
12763,East_Timor_2002,0,869,6,Share,share,NNP,NN
12764,East_Timor_2002,0,869,7,1,1,CD,CD
12765,East_Timor_2002,0,870,0,The,the,DT,DT
12766,East_Timor_2002,0,870,1,Superior,superior,NNP,NN
12767,East_Timor_2002,0,870,2,Council,council,NNP,NN
12768,East_Timor_2002,0,870,3,for,for,IN,IN
12769,East_Timor_2002,0,870,4,the,the,DT,DT
12770,East_Timor_2002,0,870,5,Public,public,NNP,NN
12771,East_Timor_2002,0,870,6,Prosecution,prosecution,NNP,NN
12772,East_Timor_2002,0,870,7,is,is,VBZ,VB
12773,East_Timor_2002,0,870,8,an,an,DT,DT
12774,East_Timor_2002,0,870,9,integral,integral,JJ,JJ
12775,East_Timor_2002,0,870,10,part,part,NN,NN
12776,East_Timor_2002,0,870,11,of,of,IN,IN
12777,East_Timor_2002,0,870,12,the,the,DT,DT
12778,East_Timor_2002,0,870,13,office,office,NN,NN
12779,East_Timor_2002,0,870,14,of,of,IN,IN
12780,East_Timor_2002,0,870,15,the,the,DT,DT
12781,East_Timor_2002,0,870,16,Prosecutor-General,prosecutorgeneral,NNP,NN
12782,East_Timor_2002,0,871,0,2,2,CD,CD
12783,East_Timor_2002,0,872,0,The,the,DT,DT
12784,East_Timor_2002,0,872,1,Superior,superior,NNP,NN
12785,East_Timor_2002,0,872,2,Council,council,NNP,NN
12786,East_Timor_2002,0,872,3,for,for,IN,IN
12787,East_Timor_2002,0,872,4,the,the,DT,DT
12788,East_Timor_2002,0,872,5,Public,public,NNP,NN
12789,East_Timor_2002,0,872,6,Prosecution,prosecution,NNP,NN
12790,East_Timor_2002,0,872,7,is,is,VBZ,VB
12791,East_Timor_2002,0,872,8,presided,presided,VBN,VB
12792,East_Timor_2002,0,872,9,over,over,IN,IN
12793,East_Timor_2002,0,872,10,by,by,IN,IN
12794,East_Timor_2002,0,872,11,the,the,DT,DT
12795,East_Timor_2002,0,872,12,Prosecutor-General,prosecutorgeneral,JJ,JJ
12796,East_Timor_2002,0,872,13,and,and,CC,CC
12797,East_Timor_2002,0,872,14,is,is,VBZ,VB
12798,East_Timor_2002,0,872,15,composed,composed,VBN,VB
12799,East_Timor_2002,0,872,16,of,of,IN,IN
12800,East_Timor_2002,0,872,17,the,the,DT,DT
12801,East_Timor_2002,0,872,18,following,following,JJ,JJ
12802,East_Timor_2002,0,872,19,members,members,NNS,NN
12803,East_Timor_2002,0,872,21,a.one,aone,NN,NN
12804,East_Timor_2002,0,872,22,designed,designed,VBN,VB
12805,East_Timor_2002,0,872,23,by,by,IN,IN
12806,East_Timor_2002,0,872,24,the,the,DT,DT
12807,East_Timor_2002,0,872,25,President,president,NNP,NN
12808,East_Timor_2002,0,872,26,of,of,IN,IN
12809,East_Timor_2002,0,872,27,the,the,DT,DT
12810,East_Timor_2002,0,872,28,Republic,republic,NNP,NN
12811,East_Timor_2002,0,872,30,b.one,bone,NN,NN
12812,East_Timor_2002,0,872,31,elected,elected,VBN,VB
12813,East_Timor_2002,0,872,32,by,by,IN,IN
12814,East_Timor_2002,0,872,33,the,the,DT,DT
12815,East_Timor_2002,0,872,34,National,national,NNP,NN
12816,East_Timor_2002,0,872,35,Parliament,parliament,NNP,NN
12817,East_Timor_2002,0,872,37,c.one,cone,NN,NN
12818,East_Timor_2002,0,872,38,designated,designated,VBN,VB
12819,East_Timor_2002,0,872,39,by,by,IN,IN
12820,East_Timor_2002,0,872,40,the,the,DT,DT
12821,East_Timor_2002,0,872,41,Government,government,NNP,NN
12822,East_Timor_2002,0,872,43,d.one,done,NN,NN
12823,East_Timor_2002,0,872,44,elected,elected,VBN,VB
12824,East_Timor_2002,0,872,45,by,by,IN,IN
12825,East_Timor_2002,0,872,46,the,the,DT,DT
12826,East_Timor_2002,0,872,47,magistrates,magistrates,NNS,NN
12827,East_Timor_2002,0,872,48,of,of,IN,IN
12828,East_Timor_2002,0,872,49,the,the,DT,DT
12829,East_Timor_2002,0,872,50,Public,public,NNP,NN
12830,East_Timor_2002,0,872,51,Prosecution,prosecution,NNP,NN
12831,East_Timor_2002,0,872,52,from,from,IN,IN
12832,East_Timor_2002,0,872,53,among,among,IN,IN
12833,East_Timor_2002,0,872,54,their,their,PRP$,PR
12834,East_Timor_2002,0,872,55,peers,peers,NNS,NN
12835,East_Timor_2002,0,873,0,3,3,CD,CD
12836,East_Timor_2002,0,874,0,The,the,DT,DT
12837,East_Timor_2002,0,874,1,law,law,NN,NN
12838,East_Timor_2002,0,874,2,regulates,regulates,VBZ,VB
12839,East_Timor_2002,0,874,3,the,the,DT,DT
12840,East_Timor_2002,0,874,4,competence,competence,NN,NN
12841,East_Timor_2002,0,874,6,organization,organization,NN,NN
12842,East_Timor_2002,0,874,7,and,and,CC,CC
12843,East_Timor_2002,0,874,8,the,the,DT,DT
12844,East_Timor_2002,0,874,9,functioning,functioning,NN,NN
12845,East_Timor_2002,0,874,10,of,of,IN,IN
12846,East_Timor_2002,0,874,11,the,the,DT,DT
12847,East_Timor_2002,0,874,12,Superior,superior,NNP,NN
12848,East_Timor_2002,0,874,13,Council,council,NNP,NN
12849,East_Timor_2002,0,874,14,for,for,IN,IN
12850,East_Timor_2002,0,874,15,the,the,DT,DT
12851,East_Timor_2002,0,874,16,Public,public,NNP,NN
12852,East_Timor_2002,0,874,17,Prosecution,prosecution,NNP,NN
12853,East_Timor_2002,0,875,0,Chapter,chapter,NN,NN
12854,East_Timor_2002,0,875,1,Three,three,CD,CD
12855,East_Timor_2002,0,876,0,LAWYERS,lawyers,NNS,NN
12856,East_Timor_2002,0,876,1,Article,article,VBP,VB
12857,East_Timor_2002,0,876,2,135,135,CD,CD
12858,East_Timor_2002,0,877,0,Lawyers,lawyers,NNS,NN
12859,East_Timor_2002,0,877,1,Share,share,VBP,VB
12860,East_Timor_2002,0,877,2,1,1,CD,CD
12861,East_Timor_2002,0,878,0,Legal,legal,NNP,NN
12862,East_Timor_2002,0,878,1,and,and,CC,CC
12863,East_Timor_2002,0,878,2,judicial,judicial,JJ,JJ
12864,East_Timor_2002,0,878,3,aid,aid,NN,NN
12865,East_Timor_2002,0,878,4,is,is,VBZ,VB
12866,East_Timor_2002,0,878,5,of,of,IN,IN
12867,East_Timor_2002,0,878,6,social,social,JJ,JJ
12868,East_Timor_2002,0,878,7,interest,interest,NN,NN
12869,East_Timor_2002,0,878,9,and,and,CC,CC
12870,East_Timor_2002,0,878,10,lawyers,lawyers,NNS,NN
12871,East_Timor_2002,0,878,11,and,and,CC,CC
12872,East_Timor_2002,0,878,12,defenders,defenders,NNS,NN
12873,East_Timor_2002,0,878,13,shall,shall,MD,MD
12874,East_Timor_2002,0,878,14,be,be,VB,VB
12875,East_Timor_2002,0,878,15,governed,governed,VBN,VB
12876,East_Timor_2002,0,878,16,by,by,IN,IN
12877,East_Timor_2002,0,878,17,this,this,DT,DT
12878,East_Timor_2002,0,878,18,principle,principle,NN,NN
12879,East_Timor_2002,0,879,0,2,2,CD,CD
12880,East_Timor_2002,0,880,0,The,the,DT,DT
12881,East_Timor_2002,0,880,1,primary,primary,JJ,JJ
12882,East_Timor_2002,0,880,2,role,role,NN,NN
12883,East_Timor_2002,0,880,3,of,of,IN,IN
12884,East_Timor_2002,0,880,4,lawyers,lawyers,NNS,NN
12885,East_Timor_2002,0,880,5,and,and,CC,CC
12886,East_Timor_2002,0,880,6,defenders,defenders,NNS,NN
12887,East_Timor_2002,0,880,7,is,is,VBZ,VB
12888,East_Timor_2002,0,880,8,to,to,TO,TO
12889,East_Timor_2002,0,880,9,contribute,contribute,VB,VB
12890,East_Timor_2002,0,880,10,to,to,TO,TO
12891,East_Timor_2002,0,880,11,the,the,DT,DT
12892,East_Timor_2002,0,880,12,good,good,JJ,JJ
12893,East_Timor_2002,0,880,13,administration,administration,NN,NN
12894,East_Timor_2002,0,880,14,of,of,IN,IN
12895,East_Timor_2002,0,880,15,justice,justice,NN,NN
12896,East_Timor_2002,0,880,16,and,and,CC,CC
12897,East_Timor_2002,0,880,17,the,the,DT,DT
12898,East_Timor_2002,0,880,18,safeguarding,safeguarding,NN,NN
12899,East_Timor_2002,0,880,19,of,of,IN,IN
12900,East_Timor_2002,0,880,20,the,the,DT,DT
12901,East_Timor_2002,0,880,21,rights,rights,NNS,NN
12902,East_Timor_2002,0,880,22,and,and,CC,CC
12903,East_Timor_2002,0,880,23,legitimate,legitimate,JJ,JJ
12904,East_Timor_2002,0,880,24,interests,interests,NNS,NN
12905,East_Timor_2002,0,880,25,of,of,IN,IN
12906,East_Timor_2002,0,880,26,the,the,DT,DT
12907,East_Timor_2002,0,880,27,citizens,citizens,NNS,NN
12908,East_Timor_2002,0,881,0,3,3,CD,CD
12909,East_Timor_2002,0,882,0,The,the,DT,DT
12910,East_Timor_2002,0,882,1,activity,activity,NN,NN
12911,East_Timor_2002,0,882,2,of,of,IN,IN
12912,East_Timor_2002,0,882,3,lawyers,lawyers,NNS,NN
12913,East_Timor_2002,0,882,4,is,is,VBZ,VB
12914,East_Timor_2002,0,882,5,regulated,regulated,VBN,VB
12915,East_Timor_2002,0,882,6,by,by,IN,IN
12916,East_Timor_2002,0,882,7,law,law,NN,NN
12917,East_Timor_2002,0,883,0,Article,article,NN,NN
12918,East_Timor_2002,0,883,1,136,136,CD,CD
12919,East_Timor_2002,0,884,0,Guarantees,guarantees,NNS,NN
12920,East_Timor_2002,0,884,1,in,in,IN,IN
12921,East_Timor_2002,0,884,2,the,the,DT,DT
12922,East_Timor_2002,0,884,3,Activity,activity,NNP,NN
12923,East_Timor_2002,0,884,4,of,of,IN,IN
12924,East_Timor_2002,0,884,5,Lawyers,lawyers,NNP,NN
12925,East_Timor_2002,0,884,6,Share,share,NNP,NN
12926,East_Timor_2002,0,884,7,1,1,CD,CD
12927,East_Timor_2002,0,885,0,The,the,DT,DT
12928,East_Timor_2002,0,885,1,State,state,NNP,NN
12929,East_Timor_2002,0,885,2,shall,shall,MD,MD
12930,East_Timor_2002,0,885,4,in,in,IN,IN
12931,East_Timor_2002,0,885,5,accordance,accordance,NN,NN
12932,East_Timor_2002,0,885,6,with,with,IN,IN
12933,East_Timor_2002,0,885,7,the,the,DT,DT
12934,East_Timor_2002,0,885,8,law,law,NN,NN
12935,East_Timor_2002,0,885,10,guarantee,guarantee,VBP,VB
12936,East_Timor_2002,0,885,11,the,the,DT,DT
12937,East_Timor_2002,0,885,12,inviolability,inviolability,NN,NN
12938,East_Timor_2002,0,885,13,of,of,IN,IN
12939,East_Timor_2002,0,885,14,documents,documents,NNS,NN
12940,East_Timor_2002,0,885,15,related,related,VBN,VB
12941,East_Timor_2002,0,885,16,to,to,TO,TO
12942,East_Timor_2002,0,885,17,legal,legal,JJ,JJ
12943,East_Timor_2002,0,885,18,proceedings,proceedings,NNS,NN
12944,East_Timor_2002,0,885,20,no,no,DT,DT
12945,East_Timor_2002,0,885,21,search,search,NN,NN
12946,East_Timor_2002,0,885,23,seizure,seizure,NN,NN
12947,East_Timor_2002,0,885,25,listing,listing,NN,NN
12948,East_Timor_2002,0,885,26,or,or,CC,CC
12949,East_Timor_2002,0,885,27,other,other,JJ,JJ
12950,East_Timor_2002,0,885,28,judicial,judicial,JJ,JJ
12951,East_Timor_2002,0,885,29,measures,measures,NNS,NN
12952,East_Timor_2002,0,885,30,shall,shall,MD,MD
12953,East_Timor_2002,0,885,31,be,be,VB,VB
12954,East_Timor_2002,0,885,32,permitted,permitted,VBN,VB
12955,East_Timor_2002,0,885,33,without,without,IN,IN
12956,East_Timor_2002,0,885,34,the,the,DT,DT
12957,East_Timor_2002,0,885,35,presence,presence,NN,NN
12958,East_Timor_2002,0,885,36,of,of,IN,IN
12959,East_Timor_2002,0,885,37,the,the,DT,DT
12960,East_Timor_2002,0,885,38,competent,competent,NN,NN
12961,East_Timor_2002,0,885,39,magistrate,magistrate,NN,NN
12962,East_Timor_2002,0,885,40,and,and,CC,CC
12963,East_Timor_2002,0,885,42,whenever,whenever,WRB,WR
12964,East_Timor_2002,0,885,43,possible,possible,JJ,JJ
12965,East_Timor_2002,0,885,45,of,of,IN,IN
12966,East_Timor_2002,0,885,46,the,the,DT,DT
12967,East_Timor_2002,0,885,47,lawyer,lawyer,NN,NN
12968,East_Timor_2002,0,885,48,concerned,concerned,VBN,VB
12969,East_Timor_2002,0,886,0,2,2,CD,CD
12970,East_Timor_2002,0,887,0,The,the,DT,DT
12971,East_Timor_2002,0,887,1,lawyers,lawyers,NNS,NN
12972,East_Timor_2002,0,887,2,have,have,VBP,VB
12973,East_Timor_2002,0,887,3,the,the,DT,DT
12974,East_Timor_2002,0,887,4,right,right,NN,NN
12975,East_Timor_2002,0,887,5,to,to,TO,TO
12976,East_Timor_2002,0,887,6,contact,contact,VB,VB
12977,East_Timor_2002,0,887,7,their,their,PRP$,PR
12978,East_Timor_2002,0,887,8,clients,clients,NNS,NN
12979,East_Timor_2002,0,887,9,personally,personally,RB,RB
12980,East_Timor_2002,0,887,10,with,with,IN,IN
12981,East_Timor_2002,0,887,11,guarantees,guarantees,NNS,NN
12982,East_Timor_2002,0,887,12,of,of,IN,IN
12983,East_Timor_2002,0,887,13,confidentiality,confidentiality,NN,NN
12984,East_Timor_2002,0,887,15,especially,especially,RB,RB
12985,East_Timor_2002,0,887,16,where,where,WRB,WR
12986,East_Timor_2002,0,887,17,the,the,DT,DT
12987,East_Timor_2002,0,887,18,clients,clients,NNS,NN
12988,East_Timor_2002,0,887,19,are,are,VBP,VB
12989,East_Timor_2002,0,887,20,under,under,IN,IN
12990,East_Timor_2002,0,887,21,detention,detention,NN,NN
12991,East_Timor_2002,0,887,22,or,or,CC,CC
12992,East_Timor_2002,0,887,23,arrest,arrest,NN,NN
12993,East_Timor_2002,0,887,24,in,in,IN,IN
12994,East_Timor_2002,0,887,25,military,military,JJ,JJ
12995,East_Timor_2002,0,887,26,or,or,CC,CC
12996,East_Timor_2002,0,887,27,civil,civil,JJ,JJ
12997,East_Timor_2002,0,887,28,prison,prison,NN,NN
12998,East_Timor_2002,0,887,29,centers,centers,NNS,NN
12999,East_Timor_2002,0,888,0,TITLE,title,NNP,NN
13000,East_Timor_2002,0,888,1,VI,vi,NNP,NN
13001,East_Timor_2002,0,889,0,PUBLIC,public,NNP,NN
13002,East_Timor_2002,0,889,1,ADMINISTRATION,administration,NNP,NN
13003,East_Timor_2002,0,889,2,Article,article,NNP,NN
13004,East_Timor_2002,0,889,3,137,137,CD,CD
13005,East_Timor_2002,0,890,0,General,general,NNP,NN
13006,East_Timor_2002,0,890,1,Principles,principles,NNP,NN
13007,East_Timor_2002,0,890,2,of,of,IN,IN
13008,East_Timor_2002,0,890,3,Public,public,NNP,NN
13009,East_Timor_2002,0,890,4,Administration,administration,NNP,NN
13010,East_Timor_2002,0,890,5,Share,share,NNP,NN
13011,East_Timor_2002,0,890,6,1,1,CD,CD
13012,East_Timor_2002,0,891,0,Public,public,JJ,JJ
13013,East_Timor_2002,0,891,1,Administration,administration,NNP,NN
13014,East_Timor_2002,0,891,2,shall,shall,MD,MD
13015,East_Timor_2002,0,891,3,aim,aim,VB,VB
13016,East_Timor_2002,0,891,4,at,at,IN,IN
13017,East_Timor_2002,0,891,5,meeting,meeting,VBG,VB
13018,East_Timor_2002,0,891,6,public,public,JJ,JJ
13019,East_Timor_2002,0,891,7,interest,interest,NN,NN
13020,East_Timor_2002,0,891,9,in,in,IN,IN
13021,East_Timor_2002,0,891,10,the,the,DT,DT
13022,East_Timor_2002,0,891,11,respect,respect,NN,NN
13023,East_Timor_2002,0,891,12,for,for,IN,IN
13024,East_Timor_2002,0,891,13,the,the,DT,DT
13025,East_Timor_2002,0,891,14,legitimate,legitimate,JJ,JJ
13026,East_Timor_2002,0,891,15,rights,rights,NNS,NN
13027,East_Timor_2002,0,891,16,and,and,CC,CC
13028,East_Timor_2002,0,891,17,interests,interests,NNS,NN
13029,East_Timor_2002,0,891,18,of,of,IN,IN
13030,East_Timor_2002,0,891,19,citizens,citizens,NNS,NN
13031,East_Timor_2002,0,891,20,and,and,CC,CC
13032,East_Timor_2002,0,891,21,constitutional,constitutional,JJ,JJ
13033,East_Timor_2002,0,891,22,institutions,institutions,NNS,NN
13034,East_Timor_2002,0,892,0,2,2,CD,CD
13035,East_Timor_2002,0,893,0,The,the,DT,DT
13036,East_Timor_2002,0,893,1,Public,public,NNP,NN
13037,East_Timor_2002,0,893,2,Administration,administration,NNP,NN
13038,East_Timor_2002,0,893,3,is,is,VBZ,VB
13039,East_Timor_2002,0,893,4,structured,structured,VBN,VB
13040,East_Timor_2002,0,893,5,to,to,TO,TO
13041,East_Timor_2002,0,893,6,prevent,prevent,VB,VB
13042,East_Timor_2002,0,893,7,excessive,excessive,JJ,JJ
13043,East_Timor_2002,0,893,8,bureaucratization,bureaucratization,NN,NN
13044,East_Timor_2002,0,893,10,provide,provide,VB,VB
13045,East_Timor_2002,0,893,11,more,more,RBR,RB
13046,East_Timor_2002,0,893,12,accessible,accessible,JJ,JJ
13047,East_Timor_2002,0,893,13,services,services,NNS,NN
13048,East_Timor_2002,0,893,14,to,to,TO,TO
13049,East_Timor_2002,0,893,15,the,the,DT,DT
13050,East_Timor_2002,0,893,16,people,people,NNS,NN
13051,East_Timor_2002,0,893,17,and,and,CC,CC
13052,East_Timor_2002,0,893,18,to,to,TO,TO
13053,East_Timor_2002,0,893,19,ensure,ensure,VB,VB
13054,East_Timor_2002,0,893,20,the,the,DT,DT
13055,East_Timor_2002,0,893,21,contributions,contributions,NNS,NN
13056,East_Timor_2002,0,893,22,of,of,IN,IN
13057,East_Timor_2002,0,893,23,individuals,individuals,NNS,NN
13058,East_Timor_2002,0,893,24,interested,interested,JJ,JJ
13059,East_Timor_2002,0,893,25,in,in,IN,IN
13060,East_Timor_2002,0,893,26,its,its,PRP$,PR
13061,East_Timor_2002,0,893,27,efficient,efficient,JJ,JJ
13062,East_Timor_2002,0,893,28,management,management,NN,NN
13063,East_Timor_2002,0,894,0,3,3,CD,CD
13064,East_Timor_2002,0,895,0,The,the,DT,DT
13065,East_Timor_2002,0,895,1,law,law,NN,NN
13066,East_Timor_2002,0,895,2,establishes,establishes,VBZ,VB
13067,East_Timor_2002,0,895,3,the,the,DT,DT
13068,East_Timor_2002,0,895,4,rights,rights,NNS,NN
13069,East_Timor_2002,0,895,5,and,and,CC,CC
13070,East_Timor_2002,0,895,6,guarantees,guarantees,NNS,NN
13071,East_Timor_2002,0,895,7,of,of,IN,IN
13072,East_Timor_2002,0,895,8,the,the,DT,DT
13073,East_Timor_2002,0,895,9,citizens,citizens,NNS,NN
13074,East_Timor_2002,0,895,11,namely,namely,RB,RB
13075,East_Timor_2002,0,895,12,against,against,IN,IN
13076,East_Timor_2002,0,895,13,acts,acts,NNS,NN
13077,East_Timor_2002,0,895,14,likely,likely,JJ,JJ
13078,East_Timor_2002,0,895,15,to,to,TO,TO
13079,East_Timor_2002,0,895,16,affect,affect,VB,VB
13080,East_Timor_2002,0,895,17,their,their,PRP$,PR
13081,East_Timor_2002,0,895,18,legitimate,legitimate,JJ,JJ
13082,East_Timor_2002,0,895,19,rights,rights,NNS,NN
13083,East_Timor_2002,0,895,20,and,and,CC,CC
13084,East_Timor_2002,0,895,21,interests,interests,NNS,NN
13085,East_Timor_2002,0,896,0,PART,part,NN,NN
13086,East_Timor_2002,0,896,1,IV,iv,NNP,NN
13087,East_Timor_2002,0,897,0,ECONOMIC,economic,NNP,NN
13088,East_Timor_2002,0,897,1,AND,and,CC,CC
13089,East_Timor_2002,0,897,2,FINANCIAL,financial,NNP,NN
13090,East_Timor_2002,0,897,3,ORGANIZATION,organization,NNP,NN
13091,East_Timor_2002,0,897,4,TITLE,title,NNP,NN
13092,East_Timor_2002,0,897,5,I,i,PRP,PR
13093,East_Timor_2002,0,898,0,GENERAL,general,NNP,NN
13094,East_Timor_2002,0,898,1,PRINCIPLES,principles,NNP,NN
13095,East_Timor_2002,0,898,2,Article,article,NNP,NN
13096,East_Timor_2002,0,898,3,138,138,CD,CD
13097,East_Timor_2002,0,899,0,Economic,economic,NNP,NN
13098,East_Timor_2002,0,899,1,Organization,organization,NNP,NN
13099,East_Timor_2002,0,899,2,Share,share,NNP,NN
13100,East_Timor_2002,0,899,3,The,the,DT,DT
13101,East_Timor_2002,0,899,4,economic,economic,JJ,JJ
13102,East_Timor_2002,0,899,5,organization,organization,NN,NN
13103,East_Timor_2002,0,899,6,of,of,IN,IN
13104,East_Timor_2002,0,899,7,East,east,NNP,NN
13105,East_Timor_2002,0,899,8,Timor,timor,NNP,NN
13106,East_Timor_2002,0,899,9,shall,shall,MD,MD
13107,East_Timor_2002,0,899,10,be,be,VB,VB
13108,East_Timor_2002,0,899,11,based,based,VBN,VB
13109,East_Timor_2002,0,899,12,on,on,IN,IN
13110,East_Timor_2002,0,899,13,the,the,DT,DT
13111,East_Timor_2002,0,899,14,combination,combination,NN,NN
13112,East_Timor_2002,0,899,15,of,of,IN,IN
13113,East_Timor_2002,0,899,16,community,community,NN,NN
13114,East_Timor_2002,0,899,17,forms,forms,NNS,NN
13115,East_Timor_2002,0,899,18,with,with,IN,IN
13116,East_Timor_2002,0,899,19,free,free,JJ,JJ
13117,East_Timor_2002,0,899,20,initiative,initiative,NN,NN
13118,East_Timor_2002,0,899,21,and,and,CC,CC
13119,East_Timor_2002,0,899,22,business,business,NN,NN
13120,East_Timor_2002,0,899,23,management,management,NN,NN
13121,East_Timor_2002,0,899,25,as,as,RB,RB
13122,East_Timor_2002,0,899,26,well,well,RB,RB
13123,East_Timor_2002,0,899,27,as,as,IN,IN
13124,East_Timor_2002,0,899,28,on,on,IN,IN
13125,East_Timor_2002,0,899,29,the,the,DT,DT
13126,East_Timor_2002,0,899,30,coexistence,coexistence,NN,NN
13127,East_Timor_2002,0,899,31,of,of,IN,IN
13128,East_Timor_2002,0,899,32,the,the,DT,DT
13129,East_Timor_2002,0,899,33,public,public,NN,NN
13130,East_Timor_2002,0,899,34,sector,sector,NN,NN
13131,East_Timor_2002,0,899,36,the,the,DT,DT
13132,East_Timor_2002,0,899,37,private,private,JJ,JJ
13133,East_Timor_2002,0,899,38,sector,sector,NN,NN
13134,East_Timor_2002,0,899,39,and,and,CC,CC
13135,East_Timor_2002,0,899,40,the,the,DT,DT
13136,East_Timor_2002,0,899,41,co-operative,cooperative,JJ,JJ
13137,East_Timor_2002,0,899,42,and,and,CC,CC
13138,East_Timor_2002,0,899,43,social,social,JJ,JJ
13139,East_Timor_2002,0,899,44,sector,sector,NN,NN
13140,East_Timor_2002,0,899,45,of,of,IN,IN
13141,East_Timor_2002,0,899,46,ownership,ownership,NN,NN
13142,East_Timor_2002,0,899,47,of,of,IN,IN
13143,East_Timor_2002,0,899,48,the,the,DT,DT
13144,East_Timor_2002,0,899,49,means,means,NNS,NN
13145,East_Timor_2002,0,899,50,of,of,IN,IN
13146,East_Timor_2002,0,899,51,production,production,NN,NN
13147,East_Timor_2002,0,900,0,Article,article,NN,NN
13148,East_Timor_2002,0,900,1,139,139,CD,CD
13149,East_Timor_2002,0,901,0,Natural,natural,NNP,NN
13150,East_Timor_2002,0,901,1,Resources,resources,NNPS,NN
13151,East_Timor_2002,0,901,2,Share,share,NNP,NN
13152,East_Timor_2002,0,901,3,1,1,CD,CD
13153,East_Timor_2002,0,902,0,The,the,DT,DT
13154,East_Timor_2002,0,902,1,resources,resources,NNS,NN
13155,East_Timor_2002,0,902,2,of,of,IN,IN
13156,East_Timor_2002,0,902,3,the,the,DT,DT
13157,East_Timor_2002,0,902,4,soil,soil,NN,NN
13158,East_Timor_2002,0,902,6,the,the,DT,DT
13159,East_Timor_2002,0,902,7,subsoil,subsoil,NN,NN
13160,East_Timor_2002,0,902,9,the,the,DT,DT
13161,East_Timor_2002,0,902,10,territorial,territorial,JJ,JJ
13162,East_Timor_2002,0,902,11,waters,waters,NNS,NN
13163,East_Timor_2002,0,902,13,the,the,DT,DT
13164,East_Timor_2002,0,902,14,continental,continental,JJ,JJ
13165,East_Timor_2002,0,902,15,shelf,shelf,NN,NN
13166,East_Timor_2002,0,902,16,and,and,CC,CC
13167,East_Timor_2002,0,902,17,the,the,DT,DT
13168,East_Timor_2002,0,902,18,exclusive,exclusive,JJ,JJ
13169,East_Timor_2002,0,902,19,economic,economic,JJ,JJ
13170,East_Timor_2002,0,902,20,zone,zone,NN,NN
13171,East_Timor_2002,0,902,22,which,which,WDT,WD
13172,East_Timor_2002,0,902,23,are,are,VBP,VB
13173,East_Timor_2002,0,902,24,essential,essential,JJ,JJ
13174,East_Timor_2002,0,902,25,to,to,TO,TO
13175,East_Timor_2002,0,902,26,the,the,DT,DT
13176,East_Timor_2002,0,902,27,economy,economy,NN,NN
13177,East_Timor_2002,0,902,29,shall,shall,MD,MD
13178,East_Timor_2002,0,902,30,be,be,VB,VB
13179,East_Timor_2002,0,902,31,owned,owned,VBN,VB
13180,East_Timor_2002,0,902,32,by,by,IN,IN
13181,East_Timor_2002,0,902,33,the,the,DT,DT
13182,East_Timor_2002,0,902,34,State,state,NNP,NN
13183,East_Timor_2002,0,902,35,and,and,CC,CC
13184,East_Timor_2002,0,902,36,must,must,MD,MD
13185,East_Timor_2002,0,902,37,be,be,VB,VB
13186,East_Timor_2002,0,902,38,used,used,VBN,VB
13187,East_Timor_2002,0,902,39,in,in,IN,IN
13188,East_Timor_2002,0,902,40,a,a,DT,DT
13189,East_Timor_2002,0,902,41,just,just,RB,RB
13190,East_Timor_2002,0,902,42,and,and,CC,CC
13191,East_Timor_2002,0,902,43,equitable,equitable,JJ,JJ
13192,East_Timor_2002,0,902,45,iqualitáia,iqualitáia,NN,NN
13193,East_Timor_2002,0,902,47,manner,manner,NN,NN
13194,East_Timor_2002,0,902,48,in,in,IN,IN
13195,East_Timor_2002,0,902,49,accordance,accordance,NN,NN
13196,East_Timor_2002,0,902,50,with,with,IN,IN
13197,East_Timor_2002,0,902,51,national,national,JJ,JJ
13198,East_Timor_2002,0,902,52,interests,interests,NNS,NN
13199,East_Timor_2002,0,903,0,2,2,CD,CD
13200,East_Timor_2002,0,904,0,The,the,DT,DT
13201,East_Timor_2002,0,904,1,conditions,conditions,NNS,NN
13202,East_Timor_2002,0,904,2,for,for,IN,IN
13203,East_Timor_2002,0,904,3,the,the,DT,DT
13204,East_Timor_2002,0,904,4,exploitation,exploitation,NN,NN
13205,East_Timor_2002,0,904,5,of,of,IN,IN
13206,East_Timor_2002,0,904,6,the,the,DT,DT
13207,East_Timor_2002,0,904,7,natural,natural,JJ,JJ
13208,East_Timor_2002,0,904,8,resources,resources,NNS,NN
13209,East_Timor_2002,0,904,9,referred,referred,VBD,VB
13210,East_Timor_2002,0,904,10,to,to,TO,TO
13211,East_Timor_2002,0,904,11,in,in,IN,IN
13212,East_Timor_2002,0,904,12,number,number,NN,NN
13213,East_Timor_2002,0,904,13,1,1,CD,CD
13214,East_Timor_2002,0,904,14,above,above,IN,IN
13215,East_Timor_2002,0,904,15,must,must,MD,MD
13216,East_Timor_2002,0,904,16,lend,lend,VB,VB
13217,East_Timor_2002,0,904,17,themselves,themselves,PRP,PR
13218,East_Timor_2002,0,904,18,to,to,TO,TO
13219,East_Timor_2002,0,904,19,the,the,DT,DT
13220,East_Timor_2002,0,904,20,establishment,establishment,NN,NN
13221,East_Timor_2002,0,904,21,of,of,IN,IN
13222,East_Timor_2002,0,904,22,obligatory,obligatory,JJ,JJ
13223,East_Timor_2002,0,904,23,financial,financial,JJ,JJ
13224,East_Timor_2002,0,904,24,reserves,reserves,NNS,NN
13225,East_Timor_2002,0,904,26,in,in,IN,IN
13226,East_Timor_2002,0,904,27,accordance,accordance,NN,NN
13227,East_Timor_2002,0,904,28,with,with,IN,IN
13228,East_Timor_2002,0,904,29,the,the,DT,DT
13229,East_Timor_2002,0,904,30,law,law,NN,NN
13230,East_Timor_2002,0,905,0,3,3,CD,CD
13231,East_Timor_2002,0,906,0,The,the,DT,DT
13232,East_Timor_2002,0,906,1,exploitation,exploitation,NN,NN
13233,East_Timor_2002,0,906,2,of,of,IN,IN
13234,East_Timor_2002,0,906,3,the,the,DT,DT
13235,East_Timor_2002,0,906,4,natural,natural,JJ,JJ
13236,East_Timor_2002,0,906,5,resources,resources,NNS,NN
13237,East_Timor_2002,0,906,6,shall,shall,MD,MD
13238,East_Timor_2002,0,906,7,preserve,preserve,VB,VB
13239,East_Timor_2002,0,906,8,the,the,DT,DT
13240,East_Timor_2002,0,906,9,ecological,ecological,JJ,JJ
13241,East_Timor_2002,0,906,10,balance,balance,NN,NN
13242,East_Timor_2002,0,906,11,and,and,CC,CC
13243,East_Timor_2002,0,906,12,prevent,prevent,JJ,JJ
13244,East_Timor_2002,0,906,13,destruction,destruction,NN,NN
13245,East_Timor_2002,0,906,14,of,of,IN,IN
13246,East_Timor_2002,0,906,15,ecosystems,ecosystems,NNS,NN
13247,East_Timor_2002,0,907,0,Article,article,NN,NN
13248,East_Timor_2002,0,907,1,140,140,CD,CD
13249,East_Timor_2002,0,908,0,Investments,investments,NNS,NN
13250,East_Timor_2002,0,908,1,Share,share,VBP,VB
13251,East_Timor_2002,0,908,2,The,the,DT,DT
13252,East_Timor_2002,0,908,3,State,state,NNP,NN
13253,East_Timor_2002,0,908,4,shall,shall,MD,MD
13254,East_Timor_2002,0,908,5,promote,promote,VB,VB
13255,East_Timor_2002,0,908,6,national,national,JJ,JJ
13256,East_Timor_2002,0,908,7,investment,investment,NN,NN
13257,East_Timor_2002,0,908,8,and,and,CC,CC
13258,East_Timor_2002,0,908,9,establish,establish,VB,VB
13259,East_Timor_2002,0,908,10,conditions,conditions,NNS,NN
13260,East_Timor_2002,0,908,11,to,to,TO,TO
13261,East_Timor_2002,0,908,12,attract,attract,VB,VB
13262,East_Timor_2002,0,908,13,foreign,foreign,JJ,JJ
13263,East_Timor_2002,0,908,14,investment,investment,NN,NN
13264,East_Timor_2002,0,908,16,taking,taking,VBG,VB
13265,East_Timor_2002,0,908,17,into,into,IN,IN
13266,East_Timor_2002,0,908,18,consideration,consideration,NN,NN
13267,East_Timor_2002,0,908,19,the,the,DT,DT
13268,East_Timor_2002,0,908,20,national,national,JJ,JJ
13269,East_Timor_2002,0,908,21,interests,interests,NNS,NN
13270,East_Timor_2002,0,908,23,in,in,IN,IN
13271,East_Timor_2002,0,908,24,accordance,accordance,NN,NN
13272,East_Timor_2002,0,908,25,with,with,IN,IN
13273,East_Timor_2002,0,908,26,the,the,DT,DT
13274,East_Timor_2002,0,908,27,law,law,NN,NN
13275,East_Timor_2002,0,909,0,Article,article,NN,NN
13276,East_Timor_2002,0,909,1,141,141,CD,CD
13277,East_Timor_2002,0,910,0,Land,land,NNP,NN
13278,East_Timor_2002,0,910,1,Share,share,NNP,NN
13279,East_Timor_2002,0,910,2,Ownership,ownership,NNP,NN
13280,East_Timor_2002,0,910,4,use,use,NN,NN
13281,East_Timor_2002,0,910,5,and,and,CC,CC
13282,East_Timor_2002,0,910,6,development,development,NN,NN
13283,East_Timor_2002,0,910,7,of,of,IN,IN
13284,East_Timor_2002,0,910,8,land,land,NN,NN
13285,East_Timor_2002,0,910,9,as,as,IN,IN
13286,East_Timor_2002,0,910,10,one,one,CD,CD
13287,East_Timor_2002,0,910,11,of,of,IN,IN
13288,East_Timor_2002,0,910,12,the,the,DT,DT
13289,East_Timor_2002,0,910,13,factors,factors,NNS,NN
13290,East_Timor_2002,0,910,14,for,for,IN,IN
13291,East_Timor_2002,0,910,15,economic,economic,JJ,JJ
13292,East_Timor_2002,0,910,16,production,production,NN,NN
13293,East_Timor_2002,0,910,17,shall,shall,MD,MD
13294,East_Timor_2002,0,910,18,be,be,VB,VB
13295,East_Timor_2002,0,910,19,regulated,regulated,VBN,VB
13296,East_Timor_2002,0,910,20,by,by,IN,IN
13297,East_Timor_2002,0,910,21,law,law,NN,NN
13298,East_Timor_2002,0,911,0,TITLE,title,NNP,NN
13299,East_Timor_2002,0,911,1,II,ii,NNP,NN
13300,East_Timor_2002,0,912,0,FINANCIAL,financial,NNP,NN
13301,East_Timor_2002,0,912,1,AND,and,NNP,NN
13302,East_Timor_2002,0,912,2,TAX,tax,NNP,NN
13303,East_Timor_2002,0,912,3,SYSTEM,system,NNP,NN
13304,East_Timor_2002,0,912,4,Article,article,NNP,NN
13305,East_Timor_2002,0,912,5,142,142,CD,CD
13306,East_Timor_2002,0,913,0,Financial,financial,NNP,NN
13307,East_Timor_2002,0,913,1,System,system,NNP,NN
13308,East_Timor_2002,0,913,2,Share,share,NNP,NN
13309,East_Timor_2002,0,913,3,The,the,DT,DT
13310,East_Timor_2002,0,913,4,structure,structure,NN,NN
13311,East_Timor_2002,0,913,5,of,of,IN,IN
13312,East_Timor_2002,0,913,6,the,the,DT,DT
13313,East_Timor_2002,0,913,7,financial,financial,JJ,JJ
13314,East_Timor_2002,0,913,8,system,system,NN,NN
13315,East_Timor_2002,0,913,9,shall,shall,MD,MD
13316,East_Timor_2002,0,913,10,be,be,VB,VB
13317,East_Timor_2002,0,913,11,determined,determined,VBN,VB
13318,East_Timor_2002,0,913,12,by,by,IN,IN
13319,East_Timor_2002,0,913,13,the,the,DT,DT
13320,East_Timor_2002,0,913,14,law,law,NN,NN
13321,East_Timor_2002,0,913,15,in,in,IN,IN
13322,East_Timor_2002,0,913,16,such,such,JJ,JJ
13323,East_Timor_2002,0,913,17,a,a,DT,DT
13324,East_Timor_2002,0,913,18,way,way,NN,NN
13325,East_Timor_2002,0,913,19,as,as,IN,IN
13326,East_Timor_2002,0,913,20,to,to,TO,TO
13327,East_Timor_2002,0,913,21,guarantee,guarantee,VB,VB
13328,East_Timor_2002,0,913,22,that,that,IN,IN
13329,East_Timor_2002,0,913,23,savings,savings,NNS,NN
13330,East_Timor_2002,0,913,24,are,are,VBP,VB
13331,East_Timor_2002,0,913,25,encouraged,encouraged,VBN,VB
13332,East_Timor_2002,0,913,26,and,and,CC,CC
13333,East_Timor_2002,0,913,27,built,built,VBN,VB
13334,East_Timor_2002,0,913,28,up,up,RP,RP
13335,East_Timor_2002,0,913,29,with,with,IN,IN
13336,East_Timor_2002,0,913,30,security,security,NN,NN
13337,East_Timor_2002,0,913,31,and,and,CC,CC
13338,East_Timor_2002,0,913,32,that,that,IN,IN
13339,East_Timor_2002,0,913,33,the,the,DT,DT
13340,East_Timor_2002,0,913,34,financial,financial,JJ,JJ
13341,East_Timor_2002,0,913,35,resources,resources,NNS,NN
13342,East_Timor_2002,0,913,36,necessary,necessary,JJ,JJ
13343,East_Timor_2002,0,913,37,for,for,IN,IN
13344,East_Timor_2002,0,913,38,economic,economic,JJ,JJ
13345,East_Timor_2002,0,913,39,and,and,CC,CC
13346,East_Timor_2002,0,913,40,social,social,JJ,JJ
13347,East_Timor_2002,0,913,41,development,development,NN,NN
13348,East_Timor_2002,0,913,42,are,are,VBP,VB
13349,East_Timor_2002,0,913,43,provided,provided,VBN,VB
13350,East_Timor_2002,0,914,0,Article,article,NN,NN
13351,East_Timor_2002,0,914,1,143,143,CD,CD
13352,East_Timor_2002,0,915,0,Central,central,NNP,NN
13353,East_Timor_2002,0,915,1,Bank,bank,NNP,NN
13354,East_Timor_2002,0,915,2,Share,share,NNP,NN
13355,East_Timor_2002,0,915,3,1,1,CD,CD
13356,East_Timor_2002,0,916,0,The,the,DT,DT
13357,East_Timor_2002,0,916,1,State,state,NNP,NN
13358,East_Timor_2002,0,916,2,shall,shall,MD,MD
13359,East_Timor_2002,0,916,3,establish,establish,VB,VB
13360,East_Timor_2002,0,916,4,a,a,DT,DT
13361,East_Timor_2002,0,916,5,national,national,JJ,JJ
13362,East_Timor_2002,0,916,6,central,central,JJ,JJ
13363,East_Timor_2002,0,916,7,bank,bank,NN,NN
13364,East_Timor_2002,0,916,8,jointly,jointly,RB,RB
13365,East_Timor_2002,0,916,9,responsible,responsible,JJ,JJ
13366,East_Timor_2002,0,916,10,for,for,IN,IN
13367,East_Timor_2002,0,916,11,the,the,DT,DT
13368,East_Timor_2002,0,916,12,definition,definition,NN,NN
13369,East_Timor_2002,0,916,13,and,and,CC,CC
13370,East_Timor_2002,0,916,14,implementation,implementation,NN,NN
13371,East_Timor_2002,0,916,15,of,of,IN,IN
13372,East_Timor_2002,0,916,16,the,the,DT,DT
13373,East_Timor_2002,0,916,17,monetary,monetary,JJ,JJ
13374,East_Timor_2002,0,916,18,and,and,CC,CC
13375,East_Timor_2002,0,916,19,financial,financial,JJ,JJ
13376,East_Timor_2002,0,916,20,policy,policy,NN,NN
13377,East_Timor_2002,0,917,0,2,2,CD,CD
13378,East_Timor_2002,0,918,0,The,the,DT,DT
13379,East_Timor_2002,0,918,1,law,law,NN,NN
13380,East_Timor_2002,0,918,2,defines,defines,VBZ,VB
13381,East_Timor_2002,0,918,3,the,the,DT,DT
13382,East_Timor_2002,0,918,4,functions,functions,NNS,NN
13383,East_Timor_2002,0,918,5,and,and,CC,CC
13384,East_Timor_2002,0,918,6,the,the,DT,DT
13385,East_Timor_2002,0,918,7,relationship,relationship,NN,NN
13386,East_Timor_2002,0,918,8,of,of,IN,IN
13387,East_Timor_2002,0,918,9,the,the,DT,DT
13388,East_Timor_2002,0,918,10,Central,central,NNP,NN
13389,East_Timor_2002,0,918,11,Bank,bank,NNP,NN
13390,East_Timor_2002,0,918,12,with,with,IN,IN
13391,East_Timor_2002,0,918,13,the,the,DT,DT
13392,East_Timor_2002,0,918,14,National,national,NNP,NN
13393,East_Timor_2002,0,918,15,Parliament,parliament,NNP,NN
13394,East_Timor_2002,0,918,16,and,and,CC,CC
13395,East_Timor_2002,0,918,17,the,the,DT,DT
13396,East_Timor_2002,0,918,18,Government,government,NNP,NN
13397,East_Timor_2002,0,918,20,safeguarding,safeguarding,VBG,VB
13398,East_Timor_2002,0,918,21,the,the,DT,DT
13399,East_Timor_2002,0,918,22,management,management,NN,NN
13400,East_Timor_2002,0,918,23,autonomy,autonomy,NN,NN
13401,East_Timor_2002,0,918,24,of,of,IN,IN
13402,East_Timor_2002,0,918,25,the,the,DT,DT
13403,East_Timor_2002,0,918,26,financial,financial,JJ,JJ
13404,East_Timor_2002,0,918,27,institution,institution,NN,NN
13405,East_Timor_2002,0,919,0,3,3,CD,CD
13406,East_Timor_2002,0,920,0,The,the,DT,DT
13407,East_Timor_2002,0,920,1,Central,central,NNP,NN
13408,East_Timor_2002,0,920,2,Bank,bank,NNP,NN
13409,East_Timor_2002,0,920,3,has,has,VBZ,VB
13410,East_Timor_2002,0,920,4,exclusive,exclusive,JJ,JJ
13411,East_Timor_2002,0,920,5,competence,competence,NN,NN
13412,East_Timor_2002,0,920,6,for,for,IN,IN
13413,East_Timor_2002,0,920,7,issuing,issuing,VBG,VB
13414,East_Timor_2002,0,920,8,the,the,DT,DT
13415,East_Timor_2002,0,920,9,national,national,JJ,JJ
13416,East_Timor_2002,0,920,10,currency,currency,NN,NN
13417,East_Timor_2002,0,921,0,Article,article,NN,NN
13418,East_Timor_2002,0,921,1,144,144,CD,CD
13419,East_Timor_2002,0,922,0,Tax,tax,NN,NN
13420,East_Timor_2002,0,922,1,System,system,NNP,NN
13421,East_Timor_2002,0,922,2,Share,share,NNP,NN
13422,East_Timor_2002,0,922,3,1,1,CD,CD
13423,East_Timor_2002,0,923,0,The,the,DT,DT
13424,East_Timor_2002,0,923,1,State,state,NNP,NN
13425,East_Timor_2002,0,923,2,shall,shall,MD,MD
13426,East_Timor_2002,0,923,3,establish,establish,VB,VB
13427,East_Timor_2002,0,923,4,a,a,DT,DT
13428,East_Timor_2002,0,923,5,tax,tax,NN,NN
13429,East_Timor_2002,0,923,6,system,system,NN,NN
13430,East_Timor_2002,0,923,7,aimed,aimed,VBN,VB
13431,East_Timor_2002,0,923,8,at,at,IN,IN
13432,East_Timor_2002,0,923,9,meeting,meeting,VBG,VB
13433,East_Timor_2002,0,923,10,the,the,DT,DT
13434,East_Timor_2002,0,923,11,financial,financial,JJ,JJ
13435,East_Timor_2002,0,923,12,requirements,requirements,NNS,NN
13436,East_Timor_2002,0,923,13,of,of,IN,IN
13437,East_Timor_2002,0,923,14,the,the,DT,DT
13438,East_Timor_2002,0,923,15,State,state,NNP,NN
13439,East_Timor_2002,0,923,16,and,and,CC,CC
13440,East_Timor_2002,0,923,17,the,the,DT,DT
13441,East_Timor_2002,0,923,18,fair,fair,JJ,JJ
13442,East_Timor_2002,0,923,19,distribution,distribution,NN,NN
13443,East_Timor_2002,0,923,20,of,of,IN,IN
13444,East_Timor_2002,0,923,21,national,national,JJ,JJ
13445,East_Timor_2002,0,923,22,income,income,NN,NN
13446,East_Timor_2002,0,923,23,and,and,CC,CC
13447,East_Timor_2002,0,923,24,wealth,wealth,NN,NN
13448,East_Timor_2002,0,924,0,2,2,CD,CD
13449,East_Timor_2002,0,925,0,The,the,DT,DT
13450,East_Timor_2002,0,925,1,taxes,taxes,NNS,NN
13451,East_Timor_2002,0,925,2,shall,shall,MD,MD
13452,East_Timor_2002,0,925,3,be,be,VB,VB
13453,East_Timor_2002,0,925,4,established,established,VBN,VB
13454,East_Timor_2002,0,925,5,by,by,IN,IN
13455,East_Timor_2002,0,925,6,law,law,NN,NN
13456,East_Timor_2002,0,925,8,which,which,WDT,WD
13457,East_Timor_2002,0,925,9,shall,shall,MD,MD
13458,East_Timor_2002,0,925,10,determine,determine,VB,VB
13459,East_Timor_2002,0,925,11,the,the,DT,DT
13460,East_Timor_2002,0,925,12,incidence,incidence,NN,NN
13461,East_Timor_2002,0,925,14,tax,tax,NN,NN
13462,East_Timor_2002,0,925,15,benefits,benefits,NNS,NN
13463,East_Timor_2002,0,925,16,and,and,CC,CC
13464,East_Timor_2002,0,925,17,guarantees,guarantees,NNS,NN
13465,East_Timor_2002,0,925,18,of,of,IN,IN
13466,East_Timor_2002,0,925,19,taxpayers,taxpayers,NNS,NN
13467,East_Timor_2002,0,926,0,Article,article,NN,NN
13468,East_Timor_2002,0,926,1,145,145,CD,CD
13469,East_Timor_2002,0,927,0,State,state,NNP,NN
13470,East_Timor_2002,0,927,1,Budget,budget,NNP,NN
13471,East_Timor_2002,0,927,2,Share,share,NNP,NN
13472,East_Timor_2002,0,927,3,1,1,CD,CD
13473,East_Timor_2002,0,928,0,The,the,DT,DT
13474,East_Timor_2002,0,928,1,State,state,NNP,NN
13475,East_Timor_2002,0,928,2,Budget,budget,NNP,NN
13476,East_Timor_2002,0,928,3,is,is,VBZ,VB
13477,East_Timor_2002,0,928,4,prepared,prepared,VBN,VB
13478,East_Timor_2002,0,928,5,by,by,IN,IN
13479,East_Timor_2002,0,928,6,the,the,DT,DT
13480,East_Timor_2002,0,928,7,Government,government,NNP,NN
13481,East_Timor_2002,0,928,8,and,and,CC,CC
13482,East_Timor_2002,0,928,9,approved,approved,VBN,VB
13483,East_Timor_2002,0,928,10,by,by,IN,IN
13484,East_Timor_2002,0,928,11,the,the,DT,DT
13485,East_Timor_2002,0,928,12,National,national,NNP,NN
13486,East_Timor_2002,0,928,13,Parliament,parliament,NNP,NN
13487,East_Timor_2002,0,929,0,2,2,CD,CD
13488,East_Timor_2002,0,930,0,The,the,DT,DT
13489,East_Timor_2002,0,930,1,Budget,budget,NNP,NN
13490,East_Timor_2002,0,930,2,law,law,NN,NN
13491,East_Timor_2002,0,930,3,shall,shall,MD,MD
13492,East_Timor_2002,0,930,4,provide,provide,VB,VB
13493,East_Timor_2002,0,930,6,based,based,VBN,VB
13494,East_Timor_2002,0,930,7,on,on,IN,IN
13495,East_Timor_2002,0,930,8,efficiency,efficiency,NN,NN
13496,East_Timor_2002,0,930,9,and,and,CC,CC
13497,East_Timor_2002,0,930,10,efficacy,efficacy,NN,NN
13498,East_Timor_2002,0,930,12,a,a,DT,DT
13499,East_Timor_2002,0,930,13,breakdown,breakdown,NN,NN
13500,East_Timor_2002,0,930,14,of,of,IN,IN
13501,East_Timor_2002,0,930,15,the,the,DT,DT
13502,East_Timor_2002,0,930,16,revenues,revenues,NNS,NN
13503,East_Timor_2002,0,930,17,and,and,CC,CC
13504,East_Timor_2002,0,930,18,expenditures,expenditures,NNS,NN
13505,East_Timor_2002,0,930,19,of,of,IN,IN
13506,East_Timor_2002,0,930,20,the,the,DT,DT
13507,East_Timor_2002,0,930,21,State,state,NNP,NN
13508,East_Timor_2002,0,930,23,as,as,RB,RB
13509,East_Timor_2002,0,930,24,well,well,RB,RB
13510,East_Timor_2002,0,930,25,as,as,IN,IN
13511,East_Timor_2002,0,930,26,preclude,preclude,NN,NN
13512,East_Timor_2002,0,930,27,the,the,DT,DT
13513,East_Timor_2002,0,930,28,existence,existence,NN,NN
13514,East_Timor_2002,0,930,29,of,of,IN,IN
13515,East_Timor_2002,0,930,30,secret,secret,JJ,JJ
13516,East_Timor_2002,0,930,31,appropriations,appropriations,NNS,NN
13517,East_Timor_2002,0,930,32,and,and,CC,CC
13518,East_Timor_2002,0,930,33,funds,funds,NNS,NN
13519,East_Timor_2002,0,931,0,3,3,CD,CD
13520,East_Timor_2002,0,932,0,The,the,DT,DT
13521,East_Timor_2002,0,932,1,execution,execution,NN,NN
13522,East_Timor_2002,0,932,2,of,of,IN,IN
13523,East_Timor_2002,0,932,3,the,the,DT,DT
13524,East_Timor_2002,0,932,4,Budget,budget,NNP,NN
13525,East_Timor_2002,0,932,5,is,is,VBZ,VB
13526,East_Timor_2002,0,932,6,monitored,monitored,VBN,VB
13527,East_Timor_2002,0,932,7,by,by,IN,IN
13528,East_Timor_2002,0,932,8,the,the,DT,DT
13529,East_Timor_2002,0,932,9,High,high,NNP,NN
13530,East_Timor_2002,0,932,10,Administrative,administrative,NNP,NN
13531,East_Timor_2002,0,932,12,Tax,tax,NNP,NN
13532,East_Timor_2002,0,932,13,and,and,CC,CC
13533,East_Timor_2002,0,932,14,Audit,audit,NNP,NN
13534,East_Timor_2002,0,932,15,Court,court,NNP,NN
13535,East_Timor_2002,0,932,16,and,and,CC,CC
13536,East_Timor_2002,0,932,17,by,by,IN,IN
13537,East_Timor_2002,0,932,18,the,the,DT,DT
13538,East_Timor_2002,0,932,19,National,national,NNP,NN
13539,East_Timor_2002,0,932,20,Parliament,parliament,NNP,NN
13540,East_Timor_2002,0,933,0,PART,part,NN,NN
13541,East_Timor_2002,0,933,1,V.,v,NNP,NN
13542,East_Timor_2002,0,933,2,NATIONAL,national,NNP,NN
13543,East_Timor_2002,0,933,3,DEFENSE,defense,NNP,NN
13544,East_Timor_2002,0,933,4,AND,and,NNP,NN
13545,East_Timor_2002,0,933,5,SECURITY,security,NNP,NN
13546,East_Timor_2002,0,933,6,Article,article,NNP,NN
13547,East_Timor_2002,0,933,7,146,146,CD,CD
13548,East_Timor_2002,0,934,0,Defense,defense,NNP,NN
13549,East_Timor_2002,0,934,1,Force,force,NNP,NN
13550,East_Timor_2002,0,934,2,Share,share,NNP,NN
13551,East_Timor_2002,0,934,3,1,1,CD,CD
13552,East_Timor_2002,0,935,0,The,the,DT,DT
13553,East_Timor_2002,0,935,1,armed,armed,JJ,JJ
13554,East_Timor_2002,0,935,2,forces,forces,NNS,NN
13555,East_Timor_2002,0,935,3,of,of,IN,IN
13556,East_Timor_2002,0,935,4,East,east,NNP,NN
13557,East_Timor_2002,0,935,5,Timor,timor,NNP,NN
13558,East_Timor_2002,0,935,7,FALINTIL-ETDF,falintiletdf,NNP,NN
13559,East_Timor_2002,0,935,9,composed,composed,VBD,VB
13560,East_Timor_2002,0,935,10,exclusively,exclusively,RB,RB
13561,East_Timor_2002,0,935,11,by,by,IN,IN
13562,East_Timor_2002,0,935,12,national,national,JJ,JJ
13563,East_Timor_2002,0,935,13,citizens,citizens,NNS,NN
13564,East_Timor_2002,0,935,15,have,have,VBP,VB
13565,East_Timor_2002,0,935,16,the,the,DT,DT
13566,East_Timor_2002,0,935,17,responsibility,responsibility,NN,NN
13567,East_Timor_2002,0,935,18,of,of,IN,IN
13568,East_Timor_2002,0,935,19,providing,providing,VBG,VB
13569,East_Timor_2002,0,935,20,military,military,JJ,JJ
13570,East_Timor_2002,0,935,21,defense,defense,NN,NN
13571,East_Timor_2002,0,935,22,for,for,IN,IN
13572,East_Timor_2002,0,935,23,the,the,DT,DT
13573,East_Timor_2002,0,935,24,Democratic,democratic,JJ,JJ
13574,East_Timor_2002,0,935,25,Republic,republic,NNP,NN
13575,East_Timor_2002,0,935,26,of,of,IN,IN
13576,East_Timor_2002,0,935,27,East,east,NNP,NN
13577,East_Timor_2002,0,935,28,Timor,timor,NNP,NN
13578,East_Timor_2002,0,935,29,and,and,CC,CC
13579,East_Timor_2002,0,935,30,shall,shall,MD,MD
13580,East_Timor_2002,0,935,31,have,have,VB,VB
13581,East_Timor_2002,0,935,32,a,a,DT,DT
13582,East_Timor_2002,0,935,33,single,single,JJ,JJ
13583,East_Timor_2002,0,935,34,system,system,NN,NN
13584,East_Timor_2002,0,935,35,of,of,IN,IN
13585,East_Timor_2002,0,935,36,organization,organization,NN,NN
13586,East_Timor_2002,0,935,37,for,for,IN,IN
13587,East_Timor_2002,0,935,38,the,the,DT,DT
13588,East_Timor_2002,0,935,39,whole,whole,JJ,JJ
13589,East_Timor_2002,0,935,40,national,national,JJ,JJ
13590,East_Timor_2002,0,935,41,territory,territory,NN,NN
13591,East_Timor_2002,0,936,0,2,2,CD,CD
13592,East_Timor_2002,0,937,0,FALINTIL-ETDF,falintiletdf,NNP,NN
13593,East_Timor_2002,0,937,1,shall,shall,MD,MD
13594,East_Timor_2002,0,937,2,guarantee,guarantee,VB,VB
13595,East_Timor_2002,0,937,3,national,national,JJ,JJ
13596,East_Timor_2002,0,937,4,independence,independence,NN,NN
13597,East_Timor_2002,0,937,6,territorial,territorial,JJ,JJ
13598,East_Timor_2002,0,937,7,integrity,integrity,NN,NN
13599,East_Timor_2002,0,937,8,and,and,CC,CC
13600,East_Timor_2002,0,937,9,the,the,DT,DT
13601,East_Timor_2002,0,937,10,freedom,freedom,NN,NN
13602,East_Timor_2002,0,937,11,and,and,CC,CC
13603,East_Timor_2002,0,937,12,security,security,NN,NN
13604,East_Timor_2002,0,937,13,of,of,IN,IN
13605,East_Timor_2002,0,937,14,the,the,DT,DT
13606,East_Timor_2002,0,937,15,populations,populations,NNS,NN
13607,East_Timor_2002,0,937,16,against,against,IN,IN
13608,East_Timor_2002,0,937,17,any,any,DT,DT
13609,East_Timor_2002,0,937,18,aggression,aggression,NN,NN
13610,East_Timor_2002,0,937,19,or,or,CC,CC
13611,East_Timor_2002,0,937,20,external,external,JJ,JJ
13612,East_Timor_2002,0,937,21,threat,threat,NN,NN
13613,East_Timor_2002,0,937,23,in,in,IN,IN
13614,East_Timor_2002,0,937,24,respect,respect,NN,NN
13615,East_Timor_2002,0,937,25,for,for,IN,IN
13616,East_Timor_2002,0,937,26,the,the,DT,DT
13617,East_Timor_2002,0,937,27,constitutional,constitutional,JJ,JJ
13618,East_Timor_2002,0,937,28,order,order,NN,NN
13619,East_Timor_2002,0,938,0,3,3,CD,CD
13620,East_Timor_2002,0,939,0,FALINTIL-ETDF,falintiletdf,NNP,NN
13621,East_Timor_2002,0,939,1,shall,shall,MD,MD
13622,East_Timor_2002,0,939,2,be,be,VB,VB
13623,East_Timor_2002,0,939,3,non-partisan,nonpartisan,JJ,JJ
13624,East_Timor_2002,0,939,4,and,and,CC,CC
13625,East_Timor_2002,0,939,5,shall,shall,MD,MD
13626,East_Timor_2002,0,939,6,owe,owe,VB,VB
13627,East_Timor_2002,0,939,7,obedience,obedience,NN,NN
13628,East_Timor_2002,0,939,8,to,to,TO,TO
13629,East_Timor_2002,0,939,9,the,the,DT,DT
13630,East_Timor_2002,0,939,10,competent,competent,JJ,JJ
13631,East_Timor_2002,0,939,11,organs,organs,NNS,NN
13632,East_Timor_2002,0,939,12,of,of,IN,IN
13633,East_Timor_2002,0,939,13,sovereignty,sovereignty,NN,NN
13634,East_Timor_2002,0,939,14,in,in,IN,IN
13635,East_Timor_2002,0,939,15,accordance,accordance,NN,NN
13636,East_Timor_2002,0,939,16,with,with,IN,IN
13637,East_Timor_2002,0,939,17,the,the,DT,DT
13638,East_Timor_2002,0,939,18,Constitution,constitution,NNP,NN
13639,East_Timor_2002,0,939,19,and,and,CC,CC
13640,East_Timor_2002,0,939,20,the,the,DT,DT
13641,East_Timor_2002,0,939,21,laws,laws,NNS,NN
13642,East_Timor_2002,0,939,23,and,and,CC,CC
13643,East_Timor_2002,0,939,24,shall,shall,MD,MD
13644,East_Timor_2002,0,939,25,not,not,RB,RB
13645,East_Timor_2002,0,939,26,intervene,intervene,VB,VB
13646,East_Timor_2002,0,939,27,in,in,IN,IN
13647,East_Timor_2002,0,939,28,any,any,DT,DT
13648,East_Timor_2002,0,939,29,political,political,JJ,JJ
13649,East_Timor_2002,0,939,30,matter,matter,NN,NN
13650,East_Timor_2002,0,940,0,Article,article,NN,NN
13651,East_Timor_2002,0,940,1,147,147,CD,CD
13652,East_Timor_2002,0,941,0,Police,police,NNS,NN
13653,East_Timor_2002,0,941,1,and,and,CC,CC
13654,East_Timor_2002,0,941,2,Security,security,NNP,NN
13655,East_Timor_2002,0,941,3,Forces,forces,NNP,NN
13656,East_Timor_2002,0,941,4,Share,share,NNP,NN
13657,East_Timor_2002,0,941,5,1,1,CD,CD
13658,East_Timor_2002,0,942,0,The,the,DT,DT
13659,East_Timor_2002,0,942,1,police,police,NN,NN
13660,East_Timor_2002,0,942,2,shall,shall,MD,MD
13661,East_Timor_2002,0,942,3,defend,defend,VB,VB
13662,East_Timor_2002,0,942,4,the,the,DT,DT
13663,East_Timor_2002,0,942,5,democratic,democratic,JJ,JJ
13664,East_Timor_2002,0,942,6,legality,legality,NN,NN
13665,East_Timor_2002,0,942,7,and,and,CC,CC
13666,East_Timor_2002,0,942,8,guarantee,guarantee,NN,NN
13667,East_Timor_2002,0,942,9,the,the,DT,DT
13668,East_Timor_2002,0,942,10,internal,internal,JJ,JJ
13669,East_Timor_2002,0,942,11,security,security,NN,NN
13670,East_Timor_2002,0,942,12,of,of,IN,IN
13671,East_Timor_2002,0,942,13,the,the,DT,DT
13672,East_Timor_2002,0,942,14,citizens,citizens,NNS,NN
13673,East_Timor_2002,0,942,16,and,and,CC,CC
13674,East_Timor_2002,0,942,17,shall,shall,MD,MD
13675,East_Timor_2002,0,942,18,be,be,VB,VB
13676,East_Timor_2002,0,942,19,strictly,strictly,RB,RB
13677,East_Timor_2002,0,942,20,non-partisan,nonpartisan,JJ,JJ
13678,East_Timor_2002,0,943,0,2,2,CD,CD
13679,East_Timor_2002,0,944,0,The,the,DT,DT
13680,East_Timor_2002,0,944,1,prevention,prevention,NN,NN
13681,East_Timor_2002,0,944,2,of,of,IN,IN
13682,East_Timor_2002,0,944,3,crime,crime,NN,NN
13683,East_Timor_2002,0,944,4,shall,shall,MD,MD
13684,East_Timor_2002,0,944,5,be,be,VB,VB
13685,East_Timor_2002,0,944,6,undertaken,undertaken,VBN,VB
13686,East_Timor_2002,0,944,7,with,with,IN,IN
13687,East_Timor_2002,0,944,8,due,due,JJ,JJ
13688,East_Timor_2002,0,944,9,respect,respect,NN,NN
13689,East_Timor_2002,0,944,10,for,for,IN,IN
13690,East_Timor_2002,0,944,11,human,human,JJ,JJ
13691,East_Timor_2002,0,944,12,rights,rights,NNS,NN
13692,East_Timor_2002,0,945,0,3,3,CD,CD
13693,East_Timor_2002,0,946,0,The,the,DT,DT
13694,East_Timor_2002,0,946,1,law,law,NN,NN
13695,East_Timor_2002,0,946,2,shall,shall,MD,MD
13696,East_Timor_2002,0,946,3,determine,determine,VB,VB
13697,East_Timor_2002,0,946,4,the,the,DT,DT
13698,East_Timor_2002,0,946,5,rules,rules,NNS,NN
13699,East_Timor_2002,0,946,6,and,and,CC,CC
13700,East_Timor_2002,0,946,7,regulations,regulations,NNS,NN
13701,East_Timor_2002,0,946,8,for,for,IN,IN
13702,East_Timor_2002,0,946,9,the,the,DT,DT
13703,East_Timor_2002,0,946,10,police,police,NN,NN
13704,East_Timor_2002,0,946,11,and,and,CC,CC
13705,East_Timor_2002,0,946,12,other,other,JJ,JJ
13706,East_Timor_2002,0,946,13,security,security,NN,NN
13707,East_Timor_2002,0,946,14,forces,forces,NNS,NN
13708,East_Timor_2002,0,947,0,Article,article,NN,NN
13709,East_Timor_2002,0,947,1,148,148,CD,CD
13710,East_Timor_2002,0,948,0,Superior,superior,JJ,JJ
13711,East_Timor_2002,0,948,1,Council,council,NNP,NN
13712,East_Timor_2002,0,948,2,of,of,IN,IN
13713,East_Timor_2002,0,948,3,Defense,defense,NNP,NN
13714,East_Timor_2002,0,948,4,and,and,CC,CC
13715,East_Timor_2002,0,948,5,Security,security,NNP,NN
13716,East_Timor_2002,0,948,6,Share,share,NNP,NN
13717,East_Timor_2002,0,948,7,1,1,CD,CD
13718,East_Timor_2002,0,949,0,The,the,DT,DT
13719,East_Timor_2002,0,949,1,Superior,superior,NNP,NN
13720,East_Timor_2002,0,949,2,Council,council,NNP,NN
13721,East_Timor_2002,0,949,3,of,of,IN,IN
13722,East_Timor_2002,0,949,4,Defense,defense,NNP,NN
13723,East_Timor_2002,0,949,5,and,and,CC,CC
13724,East_Timor_2002,0,949,6,Security,security,NNP,NN
13725,East_Timor_2002,0,949,7,is,is,VBZ,VB
13726,East_Timor_2002,0,949,8,the,the,DT,DT
13727,East_Timor_2002,0,949,9,consultative,consultative,JJ,JJ
13728,East_Timor_2002,0,949,10,organ,organ,NN,NN
13729,East_Timor_2002,0,949,11,of,of,IN,IN
13730,East_Timor_2002,0,949,12,the,the,DT,DT
13731,East_Timor_2002,0,949,13,President,president,NNP,NN
13732,East_Timor_2002,0,949,14,of,of,IN,IN
13733,East_Timor_2002,0,949,15,the,the,DT,DT
13734,East_Timor_2002,0,949,16,Republic,republic,NNP,NN
13735,East_Timor_2002,0,949,17,on,on,IN,IN
13736,East_Timor_2002,0,949,18,matters,matters,NNS,NN
13737,East_Timor_2002,0,949,19,relating,relating,VBG,VB
13738,East_Timor_2002,0,949,20,to,to,TO,TO
13739,East_Timor_2002,0,949,21,the,the,DT,DT
13740,East_Timor_2002,0,949,22,defense,defense,NN,NN
13741,East_Timor_2002,0,949,23,and,and,CC,CC
13742,East_Timor_2002,0,949,24,sovereignty,sovereignty,NN,NN
13743,East_Timor_2002,0,950,0,2,2,CD,CD
13744,East_Timor_2002,0,951,0,The,the,DT,DT
13745,East_Timor_2002,0,951,1,Superior,superior,NNP,NN
13746,East_Timor_2002,0,951,2,Council,council,NNP,NN
13747,East_Timor_2002,0,951,3,for,for,IN,IN
13748,East_Timor_2002,0,951,4,Defense,defense,NNP,NN
13749,East_Timor_2002,0,951,5,and,and,CC,CC
13750,East_Timor_2002,0,951,6,Security,security,NNP,NN
13751,East_Timor_2002,0,951,7,is,is,VBZ,VB
13752,East_Timor_2002,0,951,8,presided,presided,VBN,VB
13753,East_Timor_2002,0,951,9,over,over,IN,IN
13754,East_Timor_2002,0,951,10,by,by,IN,IN
13755,East_Timor_2002,0,951,11,the,the,DT,DT
13756,East_Timor_2002,0,951,12,President,president,NNP,NN
13757,East_Timor_2002,0,951,13,of,of,IN,IN
13758,East_Timor_2002,0,951,14,the,the,DT,DT
13759,East_Timor_2002,0,951,15,Republic,republic,NNP,NN
13760,East_Timor_2002,0,951,16,and,and,CC,CC
13761,East_Timor_2002,0,951,17,must,must,MD,MD
13762,East_Timor_2002,0,951,18,include,include,VB,VB
13763,East_Timor_2002,0,951,19,civilian,civilian,JJ,JJ
13764,East_Timor_2002,0,951,20,and,and,CC,CC
13765,East_Timor_2002,0,951,21,military,military,JJ,JJ
13766,East_Timor_2002,0,951,22,representatives,representatives,NNS,NN
13767,East_Timor_2002,0,951,24,the,the,DT,DT
13768,East_Timor_2002,0,951,25,number,number,NN,NN
13769,East_Timor_2002,0,951,26,of,of,IN,IN
13770,East_Timor_2002,0,951,27,civilian,civilian,JJ,JJ
13771,East_Timor_2002,0,951,28,entities,entities,NNS,NN
13772,East_Timor_2002,0,951,29,being,being,VBG,VB
13773,East_Timor_2002,0,951,30,higher,higher,JJR,JJ
13774,East_Timor_2002,0,951,31,than,than,IN,IN
13775,East_Timor_2002,0,951,32,the,the,DT,DT
13776,East_Timor_2002,0,951,33,number,number,NN,NN
13777,East_Timor_2002,0,951,34,of,of,IN,IN
13778,East_Timor_2002,0,951,35,military,military,JJ,JJ
13779,East_Timor_2002,0,951,36,representatives,representatives,NNS,NN
13780,East_Timor_2002,0,952,0,3,3,CD,CD
13781,East_Timor_2002,0,953,0,The,the,DT,DT
13782,East_Timor_2002,0,953,1,composition,composition,NN,NN
13783,East_Timor_2002,0,953,3,organization,organization,NN,NN
13784,East_Timor_2002,0,953,4,and,and,CC,CC
13785,East_Timor_2002,0,953,5,the,the,DT,DT
13786,East_Timor_2002,0,953,6,functioning,functioning,NN,NN
13787,East_Timor_2002,0,953,7,of,of,IN,IN
13788,East_Timor_2002,0,953,8,the,the,DT,DT
13789,East_Timor_2002,0,953,9,Superior,superior,NNP,NN
13790,East_Timor_2002,0,953,10,Council,council,NNP,NN
13791,East_Timor_2002,0,953,11,for,for,IN,IN
13792,East_Timor_2002,0,953,12,Defense,defense,NNP,NN
13793,East_Timor_2002,0,953,13,and,and,CC,CC
13794,East_Timor_2002,0,953,14,Security,security,NNP,NN
13795,East_Timor_2002,0,953,15,shall,shall,MD,MD
13796,East_Timor_2002,0,953,16,be,be,VB,VB
13797,East_Timor_2002,0,953,17,defined,defined,VBN,VB
13798,East_Timor_2002,0,953,18,by,by,IN,IN
13799,East_Timor_2002,0,953,19,law,law,NN,NN
13800,East_Timor_2002,0,954,0,PART,part,NN,NN
13801,East_Timor_2002,0,954,1,VI,vi,NNP,NN
13802,East_Timor_2002,0,955,0,GUARANTEE,guarantee,NN,NN
13803,East_Timor_2002,0,955,1,AND,and,CC,CC
13804,East_Timor_2002,0,955,2,REVISION,revision,NNP,NN
13805,East_Timor_2002,0,955,3,OF,of,IN,IN
13806,East_Timor_2002,0,955,4,THE,the,NNP,NN
13807,East_Timor_2002,0,955,5,CONSTITUTION,constitution,NNP,NN
13808,East_Timor_2002,0,955,6,TITLE,title,NNP,NN
13809,East_Timor_2002,0,955,7,I,i,PRP,PR
13810,East_Timor_2002,0,956,0,GUARANTEE,guarantee,NN,NN
13811,East_Timor_2002,0,956,1,OF,of,IN,IN
13812,East_Timor_2002,0,956,2,THE,the,NNP,NN
13813,East_Timor_2002,0,956,3,CONSTITUTION,constitution,NNP,NN
13814,East_Timor_2002,0,956,4,Article,article,NNP,NN
13815,East_Timor_2002,0,956,5,149,149,CD,CD
13816,East_Timor_2002,0,957,0,Anticipatory,anticipatory,NNP,NN
13817,East_Timor_2002,0,957,1,Review,review,NNP,NN
13818,East_Timor_2002,0,957,3,fiscalização,fiscalização,JJ,JJ
13819,East_Timor_2002,0,957,4,preventiva,preventiva,NN,NN
13820,East_Timor_2002,0,957,6,of,of,IN,IN
13821,East_Timor_2002,0,957,7,Constitutionality,constitutionality,NNP,NN
13822,East_Timor_2002,0,957,8,Share,share,NNP,NN
13823,East_Timor_2002,0,957,9,1,1,CD,CD
13824,East_Timor_2002,0,958,0,The,the,DT,DT
13825,East_Timor_2002,0,958,1,President,president,NNP,NN
13826,East_Timor_2002,0,958,2,of,of,IN,IN
13827,East_Timor_2002,0,958,3,the,the,DT,DT
13828,East_Timor_2002,0,958,4,Republic,republic,NNP,NN
13829,East_Timor_2002,0,958,5,may,may,MD,MD
13830,East_Timor_2002,0,958,6,request,request,VB,VB
13831,East_Timor_2002,0,958,7,the,the,DT,DT
13832,East_Timor_2002,0,958,8,Supreme,supreme,NNP,NN
13833,East_Timor_2002,0,958,9,Court,court,NNP,NN
13834,East_Timor_2002,0,958,10,of,of,IN,IN
13835,East_Timor_2002,0,958,11,Justice,justice,NNP,NN
13836,East_Timor_2002,0,958,12,to,to,TO,TO
13837,East_Timor_2002,0,958,13,undertake,undertake,VB,VB
13838,East_Timor_2002,0,958,14,an,an,DT,DT
13839,East_Timor_2002,0,958,15,anticipatory,anticipatory,JJ,JJ
13840,East_Timor_2002,0,958,16,review,review,NN,NN
13841,East_Timor_2002,0,958,17,of,of,IN,IN
13842,East_Timor_2002,0,958,18,the,the,DT,DT
13843,East_Timor_2002,0,958,19,constitutionality,constitutionality,NN,NN
13844,East_Timor_2002,0,958,20,of,of,IN,IN
13845,East_Timor_2002,0,958,21,any,any,DT,DT
13846,East_Timor_2002,0,958,22,bill,bill,NN,NN
13847,East_Timor_2002,0,958,23,submitted,submitted,VBN,VB
13848,East_Timor_2002,0,958,24,to,to,TO,TO
13849,East_Timor_2002,0,958,25,him,him,PRP,PR
13850,East_Timor_2002,0,958,26,or,or,CC,CC
13851,East_Timor_2002,0,958,27,her,her,PRP$,PR
13852,East_Timor_2002,0,958,28,for,for,IN,IN
13853,East_Timor_2002,0,958,29,promulgation,promulgation,NN,NN
13854,East_Timor_2002,0,959,0,2,2,CD,CD
13855,East_Timor_2002,0,960,0,The,the,DT,DT
13856,East_Timor_2002,0,960,1,preventive,preventive,JJ,JJ
13857,East_Timor_2002,0,960,2,review,review,NN,NN
13858,East_Timor_2002,0,960,3,of,of,IN,IN
13859,East_Timor_2002,0,960,4,the,the,DT,DT
13860,East_Timor_2002,0,960,5,constitutionality,constitutionality,NN,NN
13861,East_Timor_2002,0,960,6,may,may,MD,MD
13862,East_Timor_2002,0,960,7,be,be,VB,VB
13863,East_Timor_2002,0,960,8,requested,requested,VBN,VB
13864,East_Timor_2002,0,960,9,within,within,IN,IN
13865,East_Timor_2002,0,960,10,twenty,twenty,JJ,JJ
13866,East_Timor_2002,0,960,11,days,days,NNS,NN
13867,East_Timor_2002,0,960,12,from,from,IN,IN
13868,East_Timor_2002,0,960,13,the,the,DT,DT
13869,East_Timor_2002,0,960,14,date,date,NN,NN
13870,East_Timor_2002,0,960,15,on,on,IN,IN
13871,East_Timor_2002,0,960,16,which,which,WDT,WD
13872,East_Timor_2002,0,960,17,the,the,DT,DT
13873,East_Timor_2002,0,960,18,bill,bill,NN,NN
13874,East_Timor_2002,0,960,19,is,is,VBZ,VB
13875,East_Timor_2002,0,960,20,received,received,VBN,VB
13876,East_Timor_2002,0,960,22,and,and,CC,CC
13877,East_Timor_2002,0,960,23,the,the,DT,DT
13878,East_Timor_2002,0,960,24,Supreme,supreme,NNP,NN
13879,East_Timor_2002,0,960,25,Court,court,NNP,NN
13880,East_Timor_2002,0,960,26,of,of,IN,IN
13881,East_Timor_2002,0,960,27,Justice,justice,NNP,NN
13882,East_Timor_2002,0,960,28,shall,shall,MD,MD
13883,East_Timor_2002,0,960,29,hand,hand,NN,NN
13884,East_Timor_2002,0,960,30,down,down,RP,RP
13885,East_Timor_2002,0,960,31,its,its,PRP$,PR
13886,East_Timor_2002,0,960,32,ruling,ruling,NN,NN
13887,East_Timor_2002,0,960,33,within,within,IN,IN
13888,East_Timor_2002,0,960,34,twenty-five,twentyfive,JJ,JJ
13889,East_Timor_2002,0,960,35,days,days,NNS,NN
13890,East_Timor_2002,0,960,37,a,a,DT,DT
13891,East_Timor_2002,0,960,38,time,time,NN,NN
13892,East_Timor_2002,0,960,39,limit,limit,NN,NN
13893,East_Timor_2002,0,960,40,that,that,WDT,WD
13894,East_Timor_2002,0,960,41,may,may,MD,MD
13895,East_Timor_2002,0,960,42,be,be,VB,VB
13896,East_Timor_2002,0,960,43,reduced,reduced,VBN,VB
13897,East_Timor_2002,0,960,44,by,by,IN,IN
13898,East_Timor_2002,0,960,45,the,the,DT,DT
13899,East_Timor_2002,0,960,46,President,president,NNP,NN
13900,East_Timor_2002,0,960,47,of,of,IN,IN
13901,East_Timor_2002,0,960,48,the,the,DT,DT
13902,East_Timor_2002,0,960,49,Republic,republic,NNP,NN
13903,East_Timor_2002,0,960,50,for,for,IN,IN
13904,East_Timor_2002,0,960,51,reasons,reasons,NNS,NN
13905,East_Timor_2002,0,960,52,of,of,IN,IN
13906,East_Timor_2002,0,960,53,urgency,urgency,NN,NN
13907,East_Timor_2002,0,961,0,3,3,CD,CD
13908,East_Timor_2002,0,962,0,If,if,IN,IN
13909,East_Timor_2002,0,962,1,the,the,DT,DT
13910,East_Timor_2002,0,962,2,Supreme,supreme,NNP,NN
13911,East_Timor_2002,0,962,3,Court,court,NNP,NN
13912,East_Timor_2002,0,962,4,of,of,IN,IN
13913,East_Timor_2002,0,962,5,Justice,justice,NNP,NN
13914,East_Timor_2002,0,962,6,rules,rules,NNS,NN
13915,East_Timor_2002,0,962,7,that,that,IN,IN
13916,East_Timor_2002,0,962,8,the,the,DT,DT
13917,East_Timor_2002,0,962,9,statute,statute,NN,NN
13918,East_Timor_2002,0,962,10,is,is,VBZ,VB
13919,East_Timor_2002,0,962,11,unconstitutional,unconstitutional,JJ,JJ
13920,East_Timor_2002,0,962,13,the,the,DT,DT
13921,East_Timor_2002,0,962,14,President,president,NNP,NN
13922,East_Timor_2002,0,962,15,of,of,IN,IN
13923,East_Timor_2002,0,962,16,the,the,DT,DT
13924,East_Timor_2002,0,962,17,Republic,republic,NNP,NN
13925,East_Timor_2002,0,962,18,shall,shall,MD,MD
13926,East_Timor_2002,0,962,19,send,send,VB,VB
13927,East_Timor_2002,0,962,20,a,a,DT,DT
13928,East_Timor_2002,0,962,21,copy,copy,NN,NN
13929,East_Timor_2002,0,962,22,of,of,IN,IN
13930,East_Timor_2002,0,962,23,the,the,DT,DT
13931,East_Timor_2002,0,962,24,ruling,ruling,NN,NN
13932,East_Timor_2002,0,962,25,within,within,IN,IN
13933,East_Timor_2002,0,962,26,twenty-five,twentyfive,JJ,JJ
13934,East_Timor_2002,0,962,27,days,days,NNS,NN
13935,East_Timor_2002,0,962,29,a,a,DT,DT
13936,East_Timor_2002,0,962,30,time,time,NN,NN
13937,East_Timor_2002,0,962,31,limit,limit,NN,NN
13938,East_Timor_2002,0,962,32,that,that,WDT,WD
13939,East_Timor_2002,0,962,33,may,may,MD,MD
13940,East_Timor_2002,0,962,34,be,be,VB,VB
13941,East_Timor_2002,0,962,35,reduced,reduced,VBN,VB
13942,East_Timor_2002,0,962,36,by,by,IN,IN
13943,East_Timor_2002,0,962,37,the,the,DT,DT
13944,East_Timor_2002,0,962,38,President,president,NNP,NN
13945,East_Timor_2002,0,962,39,of,of,IN,IN
13946,East_Timor_2002,0,962,40,the,the,DT,DT
13947,East_Timor_2002,0,962,41,Republic,republic,NNP,NN
13948,East_Timor_2002,0,962,42,for,for,IN,IN
13949,East_Timor_2002,0,962,43,reasons,reasons,NNS,NN
13950,East_Timor_2002,0,962,44,of,of,IN,IN
13951,East_Timor_2002,0,962,45,urgency,urgency,NN,NN
13952,East_Timor_2002,0,963,0,4,4,CD,CD
13953,East_Timor_2002,0,964,0,The,the,DT,DT
13954,East_Timor_2002,0,964,1,veto,veto,NN,NN
13955,East_Timor_2002,0,964,2,for,for,IN,IN
13956,East_Timor_2002,0,964,3,unconstitutionality,unconstitutionality,NN,NN
13957,East_Timor_2002,0,964,4,of,of,IN,IN
13958,East_Timor_2002,0,964,5,a,a,DT,DT
13959,East_Timor_2002,0,964,6,bill,bill,NN,NN
13960,East_Timor_2002,0,964,7,from,from,IN,IN
13961,East_Timor_2002,0,964,8,the,the,DT,DT
13962,East_Timor_2002,0,964,9,National,national,NNP,NN
13963,East_Timor_2002,0,964,10,Parliament,parliament,NNP,NN
13964,East_Timor_2002,0,964,11,that,that,WDT,WD
13965,East_Timor_2002,0,964,12,has,has,VBZ,VB
13966,East_Timor_2002,0,964,13,been,been,VBN,VB
13967,East_Timor_2002,0,964,14,submitted,submitted,VBN,VB
13968,East_Timor_2002,0,964,15,for,for,IN,IN
13969,East_Timor_2002,0,964,16,promulgation,promulgation,NN,NN
13970,East_Timor_2002,0,964,17,can,can,MD,MD
13971,East_Timor_2002,0,964,18,be,be,VB,VB
13972,East_Timor_2002,0,964,19,circumvented,circumvented,VBN,VB
13973,East_Timor_2002,0,964,20,under,under,IN,IN
13974,East_Timor_2002,0,964,21,Article,article,NNP,NN
13975,East_Timor_2002,0,964,22,88,88,CD,CD
13976,East_Timor_2002,0,964,24,with,with,IN,IN
13977,East_Timor_2002,0,964,25,the,the,DT,DT
13978,East_Timor_2002,0,964,26,necessary,necessary,JJ,JJ
13979,East_Timor_2002,0,964,27,adaptations,adaptations,NNS,NN
13980,East_Timor_2002,0,965,0,Article,article,NN,NN
13981,East_Timor_2002,0,965,1,150,150,CD,CD
13982,East_Timor_2002,0,966,0,Abstract,abstract,NNP,NN
13983,East_Timor_2002,0,966,1,Review,review,NNP,NN
13984,East_Timor_2002,0,966,2,of,of,IN,IN
13985,East_Timor_2002,0,966,3,Constitutionality,constitutionality,NNP,NN
13986,East_Timor_2002,0,966,4,Share,share,NNP,NN
13987,East_Timor_2002,0,966,5,A,a,NNP,NN
13988,East_Timor_2002,0,966,6,declaration,declaration,NN,NN
13989,East_Timor_2002,0,966,7,of,of,IN,IN
13990,East_Timor_2002,0,966,8,unconstitutionality,unconstitutionality,NN,NN
13991,East_Timor_2002,0,966,9,may,may,MD,MD
13992,East_Timor_2002,0,966,10,be,be,VB,VB
13993,East_Timor_2002,0,966,11,requested,requested,VBN,VB
13994,East_Timor_2002,0,966,12,by,by,IN,IN
13995,East_Timor_2002,0,966,14,a.the,athe,JJ,JJ
13996,East_Timor_2002,0,966,15,President,president,NNP,NN
13997,East_Timor_2002,0,966,16,of,of,IN,IN
13998,East_Timor_2002,0,966,17,the,the,DT,DT
13999,East_Timor_2002,0,966,18,Republic,republic,NNP,NN
14000,East_Timor_2002,0,966,20,b.the,bthe,PRP$,PR
14001,East_Timor_2002,0,966,21,President,president,NNP,NN
14002,East_Timor_2002,0,966,22,of,of,IN,IN
14003,East_Timor_2002,0,966,23,the,the,DT,DT
14004,East_Timor_2002,0,966,24,National,national,NNP,NN
14005,East_Timor_2002,0,966,25,Parliament,parliament,NNP,NN
14006,East_Timor_2002,0,966,27,c.the,cthe,JJ,JJ
14007,East_Timor_2002,0,966,28,Prosecutor-General,prosecutorgeneral,NNP,NN
14008,East_Timor_2002,0,966,30,based,based,VBN,VB
14009,East_Timor_2002,0,966,31,on,on,IN,IN
14010,East_Timor_2002,0,966,32,the,the,DT,DT
14011,East_Timor_2002,0,966,33,refusal,refusal,NN,NN
14012,East_Timor_2002,0,966,34,by,by,IN,IN
14013,East_Timor_2002,0,966,35,the,the,DT,DT
14014,East_Timor_2002,0,966,36,courts,courts,NNS,NN
14015,East_Timor_2002,0,966,38,in,in,IN,IN
14016,East_Timor_2002,0,966,39,three,three,CD,CD
14017,East_Timor_2002,0,966,40,concrete,concrete,JJ,JJ
14018,East_Timor_2002,0,966,41,cases,cases,NNS,NN
14019,East_Timor_2002,0,966,43,to,to,TO,TO
14020,East_Timor_2002,0,966,44,apply,apply,VB,VB
14021,East_Timor_2002,0,966,45,a,a,DT,DT
14022,East_Timor_2002,0,966,46,statute,statute,NN,NN
14023,East_Timor_2002,0,966,47,deemed,deemed,VBN,VB
14024,East_Timor_2002,0,966,48,unconstitutional,unconstitutional,JJ,JJ
14025,East_Timor_2002,0,966,50,d.the,dthe,JJ,JJ
14026,East_Timor_2002,0,966,51,Prime,prime,NNP,NN
14027,East_Timor_2002,0,966,52,Minister,minister,NNP,NN
14028,East_Timor_2002,0,966,54,e.one-fifth,eonefifth,JJ,JJ
14029,East_Timor_2002,0,966,55,of,of,IN,IN
14030,East_Timor_2002,0,966,56,the,the,DT,DT
14031,East_Timor_2002,0,966,57,Members,members,NNS,NN
14032,East_Timor_2002,0,966,58,of,of,IN,IN
14033,East_Timor_2002,0,966,59,the,the,DT,DT
14034,East_Timor_2002,0,966,60,National,national,NNP,NN
14035,East_Timor_2002,0,966,61,Parliament,parliament,NNP,NN
14036,East_Timor_2002,0,966,63,f.the,fthe,JJ,JJ
14037,East_Timor_2002,0,966,64,Ombudsman,ombudsman,NNP,NN
14038,East_Timor_2002,0,966,66,Provedor,provedor,NNP,NN
14039,East_Timor_2002,0,967,0,Article,article,NN,NN
14040,East_Timor_2002,0,967,1,151,151,CD,CD
14041,East_Timor_2002,0,968,0,Unconstitutionality,unconstitutionality,NN,NN
14042,East_Timor_2002,0,968,1,by,by,IN,IN
14043,East_Timor_2002,0,968,2,Omission,omission,NNP,NN
14044,East_Timor_2002,0,968,3,Share,share,NNP,NN
14045,East_Timor_2002,0,968,4,The,the,DT,DT
14046,East_Timor_2002,0,968,5,President,president,NNP,NN
14047,East_Timor_2002,0,968,6,of,of,IN,IN
14048,East_Timor_2002,0,968,7,the,the,DT,DT
14049,East_Timor_2002,0,968,8,Republic,republic,NNP,NN
14050,East_Timor_2002,0,968,10,the,the,DT,DT
14051,East_Timor_2002,0,968,11,Prosecutor-General,prosecutorgeneral,JJ,JJ
14052,East_Timor_2002,0,968,12,and,and,CC,CC
14053,East_Timor_2002,0,968,13,the,the,DT,DT
14054,East_Timor_2002,0,968,14,Ombudsman,ombudsman,NNP,NN
14055,East_Timor_2002,0,968,15,may,may,MD,MD
14056,East_Timor_2002,0,968,16,request,request,VB,VB
14057,East_Timor_2002,0,968,17,the,the,DT,DT
14058,East_Timor_2002,0,968,18,Supreme,supreme,NNP,NN
14059,East_Timor_2002,0,968,19,Court,court,NNP,NN
14060,East_Timor_2002,0,968,20,of,of,IN,IN
14061,East_Timor_2002,0,968,21,Justice,justice,NNP,NN
14062,East_Timor_2002,0,968,22,to,to,TO,TO
14063,East_Timor_2002,0,968,23,review,review,VB,VB
14064,East_Timor_2002,0,968,24,the,the,DT,DT
14065,East_Timor_2002,0,968,25,unconstitutionality,unconstitutionality,NN,NN
14066,East_Timor_2002,0,968,26,by,by,IN,IN
14067,East_Timor_2002,0,968,27,omission,omission,NN,NN
14068,East_Timor_2002,0,968,28,of,of,IN,IN
14069,East_Timor_2002,0,968,29,any,any,DT,DT
14070,East_Timor_2002,0,968,30,legislative,legislative,JJ,JJ
14071,East_Timor_2002,0,968,31,measures,measures,NNS,NN
14072,East_Timor_2002,0,968,32,deemed,deemed,VBD,VB
14073,East_Timor_2002,0,968,33,necessary,necessary,JJ,JJ
14074,East_Timor_2002,0,968,34,for,for,IN,IN
14075,East_Timor_2002,0,968,35,the,the,DT,DT
14076,East_Timor_2002,0,968,36,implementation,implementation,NN,NN
14077,East_Timor_2002,0,968,37,of,of,IN,IN
14078,East_Timor_2002,0,968,38,the,the,DT,DT
14079,East_Timor_2002,0,968,39,constitutional,constitutional,JJ,JJ
14080,East_Timor_2002,0,968,40,norms,norms,NNS,NN
14081,East_Timor_2002,0,969,0,Article,article,NN,NN
14082,East_Timor_2002,0,969,1,152,152,CD,CD
14083,East_Timor_2002,0,970,0,Appeals,appeals,NNS,NN
14084,East_Timor_2002,0,970,1,on,on,IN,IN
14085,East_Timor_2002,0,970,2,Constitutionality,constitutionality,NNP,NN
14086,East_Timor_2002,0,970,3,Share,share,NNP,NN
14087,East_Timor_2002,0,970,4,1,1,CD,CD
14088,East_Timor_2002,0,971,0,The,the,DT,DT
14089,East_Timor_2002,0,971,1,Supreme,supreme,NNP,NN
14090,East_Timor_2002,0,971,2,Court,court,NNP,NN
14091,East_Timor_2002,0,971,3,of,of,IN,IN
14092,East_Timor_2002,0,971,4,Justice,justice,NNP,NN
14093,East_Timor_2002,0,971,5,has,has,VBZ,VB
14094,East_Timor_2002,0,971,6,jurisdiction,jurisdiction,NN,NN
14095,East_Timor_2002,0,971,7,to,to,TO,TO
14096,East_Timor_2002,0,971,8,hear,hear,VB,VB
14097,East_Timor_2002,0,971,9,appeals,appeals,NNS,NN
14098,East_Timor_2002,0,971,10,against,against,IN,IN
14099,East_Timor_2002,0,971,11,any,any,DT,DT
14100,East_Timor_2002,0,971,12,of,of,IN,IN
14101,East_Timor_2002,0,971,13,the,the,DT,DT
14102,East_Timor_2002,0,971,14,following,following,JJ,JJ
14103,East_Timor_2002,0,971,15,court,court,NN,NN
14104,East_Timor_2002,0,971,16,decisions,decisions,NNS,NN
14105,East_Timor_2002,0,971,18,a.decisions,adecisions,NNS,NN
14106,East_Timor_2002,0,971,19,refusing,refusing,VBG,VB
14107,East_Timor_2002,0,971,20,to,to,TO,TO
14108,East_Timor_2002,0,971,21,apply,apply,VB,VB
14109,East_Timor_2002,0,971,22,a,a,DT,DT
14110,East_Timor_2002,0,971,23,legal,legal,JJ,JJ
14111,East_Timor_2002,0,971,24,rule,rule,NN,NN
14112,East_Timor_2002,0,971,25,on,on,IN,IN
14113,East_Timor_2002,0,971,26,the,the,DT,DT
14114,East_Timor_2002,0,971,27,grounds,grounds,NNS,NN
14115,East_Timor_2002,0,971,28,of,of,IN,IN
14116,East_Timor_2002,0,971,29,unconstitutionality,unconstitutionality,NN,NN
14117,East_Timor_2002,0,971,31,b.decisions,bdecisions,NNS,NN
14118,East_Timor_2002,0,971,32,applying,applying,VBG,VB
14119,East_Timor_2002,0,971,33,a,a,DT,DT
14120,East_Timor_2002,0,971,34,legal,legal,JJ,JJ
14121,East_Timor_2002,0,971,35,rule,rule,NN,NN
14122,East_Timor_2002,0,971,36,the,the,DT,DT
14123,East_Timor_2002,0,971,37,constitutionality,constitutionality,NN,NN
14124,East_Timor_2002,0,971,38,of,of,IN,IN
14125,East_Timor_2002,0,971,39,which,which,WDT,WD
14126,East_Timor_2002,0,971,40,was,was,VBD,VB
14127,East_Timor_2002,0,971,41,challenged,challenged,VBN,VB
14128,East_Timor_2002,0,971,42,during,during,IN,IN
14129,East_Timor_2002,0,971,43,the,the,DT,DT
14130,East_Timor_2002,0,971,44,proceedings,proceedings,NNS,NN
14131,East_Timor_2002,0,972,0,2,2,CD,CD
14132,East_Timor_2002,0,973,0,An,an,DT,DT
14133,East_Timor_2002,0,973,1,appeal,appeal,NN,NN
14134,East_Timor_2002,0,973,2,under,under,IN,IN
14135,East_Timor_2002,0,973,3,paragraph,paragraph,NN,NN
14136,East_Timor_2002,0,973,5,1,1,CD,CD
14137,East_Timor_2002,0,973,8,b,b,NN,NN
14138,East_Timor_2002,0,973,10,above,above,NN,NN
14139,East_Timor_2002,0,973,11,may,may,MD,MD
14140,East_Timor_2002,0,973,12,be,be,VB,VB
14141,East_Timor_2002,0,973,13,brought,brought,VBN,VB
14142,East_Timor_2002,0,973,14,only,only,RB,RB
14143,East_Timor_2002,0,973,15,by,by,IN,IN
14144,East_Timor_2002,0,973,16,the,the,DT,DT
14145,East_Timor_2002,0,973,17,party,party,NN,NN
14146,East_Timor_2002,0,973,18,who,who,WP,WP
14147,East_Timor_2002,0,973,19,raised,raised,VBD,VB
14148,East_Timor_2002,0,973,20,the,the,DT,DT
14149,East_Timor_2002,0,973,21,question,question,NN,NN
14150,East_Timor_2002,0,973,22,of,of,IN,IN
14151,East_Timor_2002,0,973,23,unconstitutionality,unconstitutionality,NN,NN
14152,East_Timor_2002,0,974,0,3,3,CD,CD
14153,East_Timor_2002,0,975,0,The,the,DT,DT
14154,East_Timor_2002,0,975,1,law,law,NN,NN
14155,East_Timor_2002,0,975,2,regulates,regulates,VBZ,VB
14156,East_Timor_2002,0,975,3,the,the,DT,DT
14157,East_Timor_2002,0,975,4,regime,regime,NN,NN
14158,East_Timor_2002,0,975,5,for,for,IN,IN
14159,East_Timor_2002,0,975,6,filing,filing,VBG,VB
14160,East_Timor_2002,0,975,7,appeals,appeals,NNS,NN
14161,East_Timor_2002,0,976,0,Article,article,NN,NN
14162,East_Timor_2002,0,976,1,153,153,CD,CD
14163,East_Timor_2002,0,977,0,Decisions,decisions,NNS,NN
14164,East_Timor_2002,0,977,1,of,of,IN,IN
14165,East_Timor_2002,0,977,2,the,the,DT,DT
14166,East_Timor_2002,0,977,3,Supreme,supreme,NNP,NN
14167,East_Timor_2002,0,977,4,Court,court,NNP,NN
14168,East_Timor_2002,0,977,5,of,of,IN,IN
14169,East_Timor_2002,0,977,6,Justice,justice,NNP,NN
14170,East_Timor_2002,0,977,7,Share,share,NNP,NN
14171,East_Timor_2002,0,977,8,The,the,DT,DT
14172,East_Timor_2002,0,977,9,decisions,decisions,NNS,NN
14173,East_Timor_2002,0,977,10,of,of,IN,IN
14174,East_Timor_2002,0,977,11,the,the,DT,DT
14175,East_Timor_2002,0,977,12,Supreme,supreme,NNP,NN
14176,East_Timor_2002,0,977,13,Court,court,NNP,NN
14177,East_Timor_2002,0,977,14,of,of,IN,IN
14178,East_Timor_2002,0,977,15,Justice,justice,NNP,NN
14179,East_Timor_2002,0,977,16,shall,shall,MD,MD
14180,East_Timor_2002,0,977,17,not,not,RB,RB
14181,East_Timor_2002,0,977,18,be,be,VB,VB
14182,East_Timor_2002,0,977,19,appealable,appealable,JJ,JJ
14183,East_Timor_2002,0,977,20,and,and,CC,CC
14184,East_Timor_2002,0,977,21,shall,shall,MD,MD
14185,East_Timor_2002,0,977,22,be,be,VB,VB
14186,East_Timor_2002,0,977,23,published,published,VBN,VB
14187,East_Timor_2002,0,977,24,in,in,IN,IN
14188,East_Timor_2002,0,977,25,the,the,DT,DT
14189,East_Timor_2002,0,977,26,official,official,JJ,JJ
14190,East_Timor_2002,0,977,27,gazette,gazette,NN,NN
14191,East_Timor_2002,0,977,29,and,and,CC,CC
14192,East_Timor_2002,0,977,30,have,have,VBP,VB
14193,East_Timor_2002,0,977,31,a,a,DT,DT
14194,East_Timor_2002,0,977,32,general,general,JJ,JJ
14195,East_Timor_2002,0,977,33,binding,binding,NN,NN
14196,East_Timor_2002,0,977,34,effect,effect,NN,NN
14197,East_Timor_2002,0,977,35,on,on,IN,IN
14198,East_Timor_2002,0,977,36,processes,processes,NNS,NN
14199,East_Timor_2002,0,977,37,of,of,IN,IN
14200,East_Timor_2002,0,977,38,abstract,abstract,NN,NN
14201,East_Timor_2002,0,977,39,and,and,CC,CC
14202,East_Timor_2002,0,977,40,concrete,concrete,JJ,JJ
14203,East_Timor_2002,0,977,41,monitoring,monitoring,NN,NN
14204,East_Timor_2002,0,977,43,when,when,WRB,WR
14205,East_Timor_2002,0,977,44,dealing,dealing,VBG,VB
14206,East_Timor_2002,0,977,45,with,with,IN,IN
14207,East_Timor_2002,0,977,46,unconstitutionality,unconstitutionality,NN,NN
14208,East_Timor_2002,0,978,0,TITLE,title,NNP,NN
14209,East_Timor_2002,0,978,1,II,ii,NNP,NN
14210,East_Timor_2002,0,979,0,CONSTITUTIONAL,constitutional,NNP,NN
14211,East_Timor_2002,0,979,1,REVISION,revision,NNP,NN
14212,East_Timor_2002,0,979,2,Article,article,NNP,NN
14213,East_Timor_2002,0,979,3,154,154,CD,CD
14214,East_Timor_2002,0,980,0,Initiative,initiative,NNP,NN
14215,East_Timor_2002,0,980,1,and,and,CC,CC
14216,East_Timor_2002,0,980,2,Time,time,NNP,NN
14217,East_Timor_2002,0,980,3,of,of,IN,IN
14218,East_Timor_2002,0,980,4,Revision,revision,NNP,NN
14219,East_Timor_2002,0,980,5,Share,share,NNP,NN
14220,East_Timor_2002,0,980,6,1,1,CD,CD
14221,East_Timor_2002,0,981,0,The,the,DT,DT
14222,East_Timor_2002,0,981,1,initiative,initiative,NN,NN
14223,East_Timor_2002,0,981,2,for,for,IN,IN
14224,East_Timor_2002,0,981,3,constitutional,constitutional,JJ,JJ
14225,East_Timor_2002,0,981,4,revision,revision,NN,NN
14226,East_Timor_2002,0,981,5,is,is,VBZ,VB
14227,East_Timor_2002,0,981,6,incumbent,incumbent,JJ,JJ
14228,East_Timor_2002,0,981,7,upon,upon,IN,IN
14229,East_Timor_2002,0,981,8,the,the,DT,DT
14230,East_Timor_2002,0,981,9,Members,members,NNS,NN
14231,East_Timor_2002,0,981,10,of,of,IN,IN
14232,East_Timor_2002,0,981,11,Parliament,parliament,NNP,NN
14233,East_Timor_2002,0,981,12,and,and,CC,CC
14234,East_Timor_2002,0,981,13,the,the,DT,DT
14235,East_Timor_2002,0,981,14,Parliamentary,parliamentary,NNP,NN
14236,East_Timor_2002,0,981,15,Groups,groups,NNP,NN
14237,East_Timor_2002,0,982,0,2,2,CD,CD
14238,East_Timor_2002,0,983,0,The,the,DT,DT
14239,East_Timor_2002,0,983,1,National,national,NNP,NN
14240,East_Timor_2002,0,983,2,Parliament,parliament,NNP,NN
14241,East_Timor_2002,0,983,3,may,may,MD,MD
14242,East_Timor_2002,0,983,4,revise,revise,VB,VB
14243,East_Timor_2002,0,983,5,the,the,DT,DT
14244,East_Timor_2002,0,983,6,Constitution,constitution,NN,NN
14245,East_Timor_2002,0,983,7,after,after,IN,IN
14246,East_Timor_2002,0,983,8,six,six,CD,CD
14247,East_Timor_2002,0,983,9,years,years,NNS,NN
14248,East_Timor_2002,0,983,10,have,have,VBP,VB
14249,East_Timor_2002,0,983,11,elapsed,elapsed,VBN,VB
14250,East_Timor_2002,0,983,12,since,since,IN,IN
14251,East_Timor_2002,0,983,13,the,the,DT,DT
14252,East_Timor_2002,0,983,14,last,last,JJ,JJ
14253,East_Timor_2002,0,983,15,date,date,NN,NN
14254,East_Timor_2002,0,983,16,of,of,IN,IN
14255,East_Timor_2002,0,983,17,publication,publication,NN,NN
14256,East_Timor_2002,0,983,18,of,of,IN,IN
14257,East_Timor_2002,0,983,19,the,the,DT,DT
14258,East_Timor_2002,0,983,20,last,last,JJ,JJ
14259,East_Timor_2002,0,983,21,law,law,NN,NN
14260,East_Timor_2002,0,983,22,revising,revising,VBG,VB
14261,East_Timor_2002,0,983,23,the,the,DT,DT
14262,East_Timor_2002,0,983,24,Constitution,constitution,NNP,NN
14263,East_Timor_2002,0,983,25,was,was,VBD,VB
14264,East_Timor_2002,0,983,26,published,published,VBN,VB
14265,East_Timor_2002,0,984,0,3,3,CD,CD
14266,East_Timor_2002,0,985,0,The,the,DT,DT
14267,East_Timor_2002,0,985,1,period,period,NN,NN
14268,East_Timor_2002,0,985,2,of,of,IN,IN
14269,East_Timor_2002,0,985,3,six,six,CD,CD
14270,East_Timor_2002,0,985,4,years,years,NNS,NN
14271,East_Timor_2002,0,985,5,for,for,IN,IN
14272,East_Timor_2002,0,985,6,the,the,DT,DT
14273,East_Timor_2002,0,985,7,first,first,JJ,JJ
14274,East_Timor_2002,0,985,8,constitutional,constitutional,JJ,JJ
14275,East_Timor_2002,0,985,9,review,review,NN,NN
14276,East_Timor_2002,0,985,10,is,is,VBZ,VB
14277,East_Timor_2002,0,985,11,counted,counted,VBN,VB
14278,East_Timor_2002,0,985,12,from,from,IN,IN
14279,East_Timor_2002,0,985,13,the,the,DT,DT
14280,East_Timor_2002,0,985,14,fay,fay,NN,NN
14281,East_Timor_2002,0,985,15,the,the,DT,DT
14282,East_Timor_2002,0,985,16,present,present,JJ,JJ
14283,East_Timor_2002,0,985,17,Constitution,constitution,NN,NN
14284,East_Timor_2002,0,985,18,enters,enters,NNS,NN
14285,East_Timor_2002,0,985,19,into,into,IN,IN
14286,East_Timor_2002,0,985,20,force,force,NN,NN
14287,East_Timor_2002,0,986,0,4,4,CD,CD
14288,East_Timor_2002,0,987,0,The,the,DT,DT
14289,East_Timor_2002,0,987,1,National,national,NNP,NN
14290,East_Timor_2002,0,987,2,Parliament,parliament,NNP,NN
14291,East_Timor_2002,0,987,4,regardless,regardless,RB,RB
14292,East_Timor_2002,0,987,5,of,of,IN,IN
14293,East_Timor_2002,0,987,6,any,any,DT,DT
14294,East_Timor_2002,0,987,7,time,time,NN,NN
14295,East_Timor_2002,0,987,8,frame,frame,NN,NN
14296,East_Timor_2002,0,987,10,can,can,MD,MD
14297,East_Timor_2002,0,987,11,take,take,VB,VB
14298,East_Timor_2002,0,987,12,on,on,IN,IN
14299,East_Timor_2002,0,987,13,powers,powers,NNS,NN
14300,East_Timor_2002,0,987,14,to,to,TO,TO
14301,East_Timor_2002,0,987,15,revise,revise,VB,VB
14302,East_Timor_2002,0,987,16,the,the,DT,DT
14303,East_Timor_2002,0,987,17,Constitution,constitution,NNP,NN
14304,East_Timor_2002,0,987,18,by,by,IN,IN
14305,East_Timor_2002,0,987,19,a,a,DT,DT
14306,East_Timor_2002,0,987,20,majority,majority,NN,NN
14307,East_Timor_2002,0,987,21,of,of,IN,IN
14308,East_Timor_2002,0,987,22,four-fifths,fourfifths,NNS,NN
14309,East_Timor_2002,0,987,23,of,of,IN,IN
14310,East_Timor_2002,0,987,24,the,the,DT,DT
14311,East_Timor_2002,0,987,25,Members,members,NNS,NN
14312,East_Timor_2002,0,987,26,of,of,IN,IN
14313,East_Timor_2002,0,987,27,Parliament,parliament,NNP,NN
14314,East_Timor_2002,0,987,28,in,in,IN,IN
14315,East_Timor_2002,0,987,29,full,full,JJ,JJ
14316,East_Timor_2002,0,987,30,exercise,exercise,NN,NN
14317,East_Timor_2002,0,987,31,of,of,IN,IN
14318,East_Timor_2002,0,987,32,their,their,PRP$,PR
14319,East_Timor_2002,0,987,33,functions,functions,NNS,NN
14320,East_Timor_2002,0,988,0,5,5,CD,CD
14321,East_Timor_2002,0,989,0,Proposals,proposals,NNS,NN
14322,East_Timor_2002,0,989,1,for,for,IN,IN
14323,East_Timor_2002,0,989,2,revision,revision,NN,NN
14324,East_Timor_2002,0,989,3,must,must,MD,MD
14325,East_Timor_2002,0,989,4,be,be,VB,VB
14326,East_Timor_2002,0,989,5,deposited,deposited,VBN,VB
14327,East_Timor_2002,0,989,6,with,with,IN,IN
14328,East_Timor_2002,0,989,7,the,the,DT,DT
14329,East_Timor_2002,0,989,8,National,national,NNP,NN
14330,East_Timor_2002,0,989,9,Parliament,parliament,NNP,NN
14331,East_Timor_2002,0,989,10,one,one,CD,CD
14332,East_Timor_2002,0,989,11,hundred,hundred,CD,CD
14333,East_Timor_2002,0,989,12,and,and,CC,CC
14334,East_Timor_2002,0,989,13,twenty,twenty,JJ,JJ
14335,East_Timor_2002,0,989,14,days,days,NNS,NN
14336,East_Timor_2002,0,989,15,prior,prior,RB,RB
14337,East_Timor_2002,0,989,16,to,to,TO,TO
14338,East_Timor_2002,0,989,17,the,the,DT,DT
14339,East_Timor_2002,0,989,18,date,date,NN,NN
14340,East_Timor_2002,0,989,19,of,of,IN,IN
14341,East_Timor_2002,0,989,20,the,the,DT,DT
14342,East_Timor_2002,0,989,21,commencement,commencement,NN,NN
14343,East_Timor_2002,0,989,22,of,of,IN,IN
14344,East_Timor_2002,0,989,23,the,the,DT,DT
14345,East_Timor_2002,0,989,24,debate,debate,NN,NN
14346,East_Timor_2002,0,990,0,6,6,CD,CD
14347,East_Timor_2002,0,991,0,After,after,IN,IN
14348,East_Timor_2002,0,991,1,submission,submission,NN,NN
14349,East_Timor_2002,0,991,2,of,of,IN,IN
14350,East_Timor_2002,0,991,3,a,a,DT,DT
14351,East_Timor_2002,0,991,4,proposal,proposal,NN,NN
14352,East_Timor_2002,0,991,5,for,for,IN,IN
14353,East_Timor_2002,0,991,6,constitutional,constitutional,JJ,JJ
14354,East_Timor_2002,0,991,7,revision,revision,NN,NN
14355,East_Timor_2002,0,991,8,under,under,IN,IN
14356,East_Timor_2002,0,991,9,the,the,DT,DT
14357,East_Timor_2002,0,991,10,terms,terms,NNS,NN
14358,East_Timor_2002,0,991,11,of,of,IN,IN
14359,East_Timor_2002,0,991,12,number,number,NN,NN
14360,East_Timor_2002,0,991,13,5,5,CD,CD
14361,East_Timor_2002,0,991,14,above,above,IN,IN
14362,East_Timor_2002,0,991,16,any,any,DT,DT
14363,East_Timor_2002,0,991,17,other,other,JJ,JJ
14364,East_Timor_2002,0,991,18,proposal,proposal,NN,NN
14365,East_Timor_2002,0,991,19,shall,shall,MD,MD
14366,East_Timor_2002,0,991,20,be,be,VB,VB
14367,East_Timor_2002,0,991,21,submitted,submitted,VBN,VB
14368,East_Timor_2002,0,991,22,within,within,IN,IN
14369,East_Timor_2002,0,991,23,thirty,thirty,JJ,JJ
14370,East_Timor_2002,0,991,24,days,days,NNS,NN
14371,East_Timor_2002,0,992,0,Article,article,NN,NN
14372,East_Timor_2002,0,992,1,155,155,CD,CD
14373,East_Timor_2002,0,993,0,Approval,approval,NNP,NN
14374,East_Timor_2002,0,993,1,and,and,CC,CC
14375,East_Timor_2002,0,993,2,Promulgation,promulgation,NNP,NN
14376,East_Timor_2002,0,993,3,Share,share,NNP,NN
14377,East_Timor_2002,0,993,4,1,1,CD,CD
14378,East_Timor_2002,0,994,0,Amendments,amendments,NNS,NN
14379,East_Timor_2002,0,994,1,to,to,TO,TO
14380,East_Timor_2002,0,994,2,the,the,DT,DT
14381,East_Timor_2002,0,994,3,Constitution,constitution,NNP,NN
14382,East_Timor_2002,0,994,4,shall,shall,MD,MD
14383,East_Timor_2002,0,994,5,be,be,VB,VB
14384,East_Timor_2002,0,994,6,approved,approved,VBN,VB
14385,East_Timor_2002,0,994,7,by,by,IN,IN
14386,East_Timor_2002,0,994,8,a,a,DT,DT
14387,East_Timor_2002,0,994,9,majority,majority,NN,NN
14388,East_Timor_2002,0,994,10,of,of,IN,IN
14389,East_Timor_2002,0,994,11,two-thirds,twothirds,NNS,NN
14390,East_Timor_2002,0,994,12,of,of,IN,IN
14391,East_Timor_2002,0,994,13,the,the,DT,DT
14392,East_Timor_2002,0,994,14,Members,members,NNS,NN
14393,East_Timor_2002,0,994,15,of,of,IN,IN
14394,East_Timor_2002,0,994,16,Parliament,parliament,NNP,NN
14395,East_Timor_2002,0,994,17,in,in,IN,IN
14396,East_Timor_2002,0,994,18,full,full,JJ,JJ
14397,East_Timor_2002,0,994,19,exercise,exercise,NN,NN
14398,East_Timor_2002,0,994,20,of,of,IN,IN
14399,East_Timor_2002,0,994,21,their,their,PRP$,PR
14400,East_Timor_2002,0,994,22,functions,functions,NNS,NN
14401,East_Timor_2002,0,995,0,2,2,CD,CD
14402,East_Timor_2002,0,996,0,The,the,DT,DT
14403,East_Timor_2002,0,996,1,new,new,JJ,JJ
14404,East_Timor_2002,0,996,2,text,text,NN,NN
14405,East_Timor_2002,0,996,3,of,of,IN,IN
14406,East_Timor_2002,0,996,4,the,the,DT,DT
14407,East_Timor_2002,0,996,5,Constitution,constitution,NNP,NN
14408,East_Timor_2002,0,996,6,shall,shall,MD,MD
14409,East_Timor_2002,0,996,7,be,be,VB,VB
14410,East_Timor_2002,0,996,8,published,published,VBN,VB
14411,East_Timor_2002,0,996,9,together,together,RB,RB
14412,East_Timor_2002,0,996,10,with,with,IN,IN
14413,East_Timor_2002,0,996,11,the,the,DT,DT
14414,East_Timor_2002,0,996,12,revision,revision,NN,NN
14415,East_Timor_2002,0,996,13,law,law,NN,NN
14416,East_Timor_2002,0,997,0,3,3,CD,CD
14417,East_Timor_2002,0,998,0,The,the,DT,DT
14418,East_Timor_2002,0,998,1,President,president,NNP,NN
14419,East_Timor_2002,0,998,2,of,of,IN,IN
14420,East_Timor_2002,0,998,3,the,the,DT,DT
14421,East_Timor_2002,0,998,4,Republic,republic,NNP,NN
14422,East_Timor_2002,0,998,5,shall,shall,MD,MD
14423,East_Timor_2002,0,998,6,not,not,RB,RB
14424,East_Timor_2002,0,998,7,refuse,refuse,VB,VB
14425,East_Timor_2002,0,998,8,to,to,TO,TO
14426,East_Timor_2002,0,998,9,promulgate,promulgate,VB,VB
14427,East_Timor_2002,0,998,10,a,a,DT,DT
14428,East_Timor_2002,0,998,11,revision,revision,NN,NN
14429,East_Timor_2002,0,998,12,law,law,NN,NN
14430,East_Timor_2002,0,999,0,Article,article,NN,NN
14431,East_Timor_2002,0,999,1,156,156,CD,CD
14432,East_Timor_2002,0,1000,0,Limits,limits,NNS,NN
14433,East_Timor_2002,0,1000,1,on,on,IN,IN
14434,East_Timor_2002,0,1000,2,Matters,matters,NNS,NN
14435,East_Timor_2002,0,1000,3,of,of,IN,IN
14436,East_Timor_2002,0,1000,4,Revision,revision,NNP,NN
14437,East_Timor_2002,0,1000,5,Share,share,NNP,NN
14438,East_Timor_2002,0,1000,6,1,1,CD,CD
14439,East_Timor_2002,0,1001,0,Laws,laws,NNP,NN
14440,East_Timor_2002,0,1001,1,revising,revising,VBG,VB
14441,East_Timor_2002,0,1001,2,the,the,DT,DT
14442,East_Timor_2002,0,1001,3,Constitution,constitution,NNP,NN
14443,East_Timor_2002,0,1001,4,shall,shall,MD,MD
14444,East_Timor_2002,0,1001,5,respect,respect,VB,VB
14445,East_Timor_2002,0,1001,7,a.national,anational,JJ,JJ
14446,East_Timor_2002,0,1001,8,independence,independence,NN,NN
14447,East_Timor_2002,0,1001,9,and,and,CC,CC
14448,East_Timor_2002,0,1001,10,unity,unity,NN,NN
14449,East_Timor_2002,0,1001,11,of,of,IN,IN
14450,East_Timor_2002,0,1001,12,the,the,DT,DT
14451,East_Timor_2002,0,1001,13,State,state,NNP,NN
14452,East_Timor_2002,0,1001,15,b.the,bthe,NN,NN
14453,East_Timor_2002,0,1001,16,rights,rights,NNS,NN
14454,East_Timor_2002,0,1001,18,freedoms,freedoms,NNS,NN
14455,East_Timor_2002,0,1001,19,and,and,CC,CC
14456,East_Timor_2002,0,1001,20,guarantees,guarantees,NNS,NN
14457,East_Timor_2002,0,1001,21,of,of,IN,IN
14458,East_Timor_2002,0,1001,22,citizens,citizens,NNS,NN
14459,East_Timor_2002,0,1001,24,c.the,cthe,JJ,JJ
14460,East_Timor_2002,0,1001,25,republican,republican,JJ,JJ
14461,East_Timor_2002,0,1001,26,form,form,NN,NN
14462,East_Timor_2002,0,1001,27,of,of,IN,IN
14463,East_Timor_2002,0,1001,28,government,government,NN,NN
14464,East_Timor_2002,0,1001,30,d.the,dthe,CC,CC
14465,East_Timor_2002,0,1001,31,separation,separation,NN,NN
14466,East_Timor_2002,0,1001,32,of,of,IN,IN
14467,East_Timor_2002,0,1001,33,powers,powers,NNS,NN
14468,East_Timor_2002,0,1001,35,e.the,ethe,CC,CC
14469,East_Timor_2002,0,1001,36,independence,independence,NN,NN
14470,East_Timor_2002,0,1001,37,of,of,IN,IN
14471,East_Timor_2002,0,1001,38,the,the,DT,DT
14472,East_Timor_2002,0,1001,39,courts,courts,NNS,NN
14473,East_Timor_2002,0,1001,41,f.the,fthe,VBN,VB
14474,East_Timor_2002,0,1001,42,multi-party,multiparty,NN,NN
14475,East_Timor_2002,0,1001,43,system,system,NN,NN
14476,East_Timor_2002,0,1001,44,and,and,CC,CC
14477,East_Timor_2002,0,1001,45,the,the,DT,DT
14478,East_Timor_2002,0,1001,46,right,right,NN,NN
14479,East_Timor_2002,0,1001,47,of,of,IN,IN
14480,East_Timor_2002,0,1001,48,democratic,democratic,JJ,JJ
14481,East_Timor_2002,0,1001,49,opposition,opposition,NN,NN
14482,East_Timor_2002,0,1001,51,g.the,gthe,CC,CC
14483,East_Timor_2002,0,1001,52,free,free,JJ,JJ
14484,East_Timor_2002,0,1001,54,universal,universal,JJ,JJ
14485,East_Timor_2002,0,1001,56,direct,direct,JJ,JJ
14486,East_Timor_2002,0,1001,58,secret,secret,JJ,JJ
14487,East_Timor_2002,0,1001,59,and,and,CC,CC
14488,East_Timor_2002,0,1001,60,regular,regular,JJ,JJ
14489,East_Timor_2002,0,1001,61,suffrage,suffrage,NN,NN
14490,East_Timor_2002,0,1001,62,of,of,IN,IN
14491,East_Timor_2002,0,1001,63,the,the,DT,DT
14492,East_Timor_2002,0,1001,64,office,office,NN,NN
14493,East_Timor_2002,0,1001,65,holders,holders,NNS,NN
14494,East_Timor_2002,0,1001,66,of,of,IN,IN
14495,East_Timor_2002,0,1001,67,the,the,DT,DT
14496,East_Timor_2002,0,1001,68,organs,organs,NNS,NN
14497,East_Timor_2002,0,1001,69,of,of,IN,IN
14498,East_Timor_2002,0,1001,70,sovereignty,sovereignty,NN,NN
14499,East_Timor_2002,0,1001,72,as,as,RB,RB
14500,East_Timor_2002,0,1001,73,well,well,RB,RB
14501,East_Timor_2002,0,1001,74,as,as,IN,IN
14502,East_Timor_2002,0,1001,75,the,the,DT,DT
14503,East_Timor_2002,0,1001,76,system,system,NN,NN
14504,East_Timor_2002,0,1001,77,of,of,IN,IN
14505,East_Timor_2002,0,1001,78,proportional,proportional,JJ,JJ
14506,East_Timor_2002,0,1001,79,representation,representation,NN,NN
14507,East_Timor_2002,0,1001,81,h.the,hthe,JJ,JJ
14508,East_Timor_2002,0,1001,82,principle,principle,NN,NN
14509,East_Timor_2002,0,1001,83,of,of,IN,IN
14510,East_Timor_2002,0,1001,84,administrative,administrative,JJ,JJ
14511,East_Timor_2002,0,1001,85,deconcentration,deconcentration,NN,NN
14512,East_Timor_2002,0,1001,86,and,and,CC,CC
14513,East_Timor_2002,0,1001,87,decentralization,decentralization,NN,NN
14514,East_Timor_2002,0,1001,89,i.the,ithe,JJ,JJ
14515,East_Timor_2002,0,1001,90,National,national,NNP,NN
14516,East_Timor_2002,0,1001,91,Flag,flag,NNP,NN
14517,East_Timor_2002,0,1001,93,j.the,jthe,NN,NN
14518,East_Timor_2002,0,1001,94,date,date,NN,NN
14519,East_Timor_2002,0,1001,95,of,of,IN,IN
14520,East_Timor_2002,0,1001,96,proclamation,proclamation,NN,NN
14521,East_Timor_2002,0,1001,97,of,of,IN,IN
14522,East_Timor_2002,0,1001,98,national,national,JJ,JJ
14523,East_Timor_2002,0,1001,99,independence,independence,NN,NN
14524,East_Timor_2002,0,1002,0,2,2,CD,CD
14525,East_Timor_2002,0,1003,0,Matters,matters,NNS,NN
14526,East_Timor_2002,0,1003,1,contained,contained,VBN,VB
14527,East_Timor_2002,0,1003,2,in,in,IN,IN
14528,East_Timor_2002,0,1003,3,paragraphs,paragraphs,JJ,JJ
14529,East_Timor_2002,0,1003,4,c,c,NN,NN
14530,East_Timor_2002,0,1003,6,and,and,CC,CC
14531,East_Timor_2002,0,1003,7,i,i,$,$
14532,East_Timor_2002,0,1003,9,may,may,MD,MD
14533,East_Timor_2002,0,1003,10,be,be,VB,VB
14534,East_Timor_2002,0,1003,11,reviewed,reviewed,VBN,VB
14535,East_Timor_2002,0,1003,12,through,through,IN,IN
14536,East_Timor_2002,0,1003,13,a,a,DT,DT
14537,East_Timor_2002,0,1003,14,national,national,JJ,JJ
14538,East_Timor_2002,0,1003,15,referendum,referendum,NN,NN
14539,East_Timor_2002,0,1003,17,in,in,IN,IN
14540,East_Timor_2002,0,1003,18,accordance,accordance,NN,NN
14541,East_Timor_2002,0,1003,19,with,with,IN,IN
14542,East_Timor_2002,0,1003,20,the,the,DT,DT
14543,East_Timor_2002,0,1003,21,law,law,NN,NN
14544,East_Timor_2002,0,1004,0,Article,article,NN,NN
14545,East_Timor_2002,0,1004,1,157,157,CD,CD
14546,East_Timor_2002,0,1005,0,Limits,limits,NNS,NN
14547,East_Timor_2002,0,1005,1,on,on,IN,IN
14548,East_Timor_2002,0,1005,2,Time,time,NNP,NN
14549,East_Timor_2002,0,1005,3,of,of,IN,IN
14550,East_Timor_2002,0,1005,4,Revision,revision,NNP,NN
14551,East_Timor_2002,0,1005,5,Share,share,NNP,NN
14552,East_Timor_2002,0,1005,6,No,no,NNP,NN
14553,East_Timor_2002,0,1005,7,action,action,NN,NN
14554,East_Timor_2002,0,1005,8,may,may,MD,MD
14555,East_Timor_2002,0,1005,9,be,be,VB,VB
14556,East_Timor_2002,0,1005,10,taken,taken,VBN,VB
14557,East_Timor_2002,0,1005,11,to,to,TO,TO
14558,East_Timor_2002,0,1005,12,revise,revise,VB,VB
14559,East_Timor_2002,0,1005,13,the,the,DT,DT
14560,East_Timor_2002,0,1005,14,Constitution,constitution,NNP,NN
14561,East_Timor_2002,0,1005,15,during,during,IN,IN
14562,East_Timor_2002,0,1005,16,a,a,DT,DT
14563,East_Timor_2002,0,1005,17,state,state,NN,NN
14564,East_Timor_2002,0,1005,18,of,of,IN,IN
14565,East_Timor_2002,0,1005,19,siege,siege,NN,NN
14566,East_Timor_2002,0,1005,20,or,or,CC,CC
14567,East_Timor_2002,0,1005,21,a,a,DT,DT
14568,East_Timor_2002,0,1005,22,state,state,NN,NN
14569,East_Timor_2002,0,1005,23,of,of,IN,IN
14570,East_Timor_2002,0,1005,24,emergency,emergency,NN,NN
14571,East_Timor_2002,0,1006,0,PART,part,NN,NN
14572,East_Timor_2002,0,1006,1,VII,vii,NNP,NN
14573,East_Timor_2002,0,1007,0,FINAL,final,NNP,NN
14574,East_Timor_2002,0,1007,1,AND,and,NNP,NN
14575,East_Timor_2002,0,1007,2,TRANSITIONAL,transitional,NNP,NN
14576,East_Timor_2002,0,1007,3,PROVISIONS,provisions,NNP,NN
14577,East_Timor_2002,0,1007,4,Article,article,NNP,NN
14578,East_Timor_2002,0,1007,5,158,158,CD,CD
14579,East_Timor_2002,0,1008,0,Treaties,treaties,NNS,NN
14580,East_Timor_2002,0,1008,2,Agreements,agreements,NNS,NN
14581,East_Timor_2002,0,1008,3,and,and,CC,CC
14582,East_Timor_2002,0,1008,4,Alliances,alliances,NNS,NN
14583,East_Timor_2002,0,1008,5,Share,share,NNP,NN
14584,East_Timor_2002,0,1008,6,1,1,CD,CD
14585,East_Timor_2002,0,1009,0,Confirmation,confirmation,NN,NN
14586,East_Timor_2002,0,1009,2,accession,accession,NN,NN
14587,East_Timor_2002,0,1009,3,and,and,CC,CC
14588,East_Timor_2002,0,1009,4,ratification,ratification,NN,NN
14589,East_Timor_2002,0,1009,5,of,of,IN,IN
14590,East_Timor_2002,0,1009,6,bilateral,bilateral,JJ,JJ
14591,East_Timor_2002,0,1009,7,and,and,CC,CC
14592,East_Timor_2002,0,1009,8,multilateral,multilateral,JJ,JJ
14593,East_Timor_2002,0,1009,9,conventions,conventions,NNS,NN
14594,East_Timor_2002,0,1009,11,treaties,treaties,NNS,NN
14595,East_Timor_2002,0,1009,13,agreements,agreements,NNS,NN
14596,East_Timor_2002,0,1009,14,or,or,CC,CC
14597,East_Timor_2002,0,1009,15,alliances,alliances,NNS,NN
14598,East_Timor_2002,0,1009,16,that,that,WDT,WD
14599,East_Timor_2002,0,1009,17,took,took,VBD,VB
14600,East_Timor_2002,0,1009,18,place,place,NN,NN
14601,East_Timor_2002,0,1009,19,before,before,IN,IN
14602,East_Timor_2002,0,1009,20,the,the,DT,DT
14603,East_Timor_2002,0,1009,21,entry,entry,NN,NN
14604,East_Timor_2002,0,1009,22,into,into,IN,IN
14605,East_Timor_2002,0,1009,23,force,force,NN,NN
14606,East_Timor_2002,0,1009,24,of,of,IN,IN
14607,East_Timor_2002,0,1009,25,the,the,DT,DT
14608,East_Timor_2002,0,1009,26,present,present,JJ,JJ
14609,East_Timor_2002,0,1009,27,Constitution,constitution,NNP,NN
14610,East_Timor_2002,0,1009,28,shall,shall,MD,MD
14611,East_Timor_2002,0,1009,29,be,be,VB,VB
14612,East_Timor_2002,0,1009,30,decided,decided,VBN,VB
14613,East_Timor_2002,0,1009,31,upon,upon,IN,IN
14614,East_Timor_2002,0,1009,32,on,on,IN,IN
14615,East_Timor_2002,0,1009,33,a,a,DT,DT
14616,East_Timor_2002,0,1009,34,case-by-case,casebycase,JJ,JJ
14617,East_Timor_2002,0,1009,35,basis,basis,NN,NN
14618,East_Timor_2002,0,1009,36,by,by,IN,IN
14619,East_Timor_2002,0,1009,37,the,the,DT,DT
14620,East_Timor_2002,0,1009,38,respective,respective,JJ,JJ
14621,East_Timor_2002,0,1009,39,competent,competent,NN,NN
14622,East_Timor_2002,0,1009,40,organs,organs,NNS,NN
14623,East_Timor_2002,0,1010,0,2,2,CD,CD
14624,East_Timor_2002,0,1011,0,The,the,DT,DT
14625,East_Timor_2002,0,1011,1,Democratic,democratic,JJ,JJ
14626,East_Timor_2002,0,1011,2,Republic,republic,NNP,NN
14627,East_Timor_2002,0,1011,3,of,of,IN,IN
14628,East_Timor_2002,0,1011,4,East,east,NNP,NN
14629,East_Timor_2002,0,1011,5,Timor,timor,NNP,NN
14630,East_Timor_2002,0,1011,6,shall,shall,MD,MD
14631,East_Timor_2002,0,1011,7,not,not,RB,RB
14632,East_Timor_2002,0,1011,8,be,be,VB,VB
14633,East_Timor_2002,0,1011,9,bound,bound,VBN,VB
14634,East_Timor_2002,0,1011,10,by,by,IN,IN
14635,East_Timor_2002,0,1011,11,any,any,DT,DT
14636,East_Timor_2002,0,1011,12,treaty,treaty,NN,NN
14637,East_Timor_2002,0,1011,14,agreement,agreement,NN,NN
14638,East_Timor_2002,0,1011,15,or,or,CC,CC
14639,East_Timor_2002,0,1011,16,alliance,alliance,NN,NN
14640,East_Timor_2002,0,1011,17,entered,entered,VBN,VB
14641,East_Timor_2002,0,1011,18,into,into,IN,IN
14642,East_Timor_2002,0,1011,19,prior,prior,JJ,JJ
14643,East_Timor_2002,0,1011,20,to,to,TO,TO
14644,East_Timor_2002,0,1011,21,the,the,DT,DT
14645,East_Timor_2002,0,1011,22,entry,entry,NN,NN
14646,East_Timor_2002,0,1011,23,into,into,IN,IN
14647,East_Timor_2002,0,1011,24,force,force,NN,NN
14648,East_Timor_2002,0,1011,25,of,of,IN,IN
14649,East_Timor_2002,0,1011,26,the,the,DT,DT
14650,East_Timor_2002,0,1011,27,Constitution,constitution,NNP,NN
14651,East_Timor_2002,0,1011,28,which,which,WDT,WD
14652,East_Timor_2002,0,1011,29,is,is,VBZ,VB
14653,East_Timor_2002,0,1011,30,not,not,RB,RB
14654,East_Timor_2002,0,1011,31,confirmed,confirmed,VBN,VB
14655,East_Timor_2002,0,1011,32,or,or,CC,CC
14656,East_Timor_2002,0,1011,33,ratified,ratified,VBN,VB
14657,East_Timor_2002,0,1011,34,or,or,CC,CC
14658,East_Timor_2002,0,1011,35,has,has,VBZ,VB
14659,East_Timor_2002,0,1011,36,not,not,RB,RB
14660,East_Timor_2002,0,1011,37,been,been,VBN,VB
14661,East_Timor_2002,0,1011,38,adhered,adhered,VBN,VB
14662,East_Timor_2002,0,1011,39,to,to,TO,TO
14663,East_Timor_2002,0,1011,41,pursuant,pursuant,VB,VB
14664,East_Timor_2002,0,1011,42,to,to,TO,TO
14665,East_Timor_2002,0,1011,43,number,number,NN,NN
14666,East_Timor_2002,0,1011,44,1,1,CD,CD
14667,East_Timor_2002,0,1011,45,above,above,IN,IN
14668,East_Timor_2002,0,1012,0,3,3,CD,CD
14669,East_Timor_2002,0,1013,0,The,the,DT,DT
14670,East_Timor_2002,0,1013,1,Democratic,democratic,JJ,JJ
14671,East_Timor_2002,0,1013,2,Republic,republic,NNP,NN
14672,East_Timor_2002,0,1013,3,of,of,IN,IN
14673,East_Timor_2002,0,1013,4,East,east,NNP,NN
14674,East_Timor_2002,0,1013,5,Timor,timor,NNP,NN
14675,East_Timor_2002,0,1013,6,shall,shall,MD,MD
14676,East_Timor_2002,0,1013,7,not,not,RB,RB
14677,East_Timor_2002,0,1013,8,recognize,recognize,VB,VB
14678,East_Timor_2002,0,1013,9,any,any,DT,DT
14679,East_Timor_2002,0,1013,10,acts,acts,NNS,NN
14680,East_Timor_2002,0,1013,11,or,or,CC,CC
14681,East_Timor_2002,0,1013,12,contracts,contracts,NNS,NN
14682,East_Timor_2002,0,1013,13,concerning,concerning,VBG,VB
14683,East_Timor_2002,0,1013,14,the,the,DT,DT
14684,East_Timor_2002,0,1013,15,natural,natural,JJ,JJ
14685,East_Timor_2002,0,1013,16,resources,resources,NNS,NN
14686,East_Timor_2002,0,1013,18,referred,referred,VBD,VB
14687,East_Timor_2002,0,1013,19,to,to,TO,TO
14688,East_Timor_2002,0,1013,20,in,in,IN,IN
14689,East_Timor_2002,0,1013,21,number,number,NN,NN
14690,East_Timor_2002,0,1013,22,1,1,CD,CD
14691,East_Timor_2002,0,1013,23,of,of,IN,IN
14692,East_Timor_2002,0,1013,24,Article,article,NNP,NN
14693,East_Timor_2002,0,1013,25,139,139,CD,CD
14694,East_Timor_2002,0,1013,26,entered,entered,VBD,VB
14695,East_Timor_2002,0,1013,27,into,into,IN,IN
14696,East_Timor_2002,0,1013,28,or,or,CC,CC
14697,East_Timor_2002,0,1013,29,undertaken,undertaken,JJ,JJ
14698,East_Timor_2002,0,1013,30,prior,prior,RB,RB
14699,East_Timor_2002,0,1013,31,to,to,TO,TO
14700,East_Timor_2002,0,1013,32,the,the,DT,DT
14701,East_Timor_2002,0,1013,33,entry,entry,NN,NN
14702,East_Timor_2002,0,1013,34,into,into,IN,IN
14703,East_Timor_2002,0,1013,35,force,force,NN,NN
14704,East_Timor_2002,0,1013,36,of,of,IN,IN
14705,East_Timor_2002,0,1013,37,the,the,DT,DT
14706,East_Timor_2002,0,1013,38,Constitution,constitution,NNP,NN
14707,East_Timor_2002,0,1013,39,which,which,WDT,WD
14708,East_Timor_2002,0,1013,40,are,are,VBP,VB
14709,East_Timor_2002,0,1013,41,not,not,RB,RB
14710,East_Timor_2002,0,1013,42,confirmed,confirmed,VBN,VB
14711,East_Timor_2002,0,1013,43,by,by,IN,IN
14712,East_Timor_2002,0,1013,44,the,the,DT,DT
14713,East_Timor_2002,0,1013,45,competent,competent,NN,NN
14714,East_Timor_2002,0,1013,46,organs,organs,NNS,NN
14715,East_Timor_2002,0,1013,47,after,after,IN,IN
14716,East_Timor_2002,0,1013,48,the,the,DT,DT
14717,East_Timor_2002,0,1013,49,Constitution,constitution,NN,NN
14718,East_Timor_2002,0,1013,50,enters,enters,NNS,NN
14719,East_Timor_2002,0,1013,51,into,into,IN,IN
14720,East_Timor_2002,0,1013,52,force,force,NN,NN
14721,East_Timor_2002,0,1014,0,Article,article,NN,NN
14722,East_Timor_2002,0,1014,1,159,159,CD,CD
14723,East_Timor_2002,0,1015,0,Working,working,VBG,VB
14724,East_Timor_2002,0,1015,1,Languages,languages,NNP,NN
14725,East_Timor_2002,0,1015,2,Share,share,NNP,NN
14726,East_Timor_2002,0,1015,3,The,the,DT,DT
14727,East_Timor_2002,0,1015,4,Indonesian,indonesian,NNP,NN
14728,East_Timor_2002,0,1015,5,and,and,CC,CC
14729,East_Timor_2002,0,1015,6,the,the,DT,DT
14730,East_Timor_2002,0,1015,7,English,english,JJ,JJ
14731,East_Timor_2002,0,1015,8,languages,languages,NNS,NN
14732,East_Timor_2002,0,1015,9,shall,shall,MD,MD
14733,East_Timor_2002,0,1015,10,be,be,VB,VB
14734,East_Timor_2002,0,1015,11,working,working,VBG,VB
14735,East_Timor_2002,0,1015,12,languages,languages,NNS,NN
14736,East_Timor_2002,0,1015,13,within,within,IN,IN
14737,East_Timor_2002,0,1015,14,the,the,DT,DT
14738,East_Timor_2002,0,1015,15,public,public,JJ,JJ
14739,East_Timor_2002,0,1015,16,administration,administration,NN,NN
14740,East_Timor_2002,0,1015,17,side,side,NN,NN
14741,East_Timor_2002,0,1015,18,by,by,IN,IN
14742,East_Timor_2002,0,1015,19,side,side,NN,NN
14743,East_Timor_2002,0,1015,20,with,with,IN,IN
14744,East_Timor_2002,0,1015,21,official,official,JJ,JJ
14745,East_Timor_2002,0,1015,22,languages,languages,NNS,NN
14746,East_Timor_2002,0,1015,23,as,as,RB,RB
14747,East_Timor_2002,0,1015,24,long,long,RB,RB
14748,East_Timor_2002,0,1015,25,as,as,IN,IN
14749,East_Timor_2002,0,1015,26,it,it,PRP,PR
14750,East_Timor_2002,0,1015,27,is,is,VBZ,VB
14751,East_Timor_2002,0,1015,28,deemed,deemed,VBN,VB
14752,East_Timor_2002,0,1015,29,necessary,necessary,JJ,JJ
14753,East_Timor_2002,0,1016,0,Article,article,NN,NN
14754,East_Timor_2002,0,1016,1,160,160,CD,CD
14755,East_Timor_2002,0,1017,0,Serious,serious,JJ,JJ
14756,East_Timor_2002,0,1017,1,Crimes,crimes,NNP,NN
14757,East_Timor_2002,0,1017,2,Share,share,NNP,NN
14758,East_Timor_2002,0,1017,3,Acts,acts,NNP,NN
14759,East_Timor_2002,0,1017,4,committed,committed,VBD,VB
14760,East_Timor_2002,0,1017,5,between,between,IN,IN
14761,East_Timor_2002,0,1017,6,the,the,DT,DT
14762,East_Timor_2002,0,1017,7,25th,25th,CD,CD
14763,East_Timor_2002,0,1017,8,of,of,IN,IN
14764,East_Timor_2002,0,1017,9,April,april,NNP,NN
14765,East_Timor_2002,0,1017,10,1974,1974,CD,CD
14766,East_Timor_2002,0,1017,11,and,and,CC,CC
14767,East_Timor_2002,0,1017,12,the,the,DT,DT
14768,East_Timor_2002,0,1017,13,31st,31st,CD,CD
14769,East_Timor_2002,0,1017,14,of,of,IN,IN
14770,East_Timor_2002,0,1017,15,December,december,NNP,NN
14771,East_Timor_2002,0,1017,16,1999,1999,CD,CD
14772,East_Timor_2002,0,1017,17,that,that,WDT,WD
14773,East_Timor_2002,0,1017,18,can,can,MD,MD
14774,East_Timor_2002,0,1017,19,be,be,VB,VB
14775,East_Timor_2002,0,1017,20,considered,considered,VBN,VB
14776,East_Timor_2002,0,1017,21,crimes,crimes,NNS,NN
14777,East_Timor_2002,0,1017,22,against,against,IN,IN
14778,East_Timor_2002,0,1017,23,humanity,humanity,NN,NN
14779,East_Timor_2002,0,1017,24,of,of,IN,IN
14780,East_Timor_2002,0,1017,25,genocide,genocide,NN,NN
14781,East_Timor_2002,0,1017,26,or,or,CC,CC
14782,East_Timor_2002,0,1017,27,of,of,IN,IN
14783,East_Timor_2002,0,1017,28,war,war,NN,NN
14784,East_Timor_2002,0,1017,29,shall,shall,MD,MD
14785,East_Timor_2002,0,1017,30,be,be,VB,VB
14786,East_Timor_2002,0,1017,31,liable,liable,JJ,JJ
14787,East_Timor_2002,0,1017,32,to,to,TO,TO
14788,East_Timor_2002,0,1017,33,criminal,criminal,JJ,JJ
14789,East_Timor_2002,0,1017,34,proceedings,proceedings,NNS,NN
14790,East_Timor_2002,0,1017,35,in,in,IN,IN
14791,East_Timor_2002,0,1017,36,the,the,DT,DT
14792,East_Timor_2002,0,1017,37,national,national,JJ,JJ
14793,East_Timor_2002,0,1017,38,or,or,CC,CC
14794,East_Timor_2002,0,1017,39,international,international,JJ,JJ
14795,East_Timor_2002,0,1017,40,courts,courts,NNS,NN
14796,East_Timor_2002,0,1018,0,Article,article,NN,NN
14797,East_Timor_2002,0,1018,1,161,161,CD,CD
14798,East_Timor_2002,0,1019,0,Illegal,illegal,JJ,JJ
14799,East_Timor_2002,0,1019,1,Appropriation,appropriation,NNP,NN
14800,East_Timor_2002,0,1019,2,of,of,IN,IN
14801,East_Timor_2002,0,1019,3,Assets,assets,NNP,NN
14802,East_Timor_2002,0,1019,4,Share,share,NNP,NN
14803,East_Timor_2002,0,1019,5,Illegal,illegal,NNP,NN
14804,East_Timor_2002,0,1019,6,appropriation,appropriation,NN,NN
14805,East_Timor_2002,0,1019,7,of,of,IN,IN
14806,East_Timor_2002,0,1019,8,mobile,mobile,NN,NN
14807,East_Timor_2002,0,1019,9,and,and,CC,CC
14808,East_Timor_2002,0,1019,10,fixed,fixed,VBN,VB
14809,East_Timor_2002,0,1019,11,assets,assets,NNS,NN
14810,East_Timor_2002,0,1019,12,that,that,WDT,WD
14811,East_Timor_2002,0,1019,13,took,took,VBD,VB
14812,East_Timor_2002,0,1019,14,place,place,NN,NN
14813,East_Timor_2002,0,1019,15,before,before,IN,IN
14814,East_Timor_2002,0,1019,16,the,the,DT,DT
14815,East_Timor_2002,0,1019,17,entry,entry,NN,NN
14816,East_Timor_2002,0,1019,18,into,into,IN,IN
14817,East_Timor_2002,0,1019,19,force,force,NN,NN
14818,East_Timor_2002,0,1019,20,of,of,IN,IN
14819,East_Timor_2002,0,1019,21,the,the,DT,DT
14820,East_Timor_2002,0,1019,22,present,present,JJ,JJ
14821,East_Timor_2002,0,1019,23,Constitution,constitution,NNP,NN
14822,East_Timor_2002,0,1019,24,is,is,VBZ,VB
14823,East_Timor_2002,0,1019,25,considered,considered,VBN,VB
14824,East_Timor_2002,0,1019,26,crime,crime,NN,NN
14825,East_Timor_2002,0,1019,27,and,and,CC,CC
14826,East_Timor_2002,0,1019,28,shall,shall,MD,MD
14827,East_Timor_2002,0,1019,29,be,be,VB,VB
14828,East_Timor_2002,0,1019,30,resolved,resolved,VBN,VB
14829,East_Timor_2002,0,1019,31,as,as,IN,IN
14830,East_Timor_2002,0,1019,32,provided,provided,VBN,VB
14831,East_Timor_2002,0,1019,33,for,for,IN,IN
14832,East_Timor_2002,0,1019,34,in,in,IN,IN
14833,East_Timor_2002,0,1019,35,the,the,DT,DT
14834,East_Timor_2002,0,1019,36,Constitution,constitution,NNP,NN
14835,East_Timor_2002,0,1019,37,and,and,CC,CC
14836,East_Timor_2002,0,1019,38,the,the,DT,DT
14837,East_Timor_2002,0,1019,39,law,law,NN,NN
14838,East_Timor_2002,0,1020,0,Article,article,NN,NN
14839,East_Timor_2002,0,1020,1,162,162,CD,CD
14840,East_Timor_2002,0,1021,0,Reconciliation,reconciliation,NNP,NN
14841,East_Timor_2002,0,1021,1,Share,share,NNP,NN
14842,East_Timor_2002,0,1021,2,1,1,CD,CD
14843,East_Timor_2002,0,1022,0,It,it,PRP,PR
14844,East_Timor_2002,0,1022,1,is,is,VBZ,VB
14845,East_Timor_2002,0,1022,2,incumbent,incumbent,JJ,JJ
14846,East_Timor_2002,0,1022,3,upon,upon,IN,IN
14847,East_Timor_2002,0,1022,4,the,the,DT,DT
14848,East_Timor_2002,0,1022,5,Commission,commission,NNP,NN
14849,East_Timor_2002,0,1022,6,for,for,IN,IN
14850,East_Timor_2002,0,1022,7,Reception,reception,NNP,NN
14851,East_Timor_2002,0,1022,9,Truth,truth,NNP,NN
14852,East_Timor_2002,0,1022,10,and,and,CC,CC
14853,East_Timor_2002,0,1022,11,Reconciliation,reconciliation,NNP,NN
14854,East_Timor_2002,0,1022,12,to,to,TO,TO
14855,East_Timor_2002,0,1022,13,discharge,discharge,VB,VB
14856,East_Timor_2002,0,1022,14,functions,functions,NNS,NN
14857,East_Timor_2002,0,1022,15,conferred,conferred,VBN,VB
14858,East_Timor_2002,0,1022,16,to,to,TO,TO
14859,East_Timor_2002,0,1022,17,it,it,PRP,PR
14860,East_Timor_2002,0,1022,18,by,by,IN,IN
14861,East_Timor_2002,0,1022,19,UNTAET,untaet,NNP,NN
14862,East_Timor_2002,0,1022,20,Regulation,regulation,NNP,NN
14863,East_Timor_2002,0,1022,21,No,no,NNP,NN
14864,East_Timor_2002,0,1023,0,2001/10,200110,CD,CD
14865,East_Timor_2002,0,1024,0,2,2,CD,CD
14866,East_Timor_2002,0,1025,0,The,the,DT,DT
14867,East_Timor_2002,0,1025,1,competences,competences,NNS,NN
14868,East_Timor_2002,0,1025,3,mandate,mandate,NN,NN
14869,East_Timor_2002,0,1025,4,and,and,CC,CC
14870,East_Timor_2002,0,1025,5,the,the,DT,DT
14871,East_Timor_2002,0,1025,6,objectives,objectives,NNS,NN
14872,East_Timor_2002,0,1025,7,of,of,IN,IN
14873,East_Timor_2002,0,1025,8,the,the,DT,DT
14874,East_Timor_2002,0,1025,9,Commission,commission,NNP,NN
14875,East_Timor_2002,0,1025,10,may,may,MD,MD
14876,East_Timor_2002,0,1025,11,be,be,VB,VB
14877,East_Timor_2002,0,1025,12,redefined,redefined,VBN,VB
14878,East_Timor_2002,0,1025,13,by,by,IN,IN
14879,East_Timor_2002,0,1025,14,the,the,DT,DT
14880,East_Timor_2002,0,1025,15,Parliament,parliament,NNP,NN
14881,East_Timor_2002,0,1025,16,whenever,whenever,WRB,WR
14882,East_Timor_2002,0,1025,17,necessary,necessary,JJ,JJ
14883,East_Timor_2002,0,1026,0,Article,article,NN,NN
14884,East_Timor_2002,0,1026,1,163,163,CD,CD
14885,East_Timor_2002,0,1027,0,Transitional,transitional,JJ,JJ
14886,East_Timor_2002,0,1027,1,Judicial,judicial,NNP,NN
14887,East_Timor_2002,0,1027,2,Organization,organization,NNP,NN
14888,East_Timor_2002,0,1027,3,Share,share,NNP,NN
14889,East_Timor_2002,0,1027,4,1,1,CD,CD
14890,East_Timor_2002,0,1028,0,The,the,DT,DT
14891,East_Timor_2002,0,1028,1,collective,collective,JJ,JJ
14892,East_Timor_2002,0,1028,2,judicial,judicial,JJ,JJ
14893,East_Timor_2002,0,1028,3,instance,instance,NN,NN
14894,East_Timor_2002,0,1028,4,existing,existing,VBG,VB
14895,East_Timor_2002,0,1028,5,in,in,IN,IN
14896,East_Timor_2002,0,1028,6,East,east,NNP,NN
14897,East_Timor_2002,0,1028,7,Timor,timor,NNP,NN
14898,East_Timor_2002,0,1028,9,integrated,integrated,VBN,VB
14899,East_Timor_2002,0,1028,10,by,by,IN,IN
14900,East_Timor_2002,0,1028,11,national,national,JJ,JJ
14901,East_Timor_2002,0,1028,12,and,and,CC,CC
14902,East_Timor_2002,0,1028,13,international,international,JJ,JJ
14903,East_Timor_2002,0,1028,14,judges,judges,NNS,NN
14904,East_Timor_2002,0,1028,15,with,with,IN,IN
14905,East_Timor_2002,0,1028,16,competences,competences,NNS,NN
14906,East_Timor_2002,0,1028,17,to,to,TO,TO
14907,East_Timor_2002,0,1028,18,judge,judge,VB,VB
14908,East_Timor_2002,0,1028,19,serious,serious,JJ,JJ
14909,East_Timor_2002,0,1028,20,crimes,crimes,NNS,NN
14910,East_Timor_2002,0,1028,21,committed,committed,VBD,VB
14911,East_Timor_2002,0,1028,22,between,between,IN,IN
14912,East_Timor_2002,0,1028,23,the,the,DT,DT
14913,East_Timor_2002,0,1028,24,1st,1st,CD,CD
14914,East_Timor_2002,0,1028,25,of,of,IN,IN
14915,East_Timor_2002,0,1028,26,January,january,NNP,NN
14916,East_Timor_2002,0,1028,27,and,and,CC,CC
14917,East_Timor_2002,0,1028,28,the,the,DT,DT
14918,East_Timor_2002,0,1028,29,25th,25th,CD,CD
14919,East_Timor_2002,0,1028,30,of,of,IN,IN
14920,East_Timor_2002,0,1028,31,October,october,NNP,NN
14921,East_Timor_2002,0,1028,32,1999,1999,CD,CD
14922,East_Timor_2002,0,1028,34,shall,shall,MD,MD
14923,East_Timor_2002,0,1028,35,remain,remain,VB,VB
14924,East_Timor_2002,0,1028,36,in,in,IN,IN
14925,East_Timor_2002,0,1028,37,effect,effect,NN,NN
14926,East_Timor_2002,0,1028,38,for,for,IN,IN
14927,East_Timor_2002,0,1028,39,the,the,DT,DT
14928,East_Timor_2002,0,1028,40,time,time,NN,NN
14929,East_Timor_2002,0,1028,41,deemed,deemed,VBN,VB
14930,East_Timor_2002,0,1028,42,strictly,strictly,RB,RB
14931,East_Timor_2002,0,1028,43,necessary,necessary,JJ,JJ
14932,East_Timor_2002,0,1028,44,to,to,TO,TO
14933,East_Timor_2002,0,1028,45,conclude,conclude,VB,VB
14934,East_Timor_2002,0,1028,46,the,the,DT,DT
14935,East_Timor_2002,0,1028,47,cases,cases,NNS,NN
14936,East_Timor_2002,0,1028,48,under,under,IN,IN
14937,East_Timor_2002,0,1028,49,investigation,investigation,NN,NN
14938,East_Timor_2002,0,1029,0,2,2,CD,CD
14939,East_Timor_2002,0,1030,0,The,the,DT,DT
14940,East_Timor_2002,0,1030,1,judicial,judicial,JJ,JJ
14941,East_Timor_2002,0,1030,2,Organization,organization,NNP,NN
14942,East_Timor_2002,0,1030,3,existing,existing,VBG,VB
14943,East_Timor_2002,0,1030,4,in,in,IN,IN
14944,East_Timor_2002,0,1030,5,East,east,NNP,NN
14945,East_Timor_2002,0,1030,6,Timor,timor,NNP,NN
14946,East_Timor_2002,0,1030,7,on,on,IN,IN
14947,East_Timor_2002,0,1030,8,the,the,DT,DT
14948,East_Timor_2002,0,1030,9,day,day,NN,NN
14949,East_Timor_2002,0,1030,10,the,the,DT,DT
14950,East_Timor_2002,0,1030,11,present,present,JJ,JJ
14951,East_Timor_2002,0,1030,12,Constitution,constitution,NN,NN
14952,East_Timor_2002,0,1030,13,enters,enters,NNS,NN
14953,East_Timor_2002,0,1030,14,into,into,IN,IN
14954,East_Timor_2002,0,1030,15,force,force,NN,NN
14955,East_Timor_2002,0,1030,16,shall,shall,MD,MD
14956,East_Timor_2002,0,1030,17,remain,remain,VB,VB
14957,East_Timor_2002,0,1030,18,in,in,IN,IN
14958,East_Timor_2002,0,1030,19,effect,effect,NN,NN
14959,East_Timor_2002,0,1030,20,until,until,IN,IN
14960,East_Timor_2002,0,1030,21,such,such,PDT,PD
14961,East_Timor_2002,0,1030,22,a,a,DT,DT
14962,East_Timor_2002,0,1030,23,time,time,NN,NN
14963,East_Timor_2002,0,1030,24,as,as,IN,IN
14964,East_Timor_2002,0,1030,25,the,the,DT,DT
14965,East_Timor_2002,0,1030,26,new,new,JJ,JJ
14966,East_Timor_2002,0,1030,27,judicial,judicial,JJ,JJ
14967,East_Timor_2002,0,1030,28,system,system,NN,NN
14968,East_Timor_2002,0,1030,29,is,is,VBZ,VB
14969,East_Timor_2002,0,1030,30,established,established,VBN,VB
14970,East_Timor_2002,0,1030,31,and,and,CC,CC
14971,East_Timor_2002,0,1030,32,starts,starts,VBZ,VB
14972,East_Timor_2002,0,1030,33,its,its,PRP$,PR
14973,East_Timor_2002,0,1030,34,functions,functions,NNS,NN
14974,East_Timor_2002,0,1031,0,Article,article,NN,NN
14975,East_Timor_2002,0,1031,1,164,164,CD,CD
14976,East_Timor_2002,0,1032,0,Transitional,transitional,JJ,JJ
14977,East_Timor_2002,0,1032,1,Competence,competence,NN,NN
14978,East_Timor_2002,0,1032,2,of,of,IN,IN
14979,East_Timor_2002,0,1032,3,the,the,DT,DT
14980,East_Timor_2002,0,1032,4,Supreme,supreme,NNP,NN
14981,East_Timor_2002,0,1032,5,Court,court,NNP,NN
14982,East_Timor_2002,0,1032,6,of,of,IN,IN
14983,East_Timor_2002,0,1032,7,Justice,justice,NNP,NN
14984,East_Timor_2002,0,1032,8,Share,share,NNP,NN
14985,East_Timor_2002,0,1032,9,1,1,CD,CD
14986,East_Timor_2002,0,1033,0,After,after,IN,IN
14987,East_Timor_2002,0,1033,1,the,the,DT,DT
14988,East_Timor_2002,0,1033,2,Supreme,supreme,NNP,NN
14989,East_Timor_2002,0,1033,3,Court,court,NNP,NN
14990,East_Timor_2002,0,1033,4,of,of,IN,IN
14991,East_Timor_2002,0,1033,5,Justice,justice,NNP,NN
14992,East_Timor_2002,0,1033,6,starts,starts,VBZ,VB
14993,East_Timor_2002,0,1033,7,its,its,PRP$,PR
14994,East_Timor_2002,0,1033,8,functions,functions,NNS,NN
14995,East_Timor_2002,0,1033,9,and,and,CC,CC
14996,East_Timor_2002,0,1033,10,before,before,IN,IN
14997,East_Timor_2002,0,1033,11,the,the,DT,DT
14998,East_Timor_2002,0,1033,12,establishment,establishment,NN,NN
14999,East_Timor_2002,0,1033,13,of,of,IN,IN
15000,East_Timor_2002,0,1033,14,courts,courts,NNS,NN
15001,East_Timor_2002,0,1033,15,as,as,IN,IN
15002,East_Timor_2002,0,1033,16,referred,referred,VBN,VB
15003,East_Timor_2002,0,1033,17,to,to,TO,TO
15004,East_Timor_2002,0,1033,18,in,in,IN,IN
15005,East_Timor_2002,0,1033,19,Article,article,NNP,NN
15006,East_Timor_2002,0,1033,20,129,129,CD,CD
15007,East_Timor_2002,0,1033,22,the,the,DT,DT
15008,East_Timor_2002,0,1033,23,respective,respective,JJ,JJ
15009,East_Timor_2002,0,1033,24,competence,competence,NN,NN
15010,East_Timor_2002,0,1033,25,shall,shall,MD,MD
15011,East_Timor_2002,0,1033,26,be,be,VB,VB
15012,East_Timor_2002,0,1033,27,exercised,exercised,VBN,VB
15013,East_Timor_2002,0,1033,28,by,by,IN,IN
15014,East_Timor_2002,0,1033,29,the,the,DT,DT
15015,East_Timor_2002,0,1033,30,Supreme,supreme,NNP,NN
15016,East_Timor_2002,0,1033,31,Court,court,NNP,NN
15017,East_Timor_2002,0,1033,32,of,of,IN,IN
15018,East_Timor_2002,0,1033,33,Justice,justice,NNP,NN
15019,East_Timor_2002,0,1033,34,and,and,CC,CC
15020,East_Timor_2002,0,1033,35,other,other,JJ,JJ
15021,East_Timor_2002,0,1033,36,courts,courts,NNS,NN
15022,East_Timor_2002,0,1033,37,of,of,IN,IN
15023,East_Timor_2002,0,1033,38,justice,justice,NN,NN
15024,East_Timor_2002,0,1034,0,2,2,CD,CD
15025,East_Timor_2002,0,1035,0,Until,until,IN,IN
15026,East_Timor_2002,0,1035,1,such,such,PDT,PD
15027,East_Timor_2002,0,1035,2,a,a,DT,DT
15028,East_Timor_2002,0,1035,3,time,time,NN,NN
15029,East_Timor_2002,0,1035,4,as,as,IN,IN
15030,East_Timor_2002,0,1035,5,the,the,DT,DT
15031,East_Timor_2002,0,1035,6,Supreme,supreme,NNP,NN
15032,East_Timor_2002,0,1035,7,Court,court,NNP,NN
15033,East_Timor_2002,0,1035,8,of,of,IN,IN
15034,East_Timor_2002,0,1035,9,Justice,justice,NNP,NN
15035,East_Timor_2002,0,1035,10,is,is,VBZ,VB
15036,East_Timor_2002,0,1035,11,established,established,VBN,VB
15037,East_Timor_2002,0,1035,12,and,and,CC,CC
15038,East_Timor_2002,0,1035,13,starts,starts,VBZ,VB
15039,East_Timor_2002,0,1035,14,its,its,PRP$,PR
15040,East_Timor_2002,0,1035,15,functions,functions,NNS,NN
15041,East_Timor_2002,0,1035,16,all,all,DT,DT
15042,East_Timor_2002,0,1035,17,powers,powers,NNS,NN
15043,East_Timor_2002,0,1035,18,conferred,conferred,VBD,VB
15044,East_Timor_2002,0,1035,19,to,to,TO,TO
15045,East_Timor_2002,0,1035,20,it,it,PRP,PR
15046,East_Timor_2002,0,1035,21,by,by,IN,IN
15047,East_Timor_2002,0,1035,22,the,the,DT,DT
15048,East_Timor_2002,0,1035,23,Constitution,constitution,NNP,NN
15049,East_Timor_2002,0,1035,24,shall,shall,MD,MD
15050,East_Timor_2002,0,1035,25,be,be,VB,VB
15051,East_Timor_2002,0,1035,26,exercised,exercised,VBN,VB
15052,East_Timor_2002,0,1035,27,by,by,IN,IN
15053,East_Timor_2002,0,1035,28,the,the,DT,DT
15054,East_Timor_2002,0,1035,29,highest,highest,JJS,JJ
15055,East_Timor_2002,0,1035,30,judicial,judicial,JJ,JJ
15056,East_Timor_2002,0,1035,31,instance,instance,NN,NN
15057,East_Timor_2002,0,1035,32,of,of,IN,IN
15058,East_Timor_2002,0,1035,33,the,the,DT,DT
15059,East_Timor_2002,0,1035,34,judicial,judicial,JJ,JJ
15060,East_Timor_2002,0,1035,35,organization,organization,NN,NN
15061,East_Timor_2002,0,1035,36,existing,existing,VBG,VB
15062,East_Timor_2002,0,1035,37,in,in,IN,IN
15063,East_Timor_2002,0,1035,38,East,east,NNP,NN
15064,East_Timor_2002,0,1035,39,Timor,timor,NNP,NN
15065,East_Timor_2002,0,1036,0,Article,article,NN,NN
15066,East_Timor_2002,0,1036,1,165,165,CD,CD
15067,East_Timor_2002,0,1037,0,Previous,previous,JJ,JJ
15068,East_Timor_2002,0,1037,1,Law,law,NNP,NN
15069,East_Timor_2002,0,1037,2,Share,share,NNP,NN
15070,East_Timor_2002,0,1037,3,Laws,laws,NNP,NN
15071,East_Timor_2002,0,1037,4,and,and,CC,CC
15072,East_Timor_2002,0,1037,5,regulations,regulations,NNS,NN
15073,East_Timor_2002,0,1037,6,in,in,IN,IN
15074,East_Timor_2002,0,1037,7,force,force,NN,NN
15075,East_Timor_2002,0,1037,8,in,in,IN,IN
15076,East_Timor_2002,0,1037,9,East,east,NNP,NN
15077,East_Timor_2002,0,1037,10,Timor,timor,NNP,NN
15078,East_Timor_2002,0,1037,11,shall,shall,MD,MD
15079,East_Timor_2002,0,1037,12,continue,continue,VB,VB
15080,East_Timor_2002,0,1037,13,to,to,TO,TO
15081,East_Timor_2002,0,1037,14,be,be,VB,VB
15082,East_Timor_2002,0,1037,15,applicable,applicable,JJ,JJ
15083,East_Timor_2002,0,1037,16,to,to,TO,TO
15084,East_Timor_2002,0,1037,17,all,all,DT,DT
15085,East_Timor_2002,0,1037,18,maters,maters,NNS,NN
15086,East_Timor_2002,0,1037,19,except,except,IN,IN
15087,East_Timor_2002,0,1037,20,to,to,TO,TO
15088,East_Timor_2002,0,1037,21,the,the,DT,DT
15089,East_Timor_2002,0,1037,22,extent,extent,NN,NN
15090,East_Timor_2002,0,1037,23,that,that,IN,IN
15091,East_Timor_2002,0,1037,24,they,they,PRP,PR
15092,East_Timor_2002,0,1037,25,are,are,VBP,VB
15093,East_Timor_2002,0,1037,26,inconsistent,inconsistent,JJ,JJ
15094,East_Timor_2002,0,1037,27,with,with,IN,IN
15095,East_Timor_2002,0,1037,28,the,the,DT,DT
15096,East_Timor_2002,0,1037,29,Constitution,constitution,NNP,NN
15097,East_Timor_2002,0,1037,30,or,or,CC,CC
15098,East_Timor_2002,0,1037,31,the,the,DT,DT
15099,East_Timor_2002,0,1037,32,principles,principles,NNS,NN
15100,East_Timor_2002,0,1037,33,contained,contained,VBN,VB
15101,East_Timor_2002,0,1037,34,therein,therein,RB,RB
15102,East_Timor_2002,0,1038,0,Article,article,NN,NN
15103,East_Timor_2002,0,1038,1,166,166,CD,CD
15104,East_Timor_2002,0,1039,0,National,national,NNP,NN
15105,East_Timor_2002,0,1039,1,Anthem,anthem,NNP,NN
15106,East_Timor_2002,0,1039,2,Share,share,NNP,NN
15107,East_Timor_2002,0,1039,3,Until,until,IN,IN
15108,East_Timor_2002,0,1039,4,the,the,DT,DT
15109,East_Timor_2002,0,1039,5,national,national,JJ,JJ
15110,East_Timor_2002,0,1039,6,anthem,anthem,NN,NN
15111,East_Timor_2002,0,1039,7,is,is,VBZ,VB
15112,East_Timor_2002,0,1039,8,approved,approved,VBN,VB
15113,East_Timor_2002,0,1039,9,by,by,IN,IN
15114,East_Timor_2002,0,1039,10,the,the,DT,DT
15115,East_Timor_2002,0,1039,11,ordinary,ordinary,JJ,JJ
15116,East_Timor_2002,0,1039,12,law,law,NN,NN
15117,East_Timor_2002,0,1039,13,pursuant,pursuant,NN,NN
15118,East_Timor_2002,0,1039,14,to,to,TO,TO
15119,East_Timor_2002,0,1039,15,number,number,NN,NN
15120,East_Timor_2002,0,1039,16,2,2,CD,CD
15121,East_Timor_2002,0,1039,17,of,of,IN,IN
15122,East_Timor_2002,0,1039,18,Article,article,NNP,NN
15123,East_Timor_2002,0,1039,19,14,14,CD,CD
15124,East_Timor_2002,0,1039,21,Pátria,pátria,NNP,NN
15125,East_Timor_2002,0,1039,23,Pátria,pátria,NNP,NN
15126,East_Timor_2002,0,1039,25,Timor,timor,NNP,NN
15127,East_Timor_2002,0,1039,26,-Leste,leste,VBZ,VB
15128,East_Timor_2002,0,1039,27,a,a,DT,DT
15129,East_Timor_2002,0,1039,28,nossa,nossa,JJ,JJ
15130,East_Timor_2002,0,1039,29,nação,nação,NN,NN
15131,East_Timor_2002,0,1039,31,shall,shall,MD,MD
15132,East_Timor_2002,0,1039,32,be,be,VB,VB
15133,East_Timor_2002,0,1039,33,sung,sung,VBN,VB
15134,East_Timor_2002,0,1039,34,in,in,IN,IN
15135,East_Timor_2002,0,1039,35,official,official,JJ,JJ
15136,East_Timor_2002,0,1039,36,ceremonies,ceremonies,NNS,NN
15137,East_Timor_2002,0,1040,0,Article,article,NN,NN
15138,East_Timor_2002,0,1040,1,167,167,CD,CD
15139,East_Timor_2002,0,1041,0,Transformation,transformation,NN,NN
15140,East_Timor_2002,0,1041,1,of,of,IN,IN
15141,East_Timor_2002,0,1041,2,the,the,DT,DT
15142,East_Timor_2002,0,1041,3,Constitutional,constitutional,NNP,NN
15143,East_Timor_2002,0,1041,4,Assembly,assembly,NNP,NN
15144,East_Timor_2002,0,1041,5,Share,share,NNP,NN
15145,East_Timor_2002,0,1041,6,1,1,CD,CD
15146,East_Timor_2002,0,1042,0,The,the,DT,DT
15147,East_Timor_2002,0,1042,1,Constitutional,constitutional,NNP,NN
15148,East_Timor_2002,0,1042,2,Assembly,assembly,NNP,NN
15149,East_Timor_2002,0,1042,3,shall,shall,MD,MD
15150,East_Timor_2002,0,1042,4,be,be,VB,VB
15151,East_Timor_2002,0,1042,5,transformed,transformed,VBN,VB
15152,East_Timor_2002,0,1042,6,into,into,IN,IN
15153,East_Timor_2002,0,1042,7,a,a,DT,DT
15154,East_Timor_2002,0,1042,8,National,national,NNP,NN
15155,East_Timor_2002,0,1042,9,Parliament,parliament,NNP,NN
15156,East_Timor_2002,0,1042,10,upon,upon,IN,IN
15157,East_Timor_2002,0,1042,11,the,the,DT,DT
15158,East_Timor_2002,0,1042,12,approval,approval,NN,NN
15159,East_Timor_2002,0,1042,13,of,of,IN,IN
15160,East_Timor_2002,0,1042,14,the,the,DT,DT
15161,East_Timor_2002,0,1042,15,Constitution,constitution,NNP,NN
15162,East_Timor_2002,0,1042,16,of,of,IN,IN
15163,East_Timor_2002,0,1042,17,the,the,DT,DT
15164,East_Timor_2002,0,1042,18,Republic,republic,NNP,NN
15165,East_Timor_2002,0,1043,0,2,2,CD,CD
15166,East_Timor_2002,0,1044,0,The,the,DT,DT
15167,East_Timor_2002,0,1044,1,National,national,NNP,NN
15168,East_Timor_2002,0,1044,2,Parliament,parliament,NNP,NN
15169,East_Timor_2002,0,1044,4,in,in,IN,IN
15170,East_Timor_2002,0,1044,5,its,its,PRP$,PR
15171,East_Timor_2002,0,1044,6,first,first,JJ,JJ
15172,East_Timor_2002,0,1044,7,term,term,NN,NN
15173,East_Timor_2002,0,1044,8,of,of,IN,IN
15174,East_Timor_2002,0,1044,9,office,office,NN,NN
15175,East_Timor_2002,0,1044,11,shall,shall,MD,MD
15176,East_Timor_2002,0,1044,12,be,be,VB,VB
15177,East_Timor_2002,0,1044,13,exceptionally,exceptionally,RB,RB
15178,East_Timor_2002,0,1044,14,comprised,comprised,VBN,VB
15179,East_Timor_2002,0,1044,15,of,of,IN,IN
15180,East_Timor_2002,0,1044,16,eighty-eight,eightyeight,JJ,JJ
15181,East_Timor_2002,0,1044,17,deputies,deputies,NNS,NN
15182,East_Timor_2002,0,1045,0,3,3,CD,CD
15183,East_Timor_2002,0,1046,0,The,the,DT,DT
15184,East_Timor_2002,0,1046,1,President,president,NNP,NN
15185,East_Timor_2002,0,1046,2,of,of,IN,IN
15186,East_Timor_2002,0,1046,3,the,the,DT,DT
15187,East_Timor_2002,0,1046,4,Constituent,constituent,NNP,NN
15188,East_Timor_2002,0,1046,5,Assembly,assembly,NNP,NN
15189,East_Timor_2002,0,1046,6,shall,shall,MD,MD
15190,East_Timor_2002,0,1046,7,remain,remain,VB,VB
15191,East_Timor_2002,0,1046,8,in,in,IN,IN
15192,East_Timor_2002,0,1046,9,office,office,NN,NN
15193,East_Timor_2002,0,1046,10,until,until,IN,IN
15194,East_Timor_2002,0,1046,11,the,the,DT,DT
15195,East_Timor_2002,0,1046,12,National,national,NNP,NN
15196,East_Timor_2002,0,1046,13,Parliament,parliament,NNP,NN
15197,East_Timor_2002,0,1046,14,elects,elects,VBZ,VB
15198,East_Timor_2002,0,1046,15,its,its,PRP$,PR
15199,East_Timor_2002,0,1046,16,President,president,NNP,NN
15200,East_Timor_2002,0,1046,17,in,in,IN,IN
15201,East_Timor_2002,0,1046,18,conformity,conformity,NN,NN
15202,East_Timor_2002,0,1046,19,with,with,IN,IN
15203,East_Timor_2002,0,1046,20,the,the,DT,DT
15204,East_Timor_2002,0,1046,21,Constitution,constitution,NNP,NN
15205,East_Timor_2002,0,1047,0,Article,article,NN,NN
15206,East_Timor_2002,0,1047,1,168,168,CD,CD
15207,East_Timor_2002,0,1048,0,The,the,DT,DT
15208,East_Timor_2002,0,1048,1,Transitional,transitional,JJ,JJ
15209,East_Timor_2002,0,1048,2,Government,government,NNP,NN
15210,East_Timor_2002,0,1048,3,Share,share,NNP,NN
15211,East_Timor_2002,0,1048,4,The,the,DT,DT
15212,East_Timor_2002,0,1048,5,Government,government,NNP,NN
15213,East_Timor_2002,0,1048,6,appointed,appointed,VBD,VB
15214,East_Timor_2002,0,1048,7,under,under,IN,IN
15215,East_Timor_2002,0,1048,8,UNTAET,untaet,NNP,NN
15216,East_Timor_2002,0,1048,9,Regulation,regulation,NNP,NN
15217,East_Timor_2002,0,1048,10,No,no,NNP,NN
15218,East_Timor_2002,0,1049,0,2001/28,200128,CD,CD
15219,East_Timor_2002,0,1049,1,shall,shall,MD,MD
15220,East_Timor_2002,0,1049,2,remain,remain,VB,VB
15221,East_Timor_2002,0,1049,3,in,in,IN,IN
15222,East_Timor_2002,0,1049,4,office,office,NN,NN
15223,East_Timor_2002,0,1049,5,until,until,IN,IN
15224,East_Timor_2002,0,1049,6,the,the,DT,DT
15225,East_Timor_2002,0,1049,7,first,first,JJ,JJ
15226,East_Timor_2002,0,1049,8,Constitutional,constitutional,JJ,JJ
15227,East_Timor_2002,0,1049,9,Government,government,NNP,NN
15228,East_Timor_2002,0,1049,10,is,is,VBZ,VB
15229,East_Timor_2002,0,1049,11,appointed,appointed,VBN,VB
15230,East_Timor_2002,0,1049,12,and,and,CC,CC
15231,East_Timor_2002,0,1049,13,sworn,sworn,VBN,VB
15232,East_Timor_2002,0,1049,14,in,in,IN,IN
15233,East_Timor_2002,0,1049,15,by,by,IN,IN
15234,East_Timor_2002,0,1049,16,the,the,DT,DT
15235,East_Timor_2002,0,1049,17,President,president,NNP,NN
15236,East_Timor_2002,0,1049,18,of,of,IN,IN
15237,East_Timor_2002,0,1049,19,the,the,DT,DT
15238,East_Timor_2002,0,1049,20,Republic,republic,NNP,NN
15239,East_Timor_2002,0,1049,22,in,in,IN,IN
15240,East_Timor_2002,0,1049,23,conformity,conformity,NN,NN
15241,East_Timor_2002,0,1049,24,with,with,IN,IN
15242,East_Timor_2002,0,1049,25,the,the,DT,DT
15243,East_Timor_2002,0,1049,26,Constitution,constitution,NNP,NN
15244,East_Timor_2002,0,1050,0,Article,article,NN,NN
15245,East_Timor_2002,0,1050,1,169,169,CD,CD
15246,East_Timor_2002,0,1051,0,Presidential,presidential,JJ,JJ
15247,East_Timor_2002,0,1051,1,Election,election,NN,NN
15248,East_Timor_2002,0,1051,2,of,of,IN,IN
15249,East_Timor_2002,0,1051,3,2002,2002,CD,CD
15250,East_Timor_2002,0,1051,4,Share,share,NNP,NN
15251,East_Timor_2002,0,1051,5,The,the,DT,DT
15252,East_Timor_2002,0,1051,6,President,president,NNP,NN
15253,East_Timor_2002,0,1051,7,elected,elected,VBN,VB
15254,East_Timor_2002,0,1051,8,under,under,IN,IN
15255,East_Timor_2002,0,1051,9,UNTAET,untaet,NNP,NN
15256,East_Timor_2002,0,1051,10,Regulation,regulation,NNP,NN
15257,East_Timor_2002,0,1051,11,No,no,NNP,NN
15258,East_Timor_2002,0,1052,0,2002/01,200201,CD,CD
15259,East_Timor_2002,0,1052,1,shall,shall,MD,MD
15260,East_Timor_2002,0,1052,2,take,take,VB,VB
15261,East_Timor_2002,0,1052,3,on,on,IN,IN
15262,East_Timor_2002,0,1052,4,the,the,DT,DT
15263,East_Timor_2002,0,1052,5,competences,competences,NNS,NN
15264,East_Timor_2002,0,1052,6,and,and,CC,CC
15265,East_Timor_2002,0,1052,7,fulfill,fulfill,VB,VB
15266,East_Timor_2002,0,1052,8,the,the,DT,DT
15267,East_Timor_2002,0,1052,9,mandate,mandate,NN,NN
15268,East_Timor_2002,0,1052,10,provided,provided,VBD,VB
15269,East_Timor_2002,0,1052,11,for,for,IN,IN
15270,East_Timor_2002,0,1052,12,in,in,IN,IN
15271,East_Timor_2002,0,1052,13,the,the,DT,DT
15272,East_Timor_2002,0,1052,14,Constitution,constitution,NNP,NN
15273,East_Timor_2002,0,1053,0,Article,article,NN,NN
15274,East_Timor_2002,0,1053,1,170,170,CD,CD
15275,East_Timor_2002,0,1054,0,Entry,entry,NN,NN
15276,East_Timor_2002,0,1054,1,into,into,IN,IN
15277,East_Timor_2002,0,1054,2,Force,force,NNP,NN
15278,East_Timor_2002,0,1054,3,of,of,IN,IN
15279,East_Timor_2002,0,1054,4,the,the,DT,DT
15280,East_Timor_2002,0,1054,5,Constitution,constitution,NNP,NN
15281,East_Timor_2002,0,1054,6,Share,share,NNP,NN
15282,East_Timor_2002,0,1054,7,The,the,DT,DT
15283,East_Timor_2002,0,1054,8,Constitution,constitution,NNP,NN
15284,East_Timor_2002,0,1054,9,of,of,IN,IN
15285,East_Timor_2002,0,1054,10,the,the,DT,DT
15286,East_Timor_2002,0,1054,11,Democratic,democratic,JJ,JJ
15287,East_Timor_2002,0,1054,12,Republic,republic,NNP,NN
15288,East_Timor_2002,0,1054,13,of,of,IN,IN
15289,East_Timor_2002,0,1054,14,East,east,NNP,NN
15290,East_Timor_2002,0,1054,15,Timor,timor,NNP,NN
15291,East_Timor_2002,0,1054,16,shall,shall,MD,MD
15292,East_Timor_2002,0,1054,17,enter,enter,VB,VB
15293,East_Timor_2002,0,1054,18,into,into,IN,IN
15294,East_Timor_2002,0,1054,19,force,force,NN,NN
15295,East_Timor_2002,0,1054,20,on,on,IN,IN
15296,East_Timor_2002,0,1054,21,the,the,DT,DT
15297,East_Timor_2002,0,1054,22,20th,20th,CD,CD
15298,East_Timor_2002,0,1054,23,of,of,IN,IN
15299,East_Timor_2002,0,1054,24,May,may,NNP,NN
15300,East_Timor_2002,0,1054,25,of,of,IN,IN
15301,East_Timor_2002,0,1054,26,2002,2002,CD,CD
