,country,para_num,sent_num,token_num,token_str,term_str,pos,pos_group
0,Laos_2003,0,0,0,Laos,laos,JJ,JJ
1,Laos_2003,0,0,1,1991,1991,CD,CD
2,Laos_2003,0,0,3,rev,rev,NN,NN
3,Laos_2003,0,1,0,2003,2003,CD,CD
4,Laos_2003,0,1,2,Preamble,preamble,NNP,NN
5,Laos_2003,0,1,3,Share,share,NNP,NN
6,Laos_2003,0,1,4,The,the,DT,DT
7,Laos_2003,0,1,5,multi-ethnic,multiethnic,JJ,JJ
8,Laos_2003,0,1,6,Lao,lao,NNP,NN
9,Laos_2003,0,1,7,people,people,NNS,NN
10,Laos_2003,0,1,8,have,have,VBP,VB
11,Laos_2003,0,1,9,existed,existed,VBN,VB
12,Laos_2003,0,1,10,and,and,CC,CC
13,Laos_2003,0,1,11,developed,developed,VBN,VB
14,Laos_2003,0,1,12,on,on,IN,IN
15,Laos_2003,0,1,13,this,this,DT,DT
16,Laos_2003,0,1,14,beloved,beloved,JJ,JJ
17,Laos_2003,0,1,15,land,land,NN,NN
18,Laos_2003,0,1,16,for,for,IN,IN
19,Laos_2003,0,1,17,thousands,thousands,NNS,NN
20,Laos_2003,0,1,18,of,of,IN,IN
21,Laos_2003,0,1,19,years,years,NNS,NN
22,Laos_2003,0,2,0,Starting,starting,VBG,VB
23,Laos_2003,0,2,1,from,from,IN,IN
24,Laos_2003,0,2,2,the,the,DT,DT
25,Laos_2003,0,2,3,middle,middle,NN,NN
26,Laos_2003,0,2,4,of,of,IN,IN
27,Laos_2003,0,2,5,the,the,DT,DT
28,Laos_2003,0,2,6,14th,14th,JJ,JJ
29,Laos_2003,0,2,7,century,century,NN,NN
30,Laos_2003,0,2,9,during,during,IN,IN
31,Laos_2003,0,2,10,the,the,DT,DT
32,Laos_2003,0,2,11,time,time,NN,NN
33,Laos_2003,0,2,12,of,of,IN,IN
34,Laos_2003,0,2,13,Chao,chao,NNP,NN
35,Laos_2003,0,2,14,Fa,fa,NNP,NN
36,Laos_2003,0,2,15,Ngum,ngum,NNP,NN
37,Laos_2003,0,2,17,our,our,PRP$,PR
38,Laos_2003,0,2,18,ancestors,ancestors,NNS,NN
39,Laos_2003,0,2,19,founded,founded,VBD,VB
40,Laos_2003,0,2,20,the,the,DT,DT
41,Laos_2003,0,2,21,unified,unified,JJ,JJ
42,Laos_2003,0,2,22,Lane,lane,NNP,NN
43,Laos_2003,0,2,23,Xang,xang,NNP,NN
44,Laos_2003,0,2,24,country,country,NN,NN
45,Laos_2003,0,2,25,and,and,CC,CC
46,Laos_2003,0,2,26,built,built,VB,VB
47,Laos_2003,0,2,27,it,it,PRP,PR
48,Laos_2003,0,2,28,into,into,IN,IN
49,Laos_2003,0,2,29,a,a,DT,DT
50,Laos_2003,0,2,30,prosperous,prosperous,JJ,JJ
51,Laos_2003,0,2,31,land,land,NN,NN
52,Laos_2003,0,3,0,Since,since,IN,IN
53,Laos_2003,0,3,1,the,the,DT,DT
54,Laos_2003,0,3,2,18th,18th,JJ,JJ
55,Laos_2003,0,3,3,century,century,NN,NN
56,Laos_2003,0,3,5,the,the,DT,DT
57,Laos_2003,0,3,6,Lao,lao,NNP,NN
58,Laos_2003,0,3,7,land,land,NN,NN
59,Laos_2003,0,3,8,has,has,VBZ,VB
60,Laos_2003,0,3,9,been,been,VBN,VB
61,Laos_2003,0,3,10,repeatedly,repeatedly,RB,RB
62,Laos_2003,0,3,11,threatened,threatened,VBN,VB
63,Laos_2003,0,3,12,and,and,CC,CC
64,Laos_2003,0,3,13,invaded,invaded,VBN,VB
65,Laos_2003,0,3,14,by,by,IN,IN
66,Laos_2003,0,3,15,outside,outside,JJ,JJ
67,Laos_2003,0,3,16,powers,powers,NNS,NN
68,Laos_2003,0,4,0,Our,our,PRP$,PR
69,Laos_2003,0,4,1,people,people,NNS,NN
70,Laos_2003,0,4,2,enhanced,enhanced,VBD,VB
71,Laos_2003,0,4,3,the,the,DT,DT
72,Laos_2003,0,4,4,heroic,heroic,NN,NN
73,Laos_2003,0,4,5,and,and,CC,CC
74,Laos_2003,0,4,6,unyielding,unyielding,JJ,JJ
75,Laos_2003,0,4,7,traditions,traditions,NNS,NN
76,Laos_2003,0,4,8,of,of,IN,IN
77,Laos_2003,0,4,9,their,their,PRP$,PR
78,Laos_2003,0,4,10,ancestors,ancestors,NNS,NN
79,Laos_2003,0,4,11,and,and,CC,CC
80,Laos_2003,0,4,12,continually,continually,RB,RB
81,Laos_2003,0,4,13,and,and,CC,CC
82,Laos_2003,0,4,14,persistently,persistently,RB,RB
83,Laos_2003,0,4,15,fought,fought,VBN,VB
84,Laos_2003,0,4,16,to,to,TO,TO
85,Laos_2003,0,4,17,gain,gain,VB,VB
86,Laos_2003,0,4,18,independence,independence,NN,NN
87,Laos_2003,0,4,19,and,and,CC,CC
88,Laos_2003,0,4,20,freedom,freedom,NN,NN
89,Laos_2003,0,5,0,Since,since,IN,IN
90,Laos_2003,0,5,1,the,the,DT,DT
91,Laos_2003,0,5,2,1930,1930,CD,CD
92,Laos_2003,0,5,4,s,s,NN,NN
93,Laos_2003,0,5,6,under,under,IN,IN
94,Laos_2003,0,5,7,the,the,DT,DT
95,Laos_2003,0,5,8,correct,correct,JJ,JJ
96,Laos_2003,0,5,9,leadership,leadership,NN,NN
97,Laos_2003,0,5,10,of,of,IN,IN
98,Laos_2003,0,5,11,the,the,DT,DT
99,Laos_2003,0,5,12,former,former,JJ,JJ
100,Laos_2003,0,5,13,Indochinese,indochinese,NNP,NN
101,Laos_2003,0,5,14,Communist,communist,NNP,NN
102,Laos_2003,0,5,15,Party,party,NNP,NN
103,Laos_2003,0,5,16,and,and,CC,CC
104,Laos_2003,0,5,17,the,the,DT,DT
105,Laos_2003,0,5,18,present,present,JJ,JJ
106,Laos_2003,0,5,19,Lao,lao,NNP,NN
107,Laos_2003,0,5,20,People,people,NNP,NN
108,Laos_2003,0,5,22,s,s,VBD,VB
109,Laos_2003,0,5,23,Revolutionary,revolutionary,NNP,NN
110,Laos_2003,0,5,24,Party,party,NNP,NN
111,Laos_2003,0,5,26,the,the,DT,DT
112,Laos_2003,0,5,27,multi-ethnic,multiethnic,JJ,JJ
113,Laos_2003,0,5,28,Lao,lao,NNP,NN
114,Laos_2003,0,5,29,people,people,NNS,NN
115,Laos_2003,0,5,30,have,have,VBP,VB
116,Laos_2003,0,5,31,carried,carried,VBN,VB
117,Laos_2003,0,5,32,out,out,RP,RP
118,Laos_2003,0,5,33,difficult,difficult,JJ,JJ
119,Laos_2003,0,5,34,and,and,CC,CC
120,Laos_2003,0,5,35,arduous,arduous,JJ,JJ
121,Laos_2003,0,5,36,struggles,struggles,NNS,NN
122,Laos_2003,0,5,37,full,full,JJ,JJ
123,Laos_2003,0,5,38,of,of,IN,IN
124,Laos_2003,0,5,39,great,great,JJ,JJ
125,Laos_2003,0,5,40,sacrifices,sacrifices,NNS,NN
126,Laos_2003,0,5,41,until,until,IN,IN
127,Laos_2003,0,5,42,they,they,PRP,PR
128,Laos_2003,0,5,43,managed,managed,VBD,VB
129,Laos_2003,0,5,44,to,to,TO,TO
130,Laos_2003,0,5,45,crush,crush,VB,VB
131,Laos_2003,0,5,46,the,the,DT,DT
132,Laos_2003,0,5,47,yokes,yokes,NNS,NN
133,Laos_2003,0,5,48,of,of,IN,IN
134,Laos_2003,0,5,49,domination,domination,NN,NN
135,Laos_2003,0,5,50,and,and,CC,CC
136,Laos_2003,0,5,51,oppression,oppression,NN,NN
137,Laos_2003,0,5,52,of,of,IN,IN
138,Laos_2003,0,5,53,the,the,DT,DT
139,Laos_2003,0,5,54,colonial,colonial,NN,NN
140,Laos_2003,0,5,55,and,and,CC,CC
141,Laos_2003,0,5,56,feudal,feudal,JJ,JJ
142,Laos_2003,0,5,57,regimes,regimes,NNS,NN
143,Laos_2003,0,5,59,completely,completely,RB,RB
144,Laos_2003,0,5,60,liberate,liberate,VBP,VB
145,Laos_2003,0,5,61,the,the,DT,DT
146,Laos_2003,0,5,62,country,country,NN,NN
147,Laos_2003,0,5,63,and,and,CC,CC
148,Laos_2003,0,5,64,establish,establish,VB,VB
149,Laos_2003,0,5,65,the,the,DT,DT
150,Laos_2003,0,5,66,Lao,lao,NNP,NN
151,Laos_2003,0,5,67,People,people,NNP,NN
152,Laos_2003,0,5,69,s,s,VBD,VB
153,Laos_2003,0,5,70,Democratic,democratic,NNP,NN
154,Laos_2003,0,5,71,Republic,republic,NNP,NN
155,Laos_2003,0,5,72,on,on,IN,IN
156,Laos_2003,0,5,73,2,2,CD,CD
157,Laos_2003,0,5,74,December,december,NNP,NN
158,Laos_2003,0,5,75,1975,1975,CD,CD
159,Laos_2003,0,5,77,thus,thus,RB,RB
160,Laos_2003,0,5,78,opening,opening,VBG,VB
161,Laos_2003,0,5,79,a,a,DT,DT
162,Laos_2003,0,5,80,new,new,JJ,JJ
163,Laos_2003,0,5,81,era,era,NN,NN
164,Laos_2003,0,5,83,an,an,DT,DT
165,Laos_2003,0,5,84,era,era,NN,NN
166,Laos_2003,0,5,85,of,of,IN,IN
167,Laos_2003,0,5,86,genuine,genuine,JJ,JJ
168,Laos_2003,0,5,87,independence,independence,NN,NN
169,Laos_2003,0,5,88,for,for,IN,IN
170,Laos_2003,0,5,89,the,the,DT,DT
171,Laos_2003,0,5,90,country,country,NN,NN
172,Laos_2003,0,5,91,and,and,CC,CC
173,Laos_2003,0,5,92,freedom,freedom,NN,NN
174,Laos_2003,0,5,93,for,for,IN,IN
175,Laos_2003,0,5,94,the,the,DT,DT
176,Laos_2003,0,5,95,people,people,NNS,NN
177,Laos_2003,0,6,0,During,during,IN,IN
178,Laos_2003,0,6,2,the,the,DT,DT
179,Laos_2003,0,6,3,years,years,NNS,NN
180,Laos_2003,0,6,5,since,since,IN,IN
181,Laos_2003,0,6,6,the,the,DT,DT
182,Laos_2003,0,6,7,country,country,NN,NN
183,Laos_2003,0,6,8,has,has,VBZ,VB
184,Laos_2003,0,6,9,been,been,VBN,VB
185,Laos_2003,0,6,10,liberated,liberated,VBN,VB
186,Laos_2003,0,6,12,our,our,PRP$,PR
187,Laos_2003,0,6,13,people,people,NNS,NN
188,Laos_2003,0,6,14,have,have,VBP,VB
189,Laos_2003,0,6,15,together,together,RB,RB
190,Laos_2003,0,6,16,been,been,VBN,VB
191,Laos_2003,0,6,17,implementing,implementing,VBG,VB
192,Laos_2003,0,6,18,the,the,DT,DT
193,Laos_2003,0,6,19,two,two,CD,CD
194,Laos_2003,0,6,20,strategic,strategic,JJ,JJ
195,Laos_2003,0,6,21,tasks,tasks,NNS,NN
196,Laos_2003,0,6,22,of,of,IN,IN
197,Laos_2003,0,6,23,defending,defending,VBG,VB
198,Laos_2003,0,6,24,and,and,CC,CC
199,Laos_2003,0,6,25,building,building,VBG,VB
200,Laos_2003,0,6,26,the,the,DT,DT
201,Laos_2003,0,6,27,country,country,NN,NN
202,Laos_2003,0,6,29,especially,especially,RB,RB
203,Laos_2003,0,6,30,the,the,DT,DT
204,Laos_2003,0,6,31,undertaking,undertaking,NN,NN
205,Laos_2003,0,6,32,of,of,IN,IN
206,Laos_2003,0,6,33,reforms,reforms,NNS,NN
207,Laos_2003,0,6,34,in,in,IN,IN
208,Laos_2003,0,6,35,order,order,NN,NN
209,Laos_2003,0,6,36,to,to,TO,TO
210,Laos_2003,0,6,37,mobilise,mobilise,VB,VB
211,Laos_2003,0,6,38,the,the,DT,DT
212,Laos_2003,0,6,39,resources,resources,NNS,NN
213,Laos_2003,0,6,40,within,within,IN,IN
214,Laos_2003,0,6,41,the,the,DT,DT
215,Laos_2003,0,6,42,nation,nation,NN,NN
216,Laos_2003,0,6,43,to,to,TO,TO
217,Laos_2003,0,6,44,preserve,preserve,VB,VB
218,Laos_2003,0,6,45,the,the,DT,DT
219,Laos_2003,0,6,46,people,people,NNS,NN
220,Laos_2003,0,6,48,s,s,JJ,JJ
221,Laos_2003,0,6,49,democratic,democratic,JJ,JJ
222,Laos_2003,0,6,50,regime,regime,NN,NN
223,Laos_2003,0,6,51,and,and,CC,CC
224,Laos_2003,0,6,52,create,create,VB,VB
225,Laos_2003,0,6,53,conditions,conditions,NNS,NN
226,Laos_2003,0,6,54,to,to,TO,TO
227,Laos_2003,0,6,55,move,move,VB,VB
228,Laos_2003,0,6,56,towards,towards,NNS,NN
229,Laos_2003,0,6,57,socialism,socialism,NN,NN
230,Laos_2003,0,7,0,Now,now,RB,RB
231,Laos_2003,0,7,2,in,in,IN,IN
232,Laos_2003,0,7,3,this,this,DT,DT
233,Laos_2003,0,7,4,new,new,JJ,JJ
234,Laos_2003,0,7,5,period,period,NN,NN
235,Laos_2003,0,7,7,the,the,DT,DT
236,Laos_2003,0,7,8,social,social,JJ,JJ
237,Laos_2003,0,7,9,life,life,NN,NN
238,Laos_2003,0,7,10,requires,requires,VBZ,VB
239,Laos_2003,0,7,11,that,that,IN,IN
240,Laos_2003,0,7,12,the,the,DT,DT
241,Laos_2003,0,7,13,State,state,NNP,NN
242,Laos_2003,0,7,14,must,must,MD,MD
243,Laos_2003,0,7,15,have,have,VB,VB
244,Laos_2003,0,7,16,a,a,DT,DT
245,Laos_2003,0,7,17,constitution,constitution,NN,NN
246,Laos_2003,0,8,0,This,this,DT,DT
247,Laos_2003,0,8,1,Constitution,constitution,NNP,NN
248,Laos_2003,0,8,2,is,is,VBZ,VB
249,Laos_2003,0,8,3,the,the,DT,DT
250,Laos_2003,0,8,4,constitution,constitution,NN,NN
251,Laos_2003,0,8,5,of,of,IN,IN
252,Laos_2003,0,8,6,the,the,DT,DT
253,Laos_2003,0,8,7,people,people,NNS,NN
254,Laos_2003,0,8,9,s,s,JJ,JJ
255,Laos_2003,0,8,10,democratic,democratic,JJ,JJ
256,Laos_2003,0,8,11,regime,regime,NN,NN
257,Laos_2003,0,8,12,in,in,IN,IN
258,Laos_2003,0,8,13,our,our,PRP$,PR
259,Laos_2003,0,8,14,country,country,NN,NN
260,Laos_2003,0,9,0,It,it,PRP,PR
261,Laos_2003,0,9,1,recognises,recognises,VBZ,VB
262,Laos_2003,0,9,2,the,the,DT,DT
263,Laos_2003,0,9,3,great,great,JJ,JJ
264,Laos_2003,0,9,4,achievements,achievements,NNS,NN
265,Laos_2003,0,9,5,of,of,IN,IN
266,Laos_2003,0,9,6,our,our,PRP$,PR
267,Laos_2003,0,9,7,people,people,NNS,NN
268,Laos_2003,0,9,8,in,in,IN,IN
269,Laos_2003,0,9,9,the,the,DT,DT
270,Laos_2003,0,9,10,course,course,NN,NN
271,Laos_2003,0,9,11,of,of,IN,IN
272,Laos_2003,0,9,12,their,their,PRP$,PR
273,Laos_2003,0,9,13,struggles,struggles,NNS,NN
274,Laos_2003,0,9,14,for,for,IN,IN
275,Laos_2003,0,9,15,national,national,JJ,JJ
276,Laos_2003,0,9,16,liberation,liberation,NN,NN
277,Laos_2003,0,9,18,and,and,CC,CC
278,Laos_2003,0,9,19,their,their,PRP$,PR
279,Laos_2003,0,9,21,protection,protection,NN,NN
280,Laos_2003,0,9,22,and,and,CC,CC
281,Laos_2003,0,9,23,construction,construction,NN,NN
282,Laos_2003,0,9,24,of,of,IN,IN
283,Laos_2003,0,9,25,the,the,DT,DT
284,Laos_2003,0,9,26,country,country,NN,NN
285,Laos_2003,0,9,30,and,and,CC,CC
286,Laos_2003,0,9,32,it,it,PRP,PR
287,Laos_2003,0,9,34,defines,defines,VBZ,VB
288,Laos_2003,0,9,35,the,the,DT,DT
289,Laos_2003,0,9,36,political,political,JJ,JJ
290,Laos_2003,0,9,37,regime,regime,NN,NN
291,Laos_2003,0,9,39,the,the,DT,DT
292,Laos_2003,0,9,40,socioeconomic,socioeconomic,JJ,JJ
293,Laos_2003,0,9,41,system,system,NN,NN
294,Laos_2003,0,9,43,the,the,DT,DT
295,Laos_2003,0,9,44,regimes,regimes,NNS,NN
296,Laos_2003,0,9,45,of,of,IN,IN
297,Laos_2003,0,9,46,national,national,JJ,JJ
298,Laos_2003,0,9,47,security,security,NN,NN
299,Laos_2003,0,9,49,defence,defence,NN,NN
300,Laos_2003,0,9,50,and,and,CC,CC
301,Laos_2003,0,9,51,foreign,foreign,JJ,JJ
302,Laos_2003,0,9,52,affairs,affairs,NNS,NN
303,Laos_2003,0,9,54,the,the,DT,DT
304,Laos_2003,0,9,55,rights,rights,NNS,NN
305,Laos_2003,0,9,56,and,and,CC,CC
306,Laos_2003,0,9,57,obligations,obligations,NNS,NN
307,Laos_2003,0,9,58,of,of,IN,IN
308,Laos_2003,0,9,59,citizens,citizens,NNS,NN
309,Laos_2003,0,9,60,and,and,CC,CC
310,Laos_2003,0,9,61,the,the,DT,DT
311,Laos_2003,0,9,62,system,system,NN,NN
312,Laos_2003,0,9,63,of,of,IN,IN
313,Laos_2003,0,9,64,organisation,organisation,NN,NN
314,Laos_2003,0,9,65,of,of,IN,IN
315,Laos_2003,0,9,66,state,state,NN,NN
316,Laos_2003,0,9,67,apparatus,apparatus,NN,NN
317,Laos_2003,0,9,68,in,in,IN,IN
318,Laos_2003,0,9,69,the,the,DT,DT
319,Laos_2003,0,9,70,new,new,JJ,JJ
320,Laos_2003,0,9,71,period,period,NN,NN
321,Laos_2003,0,10,0,This,this,DT,DT
322,Laos_2003,0,10,1,is,is,VBZ,VB
323,Laos_2003,0,10,2,the,the,DT,DT
324,Laos_2003,0,10,3,first,first,JJ,JJ
325,Laos_2003,0,10,4,time,time,NN,NN
326,Laos_2003,0,10,5,in,in,IN,IN
327,Laos_2003,0,10,6,the,the,DT,DT
328,Laos_2003,0,10,7,history,history,NN,NN
329,Laos_2003,0,10,8,of,of,IN,IN
330,Laos_2003,0,10,9,our,our,PRP$,PR
331,Laos_2003,0,10,10,nation,nation,NN,NN
332,Laos_2003,0,10,11,that,that,IN,IN
333,Laos_2003,0,10,12,the,the,DT,DT
334,Laos_2003,0,10,13,right,right,NN,NN
335,Laos_2003,0,10,14,of,of,IN,IN
336,Laos_2003,0,10,15,self-determination,selfdetermination,NN,NN
337,Laos_2003,0,10,16,of,of,IN,IN
338,Laos_2003,0,10,17,the,the,DT,DT
339,Laos_2003,0,10,18,people,people,NNS,NN
340,Laos_2003,0,10,19,has,has,VBZ,VB
341,Laos_2003,0,10,20,been,been,VBN,VB
342,Laos_2003,0,10,21,defined,defined,VBN,VB
343,Laos_2003,0,10,22,in,in,IN,IN
344,Laos_2003,0,10,23,the,the,DT,DT
345,Laos_2003,0,10,24,fundamental,fundamental,JJ,JJ
346,Laos_2003,0,10,25,law,law,NN,NN
347,Laos_2003,0,10,26,of,of,IN,IN
348,Laos_2003,0,10,27,the,the,DT,DT
349,Laos_2003,0,10,28,country,country,NN,NN
350,Laos_2003,0,11,0,This,this,DT,DT
351,Laos_2003,0,11,1,Constitution,constitution,NNP,NN
352,Laos_2003,0,11,2,is,is,VBZ,VB
353,Laos_2003,0,11,3,the,the,DT,DT
354,Laos_2003,0,11,4,fruit,fruit,NN,NN
355,Laos_2003,0,11,5,of,of,IN,IN
356,Laos_2003,0,11,6,the,the,DT,DT
357,Laos_2003,0,11,7,process,process,NN,NN
358,Laos_2003,0,11,8,of,of,IN,IN
359,Laos_2003,0,11,9,the,the,DT,DT
360,Laos_2003,0,11,10,people,people,NNS,NN
361,Laos_2003,0,11,12,s,s,JJ,JJ
362,Laos_2003,0,11,13,discussions,discussions,NNS,NN
363,Laos_2003,0,11,14,throughout,throughout,IN,IN
364,Laos_2003,0,11,15,the,the,DT,DT
365,Laos_2003,0,11,16,country,country,NN,NN
366,Laos_2003,0,12,0,It,it,PRP,PR
367,Laos_2003,0,12,1,reflects,reflects,VBZ,VB
368,Laos_2003,0,12,2,the,the,DT,DT
369,Laos_2003,0,12,3,long-standing,longstanding,JJ,JJ
370,Laos_2003,0,12,4,aspirations,aspirations,NNS,NN
371,Laos_2003,0,12,5,and,and,CC,CC
372,Laos_2003,0,12,6,strong,strong,JJ,JJ
373,Laos_2003,0,12,7,determination,determination,NN,NN
374,Laos_2003,0,12,8,of,of,IN,IN
375,Laos_2003,0,12,9,the,the,DT,DT
376,Laos_2003,0,12,10,national,national,JJ,JJ
377,Laos_2003,0,12,11,community,community,NN,NN
378,Laos_2003,0,12,12,to,to,TO,TO
379,Laos_2003,0,12,13,strive,strive,VB,VB
380,Laos_2003,0,12,14,together,together,RB,RB
381,Laos_2003,0,12,15,to,to,TO,TO
382,Laos_2003,0,12,16,fulfil,fulfil,VB,VB
383,Laos_2003,0,12,17,the,the,DT,DT
384,Laos_2003,0,12,18,objective,objective,NN,NN
385,Laos_2003,0,12,19,of,of,IN,IN
386,Laos_2003,0,12,20,building,building,NN,NN
387,Laos_2003,0,12,21,Laos,laos,NNP,NN
388,Laos_2003,0,12,22,into,into,IN,IN
389,Laos_2003,0,12,23,a,a,DT,DT
390,Laos_2003,0,12,24,country,country,NN,NN
391,Laos_2003,0,12,25,of,of,IN,IN
392,Laos_2003,0,12,26,peace,peace,NN,NN
393,Laos_2003,0,12,28,independence,independence,NN,NN
394,Laos_2003,0,12,30,democracy,democracy,NN,NN
395,Laos_2003,0,12,32,unity,unity,NN,NN
396,Laos_2003,0,12,33,and,and,CC,CC
397,Laos_2003,0,12,34,prosperity,prosperity,NN,NN
398,Laos_2003,0,13,0,Chapter,chapter,NN,NN
399,Laos_2003,0,13,1,I,i,PRP,PR
400,Laos_2003,0,14,0,The,the,DT,DT
401,Laos_2003,0,14,1,Political,political,NNP,NN
402,Laos_2003,0,14,2,Regime,regime,NNP,NN
403,Laos_2003,0,14,3,Share,share,NNP,NN
404,Laos_2003,0,14,4,Article,article,NNP,NN
405,Laos_2003,0,14,5,1,1,CD,CD
406,Laos_2003,0,14,6,Share,share,NNP,NN
407,Laos_2003,0,14,7,The,the,DT,DT
408,Laos_2003,0,14,8,Lao,lao,NNP,NN
409,Laos_2003,0,14,9,People,people,NNP,NN
410,Laos_2003,0,14,11,s,s,VBD,VB
411,Laos_2003,0,14,12,Democratic,democratic,NNP,NN
412,Laos_2003,0,14,13,Republic,republic,NNP,NN
413,Laos_2003,0,14,14,is,is,VBZ,VB
414,Laos_2003,0,14,15,an,an,DT,DT
415,Laos_2003,0,14,16,independent,independent,JJ,JJ
416,Laos_2003,0,14,17,country,country,NN,NN
417,Laos_2003,0,14,18,with,with,IN,IN
418,Laos_2003,0,14,19,sovereignty,sovereignty,NN,NN
419,Laos_2003,0,14,20,and,and,CC,CC
420,Laos_2003,0,14,21,territorial,territorial,JJ,JJ
421,Laos_2003,0,14,22,integrity,integrity,NN,NN
422,Laos_2003,0,14,23,over,over,IN,IN
423,Laos_2003,0,14,24,its,its,PRP$,PR
424,Laos_2003,0,14,25,territorial,territorial,JJ,JJ
425,Laos_2003,0,14,26,waters,waters,NNS,NN
426,Laos_2003,0,14,27,and,and,CC,CC
427,Laos_2003,0,14,28,airspace,airspace,NN,NN
428,Laos_2003,0,15,0,It,it,PRP,PR
429,Laos_2003,0,15,1,is,is,VBZ,VB
430,Laos_2003,0,15,2,a,a,DT,DT
431,Laos_2003,0,15,3,unified,unified,JJ,JJ
432,Laos_2003,0,15,4,country,country,NN,NN
433,Laos_2003,0,15,5,belonging,belonging,VBG,VB
434,Laos_2003,0,15,6,to,to,TO,TO
435,Laos_2003,0,15,7,all,all,DT,DT
436,Laos_2003,0,15,8,multiethnic,multiethnic,JJ,JJ
437,Laos_2003,0,15,9,people,people,NNS,NN
438,Laos_2003,0,15,10,and,and,CC,CC
439,Laos_2003,0,15,11,is,is,VBZ,VB
440,Laos_2003,0,15,12,indivisible,indivisible,JJ,JJ
441,Laos_2003,0,16,0,Article,article,NN,NN
442,Laos_2003,0,16,1,2,2,CD,CD
443,Laos_2003,0,16,2,Share,share,NNP,NN
444,Laos_2003,0,16,3,The,the,DT,DT
445,Laos_2003,0,16,4,State,state,NNP,NN
446,Laos_2003,0,16,5,of,of,IN,IN
447,Laos_2003,0,16,6,the,the,DT,DT
448,Laos_2003,0,16,7,Lao,lao,NNP,NN
449,Laos_2003,0,16,8,People,people,NNP,NN
450,Laos_2003,0,16,10,s,s,VBD,VB
451,Laos_2003,0,16,11,Democratic,democratic,NNP,NN
452,Laos_2003,0,16,12,Republic,republic,NNP,NN
453,Laos_2003,0,16,13,is,is,VBZ,VB
454,Laos_2003,0,16,14,a,a,DT,DT
455,Laos_2003,0,16,15,people,people,NNS,NN
456,Laos_2003,0,16,17,s,s,VBD,VB
457,Laos_2003,0,16,18,democratic,democratic,JJ,JJ
458,Laos_2003,0,16,19,state,state,NN,NN
459,Laos_2003,0,17,0,All,all,DT,DT
460,Laos_2003,0,17,1,powers,powers,NNS,NN
461,Laos_2003,0,17,2,belong,belong,VBP,VB
462,Laos_2003,0,17,3,to,to,TO,TO
463,Laos_2003,0,17,4,the,the,DT,DT
464,Laos_2003,0,17,5,people,people,NNS,NN
465,Laos_2003,0,17,8,and,and,CC,CC
466,Laos_2003,0,17,9,are,are,VBP,VB
467,Laos_2003,0,17,10,exercised,exercised,VBN,VB
468,Laos_2003,0,17,12,by,by,IN,IN
469,Laos_2003,0,17,13,the,the,DT,DT
470,Laos_2003,0,17,14,people,people,NNS,NN
471,Laos_2003,0,17,15,and,and,CC,CC
472,Laos_2003,0,17,16,for,for,IN,IN
473,Laos_2003,0,17,17,the,the,DT,DT
474,Laos_2003,0,17,18,interests,interests,NNS,NN
475,Laos_2003,0,17,19,of,of,IN,IN
476,Laos_2003,0,17,20,the,the,DT,DT
477,Laos_2003,0,17,21,multi-ethnic,multiethnic,JJ,JJ
478,Laos_2003,0,17,22,people,people,NNS,NN
479,Laos_2003,0,17,23,of,of,IN,IN
480,Laos_2003,0,17,24,all,all,DT,DT
481,Laos_2003,0,17,25,social,social,JJ,JJ
482,Laos_2003,0,17,26,strata,strata,NN,NN
483,Laos_2003,0,17,27,with,with,IN,IN
484,Laos_2003,0,17,28,the,the,DT,DT
485,Laos_2003,0,17,29,workers,workers,NNS,NN
486,Laos_2003,0,17,31,farmers,farmers,NNS,NN
487,Laos_2003,0,17,32,and,and,CC,CC
488,Laos_2003,0,17,33,intelligentsia,intelligentsia,NN,NN
489,Laos_2003,0,17,34,as,as,IN,IN
490,Laos_2003,0,17,35,key,key,JJ,JJ
491,Laos_2003,0,17,36,components,components,NNS,NN
492,Laos_2003,0,18,0,Article,article,NN,NN
493,Laos_2003,0,18,1,3,3,CD,CD
494,Laos_2003,0,18,2,Share,share,NNP,NN
495,Laos_2003,0,18,3,The,the,DT,DT
496,Laos_2003,0,18,4,rights,rights,NNS,NN
497,Laos_2003,0,18,5,of,of,IN,IN
498,Laos_2003,0,18,6,the,the,DT,DT
499,Laos_2003,0,18,7,multi-ethnic,multiethnic,JJ,JJ
500,Laos_2003,0,18,8,people,people,NNS,NN
501,Laos_2003,0,18,9,to,to,TO,TO
502,Laos_2003,0,18,10,be,be,VB,VB
503,Laos_2003,0,18,11,the,the,DT,DT
504,Laos_2003,0,18,12,masters,masters,NNS,NN
505,Laos_2003,0,18,13,of,of,IN,IN
506,Laos_2003,0,18,14,the,the,DT,DT
507,Laos_2003,0,18,15,country,country,NN,NN
508,Laos_2003,0,18,16,are,are,VBP,VB
509,Laos_2003,0,18,17,exercised,exercised,VBN,VB
510,Laos_2003,0,18,18,and,and,CC,CC
511,Laos_2003,0,18,19,ensured,ensured,VBN,VB
512,Laos_2003,0,18,20,through,through,IN,IN
513,Laos_2003,0,18,21,the,the,DT,DT
514,Laos_2003,0,18,22,functioning,functioning,NN,NN
515,Laos_2003,0,18,23,of,of,IN,IN
516,Laos_2003,0,18,24,the,the,DT,DT
517,Laos_2003,0,18,25,political,political,JJ,JJ
518,Laos_2003,0,18,26,system,system,NN,NN
519,Laos_2003,0,18,27,with,with,IN,IN
520,Laos_2003,0,18,28,the,the,DT,DT
521,Laos_2003,0,18,29,Lao,lao,NNP,NN
522,Laos_2003,0,18,30,People,people,NNP,NN
523,Laos_2003,0,18,32,s,s,VBD,VB
524,Laos_2003,0,18,33,Revolutionary,revolutionary,NNP,NN
525,Laos_2003,0,18,34,Party,party,NNP,NN
526,Laos_2003,0,18,35,as,as,IN,IN
527,Laos_2003,0,18,36,its,its,PRP$,PR
528,Laos_2003,0,18,37,leading,leading,JJ,JJ
529,Laos_2003,0,18,38,nucleus,nucleus,NN,NN
530,Laos_2003,0,19,0,Article,article,NN,NN
531,Laos_2003,0,19,1,4,4,CD,CD
532,Laos_2003,0,19,2,Share,share,NNP,NN
533,Laos_2003,0,19,3,The,the,DT,DT
534,Laos_2003,0,19,4,people,people,NNS,NN
535,Laos_2003,0,19,5,are,are,VBP,VB
536,Laos_2003,0,19,6,to,to,TO,TO
537,Laos_2003,0,19,7,elect,elect,VB,VB
538,Laos_2003,0,19,8,representatives,representatives,NNS,NN
539,Laos_2003,0,19,10,namely,namely,RB,RB
540,Laos_2003,0,19,11,the,the,DT,DT
541,Laos_2003,0,19,12,National,national,NNP,NN
542,Laos_2003,0,19,13,Assembly,assembly,NNP,NN
543,Laos_2003,0,19,15,to,to,TO,TO
544,Laos_2003,0,19,16,ensure,ensure,VB,VB
545,Laos_2003,0,19,17,that,that,IN,IN
546,Laos_2003,0,19,18,their,their,PRP$,PR
547,Laos_2003,0,19,19,rights,rights,NNS,NN
548,Laos_2003,0,19,21,powers,powers,NNS,NN
549,Laos_2003,0,19,22,and,and,CC,CC
550,Laos_2003,0,19,23,benefits,benefits,NNS,NN
551,Laos_2003,0,19,24,are,are,VBP,VB
552,Laos_2003,0,19,25,addressed,addressed,VBN,VB
553,Laos_2003,0,20,0,The,the,DT,DT
554,Laos_2003,0,20,1,election,election,NN,NN
555,Laos_2003,0,20,2,of,of,IN,IN
556,Laos_2003,0,20,3,members,members,NNS,NN
557,Laos_2003,0,20,4,of,of,IN,IN
558,Laos_2003,0,20,5,the,the,DT,DT
559,Laos_2003,0,20,6,National,national,NNP,NN
560,Laos_2003,0,20,7,Assembly,assembly,NNP,NN
561,Laos_2003,0,20,8,shall,shall,MD,MD
562,Laos_2003,0,20,9,be,be,VB,VB
563,Laos_2003,0,20,10,carried,carried,VBN,VB
564,Laos_2003,0,20,11,out,out,RP,RP
565,Laos_2003,0,20,12,through,through,IN,IN
566,Laos_2003,0,20,13,the,the,DT,DT
567,Laos_2003,0,20,14,principles,principles,NNS,NN
568,Laos_2003,0,20,15,of,of,IN,IN
569,Laos_2003,0,20,16,universal,universal,JJ,JJ
570,Laos_2003,0,20,17,equal,equal,JJ,JJ
571,Laos_2003,0,20,18,direct,direct,JJ,JJ
572,Laos_2003,0,20,19,suffrage,suffrage,NN,NN
573,Laos_2003,0,20,20,and,and,CC,CC
574,Laos_2003,0,20,21,secret,secret,JJ,JJ
575,Laos_2003,0,20,22,balloting,balloting,NN,NN
576,Laos_2003,0,21,0,Voters,voters,NNS,NN
577,Laos_2003,0,21,1,have,have,VBP,VB
578,Laos_2003,0,21,2,the,the,DT,DT
579,Laos_2003,0,21,3,right,right,NN,NN
580,Laos_2003,0,21,4,to,to,TO,TO
581,Laos_2003,0,21,5,propose,propose,VB,VB
582,Laos_2003,0,21,6,the,the,DT,DT
583,Laos_2003,0,21,7,removal,removal,NN,NN
584,Laos_2003,0,21,8,of,of,IN,IN
585,Laos_2003,0,21,9,their,their,PRP$,PR
586,Laos_2003,0,21,10,own,own,JJ,JJ
587,Laos_2003,0,21,11,representatives,representatives,NNS,NN
588,Laos_2003,0,21,12,if,if,IN,IN
589,Laos_2003,0,21,13,they,they,PRP,PR
590,Laos_2003,0,21,14,are,are,VBP,VB
591,Laos_2003,0,21,15,found,found,VBN,VB
592,Laos_2003,0,21,16,to,to,TO,TO
593,Laos_2003,0,21,17,behave,behave,VB,VB
594,Laos_2003,0,21,18,in,in,IN,IN
595,Laos_2003,0,21,19,a,a,DT,DT
596,Laos_2003,0,21,20,way,way,NN,NN
597,Laos_2003,0,21,21,unbefitting,unbefitting,VBG,VB
598,Laos_2003,0,21,22,their,their,PRP$,PR
599,Laos_2003,0,21,24,honourable,honourable,JJ,JJ
600,Laos_2003,0,21,25,positions,positions,NNS,NN
601,Laos_2003,0,21,27,and,and,CC,CC
602,Laos_2003,0,21,28,to,to,TO,TO
603,Laos_2003,0,21,29,lose,lose,VB,VB
604,Laos_2003,0,21,30,the,the,DT,DT
605,Laos_2003,0,21,31,people,people,NNS,NN
606,Laos_2003,0,21,33,s,s,JJ,JJ
607,Laos_2003,0,21,34,confidence,confidence,NN,NN
608,Laos_2003,0,22,0,Article,article,NN,NN
609,Laos_2003,0,22,1,5,5,CD,CD
610,Laos_2003,0,22,2,Share,share,NNP,NN
611,Laos_2003,0,22,3,The,the,DT,DT
612,Laos_2003,0,22,4,National,national,NNP,NN
613,Laos_2003,0,22,5,Assembly,assembly,NNP,NN
614,Laos_2003,0,22,6,and,and,CC,CC
615,Laos_2003,0,22,7,other,other,JJ,JJ
616,Laos_2003,0,22,8,state,state,NN,NN
617,Laos_2003,0,22,9,organisations,organisations,NNS,NN
618,Laos_2003,0,22,10,are,are,VBP,VB
619,Laos_2003,0,22,11,established,established,VBN,VB
620,Laos_2003,0,22,12,and,and,CC,CC
621,Laos_2003,0,22,13,function,function,NN,NN
622,Laos_2003,0,22,14,in,in,IN,IN
623,Laos_2003,0,22,15,accordance,accordance,NN,NN
624,Laos_2003,0,22,16,with,with,IN,IN
625,Laos_2003,0,22,17,the,the,DT,DT
626,Laos_2003,0,22,18,principle,principle,NN,NN
627,Laos_2003,0,22,19,of,of,IN,IN
628,Laos_2003,0,22,20,democratic,democratic,JJ,JJ
629,Laos_2003,0,22,21,centralism,centralism,NN,NN
630,Laos_2003,0,23,0,Article,article,NN,NN
631,Laos_2003,0,23,1,6,6,CD,CD
632,Laos_2003,0,23,2,Share,share,NNP,NN
633,Laos_2003,0,23,3,The,the,DT,DT
634,Laos_2003,0,23,4,State,state,NNP,NN
635,Laos_2003,0,23,5,protects,protects,VBZ,VB
636,Laos_2003,0,23,6,the,the,DT,DT
637,Laos_2003,0,23,7,freedom,freedom,NN,NN
638,Laos_2003,0,23,8,and,and,CC,CC
639,Laos_2003,0,23,9,democratic,democratic,JJ,JJ
640,Laos_2003,0,23,10,rights,rights,NNS,NN
641,Laos_2003,0,23,11,of,of,IN,IN
642,Laos_2003,0,23,12,the,the,DT,DT
643,Laos_2003,0,23,13,people,people,NNS,NN
644,Laos_2003,0,23,14,which,which,WDT,WD
645,Laos_2003,0,23,15,can,can,MD,MD
646,Laos_2003,0,23,16,not,not,RB,RB
647,Laos_2003,0,23,17,be,be,VB,VB
648,Laos_2003,0,23,18,violated,violated,VBN,VB
649,Laos_2003,0,23,19,by,by,IN,IN
650,Laos_2003,0,23,20,anyone,anyone,NN,NN
651,Laos_2003,0,24,0,All,all,DT,DT
652,Laos_2003,0,24,1,state,state,NN,NN
653,Laos_2003,0,24,2,organisations,organisations,NNS,NN
654,Laos_2003,0,24,3,and,and,CC,CC
655,Laos_2003,0,24,4,government,government,NN,NN
656,Laos_2003,0,24,5,officials,officials,NNS,NN
657,Laos_2003,0,24,6,must,must,MD,MD
658,Laos_2003,0,24,7,disseminate,disseminate,VB,VB
659,Laos_2003,0,24,8,and,and,CC,CC
660,Laos_2003,0,24,9,create,create,VB,VB
661,Laos_2003,0,24,10,awareness,awareness,NN,NN
662,Laos_2003,0,24,11,of,of,IN,IN
663,Laos_2003,0,24,12,all,all,DT,DT
664,Laos_2003,0,24,13,policies,policies,NNS,NN
665,Laos_2003,0,24,15,regulations,regulations,NNS,NN
666,Laos_2003,0,24,16,and,and,CC,CC
667,Laos_2003,0,24,17,laws,laws,NNS,NN
668,Laos_2003,0,24,18,among,among,IN,IN
669,Laos_2003,0,24,19,the,the,DT,DT
670,Laos_2003,0,24,20,people,people,NNS,NN
671,Laos_2003,0,24,21,and,and,CC,CC
672,Laos_2003,0,24,23,together,together,RB,RB
673,Laos_2003,0,24,24,with,with,IN,IN
674,Laos_2003,0,24,25,the,the,DT,DT
675,Laos_2003,0,24,26,people,people,NNS,NN
676,Laos_2003,0,24,28,organise,organise,VBP,VB
677,Laos_2003,0,24,29,their,their,PRP$,PR
678,Laos_2003,0,24,30,implementation,implementation,NN,NN
679,Laos_2003,0,24,31,in,in,IN,IN
680,Laos_2003,0,24,32,order,order,NN,NN
681,Laos_2003,0,24,33,to,to,TO,TO
682,Laos_2003,0,24,34,guarantee,guarantee,VB,VB
683,Laos_2003,0,24,35,the,the,DT,DT
684,Laos_2003,0,24,36,legitimate,legitimate,JJ,JJ
685,Laos_2003,0,24,37,rights,rights,NNS,NN
686,Laos_2003,0,24,38,and,and,CC,CC
687,Laos_2003,0,24,39,interests,interests,NNS,NN
688,Laos_2003,0,24,40,of,of,IN,IN
689,Laos_2003,0,24,41,the,the,DT,DT
690,Laos_2003,0,24,42,people,people,NNS,NN
691,Laos_2003,0,25,0,All,all,DT,DT
692,Laos_2003,0,25,1,acts,acts,NNS,NN
693,Laos_2003,0,25,2,of,of,IN,IN
694,Laos_2003,0,25,3,bureaucratism,bureaucratism,NN,NN
695,Laos_2003,0,25,4,and,and,CC,CC
696,Laos_2003,0,25,5,harassment,harassment,NN,NN
697,Laos_2003,0,25,6,that,that,WDT,WD
698,Laos_2003,0,25,7,can,can,MD,MD
699,Laos_2003,0,25,8,be,be,VB,VB
700,Laos_2003,0,25,9,detrimental,detrimental,JJ,JJ
701,Laos_2003,0,25,10,to,to,TO,TO
702,Laos_2003,0,25,11,the,the,DT,DT
703,Laos_2003,0,25,12,people,people,NNS,NN
704,Laos_2003,0,25,14,s,s,JJ,JJ
705,Laos_2003,0,25,15,honour,honour,NN,NN
706,Laos_2003,0,25,17,physical,physical,JJ,JJ
707,Laos_2003,0,25,18,well-being,wellbeing,NN,NN
708,Laos_2003,0,25,20,lives,lives,VBZ,VB
709,Laos_2003,0,25,22,consciences,consciences,NNS,NN
710,Laos_2003,0,25,23,and,and,CC,CC
711,Laos_2003,0,25,24,property,property,NN,NN
712,Laos_2003,0,25,25,are,are,VBP,VB
713,Laos_2003,0,25,26,prohibited,prohibited,VBN,VB
714,Laos_2003,0,26,0,Article,article,NN,NN
715,Laos_2003,0,26,1,7,7,CD,CD
716,Laos_2003,0,26,2,Share,share,NNP,NN
717,Laos_2003,0,26,3,The,the,DT,DT
718,Laos_2003,0,26,4,Lao,lao,NNP,NN
719,Laos_2003,0,26,5,Front,front,NNP,NN
720,Laos_2003,0,26,6,for,for,IN,IN
721,Laos_2003,0,26,7,National,national,NNP,NN
722,Laos_2003,0,26,8,Construction,construction,NNP,NN
723,Laos_2003,0,26,10,the,the,DT,DT
724,Laos_2003,0,26,11,Lao,lao,NNP,NN
725,Laos_2003,0,26,12,Federation,federation,NNP,NN
726,Laos_2003,0,26,13,of,of,IN,IN
727,Laos_2003,0,26,14,Trade,trade,NNP,NN
728,Laos_2003,0,26,15,Unions,unions,NNP,NN
729,Laos_2003,0,26,17,the,the,DT,DT
730,Laos_2003,0,26,18,Lao,lao,NNP,NN
731,Laos_2003,0,26,19,People,people,NNP,NN
732,Laos_2003,0,26,21,s,s,VBD,VB
733,Laos_2003,0,26,22,Revolutionary,revolutionary,NNP,NN
734,Laos_2003,0,26,23,Youth,youth,NNP,NN
735,Laos_2003,0,26,24,Union,union,NNP,NN
736,Laos_2003,0,26,26,the,the,DT,DT
737,Laos_2003,0,26,27,Lao,lao,NNP,NN
738,Laos_2003,0,26,28,Women,women,NNP,NN
739,Laos_2003,0,26,30,s,s,POS,PO
740,Laos_2003,0,26,31,Union,union,NNP,NN
741,Laos_2003,0,26,32,and,and,CC,CC
742,Laos_2003,0,26,33,other,other,JJ,JJ
743,Laos_2003,0,26,34,social,social,JJ,JJ
744,Laos_2003,0,26,35,organisations,organisations,NNS,NN
745,Laos_2003,0,26,36,are,are,VBP,VB
746,Laos_2003,0,26,37,the,the,DT,DT
747,Laos_2003,0,26,38,organs,organs,NNS,NN
748,Laos_2003,0,26,39,to,to,TO,TO
749,Laos_2003,0,26,40,unite,unite,VB,VB
750,Laos_2003,0,26,41,and,and,CC,CC
751,Laos_2003,0,26,42,mobilise,mobilise,VB,VB
752,Laos_2003,0,26,43,all,all,DT,DT
753,Laos_2003,0,26,44,strata,strata,NN,NN
754,Laos_2003,0,26,45,of,of,IN,IN
755,Laos_2003,0,26,46,the,the,DT,DT
756,Laos_2003,0,26,47,multi-ethnic,multiethnic,JJ,JJ
757,Laos_2003,0,26,48,people,people,NNS,NN
758,Laos_2003,0,26,49,to,to,TO,TO
759,Laos_2003,0,26,50,take,take,VB,VB
760,Laos_2003,0,26,51,part,part,NN,NN
761,Laos_2003,0,26,52,in,in,IN,IN
762,Laos_2003,0,26,53,the,the,DT,DT
763,Laos_2003,0,26,54,tasks,tasks,NNS,NN
764,Laos_2003,0,26,55,of,of,IN,IN
765,Laos_2003,0,26,56,protection,protection,NN,NN
766,Laos_2003,0,26,57,and,and,CC,CC
767,Laos_2003,0,26,58,construction,construction,NN,NN
768,Laos_2003,0,26,59,of,of,IN,IN
769,Laos_2003,0,26,60,the,the,DT,DT
770,Laos_2003,0,26,61,country,country,NN,NN
771,Laos_2003,0,26,63,to,to,TO,TO
772,Laos_2003,0,26,64,develop,develop,VB,VB
773,Laos_2003,0,26,65,the,the,DT,DT
774,Laos_2003,0,26,66,right,right,NN,NN
775,Laos_2003,0,26,67,of,of,IN,IN
776,Laos_2003,0,26,68,self-determination,selfdetermination,NN,NN
777,Laos_2003,0,26,69,of,of,IN,IN
778,Laos_2003,0,26,70,the,the,DT,DT
779,Laos_2003,0,26,71,people,people,NNS,NN
780,Laos_2003,0,26,72,and,and,CC,CC
781,Laos_2003,0,26,73,to,to,TO,TO
782,Laos_2003,0,26,74,protect,protect,VB,VB
783,Laos_2003,0,26,75,the,the,DT,DT
784,Laos_2003,0,26,76,legitimate,legitimate,JJ,JJ
785,Laos_2003,0,26,77,rights,rights,NNS,NN
786,Laos_2003,0,26,78,and,and,CC,CC
787,Laos_2003,0,26,79,interests,interests,NNS,NN
788,Laos_2003,0,26,80,of,of,IN,IN
789,Laos_2003,0,26,81,members,members,NNS,NN
790,Laos_2003,0,26,82,of,of,IN,IN
791,Laos_2003,0,26,83,their,their,PRP$,PR
792,Laos_2003,0,26,84,respective,respective,JJ,JJ
793,Laos_2003,0,26,85,organisations,organisations,NNS,NN
794,Laos_2003,0,27,0,Article,article,NN,NN
795,Laos_2003,0,27,1,8,8,CD,CD
796,Laos_2003,0,27,2,Share,share,NNP,NN
797,Laos_2003,0,27,3,The,the,DT,DT
798,Laos_2003,0,27,4,State,state,NNP,NN
799,Laos_2003,0,27,5,pursues,pursues,VBZ,VB
800,Laos_2003,0,27,6,the,the,DT,DT
801,Laos_2003,0,27,7,policy,policy,NN,NN
802,Laos_2003,0,27,8,of,of,IN,IN
803,Laos_2003,0,27,9,promoting,promoting,VBG,VB
804,Laos_2003,0,27,10,unity,unity,NN,NN
805,Laos_2003,0,27,11,and,and,CC,CC
806,Laos_2003,0,27,12,equality,equality,NN,NN
807,Laos_2003,0,27,13,among,among,IN,IN
808,Laos_2003,0,27,14,all,all,DT,DT
809,Laos_2003,0,27,15,ethnic,ethnic,JJ,JJ
810,Laos_2003,0,27,16,groups,groups,NNS,NN
811,Laos_2003,0,28,0,All,all,DT,DT
812,Laos_2003,0,28,1,ethnic,ethnic,JJ,JJ
813,Laos_2003,0,28,2,groups,groups,NNS,NN
814,Laos_2003,0,28,3,have,have,VBP,VB
815,Laos_2003,0,28,4,the,the,DT,DT
816,Laos_2003,0,28,5,right,right,NN,NN
817,Laos_2003,0,28,6,to,to,TO,TO
818,Laos_2003,0,28,7,protect,protect,VB,VB
819,Laos_2003,0,28,9,preserve,preserve,NN,NN
820,Laos_2003,0,28,10,and,and,CC,CC
821,Laos_2003,0,28,11,promote,promote,VB,VB
822,Laos_2003,0,28,12,the,the,DT,DT
823,Laos_2003,0,28,13,fine,fine,JJ,JJ
824,Laos_2003,0,28,14,customs,customs,NNS,NN
825,Laos_2003,0,28,15,and,and,CC,CC
826,Laos_2003,0,28,16,cultures,cultures,NNS,NN
827,Laos_2003,0,28,17,of,of,IN,IN
828,Laos_2003,0,28,18,their,their,PRP$,PR
829,Laos_2003,0,28,19,own,own,JJ,JJ
830,Laos_2003,0,28,20,tribes,tribes,NNS,NN
831,Laos_2003,0,28,21,and,and,CC,CC
832,Laos_2003,0,28,22,of,of,IN,IN
833,Laos_2003,0,28,23,the,the,DT,DT
834,Laos_2003,0,28,24,nation,nation,NN,NN
835,Laos_2003,0,29,0,All,all,DT,DT
836,Laos_2003,0,29,1,acts,acts,NNS,NN
837,Laos_2003,0,29,2,creating,creating,VBG,VB
838,Laos_2003,0,29,3,division,division,NN,NN
839,Laos_2003,0,29,4,and,and,CC,CC
840,Laos_2003,0,29,5,discrimination,discrimination,NN,NN
841,Laos_2003,0,29,6,among,among,IN,IN
842,Laos_2003,0,29,7,ethnic,ethnic,JJ,JJ
843,Laos_2003,0,29,8,groups,groups,NNS,NN
844,Laos_2003,0,29,9,are,are,VBP,VB
845,Laos_2003,0,29,10,prohibited,prohibited,VBN,VB
846,Laos_2003,0,30,0,The,the,DT,DT
847,Laos_2003,0,30,1,State,state,NNP,NN
848,Laos_2003,0,30,2,implements,implements,NNS,NN
849,Laos_2003,0,30,3,every,every,DT,DT
850,Laos_2003,0,30,4,measure,measure,NN,NN
851,Laos_2003,0,30,5,to,to,TO,TO
852,Laos_2003,0,30,6,gradually,gradually,RB,RB
853,Laos_2003,0,30,7,develop,develop,VB,VB
854,Laos_2003,0,30,8,and,and,CC,CC
855,Laos_2003,0,30,9,upgrade,upgrade,VB,VB
856,Laos_2003,0,30,10,the,the,DT,DT
857,Laos_2003,0,30,11,socio-economic,socioeconomic,JJ,JJ
858,Laos_2003,0,30,12,levels,levels,NNS,NN
859,Laos_2003,0,30,13,of,of,IN,IN
860,Laos_2003,0,30,14,all,all,DT,DT
861,Laos_2003,0,30,15,ethnic,ethnic,JJ,JJ
862,Laos_2003,0,30,16,groups,groups,NNS,NN
863,Laos_2003,0,31,0,Article,article,NN,NN
864,Laos_2003,0,31,1,9,9,CD,CD
865,Laos_2003,0,31,2,Share,share,NNP,NN
866,Laos_2003,0,31,4,New,new,NNP,NN
867,Laos_2003,0,31,6,The,the,DT,DT
868,Laos_2003,0,31,7,State,state,NNP,NN
869,Laos_2003,0,31,8,respects,respects,NNS,NN
870,Laos_2003,0,31,9,and,and,CC,CC
871,Laos_2003,0,31,10,protects,protects,VBZ,VB
872,Laos_2003,0,31,11,all,all,DT,DT
873,Laos_2003,0,31,12,lawful,lawful,JJ,JJ
874,Laos_2003,0,31,13,activities,activities,NNS,NN
875,Laos_2003,0,31,14,of,of,IN,IN
876,Laos_2003,0,31,15,Buddhists,buddhists,NNS,NN
877,Laos_2003,0,31,16,and,and,CC,CC
878,Laos_2003,0,31,17,of,of,IN,IN
879,Laos_2003,0,31,18,followers,followers,NNS,NN
880,Laos_2003,0,31,19,of,of,IN,IN
881,Laos_2003,0,31,20,other,other,JJ,JJ
882,Laos_2003,0,31,21,religions,religions,NNS,NN
883,Laos_2003,0,31,24,and,and,CC,CC
884,Laos_2003,0,31,26,mobilises,mobilises,NNS,NN
885,Laos_2003,0,31,27,and,and,CC,CC
886,Laos_2003,0,31,28,encourages,encourages,NNS,NN
887,Laos_2003,0,31,29,Buddhist,buddhist,NNP,NN
888,Laos_2003,0,31,30,monks,monks,NNS,NN
889,Laos_2003,0,31,31,and,and,CC,CC
890,Laos_2003,0,31,32,novices,novices,NNS,NN
891,Laos_2003,0,31,33,as,as,RB,RB
892,Laos_2003,0,31,34,well,well,RB,RB
893,Laos_2003,0,31,35,as,as,IN,IN
894,Laos_2003,0,31,36,the,the,DT,DT
895,Laos_2003,0,31,37,priests,priests,NNS,NN
896,Laos_2003,0,31,38,of,of,IN,IN
897,Laos_2003,0,31,39,other,other,JJ,JJ
898,Laos_2003,0,31,40,religions,religions,NNS,NN
899,Laos_2003,0,31,41,to,to,TO,TO
900,Laos_2003,0,31,42,participate,participate,VB,VB
901,Laos_2003,0,31,43,in,in,IN,IN
902,Laos_2003,0,31,44,activities,activities,NNS,NN
903,Laos_2003,0,31,45,that,that,WDT,WD
904,Laos_2003,0,31,46,are,are,VBP,VB
905,Laos_2003,0,31,47,beneficial,beneficial,JJ,JJ
906,Laos_2003,0,31,48,to,to,TO,TO
907,Laos_2003,0,31,49,the,the,DT,DT
908,Laos_2003,0,31,50,country,country,NN,NN
909,Laos_2003,0,31,51,and,and,CC,CC
910,Laos_2003,0,31,52,people,people,NNS,NN
911,Laos_2003,0,32,0,All,all,DT,DT
912,Laos_2003,0,32,1,acts,acts,NNS,NN
913,Laos_2003,0,32,2,creating,creating,VBG,VB
914,Laos_2003,0,32,3,division,division,NN,NN
915,Laos_2003,0,32,4,between,between,IN,IN
916,Laos_2003,0,32,5,religions,religions,NNS,NN
917,Laos_2003,0,32,6,and,and,CC,CC
918,Laos_2003,0,32,7,classes,classes,NNS,NN
919,Laos_2003,0,32,8,of,of,IN,IN
920,Laos_2003,0,32,9,people,people,NNS,NN
921,Laos_2003,0,32,10,are,are,VBP,VB
922,Laos_2003,0,32,11,prohibited,prohibited,VBN,VB
923,Laos_2003,0,33,0,Article,article,NN,NN
924,Laos_2003,0,33,1,10,10,CD,CD
925,Laos_2003,0,33,2,Share,share,NNP,NN
926,Laos_2003,0,33,4,New,new,NNP,NN
927,Laos_2003,0,33,6,The,the,DT,DT
928,Laos_2003,0,33,7,State,state,NNP,NN
929,Laos_2003,0,33,8,manages,manages,VBZ,VB
930,Laos_2003,0,33,9,the,the,DT,DT
931,Laos_2003,0,33,10,society,society,NN,NN
932,Laos_2003,0,33,11,through,through,IN,IN
933,Laos_2003,0,33,12,the,the,DT,DT
934,Laos_2003,0,33,13,provisions,provisions,NNS,NN
935,Laos_2003,0,33,14,of,of,IN,IN
936,Laos_2003,0,33,15,the,the,DT,DT
937,Laos_2003,0,33,16,Constitution,constitution,NNP,NN
938,Laos_2003,0,33,17,and,and,CC,CC
939,Laos_2003,0,33,18,the,the,DT,DT
940,Laos_2003,0,33,19,laws,laws,NNS,NN
941,Laos_2003,0,34,0,Party,party,NNP,NN
942,Laos_2003,0,34,1,and,and,CC,CC
943,Laos_2003,0,34,2,state,state,NN,NN
944,Laos_2003,0,34,3,organisations,organisations,NNS,NN
945,Laos_2003,0,34,5,the,the,DT,DT
946,Laos_2003,0,34,6,Lao,lao,NNP,NN
947,Laos_2003,0,34,7,Front,front,NNP,NN
948,Laos_2003,0,34,8,for,for,IN,IN
949,Laos_2003,0,34,9,National,national,NNP,NN
950,Laos_2003,0,34,10,Construction,construction,NNP,NN
951,Laos_2003,0,34,12,mass,mass,NN,NN
952,Laos_2003,0,34,13,organisations,organisations,NNS,NN
953,Laos_2003,0,34,15,social,social,JJ,JJ
954,Laos_2003,0,34,16,organisations,organisations,NNS,NN
955,Laos_2003,0,34,17,and,and,CC,CC
956,Laos_2003,0,34,18,all,all,DT,DT
957,Laos_2003,0,34,19,citizens,citizens,NNS,NN
958,Laos_2003,0,34,20,must,must,MD,MD
959,Laos_2003,0,34,21,function,function,VB,VB
960,Laos_2003,0,34,22,within,within,IN,IN
961,Laos_2003,0,34,23,the,the,DT,DT
962,Laos_2003,0,34,24,bounds,bounds,NNS,NN
963,Laos_2003,0,34,25,of,of,IN,IN
964,Laos_2003,0,34,26,the,the,DT,DT
965,Laos_2003,0,34,27,Constitution,constitution,NNP,NN
966,Laos_2003,0,34,28,and,and,CC,CC
967,Laos_2003,0,34,29,the,the,DT,DT
968,Laos_2003,0,34,30,laws,laws,NNS,NN
969,Laos_2003,0,35,0,Article,article,NN,NN
970,Laos_2003,0,35,1,11,11,CD,CD
971,Laos_2003,0,35,2,Share,share,NNP,NN
972,Laos_2003,0,35,4,New,new,NNP,NN
973,Laos_2003,0,35,6,The,the,DT,DT
974,Laos_2003,0,35,7,State,state,NNP,NN
975,Laos_2003,0,35,8,implements,implements,NNS,NN
976,Laos_2003,0,35,9,in,in,IN,IN
977,Laos_2003,0,35,10,all,all,DT,DT
978,Laos_2003,0,35,11,aspects,aspects,NNS,NN
979,Laos_2003,0,35,12,the,the,DT,DT
980,Laos_2003,0,35,13,policy,policy,NN,NN
981,Laos_2003,0,35,14,of,of,IN,IN
982,Laos_2003,0,35,15,national,national,JJ,JJ
983,Laos_2003,0,35,16,defence,defence,NN,NN
984,Laos_2003,0,35,17,and,and,CC,CC
985,Laos_2003,0,35,18,security,security,NN,NN
986,Laos_2003,0,35,19,with,with,IN,IN
987,Laos_2003,0,35,20,the,the,DT,DT
988,Laos_2003,0,35,21,participation,participation,NN,NN
989,Laos_2003,0,35,22,of,of,IN,IN
990,Laos_2003,0,35,23,all,all,DT,DT
991,Laos_2003,0,35,24,people,people,NNS,NN
992,Laos_2003,0,35,26,improving,improving,VBG,VB
993,Laos_2003,0,35,27,and,and,CC,CC
994,Laos_2003,0,35,28,building,building,VBG,VB
995,Laos_2003,0,35,29,the,the,DT,DT
996,Laos_2003,0,35,30,national,national,JJ,JJ
997,Laos_2003,0,35,31,defence,defence,NN,NN
998,Laos_2003,0,35,32,and,and,CC,CC
999,Laos_2003,0,35,33,security,security,NN,NN
1000,Laos_2003,0,35,34,forces,forces,NNS,NN
1001,Laos_2003,0,35,35,to,to,TO,TO
1002,Laos_2003,0,35,36,enhance,enhance,VB,VB
1003,Laos_2003,0,35,37,their,their,PRP$,PR
1004,Laos_2003,0,35,38,loyalty,loyalty,NN,NN
1005,Laos_2003,0,35,39,to,to,TO,TO
1006,Laos_2003,0,35,40,the,the,DT,DT
1007,Laos_2003,0,35,41,country,country,NN,NN
1008,Laos_2003,0,35,42,and,and,CC,CC
1009,Laos_2003,0,35,43,people,people,NNS,NN
1010,Laos_2003,0,35,46,to,to,TO,TO
1011,Laos_2003,0,35,47,enhance,enhance,VB,VB
1012,Laos_2003,0,35,49,their,their,PRP$,PR
1013,Laos_2003,0,35,50,ability,ability,NN,NN
1014,Laos_2003,0,35,51,to,to,TO,TO
1015,Laos_2003,0,35,52,carry,carry,VB,VB
1016,Laos_2003,0,35,53,out,out,RP,RP
1017,Laos_2003,0,35,54,the,the,DT,DT
1018,Laos_2003,0,35,55,duty,duty,NN,NN
1019,Laos_2003,0,35,56,to,to,TO,TO
1020,Laos_2003,0,35,57,protect,protect,VB,VB
1021,Laos_2003,0,35,58,the,the,DT,DT
1022,Laos_2003,0,35,59,gains,gains,NNS,NN
1023,Laos_2003,0,35,60,of,of,IN,IN
1024,Laos_2003,0,35,61,the,the,DT,DT
1025,Laos_2003,0,35,62,revolution,revolution,NN,NN
1026,Laos_2003,0,35,65,and,and,CC,CC
1027,Laos_2003,0,35,67,the,the,DT,DT
1028,Laos_2003,0,35,68,lives,lives,NNS,NN
1029,Laos_2003,0,35,70,properties,properties,NNS,NN
1030,Laos_2003,0,35,71,and,and,CC,CC
1031,Laos_2003,0,35,72,labour,labour,NN,NN
1032,Laos_2003,0,35,73,of,of,IN,IN
1033,Laos_2003,0,35,74,the,the,DT,DT
1034,Laos_2003,0,35,75,people,people,NNS,NN
1035,Laos_2003,0,35,77,and,and,CC,CC
1036,Laos_2003,0,35,78,to,to,TO,TO
1037,Laos_2003,0,35,79,contribute,contribute,VB,VB
1038,Laos_2003,0,35,80,to,to,TO,TO
1039,Laos_2003,0,35,81,the,the,DT,DT
1040,Laos_2003,0,35,82,tasks,tasks,NNS,NN
1041,Laos_2003,0,35,83,of,of,IN,IN
1042,Laos_2003,0,35,84,national,national,JJ,JJ
1043,Laos_2003,0,35,85,development,development,NN,NN
1044,Laos_2003,0,35,86,in,in,IN,IN
1045,Laos_2003,0,35,87,order,order,NN,NN
1046,Laos_2003,0,35,88,to,to,TO,TO
1047,Laos_2003,0,35,89,progress,progress,VB,VB
1048,Laos_2003,0,35,90,to,to,TO,TO
1049,Laos_2003,0,35,91,enrichment,enrichment,VB,VB
1050,Laos_2003,0,35,92,and,and,CC,CC
1051,Laos_2003,0,35,93,strength,strength,NN,NN
1052,Laos_2003,0,36,0,Article,article,NN,NN
1053,Laos_2003,0,36,1,12,12,CD,CD
1054,Laos_2003,0,36,2,Share,share,NNP,NN
1055,Laos_2003,0,36,3,The,the,DT,DT
1056,Laos_2003,0,36,4,Lao,lao,NNP,NN
1057,Laos_2003,0,36,5,People,people,NNP,NN
1058,Laos_2003,0,36,7,s,s,VBD,VB
1059,Laos_2003,0,36,8,Democratic,democratic,NNP,NN
1060,Laos_2003,0,36,9,Republic,republic,NNP,NN
1061,Laos_2003,0,36,10,pursues,pursues,VBZ,VB
1062,Laos_2003,0,36,11,a,a,DT,DT
1063,Laos_2003,0,36,12,foreign,foreign,JJ,JJ
1064,Laos_2003,0,36,13,policy,policy,NN,NN
1065,Laos_2003,0,36,14,of,of,IN,IN
1066,Laos_2003,0,36,15,peace,peace,NN,NN
1067,Laos_2003,0,36,17,independence,independence,NN,NN
1068,Laos_2003,0,36,19,friendship,friendship,NN,NN
1069,Laos_2003,0,36,20,and,and,CC,CC
1070,Laos_2003,0,36,21,cooperation,cooperation,NN,NN
1071,Laos_2003,0,36,23,and,and,CC,CC
1072,Laos_2003,0,36,24,promotes,promotes,NNS,NN
1073,Laos_2003,0,36,25,relations,relations,NNS,NN
1074,Laos_2003,0,36,26,and,and,CC,CC
1075,Laos_2003,0,36,27,cooperation,cooperation,NN,NN
1076,Laos_2003,0,36,28,with,with,IN,IN
1077,Laos_2003,0,36,29,all,all,DT,DT
1078,Laos_2003,0,36,30,countries,countries,NNS,NN
1079,Laos_2003,0,36,31,on,on,IN,IN
1080,Laos_2003,0,36,32,the,the,DT,DT
1081,Laos_2003,0,36,33,basis,basis,NN,NN
1082,Laos_2003,0,36,34,of,of,IN,IN
1083,Laos_2003,0,36,35,the,the,DT,DT
1084,Laos_2003,0,36,37,following,following,VBG,VB
1085,Laos_2003,0,36,39,principles,principles,NNS,NN
1086,Laos_2003,0,36,41,peaceful,peaceful,JJ,JJ
1087,Laos_2003,0,36,42,coexistence,coexistence,NN,NN
1088,Laos_2003,0,36,44,respect,respect,NN,NN
1089,Laos_2003,0,36,45,for,for,IN,IN
1090,Laos_2003,0,36,46,each,each,DT,DT
1091,Laos_2003,0,36,47,other,other,JJ,JJ
1092,Laos_2003,0,36,49,s,s,JJ,JJ
1093,Laos_2003,0,36,50,independence,independence,NN,NN
1094,Laos_2003,0,36,52,sovereignty,sovereignty,NN,NN
1095,Laos_2003,0,36,53,and,and,CC,CC
1096,Laos_2003,0,36,54,territorial,territorial,JJ,JJ
1097,Laos_2003,0,36,55,integrity,integrity,NN,NN
1098,Laos_2003,0,36,57,noninterference,noninterference,NN,NN
1099,Laos_2003,0,36,58,in,in,IN,IN
1100,Laos_2003,0,36,59,each,each,DT,DT
1101,Laos_2003,0,36,60,other,other,JJ,JJ
1102,Laos_2003,0,36,62,s,s,JJ,JJ
1103,Laos_2003,0,36,63,internal,internal,JJ,JJ
1104,Laos_2003,0,36,64,affairs,affairs,NNS,NN
1105,Laos_2003,0,36,66,and,and,CC,CC
1106,Laos_2003,0,36,67,equality,equality,NN,NN
1107,Laos_2003,0,36,68,and,and,CC,CC
1108,Laos_2003,0,36,69,mutual,mutual,JJ,JJ
1109,Laos_2003,0,36,70,benefit,benefit,NN,NN
1110,Laos_2003,0,37,0,The,the,DT,DT
1111,Laos_2003,0,37,1,Lao,lao,NNP,NN
1112,Laos_2003,0,37,2,People,people,NNP,NN
1113,Laos_2003,0,37,4,s,s,VBD,VB
1114,Laos_2003,0,37,5,Democratic,democratic,NNP,NN
1115,Laos_2003,0,37,6,Republic,republic,NNP,NN
1116,Laos_2003,0,37,7,supports,supports,VBZ,VB
1117,Laos_2003,0,37,8,the,the,DT,DT
1118,Laos_2003,0,37,9,struggle,struggle,NN,NN
1119,Laos_2003,0,37,10,of,of,IN,IN
1120,Laos_2003,0,37,11,the,the,DT,DT
1121,Laos_2003,0,37,12,world,world,NN,NN
1122,Laos_2003,0,37,14,s,s,NN,NN
1123,Laos_2003,0,37,15,people,people,NNS,NN
1124,Laos_2003,0,37,16,for,for,IN,IN
1125,Laos_2003,0,37,17,peace,peace,NN,NN
1126,Laos_2003,0,37,19,national,national,JJ,JJ
1127,Laos_2003,0,37,20,independence,independence,NN,NN
1128,Laos_2003,0,37,22,democracy,democracy,NN,NN
1129,Laos_2003,0,37,23,and,and,CC,CC
1130,Laos_2003,0,37,24,social,social,JJ,JJ
1131,Laos_2003,0,37,25,progress,progress,NN,NN
1132,Laos_2003,0,38,0,Chapter,chapter,NN,NN
1133,Laos_2003,0,38,1,II,ii,NNP,NN
1134,Laos_2003,0,39,0,The,the,DT,DT
1135,Laos_2003,0,39,1,Socio-Economic,socioeconomic,JJ,JJ
1136,Laos_2003,0,39,2,Regime,regime,NNP,NN
1137,Laos_2003,0,39,3,Share,share,NNP,NN
1138,Laos_2003,0,39,4,Article,article,NNP,NN
1139,Laos_2003,0,39,5,13,13,CD,CD
1140,Laos_2003,0,39,6,Share,share,NNP,NN
1141,Laos_2003,0,39,8,New,new,NNP,NN
1142,Laos_2003,0,39,10,The,the,DT,DT
1143,Laos_2003,0,39,11,national,national,JJ,JJ
1144,Laos_2003,0,39,12,economy,economy,NN,NN
1145,Laos_2003,0,39,13,of,of,IN,IN
1146,Laos_2003,0,39,14,the,the,DT,DT
1147,Laos_2003,0,39,15,Lao,lao,NNP,NN
1148,Laos_2003,0,39,16,People,people,NNP,NN
1149,Laos_2003,0,39,18,s,s,VBD,VB
1150,Laos_2003,0,39,19,Democratic,democratic,NNP,NN
1151,Laos_2003,0,39,20,Republic,republic,NNP,NN
1152,Laos_2003,0,39,21,relies,relies,VBZ,VB
1153,Laos_2003,0,39,22,on,on,IN,IN
1154,Laos_2003,0,39,23,a,a,DT,DT
1155,Laos_2003,0,39,24,stable,stable,JJ,JJ
1156,Laos_2003,0,39,25,multi-sectoral,multisectoral,JJ,JJ
1157,Laos_2003,0,39,26,economy,economy,NN,NN
1158,Laos_2003,0,39,27,which,which,WDT,WD
1159,Laos_2003,0,39,28,is,is,VBZ,VB
1160,Laos_2003,0,39,29,encouraged,encouraged,VBN,VB
1161,Laos_2003,0,39,31,by,by,IN,IN
1162,Laos_2003,0,39,32,the,the,DT,DT
1163,Laos_2003,0,39,33,government,government,NN,NN
1164,Laos_2003,0,39,35,such,such,JJ,JJ
1165,Laos_2003,0,39,36,economy,economy,NN,NN
1166,Laos_2003,0,39,37,shall,shall,MD,MD
1167,Laos_2003,0,39,39,expand,expand,NN,NN
1168,Laos_2003,0,39,40,manufacturing,manufacturing,NN,NN
1169,Laos_2003,0,39,41,capacity,capacity,NN,NN
1170,Laos_2003,0,39,43,broaden,broaden,JJ,JJ
1171,Laos_2003,0,39,44,production,production,NN,NN
1172,Laos_2003,0,39,46,businesses,businesses,NNS,NN
1173,Laos_2003,0,39,47,and,and,CC,CC
1174,Laos_2003,0,39,48,services,services,NNS,NN
1175,Laos_2003,0,39,50,transform,transform,VB,VB
1176,Laos_2003,0,39,51,the,the,DT,DT
1177,Laos_2003,0,39,52,natural,natural,JJ,JJ
1178,Laos_2003,0,39,53,economy,economy,NN,NN
1179,Laos_2003,0,39,54,into,into,IN,IN
1180,Laos_2003,0,39,55,a,a,DT,DT
1181,Laos_2003,0,39,56,trading,trading,NN,NN
1182,Laos_2003,0,39,57,and,and,CC,CC
1183,Laos_2003,0,39,58,manufacturing,manufacturing,VBG,VB
1184,Laos_2003,0,39,59,economy,economy,NN,NN
1185,Laos_2003,0,39,61,and,and,CC,CC
1186,Laos_2003,0,39,62,modernise,modernise,NN,NN
1187,Laos_2003,0,39,65,while,while,IN,IN
1188,Laos_2003,0,39,67,combining,combining,VBG,VB
1189,Laos_2003,0,39,68,with,with,IN,IN
1190,Laos_2003,0,39,69,regional,regional,JJ,JJ
1191,Laos_2003,0,39,70,and,and,CC,CC
1192,Laos_2003,0,39,71,global,global,JJ,JJ
1193,Laos_2003,0,39,72,economies,economies,NNS,NN
1194,Laos_2003,0,39,73,to,to,TO,TO
1195,Laos_2003,0,39,74,stabilise,stabilise,VB,VB
1196,Laos_2003,0,39,75,and,and,CC,CC
1197,Laos_2003,0,39,76,develop,develop,VB,VB
1198,Laos_2003,0,39,77,the,the,DT,DT
1199,Laos_2003,0,39,78,national,national,JJ,JJ
1200,Laos_2003,0,39,79,economy,economy,NN,NN
1201,Laos_2003,0,39,80,continuously,continuously,RB,RB
1202,Laos_2003,0,39,81,and,and,CC,CC
1203,Laos_2003,0,39,82,to,to,TO,TO
1204,Laos_2003,0,39,83,improve,improve,VB,VB
1205,Laos_2003,0,39,84,the,the,DT,DT
1206,Laos_2003,0,39,85,material,material,NN,NN
1207,Laos_2003,0,39,86,and,and,CC,CC
1208,Laos_2003,0,39,87,spiritual,spiritual,JJ,JJ
1209,Laos_2003,0,39,88,living,living,NN,NN
1210,Laos_2003,0,39,89,conditions,conditions,NNS,NN
1211,Laos_2003,0,39,90,of,of,IN,IN
1212,Laos_2003,0,39,91,the,the,DT,DT
1213,Laos_2003,0,39,92,multi-ethnic,multiethnic,JJ,JJ
1214,Laos_2003,0,39,93,people,people,NNS,NN
1215,Laos_2003,0,40,0,All,all,DT,DT
1216,Laos_2003,0,40,1,types,types,NNS,NN
1217,Laos_2003,0,40,2,of,of,IN,IN
1218,Laos_2003,0,40,3,enterprises,enterprises,NNS,NN
1219,Laos_2003,0,40,4,are,are,VBP,VB
1220,Laos_2003,0,40,5,equal,equal,JJ,JJ
1221,Laos_2003,0,40,6,before,before,IN,IN
1222,Laos_2003,0,40,7,the,the,DT,DT
1223,Laos_2003,0,40,8,laws,laws,NNS,NN
1224,Laos_2003,0,40,9,and,and,CC,CC
1225,Laos_2003,0,40,10,operate,operate,VB,VB
1226,Laos_2003,0,40,11,according,according,VBG,VB
1227,Laos_2003,0,40,12,to,to,TO,TO
1228,Laos_2003,0,40,13,the,the,DT,DT
1229,Laos_2003,0,40,14,principle,principle,NN,NN
1230,Laos_2003,0,40,15,of,of,IN,IN
1231,Laos_2003,0,40,16,the,the,DT,DT
1232,Laos_2003,0,40,17,market,market,NN,NN
1233,Laos_2003,0,40,18,economy,economy,NN,NN
1234,Laos_2003,0,40,20,competing,competing,VBG,VB
1235,Laos_2003,0,40,21,and,and,CC,CC
1236,Laos_2003,0,40,22,cooperating,cooperating,VBG,VB
1237,Laos_2003,0,40,23,with,with,IN,IN
1238,Laos_2003,0,40,24,each,each,DT,DT
1239,Laos_2003,0,40,25,other,other,JJ,JJ
1240,Laos_2003,0,40,26,to,to,TO,TO
1241,Laos_2003,0,40,27,expand,expand,VB,VB
1242,Laos_2003,0,40,28,production,production,NN,NN
1243,Laos_2003,0,40,29,and,and,CC,CC
1244,Laos_2003,0,40,30,business,business,NN,NN
1245,Laos_2003,0,40,31,while,while,IN,IN
1246,Laos_2003,0,40,32,regulated,regulated,VBN,VB
1247,Laos_2003,0,40,33,by,by,IN,IN
1248,Laos_2003,0,40,34,the,the,DT,DT
1249,Laos_2003,0,40,35,State,state,NNP,NN
1250,Laos_2003,0,40,36,in,in,IN,IN
1251,Laos_2003,0,40,37,the,the,DT,DT
1252,Laos_2003,0,40,38,direction,direction,NN,NN
1253,Laos_2003,0,40,39,of,of,IN,IN
1254,Laos_2003,0,40,40,socialism,socialism,NN,NN
1255,Laos_2003,0,41,0,Article,article,NN,NN
1256,Laos_2003,0,41,1,14,14,CD,CD
1257,Laos_2003,0,41,2,Share,share,NNP,NN
1258,Laos_2003,0,41,4,New,new,NNP,NN
1259,Laos_2003,0,41,6,The,the,DT,DT
1260,Laos_2003,0,41,7,State,state,NNP,NN
1261,Laos_2003,0,41,8,promotes,promotes,VBZ,VB
1262,Laos_2003,0,41,9,the,the,DT,DT
1263,Laos_2003,0,41,10,investment,investment,NN,NN
1264,Laos_2003,0,41,11,by,by,IN,IN
1265,Laos_2003,0,41,12,all,all,DT,DT
1266,Laos_2003,0,41,13,domestic,domestic,JJ,JJ
1267,Laos_2003,0,41,14,economic,economic,JJ,JJ
1268,Laos_2003,0,41,15,sectors,sectors,NNS,NN
1269,Laos_2003,0,41,16,in,in,IN,IN
1270,Laos_2003,0,41,17,production,production,NN,NN
1271,Laos_2003,0,41,19,businesses,businesses,NNS,NN
1272,Laos_2003,0,41,20,and,and,CC,CC
1273,Laos_2003,0,41,21,services,services,NNS,NN
1274,Laos_2003,0,41,23,to,to,TO,TO
1275,Laos_2003,0,41,24,contribute,contribute,VB,VB
1276,Laos_2003,0,41,25,to,to,TO,TO
1277,Laos_2003,0,41,26,the,the,DT,DT
1278,Laos_2003,0,41,27,industrial,industrial,JJ,JJ
1279,Laos_2003,0,41,28,transformation,transformation,NN,NN
1280,Laos_2003,0,41,29,and,and,CC,CC
1281,Laos_2003,0,41,30,modernization,modernization,NN,NN
1282,Laos_2003,0,41,31,of,of,IN,IN
1283,Laos_2003,0,41,33,and,and,CC,CC
1284,Laos_2003,0,41,34,to,to,TO,TO
1285,Laos_2003,0,41,35,develop,develop,VB,VB
1286,Laos_2003,0,41,36,and,and,CC,CC
1287,Laos_2003,0,41,37,strengthen,strengthen,VB,VB
1288,Laos_2003,0,41,39,the,the,DT,DT
1289,Laos_2003,0,41,40,national,national,JJ,JJ
1290,Laos_2003,0,41,41,economy,economy,NN,NN
1291,Laos_2003,0,42,0,Article,article,NN,NN
1292,Laos_2003,0,42,1,15,15,CD,CD
1293,Laos_2003,0,42,2,Share,share,NNP,NN
1294,Laos_2003,0,42,4,New,new,NNP,NN
1295,Laos_2003,0,42,6,The,the,DT,DT
1296,Laos_2003,0,42,7,State,state,NNP,NN
1297,Laos_2003,0,42,8,promotes,promotes,NNS,NN
1298,Laos_2003,0,42,9,foreign,foreign,JJ,JJ
1299,Laos_2003,0,42,10,investment,investment,NN,NN
1300,Laos_2003,0,42,11,in,in,IN,IN
1301,Laos_2003,0,42,12,the,the,DT,DT
1302,Laos_2003,0,42,13,Lao,lao,NNP,NN
1303,Laos_2003,0,42,14,People,people,NNP,NN
1304,Laos_2003,0,42,16,s,s,VBD,VB
1305,Laos_2003,0,42,17,Democratic,democratic,NNP,NN
1306,Laos_2003,0,42,18,Republic,republic,NNP,NN
1307,Laos_2003,0,42,21,and,and,CC,CC
1308,Laos_2003,0,42,23,creates,creates,VBZ,VB
1309,Laos_2003,0,42,24,favorable,favorable,JJ,JJ
1310,Laos_2003,0,42,25,conditions,conditions,NNS,NN
1311,Laos_2003,0,42,26,for,for,IN,IN
1312,Laos_2003,0,42,27,the,the,DT,DT
1313,Laos_2003,0,42,28,injection,injection,NN,NN
1314,Laos_2003,0,42,29,of,of,IN,IN
1315,Laos_2003,0,42,30,capital,capital,NN,NN
1316,Laos_2003,0,42,32,for,for,IN,IN
1317,Laos_2003,0,42,33,the,the,DT,DT
1318,Laos_2003,0,42,34,use,use,NN,NN
1319,Laos_2003,0,42,35,of,of,IN,IN
1320,Laos_2003,0,42,36,technology,technology,NN,NN
1321,Laos_2003,0,42,37,and,and,CC,CC
1322,Laos_2003,0,42,38,for,for,IN,IN
1323,Laos_2003,0,42,39,introducing,introducing,VBG,VB
1324,Laos_2003,0,42,40,modern,modern,JJ,JJ
1325,Laos_2003,0,42,41,types,types,NNS,NN
1326,Laos_2003,0,42,42,of,of,IN,IN
1327,Laos_2003,0,42,43,management,management,NN,NN
1328,Laos_2003,0,42,44,into,into,IN,IN
1329,Laos_2003,0,42,45,production,production,NN,NN
1330,Laos_2003,0,42,47,businesses,businesses,NNS,NN
1331,Laos_2003,0,42,48,and,and,CC,CC
1332,Laos_2003,0,42,49,services,services,NNS,NN
1333,Laos_2003,0,43,0,The,the,DT,DT
1334,Laos_2003,0,43,1,lawful,lawful,JJ,JJ
1335,Laos_2003,0,43,2,assets,assets,NNS,NN
1336,Laos_2003,0,43,3,and,and,CC,CC
1337,Laos_2003,0,43,4,capital,capital,NN,NN
1338,Laos_2003,0,43,5,of,of,IN,IN
1339,Laos_2003,0,43,6,investors,investors,NNS,NN
1340,Laos_2003,0,43,7,in,in,IN,IN
1341,Laos_2003,0,43,8,the,the,DT,DT
1342,Laos_2003,0,43,9,Lao,lao,NNP,NN
1343,Laos_2003,0,43,10,People,people,NNP,NN
1344,Laos_2003,0,43,12,s,s,VBD,VB
1345,Laos_2003,0,43,13,Democratic,democratic,JJ,JJ
1346,Laos_2003,0,43,14,Republic,republic,NNP,NN
1347,Laos_2003,0,43,15,shall,shall,MD,MD
1348,Laos_2003,0,43,16,not,not,RB,RB
1349,Laos_2003,0,43,17,be,be,VB,VB
1350,Laos_2003,0,43,18,confiscated,confiscated,VBN,VB
1351,Laos_2003,0,43,20,seized,seized,VBD,VB
1352,Laos_2003,0,43,21,or,or,CC,CC
1353,Laos_2003,0,43,22,nationalised,nationalised,VBN,VB
1354,Laos_2003,0,43,23,by,by,IN,IN
1355,Laos_2003,0,43,24,the,the,DT,DT
1356,Laos_2003,0,43,25,State,state,NNP,NN
1357,Laos_2003,0,44,0,Article,article,NN,NN
1358,Laos_2003,0,44,1,16,16,CD,CD
1359,Laos_2003,0,44,2,Share,share,NNP,NN
1360,Laos_2003,0,44,3,The,the,DT,DT
1361,Laos_2003,0,44,4,State,state,NNP,NN
1362,Laos_2003,0,44,5,protects,protects,NNS,NN
1363,Laos_2003,0,44,6,and,and,CC,CC
1364,Laos_2003,0,44,7,promotes,promotes,VBZ,VB
1365,Laos_2003,0,44,8,all,all,DT,DT
1366,Laos_2003,0,44,9,forms,forms,NNS,NN
1367,Laos_2003,0,44,10,of,of,IN,IN
1368,Laos_2003,0,44,11,property,property,NN,NN
1369,Laos_2003,0,44,12,rights,rights,NNS,NN
1370,Laos_2003,0,44,14,State,state,NNP,NN
1371,Laos_2003,0,44,16,collective,collective,NN,NN
1372,Laos_2003,0,44,18,private,private,JJ,JJ
1373,Laos_2003,0,44,19,domestic,domestic,JJ,JJ
1374,Laos_2003,0,44,20,and,and,CC,CC
1375,Laos_2003,0,44,21,foreign,foreign,JJ,JJ
1376,Laos_2003,0,44,22,investment,investment,NN,NN
1377,Laos_2003,0,44,23,in,in,IN,IN
1378,Laos_2003,0,44,24,the,the,DT,DT
1379,Laos_2003,0,44,25,Lao,lao,NNP,NN
1380,Laos_2003,0,44,26,People,people,NNP,NN
1381,Laos_2003,0,44,28,s,s,VBD,VB
1382,Laos_2003,0,44,29,Democratic,democratic,JJ,JJ
1383,Laos_2003,0,44,30,Republic,republic,NNP,NN
1384,Laos_2003,0,45,0,Article,article,NN,NN
1385,Laos_2003,0,45,1,17,17,CD,CD
1386,Laos_2003,0,45,2,Share,share,NNP,NN
1387,Laos_2003,0,45,4,New,new,NNP,NN
1388,Laos_2003,0,45,6,The,the,DT,DT
1389,Laos_2003,0,45,7,State,state,NNP,NN
1390,Laos_2003,0,45,8,protects,protects,VBZ,VB
1391,Laos_2003,0,45,9,the,the,DT,DT
1392,Laos_2003,0,45,10,property,property,NN,NN
1393,Laos_2003,0,45,11,rights,rights,NNS,NN
1394,Laos_2003,0,45,13,such,such,JJ,JJ
1395,Laos_2003,0,45,14,as,as,IN,IN
1396,Laos_2003,0,45,15,the,the,DT,DT
1397,Laos_2003,0,45,16,rights,rights,NNS,NN
1398,Laos_2003,0,45,17,of,of,IN,IN
1399,Laos_2003,0,45,18,possession,possession,NN,NN
1400,Laos_2003,0,45,20,use,use,NN,NN
1401,Laos_2003,0,45,22,usufruct,usufruct,NN,NN
1402,Laos_2003,0,45,23,and,and,CC,CC
1403,Laos_2003,0,45,24,disposition,disposition,NN,NN
1404,Laos_2003,0,45,26,and,and,CC,CC
1405,Laos_2003,0,45,27,the,the,DT,DT
1406,Laos_2003,0,45,28,inheritance,inheritance,NN,NN
1407,Laos_2003,0,45,29,rights,rights,NNS,NN
1408,Laos_2003,0,45,30,of,of,IN,IN
1409,Laos_2003,0,45,31,organisations,organisations,NNS,NN
1410,Laos_2003,0,45,32,and,and,CC,CC
1411,Laos_2003,0,45,33,individuals,individuals,NNS,NN
1412,Laos_2003,0,46,0,Land,land,NNP,NN
1413,Laos_2003,0,46,1,is,is,VBZ,VB
1414,Laos_2003,0,46,2,a,a,DT,DT
1415,Laos_2003,0,46,3,national,national,JJ,JJ
1416,Laos_2003,0,46,4,heritage,heritage,NN,NN
1417,Laos_2003,0,46,6,and,and,CC,CC
1418,Laos_2003,0,46,7,the,the,DT,DT
1419,Laos_2003,0,46,8,State,state,NNP,NN
1420,Laos_2003,0,46,9,ensures,ensures,VBZ,VB
1421,Laos_2003,0,46,10,the,the,DT,DT
1422,Laos_2003,0,46,11,rights,rights,NNS,NN
1423,Laos_2003,0,46,12,to,to,TO,TO
1424,Laos_2003,0,46,13,use,use,VB,VB
1425,Laos_2003,0,46,15,transfer,transfer,NN,NN
1426,Laos_2003,0,46,16,and,and,CC,CC
1427,Laos_2003,0,46,17,inherit,inherit,VB,VB
1428,Laos_2003,0,46,18,it,it,PRP,PR
1429,Laos_2003,0,46,19,in,in,IN,IN
1430,Laos_2003,0,46,20,accordance,accordance,NN,NN
1431,Laos_2003,0,46,21,with,with,IN,IN
1432,Laos_2003,0,46,22,the,the,DT,DT
1433,Laos_2003,0,46,23,laws,laws,NNS,NN
1434,Laos_2003,0,47,0,Article,article,NN,NN
1435,Laos_2003,0,47,1,18,18,CD,CD
1436,Laos_2003,0,47,2,Share,share,NNP,NN
1437,Laos_2003,0,47,4,New,new,NNP,NN
1438,Laos_2003,0,47,6,The,the,DT,DT
1439,Laos_2003,0,47,7,State,state,NNP,NN
1440,Laos_2003,0,47,8,manages,manages,VBZ,VB
1441,Laos_2003,0,47,9,the,the,DT,DT
1442,Laos_2003,0,47,10,economy,economy,NN,NN
1443,Laos_2003,0,47,11,in,in,IN,IN
1444,Laos_2003,0,47,12,accordance,accordance,NN,NN
1445,Laos_2003,0,47,13,with,with,IN,IN
1446,Laos_2003,0,47,14,the,the,DT,DT
1447,Laos_2003,0,47,15,mechanism,mechanism,NN,NN
1448,Laos_2003,0,47,16,of,of,IN,IN
1449,Laos_2003,0,47,17,the,the,DT,DT
1450,Laos_2003,0,47,18,market,market,NN,NN
1451,Laos_2003,0,47,19,economy,economy,NN,NN
1452,Laos_2003,0,47,20,regulated,regulated,VBN,VB
1453,Laos_2003,0,47,21,by,by,IN,IN
1454,Laos_2003,0,47,22,the,the,DT,DT
1455,Laos_2003,0,47,23,State,state,NNP,NN
1456,Laos_2003,0,47,25,to,to,TO,TO
1457,Laos_2003,0,47,26,implement,implement,VB,VB
1458,Laos_2003,0,47,27,the,the,DT,DT
1459,Laos_2003,0,47,28,principle,principle,NN,NN
1460,Laos_2003,0,47,29,of,of,IN,IN
1461,Laos_2003,0,47,30,combining,combining,VBG,VB
1462,Laos_2003,0,47,31,centralised,centralised,JJ,JJ
1463,Laos_2003,0,47,32,management,management,NN,NN
1464,Laos_2003,0,47,33,through,through,IN,IN
1465,Laos_2003,0,47,34,the,the,DT,DT
1466,Laos_2003,0,47,35,consensus,consensus,NN,NN
1467,Laos_2003,0,47,36,of,of,IN,IN
1468,Laos_2003,0,47,37,central,central,JJ,JJ
1469,Laos_2003,0,47,38,authorities,authorities,NNS,NN
1470,Laos_2003,0,47,39,with,with,IN,IN
1471,Laos_2003,0,47,40,the,the,DT,DT
1472,Laos_2003,0,47,41,delegation,delegation,NN,NN
1473,Laos_2003,0,47,42,of,of,IN,IN
1474,Laos_2003,0,47,43,responsibilities,responsibilities,NNS,NN
1475,Laos_2003,0,47,44,to,to,TO,TO
1476,Laos_2003,0,47,45,local,local,JJ,JJ
1477,Laos_2003,0,47,46,authorities,authorities,NNS,NN
1478,Laos_2003,0,47,47,in,in,IN,IN
1479,Laos_2003,0,47,48,accordance,accordance,NN,NN
1480,Laos_2003,0,47,49,with,with,IN,IN
1481,Laos_2003,0,47,50,the,the,DT,DT
1482,Laos_2003,0,47,51,laws,laws,NNS,NN
1483,Laos_2003,0,47,52,and,and,CC,CC
1484,Laos_2003,0,47,53,regulations,regulations,NNS,NN
1485,Laos_2003,0,48,0,Article,article,NN,NN
1486,Laos_2003,0,48,1,19,19,CD,CD
1487,Laos_2003,0,48,2,Share,share,NNP,NN
1488,Laos_2003,0,48,3,All,all,NNP,NN
1489,Laos_2003,0,48,4,organisations,organisations,NNS,NN
1490,Laos_2003,0,48,5,and,and,CC,CC
1491,Laos_2003,0,48,6,citizens,citizens,NNS,NN
1492,Laos_2003,0,48,7,must,must,MD,MD
1493,Laos_2003,0,48,8,protect,protect,VB,VB
1494,Laos_2003,0,48,9,the,the,DT,DT
1495,Laos_2003,0,48,10,environment,environment,NN,NN
1496,Laos_2003,0,48,11,and,and,CC,CC
1497,Laos_2003,0,48,12,natural,natural,JJ,JJ
1498,Laos_2003,0,48,13,resources,resources,NNS,NN
1499,Laos_2003,0,48,15,land,land,NN,NN
1500,Laos_2003,0,48,16,surfaces,surfaces,NNS,NN
1501,Laos_2003,0,48,18,underground,underground,JJ,JJ
1502,Laos_2003,0,48,20,resources,resources,NNS,NN
1503,Laos_2003,0,48,23,forests,forests,NNS,NN
1504,Laos_2003,0,48,25,animals,animals,NNS,NN
1505,Laos_2003,0,48,27,water,water,NN,NN
1506,Laos_2003,0,48,28,sources,sources,NNS,NN
1507,Laos_2003,0,48,29,and,and,CC,CC
1508,Laos_2003,0,48,30,the,the,DT,DT
1509,Laos_2003,0,48,31,atmosphere,atmosphere,NN,NN
1510,Laos_2003,0,49,0,Article,article,NN,NN
1511,Laos_2003,0,49,1,20,20,CD,CD
1512,Laos_2003,0,49,2,Share,share,NNP,NN
1513,Laos_2003,0,49,4,New,new,NNP,NN
1514,Laos_2003,0,49,6,The,the,DT,DT
1515,Laos_2003,0,49,7,Lao,lao,NNP,NN
1516,Laos_2003,0,49,8,People,people,NNP,NN
1517,Laos_2003,0,49,10,s,s,VBD,VB
1518,Laos_2003,0,49,11,Democratic,democratic,NNP,NN
1519,Laos_2003,0,49,12,Republic,republic,NNP,NN
1520,Laos_2003,0,49,13,implements,implements,NNS,NN
1521,Laos_2003,0,49,14,open,open,JJ,JJ
1522,Laos_2003,0,49,15,policies,policies,NNS,NN
1523,Laos_2003,0,49,16,on,on,IN,IN
1524,Laos_2003,0,49,17,economic,economic,JJ,JJ
1525,Laos_2003,0,49,18,cooperation,cooperation,NN,NN
1526,Laos_2003,0,49,19,with,with,IN,IN
1527,Laos_2003,0,49,20,foreign,foreign,JJ,JJ
1528,Laos_2003,0,49,21,countries,countries,NNS,NN
1529,Laos_2003,0,49,22,in,in,IN,IN
1530,Laos_2003,0,49,23,different,different,JJ,JJ
1531,Laos_2003,0,49,24,ways,ways,NNS,NN
1532,Laos_2003,0,49,26,on,on,IN,IN
1533,Laos_2003,0,49,27,a,a,DT,DT
1534,Laos_2003,0,49,28,multilateral,multilateral,JJ,JJ
1535,Laos_2003,0,49,29,basis,basis,NN,NN
1536,Laos_2003,0,49,30,and,and,CC,CC
1537,Laos_2003,0,49,31,in,in,IN,IN
1538,Laos_2003,0,49,32,different,different,JJ,JJ
1539,Laos_2003,0,49,33,forms,forms,NNS,NN
1540,Laos_2003,0,49,34,on,on,IN,IN
1541,Laos_2003,0,49,35,the,the,DT,DT
1542,Laos_2003,0,49,36,basis,basis,NN,NN
1543,Laos_2003,0,49,37,of,of,IN,IN
1544,Laos_2003,0,49,38,the,the,DT,DT
1545,Laos_2003,0,49,40,following,following,VBG,VB
1546,Laos_2003,0,49,42,principles,principles,NNS,NN
1547,Laos_2003,0,49,46,respect,respect,NN,NN
1548,Laos_2003,0,49,47,for,for,IN,IN
1549,Laos_2003,0,49,48,each,each,DT,DT
1550,Laos_2003,0,49,49,other,other,JJ,JJ
1551,Laos_2003,0,49,51,s,s,JJ,JJ
1552,Laos_2003,0,49,52,independence,independence,NN,NN
1553,Laos_2003,0,49,54,sovereignty,sovereignty,NN,NN
1554,Laos_2003,0,49,56,equality,equality,NN,NN
1555,Laos_2003,0,49,57,and,and,CC,CC
1556,Laos_2003,0,49,58,mutual,mutual,JJ,JJ
1557,Laos_2003,0,49,59,benefit,benefit,NN,NN
1558,Laos_2003,0,50,0,Article,article,NN,NN
1559,Laos_2003,0,50,1,21,21,CD,CD
1560,Laos_2003,0,50,2,Share,share,NNP,NN
1561,Laos_2003,0,50,4,New,new,NNP,NN
1562,Laos_2003,0,50,6,The,the,DT,DT
1563,Laos_2003,0,50,7,State,state,NNP,NN
1564,Laos_2003,0,50,8,attaches,attaches,NNS,NN
1565,Laos_2003,0,50,9,great,great,JJ,JJ
1566,Laos_2003,0,50,10,importance,importance,NN,NN
1567,Laos_2003,0,50,11,to,to,TO,TO
1568,Laos_2003,0,50,12,the,the,DT,DT
1569,Laos_2003,0,50,13,development,development,NN,NN
1570,Laos_2003,0,50,14,of,of,IN,IN
1571,Laos_2003,0,50,15,the,the,DT,DT
1572,Laos_2003,0,50,16,economy,economy,NN,NN
1573,Laos_2003,0,50,17,in,in,IN,IN
1574,Laos_2003,0,50,18,conjunction,conjunction,NN,NN
1575,Laos_2003,0,50,19,with,with,IN,IN
1576,Laos_2003,0,50,20,cultural,cultural,JJ,JJ
1577,Laos_2003,0,50,21,and,and,CC,CC
1578,Laos_2003,0,50,22,social,social,JJ,JJ
1579,Laos_2003,0,50,23,development,development,NN,NN
1580,Laos_2003,0,50,24,by,by,IN,IN
1581,Laos_2003,0,50,25,giving,giving,VBG,VB
1582,Laos_2003,0,50,26,priority,priority,NN,NN
1583,Laos_2003,0,50,27,to,to,TO,TO
1584,Laos_2003,0,50,28,human,human,JJ,JJ
1585,Laos_2003,0,50,29,resource,resource,NN,NN
1586,Laos_2003,0,50,30,development,development,NN,NN
1587,Laos_2003,0,51,0,Article,article,NN,NN
1588,Laos_2003,0,51,1,22,22,CD,CD
1589,Laos_2003,0,51,2,Share,share,NNP,NN
1590,Laos_2003,0,51,4,New,new,NNP,NN
1591,Laos_2003,0,51,6,The,the,DT,DT
1592,Laos_2003,0,51,7,State,state,NNP,NN
1593,Laos_2003,0,51,8,attends,attends,NNS,NN
1594,Laos_2003,0,51,9,to,to,TO,TO
1595,Laos_2003,0,51,10,developing,developing,VBG,VB
1596,Laos_2003,0,51,11,education,education,NN,NN
1597,Laos_2003,0,51,12,and,and,CC,CC
1598,Laos_2003,0,51,13,implements,implements,NNS,NN
1599,Laos_2003,0,51,14,compulsory,compulsory,JJ,JJ
1600,Laos_2003,0,51,15,primary,primary,JJ,JJ
1601,Laos_2003,0,51,16,education,education,NN,NN
1602,Laos_2003,0,51,17,in,in,IN,IN
1603,Laos_2003,0,51,18,order,order,NN,NN
1604,Laos_2003,0,51,19,to,to,TO,TO
1605,Laos_2003,0,51,20,build,build,VB,VB
1606,Laos_2003,0,51,21,good,good,JJ,JJ
1607,Laos_2003,0,51,22,citizens,citizens,NNS,NN
1608,Laos_2003,0,51,23,with,with,IN,IN
1609,Laos_2003,0,51,24,revolutionary,revolutionary,JJ,JJ
1610,Laos_2003,0,51,25,competence,competence,NN,NN
1611,Laos_2003,0,51,27,knowledge,knowledge,NN,NN
1612,Laos_2003,0,51,28,and,and,CC,CC
1613,Laos_2003,0,51,29,abilities,abilities,NNS,NN
1614,Laos_2003,0,52,0,The,the,DT,DT
1615,Laos_2003,0,52,1,State,state,NNP,NN
1616,Laos_2003,0,52,2,and,and,CC,CC
1617,Laos_2003,0,52,3,society,society,NN,NN
1618,Laos_2003,0,52,4,attend,attend,VBP,VB
1619,Laos_2003,0,52,5,to,to,TO,TO
1620,Laos_2003,0,52,6,developing,developing,VBG,VB
1621,Laos_2003,0,52,7,high,high,JJ,JJ
1622,Laos_2003,0,52,8,quality,quality,NN,NN
1623,Laos_2003,0,52,9,national,national,JJ,JJ
1624,Laos_2003,0,52,10,education,education,NN,NN
1625,Laos_2003,0,52,12,to,to,TO,TO
1626,Laos_2003,0,52,13,create,create,VB,VB
1627,Laos_2003,0,52,14,opportunities,opportunities,NNS,NN
1628,Laos_2003,0,52,15,and,and,CC,CC
1629,Laos_2003,0,52,17,favourable,favourable,JJ,JJ
1630,Laos_2003,0,52,19,conditions,conditions,NNS,NN
1631,Laos_2003,0,52,20,in,in,IN,IN
1632,Laos_2003,0,52,21,education,education,NN,NN
1633,Laos_2003,0,52,22,for,for,IN,IN
1634,Laos_2003,0,52,23,all,all,DT,DT
1635,Laos_2003,0,52,24,people,people,NNS,NN
1636,Laos_2003,0,52,25,throughout,throughout,IN,IN
1637,Laos_2003,0,52,26,the,the,DT,DT
1638,Laos_2003,0,52,27,country,country,NN,NN
1639,Laos_2003,0,52,29,especially,especially,RB,RB
1640,Laos_2003,0,52,30,people,people,NNS,NN
1641,Laos_2003,0,52,31,in,in,IN,IN
1642,Laos_2003,0,52,32,remote,remote,JJ,JJ
1643,Laos_2003,0,52,33,areas,areas,NNS,NN
1644,Laos_2003,0,52,35,ethnic,ethnic,JJ,JJ
1645,Laos_2003,0,52,36,groups,groups,NNS,NN
1646,Laos_2003,0,52,38,women,women,NNS,NN
1647,Laos_2003,0,52,39,and,and,CC,CC
1648,Laos_2003,0,52,40,disadvantaged,disadvantaged,JJ,JJ
1649,Laos_2003,0,52,41,children,children,NNS,NN
1650,Laos_2003,0,53,0,The,the,DT,DT
1651,Laos_2003,0,53,1,State,state,NNP,NN
1652,Laos_2003,0,53,2,promotes,promotes,NNS,NN
1653,Laos_2003,0,53,3,private,private,JJ,JJ
1654,Laos_2003,0,53,4,sector,sector,NN,NN
1655,Laos_2003,0,53,5,investment,investment,NN,NN
1656,Laos_2003,0,53,6,in,in,IN,IN
1657,Laos_2003,0,53,7,the,the,DT,DT
1658,Laos_2003,0,53,8,development,development,NN,NN
1659,Laos_2003,0,53,9,of,of,IN,IN
1660,Laos_2003,0,53,10,national,national,JJ,JJ
1661,Laos_2003,0,53,11,education,education,NN,NN
1662,Laos_2003,0,53,12,in,in,IN,IN
1663,Laos_2003,0,53,13,accordance,accordance,NN,NN
1664,Laos_2003,0,53,14,with,with,IN,IN
1665,Laos_2003,0,53,15,the,the,DT,DT
1666,Laos_2003,0,53,16,laws,laws,NNS,NN
1667,Laos_2003,0,54,0,Article,article,NN,NN
1668,Laos_2003,0,54,1,23,23,CD,CD
1669,Laos_2003,0,54,2,Share,share,NNP,NN
1670,Laos_2003,0,54,4,New,new,NNP,NN
1671,Laos_2003,0,54,6,The,the,DT,DT
1672,Laos_2003,0,54,7,State,state,NNP,NN
1673,Laos_2003,0,54,8,promotes,promotes,NNS,NN
1674,Laos_2003,0,54,9,preservation,preservation,NN,NN
1675,Laos_2003,0,54,10,of,of,IN,IN
1676,Laos_2003,0,54,11,the,the,DT,DT
1677,Laos_2003,0,54,12,national,national,JJ,JJ
1678,Laos_2003,0,54,13,culture,culture,NN,NN
1679,Laos_2003,0,54,14,which,which,WDT,WD
1680,Laos_2003,0,54,15,is,is,VBZ,VB
1681,Laos_2003,0,54,16,representative,representative,NN,NN
1682,Laos_2003,0,54,17,of,of,IN,IN
1683,Laos_2003,0,54,18,the,the,DT,DT
1684,Laos_2003,0,54,19,fine,fine,JJ,JJ
1685,Laos_2003,0,54,20,tradition,tradition,NN,NN
1686,Laos_2003,0,54,21,of,of,IN,IN
1687,Laos_2003,0,54,22,the,the,DT,DT
1688,Laos_2003,0,54,23,country,country,NN,NN
1689,Laos_2003,0,54,24,and,and,CC,CC
1690,Laos_2003,0,54,25,its,its,PRP$,PR
1691,Laos_2003,0,54,26,ethnic,ethnic,JJ,JJ
1692,Laos_2003,0,54,27,people,people,NNS,NN
1693,Laos_2003,0,54,28,while,while,IN,IN
1694,Laos_2003,0,54,29,accepting,accepting,VBG,VB
1695,Laos_2003,0,54,30,selected,selected,VBN,VB
1696,Laos_2003,0,54,31,progressive,progressive,JJ,JJ
1697,Laos_2003,0,54,32,cultures,cultures,NNS,NN
1698,Laos_2003,0,54,33,from,from,IN,IN
1699,Laos_2003,0,54,34,around,around,IN,IN
1700,Laos_2003,0,54,35,the,the,DT,DT
1701,Laos_2003,0,54,36,world,world,NN,NN
1702,Laos_2003,0,55,0,The,the,DT,DT
1703,Laos_2003,0,55,1,State,state,NNP,NN
1704,Laos_2003,0,55,2,promotes,promotes,VBZ,VB
1705,Laos_2003,0,55,3,cultural,cultural,JJ,JJ
1706,Laos_2003,0,55,4,activities,activities,NNS,NN
1707,Laos_2003,0,55,6,fine,fine,JJ,JJ
1708,Laos_2003,0,55,7,arts,arts,NNS,NN
1709,Laos_2003,0,55,8,and,and,CC,CC
1710,Laos_2003,0,55,9,invention,invention,NN,NN
1711,Laos_2003,0,55,11,manages,manages,NNS,NN
1712,Laos_2003,0,55,12,and,and,CC,CC
1713,Laos_2003,0,55,13,protects,protects,VBZ,VB
1714,Laos_2003,0,55,14,the,the,DT,DT
1715,Laos_2003,0,55,15,cultural,cultural,JJ,JJ
1716,Laos_2003,0,55,17,historical,historical,JJ,JJ
1717,Laos_2003,0,55,18,and,and,CC,CC
1718,Laos_2003,0,55,19,natural,natural,JJ,JJ
1719,Laos_2003,0,55,20,heritage,heritage,NN,NN
1720,Laos_2003,0,55,21,and,and,CC,CC
1721,Laos_2003,0,55,22,maintains,maintains,VBZ,VB
1722,Laos_2003,0,55,23,antiques,antiques,NNS,NN
1723,Laos_2003,0,55,24,and,and,CC,CC
1724,Laos_2003,0,55,25,historical,historical,JJ,JJ
1725,Laos_2003,0,55,26,places,places,NNS,NN
1726,Laos_2003,0,56,0,The,the,DT,DT
1727,Laos_2003,0,56,1,State,state,NNP,NN
1728,Laos_2003,0,56,2,attends,attends,NNS,NN
1729,Laos_2003,0,56,3,to,to,TO,TO
1730,Laos_2003,0,56,4,improving,improving,VBG,VB
1731,Laos_2003,0,56,5,and,and,CC,CC
1732,Laos_2003,0,56,6,expanding,expanding,VBG,VB
1733,Laos_2003,0,56,7,mass,mass,NN,NN
1734,Laos_2003,0,56,8,media,media,NNS,NN
1735,Laos_2003,0,56,9,activities,activities,NNS,NN
1736,Laos_2003,0,56,10,for,for,IN,IN
1737,Laos_2003,0,56,11,the,the,DT,DT
1738,Laos_2003,0,56,12,purpose,purpose,NN,NN
1739,Laos_2003,0,56,13,of,of,IN,IN
1740,Laos_2003,0,56,14,national,national,JJ,JJ
1741,Laos_2003,0,56,15,protection,protection,NN,NN
1742,Laos_2003,0,56,16,and,and,CC,CC
1743,Laos_2003,0,56,17,development,development,NN,NN
1744,Laos_2003,0,57,0,All,all,DT,DT
1745,Laos_2003,0,57,1,cultural,cultural,JJ,JJ
1746,Laos_2003,0,57,2,and,and,CC,CC
1747,Laos_2003,0,57,3,mass,mass,JJ,JJ
1748,Laos_2003,0,57,4,media,media,NNS,NN
1749,Laos_2003,0,57,5,activities,activities,NNS,NN
1750,Laos_2003,0,57,6,which,which,WDT,WD
1751,Laos_2003,0,57,7,are,are,VBP,VB
1752,Laos_2003,0,57,8,detrimental,detrimental,JJ,JJ
1753,Laos_2003,0,57,9,to,to,TO,TO
1754,Laos_2003,0,57,10,national,national,JJ,JJ
1755,Laos_2003,0,57,11,interests,interests,NNS,NN
1756,Laos_2003,0,57,12,or,or,CC,CC
1757,Laos_2003,0,57,13,the,the,DT,DT
1758,Laos_2003,0,57,14,fine,fine,JJ,JJ
1759,Laos_2003,0,57,15,traditional,traditional,JJ,JJ
1760,Laos_2003,0,57,16,culture,culture,NN,NN
1761,Laos_2003,0,57,17,and,and,CC,CC
1762,Laos_2003,0,57,18,dignity,dignity,NN,NN
1763,Laos_2003,0,57,19,of,of,IN,IN
1764,Laos_2003,0,57,20,Lao,lao,NNP,NN
1765,Laos_2003,0,57,21,people,people,NNS,NN
1766,Laos_2003,0,57,22,are,are,VBP,VB
1767,Laos_2003,0,57,23,prohibited,prohibited,VBN,VB
1768,Laos_2003,0,58,0,Article,article,NN,NN
1769,Laos_2003,0,58,1,24,24,CD,CD
1770,Laos_2003,0,58,2,Share,share,NNP,NN
1771,Laos_2003,0,58,4,New,new,NNP,NN
1772,Laos_2003,0,58,6,The,the,DT,DT
1773,Laos_2003,0,58,7,State,state,NNP,NN
1774,Laos_2003,0,58,8,attends,attends,NNS,NN
1775,Laos_2003,0,58,9,to,to,TO,TO
1776,Laos_2003,0,58,10,promoting,promoting,VBG,VB
1777,Laos_2003,0,58,11,knowledge,knowledge,NN,NN
1778,Laos_2003,0,58,12,and,and,CC,CC
1779,Laos_2003,0,58,13,invention,invention,NN,NN
1780,Laos_2003,0,58,14,in,in,IN,IN
1781,Laos_2003,0,58,15,scientific,scientific,JJ,JJ
1782,Laos_2003,0,58,16,and,and,CC,CC
1783,Laos_2003,0,58,17,technological,technological,JJ,JJ
1784,Laos_2003,0,58,18,research,research,NN,NN
1785,Laos_2003,0,58,19,and,and,CC,CC
1786,Laos_2003,0,58,20,application,application,NN,NN
1787,Laos_2003,0,58,23,and,and,CC,CC
1788,Laos_2003,0,58,24,to,to,TO,TO
1789,Laos_2003,0,58,26,protecting,protecting,VBG,VB
1790,Laos_2003,0,58,27,intellectual,intellectual,JJ,JJ
1791,Laos_2003,0,58,28,property,property,NN,NN
1792,Laos_2003,0,58,29,while,while,IN,IN
1793,Laos_2003,0,58,30,building,building,VBG,VB
1794,Laos_2003,0,58,31,up,up,RP,RP
1795,Laos_2003,0,58,32,a,a,DT,DT
1796,Laos_2003,0,58,33,community,community,NN,NN
1797,Laos_2003,0,58,34,of,of,IN,IN
1798,Laos_2003,0,58,35,scientists,scientists,NNS,NN
1799,Laos_2003,0,58,36,to,to,TO,TO
1800,Laos_2003,0,58,37,promote,promote,VB,VB
1801,Laos_2003,0,58,38,industrialisation,industrialisation,NN,NN
1802,Laos_2003,0,58,39,and,and,CC,CC
1803,Laos_2003,0,58,40,modernisation,modernisation,NN,NN
1804,Laos_2003,0,59,0,Article,article,NN,NN
1805,Laos_2003,0,59,1,25,25,CD,CD
1806,Laos_2003,0,59,2,Share,share,NNP,NN
1807,Laos_2003,0,59,4,New,new,NNP,NN
1808,Laos_2003,0,59,6,The,the,DT,DT
1809,Laos_2003,0,59,7,State,state,NNP,NN
1810,Laos_2003,0,59,8,attends,attends,NNS,NN
1811,Laos_2003,0,59,9,to,to,TO,TO
1812,Laos_2003,0,59,10,improving,improving,VBG,VB
1813,Laos_2003,0,59,11,and,and,CC,CC
1814,Laos_2003,0,59,12,expanding,expanding,VBG,VB
1815,Laos_2003,0,59,13,public,public,JJ,JJ
1816,Laos_2003,0,59,14,health,health,NN,NN
1817,Laos_2003,0,59,15,services,services,NNS,NN
1818,Laos_2003,0,59,16,to,to,TO,TO
1819,Laos_2003,0,59,17,take,take,VB,VB
1820,Laos_2003,0,59,18,care,care,NN,NN
1821,Laos_2003,0,59,19,of,of,IN,IN
1822,Laos_2003,0,59,20,the,the,DT,DT
1823,Laos_2003,0,59,21,people,people,NNS,NN
1824,Laos_2003,0,59,23,s,s,JJ,JJ
1825,Laos_2003,0,59,24,health,health,NN,NN
1826,Laos_2003,0,60,0,The,the,DT,DT
1827,Laos_2003,0,60,1,State,state,NNP,NN
1828,Laos_2003,0,60,2,and,and,CC,CC
1829,Laos_2003,0,60,3,society,society,NN,NN
1830,Laos_2003,0,60,4,attend,attend,VBP,VB
1831,Laos_2003,0,60,5,to,to,TO,TO
1832,Laos_2003,0,60,6,building,building,NN,NN
1833,Laos_2003,0,60,7,and,and,CC,CC
1834,Laos_2003,0,60,8,improving,improving,VBG,VB
1835,Laos_2003,0,60,9,disease,disease,JJ,JJ
1836,Laos_2003,0,60,10,prevention,prevention,NN,NN
1837,Laos_2003,0,60,11,systems,systems,NNS,NN
1838,Laos_2003,0,60,12,and,and,CC,CC
1839,Laos_2003,0,60,13,providing,providing,VBG,VB
1840,Laos_2003,0,60,14,health,health,NN,NN
1841,Laos_2003,0,60,15,care,care,NN,NN
1842,Laos_2003,0,60,16,to,to,TO,TO
1843,Laos_2003,0,60,17,all,all,DT,DT
1844,Laos_2003,0,60,18,people,people,NNS,NN
1845,Laos_2003,0,60,20,creating,creating,VBG,VB
1846,Laos_2003,0,60,21,conditions,conditions,NNS,NN
1847,Laos_2003,0,60,22,to,to,TO,TO
1848,Laos_2003,0,60,23,ensure,ensure,VB,VB
1849,Laos_2003,0,60,24,that,that,IN,IN
1850,Laos_2003,0,60,25,all,all,DT,DT
1851,Laos_2003,0,60,26,people,people,NNS,NN
1852,Laos_2003,0,60,27,have,have,VBP,VB
1853,Laos_2003,0,60,28,access,access,NN,NN
1854,Laos_2003,0,60,29,to,to,TO,TO
1855,Laos_2003,0,60,30,health,health,NN,NN
1856,Laos_2003,0,60,31,care,care,NN,NN
1857,Laos_2003,0,60,33,especially,especially,RB,RB
1858,Laos_2003,0,60,34,women,women,NNS,NN
1859,Laos_2003,0,60,35,and,and,CC,CC
1860,Laos_2003,0,60,36,children,children,NNS,NN
1861,Laos_2003,0,60,38,poor,poor,JJ,JJ
1862,Laos_2003,0,60,39,people,people,NNS,NN
1863,Laos_2003,0,60,40,and,and,CC,CC
1864,Laos_2003,0,60,41,people,people,NNS,NN
1865,Laos_2003,0,60,42,in,in,IN,IN
1866,Laos_2003,0,60,43,remote,remote,JJ,JJ
1867,Laos_2003,0,60,44,areas,areas,NNS,NN
1868,Laos_2003,0,60,46,to,to,TO,TO
1869,Laos_2003,0,60,47,ensure,ensure,VB,VB
1870,Laos_2003,0,60,48,the,the,DT,DT
1871,Laos_2003,0,60,49,people,people,NNS,NN
1872,Laos_2003,0,60,51,s,s,RB,RB
1873,Laos_2003,0,60,52,good,good,JJ,JJ
1874,Laos_2003,0,60,53,health,health,NN,NN
1875,Laos_2003,0,61,0,The,the,DT,DT
1876,Laos_2003,0,61,1,State,state,NNP,NN
1877,Laos_2003,0,61,2,promotes,promotes,NNS,NN
1878,Laos_2003,0,61,3,private,private,JJ,JJ
1879,Laos_2003,0,61,4,sector,sector,NN,NN
1880,Laos_2003,0,61,5,investment,investment,NN,NN
1881,Laos_2003,0,61,6,in,in,IN,IN
1882,Laos_2003,0,61,7,public,public,JJ,JJ
1883,Laos_2003,0,61,8,health,health,NN,NN
1884,Laos_2003,0,61,9,services,services,NNS,NN
1885,Laos_2003,0,61,10,in,in,IN,IN
1886,Laos_2003,0,61,11,accordance,accordance,NN,NN
1887,Laos_2003,0,61,12,with,with,IN,IN
1888,Laos_2003,0,61,13,the,the,DT,DT
1889,Laos_2003,0,61,14,laws,laws,NNS,NN
1890,Laos_2003,0,61,15,and,and,CC,CC
1891,Laos_2003,0,61,16,regulations,regulations,NNS,NN
1892,Laos_2003,0,62,0,All,all,DT,DT
1893,Laos_2003,0,62,1,unlawful,unlawful,JJ,JJ
1894,Laos_2003,0,62,2,public,public,JJ,JJ
1895,Laos_2003,0,62,3,health,health,NN,NN
1896,Laos_2003,0,62,4,services,services,NNS,NN
1897,Laos_2003,0,62,5,are,are,VBP,VB
1898,Laos_2003,0,62,6,prohibited,prohibited,VBN,VB
1899,Laos_2003,0,63,0,Article,article,NN,NN
1900,Laos_2003,0,63,1,26,26,CD,CD
1901,Laos_2003,0,63,2,Share,share,NNP,NN
1902,Laos_2003,0,63,4,New,new,NNP,NN
1903,Laos_2003,0,63,6,The,the,DT,DT
1904,Laos_2003,0,63,7,State,state,NNP,NN
1905,Laos_2003,0,63,8,and,and,CC,CC
1906,Laos_2003,0,63,9,society,society,NN,NN
1907,Laos_2003,0,63,10,attend,attend,VBP,VB
1908,Laos_2003,0,63,11,to,to,TO,TO
1909,Laos_2003,0,63,12,encouraging,encouraging,VB,VB
1910,Laos_2003,0,63,14,supporting,supporting,VBG,VB
1911,Laos_2003,0,63,15,and,and,CC,CC
1912,Laos_2003,0,63,16,investing,investing,VBG,VB
1913,Laos_2003,0,63,17,in,in,IN,IN
1914,Laos_2003,0,63,18,public,public,JJ,JJ
1915,Laos_2003,0,63,19,sports,sports,NNS,NN
1916,Laos_2003,0,63,20,activities,activities,NNS,NN
1917,Laos_2003,0,63,22,including,including,VBG,VB
1918,Laos_2003,0,63,23,traditional,traditional,JJ,JJ
1919,Laos_2003,0,63,24,and,and,CC,CC
1920,Laos_2003,0,63,25,international,international,JJ,JJ
1921,Laos_2003,0,63,26,sports,sports,NNS,NN
1922,Laos_2003,0,63,29,in,in,IN,IN
1923,Laos_2003,0,63,30,order,order,NN,NN
1924,Laos_2003,0,63,31,to,to,TO,TO
1925,Laos_2003,0,63,33,upgrade,upgrade,JJ,JJ
1926,Laos_2003,0,63,34,abilities,abilities,NNS,NN
1927,Laos_2003,0,63,35,in,in,IN,IN
1928,Laos_2003,0,63,36,sport,sport,NN,NN
1929,Laos_2003,0,63,37,and,and,CC,CC
1930,Laos_2003,0,63,38,to,to,TO,TO
1931,Laos_2003,0,63,39,strengthen,strengthen,VB,VB
1932,Laos_2003,0,63,40,people,people,NNS,NN
1933,Laos_2003,0,63,42,s,s,VBZ,VB
1934,Laos_2003,0,63,43,health,health,NN,NN
1935,Laos_2003,0,64,0,Article,article,NN,NN
1936,Laos_2003,0,64,1,27,27,CD,CD
1937,Laos_2003,0,64,2,Share,share,NNP,NN
1938,Laos_2003,0,64,4,New,new,NNP,NN
1939,Laos_2003,0,64,6,The,the,DT,DT
1940,Laos_2003,0,64,7,State,state,NNP,NN
1941,Laos_2003,0,64,8,and,and,CC,CC
1942,Laos_2003,0,64,9,society,society,NN,NN
1943,Laos_2003,0,64,10,attend,attend,VBP,VB
1944,Laos_2003,0,64,11,to,to,TO,TO
1945,Laos_2003,0,64,12,developing,developing,VBG,VB
1946,Laos_2003,0,64,13,skilled,skilled,JJ,JJ
1947,Laos_2003,0,64,14,labour,labour,NN,NN
1948,Laos_2003,0,64,16,upgrading,upgrading,VBG,VB
1949,Laos_2003,0,64,17,labour,labour,JJ,JJ
1950,Laos_2003,0,64,18,discipline,discipline,NN,NN
1951,Laos_2003,0,64,20,promoting,promoting,VBG,VB
1952,Laos_2003,0,64,21,vocational,vocational,JJ,JJ
1953,Laos_2003,0,64,22,skills,skills,NNS,NN
1954,Laos_2003,0,64,23,and,and,CC,CC
1955,Laos_2003,0,64,24,occupations,occupations,NNS,NN
1956,Laos_2003,0,64,25,and,and,CC,CC
1957,Laos_2003,0,64,26,protecting,protecting,VBG,VB
1958,Laos_2003,0,64,27,the,the,DT,DT
1959,Laos_2003,0,64,28,legitimate,legitimate,JJ,JJ
1960,Laos_2003,0,64,29,rights,rights,NNS,NN
1961,Laos_2003,0,64,30,and,and,CC,CC
1962,Laos_2003,0,64,31,benefits,benefits,NNS,NN
1963,Laos_2003,0,64,32,of,of,IN,IN
1964,Laos_2003,0,64,33,workers,workers,NNS,NN
1965,Laos_2003,0,65,0,Article,article,NN,NN
1966,Laos_2003,0,65,1,28,28,CD,CD
1967,Laos_2003,0,65,2,Share,share,NNP,NN
1968,Laos_2003,0,65,4,New,new,NNP,NN
1969,Laos_2003,0,65,6,The,the,DT,DT
1970,Laos_2003,0,65,7,State,state,NNP,NN
1971,Laos_2003,0,65,8,and,and,CC,CC
1972,Laos_2003,0,65,9,society,society,NN,NN
1973,Laos_2003,0,65,10,attend,attend,VBP,VB
1974,Laos_2003,0,65,11,to,to,TO,TO
1975,Laos_2003,0,65,12,implementing,implementing,VBG,VB
1976,Laos_2003,0,65,13,policies,policies,NNS,NN
1977,Laos_2003,0,65,14,on,on,IN,IN
1978,Laos_2003,0,65,15,social,social,JJ,JJ
1979,Laos_2003,0,65,16,security,security,NN,NN
1980,Laos_2003,0,65,18,especially,especially,RB,RB
1981,Laos_2003,0,65,19,towards,towards,JJ,JJ
1982,Laos_2003,0,65,20,national,national,JJ,JJ
1983,Laos_2003,0,65,21,heroes,heroes,NNS,NN
1984,Laos_2003,0,65,23,soldiers,soldiers,NNS,NN
1985,Laos_2003,0,65,25,retired,retired,VBN,VB
1986,Laos_2003,0,65,26,civil,civil,JJ,JJ
1987,Laos_2003,0,65,27,servants,servants,NNS,NN
1988,Laos_2003,0,65,29,disabled,disabled,JJ,JJ
1989,Laos_2003,0,65,30,people,people,NNS,NN
1990,Laos_2003,0,65,33,and,and,CC,CC
1991,Laos_2003,0,65,34,the,the,DT,DT
1992,Laos_2003,0,65,36,families,families,NNS,NN
1993,Laos_2003,0,65,37,of,of,IN,IN
1994,Laos_2003,0,65,38,those,those,DT,DT
1995,Laos_2003,0,65,39,who,who,WP,WP
1996,Laos_2003,0,65,40,have,have,VBP,VB
1997,Laos_2003,0,65,41,sacrificed,sacrificed,VBN,VB
1998,Laos_2003,0,65,42,their,their,PRP$,PR
1999,Laos_2003,0,65,43,lives,lives,NNS,NN
2000,Laos_2003,0,65,44,for,for,IN,IN
2001,Laos_2003,0,65,45,the,the,DT,DT
2002,Laos_2003,0,65,46,revolution,revolution,NN,NN
2003,Laos_2003,0,65,47,and,and,CC,CC
2004,Laos_2003,0,65,48,who,who,WP,WP
2005,Laos_2003,0,65,49,have,have,VBP,VB
2006,Laos_2003,0,65,50,contributed,contributed,VBN,VB
2007,Laos_2003,0,65,51,extensively,extensively,RB,RB
2008,Laos_2003,0,65,52,to,to,TO,TO
2009,Laos_2003,0,65,53,the,the,DT,DT
2010,Laos_2003,0,65,54,nation,nation,NN,NN
2011,Laos_2003,0,66,0,Article,article,NN,NN
2012,Laos_2003,0,66,1,29,29,CD,CD
2013,Laos_2003,0,66,2,Share,share,NNP,NN
2014,Laos_2003,0,66,4,New,new,NNP,NN
2015,Laos_2003,0,66,6,The,the,DT,DT
2016,Laos_2003,0,66,7,State,state,NNP,NN
2017,Laos_2003,0,66,9,society,society,NN,NN
2018,Laos_2003,0,66,10,and,and,CC,CC
2019,Laos_2003,0,66,11,families,families,NNS,NN
2020,Laos_2003,0,66,12,attend,attend,VBP,VB
2021,Laos_2003,0,66,13,to,to,TO,TO
2022,Laos_2003,0,66,14,implementing,implementing,VBG,VB
2023,Laos_2003,0,66,15,development,development,NN,NN
2024,Laos_2003,0,66,16,policies,policies,NNS,NN
2025,Laos_2003,0,66,17,and,and,CC,CC
2026,Laos_2003,0,66,18,supporting,supporting,VBG,VB
2027,Laos_2003,0,66,19,the,the,DT,DT
2028,Laos_2003,0,66,20,progress,progress,NN,NN
2029,Laos_2003,0,66,21,of,of,IN,IN
2030,Laos_2003,0,66,22,women,women,NNS,NN
2031,Laos_2003,0,66,23,and,and,CC,CC
2032,Laos_2003,0,66,24,to,to,TO,TO
2033,Laos_2003,0,66,25,protecting,protecting,VBG,VB
2034,Laos_2003,0,66,26,the,the,DT,DT
2035,Laos_2003,0,66,27,legitimate,legitimate,JJ,JJ
2036,Laos_2003,0,66,28,rights,rights,NNS,NN
2037,Laos_2003,0,66,29,and,and,CC,CC
2038,Laos_2003,0,66,30,benefits,benefits,NNS,NN
2039,Laos_2003,0,66,31,of,of,IN,IN
2040,Laos_2003,0,66,32,women,women,NNS,NN
2041,Laos_2003,0,66,33,and,and,CC,CC
2042,Laos_2003,0,66,34,children,children,NNS,NN
2043,Laos_2003,0,67,0,Article,article,NN,NN
2044,Laos_2003,0,67,1,30,30,CD,CD
2045,Laos_2003,0,67,2,Share,share,NNP,NN
2046,Laos_2003,0,67,4,New,new,NNP,NN
2047,Laos_2003,0,67,6,The,the,DT,DT
2048,Laos_2003,0,67,7,State,state,NNP,NN
2049,Laos_2003,0,67,8,and,and,CC,CC
2050,Laos_2003,0,67,9,society,society,NN,NN
2051,Laos_2003,0,67,10,promote,promote,NN,NN
2052,Laos_2003,0,67,12,develop,develop,VB,VB
2053,Laos_2003,0,67,13,and,and,CC,CC
2054,Laos_2003,0,67,15,open,open,VB,VB
2055,Laos_2003,0,67,16,up,up,RP,RP
2056,Laos_2003,0,67,17,the,the,DT,DT
2057,Laos_2003,0,67,18,country,country,NN,NN
2058,Laos_2003,0,67,19,to,to,TO,TO
2059,Laos_2003,0,67,21,cultural,cultural,JJ,JJ
2060,Laos_2003,0,67,22,and,and,CC,CC
2061,Laos_2003,0,67,23,historical,historical,JJ,JJ
2062,Laos_2003,0,67,24,tourism,tourism,NN,NN
2063,Laos_2003,0,67,25,and,and,CC,CC
2064,Laos_2003,0,67,26,ecotourism,ecotourism,NN,NN
2065,Laos_2003,0,68,0,Tourism,tourism,NN,NN
2066,Laos_2003,0,68,1,which,which,WDT,WD
2067,Laos_2003,0,68,2,is,is,VBZ,VB
2068,Laos_2003,0,68,3,detrimental,detrimental,JJ,JJ
2069,Laos_2003,0,68,4,to,to,TO,TO
2070,Laos_2003,0,68,5,the,the,DT,DT
2071,Laos_2003,0,68,6,fine,fine,JJ,JJ
2072,Laos_2003,0,68,7,culture,culture,NN,NN
2073,Laos_2003,0,68,8,of,of,IN,IN
2074,Laos_2003,0,68,9,the,the,DT,DT
2075,Laos_2003,0,68,10,nation,nation,NN,NN
2076,Laos_2003,0,68,11,or,or,CC,CC
2077,Laos_2003,0,68,12,which,which,WDT,WD
2078,Laos_2003,0,68,13,contravenes,contravenes,VBZ,VB
2079,Laos_2003,0,68,14,the,the,DT,DT
2080,Laos_2003,0,68,15,laws,laws,NNS,NN
2081,Laos_2003,0,68,16,and,and,CC,CC
2082,Laos_2003,0,68,17,regulations,regulations,NNS,NN
2083,Laos_2003,0,68,18,of,of,IN,IN
2084,Laos_2003,0,68,19,the,the,DT,DT
2085,Laos_2003,0,68,20,Lao,lao,NNP,NN
2086,Laos_2003,0,68,21,People,people,NNP,NN
2087,Laos_2003,0,68,23,s,s,VBD,VB
2088,Laos_2003,0,68,24,Democratic,democratic,NNP,NN
2089,Laos_2003,0,68,25,Republic,republic,NNP,NN
2090,Laos_2003,0,68,26,is,is,VBZ,VB
2091,Laos_2003,0,68,27,prohibited,prohibited,VBN,VB
2092,Laos_2003,0,69,0,Chapter,chapter,NN,NN
2093,Laos_2003,0,69,1,III,iii,NNP,NN
2094,Laos_2003,0,70,1,New,new,NNP,NN
2095,Laos_2003,0,70,3,National,national,NNP,NN
2096,Laos_2003,0,70,4,Defence,defence,NNP,NN
2097,Laos_2003,0,70,5,and,and,CC,CC
2098,Laos_2003,0,70,6,Security,security,NNP,NN
2099,Laos_2003,0,70,7,Share,share,NNP,NN
2100,Laos_2003,0,70,8,Article,article,NNP,NN
2101,Laos_2003,0,70,9,31,31,CD,CD
2102,Laos_2003,0,70,10,Share,share,NNP,NN
2103,Laos_2003,0,70,12,New,new,NNP,NN
2104,Laos_2003,0,70,14,National,national,NNP,NN
2105,Laos_2003,0,70,15,defence,defence,NN,NN
2106,Laos_2003,0,70,16,and,and,CC,CC
2107,Laos_2003,0,70,17,security,security,NN,NN
2108,Laos_2003,0,70,18,are,are,VBP,VB
2109,Laos_2003,0,70,19,duties,duties,NNS,NN
2110,Laos_2003,0,70,20,of,of,IN,IN
2111,Laos_2003,0,70,21,the,the,DT,DT
2112,Laos_2003,0,70,22,national,national,JJ,JJ
2113,Laos_2003,0,70,23,defence,defence,NN,NN
2114,Laos_2003,0,70,24,and,and,CC,CC
2115,Laos_2003,0,70,25,security,security,NN,NN
2116,Laos_2003,0,70,26,forces,forces,NNS,NN
2117,Laos_2003,0,71,0,They,they,PRP,PR
2118,Laos_2003,0,71,1,are,are,VBP,VB
2119,Laos_2003,0,71,2,the,the,DT,DT
2120,Laos_2003,0,71,3,obligations,obligations,NNS,NN
2121,Laos_2003,0,71,4,of,of,IN,IN
2122,Laos_2003,0,71,5,all,all,DT,DT
2123,Laos_2003,0,71,6,organisations,organisations,NNS,NN
2124,Laos_2003,0,71,7,and,and,CC,CC
2125,Laos_2003,0,71,8,Lao,lao,NNP,NN
2126,Laos_2003,0,71,9,citizens,citizens,NNS,NN
2127,Laos_2003,0,71,10,who,who,WP,WP
2128,Laos_2003,0,71,11,must,must,MD,MD
2129,Laos_2003,0,71,12,protect,protect,VB,VB
2130,Laos_2003,0,71,13,the,the,DT,DT
2131,Laos_2003,0,71,14,independence,independence,NN,NN
2132,Laos_2003,0,71,16,sovereignty,sovereignty,NN,NN
2133,Laos_2003,0,71,17,and,and,CC,CC
2134,Laos_2003,0,71,18,territorial,territorial,JJ,JJ
2135,Laos_2003,0,71,19,integrity,integrity,NN,NN
2136,Laos_2003,0,71,20,of,of,IN,IN
2137,Laos_2003,0,71,21,the,the,DT,DT
2138,Laos_2003,0,71,22,nation,nation,NN,NN
2139,Laos_2003,0,71,24,protecting,protecting,VBG,VB
2140,Laos_2003,0,71,25,lives,lives,NNS,NN
2141,Laos_2003,0,71,26,and,and,CC,CC
2142,Laos_2003,0,71,27,people,people,NNS,NN
2143,Laos_2003,0,71,29,s,s,JJ,JJ
2144,Laos_2003,0,71,30,property,property,NN,NN
2145,Laos_2003,0,71,33,and,and,CC,CC
2146,Laos_2003,0,71,35,ensuring,ensuring,VBG,VB
2147,Laos_2003,0,71,36,a,a,DT,DT
2148,Laos_2003,0,71,37,stable,stable,JJ,JJ
2149,Laos_2003,0,71,38,and,and,CC,CC
2150,Laos_2003,0,71,39,sustainable,sustainable,JJ,JJ
2151,Laos_2003,0,71,40,people,people,NNS,NN
2152,Laos_2003,0,71,42,s,s,JJ,JJ
2153,Laos_2003,0,71,43,democracy,democracy,NN,NN
2154,Laos_2003,0,72,0,National,national,NNP,NN
2155,Laos_2003,0,72,1,defence,defence,NN,NN
2156,Laos_2003,0,72,2,and,and,CC,CC
2157,Laos_2003,0,72,3,security,security,NN,NN
2158,Laos_2003,0,72,4,are,are,VBP,VB
2159,Laos_2003,0,72,5,carried,carried,VBN,VB
2160,Laos_2003,0,72,6,out,out,IN,IN
2161,Laos_2003,0,72,7,in,in,IN,IN
2162,Laos_2003,0,72,8,parallel,parallel,NN,NN
2163,Laos_2003,0,72,9,with,with,IN,IN
2164,Laos_2003,0,72,10,socioeconomic,socioeconomic,JJ,JJ
2165,Laos_2003,0,72,11,development,development,NN,NN
2166,Laos_2003,0,73,0,Article,article,NN,NN
2167,Laos_2003,0,73,1,32,32,CD,CD
2168,Laos_2003,0,73,2,Share,share,NNP,NN
2169,Laos_2003,0,73,4,New,new,NNP,NN
2170,Laos_2003,0,73,6,The,the,DT,DT
2171,Laos_2003,0,73,7,national,national,JJ,JJ
2172,Laos_2003,0,73,8,defence,defence,NN,NN
2173,Laos_2003,0,73,9,and,and,CC,CC
2174,Laos_2003,0,73,10,security,security,NN,NN
2175,Laos_2003,0,73,11,forces,forces,NNS,NN
2176,Laos_2003,0,73,12,must,must,MD,MD
2177,Laos_2003,0,73,13,improve,improve,VB,VB
2178,Laos_2003,0,73,14,and,and,CC,CC
2179,Laos_2003,0,73,15,strengthen,strengthen,VB,VB
2180,Laos_2003,0,73,16,themselves,themselves,PRP,PR
2181,Laos_2003,0,73,18,enhance,enhance,VB,VB
2182,Laos_2003,0,73,19,their,their,PRP$,PR
2183,Laos_2003,0,73,20,loyalty,loyalty,NN,NN
2184,Laos_2003,0,73,21,to,to,TO,TO
2185,Laos_2003,0,73,22,the,the,DT,DT
2186,Laos_2003,0,73,23,nation,nation,NN,NN
2187,Laos_2003,0,73,25,serve,serve,VB,VB
2188,Laos_2003,0,73,26,as,as,IN,IN
2189,Laos_2003,0,73,27,the,the,DT,DT
2190,Laos_2003,0,73,28,people,people,NNS,NN
2191,Laos_2003,0,73,30,s,s,VBP,VB
2192,Laos_2003,0,73,31,military,military,JJ,JJ
2193,Laos_2003,0,73,32,force,force,NN,NN
2194,Laos_2003,0,73,33,with,with,IN,IN
2195,Laos_2003,0,73,34,real,real,JJ,JJ
2196,Laos_2003,0,73,35,revolutionary,revolutionary,JJ,JJ
2197,Laos_2003,0,73,36,spirit,spirit,NN,NN
2198,Laos_2003,0,73,39,observe,observe,VBP,VB
2199,Laos_2003,0,73,41,strict,strict,NN,NN
2200,Laos_2003,0,73,42,rules,rules,NNS,NN
2201,Laos_2003,0,73,43,and,and,CC,CC
2202,Laos_2003,0,73,44,modern,modern,JJ,JJ
2203,Laos_2003,0,73,45,plans,plans,NNS,NN
2204,Laos_2003,0,73,46,having,having,VBG,VB
2205,Laos_2003,0,73,47,high,high,JJ,JJ
2206,Laos_2003,0,73,48,military,military,JJ,JJ
2207,Laos_2003,0,73,49,competence,competence,NN,NN
2208,Laos_2003,0,73,51,and,and,CC,CC
2209,Laos_2003,0,73,52,be,be,VB,VB
2210,Laos_2003,0,73,53,the,the,DT,DT
2211,Laos_2003,0,73,54,main,main,JJ,JJ
2212,Laos_2003,0,73,55,forces,forces,NNS,NN
2213,Laos_2003,0,73,56,to,to,TO,TO
2214,Laos_2003,0,73,57,ensure,ensure,VB,VB
2215,Laos_2003,0,73,58,national,national,JJ,JJ
2216,Laos_2003,0,73,59,stability,stability,NN,NN
2217,Laos_2003,0,73,61,peace,peace,NN,NN
2218,Laos_2003,0,73,62,and,and,CC,CC
2219,Laos_2003,0,73,63,social,social,JJ,JJ
2220,Laos_2003,0,73,64,order,order,NN,NN
2221,Laos_2003,0,74,0,The,the,DT,DT
2222,Laos_2003,0,74,1,State,state,NNP,NN
2223,Laos_2003,0,74,2,attends,attends,NNS,NN
2224,Laos_2003,0,74,3,to,to,TO,TO
2225,Laos_2003,0,74,4,supplying,supplying,VBG,VB
2226,Laos_2003,0,74,5,materials,materials,NNS,NN
2227,Laos_2003,0,74,7,techniques,techniques,NNS,NN
2228,Laos_2003,0,74,9,technology,technology,NN,NN
2229,Laos_2003,0,74,11,means,means,NNS,NN
2230,Laos_2003,0,74,12,and,and,CC,CC
2231,Laos_2003,0,74,13,equipment,equipment,NN,NN
2232,Laos_2003,0,74,14,to,to,TO,TO
2233,Laos_2003,0,74,15,and,and,CC,CC
2234,Laos_2003,0,74,16,upgrading,upgrading,VBG,VB
2235,Laos_2003,0,74,17,the,the,DT,DT
2236,Laos_2003,0,74,18,knowledge,knowledge,NN,NN
2237,Laos_2003,0,74,20,ability,ability,NN,NN
2238,Laos_2003,0,74,22,professional,professional,JJ,JJ
2239,Laos_2003,0,74,23,skills,skills,NNS,NN
2240,Laos_2003,0,74,25,strategy,strategy,NN,NN
2241,Laos_2003,0,74,26,and,and,CC,CC
2242,Laos_2003,0,74,27,tactics,tactics,NNS,NN
2243,Laos_2003,0,74,28,of,of,IN,IN
2244,Laos_2003,0,74,29,the,the,DT,DT
2245,Laos_2003,0,74,30,national,national,JJ,JJ
2246,Laos_2003,0,74,31,defence,defence,NN,NN
2247,Laos_2003,0,74,32,and,and,CC,CC
2248,Laos_2003,0,74,33,security,security,NN,NN
2249,Laos_2003,0,74,34,forces,forces,NNS,NN
2250,Laos_2003,0,75,0,Article,article,NN,NN
2251,Laos_2003,0,75,1,33,33,CD,CD
2252,Laos_2003,0,75,2,Share,share,NNP,NN
2253,Laos_2003,0,75,4,New,new,NNP,NN
2254,Laos_2003,0,75,6,The,the,DT,DT
2255,Laos_2003,0,75,7,State,state,NNP,NN
2256,Laos_2003,0,75,8,and,and,CC,CC
2257,Laos_2003,0,75,9,society,society,NN,NN
2258,Laos_2003,0,75,10,attend,attend,VBP,VB
2259,Laos_2003,0,75,11,to,to,TO,TO
2260,Laos_2003,0,75,12,implementing,implementing,VBG,VB
2261,Laos_2003,0,75,13,policies,policies,NNS,NN
2262,Laos_2003,0,75,14,to,to,TO,TO
2263,Laos_2003,0,75,15,ensure,ensure,VB,VB
2264,Laos_2003,0,75,16,that,that,IN,IN
2265,Laos_2003,0,75,17,the,the,DT,DT
2266,Laos_2003,0,75,18,physical,physical,JJ,JJ
2267,Laos_2003,0,75,19,and,and,CC,CC
2268,Laos_2003,0,75,20,mental,mental,JJ,JJ
2269,Laos_2003,0,75,21,condition,condition,NN,NN
2270,Laos_2003,0,75,22,of,of,IN,IN
2271,Laos_2003,0,75,23,the,the,DT,DT
2272,Laos_2003,0,75,24,national,national,JJ,JJ
2273,Laos_2003,0,75,25,defence,defence,NN,NN
2274,Laos_2003,0,75,26,and,and,CC,CC
2275,Laos_2003,0,75,27,security,security,NN,NN
2276,Laos_2003,0,75,28,forces,forces,NNS,NN
2277,Laos_2003,0,75,29,is,is,VBZ,VB
2278,Laos_2003,0,75,30,well,well,RB,RB
2279,Laos_2003,0,75,31,maintained,maintained,VBN,VB
2280,Laos_2003,0,75,32,and,and,CC,CC
2281,Laos_2003,0,75,33,to,to,TO,TO
2282,Laos_2003,0,75,34,providing,providing,VBG,VB
2283,Laos_2003,0,75,35,incentives,incentives,NNS,NN
2284,Laos_2003,0,75,36,to,to,TO,TO
2285,Laos_2003,0,75,37,rear,rear,VB,VB
2286,Laos_2003,0,75,38,echelons,echelons,NNS,NN
2287,Laos_2003,0,75,39,of,of,IN,IN
2288,Laos_2003,0,75,40,the,the,DT,DT
2289,Laos_2003,0,75,41,national,national,JJ,JJ
2290,Laos_2003,0,75,42,defence,defence,NN,NN
2291,Laos_2003,0,75,43,and,and,CC,CC
2292,Laos_2003,0,75,44,security,security,NN,NN
2293,Laos_2003,0,75,45,forces,forces,NNS,NN
2294,Laos_2003,0,75,46,to,to,TO,TO
2295,Laos_2003,0,75,47,increase,increase,VB,VB
2296,Laos_2003,0,75,48,the,the,DT,DT
2297,Laos_2003,0,75,49,capacity,capacity,NN,NN
2298,Laos_2003,0,75,50,to,to,TO,TO
2299,Laos_2003,0,75,51,protect,protect,VB,VB
2300,Laos_2003,0,75,52,the,the,DT,DT
2301,Laos_2003,0,75,53,nation,nation,NN,NN
2302,Laos_2003,0,75,54,and,and,CC,CC
2303,Laos_2003,0,75,55,maintain,maintain,VB,VB
2304,Laos_2003,0,75,56,peace,peace,NN,NN
2305,Laos_2003,0,75,57,in,in,IN,IN
2306,Laos_2003,0,75,58,the,the,DT,DT
2307,Laos_2003,0,75,59,society,society,NN,NN
2308,Laos_2003,0,76,0,The,the,DT,DT
2309,Laos_2003,0,76,1,national,national,JJ,JJ
2310,Laos_2003,0,76,2,defence,defence,NN,NN
2311,Laos_2003,0,76,3,and,and,CC,CC
2312,Laos_2003,0,76,4,security,security,NN,NN
2313,Laos_2003,0,76,5,forces,forces,NNS,NN
2314,Laos_2003,0,76,6,must,must,MD,MD
2315,Laos_2003,0,76,7,endeavour,endeavour,VB,VB
2316,Laos_2003,0,76,8,to,to,TO,TO
2317,Laos_2003,0,76,9,become,become,VB,VB
2318,Laos_2003,0,76,10,self,self,JJ,JJ
2319,Laos_2003,0,76,11,reliant,reliant,JJ,JJ
2320,Laos_2003,0,76,12,and,and,CC,CC
2321,Laos_2003,0,76,13,build,build,VB,VB
2322,Laos_2003,0,76,14,up,up,RP,RP
2323,Laos_2003,0,76,15,a,a,DT,DT
2324,Laos_2003,0,76,16,strong,strong,JJ,JJ
2325,Laos_2003,0,76,17,military,military,JJ,JJ
2326,Laos_2003,0,76,18,department,department,NN,NN
2327,Laos_2003,0,76,19,in,in,IN,IN
2328,Laos_2003,0,76,20,order,order,NN,NN
2329,Laos_2003,0,76,21,to,to,TO,TO
2330,Laos_2003,0,76,22,ensure,ensure,VB,VB
2331,Laos_2003,0,76,23,implementation,implementation,NN,NN
2332,Laos_2003,0,76,24,of,of,IN,IN
2333,Laos_2003,0,76,25,tasks,tasks,NNS,NN
2334,Laos_2003,0,76,26,and,and,CC,CC
2335,Laos_2003,0,76,27,contribution,contribution,NN,NN
2336,Laos_2003,0,76,28,to,to,TO,TO
2337,Laos_2003,0,76,29,national,national,JJ,JJ
2338,Laos_2003,0,76,30,development,development,NN,NN
2339,Laos_2003,0,77,0,Chapter,chapter,NN,NN
2340,Laos_2003,0,77,1,IV,iv,NNP,NN
2341,Laos_2003,0,78,0,Fundamental,fundamental,JJ,JJ
2342,Laos_2003,0,78,1,Rights,rights,NNPS,NN
2343,Laos_2003,0,78,2,and,and,CC,CC
2344,Laos_2003,0,78,3,Obligations,obligations,NNP,NN
2345,Laos_2003,0,78,4,of,of,IN,IN
2346,Laos_2003,0,78,5,Citizens,citizens,NNP,NN
2347,Laos_2003,0,78,6,Share,share,NNP,NN
2348,Laos_2003,0,78,7,Article,article,NNP,NN
2349,Laos_2003,0,78,8,34,34,CD,CD
2350,Laos_2003,0,78,9,Share,share,NNP,NN
2351,Laos_2003,0,78,10,Lao,lao,NNP,NN
2352,Laos_2003,0,78,11,citizens,citizens,NNS,NN
2353,Laos_2003,0,78,12,are,are,VBP,VB
2354,Laos_2003,0,78,13,persons,persons,NNS,NN
2355,Laos_2003,0,78,14,who,who,WP,WP
2356,Laos_2003,0,78,15,hold,hold,VBP,VB
2357,Laos_2003,0,78,16,Lao,lao,NNP,NN
2358,Laos_2003,0,78,17,nationality,nationality,NN,NN
2359,Laos_2003,0,78,18,as,as,IN,IN
2360,Laos_2003,0,78,19,provided,provided,VBN,VB
2361,Laos_2003,0,78,20,by,by,IN,IN
2362,Laos_2003,0,78,21,the,the,DT,DT
2363,Laos_2003,0,78,22,laws,laws,NNS,NN
2364,Laos_2003,0,79,0,Article,article,NN,NN
2365,Laos_2003,0,79,1,35,35,CD,CD
2366,Laos_2003,0,79,2,Share,share,NNP,NN
2367,Laos_2003,0,79,3,Lao,lao,NNP,NN
2368,Laos_2003,0,79,4,citizens,citizens,NNS,NN
2369,Laos_2003,0,79,5,are,are,VBP,VB
2370,Laos_2003,0,79,6,all,all,DT,DT
2371,Laos_2003,0,79,7,equal,equal,JJ,JJ
2372,Laos_2003,0,79,8,before,before,IN,IN
2373,Laos_2003,0,79,9,the,the,DT,DT
2374,Laos_2003,0,79,10,law,law,NN,NN
2375,Laos_2003,0,79,11,irrespective,irrespective,NN,NN
2376,Laos_2003,0,79,12,of,of,IN,IN
2377,Laos_2003,0,79,13,their,their,PRP$,PR
2378,Laos_2003,0,79,14,gender,gender,NN,NN
2379,Laos_2003,0,79,16,social,social,JJ,JJ
2380,Laos_2003,0,79,17,status,status,NN,NN
2381,Laos_2003,0,79,19,education,education,NN,NN
2382,Laos_2003,0,79,21,beliefs,beliefs,NNS,NN
2383,Laos_2003,0,79,22,and,and,CC,CC
2384,Laos_2003,0,79,23,ethnic,ethnic,JJ,JJ
2385,Laos_2003,0,79,24,group,group,NN,NN
2386,Laos_2003,0,80,0,Article,article,NN,NN
2387,Laos_2003,0,80,1,36,36,CD,CD
2388,Laos_2003,0,80,2,Share,share,NNP,NN
2389,Laos_2003,0,80,4,New,new,NNP,NN
2390,Laos_2003,0,80,6,Lao,lao,NNP,NN
2391,Laos_2003,0,80,7,citizens,citizens,NNS,NN
2392,Laos_2003,0,80,8,aged,aged,VBN,VB
2393,Laos_2003,0,80,9,eighteen,eighteen,JJ,JJ
2394,Laos_2003,0,80,10,years,years,NNS,NN
2395,Laos_2003,0,80,11,and,and,CC,CC
2396,Laos_2003,0,80,12,above,above,RB,RB
2397,Laos_2003,0,80,13,have,have,VBP,VB
2398,Laos_2003,0,80,14,the,the,DT,DT
2399,Laos_2003,0,80,15,right,right,NN,NN
2400,Laos_2003,0,80,16,to,to,TO,TO
2401,Laos_2003,0,80,17,vote,vote,VB,VB
2402,Laos_2003,0,80,18,and,and,CC,CC
2403,Laos_2003,0,80,19,those,those,DT,DT
2404,Laos_2003,0,80,20,aged,aged,VBN,VB
2405,Laos_2003,0,80,21,twenty,twenty,CD,CD
2406,Laos_2003,0,80,22,years,years,NNS,NN
2407,Laos_2003,0,80,23,and,and,CC,CC
2408,Laos_2003,0,80,24,above,above,RB,RB
2409,Laos_2003,0,80,25,have,have,VBP,VB
2410,Laos_2003,0,80,26,the,the,DT,DT
2411,Laos_2003,0,80,27,right,right,NN,NN
2412,Laos_2003,0,80,28,to,to,TO,TO
2413,Laos_2003,0,80,29,be,be,VB,VB
2414,Laos_2003,0,80,30,elected,elected,VBN,VB
2415,Laos_2003,0,80,32,except,except,IN,IN
2416,Laos_2003,0,80,33,insane,insane,JJ,JJ
2417,Laos_2003,0,80,34,persons,persons,NNS,NN
2418,Laos_2003,0,80,36,persons,persons,NNS,NN
2419,Laos_2003,0,80,37,with,with,IN,IN
2420,Laos_2003,0,80,38,mental,mental,JJ,JJ
2421,Laos_2003,0,80,39,disorders,disorders,NNS,NN
2422,Laos_2003,0,80,40,and,and,CC,CC
2423,Laos_2003,0,80,41,persons,persons,NNS,NN
2424,Laos_2003,0,80,42,whose,whose,WP$,WP
2425,Laos_2003,0,80,43,rights,rights,NNS,NN
2426,Laos_2003,0,80,44,to,to,TO,TO
2427,Laos_2003,0,80,45,vote,vote,VB,VB
2428,Laos_2003,0,80,46,and,and,CC,CC
2429,Laos_2003,0,80,47,to,to,TO,TO
2430,Laos_2003,0,80,48,be,be,VB,VB
2431,Laos_2003,0,80,49,elected,elected,VBN,VB
2432,Laos_2003,0,80,50,have,have,VBP,VB
2433,Laos_2003,0,80,51,been,been,VBN,VB
2434,Laos_2003,0,80,52,revoked,revoked,VBN,VB
2435,Laos_2003,0,80,53,by,by,IN,IN
2436,Laos_2003,0,80,54,a,a,DT,DT
2437,Laos_2003,0,80,55,court,court,NN,NN
2438,Laos_2003,0,81,0,Article,article,NN,NN
2439,Laos_2003,0,81,1,37,37,CD,CD
2440,Laos_2003,0,81,2,Share,share,NNP,NN
2441,Laos_2003,0,81,3,Citizens,citizens,NNPS,NN
2442,Laos_2003,0,81,4,of,of,IN,IN
2443,Laos_2003,0,81,5,both,both,DT,DT
2444,Laos_2003,0,81,6,genders,genders,NNS,NN
2445,Laos_2003,0,81,7,enjoy,enjoy,VBP,VB
2446,Laos_2003,0,81,8,equal,equal,JJ,JJ
2447,Laos_2003,0,81,9,rights,rights,NNS,NN
2448,Laos_2003,0,81,10,in,in,IN,IN
2449,Laos_2003,0,81,11,the,the,DT,DT
2450,Laos_2003,0,81,12,political,political,JJ,JJ
2451,Laos_2003,0,81,14,economic,economic,JJ,JJ
2452,Laos_2003,0,81,16,cultural,cultural,JJ,JJ
2453,Laos_2003,0,81,17,and,and,CC,CC
2454,Laos_2003,0,81,18,social,social,JJ,JJ
2455,Laos_2003,0,81,19,fields,fields,NNS,NN
2456,Laos_2003,0,81,20,and,and,CC,CC
2457,Laos_2003,0,81,21,in,in,IN,IN
2458,Laos_2003,0,81,22,family,family,NN,NN
2459,Laos_2003,0,81,23,affairs,affairs,NNS,NN
2460,Laos_2003,0,82,0,Article,article,NN,NN
2461,Laos_2003,0,82,1,38,38,CD,CD
2462,Laos_2003,0,82,2,Share,share,NNP,NN
2463,Laos_2003,0,82,3,Lao,lao,NNP,NN
2464,Laos_2003,0,82,4,citizens,citizens,NNS,NN
2465,Laos_2003,0,82,5,have,have,VBP,VB
2466,Laos_2003,0,82,6,the,the,DT,DT
2467,Laos_2003,0,82,7,right,right,NN,NN
2468,Laos_2003,0,82,8,to,to,TO,TO
2469,Laos_2003,0,82,9,receive,receive,VB,VB
2470,Laos_2003,0,82,10,education,education,NN,NN
2471,Laos_2003,0,82,11,and,and,CC,CC
2472,Laos_2003,0,82,12,upgrade,upgrade,JJ,JJ
2473,Laos_2003,0,82,13,themselves,themselves,PRP,PR
2474,Laos_2003,0,83,0,Article,article,NN,NN
2475,Laos_2003,0,83,1,39,39,CD,CD
2476,Laos_2003,0,83,2,Share,share,NNP,NN
2477,Laos_2003,0,83,4,New,new,NNP,NN
2478,Laos_2003,0,83,6,Lao,lao,NNP,NN
2479,Laos_2003,0,83,7,citizens,citizens,NNS,NN
2480,Laos_2003,0,83,8,have,have,VBP,VB
2481,Laos_2003,0,83,9,the,the,DT,DT
2482,Laos_2003,0,83,10,right,right,NN,NN
2483,Laos_2003,0,83,11,to,to,TO,TO
2484,Laos_2003,0,83,12,work,work,VB,VB
2485,Laos_2003,0,83,13,and,and,CC,CC
2486,Laos_2003,0,83,14,engage,engage,VB,VB
2487,Laos_2003,0,83,15,in,in,IN,IN
2488,Laos_2003,0,83,16,occupations,occupations,NNS,NN
2489,Laos_2003,0,83,17,which,which,WDT,WD
2490,Laos_2003,0,83,18,are,are,VBP,VB
2491,Laos_2003,0,83,19,not,not,RB,RB
2492,Laos_2003,0,83,20,contrary,contrary,JJ,JJ
2493,Laos_2003,0,83,21,to,to,TO,TO
2494,Laos_2003,0,83,22,the,the,DT,DT
2495,Laos_2003,0,83,23,laws,laws,NNS,NN
2496,Laos_2003,0,84,0,Working,working,VBG,VB
2497,Laos_2003,0,84,1,people,people,NNS,NN
2498,Laos_2003,0,84,2,have,have,VBP,VB
2499,Laos_2003,0,84,3,the,the,DT,DT
2500,Laos_2003,0,84,4,right,right,NN,NN
2501,Laos_2003,0,84,5,to,to,TO,TO
2502,Laos_2003,0,84,6,rest,rest,VB,VB
2503,Laos_2003,0,84,8,to,to,TO,TO
2504,Laos_2003,0,84,9,receive,receive,VB,VB
2505,Laos_2003,0,84,10,medical,medical,JJ,JJ
2506,Laos_2003,0,84,11,treatment,treatment,NN,NN
2507,Laos_2003,0,84,12,in,in,IN,IN
2508,Laos_2003,0,84,13,times,times,NNS,NN
2509,Laos_2003,0,84,14,of,of,IN,IN
2510,Laos_2003,0,84,15,illness,illness,NN,NN
2511,Laos_2003,0,84,18,and,and,CC,CC
2512,Laos_2003,0,84,20,to,to,TO,TO
2513,Laos_2003,0,84,21,receive,receive,VB,VB
2514,Laos_2003,0,84,22,assistance,assistance,NN,NN
2515,Laos_2003,0,84,23,in,in,IN,IN
2516,Laos_2003,0,84,24,the,the,DT,DT
2517,Laos_2003,0,84,25,event,event,NN,NN
2518,Laos_2003,0,84,26,of,of,IN,IN
2519,Laos_2003,0,84,27,incapacity,incapacity,NN,NN
2520,Laos_2003,0,84,28,or,or,CC,CC
2521,Laos_2003,0,84,29,disability,disability,NN,NN
2522,Laos_2003,0,84,31,in,in,IN,IN
2523,Laos_2003,0,84,32,old,old,JJ,JJ
2524,Laos_2003,0,84,33,age,age,NN,NN
2525,Laos_2003,0,84,35,and,and,CC,CC
2526,Laos_2003,0,84,36,in,in,IN,IN
2527,Laos_2003,0,84,37,other,other,JJ,JJ
2528,Laos_2003,0,84,38,cases,cases,NNS,NN
2529,Laos_2003,0,84,39,as,as,IN,IN
2530,Laos_2003,0,84,40,provided,provided,VBN,VB
2531,Laos_2003,0,84,41,by,by,IN,IN
2532,Laos_2003,0,84,42,the,the,DT,DT
2533,Laos_2003,0,84,43,laws,laws,NNS,NN
2534,Laos_2003,0,85,0,Article,article,NN,NN
2535,Laos_2003,0,85,1,40,40,CD,CD
2536,Laos_2003,0,85,2,Share,share,NNP,NN
2537,Laos_2003,0,85,3,Lao,lao,NNP,NN
2538,Laos_2003,0,85,4,citizens,citizens,NNS,NN
2539,Laos_2003,0,85,5,have,have,VBP,VB
2540,Laos_2003,0,85,6,the,the,DT,DT
2541,Laos_2003,0,85,7,freedom,freedom,NN,NN
2542,Laos_2003,0,85,8,of,of,IN,IN
2543,Laos_2003,0,85,9,settlement,settlement,NN,NN
2544,Laos_2003,0,85,10,and,and,CC,CC
2545,Laos_2003,0,85,11,movement,movement,NN,NN
2546,Laos_2003,0,85,12,as,as,IN,IN
2547,Laos_2003,0,85,13,provided,provided,VBN,VB
2548,Laos_2003,0,85,14,by,by,IN,IN
2549,Laos_2003,0,85,15,the,the,DT,DT
2550,Laos_2003,0,85,16,laws,laws,NNS,NN
2551,Laos_2003,0,86,0,Article,article,NN,NN
2552,Laos_2003,0,86,1,41,41,CD,CD
2553,Laos_2003,0,86,2,Share,share,NNP,NN
2554,Laos_2003,0,86,4,New,new,NNP,NN
2555,Laos_2003,0,86,6,Lao,lao,NNP,NN
2556,Laos_2003,0,86,7,citizens,citizens,NNS,NN
2557,Laos_2003,0,86,8,have,have,VBP,VB
2558,Laos_2003,0,86,9,the,the,DT,DT
2559,Laos_2003,0,86,10,right,right,NN,NN
2560,Laos_2003,0,86,11,to,to,TO,TO
2561,Laos_2003,0,86,12,lodge,lodge,VB,VB
2562,Laos_2003,0,86,13,complaints,complaints,NNS,NN
2563,Laos_2003,0,86,14,and,and,CC,CC
2564,Laos_2003,0,86,15,petitions,petitions,NNS,NN
2565,Laos_2003,0,86,16,and,and,CC,CC
2566,Laos_2003,0,86,17,to,to,TO,TO
2567,Laos_2003,0,86,18,propose,propose,VB,VB
2568,Laos_2003,0,86,19,ideas,ideas,NNS,NN
2569,Laos_2003,0,86,20,to,to,TO,TO
2570,Laos_2003,0,86,21,the,the,DT,DT
2571,Laos_2003,0,86,22,relevant,relevant,JJ,JJ
2572,Laos_2003,0,86,23,State,state,NNP,NN
2573,Laos_2003,0,86,24,organisations,organisations,NNS,NN
2574,Laos_2003,0,86,25,in,in,IN,IN
2575,Laos_2003,0,86,26,connection,connection,NN,NN
2576,Laos_2003,0,86,27,with,with,IN,IN
2577,Laos_2003,0,86,28,issues,issues,NNS,NN
2578,Laos_2003,0,86,29,pertaining,pertaining,VBG,VB
2579,Laos_2003,0,86,30,to,to,TO,TO
2580,Laos_2003,0,86,31,the,the,DT,DT
2581,Laos_2003,0,86,32,public,public,JJ,JJ
2582,Laos_2003,0,86,33,interest,interest,NN,NN
2583,Laos_2003,0,86,34,or,or,CC,CC
2584,Laos_2003,0,86,35,to,to,TO,TO
2585,Laos_2003,0,86,36,their,their,PRP$,PR
2586,Laos_2003,0,86,37,own,own,JJ,JJ
2587,Laos_2003,0,86,38,rights,rights,NNS,NN
2588,Laos_2003,0,86,39,and,and,CC,CC
2589,Laos_2003,0,86,40,interests,interests,NNS,NN
2590,Laos_2003,0,87,0,Complaints,complaints,NNS,NN
2591,Laos_2003,0,87,2,petitions,petitions,NNS,NN
2592,Laos_2003,0,87,3,and,and,CC,CC
2593,Laos_2003,0,87,4,ideas,ideas,NNS,NN
2594,Laos_2003,0,87,5,of,of,IN,IN
2595,Laos_2003,0,87,6,citizens,citizens,NNS,NN
2596,Laos_2003,0,87,7,must,must,MD,MD
2597,Laos_2003,0,87,8,be,be,VB,VB
2598,Laos_2003,0,87,9,examined,examined,VBN,VB
2599,Laos_2003,0,87,10,and,and,CC,CC
2600,Laos_2003,0,87,11,resolved,resolved,VBN,VB
2601,Laos_2003,0,87,12,as,as,IN,IN
2602,Laos_2003,0,87,13,provided,provided,VBN,VB
2603,Laos_2003,0,87,14,by,by,IN,IN
2604,Laos_2003,0,87,15,the,the,DT,DT
2605,Laos_2003,0,87,16,laws,laws,NNS,NN
2606,Laos_2003,0,88,0,Article,article,NN,NN
2607,Laos_2003,0,88,1,42,42,CD,CD
2608,Laos_2003,0,88,2,Share,share,NNP,NN
2609,Laos_2003,0,88,4,New,new,NNP,NN
2610,Laos_2003,0,88,6,The,the,DT,DT
2611,Laos_2003,0,88,7,right,right,NN,NN
2612,Laos_2003,0,88,8,of,of,IN,IN
2613,Laos_2003,0,88,9,Lao,lao,NNP,NN
2614,Laos_2003,0,88,10,citizens,citizens,NNS,NN
2615,Laos_2003,0,88,11,in,in,IN,IN
2616,Laos_2003,0,88,12,their,their,PRP$,PR
2617,Laos_2003,0,88,13,bodies,bodies,NNS,NN
2618,Laos_2003,0,88,15,honour,honour,NN,NN
2619,Laos_2003,0,88,16,and,and,CC,CC
2620,Laos_2003,0,88,17,houses,houses,NNS,NN
2621,Laos_2003,0,88,18,are,are,VBP,VB
2622,Laos_2003,0,88,19,inviolable,inviolable,JJ,JJ
2623,Laos_2003,0,89,0,Lao,lao,NNP,NN
2624,Laos_2003,0,89,1,citizens,citizens,NNS,NN
2625,Laos_2003,0,89,2,can,can,MD,MD
2626,Laos_2003,0,89,3,not,not,RB,RB
2627,Laos_2003,0,89,4,be,be,VB,VB
2628,Laos_2003,0,89,5,arrested,arrested,VBN,VB
2629,Laos_2003,0,89,6,or,or,CC,CC
2630,Laos_2003,0,89,7,searched,searched,VBN,VB
2631,Laos_2003,0,89,8,without,without,IN,IN
2632,Laos_2003,0,89,9,the,the,DT,DT
2633,Laos_2003,0,89,10,order,order,NN,NN
2634,Laos_2003,0,89,11,of,of,IN,IN
2635,Laos_2003,0,89,12,the,the,DT,DT
2636,Laos_2003,0,89,13,Public,public,NNP,NN
2637,Laos_2003,0,89,14,Prosecutor,prosecutor,NNP,NN
2638,Laos_2003,0,89,15,or,or,CC,CC
2639,Laos_2003,0,89,16,the,the,DT,DT
2640,Laos_2003,0,89,17,people,people,NNS,NN
2641,Laos_2003,0,89,19,s,s,JJ,JJ
2642,Laos_2003,0,89,20,courts,courts,NNS,NN
2643,Laos_2003,0,89,22,except,except,IN,IN
2644,Laos_2003,0,89,23,if,if,IN,IN
2645,Laos_2003,0,89,24,otherwise,otherwise,RB,RB
2646,Laos_2003,0,89,25,provided,provided,VBN,VB
2647,Laos_2003,0,89,26,by,by,IN,IN
2648,Laos_2003,0,89,27,the,the,DT,DT
2649,Laos_2003,0,89,28,laws,laws,NNS,NN
2650,Laos_2003,0,90,0,Article,article,NN,NN
2651,Laos_2003,0,90,1,43,43,CD,CD
2652,Laos_2003,0,90,2,Share,share,NNP,NN
2653,Laos_2003,0,90,3,Lao,lao,NNP,NN
2654,Laos_2003,0,90,4,citizens,citizens,NNS,NN
2655,Laos_2003,0,90,5,have,have,VBP,VB
2656,Laos_2003,0,90,6,the,the,DT,DT
2657,Laos_2003,0,90,7,right,right,NN,NN
2658,Laos_2003,0,90,8,and,and,CC,CC
2659,Laos_2003,0,90,9,freedom,freedom,NN,NN
2660,Laos_2003,0,90,10,to,to,TO,TO
2661,Laos_2003,0,90,11,believe,believe,VB,VB
2662,Laos_2003,0,90,12,or,or,CC,CC
2663,Laos_2003,0,90,13,not,not,RB,RB
2664,Laos_2003,0,90,14,to,to,TO,TO
2665,Laos_2003,0,90,15,believe,believe,VB,VB
2666,Laos_2003,0,90,16,in,in,IN,IN
2667,Laos_2003,0,90,17,religions,religions,NNS,NN
2668,Laos_2003,0,91,0,Article,article,NN,NN
2669,Laos_2003,0,91,1,44,44,CD,CD
2670,Laos_2003,0,91,2,Share,share,NNP,NN
2671,Laos_2003,0,91,3,Lao,lao,NNP,NN
2672,Laos_2003,0,91,4,citizens,citizens,NNS,NN
2673,Laos_2003,0,91,5,have,have,VBP,VB
2674,Laos_2003,0,91,6,the,the,DT,DT
2675,Laos_2003,0,91,7,right,right,NN,NN
2676,Laos_2003,0,91,8,and,and,CC,CC
2677,Laos_2003,0,91,9,freedom,freedom,NN,NN
2678,Laos_2003,0,91,10,of,of,IN,IN
2679,Laos_2003,0,91,11,speech,speech,NN,NN
2680,Laos_2003,0,91,13,press,press,NN,NN
2681,Laos_2003,0,91,14,and,and,CC,CC
2682,Laos_2003,0,91,15,assembly,assembly,NN,NN
2683,Laos_2003,0,91,17,and,and,CC,CC
2684,Laos_2003,0,91,18,have,have,VBP,VB
2685,Laos_2003,0,91,19,the,the,DT,DT
2686,Laos_2003,0,91,20,right,right,NN,NN
2687,Laos_2003,0,91,21,to,to,TO,TO
2688,Laos_2003,0,91,22,set,set,VB,VB
2689,Laos_2003,0,91,23,up,up,RP,RP
2690,Laos_2003,0,91,24,associations,associations,NNS,NN
2691,Laos_2003,0,91,25,and,and,CC,CC
2692,Laos_2003,0,91,26,to,to,TO,TO
2693,Laos_2003,0,91,27,stage,stage,VB,VB
2694,Laos_2003,0,91,28,demonstrations,demonstrations,NNS,NN
2695,Laos_2003,0,91,29,which,which,WDT,WD
2696,Laos_2003,0,91,30,are,are,VBP,VB
2697,Laos_2003,0,91,31,not,not,RB,RB
2698,Laos_2003,0,91,32,contrary,contrary,JJ,JJ
2699,Laos_2003,0,91,33,to,to,TO,TO
2700,Laos_2003,0,91,34,the,the,DT,DT
2701,Laos_2003,0,91,35,laws,laws,NNS,NN
2702,Laos_2003,0,92,0,Article,article,NN,NN
2703,Laos_2003,0,92,1,45,45,CD,CD
2704,Laos_2003,0,92,2,Share,share,NNP,NN
2705,Laos_2003,0,92,3,Lao,lao,NNP,NN
2706,Laos_2003,0,92,4,citizens,citizens,NNS,NN
2707,Laos_2003,0,92,5,have,have,VBP,VB
2708,Laos_2003,0,92,6,the,the,DT,DT
2709,Laos_2003,0,92,7,right,right,NN,NN
2710,Laos_2003,0,92,8,and,and,CC,CC
2711,Laos_2003,0,92,9,freedom,freedom,NN,NN
2712,Laos_2003,0,92,10,to,to,TO,TO
2713,Laos_2003,0,92,11,conduct,conduct,VB,VB
2714,Laos_2003,0,92,12,studies,studies,NNS,NN
2715,Laos_2003,0,92,13,in,in,IN,IN
2716,Laos_2003,0,92,14,and,and,CC,CC
2717,Laos_2003,0,92,15,to,to,TO,TO
2718,Laos_2003,0,92,16,apply,apply,VB,VB
2719,Laos_2003,0,92,17,advanced,advanced,JJ,JJ
2720,Laos_2003,0,92,18,sciences,sciences,NNS,NN
2721,Laos_2003,0,92,20,techniques,techniques,NNS,NN
2722,Laos_2003,0,92,21,and,and,CC,CC
2723,Laos_2003,0,92,22,technologies,technologies,NNS,NN
2724,Laos_2003,0,92,24,to,to,TO,TO
2725,Laos_2003,0,92,25,create,create,VB,VB
2726,Laos_2003,0,92,26,artistic,artistic,JJ,JJ
2727,Laos_2003,0,92,27,and,and,CC,CC
2728,Laos_2003,0,92,28,literary,literary,JJ,JJ
2729,Laos_2003,0,92,29,works,works,NNS,NN
2730,Laos_2003,0,92,33,and,and,CC,CC
2731,Laos_2003,0,92,34,to,to,TO,TO
2732,Laos_2003,0,92,35,engage,engage,VB,VB
2733,Laos_2003,0,92,36,in,in,IN,IN
2734,Laos_2003,0,92,37,cultural,cultural,JJ,JJ
2735,Laos_2003,0,92,38,activities,activities,NNS,NN
2736,Laos_2003,0,92,39,which,which,WDT,WD
2737,Laos_2003,0,92,40,are,are,VBP,VB
2738,Laos_2003,0,92,41,not,not,RB,RB
2739,Laos_2003,0,92,42,contrary,contrary,JJ,JJ
2740,Laos_2003,0,92,43,to,to,TO,TO
2741,Laos_2003,0,92,44,the,the,DT,DT
2742,Laos_2003,0,92,45,laws,laws,NNS,NN
2743,Laos_2003,0,93,0,Article,article,NN,NN
2744,Laos_2003,0,93,1,46,46,CD,CD
2745,Laos_2003,0,93,2,Share,share,NNP,NN
2746,Laos_2003,0,93,3,The,the,DT,DT
2747,Laos_2003,0,93,4,State,state,NNP,NN
2748,Laos_2003,0,93,5,protects,protects,VBZ,VB
2749,Laos_2003,0,93,6,the,the,DT,DT
2750,Laos_2003,0,93,7,legitimate,legitimate,JJ,JJ
2751,Laos_2003,0,93,8,rights,rights,NNS,NN
2752,Laos_2003,0,93,9,and,and,CC,CC
2753,Laos_2003,0,93,10,interests,interests,NNS,NN
2754,Laos_2003,0,93,11,of,of,IN,IN
2755,Laos_2003,0,93,12,Lao,lao,NNP,NN
2756,Laos_2003,0,93,13,citizens,citizens,NNS,NN
2757,Laos_2003,0,93,14,residing,residing,VBG,VB
2758,Laos_2003,0,93,15,abroad,abroad,RB,RB
2759,Laos_2003,0,94,0,Article,article,NN,NN
2760,Laos_2003,0,94,1,47,47,CD,CD
2761,Laos_2003,0,94,2,Share,share,NNP,NN
2762,Laos_2003,0,94,3,Lao,lao,NNP,NN
2763,Laos_2003,0,94,4,citizens,citizens,NNS,NN
2764,Laos_2003,0,94,5,have,have,VBP,VB
2765,Laos_2003,0,94,6,the,the,DT,DT
2766,Laos_2003,0,94,7,obligation,obligation,NN,NN
2767,Laos_2003,0,94,8,to,to,TO,TO
2768,Laos_2003,0,94,9,respect,respect,VB,VB
2769,Laos_2003,0,94,10,the,the,DT,DT
2770,Laos_2003,0,94,11,Constitution,constitution,NNP,NN
2771,Laos_2003,0,94,12,and,and,CC,CC
2772,Laos_2003,0,94,13,the,the,DT,DT
2773,Laos_2003,0,94,14,laws,laws,NNS,NN
2774,Laos_2003,0,94,16,to,to,TO,TO
2775,Laos_2003,0,94,17,observe,observe,VB,VB
2776,Laos_2003,0,94,18,labour,labour,JJ,JJ
2777,Laos_2003,0,94,19,discipline,discipline,NN,NN
2778,Laos_2003,0,94,22,and,and,CC,CC
2779,Laos_2003,0,94,23,to,to,TO,TO
2780,Laos_2003,0,94,24,comply,comply,VB,VB
2781,Laos_2003,0,94,25,with,with,IN,IN
2782,Laos_2003,0,94,27,the,the,DT,DT
2783,Laos_2003,0,94,28,regulations,regulations,NNS,NN
2784,Laos_2003,0,94,29,relating,relating,VBG,VB
2785,Laos_2003,0,94,30,to,to,TO,TO
2786,Laos_2003,0,94,31,social,social,JJ,JJ
2787,Laos_2003,0,94,32,life,life,NN,NN
2788,Laos_2003,0,94,33,and,and,CC,CC
2789,Laos_2003,0,94,34,public,public,JJ,JJ
2790,Laos_2003,0,94,35,order,order,NN,NN
2791,Laos_2003,0,95,0,Article,article,NN,NN
2792,Laos_2003,0,95,1,48,48,CD,CD
2793,Laos_2003,0,95,2,Share,share,NNP,NN
2794,Laos_2003,0,95,3,Lao,lao,NNP,NN
2795,Laos_2003,0,95,4,citizens,citizens,NNS,NN
2796,Laos_2003,0,95,5,have,have,VBP,VB
2797,Laos_2003,0,95,6,the,the,DT,DT
2798,Laos_2003,0,95,7,obligation,obligation,NN,NN
2799,Laos_2003,0,95,8,to,to,TO,TO
2800,Laos_2003,0,95,9,pay,pay,VB,VB
2801,Laos_2003,0,95,10,duties,duties,NNS,NN
2802,Laos_2003,0,95,11,and,and,CC,CC
2803,Laos_2003,0,95,12,taxes,taxes,NNS,NN
2804,Laos_2003,0,95,13,in,in,IN,IN
2805,Laos_2003,0,95,14,accordance,accordance,NN,NN
2806,Laos_2003,0,95,15,with,with,IN,IN
2807,Laos_2003,0,95,16,the,the,DT,DT
2808,Laos_2003,0,95,17,laws,laws,NNS,NN
2809,Laos_2003,0,96,0,Article,article,NN,NN
2810,Laos_2003,0,96,1,49,49,CD,CD
2811,Laos_2003,0,96,2,Share,share,NNP,NN
2812,Laos_2003,0,96,3,Lao,lao,NNP,NN
2813,Laos_2003,0,96,4,citizens,citizens,NNS,NN
2814,Laos_2003,0,96,5,have,have,VBP,VB
2815,Laos_2003,0,96,6,the,the,DT,DT
2816,Laos_2003,0,96,7,obligation,obligation,NN,NN
2817,Laos_2003,0,96,8,to,to,TO,TO
2818,Laos_2003,0,96,9,defend,defend,VB,VB
2819,Laos_2003,0,96,10,the,the,DT,DT
2820,Laos_2003,0,96,11,country,country,NN,NN
2821,Laos_2003,0,96,13,to,to,TO,TO
2822,Laos_2003,0,96,14,maintain,maintain,VB,VB
2823,Laos_2003,0,96,15,the,the,DT,DT
2824,Laos_2003,0,96,16,security,security,NN,NN
2825,Laos_2003,0,96,17,and,and,CC,CC
2826,Laos_2003,0,96,18,to,to,TO,TO
2827,Laos_2003,0,96,19,fulfil,fulfil,VB,VB
2828,Laos_2003,0,96,20,military,military,JJ,JJ
2829,Laos_2003,0,96,21,service,service,NN,NN
2830,Laos_2003,0,96,22,obligations,obligations,NNS,NN
2831,Laos_2003,0,96,23,as,as,IN,IN
2832,Laos_2003,0,96,24,provided,provided,VBN,VB
2833,Laos_2003,0,96,25,by,by,IN,IN
2834,Laos_2003,0,96,26,the,the,DT,DT
2835,Laos_2003,0,96,27,laws,laws,NNS,NN
2836,Laos_2003,0,97,0,Article,article,NN,NN
2837,Laos_2003,0,97,1,50,50,CD,CD
2838,Laos_2003,0,97,2,Share,share,NNP,NN
2839,Laos_2003,0,97,3,The,the,DT,DT
2840,Laos_2003,0,97,4,rights,rights,NNS,NN
2841,Laos_2003,0,97,5,and,and,CC,CC
2842,Laos_2003,0,97,6,freedoms,freedoms,NNS,NN
2843,Laos_2003,0,97,7,of,of,IN,IN
2844,Laos_2003,0,97,8,aliens,aliens,NNS,NN
2845,Laos_2003,0,97,9,and,and,CC,CC
2846,Laos_2003,0,97,10,apatrids,apatrids,NNS,NN
2847,Laos_2003,0,97,11,are,are,VBP,VB
2848,Laos_2003,0,97,12,protected,protected,VBN,VB
2849,Laos_2003,0,97,13,by,by,IN,IN
2850,Laos_2003,0,97,14,the,the,DT,DT
2851,Laos_2003,0,97,15,laws,laws,NNS,NN
2852,Laos_2003,0,97,16,of,of,IN,IN
2853,Laos_2003,0,97,17,the,the,DT,DT
2854,Laos_2003,0,97,18,Lao,lao,NNP,NN
2855,Laos_2003,0,97,19,People,people,NNP,NN
2856,Laos_2003,0,97,21,s,s,VBD,VB
2857,Laos_2003,0,97,22,Democratic,democratic,JJ,JJ
2858,Laos_2003,0,97,23,Republic,republic,NNP,NN
2859,Laos_2003,0,98,0,They,they,PRP,PR
2860,Laos_2003,0,98,1,have,have,VBP,VB
2861,Laos_2003,0,98,2,the,the,DT,DT
2862,Laos_2003,0,98,3,right,right,NN,NN
2863,Laos_2003,0,98,4,to,to,TO,TO
2864,Laos_2003,0,98,5,file,file,VB,VB
2865,Laos_2003,0,98,6,claims,claims,NNS,NN
2866,Laos_2003,0,98,7,in,in,IN,IN
2867,Laos_2003,0,98,8,the,the,DT,DT
2868,Laos_2003,0,98,9,courts,courts,NNS,NN
2869,Laos_2003,0,98,10,and,and,CC,CC
2870,Laos_2003,0,98,12,to,to,TO,TO
2871,Laos_2003,0,98,13,lodge,lodge,VB,VB
2872,Laos_2003,0,98,14,petitions,petitions,NNS,NN
2873,Laos_2003,0,98,15,with,with,IN,IN
2874,Laos_2003,0,98,17,other,other,JJ,JJ
2875,Laos_2003,0,98,18,concerned,concerned,JJ,JJ
2876,Laos_2003,0,98,19,organisations,organisations,NNS,NN
2877,Laos_2003,0,98,20,of,of,IN,IN
2878,Laos_2003,0,98,21,the,the,DT,DT
2879,Laos_2003,0,98,22,Lao,lao,NNP,NN
2880,Laos_2003,0,98,23,People,people,NNP,NN
2881,Laos_2003,0,98,25,s,s,VBD,VB
2882,Laos_2003,0,98,26,Democratic,democratic,NNP,NN
2883,Laos_2003,0,98,27,Republic,republic,NNP,NN
2884,Laos_2003,0,98,28,and,and,CC,CC
2885,Laos_2003,0,98,29,have,have,VBP,VB
2886,Laos_2003,0,98,30,the,the,DT,DT
2887,Laos_2003,0,98,31,obligation,obligation,NN,NN
2888,Laos_2003,0,98,32,to,to,TO,TO
2889,Laos_2003,0,98,33,respect,respect,VB,VB
2890,Laos_2003,0,98,34,the,the,DT,DT
2891,Laos_2003,0,98,35,Constitution,constitution,NNP,NN
2892,Laos_2003,0,98,36,and,and,CC,CC
2893,Laos_2003,0,98,37,laws,laws,NNS,NN
2894,Laos_2003,0,98,38,of,of,IN,IN
2895,Laos_2003,0,98,39,the,the,DT,DT
2896,Laos_2003,0,98,40,Lao,lao,NNP,NN
2897,Laos_2003,0,98,41,People,people,NNP,NN
2898,Laos_2003,0,98,43,s,s,VBD,VB
2899,Laos_2003,0,98,44,Democratic,democratic,JJ,JJ
2900,Laos_2003,0,98,45,Republic,republic,NNP,NN
2901,Laos_2003,0,99,0,Article,article,NN,NN
2902,Laos_2003,0,99,1,51,51,CD,CD
2903,Laos_2003,0,99,2,Share,share,NNP,NN
2904,Laos_2003,0,99,3,The,the,DT,DT
2905,Laos_2003,0,99,4,Lao,lao,NNP,NN
2906,Laos_2003,0,99,5,People,people,NNP,NN
2907,Laos_2003,0,99,7,s,s,VBD,VB
2908,Laos_2003,0,99,8,Democratic,democratic,NNP,NN
2909,Laos_2003,0,99,9,Republic,republic,NNP,NN
2910,Laos_2003,0,99,10,grants,grants,NNS,NN
2911,Laos_2003,0,99,11,asylum,asylum,NN,NN
2912,Laos_2003,0,99,12,to,to,TO,TO
2913,Laos_2003,0,99,13,foreigners,foreigners,NNS,NN
2914,Laos_2003,0,99,14,who,who,WP,WP
2915,Laos_2003,0,99,15,are,are,VBP,VB
2916,Laos_2003,0,99,16,persecuted,persecuted,VBN,VB
2917,Laos_2003,0,99,17,for,for,IN,IN
2918,Laos_2003,0,99,18,their,their,PRP$,PR
2919,Laos_2003,0,99,19,struggle,struggle,NN,NN
2920,Laos_2003,0,99,20,for,for,IN,IN
2921,Laos_2003,0,99,21,freedom,freedom,NN,NN
2922,Laos_2003,0,99,23,justice,justice,NN,NN
2923,Laos_2003,0,99,25,peace,peace,NN,NN
2924,Laos_2003,0,99,26,and,and,CC,CC
2925,Laos_2003,0,99,27,scientific,scientific,JJ,JJ
2926,Laos_2003,0,99,28,causes,causes,NNS,NN
2927,Laos_2003,0,100,0,Chapter,chapter,NN,NN
2928,Laos_2003,0,100,1,V.,v,NNP,NN
2929,Laos_2003,0,100,2,National,national,NNP,NN
2930,Laos_2003,0,100,3,Assembly,assembly,NNP,NN
2931,Laos_2003,0,100,4,Share,share,NNP,NN
2932,Laos_2003,0,100,5,Article,article,NNP,NN
2933,Laos_2003,0,100,6,52,52,CD,CD
2934,Laos_2003,0,100,7,Share,share,NNP,NN
2935,Laos_2003,0,100,9,New,new,NNP,NN
2936,Laos_2003,0,100,11,The,the,DT,DT
2937,Laos_2003,0,100,12,National,national,NNP,NN
2938,Laos_2003,0,100,13,Assembly,assembly,NNP,NN
2939,Laos_2003,0,100,14,is,is,VBZ,VB
2940,Laos_2003,0,100,15,the,the,DT,DT
2941,Laos_2003,0,100,16,representative,representative,NN,NN
2942,Laos_2003,0,100,17,of,of,IN,IN
2943,Laos_2003,0,100,18,the,the,DT,DT
2944,Laos_2003,0,100,19,rights,rights,NNS,NN
2945,Laos_2003,0,100,21,powers,powers,NNS,NN
2946,Laos_2003,0,100,22,and,and,CC,CC
2947,Laos_2003,0,100,23,interests,interests,NNS,NN
2948,Laos_2003,0,100,24,of,of,IN,IN
2949,Laos_2003,0,100,25,the,the,DT,DT
2950,Laos_2003,0,100,26,multi-ethnic,multiethnic,JJ,JJ
2951,Laos_2003,0,100,27,people,people,NNS,NN
2952,Laos_2003,0,101,0,The,the,DT,DT
2953,Laos_2003,0,101,1,National,national,NNP,NN
2954,Laos_2003,0,101,2,Assembly,assembly,NNP,NN
2955,Laos_2003,0,101,3,is,is,VBZ,VB
2956,Laos_2003,0,101,4,also,also,RB,RB
2957,Laos_2003,0,101,5,the,the,DT,DT
2958,Laos_2003,0,101,6,legislative,legislative,JJ,JJ
2959,Laos_2003,0,101,7,branch,branch,NN,NN
2960,Laos_2003,0,101,8,that,that,WDT,WD
2961,Laos_2003,0,101,9,has,has,VBZ,VB
2962,Laos_2003,0,101,10,the,the,DT,DT
2963,Laos_2003,0,101,11,right,right,NN,NN
2964,Laos_2003,0,101,12,to,to,TO,TO
2965,Laos_2003,0,101,13,make,make,VB,VB
2966,Laos_2003,0,101,14,decisions,decisions,NNS,NN
2967,Laos_2003,0,101,15,on,on,IN,IN
2968,Laos_2003,0,101,16,fundamental,fundamental,JJ,JJ
2969,Laos_2003,0,101,17,issues,issues,NNS,NN
2970,Laos_2003,0,101,18,of,of,IN,IN
2971,Laos_2003,0,101,19,the,the,DT,DT
2972,Laos_2003,0,101,20,country,country,NN,NN
2973,Laos_2003,0,101,23,and,and,CC,CC
2974,Laos_2003,0,101,25,to,to,TO,TO
2975,Laos_2003,0,101,26,oversee,oversee,VB,VB
2976,Laos_2003,0,101,27,the,the,DT,DT
2977,Laos_2003,0,101,28,activities,activities,NNS,NN
2978,Laos_2003,0,101,29,of,of,IN,IN
2979,Laos_2003,0,101,30,the,the,DT,DT
2980,Laos_2003,0,101,31,executive,executive,NN,NN
2981,Laos_2003,0,101,32,organs,organs,NNS,NN
2982,Laos_2003,0,101,34,the,the,DT,DT
2983,Laos_2003,0,101,35,people,people,NNS,NN
2984,Laos_2003,0,101,37,s,s,JJ,JJ
2985,Laos_2003,0,101,38,courts,courts,NNS,NN
2986,Laos_2003,0,101,39,and,and,CC,CC
2987,Laos_2003,0,101,40,the,the,DT,DT
2988,Laos_2003,0,101,41,Office,office,NNP,NN
2989,Laos_2003,0,101,42,of,of,IN,IN
2990,Laos_2003,0,101,43,the,the,DT,DT
2991,Laos_2003,0,101,44,Public,public,NNP,NN
2992,Laos_2003,0,101,45,Prosecutor,prosecutor,NNP,NN
2993,Laos_2003,0,102,0,Article,article,NN,NN
2994,Laos_2003,0,102,1,53,53,CD,CD
2995,Laos_2003,0,102,2,Share,share,NNP,NN
2996,Laos_2003,0,102,4,New,new,NNP,NN
2997,Laos_2003,0,102,6,The,the,DT,DT
2998,Laos_2003,0,102,7,National,national,NNP,NN
2999,Laos_2003,0,102,8,Assembly,assembly,NNP,NN
3000,Laos_2003,0,102,9,has,has,VBZ,VB
3001,Laos_2003,0,102,10,the,the,DT,DT
3002,Laos_2003,0,102,11,following,following,JJ,JJ
3003,Laos_2003,0,102,12,rights,rights,NNS,NN
3004,Laos_2003,0,102,13,and,and,CC,CC
3005,Laos_2003,0,102,14,duties,duties,NNS,NN
3006,Laos_2003,0,102,16,1.To,1to,CD,CD
3007,Laos_2003,0,102,17,prepare,prepare,NN,NN
3008,Laos_2003,0,102,19,adopt,adopt,VB,VB
3009,Laos_2003,0,102,20,or,or,CC,CC
3010,Laos_2003,0,102,21,amend,amend,VB,VB
3011,Laos_2003,0,102,22,the,the,DT,DT
3012,Laos_2003,0,102,23,Constitution,constitution,NNP,NN
3013,Laos_2003,0,102,25,2.To,2to,CD,CD
3014,Laos_2003,0,102,26,consider,consider,NN,NN
3015,Laos_2003,0,102,28,adopt,adopt,NN,NN
3016,Laos_2003,0,102,30,amend,amend,VBP,VB
3017,Laos_2003,0,102,31,or,or,CC,CC
3018,Laos_2003,0,102,32,abrogate,abrogate,VBP,VB
3019,Laos_2003,0,102,33,the,the,DT,DT
3020,Laos_2003,0,102,34,laws,laws,NNS,NN
3021,Laos_2003,0,102,36,3.To,3to,CD,CD
3022,Laos_2003,0,102,37,consider,consider,NN,NN
3023,Laos_2003,0,102,38,and,and,CC,CC
3024,Laos_2003,0,102,39,adopt,adopt,VB,VB
3025,Laos_2003,0,102,40,the,the,DT,DT
3026,Laos_2003,0,102,41,determination,determination,NN,NN
3027,Laos_2003,0,102,43,amendment,amendment,NN,NN
3028,Laos_2003,0,102,44,or,or,CC,CC
3029,Laos_2003,0,102,45,abrogation,abrogation,NN,NN
3030,Laos_2003,0,102,46,of,of,IN,IN
3031,Laos_2003,0,102,47,taxes,taxes,NNS,NN
3032,Laos_2003,0,102,48,and,and,CC,CC
3033,Laos_2003,0,102,49,duties,duties,NNS,NN
3034,Laos_2003,0,102,51,4.To,4to,CD,CD
3035,Laos_2003,0,102,52,consider,consider,NN,NN
3036,Laos_2003,0,102,53,and,and,CC,CC
3037,Laos_2003,0,102,54,adopt,adopt,VB,VB
3038,Laos_2003,0,102,55,strategic,strategic,JJ,JJ
3039,Laos_2003,0,102,56,plans,plans,NNS,NN
3040,Laos_2003,0,102,57,for,for,IN,IN
3041,Laos_2003,0,102,58,socio-economic,socioeconomic,JJ,JJ
3042,Laos_2003,0,102,59,development,development,NN,NN
3043,Laos_2003,0,102,60,and,and,CC,CC
3044,Laos_2003,0,102,61,the,the,DT,DT
3045,Laos_2003,0,102,62,State,state,NNP,NN
3046,Laos_2003,0,102,63,budget,budget,NN,NN
3047,Laos_2003,0,102,65,5.To,5to,CD,CD
3048,Laos_2003,0,102,66,elect,elect,NN,NN
3049,Laos_2003,0,102,67,or,or,CC,CC
3050,Laos_2003,0,102,68,remove,remove,VB,VB
3051,Laos_2003,0,102,69,the,the,DT,DT
3052,Laos_2003,0,102,70,President,president,NNP,NN
3053,Laos_2003,0,102,72,the,the,DT,DT
3054,Laos_2003,0,102,73,Vice-President,vicepresident,NNP,NN
3055,Laos_2003,0,102,74,and,and,CC,CC
3056,Laos_2003,0,102,75,members,members,NNS,NN
3057,Laos_2003,0,102,76,of,of,IN,IN
3058,Laos_2003,0,102,77,the,the,DT,DT
3059,Laos_2003,0,102,78,National,national,NNP,NN
3060,Laos_2003,0,102,79,Assembly,assembly,NNP,NN
3061,Laos_2003,0,102,80,Standing,standing,NNP,NN
3062,Laos_2003,0,102,81,Committee,committee,NNP,NN
3063,Laos_2003,0,102,83,6.To,6to,CD,CD
3064,Laos_2003,0,102,84,elect,elect,NN,NN
3065,Laos_2003,0,102,85,or,or,CC,CC
3066,Laos_2003,0,102,86,remove,remove,VB,VB
3067,Laos_2003,0,102,87,the,the,DT,DT
3068,Laos_2003,0,102,88,President,president,NNP,NN
3069,Laos_2003,0,102,89,and,and,CC,CC
3070,Laos_2003,0,102,90,Vice-President,vicepresident,NNP,NN
3071,Laos_2003,0,102,91,of,of,IN,IN
3072,Laos_2003,0,102,92,the,the,DT,DT
3073,Laos_2003,0,102,93,State,state,NNP,NN
3074,Laos_2003,0,102,94,based,based,VBN,VB
3075,Laos_2003,0,102,95,on,on,IN,IN
3076,Laos_2003,0,102,96,the,the,DT,DT
3077,Laos_2003,0,102,97,recommendation,recommendation,NN,NN
3078,Laos_2003,0,102,98,of,of,IN,IN
3079,Laos_2003,0,102,99,the,the,DT,DT
3080,Laos_2003,0,102,100,National,national,NNP,NN
3081,Laos_2003,0,102,101,Assembly,assembly,NNP,NN
3082,Laos_2003,0,102,102,Standing,standing,NNP,NN
3083,Laos_2003,0,102,103,Committee,committee,NNP,NN
3084,Laos_2003,0,102,105,7.To,7to,CD,CD
3085,Laos_2003,0,102,106,consider,consider,NN,NN
3086,Laos_2003,0,102,107,and,and,CC,CC
3087,Laos_2003,0,102,108,approve,approve,VB,VB
3088,Laos_2003,0,102,109,the,the,DT,DT
3089,Laos_2003,0,102,110,proposed,proposed,VBN,VB
3090,Laos_2003,0,102,111,appointment,appointment,NN,NN
3091,Laos_2003,0,102,112,or,or,CC,CC
3092,Laos_2003,0,102,113,removal,removal,NN,NN
3093,Laos_2003,0,102,114,of,of,IN,IN
3094,Laos_2003,0,102,115,the,the,DT,DT
3095,Laos_2003,0,102,116,Prime,prime,NNP,NN
3096,Laos_2003,0,102,117,Minister,minister,NNP,NN
3097,Laos_2003,0,102,118,based,based,VBN,VB
3098,Laos_2003,0,102,119,on,on,IN,IN
3099,Laos_2003,0,102,120,the,the,DT,DT
3100,Laos_2003,0,102,121,recommendation,recommendation,NN,NN
3101,Laos_2003,0,102,122,of,of,IN,IN
3102,Laos_2003,0,102,123,the,the,DT,DT
3103,Laos_2003,0,102,124,President,president,NNP,NN
3104,Laos_2003,0,102,125,of,of,IN,IN
3105,Laos_2003,0,102,126,the,the,DT,DT
3106,Laos_2003,0,102,127,State,state,NNP,NN
3107,Laos_2003,0,102,129,and,and,CC,CC
3108,Laos_2003,0,102,130,to,to,TO,TO
3109,Laos_2003,0,102,131,consider,consider,VB,VB
3110,Laos_2003,0,102,132,and,and,CC,CC
3111,Laos_2003,0,102,133,approve,approve,VB,VB
3112,Laos_2003,0,102,134,the,the,DT,DT
3113,Laos_2003,0,102,135,organisational,organisational,JJ,JJ
3114,Laos_2003,0,102,136,structure,structure,NN,NN
3115,Laos_2003,0,102,137,of,of,IN,IN
3116,Laos_2003,0,102,138,the,the,DT,DT
3117,Laos_2003,0,102,139,government,government,NN,NN
3118,Laos_2003,0,102,140,and,and,CC,CC
3119,Laos_2003,0,102,141,the,the,DT,DT
3120,Laos_2003,0,102,142,appointment,appointment,NN,NN
3121,Laos_2003,0,102,144,transfer,transfer,NN,NN
3122,Laos_2003,0,102,145,or,or,CC,CC
3123,Laos_2003,0,102,146,removal,removal,NN,NN
3124,Laos_2003,0,102,147,of,of,IN,IN
3125,Laos_2003,0,102,148,members,members,NNS,NN
3126,Laos_2003,0,102,149,of,of,IN,IN
3127,Laos_2003,0,102,150,the,the,DT,DT
3128,Laos_2003,0,102,151,government,government,NN,NN
3129,Laos_2003,0,102,152,based,based,VBN,VB
3130,Laos_2003,0,102,153,on,on,IN,IN
3131,Laos_2003,0,102,154,the,the,DT,DT
3132,Laos_2003,0,102,155,recommendation,recommendation,NN,NN
3133,Laos_2003,0,102,156,of,of,IN,IN
3134,Laos_2003,0,102,157,the,the,DT,DT
3135,Laos_2003,0,102,158,Prime,prime,NNP,NN
3136,Laos_2003,0,102,159,Minister,minister,NNP,NN
3137,Laos_2003,0,102,161,8.To,8to,CD,CD
3138,Laos_2003,0,102,162,elect,elect,NN,NN
3139,Laos_2003,0,102,163,or,or,CC,CC
3140,Laos_2003,0,102,164,remove,remove,VB,VB
3141,Laos_2003,0,102,165,the,the,DT,DT
3142,Laos_2003,0,102,166,President,president,NNP,NN
3143,Laos_2003,0,102,167,of,of,IN,IN
3144,Laos_2003,0,102,168,the,the,DT,DT
3145,Laos_2003,0,102,169,People,people,NNP,NN
3146,Laos_2003,0,102,171,s,s,JJ,JJ
3147,Laos_2003,0,102,172,Supreme,supreme,NNP,NN
3148,Laos_2003,0,102,173,Court,court,NNP,NN
3149,Laos_2003,0,102,174,and,and,CC,CC
3150,Laos_2003,0,102,175,the,the,DT,DT
3151,Laos_2003,0,102,176,Supreme,supreme,NNP,NN
3152,Laos_2003,0,102,177,Public,public,NNP,NN
3153,Laos_2003,0,102,178,Prosecutor,prosecutor,NNP,NN
3154,Laos_2003,0,102,179,based,based,VBN,VB
3155,Laos_2003,0,102,180,on,on,IN,IN
3156,Laos_2003,0,102,181,the,the,DT,DT
3157,Laos_2003,0,102,182,recommendation,recommendation,NN,NN
3158,Laos_2003,0,102,183,of,of,IN,IN
3159,Laos_2003,0,102,184,the,the,DT,DT
3160,Laos_2003,0,102,185,President,president,NNP,NN
3161,Laos_2003,0,102,186,of,of,IN,IN
3162,Laos_2003,0,102,187,the,the,DT,DT
3163,Laos_2003,0,102,188,State,state,NNP,NN
3164,Laos_2003,0,102,190,9.To,9to,CD,CD
3165,Laos_2003,0,102,191,decide,decide,NN,NN
3166,Laos_2003,0,102,192,on,on,IN,IN
3167,Laos_2003,0,102,193,the,the,DT,DT
3168,Laos_2003,0,102,194,establishment,establishment,NN,NN
3169,Laos_2003,0,102,195,or,or,CC,CC
3170,Laos_2003,0,102,196,dissolution,dissolution,NN,NN
3171,Laos_2003,0,102,197,of,of,IN,IN
3172,Laos_2003,0,102,198,the,the,DT,DT
3173,Laos_2003,0,102,199,ministries,ministries,NNS,NN
3174,Laos_2003,0,102,201,ministry-equivalent,ministryequivalent,JJ,JJ
3175,Laos_2003,0,102,202,organisations,organisations,NNS,NN
3176,Laos_2003,0,102,204,provincial,provincial,JJ,JJ
3177,Laos_2003,0,102,205,authorities,authorities,NNS,NN
3178,Laos_2003,0,102,206,and,and,CC,CC
3179,Laos_2003,0,102,207,city,city,NN,NN
3180,Laos_2003,0,102,208,authorities,authorities,NNS,NN
3181,Laos_2003,0,102,210,and,and,CC,CC
3182,Laos_2003,0,102,211,to,to,TO,TO
3183,Laos_2003,0,102,212,determine,determine,VB,VB
3184,Laos_2003,0,102,213,the,the,DT,DT
3185,Laos_2003,0,102,214,boundaries,boundaries,NNS,NN
3186,Laos_2003,0,102,215,of,of,IN,IN
3187,Laos_2003,0,102,216,provinces,provinces,NNS,NN
3188,Laos_2003,0,102,217,and,and,CC,CC
3189,Laos_2003,0,102,218,cities,cities,NNS,NN
3190,Laos_2003,0,102,219,based,based,VBN,VB
3191,Laos_2003,0,102,220,on,on,IN,IN
3192,Laos_2003,0,102,221,the,the,DT,DT
3193,Laos_2003,0,102,222,recommendation,recommendation,NN,NN
3194,Laos_2003,0,102,223,of,of,IN,IN
3195,Laos_2003,0,102,224,the,the,DT,DT
3196,Laos_2003,0,102,225,Prime,prime,NNP,NN
3197,Laos_2003,0,102,226,Minister,minister,NNP,NN
3198,Laos_2003,0,102,228,10.To,10to,CD,CD
3199,Laos_2003,0,102,229,decide,decide,NN,NN
3200,Laos_2003,0,102,230,on,on,IN,IN
3201,Laos_2003,0,102,231,granting,granting,VBG,VB
3202,Laos_2003,0,102,232,amnesties,amnesties,NNS,NN
3203,Laos_2003,0,102,234,11.To,11to,CD,CD
3204,Laos_2003,0,102,235,decide,decide,NN,NN
3205,Laos_2003,0,102,236,on,on,IN,IN
3206,Laos_2003,0,102,237,the,the,DT,DT
3207,Laos_2003,0,102,238,ratification,ratification,NN,NN
3208,Laos_2003,0,102,239,of,of,IN,IN
3209,Laos_2003,0,102,240,or,or,CC,CC
3210,Laos_2003,0,102,242,withdraw,withdraw,NN,NN
3211,Laos_2003,0,102,243,from,from,IN,IN
3212,Laos_2003,0,102,245,treaties,treaties,NNS,NN
3213,Laos_2003,0,102,246,and,and,CC,CC
3214,Laos_2003,0,102,247,agreements,agreements,NNS,NN
3215,Laos_2003,0,102,248,signed,signed,VBN,VB
3216,Laos_2003,0,102,249,with,with,IN,IN
3217,Laos_2003,0,102,250,foreign,foreign,JJ,JJ
3218,Laos_2003,0,102,251,countries,countries,NNS,NN
3219,Laos_2003,0,102,252,in,in,IN,IN
3220,Laos_2003,0,102,253,accordance,accordance,NN,NN
3221,Laos_2003,0,102,254,with,with,IN,IN
3222,Laos_2003,0,102,255,the,the,DT,DT
3223,Laos_2003,0,102,256,laws,laws,NNS,NN
3224,Laos_2003,0,102,258,12.To,12to,CD,CD
3225,Laos_2003,0,102,259,decide,decide,NN,NN
3226,Laos_2003,0,102,260,on,on,IN,IN
3227,Laos_2003,0,102,261,matters,matters,NNS,NN
3228,Laos_2003,0,102,262,of,of,IN,IN
3229,Laos_2003,0,102,263,war,war,NN,NN
3230,Laos_2003,0,102,264,or,or,CC,CC
3231,Laos_2003,0,102,265,peace,peace,NN,NN
3232,Laos_2003,0,102,267,13.To,13to,CD,CD
3233,Laos_2003,0,102,268,oversee,oversee,IN,IN
3234,Laos_2003,0,102,269,the,the,DT,DT
3235,Laos_2003,0,102,270,observance,observance,NN,NN
3236,Laos_2003,0,102,271,and,and,CC,CC
3237,Laos_2003,0,102,272,implementation,implementation,NN,NN
3238,Laos_2003,0,102,273,of,of,IN,IN
3239,Laos_2003,0,102,274,the,the,DT,DT
3240,Laos_2003,0,102,275,Constitution,constitution,NNP,NN
3241,Laos_2003,0,102,276,and,and,CC,CC
3242,Laos_2003,0,102,277,laws,laws,NNS,NN
3243,Laos_2003,0,102,280,and,and,CC,CC
3244,Laos_2003,0,102,282,14.To,14to,CD,CD
3245,Laos_2003,0,102,283,exercise,exercise,NN,NN
3246,Laos_2003,0,102,284,such,such,JJ,JJ
3247,Laos_2003,0,102,285,other,other,JJ,JJ
3248,Laos_2003,0,102,286,rights,rights,NNS,NN
3249,Laos_2003,0,102,287,and,and,CC,CC
3250,Laos_2003,0,102,288,perform,perform,VB,VB
3251,Laos_2003,0,102,289,such,such,JJ,JJ
3252,Laos_2003,0,102,290,other,other,JJ,JJ
3253,Laos_2003,0,102,291,duties,duties,NNS,NN
3254,Laos_2003,0,102,292,as,as,IN,IN
3255,Laos_2003,0,102,293,provided,provided,VBN,VB
3256,Laos_2003,0,102,294,by,by,IN,IN
3257,Laos_2003,0,102,295,the,the,DT,DT
3258,Laos_2003,0,102,296,laws,laws,NNS,NN
3259,Laos_2003,0,103,0,Article,article,NN,NN
3260,Laos_2003,0,103,1,54,54,CD,CD
3261,Laos_2003,0,103,2,Share,share,NNP,NN
3262,Laos_2003,0,103,4,New,new,NNP,NN
3263,Laos_2003,0,103,6,The,the,DT,DT
3264,Laos_2003,0,103,7,term,term,NN,NN
3265,Laos_2003,0,103,8,of,of,IN,IN
3266,Laos_2003,0,103,9,office,office,NN,NN
3267,Laos_2003,0,103,10,of,of,IN,IN
3268,Laos_2003,0,103,11,each,each,DT,DT
3269,Laos_2003,0,103,12,National,national,NNP,NN
3270,Laos_2003,0,103,13,Assembly,assembly,NNP,NN
3271,Laos_2003,0,103,14,legislature,legislature,NN,NN
3272,Laos_2003,0,103,15,is,is,VBZ,VB
3273,Laos_2003,0,103,16,five,five,CD,CD
3274,Laos_2003,0,103,17,years,years,NNS,NN
3275,Laos_2003,0,104,0,Members,members,NNS,NN
3276,Laos_2003,0,104,1,of,of,IN,IN
3277,Laos_2003,0,104,2,the,the,DT,DT
3278,Laos_2003,0,104,3,National,national,NNP,NN
3279,Laos_2003,0,104,4,Assembly,assembly,NNP,NN
3280,Laos_2003,0,104,5,are,are,VBP,VB
3281,Laos_2003,0,104,6,elected,elected,VBN,VB
3282,Laos_2003,0,104,7,by,by,IN,IN
3283,Laos_2003,0,104,8,the,the,DT,DT
3284,Laos_2003,0,104,9,Lao,lao,NNP,NN
3285,Laos_2003,0,104,10,citizens,citizens,NNS,NN
3286,Laos_2003,0,104,11,in,in,IN,IN
3287,Laos_2003,0,104,12,accordance,accordance,NN,NN
3288,Laos_2003,0,104,13,with,with,IN,IN
3289,Laos_2003,0,104,14,the,the,DT,DT
3290,Laos_2003,0,104,15,laws,laws,NNS,NN
3291,Laos_2003,0,105,0,The,the,DT,DT
3292,Laos_2003,0,105,1,election,election,NN,NN
3293,Laos_2003,0,105,2,of,of,IN,IN
3294,Laos_2003,0,105,3,a,a,DT,DT
3295,Laos_2003,0,105,4,new,new,JJ,JJ
3296,Laos_2003,0,105,5,National,national,NNP,NN
3297,Laos_2003,0,105,6,Assembly,assembly,NNP,NN
3298,Laos_2003,0,105,7,legislature,legislature,NN,NN
3299,Laos_2003,0,105,8,must,must,MD,MD
3300,Laos_2003,0,105,9,be,be,VB,VB
3301,Laos_2003,0,105,10,completed,completed,VBN,VB
3302,Laos_2003,0,105,11,no,no,DT,DT
3303,Laos_2003,0,105,12,later,later,RBR,RB
3304,Laos_2003,0,105,13,than,than,IN,IN
3305,Laos_2003,0,105,14,sixty,sixty,JJ,JJ
3306,Laos_2003,0,105,15,days,days,NNS,NN
3307,Laos_2003,0,105,16,prior,prior,RB,RB
3308,Laos_2003,0,105,17,to,to,TO,TO
3309,Laos_2003,0,105,18,the,the,DT,DT
3310,Laos_2003,0,105,19,expiration,expiration,NN,NN
3311,Laos_2003,0,105,20,of,of,IN,IN
3312,Laos_2003,0,105,21,the,the,DT,DT
3313,Laos_2003,0,105,22,term,term,NN,NN
3314,Laos_2003,0,105,23,of,of,IN,IN
3315,Laos_2003,0,105,24,office,office,NN,NN
3316,Laos_2003,0,105,25,of,of,IN,IN
3317,Laos_2003,0,105,26,the,the,DT,DT
3318,Laos_2003,0,105,27,incumbent,incumbent,JJ,JJ
3319,Laos_2003,0,105,28,National,national,NNP,NN
3320,Laos_2003,0,105,29,Assembly,assembly,NNP,NN
3321,Laos_2003,0,105,31,legislature,legislature,NN,NN
3322,Laos_2003,0,106,0,In,in,IN,IN
3323,Laos_2003,0,106,1,the,the,DT,DT
3324,Laos_2003,0,106,2,case,case,NN,NN
3325,Laos_2003,0,106,3,of,of,IN,IN
3326,Laos_2003,0,106,4,war,war,NN,NN
3327,Laos_2003,0,106,5,or,or,CC,CC
3328,Laos_2003,0,106,6,any,any,DT,DT
3329,Laos_2003,0,106,7,other,other,JJ,JJ
3330,Laos_2003,0,106,8,circumstance,circumstance,NN,NN
3331,Laos_2003,0,106,9,that,that,WDT,WD
3332,Laos_2003,0,106,10,obstructs,obstructs,VBZ,VB
3333,Laos_2003,0,106,11,the,the,DT,DT
3334,Laos_2003,0,106,12,election,election,NN,NN
3335,Laos_2003,0,106,14,an,an,DT,DT
3336,Laos_2003,0,106,16,incumbent,incumbent,NN,NN
3337,Laos_2003,0,106,18,National,national,NNP,NN
3338,Laos_2003,0,106,19,Assembly,assembly,NNP,NN
3339,Laos_2003,0,106,21,legislature,legislature,NN,NN
3340,Laos_2003,0,106,23,may,may,MD,MD
3341,Laos_2003,0,106,24,extend,extend,VB,VB
3342,Laos_2003,0,106,25,its,its,PRP$,PR
3343,Laos_2003,0,106,26,term,term,NN,NN
3344,Laos_2003,0,106,27,of,of,IN,IN
3345,Laos_2003,0,106,28,office,office,NN,NN
3346,Laos_2003,0,106,29,but,but,CC,CC
3347,Laos_2003,0,106,30,it,it,PRP,PR
3348,Laos_2003,0,106,31,must,must,MD,MD
3349,Laos_2003,0,106,32,carry,carry,VB,VB
3350,Laos_2003,0,106,33,out,out,RP,RP
3351,Laos_2003,0,106,34,the,the,DT,DT
3352,Laos_2003,0,106,35,election,election,NN,NN
3353,Laos_2003,0,106,36,of,of,IN,IN
3354,Laos_2003,0,106,37,the,the,DT,DT
3355,Laos_2003,0,106,38,new,new,JJ,JJ
3356,Laos_2003,0,106,39,National,national,NNP,NN
3357,Laos_2003,0,106,40,Assembly,assembly,NNP,NN
3358,Laos_2003,0,106,41,no,no,RB,RB
3359,Laos_2003,0,106,42,later,later,RB,RB
3360,Laos_2003,0,106,43,than,than,IN,IN
3361,Laos_2003,0,106,44,six,six,CD,CD
3362,Laos_2003,0,106,45,months,months,NNS,NN
3363,Laos_2003,0,106,46,after,after,IN,IN
3364,Laos_2003,0,106,47,the,the,DT,DT
3365,Laos_2003,0,106,48,situation,situation,NN,NN
3366,Laos_2003,0,106,49,returns,returns,VBZ,VB
3367,Laos_2003,0,106,50,to,to,TO,TO
3368,Laos_2003,0,106,51,normal,normal,JJ,JJ
3369,Laos_2003,0,107,0,If,if,IN,IN
3370,Laos_2003,0,107,1,deemed,deemed,VBN,VB
3371,Laos_2003,0,107,2,necessary,necessary,JJ,JJ
3372,Laos_2003,0,107,3,by,by,IN,IN
3373,Laos_2003,0,107,4,the,the,DT,DT
3374,Laos_2003,0,107,5,vote,vote,NN,NN
3375,Laos_2003,0,107,6,of,of,IN,IN
3376,Laos_2003,0,107,7,at,at,IN,IN
3377,Laos_2003,0,107,8,least,least,JJS,JJ
3378,Laos_2003,0,107,9,two-thirds,twothirds,NNS,NN
3379,Laos_2003,0,107,10,of,of,IN,IN
3380,Laos_2003,0,107,11,all,all,DT,DT
3381,Laos_2003,0,107,12,members,members,NNS,NN
3382,Laos_2003,0,107,13,of,of,IN,IN
3383,Laos_2003,0,107,14,the,the,DT,DT
3384,Laos_2003,0,107,15,National,national,NNP,NN
3385,Laos_2003,0,107,16,Assembly,assembly,NNP,NN
3386,Laos_2003,0,107,17,attending,attending,VBG,VB
3387,Laos_2003,0,107,18,the,the,DT,DT
3388,Laos_2003,0,107,19,session,session,NN,NN
3389,Laos_2003,0,107,21,such,such,JJ,JJ
3390,Laos_2003,0,107,23,incumbent,incumbent,NN,NN
3391,Laos_2003,0,107,25,National,national,NNP,NN
3392,Laos_2003,0,107,26,Assembly,assembly,NNP,NN
3393,Laos_2003,0,107,28,legislature,legislature,NN,NN
3394,Laos_2003,0,107,30,may,may,MD,MD
3395,Laos_2003,0,107,31,carry,carry,VB,VB
3396,Laos_2003,0,107,32,out,out,RP,RP
3397,Laos_2003,0,107,33,the,the,DT,DT
3398,Laos_2003,0,107,34,election,election,NN,NN
3399,Laos_2003,0,107,35,of,of,IN,IN
3400,Laos_2003,0,107,37,new,new,JJ,JJ
3401,Laos_2003,0,107,39,members,members,NNS,NN
3402,Laos_2003,0,107,40,prior,prior,RB,RB
3403,Laos_2003,0,107,41,to,to,TO,TO
3404,Laos_2003,0,107,42,the,the,DT,DT
3405,Laos_2003,0,107,43,expiration,expiration,NN,NN
3406,Laos_2003,0,107,44,of,of,IN,IN
3407,Laos_2003,0,107,45,its,its,PRP$,PR
3408,Laos_2003,0,107,46,term,term,NN,NN
3409,Laos_2003,0,108,0,Article,article,NN,NN
3410,Laos_2003,0,108,1,55,55,CD,CD
3411,Laos_2003,0,108,2,Share,share,NNP,NN
3412,Laos_2003,0,108,3,The,the,DT,DT
3413,Laos_2003,0,108,4,National,national,NNP,NN
3414,Laos_2003,0,108,5,Assembly,assembly,NNP,NN
3415,Laos_2003,0,108,6,elects,elects,VBZ,VB
3416,Laos_2003,0,108,7,its,its,PRP$,PR
3417,Laos_2003,0,108,8,own,own,JJ,JJ
3418,Laos_2003,0,108,9,Standing,standing,NNP,NN
3419,Laos_2003,0,108,10,Committee,committee,NNP,NN
3420,Laos_2003,0,108,11,which,which,WDT,WD
3421,Laos_2003,0,108,12,consists,consists,VBZ,VB
3422,Laos_2003,0,108,13,of,of,IN,IN
3423,Laos_2003,0,108,14,the,the,DT,DT
3424,Laos_2003,0,108,15,President,president,NNP,NN
3425,Laos_2003,0,108,17,the,the,DT,DT
3426,Laos_2003,0,108,18,Vice-President,vicepresident,NNP,NN
3427,Laos_2003,0,108,19,and,and,CC,CC
3428,Laos_2003,0,108,20,a,a,DT,DT
3429,Laos_2003,0,108,21,number,number,NN,NN
3430,Laos_2003,0,108,22,of,of,IN,IN
3431,Laos_2003,0,108,23,members,members,NNS,NN
3432,Laos_2003,0,109,0,The,the,DT,DT
3433,Laos_2003,0,109,1,President,president,NNP,NN
3434,Laos_2003,0,109,2,and,and,CC,CC
3435,Laos_2003,0,109,3,Vice-President,vicepresident,NNP,NN
3436,Laos_2003,0,109,4,of,of,IN,IN
3437,Laos_2003,0,109,5,the,the,DT,DT
3438,Laos_2003,0,109,6,National,national,NNP,NN
3439,Laos_2003,0,109,7,Assembly,assembly,NNP,NN
3440,Laos_2003,0,109,8,are,are,VBP,VB
3441,Laos_2003,0,109,9,also,also,RB,RB
3442,Laos_2003,0,109,10,the,the,DT,DT
3443,Laos_2003,0,109,11,President,president,NNP,NN
3444,Laos_2003,0,109,12,and,and,CC,CC
3445,Laos_2003,0,109,13,Vice-President,vicepresident,NNP,NN
3446,Laos_2003,0,109,14,of,of,IN,IN
3447,Laos_2003,0,109,15,the,the,DT,DT
3448,Laos_2003,0,109,16,National,national,NNP,NN
3449,Laos_2003,0,109,17,Assembly,assembly,NNP,NN
3450,Laos_2003,0,109,18,Standing,standing,NNP,NN
3451,Laos_2003,0,109,19,Committee,committee,NNP,NN
3452,Laos_2003,0,110,0,Article,article,NN,NN
3453,Laos_2003,0,110,1,56,56,CD,CD
3454,Laos_2003,0,110,2,Share,share,NNP,NN
3455,Laos_2003,0,110,4,New,new,NNP,NN
3456,Laos_2003,0,110,6,The,the,DT,DT
3457,Laos_2003,0,110,7,National,national,NNP,NN
3458,Laos_2003,0,110,8,Assembly,assembly,NNP,NN
3459,Laos_2003,0,110,9,Standing,standing,NNP,NN
3460,Laos_2003,0,110,10,Committee,committee,NNP,NN
3461,Laos_2003,0,110,11,is,is,VBZ,VB
3462,Laos_2003,0,110,12,the,the,DT,DT
3463,Laos_2003,0,110,13,permanent,permanent,JJ,JJ
3464,Laos_2003,0,110,14,body,body,NN,NN
3465,Laos_2003,0,110,15,of,of,IN,IN
3466,Laos_2003,0,110,16,the,the,DT,DT
3467,Laos_2003,0,110,17,National,national,NNP,NN
3468,Laos_2003,0,110,18,Assembly,assembly,NNP,NN
3469,Laos_2003,0,110,20,and,and,CC,CC
3470,Laos_2003,0,110,21,is,is,VBZ,VB
3471,Laos_2003,0,110,22,to,to,TO,TO
3472,Laos_2003,0,110,23,carry,carry,VB,VB
3473,Laos_2003,0,110,24,out,out,RP,RP
3474,Laos_2003,0,110,25,duties,duties,NNS,NN
3475,Laos_2003,0,110,26,on,on,IN,IN
3476,Laos_2003,0,110,27,behalf,behalf,NN,NN
3477,Laos_2003,0,110,28,of,of,IN,IN
3478,Laos_2003,0,110,29,the,the,DT,DT
3479,Laos_2003,0,110,30,National,national,NNP,NN
3480,Laos_2003,0,110,31,Assembly,assembly,NNP,NN
3481,Laos_2003,0,110,32,during,during,IN,IN
3482,Laos_2003,0,110,33,the,the,DT,DT
3483,Laos_2003,0,110,34,recess,recess,NN,NN
3484,Laos_2003,0,110,35,of,of,IN,IN
3485,Laos_2003,0,110,36,the,the,DT,DT
3486,Laos_2003,0,110,37,National,national,NNP,NN
3487,Laos_2003,0,110,38,Assembly,assembly,NNP,NN
3488,Laos_2003,0,111,0,The,the,DT,DT
3489,Laos_2003,0,111,1,National,national,NNP,NN
3490,Laos_2003,0,111,2,Assembly,assembly,NNP,NN
3491,Laos_2003,0,111,3,Standing,standing,NNP,NN
3492,Laos_2003,0,111,4,Committee,committee,NNP,NN
3493,Laos_2003,0,111,5,has,has,VBZ,VB
3494,Laos_2003,0,111,6,the,the,DT,DT
3495,Laos_2003,0,111,7,following,following,JJ,JJ
3496,Laos_2003,0,111,8,rights,rights,NNS,NN
3497,Laos_2003,0,111,9,and,and,CC,CC
3498,Laos_2003,0,111,10,duties,duties,NNS,NN
3499,Laos_2003,0,111,12,1.To,1to,CD,CD
3500,Laos_2003,0,111,13,prepare,prepare,NN,NN
3501,Laos_2003,0,111,14,for,for,IN,IN
3502,Laos_2003,0,111,15,the,the,DT,DT
3503,Laos_2003,0,111,16,National,national,NNP,NN
3504,Laos_2003,0,111,17,Assembly,assembly,NNP,NN
3505,Laos_2003,0,111,18,sessions,sessions,NNS,NN
3506,Laos_2003,0,111,19,and,and,CC,CC
3507,Laos_2003,0,111,20,to,to,TO,TO
3508,Laos_2003,0,111,21,ensure,ensure,VB,VB
3509,Laos_2003,0,111,22,that,that,IN,IN
3510,Laos_2003,0,111,23,the,the,DT,DT
3511,Laos_2003,0,111,24,National,national,NNP,NN
3512,Laos_2003,0,111,25,Assembly,assembly,NNP,NN
3513,Laos_2003,0,111,26,implements,implements,VBZ,VB
3514,Laos_2003,0,111,27,its,its,PRP$,PR
3515,Laos_2003,0,111,28,work,work,NN,NN
3516,Laos_2003,0,111,29,plan,plan,NN,NN
3517,Laos_2003,0,111,31,2.To,2to,CD,CD
3518,Laos_2003,0,111,32,interpret,interpret,NN,NN
3519,Laos_2003,0,111,33,and,and,CC,CC
3520,Laos_2003,0,111,34,explain,explain,VB,VB
3521,Laos_2003,0,111,35,the,the,DT,DT
3522,Laos_2003,0,111,36,provisions,provisions,NNS,NN
3523,Laos_2003,0,111,37,of,of,IN,IN
3524,Laos_2003,0,111,38,the,the,DT,DT
3525,Laos_2003,0,111,39,Constitution,constitution,NNP,NN
3526,Laos_2003,0,111,40,and,and,CC,CC
3527,Laos_2003,0,111,41,the,the,DT,DT
3528,Laos_2003,0,111,42,laws,laws,NNS,NN
3529,Laos_2003,0,111,44,3.To,3to,CD,CD
3530,Laos_2003,0,111,45,oversee,oversee,IN,IN
3531,Laos_2003,0,111,46,the,the,DT,DT
3532,Laos_2003,0,111,47,activities,activities,NNS,NN
3533,Laos_2003,0,111,48,of,of,IN,IN
3534,Laos_2003,0,111,49,the,the,DT,DT
3535,Laos_2003,0,111,50,executive,executive,NN,NN
3536,Laos_2003,0,111,51,organs,organs,NNS,NN
3537,Laos_2003,0,111,53,the,the,DT,DT
3538,Laos_2003,0,111,54,people,people,NNS,NN
3539,Laos_2003,0,111,56,s,s,JJ,JJ
3540,Laos_2003,0,111,57,courts,courts,NNS,NN
3541,Laos_2003,0,111,58,and,and,CC,CC
3542,Laos_2003,0,111,59,the,the,DT,DT
3543,Laos_2003,0,111,61,Office,office,NNP,NN
3544,Laos_2003,0,111,62,of,of,IN,IN
3545,Laos_2003,0,111,63,the,the,DT,DT
3546,Laos_2003,0,111,65,Public,public,NNP,NN
3547,Laos_2003,0,111,66,Prosecutor,prosecutor,NNP,NN
3548,Laos_2003,0,111,67,during,during,IN,IN
3549,Laos_2003,0,111,68,the,the,DT,DT
3550,Laos_2003,0,111,69,recess,recess,NN,NN
3551,Laos_2003,0,111,70,of,of,IN,IN
3552,Laos_2003,0,111,71,the,the,DT,DT
3553,Laos_2003,0,111,72,National,national,NNP,NN
3554,Laos_2003,0,111,73,Assembly,assembly,NNP,NN
3555,Laos_2003,0,111,75,4.To,4to,CD,CD
3556,Laos_2003,0,111,76,appoint,appoint,NN,NN
3557,Laos_2003,0,111,78,transfer,transfer,NN,NN
3558,Laos_2003,0,111,79,or,or,CC,CC
3559,Laos_2003,0,111,80,remove,remove,VB,VB
3560,Laos_2003,0,111,81,judges,judges,NNS,NN
3561,Laos_2003,0,111,82,of,of,IN,IN
3562,Laos_2003,0,111,83,the,the,DT,DT
3563,Laos_2003,0,111,84,people,people,NNS,NN
3564,Laos_2003,0,111,86,s,s,JJ,JJ
3565,Laos_2003,0,111,87,courts,courts,NNS,NN
3566,Laos_2003,0,111,88,at,at,IN,IN
3567,Laos_2003,0,111,89,all,all,DT,DT
3568,Laos_2003,0,111,90,levels,levels,NNS,NN
3569,Laos_2003,0,111,91,and,and,CC,CC
3570,Laos_2003,0,111,92,of,of,IN,IN
3571,Laos_2003,0,111,93,the,the,DT,DT
3572,Laos_2003,0,111,94,military,military,JJ,JJ
3573,Laos_2003,0,111,95,courts,courts,NNS,NN
3574,Laos_2003,0,111,97,5.To,5to,CD,CD
3575,Laos_2003,0,111,98,summon,summon,VBD,VB
3576,Laos_2003,0,111,99,the,the,DT,DT
3577,Laos_2003,0,111,100,National,national,NNP,NN
3578,Laos_2003,0,111,101,Assembly,assembly,NNP,NN
3579,Laos_2003,0,111,102,into,into,IN,IN
3580,Laos_2003,0,111,103,session,session,NN,NN
3581,Laos_2003,0,111,106,and,and,CC,CC
3582,Laos_2003,0,111,108,6.To,6to,CD,CD
3583,Laos_2003,0,111,109,exercise,exercise,NN,NN
3584,Laos_2003,0,111,110,such,such,JJ,JJ
3585,Laos_2003,0,111,111,other,other,JJ,JJ
3586,Laos_2003,0,111,112,rights,rights,NNS,NN
3587,Laos_2003,0,111,113,and,and,CC,CC
3588,Laos_2003,0,111,114,perform,perform,VB,VB
3589,Laos_2003,0,111,115,such,such,JJ,JJ
3590,Laos_2003,0,111,116,other,other,JJ,JJ
3591,Laos_2003,0,111,117,duties,duties,NNS,NN
3592,Laos_2003,0,111,118,as,as,IN,IN
3593,Laos_2003,0,111,119,provided,provided,VBN,VB
3594,Laos_2003,0,111,120,by,by,IN,IN
3595,Laos_2003,0,111,121,the,the,DT,DT
3596,Laos_2003,0,111,122,laws,laws,NNS,NN
3597,Laos_2003,0,112,0,Article,article,NN,NN
3598,Laos_2003,0,112,1,57,57,CD,CD
3599,Laos_2003,0,112,2,Share,share,NNP,NN
3600,Laos_2003,0,112,3,The,the,DT,DT
3601,Laos_2003,0,112,4,National,national,NNP,NN
3602,Laos_2003,0,112,5,Assembly,assembly,NNP,NN
3603,Laos_2003,0,112,6,convenes,convenes,VBZ,VB
3604,Laos_2003,0,112,7,its,its,PRP$,PR
3605,Laos_2003,0,112,8,ordinary,ordinary,JJ,JJ
3606,Laos_2003,0,112,9,session,session,NN,NN
3607,Laos_2003,0,112,10,twice,twice,RB,RB
3608,Laos_2003,0,112,11,a,a,DT,DT
3609,Laos_2003,0,112,12,year,year,NN,NN
3610,Laos_2003,0,112,13,at,at,IN,IN
3611,Laos_2003,0,112,14,the,the,DT,DT
3612,Laos_2003,0,112,15,summons,summons,NNS,NN
3613,Laos_2003,0,112,16,of,of,IN,IN
3614,Laos_2003,0,112,17,the,the,DT,DT
3615,Laos_2003,0,112,18,National,national,NNP,NN
3616,Laos_2003,0,112,19,Assembly,assembly,NNP,NN
3617,Laos_2003,0,112,20,Standing,standing,NNP,NN
3618,Laos_2003,0,112,21,Committee,committee,NNP,NN
3619,Laos_2003,0,113,0,The,the,DT,DT
3620,Laos_2003,0,113,1,National,national,NNP,NN
3621,Laos_2003,0,113,2,Assembly,assembly,NNP,NN
3622,Laos_2003,0,113,3,Standing,standing,NNP,NN
3623,Laos_2003,0,113,4,Committee,committee,NNP,NN
3624,Laos_2003,0,113,5,may,may,MD,MD
3625,Laos_2003,0,113,6,convene,convene,VB,VB
3626,Laos_2003,0,113,7,an,an,DT,DT
3627,Laos_2003,0,113,8,extraordinary,extraordinary,JJ,JJ
3628,Laos_2003,0,113,9,session,session,NN,NN
3629,Laos_2003,0,113,10,of,of,IN,IN
3630,Laos_2003,0,113,11,the,the,DT,DT
3631,Laos_2003,0,113,12,National,national,NNP,NN
3632,Laos_2003,0,113,13,Assembly,assembly,NNP,NN
3633,Laos_2003,0,113,14,if,if,IN,IN
3634,Laos_2003,0,113,15,it,it,PRP,PR
3635,Laos_2003,0,113,16,deems,deems,VBZ,VB
3636,Laos_2003,0,113,17,it,it,PRP,PR
3637,Laos_2003,0,113,18,necessary,necessary,JJ,JJ
3638,Laos_2003,0,114,0,Article,article,NN,NN
3639,Laos_2003,0,114,1,58,58,CD,CD
3640,Laos_2003,0,114,2,Share,share,NNP,NN
3641,Laos_2003,0,114,3,National,national,NNP,NN
3642,Laos_2003,0,114,4,Assembly,assembly,NNP,NN
3643,Laos_2003,0,114,5,sessions,sessions,NNS,NN
3644,Laos_2003,0,114,6,shall,shall,MD,MD
3645,Laos_2003,0,114,7,be,be,VB,VB
3646,Laos_2003,0,114,8,convened,convened,VBN,VB
3647,Laos_2003,0,114,9,only,only,RB,RB
3648,Laos_2003,0,114,10,with,with,IN,IN
3649,Laos_2003,0,114,11,the,the,DT,DT
3650,Laos_2003,0,114,12,presence,presence,NN,NN
3651,Laos_2003,0,114,13,of,of,IN,IN
3652,Laos_2003,0,114,14,more,more,JJR,JJ
3653,Laos_2003,0,114,15,than,than,IN,IN
3654,Laos_2003,0,114,16,one-half,onehalf,NN,NN
3655,Laos_2003,0,114,17,of,of,IN,IN
3656,Laos_2003,0,114,18,the,the,DT,DT
3657,Laos_2003,0,114,19,total,total,JJ,JJ
3658,Laos_2003,0,114,20,number,number,NN,NN
3659,Laos_2003,0,114,21,of,of,IN,IN
3660,Laos_2003,0,114,22,the,the,DT,DT
3661,Laos_2003,0,114,23,National,national,NNP,NN
3662,Laos_2003,0,114,24,Assembly,assembly,NNP,NN
3663,Laos_2003,0,114,25,members,members,NNS,NN
3664,Laos_2003,0,115,0,Resolutions,resolutions,NNS,NN
3665,Laos_2003,0,115,1,of,of,IN,IN
3666,Laos_2003,0,115,2,the,the,DT,DT
3667,Laos_2003,0,115,3,National,national,NNP,NN
3668,Laos_2003,0,115,4,Assembly,assembly,NNP,NN
3669,Laos_2003,0,115,5,shall,shall,MD,MD
3670,Laos_2003,0,115,6,be,be,VB,VB
3671,Laos_2003,0,115,7,valid,valid,JJ,JJ
3672,Laos_2003,0,115,8,only,only,RB,RB
3673,Laos_2003,0,115,9,when,when,WRB,WR
3674,Laos_2003,0,115,10,they,they,PRP,PR
3675,Laos_2003,0,115,11,are,are,VBP,VB
3676,Laos_2003,0,115,12,voted,voted,VBN,VB
3677,Laos_2003,0,115,13,for,for,IN,IN
3678,Laos_2003,0,115,14,by,by,IN,IN
3679,Laos_2003,0,115,15,more,more,JJR,JJ
3680,Laos_2003,0,115,16,than,than,IN,IN
3681,Laos_2003,0,115,17,one-half,onehalf,NN,NN
3682,Laos_2003,0,115,18,of,of,IN,IN
3683,Laos_2003,0,115,19,the,the,DT,DT
3684,Laos_2003,0,115,20,number,number,NN,NN
3685,Laos_2003,0,115,21,of,of,IN,IN
3686,Laos_2003,0,115,22,the,the,DT,DT
3687,Laos_2003,0,115,23,National,national,NNP,NN
3688,Laos_2003,0,115,24,Assembly,assembly,NNP,NN
3689,Laos_2003,0,115,25,members,members,NNS,NN
3690,Laos_2003,0,115,26,present,present,VBP,VB
3691,Laos_2003,0,115,27,at,at,IN,IN
3692,Laos_2003,0,115,28,the,the,DT,DT
3693,Laos_2003,0,115,29,session,session,NN,NN
3694,Laos_2003,0,115,31,except,except,IN,IN
3695,Laos_2003,0,115,32,as,as,IN,IN
3696,Laos_2003,0,115,33,otherwise,otherwise,RB,RB
3697,Laos_2003,0,115,34,provided,provided,VBN,VB
3698,Laos_2003,0,115,35,in,in,IN,IN
3699,Laos_2003,0,115,36,Articles,articles,NNP,NN
3700,Laos_2003,0,115,37,54,54,CD,CD
3701,Laos_2003,0,115,39,66,66,CD,CD
3702,Laos_2003,0,115,40,and,and,CC,CC
3703,Laos_2003,0,115,41,97,97,CD,CD
3704,Laos_2003,0,115,42,of,of,IN,IN
3705,Laos_2003,0,115,43,this,this,DT,DT
3706,Laos_2003,0,115,44,Constitution,constitution,NNP,NN
3707,Laos_2003,0,116,0,Article,article,NN,NN
3708,Laos_2003,0,116,1,59,59,CD,CD
3709,Laos_2003,0,116,2,Share,share,NNP,NN
3710,Laos_2003,0,116,4,New,new,NNP,NN
3711,Laos_2003,0,116,6,The,the,DT,DT
3712,Laos_2003,0,116,7,organisations,organisations,NNS,NN
3713,Laos_2003,0,116,8,and,and,CC,CC
3714,Laos_2003,0,116,9,persons,persons,NNS,NN
3715,Laos_2003,0,116,10,that,that,WDT,WD
3716,Laos_2003,0,116,11,have,have,VBP,VB
3717,Laos_2003,0,116,12,the,the,DT,DT
3718,Laos_2003,0,116,13,right,right,NN,NN
3719,Laos_2003,0,116,14,to,to,TO,TO
3720,Laos_2003,0,116,15,propose,propose,VB,VB
3721,Laos_2003,0,116,16,draft,draft,NN,NN
3722,Laos_2003,0,116,17,laws,laws,NNS,NN
3723,Laos_2003,0,116,18,are,are,VBP,VB
3724,Laos_2003,0,116,19,as,as,IN,IN
3725,Laos_2003,0,116,20,follows,follows,VBZ,VB
3726,Laos_2003,0,116,22,1.The,1the,CD,CD
3727,Laos_2003,0,116,23,President,president,NNP,NN
3728,Laos_2003,0,116,24,of,of,IN,IN
3729,Laos_2003,0,116,25,the,the,DT,DT
3730,Laos_2003,0,116,26,State,state,NNP,NN
3731,Laos_2003,0,116,28,2.The,2the,CD,CD
3732,Laos_2003,0,116,29,National,national,NNP,NN
3733,Laos_2003,0,116,30,Assembly,assembly,NNP,NN
3734,Laos_2003,0,116,31,Standing,standing,NNP,NN
3735,Laos_2003,0,116,32,Committee,committee,NNP,NN
3736,Laos_2003,0,116,34,3.The,3the,CD,CD
3737,Laos_2003,0,116,35,Government,government,NNP,NN
3738,Laos_2003,0,116,37,4.The,4the,CD,CD
3739,Laos_2003,0,116,38,People,people,NNS,NN
3740,Laos_2003,0,116,40,s,s,JJ,JJ
3741,Laos_2003,0,116,41,Supreme,supreme,NNP,NN
3742,Laos_2003,0,116,42,Court,court,NNP,NN
3743,Laos_2003,0,116,44,5.The,5the,CD,CD
3744,Laos_2003,0,116,45,Office,office,NNP,NN
3745,Laos_2003,0,116,46,of,of,IN,IN
3746,Laos_2003,0,116,47,the,the,DT,DT
3747,Laos_2003,0,116,48,Supreme,supreme,NNP,NN
3748,Laos_2003,0,116,49,Public,public,NNP,NN
3749,Laos_2003,0,116,50,Prosecutor,prosecutor,NNP,NN
3750,Laos_2003,0,116,53,and,and,CC,CC
3751,Laos_2003,0,116,55,6.The,6the,CD,CD
3752,Laos_2003,0,116,56,Lao,lao,NNP,NN
3753,Laos_2003,0,116,57,Front,front,NNP,NN
3754,Laos_2003,0,116,58,for,for,IN,IN
3755,Laos_2003,0,116,59,National,national,NNP,NN
3756,Laos_2003,0,116,60,Construction,construction,NNP,NN
3757,Laos_2003,0,116,61,and,and,CC,CC
3758,Laos_2003,0,116,62,the,the,DT,DT
3759,Laos_2003,0,116,63,mass,mass,NN,NN
3760,Laos_2003,0,116,64,organisations,organisations,NNS,NN
3761,Laos_2003,0,116,65,at,at,IN,IN
3762,Laos_2003,0,116,66,the,the,DT,DT
3763,Laos_2003,0,116,67,central,central,JJ,JJ
3764,Laos_2003,0,116,68,level,level,NN,NN
3765,Laos_2003,0,117,0,Article,article,NN,NN
3766,Laos_2003,0,117,1,60,60,CD,CD
3767,Laos_2003,0,117,2,Share,share,NNP,NN
3768,Laos_2003,0,117,3,Laws,laws,NNP,NN
3769,Laos_2003,0,117,4,already,already,RB,RB
3770,Laos_2003,0,117,5,adopted,adopted,VBN,VB
3771,Laos_2003,0,117,6,by,by,IN,IN
3772,Laos_2003,0,117,7,the,the,DT,DT
3773,Laos_2003,0,117,8,National,national,NNP,NN
3774,Laos_2003,0,117,9,Assembly,assembly,NNP,NN
3775,Laos_2003,0,117,10,must,must,MD,MD
3776,Laos_2003,0,117,11,be,be,VB,VB
3777,Laos_2003,0,117,12,promulgated,promulgated,VBN,VB
3778,Laos_2003,0,117,13,by,by,IN,IN
3779,Laos_2003,0,117,14,the,the,DT,DT
3780,Laos_2003,0,117,15,President,president,NNP,NN
3781,Laos_2003,0,117,16,of,of,IN,IN
3782,Laos_2003,0,117,17,the,the,DT,DT
3783,Laos_2003,0,117,18,State,state,NNP,NN
3784,Laos_2003,0,117,19,no,no,NN,NN
3785,Laos_2003,0,117,20,later,later,RB,RB
3786,Laos_2003,0,117,21,than,than,IN,IN
3787,Laos_2003,0,117,22,thirty,thirty,NN,NN
3788,Laos_2003,0,117,23,days,days,NNS,NN
3789,Laos_2003,0,117,24,after,after,IN,IN
3790,Laos_2003,0,117,25,their,their,PRP$,PR
3791,Laos_2003,0,117,26,adoption,adoption,NN,NN
3792,Laos_2003,0,118,0,During,during,IN,IN
3793,Laos_2003,0,118,1,this,this,DT,DT
3794,Laos_2003,0,118,2,period,period,NN,NN
3795,Laos_2003,0,118,4,the,the,DT,DT
3796,Laos_2003,0,118,5,President,president,NNP,NN
3797,Laos_2003,0,118,6,of,of,IN,IN
3798,Laos_2003,0,118,7,the,the,DT,DT
3799,Laos_2003,0,118,8,State,state,NNP,NN
3800,Laos_2003,0,118,9,has,has,VBZ,VB
3801,Laos_2003,0,118,10,the,the,DT,DT
3802,Laos_2003,0,118,11,right,right,NN,NN
3803,Laos_2003,0,118,12,to,to,TO,TO
3804,Laos_2003,0,118,13,request,request,VB,VB
3805,Laos_2003,0,118,14,the,the,DT,DT
3806,Laos_2003,0,118,15,National,national,NNP,NN
3807,Laos_2003,0,118,16,Assembly,assembly,NNP,NN
3808,Laos_2003,0,118,17,to,to,TO,TO
3809,Laos_2003,0,118,18,reconsider,reconsider,VB,VB
3810,Laos_2003,0,118,20,such,such,JJ,JJ
3811,Laos_2003,0,118,21,laws,laws,NNS,NN
3812,Laos_2003,0,119,0,If,if,IN,IN
3813,Laos_2003,0,119,1,the,the,DT,DT
3814,Laos_2003,0,119,2,National,national,NNP,NN
3815,Laos_2003,0,119,3,Assembly,assembly,NNP,NN
3816,Laos_2003,0,119,4,affirms,affirms,VBZ,VB
3817,Laos_2003,0,119,5,its,its,PRP$,PR
3818,Laos_2003,0,119,6,previous,previous,JJ,JJ
3819,Laos_2003,0,119,7,decision,decision,NN,NN
3820,Laos_2003,0,119,8,after,after,IN,IN
3821,Laos_2003,0,119,9,reconsidering,reconsidering,VBG,VB
3822,Laos_2003,0,119,10,such,such,JJ,JJ
3823,Laos_2003,0,119,11,laws,laws,NNS,NN
3824,Laos_2003,0,119,13,the,the,DT,DT
3825,Laos_2003,0,119,14,President,president,NNP,NN
3826,Laos_2003,0,119,15,of,of,IN,IN
3827,Laos_2003,0,119,16,the,the,DT,DT
3828,Laos_2003,0,119,17,State,state,NNP,NN
3829,Laos_2003,0,119,18,must,must,MD,MD
3830,Laos_2003,0,119,19,promulgate,promulgate,VB,VB
3831,Laos_2003,0,119,20,them,them,PRP,PR
3832,Laos_2003,0,119,21,within,within,IN,IN
3833,Laos_2003,0,119,22,fifteen,fifteen,JJ,JJ
3834,Laos_2003,0,119,23,days,days,NNS,NN
3835,Laos_2003,0,120,0,Article,article,NN,NN
3836,Laos_2003,0,120,1,61,61,CD,CD
3837,Laos_2003,0,120,2,Share,share,NNP,NN
3838,Laos_2003,0,120,3,Questions,questions,NNP,NN
3839,Laos_2003,0,120,4,relating,relating,VBG,VB
3840,Laos_2003,0,120,5,to,to,TO,TO
3841,Laos_2003,0,120,6,the,the,DT,DT
3842,Laos_2003,0,120,7,destiny,destiny,NN,NN
3843,Laos_2003,0,120,8,of,of,IN,IN
3844,Laos_2003,0,120,9,the,the,DT,DT
3845,Laos_2003,0,120,10,country,country,NN,NN
3846,Laos_2003,0,120,11,and,and,CC,CC
3847,Laos_2003,0,120,12,the,the,DT,DT
3848,Laos_2003,0,120,13,vital,vital,JJ,JJ
3849,Laos_2003,0,120,14,interests,interests,NNS,NN
3850,Laos_2003,0,120,15,of,of,IN,IN
3851,Laos_2003,0,120,16,the,the,DT,DT
3852,Laos_2003,0,120,17,people,people,NNS,NN
3853,Laos_2003,0,120,18,must,must,MD,MD
3854,Laos_2003,0,120,19,be,be,VB,VB
3855,Laos_2003,0,120,20,submitted,submitted,VBN,VB
3856,Laos_2003,0,120,22,for,for,IN,IN
3857,Laos_2003,0,120,23,the,the,DT,DT
3858,Laos_2003,0,120,24,approval,approval,NN,NN
3859,Laos_2003,0,120,25,of,of,IN,IN
3860,Laos_2003,0,120,27,the,the,DT,DT
3861,Laos_2003,0,120,28,National,national,NNP,NN
3862,Laos_2003,0,120,29,Assembly,assembly,NNP,NN
3863,Laos_2003,0,120,31,or,or,CC,CC
3864,Laos_2003,0,120,32,the,the,DT,DT
3865,Laos_2003,0,120,33,National,national,NNP,NN
3866,Laos_2003,0,120,34,Assembly,assembly,NNP,NN
3867,Laos_2003,0,120,35,Standing,standing,NNP,NN
3868,Laos_2003,0,120,36,Committee,committee,NNP,NN
3869,Laos_2003,0,120,37,during,during,IN,IN
3870,Laos_2003,0,120,38,the,the,DT,DT
3871,Laos_2003,0,120,39,recess,recess,NN,NN
3872,Laos_2003,0,120,40,of,of,IN,IN
3873,Laos_2003,0,120,41,the,the,DT,DT
3874,Laos_2003,0,120,42,National,national,NNP,NN
3875,Laos_2003,0,120,43,Assembly,assembly,NNP,NN
3876,Laos_2003,0,121,0,Article,article,NN,NN
3877,Laos_2003,0,121,1,62,62,CD,CD
3878,Laos_2003,0,121,2,Share,share,NNP,NN
3879,Laos_2003,0,121,4,New,new,NNP,NN
3880,Laos_2003,0,121,6,The,the,DT,DT
3881,Laos_2003,0,121,7,National,national,NNP,NN
3882,Laos_2003,0,121,8,Assembly,assembly,NNP,NN
3883,Laos_2003,0,121,9,establishes,establishes,VBZ,VB
3884,Laos_2003,0,121,10,its,its,PRP$,PR
3885,Laos_2003,0,121,11,own,own,JJ,JJ
3886,Laos_2003,0,121,12,committees,committees,NNS,NN
3887,Laos_2003,0,121,13,to,to,TO,TO
3888,Laos_2003,0,121,14,consider,consider,VB,VB
3889,Laos_2003,0,121,15,draft,draft,NN,NN
3890,Laos_2003,0,121,16,laws,laws,NNS,NN
3891,Laos_2003,0,121,17,and,and,CC,CC
3892,Laos_2003,0,121,18,draft,draft,NN,NN
3893,Laos_2003,0,121,19,presidential,presidential,JJ,JJ
3894,Laos_2003,0,121,20,edicts,edicts,NNS,NN
3895,Laos_2003,0,121,21,for,for,IN,IN
3896,Laos_2003,0,121,22,submission,submission,NN,NN
3897,Laos_2003,0,121,23,to,to,TO,TO
3898,Laos_2003,0,121,24,the,the,DT,DT
3899,Laos_2003,0,121,25,National,national,NNP,NN
3900,Laos_2003,0,121,26,Assembly,assembly,NNP,NN
3901,Laos_2003,0,121,27,Standing,standing,NNP,NN
3902,Laos_2003,0,121,28,Committee,committee,NNP,NN
3903,Laos_2003,0,121,29,and,and,CC,CC
3904,Laos_2003,0,121,30,the,the,DT,DT
3905,Laos_2003,0,121,31,President,president,NNP,NN
3906,Laos_2003,0,121,32,of,of,IN,IN
3907,Laos_2003,0,121,33,the,the,DT,DT
3908,Laos_2003,0,121,34,State,state,NNP,NN
3909,Laos_2003,0,121,36,and,and,CC,CC
3910,Laos_2003,0,121,37,assists,assists,VBZ,VB
3911,Laos_2003,0,121,38,the,the,DT,DT
3912,Laos_2003,0,121,39,National,national,NNP,NN
3913,Laos_2003,0,121,40,Assembly,assembly,NNP,NN
3914,Laos_2003,0,121,41,and,and,CC,CC
3915,Laos_2003,0,121,42,the,the,DT,DT
3916,Laos_2003,0,121,43,National,national,NNP,NN
3917,Laos_2003,0,121,44,Assembly,assembly,NNP,NN
3918,Laos_2003,0,121,45,Standing,standing,NNP,NN
3919,Laos_2003,0,121,46,Committee,committee,NNP,NN
3920,Laos_2003,0,121,47,in,in,IN,IN
3921,Laos_2003,0,121,48,exercising,exercising,VBG,VB
3922,Laos_2003,0,121,49,oversight,oversight,NN,NN
3923,Laos_2003,0,121,50,of,of,IN,IN
3924,Laos_2003,0,121,51,the,the,DT,DT
3925,Laos_2003,0,121,52,activities,activities,NNS,NN
3926,Laos_2003,0,121,53,of,of,IN,IN
3927,Laos_2003,0,121,54,the,the,DT,DT
3928,Laos_2003,0,121,55,executive,executive,NN,NN
3929,Laos_2003,0,121,56,organs,organs,NNS,NN
3930,Laos_2003,0,121,58,the,the,DT,DT
3931,Laos_2003,0,121,59,people,people,NNS,NN
3932,Laos_2003,0,121,61,s,s,JJ,JJ
3933,Laos_2003,0,121,62,courts,courts,NNS,NN
3934,Laos_2003,0,121,63,and,and,CC,CC
3935,Laos_2003,0,121,64,the,the,DT,DT
3936,Laos_2003,0,121,66,Office,office,NNP,NN
3937,Laos_2003,0,121,67,of,of,IN,IN
3938,Laos_2003,0,121,68,the,the,DT,DT
3939,Laos_2003,0,121,70,Public,public,NNP,NN
3940,Laos_2003,0,121,71,Prosecutor,prosecutor,NNP,NN
3941,Laos_2003,0,122,0,Article,article,NN,NN
3942,Laos_2003,0,122,1,63,63,CD,CD
3943,Laos_2003,0,122,2,Share,share,NNP,NN
3944,Laos_2003,0,122,4,New,new,NNP,NN
3945,Laos_2003,0,122,6,Members,members,NNS,NN
3946,Laos_2003,0,122,7,of,of,IN,IN
3947,Laos_2003,0,122,8,the,the,DT,DT
3948,Laos_2003,0,122,9,National,national,NNP,NN
3949,Laos_2003,0,122,10,Assembly,assembly,NNP,NN
3950,Laos_2003,0,122,11,have,have,VBP,VB
3951,Laos_2003,0,122,12,the,the,DT,DT
3952,Laos_2003,0,122,13,right,right,NN,NN
3953,Laos_2003,0,122,14,to,to,TO,TO
3954,Laos_2003,0,122,15,interpellate,interpellate,VB,VB
3955,Laos_2003,0,122,16,the,the,DT,DT
3956,Laos_2003,0,122,17,Prime,prime,NNP,NN
3957,Laos_2003,0,122,18,Minister,minister,NNP,NN
3958,Laos_2003,0,122,19,or,or,CC,CC
3959,Laos_2003,0,122,21,other,other,JJ,JJ
3960,Laos_2003,0,122,23,members,members,NNS,NN
3961,Laos_2003,0,122,24,of,of,IN,IN
3962,Laos_2003,0,122,25,the,the,DT,DT
3963,Laos_2003,0,122,26,government,government,NN,NN
3964,Laos_2003,0,122,28,the,the,DT,DT
3965,Laos_2003,0,122,29,President,president,NNP,NN
3966,Laos_2003,0,122,30,of,of,IN,IN
3967,Laos_2003,0,122,31,the,the,DT,DT
3968,Laos_2003,0,122,32,People,people,NNP,NN
3969,Laos_2003,0,122,34,s,s,JJ,JJ
3970,Laos_2003,0,122,35,Supreme,supreme,NNP,NN
3971,Laos_2003,0,122,36,Court,court,NNP,NN
3972,Laos_2003,0,122,37,and,and,CC,CC
3973,Laos_2003,0,122,38,the,the,DT,DT
3974,Laos_2003,0,122,39,Supreme,supreme,NNP,NN
3975,Laos_2003,0,122,40,Public,public,NNP,NN
3976,Laos_2003,0,122,41,Prosecutor,prosecutor,NNP,NN
3977,Laos_2003,0,123,0,Persons,persons,NNS,NN
3978,Laos_2003,0,123,1,interpellated,interpellated,VBD,VB
3979,Laos_2003,0,123,2,must,must,MD,MD
3980,Laos_2003,0,123,3,give,give,VB,VB
3981,Laos_2003,0,123,4,oral,oral,JJ,JJ
3982,Laos_2003,0,123,5,or,or,CC,CC
3983,Laos_2003,0,123,6,written,written,VBN,VB
3984,Laos_2003,0,123,7,answers,answers,NNS,NN
3985,Laos_2003,0,123,8,at,at,IN,IN
3986,Laos_2003,0,123,9,the,the,DT,DT
3987,Laos_2003,0,123,10,National,national,NNP,NN
3988,Laos_2003,0,123,11,Assembly,assembly,NNP,NN
3989,Laos_2003,0,123,12,session,session,NN,NN
3990,Laos_2003,0,124,0,Article,article,NN,NN
3991,Laos_2003,0,124,1,64,64,CD,CD
3992,Laos_2003,0,124,2,Share,share,NNP,NN
3993,Laos_2003,0,124,3,Members,members,NNPS,NN
3994,Laos_2003,0,124,4,of,of,IN,IN
3995,Laos_2003,0,124,5,the,the,DT,DT
3996,Laos_2003,0,124,6,National,national,NNP,NN
3997,Laos_2003,0,124,7,Assembly,assembly,NNP,NN
3998,Laos_2003,0,124,8,shall,shall,MD,MD
3999,Laos_2003,0,124,9,not,not,RB,RB
4000,Laos_2003,0,124,10,be,be,VB,VB
4001,Laos_2003,0,124,11,prosecuted,prosecuted,VBN,VB
4002,Laos_2003,0,124,12,in,in,IN,IN
4003,Laos_2003,0,124,13,court,court,NN,NN
4004,Laos_2003,0,124,14,or,or,CC,CC
4005,Laos_2003,0,124,15,detained,detained,VBN,VB
4006,Laos_2003,0,124,16,without,without,IN,IN
4007,Laos_2003,0,124,17,the,the,DT,DT
4008,Laos_2003,0,124,18,approval,approval,NN,NN
4009,Laos_2003,0,124,19,of,of,IN,IN
4010,Laos_2003,0,124,20,the,the,DT,DT
4011,Laos_2003,0,124,21,National,national,NNP,NN
4012,Laos_2003,0,124,22,Assembly,assembly,NNP,NN
4013,Laos_2003,0,124,24,or,or,CC,CC
4014,Laos_2003,0,124,25,the,the,DT,DT
4015,Laos_2003,0,124,26,National,national,NNP,NN
4016,Laos_2003,0,124,27,Assembly,assembly,NNP,NN
4017,Laos_2003,0,124,28,Standing,standing,NNP,NN
4018,Laos_2003,0,124,29,Committee,committee,NNP,NN
4019,Laos_2003,0,124,30,during,during,IN,IN
4020,Laos_2003,0,124,31,the,the,DT,DT
4021,Laos_2003,0,124,32,recess,recess,NN,NN
4022,Laos_2003,0,124,33,of,of,IN,IN
4023,Laos_2003,0,124,34,the,the,DT,DT
4024,Laos_2003,0,124,35,National,national,NNP,NN
4025,Laos_2003,0,124,36,Assembly,assembly,NNP,NN
4026,Laos_2003,0,125,0,In,in,IN,IN
4027,Laos_2003,0,125,1,cases,cases,NNS,NN
4028,Laos_2003,0,125,2,involving,involving,VBG,VB
4029,Laos_2003,0,125,3,manifest,manifest,JJS,JJ
4030,Laos_2003,0,125,4,or,or,CC,CC
4031,Laos_2003,0,125,5,urgent,urgent,JJ,JJ
4032,Laos_2003,0,125,6,offences,offences,NNS,NN
4033,Laos_2003,0,125,8,the,the,DT,DT
4034,Laos_2003,0,125,9,organisation,organisation,NN,NN
4035,Laos_2003,0,125,10,which,which,WDT,WD
4036,Laos_2003,0,125,11,has,has,VBZ,VB
4037,Laos_2003,0,125,12,detained,detained,VBN,VB
4038,Laos_2003,0,125,13,the,the,DT,DT
4039,Laos_2003,0,125,14,member,member,NN,NN
4040,Laos_2003,0,125,15,of,of,IN,IN
4041,Laos_2003,0,125,16,the,the,DT,DT
4042,Laos_2003,0,125,17,National,national,NNP,NN
4043,Laos_2003,0,125,18,Assembly,assembly,NNP,NN
4044,Laos_2003,0,125,19,must,must,MD,MD
4045,Laos_2003,0,125,20,immediately,immediately,RB,RB
4046,Laos_2003,0,125,21,report,report,VB,VB
4047,Laos_2003,0,125,22,to,to,TO,TO
4048,Laos_2003,0,125,23,the,the,DT,DT
4049,Laos_2003,0,125,24,National,national,NNP,NN
4050,Laos_2003,0,125,25,Assembly,assembly,NNP,NN
4051,Laos_2003,0,125,26,or,or,CC,CC
4052,Laos_2003,0,125,27,to,to,TO,TO
4053,Laos_2003,0,125,28,the,the,DT,DT
4054,Laos_2003,0,125,29,National,national,NNP,NN
4055,Laos_2003,0,125,30,Assembly,assembly,NNP,NN
4056,Laos_2003,0,125,31,Standing,standing,NNP,NN
4057,Laos_2003,0,125,32,Committee,committee,NNP,NN
4058,Laos_2003,0,125,33,during,during,IN,IN
4059,Laos_2003,0,125,34,a,a,DT,DT
4060,Laos_2003,0,125,35,recess,recess,NN,NN
4061,Laos_2003,0,125,36,of,of,IN,IN
4062,Laos_2003,0,125,37,the,the,DT,DT
4063,Laos_2003,0,125,38,National,national,NNP,NN
4064,Laos_2003,0,125,39,Assembly,assembly,NNP,NN
4065,Laos_2003,0,125,40,for,for,IN,IN
4066,Laos_2003,0,125,41,consideration,consideration,NN,NN
4067,Laos_2003,0,125,42,and,and,CC,CC
4068,Laos_2003,0,125,43,decision,decision,NN,NN
4069,Laos_2003,0,125,45,on,on,IN,IN
4070,Laos_2003,0,125,46,further,further,JJ,JJ
4071,Laos_2003,0,125,47,action,action,NN,NN
4072,Laos_2003,0,125,48,concerning,concerning,VBG,VB
4073,Laos_2003,0,125,49,the,the,DT,DT
4074,Laos_2003,0,125,50,member,member,NN,NN
4075,Laos_2003,0,126,0,Investigations,investigations,NNS,NN
4076,Laos_2003,0,126,1,shall,shall,MD,MD
4077,Laos_2003,0,126,2,not,not,RB,RB
4078,Laos_2003,0,126,4,be,be,VB,VB
4079,Laos_2003,0,126,5,conducted,conducted,VBN,VB
4080,Laos_2003,0,126,6,in,in,IN,IN
4081,Laos_2003,0,126,7,such,such,JJ,JJ
4082,Laos_2003,0,126,8,a,a,DT,DT
4083,Laos_2003,0,126,9,manner,manner,NN,NN
4084,Laos_2003,0,126,10,as,as,IN,IN
4085,Laos_2003,0,126,11,to,to,TO,TO
4086,Laos_2003,0,126,13,prevent,prevent,VB,VB
4087,Laos_2003,0,126,14,a,a,DT,DT
4088,Laos_2003,0,126,15,prosecuted,prosecuted,JJ,JJ
4089,Laos_2003,0,126,16,member,member,NN,NN
4090,Laos_2003,0,126,17,from,from,IN,IN
4091,Laos_2003,0,126,18,attending,attending,VBG,VB
4092,Laos_2003,0,126,19,National,national,NNP,NN
4093,Laos_2003,0,126,20,Assembly,assembly,NNP,NN
4094,Laos_2003,0,126,21,sessions,sessions,NNS,NN
4095,Laos_2003,0,127,0,Chapter,chapter,NN,NN
4096,Laos_2003,0,127,1,VI,vi,NNP,NN
4097,Laos_2003,0,128,0,The,the,DT,DT
4098,Laos_2003,0,128,1,President,president,NNP,NN
4099,Laos_2003,0,128,2,of,of,IN,IN
4100,Laos_2003,0,128,3,the,the,DT,DT
4101,Laos_2003,0,128,4,State,state,NNP,NN
4102,Laos_2003,0,128,5,Share,share,NNP,NN
4103,Laos_2003,0,128,6,Article,article,NNP,NN
4104,Laos_2003,0,128,7,65,65,CD,CD
4105,Laos_2003,0,128,8,Share,share,NNP,NN
4106,Laos_2003,0,128,9,The,the,DT,DT
4107,Laos_2003,0,128,10,President,president,NNP,NN
4108,Laos_2003,0,128,11,of,of,IN,IN
4109,Laos_2003,0,128,12,the,the,DT,DT
4110,Laos_2003,0,128,13,State,state,NNP,NN
4111,Laos_2003,0,128,14,is,is,VBZ,VB
4112,Laos_2003,0,128,15,the,the,DT,DT
4113,Laos_2003,0,128,16,Head,head,NNP,NN
4114,Laos_2003,0,128,17,of,of,IN,IN
4115,Laos_2003,0,128,18,State,state,NNP,NN
4116,Laos_2003,0,128,19,of,of,IN,IN
4117,Laos_2003,0,128,20,the,the,DT,DT
4118,Laos_2003,0,128,21,Lao,lao,NNP,NN
4119,Laos_2003,0,128,22,People,people,NNP,NN
4120,Laos_2003,0,128,24,s,s,VBD,VB
4121,Laos_2003,0,128,25,Democratic,democratic,NNP,NN
4122,Laos_2003,0,128,26,Republic,republic,NNP,NN
4123,Laos_2003,0,128,27,and,and,CC,CC
4124,Laos_2003,0,128,28,the,the,DT,DT
4125,Laos_2003,0,128,29,representative,representative,NN,NN
4126,Laos_2003,0,128,30,of,of,IN,IN
4127,Laos_2003,0,128,31,the,the,DT,DT
4128,Laos_2003,0,128,32,multiethnic,multiethnic,JJ,JJ
4129,Laos_2003,0,128,33,Lao,lao,NNP,NN
4130,Laos_2003,0,128,34,people,people,NNS,NN
4131,Laos_2003,0,128,35,both,both,DT,DT
4132,Laos_2003,0,128,36,within,within,IN,IN
4133,Laos_2003,0,128,37,the,the,DT,DT
4134,Laos_2003,0,128,38,country,country,NN,NN
4135,Laos_2003,0,128,39,and,and,CC,CC
4136,Laos_2003,0,128,40,abroad,abroad,RB,RB
4137,Laos_2003,0,129,0,Article,article,NN,NN
4138,Laos_2003,0,129,1,66,66,CD,CD
4139,Laos_2003,0,129,2,Share,share,NNP,NN
4140,Laos_2003,0,129,4,New,new,NNP,NN
4141,Laos_2003,0,129,6,The,the,DT,DT
4142,Laos_2003,0,129,7,President,president,NNP,NN
4143,Laos_2003,0,129,8,of,of,IN,IN
4144,Laos_2003,0,129,9,the,the,DT,DT
4145,Laos_2003,0,129,10,State,state,NNP,NN
4146,Laos_2003,0,129,11,is,is,VBZ,VB
4147,Laos_2003,0,129,12,elected,elected,VBN,VB
4148,Laos_2003,0,129,13,by,by,IN,IN
4149,Laos_2003,0,129,14,the,the,DT,DT
4150,Laos_2003,0,129,15,National,national,NNP,NN
4151,Laos_2003,0,129,16,Assembly,assembly,NNP,NN
4152,Laos_2003,0,129,17,with,with,IN,IN
4153,Laos_2003,0,129,18,two-thirds,twothirds,NNS,NN
4154,Laos_2003,0,129,19,of,of,IN,IN
4155,Laos_2003,0,129,20,the,the,DT,DT
4156,Laos_2003,0,129,21,votes,votes,NNS,NN
4157,Laos_2003,0,129,22,of,of,IN,IN
4158,Laos_2003,0,129,23,all,all,DT,DT
4159,Laos_2003,0,129,24,members,members,NNS,NN
4160,Laos_2003,0,129,25,of,of,IN,IN
4161,Laos_2003,0,129,26,the,the,DT,DT
4162,Laos_2003,0,129,27,National,national,NNP,NN
4163,Laos_2003,0,129,28,Assembly,assembly,NNP,NN
4164,Laos_2003,0,129,29,attending,attending,VBG,VB
4165,Laos_2003,0,129,30,the,the,DT,DT
4166,Laos_2003,0,129,31,session,session,NN,NN
4167,Laos_2003,0,130,0,The,the,DT,DT
4168,Laos_2003,0,130,1,term,term,NN,NN
4169,Laos_2003,0,130,2,of,of,IN,IN
4170,Laos_2003,0,130,3,office,office,NN,NN
4171,Laos_2003,0,130,4,of,of,IN,IN
4172,Laos_2003,0,130,5,the,the,DT,DT
4173,Laos_2003,0,130,6,President,president,NNP,NN
4174,Laos_2003,0,130,7,of,of,IN,IN
4175,Laos_2003,0,130,8,the,the,DT,DT
4176,Laos_2003,0,130,9,State,state,NNP,NN
4177,Laos_2003,0,130,10,is,is,VBZ,VB
4178,Laos_2003,0,130,11,the,the,DT,DT
4179,Laos_2003,0,130,12,same,same,JJ,JJ
4180,Laos_2003,0,130,13,as,as,IN,IN
4181,Laos_2003,0,130,14,the,the,DT,DT
4182,Laos_2003,0,130,15,term,term,NN,NN
4183,Laos_2003,0,130,16,of,of,IN,IN
4184,Laos_2003,0,130,17,office,office,NN,NN
4185,Laos_2003,0,130,18,of,of,IN,IN
4186,Laos_2003,0,130,19,the,the,DT,DT
4187,Laos_2003,0,130,20,National,national,NNP,NN
4188,Laos_2003,0,130,21,Assembly,assembly,NNP,NN
4189,Laos_2003,0,131,0,Article,article,NN,NN
4190,Laos_2003,0,131,1,67,67,CD,CD
4191,Laos_2003,0,131,2,Share,share,NNP,NN
4192,Laos_2003,0,131,4,New,new,NNP,NN
4193,Laos_2003,0,131,6,The,the,DT,DT
4194,Laos_2003,0,131,7,President,president,NNP,NN
4195,Laos_2003,0,131,8,of,of,IN,IN
4196,Laos_2003,0,131,9,the,the,DT,DT
4197,Laos_2003,0,131,10,State,state,NNP,NN
4198,Laos_2003,0,131,11,has,has,VBZ,VB
4199,Laos_2003,0,131,12,the,the,DT,DT
4200,Laos_2003,0,131,13,following,following,JJ,JJ
4201,Laos_2003,0,131,14,rights,rights,NNS,NN
4202,Laos_2003,0,131,15,and,and,CC,CC
4203,Laos_2003,0,131,16,duties,duties,NNS,NN
4204,Laos_2003,0,131,18,1.To,1to,CD,CD
4205,Laos_2003,0,131,19,promulgate,promulgate,VBP,VB
4206,Laos_2003,0,131,20,the,the,DT,DT
4207,Laos_2003,0,131,21,Constitution,constitution,NNP,NN
4208,Laos_2003,0,131,22,and,and,CC,CC
4209,Laos_2003,0,131,23,laws,laws,NNS,NN
4210,Laos_2003,0,131,24,already,already,RB,RB
4211,Laos_2003,0,131,25,adopted,adopted,VBN,VB
4212,Laos_2003,0,131,26,by,by,IN,IN
4213,Laos_2003,0,131,27,the,the,DT,DT
4214,Laos_2003,0,131,28,National,national,NNP,NN
4215,Laos_2003,0,131,29,Assembly,assembly,NNP,NN
4216,Laos_2003,0,131,31,2.To,2to,CD,CD
4217,Laos_2003,0,131,32,issue,issue,NN,NN
4218,Laos_2003,0,131,33,presidential,presidential,JJ,JJ
4219,Laos_2003,0,131,34,edicts,edicts,NNS,NN
4220,Laos_2003,0,131,35,and,and,CC,CC
4221,Laos_2003,0,131,36,decrees,decrees,NNS,NN
4222,Laos_2003,0,131,38,3.To,3to,CD,CD
4223,Laos_2003,0,131,39,propose,propose,VBP,VB
4224,Laos_2003,0,131,40,the,the,DT,DT
4225,Laos_2003,0,131,41,appointment,appointment,NN,NN
4226,Laos_2003,0,131,42,or,or,CC,CC
4227,Laos_2003,0,131,43,removal,removal,NN,NN
4228,Laos_2003,0,131,44,of,of,IN,IN
4229,Laos_2003,0,131,45,the,the,DT,DT
4230,Laos_2003,0,131,46,Prime,prime,NNP,NN
4231,Laos_2003,0,131,47,Minister,minister,NNP,NN
4232,Laos_2003,0,131,48,to,to,TO,TO
4233,Laos_2003,0,131,49,the,the,DT,DT
4234,Laos_2003,0,131,50,National,national,NNP,NN
4235,Laos_2003,0,131,51,Assembly,assembly,NNP,NN
4236,Laos_2003,0,131,52,for,for,IN,IN
4237,Laos_2003,0,131,53,consideration,consideration,NN,NN
4238,Laos_2003,0,131,54,and,and,CC,CC
4239,Laos_2003,0,131,55,decision,decision,NN,NN
4240,Laos_2003,0,131,57,4.To,4to,CD,CD
4241,Laos_2003,0,131,58,appoint,appoint,NN,NN
4242,Laos_2003,0,131,59,or,or,CC,CC
4243,Laos_2003,0,131,60,remove,remove,VB,VB
4244,Laos_2003,0,131,61,the,the,DT,DT
4245,Laos_2003,0,131,62,Prime,prime,NNP,NN
4246,Laos_2003,0,131,63,Minister,minister,NNP,NN
4247,Laos_2003,0,131,66,and,and,CC,CC
4248,Laos_2003,0,131,67,to,to,TO,TO
4249,Laos_2003,0,131,69,appoint,appoint,NN,NN
4250,Laos_2003,0,131,71,transfer,transfer,NN,NN
4251,Laos_2003,0,131,72,or,or,CC,CC
4252,Laos_2003,0,131,73,remove,remove,VB,VB
4253,Laos_2003,0,131,74,members,members,NNS,NN
4254,Laos_2003,0,131,75,of,of,IN,IN
4255,Laos_2003,0,131,76,the,the,DT,DT
4256,Laos_2003,0,131,77,government,government,NN,NN
4257,Laos_2003,0,131,78,after,after,IN,IN
4258,Laos_2003,0,131,79,approval,approval,NN,NN
4259,Laos_2003,0,131,80,by,by,IN,IN
4260,Laos_2003,0,131,81,the,the,DT,DT
4261,Laos_2003,0,131,82,National,national,NNP,NN
4262,Laos_2003,0,131,83,Assembly,assembly,NNP,NN
4263,Laos_2003,0,131,85,5.To,5to,CD,CD
4264,Laos_2003,0,131,86,appoint,appoint,NN,NN
4265,Laos_2003,0,131,87,or,or,CC,CC
4266,Laos_2003,0,131,88,remove,remove,VB,VB
4267,Laos_2003,0,131,89,the,the,DT,DT
4268,Laos_2003,0,131,90,Vice-President,vicepresident,NNP,NN
4269,Laos_2003,0,131,91,of,of,IN,IN
4270,Laos_2003,0,131,92,the,the,DT,DT
4271,Laos_2003,0,131,93,People,people,NNP,NN
4272,Laos_2003,0,131,95,s,s,JJ,JJ
4273,Laos_2003,0,131,96,Supreme,supreme,NNP,NN
4274,Laos_2003,0,131,97,Court,court,NNP,NN
4275,Laos_2003,0,131,98,based,based,VBN,VB
4276,Laos_2003,0,131,99,on,on,IN,IN
4277,Laos_2003,0,131,100,the,the,DT,DT
4278,Laos_2003,0,131,101,recommendation,recommendation,NN,NN
4279,Laos_2003,0,131,102,of,of,IN,IN
4280,Laos_2003,0,131,103,the,the,DT,DT
4281,Laos_2003,0,131,104,President,president,NNP,NN
4282,Laos_2003,0,131,105,of,of,IN,IN
4283,Laos_2003,0,131,106,the,the,DT,DT
4284,Laos_2003,0,131,107,People,people,NNP,NN
4285,Laos_2003,0,131,109,s,s,JJ,JJ
4286,Laos_2003,0,131,110,Supreme,supreme,NNP,NN
4287,Laos_2003,0,131,111,Court,court,NNP,NN
4288,Laos_2003,0,131,114,and,and,CC,CC
4289,Laos_2003,0,131,115,to,to,TO,TO
4290,Laos_2003,0,131,117,appoint,appoint,NN,NN
4291,Laos_2003,0,131,118,or,or,CC,CC
4292,Laos_2003,0,131,119,remove,remove,VB,VB
4293,Laos_2003,0,131,120,the,the,DT,DT
4294,Laos_2003,0,131,121,Deputy,deputy,NNP,NN
4295,Laos_2003,0,131,122,Supreme,supreme,NNP,NN
4296,Laos_2003,0,131,123,Public,public,NNP,NN
4297,Laos_2003,0,131,124,Prosecutor,prosecutor,NNP,NN
4298,Laos_2003,0,131,125,based,based,VBN,VB
4299,Laos_2003,0,131,126,on,on,IN,IN
4300,Laos_2003,0,131,127,the,the,DT,DT
4301,Laos_2003,0,131,128,recommendation,recommendation,NN,NN
4302,Laos_2003,0,131,129,of,of,IN,IN
4303,Laos_2003,0,131,130,the,the,DT,DT
4304,Laos_2003,0,131,131,Supreme,supreme,NNP,NN
4305,Laos_2003,0,131,132,Public,public,NNP,NN
4306,Laos_2003,0,131,133,Prosecutor,prosecutor,NNP,NN
4307,Laos_2003,0,131,135,6.To,6to,CD,CD
4308,Laos_2003,0,131,136,appoint,appoint,NN,NN
4309,Laos_2003,0,131,138,transfer,transfer,NN,NN
4310,Laos_2003,0,131,139,or,or,CC,CC
4311,Laos_2003,0,131,140,remove,remove,VB,VB
4312,Laos_2003,0,131,141,provincial,provincial,JJ,JJ
4313,Laos_2003,0,131,142,and,and,CC,CC
4314,Laos_2003,0,131,143,city,city,NN,NN
4315,Laos_2003,0,131,144,governors,governors,NNS,NN
4316,Laos_2003,0,131,145,based,based,VBN,VB
4317,Laos_2003,0,131,146,on,on,IN,IN
4318,Laos_2003,0,131,147,the,the,DT,DT
4319,Laos_2003,0,131,148,recommendation,recommendation,NN,NN
4320,Laos_2003,0,131,149,of,of,IN,IN
4321,Laos_2003,0,131,150,the,the,DT,DT
4322,Laos_2003,0,131,151,Prime,prime,NNP,NN
4323,Laos_2003,0,131,152,Minister,minister,NNP,NN
4324,Laos_2003,0,131,154,7.To,7to,CD,CD
4325,Laos_2003,0,131,155,be,be,VB,VB
4326,Laos_2003,0,131,156,the,the,DT,DT
4327,Laos_2003,0,131,157,head,head,NN,NN
4328,Laos_2003,0,131,158,of,of,IN,IN
4329,Laos_2003,0,131,159,the,the,DT,DT
4330,Laos_2003,0,131,160,people,people,NNS,NN
4331,Laos_2003,0,131,162,s,s,NN,NN
4332,Laos_2003,0,131,163,armed,armed,JJ,JJ
4333,Laos_2003,0,131,164,forces,forces,NNS,NN
4334,Laos_2003,0,131,166,8.To,8to,CD,CD
4335,Laos_2003,0,131,167,decide,decide,NN,NN
4336,Laos_2003,0,131,168,on,on,IN,IN
4337,Laos_2003,0,131,169,promotions,promotions,NNS,NN
4338,Laos_2003,0,131,170,or,or,CC,CC
4339,Laos_2003,0,131,171,demotions,demotions,NNS,NN
4340,Laos_2003,0,131,172,at,at,IN,IN
4341,Laos_2003,0,131,173,the,the,DT,DT
4342,Laos_2003,0,131,174,rank,rank,NN,NN
4343,Laos_2003,0,131,175,of,of,IN,IN
4344,Laos_2003,0,131,176,general,general,JJ,JJ
4345,Laos_2003,0,131,177,in,in,IN,IN
4346,Laos_2003,0,131,178,the,the,DT,DT
4347,Laos_2003,0,131,179,national,national,JJ,JJ
4348,Laos_2003,0,131,180,defence,defence,NN,NN
4349,Laos_2003,0,131,181,and,and,CC,CC
4350,Laos_2003,0,131,182,security,security,NN,NN
4351,Laos_2003,0,131,183,forces,forces,NNS,NN
4352,Laos_2003,0,131,184,based,based,VBN,VB
4353,Laos_2003,0,131,185,on,on,IN,IN
4354,Laos_2003,0,131,186,the,the,DT,DT
4355,Laos_2003,0,131,187,recommendation,recommendation,NN,NN
4356,Laos_2003,0,131,188,of,of,IN,IN
4357,Laos_2003,0,131,189,the,the,DT,DT
4358,Laos_2003,0,131,190,Prime,prime,NNP,NN
4359,Laos_2003,0,131,191,Minister,minister,NNP,NN
4360,Laos_2003,0,131,193,9.To,9to,CD,CD
4361,Laos_2003,0,131,194,convene,convene,NN,NN
4362,Laos_2003,0,131,195,and,and,CC,CC
4363,Laos_2003,0,131,196,preside,preside,NN,NN
4364,Laos_2003,0,131,197,at,at,IN,IN
4365,Laos_2003,0,131,198,the,the,DT,DT
4366,Laos_2003,0,131,199,government,government,NN,NN
4367,Laos_2003,0,131,201,s,s,VBD,VB
4368,Laos_2003,0,131,202,special,special,JJ,JJ
4369,Laos_2003,0,131,203,meetings,meetings,NNS,NN
4370,Laos_2003,0,131,205,10.To,10to,CD,CD
4371,Laos_2003,0,131,206,decide,decide,NN,NN
4372,Laos_2003,0,131,207,on,on,IN,IN
4373,Laos_2003,0,131,208,conferring,conferring,VBG,VB
4374,Laos_2003,0,131,209,national,national,JJ,JJ
4375,Laos_2003,0,131,210,gold,gold,NN,NN
4376,Laos_2003,0,131,211,medals,medals,NNS,NN
4377,Laos_2003,0,131,213,orders,orders,NNS,NN
4378,Laos_2003,0,131,214,of,of,IN,IN
4379,Laos_2003,0,131,215,merit,merit,NN,NN
4380,Laos_2003,0,131,217,medals,medals,NNS,NN
4381,Laos_2003,0,131,218,of,of,IN,IN
4382,Laos_2003,0,131,219,victory,victory,NN,NN
4383,Laos_2003,0,131,220,and,and,CC,CC
4384,Laos_2003,0,131,221,the,the,DT,DT
4385,Laos_2003,0,131,222,highest,highest,JJS,JJ
4386,Laos_2003,0,131,223,honorific,honorific,JJ,JJ
4387,Laos_2003,0,131,224,titles,titles,NNS,NN
4388,Laos_2003,0,131,225,of,of,IN,IN
4389,Laos_2003,0,131,226,the,the,DT,DT
4390,Laos_2003,0,131,227,State,state,NNP,NN
4391,Laos_2003,0,131,229,11.To,11to,CD,CD
4392,Laos_2003,0,131,230,decide,decide,NN,NN
4393,Laos_2003,0,131,231,on,on,IN,IN
4394,Laos_2003,0,131,232,granting,granting,VBG,VB
4395,Laos_2003,0,131,233,amnesty,amnesty,NN,NN
4396,Laos_2003,0,131,235,12.To,12to,CD,CD
4397,Laos_2003,0,131,236,decide,decide,NN,NN
4398,Laos_2003,0,131,237,on,on,IN,IN
4399,Laos_2003,0,131,238,general,general,JJ,JJ
4400,Laos_2003,0,131,239,or,or,CC,CC
4401,Laos_2003,0,131,240,partial,partial,JJ,JJ
4402,Laos_2003,0,131,241,military,military,JJ,JJ
4403,Laos_2003,0,131,242,conscription,conscription,NN,NN
4404,Laos_2003,0,131,243,and,and,CC,CC
4405,Laos_2003,0,131,244,to,to,TO,TO
4406,Laos_2003,0,131,245,declare,declare,VB,VB
4407,Laos_2003,0,131,246,states,states,NNS,NN
4408,Laos_2003,0,131,247,of,of,IN,IN
4409,Laos_2003,0,131,248,emergency,emergency,NN,NN
4410,Laos_2003,0,131,249,all,all,DT,DT
4411,Laos_2003,0,131,250,over,over,IN,IN
4412,Laos_2003,0,131,251,the,the,DT,DT
4413,Laos_2003,0,131,252,country,country,NN,NN
4414,Laos_2003,0,131,253,or,or,CC,CC
4415,Laos_2003,0,131,254,in,in,IN,IN
4416,Laos_2003,0,131,255,any,any,DT,DT
4417,Laos_2003,0,131,256,particular,particular,JJ,JJ
4418,Laos_2003,0,131,257,locality,locality,NN,NN
4419,Laos_2003,0,131,259,13.To,13to,CD,CD
4420,Laos_2003,0,131,260,issue,issue,NN,NN
4421,Laos_2003,0,131,261,the,the,DT,DT
4422,Laos_2003,0,131,262,ratification,ratification,NN,NN
4423,Laos_2003,0,131,263,of,of,IN,IN
4424,Laos_2003,0,131,264,or,or,CC,CC
4425,Laos_2003,0,131,266,secession,secession,NN,NN
4426,Laos_2003,0,131,267,from,from,IN,IN
4427,Laos_2003,0,131,269,treaties,treaties,NNS,NN
4428,Laos_2003,0,131,270,and,and,CC,CC
4429,Laos_2003,0,131,271,agreements,agreements,NNS,NN
4430,Laos_2003,0,131,272,signed,signed,VBN,VB
4431,Laos_2003,0,131,273,with,with,IN,IN
4432,Laos_2003,0,131,274,foreign,foreign,JJ,JJ
4433,Laos_2003,0,131,275,countries,countries,NNS,NN
4434,Laos_2003,0,131,277,14.To,14to,CD,CD
4435,Laos_2003,0,131,278,appoint,appoint,NN,NN
4436,Laos_2003,0,131,279,and,and,CC,CC
4437,Laos_2003,0,131,280,recall,recall,VB,VB
4438,Laos_2003,0,131,281,plenipotentiary,plenipotentiary,JJ,JJ
4439,Laos_2003,0,131,282,representatives,representatives,NNS,NN
4440,Laos_2003,0,131,283,of,of,IN,IN
4441,Laos_2003,0,131,284,the,the,DT,DT
4442,Laos_2003,0,131,285,Lao,lao,NNP,NN
4443,Laos_2003,0,131,286,People,people,NNP,NN
4444,Laos_2003,0,131,288,s,s,VBD,VB
4445,Laos_2003,0,131,289,Democratic,democratic,NNP,NN
4446,Laos_2003,0,131,290,Republic,republic,NNP,NN
4447,Laos_2003,0,131,291,to,to,TO,TO
4448,Laos_2003,0,131,292,or,or,CC,CC
4449,Laos_2003,0,131,293,from,from,IN,IN
4450,Laos_2003,0,131,294,foreign,foreign,JJ,JJ
4451,Laos_2003,0,131,295,countries,countries,NNS,NN
4452,Laos_2003,0,131,296,based,based,VBN,VB
4453,Laos_2003,0,131,297,on,on,IN,IN
4454,Laos_2003,0,131,298,the,the,DT,DT
4455,Laos_2003,0,131,299,recommendation,recommendation,NN,NN
4456,Laos_2003,0,131,300,of,of,IN,IN
4457,Laos_2003,0,131,301,the,the,DT,DT
4458,Laos_2003,0,131,302,Prime,prime,NNP,NN
4459,Laos_2003,0,131,303,Minister,minister,NNP,NN
4460,Laos_2003,0,131,305,and,and,CC,CC
4461,Laos_2003,0,131,306,to,to,TO,TO
4462,Laos_2003,0,131,307,accept,accept,VB,VB
4463,Laos_2003,0,131,308,the,the,DT,DT
4464,Laos_2003,0,131,309,plenipotentiary,plenipotentiary,JJ,JJ
4465,Laos_2003,0,131,310,representatives,representatives,NNS,NN
4466,Laos_2003,0,131,311,of,of,IN,IN
4467,Laos_2003,0,131,312,foreign,foreign,JJ,JJ
4468,Laos_2003,0,131,313,countries,countries,NNS,NN
4469,Laos_2003,0,131,314,accredited,accredited,VBD,VB
4470,Laos_2003,0,131,315,to,to,TO,TO
4471,Laos_2003,0,131,316,the,the,DT,DT
4472,Laos_2003,0,131,317,Lao,lao,NNP,NN
4473,Laos_2003,0,131,318,People,people,NNP,NN
4474,Laos_2003,0,131,320,s,s,VBD,VB
4475,Laos_2003,0,131,321,Democratic,democratic,NNP,NN
4476,Laos_2003,0,131,322,Republic,republic,NNP,NN
4477,Laos_2003,0,131,325,and,and,CC,CC
4478,Laos_2003,0,131,327,15.To,15to,CD,CD
4479,Laos_2003,0,131,328,exercise,exercise,NN,NN
4480,Laos_2003,0,131,329,such,such,JJ,JJ
4481,Laos_2003,0,131,330,other,other,JJ,JJ
4482,Laos_2003,0,131,331,rights,rights,NNS,NN
4483,Laos_2003,0,131,332,and,and,CC,CC
4484,Laos_2003,0,131,333,perform,perform,VB,VB
4485,Laos_2003,0,131,334,such,such,JJ,JJ
4486,Laos_2003,0,131,335,other,other,JJ,JJ
4487,Laos_2003,0,131,336,duties,duties,NNS,NN
4488,Laos_2003,0,131,337,as,as,IN,IN
4489,Laos_2003,0,131,338,provided,provided,VBN,VB
4490,Laos_2003,0,131,339,by,by,IN,IN
4491,Laos_2003,0,131,340,the,the,DT,DT
4492,Laos_2003,0,131,341,laws,laws,NNS,NN
4493,Laos_2003,0,132,0,Article,article,NN,NN
4494,Laos_2003,0,132,1,68,68,CD,CD
4495,Laos_2003,0,132,2,Share,share,NNP,NN
4496,Laos_2003,0,132,4,New,new,NNP,NN
4497,Laos_2003,0,132,6,The,the,DT,DT
4498,Laos_2003,0,132,7,President,president,NNP,NN
4499,Laos_2003,0,132,8,of,of,IN,IN
4500,Laos_2003,0,132,9,the,the,DT,DT
4501,Laos_2003,0,132,10,State,state,NNP,NN
4502,Laos_2003,0,132,11,may,may,MD,MD
4503,Laos_2003,0,132,12,have,have,VB,VB
4504,Laos_2003,0,132,13,a,a,DT,DT
4505,Laos_2003,0,132,14,Vice-President,vicepresident,JJ,JJ
4506,Laos_2003,0,132,15,as,as,IN,IN
4507,Laos_2003,0,132,16,elected,elected,VBN,VB
4508,Laos_2003,0,132,17,by,by,IN,IN
4509,Laos_2003,0,132,18,the,the,DT,DT
4510,Laos_2003,0,132,19,National,national,NNP,NN
4511,Laos_2003,0,132,20,Assembly,assembly,NNP,NN
4512,Laos_2003,0,132,21,with,with,IN,IN
4513,Laos_2003,0,132,22,the,the,DT,DT
4514,Laos_2003,0,132,23,votes,votes,NNS,NN
4515,Laos_2003,0,132,24,of,of,IN,IN
4516,Laos_2003,0,132,25,more,more,JJR,JJ
4517,Laos_2003,0,132,26,than,than,IN,IN
4518,Laos_2003,0,132,27,one-half,onehalf,NN,NN
4519,Laos_2003,0,132,28,of,of,IN,IN
4520,Laos_2003,0,132,29,the,the,DT,DT
4521,Laos_2003,0,132,30,number,number,NN,NN
4522,Laos_2003,0,132,31,of,of,IN,IN
4523,Laos_2003,0,132,32,National,national,NNP,NN
4524,Laos_2003,0,132,33,Assembly,assembly,NNP,NN
4525,Laos_2003,0,132,34,members,members,NNS,NN
4526,Laos_2003,0,132,35,attending,attending,VBG,VB
4527,Laos_2003,0,132,36,the,the,DT,DT
4528,Laos_2003,0,132,37,session,session,NN,NN
4529,Laos_2003,0,133,0,The,the,DT,DT
4530,Laos_2003,0,133,1,Vice-President,vicepresident,NNP,NN
4531,Laos_2003,0,133,2,of,of,IN,IN
4532,Laos_2003,0,133,3,the,the,DT,DT
4533,Laos_2003,0,133,4,State,state,NNP,NN
4534,Laos_2003,0,133,5,executes,executes,VBZ,VB
4535,Laos_2003,0,133,6,all,all,DT,DT
4536,Laos_2003,0,133,7,tasks,tasks,NNS,NN
4537,Laos_2003,0,133,8,assigned,assigned,VBN,VB
4538,Laos_2003,0,133,9,to,to,TO,TO
4539,Laos_2003,0,133,10,him,him,PRP,PR
4540,Laos_2003,0,133,11,by,by,IN,IN
4541,Laos_2003,0,133,12,the,the,DT,DT
4542,Laos_2003,0,133,13,President,president,NNP,NN
4543,Laos_2003,0,133,14,of,of,IN,IN
4544,Laos_2003,0,133,15,the,the,DT,DT
4545,Laos_2003,0,133,16,State,state,NNP,NN
4546,Laos_2003,0,133,17,and,and,CC,CC
4547,Laos_2003,0,133,18,acts,acts,NNS,NN
4548,Laos_2003,0,133,19,on,on,IN,IN
4549,Laos_2003,0,133,20,behalf,behalf,NN,NN
4550,Laos_2003,0,133,21,of,of,IN,IN
4551,Laos_2003,0,133,22,the,the,DT,DT
4552,Laos_2003,0,133,23,President,president,NNP,NN
4553,Laos_2003,0,133,24,of,of,IN,IN
4554,Laos_2003,0,133,25,the,the,DT,DT
4555,Laos_2003,0,133,26,State,state,NNP,NN
4556,Laos_2003,0,133,27,if,if,IN,IN
4557,Laos_2003,0,133,28,he,he,PRP,PR
4558,Laos_2003,0,133,29,is,is,VBZ,VB
4559,Laos_2003,0,133,31,occupied,occupied,VBN,VB
4560,Laos_2003,0,133,32,on,on,IN,IN
4561,Laos_2003,0,133,33,other,other,JJ,JJ
4562,Laos_2003,0,133,34,matters,matters,NNS,NN
4563,Laos_2003,0,134,0,Chapter,chapter,NN,NN
4564,Laos_2003,0,134,1,VII,vii,NNP,NN
4565,Laos_2003,0,135,0,Government,government,NNP,NN
4566,Laos_2003,0,135,1,Share,share,NNP,NN
4567,Laos_2003,0,135,2,Article,article,NNP,NN
4568,Laos_2003,0,135,3,69,69,CD,CD
4569,Laos_2003,0,135,4,Share,share,NNP,NN
4570,Laos_2003,0,135,5,The,the,DT,DT
4571,Laos_2003,0,135,6,government,government,NN,NN
4572,Laos_2003,0,135,7,is,is,VBZ,VB
4573,Laos_2003,0,135,8,the,the,DT,DT
4574,Laos_2003,0,135,9,executive,executive,JJ,JJ
4575,Laos_2003,0,135,10,branch,branch,NN,NN
4576,Laos_2003,0,135,11,of,of,IN,IN
4577,Laos_2003,0,135,12,the,the,DT,DT
4578,Laos_2003,0,135,13,State,state,NNP,NN
4579,Laos_2003,0,136,0,The,the,DT,DT
4580,Laos_2003,0,136,1,government,government,NN,NN
4581,Laos_2003,0,136,2,administers,administers,NNS,NN
4582,Laos_2003,0,136,3,in,in,IN,IN
4583,Laos_2003,0,136,4,a,a,DT,DT
4584,Laos_2003,0,136,5,unified,unified,JJ,JJ
4585,Laos_2003,0,136,6,manner,manner,NN,NN
4586,Laos_2003,0,136,7,the,the,DT,DT
4587,Laos_2003,0,136,8,implementation,implementation,NN,NN
4588,Laos_2003,0,136,9,of,of,IN,IN
4589,Laos_2003,0,136,10,the,the,DT,DT
4590,Laos_2003,0,136,11,State,state,NNP,NN
4591,Laos_2003,0,136,13,s,s,JJ,JJ
4592,Laos_2003,0,136,14,duties,duties,NNS,NN
4593,Laos_2003,0,136,15,in,in,IN,IN
4594,Laos_2003,0,136,16,all,all,DT,DT
4595,Laos_2003,0,136,17,fields,fields,NNS,NN
4596,Laos_2003,0,136,18,such,such,JJ,JJ
4597,Laos_2003,0,136,19,as,as,IN,IN
4598,Laos_2003,0,136,20,political,political,JJ,JJ
4599,Laos_2003,0,136,22,economic,economic,JJ,JJ
4600,Laos_2003,0,136,24,cultural,cultural,JJ,JJ
4601,Laos_2003,0,136,26,social,social,JJ,JJ
4602,Laos_2003,0,136,28,national,national,JJ,JJ
4603,Laos_2003,0,136,29,defence,defence,NN,NN
4604,Laos_2003,0,136,30,and,and,CC,CC
4605,Laos_2003,0,136,31,security,security,NN,NN
4606,Laos_2003,0,136,33,and,and,CC,CC
4607,Laos_2003,0,136,34,foreign,foreign,JJ,JJ
4608,Laos_2003,0,136,35,affairs,affairs,NNS,NN
4609,Laos_2003,0,137,0,Article,article,NN,NN
4610,Laos_2003,0,137,1,70,70,CD,CD
4611,Laos_2003,0,137,2,Share,share,NNP,NN
4612,Laos_2003,0,137,4,New,new,NNP,NN
4613,Laos_2003,0,137,6,The,the,DT,DT
4614,Laos_2003,0,137,7,government,government,NN,NN
4615,Laos_2003,0,137,8,has,has,VBZ,VB
4616,Laos_2003,0,137,9,the,the,DT,DT
4617,Laos_2003,0,137,10,following,following,JJ,JJ
4618,Laos_2003,0,137,11,rights,rights,NNS,NN
4619,Laos_2003,0,137,12,and,and,CC,CC
4620,Laos_2003,0,137,13,duties,duties,NNS,NN
4621,Laos_2003,0,137,15,1.To,1to,CD,CD
4622,Laos_2003,0,137,16,implement,implement,NN,NN
4623,Laos_2003,0,137,17,the,the,DT,DT
4624,Laos_2003,0,137,18,Constitution,constitution,NNP,NN
4625,Laos_2003,0,137,20,the,the,DT,DT
4626,Laos_2003,0,137,21,laws,laws,NNS,NN
4627,Laos_2003,0,137,22,and,and,CC,CC
4628,Laos_2003,0,137,23,resolutions,resolutions,NNS,NN
4629,Laos_2003,0,137,24,of,of,IN,IN
4630,Laos_2003,0,137,25,the,the,DT,DT
4631,Laos_2003,0,137,26,National,national,NNP,NN
4632,Laos_2003,0,137,27,Assembly,assembly,NNP,NN
4633,Laos_2003,0,137,29,and,and,CC,CC
4634,Laos_2003,0,137,30,presidential,presidential,JJ,JJ
4635,Laos_2003,0,137,31,edicts,edicts,NNS,NN
4636,Laos_2003,0,137,32,and,and,CC,CC
4637,Laos_2003,0,137,33,decrees,decrees,NNS,NN
4638,Laos_2003,0,137,35,2.To,2to,CD,CD
4639,Laos_2003,0,137,36,submit,submit,NN,NN
4640,Laos_2003,0,137,37,draft,draft,NN,NN
4641,Laos_2003,0,137,38,laws,laws,NNS,NN
4642,Laos_2003,0,137,39,and,and,CC,CC
4643,Laos_2003,0,137,40,presidential,presidential,JJ,JJ
4644,Laos_2003,0,137,41,edicts,edicts,NNS,NN
4645,Laos_2003,0,137,42,to,to,TO,TO
4646,Laos_2003,0,137,43,the,the,DT,DT
4647,Laos_2003,0,137,44,National,national,NNP,NN
4648,Laos_2003,0,137,45,Assembly,assembly,NNP,NN
4649,Laos_2003,0,137,46,and,and,CC,CC
4650,Laos_2003,0,137,48,to,to,TO,TO
4651,Laos_2003,0,137,49,submit,submit,VB,VB
4652,Laos_2003,0,137,51,draft,draft,NN,NN
4653,Laos_2003,0,137,52,presidential,presidential,NN,NN
4654,Laos_2003,0,137,53,decrees,decrees,NNS,NN
4655,Laos_2003,0,137,54,to,to,TO,TO
4656,Laos_2003,0,137,55,the,the,DT,DT
4657,Laos_2003,0,137,56,President,president,NNP,NN
4658,Laos_2003,0,137,57,of,of,IN,IN
4659,Laos_2003,0,137,58,the,the,DT,DT
4660,Laos_2003,0,137,59,State,state,NNP,NN
4661,Laos_2003,0,137,61,3.To,3to,CD,CD
4662,Laos_2003,0,137,62,determine,determine,NN,NN
4663,Laos_2003,0,137,63,strategic,strategic,JJ,JJ
4664,Laos_2003,0,137,64,plans,plans,NNS,NN
4665,Laos_2003,0,137,65,on,on,IN,IN
4666,Laos_2003,0,137,66,socio-economic,socioeconomic,JJ,JJ
4667,Laos_2003,0,137,67,development,development,NN,NN
4668,Laos_2003,0,137,68,and,and,CC,CC
4669,Laos_2003,0,137,69,annual,annual,JJ,JJ
4670,Laos_2003,0,137,70,State,state,NNP,NN
4671,Laos_2003,0,137,71,budgets,budgets,NNS,NN
4672,Laos_2003,0,137,72,and,and,CC,CC
4673,Laos_2003,0,137,73,to,to,TO,TO
4674,Laos_2003,0,137,74,submit,submit,VB,VB
4675,Laos_2003,0,137,75,them,them,PRP,PR
4676,Laos_2003,0,137,76,to,to,TO,TO
4677,Laos_2003,0,137,77,the,the,DT,DT
4678,Laos_2003,0,137,78,National,national,NNP,NN
4679,Laos_2003,0,137,79,Assembly,assembly,NNP,NN
4680,Laos_2003,0,137,80,for,for,IN,IN
4681,Laos_2003,0,137,81,consideration,consideration,NN,NN
4682,Laos_2003,0,137,82,and,and,CC,CC
4683,Laos_2003,0,137,83,approval,approval,NN,NN
4684,Laos_2003,0,137,85,4.To,4to,CD,CD
4685,Laos_2003,0,137,86,report,report,NN,NN
4686,Laos_2003,0,137,87,on,on,IN,IN
4687,Laos_2003,0,137,88,its,its,PRP$,PR
4688,Laos_2003,0,137,89,performance,performance,NN,NN
4689,Laos_2003,0,137,90,to,to,TO,TO
4690,Laos_2003,0,137,91,the,the,DT,DT
4691,Laos_2003,0,137,92,National,national,NNP,NN
4692,Laos_2003,0,137,93,Assembly,assembly,NNP,NN
4693,Laos_2003,0,137,95,or,or,CC,CC
4694,Laos_2003,0,137,96,to,to,TO,TO
4695,Laos_2003,0,137,97,the,the,DT,DT
4696,Laos_2003,0,137,98,National,national,NNP,NN
4697,Laos_2003,0,137,99,Assembly,assembly,NNP,NN
4698,Laos_2003,0,137,100,Standing,standing,NNP,NN
4699,Laos_2003,0,137,101,Committee,committee,NNP,NN
4700,Laos_2003,0,137,103,during,during,IN,IN
4701,Laos_2003,0,137,104,the,the,DT,DT
4702,Laos_2003,0,137,105,recess,recess,NN,NN
4703,Laos_2003,0,137,106,of,of,IN,IN
4704,Laos_2003,0,137,107,the,the,DT,DT
4705,Laos_2003,0,137,108,National,national,NNP,NN
4706,Laos_2003,0,137,109,Assembly,assembly,NNP,NN
4707,Laos_2003,0,137,112,and,and,CC,CC
4708,Laos_2003,0,137,113,to,to,TO,TO
4709,Laos_2003,0,137,114,report,report,VB,VB
4710,Laos_2003,0,137,115,to,to,TO,TO
4711,Laos_2003,0,137,116,the,the,DT,DT
4712,Laos_2003,0,137,117,President,president,NNP,NN
4713,Laos_2003,0,137,118,of,of,IN,IN
4714,Laos_2003,0,137,119,the,the,DT,DT
4715,Laos_2003,0,137,120,State,state,NNP,NN
4716,Laos_2003,0,137,122,5.To,5to,CD,CD
4717,Laos_2003,0,137,123,issue,issue,NN,NN
4718,Laos_2003,0,137,124,decrees,decrees,NNS,NN
4719,Laos_2003,0,137,125,and,and,CC,CC
4720,Laos_2003,0,137,126,resolutions,resolutions,NNS,NN
4721,Laos_2003,0,137,127,on,on,IN,IN
4722,Laos_2003,0,137,128,State,state,NNP,NN
4723,Laos_2003,0,137,129,administration,administration,NN,NN
4724,Laos_2003,0,137,131,socio-economic,socioeconomic,JJ,JJ
4725,Laos_2003,0,137,132,management,management,NN,NN
4726,Laos_2003,0,137,135,and,and,CC,CC
4727,Laos_2003,0,137,137,management,management,NN,NN
4728,Laos_2003,0,137,138,in,in,IN,IN
4729,Laos_2003,0,137,139,the,the,DT,DT
4730,Laos_2003,0,137,140,fields,fields,NNS,NN
4731,Laos_2003,0,137,141,of,of,IN,IN
4732,Laos_2003,0,137,142,science,science,NN,NN
4733,Laos_2003,0,137,143,and,and,CC,CC
4734,Laos_2003,0,137,144,technology,technology,NN,NN
4735,Laos_2003,0,137,146,national,national,JJ,JJ
4736,Laos_2003,0,137,147,resources,resources,NNS,NN
4737,Laos_2003,0,137,149,environment,environment,NN,NN
4738,Laos_2003,0,137,151,national,national,JJ,JJ
4739,Laos_2003,0,137,152,defence,defence,NN,NN
4740,Laos_2003,0,137,153,and,and,CC,CC
4741,Laos_2003,0,137,154,security,security,NN,NN
4742,Laos_2003,0,137,156,and,and,CC,CC
4743,Laos_2003,0,137,157,foreign,foreign,JJ,JJ
4744,Laos_2003,0,137,158,affairs,affairs,NNS,NN
4745,Laos_2003,0,137,160,6.To,6to,CD,CD
4746,Laos_2003,0,137,161,organise,organise,NN,NN
4747,Laos_2003,0,137,162,and,and,CC,CC
4748,Laos_2003,0,137,163,oversee,oversee,VB,VB
4749,Laos_2003,0,137,164,the,the,DT,DT
4750,Laos_2003,0,137,165,activities,activities,NNS,NN
4751,Laos_2003,0,137,166,of,of,IN,IN
4752,Laos_2003,0,137,167,the,the,DT,DT
4753,Laos_2003,0,137,168,sectoral,sectoral,JJ,JJ
4754,Laos_2003,0,137,169,organisations,organisations,NNS,NN
4755,Laos_2003,0,137,170,and,and,CC,CC
4756,Laos_2003,0,137,171,local,local,JJ,JJ
4757,Laos_2003,0,137,172,administrations,administrations,NNS,NN
4758,Laos_2003,0,137,174,7.To,7to,CD,CD
4759,Laos_2003,0,137,175,organise,organise,NN,NN
4760,Laos_2003,0,137,176,and,and,CC,CC
4761,Laos_2003,0,137,177,oversee,oversee,VB,VB
4762,Laos_2003,0,137,178,the,the,DT,DT
4763,Laos_2003,0,137,179,activities,activities,NNS,NN
4764,Laos_2003,0,137,180,of,of,IN,IN
4765,Laos_2003,0,137,181,the,the,DT,DT
4766,Laos_2003,0,137,182,national,national,JJ,JJ
4767,Laos_2003,0,137,183,defence,defence,NN,NN
4768,Laos_2003,0,137,184,and,and,CC,CC
4769,Laos_2003,0,137,185,security,security,NN,NN
4770,Laos_2003,0,137,186,forces,forces,NNS,NN
4771,Laos_2003,0,137,188,8.To,8to,CD,CD
4772,Laos_2003,0,137,189,sign,sign,NN,NN
4773,Laos_2003,0,137,190,treaties,treaties,NNS,NN
4774,Laos_2003,0,137,191,and,and,CC,CC
4775,Laos_2003,0,137,192,agreements,agreements,NNS,NN
4776,Laos_2003,0,137,193,with,with,IN,IN
4777,Laos_2003,0,137,194,foreign,foreign,JJ,JJ
4778,Laos_2003,0,137,195,countries,countries,NNS,NN
4779,Laos_2003,0,137,196,and,and,CC,CC
4780,Laos_2003,0,137,197,guide,guide,VB,VB
4781,Laos_2003,0,137,198,their,their,PRP$,PR
4782,Laos_2003,0,137,199,implementation,implementation,NN,NN
4783,Laos_2003,0,137,201,9.To,9to,CD,CD
4784,Laos_2003,0,137,202,suspend,suspend,VBP,VB
4785,Laos_2003,0,137,203,the,the,DT,DT
4786,Laos_2003,0,137,204,implementation,implementation,NN,NN
4787,Laos_2003,0,137,205,of,of,IN,IN
4788,Laos_2003,0,137,206,or,or,CC,CC
4789,Laos_2003,0,137,207,cancel,cancel,VB,VB
4790,Laos_2003,0,137,208,decisions,decisions,NNS,NN
4791,Laos_2003,0,137,210,or,or,CC,CC
4792,Laos_2003,0,137,212,instructions,instructions,NNS,NN
4793,Laos_2003,0,137,213,of,of,IN,IN
4794,Laos_2003,0,137,214,the,the,DT,DT
4795,Laos_2003,0,137,215,ministries,ministries,NNS,NN
4796,Laos_2003,0,137,217,ministry-equivalent,ministryequivalent,JJ,JJ
4797,Laos_2003,0,137,218,organisations,organisations,NNS,NN
4798,Laos_2003,0,137,220,organisations,organisations,NNS,NN
4799,Laos_2003,0,137,221,under,under,IN,IN
4800,Laos_2003,0,137,222,the,the,DT,DT
4801,Laos_2003,0,137,223,government,government,NN,NN
4802,Laos_2003,0,137,225,s,s,NN,NN
4803,Laos_2003,0,137,226,management,management,NN,NN
4804,Laos_2003,0,137,228,and,and,CC,CC
4805,Laos_2003,0,137,229,local,local,JJ,JJ
4806,Laos_2003,0,137,230,administrations,administrations,NNS,NN
4807,Laos_2003,0,137,231,if,if,IN,IN
4808,Laos_2003,0,137,232,they,they,PRP,PR
4809,Laos_2003,0,137,233,contradict,contradict,VBP,VB
4810,Laos_2003,0,137,234,the,the,DT,DT
4811,Laos_2003,0,137,235,laws,laws,NNS,NN
4812,Laos_2003,0,137,238,and,and,CC,CC
4813,Laos_2003,0,137,240,10.To,10to,CD,CD
4814,Laos_2003,0,137,241,exercise,exercise,NN,NN
4815,Laos_2003,0,137,242,such,such,JJ,JJ
4816,Laos_2003,0,137,243,other,other,JJ,JJ
4817,Laos_2003,0,137,244,rights,rights,NNS,NN
4818,Laos_2003,0,137,245,and,and,CC,CC
4819,Laos_2003,0,137,246,perform,perform,VB,VB
4820,Laos_2003,0,137,247,such,such,JJ,JJ
4821,Laos_2003,0,137,248,other,other,JJ,JJ
4822,Laos_2003,0,137,249,duties,duties,NNS,NN
4823,Laos_2003,0,137,250,as,as,IN,IN
4824,Laos_2003,0,137,251,provided,provided,VBN,VB
4825,Laos_2003,0,137,252,by,by,IN,IN
4826,Laos_2003,0,137,253,the,the,DT,DT
4827,Laos_2003,0,137,254,laws,laws,NNS,NN
4828,Laos_2003,0,138,0,Article,article,NN,NN
4829,Laos_2003,0,138,1,71,71,CD,CD
4830,Laos_2003,0,138,2,Share,share,NNP,NN
4831,Laos_2003,0,138,4,New,new,NNP,NN
4832,Laos_2003,0,138,6,The,the,DT,DT
4833,Laos_2003,0,138,7,government,government,NN,NN
4834,Laos_2003,0,138,8,consists,consists,VBZ,VB
4835,Laos_2003,0,138,9,of,of,IN,IN
4836,Laos_2003,0,138,10,the,the,DT,DT
4837,Laos_2003,0,138,11,Prime,prime,NNP,NN
4838,Laos_2003,0,138,12,Minister,minister,NNP,NN
4839,Laos_2003,0,138,14,Deputy,deputy,NNP,NN
4840,Laos_2003,0,138,15,Prime,prime,NNP,NN
4841,Laos_2003,0,138,16,Minister,minister,NNP,NN
4842,Laos_2003,0,138,18,s,s,VBD,VB
4843,Laos_2003,0,138,21,ministers,ministers,NNS,NN
4844,Laos_2003,0,138,22,and,and,CC,CC
4845,Laos_2003,0,138,23,chairmen,chairmen,NNS,NN
4846,Laos_2003,0,138,24,of,of,IN,IN
4847,Laos_2003,0,138,25,the,the,DT,DT
4848,Laos_2003,0,138,26,ministry,ministry,NN,NN
4849,Laos_2003,0,138,27,equivalent,equivalent,JJ,JJ
4850,Laos_2003,0,138,28,organisations,organisations,NNS,NN
4851,Laos_2003,0,139,0,The,the,DT,DT
4852,Laos_2003,0,139,1,term,term,NN,NN
4853,Laos_2003,0,139,2,of,of,IN,IN
4854,Laos_2003,0,139,3,office,office,NN,NN
4855,Laos_2003,0,139,4,of,of,IN,IN
4856,Laos_2003,0,139,5,the,the,DT,DT
4857,Laos_2003,0,139,6,government,government,NN,NN
4858,Laos_2003,0,139,7,is,is,VBZ,VB
4859,Laos_2003,0,139,8,the,the,DT,DT
4860,Laos_2003,0,139,9,same,same,JJ,JJ
4861,Laos_2003,0,139,10,as,as,IN,IN
4862,Laos_2003,0,139,11,the,the,DT,DT
4863,Laos_2003,0,139,12,term,term,NN,NN
4864,Laos_2003,0,139,13,of,of,IN,IN
4865,Laos_2003,0,139,14,office,office,NN,NN
4866,Laos_2003,0,139,15,of,of,IN,IN
4867,Laos_2003,0,139,16,the,the,DT,DT
4868,Laos_2003,0,139,17,National,national,NNP,NN
4869,Laos_2003,0,139,18,Assembly,assembly,NNP,NN
4870,Laos_2003,0,140,0,Article,article,NN,NN
4871,Laos_2003,0,140,1,72,72,CD,CD
4872,Laos_2003,0,140,2,Share,share,NNP,NN
4873,Laos_2003,0,140,4,New,new,NNP,NN
4874,Laos_2003,0,140,6,The,the,DT,DT
4875,Laos_2003,0,140,7,Prime,prime,NNP,NN
4876,Laos_2003,0,140,8,Minister,minister,NNP,NN
4877,Laos_2003,0,140,9,is,is,VBZ,VB
4878,Laos_2003,0,140,10,appointed,appointed,VBN,VB
4879,Laos_2003,0,140,11,or,or,CC,CC
4880,Laos_2003,0,140,12,removed,removed,VBN,VB
4881,Laos_2003,0,140,13,by,by,IN,IN
4882,Laos_2003,0,140,14,the,the,DT,DT
4883,Laos_2003,0,140,15,President,president,NNP,NN
4884,Laos_2003,0,140,16,of,of,IN,IN
4885,Laos_2003,0,140,17,the,the,DT,DT
4886,Laos_2003,0,140,18,State,state,NNP,NN
4887,Laos_2003,0,140,19,after,after,IN,IN
4888,Laos_2003,0,140,20,the,the,DT,DT
4889,Laos_2003,0,140,21,approval,approval,NN,NN
4890,Laos_2003,0,140,22,of,of,IN,IN
4891,Laos_2003,0,140,23,the,the,DT,DT
4892,Laos_2003,0,140,24,National,national,NNP,NN
4893,Laos_2003,0,140,25,Assembly,assembly,NNP,NN
4894,Laos_2003,0,141,0,Article,article,NN,NN
4895,Laos_2003,0,141,1,73,73,CD,CD
4896,Laos_2003,0,141,2,Share,share,NNP,NN
4897,Laos_2003,0,141,4,New,new,NNP,NN
4898,Laos_2003,0,141,6,The,the,DT,DT
4899,Laos_2003,0,141,7,Prime,prime,NNP,NN
4900,Laos_2003,0,141,8,Minister,minister,NNP,NN
4901,Laos_2003,0,141,9,is,is,VBZ,VB
4902,Laos_2003,0,141,10,the,the,DT,DT
4903,Laos_2003,0,141,11,head,head,NN,NN
4904,Laos_2003,0,141,12,of,of,IN,IN
4905,Laos_2003,0,141,13,the,the,DT,DT
4906,Laos_2003,0,141,14,government,government,NN,NN
4907,Laos_2003,0,141,16,and,and,CC,CC
4908,Laos_2003,0,141,17,represents,represents,VBZ,VB
4909,Laos_2003,0,141,18,the,the,DT,DT
4910,Laos_2003,0,141,19,government,government,NN,NN
4911,Laos_2003,0,141,22,he,he,PRP,PR
4912,Laos_2003,0,141,24,leads,leads,NNS,NN
4913,Laos_2003,0,141,25,and,and,CC,CC
4914,Laos_2003,0,141,26,manages,manages,VBZ,VB
4915,Laos_2003,0,141,27,the,the,DT,DT
4916,Laos_2003,0,141,28,work,work,NN,NN
4917,Laos_2003,0,141,29,of,of,IN,IN
4918,Laos_2003,0,141,30,the,the,DT,DT
4919,Laos_2003,0,141,31,government,government,NN,NN
4920,Laos_2003,0,141,33,ministries,ministries,NNS,NN
4921,Laos_2003,0,141,35,ministry-equivalent,ministryequivalent,JJ,JJ
4922,Laos_2003,0,141,36,organisations,organisations,NNS,NN
4923,Laos_2003,0,141,38,departments,departments,NNS,NN
4924,Laos_2003,0,141,39,and,and,CC,CC
4925,Laos_2003,0,141,40,other,other,JJ,JJ
4926,Laos_2003,0,141,41,organisations,organisations,NNS,NN
4927,Laos_2003,0,141,42,attached,attached,VBN,VB
4928,Laos_2003,0,141,43,to,to,TO,TO
4929,Laos_2003,0,141,44,the,the,DT,DT
4930,Laos_2003,0,141,45,government,government,NN,NN
4931,Laos_2003,0,141,47,and,and,CC,CC
4932,Laos_2003,0,141,48,leads,leads,NNS,NN
4933,Laos_2003,0,141,49,and,and,CC,CC
4934,Laos_2003,0,141,50,manages,manages,VBZ,VB
4935,Laos_2003,0,141,51,the,the,DT,DT
4936,Laos_2003,0,141,52,work,work,NN,NN
4937,Laos_2003,0,141,53,of,of,IN,IN
4938,Laos_2003,0,141,54,provinces,provinces,NNS,NN
4939,Laos_2003,0,141,55,and,and,CC,CC
4940,Laos_2003,0,141,56,cities,cities,NNS,NN
4941,Laos_2003,0,142,0,The,the,DT,DT
4942,Laos_2003,0,142,1,Prime,prime,NNP,NN
4943,Laos_2003,0,142,2,Minister,minister,NNP,NN
4944,Laos_2003,0,142,3,appoints,appoints,NNS,NN
4945,Laos_2003,0,142,5,transfers,transfers,NNS,NN
4946,Laos_2003,0,142,6,and,and,CC,CC
4947,Laos_2003,0,142,7,removes,removes,VBZ,VB
4948,Laos_2003,0,142,8,Vice-Ministers,viceministers,NNS,NN
4949,Laos_2003,0,142,10,Vice-chairmen,vicechairmen,NNP,NN
4950,Laos_2003,0,142,11,of,of,IN,IN
4951,Laos_2003,0,142,12,the,the,DT,DT
4952,Laos_2003,0,142,13,ministry-equivalent,ministryequivalent,JJ,JJ
4953,Laos_2003,0,142,14,organisations,organisations,NNS,NN
4954,Laos_2003,0,142,16,heads,heads,NNS,NN
4955,Laos_2003,0,142,17,of,of,IN,IN
4956,Laos_2003,0,142,18,department,department,NN,NN
4957,Laos_2003,0,142,20,deputy,deputy,JJ,JJ
4958,Laos_2003,0,142,21,governors,governors,NNS,NN
4959,Laos_2003,0,142,23,and,and,CC,CC
4960,Laos_2003,0,142,24,deputy,deputy,JJ,JJ
4961,Laos_2003,0,142,25,mayors,mayors,NNS,NN
4962,Laos_2003,0,142,26,of,of,IN,IN
4963,Laos_2003,0,142,27,cities,cities,NNS,NN
4964,Laos_2003,0,142,29,and,and,CC,CC
4965,Laos_2003,0,142,30,promotes,promotes,NNS,NN
4966,Laos_2003,0,142,31,and,and,CC,CC
4967,Laos_2003,0,142,32,demotes,demotes,NNS,NN
4968,Laos_2003,0,142,33,colonels,colonels,NNS,NN
4969,Laos_2003,0,142,34,in,in,IN,IN
4970,Laos_2003,0,142,35,the,the,DT,DT
4971,Laos_2003,0,142,36,national,national,JJ,JJ
4972,Laos_2003,0,142,37,defence,defence,NN,NN
4973,Laos_2003,0,142,38,and,and,CC,CC
4974,Laos_2003,0,142,39,security,security,NN,NN
4975,Laos_2003,0,142,40,forces,forces,NNS,NN
4976,Laos_2003,0,142,41,and,and,CC,CC
4977,Laos_2003,0,142,42,other,other,JJ,JJ
4978,Laos_2003,0,142,43,ranks,ranks,NNS,NN
4979,Laos_2003,0,142,44,as,as,IN,IN
4980,Laos_2003,0,142,45,provided,provided,VBN,VB
4981,Laos_2003,0,142,46,by,by,IN,IN
4982,Laos_2003,0,142,47,the,the,DT,DT
4983,Laos_2003,0,142,48,laws,laws,NNS,NN
4984,Laos_2003,0,143,0,The,the,DT,DT
4985,Laos_2003,0,143,1,Deputy,deputy,NNP,NN
4986,Laos_2003,0,143,2,Prime,prime,NNP,NN
4987,Laos_2003,0,143,3,Ministers,ministers,NNP,NN
4988,Laos_2003,0,143,4,are,are,VBP,VB
4989,Laos_2003,0,143,5,the,the,DT,DT
4990,Laos_2003,0,143,6,assistants,assistants,NNS,NN
4991,Laos_2003,0,143,7,of,of,IN,IN
4992,Laos_2003,0,143,8,the,the,DT,DT
4993,Laos_2003,0,143,9,Prime,prime,NNP,NN
4994,Laos_2003,0,143,10,Minister,minister,NNP,NN
4995,Laos_2003,0,143,11,and,and,CC,CC
4996,Laos_2003,0,143,12,execute,execute,VB,VB
4997,Laos_2003,0,143,13,the,the,DT,DT
4998,Laos_2003,0,143,14,tasks,tasks,NNS,NN
4999,Laos_2003,0,143,15,assigned,assigned,VBN,VB
5000,Laos_2003,0,143,16,to,to,TO,TO
5001,Laos_2003,0,143,17,them,them,PRP,PR
5002,Laos_2003,0,143,18,by,by,IN,IN
5003,Laos_2003,0,143,19,the,the,DT,DT
5004,Laos_2003,0,143,20,Prime,prime,NNP,NN
5005,Laos_2003,0,143,21,Minister,minister,NNP,NN
5006,Laos_2003,0,144,0,The,the,DT,DT
5007,Laos_2003,0,144,1,Prime,prime,NNP,NN
5008,Laos_2003,0,144,2,Minister,minister,NNP,NN
5009,Laos_2003,0,144,3,may,may,MD,MD
5010,Laos_2003,0,144,4,assign,assign,VB,VB
5011,Laos_2003,0,144,5,a,a,DT,DT
5012,Laos_2003,0,144,6,particular,particular,JJ,JJ
5013,Laos_2003,0,144,7,Deputy,deputy,NNP,NN
5014,Laos_2003,0,144,8,Prime,prime,NNP,NN
5015,Laos_2003,0,144,9,Minister,minister,NNP,NN
5016,Laos_2003,0,144,10,to,to,TO,TO
5017,Laos_2003,0,144,11,carry,carry,VB,VB
5018,Laos_2003,0,144,12,out,out,RP,RP
5019,Laos_2003,0,144,13,work,work,NN,NN
5020,Laos_2003,0,144,14,on,on,IN,IN
5021,Laos_2003,0,144,15,his,his,PRP$,PR
5022,Laos_2003,0,144,16,behalf,behalf,NN,NN
5023,Laos_2003,0,144,17,in,in,IN,IN
5024,Laos_2003,0,144,18,the,the,DT,DT
5025,Laos_2003,0,144,19,event,event,NN,NN
5026,Laos_2003,0,144,20,that,that,IN,IN
5027,Laos_2003,0,144,21,he,he,PRP,PR
5028,Laos_2003,0,144,22,is,is,VBZ,VB
5029,Laos_2003,0,144,24,occupied,occupied,VBN,VB
5030,Laos_2003,0,144,25,on,on,IN,IN
5031,Laos_2003,0,144,26,other,other,JJ,JJ
5032,Laos_2003,0,144,27,matters,matters,NNS,NN
5033,Laos_2003,0,145,0,Article,article,NN,NN
5034,Laos_2003,0,145,1,74,74,CD,CD
5035,Laos_2003,0,145,2,Share,share,NNP,NN
5036,Laos_2003,0,145,4,New,new,NNP,NN
5037,Laos_2003,0,145,6,The,the,DT,DT
5038,Laos_2003,0,145,7,National,national,NNP,NN
5039,Laos_2003,0,145,8,Assembly,assembly,NNP,NN
5040,Laos_2003,0,145,9,may,may,MD,MD
5041,Laos_2003,0,145,10,pass,pass,VB,VB
5042,Laos_2003,0,145,11,a,a,DT,DT
5043,Laos_2003,0,145,12,vote,vote,NN,NN
5044,Laos_2003,0,145,13,of,of,IN,IN
5045,Laos_2003,0,145,14,no,no,DT,DT
5046,Laos_2003,0,145,15,confidence,confidence,NN,NN
5047,Laos_2003,0,145,16,in,in,IN,IN
5048,Laos_2003,0,145,17,the,the,DT,DT
5049,Laos_2003,0,145,18,government,government,NN,NN
5050,Laos_2003,0,145,19,or,or,CC,CC
5051,Laos_2003,0,145,20,any,any,DT,DT
5052,Laos_2003,0,145,21,member,member,NN,NN
5053,Laos_2003,0,145,22,of,of,IN,IN
5054,Laos_2003,0,145,23,the,the,DT,DT
5055,Laos_2003,0,145,24,government,government,NN,NN
5056,Laos_2003,0,145,25,if,if,IN,IN
5057,Laos_2003,0,145,26,the,the,DT,DT
5058,Laos_2003,0,145,27,National,national,NNP,NN
5059,Laos_2003,0,145,28,Assembly,assembly,NNP,NN
5060,Laos_2003,0,145,29,Standing,standing,NNP,NN
5061,Laos_2003,0,145,30,Committee,committee,NNP,NN
5062,Laos_2003,0,145,31,or,or,CC,CC
5063,Laos_2003,0,145,32,one-fourth,onefourth,NN,NN
5064,Laos_2003,0,145,33,of,of,IN,IN
5065,Laos_2003,0,145,34,the,the,DT,DT
5066,Laos_2003,0,145,35,total,total,JJ,JJ
5067,Laos_2003,0,145,36,number,number,NN,NN
5068,Laos_2003,0,145,37,of,of,IN,IN
5069,Laos_2003,0,145,38,National,national,NNP,NN
5070,Laos_2003,0,145,39,Assembly,assembly,NNP,NN
5071,Laos_2003,0,145,40,members,members,NNS,NN
5072,Laos_2003,0,145,41,raises,raises,VBZ,VB
5073,Laos_2003,0,145,42,the,the,DT,DT
5074,Laos_2003,0,145,43,issue,issue,NN,NN
5075,Laos_2003,0,146,0,Within,within,IN,IN
5076,Laos_2003,0,146,1,twenty-four,twentyfour,JJ,JJ
5077,Laos_2003,0,146,2,hours,hours,NNS,NN
5078,Laos_2003,0,146,3,after,after,IN,IN
5079,Laos_2003,0,146,4,such,such,JJ,JJ
5080,Laos_2003,0,146,5,vote,vote,NN,NN
5081,Laos_2003,0,146,6,of,of,IN,IN
5082,Laos_2003,0,146,7,no,no,DT,DT
5083,Laos_2003,0,146,8,confidence,confidence,NN,NN
5084,Laos_2003,0,146,10,the,the,DT,DT
5085,Laos_2003,0,146,11,President,president,NNP,NN
5086,Laos_2003,0,146,12,of,of,IN,IN
5087,Laos_2003,0,146,13,the,the,DT,DT
5088,Laos_2003,0,146,14,State,state,NNP,NN
5089,Laos_2003,0,146,15,has,has,VBZ,VB
5090,Laos_2003,0,146,16,the,the,DT,DT
5091,Laos_2003,0,146,17,right,right,NN,NN
5092,Laos_2003,0,146,18,to,to,TO,TO
5093,Laos_2003,0,146,19,bring,bring,VB,VB
5094,Laos_2003,0,146,20,the,the,DT,DT
5095,Laos_2003,0,146,21,no,no,DT,DT
5096,Laos_2003,0,146,22,confidence,confidence,NN,NN
5097,Laos_2003,0,146,23,question,question,NN,NN
5098,Laos_2003,0,146,24,to,to,TO,TO
5099,Laos_2003,0,146,25,the,the,DT,DT
5100,Laos_2003,0,146,26,National,national,NNP,NN
5101,Laos_2003,0,146,27,Assembly,assembly,NNP,NN
5102,Laos_2003,0,146,28,for,for,IN,IN
5103,Laos_2003,0,146,29,reconsideration,reconsideration,NN,NN
5104,Laos_2003,0,147,0,Such,such,JJ,JJ
5105,Laos_2003,0,147,1,reconsideration,reconsideration,NN,NN
5106,Laos_2003,0,147,2,must,must,MD,MD
5107,Laos_2003,0,147,3,be,be,VB,VB
5108,Laos_2003,0,147,4,held,held,VBN,VB
5109,Laos_2003,0,147,5,within,within,IN,IN
5110,Laos_2003,0,147,6,forty-eight,fortyeight,JJ,JJ
5111,Laos_2003,0,147,7,hours,hours,NNS,NN
5112,Laos_2003,0,147,8,from,from,IN,IN
5113,Laos_2003,0,147,9,the,the,DT,DT
5114,Laos_2003,0,147,10,first,first,JJ,JJ
5115,Laos_2003,0,147,11,consideration,consideration,NN,NN
5116,Laos_2003,0,148,0,If,if,IN,IN
5117,Laos_2003,0,148,1,the,the,DT,DT
5118,Laos_2003,0,148,2,new,new,JJ,JJ
5119,Laos_2003,0,148,3,vote,vote,NN,NN
5120,Laos_2003,0,148,4,of,of,IN,IN
5121,Laos_2003,0,148,5,no,no,DT,DT
5122,Laos_2003,0,148,6,confidence,confidence,NN,NN
5123,Laos_2003,0,148,7,is,is,VBZ,VB
5124,Laos_2003,0,148,8,passed,passed,VBN,VB
5125,Laos_2003,0,148,10,the,the,DT,DT
5126,Laos_2003,0,148,11,government,government,NN,NN
5127,Laos_2003,0,148,12,or,or,CC,CC
5128,Laos_2003,0,148,13,the,the,DT,DT
5129,Laos_2003,0,148,14,member,member,NN,NN
5130,Laos_2003,0,148,15,of,of,IN,IN
5131,Laos_2003,0,148,16,the,the,DT,DT
5132,Laos_2003,0,148,17,government,government,NN,NN
5133,Laos_2003,0,148,18,must,must,MD,MD
5134,Laos_2003,0,148,19,resign,resign,VB,VB
5135,Laos_2003,0,149,0,Chapter,chapter,NN,NN
5136,Laos_2003,0,149,1,VIII,viii,NNP,NN
5137,Laos_2003,0,150,0,The,the,DT,DT
5138,Laos_2003,0,150,1,Local,local,NNP,NN
5139,Laos_2003,0,150,2,Administration,administration,NNP,NN
5140,Laos_2003,0,150,3,Share,share,NNP,NN
5141,Laos_2003,0,150,4,Article,article,NNP,NN
5142,Laos_2003,0,150,5,75,75,CD,CD
5143,Laos_2003,0,150,6,Share,share,NNP,NN
5144,Laos_2003,0,150,8,New,new,NNP,NN
5145,Laos_2003,0,150,10,The,the,DT,DT
5146,Laos_2003,0,150,11,Lao,lao,NNP,NN
5147,Laos_2003,0,150,12,People,people,NNP,NN
5148,Laos_2003,0,150,14,s,s,VBD,VB
5149,Laos_2003,0,150,15,Democratic,democratic,NNP,NN
5150,Laos_2003,0,150,16,Republic,republic,NNP,NN
5151,Laos_2003,0,150,17,is,is,VBZ,VB
5152,Laos_2003,0,150,18,divided,divided,VBN,VB
5153,Laos_2003,0,150,19,into,into,IN,IN
5154,Laos_2003,0,150,20,three,three,CD,CD
5155,Laos_2003,0,150,21,levels,levels,NNS,NN
5156,Laos_2003,0,150,22,of,of,IN,IN
5157,Laos_2003,0,150,23,local,local,JJ,JJ
5158,Laos_2003,0,150,24,administration,administration,NN,NN
5159,Laos_2003,0,150,26,namely,namely,RB,RB
5160,Laos_2003,0,150,27,provinces,provinces,NNS,NN
5161,Laos_2003,0,150,29,districts,districts,NNS,NN
5162,Laos_2003,0,150,30,and,and,CC,CC
5163,Laos_2003,0,150,31,villages,villages,NNS,NN
5164,Laos_2003,0,151,0,The,the,DT,DT
5165,Laos_2003,0,151,1,provincial,provincial,JJ,JJ
5166,Laos_2003,0,151,2,level,level,NN,NN
5167,Laos_2003,0,151,3,consists,consists,VBZ,VB
5168,Laos_2003,0,151,4,of,of,IN,IN
5169,Laos_2003,0,151,5,provinces,provinces,NNS,NN
5170,Laos_2003,0,151,6,and,and,CC,CC
5171,Laos_2003,0,151,7,cities,cities,NNS,NN
5172,Laos_2003,0,151,9,The,the,DT,DT
5173,Laos_2003,0,151,10,district,district,NN,NN
5174,Laos_2003,0,151,11,level,level,NN,NN
5175,Laos_2003,0,151,12,consists,consists,VBZ,VB
5176,Laos_2003,0,151,13,of,of,IN,IN
5177,Laos_2003,0,151,14,districts,districts,NNS,NN
5178,Laos_2003,0,151,15,and,and,CC,CC
5179,Laos_2003,0,151,16,municipalities,municipalities,NNS,NN
5180,Laos_2003,0,151,18,The,the,DT,DT
5181,Laos_2003,0,151,19,village,village,NN,NN
5182,Laos_2003,0,151,20,level,level,NN,NN
5183,Laos_2003,0,151,21,consists,consists,VBZ,VB
5184,Laos_2003,0,151,22,of,of,IN,IN
5185,Laos_2003,0,151,23,villages,villages,NNS,NN
5186,Laos_2003,0,152,0,Provinces,provinces,NNS,NN
5187,Laos_2003,0,152,1,are,are,VBP,VB
5188,Laos_2003,0,152,3,governed,governed,VBN,VB
5189,Laos_2003,0,152,4,by,by,IN,IN
5190,Laos_2003,0,152,6,governors,governors,NNS,NN
5191,Laos_2003,0,152,8,cities,cities,NNS,NN
5192,Laos_2003,0,152,9,are,are,VBP,VB
5193,Laos_2003,0,152,11,governed,governed,VBN,VB
5194,Laos_2003,0,152,12,by,by,IN,IN
5195,Laos_2003,0,152,14,governors,governors,NNS,NN
5196,Laos_2003,0,152,15,of,of,IN,IN
5197,Laos_2003,0,152,16,cities,cities,NNS,NN
5198,Laos_2003,0,152,18,districts,districts,NNS,NN
5199,Laos_2003,0,152,19,are,are,VBP,VB
5200,Laos_2003,0,152,21,governed,governed,VBN,VB
5201,Laos_2003,0,152,22,by,by,IN,IN
5202,Laos_2003,0,152,24,mayors,mayors,NNS,NN
5203,Laos_2003,0,152,26,municipalities,municipalities,NNS,NN
5204,Laos_2003,0,152,27,are,are,VBP,VB
5205,Laos_2003,0,152,29,governed,governed,VBN,VB
5206,Laos_2003,0,152,30,by,by,IN,IN
5207,Laos_2003,0,152,32,chiefs,chiefs,NNS,NN
5208,Laos_2003,0,152,33,of,of,IN,IN
5209,Laos_2003,0,152,34,municipalities,municipalities,NNS,NN
5210,Laos_2003,0,152,35,and,and,CC,CC
5211,Laos_2003,0,152,36,villages,villages,NNS,NN
5212,Laos_2003,0,152,37,are,are,VBP,VB
5213,Laos_2003,0,152,39,administered,administered,VBN,VB
5214,Laos_2003,0,152,40,by,by,IN,IN
5215,Laos_2003,0,152,42,village,village,NN,NN
5216,Laos_2003,0,152,43,chiefs,chiefs,NNS,NN
5217,Laos_2003,0,153,0,Governors,governors,NNS,NN
5218,Laos_2003,0,153,2,mayors,mayors,NNS,NN
5219,Laos_2003,0,153,4,chiefs,chiefs,NNS,NN
5220,Laos_2003,0,153,5,of,of,IN,IN
5221,Laos_2003,0,153,6,municipalities,municipalities,NNS,NN
5222,Laos_2003,0,153,7,and,and,CC,CC
5223,Laos_2003,0,153,8,village,village,NN,NN
5224,Laos_2003,0,153,9,chiefs,chiefs,NNS,NN
5225,Laos_2003,0,153,10,have,have,VBP,VB
5226,Laos_2003,0,153,11,deputies,deputies,NNS,NN
5227,Laos_2003,0,153,12,to,to,TO,TO
5228,Laos_2003,0,153,13,assist,assist,VB,VB
5229,Laos_2003,0,153,14,them,them,PRP,PR
5230,Laos_2003,0,153,15,in,in,IN,IN
5231,Laos_2003,0,153,16,their,their,PRP$,PR
5232,Laos_2003,0,153,17,work,work,NN,NN
5233,Laos_2003,0,154,0,If,if,IN,IN
5234,Laos_2003,0,154,1,it,it,PRP,PR
5235,Laos_2003,0,154,2,deems,deems,VBZ,VB
5236,Laos_2003,0,154,3,it,it,PRP,PR
5237,Laos_2003,0,154,4,necessary,necessary,JJ,JJ
5238,Laos_2003,0,154,6,the,the,DT,DT
5239,Laos_2003,0,154,7,National,national,NNP,NN
5240,Laos_2003,0,154,8,Assembly,assembly,NNP,NN
5241,Laos_2003,0,154,9,may,may,MD,MD
5242,Laos_2003,0,154,10,decide,decide,VB,VB
5243,Laos_2003,0,154,11,to,to,TO,TO
5244,Laos_2003,0,154,12,establish,establish,VB,VB
5245,Laos_2003,0,154,13,a,a,DT,DT
5246,Laos_2003,0,154,14,Special,special,JJ,JJ
5247,Laos_2003,0,154,15,Zone,zone,NNP,NN
5248,Laos_2003,0,155,0,The,the,DT,DT
5249,Laos_2003,0,155,1,Special,special,JJ,JJ
5250,Laos_2003,0,155,2,Zone,zone,NNP,NN
5251,Laos_2003,0,155,3,is,is,VBZ,VB
5252,Laos_2003,0,155,4,equivalent,equivalent,JJ,JJ
5253,Laos_2003,0,155,5,to,to,TO,TO
5254,Laos_2003,0,155,6,a,a,DT,DT
5255,Laos_2003,0,155,7,province,province,NN,NN
5256,Laos_2003,0,156,0,Article,article,NN,NN
5257,Laos_2003,0,156,1,76,76,CD,CD
5258,Laos_2003,0,156,2,Share,share,NNP,NN
5259,Laos_2003,0,156,4,New,new,NNP,NN
5260,Laos_2003,0,156,6,The,the,DT,DT
5261,Laos_2003,0,156,7,governors,governors,NNS,NN
5262,Laos_2003,0,156,8,of,of,IN,IN
5263,Laos_2003,0,156,9,provinces,provinces,NNS,NN
5264,Laos_2003,0,156,10,and,and,CC,CC
5265,Laos_2003,0,156,11,cities,cities,NNS,NN
5266,Laos_2003,0,156,12,and,and,CC,CC
5267,Laos_2003,0,156,13,the,the,DT,DT
5268,Laos_2003,0,156,14,mayors,mayors,NNS,NN
5269,Laos_2003,0,156,15,of,of,IN,IN
5270,Laos_2003,0,156,16,districts,districts,NNS,NN
5271,Laos_2003,0,156,17,have,have,VBP,VB
5272,Laos_2003,0,156,18,the,the,DT,DT
5273,Laos_2003,0,156,19,following,following,JJ,JJ
5274,Laos_2003,0,156,20,rights,rights,NNS,NN
5275,Laos_2003,0,156,21,and,and,CC,CC
5276,Laos_2003,0,156,22,duties,duties,NNS,NN
5277,Laos_2003,0,156,24,1.To,1to,CD,CD
5278,Laos_2003,0,156,25,ensure,ensure,VB,VB
5279,Laos_2003,0,156,26,the,the,DT,DT
5280,Laos_2003,0,156,27,implementation,implementation,NN,NN
5281,Laos_2003,0,156,28,of,of,IN,IN
5282,Laos_2003,0,156,29,the,the,DT,DT
5283,Laos_2003,0,156,30,Constitution,constitution,NNP,NN
5284,Laos_2003,0,156,31,and,and,CC,CC
5285,Laos_2003,0,156,32,the,the,DT,DT
5286,Laos_2003,0,156,33,laws,laws,NNS,NN
5287,Laos_2003,0,156,35,and,and,CC,CC
5288,Laos_2003,0,156,36,to,to,TO,TO
5289,Laos_2003,0,156,37,implement,implement,VB,VB
5290,Laos_2003,0,156,38,decisions,decisions,NNS,NN
5291,Laos_2003,0,156,39,and,and,CC,CC
5292,Laos_2003,0,156,40,orders,orders,NNS,NN
5293,Laos_2003,0,156,41,issued,issued,VBN,VB
5294,Laos_2003,0,156,42,by,by,IN,IN
5295,Laos_2003,0,156,43,higher-level,higherlevel,JJ,JJ
5296,Laos_2003,0,156,44,authorities,authorities,NNS,NN
5297,Laos_2003,0,156,46,2.To,2to,CD,CD
5298,Laos_2003,0,156,47,guide,guide,NN,NN
5299,Laos_2003,0,156,48,and,and,CC,CC
5300,Laos_2003,0,156,49,oversee,oversee,VB,VB
5301,Laos_2003,0,156,50,the,the,DT,DT
5302,Laos_2003,0,156,51,activities,activities,NNS,NN
5303,Laos_2003,0,156,52,of,of,IN,IN
5304,Laos_2003,0,156,53,all,all,DT,DT
5305,Laos_2003,0,156,54,sectoral,sectoral,JJ,JJ
5306,Laos_2003,0,156,56,organisations,organisations,NNS,NN
5307,Laos_2003,0,156,58,and,and,CC,CC
5308,Laos_2003,0,156,59,all,all,DT,DT
5309,Laos_2003,0,156,60,levels,levels,NNS,NN
5310,Laos_2003,0,156,61,of,of,IN,IN
5311,Laos_2003,0,156,62,authorities,authorities,NNS,NN
5312,Laos_2003,0,156,63,under,under,IN,IN
5313,Laos_2003,0,156,64,their,their,PRP$,PR
5314,Laos_2003,0,156,65,jurisdiction,jurisdiction,NN,NN
5315,Laos_2003,0,156,67,3.To,3to,CD,CD
5316,Laos_2003,0,156,68,suspend,suspend,NN,NN
5317,Laos_2003,0,156,69,or,or,CC,CC
5318,Laos_2003,0,156,70,cancel,cancel,VB,VB
5319,Laos_2003,0,156,71,the,the,DT,DT
5320,Laos_2003,0,156,72,decisions,decisions,NNS,NN
5321,Laos_2003,0,156,73,of,of,IN,IN
5322,Laos_2003,0,156,74,sectoral,sectoral,JJ,JJ
5323,Laos_2003,0,156,76,organisations,organisations,NNS,NN
5324,Laos_2003,0,156,78,at,at,IN,IN
5325,Laos_2003,0,156,79,their,their,PRP$,PR
5326,Laos_2003,0,156,80,own,own,JJ,JJ
5327,Laos_2003,0,156,81,or,or,CC,CC
5328,Laos_2003,0,156,82,lower,lower,JJR,JJ
5329,Laos_2003,0,156,83,levels,levels,NNS,NN
5330,Laos_2003,0,156,85,which,which,WDT,WD
5331,Laos_2003,0,156,86,contradict,contradict,VBP,VB
5332,Laos_2003,0,156,87,the,the,DT,DT
5333,Laos_2003,0,156,88,laws,laws,NNS,NN
5334,Laos_2003,0,156,89,and,and,CC,CC
5335,Laos_2003,0,156,90,regulations,regulations,NNS,NN
5336,Laos_2003,0,156,92,4.To,4to,CD,CD
5337,Laos_2003,0,156,93,manage,manage,NN,NN
5338,Laos_2003,0,156,94,citizens,citizens,NNS,NN
5339,Laos_2003,0,156,96,and,and,CC,CC
5340,Laos_2003,0,156,99,within,within,IN,IN
5341,Laos_2003,0,156,100,the,the,DT,DT
5342,Laos_2003,0,156,101,scope,scope,NN,NN
5343,Laos_2003,0,156,102,of,of,IN,IN
5344,Laos_2003,0,156,103,their,their,PRP$,PR
5345,Laos_2003,0,156,104,rights,rights,NNS,NN
5346,Laos_2003,0,156,105,and,and,CC,CC
5347,Laos_2003,0,156,106,powers,powers,NNS,NN
5348,Laos_2003,0,156,107,under,under,IN,IN
5349,Laos_2003,0,156,108,the,the,DT,DT
5350,Laos_2003,0,156,109,laws,laws,NNS,NN
5351,Laos_2003,0,156,111,to,to,TO,TO
5352,Laos_2003,0,156,112,consider,consider,VB,VB
5353,Laos_2003,0,156,113,and,and,CC,CC
5354,Laos_2003,0,156,114,resolve,resolve,VB,VB
5355,Laos_2003,0,156,115,the,the,DT,DT
5356,Laos_2003,0,156,116,complaints,complaints,NNS,NN
5357,Laos_2003,0,156,117,and,and,CC,CC
5358,Laos_2003,0,156,118,proposals,proposals,NNS,NN
5359,Laos_2003,0,156,119,of,of,IN,IN
5360,Laos_2003,0,156,120,the,the,DT,DT
5361,Laos_2003,0,156,121,people,people,NNS,NN
5362,Laos_2003,0,156,124,and,and,CC,CC
5363,Laos_2003,0,156,126,5.To,5to,CD,CD
5364,Laos_2003,0,156,127,exercise,exercise,NN,NN
5365,Laos_2003,0,156,128,such,such,JJ,JJ
5366,Laos_2003,0,156,129,other,other,JJ,JJ
5367,Laos_2003,0,156,130,rights,rights,NNS,NN
5368,Laos_2003,0,156,131,and,and,CC,CC
5369,Laos_2003,0,156,132,perform,perform,VB,VB
5370,Laos_2003,0,156,133,such,such,JJ,JJ
5371,Laos_2003,0,156,134,other,other,JJ,JJ
5372,Laos_2003,0,156,135,duties,duties,NNS,NN
5373,Laos_2003,0,156,136,as,as,IN,IN
5374,Laos_2003,0,156,137,provided,provided,VBN,VB
5375,Laos_2003,0,156,138,by,by,IN,IN
5376,Laos_2003,0,156,139,the,the,DT,DT
5377,Laos_2003,0,156,140,laws,laws,NNS,NN
5378,Laos_2003,0,157,0,Article,article,NN,NN
5379,Laos_2003,0,157,1,77,77,CD,CD
5380,Laos_2003,0,157,2,Share,share,NNP,NN
5381,Laos_2003,0,157,4,New,new,NNP,NN
5382,Laos_2003,0,157,6,The,the,DT,DT
5383,Laos_2003,0,157,7,chiefs,chiefs,NN,NN
5384,Laos_2003,0,157,8,of,of,IN,IN
5385,Laos_2003,0,157,9,municipalities,municipalities,NNS,NN
5386,Laos_2003,0,157,10,have,have,VBP,VB
5387,Laos_2003,0,157,11,the,the,DT,DT
5388,Laos_2003,0,157,12,rights,rights,NNS,NN
5389,Laos_2003,0,157,13,and,and,CC,CC
5390,Laos_2003,0,157,14,duties,duties,NNS,NN
5391,Laos_2003,0,157,15,to,to,TO,TO
5392,Laos_2003,0,157,16,plan,plan,VB,VB
5393,Laos_2003,0,157,18,implement,implement,NN,NN
5394,Laos_2003,0,157,19,and,and,CC,CC
5395,Laos_2003,0,157,20,administer,administer,JJ,JJ
5396,Laos_2003,0,157,21,urban,urban,JJ,JJ
5397,Laos_2003,0,157,22,development,development,NN,NN
5398,Laos_2003,0,157,23,and,and,CC,CC
5399,Laos_2003,0,157,24,public,public,NN,NN
5400,Laos_2003,0,157,25,services,services,NNS,NN
5401,Laos_2003,0,157,26,throughout,throughout,IN,IN
5402,Laos_2003,0,157,27,the,the,DT,DT
5403,Laos_2003,0,157,28,municipality,municipality,NN,NN
5404,Laos_2003,0,157,30,to,to,TO,TO
5405,Laos_2003,0,157,31,ensure,ensure,VB,VB
5406,Laos_2003,0,157,32,order,order,NN,NN
5407,Laos_2003,0,157,33,and,and,CC,CC
5408,Laos_2003,0,157,34,cleanliness,cleanliness,NN,NN
5409,Laos_2003,0,157,35,in,in,IN,IN
5410,Laos_2003,0,157,36,accordance,accordance,NN,NN
5411,Laos_2003,0,157,37,with,with,IN,IN
5412,Laos_2003,0,157,38,urban,urban,JJ,JJ
5413,Laos_2003,0,157,39,planning,planning,NN,NN
5414,Laos_2003,0,157,41,and,and,CC,CC
5415,Laos_2003,0,157,42,to,to,TO,TO
5416,Laos_2003,0,157,43,exercise,exercise,VB,VB
5417,Laos_2003,0,157,44,such,such,JJ,JJ
5418,Laos_2003,0,157,45,other,other,JJ,JJ
5419,Laos_2003,0,157,46,rights,rights,NNS,NN
5420,Laos_2003,0,157,47,and,and,CC,CC
5421,Laos_2003,0,157,48,perform,perform,VB,VB
5422,Laos_2003,0,157,49,such,such,JJ,JJ
5423,Laos_2003,0,157,50,other,other,JJ,JJ
5424,Laos_2003,0,157,51,duties,duties,NNS,NN
5425,Laos_2003,0,157,52,as,as,IN,IN
5426,Laos_2003,0,157,53,provided,provided,VBN,VB
5427,Laos_2003,0,157,54,by,by,IN,IN
5428,Laos_2003,0,157,55,the,the,DT,DT
5429,Laos_2003,0,157,56,laws,laws,NNS,NN
5430,Laos_2003,0,157,57,and,and,CC,CC
5431,Laos_2003,0,157,58,regulations,regulations,NNS,NN
5432,Laos_2003,0,158,0,Article,article,NN,NN
5433,Laos_2003,0,158,1,78,78,CD,CD
5434,Laos_2003,0,158,2,Share,share,NNP,NN
5435,Laos_2003,0,158,3,The,the,DT,DT
5436,Laos_2003,0,158,4,village,village,NN,NN
5437,Laos_2003,0,158,5,chiefs,chiefs,NNS,NN
5438,Laos_2003,0,158,6,have,have,VBP,VB
5439,Laos_2003,0,158,7,the,the,DT,DT
5440,Laos_2003,0,158,8,responsibility,responsibility,NN,NN
5441,Laos_2003,0,158,9,to,to,TO,TO
5442,Laos_2003,0,158,10,organise,organise,VB,VB
5443,Laos_2003,0,158,11,the,the,DT,DT
5444,Laos_2003,0,158,12,implementation,implementation,NN,NN
5445,Laos_2003,0,158,13,of,of,IN,IN
5446,Laos_2003,0,158,14,the,the,DT,DT
5447,Laos_2003,0,158,15,laws,laws,NNS,NN
5448,Laos_2003,0,158,17,decisions,decisions,NNS,NN
5449,Laos_2003,0,158,18,and,and,CC,CC
5450,Laos_2003,0,158,19,orders,orders,NNS,NN
5451,Laos_2003,0,158,20,of,of,IN,IN
5452,Laos_2003,0,158,21,the,the,DT,DT
5453,Laos_2003,0,158,22,State,state,NNP,NN
5454,Laos_2003,0,158,24,to,to,TO,TO
5455,Laos_2003,0,158,25,maintain,maintain,VB,VB
5456,Laos_2003,0,158,26,the,the,DT,DT
5457,Laos_2003,0,158,27,peace,peace,NN,NN
5458,Laos_2003,0,158,28,and,and,CC,CC
5459,Laos_2003,0,158,29,public,public,JJ,JJ
5460,Laos_2003,0,158,30,order,order,NN,NN
5461,Laos_2003,0,158,31,of,of,IN,IN
5462,Laos_2003,0,158,32,the,the,DT,DT
5463,Laos_2003,0,158,33,village,village,NN,NN
5464,Laos_2003,0,158,35,and,and,CC,CC
5465,Laos_2003,0,158,36,to,to,TO,TO
5466,Laos_2003,0,158,37,develop,develop,VB,VB
5467,Laos_2003,0,158,38,the,the,DT,DT
5468,Laos_2003,0,158,39,villages,villages,NNS,NN
5469,Laos_2003,0,158,40,in,in,IN,IN
5470,Laos_2003,0,158,41,all,all,DT,DT
5471,Laos_2003,0,158,42,fields,fields,NNS,NN
5472,Laos_2003,0,159,0,Chapter,chapter,NN,NN
5473,Laos_2003,0,159,1,IX,ix,NNP,NN
5474,Laos_2003,0,160,0,People,people,NNS,NN
5475,Laos_2003,0,160,2,s,s,JJ,JJ
5476,Laos_2003,0,160,3,Courts,courts,NNS,NN
5477,Laos_2003,0,160,4,and,and,CC,CC
5478,Laos_2003,0,160,5,Public,public,NNP,NN
5479,Laos_2003,0,160,6,Prosecutor,prosecutor,NNP,NN
5480,Laos_2003,0,160,7,Share,share,NNP,NN
5481,Laos_2003,0,160,8,Article,article,NNP,NN
5482,Laos_2003,0,160,9,79,79,CD,CD
5483,Laos_2003,0,160,10,Share,share,NNP,NN
5484,Laos_2003,0,160,12,New,new,NNP,NN
5485,Laos_2003,0,160,14,The,the,DT,DT
5486,Laos_2003,0,160,15,people,people,NNS,NN
5487,Laos_2003,0,160,17,s,s,JJ,JJ
5488,Laos_2003,0,160,18,courts,courts,NNS,NN
5489,Laos_2003,0,160,19,constitute,constitute,VBP,VB
5490,Laos_2003,0,160,20,the,the,DT,DT
5491,Laos_2003,0,160,21,judicial,judicial,JJ,JJ
5492,Laos_2003,0,160,22,branch,branch,NN,NN
5493,Laos_2003,0,160,23,of,of,IN,IN
5494,Laos_2003,0,160,24,the,the,DT,DT
5495,Laos_2003,0,160,25,State,state,NNP,NN
5496,Laos_2003,0,160,26,and,and,CC,CC
5497,Laos_2003,0,160,27,consist,consist,NN,NN
5498,Laos_2003,0,160,28,of,of,IN,IN
5499,Laos_2003,0,160,30,The,the,DT,DT
5500,Laos_2003,0,160,31,People,people,NNP,NN
5501,Laos_2003,0,160,33,s,s,JJ,JJ
5502,Laos_2003,0,160,34,Supreme,supreme,NNP,NN
5503,Laos_2003,0,160,35,Court,court,NNP,NN
5504,Laos_2003,0,160,37,The,the,DT,DT
5505,Laos_2003,0,160,38,appellate,appellate,NN,NN
5506,Laos_2003,0,160,39,courts,courts,NNS,NN
5507,Laos_2003,0,160,41,The,the,DT,DT
5508,Laos_2003,0,160,42,people,people,NNS,NN
5509,Laos_2003,0,160,44,s,s,JJ,JJ
5510,Laos_2003,0,160,45,provincial,provincial,JJ,JJ
5511,Laos_2003,0,160,46,courts,courts,NNS,NN
5512,Laos_2003,0,160,47,and,and,CC,CC
5513,Laos_2003,0,160,48,city,city,NN,NN
5514,Laos_2003,0,160,49,courts,courts,NNS,NN
5515,Laos_2003,0,160,51,The,the,DT,DT
5516,Laos_2003,0,160,52,people,people,NNS,NN
5517,Laos_2003,0,160,54,s,s,JJ,JJ
5518,Laos_2003,0,160,55,district,district,NN,NN
5519,Laos_2003,0,160,56,courts,courts,NNS,NN
5520,Laos_2003,0,160,59,and,and,CC,CC
5521,Laos_2003,0,160,61,The,the,DT,DT
5522,Laos_2003,0,160,62,military,military,JJ,JJ
5523,Laos_2003,0,160,63,courts,courts,NNS,NN
5524,Laos_2003,0,161,0,In,in,IN,IN
5525,Laos_2003,0,161,1,the,the,DT,DT
5526,Laos_2003,0,161,2,event,event,NN,NN
5527,Laos_2003,0,161,3,that,that,IN,IN
5528,Laos_2003,0,161,4,it,it,PRP,PR
5529,Laos_2003,0,161,5,is,is,VBZ,VB
5530,Laos_2003,0,161,6,deemed,deemed,VBN,VB
5531,Laos_2003,0,161,7,necessary,necessary,JJ,JJ
5532,Laos_2003,0,161,9,the,the,DT,DT
5533,Laos_2003,0,161,10,National,national,NNP,NN
5534,Laos_2003,0,161,11,Assembly,assembly,NNP,NN
5535,Laos_2003,0,161,12,Standing,standing,NNP,NN
5536,Laos_2003,0,161,13,Committee,committee,NNP,NN
5537,Laos_2003,0,161,14,may,may,MD,MD
5538,Laos_2003,0,161,15,decide,decide,VB,VB
5539,Laos_2003,0,161,16,to,to,TO,TO
5540,Laos_2003,0,161,17,establish,establish,VB,VB
5541,Laos_2003,0,161,18,a,a,DT,DT
5542,Laos_2003,0,161,19,special,special,JJ,JJ
5543,Laos_2003,0,161,20,court,court,NN,NN
5544,Laos_2003,0,162,0,Article,article,NN,NN
5545,Laos_2003,0,162,1,80,80,CD,CD
5546,Laos_2003,0,162,2,Share,share,NNP,NN
5547,Laos_2003,0,162,4,New,new,NNP,NN
5548,Laos_2003,0,162,6,The,the,DT,DT
5549,Laos_2003,0,162,7,People,people,NNP,NN
5550,Laos_2003,0,162,9,s,s,JJ,JJ
5551,Laos_2003,0,162,10,Supreme,supreme,NNP,NN
5552,Laos_2003,0,162,11,Court,court,NNP,NN
5553,Laos_2003,0,162,12,is,is,VBZ,VB
5554,Laos_2003,0,162,13,the,the,DT,DT
5555,Laos_2003,0,162,14,highest,highest,JJS,JJ
5556,Laos_2003,0,162,15,judicial,judicial,JJ,JJ
5557,Laos_2003,0,162,16,organ,organ,NN,NN
5558,Laos_2003,0,162,17,of,of,IN,IN
5559,Laos_2003,0,162,18,the,the,DT,DT
5560,Laos_2003,0,162,19,State,state,NNP,NN
5561,Laos_2003,0,163,0,The,the,DT,DT
5562,Laos_2003,0,163,1,People,people,NNP,NN
5563,Laos_2003,0,163,3,s,s,JJ,JJ
5564,Laos_2003,0,163,4,Supreme,supreme,NNP,NN
5565,Laos_2003,0,163,5,Court,court,NNP,NN
5566,Laos_2003,0,163,6,administers,administers,VBZ,VB
5567,Laos_2003,0,163,7,the,the,DT,DT
5568,Laos_2003,0,163,8,people,people,NNS,NN
5569,Laos_2003,0,163,10,s,s,JJ,JJ
5570,Laos_2003,0,163,11,courts,courts,NNS,NN
5571,Laos_2003,0,163,12,at,at,IN,IN
5572,Laos_2003,0,163,13,all,all,DT,DT
5573,Laos_2003,0,163,14,levels,levels,NNS,NN
5574,Laos_2003,0,163,15,and,and,CC,CC
5575,Laos_2003,0,163,16,the,the,DT,DT
5576,Laos_2003,0,163,17,military,military,JJ,JJ
5577,Laos_2003,0,163,18,courts,courts,NNS,NN
5578,Laos_2003,0,163,20,and,and,CC,CC
5579,Laos_2003,0,163,21,examines,examines,NNS,NN
5580,Laos_2003,0,163,22,and,and,CC,CC
5581,Laos_2003,0,163,23,reviews,reviews,VBZ,VB
5582,Laos_2003,0,163,24,the,the,DT,DT
5583,Laos_2003,0,163,25,decisions,decisions,NNS,NN
5584,Laos_2003,0,163,26,reached,reached,VBN,VB
5585,Laos_2003,0,163,27,by,by,IN,IN
5586,Laos_2003,0,163,28,them,them,PRP,PR
5587,Laos_2003,0,164,0,Article,article,NN,NN
5588,Laos_2003,0,164,1,81,81,CD,CD
5589,Laos_2003,0,164,2,Share,share,NNP,NN
5590,Laos_2003,0,164,4,New,new,NNP,NN
5591,Laos_2003,0,164,6,The,the,DT,DT
5592,Laos_2003,0,164,7,Vice-President,vicepresident,NN,NN
5593,Laos_2003,0,164,8,of,of,IN,IN
5594,Laos_2003,0,164,9,the,the,DT,DT
5595,Laos_2003,0,164,10,People,people,NNP,NN
5596,Laos_2003,0,164,12,s,s,JJ,JJ
5597,Laos_2003,0,164,13,Supreme,supreme,NNP,NN
5598,Laos_2003,0,164,14,Court,court,NNP,NN
5599,Laos_2003,0,164,15,is,is,VBZ,VB
5600,Laos_2003,0,164,16,appointed,appointed,VBN,VB
5601,Laos_2003,0,164,17,or,or,CC,CC
5602,Laos_2003,0,164,18,removed,removed,VBN,VB
5603,Laos_2003,0,164,19,by,by,IN,IN
5604,Laos_2003,0,164,20,the,the,DT,DT
5605,Laos_2003,0,164,21,President,president,NNP,NN
5606,Laos_2003,0,164,22,of,of,IN,IN
5607,Laos_2003,0,164,23,the,the,DT,DT
5608,Laos_2003,0,164,24,State,state,NNP,NN
5609,Laos_2003,0,164,25,based,based,VBN,VB
5610,Laos_2003,0,164,26,on,on,IN,IN
5611,Laos_2003,0,164,27,the,the,DT,DT
5612,Laos_2003,0,164,28,recommendation,recommendation,NN,NN
5613,Laos_2003,0,164,29,of,of,IN,IN
5614,Laos_2003,0,164,30,the,the,DT,DT
5615,Laos_2003,0,164,31,President,president,NNP,NN
5616,Laos_2003,0,164,32,of,of,IN,IN
5617,Laos_2003,0,164,33,the,the,DT,DT
5618,Laos_2003,0,164,34,People,people,NNP,NN
5619,Laos_2003,0,164,36,s,s,JJ,JJ
5620,Laos_2003,0,164,37,Supreme,supreme,NNP,NN
5621,Laos_2003,0,164,38,Court,court,NNP,NN
5622,Laos_2003,0,165,0,The,the,DT,DT
5623,Laos_2003,0,165,1,National,national,NNP,NN
5624,Laos_2003,0,165,2,Assembly,assembly,NNP,NN
5625,Laos_2003,0,165,3,Standing,standing,NNP,NN
5626,Laos_2003,0,165,4,Committee,committee,NNP,NN
5627,Laos_2003,0,165,5,appoints,appoints,NNS,NN
5628,Laos_2003,0,165,7,transfers,transfers,NNS,NN
5629,Laos_2003,0,165,8,and,and,CC,CC
5630,Laos_2003,0,165,9,removes,removes,NNS,NN
5631,Laos_2003,0,165,11,the,the,DT,DT
5632,Laos_2003,0,165,12,following,following,JJ,JJ
5633,Laos_2003,0,165,13,judicial,judicial,JJ,JJ
5634,Laos_2003,0,165,14,positions,positions,NNS,NN
5635,Laos_2003,0,165,16,based,based,VBN,VB
5636,Laos_2003,0,165,17,on,on,IN,IN
5637,Laos_2003,0,165,18,the,the,DT,DT
5638,Laos_2003,0,165,19,recommendation,recommendation,NN,NN
5639,Laos_2003,0,165,20,of,of,IN,IN
5640,Laos_2003,0,165,21,the,the,DT,DT
5641,Laos_2003,0,165,22,President,president,NNP,NN
5642,Laos_2003,0,165,23,of,of,IN,IN
5643,Laos_2003,0,165,24,the,the,DT,DT
5644,Laos_2003,0,165,25,People,people,NNP,NN
5645,Laos_2003,0,165,27,s,s,JJ,JJ
5646,Laos_2003,0,165,28,Supreme,supreme,NNP,NN
5647,Laos_2003,0,165,29,Court,court,NNP,NN
5648,Laos_2003,0,165,31,judges,judges,NNS,NN
5649,Laos_2003,0,165,32,of,of,IN,IN
5650,Laos_2003,0,165,33,the,the,DT,DT
5651,Laos_2003,0,165,34,People,people,NNP,NN
5652,Laos_2003,0,165,36,s,s,JJ,JJ
5653,Laos_2003,0,165,37,Supreme,supreme,NNP,NN
5654,Laos_2003,0,165,38,Court,court,NNP,NN
5655,Laos_2003,0,165,40,the,the,DT,DT
5656,Laos_2003,0,165,41,president,president,NN,NN
5657,Laos_2003,0,165,43,vice-president,vicepresident,JJ,JJ
5658,Laos_2003,0,165,44,and,and,CC,CC
5659,Laos_2003,0,165,45,judges,judges,NNS,NN
5660,Laos_2003,0,165,46,of,of,IN,IN
5661,Laos_2003,0,165,47,appellate,appellate,JJ,JJ
5662,Laos_2003,0,165,48,courts,courts,NNS,NN
5663,Laos_2003,0,165,50,provincial,provincial,JJ,JJ
5664,Laos_2003,0,165,51,courts,courts,NNS,NN
5665,Laos_2003,0,165,53,city,city,NN,NN
5666,Laos_2003,0,165,54,courts,courts,NNS,NN
5667,Laos_2003,0,165,55,and,and,CC,CC
5668,Laos_2003,0,165,56,district,district,NN,NN
5669,Laos_2003,0,165,57,courts,courts,NNS,NN
5670,Laos_2003,0,165,60,and,and,CC,CC
5671,Laos_2003,0,165,62,the,the,DT,DT
5672,Laos_2003,0,165,63,heads,heads,NNS,NN
5673,Laos_2003,0,165,65,deputy,deputy,JJ,JJ
5674,Laos_2003,0,165,66,heads,heads,NNS,NN
5675,Laos_2003,0,165,67,and,and,CC,CC
5676,Laos_2003,0,165,68,judges,judges,NNS,NN
5677,Laos_2003,0,165,69,of,of,IN,IN
5678,Laos_2003,0,165,70,the,the,DT,DT
5679,Laos_2003,0,165,71,military,military,JJ,JJ
5680,Laos_2003,0,165,72,courts,courts,NNS,NN
5681,Laos_2003,0,166,0,Article,article,NN,NN
5682,Laos_2003,0,166,1,82,82,CD,CD
5683,Laos_2003,0,166,2,Share,share,NNP,NN
5684,Laos_2003,0,166,3,The,the,DT,DT
5685,Laos_2003,0,166,4,people,people,NNS,NN
5686,Laos_2003,0,166,6,s,s,JJ,JJ
5687,Laos_2003,0,166,7,courts,courts,NNS,NN
5688,Laos_2003,0,166,8,make,make,VBP,VB
5689,Laos_2003,0,166,9,decisions,decisions,NNS,NN
5690,Laos_2003,0,166,10,in,in,IN,IN
5691,Laos_2003,0,166,11,panels,panels,NNS,NN
5692,Laos_2003,0,167,0,In,in,IN,IN
5693,Laos_2003,0,167,1,their,their,PRP$,PR
5694,Laos_2003,0,167,2,adjudication,adjudication,NN,NN
5695,Laos_2003,0,167,4,judges,judges,NNS,NN
5696,Laos_2003,0,167,5,must,must,MD,MD
5697,Laos_2003,0,167,6,be,be,VB,VB
5698,Laos_2003,0,167,7,independent,independent,JJ,JJ
5699,Laos_2003,0,167,8,and,and,CC,CC
5700,Laos_2003,0,167,9,strictly,strictly,RB,RB
5701,Laos_2003,0,167,10,comply,comply,VB,VB
5702,Laos_2003,0,167,11,with,with,IN,IN
5703,Laos_2003,0,167,12,the,the,DT,DT
5704,Laos_2003,0,167,13,laws,laws,NNS,NN
5705,Laos_2003,0,168,0,Article,article,NN,NN
5706,Laos_2003,0,168,1,83,83,CD,CD
5707,Laos_2003,0,168,2,Share,share,NN,NN
5708,Laos_2003,0,168,3,Cases,cases,NNP,NN
5709,Laos_2003,0,168,4,shall,shall,MD,MD
5710,Laos_2003,0,168,5,be,be,VB,VB
5711,Laos_2003,0,168,6,conducted,conducted,VBN,VB
5712,Laos_2003,0,168,7,in,in,IN,IN
5713,Laos_2003,0,168,8,open,open,JJ,JJ
5714,Laos_2003,0,168,9,court,court,NN,NN
5715,Laos_2003,0,168,10,proceedings,proceedings,NNS,NN
5716,Laos_2003,0,168,11,except,except,IN,IN
5717,Laos_2003,0,168,12,if,if,IN,IN
5718,Laos_2003,0,168,13,otherwise,otherwise,RB,RB
5719,Laos_2003,0,168,14,provided,provided,VBN,VB
5720,Laos_2003,0,168,15,by,by,IN,IN
5721,Laos_2003,0,168,16,the,the,DT,DT
5722,Laos_2003,0,168,17,laws,laws,NNS,NN
5723,Laos_2003,0,169,0,Defendants,defendants,NNS,NN
5724,Laos_2003,0,169,1,have,have,VBP,VB
5725,Laos_2003,0,169,2,the,the,DT,DT
5726,Laos_2003,0,169,3,right,right,NN,NN
5727,Laos_2003,0,169,4,to,to,TO,TO
5728,Laos_2003,0,169,5,defend,defend,VB,VB
5729,Laos_2003,0,169,6,themselves,themselves,PRP,PR
5730,Laos_2003,0,170,0,Lawyers,lawyers,NNS,NN
5731,Laos_2003,0,170,1,have,have,VBP,VB
5732,Laos_2003,0,170,2,the,the,DT,DT
5733,Laos_2003,0,170,3,right,right,NN,NN
5734,Laos_2003,0,170,4,to,to,TO,TO
5735,Laos_2003,0,170,5,provide,provide,VB,VB
5736,Laos_2003,0,170,6,legal,legal,JJ,JJ
5737,Laos_2003,0,170,7,assistance,assistance,NN,NN
5738,Laos_2003,0,170,8,to,to,TO,TO
5739,Laos_2003,0,170,9,the,the,DT,DT
5740,Laos_2003,0,170,10,defendants,defendants,NNS,NN
5741,Laos_2003,0,171,0,Article,article,NN,NN
5742,Laos_2003,0,171,1,84,84,CD,CD
5743,Laos_2003,0,171,2,Share,share,NNP,NN
5744,Laos_2003,0,171,3,Representatives,representatives,NNPS,NN
5745,Laos_2003,0,171,4,of,of,IN,IN
5746,Laos_2003,0,171,5,social,social,JJ,JJ
5747,Laos_2003,0,171,6,organisations,organisations,NNS,NN
5748,Laos_2003,0,171,7,have,have,VBP,VB
5749,Laos_2003,0,171,8,the,the,DT,DT
5750,Laos_2003,0,171,9,right,right,NN,NN
5751,Laos_2003,0,171,10,to,to,TO,TO
5752,Laos_2003,0,171,11,take,take,VB,VB
5753,Laos_2003,0,171,12,part,part,NN,NN
5754,Laos_2003,0,171,13,in,in,IN,IN
5755,Laos_2003,0,171,14,court,court,NN,NN
5756,Laos_2003,0,171,15,proceedings,proceedings,NNS,NN
5757,Laos_2003,0,171,16,as,as,IN,IN
5758,Laos_2003,0,171,17,provided,provided,VBN,VB
5759,Laos_2003,0,171,18,by,by,IN,IN
5760,Laos_2003,0,171,19,the,the,DT,DT
5761,Laos_2003,0,171,20,laws,laws,NNS,NN
5762,Laos_2003,0,172,0,Article,article,NN,NN
5763,Laos_2003,0,172,1,85,85,CD,CD
5764,Laos_2003,0,172,2,Share,share,NNP,NN
5765,Laos_2003,0,172,4,New,new,NNP,NN
5766,Laos_2003,0,172,6,Decisions,decisions,NNS,NN
5767,Laos_2003,0,172,7,reached,reached,VBN,VB
5768,Laos_2003,0,172,8,by,by,IN,IN
5769,Laos_2003,0,172,9,the,the,DT,DT
5770,Laos_2003,0,172,10,people,people,NNS,NN
5771,Laos_2003,0,172,12,s,s,JJ,JJ
5772,Laos_2003,0,172,13,courts,courts,NNS,NN
5773,Laos_2003,0,172,15,when,when,WRB,WR
5774,Laos_2003,0,172,16,final,final,JJ,JJ
5775,Laos_2003,0,172,18,must,must,MD,MD
5776,Laos_2003,0,172,19,be,be,VB,VB
5777,Laos_2003,0,172,20,respected,respected,VBN,VB
5778,Laos_2003,0,172,21,by,by,IN,IN
5779,Laos_2003,0,172,22,Party,party,NNP,NN
5780,Laos_2003,0,172,23,organisations,organisations,NNS,NN
5781,Laos_2003,0,172,25,State,state,NNP,NN
5782,Laos_2003,0,172,26,organisations,organisations,NNS,NN
5783,Laos_2003,0,172,28,the,the,DT,DT
5784,Laos_2003,0,172,29,Lao,lao,NNP,NN
5785,Laos_2003,0,172,30,Front,front,NNP,NN
5786,Laos_2003,0,172,31,for,for,IN,IN
5787,Laos_2003,0,172,32,National,national,NNP,NN
5788,Laos_2003,0,172,33,Construction,construction,NNP,NN
5789,Laos_2003,0,172,35,mass,mass,NN,NN
5790,Laos_2003,0,172,36,organisations,organisations,NNS,NN
5791,Laos_2003,0,172,38,social,social,JJ,JJ
5792,Laos_2003,0,172,39,organisations,organisations,NNS,NN
5793,Laos_2003,0,172,40,and,and,CC,CC
5794,Laos_2003,0,172,41,all,all,DT,DT
5795,Laos_2003,0,172,42,citizens,citizens,NNS,NN
5796,Laos_2003,0,172,44,and,and,CC,CC
5797,Laos_2003,0,172,45,must,must,MD,MD
5798,Laos_2003,0,172,46,be,be,VB,VB
5799,Laos_2003,0,172,47,implemented,implemented,VBN,VB
5800,Laos_2003,0,172,48,by,by,IN,IN
5801,Laos_2003,0,172,49,the,the,DT,DT
5802,Laos_2003,0,172,50,concerned,concerned,JJ,JJ
5803,Laos_2003,0,172,51,individuals,individuals,NNS,NN
5804,Laos_2003,0,172,52,and,and,CC,CC
5805,Laos_2003,0,172,53,organisations,organisations,NNS,NN
5806,Laos_2003,0,173,0,Article,article,NN,NN
5807,Laos_2003,0,173,1,86,86,CD,CD
5808,Laos_2003,0,173,2,Share,share,NNP,NN
5809,Laos_2003,0,173,4,New,new,NNP,NN
5810,Laos_2003,0,173,6,The,the,DT,DT
5811,Laos_2003,0,173,7,Office,office,NNP,NN
5812,Laos_2003,0,173,8,of,of,IN,IN
5813,Laos_2003,0,173,9,the,the,DT,DT
5814,Laos_2003,0,173,10,Public,public,NNP,NN
5815,Laos_2003,0,173,11,Prosecutor,prosecutor,NNP,NN
5816,Laos_2003,0,173,12,has,has,VBZ,VB
5817,Laos_2003,0,173,13,the,the,DT,DT
5818,Laos_2003,0,173,14,duty,duty,NN,NN
5819,Laos_2003,0,173,15,to,to,TO,TO
5820,Laos_2003,0,173,16,monitor,monitor,VB,VB
5821,Laos_2003,0,173,17,the,the,DT,DT
5822,Laos_2003,0,173,18,implementation,implementation,NN,NN
5823,Laos_2003,0,173,19,of,of,IN,IN
5824,Laos_2003,0,173,20,the,the,DT,DT
5825,Laos_2003,0,173,21,laws,laws,NNS,NN
5826,Laos_2003,0,174,0,The,the,DT,DT
5827,Laos_2003,0,174,1,Office,office,NNP,NN
5828,Laos_2003,0,174,2,of,of,IN,IN
5829,Laos_2003,0,174,3,the,the,DT,DT
5830,Laos_2003,0,174,4,Public,public,NNP,NN
5831,Laos_2003,0,174,5,Prosecutor,prosecutor,NNP,NN
5832,Laos_2003,0,174,6,consists,consists,VBZ,VB
5833,Laos_2003,0,174,7,of,of,IN,IN
5834,Laos_2003,0,174,9,The,the,DT,DT
5835,Laos_2003,0,174,10,Office,office,NNP,NN
5836,Laos_2003,0,174,11,of,of,IN,IN
5837,Laos_2003,0,174,12,the,the,DT,DT
5838,Laos_2003,0,174,13,Supreme,supreme,NNP,NN
5839,Laos_2003,0,174,14,Public,public,NNP,NN
5840,Laos_2003,0,174,15,Prosecutor,prosecutor,NNP,NN
5841,Laos_2003,0,174,17,The,the,DT,DT
5842,Laos_2003,0,174,18,Office,office,NNP,NN
5843,Laos_2003,0,174,19,of,of,IN,IN
5844,Laos_2003,0,174,20,the,the,DT,DT
5845,Laos_2003,0,174,21,Appellate,appellate,NNP,NN
5846,Laos_2003,0,174,22,Public,public,NNP,NN
5847,Laos_2003,0,174,23,Prosecutor,prosecutor,NNP,NN
5848,Laos_2003,0,174,25,The,the,DT,DT
5849,Laos_2003,0,174,26,offices,offices,NNS,NN
5850,Laos_2003,0,174,27,of,of,IN,IN
5851,Laos_2003,0,174,28,the,the,DT,DT
5852,Laos_2003,0,174,29,Public,public,NNP,NN
5853,Laos_2003,0,174,30,Prosecutor,prosecutor,NNP,NN
5854,Laos_2003,0,174,31,at,at,IN,IN
5855,Laos_2003,0,174,32,provincial,provincial,JJ,JJ
5856,Laos_2003,0,174,33,and,and,CC,CC
5857,Laos_2003,0,174,34,city,city,NN,NN
5858,Laos_2003,0,174,35,levels,levels,NNS,NN
5859,Laos_2003,0,174,37,The,the,DT,DT
5860,Laos_2003,0,174,38,offices,offices,NNS,NN
5861,Laos_2003,0,174,39,of,of,IN,IN
5862,Laos_2003,0,174,40,the,the,DT,DT
5863,Laos_2003,0,174,41,Public,public,NNP,NN
5864,Laos_2003,0,174,42,Prosecutor,prosecutor,NNP,NN
5865,Laos_2003,0,174,43,at,at,IN,IN
5866,Laos_2003,0,174,44,district,district,NN,NN
5867,Laos_2003,0,174,45,level,level,NN,NN
5868,Laos_2003,0,174,48,and,and,CC,CC
5869,Laos_2003,0,174,50,The,the,DT,DT
5870,Laos_2003,0,174,51,Office,office,NNP,NN
5871,Laos_2003,0,174,52,of,of,IN,IN
5872,Laos_2003,0,174,53,the,the,DT,DT
5873,Laos_2003,0,174,54,Military,military,NNP,NN
5874,Laos_2003,0,174,55,Prosecutor,prosecutor,NNP,NN
5875,Laos_2003,0,175,0,The,the,DT,DT
5876,Laos_2003,0,175,1,Office,office,NNP,NN
5877,Laos_2003,0,175,2,of,of,IN,IN
5878,Laos_2003,0,175,3,the,the,DT,DT
5879,Laos_2003,0,175,4,Public,public,NNP,NN
5880,Laos_2003,0,175,5,Prosecutor,prosecutor,NNP,NN
5881,Laos_2003,0,175,6,has,has,VBZ,VB
5882,Laos_2003,0,175,7,the,the,DT,DT
5883,Laos_2003,0,175,8,following,following,JJ,JJ
5884,Laos_2003,0,175,9,rights,rights,NNS,NN
5885,Laos_2003,0,175,10,and,and,CC,CC
5886,Laos_2003,0,175,11,duties,duties,NNS,NN
5887,Laos_2003,0,175,13,1.To,1to,CD,CD
5888,Laos_2003,0,175,14,monitor,monitor,NN,NN
5889,Laos_2003,0,175,15,the,the,DT,DT
5890,Laos_2003,0,175,16,correct,correct,NN,NN
5891,Laos_2003,0,175,17,and,and,CC,CC
5892,Laos_2003,0,175,18,uniform,uniform,JJ,JJ
5893,Laos_2003,0,175,19,implementation,implementation,NN,NN
5894,Laos_2003,0,175,20,of,of,IN,IN
5895,Laos_2003,0,175,21,laws,laws,NNS,NN
5896,Laos_2003,0,175,22,and,and,CC,CC
5897,Laos_2003,0,175,23,regulations,regulations,NNS,NN
5898,Laos_2003,0,175,24,by,by,IN,IN
5899,Laos_2003,0,175,25,all,all,DT,DT
5900,Laos_2003,0,175,26,ministries,ministries,NNS,NN
5901,Laos_2003,0,175,28,ministry-equivalent,ministryequivalent,JJ,JJ
5902,Laos_2003,0,175,29,organisations,organisations,NNS,NN
5903,Laos_2003,0,175,31,organisations,organisations,NNS,NN
5904,Laos_2003,0,175,32,attached,attached,VBD,VB
5905,Laos_2003,0,175,33,to,to,TO,TO
5906,Laos_2003,0,175,34,the,the,DT,DT
5907,Laos_2003,0,175,35,government,government,NN,NN
5908,Laos_2003,0,175,37,the,the,DT,DT
5909,Laos_2003,0,175,38,Lao,lao,NNP,NN
5910,Laos_2003,0,175,39,Front,front,NNP,NN
5911,Laos_2003,0,175,40,for,for,IN,IN
5912,Laos_2003,0,175,41,National,national,NNP,NN
5913,Laos_2003,0,175,42,Construction,construction,NNP,NN
5914,Laos_2003,0,175,44,mass,mass,NN,NN
5915,Laos_2003,0,175,45,organisations,organisations,NNS,NN
5916,Laos_2003,0,175,47,social,social,JJ,JJ
5917,Laos_2003,0,175,48,organisations,organisations,NNS,NN
5918,Laos_2003,0,175,50,local,local,JJ,JJ
5919,Laos_2003,0,175,51,administrations,administrations,NNS,NN
5920,Laos_2003,0,175,53,enterprises,enterprises,NNS,NN
5921,Laos_2003,0,175,55,civil,civil,JJ,JJ
5922,Laos_2003,0,175,56,servants,servants,NNS,NN
5923,Laos_2003,0,175,57,and,and,CC,CC
5924,Laos_2003,0,175,58,citizens,citizens,NNS,NN
5925,Laos_2003,0,175,61,and,and,CC,CC
5926,Laos_2003,0,175,63,2.To,2to,CD,CD
5927,Laos_2003,0,175,64,exercise,exercise,NN,NN
5928,Laos_2003,0,175,65,the,the,DT,DT
5929,Laos_2003,0,175,66,right,right,NN,NN
5930,Laos_2003,0,175,67,of,of,IN,IN
5931,Laos_2003,0,175,68,public,public,JJ,JJ
5932,Laos_2003,0,175,69,prosecution,prosecution,NN,NN
5933,Laos_2003,0,176,0,Article,article,NN,NN
5934,Laos_2003,0,176,1,87,87,CD,CD
5935,Laos_2003,0,176,2,Share,share,NNP,NN
5936,Laos_2003,0,176,4,New,new,NNP,NN
5937,Laos_2003,0,176,6,The,the,DT,DT
5938,Laos_2003,0,176,7,Office,office,NNP,NN
5939,Laos_2003,0,176,8,of,of,IN,IN
5940,Laos_2003,0,176,9,the,the,DT,DT
5941,Laos_2003,0,176,10,Supreme,supreme,NNP,NN
5942,Laos_2003,0,176,11,Public,public,NNP,NN
5943,Laos_2003,0,176,12,Prosecutor,prosecutor,NNP,NN
5944,Laos_2003,0,176,13,supervises,supervises,VBZ,VB
5945,Laos_2003,0,176,14,the,the,DT,DT
5946,Laos_2003,0,176,15,activities,activities,NNS,NN
5947,Laos_2003,0,176,16,of,of,IN,IN
5948,Laos_2003,0,176,17,the,the,DT,DT
5949,Laos_2003,0,176,18,offices,offices,NNS,NN
5950,Laos_2003,0,176,19,of,of,IN,IN
5951,Laos_2003,0,176,20,the,the,DT,DT
5952,Laos_2003,0,176,21,Public,public,NNP,NN
5953,Laos_2003,0,176,22,Prosecutor,prosecutor,NNP,NN
5954,Laos_2003,0,176,23,at,at,IN,IN
5955,Laos_2003,0,176,24,all,all,DT,DT
5956,Laos_2003,0,176,25,levels,levels,NNS,NN
5957,Laos_2003,0,177,0,The,the,DT,DT
5958,Laos_2003,0,177,1,Deputy,deputy,NNP,NN
5959,Laos_2003,0,177,2,Supreme,supreme,NNP,NN
5960,Laos_2003,0,177,3,Public,public,NNP,NN
5961,Laos_2003,0,177,4,Prosecutor,prosecutor,NNP,NN
5962,Laos_2003,0,177,5,is,is,VBZ,VB
5963,Laos_2003,0,177,6,appointed,appointed,VBN,VB
5964,Laos_2003,0,177,7,or,or,CC,CC
5965,Laos_2003,0,177,8,removed,removed,VBN,VB
5966,Laos_2003,0,177,9,by,by,IN,IN
5967,Laos_2003,0,177,10,the,the,DT,DT
5968,Laos_2003,0,177,11,President,president,NNP,NN
5969,Laos_2003,0,177,12,of,of,IN,IN
5970,Laos_2003,0,177,13,the,the,DT,DT
5971,Laos_2003,0,177,14,State,state,NNP,NN
5972,Laos_2003,0,177,15,based,based,VBN,VB
5973,Laos_2003,0,177,16,on,on,IN,IN
5974,Laos_2003,0,177,17,the,the,DT,DT
5975,Laos_2003,0,177,18,recommendation,recommendation,NN,NN
5976,Laos_2003,0,177,19,of,of,IN,IN
5977,Laos_2003,0,177,20,the,the,DT,DT
5978,Laos_2003,0,177,21,Supreme,supreme,NNP,NN
5979,Laos_2003,0,177,22,Public,public,NNP,NN
5980,Laos_2003,0,177,23,Prosecutor,prosecutor,NNP,NN
5981,Laos_2003,0,178,0,Public,public,JJ,JJ
5982,Laos_2003,0,178,1,prosecutors,prosecutors,NNS,NN
5983,Laos_2003,0,178,2,and,and,CC,CC
5984,Laos_2003,0,178,3,deputy,deputy,JJ,JJ
5985,Laos_2003,0,178,4,public,public,JJ,JJ
5986,Laos_2003,0,178,5,prosecutors,prosecutors,NNS,NN
5987,Laos_2003,0,178,6,at,at,IN,IN
5988,Laos_2003,0,178,7,the,the,DT,DT
5989,Laos_2003,0,178,8,appellate,appellate,JJ,JJ
5990,Laos_2003,0,178,9,level,level,NN,NN
5991,Laos_2003,0,178,11,provincial,provincial,JJ,JJ
5992,Laos_2003,0,178,12,level,level,NN,NN
5993,Laos_2003,0,178,14,city,city,NN,NN
5994,Laos_2003,0,178,15,level,level,NN,NN
5995,Laos_2003,0,178,16,and,and,CC,CC
5996,Laos_2003,0,178,17,district,district,NN,NN
5997,Laos_2003,0,178,18,level,level,NN,NN
5998,Laos_2003,0,178,20,and,and,CC,CC
5999,Laos_2003,0,178,21,military,military,JJ,JJ
6000,Laos_2003,0,178,22,prosecutors,prosecutors,NNS,NN
6001,Laos_2003,0,178,24,are,are,VBP,VB
6002,Laos_2003,0,178,25,appointed,appointed,VBN,VB
6003,Laos_2003,0,178,27,transferred,transferred,VBD,VB
6004,Laos_2003,0,178,28,or,or,CC,CC
6005,Laos_2003,0,178,29,removed,removed,VBN,VB
6006,Laos_2003,0,178,30,by,by,IN,IN
6007,Laos_2003,0,178,31,the,the,DT,DT
6008,Laos_2003,0,178,32,Supreme,supreme,NNP,NN
6009,Laos_2003,0,178,33,Public,public,NNP,NN
6010,Laos_2003,0,178,34,Prosecutor,prosecutor,NNP,NN
6011,Laos_2003,0,179,0,Article,article,NN,NN
6012,Laos_2003,0,179,1,88,88,CD,CD
6013,Laos_2003,0,179,2,Share,share,NNP,NN
6014,Laos_2003,0,179,4,New,new,NNP,NN
6015,Laos_2003,0,179,6,In,in,IN,IN
6016,Laos_2003,0,179,7,carrying,carrying,VBG,VB
6017,Laos_2003,0,179,8,out,out,RP,RP
6018,Laos_2003,0,179,9,their,their,PRP$,PR
6019,Laos_2003,0,179,10,duties,duties,NNS,NN
6020,Laos_2003,0,179,12,the,the,DT,DT
6021,Laos_2003,0,179,13,public,public,JJ,JJ
6022,Laos_2003,0,179,14,prosecutors,prosecutors,NNS,NN
6023,Laos_2003,0,179,15,are,are,VBP,VB
6024,Laos_2003,0,179,16,subject,subject,JJ,JJ
6025,Laos_2003,0,179,17,only,only,RB,RB
6026,Laos_2003,0,179,18,to,to,TO,TO
6027,Laos_2003,0,179,19,the,the,DT,DT
6028,Laos_2003,0,179,20,laws,laws,NNS,NN
6029,Laos_2003,0,179,21,and,and,CC,CC
6030,Laos_2003,0,179,22,the,the,DT,DT
6031,Laos_2003,0,179,23,instructions,instructions,NNS,NN
6032,Laos_2003,0,179,24,of,of,IN,IN
6033,Laos_2003,0,179,25,the,the,DT,DT
6034,Laos_2003,0,179,26,Supreme,supreme,NNP,NN
6035,Laos_2003,0,179,27,Public,public,NNP,NN
6036,Laos_2003,0,179,28,Prosecutor,prosecutor,NNP,NN
6037,Laos_2003,0,180,0,Chapter,chapter,NN,NN
6038,Laos_2003,0,180,1,X,x,NN,NN
6039,Laos_2003,0,181,0,Language,language,NN,NN
6040,Laos_2003,0,181,2,Script,script,NNP,NN
6041,Laos_2003,0,181,4,National,national,NNP,NN
6042,Laos_2003,0,181,5,Emblem,emblem,NNP,NN
6043,Laos_2003,0,181,7,National,national,NNP,NN
6044,Laos_2003,0,181,8,Flag,flag,NNP,NN
6045,Laos_2003,0,181,10,National,national,NNP,NN
6046,Laos_2003,0,181,11,Anthem,anthem,NNP,NN
6047,Laos_2003,0,181,13,National,national,NNP,NN
6048,Laos_2003,0,181,14,Day,day,NNP,NN
6049,Laos_2003,0,181,16,Currency,currency,NNP,NN
6050,Laos_2003,0,181,17,and,and,CC,CC
6051,Laos_2003,0,181,18,Capital,capital,NNP,NN
6052,Laos_2003,0,181,19,City,city,NNP,NN
6053,Laos_2003,0,181,20,Share,share,NNP,NN
6054,Laos_2003,0,181,21,Article,article,NNP,NN
6055,Laos_2003,0,181,22,89,89,CD,CD
6056,Laos_2003,0,181,23,Share,share,NNP,NN
6057,Laos_2003,0,181,24,The,the,DT,DT
6058,Laos_2003,0,181,25,Lao,lao,NNP,NN
6059,Laos_2003,0,181,26,language,language,NN,NN
6060,Laos_2003,0,181,27,and,and,CC,CC
6061,Laos_2003,0,181,28,Lao,lao,NNP,NN
6062,Laos_2003,0,181,29,script,script,NN,NN
6063,Laos_2003,0,181,30,are,are,VBP,VB
6064,Laos_2003,0,181,31,the,the,DT,DT
6065,Laos_2003,0,181,32,language,language,NN,NN
6066,Laos_2003,0,181,33,and,and,CC,CC
6067,Laos_2003,0,181,34,script,script,NN,NN
6068,Laos_2003,0,181,35,officially,officially,RB,RB
6069,Laos_2003,0,181,36,used,used,VBN,VB
6070,Laos_2003,0,182,0,Article,article,NN,NN
6071,Laos_2003,0,182,1,90,90,CD,CD
6072,Laos_2003,0,182,2,Share,share,NNP,NN
6073,Laos_2003,0,182,3,The,the,DT,DT
6074,Laos_2003,0,182,4,National,national,NNP,NN
6075,Laos_2003,0,182,5,Emblem,emblem,NNP,NN
6076,Laos_2003,0,182,6,of,of,IN,IN
6077,Laos_2003,0,182,7,the,the,DT,DT
6078,Laos_2003,0,182,8,Lao,lao,NNP,NN
6079,Laos_2003,0,182,9,People,people,NNP,NN
6080,Laos_2003,0,182,11,s,s,VBD,VB
6081,Laos_2003,0,182,12,Democratic,democratic,NNP,NN
6082,Laos_2003,0,182,13,Republic,republic,NNP,NN
6083,Laos_2003,0,182,14,is,is,VBZ,VB
6084,Laos_2003,0,182,15,a,a,DT,DT
6085,Laos_2003,0,182,16,circle,circle,NN,NN
6086,Laos_2003,0,182,17,depicting,depicting,NN,NN
6087,Laos_2003,0,182,18,in,in,IN,IN
6088,Laos_2003,0,182,19,the,the,DT,DT
6089,Laos_2003,0,182,20,bottom,bottom,JJ,JJ
6090,Laos_2003,0,182,21,part,part,NN,NN
6091,Laos_2003,0,182,22,one-half,onehalf,NN,NN
6092,Laos_2003,0,182,23,of,of,IN,IN
6093,Laos_2003,0,182,24,a,a,DT,DT
6094,Laos_2003,0,182,25,cog,cog,NN,NN
6095,Laos_2003,0,182,26,wheel,wheel,NN,NN
6096,Laos_2003,0,182,27,and,and,CC,CC
6097,Laos_2003,0,182,28,red,red,JJ,JJ
6098,Laos_2003,0,182,29,ribbon,ribbon,NN,NN
6099,Laos_2003,0,182,30,with,with,IN,IN
6100,Laos_2003,0,182,31,inscriptions,inscriptions,NNS,NN
6101,Laos_2003,0,182,33,of,of,IN,IN
6102,Laos_2003,0,182,34,the,the,DT,DT
6103,Laos_2003,0,182,35,words,words,NNS,NN
6104,Laos_2003,0,182,38,Lao,lao,NNP,NN
6105,Laos_2003,0,182,39,People,people,NNP,NN
6106,Laos_2003,0,182,41,s,s,VBD,VB
6107,Laos_2003,0,182,42,Democratic,democratic,NNP,NN
6108,Laos_2003,0,182,43,Republic,republic,NNP,NN
6109,Laos_2003,0,182,46,and,and,CC,CC
6110,Laos_2003,0,182,48,flanked,flanked,VBN,VB
6111,Laos_2003,0,182,49,by,by,IN,IN
6112,Laos_2003,0,182,51,crescent-shaped,crescentshaped,JJ,JJ
6113,Laos_2003,0,182,52,stalks,stalks,NNS,NN
6114,Laos_2003,0,182,53,of,of,IN,IN
6115,Laos_2003,0,182,54,fully-ripened,fullyripened,JJ,JJ
6116,Laos_2003,0,182,55,rice,rice,NN,NN
6117,Laos_2003,0,182,56,at,at,IN,IN
6118,Laos_2003,0,182,57,both,both,DT,DT
6119,Laos_2003,0,182,58,sides,sides,NNS,NN
6120,Laos_2003,0,182,59,and,and,CC,CC
6121,Laos_2003,0,182,60,red,red,JJ,JJ
6122,Laos_2003,0,182,61,ribbons,ribbons,NNS,NN
6123,Laos_2003,0,182,62,bearing,bearing,VBG,VB
6124,Laos_2003,0,182,63,the,the,DT,DT
6125,Laos_2003,0,182,64,inscription,inscription,NN,NN
6126,Laos_2003,0,182,66,Peace,peace,NNP,NN
6127,Laos_2003,0,182,68,Independence,independence,NNP,NN
6128,Laos_2003,0,182,70,Democracy,democracy,NNP,NN
6129,Laos_2003,0,182,72,Unity,unity,NNP,NN
6130,Laos_2003,0,182,74,Prosperity,prosperity,NNP,NN
6131,Laos_2003,0,183,0,A,a,DT,DT
6132,Laos_2003,0,183,1,picture,picture,NN,NN
6133,Laos_2003,0,183,2,of,of,IN,IN
6134,Laos_2003,0,183,3,That,that,DT,DT
6135,Laos_2003,0,183,4,Luang,luang,NNP,NN
6136,Laos_2003,0,183,5,Pagoda,pagoda,NNP,NN
6137,Laos_2003,0,183,6,is,is,VBZ,VB
6138,Laos_2003,0,183,7,located,located,VBN,VB
6139,Laos_2003,0,183,8,between,between,IN,IN
6140,Laos_2003,0,183,9,the,the,DT,DT
6141,Laos_2003,0,183,10,tips,tips,NNS,NN
6142,Laos_2003,0,183,11,of,of,IN,IN
6143,Laos_2003,0,183,12,the,the,DT,DT
6144,Laos_2003,0,183,13,stalks,stalks,NNS,NN
6145,Laos_2003,0,183,14,of,of,IN,IN
6146,Laos_2003,0,183,15,rice,rice,NN,NN
6147,Laos_2003,0,184,0,A,a,DT,DT
6148,Laos_2003,0,184,1,road,road,NN,NN
6149,Laos_2003,0,184,3,a,a,DT,DT
6150,Laos_2003,0,184,4,paddy,paddy,JJ,JJ
6151,Laos_2003,0,184,5,field,field,NN,NN
6152,Laos_2003,0,184,7,a,a,DT,DT
6153,Laos_2003,0,184,8,forest,forest,NN,NN
6154,Laos_2003,0,184,9,and,and,CC,CC
6155,Laos_2003,0,184,10,a,a,DT,DT
6156,Laos_2003,0,184,11,hydroelectric,hydroelectric,JJ,JJ
6157,Laos_2003,0,184,12,dam,dam,NN,NN
6158,Laos_2003,0,184,13,are,are,VBP,VB
6159,Laos_2003,0,184,14,depicted,depicted,VBN,VB
6160,Laos_2003,0,184,15,in,in,IN,IN
6161,Laos_2003,0,184,16,the,the,DT,DT
6162,Laos_2003,0,184,17,middle,middle,NN,NN
6163,Laos_2003,0,184,18,of,of,IN,IN
6164,Laos_2003,0,184,19,the,the,DT,DT
6165,Laos_2003,0,184,20,circle,circle,NN,NN
6166,Laos_2003,0,185,0,Article,article,NN,NN
6167,Laos_2003,0,185,1,91,91,CD,CD
6168,Laos_2003,0,185,2,Share,share,NNP,NN
6169,Laos_2003,0,185,3,The,the,DT,DT
6170,Laos_2003,0,185,4,National,national,NNP,NN
6171,Laos_2003,0,185,5,Flag,flag,NNP,NN
6172,Laos_2003,0,185,6,of,of,IN,IN
6173,Laos_2003,0,185,7,the,the,DT,DT
6174,Laos_2003,0,185,8,Lao,lao,NNP,NN
6175,Laos_2003,0,185,9,People,people,NNP,NN
6176,Laos_2003,0,185,11,s,s,VBD,VB
6177,Laos_2003,0,185,12,Democratic,democratic,NNP,NN
6178,Laos_2003,0,185,13,Republic,republic,NNP,NN
6179,Laos_2003,0,185,14,is,is,VBZ,VB
6180,Laos_2003,0,185,15,dark,dark,JJ,JJ
6181,Laos_2003,0,185,16,blue,blue,NN,NN
6182,Laos_2003,0,185,17,with,with,IN,IN
6183,Laos_2003,0,185,18,red,red,JJ,JJ
6184,Laos_2003,0,185,19,edges,edges,NNS,NN
6185,Laos_2003,0,185,20,and,and,CC,CC
6186,Laos_2003,0,185,21,a,a,DT,DT
6187,Laos_2003,0,185,22,white,white,JJ,JJ
6188,Laos_2003,0,185,23,moon,moon,NN,NN
6189,Laos_2003,0,185,24,in,in,IN,IN
6190,Laos_2003,0,185,25,the,the,DT,DT
6191,Laos_2003,0,185,26,middle,middle,NN,NN
6192,Laos_2003,0,185,27,of,of,IN,IN
6193,Laos_2003,0,185,28,the,the,DT,DT
6194,Laos_2003,0,185,29,flag,flag,NN,NN
6195,Laos_2003,0,186,0,The,the,DT,DT
6196,Laos_2003,0,186,1,height,height,NN,NN
6197,Laos_2003,0,186,2,of,of,IN,IN
6198,Laos_2003,0,186,3,the,the,DT,DT
6199,Laos_2003,0,186,4,flag,flag,NN,NN
6200,Laos_2003,0,186,5,is,is,VBZ,VB
6201,Laos_2003,0,186,6,two-thirds,twothirds,NNS,NN
6202,Laos_2003,0,186,7,of,of,IN,IN
6203,Laos_2003,0,186,8,its,its,PRP$,PR
6204,Laos_2003,0,186,9,width,width,NN,NN
6205,Laos_2003,0,187,0,The,the,DT,DT
6206,Laos_2003,0,187,1,height,height,NN,NN
6207,Laos_2003,0,187,2,of,of,IN,IN
6208,Laos_2003,0,187,3,each,each,DT,DT
6209,Laos_2003,0,187,4,red,red,JJ,JJ
6210,Laos_2003,0,187,5,edge,edge,NN,NN
6211,Laos_2003,0,187,6,is,is,VBZ,VB
6212,Laos_2003,0,187,7,one-half,onehalf,JJ,JJ
6213,Laos_2003,0,187,8,of,of,IN,IN
6214,Laos_2003,0,187,9,the,the,DT,DT
6215,Laos_2003,0,187,10,height,height,NN,NN
6216,Laos_2003,0,187,11,of,of,IN,IN
6217,Laos_2003,0,187,12,the,the,DT,DT
6218,Laos_2003,0,187,13,dark,dark,JJ,JJ
6219,Laos_2003,0,187,14,blue,blue,JJ,JJ
6220,Laos_2003,0,187,15,area,area,NN,NN
6221,Laos_2003,0,188,0,The,the,DT,DT
6222,Laos_2003,0,188,2,diameter,diameter,NN,NN
6223,Laos_2003,0,188,3,of,of,IN,IN
6224,Laos_2003,0,188,4,the,the,DT,DT
6225,Laos_2003,0,188,6,white,white,JJ,JJ
6226,Laos_2003,0,188,7,moon,moon,NN,NN
6227,Laos_2003,0,188,8,is,is,VBZ,VB
6228,Laos_2003,0,188,9,four-fifths,fourfifths,JJ,JJ
6229,Laos_2003,0,188,10,of,of,IN,IN
6230,Laos_2003,0,188,12,the,the,DT,DT
6231,Laos_2003,0,188,13,height,height,NN,NN
6232,Laos_2003,0,188,14,of,of,IN,IN
6233,Laos_2003,0,188,16,the,the,DT,DT
6234,Laos_2003,0,188,17,dark,dark,JJ,JJ
6235,Laos_2003,0,188,18,blue,blue,JJ,JJ
6236,Laos_2003,0,188,19,area,area,NN,NN
6237,Laos_2003,0,189,0,Article,article,NN,NN
6238,Laos_2003,0,189,1,92,92,CD,CD
6239,Laos_2003,0,189,2,Share,share,NNP,NN
6240,Laos_2003,0,189,3,The,the,DT,DT
6241,Laos_2003,0,189,4,national,national,JJ,JJ
6242,Laos_2003,0,189,5,anthem,anthem,NN,NN
6243,Laos_2003,0,189,6,of,of,IN,IN
6244,Laos_2003,0,189,7,the,the,DT,DT
6245,Laos_2003,0,189,8,Lao,lao,NNP,NN
6246,Laos_2003,0,189,9,People,people,NNP,NN
6247,Laos_2003,0,189,11,s,s,VBD,VB
6248,Laos_2003,0,189,12,Democratic,democratic,NNP,NN
6249,Laos_2003,0,189,13,Republic,republic,NNP,NN
6250,Laos_2003,0,189,14,is,is,VBZ,VB
6251,Laos_2003,0,189,15,the,the,DT,DT
6252,Laos_2003,0,189,17,Xat,xat,NNP,NN
6253,Laos_2003,0,189,18,Lao,lao,NNP,NN
6254,Laos_2003,0,189,20,song,song,NN,NN
6255,Laos_2003,0,190,0,Article,article,NN,NN
6256,Laos_2003,0,190,1,93,93,CD,CD
6257,Laos_2003,0,190,2,Share,share,NNP,NN
6258,Laos_2003,0,190,4,New,new,NNP,NN
6259,Laos_2003,0,190,6,The,the,DT,DT
6260,Laos_2003,0,190,7,national,national,JJ,JJ
6261,Laos_2003,0,190,8,day,day,NN,NN
6262,Laos_2003,0,190,9,of,of,IN,IN
6263,Laos_2003,0,190,10,the,the,DT,DT
6264,Laos_2003,0,190,11,Lao,lao,NNP,NN
6265,Laos_2003,0,190,12,People,people,NNP,NN
6266,Laos_2003,0,190,14,s,s,VBD,VB
6267,Laos_2003,0,190,15,Democratic,democratic,NNP,NN
6268,Laos_2003,0,190,16,Republic,republic,NNP,NN
6269,Laos_2003,0,190,17,is,is,VBZ,VB
6270,Laos_2003,0,190,18,the,the,DT,DT
6271,Laos_2003,0,190,19,day,day,NN,NN
6272,Laos_2003,0,190,20,of,of,IN,IN
6273,Laos_2003,0,190,21,the,the,DT,DT
6274,Laos_2003,0,190,22,proclamation,proclamation,NN,NN
6275,Laos_2003,0,190,23,of,of,IN,IN
6276,Laos_2003,0,190,24,the,the,DT,DT
6277,Laos_2003,0,190,25,Lao,lao,NNP,NN
6278,Laos_2003,0,190,26,People,people,NNP,NN
6279,Laos_2003,0,190,28,s,s,VBD,VB
6280,Laos_2003,0,190,29,Democratic,democratic,NNP,NN
6281,Laos_2003,0,190,30,Republic,republic,NNP,NN
6282,Laos_2003,0,190,31,which,which,WDT,WD
6283,Laos_2003,0,190,32,is,is,VBZ,VB
6284,Laos_2003,0,190,33,2,2,CD,CD
6285,Laos_2003,0,190,34,December,december,NNP,NN
6286,Laos_2003,0,190,35,1975,1975,CD,CD
6287,Laos_2003,0,191,0,Article,article,NN,NN
6288,Laos_2003,0,191,1,94,94,CD,CD
6289,Laos_2003,0,191,2,Share,share,NNP,NN
6290,Laos_2003,0,191,4,New,new,NNP,NN
6291,Laos_2003,0,191,6,The,the,DT,DT
6292,Laos_2003,0,191,7,currency,currency,NN,NN
6293,Laos_2003,0,191,8,of,of,IN,IN
6294,Laos_2003,0,191,9,the,the,DT,DT
6295,Laos_2003,0,191,10,Lao,lao,NNP,NN
6296,Laos_2003,0,191,11,People,people,NNP,NN
6297,Laos_2003,0,191,13,s,s,VBD,VB
6298,Laos_2003,0,191,14,Democratic,democratic,NNP,NN
6299,Laos_2003,0,191,15,Republic,republic,NNP,NN
6300,Laos_2003,0,191,16,is,is,VBZ,VB
6301,Laos_2003,0,191,17,the,the,DT,DT
6302,Laos_2003,0,191,18,Kip,kip,NNP,NN
6303,Laos_2003,0,192,0,Article,article,NN,NN
6304,Laos_2003,0,192,1,95,95,CD,CD
6305,Laos_2003,0,192,2,Share,share,NNP,NN
6306,Laos_2003,0,192,3,The,the,DT,DT
6307,Laos_2003,0,192,4,Capital,capital,NNP,NN
6308,Laos_2003,0,192,5,City,city,NNP,NN
6309,Laos_2003,0,192,6,of,of,IN,IN
6310,Laos_2003,0,192,7,the,the,DT,DT
6311,Laos_2003,0,192,8,Lao,lao,NNP,NN
6312,Laos_2003,0,192,9,People,people,NNP,NN
6313,Laos_2003,0,192,11,s,s,VBD,VB
6314,Laos_2003,0,192,12,Democratic,democratic,NNP,NN
6315,Laos_2003,0,192,13,Republic,republic,NNP,NN
6316,Laos_2003,0,192,14,is,is,VBZ,VB
6317,Laos_2003,0,192,15,Vientiane,vientiane,NNP,NN
6318,Laos_2003,0,192,16,Capital,capital,NNP,NN
6319,Laos_2003,0,192,17,City,city,NNP,NN
6320,Laos_2003,0,193,0,Chapter,chapter,NN,NN
6321,Laos_2003,0,193,1,XI,xi,NN,NN
6322,Laos_2003,0,194,0,Final,final,NNP,NN
6323,Laos_2003,0,194,1,Provisions,provisions,NNP,NN
6324,Laos_2003,0,194,2,Share,share,NNP,NN
6325,Laos_2003,0,194,3,Article,article,NNP,NN
6326,Laos_2003,0,194,4,96,96,CD,CD
6327,Laos_2003,0,194,5,Share,share,NNP,NN
6328,Laos_2003,0,194,7,New,new,NNP,NN
6329,Laos_2003,0,194,9,The,the,DT,DT
6330,Laos_2003,0,194,10,Constitution,constitution,NN,NN
6331,Laos_2003,0,194,11,of,of,IN,IN
6332,Laos_2003,0,194,12,the,the,DT,DT
6333,Laos_2003,0,194,13,Lao,lao,NNP,NN
6334,Laos_2003,0,194,14,People,people,NNP,NN
6335,Laos_2003,0,194,16,s,s,VBD,VB
6336,Laos_2003,0,194,17,Democratic,democratic,NNP,NN
6337,Laos_2003,0,194,18,Republic,republic,NNP,NN
6338,Laos_2003,0,194,19,is,is,VBZ,VB
6339,Laos_2003,0,194,20,a,a,DT,DT
6340,Laos_2003,0,194,21,fundamental,fundamental,JJ,JJ
6341,Laos_2003,0,194,22,law,law,NN,NN
6342,Laos_2003,0,194,23,of,of,IN,IN
6343,Laos_2003,0,194,24,the,the,DT,DT
6344,Laos_2003,0,194,25,nation,nation,NN,NN
6345,Laos_2003,0,195,0,All,all,DT,DT
6346,Laos_2003,0,195,1,laws,laws,NNS,NN
6347,Laos_2003,0,195,2,must,must,MD,MD
6348,Laos_2003,0,195,3,comply,comply,VB,VB
6349,Laos_2003,0,195,4,with,with,IN,IN
6350,Laos_2003,0,195,5,the,the,DT,DT
6351,Laos_2003,0,195,6,Constitution,constitution,NNP,NN
6352,Laos_2003,0,196,0,Article,article,NN,NN
6353,Laos_2003,0,196,1,97,97,CD,CD
6354,Laos_2003,0,196,2,Share,share,NNP,NN
6355,Laos_2003,0,196,3,Only,only,RB,RB
6356,Laos_2003,0,196,4,the,the,DT,DT
6357,Laos_2003,0,196,5,National,national,NNP,NN
6358,Laos_2003,0,196,6,Assembly,assembly,NNP,NN
6359,Laos_2003,0,196,7,session,session,NN,NN
6360,Laos_2003,0,196,8,of,of,IN,IN
6361,Laos_2003,0,196,9,the,the,DT,DT
6362,Laos_2003,0,196,10,Lao,lao,NNP,NN
6363,Laos_2003,0,196,11,People,people,NNP,NN
6364,Laos_2003,0,196,13,s,s,VBD,VB
6365,Laos_2003,0,196,14,Democratic,democratic,NNP,NN
6366,Laos_2003,0,196,15,Republic,republic,NNP,NN
6367,Laos_2003,0,196,16,has,has,VBZ,VB
6368,Laos_2003,0,196,17,the,the,DT,DT
6369,Laos_2003,0,196,18,right,right,NN,NN
6370,Laos_2003,0,196,19,to,to,TO,TO
6371,Laos_2003,0,196,20,amend,amend,VB,VB
6372,Laos_2003,0,196,21,the,the,DT,DT
6373,Laos_2003,0,196,22,Constitution,constitution,NNP,NN
6374,Laos_2003,0,197,0,Any,any,DT,DT
6375,Laos_2003,0,197,1,amendment,amendment,NN,NN
6376,Laos_2003,0,197,2,to,to,TO,TO
6377,Laos_2003,0,197,3,the,the,DT,DT
6378,Laos_2003,0,197,4,Constitution,constitution,NNP,NN
6379,Laos_2003,0,197,5,requires,requires,VBZ,VB
6380,Laos_2003,0,197,6,the,the,DT,DT
6381,Laos_2003,0,197,7,affirmative,affirmative,JJ,JJ
6382,Laos_2003,0,197,8,votes,votes,NNS,NN
6383,Laos_2003,0,197,9,of,of,IN,IN
6384,Laos_2003,0,197,10,at,at,IN,IN
6385,Laos_2003,0,197,11,least,least,JJS,JJ
6386,Laos_2003,0,197,12,two-thirds,twothirds,NNS,NN
6387,Laos_2003,0,197,13,of,of,IN,IN
6388,Laos_2003,0,197,14,the,the,DT,DT
6389,Laos_2003,0,197,15,total,total,JJ,JJ
6390,Laos_2003,0,197,16,number,number,NN,NN
6391,Laos_2003,0,197,17,of,of,IN,IN
6392,Laos_2003,0,197,18,the,the,DT,DT
6393,Laos_2003,0,197,19,National,national,NNP,NN
6394,Laos_2003,0,197,20,Assembly,assembly,NNP,NN
6395,Laos_2003,0,197,21,members,members,NNS,NN
6396,Laos_2003,0,198,0,Article,article,NN,NN
6397,Laos_2003,0,198,1,98,98,CD,CD
6398,Laos_2003,0,198,2,Share,share,NNP,NN
6399,Laos_2003,0,198,4,New,new,NNP,NN
6400,Laos_2003,0,198,6,This,this,DT,DT
6401,Laos_2003,0,198,7,Constitution,constitution,NN,NN
6402,Laos_2003,0,198,8,enters,enters,VBZ,VB
6403,Laos_2003,0,198,9,into,into,IN,IN
6404,Laos_2003,0,198,10,force,force,NN,NN
6405,Laos_2003,0,198,11,on,on,IN,IN
6406,Laos_2003,0,198,12,the,the,DT,DT
6407,Laos_2003,0,198,13,date,date,NN,NN
6408,Laos_2003,0,198,14,of,of,IN,IN
6409,Laos_2003,0,198,15,the,the,DT,DT
6410,Laos_2003,0,198,16,promulgating,promulgating,NN,NN
6411,Laos_2003,0,198,17,decree,decree,NN,NN
6412,Laos_2003,0,198,18,issued,issued,VBN,VB
6413,Laos_2003,0,198,19,by,by,IN,IN
6414,Laos_2003,0,198,20,the,the,DT,DT
6415,Laos_2003,0,198,21,President,president,NNP,NN
6416,Laos_2003,0,198,22,of,of,IN,IN
6417,Laos_2003,0,198,23,the,the,DT,DT
6418,Laos_2003,0,198,24,Lao,lao,NNP,NN
6419,Laos_2003,0,198,25,People,people,NNP,NN
6420,Laos_2003,0,198,27,s,s,VBD,VB
6421,Laos_2003,0,198,28,Democratic,democratic,JJ,JJ
6422,Laos_2003,0,198,29,Republic,republic,NNP,NN
