,country,para_num,sent_num,token_num,token_str,term_str,pos,pos_group
0,Peoples_Republic_of_Korea_1998,0,0,0,People,people,NNS,NN
1,Peoples_Republic_of_Korea_1998,0,0,1,'s,s,POS,PO
2,Peoples_Republic_of_Korea_1998,0,0,2,Republic,republic,NNP,NN
3,Peoples_Republic_of_Korea_1998,0,0,3,of,of,IN,IN
4,Peoples_Republic_of_Korea_1998,0,0,4,Korea,korea,NNP,NN
5,Peoples_Republic_of_Korea_1998,0,0,5,1972,1972,CD,CD
6,Peoples_Republic_of_Korea_1998,0,0,7,rev,rev,NN,NN
7,Peoples_Republic_of_Korea_1998,0,1,0,1998,1998,CD,CD
8,Peoples_Republic_of_Korea_1998,0,1,2,Preamble,preamble,NNP,NN
9,Peoples_Republic_of_Korea_1998,0,1,3,Share,share,NNP,NN
10,Peoples_Republic_of_Korea_1998,0,1,4,The,the,DT,DT
11,Peoples_Republic_of_Korea_1998,0,1,5,Democratic,democratic,JJ,JJ
12,Peoples_Republic_of_Korea_1998,0,1,6,People,people,NNP,NN
13,Peoples_Republic_of_Korea_1998,0,1,8,s,s,VBZ,VB
14,Peoples_Republic_of_Korea_1998,0,1,9,Republic,republic,NNP,NN
15,Peoples_Republic_of_Korea_1998,0,1,10,of,of,IN,IN
16,Peoples_Republic_of_Korea_1998,0,1,11,Korea,korea,NNP,NN
17,Peoples_Republic_of_Korea_1998,0,1,12,is,is,VBZ,VB
18,Peoples_Republic_of_Korea_1998,0,1,13,a,a,DT,DT
19,Peoples_Republic_of_Korea_1998,0,1,14,socialist,socialist,JJ,JJ
20,Peoples_Republic_of_Korea_1998,0,1,15,fatherland,fatherland,NN,NN
21,Peoples_Republic_of_Korea_1998,0,1,16,of,of,IN,IN
22,Peoples_Republic_of_Korea_1998,0,1,17,Juche,juche,NNP,NN
23,Peoples_Republic_of_Korea_1998,0,1,18,which,which,WDT,WD
24,Peoples_Republic_of_Korea_1998,0,1,19,embodies,embodies,VBZ,VB
25,Peoples_Republic_of_Korea_1998,0,1,20,the,the,DT,DT
26,Peoples_Republic_of_Korea_1998,0,1,21,idea,idea,NN,NN
27,Peoples_Republic_of_Korea_1998,0,1,22,of,of,IN,IN
28,Peoples_Republic_of_Korea_1998,0,1,23,and,and,CC,CC
29,Peoples_Republic_of_Korea_1998,0,1,24,guidance,guidance,NN,NN
30,Peoples_Republic_of_Korea_1998,0,1,25,by,by,IN,IN
31,Peoples_Republic_of_Korea_1998,0,1,26,the,the,DT,DT
32,Peoples_Republic_of_Korea_1998,0,1,27,great,great,JJ,JJ
33,Peoples_Republic_of_Korea_1998,0,1,28,leader,leader,NN,NN
34,Peoples_Republic_of_Korea_1998,0,1,29,Comrade,comrade,NNP,NN
35,Peoples_Republic_of_Korea_1998,0,1,30,Kim,kim,NNP,NN
36,Peoples_Republic_of_Korea_1998,0,1,31,II,ii,NNP,NN
37,Peoples_Republic_of_Korea_1998,0,1,32,Sung,sung,NNP,NN
38,Peoples_Republic_of_Korea_1998,0,2,0,The,the,DT,DT
39,Peoples_Republic_of_Korea_1998,0,2,1,great,great,JJ,JJ
40,Peoples_Republic_of_Korea_1998,0,2,2,leader,leader,NN,NN
41,Peoples_Republic_of_Korea_1998,0,2,3,Comrade,comrade,NNP,NN
42,Peoples_Republic_of_Korea_1998,0,2,4,Kim,kim,NNP,NN
43,Peoples_Republic_of_Korea_1998,0,2,5,II,ii,NNP,NN
44,Peoples_Republic_of_Korea_1998,0,2,6,Sung,sung,NNP,NN
45,Peoples_Republic_of_Korea_1998,0,2,7,is,is,VBZ,VB
46,Peoples_Republic_of_Korea_1998,0,2,8,the,the,DT,DT
47,Peoples_Republic_of_Korea_1998,0,2,9,founder,founder,NN,NN
48,Peoples_Republic_of_Korea_1998,0,2,10,of,of,IN,IN
49,Peoples_Republic_of_Korea_1998,0,2,11,the,the,DT,DT
50,Peoples_Republic_of_Korea_1998,0,2,12,DPRK,dprk,NNP,NN
51,Peoples_Republic_of_Korea_1998,0,2,13,and,and,CC,CC
52,Peoples_Republic_of_Korea_1998,0,2,14,the,the,DT,DT
53,Peoples_Republic_of_Korea_1998,0,2,15,socialist,socialist,JJ,JJ
54,Peoples_Republic_of_Korea_1998,0,2,16,Korea,korea,NNP,NN
55,Peoples_Republic_of_Korea_1998,0,3,0,Comrade,comrade,NNP,NN
56,Peoples_Republic_of_Korea_1998,0,3,1,Kim,kim,NNP,NN
57,Peoples_Republic_of_Korea_1998,0,3,2,II,ii,NNP,NN
58,Peoples_Republic_of_Korea_1998,0,3,3,Sung,sung,NNP,NN
59,Peoples_Republic_of_Korea_1998,0,3,4,founded,founded,VBD,VB
60,Peoples_Republic_of_Korea_1998,0,3,5,the,the,DT,DT
61,Peoples_Republic_of_Korea_1998,0,3,6,immortal,immortal,JJ,JJ
62,Peoples_Republic_of_Korea_1998,0,3,7,Juche,juche,NNP,NN
63,Peoples_Republic_of_Korea_1998,0,3,8,idea,idea,NN,NN
64,Peoples_Republic_of_Korea_1998,0,3,10,organized,organized,VBN,VB
65,Peoples_Republic_of_Korea_1998,0,3,11,and,and,CC,CC
66,Peoples_Republic_of_Korea_1998,0,3,12,guided,guided,VBD,VB
67,Peoples_Republic_of_Korea_1998,0,3,13,an,an,DT,DT
68,Peoples_Republic_of_Korea_1998,0,3,14,anti-Japanese,antijapanese,JJ,JJ
69,Peoples_Republic_of_Korea_1998,0,3,15,revolutionary,revolutionary,JJ,JJ
70,Peoples_Republic_of_Korea_1998,0,3,16,struggle,struggle,NN,NN
71,Peoples_Republic_of_Korea_1998,0,3,17,under,under,IN,IN
72,Peoples_Republic_of_Korea_1998,0,3,18,its,its,PRP$,PR
73,Peoples_Republic_of_Korea_1998,0,3,19,banner,banner,NN,NN
74,Peoples_Republic_of_Korea_1998,0,3,21,created,created,VBD,VB
75,Peoples_Republic_of_Korea_1998,0,3,22,revolutionary,revolutionary,JJ,JJ
76,Peoples_Republic_of_Korea_1998,0,3,23,tradition,tradition,NN,NN
77,Peoples_Republic_of_Korea_1998,0,3,25,attained,attained,VBD,VB
78,Peoples_Republic_of_Korea_1998,0,3,26,the,the,DT,DT
79,Peoples_Republic_of_Korea_1998,0,3,27,historical,historical,JJ,JJ
80,Peoples_Republic_of_Korea_1998,0,3,28,cause,cause,NN,NN
81,Peoples_Republic_of_Korea_1998,0,3,29,of,of,IN,IN
82,Peoples_Republic_of_Korea_1998,0,3,30,the,the,DT,DT
83,Peoples_Republic_of_Korea_1998,0,3,31,national,national,JJ,JJ
84,Peoples_Republic_of_Korea_1998,0,3,32,liberation,liberation,NN,NN
85,Peoples_Republic_of_Korea_1998,0,3,34,and,and,CC,CC
86,Peoples_Republic_of_Korea_1998,0,3,35,founded,founded,VBD,VB
87,Peoples_Republic_of_Korea_1998,0,3,36,the,the,DT,DT
88,Peoples_Republic_of_Korea_1998,0,3,37,DPRK,dprk,NNP,NN
89,Peoples_Republic_of_Korea_1998,0,3,39,built,built,VBD,VB
90,Peoples_Republic_of_Korea_1998,0,3,40,up,up,RP,RP
91,Peoples_Republic_of_Korea_1998,0,3,41,a,a,DT,DT
92,Peoples_Republic_of_Korea_1998,0,3,42,solid,solid,JJ,JJ
93,Peoples_Republic_of_Korea_1998,0,3,43,basis,basis,NN,NN
94,Peoples_Republic_of_Korea_1998,0,3,44,of,of,IN,IN
95,Peoples_Republic_of_Korea_1998,0,3,45,construction,construction,NN,NN
96,Peoples_Republic_of_Korea_1998,0,3,46,of,of,IN,IN
97,Peoples_Republic_of_Korea_1998,0,3,47,a,a,DT,DT
98,Peoples_Republic_of_Korea_1998,0,3,48,sovereign,sovereign,NN,NN
99,Peoples_Republic_of_Korea_1998,0,3,49,and,and,CC,CC
100,Peoples_Republic_of_Korea_1998,0,3,50,independent,independent,JJ,JJ
101,Peoples_Republic_of_Korea_1998,0,3,51,state,state,NN,NN
102,Peoples_Republic_of_Korea_1998,0,3,52,in,in,IN,IN
103,Peoples_Republic_of_Korea_1998,0,3,53,the,the,DT,DT
104,Peoples_Republic_of_Korea_1998,0,3,54,fields,fields,NNS,NN
105,Peoples_Republic_of_Korea_1998,0,3,55,of,of,IN,IN
106,Peoples_Republic_of_Korea_1998,0,3,56,politics,politics,NNS,NN
107,Peoples_Republic_of_Korea_1998,0,3,58,economy,economy,NN,NN
108,Peoples_Republic_of_Korea_1998,0,3,60,culture,culture,NN,NN
109,Peoples_Republic_of_Korea_1998,0,3,61,and,and,CC,CC
110,Peoples_Republic_of_Korea_1998,0,3,62,military,military,JJ,JJ
111,Peoples_Republic_of_Korea_1998,0,3,64,and,and,CC,CC
112,Peoples_Republic_of_Korea_1998,0,3,65,founded,founded,VBD,VB
113,Peoples_Republic_of_Korea_1998,0,3,66,the,the,DT,DT
114,Peoples_Republic_of_Korea_1998,0,3,67,DPRK,dprk,NNP,NN
115,Peoples_Republic_of_Korea_1998,0,4,0,Comrade,comrade,NNP,NN
116,Peoples_Republic_of_Korea_1998,0,4,1,Kim,kim,NNP,NN
117,Peoples_Republic_of_Korea_1998,0,4,2,II,ii,NNP,NN
118,Peoples_Republic_of_Korea_1998,0,4,3,Sung,sung,NNP,NN
119,Peoples_Republic_of_Korea_1998,0,4,4,put,put,VBD,VB
120,Peoples_Republic_of_Korea_1998,0,4,5,forward,forward,RB,RB
121,Peoples_Republic_of_Korea_1998,0,4,6,an,an,DT,DT
122,Peoples_Republic_of_Korea_1998,0,4,7,independent,independent,JJ,JJ
123,Peoples_Republic_of_Korea_1998,0,4,8,revolutionary,revolutionary,JJ,JJ
124,Peoples_Republic_of_Korea_1998,0,4,9,line,line,NN,NN
125,Peoples_Republic_of_Korea_1998,0,4,11,wisely,wisely,RB,RB
126,Peoples_Republic_of_Korea_1998,0,4,12,guided,guided,VBD,VB
127,Peoples_Republic_of_Korea_1998,0,4,13,the,the,DT,DT
128,Peoples_Republic_of_Korea_1998,0,4,14,social,social,JJ,JJ
129,Peoples_Republic_of_Korea_1998,0,4,15,revolution,revolution,NN,NN
130,Peoples_Republic_of_Korea_1998,0,4,16,and,and,CC,CC
131,Peoples_Republic_of_Korea_1998,0,4,17,construction,construction,NN,NN
132,Peoples_Republic_of_Korea_1998,0,4,18,at,at,IN,IN
133,Peoples_Republic_of_Korea_1998,0,4,19,various,various,JJ,JJ
134,Peoples_Republic_of_Korea_1998,0,4,20,levels,levels,NNS,NN
135,Peoples_Republic_of_Korea_1998,0,4,22,strengthened,strengthened,VBN,VB
136,Peoples_Republic_of_Korea_1998,0,4,23,and,and,CC,CC
137,Peoples_Republic_of_Korea_1998,0,4,24,developed,developed,VBD,VB
138,Peoples_Republic_of_Korea_1998,0,4,25,the,the,DT,DT
139,Peoples_Republic_of_Korea_1998,0,4,26,Republic,republic,NNP,NN
140,Peoples_Republic_of_Korea_1998,0,4,27,into,into,IN,IN
141,Peoples_Republic_of_Korea_1998,0,4,28,a,a,DT,DT
142,Peoples_Republic_of_Korea_1998,0,4,29,people-centered,peoplecentered,JJ,JJ
143,Peoples_Republic_of_Korea_1998,0,4,30,socialist,socialist,JJ,JJ
144,Peoples_Republic_of_Korea_1998,0,4,31,country,country,NN,NN
145,Peoples_Republic_of_Korea_1998,0,4,32,and,and,CC,CC
146,Peoples_Republic_of_Korea_1998,0,4,33,a,a,DT,DT
147,Peoples_Republic_of_Korea_1998,0,4,34,socialist,socialist,JJ,JJ
148,Peoples_Republic_of_Korea_1998,0,4,35,state,state,NN,NN
149,Peoples_Republic_of_Korea_1998,0,4,36,of,of,IN,IN
150,Peoples_Republic_of_Korea_1998,0,4,37,independence,independence,NN,NN
151,Peoples_Republic_of_Korea_1998,0,4,39,self-sustenance,selfsustenance,NN,NN
152,Peoples_Republic_of_Korea_1998,0,4,41,and,and,CC,CC
153,Peoples_Republic_of_Korea_1998,0,4,42,self-defense,selfdefense,NN,NN
154,Peoples_Republic_of_Korea_1998,0,5,0,Comrade,comrade,NNP,NN
155,Peoples_Republic_of_Korea_1998,0,5,1,Kim,kim,NNP,NN
156,Peoples_Republic_of_Korea_1998,0,5,2,II,ii,NNP,NN
157,Peoples_Republic_of_Korea_1998,0,5,3,Sung,sung,NNP,NN
158,Peoples_Republic_of_Korea_1998,0,5,4,clarified,clarified,VBD,VB
159,Peoples_Republic_of_Korea_1998,0,5,5,the,the,DT,DT
160,Peoples_Republic_of_Korea_1998,0,5,6,fundamental,fundamental,JJ,JJ
161,Peoples_Republic_of_Korea_1998,0,5,7,principle,principle,NN,NN
162,Peoples_Republic_of_Korea_1998,0,5,8,of,of,IN,IN
163,Peoples_Republic_of_Korea_1998,0,5,9,State,state,NNP,NN
164,Peoples_Republic_of_Korea_1998,0,5,10,building,building,NN,NN
165,Peoples_Republic_of_Korea_1998,0,5,11,and,and,CC,CC
166,Peoples_Republic_of_Korea_1998,0,5,12,activities,activities,NNS,NN
167,Peoples_Republic_of_Korea_1998,0,5,14,established,established,VBN,VB
168,Peoples_Republic_of_Korea_1998,0,5,15,the,the,DT,DT
169,Peoples_Republic_of_Korea_1998,0,5,16,most,most,RBS,RB
170,Peoples_Republic_of_Korea_1998,0,5,17,superior,superior,JJ,JJ
171,Peoples_Republic_of_Korea_1998,0,5,18,state,state,NN,NN
172,Peoples_Republic_of_Korea_1998,0,5,19,social,social,JJ,JJ
173,Peoples_Republic_of_Korea_1998,0,5,20,system,system,NN,NN
174,Peoples_Republic_of_Korea_1998,0,5,21,and,and,CC,CC
175,Peoples_Republic_of_Korea_1998,0,5,22,political,political,JJ,JJ
176,Peoples_Republic_of_Korea_1998,0,5,23,method,method,NN,NN
177,Peoples_Republic_of_Korea_1998,0,5,25,and,and,CC,CC
178,Peoples_Republic_of_Korea_1998,0,5,26,social,social,JJ,JJ
179,Peoples_Republic_of_Korea_1998,0,5,27,management,management,NN,NN
180,Peoples_Republic_of_Korea_1998,0,5,28,system,system,NN,NN
181,Peoples_Republic_of_Korea_1998,0,5,29,and,and,CC,CC
182,Peoples_Republic_of_Korea_1998,0,5,30,method,method,NN,NN
183,Peoples_Republic_of_Korea_1998,0,5,32,and,and,CC,CC
184,Peoples_Republic_of_Korea_1998,0,5,33,provided,provided,VBD,VB
185,Peoples_Republic_of_Korea_1998,0,5,34,a,a,DT,DT
186,Peoples_Republic_of_Korea_1998,0,5,35,firm,firm,JJ,JJ
187,Peoples_Republic_of_Korea_1998,0,5,36,basis,basis,NN,NN
188,Peoples_Republic_of_Korea_1998,0,5,37,for,for,IN,IN
189,Peoples_Republic_of_Korea_1998,0,5,38,the,the,DT,DT
190,Peoples_Republic_of_Korea_1998,0,5,39,prosperous,prosperous,JJ,JJ
191,Peoples_Republic_of_Korea_1998,0,5,40,and,and,CC,CC
192,Peoples_Republic_of_Korea_1998,0,5,41,powerful,powerful,JJ,JJ
193,Peoples_Republic_of_Korea_1998,0,5,42,socialist,socialist,JJ,JJ
194,Peoples_Republic_of_Korea_1998,0,5,43,fatherland,fatherland,NN,NN
195,Peoples_Republic_of_Korea_1998,0,5,44,and,and,CC,CC
196,Peoples_Republic_of_Korea_1998,0,5,45,the,the,DT,DT
197,Peoples_Republic_of_Korea_1998,0,5,46,continuation,continuation,NN,NN
198,Peoples_Republic_of_Korea_1998,0,5,47,of,of,IN,IN
199,Peoples_Republic_of_Korea_1998,0,5,48,the,the,DT,DT
200,Peoples_Republic_of_Korea_1998,0,5,49,task,task,NN,NN
201,Peoples_Republic_of_Korea_1998,0,5,50,of,of,IN,IN
202,Peoples_Republic_of_Korea_1998,0,5,51,completing,completing,VBG,VB
203,Peoples_Republic_of_Korea_1998,0,5,52,the,the,DT,DT
204,Peoples_Republic_of_Korea_1998,0,5,53,Juche,juche,NNP,NN
205,Peoples_Republic_of_Korea_1998,0,5,54,revolutionary,revolutionary,JJ,JJ
206,Peoples_Republic_of_Korea_1998,0,5,55,cause,cause,NN,NN
207,Peoples_Republic_of_Korea_1998,0,6,0,Comrade,comrade,NNP,NN
208,Peoples_Republic_of_Korea_1998,0,6,1,Kim,kim,NNP,NN
209,Peoples_Republic_of_Korea_1998,0,6,2,II,ii,NNP,NN
210,Peoples_Republic_of_Korea_1998,0,6,3,Sung,sung,NNP,NN
211,Peoples_Republic_of_Korea_1998,0,6,4,regarded,regarded,VBD,VB
212,Peoples_Republic_of_Korea_1998,0,6,6,believing,believing,VBG,VB
213,Peoples_Republic_of_Korea_1998,0,6,7,in,in,IN,IN
214,Peoples_Republic_of_Korea_1998,0,6,8,the,the,DT,DT
215,Peoples_Republic_of_Korea_1998,0,6,9,people,people,NNS,NN
216,Peoples_Republic_of_Korea_1998,0,6,10,as,as,IN,IN
217,Peoples_Republic_of_Korea_1998,0,6,11,in,in,IN,IN
218,Peoples_Republic_of_Korea_1998,0,6,12,heaven,heaven,JJ,JJ
219,Peoples_Republic_of_Korea_1998,0,6,14,as,as,IN,IN
220,Peoples_Republic_of_Korea_1998,0,6,15,his,his,PRP$,PR
221,Peoples_Republic_of_Korea_1998,0,6,16,motto,motto,NN,NN
222,Peoples_Republic_of_Korea_1998,0,6,18,was,was,VBD,VB
223,Peoples_Republic_of_Korea_1998,0,6,19,always,always,RB,RB
224,Peoples_Republic_of_Korea_1998,0,6,20,with,with,IN,IN
225,Peoples_Republic_of_Korea_1998,0,6,21,the,the,DT,DT
226,Peoples_Republic_of_Korea_1998,0,6,22,people,people,NNS,NN
227,Peoples_Republic_of_Korea_1998,0,6,24,devoted,devoted,VBD,VB
228,Peoples_Republic_of_Korea_1998,0,6,25,his,his,PRP$,PR
229,Peoples_Republic_of_Korea_1998,0,6,26,whole,whole,JJ,JJ
230,Peoples_Republic_of_Korea_1998,0,6,27,life,life,NN,NN
231,Peoples_Republic_of_Korea_1998,0,6,28,to,to,TO,TO
232,Peoples_Republic_of_Korea_1998,0,6,29,them,them,PRP,PR
233,Peoples_Republic_of_Korea_1998,0,6,31,took,took,VBD,VB
234,Peoples_Republic_of_Korea_1998,0,6,32,care,care,NN,NN
235,Peoples_Republic_of_Korea_1998,0,6,33,of,of,IN,IN
236,Peoples_Republic_of_Korea_1998,0,6,34,and,and,CC,CC
237,Peoples_Republic_of_Korea_1998,0,6,35,guided,guided,VBD,VB
238,Peoples_Republic_of_Korea_1998,0,6,36,them,them,PRP,PR
239,Peoples_Republic_of_Korea_1998,0,6,37,with,with,IN,IN
240,Peoples_Republic_of_Korea_1998,0,6,38,a,a,DT,DT
241,Peoples_Republic_of_Korea_1998,0,6,39,noble,noble,JJ,JJ
242,Peoples_Republic_of_Korea_1998,0,6,40,politics,politics,NNS,NN
243,Peoples_Republic_of_Korea_1998,0,6,41,of,of,IN,IN
244,Peoples_Republic_of_Korea_1998,0,6,42,benevolence,benevolence,NN,NN
245,Peoples_Republic_of_Korea_1998,0,6,44,and,and,CC,CC
246,Peoples_Republic_of_Korea_1998,0,6,45,turned,turned,VBD,VB
247,Peoples_Republic_of_Korea_1998,0,6,46,the,the,DT,DT
248,Peoples_Republic_of_Korea_1998,0,6,47,whole,whole,JJ,JJ
249,Peoples_Republic_of_Korea_1998,0,6,48,society,society,NN,NN
250,Peoples_Republic_of_Korea_1998,0,6,49,into,into,IN,IN
251,Peoples_Republic_of_Korea_1998,0,6,50,one,one,CD,CD
252,Peoples_Republic_of_Korea_1998,0,6,51,big,big,JJ,JJ
253,Peoples_Republic_of_Korea_1998,0,6,52,and,and,CC,CC
254,Peoples_Republic_of_Korea_1998,0,6,53,united,united,JJ,JJ
255,Peoples_Republic_of_Korea_1998,0,6,54,family,family,NN,NN
256,Peoples_Republic_of_Korea_1998,0,7,0,The,the,DT,DT
257,Peoples_Republic_of_Korea_1998,0,7,1,great,great,JJ,JJ
258,Peoples_Republic_of_Korea_1998,0,7,2,leader,leader,NN,NN
259,Peoples_Republic_of_Korea_1998,0,7,3,Comrade,comrade,NNP,NN
260,Peoples_Republic_of_Korea_1998,0,7,4,Kim,kim,NNP,NN
261,Peoples_Republic_of_Korea_1998,0,7,5,II,ii,NNP,NN
262,Peoples_Republic_of_Korea_1998,0,7,6,Sung,sung,NNP,NN
263,Peoples_Republic_of_Korea_1998,0,7,7,is,is,VBZ,VB
264,Peoples_Republic_of_Korea_1998,0,7,8,the,the,DT,DT
265,Peoples_Republic_of_Korea_1998,0,7,9,sun,sun,NN,NN
266,Peoples_Republic_of_Korea_1998,0,7,10,of,of,IN,IN
267,Peoples_Republic_of_Korea_1998,0,7,11,the,the,DT,DT
268,Peoples_Republic_of_Korea_1998,0,7,12,nation,nation,NN,NN
269,Peoples_Republic_of_Korea_1998,0,7,13,and,and,CC,CC
270,Peoples_Republic_of_Korea_1998,0,7,14,the,the,DT,DT
271,Peoples_Republic_of_Korea_1998,0,7,15,lodestar,lodestar,NN,NN
272,Peoples_Republic_of_Korea_1998,0,7,16,of,of,IN,IN
273,Peoples_Republic_of_Korea_1998,0,7,17,the,the,DT,DT
274,Peoples_Republic_of_Korea_1998,0,7,18,reunification,reunification,NN,NN
275,Peoples_Republic_of_Korea_1998,0,7,19,of,of,IN,IN
276,Peoples_Republic_of_Korea_1998,0,7,20,the,the,DT,DT
277,Peoples_Republic_of_Korea_1998,0,7,21,fatherland,fatherland,NN,NN
278,Peoples_Republic_of_Korea_1998,0,8,0,Comrade,comrade,NNP,NN
279,Peoples_Republic_of_Korea_1998,0,8,1,Kim,kim,NNP,NN
280,Peoples_Republic_of_Korea_1998,0,8,2,II,ii,NNP,NN
281,Peoples_Republic_of_Korea_1998,0,8,3,Sung,sung,NNP,NN
282,Peoples_Republic_of_Korea_1998,0,8,4,set,set,VBD,VB
283,Peoples_Republic_of_Korea_1998,0,8,5,the,the,DT,DT
284,Peoples_Republic_of_Korea_1998,0,8,6,reunification,reunification,NN,NN
285,Peoples_Republic_of_Korea_1998,0,8,7,of,of,IN,IN
286,Peoples_Republic_of_Korea_1998,0,8,8,the,the,DT,DT
287,Peoples_Republic_of_Korea_1998,0,8,9,country,country,NN,NN
288,Peoples_Republic_of_Korea_1998,0,8,10,as,as,IN,IN
289,Peoples_Republic_of_Korea_1998,0,8,11,the,the,DT,DT
290,Peoples_Republic_of_Korea_1998,0,8,12,nation,nation,NN,NN
291,Peoples_Republic_of_Korea_1998,0,8,14,s,s,VBZ,VB
292,Peoples_Republic_of_Korea_1998,0,8,15,supreme,supreme,JJ,JJ
293,Peoples_Republic_of_Korea_1998,0,8,16,task,task,NN,NN
294,Peoples_Republic_of_Korea_1998,0,8,18,and,and,CC,CC
295,Peoples_Republic_of_Korea_1998,0,8,19,devoted,devoted,VBD,VB
296,Peoples_Republic_of_Korea_1998,0,8,20,all,all,DT,DT
297,Peoples_Republic_of_Korea_1998,0,8,21,his,his,PRP$,PR
298,Peoples_Republic_of_Korea_1998,0,8,22,work,work,NN,NN
299,Peoples_Republic_of_Korea_1998,0,8,23,and,and,CC,CC
300,Peoples_Republic_of_Korea_1998,0,8,24,endeavors,endeavors,NNS,NN
301,Peoples_Republic_of_Korea_1998,0,8,25,entirely,entirely,RB,RB
302,Peoples_Republic_of_Korea_1998,0,8,26,to,to,TO,TO
303,Peoples_Republic_of_Korea_1998,0,8,27,its,its,PRP$,PR
304,Peoples_Republic_of_Korea_1998,0,8,28,realization,realization,NN,NN
305,Peoples_Republic_of_Korea_1998,0,9,0,Comrade,comrade,NNP,NN
306,Peoples_Republic_of_Korea_1998,0,9,1,Kim,kim,NNP,NN
307,Peoples_Republic_of_Korea_1998,0,9,2,II,ii,NNP,NN
308,Peoples_Republic_of_Korea_1998,0,9,3,Sung,sung,NNP,NN
309,Peoples_Republic_of_Korea_1998,0,9,5,while,while,IN,IN
310,Peoples_Republic_of_Korea_1998,0,9,6,turning,turning,VBG,VB
311,Peoples_Republic_of_Korea_1998,0,9,7,the,the,DT,DT
312,Peoples_Republic_of_Korea_1998,0,9,8,Republic,republic,NNP,NN
313,Peoples_Republic_of_Korea_1998,0,9,9,into,into,IN,IN
314,Peoples_Republic_of_Korea_1998,0,9,10,a,a,DT,DT
315,Peoples_Republic_of_Korea_1998,0,9,11,mighty,mighty,JJ,JJ
316,Peoples_Republic_of_Korea_1998,0,9,12,fortress,fortress,NN,NN
317,Peoples_Republic_of_Korea_1998,0,9,13,for,for,IN,IN
318,Peoples_Republic_of_Korea_1998,0,9,14,national,national,JJ,JJ
319,Peoples_Republic_of_Korea_1998,0,9,15,reunification,reunification,NN,NN
320,Peoples_Republic_of_Korea_1998,0,9,17,indicated,indicated,VBD,VB
321,Peoples_Republic_of_Korea_1998,0,9,18,fundamental,fundamental,JJ,JJ
322,Peoples_Republic_of_Korea_1998,0,9,19,principles,principles,NNS,NN
323,Peoples_Republic_of_Korea_1998,0,9,20,and,and,CC,CC
324,Peoples_Republic_of_Korea_1998,0,9,21,methods,methods,NNS,NN
325,Peoples_Republic_of_Korea_1998,0,9,22,for,for,IN,IN
326,Peoples_Republic_of_Korea_1998,0,9,23,national,national,JJ,JJ
327,Peoples_Republic_of_Korea_1998,0,9,24,reunification,reunification,NN,NN
328,Peoples_Republic_of_Korea_1998,0,9,26,developed,developed,VBD,VB
329,Peoples_Republic_of_Korea_1998,0,9,27,the,the,DT,DT
330,Peoples_Republic_of_Korea_1998,0,9,28,national,national,JJ,JJ
331,Peoples_Republic_of_Korea_1998,0,9,29,reunification,reunification,NN,NN
332,Peoples_Republic_of_Korea_1998,0,9,30,movement,movement,NN,NN
333,Peoples_Republic_of_Korea_1998,0,9,31,into,into,IN,IN
334,Peoples_Republic_of_Korea_1998,0,9,32,a,a,DT,DT
335,Peoples_Republic_of_Korea_1998,0,9,33,pan-national,pannational,JJ,JJ
336,Peoples_Republic_of_Korea_1998,0,9,34,movement,movement,NN,NN
337,Peoples_Republic_of_Korea_1998,0,9,36,and,and,CC,CC
338,Peoples_Republic_of_Korea_1998,0,9,37,opened,opened,VBD,VB
339,Peoples_Republic_of_Korea_1998,0,9,38,up,up,RP,RP
340,Peoples_Republic_of_Korea_1998,0,9,39,a,a,DT,DT
341,Peoples_Republic_of_Korea_1998,0,9,40,way,way,NN,NN
342,Peoples_Republic_of_Korea_1998,0,9,41,for,for,IN,IN
343,Peoples_Republic_of_Korea_1998,0,9,42,that,that,DT,DT
344,Peoples_Republic_of_Korea_1998,0,9,43,cause,cause,NN,NN
345,Peoples_Republic_of_Korea_1998,0,9,45,to,to,TO,TO
346,Peoples_Republic_of_Korea_1998,0,9,46,be,be,VB,VB
347,Peoples_Republic_of_Korea_1998,0,9,47,attained,attained,VBN,VB
348,Peoples_Republic_of_Korea_1998,0,9,48,by,by,IN,IN
349,Peoples_Republic_of_Korea_1998,0,9,49,the,the,DT,DT
350,Peoples_Republic_of_Korea_1998,0,9,50,united,united,JJ,JJ
351,Peoples_Republic_of_Korea_1998,0,9,51,strength,strength,NN,NN
352,Peoples_Republic_of_Korea_1998,0,9,52,of,of,IN,IN
353,Peoples_Republic_of_Korea_1998,0,9,53,the,the,DT,DT
354,Peoples_Republic_of_Korea_1998,0,9,54,entire,entire,JJ,JJ
355,Peoples_Republic_of_Korea_1998,0,9,55,nation,nation,NN,NN
356,Peoples_Republic_of_Korea_1998,0,10,0,The,the,DT,DT
357,Peoples_Republic_of_Korea_1998,0,10,1,great,great,JJ,JJ
358,Peoples_Republic_of_Korea_1998,0,10,2,leader,leader,NN,NN
359,Peoples_Republic_of_Korea_1998,0,10,3,Comrade,comrade,NNP,NN
360,Peoples_Republic_of_Korea_1998,0,10,4,Kim,kim,NNP,NN
361,Peoples_Republic_of_Korea_1998,0,10,5,II,ii,NNP,NN
362,Peoples_Republic_of_Korea_1998,0,10,6,Sung,sung,NNP,NN
363,Peoples_Republic_of_Korea_1998,0,10,7,made,made,VBD,VB
364,Peoples_Republic_of_Korea_1998,0,10,8,clear,clear,JJ,JJ
365,Peoples_Republic_of_Korea_1998,0,10,9,the,the,DT,DT
366,Peoples_Republic_of_Korea_1998,0,10,10,fundamental,fundamental,JJ,JJ
367,Peoples_Republic_of_Korea_1998,0,10,11,idea,idea,NN,NN
368,Peoples_Republic_of_Korea_1998,0,10,12,of,of,IN,IN
369,Peoples_Republic_of_Korea_1998,0,10,13,the,the,DT,DT
370,Peoples_Republic_of_Korea_1998,0,10,14,Republic,republic,NNP,NN
371,Peoples_Republic_of_Korea_1998,0,10,16,s,s,VBD,VB
372,Peoples_Republic_of_Korea_1998,0,10,17,external,external,JJ,JJ
373,Peoples_Republic_of_Korea_1998,0,10,18,policy,policy,NN,NN
374,Peoples_Republic_of_Korea_1998,0,10,20,expanded,expanded,VBN,VB
375,Peoples_Republic_of_Korea_1998,0,10,21,and,and,CC,CC
376,Peoples_Republic_of_Korea_1998,0,10,22,developed,developed,VBN,VB
377,Peoples_Republic_of_Korea_1998,0,10,23,diplomatic,diplomatic,JJ,JJ
378,Peoples_Republic_of_Korea_1998,0,10,24,relations,relations,NNS,NN
379,Peoples_Republic_of_Korea_1998,0,10,25,on,on,IN,IN
380,Peoples_Republic_of_Korea_1998,0,10,26,this,this,DT,DT
381,Peoples_Republic_of_Korea_1998,0,10,27,basis,basis,NN,NN
382,Peoples_Republic_of_Korea_1998,0,10,29,and,and,CC,CC
383,Peoples_Republic_of_Korea_1998,0,10,30,heightened,heightened,VBD,VB
384,Peoples_Republic_of_Korea_1998,0,10,31,the,the,DT,DT
385,Peoples_Republic_of_Korea_1998,0,10,32,international,international,JJ,JJ
386,Peoples_Republic_of_Korea_1998,0,10,33,prestige,prestige,NN,NN
387,Peoples_Republic_of_Korea_1998,0,10,34,of,of,IN,IN
388,Peoples_Republic_of_Korea_1998,0,10,35,the,the,DT,DT
389,Peoples_Republic_of_Korea_1998,0,10,36,Republic,republic,NNP,NN
390,Peoples_Republic_of_Korea_1998,0,11,0,Comrade,comrade,NNP,NN
391,Peoples_Republic_of_Korea_1998,0,11,1,Kim,kim,NNP,NN
392,Peoples_Republic_of_Korea_1998,0,11,2,II,ii,NNP,NN
393,Peoples_Republic_of_Korea_1998,0,11,3,Sung,sung,NNP,NN
394,Peoples_Republic_of_Korea_1998,0,11,4,as,as,IN,IN
395,Peoples_Republic_of_Korea_1998,0,11,5,a,a,DT,DT
396,Peoples_Republic_of_Korea_1998,0,11,6,veteran,veteran,JJ,JJ
397,Peoples_Republic_of_Korea_1998,0,11,7,world,world,NN,NN
398,Peoples_Republic_of_Korea_1998,0,11,8,political,political,JJ,JJ
399,Peoples_Republic_of_Korea_1998,0,11,9,leader,leader,NN,NN
400,Peoples_Republic_of_Korea_1998,0,11,11,hew,hew,VBZ,VB
401,Peoples_Republic_of_Korea_1998,0,11,12,out,out,RP,RP
402,Peoples_Republic_of_Korea_1998,0,11,13,a,a,DT,DT
403,Peoples_Republic_of_Korea_1998,0,11,14,new,new,JJ,JJ
404,Peoples_Republic_of_Korea_1998,0,11,15,era,era,NN,NN
405,Peoples_Republic_of_Korea_1998,0,11,16,of,of,IN,IN
406,Peoples_Republic_of_Korea_1998,0,11,17,independence,independence,NN,NN
407,Peoples_Republic_of_Korea_1998,0,11,19,vigorously,vigorously,RB,RB
408,Peoples_Republic_of_Korea_1998,0,11,20,worked,worked,VBN,VB
409,Peoples_Republic_of_Korea_1998,0,11,21,for,for,IN,IN
410,Peoples_Republic_of_Korea_1998,0,11,22,the,the,DT,DT
411,Peoples_Republic_of_Korea_1998,0,11,23,reinforcement,reinforcement,NN,NN
412,Peoples_Republic_of_Korea_1998,0,11,24,and,and,CC,CC
413,Peoples_Republic_of_Korea_1998,0,11,25,development,development,NN,NN
414,Peoples_Republic_of_Korea_1998,0,11,26,of,of,IN,IN
415,Peoples_Republic_of_Korea_1998,0,11,27,the,the,DT,DT
416,Peoples_Republic_of_Korea_1998,0,11,28,socialist,socialist,JJ,JJ
417,Peoples_Republic_of_Korea_1998,0,11,29,movement,movement,NN,NN
418,Peoples_Republic_of_Korea_1998,0,11,30,and,and,CC,CC
419,Peoples_Republic_of_Korea_1998,0,11,31,the,the,DT,DT
420,Peoples_Republic_of_Korea_1998,0,11,32,nonaligned,nonaligned,JJ,JJ
421,Peoples_Republic_of_Korea_1998,0,11,33,movement,movement,NN,NN
422,Peoples_Republic_of_Korea_1998,0,11,35,and,and,CC,CC
423,Peoples_Republic_of_Korea_1998,0,11,36,for,for,IN,IN
424,Peoples_Republic_of_Korea_1998,0,11,37,world,world,NN,NN
425,Peoples_Republic_of_Korea_1998,0,11,38,peace,peace,NN,NN
426,Peoples_Republic_of_Korea_1998,0,11,39,and,and,CC,CC
427,Peoples_Republic_of_Korea_1998,0,11,40,friendship,friendship,NN,NN
428,Peoples_Republic_of_Korea_1998,0,11,41,between,between,IN,IN
429,Peoples_Republic_of_Korea_1998,0,11,42,peoples,peoples,NNS,NN
430,Peoples_Republic_of_Korea_1998,0,11,44,and,and,CC,CC
431,Peoples_Republic_of_Korea_1998,0,11,45,made,made,VBD,VB
432,Peoples_Republic_of_Korea_1998,0,11,46,an,an,DT,DT
433,Peoples_Republic_of_Korea_1998,0,11,47,immortal,immortal,JJ,JJ
434,Peoples_Republic_of_Korea_1998,0,11,48,contribution,contribution,NN,NN
435,Peoples_Republic_of_Korea_1998,0,11,49,to,to,TO,TO
436,Peoples_Republic_of_Korea_1998,0,11,50,the,the,DT,DT
437,Peoples_Republic_of_Korea_1998,0,11,51,mankind,mankind,NN,NN
438,Peoples_Republic_of_Korea_1998,0,11,53,s,s,JJ,JJ
439,Peoples_Republic_of_Korea_1998,0,11,54,independent,independent,JJ,JJ
440,Peoples_Republic_of_Korea_1998,0,11,55,cause,cause,NN,NN
441,Peoples_Republic_of_Korea_1998,0,12,0,Comrade,comrade,NNP,NN
442,Peoples_Republic_of_Korea_1998,0,12,1,Kim,kim,NNP,NN
443,Peoples_Republic_of_Korea_1998,0,12,2,II,ii,NNP,NN
444,Peoples_Republic_of_Korea_1998,0,12,3,Sung,sung,NNP,NN
445,Peoples_Republic_of_Korea_1998,0,12,4,was,was,VBD,VB
446,Peoples_Republic_of_Korea_1998,0,12,5,a,a,DT,DT
447,Peoples_Republic_of_Korea_1998,0,12,6,genius,genius,JJ,JJ
448,Peoples_Republic_of_Korea_1998,0,12,7,ideological,ideological,JJ,JJ
449,Peoples_Republic_of_Korea_1998,0,12,8,theoretician,theoretician,NN,NN
450,Peoples_Republic_of_Korea_1998,0,12,9,and,and,CC,CC
451,Peoples_Republic_of_Korea_1998,0,12,10,a,a,DT,DT
452,Peoples_Republic_of_Korea_1998,0,12,11,genius,genius,JJ,JJ
453,Peoples_Republic_of_Korea_1998,0,12,12,art,art,NN,NN
454,Peoples_Republic_of_Korea_1998,0,12,13,leader,leader,NN,NN
455,Peoples_Republic_of_Korea_1998,0,12,15,an,an,DT,DT
456,Peoples_Republic_of_Korea_1998,0,12,16,ever-victorious,evervictorious,JJ,JJ
457,Peoples_Republic_of_Korea_1998,0,12,18,iron-willed,ironwilled,JJ,JJ
458,Peoples_Republic_of_Korea_1998,0,12,19,brilliant,brilliant,NN,NN
459,Peoples_Republic_of_Korea_1998,0,12,20,commander,commander,NN,NN
460,Peoples_Republic_of_Korea_1998,0,12,22,a,a,DT,DT
461,Peoples_Republic_of_Korea_1998,0,12,23,great,great,JJ,JJ
462,Peoples_Republic_of_Korea_1998,0,12,24,revolutionary,revolutionary,JJ,JJ
463,Peoples_Republic_of_Korea_1998,0,12,25,and,and,CC,CC
464,Peoples_Republic_of_Korea_1998,0,12,26,politician,politician,JJ,JJ
465,Peoples_Republic_of_Korea_1998,0,12,28,and,and,CC,CC
466,Peoples_Republic_of_Korea_1998,0,12,29,a,a,DT,DT
467,Peoples_Republic_of_Korea_1998,0,12,30,great,great,JJ,JJ
468,Peoples_Republic_of_Korea_1998,0,12,31,human,human,JJ,JJ
469,Peoples_Republic_of_Korea_1998,0,12,32,being,being,VBG,VB
470,Peoples_Republic_of_Korea_1998,0,13,0,Comrade,comrade,NNP,NN
471,Peoples_Republic_of_Korea_1998,0,13,1,Kim,kim,NNP,NN
472,Peoples_Republic_of_Korea_1998,0,13,2,II,ii,NNP,NN
473,Peoples_Republic_of_Korea_1998,0,13,3,Sung,sung,NNP,NN
474,Peoples_Republic_of_Korea_1998,0,13,5,s,s,VBZ,VB
475,Peoples_Republic_of_Korea_1998,0,13,6,great,great,JJ,JJ
476,Peoples_Republic_of_Korea_1998,0,13,7,idea,idea,NN,NN
477,Peoples_Republic_of_Korea_1998,0,13,8,and,and,CC,CC
478,Peoples_Republic_of_Korea_1998,0,13,9,achievements,achievements,NNS,NN
479,Peoples_Republic_of_Korea_1998,0,13,10,in,in,IN,IN
480,Peoples_Republic_of_Korea_1998,0,13,11,leadership,leadership,NN,NN
481,Peoples_Republic_of_Korea_1998,0,13,12,are,are,VBP,VB
482,Peoples_Republic_of_Korea_1998,0,13,13,the,the,DT,DT
483,Peoples_Republic_of_Korea_1998,0,13,14,eternal,eternal,JJ,JJ
484,Peoples_Republic_of_Korea_1998,0,13,15,treasures,treasures,NNS,NN
485,Peoples_Republic_of_Korea_1998,0,13,16,of,of,IN,IN
486,Peoples_Republic_of_Korea_1998,0,13,17,the,the,DT,DT
487,Peoples_Republic_of_Korea_1998,0,13,18,nation,nation,NN,NN
488,Peoples_Republic_of_Korea_1998,0,13,19,and,and,CC,CC
489,Peoples_Republic_of_Korea_1998,0,13,20,a,a,DT,DT
490,Peoples_Republic_of_Korea_1998,0,13,21,fundamental,fundamental,JJ,JJ
491,Peoples_Republic_of_Korea_1998,0,13,22,guarantee,guarantee,NN,NN
492,Peoples_Republic_of_Korea_1998,0,13,23,for,for,IN,IN
493,Peoples_Republic_of_Korea_1998,0,13,24,the,the,DT,DT
494,Peoples_Republic_of_Korea_1998,0,13,25,prosperity,prosperity,NN,NN
495,Peoples_Republic_of_Korea_1998,0,13,26,and,and,CC,CC
496,Peoples_Republic_of_Korea_1998,0,13,27,efflorescence,efflorescence,NN,NN
497,Peoples_Republic_of_Korea_1998,0,13,28,of,of,IN,IN
498,Peoples_Republic_of_Korea_1998,0,13,29,the,the,DT,DT
499,Peoples_Republic_of_Korea_1998,0,13,30,DPRK,dprk,NNP,NN
500,Peoples_Republic_of_Korea_1998,0,14,0,The,the,DT,DT
501,Peoples_Republic_of_Korea_1998,0,14,1,DPRK,dprk,NNP,NN
502,Peoples_Republic_of_Korea_1998,0,14,2,and,and,CC,CC
503,Peoples_Republic_of_Korea_1998,0,14,3,the,the,DT,DT
504,Peoples_Republic_of_Korea_1998,0,14,4,entire,entire,JJ,JJ
505,Peoples_Republic_of_Korea_1998,0,14,5,Korean,korean,JJ,JJ
506,Peoples_Republic_of_Korea_1998,0,14,6,people,people,NNS,NN
507,Peoples_Republic_of_Korea_1998,0,14,7,will,will,MD,MD
508,Peoples_Republic_of_Korea_1998,0,14,8,uphold,uphold,VB,VB
509,Peoples_Republic_of_Korea_1998,0,14,9,the,the,DT,DT
510,Peoples_Republic_of_Korea_1998,0,14,10,great,great,JJ,JJ
511,Peoples_Republic_of_Korea_1998,0,14,11,leader,leader,NN,NN
512,Peoples_Republic_of_Korea_1998,0,14,12,Comrade,comrade,NNP,NN
513,Peoples_Republic_of_Korea_1998,0,14,13,Kim,kim,NNP,NN
514,Peoples_Republic_of_Korea_1998,0,14,14,II,ii,NNP,NN
515,Peoples_Republic_of_Korea_1998,0,14,15,Sung,sung,NNP,NN
516,Peoples_Republic_of_Korea_1998,0,14,16,as,as,IN,IN
517,Peoples_Republic_of_Korea_1998,0,14,17,the,the,DT,DT
518,Peoples_Republic_of_Korea_1998,0,14,18,eternal,eternal,JJ,JJ
519,Peoples_Republic_of_Korea_1998,0,14,19,President,president,NNP,NN
520,Peoples_Republic_of_Korea_1998,0,14,20,of,of,IN,IN
521,Peoples_Republic_of_Korea_1998,0,14,21,the,the,DT,DT
522,Peoples_Republic_of_Korea_1998,0,14,22,Republic,republic,NNP,NN
523,Peoples_Republic_of_Korea_1998,0,14,24,defend,defend,NN,NN
524,Peoples_Republic_of_Korea_1998,0,14,25,and,and,CC,CC
525,Peoples_Republic_of_Korea_1998,0,14,26,carry,carry,VB,VB
526,Peoples_Republic_of_Korea_1998,0,14,27,forward,forward,RB,RB
527,Peoples_Republic_of_Korea_1998,0,14,28,his,his,PRP$,PR
528,Peoples_Republic_of_Korea_1998,0,14,29,ideas,ideas,NNS,NN
529,Peoples_Republic_of_Korea_1998,0,14,30,and,and,CC,CC
530,Peoples_Republic_of_Korea_1998,0,14,31,exploits,exploits,NNS,NN
531,Peoples_Republic_of_Korea_1998,0,14,32,and,and,CC,CC
532,Peoples_Republic_of_Korea_1998,0,14,33,complete,complete,VB,VB
533,Peoples_Republic_of_Korea_1998,0,14,34,the,the,DT,DT
534,Peoples_Republic_of_Korea_1998,0,14,35,Juche,juche,NNP,NN
535,Peoples_Republic_of_Korea_1998,0,14,36,revolution,revolution,NN,NN
536,Peoples_Republic_of_Korea_1998,0,14,37,under,under,IN,IN
537,Peoples_Republic_of_Korea_1998,0,14,38,the,the,DT,DT
538,Peoples_Republic_of_Korea_1998,0,14,39,leadership,leadership,NN,NN
539,Peoples_Republic_of_Korea_1998,0,14,40,of,of,IN,IN
540,Peoples_Republic_of_Korea_1998,0,14,41,the,the,DT,DT
541,Peoples_Republic_of_Korea_1998,0,14,42,Workers,workers,NNP,NN
542,Peoples_Republic_of_Korea_1998,0,14,44,Party,party,NNP,NN
543,Peoples_Republic_of_Korea_1998,0,14,45,of,of,IN,IN
544,Peoples_Republic_of_Korea_1998,0,14,46,Korea,korea,NNP,NN
545,Peoples_Republic_of_Korea_1998,0,15,0,The,the,DT,DT
546,Peoples_Republic_of_Korea_1998,0,15,1,DPRK,dprk,NNP,NN
547,Peoples_Republic_of_Korea_1998,0,15,2,Socialist,socialist,NNP,NN
548,Peoples_Republic_of_Korea_1998,0,15,3,Constitution,constitution,NNP,NN
549,Peoples_Republic_of_Korea_1998,0,15,4,is,is,VBZ,VB
550,Peoples_Republic_of_Korea_1998,0,15,5,a,a,DT,DT
551,Peoples_Republic_of_Korea_1998,0,15,6,Kim,kim,NNP,NN
552,Peoples_Republic_of_Korea_1998,0,15,7,II,ii,NNP,NN
553,Peoples_Republic_of_Korea_1998,0,15,8,Sung,sung,NNP,NN
554,Peoples_Republic_of_Korea_1998,0,15,9,constitution,constitution,NN,NN
555,Peoples_Republic_of_Korea_1998,0,15,10,which,which,WDT,WD
556,Peoples_Republic_of_Korea_1998,0,15,11,legally,legally,RB,RB
557,Peoples_Republic_of_Korea_1998,0,15,12,embodies,embodies,VBZ,VB
558,Peoples_Republic_of_Korea_1998,0,15,13,Comrade,comrade,NNP,NN
559,Peoples_Republic_of_Korea_1998,0,15,14,Kim,kim,NNP,NN
560,Peoples_Republic_of_Korea_1998,0,15,15,II,ii,NNP,NN
561,Peoples_Republic_of_Korea_1998,0,15,16,Sung,sung,NNP,NN
562,Peoples_Republic_of_Korea_1998,0,15,18,s,s,VBD,VB
563,Peoples_Republic_of_Korea_1998,0,15,19,Juche,juche,NNP,NN
564,Peoples_Republic_of_Korea_1998,0,15,20,state,state,NN,NN
565,Peoples_Republic_of_Korea_1998,0,15,21,construction,construction,NN,NN
566,Peoples_Republic_of_Korea_1998,0,15,22,ideology,ideology,NN,NN
567,Peoples_Republic_of_Korea_1998,0,15,23,and,and,CC,CC
568,Peoples_Republic_of_Korea_1998,0,15,24,achievements,achievements,NNS,NN
569,Peoples_Republic_of_Korea_1998,0,16,0,Chapter,chapter,NN,NN
570,Peoples_Republic_of_Korea_1998,0,16,1,1,1,CD,CD
571,Peoples_Republic_of_Korea_1998,0,17,0,Politics,politics,NNS,NN
572,Peoples_Republic_of_Korea_1998,0,17,1,Share,share,NNP,NN
573,Peoples_Republic_of_Korea_1998,0,17,2,Article,article,NNP,NN
574,Peoples_Republic_of_Korea_1998,0,17,3,1,1,CD,CD
575,Peoples_Republic_of_Korea_1998,0,17,4,Share,share,NNP,NN
576,Peoples_Republic_of_Korea_1998,0,17,5,The,the,DT,DT
577,Peoples_Republic_of_Korea_1998,0,17,6,Democratic,democratic,JJ,JJ
578,Peoples_Republic_of_Korea_1998,0,17,7,People,people,NNP,NN
579,Peoples_Republic_of_Korea_1998,0,17,9,s,s,VBZ,VB
580,Peoples_Republic_of_Korea_1998,0,17,10,Republic,republic,NNP,NN
581,Peoples_Republic_of_Korea_1998,0,17,11,of,of,IN,IN
582,Peoples_Republic_of_Korea_1998,0,17,12,Korea,korea,NNP,NN
583,Peoples_Republic_of_Korea_1998,0,17,13,is,is,VBZ,VB
584,Peoples_Republic_of_Korea_1998,0,17,14,an,an,DT,DT
585,Peoples_Republic_of_Korea_1998,0,17,15,independent,independent,JJ,JJ
586,Peoples_Republic_of_Korea_1998,0,17,16,socialist,socialist,JJ,JJ
587,Peoples_Republic_of_Korea_1998,0,17,17,state,state,NN,NN
588,Peoples_Republic_of_Korea_1998,0,17,18,representing,representing,VBG,VB
589,Peoples_Republic_of_Korea_1998,0,17,19,the,the,DT,DT
590,Peoples_Republic_of_Korea_1998,0,17,20,interests,interests,NNS,NN
591,Peoples_Republic_of_Korea_1998,0,17,21,of,of,IN,IN
592,Peoples_Republic_of_Korea_1998,0,17,22,all,all,PDT,PD
593,Peoples_Republic_of_Korea_1998,0,17,23,the,the,DT,DT
594,Peoples_Republic_of_Korea_1998,0,17,24,Korean,korean,JJ,JJ
595,Peoples_Republic_of_Korea_1998,0,17,25,people,people,NNS,NN
596,Peoples_Republic_of_Korea_1998,0,18,0,Article,article,NN,NN
597,Peoples_Republic_of_Korea_1998,0,18,1,2,2,CD,CD
598,Peoples_Republic_of_Korea_1998,0,18,2,Share,share,NNP,NN
599,Peoples_Republic_of_Korea_1998,0,18,3,The,the,DT,DT
600,Peoples_Republic_of_Korea_1998,0,18,4,DPRK,dprk,NNP,NN
601,Peoples_Republic_of_Korea_1998,0,18,5,is,is,VBZ,VB
602,Peoples_Republic_of_Korea_1998,0,18,6,a,a,DT,DT
603,Peoples_Republic_of_Korea_1998,0,18,7,revolutionary,revolutionary,JJ,JJ
604,Peoples_Republic_of_Korea_1998,0,18,8,state,state,NN,NN
605,Peoples_Republic_of_Korea_1998,0,18,9,which,which,WDT,WD
606,Peoples_Republic_of_Korea_1998,0,18,10,has,has,VBZ,VB
607,Peoples_Republic_of_Korea_1998,0,18,11,inherited,inherited,VBN,VB
608,Peoples_Republic_of_Korea_1998,0,18,12,brilliant,brilliant,JJ,JJ
609,Peoples_Republic_of_Korea_1998,0,18,13,traditions,traditions,NNS,NN
610,Peoples_Republic_of_Korea_1998,0,18,14,formed,formed,VBN,VB
611,Peoples_Republic_of_Korea_1998,0,18,15,during,during,IN,IN
612,Peoples_Republic_of_Korea_1998,0,18,16,the,the,DT,DT
613,Peoples_Republic_of_Korea_1998,0,18,17,glorious,glorious,JJ,JJ
614,Peoples_Republic_of_Korea_1998,0,18,18,revolutionary,revolutionary,JJ,JJ
615,Peoples_Republic_of_Korea_1998,0,18,19,struggle,struggle,NN,NN
616,Peoples_Republic_of_Korea_1998,0,18,20,against,against,IN,IN
617,Peoples_Republic_of_Korea_1998,0,18,21,the,the,DT,DT
618,Peoples_Republic_of_Korea_1998,0,18,22,imperialist,imperialist,NN,NN
619,Peoples_Republic_of_Korea_1998,0,18,23,aggressors,aggressors,NNS,NN
620,Peoples_Republic_of_Korea_1998,0,18,25,in,in,IN,IN
621,Peoples_Republic_of_Korea_1998,0,18,26,the,the,DT,DT
622,Peoples_Republic_of_Korea_1998,0,18,27,struggle,struggle,NN,NN
623,Peoples_Republic_of_Korea_1998,0,18,28,to,to,TO,TO
624,Peoples_Republic_of_Korea_1998,0,18,29,achieve,achieve,VB,VB
625,Peoples_Republic_of_Korea_1998,0,18,30,the,the,DT,DT
626,Peoples_Republic_of_Korea_1998,0,18,31,liberation,liberation,NN,NN
627,Peoples_Republic_of_Korea_1998,0,18,32,of,of,IN,IN
628,Peoples_Republic_of_Korea_1998,0,18,33,the,the,DT,DT
629,Peoples_Republic_of_Korea_1998,0,18,34,homeland,homeland,NN,NN
630,Peoples_Republic_of_Korea_1998,0,18,35,and,and,CC,CC
631,Peoples_Republic_of_Korea_1998,0,18,36,the,the,DT,DT
632,Peoples_Republic_of_Korea_1998,0,18,37,freedom,freedom,NN,NN
633,Peoples_Republic_of_Korea_1998,0,18,38,and,and,CC,CC
634,Peoples_Republic_of_Korea_1998,0,18,39,well-being,wellbeing,NN,NN
635,Peoples_Republic_of_Korea_1998,0,18,40,of,of,IN,IN
636,Peoples_Republic_of_Korea_1998,0,18,41,the,the,DT,DT
637,Peoples_Republic_of_Korea_1998,0,18,42,people,people,NNS,NN
638,Peoples_Republic_of_Korea_1998,0,19,0,Article,article,NN,NN
639,Peoples_Republic_of_Korea_1998,0,19,1,3,3,CD,CD
640,Peoples_Republic_of_Korea_1998,0,19,2,Share,share,NNP,NN
641,Peoples_Republic_of_Korea_1998,0,19,3,The,the,DT,DT
642,Peoples_Republic_of_Korea_1998,0,19,4,DPRK,dprk,NNP,NN
643,Peoples_Republic_of_Korea_1998,0,19,5,is,is,VBZ,VB
644,Peoples_Republic_of_Korea_1998,0,19,6,guided,guided,VBN,VB
645,Peoples_Republic_of_Korea_1998,0,19,7,in,in,IN,IN
646,Peoples_Republic_of_Korea_1998,0,19,8,its,its,PRP$,PR
647,Peoples_Republic_of_Korea_1998,0,19,9,activities,activities,NNS,NN
648,Peoples_Republic_of_Korea_1998,0,19,10,by,by,IN,IN
649,Peoples_Republic_of_Korea_1998,0,19,11,the,the,DT,DT
650,Peoples_Republic_of_Korea_1998,0,19,12,Juche,juche,NNP,NN
651,Peoples_Republic_of_Korea_1998,0,19,13,idea,idea,NN,NN
652,Peoples_Republic_of_Korea_1998,0,19,15,a,a,DT,DT
653,Peoples_Republic_of_Korea_1998,0,19,16,world,world,NN,NN
654,Peoples_Republic_of_Korea_1998,0,19,17,outlook,outlook,NN,NN
655,Peoples_Republic_of_Korea_1998,0,19,18,centered,centered,VBN,VB
656,Peoples_Republic_of_Korea_1998,0,19,19,on,on,IN,IN
657,Peoples_Republic_of_Korea_1998,0,19,20,people,people,NNS,NN
658,Peoples_Republic_of_Korea_1998,0,19,22,a,a,DT,DT
659,Peoples_Republic_of_Korea_1998,0,19,23,revolutionary,revolutionary,JJ,JJ
660,Peoples_Republic_of_Korea_1998,0,19,24,ideology,ideology,NN,NN
661,Peoples_Republic_of_Korea_1998,0,19,25,for,for,IN,IN
662,Peoples_Republic_of_Korea_1998,0,19,26,achieving,achieving,VBG,VB
663,Peoples_Republic_of_Korea_1998,0,19,27,the,the,DT,DT
664,Peoples_Republic_of_Korea_1998,0,19,28,independence,independence,NN,NN
665,Peoples_Republic_of_Korea_1998,0,19,29,of,of,IN,IN
666,Peoples_Republic_of_Korea_1998,0,19,30,the,the,DT,DT
667,Peoples_Republic_of_Korea_1998,0,19,31,masses,masses,NNS,NN
668,Peoples_Republic_of_Korea_1998,0,19,32,of,of,IN,IN
669,Peoples_Republic_of_Korea_1998,0,19,33,people,people,NNS,NN
670,Peoples_Republic_of_Korea_1998,0,20,0,Article,article,NN,NN
671,Peoples_Republic_of_Korea_1998,0,20,1,4,4,CD,CD
672,Peoples_Republic_of_Korea_1998,0,20,2,Share,share,NNP,NN
673,Peoples_Republic_of_Korea_1998,0,20,3,The,the,DT,DT
674,Peoples_Republic_of_Korea_1998,0,20,4,sovereignty,sovereignty,NN,NN
675,Peoples_Republic_of_Korea_1998,0,20,5,of,of,IN,IN
676,Peoples_Republic_of_Korea_1998,0,20,6,the,the,DT,DT
677,Peoples_Republic_of_Korea_1998,0,20,7,DPRK,dprk,NNP,NN
678,Peoples_Republic_of_Korea_1998,0,20,8,resides,resides,NNS,NN
679,Peoples_Republic_of_Korea_1998,0,20,9,in,in,IN,IN
680,Peoples_Republic_of_Korea_1998,0,20,10,the,the,DT,DT
681,Peoples_Republic_of_Korea_1998,0,20,11,workers,workers,NNS,NN
682,Peoples_Republic_of_Korea_1998,0,20,13,peasants,peasants,NNS,NN
683,Peoples_Republic_of_Korea_1998,0,20,15,working,working,VBG,VB
684,Peoples_Republic_of_Korea_1998,0,20,16,intellectuals,intellectuals,NNS,NN
685,Peoples_Republic_of_Korea_1998,0,20,17,and,and,CC,CC
686,Peoples_Republic_of_Korea_1998,0,20,18,all,all,DT,DT
687,Peoples_Republic_of_Korea_1998,0,20,19,other,other,JJ,JJ
688,Peoples_Republic_of_Korea_1998,0,20,20,working,working,VBG,VB
689,Peoples_Republic_of_Korea_1998,0,20,21,people,people,NNS,NN
690,Peoples_Republic_of_Korea_1998,0,21,0,The,the,DT,DT
691,Peoples_Republic_of_Korea_1998,0,21,1,working,working,VBG,VB
692,Peoples_Republic_of_Korea_1998,0,21,2,people,people,NNS,NN
693,Peoples_Republic_of_Korea_1998,0,21,3,exercise,exercise,VBP,VB
694,Peoples_Republic_of_Korea_1998,0,21,4,power,power,NN,NN
695,Peoples_Republic_of_Korea_1998,0,21,5,through,through,IN,IN
696,Peoples_Republic_of_Korea_1998,0,21,6,their,their,PRP$,PR
697,Peoples_Republic_of_Korea_1998,0,21,7,representative,representative,JJ,JJ
698,Peoples_Republic_of_Korea_1998,0,21,8,organs,organs,NNS,NN
699,Peoples_Republic_of_Korea_1998,0,21,10,the,the,DT,DT
700,Peoples_Republic_of_Korea_1998,0,21,11,Supreme,supreme,NNP,NN
701,Peoples_Republic_of_Korea_1998,0,21,12,People,people,NNP,NN
702,Peoples_Republic_of_Korea_1998,0,21,14,s,s,NN,NN
703,Peoples_Republic_of_Korea_1998,0,21,15,Assembly,assembly,NNP,NN
704,Peoples_Republic_of_Korea_1998,0,21,16,and,and,CC,CC
705,Peoples_Republic_of_Korea_1998,0,21,17,local,local,JJ,JJ
706,Peoples_Republic_of_Korea_1998,0,21,18,people,people,NNS,NN
707,Peoples_Republic_of_Korea_1998,0,21,20,s,s,JJ,JJ
708,Peoples_Republic_of_Korea_1998,0,21,21,assemblies,assemblies,NNS,NN
709,Peoples_Republic_of_Korea_1998,0,21,22,at,at,IN,IN
710,Peoples_Republic_of_Korea_1998,0,21,23,all,all,DT,DT
711,Peoples_Republic_of_Korea_1998,0,21,24,levels,levels,NNS,NN
712,Peoples_Republic_of_Korea_1998,0,22,0,Article,article,NN,NN
713,Peoples_Republic_of_Korea_1998,0,22,1,5,5,CD,CD
714,Peoples_Republic_of_Korea_1998,0,22,2,Share,share,NNP,NN
715,Peoples_Republic_of_Korea_1998,0,22,3,All,all,PDT,PD
716,Peoples_Republic_of_Korea_1998,0,22,4,the,the,DT,DT
717,Peoples_Republic_of_Korea_1998,0,22,5,State,state,NNP,NN
718,Peoples_Republic_of_Korea_1998,0,22,6,organs,organs,NNS,NN
719,Peoples_Republic_of_Korea_1998,0,22,7,in,in,IN,IN
720,Peoples_Republic_of_Korea_1998,0,22,8,the,the,DT,DT
721,Peoples_Republic_of_Korea_1998,0,22,9,DPRK,dprk,NNP,NN
722,Peoples_Republic_of_Korea_1998,0,22,10,are,are,VBP,VB
723,Peoples_Republic_of_Korea_1998,0,22,11,formed,formed,VBN,VB
724,Peoples_Republic_of_Korea_1998,0,22,12,and,and,CC,CC
725,Peoples_Republic_of_Korea_1998,0,22,13,function,function,NN,NN
726,Peoples_Republic_of_Korea_1998,0,22,14,on,on,IN,IN
727,Peoples_Republic_of_Korea_1998,0,22,15,the,the,DT,DT
728,Peoples_Republic_of_Korea_1998,0,22,16,principle,principle,NN,NN
729,Peoples_Republic_of_Korea_1998,0,22,17,of,of,IN,IN
730,Peoples_Republic_of_Korea_1998,0,22,18,democratic,democratic,JJ,JJ
731,Peoples_Republic_of_Korea_1998,0,22,19,centralism,centralism,NN,NN
732,Peoples_Republic_of_Korea_1998,0,23,0,Article,article,NN,NN
733,Peoples_Republic_of_Korea_1998,0,23,1,6,6,CD,CD
734,Peoples_Republic_of_Korea_1998,0,23,2,Share,share,NNP,NN
735,Peoples_Republic_of_Korea_1998,0,23,3,The,the,DT,DT
736,Peoples_Republic_of_Korea_1998,0,23,4,organs,organs,NNS,NN
737,Peoples_Republic_of_Korea_1998,0,23,5,of,of,IN,IN
738,Peoples_Republic_of_Korea_1998,0,23,6,State,state,NNP,NN
739,Peoples_Republic_of_Korea_1998,0,23,7,power,power,NN,NN
740,Peoples_Republic_of_Korea_1998,0,23,8,at,at,IN,IN
741,Peoples_Republic_of_Korea_1998,0,23,9,all,all,DT,DT
742,Peoples_Republic_of_Korea_1998,0,23,10,levels,levels,NNS,NN
743,Peoples_Republic_of_Korea_1998,0,23,12,from,from,IN,IN
744,Peoples_Republic_of_Korea_1998,0,23,13,the,the,DT,DT
745,Peoples_Republic_of_Korea_1998,0,23,14,county,county,NN,NN
746,Peoples_Republic_of_Korea_1998,0,23,15,People,people,NNP,NN
747,Peoples_Republic_of_Korea_1998,0,23,17,s,s,NN,NN
748,Peoples_Republic_of_Korea_1998,0,23,18,Assembly,assembly,NNP,NN
749,Peoples_Republic_of_Korea_1998,0,23,19,to,to,TO,TO
750,Peoples_Republic_of_Korea_1998,0,23,20,the,the,DT,DT
751,Peoples_Republic_of_Korea_1998,0,23,21,SPA,spa,NNP,NN
752,Peoples_Republic_of_Korea_1998,0,23,23,are,are,VBP,VB
753,Peoples_Republic_of_Korea_1998,0,23,24,elected,elected,VBN,VB
754,Peoples_Republic_of_Korea_1998,0,23,25,on,on,IN,IN
755,Peoples_Republic_of_Korea_1998,0,23,26,the,the,DT,DT
756,Peoples_Republic_of_Korea_1998,0,23,27,principle,principle,NN,NN
757,Peoples_Republic_of_Korea_1998,0,23,28,of,of,IN,IN
758,Peoples_Republic_of_Korea_1998,0,23,29,universal,universal,JJ,JJ
759,Peoples_Republic_of_Korea_1998,0,23,31,equal,equal,JJ,JJ
760,Peoples_Republic_of_Korea_1998,0,23,32,and,and,CC,CC
761,Peoples_Republic_of_Korea_1998,0,23,33,direct,direct,JJ,JJ
762,Peoples_Republic_of_Korea_1998,0,23,34,suffrage,suffrage,NN,NN
763,Peoples_Republic_of_Korea_1998,0,23,35,by,by,IN,IN
764,Peoples_Republic_of_Korea_1998,0,23,36,secret,secret,JJ,JJ
765,Peoples_Republic_of_Korea_1998,0,23,37,ballot,ballot,NN,NN
766,Peoples_Republic_of_Korea_1998,0,24,0,Article,article,NN,NN
767,Peoples_Republic_of_Korea_1998,0,24,1,7,7,CD,CD
768,Peoples_Republic_of_Korea_1998,0,24,2,Share,share,NN,NN
769,Peoples_Republic_of_Korea_1998,0,24,3,Deputies,deputies,NNS,NN
770,Peoples_Republic_of_Korea_1998,0,24,4,to,to,TO,TO
771,Peoples_Republic_of_Korea_1998,0,24,5,the,the,DT,DT
772,Peoples_Republic_of_Korea_1998,0,24,6,organs,organs,NNS,NN
773,Peoples_Republic_of_Korea_1998,0,24,7,of,of,IN,IN
774,Peoples_Republic_of_Korea_1998,0,24,8,State,state,NNP,NN
775,Peoples_Republic_of_Korea_1998,0,24,9,power,power,NN,NN
776,Peoples_Republic_of_Korea_1998,0,24,10,at,at,IN,IN
777,Peoples_Republic_of_Korea_1998,0,24,11,all,all,DT,DT
778,Peoples_Republic_of_Korea_1998,0,24,12,levels,levels,NNS,NN
779,Peoples_Republic_of_Korea_1998,0,24,13,have,have,VBP,VB
780,Peoples_Republic_of_Korea_1998,0,24,14,close,close,JJ,JJ
781,Peoples_Republic_of_Korea_1998,0,24,15,ties,ties,NNS,NN
782,Peoples_Republic_of_Korea_1998,0,24,16,with,with,IN,IN
783,Peoples_Republic_of_Korea_1998,0,24,17,their,their,PRP$,PR
784,Peoples_Republic_of_Korea_1998,0,24,18,constituents,constituents,NNS,NN
785,Peoples_Republic_of_Korea_1998,0,24,19,and,and,CC,CC
786,Peoples_Republic_of_Korea_1998,0,24,20,are,are,VBP,VB
787,Peoples_Republic_of_Korea_1998,0,24,21,accountable,accountable,JJ,JJ
788,Peoples_Republic_of_Korea_1998,0,24,22,to,to,TO,TO
789,Peoples_Republic_of_Korea_1998,0,24,23,them,them,PRP,PR
790,Peoples_Republic_of_Korea_1998,0,24,24,for,for,IN,IN
791,Peoples_Republic_of_Korea_1998,0,24,25,their,their,PRP$,PR
792,Peoples_Republic_of_Korea_1998,0,24,26,work,work,NN,NN
793,Peoples_Republic_of_Korea_1998,0,25,0,The,the,DT,DT
794,Peoples_Republic_of_Korea_1998,0,25,1,electors,electors,NNS,NN
795,Peoples_Republic_of_Korea_1998,0,25,2,may,may,MD,MD
796,Peoples_Republic_of_Korea_1998,0,25,3,recall,recall,VB,VB
797,Peoples_Republic_of_Korea_1998,0,25,4,the,the,DT,DT
798,Peoples_Republic_of_Korea_1998,0,25,5,deputies,deputies,NNS,NN
799,Peoples_Republic_of_Korea_1998,0,25,6,they,they,PRP,PR
800,Peoples_Republic_of_Korea_1998,0,25,7,have,have,VBP,VB
801,Peoples_Republic_of_Korea_1998,0,25,8,elected,elected,VBN,VB
802,Peoples_Republic_of_Korea_1998,0,25,9,if,if,IN,IN
803,Peoples_Republic_of_Korea_1998,0,25,10,the,the,DT,DT
804,Peoples_Republic_of_Korea_1998,0,25,11,latter,latter,NN,NN
805,Peoples_Republic_of_Korea_1998,0,25,12,are,are,VBP,VB
806,Peoples_Republic_of_Korea_1998,0,25,13,not,not,RB,RB
807,Peoples_Republic_of_Korea_1998,0,25,14,to,to,TO,TO
808,Peoples_Republic_of_Korea_1998,0,25,15,be,be,VB,VB
809,Peoples_Republic_of_Korea_1998,0,25,16,trusted,trusted,VBN,VB
810,Peoples_Republic_of_Korea_1998,0,26,0,Article,article,NN,NN
811,Peoples_Republic_of_Korea_1998,0,26,1,8,8,CD,CD
812,Peoples_Republic_of_Korea_1998,0,26,2,Share,share,NNP,NN
813,Peoples_Republic_of_Korea_1998,0,26,3,The,the,DT,DT
814,Peoples_Republic_of_Korea_1998,0,26,4,social,social,JJ,JJ
815,Peoples_Republic_of_Korea_1998,0,26,5,system,system,NN,NN
816,Peoples_Republic_of_Korea_1998,0,26,6,of,of,IN,IN
817,Peoples_Republic_of_Korea_1998,0,26,7,the,the,DT,DT
818,Peoples_Republic_of_Korea_1998,0,26,8,DPRK,dprk,NNP,NN
819,Peoples_Republic_of_Korea_1998,0,26,9,is,is,VBZ,VB
820,Peoples_Republic_of_Korea_1998,0,26,10,a,a,DT,DT
821,Peoples_Republic_of_Korea_1998,0,26,11,people-centered,peoplecentered,JJ,JJ
822,Peoples_Republic_of_Korea_1998,0,26,12,system,system,NN,NN
823,Peoples_Republic_of_Korea_1998,0,26,13,under,under,IN,IN
824,Peoples_Republic_of_Korea_1998,0,26,14,which,which,WDT,WD
825,Peoples_Republic_of_Korea_1998,0,26,15,the,the,DT,DT
826,Peoples_Republic_of_Korea_1998,0,26,16,working,working,NN,NN
827,Peoples_Republic_of_Korea_1998,0,26,17,people,people,NNS,NN
828,Peoples_Republic_of_Korea_1998,0,26,18,are,are,VBP,VB
829,Peoples_Republic_of_Korea_1998,0,26,19,masters,masters,NNS,NN
830,Peoples_Republic_of_Korea_1998,0,26,20,of,of,IN,IN
831,Peoples_Republic_of_Korea_1998,0,26,21,everything,everything,NN,NN
832,Peoples_Republic_of_Korea_1998,0,26,23,and,and,CC,CC
833,Peoples_Republic_of_Korea_1998,0,26,24,everything,everything,NN,NN
834,Peoples_Republic_of_Korea_1998,0,26,25,in,in,IN,IN
835,Peoples_Republic_of_Korea_1998,0,26,26,society,society,NN,NN
836,Peoples_Republic_of_Korea_1998,0,26,27,serves,serves,VBZ,VB
837,Peoples_Republic_of_Korea_1998,0,26,28,the,the,DT,DT
838,Peoples_Republic_of_Korea_1998,0,26,29,working,working,JJ,JJ
839,Peoples_Republic_of_Korea_1998,0,26,30,people,people,NNS,NN
840,Peoples_Republic_of_Korea_1998,0,27,0,The,the,DT,DT
841,Peoples_Republic_of_Korea_1998,0,27,1,State,state,NNP,NN
842,Peoples_Republic_of_Korea_1998,0,27,2,shall,shall,MD,MD
843,Peoples_Republic_of_Korea_1998,0,27,3,defend,defend,VB,VB
844,Peoples_Republic_of_Korea_1998,0,27,4,and,and,CC,CC
845,Peoples_Republic_of_Korea_1998,0,27,5,protect,protect,VB,VB
846,Peoples_Republic_of_Korea_1998,0,27,6,the,the,DT,DT
847,Peoples_Republic_of_Korea_1998,0,27,7,interests,interests,NNS,NN
848,Peoples_Republic_of_Korea_1998,0,27,8,of,of,IN,IN
849,Peoples_Republic_of_Korea_1998,0,27,9,the,the,DT,DT
850,Peoples_Republic_of_Korea_1998,0,27,10,workers,workers,NNS,NN
851,Peoples_Republic_of_Korea_1998,0,27,12,peasants,peasants,NNS,NN
852,Peoples_Republic_of_Korea_1998,0,27,13,and,and,CC,CC
853,Peoples_Republic_of_Korea_1998,0,27,14,working,working,VBG,VB
854,Peoples_Republic_of_Korea_1998,0,27,15,intellectuals,intellectuals,NNS,NN
855,Peoples_Republic_of_Korea_1998,0,27,16,who,who,WP,WP
856,Peoples_Republic_of_Korea_1998,0,27,17,have,have,VBP,VB
857,Peoples_Republic_of_Korea_1998,0,27,18,been,been,VBN,VB
858,Peoples_Republic_of_Korea_1998,0,27,19,freed,freed,VBN,VB
859,Peoples_Republic_of_Korea_1998,0,27,20,from,from,IN,IN
860,Peoples_Republic_of_Korea_1998,0,27,21,exploitation,exploitation,NN,NN
861,Peoples_Republic_of_Korea_1998,0,27,22,and,and,CC,CC
862,Peoples_Republic_of_Korea_1998,0,27,23,oppression,oppression,NN,NN
863,Peoples_Republic_of_Korea_1998,0,27,24,and,and,CC,CC
864,Peoples_Republic_of_Korea_1998,0,27,25,become,become,JJ,JJ
865,Peoples_Republic_of_Korea_1998,0,27,26,masters,masters,NNS,NN
866,Peoples_Republic_of_Korea_1998,0,27,27,of,of,IN,IN
867,Peoples_Republic_of_Korea_1998,0,27,28,the,the,DT,DT
868,Peoples_Republic_of_Korea_1998,0,27,29,State,state,NNP,NN
869,Peoples_Republic_of_Korea_1998,0,27,30,and,and,CC,CC
870,Peoples_Republic_of_Korea_1998,0,27,31,society,society,NN,NN
871,Peoples_Republic_of_Korea_1998,0,28,0,Article,article,NN,NN
872,Peoples_Republic_of_Korea_1998,0,28,1,9,9,CD,CD
873,Peoples_Republic_of_Korea_1998,0,28,2,Share,share,NNP,NN
874,Peoples_Republic_of_Korea_1998,0,28,3,The,the,DT,DT
875,Peoples_Republic_of_Korea_1998,0,28,4,DPRK,dprk,NNP,NN
876,Peoples_Republic_of_Korea_1998,0,28,5,shall,shall,MD,MD
877,Peoples_Republic_of_Korea_1998,0,28,6,strive,strive,VB,VB
878,Peoples_Republic_of_Korea_1998,0,28,7,to,to,TO,TO
879,Peoples_Republic_of_Korea_1998,0,28,8,achieve,achieve,VB,VB
880,Peoples_Republic_of_Korea_1998,0,28,9,the,the,DT,DT
881,Peoples_Republic_of_Korea_1998,0,28,10,complete,complete,JJ,JJ
882,Peoples_Republic_of_Korea_1998,0,28,11,victory,victory,NN,NN
883,Peoples_Republic_of_Korea_1998,0,28,12,of,of,IN,IN
884,Peoples_Republic_of_Korea_1998,0,28,13,socialism,socialism,NN,NN
885,Peoples_Republic_of_Korea_1998,0,28,14,in,in,IN,IN
886,Peoples_Republic_of_Korea_1998,0,28,15,the,the,DT,DT
887,Peoples_Republic_of_Korea_1998,0,28,16,northern,northern,JJ,JJ
888,Peoples_Republic_of_Korea_1998,0,28,17,half,half,NN,NN
889,Peoples_Republic_of_Korea_1998,0,28,18,of,of,IN,IN
890,Peoples_Republic_of_Korea_1998,0,28,19,Korea,korea,NNP,NN
891,Peoples_Republic_of_Korea_1998,0,28,20,by,by,IN,IN
892,Peoples_Republic_of_Korea_1998,0,28,21,strengthening,strengthening,VBG,VB
893,Peoples_Republic_of_Korea_1998,0,28,22,the,the,DT,DT
894,Peoples_Republic_of_Korea_1998,0,28,23,people,people,NNS,NN
895,Peoples_Republic_of_Korea_1998,0,28,25,s,s,JJ,JJ
896,Peoples_Republic_of_Korea_1998,0,28,26,power,power,NN,NN
897,Peoples_Republic_of_Korea_1998,0,28,27,and,and,CC,CC
898,Peoples_Republic_of_Korea_1998,0,28,28,vigorously,vigorously,RB,RB
899,Peoples_Republic_of_Korea_1998,0,28,29,performing,performing,VBG,VB
900,Peoples_Republic_of_Korea_1998,0,28,30,the,the,DT,DT
901,Peoples_Republic_of_Korea_1998,0,28,31,three,three,CD,CD
902,Peoples_Republic_of_Korea_1998,0,28,32,revolutions,revolutions,NNS,NN
903,Peoples_Republic_of_Korea_1998,0,28,34,the,the,DT,DT
904,Peoples_Republic_of_Korea_1998,0,28,35,ideological,ideological,JJ,JJ
905,Peoples_Republic_of_Korea_1998,0,28,37,cultural,cultural,JJ,JJ
906,Peoples_Republic_of_Korea_1998,0,28,38,and,and,CC,CC
907,Peoples_Republic_of_Korea_1998,0,28,39,technical,technical,JJ,JJ
908,Peoples_Republic_of_Korea_1998,0,28,41,and,and,CC,CC
909,Peoples_Republic_of_Korea_1998,0,28,42,reunify,reunify,VB,VB
910,Peoples_Republic_of_Korea_1998,0,28,43,the,the,DT,DT
911,Peoples_Republic_of_Korea_1998,0,28,44,country,country,NN,NN
912,Peoples_Republic_of_Korea_1998,0,28,45,on,on,IN,IN
913,Peoples_Republic_of_Korea_1998,0,28,46,the,the,DT,DT
914,Peoples_Republic_of_Korea_1998,0,28,47,principle,principle,NN,NN
915,Peoples_Republic_of_Korea_1998,0,28,48,of,of,IN,IN
916,Peoples_Republic_of_Korea_1998,0,28,49,independence,independence,NN,NN
917,Peoples_Republic_of_Korea_1998,0,28,51,peaceful,peaceful,JJ,JJ
918,Peoples_Republic_of_Korea_1998,0,28,52,reunification,reunification,NN,NN
919,Peoples_Republic_of_Korea_1998,0,28,53,and,and,CC,CC
920,Peoples_Republic_of_Korea_1998,0,28,54,great,great,JJ,JJ
921,Peoples_Republic_of_Korea_1998,0,28,55,national,national,JJ,JJ
922,Peoples_Republic_of_Korea_1998,0,28,56,unity,unity,NN,NN
923,Peoples_Republic_of_Korea_1998,0,29,0,Article,article,NN,NN
924,Peoples_Republic_of_Korea_1998,0,29,1,10,10,CD,CD
925,Peoples_Republic_of_Korea_1998,0,29,2,Share,share,NNP,NN
926,Peoples_Republic_of_Korea_1998,0,29,3,The,the,DT,DT
927,Peoples_Republic_of_Korea_1998,0,29,4,DPRK,dprk,NNP,NN
928,Peoples_Republic_of_Korea_1998,0,29,5,bases,bases,VBZ,VB
929,Peoples_Republic_of_Korea_1998,0,29,6,itself,itself,PRP,PR
930,Peoples_Republic_of_Korea_1998,0,29,7,on,on,IN,IN
931,Peoples_Republic_of_Korea_1998,0,29,8,the,the,DT,DT
932,Peoples_Republic_of_Korea_1998,0,29,9,political,political,JJ,JJ
933,Peoples_Republic_of_Korea_1998,0,29,10,and,and,CC,CC
934,Peoples_Republic_of_Korea_1998,0,29,11,ideological,ideological,JJ,JJ
935,Peoples_Republic_of_Korea_1998,0,29,12,unity,unity,NN,NN
936,Peoples_Republic_of_Korea_1998,0,29,13,of,of,IN,IN
937,Peoples_Republic_of_Korea_1998,0,29,14,the,the,DT,DT
938,Peoples_Republic_of_Korea_1998,0,29,15,entire,entire,JJ,JJ
939,Peoples_Republic_of_Korea_1998,0,29,16,people,people,NNS,NN
940,Peoples_Republic_of_Korea_1998,0,29,17,based,based,VBN,VB
941,Peoples_Republic_of_Korea_1998,0,29,18,on,on,IN,IN
942,Peoples_Republic_of_Korea_1998,0,29,19,the,the,DT,DT
943,Peoples_Republic_of_Korea_1998,0,29,20,worker-peasant,workerpeasant,JJ,JJ
944,Peoples_Republic_of_Korea_1998,0,29,21,alliance,alliance,NN,NN
945,Peoples_Republic_of_Korea_1998,0,29,22,in,in,IN,IN
946,Peoples_Republic_of_Korea_1998,0,29,23,which,which,WDT,WD
947,Peoples_Republic_of_Korea_1998,0,29,24,the,the,DT,DT
948,Peoples_Republic_of_Korea_1998,0,29,25,working,working,VBG,VB
949,Peoples_Republic_of_Korea_1998,0,29,26,class,class,NN,NN
950,Peoples_Republic_of_Korea_1998,0,29,27,plays,plays,VBZ,VB
951,Peoples_Republic_of_Korea_1998,0,29,28,a,a,DT,DT
952,Peoples_Republic_of_Korea_1998,0,29,29,leading,leading,JJ,JJ
953,Peoples_Republic_of_Korea_1998,0,29,30,role,role,NN,NN
954,Peoples_Republic_of_Korea_1998,0,30,0,The,the,DT,DT
955,Peoples_Republic_of_Korea_1998,0,30,1,State,state,NNP,NN
956,Peoples_Republic_of_Korea_1998,0,30,2,strengthens,strengthens,VBZ,VB
957,Peoples_Republic_of_Korea_1998,0,30,3,the,the,DT,DT
958,Peoples_Republic_of_Korea_1998,0,30,4,ideological,ideological,JJ,JJ
959,Peoples_Republic_of_Korea_1998,0,30,5,revolution,revolution,NN,NN
960,Peoples_Republic_of_Korea_1998,0,30,6,and,and,CC,CC
961,Peoples_Republic_of_Korea_1998,0,30,7,revolutionizes,revolutionizes,NNS,NN
962,Peoples_Republic_of_Korea_1998,0,30,8,and,and,CC,CC
963,Peoples_Republic_of_Korea_1998,0,30,9,working-classizes,workingclassizes,NNS,NN
964,Peoples_Republic_of_Korea_1998,0,30,10,all,all,PDT,PD
965,Peoples_Republic_of_Korea_1998,0,30,11,the,the,DT,DT
966,Peoples_Republic_of_Korea_1998,0,30,12,social,social,JJ,JJ
967,Peoples_Republic_of_Korea_1998,0,30,13,members,members,NNS,NN
968,Peoples_Republic_of_Korea_1998,0,30,15,and,and,CC,CC
969,Peoples_Republic_of_Korea_1998,0,30,16,binds,binds,VBZ,VB
970,Peoples_Republic_of_Korea_1998,0,30,17,the,the,DT,DT
971,Peoples_Republic_of_Korea_1998,0,30,18,whole,whole,JJ,JJ
972,Peoples_Republic_of_Korea_1998,0,30,19,society,society,NN,NN
973,Peoples_Republic_of_Korea_1998,0,30,20,in,in,IN,IN
974,Peoples_Republic_of_Korea_1998,0,30,21,a,a,DT,DT
975,Peoples_Republic_of_Korea_1998,0,30,22,united,united,JJ,JJ
976,Peoples_Republic_of_Korea_1998,0,30,23,group,group,NN,NN
977,Peoples_Republic_of_Korea_1998,0,30,25,linked,linked,VBD,VB
978,Peoples_Republic_of_Korea_1998,0,30,26,up,up,RP,RP
979,Peoples_Republic_of_Korea_1998,0,30,27,with,with,IN,IN
980,Peoples_Republic_of_Korea_1998,0,30,28,comradeship,comradeship,NN,NN
981,Peoples_Republic_of_Korea_1998,0,31,0,Article,article,NN,NN
982,Peoples_Republic_of_Korea_1998,0,31,1,11,11,CD,CD
983,Peoples_Republic_of_Korea_1998,0,31,2,Share,share,NNP,NN
984,Peoples_Republic_of_Korea_1998,0,31,3,The,the,DT,DT
985,Peoples_Republic_of_Korea_1998,0,31,4,DPRK,dprk,NNP,NN
986,Peoples_Republic_of_Korea_1998,0,31,5,shall,shall,MD,MD
987,Peoples_Republic_of_Korea_1998,0,31,6,conduct,conduct,VB,VB
988,Peoples_Republic_of_Korea_1998,0,31,7,all,all,DT,DT
989,Peoples_Republic_of_Korea_1998,0,31,8,activities,activities,NNS,NN
990,Peoples_Republic_of_Korea_1998,0,31,9,under,under,IN,IN
991,Peoples_Republic_of_Korea_1998,0,31,10,the,the,DT,DT
992,Peoples_Republic_of_Korea_1998,0,31,11,leadership,leadership,NN,NN
993,Peoples_Republic_of_Korea_1998,0,31,12,of,of,IN,IN
994,Peoples_Republic_of_Korea_1998,0,31,13,the,the,DT,DT
995,Peoples_Republic_of_Korea_1998,0,31,14,Workers,workers,NNP,NN
996,Peoples_Republic_of_Korea_1998,0,31,16,Party,party,NNP,NN
997,Peoples_Republic_of_Korea_1998,0,31,17,of,of,IN,IN
998,Peoples_Republic_of_Korea_1998,0,31,18,Korea,korea,NNP,NN
999,Peoples_Republic_of_Korea_1998,0,32,0,Article,article,NN,NN
1000,Peoples_Republic_of_Korea_1998,0,32,1,12,12,CD,CD
1001,Peoples_Republic_of_Korea_1998,0,32,2,Share,share,NNP,NN
1002,Peoples_Republic_of_Korea_1998,0,32,3,The,the,DT,DT
1003,Peoples_Republic_of_Korea_1998,0,32,4,State,state,NNP,NN
1004,Peoples_Republic_of_Korea_1998,0,32,5,shall,shall,MD,MD
1005,Peoples_Republic_of_Korea_1998,0,32,6,adhere,adhere,RB,RB
1006,Peoples_Republic_of_Korea_1998,0,32,7,to,to,TO,TO
1007,Peoples_Republic_of_Korea_1998,0,32,8,the,the,DT,DT
1008,Peoples_Republic_of_Korea_1998,0,32,9,class,class,NN,NN
1009,Peoples_Republic_of_Korea_1998,0,32,10,line,line,NN,NN
1010,Peoples_Republic_of_Korea_1998,0,32,12,strengthen,strengthen,VB,VB
1011,Peoples_Republic_of_Korea_1998,0,32,13,the,the,DT,DT
1012,Peoples_Republic_of_Korea_1998,0,32,14,dictatorship,dictatorship,NN,NN
1013,Peoples_Republic_of_Korea_1998,0,32,15,of,of,IN,IN
1014,Peoples_Republic_of_Korea_1998,0,32,16,people,people,NNS,NN
1015,Peoples_Republic_of_Korea_1998,0,32,18,s,s,VBP,VB
1016,Peoples_Republic_of_Korea_1998,0,32,19,democracy,democracy,NN,NN
1017,Peoples_Republic_of_Korea_1998,0,32,20,and,and,CC,CC
1018,Peoples_Republic_of_Korea_1998,0,32,21,firmly,firmly,RB,RB
1019,Peoples_Republic_of_Korea_1998,0,32,22,defend,defend,VB,VB
1020,Peoples_Republic_of_Korea_1998,0,32,23,the,the,DT,DT
1021,Peoples_Republic_of_Korea_1998,0,32,24,people,people,NNS,NN
1022,Peoples_Republic_of_Korea_1998,0,32,26,s,s,JJ,JJ
1023,Peoples_Republic_of_Korea_1998,0,32,27,power,power,NN,NN
1024,Peoples_Republic_of_Korea_1998,0,32,28,and,and,CC,CC
1025,Peoples_Republic_of_Korea_1998,0,32,29,socialist,socialist,JJ,JJ
1026,Peoples_Republic_of_Korea_1998,0,32,30,system,system,NN,NN
1027,Peoples_Republic_of_Korea_1998,0,32,31,against,against,IN,IN
1028,Peoples_Republic_of_Korea_1998,0,32,32,all,all,DT,DT
1029,Peoples_Republic_of_Korea_1998,0,32,33,subversive,subversive,JJ,JJ
1030,Peoples_Republic_of_Korea_1998,0,32,34,acts,acts,NNS,NN
1031,Peoples_Republic_of_Korea_1998,0,32,35,of,of,IN,IN
1032,Peoples_Republic_of_Korea_1998,0,32,36,hostile,hostile,JJ,JJ
1033,Peoples_Republic_of_Korea_1998,0,32,37,elements,elements,NNS,NN
1034,Peoples_Republic_of_Korea_1998,0,32,38,at,at,IN,IN
1035,Peoples_Republic_of_Korea_1998,0,32,39,home,home,NN,NN
1036,Peoples_Republic_of_Korea_1998,0,32,40,and,and,CC,CC
1037,Peoples_Republic_of_Korea_1998,0,32,41,abroad,abroad,RB,RB
1038,Peoples_Republic_of_Korea_1998,0,33,0,Article,article,NN,NN
1039,Peoples_Republic_of_Korea_1998,0,33,1,13,13,CD,CD
1040,Peoples_Republic_of_Korea_1998,0,33,2,Share,share,NNP,NN
1041,Peoples_Republic_of_Korea_1998,0,33,3,The,the,DT,DT
1042,Peoples_Republic_of_Korea_1998,0,33,4,State,state,NNP,NN
1043,Peoples_Republic_of_Korea_1998,0,33,5,shall,shall,MD,MD
1044,Peoples_Republic_of_Korea_1998,0,33,6,implement,implement,VB,VB
1045,Peoples_Republic_of_Korea_1998,0,33,7,the,the,DT,DT
1046,Peoples_Republic_of_Korea_1998,0,33,8,mass,mass,NN,NN
1047,Peoples_Republic_of_Korea_1998,0,33,9,line,line,NN,NN
1048,Peoples_Republic_of_Korea_1998,0,33,10,and,and,CC,CC
1049,Peoples_Republic_of_Korea_1998,0,33,11,apply,apply,VB,VB
1050,Peoples_Republic_of_Korea_1998,0,33,12,the,the,DT,DT
1051,Peoples_Republic_of_Korea_1998,0,33,13,Chongsanri,chongsanri,NNP,NN
1052,Peoples_Republic_of_Korea_1998,0,33,14,spirit,spirit,NN,NN
1053,Peoples_Republic_of_Korea_1998,0,33,15,and,and,CC,CC
1054,Peoples_Republic_of_Korea_1998,0,33,16,Chongsanri,chongsanri,NNP,NN
1055,Peoples_Republic_of_Korea_1998,0,33,17,method,method,NN,NN
1056,Peoples_Republic_of_Korea_1998,0,33,18,to,to,TO,TO
1057,Peoples_Republic_of_Korea_1998,0,33,19,all,all,DT,DT
1058,Peoples_Republic_of_Korea_1998,0,33,20,its,its,PRP$,PR
1059,Peoples_Republic_of_Korea_1998,0,33,21,activities,activities,NNS,NN
1060,Peoples_Republic_of_Korea_1998,0,33,23,the,the,DT,DT
1061,Peoples_Republic_of_Korea_1998,0,33,24,spirit,spirit,NN,NN
1062,Peoples_Republic_of_Korea_1998,0,33,25,and,and,CC,CC
1063,Peoples_Republic_of_Korea_1998,0,33,26,method,method,NN,NN
1064,Peoples_Republic_of_Korea_1998,0,33,27,by,by,IN,IN
1065,Peoples_Republic_of_Korea_1998,0,33,28,which,which,WDT,WD
1066,Peoples_Republic_of_Korea_1998,0,33,29,superiors,superiors,NNS,NN
1067,Peoples_Republic_of_Korea_1998,0,33,30,assist,assist,VBP,VB
1068,Peoples_Republic_of_Korea_1998,0,33,31,their,their,PRP$,PR
1069,Peoples_Republic_of_Korea_1998,0,33,32,subordinates,subordinates,NNS,NN
1070,Peoples_Republic_of_Korea_1998,0,33,34,mix,mix,NN,NN
1071,Peoples_Republic_of_Korea_1998,0,33,35,with,with,IN,IN
1072,Peoples_Republic_of_Korea_1998,0,33,36,the,the,DT,DT
1073,Peoples_Republic_of_Korea_1998,0,33,37,masses,masses,NNS,NN
1074,Peoples_Republic_of_Korea_1998,0,33,38,to,to,TO,TO
1075,Peoples_Republic_of_Korea_1998,0,33,39,find,find,VB,VB
1076,Peoples_Republic_of_Korea_1998,0,33,40,solutions,solutions,NNS,NN
1077,Peoples_Republic_of_Korea_1998,0,33,41,to,to,TO,TO
1078,Peoples_Republic_of_Korea_1998,0,33,42,problems,problems,NNS,NN
1079,Peoples_Republic_of_Korea_1998,0,33,43,and,and,CC,CC
1080,Peoples_Republic_of_Korea_1998,0,33,44,rouse,rouse,VB,VB
1081,Peoples_Republic_of_Korea_1998,0,33,45,them,them,PRP,PR
1082,Peoples_Republic_of_Korea_1998,0,33,46,to,to,TO,TO
1083,Peoples_Republic_of_Korea_1998,0,33,47,conscious,conscious,JJ,JJ
1084,Peoples_Republic_of_Korea_1998,0,33,48,enthusiasm,enthusiasm,NN,NN
1085,Peoples_Republic_of_Korea_1998,0,33,49,preferentially,preferentially,RB,RB
1086,Peoples_Republic_of_Korea_1998,0,33,50,through,through,IN,IN
1087,Peoples_Republic_of_Korea_1998,0,33,51,political,political,JJ,JJ
1088,Peoples_Republic_of_Korea_1998,0,33,52,work,work,NN,NN
1089,Peoples_Republic_of_Korea_1998,0,33,54,with,with,IN,IN
1090,Peoples_Republic_of_Korea_1998,0,33,55,people,people,NNS,NN
1091,Peoples_Republic_of_Korea_1998,0,34,0,Article,article,NN,NN
1092,Peoples_Republic_of_Korea_1998,0,34,1,14,14,CD,CD
1093,Peoples_Republic_of_Korea_1998,0,34,2,Share,share,NNP,NN
1094,Peoples_Republic_of_Korea_1998,0,34,3,The,the,DT,DT
1095,Peoples_Republic_of_Korea_1998,0,34,4,State,state,NNP,NN
1096,Peoples_Republic_of_Korea_1998,0,34,5,shall,shall,MD,MD
1097,Peoples_Republic_of_Korea_1998,0,34,6,powerfully,powerfully,RB,RB
1098,Peoples_Republic_of_Korea_1998,0,34,7,conduct,conduct,VB,VB
1099,Peoples_Republic_of_Korea_1998,0,34,8,the,the,DT,DT
1100,Peoples_Republic_of_Korea_1998,0,34,9,Three-Revolution,threerevolution,NNP,NN
1101,Peoples_Republic_of_Korea_1998,0,34,10,Red,red,NNP,NN
1102,Peoples_Republic_of_Korea_1998,0,34,11,Flag,flag,NNP,NN
1103,Peoples_Republic_of_Korea_1998,0,34,12,Movement,movement,NNP,NN
1104,Peoples_Republic_of_Korea_1998,0,34,13,and,and,CC,CC
1105,Peoples_Republic_of_Korea_1998,0,34,14,other,other,JJ,JJ
1106,Peoples_Republic_of_Korea_1998,0,34,15,mass,mass,NN,NN
1107,Peoples_Republic_of_Korea_1998,0,34,16,movements,movements,NNS,NN
1108,Peoples_Republic_of_Korea_1998,0,34,17,and,and,CC,CC
1109,Peoples_Republic_of_Korea_1998,0,34,18,accelerate,accelerate,VB,VB
1110,Peoples_Republic_of_Korea_1998,0,34,19,the,the,DT,DT
1111,Peoples_Republic_of_Korea_1998,0,34,20,building,building,NN,NN
1112,Peoples_Republic_of_Korea_1998,0,34,21,of,of,IN,IN
1113,Peoples_Republic_of_Korea_1998,0,34,22,socialism,socialism,NN,NN
1114,Peoples_Republic_of_Korea_1998,0,34,23,to,to,TO,TO
1115,Peoples_Republic_of_Korea_1998,0,34,24,the,the,DT,DT
1116,Peoples_Republic_of_Korea_1998,0,34,25,maximum,maximum,NN,NN
1117,Peoples_Republic_of_Korea_1998,0,35,0,Article,article,NN,NN
1118,Peoples_Republic_of_Korea_1998,0,35,1,15,15,CD,CD
1119,Peoples_Republic_of_Korea_1998,0,35,2,Share,share,NNP,NN
1120,Peoples_Republic_of_Korea_1998,0,35,3,The,the,DT,DT
1121,Peoples_Republic_of_Korea_1998,0,35,4,DPRK,dprk,NNP,NN
1122,Peoples_Republic_of_Korea_1998,0,35,5,shall,shall,MD,MD
1123,Peoples_Republic_of_Korea_1998,0,35,6,champion,champion,VB,VB
1124,Peoples_Republic_of_Korea_1998,0,35,7,the,the,DT,DT
1125,Peoples_Republic_of_Korea_1998,0,35,8,democratic,democratic,JJ,JJ
1126,Peoples_Republic_of_Korea_1998,0,35,10,national,national,JJ,JJ
1127,Peoples_Republic_of_Korea_1998,0,35,11,rights,rights,NNS,NN
1128,Peoples_Republic_of_Korea_1998,0,35,12,of,of,IN,IN
1129,Peoples_Republic_of_Korea_1998,0,35,13,Koreans,koreans,NNP,NN
1130,Peoples_Republic_of_Korea_1998,0,35,14,overseas,overseas,NNS,NN
1131,Peoples_Republic_of_Korea_1998,0,35,15,and,and,CC,CC
1132,Peoples_Republic_of_Korea_1998,0,35,16,their,their,PRP$,PR
1133,Peoples_Republic_of_Korea_1998,0,35,17,rights,rights,NNS,NN
1134,Peoples_Republic_of_Korea_1998,0,35,18,recognized,recognized,VBN,VB
1135,Peoples_Republic_of_Korea_1998,0,35,19,by,by,IN,IN
1136,Peoples_Republic_of_Korea_1998,0,35,20,the,the,DT,DT
1137,Peoples_Republic_of_Korea_1998,0,35,21,international,international,JJ,JJ
1138,Peoples_Republic_of_Korea_1998,0,35,22,law,law,NN,NN
1139,Peoples_Republic_of_Korea_1998,0,36,0,Article,article,NN,NN
1140,Peoples_Republic_of_Korea_1998,0,36,1,16,16,CD,CD
1141,Peoples_Republic_of_Korea_1998,0,36,2,Share,share,NNP,NN
1142,Peoples_Republic_of_Korea_1998,0,36,3,The,the,DT,DT
1143,Peoples_Republic_of_Korea_1998,0,36,4,DPRK,dprk,NNP,NN
1144,Peoples_Republic_of_Korea_1998,0,36,5,shall,shall,MD,MD
1145,Peoples_Republic_of_Korea_1998,0,36,6,guarantee,guarantee,VB,VB
1146,Peoples_Republic_of_Korea_1998,0,36,7,the,the,DT,DT
1147,Peoples_Republic_of_Korea_1998,0,36,8,legal,legal,JJ,JJ
1148,Peoples_Republic_of_Korea_1998,0,36,9,rights,rights,NNS,NN
1149,Peoples_Republic_of_Korea_1998,0,36,10,and,and,CC,CC
1150,Peoples_Republic_of_Korea_1998,0,36,11,interests,interests,NNS,NN
1151,Peoples_Republic_of_Korea_1998,0,36,12,of,of,IN,IN
1152,Peoples_Republic_of_Korea_1998,0,36,13,foreigners,foreigners,NNS,NN
1153,Peoples_Republic_of_Korea_1998,0,36,14,in,in,IN,IN
1154,Peoples_Republic_of_Korea_1998,0,36,15,its,its,PRP$,PR
1155,Peoples_Republic_of_Korea_1998,0,36,16,region,region,NN,NN
1156,Peoples_Republic_of_Korea_1998,0,37,0,Article,article,NN,NN
1157,Peoples_Republic_of_Korea_1998,0,37,1,17,17,CD,CD
1158,Peoples_Republic_of_Korea_1998,0,37,2,Share,share,NNP,NN
1159,Peoples_Republic_of_Korea_1998,0,37,3,Independence,independence,NNP,NN
1160,Peoples_Republic_of_Korea_1998,0,37,5,peace,peace,NN,NN
1161,Peoples_Republic_of_Korea_1998,0,37,7,and,and,CC,CC
1162,Peoples_Republic_of_Korea_1998,0,37,8,solidarity,solidarity,NN,NN
1163,Peoples_Republic_of_Korea_1998,0,37,9,are,are,VBP,VB
1164,Peoples_Republic_of_Korea_1998,0,37,10,the,the,DT,DT
1165,Peoples_Republic_of_Korea_1998,0,37,11,basic,basic,JJ,JJ
1166,Peoples_Republic_of_Korea_1998,0,37,12,ideals,ideals,NNS,NN
1167,Peoples_Republic_of_Korea_1998,0,37,13,of,of,IN,IN
1168,Peoples_Republic_of_Korea_1998,0,37,14,the,the,DT,DT
1169,Peoples_Republic_of_Korea_1998,0,37,15,foreign,foreign,JJ,JJ
1170,Peoples_Republic_of_Korea_1998,0,37,16,policy,policy,NN,NN
1171,Peoples_Republic_of_Korea_1998,0,37,17,and,and,CC,CC
1172,Peoples_Republic_of_Korea_1998,0,37,18,the,the,DT,DT
1173,Peoples_Republic_of_Korea_1998,0,37,19,principles,principles,NNS,NN
1174,Peoples_Republic_of_Korea_1998,0,37,20,of,of,IN,IN
1175,Peoples_Republic_of_Korea_1998,0,37,21,external,external,JJ,JJ
1176,Peoples_Republic_of_Korea_1998,0,37,22,activities,activities,NNS,NN
1177,Peoples_Republic_of_Korea_1998,0,37,23,of,of,IN,IN
1178,Peoples_Republic_of_Korea_1998,0,37,24,the,the,DT,DT
1179,Peoples_Republic_of_Korea_1998,0,37,25,DPRK,dprk,NNP,NN
1180,Peoples_Republic_of_Korea_1998,0,38,0,The,the,DT,DT
1181,Peoples_Republic_of_Korea_1998,0,38,1,State,state,NNP,NN
1182,Peoples_Republic_of_Korea_1998,0,38,2,shall,shall,MD,MD
1183,Peoples_Republic_of_Korea_1998,0,38,3,establish,establish,VB,VB
1184,Peoples_Republic_of_Korea_1998,0,38,4,diplomatic,diplomatic,JJ,JJ
1185,Peoples_Republic_of_Korea_1998,0,38,5,as,as,RB,RB
1186,Peoples_Republic_of_Korea_1998,0,38,6,well,well,RB,RB
1187,Peoples_Republic_of_Korea_1998,0,38,7,as,as,IN,IN
1188,Peoples_Republic_of_Korea_1998,0,38,8,political,political,JJ,JJ
1189,Peoples_Republic_of_Korea_1998,0,38,10,economic,economic,JJ,JJ
1190,Peoples_Republic_of_Korea_1998,0,38,11,and,and,CC,CC
1191,Peoples_Republic_of_Korea_1998,0,38,12,cultural,cultural,JJ,JJ
1192,Peoples_Republic_of_Korea_1998,0,38,13,relations,relations,NNS,NN
1193,Peoples_Republic_of_Korea_1998,0,38,14,with,with,IN,IN
1194,Peoples_Republic_of_Korea_1998,0,38,15,all,all,DT,DT
1195,Peoples_Republic_of_Korea_1998,0,38,16,friendly,friendly,JJ,JJ
1196,Peoples_Republic_of_Korea_1998,0,38,17,countries,countries,NNS,NN
1197,Peoples_Republic_of_Korea_1998,0,38,19,on,on,IN,IN
1198,Peoples_Republic_of_Korea_1998,0,38,20,principles,principles,NNS,NN
1199,Peoples_Republic_of_Korea_1998,0,38,21,of,of,IN,IN
1200,Peoples_Republic_of_Korea_1998,0,38,22,complete,complete,JJ,JJ
1201,Peoples_Republic_of_Korea_1998,0,38,23,equality,equality,NN,NN
1202,Peoples_Republic_of_Korea_1998,0,38,25,independence,independence,NN,NN
1203,Peoples_Republic_of_Korea_1998,0,38,27,mutual,mutual,JJ,JJ
1204,Peoples_Republic_of_Korea_1998,0,38,28,respect,respect,NN,NN
1205,Peoples_Republic_of_Korea_1998,0,38,30,noninterference,noninterference,NN,NN
1206,Peoples_Republic_of_Korea_1998,0,38,31,in,in,IN,IN
1207,Peoples_Republic_of_Korea_1998,0,38,32,each,each,DT,DT
1208,Peoples_Republic_of_Korea_1998,0,38,33,other,other,JJ,JJ
1209,Peoples_Republic_of_Korea_1998,0,38,35,s,s,NN,NN
1210,Peoples_Republic_of_Korea_1998,0,38,36,affairs,affairs,NNS,NN
1211,Peoples_Republic_of_Korea_1998,0,38,37,and,and,CC,CC
1212,Peoples_Republic_of_Korea_1998,0,38,38,mutual,mutual,JJ,JJ
1213,Peoples_Republic_of_Korea_1998,0,38,39,benefit,benefit,NN,NN
1214,Peoples_Republic_of_Korea_1998,0,39,0,The,the,DT,DT
1215,Peoples_Republic_of_Korea_1998,0,39,1,State,state,NNP,NN
1216,Peoples_Republic_of_Korea_1998,0,39,2,shall,shall,MD,MD
1217,Peoples_Republic_of_Korea_1998,0,39,3,promote,promote,VB,VB
1218,Peoples_Republic_of_Korea_1998,0,39,4,unity,unity,NN,NN
1219,Peoples_Republic_of_Korea_1998,0,39,5,with,with,IN,IN
1220,Peoples_Republic_of_Korea_1998,0,39,6,the,the,DT,DT
1221,Peoples_Republic_of_Korea_1998,0,39,7,world,world,NN,NN
1222,Peoples_Republic_of_Korea_1998,0,39,8,public,public,NN,NN
1223,Peoples_Republic_of_Korea_1998,0,39,9,defending,defending,VBG,VB
1224,Peoples_Republic_of_Korea_1998,0,39,10,peoples,peoples,NNS,NN
1225,Peoples_Republic_of_Korea_1998,0,39,11,who,who,WP,WP
1226,Peoples_Republic_of_Korea_1998,0,39,12,oppose,oppose,VBP,VB
1227,Peoples_Republic_of_Korea_1998,0,39,13,all,all,DT,DT
1228,Peoples_Republic_of_Korea_1998,0,39,14,forms,forms,NNS,NN
1229,Peoples_Republic_of_Korea_1998,0,39,15,of,of,IN,IN
1230,Peoples_Republic_of_Korea_1998,0,39,16,aggression,aggression,NN,NN
1231,Peoples_Republic_of_Korea_1998,0,39,17,and,and,CC,CC
1232,Peoples_Republic_of_Korea_1998,0,39,18,interference,interference,NN,NN
1233,Peoples_Republic_of_Korea_1998,0,39,19,and,and,CC,CC
1234,Peoples_Republic_of_Korea_1998,0,39,20,fight,fight,NN,NN
1235,Peoples_Republic_of_Korea_1998,0,39,21,for,for,IN,IN
1236,Peoples_Republic_of_Korea_1998,0,39,22,their,their,PRP$,PR
1237,Peoples_Republic_of_Korea_1998,0,39,23,countries,countries,NNS,NN
1238,Peoples_Republic_of_Korea_1998,0,39,25,independence,independence,NN,NN
1239,Peoples_Republic_of_Korea_1998,0,39,26,and,and,CC,CC
1240,Peoples_Republic_of_Korea_1998,0,39,27,national,national,JJ,JJ
1241,Peoples_Republic_of_Korea_1998,0,39,28,and,and,CC,CC
1242,Peoples_Republic_of_Korea_1998,0,39,29,class,class,NN,NN
1243,Peoples_Republic_of_Korea_1998,0,39,30,emancipation,emancipation,NN,NN
1244,Peoples_Republic_of_Korea_1998,0,40,0,Article,article,NN,NN
1245,Peoples_Republic_of_Korea_1998,0,40,1,18,18,CD,CD
1246,Peoples_Republic_of_Korea_1998,0,40,2,Share,share,NNP,NN
1247,Peoples_Republic_of_Korea_1998,0,40,3,The,the,DT,DT
1248,Peoples_Republic_of_Korea_1998,0,40,4,law,law,NN,NN
1249,Peoples_Republic_of_Korea_1998,0,40,5,of,of,IN,IN
1250,Peoples_Republic_of_Korea_1998,0,40,6,the,the,DT,DT
1251,Peoples_Republic_of_Korea_1998,0,40,7,DPRK,dprk,NNP,NN
1252,Peoples_Republic_of_Korea_1998,0,40,8,reflects,reflects,VBZ,VB
1253,Peoples_Republic_of_Korea_1998,0,40,9,the,the,DT,DT
1254,Peoples_Republic_of_Korea_1998,0,40,10,wishes,wishes,NNS,NN
1255,Peoples_Republic_of_Korea_1998,0,40,11,and,and,CC,CC
1256,Peoples_Republic_of_Korea_1998,0,40,12,interests,interests,NNS,NN
1257,Peoples_Republic_of_Korea_1998,0,40,13,of,of,IN,IN
1258,Peoples_Republic_of_Korea_1998,0,40,14,the,the,DT,DT
1259,Peoples_Republic_of_Korea_1998,0,40,15,working,working,VBG,VB
1260,Peoples_Republic_of_Korea_1998,0,40,16,people,people,NNS,NN
1261,Peoples_Republic_of_Korea_1998,0,40,17,and,and,CC,CC
1262,Peoples_Republic_of_Korea_1998,0,40,18,is,is,VBZ,VB
1263,Peoples_Republic_of_Korea_1998,0,40,19,a,a,DT,DT
1264,Peoples_Republic_of_Korea_1998,0,40,20,basic,basic,JJ,JJ
1265,Peoples_Republic_of_Korea_1998,0,40,21,instrument,instrument,NN,NN
1266,Peoples_Republic_of_Korea_1998,0,40,22,for,for,IN,IN
1267,Peoples_Republic_of_Korea_1998,0,40,23,State,state,NNP,NN
1268,Peoples_Republic_of_Korea_1998,0,40,24,administration,administration,NN,NN
1269,Peoples_Republic_of_Korea_1998,0,41,0,Respect,respect,NN,NN
1270,Peoples_Republic_of_Korea_1998,0,41,1,for,for,IN,IN
1271,Peoples_Republic_of_Korea_1998,0,41,2,the,the,DT,DT
1272,Peoples_Republic_of_Korea_1998,0,41,3,law,law,NN,NN
1273,Peoples_Republic_of_Korea_1998,0,41,4,and,and,CC,CC
1274,Peoples_Republic_of_Korea_1998,0,41,5,its,its,PRP$,PR
1275,Peoples_Republic_of_Korea_1998,0,41,6,strict,strict,JJ,JJ
1276,Peoples_Republic_of_Korea_1998,0,41,7,adherence,adherence,NN,NN
1277,Peoples_Republic_of_Korea_1998,0,41,8,and,and,CC,CC
1278,Peoples_Republic_of_Korea_1998,0,41,9,execution,execution,NN,NN
1279,Peoples_Republic_of_Korea_1998,0,41,10,is,is,VBZ,VB
1280,Peoples_Republic_of_Korea_1998,0,41,11,the,the,DT,DT
1281,Peoples_Republic_of_Korea_1998,0,41,12,duty,duty,NN,NN
1282,Peoples_Republic_of_Korea_1998,0,41,13,of,of,IN,IN
1283,Peoples_Republic_of_Korea_1998,0,41,14,all,all,DT,DT
1284,Peoples_Republic_of_Korea_1998,0,41,15,institutions,institutions,NNS,NN
1285,Peoples_Republic_of_Korea_1998,0,41,17,enterprises,enterprises,NNS,NN
1286,Peoples_Republic_of_Korea_1998,0,41,19,organizations,organizations,NNS,NN
1287,Peoples_Republic_of_Korea_1998,0,41,20,and,and,CC,CC
1288,Peoples_Republic_of_Korea_1998,0,41,21,citizens,citizens,NNS,NN
1289,Peoples_Republic_of_Korea_1998,0,42,0,The,the,DT,DT
1290,Peoples_Republic_of_Korea_1998,0,42,1,State,state,NNP,NN
1291,Peoples_Republic_of_Korea_1998,0,42,2,shall,shall,MD,MD
1292,Peoples_Republic_of_Korea_1998,0,42,3,perfect,perfect,VB,VB
1293,Peoples_Republic_of_Korea_1998,0,42,4,the,the,DT,DT
1294,Peoples_Republic_of_Korea_1998,0,42,5,system,system,NN,NN
1295,Peoples_Republic_of_Korea_1998,0,42,6,of,of,IN,IN
1296,Peoples_Republic_of_Korea_1998,0,42,7,socialist,socialist,JJ,JJ
1297,Peoples_Republic_of_Korea_1998,0,42,8,law,law,NN,NN
1298,Peoples_Republic_of_Korea_1998,0,42,9,and,and,CC,CC
1299,Peoples_Republic_of_Korea_1998,0,42,10,promote,promote,VB,VB
1300,Peoples_Republic_of_Korea_1998,0,42,11,the,the,DT,DT
1301,Peoples_Republic_of_Korea_1998,0,42,12,socialist,socialist,JJ,JJ
1302,Peoples_Republic_of_Korea_1998,0,42,13,law-abiding,lawabiding,JJ,JJ
1303,Peoples_Republic_of_Korea_1998,0,42,14,life,life,NN,NN
1304,Peoples_Republic_of_Korea_1998,0,43,0,Chapter,chapter,NN,NN
1305,Peoples_Republic_of_Korea_1998,0,43,1,2,2,CD,CD
1306,Peoples_Republic_of_Korea_1998,0,44,0,Economy,economy,NNP,NN
1307,Peoples_Republic_of_Korea_1998,0,44,1,Share,share,NNP,NN
1308,Peoples_Republic_of_Korea_1998,0,44,2,Article,article,NNP,NN
1309,Peoples_Republic_of_Korea_1998,0,44,3,19,19,CD,CD
1310,Peoples_Republic_of_Korea_1998,0,44,4,Share,share,NNP,NN
1311,Peoples_Republic_of_Korea_1998,0,44,5,The,the,DT,DT
1312,Peoples_Republic_of_Korea_1998,0,44,6,DPRK,dprk,NNP,NN
1313,Peoples_Republic_of_Korea_1998,0,44,7,relies,relies,NNS,NN
1314,Peoples_Republic_of_Korea_1998,0,44,8,on,on,IN,IN
1315,Peoples_Republic_of_Korea_1998,0,44,9,the,the,DT,DT
1316,Peoples_Republic_of_Korea_1998,0,44,10,socialist,socialist,JJ,JJ
1317,Peoples_Republic_of_Korea_1998,0,44,11,production,production,NN,NN
1318,Peoples_Republic_of_Korea_1998,0,44,12,relations,relations,NNS,NN
1319,Peoples_Republic_of_Korea_1998,0,44,13,and,and,CC,CC
1320,Peoples_Republic_of_Korea_1998,0,44,14,on,on,IN,IN
1321,Peoples_Republic_of_Korea_1998,0,44,15,the,the,DT,DT
1322,Peoples_Republic_of_Korea_1998,0,44,16,foundation,foundation,NN,NN
1323,Peoples_Republic_of_Korea_1998,0,44,17,of,of,IN,IN
1324,Peoples_Republic_of_Korea_1998,0,44,18,an,an,DT,DT
1325,Peoples_Republic_of_Korea_1998,0,44,19,independent,independent,JJ,JJ
1326,Peoples_Republic_of_Korea_1998,0,44,20,national,national,JJ,JJ
1327,Peoples_Republic_of_Korea_1998,0,44,21,economy,economy,NN,NN
1328,Peoples_Republic_of_Korea_1998,0,45,0,Article,article,NN,NN
1329,Peoples_Republic_of_Korea_1998,0,45,1,20,20,CD,CD
1330,Peoples_Republic_of_Korea_1998,0,45,2,Share,share,NN,NN
1331,Peoples_Republic_of_Korea_1998,0,45,3,In,in,IN,IN
1332,Peoples_Republic_of_Korea_1998,0,45,4,the,the,DT,DT
1333,Peoples_Republic_of_Korea_1998,0,45,5,DPRK,dprk,NNP,NN
1334,Peoples_Republic_of_Korea_1998,0,45,7,the,the,DT,DT
1335,Peoples_Republic_of_Korea_1998,0,45,8,means,means,NNS,NN
1336,Peoples_Republic_of_Korea_1998,0,45,9,of,of,IN,IN
1337,Peoples_Republic_of_Korea_1998,0,45,10,production,production,NN,NN
1338,Peoples_Republic_of_Korea_1998,0,45,11,are,are,VBP,VB
1339,Peoples_Republic_of_Korea_1998,0,45,12,owned,owned,VBN,VB
1340,Peoples_Republic_of_Korea_1998,0,45,13,only,only,RB,RB
1341,Peoples_Republic_of_Korea_1998,0,45,14,by,by,IN,IN
1342,Peoples_Republic_of_Korea_1998,0,45,15,the,the,DT,DT
1343,Peoples_Republic_of_Korea_1998,0,45,16,State,state,NNP,NN
1344,Peoples_Republic_of_Korea_1998,0,45,17,and,and,CC,CC
1345,Peoples_Republic_of_Korea_1998,0,45,18,social,social,JJ,JJ
1346,Peoples_Republic_of_Korea_1998,0,45,19,cooperative,cooperative,JJ,JJ
1347,Peoples_Republic_of_Korea_1998,0,45,20,organizations,organizations,NNS,NN
1348,Peoples_Republic_of_Korea_1998,0,46,0,Article,article,NN,NN
1349,Peoples_Republic_of_Korea_1998,0,46,1,21,21,CD,CD
1350,Peoples_Republic_of_Korea_1998,0,46,2,Share,share,NNP,NN
1351,Peoples_Republic_of_Korea_1998,0,46,3,The,the,DT,DT
1352,Peoples_Republic_of_Korea_1998,0,46,4,property,property,NN,NN
1353,Peoples_Republic_of_Korea_1998,0,46,5,of,of,IN,IN
1354,Peoples_Republic_of_Korea_1998,0,46,6,the,the,DT,DT
1355,Peoples_Republic_of_Korea_1998,0,46,7,State,state,NNP,NN
1356,Peoples_Republic_of_Korea_1998,0,46,8,belongs,belongs,NNS,NN
1357,Peoples_Republic_of_Korea_1998,0,46,9,to,to,TO,TO
1358,Peoples_Republic_of_Korea_1998,0,46,10,the,the,DT,DT
1359,Peoples_Republic_of_Korea_1998,0,46,11,entire,entire,JJ,JJ
1360,Peoples_Republic_of_Korea_1998,0,46,12,people,people,NNS,NN
1361,Peoples_Republic_of_Korea_1998,0,47,0,There,there,EX,EX
1362,Peoples_Republic_of_Korea_1998,0,47,1,is,is,VBZ,VB
1363,Peoples_Republic_of_Korea_1998,0,47,2,no,no,DT,DT
1364,Peoples_Republic_of_Korea_1998,0,47,3,limit,limit,NN,NN
1365,Peoples_Republic_of_Korea_1998,0,47,4,to,to,TO,TO
1366,Peoples_Republic_of_Korea_1998,0,47,5,the,the,DT,DT
1367,Peoples_Republic_of_Korea_1998,0,47,6,property,property,NN,NN
1368,Peoples_Republic_of_Korea_1998,0,47,7,which,which,WDT,WD
1369,Peoples_Republic_of_Korea_1998,0,47,8,the,the,DT,DT
1370,Peoples_Republic_of_Korea_1998,0,47,9,State,state,NNP,NN
1371,Peoples_Republic_of_Korea_1998,0,47,10,can,can,MD,MD
1372,Peoples_Republic_of_Korea_1998,0,47,11,own,own,VB,VB
1373,Peoples_Republic_of_Korea_1998,0,48,0,Only,only,RB,RB
1374,Peoples_Republic_of_Korea_1998,0,48,1,the,the,DT,DT
1375,Peoples_Republic_of_Korea_1998,0,48,2,State,state,NNP,NN
1376,Peoples_Republic_of_Korea_1998,0,48,3,possesses,possesses,VBZ,VB
1377,Peoples_Republic_of_Korea_1998,0,48,4,all,all,PDT,PD
1378,Peoples_Republic_of_Korea_1998,0,48,5,the,the,DT,DT
1379,Peoples_Republic_of_Korea_1998,0,48,6,natural,natural,JJ,JJ
1380,Peoples_Republic_of_Korea_1998,0,48,7,resources,resources,NNS,NN
1381,Peoples_Republic_of_Korea_1998,0,48,9,railways,railways,NNS,NN
1382,Peoples_Republic_of_Korea_1998,0,48,11,airports,airports,NNS,NN
1383,Peoples_Republic_of_Korea_1998,0,48,13,transportation,transportation,NN,NN
1384,Peoples_Republic_of_Korea_1998,0,48,15,communication,communication,NN,NN
1385,Peoples_Republic_of_Korea_1998,0,48,16,organs,organs,NNS,NN
1386,Peoples_Republic_of_Korea_1998,0,48,17,and,and,CC,CC
1387,Peoples_Republic_of_Korea_1998,0,48,18,major,major,JJ,JJ
1388,Peoples_Republic_of_Korea_1998,0,48,19,factories,factories,NNS,NN
1389,Peoples_Republic_of_Korea_1998,0,48,21,enterprises,enterprises,NNS,NN
1390,Peoples_Republic_of_Korea_1998,0,48,23,ports,ports,NNS,NN
1391,Peoples_Republic_of_Korea_1998,0,48,24,and,and,CC,CC
1392,Peoples_Republic_of_Korea_1998,0,48,25,banks,banks,NNS,NN
1393,Peoples_Republic_of_Korea_1998,0,49,0,The,the,DT,DT
1394,Peoples_Republic_of_Korea_1998,0,49,1,State,state,NNP,NN
1395,Peoples_Republic_of_Korea_1998,0,49,2,shall,shall,MD,MD
1396,Peoples_Republic_of_Korea_1998,0,49,3,guarantee,guarantee,VB,VB
1397,Peoples_Republic_of_Korea_1998,0,49,4,giving,giving,VBG,VB
1398,Peoples_Republic_of_Korea_1998,0,49,5,priority,priority,NN,NN
1399,Peoples_Republic_of_Korea_1998,0,49,6,to,to,TO,TO
1400,Peoples_Republic_of_Korea_1998,0,49,7,the,the,DT,DT
1401,Peoples_Republic_of_Korea_1998,0,49,8,growth,growth,NN,NN
1402,Peoples_Republic_of_Korea_1998,0,49,9,of,of,IN,IN
1403,Peoples_Republic_of_Korea_1998,0,49,10,its,its,PRP$,PR
1404,Peoples_Republic_of_Korea_1998,0,49,11,property,property,NN,NN
1405,Peoples_Republic_of_Korea_1998,0,49,12,which,which,WDT,WD
1406,Peoples_Republic_of_Korea_1998,0,49,13,plays,plays,VBZ,VB
1407,Peoples_Republic_of_Korea_1998,0,49,14,a,a,DT,DT
1408,Peoples_Republic_of_Korea_1998,0,49,15,leading,leading,JJ,JJ
1409,Peoples_Republic_of_Korea_1998,0,49,16,role,role,NN,NN
1410,Peoples_Republic_of_Korea_1998,0,49,17,in,in,IN,IN
1411,Peoples_Republic_of_Korea_1998,0,49,18,the,the,DT,DT
1412,Peoples_Republic_of_Korea_1998,0,49,19,development,development,NN,NN
1413,Peoples_Republic_of_Korea_1998,0,49,20,of,of,IN,IN
1414,Peoples_Republic_of_Korea_1998,0,49,21,the,the,DT,DT
1415,Peoples_Republic_of_Korea_1998,0,49,22,national,national,JJ,JJ
1416,Peoples_Republic_of_Korea_1998,0,49,23,economy,economy,NN,NN
1417,Peoples_Republic_of_Korea_1998,0,50,0,Article,article,NN,NN
1418,Peoples_Republic_of_Korea_1998,0,50,1,22,22,CD,CD
1419,Peoples_Republic_of_Korea_1998,0,50,2,Share,share,NNP,NN
1420,Peoples_Republic_of_Korea_1998,0,50,3,The,the,DT,DT
1421,Peoples_Republic_of_Korea_1998,0,50,4,property,property,NN,NN
1422,Peoples_Republic_of_Korea_1998,0,50,5,of,of,IN,IN
1423,Peoples_Republic_of_Korea_1998,0,50,6,social,social,JJ,JJ
1424,Peoples_Republic_of_Korea_1998,0,50,7,cooperative,cooperative,JJ,JJ
1425,Peoples_Republic_of_Korea_1998,0,50,8,organizations,organizations,NNS,NN
1426,Peoples_Republic_of_Korea_1998,0,50,9,belongs,belongs,NNS,NN
1427,Peoples_Republic_of_Korea_1998,0,50,10,to,to,TO,TO
1428,Peoples_Republic_of_Korea_1998,0,50,11,the,the,DT,DT
1429,Peoples_Republic_of_Korea_1998,0,50,12,collective,collective,JJ,JJ
1430,Peoples_Republic_of_Korea_1998,0,50,13,property,property,NN,NN
1431,Peoples_Republic_of_Korea_1998,0,50,14,of,of,IN,IN
1432,Peoples_Republic_of_Korea_1998,0,50,15,working,working,VBG,VB
1433,Peoples_Republic_of_Korea_1998,0,50,16,people,people,NNS,NN
1434,Peoples_Republic_of_Korea_1998,0,50,17,within,within,IN,IN
1435,Peoples_Republic_of_Korea_1998,0,50,18,the,the,DT,DT
1436,Peoples_Republic_of_Korea_1998,0,50,19,organizations,organizations,NNS,NN
1437,Peoples_Republic_of_Korea_1998,0,50,20,concerned,concerned,VBN,VB
1438,Peoples_Republic_of_Korea_1998,0,51,0,Social,social,NNP,NN
1439,Peoples_Republic_of_Korea_1998,0,51,1,cooperative,cooperative,JJ,JJ
1440,Peoples_Republic_of_Korea_1998,0,51,2,organizations,organizations,NNS,NN
1441,Peoples_Republic_of_Korea_1998,0,51,3,can,can,MD,MD
1442,Peoples_Republic_of_Korea_1998,0,51,4,possess,possess,VB,VB
1443,Peoples_Republic_of_Korea_1998,0,51,5,such,such,JJ,JJ
1444,Peoples_Republic_of_Korea_1998,0,51,6,property,property,NN,NN
1445,Peoples_Republic_of_Korea_1998,0,51,7,as,as,IN,IN
1446,Peoples_Republic_of_Korea_1998,0,51,8,land,land,NN,NN
1447,Peoples_Republic_of_Korea_1998,0,51,10,agricultural,agricultural,JJ,JJ
1448,Peoples_Republic_of_Korea_1998,0,51,11,machinery,machinery,NN,NN
1449,Peoples_Republic_of_Korea_1998,0,51,13,ships,ships,NNS,NN
1450,Peoples_Republic_of_Korea_1998,0,51,15,medium-small,mediumsmall,JJ,JJ
1451,Peoples_Republic_of_Korea_1998,0,51,16,sized,sized,JJ,JJ
1452,Peoples_Republic_of_Korea_1998,0,51,17,factories,factories,NNS,NN
1453,Peoples_Republic_of_Korea_1998,0,51,18,and,and,CC,CC
1454,Peoples_Republic_of_Korea_1998,0,51,19,enterprises,enterprises,NNS,NN
1455,Peoples_Republic_of_Korea_1998,0,52,0,The,the,DT,DT
1456,Peoples_Republic_of_Korea_1998,0,52,1,State,state,NNP,NN
1457,Peoples_Republic_of_Korea_1998,0,52,2,shall,shall,MD,MD
1458,Peoples_Republic_of_Korea_1998,0,52,3,protect,protect,VB,VB
1459,Peoples_Republic_of_Korea_1998,0,52,4,the,the,DT,DT
1460,Peoples_Republic_of_Korea_1998,0,52,5,property,property,NN,NN
1461,Peoples_Republic_of_Korea_1998,0,52,6,of,of,IN,IN
1462,Peoples_Republic_of_Korea_1998,0,52,7,social,social,JJ,JJ
1463,Peoples_Republic_of_Korea_1998,0,52,8,cooperative,cooperative,JJ,JJ
1464,Peoples_Republic_of_Korea_1998,0,52,9,organizations,organizations,NNS,NN
1465,Peoples_Republic_of_Korea_1998,0,53,0,Article,article,NN,NN
1466,Peoples_Republic_of_Korea_1998,0,53,1,23,23,CD,CD
1467,Peoples_Republic_of_Korea_1998,0,53,2,Share,share,NNP,NN
1468,Peoples_Republic_of_Korea_1998,0,53,3,The,the,DT,DT
1469,Peoples_Republic_of_Korea_1998,0,53,4,State,state,NNP,NN
1470,Peoples_Republic_of_Korea_1998,0,53,5,shall,shall,MD,MD
1471,Peoples_Republic_of_Korea_1998,0,53,6,enhance,enhance,VB,VB
1472,Peoples_Republic_of_Korea_1998,0,53,7,the,the,DT,DT
1473,Peoples_Republic_of_Korea_1998,0,53,8,ideological,ideological,JJ,JJ
1474,Peoples_Republic_of_Korea_1998,0,53,9,consciousness,consciousness,NN,NN
1475,Peoples_Republic_of_Korea_1998,0,53,10,and,and,CC,CC
1476,Peoples_Republic_of_Korea_1998,0,53,11,the,the,DT,DT
1477,Peoples_Republic_of_Korea_1998,0,53,12,technical,technical,JJ,JJ
1478,Peoples_Republic_of_Korea_1998,0,53,13,and,and,CC,CC
1479,Peoples_Republic_of_Korea_1998,0,53,14,cultural,cultural,JJ,JJ
1480,Peoples_Republic_of_Korea_1998,0,53,15,level,level,NN,NN
1481,Peoples_Republic_of_Korea_1998,0,53,16,of,of,IN,IN
1482,Peoples_Republic_of_Korea_1998,0,53,17,the,the,DT,DT
1483,Peoples_Republic_of_Korea_1998,0,53,18,peasants,peasants,NNS,NN
1484,Peoples_Republic_of_Korea_1998,0,53,20,increase,increase,VB,VB
1485,Peoples_Republic_of_Korea_1998,0,53,21,the,the,DT,DT
1486,Peoples_Republic_of_Korea_1998,0,53,22,role,role,NN,NN
1487,Peoples_Republic_of_Korea_1998,0,53,23,of,of,IN,IN
1488,Peoples_Republic_of_Korea_1998,0,53,24,the,the,DT,DT
1489,Peoples_Republic_of_Korea_1998,0,53,25,property,property,NN,NN
1490,Peoples_Republic_of_Korea_1998,0,53,26,of,of,IN,IN
1491,Peoples_Republic_of_Korea_1998,0,53,27,the,the,DT,DT
1492,Peoples_Republic_of_Korea_1998,0,53,28,entire,entire,JJ,JJ
1493,Peoples_Republic_of_Korea_1998,0,53,29,people,people,NNS,NN
1494,Peoples_Republic_of_Korea_1998,0,53,30,in,in,IN,IN
1495,Peoples_Republic_of_Korea_1998,0,53,31,leading,leading,VBG,VB
1496,Peoples_Republic_of_Korea_1998,0,53,32,the,the,DT,DT
1497,Peoples_Republic_of_Korea_1998,0,53,33,cooperative,cooperative,JJ,JJ
1498,Peoples_Republic_of_Korea_1998,0,53,34,property,property,NN,NN
1499,Peoples_Republic_of_Korea_1998,0,53,35,so,so,RB,RB
1500,Peoples_Republic_of_Korea_1998,0,53,36,as,as,IN,IN
1501,Peoples_Republic_of_Korea_1998,0,53,37,to,to,TO,TO
1502,Peoples_Republic_of_Korea_1998,0,53,38,combine,combine,VB,VB
1503,Peoples_Republic_of_Korea_1998,0,53,39,the,the,DT,DT
1504,Peoples_Republic_of_Korea_1998,0,53,40,two,two,CD,CD
1505,Peoples_Republic_of_Korea_1998,0,53,41,forms,forms,NNS,NN
1506,Peoples_Republic_of_Korea_1998,0,53,42,of,of,IN,IN
1507,Peoples_Republic_of_Korea_1998,0,53,43,property,property,NN,NN
1508,Peoples_Republic_of_Korea_1998,0,53,44,systematically,systematically,RB,RB
1509,Peoples_Republic_of_Korea_1998,0,53,46,shall,shall,MD,MD
1510,Peoples_Republic_of_Korea_1998,0,53,47,consolidate,consolidate,VB,VB
1511,Peoples_Republic_of_Korea_1998,0,53,48,and,and,CC,CC
1512,Peoples_Republic_of_Korea_1998,0,53,49,develop,develop,VB,VB
1513,Peoples_Republic_of_Korea_1998,0,53,50,the,the,DT,DT
1514,Peoples_Republic_of_Korea_1998,0,53,51,socialist,socialist,JJ,JJ
1515,Peoples_Republic_of_Korea_1998,0,53,52,cooperative,cooperative,JJ,JJ
1516,Peoples_Republic_of_Korea_1998,0,53,53,economic,economic,JJ,JJ
1517,Peoples_Republic_of_Korea_1998,0,53,54,system,system,NN,NN
1518,Peoples_Republic_of_Korea_1998,0,53,55,by,by,IN,IN
1519,Peoples_Republic_of_Korea_1998,0,53,56,improving,improving,VBG,VB
1520,Peoples_Republic_of_Korea_1998,0,53,57,the,the,DT,DT
1521,Peoples_Republic_of_Korea_1998,0,53,58,guidance,guidance,NN,NN
1522,Peoples_Republic_of_Korea_1998,0,53,59,and,and,CC,CC
1523,Peoples_Republic_of_Korea_1998,0,53,60,management,management,NN,NN
1524,Peoples_Republic_of_Korea_1998,0,53,61,of,of,IN,IN
1525,Peoples_Republic_of_Korea_1998,0,53,62,the,the,DT,DT
1526,Peoples_Republic_of_Korea_1998,0,53,63,cooperative,cooperative,JJ,JJ
1527,Peoples_Republic_of_Korea_1998,0,53,64,economy,economy,NN,NN
1528,Peoples_Republic_of_Korea_1998,0,53,65,and,and,CC,CC
1529,Peoples_Republic_of_Korea_1998,0,53,66,gradually,gradually,RB,RB
1530,Peoples_Republic_of_Korea_1998,0,53,67,transform,transform,VB,VB
1531,Peoples_Republic_of_Korea_1998,0,53,68,the,the,DT,DT
1532,Peoples_Republic_of_Korea_1998,0,53,69,property,property,NN,NN
1533,Peoples_Republic_of_Korea_1998,0,53,70,of,of,IN,IN
1534,Peoples_Republic_of_Korea_1998,0,53,71,cooperative,cooperative,JJ,JJ
1535,Peoples_Republic_of_Korea_1998,0,53,72,organizations,organizations,NNS,NN
1536,Peoples_Republic_of_Korea_1998,0,53,73,into,into,IN,IN
1537,Peoples_Republic_of_Korea_1998,0,53,74,the,the,DT,DT
1538,Peoples_Republic_of_Korea_1998,0,53,75,property,property,NN,NN
1539,Peoples_Republic_of_Korea_1998,0,53,76,of,of,IN,IN
1540,Peoples_Republic_of_Korea_1998,0,53,77,the,the,DT,DT
1541,Peoples_Republic_of_Korea_1998,0,53,78,people,people,NNS,NN
1542,Peoples_Republic_of_Korea_1998,0,53,79,as,as,IN,IN
1543,Peoples_Republic_of_Korea_1998,0,53,80,a,a,DT,DT
1544,Peoples_Republic_of_Korea_1998,0,53,81,whole,whole,NN,NN
1545,Peoples_Republic_of_Korea_1998,0,53,82,based,based,VBN,VB
1546,Peoples_Republic_of_Korea_1998,0,53,83,on,on,IN,IN
1547,Peoples_Republic_of_Korea_1998,0,53,84,the,the,DT,DT
1548,Peoples_Republic_of_Korea_1998,0,53,85,voluntary,voluntary,JJ,JJ
1549,Peoples_Republic_of_Korea_1998,0,53,86,will,will,MD,MD
1550,Peoples_Republic_of_Korea_1998,0,53,87,of,of,IN,IN
1551,Peoples_Republic_of_Korea_1998,0,53,88,all,all,DT,DT
1552,Peoples_Republic_of_Korea_1998,0,53,89,their,their,PRP$,PR
1553,Peoples_Republic_of_Korea_1998,0,53,90,members,members,NNS,NN
1554,Peoples_Republic_of_Korea_1998,0,54,0,Article,article,NN,NN
1555,Peoples_Republic_of_Korea_1998,0,54,1,24,24,CD,CD
1556,Peoples_Republic_of_Korea_1998,0,54,2,Share,share,NNP,NN
1557,Peoples_Republic_of_Korea_1998,0,54,3,Private,private,NNP,NN
1558,Peoples_Republic_of_Korea_1998,0,54,4,property,property,NN,NN
1559,Peoples_Republic_of_Korea_1998,0,54,5,is,is,VBZ,VB
1560,Peoples_Republic_of_Korea_1998,0,54,6,confirmed,confirmed,VBN,VB
1561,Peoples_Republic_of_Korea_1998,0,54,7,to,to,TO,TO
1562,Peoples_Republic_of_Korea_1998,0,54,8,property,property,NN,NN
1563,Peoples_Republic_of_Korea_1998,0,54,9,meeting,meeting,VBG,VB
1564,Peoples_Republic_of_Korea_1998,0,54,10,the,the,DT,DT
1565,Peoples_Republic_of_Korea_1998,0,54,11,simple,simple,NN,NN
1566,Peoples_Republic_of_Korea_1998,0,54,12,and,and,CC,CC
1567,Peoples_Republic_of_Korea_1998,0,54,13,individual,individual,JJ,JJ
1568,Peoples_Republic_of_Korea_1998,0,54,14,aims,aims,NNS,NN
1569,Peoples_Republic_of_Korea_1998,0,54,15,of,of,IN,IN
1570,Peoples_Republic_of_Korea_1998,0,54,16,the,the,DT,DT
1571,Peoples_Republic_of_Korea_1998,0,54,17,citizen,citizen,NN,NN
1572,Peoples_Republic_of_Korea_1998,0,55,0,Private,private,JJ,JJ
1573,Peoples_Republic_of_Korea_1998,0,55,1,property,property,NN,NN
1574,Peoples_Republic_of_Korea_1998,0,55,2,consists,consists,NNS,NN
1575,Peoples_Republic_of_Korea_1998,0,55,3,of,of,IN,IN
1576,Peoples_Republic_of_Korea_1998,0,55,4,socialist,socialist,JJ,JJ
1577,Peoples_Republic_of_Korea_1998,0,55,5,distributions,distributions,NNS,NN
1578,Peoples_Republic_of_Korea_1998,0,55,6,of,of,IN,IN
1579,Peoples_Republic_of_Korea_1998,0,55,7,the,the,DT,DT
1580,Peoples_Republic_of_Korea_1998,0,55,8,result,result,NN,NN
1581,Peoples_Republic_of_Korea_1998,0,55,9,of,of,IN,IN
1582,Peoples_Republic_of_Korea_1998,0,55,10,labor,labor,NN,NN
1583,Peoples_Republic_of_Korea_1998,0,55,11,and,and,CC,CC
1584,Peoples_Republic_of_Korea_1998,0,55,12,additional,additional,JJ,JJ
1585,Peoples_Republic_of_Korea_1998,0,55,13,benefits,benefits,NNS,NN
1586,Peoples_Republic_of_Korea_1998,0,55,14,of,of,IN,IN
1587,Peoples_Republic_of_Korea_1998,0,55,15,the,the,DT,DT
1588,Peoples_Republic_of_Korea_1998,0,55,16,State,state,NNP,NN
1589,Peoples_Republic_of_Korea_1998,0,55,17,and,and,CC,CC
1590,Peoples_Republic_of_Korea_1998,0,55,18,society,society,NN,NN
1591,Peoples_Republic_of_Korea_1998,0,56,0,The,the,DT,DT
1592,Peoples_Republic_of_Korea_1998,0,56,1,products,products,NNS,NN
1593,Peoples_Republic_of_Korea_1998,0,56,2,of,of,IN,IN
1594,Peoples_Republic_of_Korea_1998,0,56,3,individual,individual,JJ,JJ
1595,Peoples_Republic_of_Korea_1998,0,56,4,sideline,sideline,NN,NN
1596,Peoples_Republic_of_Korea_1998,0,56,5,activities,activities,NNS,NN
1597,Peoples_Republic_of_Korea_1998,0,56,6,including,including,VBG,VB
1598,Peoples_Republic_of_Korea_1998,0,56,7,those,those,DT,DT
1599,Peoples_Republic_of_Korea_1998,0,56,8,from,from,IN,IN
1600,Peoples_Republic_of_Korea_1998,0,56,9,the,the,DT,DT
1601,Peoples_Republic_of_Korea_1998,0,56,10,kitchen,kitchen,NN,NN
1602,Peoples_Republic_of_Korea_1998,0,56,11,gardens,gardens,NNS,NN
1603,Peoples_Republic_of_Korea_1998,0,56,12,of,of,IN,IN
1604,Peoples_Republic_of_Korea_1998,0,56,13,cooperative,cooperative,JJ,JJ
1605,Peoples_Republic_of_Korea_1998,0,56,14,farmers,farmers,NNS,NN
1606,Peoples_Republic_of_Korea_1998,0,56,15,and,and,CC,CC
1607,Peoples_Republic_of_Korea_1998,0,56,16,income,income,NN,NN
1608,Peoples_Republic_of_Korea_1998,0,56,17,from,from,IN,IN
1609,Peoples_Republic_of_Korea_1998,0,56,18,other,other,JJ,JJ
1610,Peoples_Republic_of_Korea_1998,0,56,19,legal,legal,JJ,JJ
1611,Peoples_Republic_of_Korea_1998,0,56,20,economic,economic,JJ,JJ
1612,Peoples_Republic_of_Korea_1998,0,56,21,activities,activities,NNS,NN
1613,Peoples_Republic_of_Korea_1998,0,56,22,shall,shall,MD,MD
1614,Peoples_Republic_of_Korea_1998,0,56,23,also,also,RB,RB
1615,Peoples_Republic_of_Korea_1998,0,56,24,belong,belong,VB,VB
1616,Peoples_Republic_of_Korea_1998,0,56,25,to,to,TO,TO
1617,Peoples_Republic_of_Korea_1998,0,56,26,private,private,JJ,JJ
1618,Peoples_Republic_of_Korea_1998,0,56,27,property,property,NN,NN
1619,Peoples_Republic_of_Korea_1998,0,57,0,The,the,DT,DT
1620,Peoples_Republic_of_Korea_1998,0,57,1,State,state,NNP,NN
1621,Peoples_Republic_of_Korea_1998,0,57,2,shall,shall,MD,MD
1622,Peoples_Republic_of_Korea_1998,0,57,3,protect,protect,VB,VB
1623,Peoples_Republic_of_Korea_1998,0,57,4,private,private,JJ,JJ
1624,Peoples_Republic_of_Korea_1998,0,57,5,property,property,NN,NN
1625,Peoples_Republic_of_Korea_1998,0,57,6,and,and,CC,CC
1626,Peoples_Republic_of_Korea_1998,0,57,7,guarantee,guarantee,NN,NN
1627,Peoples_Republic_of_Korea_1998,0,57,8,its,its,PRP$,PR
1628,Peoples_Republic_of_Korea_1998,0,57,9,legal,legal,JJ,JJ
1629,Peoples_Republic_of_Korea_1998,0,57,10,inheritance,inheritance,NN,NN
1630,Peoples_Republic_of_Korea_1998,0,58,0,Article,article,NN,NN
1631,Peoples_Republic_of_Korea_1998,0,58,1,25,25,CD,CD
1632,Peoples_Republic_of_Korea_1998,0,58,2,Share,share,NNP,NN
1633,Peoples_Republic_of_Korea_1998,0,58,3,The,the,DT,DT
1634,Peoples_Republic_of_Korea_1998,0,58,4,DPRK,dprk,NNP,NN
1635,Peoples_Republic_of_Korea_1998,0,58,5,regards,regards,VBZ,VB
1636,Peoples_Republic_of_Korea_1998,0,58,6,the,the,DT,DT
1637,Peoples_Republic_of_Korea_1998,0,58,7,steady,steady,JJ,JJ
1638,Peoples_Republic_of_Korea_1998,0,58,8,improvement,improvement,NN,NN
1639,Peoples_Republic_of_Korea_1998,0,58,9,of,of,IN,IN
1640,Peoples_Republic_of_Korea_1998,0,58,10,the,the,DT,DT
1641,Peoples_Republic_of_Korea_1998,0,58,11,material,material,NN,NN
1642,Peoples_Republic_of_Korea_1998,0,58,12,and,and,CC,CC
1643,Peoples_Republic_of_Korea_1998,0,58,13,cultural,cultural,JJ,JJ
1644,Peoples_Republic_of_Korea_1998,0,58,14,standards,standards,NNS,NN
1645,Peoples_Republic_of_Korea_1998,0,58,15,of,of,IN,IN
1646,Peoples_Republic_of_Korea_1998,0,58,16,the,the,DT,DT
1647,Peoples_Republic_of_Korea_1998,0,58,17,people,people,NNS,NN
1648,Peoples_Republic_of_Korea_1998,0,58,18,as,as,IN,IN
1649,Peoples_Republic_of_Korea_1998,0,58,19,the,the,DT,DT
1650,Peoples_Republic_of_Korea_1998,0,58,20,supreme,supreme,JJ,JJ
1651,Peoples_Republic_of_Korea_1998,0,58,21,principle,principle,NN,NN
1652,Peoples_Republic_of_Korea_1998,0,58,22,of,of,IN,IN
1653,Peoples_Republic_of_Korea_1998,0,58,23,its,its,PRP$,PR
1654,Peoples_Republic_of_Korea_1998,0,58,24,activities,activities,NNS,NN
1655,Peoples_Republic_of_Korea_1998,0,59,0,The,the,DT,DT
1656,Peoples_Republic_of_Korea_1998,0,59,1,constantly-increasing,constantlyincreasing,JJ,JJ
1657,Peoples_Republic_of_Korea_1998,0,59,2,material,material,NN,NN
1658,Peoples_Republic_of_Korea_1998,0,59,3,wealth,wealth,NN,NN
1659,Peoples_Republic_of_Korea_1998,0,59,4,of,of,IN,IN
1660,Peoples_Republic_of_Korea_1998,0,59,5,society,society,NN,NN
1661,Peoples_Republic_of_Korea_1998,0,59,6,in,in,IN,IN
1662,Peoples_Republic_of_Korea_1998,0,59,7,our,our,PRP$,PR
1663,Peoples_Republic_of_Korea_1998,0,59,8,country,country,NN,NN
1664,Peoples_Republic_of_Korea_1998,0,59,10,where,where,WRB,WR
1665,Peoples_Republic_of_Korea_1998,0,59,11,taxes,taxes,NNS,NN
1666,Peoples_Republic_of_Korea_1998,0,59,12,have,have,VBP,VB
1667,Peoples_Republic_of_Korea_1998,0,59,13,been,been,VBN,VB
1668,Peoples_Republic_of_Korea_1998,0,59,14,abolished,abolished,VBN,VB
1669,Peoples_Republic_of_Korea_1998,0,59,16,is,is,VBZ,VB
1670,Peoples_Republic_of_Korea_1998,0,59,17,used,used,VBN,VB
1671,Peoples_Republic_of_Korea_1998,0,59,18,entirely,entirely,RB,RB
1672,Peoples_Republic_of_Korea_1998,0,59,19,for,for,IN,IN
1673,Peoples_Republic_of_Korea_1998,0,59,20,promoting,promoting,VBG,VB
1674,Peoples_Republic_of_Korea_1998,0,59,21,the,the,DT,DT
1675,Peoples_Republic_of_Korea_1998,0,59,22,well-being,wellbeing,NN,NN
1676,Peoples_Republic_of_Korea_1998,0,59,23,of,of,IN,IN
1677,Peoples_Republic_of_Korea_1998,0,59,24,the,the,DT,DT
1678,Peoples_Republic_of_Korea_1998,0,59,25,working,working,JJ,JJ
1679,Peoples_Republic_of_Korea_1998,0,59,26,people,people,NNS,NN
1680,Peoples_Republic_of_Korea_1998,0,60,0,The,the,DT,DT
1681,Peoples_Republic_of_Korea_1998,0,60,1,State,state,NNP,NN
1682,Peoples_Republic_of_Korea_1998,0,60,2,shall,shall,MD,MD
1683,Peoples_Republic_of_Korea_1998,0,60,3,provide,provide,VB,VB
1684,Peoples_Republic_of_Korea_1998,0,60,4,all,all,DT,DT
1685,Peoples_Republic_of_Korea_1998,0,60,5,working,working,VBG,VB
1686,Peoples_Republic_of_Korea_1998,0,60,6,people,people,NNS,NN
1687,Peoples_Republic_of_Korea_1998,0,60,7,with,with,IN,IN
1688,Peoples_Republic_of_Korea_1998,0,60,8,every,every,DT,DT
1689,Peoples_Republic_of_Korea_1998,0,60,9,condition,condition,NN,NN
1690,Peoples_Republic_of_Korea_1998,0,60,10,for,for,IN,IN
1691,Peoples_Republic_of_Korea_1998,0,60,11,obtaining,obtaining,VBG,VB
1692,Peoples_Republic_of_Korea_1998,0,60,12,food,food,NN,NN
1693,Peoples_Republic_of_Korea_1998,0,60,14,clothing,clothing,NN,NN
1694,Peoples_Republic_of_Korea_1998,0,60,15,and,and,CC,CC
1695,Peoples_Republic_of_Korea_1998,0,60,16,housing,housing,NN,NN
1696,Peoples_Republic_of_Korea_1998,0,61,0,Article,article,NN,NN
1697,Peoples_Republic_of_Korea_1998,0,61,1,26,26,CD,CD
1698,Peoples_Republic_of_Korea_1998,0,61,2,Share,share,NNP,NN
1699,Peoples_Republic_of_Korea_1998,0,61,3,The,the,DT,DT
1700,Peoples_Republic_of_Korea_1998,0,61,4,independent,independent,JJ,JJ
1701,Peoples_Republic_of_Korea_1998,0,61,5,national,national,JJ,JJ
1702,Peoples_Republic_of_Korea_1998,0,61,6,economy,economy,NN,NN
1703,Peoples_Republic_of_Korea_1998,0,61,7,of,of,IN,IN
1704,Peoples_Republic_of_Korea_1998,0,61,8,the,the,DT,DT
1705,Peoples_Republic_of_Korea_1998,0,61,9,DPRK,dprk,NNP,NN
1706,Peoples_Republic_of_Korea_1998,0,61,10,is,is,VBZ,VB
1707,Peoples_Republic_of_Korea_1998,0,61,11,a,a,DT,DT
1708,Peoples_Republic_of_Korea_1998,0,61,12,solid,solid,JJ,JJ
1709,Peoples_Republic_of_Korea_1998,0,61,13,foundation,foundation,NN,NN
1710,Peoples_Republic_of_Korea_1998,0,61,14,for,for,IN,IN
1711,Peoples_Republic_of_Korea_1998,0,61,15,the,the,DT,DT
1712,Peoples_Republic_of_Korea_1998,0,61,16,people,people,NNS,NN
1713,Peoples_Republic_of_Korea_1998,0,61,18,s,s,JJ,JJ
1714,Peoples_Republic_of_Korea_1998,0,61,19,happy,happy,JJ,JJ
1715,Peoples_Republic_of_Korea_1998,0,61,20,socialist,socialist,JJ,JJ
1716,Peoples_Republic_of_Korea_1998,0,61,21,life,life,NN,NN
1717,Peoples_Republic_of_Korea_1998,0,61,22,and,and,CC,CC
1718,Peoples_Republic_of_Korea_1998,0,61,23,for,for,IN,IN
1719,Peoples_Republic_of_Korea_1998,0,61,24,the,the,DT,DT
1720,Peoples_Republic_of_Korea_1998,0,61,25,prosperity,prosperity,NN,NN
1721,Peoples_Republic_of_Korea_1998,0,61,26,of,of,IN,IN
1722,Peoples_Republic_of_Korea_1998,0,61,27,the,the,DT,DT
1723,Peoples_Republic_of_Korea_1998,0,61,28,fatherland,fatherland,NN,NN
1724,Peoples_Republic_of_Korea_1998,0,62,0,The,the,DT,DT
1725,Peoples_Republic_of_Korea_1998,0,62,1,State,state,NNP,NN
1726,Peoples_Republic_of_Korea_1998,0,62,3,holding,holding,VBG,VB
1727,Peoples_Republic_of_Korea_1998,0,62,4,fast,fast,RB,RB
1728,Peoples_Republic_of_Korea_1998,0,62,5,to,to,TO,TO
1729,Peoples_Republic_of_Korea_1998,0,62,6,the,the,DT,DT
1730,Peoples_Republic_of_Korea_1998,0,62,7,line,line,NN,NN
1731,Peoples_Republic_of_Korea_1998,0,62,8,of,of,IN,IN
1732,Peoples_Republic_of_Korea_1998,0,62,9,building,building,VBG,VB
1733,Peoples_Republic_of_Korea_1998,0,62,10,an,an,DT,DT
1734,Peoples_Republic_of_Korea_1998,0,62,11,independent,independent,JJ,JJ
1735,Peoples_Republic_of_Korea_1998,0,62,12,national,national,JJ,JJ
1736,Peoples_Republic_of_Korea_1998,0,62,13,economy,economy,NN,NN
1737,Peoples_Republic_of_Korea_1998,0,62,15,shall,shall,MD,MD
1738,Peoples_Republic_of_Korea_1998,0,62,16,accelerate,accelerate,VB,VB
1739,Peoples_Republic_of_Korea_1998,0,62,17,Juche-orientation,jucheorientation,NNP,NN
1740,Peoples_Republic_of_Korea_1998,0,62,19,modernization,modernization,NN,NN
1741,Peoples_Republic_of_Korea_1998,0,62,20,and,and,CC,CC
1742,Peoples_Republic_of_Korea_1998,0,62,21,scientific,scientific,JJ,JJ
1743,Peoples_Republic_of_Korea_1998,0,62,22,sophistication,sophistication,NN,NN
1744,Peoples_Republic_of_Korea_1998,0,62,23,of,of,IN,IN
1745,Peoples_Republic_of_Korea_1998,0,62,24,the,the,DT,DT
1746,Peoples_Republic_of_Korea_1998,0,62,25,national,national,JJ,JJ
1747,Peoples_Republic_of_Korea_1998,0,62,26,economy,economy,NN,NN
1748,Peoples_Republic_of_Korea_1998,0,62,28,develop,develop,VB,VB
1749,Peoples_Republic_of_Korea_1998,0,62,29,the,the,DT,DT
1750,Peoples_Republic_of_Korea_1998,0,62,30,national,national,JJ,JJ
1751,Peoples_Republic_of_Korea_1998,0,62,31,economy,economy,NN,NN
1752,Peoples_Republic_of_Korea_1998,0,62,32,into,into,IN,IN
1753,Peoples_Republic_of_Korea_1998,0,62,33,a,a,DT,DT
1754,Peoples_Republic_of_Korea_1998,0,62,34,highly,highly,RB,RB
1755,Peoples_Republic_of_Korea_1998,0,62,35,developed,developed,JJ,JJ
1756,Peoples_Republic_of_Korea_1998,0,62,36,Juche-oriented,jucheoriented,NNP,NN
1757,Peoples_Republic_of_Korea_1998,0,62,37,one,one,NN,NN
1758,Peoples_Republic_of_Korea_1998,0,62,39,strive,strive,JJ,JJ
1759,Peoples_Republic_of_Korea_1998,0,62,40,to,to,TO,TO
1760,Peoples_Republic_of_Korea_1998,0,62,41,build,build,VB,VB
1761,Peoples_Republic_of_Korea_1998,0,62,42,a,a,DT,DT
1762,Peoples_Republic_of_Korea_1998,0,62,43,solid,solid,JJ,JJ
1763,Peoples_Republic_of_Korea_1998,0,62,44,material,material,NN,NN
1764,Peoples_Republic_of_Korea_1998,0,62,45,and,and,CC,CC
1765,Peoples_Republic_of_Korea_1998,0,62,46,technical,technical,JJ,JJ
1766,Peoples_Republic_of_Korea_1998,0,62,47,foundation,foundation,NN,NN
1767,Peoples_Republic_of_Korea_1998,0,62,48,commensurate,commensurate,NN,NN
1768,Peoples_Republic_of_Korea_1998,0,62,49,with,with,IN,IN
1769,Peoples_Republic_of_Korea_1998,0,62,50,a,a,DT,DT
1770,Peoples_Republic_of_Korea_1998,0,62,51,complete,complete,JJ,JJ
1771,Peoples_Republic_of_Korea_1998,0,62,52,socialist,socialist,JJ,JJ
1772,Peoples_Republic_of_Korea_1998,0,62,53,society,society,NN,NN
1773,Peoples_Republic_of_Korea_1998,0,63,0,Article,article,NN,NN
1774,Peoples_Republic_of_Korea_1998,0,63,1,27,27,CD,CD
1775,Peoples_Republic_of_Korea_1998,0,63,2,Share,share,NNP,NN
1776,Peoples_Republic_of_Korea_1998,0,63,3,The,the,DT,DT
1777,Peoples_Republic_of_Korea_1998,0,63,4,technical,technical,JJ,JJ
1778,Peoples_Republic_of_Korea_1998,0,63,5,revolution,revolution,NN,NN
1779,Peoples_Republic_of_Korea_1998,0,63,6,is,is,VBZ,VB
1780,Peoples_Republic_of_Korea_1998,0,63,7,vital,vital,JJ,JJ
1781,Peoples_Republic_of_Korea_1998,0,63,8,to,to,TO,TO
1782,Peoples_Republic_of_Korea_1998,0,63,9,the,the,DT,DT
1783,Peoples_Republic_of_Korea_1998,0,63,10,development,development,NN,NN
1784,Peoples_Republic_of_Korea_1998,0,63,11,of,of,IN,IN
1785,Peoples_Republic_of_Korea_1998,0,63,12,the,the,DT,DT
1786,Peoples_Republic_of_Korea_1998,0,63,13,socialist,socialist,JJ,JJ
1787,Peoples_Republic_of_Korea_1998,0,63,14,economy,economy,NN,NN
1788,Peoples_Republic_of_Korea_1998,0,64,0,The,the,DT,DT
1789,Peoples_Republic_of_Korea_1998,0,64,1,State,state,NNP,NN
1790,Peoples_Republic_of_Korea_1998,0,64,2,shall,shall,MD,MD
1791,Peoples_Republic_of_Korea_1998,0,64,3,perform,perform,VB,VB
1792,Peoples_Republic_of_Korea_1998,0,64,4,all,all,DT,DT
1793,Peoples_Republic_of_Korea_1998,0,64,5,economic,economic,JJ,JJ
1794,Peoples_Republic_of_Korea_1998,0,64,6,activities,activities,NNS,NN
1795,Peoples_Republic_of_Korea_1998,0,64,7,by,by,IN,IN
1796,Peoples_Republic_of_Korea_1998,0,64,8,giving,giving,VBG,VB
1797,Peoples_Republic_of_Korea_1998,0,64,9,top,top,JJ,JJ
1798,Peoples_Republic_of_Korea_1998,0,64,10,priority,priority,NN,NN
1799,Peoples_Republic_of_Korea_1998,0,64,11,to,to,TO,TO
1800,Peoples_Republic_of_Korea_1998,0,64,12,solving,solving,VBG,VB
1801,Peoples_Republic_of_Korea_1998,0,64,13,the,the,DT,DT
1802,Peoples_Republic_of_Korea_1998,0,64,14,problem,problem,NN,NN
1803,Peoples_Republic_of_Korea_1998,0,64,15,of,of,IN,IN
1804,Peoples_Republic_of_Korea_1998,0,64,16,technical,technical,JJ,JJ
1805,Peoples_Republic_of_Korea_1998,0,64,17,development,development,NN,NN
1806,Peoples_Republic_of_Korea_1998,0,64,19,push,push,NN,NN
1807,Peoples_Republic_of_Korea_1998,0,64,20,vigorously,vigorously,RB,RB
1808,Peoples_Republic_of_Korea_1998,0,64,21,ahead,ahead,RB,RB
1809,Peoples_Republic_of_Korea_1998,0,64,22,with,with,IN,IN
1810,Peoples_Republic_of_Korea_1998,0,64,23,a,a,DT,DT
1811,Peoples_Republic_of_Korea_1998,0,64,24,mass,mass,NN,NN
1812,Peoples_Republic_of_Korea_1998,0,64,25,technical,technical,JJ,JJ
1813,Peoples_Republic_of_Korea_1998,0,64,26,revolution,revolution,NN,NN
1814,Peoples_Republic_of_Korea_1998,0,64,27,movement,movement,NN,NN
1815,Peoples_Republic_of_Korea_1998,0,64,28,by,by,IN,IN
1816,Peoples_Republic_of_Korea_1998,0,64,29,accelerating,accelerating,VBG,VB
1817,Peoples_Republic_of_Korea_1998,0,64,30,scientific,scientific,JJ,JJ
1818,Peoples_Republic_of_Korea_1998,0,64,31,and,and,CC,CC
1819,Peoples_Republic_of_Korea_1998,0,64,32,technical,technical,JJ,JJ
1820,Peoples_Republic_of_Korea_1998,0,64,33,development,development,NN,NN
1821,Peoples_Republic_of_Korea_1998,0,64,34,and,and,CC,CC
1822,Peoples_Republic_of_Korea_1998,0,64,35,the,the,DT,DT
1823,Peoples_Republic_of_Korea_1998,0,64,36,technical,technical,JJ,JJ
1824,Peoples_Republic_of_Korea_1998,0,64,37,innovation,innovation,NN,NN
1825,Peoples_Republic_of_Korea_1998,0,64,38,of,of,IN,IN
1826,Peoples_Republic_of_Korea_1998,0,64,39,the,the,DT,DT
1827,Peoples_Republic_of_Korea_1998,0,64,40,national,national,JJ,JJ
1828,Peoples_Republic_of_Korea_1998,0,64,41,economy,economy,NN,NN
1829,Peoples_Republic_of_Korea_1998,0,64,43,free,free,VBP,VB
1830,Peoples_Republic_of_Korea_1998,0,64,44,the,the,DT,DT
1831,Peoples_Republic_of_Korea_1998,0,64,45,working,working,VBG,VB
1832,Peoples_Republic_of_Korea_1998,0,64,46,masses,masses,NNS,NN
1833,Peoples_Republic_of_Korea_1998,0,64,47,from,from,IN,IN
1834,Peoples_Republic_of_Korea_1998,0,64,48,backbreaking,backbreaking,VBG,VB
1835,Peoples_Republic_of_Korea_1998,0,64,49,labor,labor,NN,NN
1836,Peoples_Republic_of_Korea_1998,0,64,50,and,and,CC,CC
1837,Peoples_Republic_of_Korea_1998,0,64,51,narrow,narrow,JJ,JJ
1838,Peoples_Republic_of_Korea_1998,0,64,52,down,down,RP,RP
1839,Peoples_Republic_of_Korea_1998,0,64,53,the,the,DT,DT
1840,Peoples_Republic_of_Korea_1998,0,64,54,differences,differences,NNS,NN
1841,Peoples_Republic_of_Korea_1998,0,64,55,between,between,IN,IN
1842,Peoples_Republic_of_Korea_1998,0,64,56,physical,physical,JJ,JJ
1843,Peoples_Republic_of_Korea_1998,0,64,57,and,and,CC,CC
1844,Peoples_Republic_of_Korea_1998,0,64,58,mental,mental,JJ,JJ
1845,Peoples_Republic_of_Korea_1998,0,64,59,labor,labor,NN,NN
1846,Peoples_Republic_of_Korea_1998,0,65,0,Article,article,NN,NN
1847,Peoples_Republic_of_Korea_1998,0,65,1,28,28,CD,CD
1848,Peoples_Republic_of_Korea_1998,0,65,2,Share,share,NNP,NN
1849,Peoples_Republic_of_Korea_1998,0,65,3,The,the,DT,DT
1850,Peoples_Republic_of_Korea_1998,0,65,4,State,state,NNP,NN
1851,Peoples_Republic_of_Korea_1998,0,65,5,shall,shall,MD,MD
1852,Peoples_Republic_of_Korea_1998,0,65,6,accelerate,accelerate,VB,VB
1853,Peoples_Republic_of_Korea_1998,0,65,7,the,the,DT,DT
1854,Peoples_Republic_of_Korea_1998,0,65,8,technical,technical,JJ,JJ
1855,Peoples_Republic_of_Korea_1998,0,65,9,revolution,revolution,NN,NN
1856,Peoples_Republic_of_Korea_1998,0,65,10,in,in,IN,IN
1857,Peoples_Republic_of_Korea_1998,0,65,11,the,the,DT,DT
1858,Peoples_Republic_of_Korea_1998,0,65,12,rural,rural,JJ,JJ
1859,Peoples_Republic_of_Korea_1998,0,65,13,areas,areas,NNS,NN
1860,Peoples_Republic_of_Korea_1998,0,65,14,in,in,IN,IN
1861,Peoples_Republic_of_Korea_1998,0,65,15,order,order,NN,NN
1862,Peoples_Republic_of_Korea_1998,0,65,16,to,to,TO,TO
1863,Peoples_Republic_of_Korea_1998,0,65,17,eliminate,eliminate,VB,VB
1864,Peoples_Republic_of_Korea_1998,0,65,18,differences,differences,NNS,NN
1865,Peoples_Republic_of_Korea_1998,0,65,19,between,between,IN,IN
1866,Peoples_Republic_of_Korea_1998,0,65,20,urban,urban,JJ,JJ
1867,Peoples_Republic_of_Korea_1998,0,65,21,and,and,CC,CC
1868,Peoples_Republic_of_Korea_1998,0,65,22,rural,rural,JJ,JJ
1869,Peoples_Republic_of_Korea_1998,0,65,23,areas,areas,NNS,NN
1870,Peoples_Republic_of_Korea_1998,0,65,25,and,and,CC,CC
1871,Peoples_Republic_of_Korea_1998,0,65,26,class,class,NN,NN
1872,Peoples_Republic_of_Korea_1998,0,65,27,distinctions,distinctions,NNS,NN
1873,Peoples_Republic_of_Korea_1998,0,65,28,between,between,IN,IN
1874,Peoples_Republic_of_Korea_1998,0,65,29,the,the,DT,DT
1875,Peoples_Republic_of_Korea_1998,0,65,30,working,working,VBG,VB
1876,Peoples_Republic_of_Korea_1998,0,65,31,class,class,NN,NN
1877,Peoples_Republic_of_Korea_1998,0,65,32,and,and,CC,CC
1878,Peoples_Republic_of_Korea_1998,0,65,33,the,the,DT,DT
1879,Peoples_Republic_of_Korea_1998,0,65,34,peasantry,peasantry,NN,NN
1880,Peoples_Republic_of_Korea_1998,0,65,36,industrialize,industrialize,VB,VB
1881,Peoples_Republic_of_Korea_1998,0,65,37,and,and,CC,CC
1882,Peoples_Republic_of_Korea_1998,0,65,38,modernize,modernize,VB,VB
1883,Peoples_Republic_of_Korea_1998,0,65,39,agriculture,agriculture,NN,NN
1884,Peoples_Republic_of_Korea_1998,0,65,41,strengthen,strengthen,VB,VB
1885,Peoples_Republic_of_Korea_1998,0,65,42,the,the,DT,DT
1886,Peoples_Republic_of_Korea_1998,0,65,43,guidance,guidance,NN,NN
1887,Peoples_Republic_of_Korea_1998,0,65,44,and,and,CC,CC
1888,Peoples_Republic_of_Korea_1998,0,65,45,assistance,assistance,NN,NN
1889,Peoples_Republic_of_Korea_1998,0,65,46,to,to,TO,TO
1890,Peoples_Republic_of_Korea_1998,0,65,47,rural,rural,JJ,JJ
1891,Peoples_Republic_of_Korea_1998,0,65,48,areas,areas,NNS,NN
1892,Peoples_Republic_of_Korea_1998,0,65,49,by,by,IN,IN
1893,Peoples_Republic_of_Korea_1998,0,65,50,enhancing,enhancing,VBG,VB
1894,Peoples_Republic_of_Korea_1998,0,65,51,the,the,DT,DT
1895,Peoples_Republic_of_Korea_1998,0,65,52,role,role,NN,NN
1896,Peoples_Republic_of_Korea_1998,0,65,53,of,of,IN,IN
1897,Peoples_Republic_of_Korea_1998,0,65,54,the,the,DT,DT
1898,Peoples_Republic_of_Korea_1998,0,65,55,county,county,NN,NN
1899,Peoples_Republic_of_Korea_1998,0,66,0,The,the,DT,DT
1900,Peoples_Republic_of_Korea_1998,0,66,1,State,state,NNP,NN
1901,Peoples_Republic_of_Korea_1998,0,66,2,shall,shall,MD,MD
1902,Peoples_Republic_of_Korea_1998,0,66,3,undertake,undertake,VB,VB
1903,Peoples_Republic_of_Korea_1998,0,66,5,at,at,IN,IN
1904,Peoples_Republic_of_Korea_1998,0,66,6,its,its,PRP$,PR
1905,Peoples_Republic_of_Korea_1998,0,66,7,own,own,JJ,JJ
1906,Peoples_Republic_of_Korea_1998,0,66,8,expense,expense,NN,NN
1907,Peoples_Republic_of_Korea_1998,0,66,10,the,the,DT,DT
1908,Peoples_Republic_of_Korea_1998,0,66,11,building,building,NN,NN
1909,Peoples_Republic_of_Korea_1998,0,66,12,of,of,IN,IN
1910,Peoples_Republic_of_Korea_1998,0,66,13,production,production,NN,NN
1911,Peoples_Republic_of_Korea_1998,0,66,14,facilities,facilities,NNS,NN
1912,Peoples_Republic_of_Korea_1998,0,66,15,for,for,IN,IN
1913,Peoples_Republic_of_Korea_1998,0,66,16,the,the,DT,DT
1914,Peoples_Republic_of_Korea_1998,0,66,17,cooperative,cooperative,JJ,JJ
1915,Peoples_Republic_of_Korea_1998,0,66,18,farms,farms,NNS,NN
1916,Peoples_Republic_of_Korea_1998,0,66,19,and,and,CC,CC
1917,Peoples_Republic_of_Korea_1998,0,66,20,modern,modern,JJ,JJ
1918,Peoples_Republic_of_Korea_1998,0,66,21,houses,houses,NNS,NN
1919,Peoples_Republic_of_Korea_1998,0,66,22,in,in,IN,IN
1920,Peoples_Republic_of_Korea_1998,0,66,23,the,the,DT,DT
1921,Peoples_Republic_of_Korea_1998,0,66,24,countryside,countryside,NN,NN
1922,Peoples_Republic_of_Korea_1998,0,67,0,Article,article,NN,NN
1923,Peoples_Republic_of_Korea_1998,0,67,1,29,29,CD,CD
1924,Peoples_Republic_of_Korea_1998,0,67,2,Share,share,NNP,NN
1925,Peoples_Republic_of_Korea_1998,0,67,3,Socialism,socialism,NNP,NN
1926,Peoples_Republic_of_Korea_1998,0,67,4,and,and,CC,CC
1927,Peoples_Republic_of_Korea_1998,0,67,5,Communism,communism,NNP,NN
1928,Peoples_Republic_of_Korea_1998,0,67,6,are,are,VBP,VB
1929,Peoples_Republic_of_Korea_1998,0,67,7,built,built,VBN,VB
1930,Peoples_Republic_of_Korea_1998,0,67,8,by,by,IN,IN
1931,Peoples_Republic_of_Korea_1998,0,67,9,the,the,DT,DT
1932,Peoples_Republic_of_Korea_1998,0,67,10,creative,creative,JJ,JJ
1933,Peoples_Republic_of_Korea_1998,0,67,11,labor,labor,NN,NN
1934,Peoples_Republic_of_Korea_1998,0,67,12,of,of,IN,IN
1935,Peoples_Republic_of_Korea_1998,0,67,13,the,the,DT,DT
1936,Peoples_Republic_of_Korea_1998,0,67,14,working,working,JJ,JJ
1937,Peoples_Republic_of_Korea_1998,0,67,15,masses,masses,NNS,NN
1938,Peoples_Republic_of_Korea_1998,0,68,0,In,in,IN,IN
1939,Peoples_Republic_of_Korea_1998,0,68,1,the,the,DT,DT
1940,Peoples_Republic_of_Korea_1998,0,68,2,DPRK,dprk,NNP,NN
1941,Peoples_Republic_of_Korea_1998,0,68,4,labor,labor,NN,NN
1942,Peoples_Republic_of_Korea_1998,0,68,5,is,is,VBZ,VB
1943,Peoples_Republic_of_Korea_1998,0,68,6,an,an,DT,DT
1944,Peoples_Republic_of_Korea_1998,0,68,7,independent,independent,JJ,JJ
1945,Peoples_Republic_of_Korea_1998,0,68,8,and,and,CC,CC
1946,Peoples_Republic_of_Korea_1998,0,68,9,creative,creative,JJ,JJ
1947,Peoples_Republic_of_Korea_1998,0,68,10,work,work,NN,NN
1948,Peoples_Republic_of_Korea_1998,0,68,11,of,of,IN,IN
1949,Peoples_Republic_of_Korea_1998,0,68,12,the,the,DT,DT
1950,Peoples_Republic_of_Korea_1998,0,68,13,working,working,NN,NN
1951,Peoples_Republic_of_Korea_1998,0,68,14,masses,masses,NNS,NN
1952,Peoples_Republic_of_Korea_1998,0,68,16,who,who,WP,WP
1953,Peoples_Republic_of_Korea_1998,0,68,17,have,have,VBP,VB
1954,Peoples_Republic_of_Korea_1998,0,68,18,been,been,VBN,VB
1955,Peoples_Republic_of_Korea_1998,0,68,19,freed,freed,VBN,VB
1956,Peoples_Republic_of_Korea_1998,0,68,20,from,from,IN,IN
1957,Peoples_Republic_of_Korea_1998,0,68,21,exploitation,exploitation,NN,NN
1958,Peoples_Republic_of_Korea_1998,0,68,22,and,and,CC,CC
1959,Peoples_Republic_of_Korea_1998,0,68,23,suppression,suppression,NN,NN
1960,Peoples_Republic_of_Korea_1998,0,69,0,The,the,DT,DT
1961,Peoples_Republic_of_Korea_1998,0,69,1,State,state,NNP,NN
1962,Peoples_Republic_of_Korea_1998,0,69,2,renders,renders,NNS,NN
1963,Peoples_Republic_of_Korea_1998,0,69,3,the,the,DT,DT
1964,Peoples_Republic_of_Korea_1998,0,69,4,labor,labor,NN,NN
1965,Peoples_Republic_of_Korea_1998,0,69,5,of,of,IN,IN
1966,Peoples_Republic_of_Korea_1998,0,69,6,our,our,PRP$,PR
1967,Peoples_Republic_of_Korea_1998,0,69,7,working,working,VBG,VB
1968,Peoples_Republic_of_Korea_1998,0,69,8,people,people,NNS,NN
1969,Peoples_Republic_of_Korea_1998,0,69,10,who,who,WP,WP
1970,Peoples_Republic_of_Korea_1998,0,69,11,do,do,VBP,VB
1971,Peoples_Republic_of_Korea_1998,0,69,12,not,not,RB,RB
1972,Peoples_Republic_of_Korea_1998,0,69,13,worry,worry,VB,VB
1973,Peoples_Republic_of_Korea_1998,0,69,14,about,about,IN,IN
1974,Peoples_Republic_of_Korea_1998,0,69,15,unemployment,unemployment,NN,NN
1975,Peoples_Republic_of_Korea_1998,0,69,17,more,more,RBR,RB
1976,Peoples_Republic_of_Korea_1998,0,69,18,joyful,joyful,JJ,JJ
1977,Peoples_Republic_of_Korea_1998,0,69,19,and,and,CC,CC
1978,Peoples_Republic_of_Korea_1998,0,69,20,worthwhile,worthwhile,JJ,JJ
1979,Peoples_Republic_of_Korea_1998,0,69,22,so,so,IN,IN
1980,Peoples_Republic_of_Korea_1998,0,69,23,that,that,IN,IN
1981,Peoples_Republic_of_Korea_1998,0,69,24,they,they,PRP,PR
1982,Peoples_Republic_of_Korea_1998,0,69,25,willingly,willingly,VBP,VB
1983,Peoples_Republic_of_Korea_1998,0,69,26,work,work,NN,NN
1984,Peoples_Republic_of_Korea_1998,0,69,27,with,with,IN,IN
1985,Peoples_Republic_of_Korea_1998,0,69,28,enthusiasm,enthusiasm,NN,NN
1986,Peoples_Republic_of_Korea_1998,0,69,29,and,and,CC,CC
1987,Peoples_Republic_of_Korea_1998,0,69,30,creativeness,creativeness,NN,NN
1988,Peoples_Republic_of_Korea_1998,0,69,31,for,for,IN,IN
1989,Peoples_Republic_of_Korea_1998,0,69,32,society,society,NN,NN
1990,Peoples_Republic_of_Korea_1998,0,69,34,organizations,organizations,NNS,NN
1991,Peoples_Republic_of_Korea_1998,0,69,35,and,and,CC,CC
1992,Peoples_Republic_of_Korea_1998,0,69,36,for,for,IN,IN
1993,Peoples_Republic_of_Korea_1998,0,69,37,themselves,themselves,PRP,PR
1994,Peoples_Republic_of_Korea_1998,0,70,0,Article,article,NN,NN
1995,Peoples_Republic_of_Korea_1998,0,70,1,30,30,CD,CD
1996,Peoples_Republic_of_Korea_1998,0,70,2,Share,share,NNP,NN
1997,Peoples_Republic_of_Korea_1998,0,70,3,The,the,DT,DT
1998,Peoples_Republic_of_Korea_1998,0,70,4,daily,daily,JJ,JJ
1999,Peoples_Republic_of_Korea_1998,0,70,5,working,working,JJ,JJ
2000,Peoples_Republic_of_Korea_1998,0,70,6,hours,hours,NNS,NN
2001,Peoples_Republic_of_Korea_1998,0,70,7,of,of,IN,IN
2002,Peoples_Republic_of_Korea_1998,0,70,8,the,the,DT,DT
2003,Peoples_Republic_of_Korea_1998,0,70,9,working,working,NN,NN
2004,Peoples_Republic_of_Korea_1998,0,70,10,masses,masses,NNS,NN
2005,Peoples_Republic_of_Korea_1998,0,70,11,are,are,VBP,VB
2006,Peoples_Republic_of_Korea_1998,0,70,12,eight,eight,CD,CD
2007,Peoples_Republic_of_Korea_1998,0,70,13,hours,hours,NNS,NN
2008,Peoples_Republic_of_Korea_1998,0,71,0,The,the,DT,DT
2009,Peoples_Republic_of_Korea_1998,0,71,1,State,state,NNP,NN
2010,Peoples_Republic_of_Korea_1998,0,71,2,will,will,MD,MD
2011,Peoples_Republic_of_Korea_1998,0,71,3,decide,decide,VB,VB
2012,Peoples_Republic_of_Korea_1998,0,71,4,to,to,TO,TO
2013,Peoples_Republic_of_Korea_1998,0,71,5,shorten,shorten,VB,VB
2014,Peoples_Republic_of_Korea_1998,0,71,6,the,the,DT,DT
2015,Peoples_Republic_of_Korea_1998,0,71,7,daily,daily,JJ,JJ
2016,Peoples_Republic_of_Korea_1998,0,71,8,working,working,NN,NN
2017,Peoples_Republic_of_Korea_1998,0,71,9,hours,hours,NNS,NN
2018,Peoples_Republic_of_Korea_1998,0,71,10,depending,depending,VBG,VB
2019,Peoples_Republic_of_Korea_1998,0,71,11,on,on,IN,IN
2020,Peoples_Republic_of_Korea_1998,0,71,12,the,the,DT,DT
2021,Peoples_Republic_of_Korea_1998,0,71,13,hardness,hardness,NN,NN
2022,Peoples_Republic_of_Korea_1998,0,71,14,and,and,CC,CC
2023,Peoples_Republic_of_Korea_1998,0,71,15,special,special,JJ,JJ
2024,Peoples_Republic_of_Korea_1998,0,71,16,conditions,conditions,NNS,NN
2025,Peoples_Republic_of_Korea_1998,0,71,17,of,of,IN,IN
2026,Peoples_Republic_of_Korea_1998,0,71,18,labor,labor,NN,NN
2027,Peoples_Republic_of_Korea_1998,0,72,0,The,the,DT,DT
2028,Peoples_Republic_of_Korea_1998,0,72,1,State,state,NNP,NN
2029,Peoples_Republic_of_Korea_1998,0,72,2,shall,shall,MD,MD
2030,Peoples_Republic_of_Korea_1998,0,72,3,organize,organize,VB,VB
2031,Peoples_Republic_of_Korea_1998,0,72,4,labor,labor,NN,NN
2032,Peoples_Republic_of_Korea_1998,0,72,5,effectively,effectively,RB,RB
2033,Peoples_Republic_of_Korea_1998,0,72,7,strengthen,strengthen,JJ,JJ
2034,Peoples_Republic_of_Korea_1998,0,72,8,labor,labor,NN,NN
2035,Peoples_Republic_of_Korea_1998,0,72,9,rules,rules,NNS,NN
2036,Peoples_Republic_of_Korea_1998,0,72,10,and,and,CC,CC
2037,Peoples_Republic_of_Korea_1998,0,72,11,take,take,VB,VB
2038,Peoples_Republic_of_Korea_1998,0,72,12,fully,fully,RB,RB
2039,Peoples_Republic_of_Korea_1998,0,72,13,utilize,utilize,JJ,JJ
2040,Peoples_Republic_of_Korea_1998,0,72,14,labor,labor,NN,NN
2041,Peoples_Republic_of_Korea_1998,0,72,16,s,s,VBD,VB
2042,Peoples_Republic_of_Korea_1998,0,72,17,working,working,VBG,VB
2043,Peoples_Republic_of_Korea_1998,0,72,18,hours,hours,NNS,NN
2044,Peoples_Republic_of_Korea_1998,0,73,0,Article,article,NN,NN
2045,Peoples_Republic_of_Korea_1998,0,73,1,31,31,CD,CD
2046,Peoples_Republic_of_Korea_1998,0,73,2,Share,share,NN,NN
2047,Peoples_Republic_of_Korea_1998,0,73,3,In,in,IN,IN
2048,Peoples_Republic_of_Korea_1998,0,73,4,the,the,DT,DT
2049,Peoples_Republic_of_Korea_1998,0,73,5,DPRK,dprk,NNP,NN
2050,Peoples_Republic_of_Korea_1998,0,73,7,the,the,DT,DT
2051,Peoples_Republic_of_Korea_1998,0,73,8,minimum,minimum,JJ,JJ
2052,Peoples_Republic_of_Korea_1998,0,73,9,working,working,JJ,JJ
2053,Peoples_Republic_of_Korea_1998,0,73,10,age,age,NN,NN
2054,Peoples_Republic_of_Korea_1998,0,73,11,is,is,VBZ,VB
2055,Peoples_Republic_of_Korea_1998,0,73,12,16,16,CD,CD
2056,Peoples_Republic_of_Korea_1998,0,73,13,years,years,NNS,NN
2057,Peoples_Republic_of_Korea_1998,0,73,14,old,old,JJ,JJ
2058,Peoples_Republic_of_Korea_1998,0,74,0,The,the,DT,DT
2059,Peoples_Republic_of_Korea_1998,0,74,1,State,state,NNP,NN
2060,Peoples_Republic_of_Korea_1998,0,74,2,shall,shall,MD,MD
2061,Peoples_Republic_of_Korea_1998,0,74,3,prohibit,prohibit,VB,VB
2062,Peoples_Republic_of_Korea_1998,0,74,4,child,child,JJ,JJ
2063,Peoples_Republic_of_Korea_1998,0,74,5,labor,labor,NN,NN
2064,Peoples_Republic_of_Korea_1998,0,74,6,under,under,IN,IN
2065,Peoples_Republic_of_Korea_1998,0,74,7,the,the,DT,DT
2066,Peoples_Republic_of_Korea_1998,0,74,8,stipulated,stipulated,JJ,JJ
2067,Peoples_Republic_of_Korea_1998,0,74,9,working,working,JJ,JJ
2068,Peoples_Republic_of_Korea_1998,0,74,10,age,age,NN,NN
2069,Peoples_Republic_of_Korea_1998,0,75,0,Article,article,NN,NN
2070,Peoples_Republic_of_Korea_1998,0,75,1,32,32,CD,CD
2071,Peoples_Republic_of_Korea_1998,0,75,2,Share,share,NNP,NN
2072,Peoples_Republic_of_Korea_1998,0,75,3,The,the,DT,DT
2073,Peoples_Republic_of_Korea_1998,0,75,4,State,state,NNP,NN
2074,Peoples_Republic_of_Korea_1998,0,75,5,shall,shall,MD,MD
2075,Peoples_Republic_of_Korea_1998,0,75,6,firmly,firmly,RB,RB
2076,Peoples_Republic_of_Korea_1998,0,75,7,adhere,adhere,VB,VB
2077,Peoples_Republic_of_Korea_1998,0,75,8,to,to,TO,TO
2078,Peoples_Republic_of_Korea_1998,0,75,9,the,the,DT,DT
2079,Peoples_Republic_of_Korea_1998,0,75,10,principle,principle,NN,NN
2080,Peoples_Republic_of_Korea_1998,0,75,11,of,of,IN,IN
2081,Peoples_Republic_of_Korea_1998,0,75,12,properly,properly,JJ,JJ
2082,Peoples_Republic_of_Korea_1998,0,75,13,combining,combining,VBG,VB
2083,Peoples_Republic_of_Korea_1998,0,75,14,political,political,JJ,JJ
2084,Peoples_Republic_of_Korea_1998,0,75,15,guidance,guidance,NN,NN
2085,Peoples_Republic_of_Korea_1998,0,75,16,with,with,IN,IN
2086,Peoples_Republic_of_Korea_1998,0,75,17,economic,economic,JJ,JJ
2087,Peoples_Republic_of_Korea_1998,0,75,18,and,and,CC,CC
2088,Peoples_Republic_of_Korea_1998,0,75,19,technical,technical,JJ,JJ
2089,Peoples_Republic_of_Korea_1998,0,75,20,guidance,guidance,NN,NN
2090,Peoples_Republic_of_Korea_1998,0,75,22,the,the,DT,DT
2091,Peoples_Republic_of_Korea_1998,0,75,23,unified,unified,JJ,JJ
2092,Peoples_Republic_of_Korea_1998,0,75,24,guidance,guidance,NN,NN
2093,Peoples_Republic_of_Korea_1998,0,75,25,of,of,IN,IN
2094,Peoples_Republic_of_Korea_1998,0,75,26,the,the,DT,DT
2095,Peoples_Republic_of_Korea_1998,0,75,27,State,state,NNP,NN
2096,Peoples_Republic_of_Korea_1998,0,75,28,with,with,IN,IN
2097,Peoples_Republic_of_Korea_1998,0,75,29,the,the,DT,DT
2098,Peoples_Republic_of_Korea_1998,0,75,30,creativity,creativity,NN,NN
2099,Peoples_Republic_of_Korea_1998,0,75,31,of,of,IN,IN
2100,Peoples_Republic_of_Korea_1998,0,75,32,each,each,DT,DT
2101,Peoples_Republic_of_Korea_1998,0,75,33,unit,unit,NN,NN
2102,Peoples_Republic_of_Korea_1998,0,75,35,monolithic,monolithic,JJ,JJ
2103,Peoples_Republic_of_Korea_1998,0,75,36,leadership,leadership,NN,NN
2104,Peoples_Republic_of_Korea_1998,0,75,37,with,with,IN,IN
2105,Peoples_Republic_of_Korea_1998,0,75,38,democracy,democracy,NN,NN
2106,Peoples_Republic_of_Korea_1998,0,75,40,political,political,JJ,JJ
2107,Peoples_Republic_of_Korea_1998,0,75,41,and,and,CC,CC
2108,Peoples_Republic_of_Korea_1998,0,75,42,moral,moral,JJ,JJ
2109,Peoples_Republic_of_Korea_1998,0,75,43,incentives,incentives,NNS,NN
2110,Peoples_Republic_of_Korea_1998,0,75,44,with,with,IN,IN
2111,Peoples_Republic_of_Korea_1998,0,75,45,material,material,NN,NN
2112,Peoples_Republic_of_Korea_1998,0,75,46,incentives,incentives,NNS,NN
2113,Peoples_Republic_of_Korea_1998,0,75,47,in,in,IN,IN
2114,Peoples_Republic_of_Korea_1998,0,75,48,the,the,DT,DT
2115,Peoples_Republic_of_Korea_1998,0,75,49,guidance,guidance,NN,NN
2116,Peoples_Republic_of_Korea_1998,0,75,50,and,and,CC,CC
2117,Peoples_Republic_of_Korea_1998,0,75,51,management,management,NN,NN
2118,Peoples_Republic_of_Korea_1998,0,75,52,of,of,IN,IN
2119,Peoples_Republic_of_Korea_1998,0,75,53,the,the,DT,DT
2120,Peoples_Republic_of_Korea_1998,0,75,54,socialist,socialist,JJ,JJ
2121,Peoples_Republic_of_Korea_1998,0,75,55,economy,economy,NN,NN
2122,Peoples_Republic_of_Korea_1998,0,76,0,Article,article,NN,NN
2123,Peoples_Republic_of_Korea_1998,0,76,1,33,33,CD,CD
2124,Peoples_Republic_of_Korea_1998,0,76,2,Share,share,NNP,NN
2125,Peoples_Republic_of_Korea_1998,0,76,3,The,the,DT,DT
2126,Peoples_Republic_of_Korea_1998,0,76,4,State,state,NNP,NN
2127,Peoples_Republic_of_Korea_1998,0,76,5,shall,shall,MD,MD
2128,Peoples_Republic_of_Korea_1998,0,76,6,guide,guide,VB,VB
2129,Peoples_Republic_of_Korea_1998,0,76,7,and,and,CC,CC
2130,Peoples_Republic_of_Korea_1998,0,76,8,manage,manage,VB,VB
2131,Peoples_Republic_of_Korea_1998,0,76,9,the,the,DT,DT
2132,Peoples_Republic_of_Korea_1998,0,76,10,national,national,JJ,JJ
2133,Peoples_Republic_of_Korea_1998,0,76,11,economy,economy,NN,NN
2134,Peoples_Republic_of_Korea_1998,0,76,12,according,according,VBG,VB
2135,Peoples_Republic_of_Korea_1998,0,76,13,to,to,TO,TO
2136,Peoples_Republic_of_Korea_1998,0,76,14,the,the,DT,DT
2137,Peoples_Republic_of_Korea_1998,0,76,15,Taean,taean,NNP,NN
2138,Peoples_Republic_of_Korea_1998,0,76,16,Work,work,NNP,NN
2139,Peoples_Republic_of_Korea_1998,0,76,17,System,system,NNP,NN
2140,Peoples_Republic_of_Korea_1998,0,76,19,which,which,WDT,WD
2141,Peoples_Republic_of_Korea_1998,0,76,20,is,is,VBZ,VB
2142,Peoples_Republic_of_Korea_1998,0,76,21,a,a,DT,DT
2143,Peoples_Republic_of_Korea_1998,0,76,22,socialist,socialist,JJ,JJ
2144,Peoples_Republic_of_Korea_1998,0,76,23,economic,economic,JJ,JJ
2145,Peoples_Republic_of_Korea_1998,0,76,24,management,management,NN,NN
2146,Peoples_Republic_of_Korea_1998,0,76,25,form,form,NN,NN
2147,Peoples_Republic_of_Korea_1998,0,76,26,whereby,whereby,VBZ,VB
2148,Peoples_Republic_of_Korea_1998,0,76,27,the,the,DT,DT
2149,Peoples_Republic_of_Korea_1998,0,76,28,economy,economy,NN,NN
2150,Peoples_Republic_of_Korea_1998,0,76,29,is,is,VBZ,VB
2151,Peoples_Republic_of_Korea_1998,0,76,30,operated,operated,VBN,VB
2152,Peoples_Republic_of_Korea_1998,0,76,31,and,and,CC,CC
2153,Peoples_Republic_of_Korea_1998,0,76,32,managed,managed,VBN,VB
2154,Peoples_Republic_of_Korea_1998,0,76,33,in,in,IN,IN
2155,Peoples_Republic_of_Korea_1998,0,76,34,a,a,DT,DT
2156,Peoples_Republic_of_Korea_1998,0,76,35,scientific,scientific,JJ,JJ
2157,Peoples_Republic_of_Korea_1998,0,76,36,and,and,CC,CC
2158,Peoples_Republic_of_Korea_1998,0,76,37,rational,rational,JJ,JJ
2159,Peoples_Republic_of_Korea_1998,0,76,38,way,way,NN,NN
2160,Peoples_Republic_of_Korea_1998,0,76,39,depending,depending,VBG,VB
2161,Peoples_Republic_of_Korea_1998,0,76,40,on,on,IN,IN
2162,Peoples_Republic_of_Korea_1998,0,76,41,the,the,DT,DT
2163,Peoples_Republic_of_Korea_1998,0,76,42,collective,collective,JJ,JJ
2164,Peoples_Republic_of_Korea_1998,0,76,43,power,power,NN,NN
2165,Peoples_Republic_of_Korea_1998,0,76,44,of,of,IN,IN
2166,Peoples_Republic_of_Korea_1998,0,76,45,the,the,DT,DT
2167,Peoples_Republic_of_Korea_1998,0,76,46,producing,producing,VBG,VB
2168,Peoples_Republic_of_Korea_1998,0,76,47,masses,masses,NNS,NN
2169,Peoples_Republic_of_Korea_1998,0,76,49,and,and,CC,CC
2170,Peoples_Republic_of_Korea_1998,0,76,50,according,according,VBG,VB
2171,Peoples_Republic_of_Korea_1998,0,76,51,to,to,TO,TO
2172,Peoples_Republic_of_Korea_1998,0,76,52,the,the,DT,DT
2173,Peoples_Republic_of_Korea_1998,0,76,53,agricultural,agricultural,JJ,JJ
2174,Peoples_Republic_of_Korea_1998,0,76,54,guidance,guidance,NN,NN
2175,Peoples_Republic_of_Korea_1998,0,76,55,system,system,NN,NN
2176,Peoples_Republic_of_Korea_1998,0,76,56,whereby,whereby,WRB,WR
2177,Peoples_Republic_of_Korea_1998,0,76,57,agricultural,agricultural,JJ,JJ
2178,Peoples_Republic_of_Korea_1998,0,76,58,management,management,NN,NN
2179,Peoples_Republic_of_Korea_1998,0,76,59,is,is,VBZ,VB
2180,Peoples_Republic_of_Korea_1998,0,76,60,conducted,conducted,VBN,VB
2181,Peoples_Republic_of_Korea_1998,0,76,61,by,by,IN,IN
2182,Peoples_Republic_of_Korea_1998,0,76,62,industrial,industrial,JJ,JJ
2183,Peoples_Republic_of_Korea_1998,0,76,63,methods,methods,NNS,NN
2184,Peoples_Republic_of_Korea_1998,0,77,0,The,the,DT,DT
2185,Peoples_Republic_of_Korea_1998,0,77,1,State,state,NNP,NN
2186,Peoples_Republic_of_Korea_1998,0,77,2,shall,shall,MD,MD
2187,Peoples_Republic_of_Korea_1998,0,77,3,introduce,introduce,VB,VB
2188,Peoples_Republic_of_Korea_1998,0,77,4,a,a,DT,DT
2189,Peoples_Republic_of_Korea_1998,0,77,5,cost,cost,NN,NN
2190,Peoples_Republic_of_Korea_1998,0,77,6,accounting,accounting,NN,NN
2191,Peoples_Republic_of_Korea_1998,0,77,7,system,system,NN,NN
2192,Peoples_Republic_of_Korea_1998,0,77,8,in,in,IN,IN
2193,Peoples_Republic_of_Korea_1998,0,77,9,the,the,DT,DT
2194,Peoples_Republic_of_Korea_1998,0,77,10,economic,economic,JJ,JJ
2195,Peoples_Republic_of_Korea_1998,0,77,11,management,management,NN,NN
2196,Peoples_Republic_of_Korea_1998,0,77,12,according,according,VBG,VB
2197,Peoples_Republic_of_Korea_1998,0,77,13,to,to,TO,TO
2198,Peoples_Republic_of_Korea_1998,0,77,14,the,the,DT,DT
2199,Peoples_Republic_of_Korea_1998,0,77,15,demand,demand,NN,NN
2200,Peoples_Republic_of_Korea_1998,0,77,16,of,of,IN,IN
2201,Peoples_Republic_of_Korea_1998,0,77,17,the,the,DT,DT
2202,Peoples_Republic_of_Korea_1998,0,77,18,Taean,taean,NNP,NN
2203,Peoples_Republic_of_Korea_1998,0,77,19,work,work,NN,NN
2204,Peoples_Republic_of_Korea_1998,0,77,20,system,system,NN,NN
2205,Peoples_Republic_of_Korea_1998,0,77,22,and,and,CC,CC
2206,Peoples_Republic_of_Korea_1998,0,77,23,utilize,utilize,VB,VB
2207,Peoples_Republic_of_Korea_1998,0,77,24,such,such,JJ,JJ
2208,Peoples_Republic_of_Korea_1998,0,77,25,economic,economic,JJ,JJ
2209,Peoples_Republic_of_Korea_1998,0,77,26,levers,levers,NNS,NN
2210,Peoples_Republic_of_Korea_1998,0,77,27,as,as,IN,IN
2211,Peoples_Republic_of_Korea_1998,0,77,28,prime,prime,JJ,JJ
2212,Peoples_Republic_of_Korea_1998,0,77,29,costs,costs,NNS,NN
2213,Peoples_Republic_of_Korea_1998,0,77,31,prices,prices,NNS,NN
2214,Peoples_Republic_of_Korea_1998,0,77,32,and,and,CC,CC
2215,Peoples_Republic_of_Korea_1998,0,77,33,profits,profits,NNS,NN
2216,Peoples_Republic_of_Korea_1998,0,78,0,Article,article,NN,NN
2217,Peoples_Republic_of_Korea_1998,0,78,1,34,34,CD,CD
2218,Peoples_Republic_of_Korea_1998,0,78,2,Share,share,NNP,NN
2219,Peoples_Republic_of_Korea_1998,0,78,3,The,the,DT,DT
2220,Peoples_Republic_of_Korea_1998,0,78,4,national,national,JJ,JJ
2221,Peoples_Republic_of_Korea_1998,0,78,5,economy,economy,NN,NN
2222,Peoples_Republic_of_Korea_1998,0,78,6,of,of,IN,IN
2223,Peoples_Republic_of_Korea_1998,0,78,7,the,the,DT,DT
2224,Peoples_Republic_of_Korea_1998,0,78,8,DPRK,dprk,NNP,NN
2225,Peoples_Republic_of_Korea_1998,0,78,9,is,is,VBZ,VB
2226,Peoples_Republic_of_Korea_1998,0,78,10,a,a,DT,DT
2227,Peoples_Republic_of_Korea_1998,0,78,11,planned,planned,JJ,JJ
2228,Peoples_Republic_of_Korea_1998,0,78,12,economy,economy,NN,NN
2229,Peoples_Republic_of_Korea_1998,0,79,0,The,the,DT,DT
2230,Peoples_Republic_of_Korea_1998,0,79,1,State,state,NNP,NN
2231,Peoples_Republic_of_Korea_1998,0,79,2,shall,shall,MD,MD
2232,Peoples_Republic_of_Korea_1998,0,79,3,balance,balance,VB,VB
2233,Peoples_Republic_of_Korea_1998,0,79,4,a,a,DT,DT
2234,Peoples_Republic_of_Korea_1998,0,79,5,proportion,proportion,NN,NN
2235,Peoples_Republic_of_Korea_1998,0,79,6,between,between,IN,IN
2236,Peoples_Republic_of_Korea_1998,0,79,7,accumulation,accumulation,NN,NN
2237,Peoples_Republic_of_Korea_1998,0,79,8,and,and,CC,CC
2238,Peoples_Republic_of_Korea_1998,0,79,9,consumption,consumption,NN,NN
2239,Peoples_Republic_of_Korea_1998,0,79,10,properly,properly,RB,RB
2240,Peoples_Republic_of_Korea_1998,0,79,12,accelerate,accelerate,VB,VB
2241,Peoples_Republic_of_Korea_1998,0,79,13,the,the,DT,DT
2242,Peoples_Republic_of_Korea_1998,0,79,14,economic,economic,JJ,JJ
2243,Peoples_Republic_of_Korea_1998,0,79,15,construction,construction,NN,NN
2244,Peoples_Republic_of_Korea_1998,0,79,17,continue,continue,VBP,VB
2245,Peoples_Republic_of_Korea_1998,0,79,18,to,to,TO,TO
2246,Peoples_Republic_of_Korea_1998,0,79,19,raise,raise,VB,VB
2247,Peoples_Republic_of_Korea_1998,0,79,20,people,people,NNS,NN
2248,Peoples_Republic_of_Korea_1998,0,79,22,s,s,VBP,VB
2249,Peoples_Republic_of_Korea_1998,0,79,23,living,living,VBG,VB
2250,Peoples_Republic_of_Korea_1998,0,79,24,standard,standard,NN,NN
2251,Peoples_Republic_of_Korea_1998,0,79,25,and,and,CC,CC
2252,Peoples_Republic_of_Korea_1998,0,79,26,formulate,formulate,NN,NN
2253,Peoples_Republic_of_Korea_1998,0,79,27,and,and,CC,CC
2254,Peoples_Republic_of_Korea_1998,0,79,28,implement,implement,JJ,JJ
2255,Peoples_Republic_of_Korea_1998,0,79,29,national,national,JJ,JJ
2256,Peoples_Republic_of_Korea_1998,0,79,30,economic,economic,JJ,JJ
2257,Peoples_Republic_of_Korea_1998,0,79,31,development,development,NN,NN
2258,Peoples_Republic_of_Korea_1998,0,79,32,plans,plans,NNS,NN
2259,Peoples_Republic_of_Korea_1998,0,79,33,in,in,IN,IN
2260,Peoples_Republic_of_Korea_1998,0,79,34,order,order,NN,NN
2261,Peoples_Republic_of_Korea_1998,0,79,35,to,to,TO,TO
2262,Peoples_Republic_of_Korea_1998,0,79,36,strengthen,strengthen,VB,VB
2263,Peoples_Republic_of_Korea_1998,0,79,37,the,the,DT,DT
2264,Peoples_Republic_of_Korea_1998,0,79,38,national,national,JJ,JJ
2265,Peoples_Republic_of_Korea_1998,0,79,39,defense,defense,NN,NN
2266,Peoples_Republic_of_Korea_1998,0,79,40,capability,capability,NN,NN
2267,Peoples_Republic_of_Korea_1998,0,80,0,The,the,DT,DT
2268,Peoples_Republic_of_Korea_1998,0,80,1,State,state,NNP,NN
2269,Peoples_Republic_of_Korea_1998,0,80,2,shall,shall,MD,MD
2270,Peoples_Republic_of_Korea_1998,0,80,3,formulate,formulate,VB,VB
2271,Peoples_Republic_of_Korea_1998,0,80,4,unified,unified,JJ,JJ
2272,Peoples_Republic_of_Korea_1998,0,80,5,and,and,CC,CC
2273,Peoples_Republic_of_Korea_1998,0,80,6,detailed,detailed,JJ,JJ
2274,Peoples_Republic_of_Korea_1998,0,80,7,plans,plans,NNS,NN
2275,Peoples_Republic_of_Korea_1998,0,80,8,and,and,CC,CC
2276,Peoples_Republic_of_Korea_1998,0,80,9,guarantee,guarantee,NN,NN
2277,Peoples_Republic_of_Korea_1998,0,80,10,a,a,DT,DT
2278,Peoples_Republic_of_Korea_1998,0,80,11,high,high,JJ,JJ
2279,Peoples_Republic_of_Korea_1998,0,80,12,rate,rate,NN,NN
2280,Peoples_Republic_of_Korea_1998,0,80,13,production,production,NN,NN
2281,Peoples_Republic_of_Korea_1998,0,80,14,growth,growth,NN,NN
2282,Peoples_Republic_of_Korea_1998,0,80,15,and,and,CC,CC
2283,Peoples_Republic_of_Korea_1998,0,80,16,a,a,DT,DT
2284,Peoples_Republic_of_Korea_1998,0,80,17,balanced,balanced,JJ,JJ
2285,Peoples_Republic_of_Korea_1998,0,80,18,development,development,NN,NN
2286,Peoples_Republic_of_Korea_1998,0,80,19,of,of,IN,IN
2287,Peoples_Republic_of_Korea_1998,0,80,20,the,the,DT,DT
2288,Peoples_Republic_of_Korea_1998,0,80,21,national,national,JJ,JJ
2289,Peoples_Republic_of_Korea_1998,0,80,22,economy,economy,NN,NN
2290,Peoples_Republic_of_Korea_1998,0,81,0,Article,article,NN,NN
2291,Peoples_Republic_of_Korea_1998,0,81,1,35,35,CD,CD
2292,Peoples_Republic_of_Korea_1998,0,81,2,Share,share,NNP,NN
2293,Peoples_Republic_of_Korea_1998,0,81,3,The,the,DT,DT
2294,Peoples_Republic_of_Korea_1998,0,81,4,DPRK,dprk,NNP,NN
2295,Peoples_Republic_of_Korea_1998,0,81,5,shall,shall,MD,MD
2296,Peoples_Republic_of_Korea_1998,0,81,6,compile,compile,VB,VB
2297,Peoples_Republic_of_Korea_1998,0,81,7,and,and,CC,CC
2298,Peoples_Republic_of_Korea_1998,0,81,8,implement,implement,VB,VB
2299,Peoples_Republic_of_Korea_1998,0,81,9,the,the,DT,DT
2300,Peoples_Republic_of_Korea_1998,0,81,10,State,state,NNP,NN
2301,Peoples_Republic_of_Korea_1998,0,81,11,budget,budget,NN,NN
2302,Peoples_Republic_of_Korea_1998,0,81,12,along,along,IN,IN
2303,Peoples_Republic_of_Korea_1998,0,81,13,with,with,IN,IN
2304,Peoples_Republic_of_Korea_1998,0,81,14,the,the,DT,DT
2305,Peoples_Republic_of_Korea_1998,0,81,15,national,national,JJ,JJ
2306,Peoples_Republic_of_Korea_1998,0,81,16,economic,economic,JJ,JJ
2307,Peoples_Republic_of_Korea_1998,0,81,17,development,development,NN,NN
2308,Peoples_Republic_of_Korea_1998,0,81,18,plan,plan,NN,NN
2309,Peoples_Republic_of_Korea_1998,0,82,0,The,the,DT,DT
2310,Peoples_Republic_of_Korea_1998,0,82,1,State,state,NNP,NN
2311,Peoples_Republic_of_Korea_1998,0,82,2,will,will,MD,MD
2312,Peoples_Republic_of_Korea_1998,0,82,3,intensify,intensify,VB,VB
2313,Peoples_Republic_of_Korea_1998,0,82,4,campaigns,campaigns,NNS,NN
2314,Peoples_Republic_of_Korea_1998,0,82,5,for,for,IN,IN
2315,Peoples_Republic_of_Korea_1998,0,82,6,increased,increased,VBN,VB
2316,Peoples_Republic_of_Korea_1998,0,82,7,production,production,NN,NN
2317,Peoples_Republic_of_Korea_1998,0,82,8,and,and,CC,CC
2318,Peoples_Republic_of_Korea_1998,0,82,9,expanded,expanded,JJ,JJ
2319,Peoples_Republic_of_Korea_1998,0,82,10,economy,economy,NN,NN
2320,Peoples_Republic_of_Korea_1998,0,82,12,carry,carry,VBP,VB
2321,Peoples_Republic_of_Korea_1998,0,82,13,out,out,RP,RP
2322,Peoples_Republic_of_Korea_1998,0,82,14,financial,financial,JJ,JJ
2323,Peoples_Republic_of_Korea_1998,0,82,15,regulations,regulations,NNS,NN
2324,Peoples_Republic_of_Korea_1998,0,82,16,strictly,strictly,RB,RB
2325,Peoples_Republic_of_Korea_1998,0,82,18,increase,increase,VB,VB
2326,Peoples_Republic_of_Korea_1998,0,82,19,the,the,DT,DT
2327,Peoples_Republic_of_Korea_1998,0,82,20,State,state,NNP,NN
2328,Peoples_Republic_of_Korea_1998,0,82,22,s,s,NN,NN
2329,Peoples_Republic_of_Korea_1998,0,82,23,savings,savings,NNS,NN
2330,Peoples_Republic_of_Korea_1998,0,82,25,and,and,CC,CC
2331,Peoples_Republic_of_Korea_1998,0,82,26,expand,expand,NN,NN
2332,Peoples_Republic_of_Korea_1998,0,82,27,and,and,CC,CC
2333,Peoples_Republic_of_Korea_1998,0,82,28,develop,develop,VB,VB
2334,Peoples_Republic_of_Korea_1998,0,82,29,the,the,DT,DT
2335,Peoples_Republic_of_Korea_1998,0,82,30,socialist,socialist,JJ,JJ
2336,Peoples_Republic_of_Korea_1998,0,82,31,property,property,NN,NN
2337,Peoples_Republic_of_Korea_1998,0,83,0,Article,article,NN,NN
2338,Peoples_Republic_of_Korea_1998,0,83,1,36,36,CD,CD
2339,Peoples_Republic_of_Korea_1998,0,83,2,Share,share,NN,NN
2340,Peoples_Republic_of_Korea_1998,0,83,3,In,in,IN,IN
2341,Peoples_Republic_of_Korea_1998,0,83,4,the,the,DT,DT
2342,Peoples_Republic_of_Korea_1998,0,83,5,DPRK,dprk,NNP,NN
2343,Peoples_Republic_of_Korea_1998,0,83,7,the,the,DT,DT
2344,Peoples_Republic_of_Korea_1998,0,83,8,State,state,NNP,NN
2345,Peoples_Republic_of_Korea_1998,0,83,9,and,and,CC,CC
2346,Peoples_Republic_of_Korea_1998,0,83,10,social,social,JJ,JJ
2347,Peoples_Republic_of_Korea_1998,0,83,11,cooperative,cooperative,JJ,JJ
2348,Peoples_Republic_of_Korea_1998,0,83,12,organizations,organizations,NNS,NN
2349,Peoples_Republic_of_Korea_1998,0,83,13,shall,shall,MD,MD
2350,Peoples_Republic_of_Korea_1998,0,83,14,conduct,conduct,VB,VB
2351,Peoples_Republic_of_Korea_1998,0,83,15,foreign,foreign,JJ,JJ
2352,Peoples_Republic_of_Korea_1998,0,83,16,trade,trade,NN,NN
2353,Peoples_Republic_of_Korea_1998,0,83,17,activities,activities,NNS,NN
2354,Peoples_Republic_of_Korea_1998,0,84,0,The,the,DT,DT
2355,Peoples_Republic_of_Korea_1998,0,84,1,State,state,NNP,NN
2356,Peoples_Republic_of_Korea_1998,0,84,2,shall,shall,MD,MD
2357,Peoples_Republic_of_Korea_1998,0,84,3,develop,develop,VB,VB
2358,Peoples_Republic_of_Korea_1998,0,84,4,foreign,foreign,JJ,JJ
2359,Peoples_Republic_of_Korea_1998,0,84,5,trade,trade,NN,NN
2360,Peoples_Republic_of_Korea_1998,0,84,6,on,on,IN,IN
2361,Peoples_Republic_of_Korea_1998,0,84,7,the,the,DT,DT
2362,Peoples_Republic_of_Korea_1998,0,84,8,principles,principles,NNS,NN
2363,Peoples_Republic_of_Korea_1998,0,84,9,of,of,IN,IN
2364,Peoples_Republic_of_Korea_1998,0,84,10,complete,complete,JJ,JJ
2365,Peoples_Republic_of_Korea_1998,0,84,11,equality,equality,NN,NN
2366,Peoples_Republic_of_Korea_1998,0,84,12,and,and,CC,CC
2367,Peoples_Republic_of_Korea_1998,0,84,13,mutual,mutual,JJ,JJ
2368,Peoples_Republic_of_Korea_1998,0,84,14,benefit,benefit,NN,NN
2369,Peoples_Republic_of_Korea_1998,0,85,0,Article,article,NN,NN
2370,Peoples_Republic_of_Korea_1998,0,85,1,37,37,CD,CD
2371,Peoples_Republic_of_Korea_1998,0,85,2,Share,share,NNP,NN
2372,Peoples_Republic_of_Korea_1998,0,85,3,The,the,DT,DT
2373,Peoples_Republic_of_Korea_1998,0,85,4,State,state,NNP,NN
2374,Peoples_Republic_of_Korea_1998,0,85,5,shall,shall,MD,MD
2375,Peoples_Republic_of_Korea_1998,0,85,6,encourage,encourage,VB,VB
2376,Peoples_Republic_of_Korea_1998,0,85,7,institutions,institutions,NNS,NN
2377,Peoples_Republic_of_Korea_1998,0,85,9,enterprises,enterprises,NNS,NN
2378,Peoples_Republic_of_Korea_1998,0,85,10,or,or,CC,CC
2379,Peoples_Republic_of_Korea_1998,0,85,11,associations,associations,NNS,NN
2380,Peoples_Republic_of_Korea_1998,0,85,12,of,of,IN,IN
2381,Peoples_Republic_of_Korea_1998,0,85,13,the,the,DT,DT
2382,Peoples_Republic_of_Korea_1998,0,85,14,DPRK,dprk,NNP,NN
2383,Peoples_Republic_of_Korea_1998,0,85,15,to,to,TO,TO
2384,Peoples_Republic_of_Korea_1998,0,85,16,establish,establish,VB,VB
2385,Peoples_Republic_of_Korea_1998,0,85,17,and,and,CC,CC
2386,Peoples_Republic_of_Korea_1998,0,85,18,operate,operate,VB,VB
2387,Peoples_Republic_of_Korea_1998,0,85,19,equity,equity,NN,NN
2388,Peoples_Republic_of_Korea_1998,0,85,20,and,and,CC,CC
2389,Peoples_Republic_of_Korea_1998,0,85,21,contractual,contractual,JJ,JJ
2390,Peoples_Republic_of_Korea_1998,0,85,22,joint,joint,JJ,JJ
2391,Peoples_Republic_of_Korea_1998,0,85,23,venture,venture,NN,NN
2392,Peoples_Republic_of_Korea_1998,0,85,24,enterprises,enterprises,VBZ,VB
2393,Peoples_Republic_of_Korea_1998,0,85,25,with,with,IN,IN
2394,Peoples_Republic_of_Korea_1998,0,85,26,corporations,corporations,NNS,NN
2395,Peoples_Republic_of_Korea_1998,0,85,27,or,or,CC,CC
2396,Peoples_Republic_of_Korea_1998,0,85,28,individuals,individuals,NNS,NN
2397,Peoples_Republic_of_Korea_1998,0,85,29,of,of,IN,IN
2398,Peoples_Republic_of_Korea_1998,0,85,30,foreign,foreign,JJ,JJ
2399,Peoples_Republic_of_Korea_1998,0,85,31,countries,countries,NNS,NN
2400,Peoples_Republic_of_Korea_1998,0,85,32,within,within,IN,IN
2401,Peoples_Republic_of_Korea_1998,0,85,33,a,a,DT,DT
2402,Peoples_Republic_of_Korea_1998,0,85,34,special,special,JJ,JJ
2403,Peoples_Republic_of_Korea_1998,0,85,35,economic,economic,JJ,JJ
2404,Peoples_Republic_of_Korea_1998,0,85,36,zone,zone,NN,NN
2405,Peoples_Republic_of_Korea_1998,0,86,0,Article,article,NN,NN
2406,Peoples_Republic_of_Korea_1998,0,86,1,38,38,CD,CD
2407,Peoples_Republic_of_Korea_1998,0,86,2,Share,share,NNP,NN
2408,Peoples_Republic_of_Korea_1998,0,86,3,The,the,DT,DT
2409,Peoples_Republic_of_Korea_1998,0,86,4,State,state,NNP,NN
2410,Peoples_Republic_of_Korea_1998,0,86,5,shall,shall,MD,MD
2411,Peoples_Republic_of_Korea_1998,0,86,6,pursue,pursue,VB,VB
2412,Peoples_Republic_of_Korea_1998,0,86,7,a,a,DT,DT
2413,Peoples_Republic_of_Korea_1998,0,86,8,tariff,tariff,NN,NN
2414,Peoples_Republic_of_Korea_1998,0,86,9,policy,policy,NN,NN
2415,Peoples_Republic_of_Korea_1998,0,86,10,with,with,IN,IN
2416,Peoples_Republic_of_Korea_1998,0,86,11,the,the,DT,DT
2417,Peoples_Republic_of_Korea_1998,0,86,12,aim,aim,NN,NN
2418,Peoples_Republic_of_Korea_1998,0,86,13,of,of,IN,IN
2419,Peoples_Republic_of_Korea_1998,0,86,14,protecting,protecting,VBG,VB
2420,Peoples_Republic_of_Korea_1998,0,86,15,the,the,DT,DT
2421,Peoples_Republic_of_Korea_1998,0,86,16,independent,independent,JJ,JJ
2422,Peoples_Republic_of_Korea_1998,0,86,17,national,national,JJ,JJ
2423,Peoples_Republic_of_Korea_1998,0,86,18,economy,economy,NN,NN
2424,Peoples_Republic_of_Korea_1998,0,87,0,Chapter,chapter,NN,NN
2425,Peoples_Republic_of_Korea_1998,0,87,1,3,3,CD,CD
2426,Peoples_Republic_of_Korea_1998,0,88,0,Culture,culture,NN,NN
2427,Peoples_Republic_of_Korea_1998,0,88,1,Share,share,NNP,NN
2428,Peoples_Republic_of_Korea_1998,0,88,2,Article,article,NNP,NN
2429,Peoples_Republic_of_Korea_1998,0,88,3,39,39,CD,CD
2430,Peoples_Republic_of_Korea_1998,0,88,4,Share,share,NNP,NN
2431,Peoples_Republic_of_Korea_1998,0,88,5,Socialist,socialist,JJ,JJ
2432,Peoples_Republic_of_Korea_1998,0,88,6,culture,culture,NN,NN
2433,Peoples_Republic_of_Korea_1998,0,88,8,which,which,WDT,WD
2434,Peoples_Republic_of_Korea_1998,0,88,9,is,is,VBZ,VB
2435,Peoples_Republic_of_Korea_1998,0,88,10,flourishing,flourishing,VBG,VB
2436,Peoples_Republic_of_Korea_1998,0,88,11,and,and,CC,CC
2437,Peoples_Republic_of_Korea_1998,0,88,12,developing,developing,VBG,VB
2438,Peoples_Republic_of_Korea_1998,0,88,13,in,in,IN,IN
2439,Peoples_Republic_of_Korea_1998,0,88,14,the,the,DT,DT
2440,Peoples_Republic_of_Korea_1998,0,88,15,DPRK,dprk,NNP,NN
2441,Peoples_Republic_of_Korea_1998,0,88,17,contributes,contributes,VBZ,VB
2442,Peoples_Republic_of_Korea_1998,0,88,18,to,to,TO,TO
2443,Peoples_Republic_of_Korea_1998,0,88,19,the,the,DT,DT
2444,Peoples_Republic_of_Korea_1998,0,88,20,improvement,improvement,NN,NN
2445,Peoples_Republic_of_Korea_1998,0,88,21,of,of,IN,IN
2446,Peoples_Republic_of_Korea_1998,0,88,22,the,the,DT,DT
2447,Peoples_Republic_of_Korea_1998,0,88,23,creative,creative,JJ,JJ
2448,Peoples_Republic_of_Korea_1998,0,88,24,ability,ability,NN,NN
2449,Peoples_Republic_of_Korea_1998,0,88,25,of,of,IN,IN
2450,Peoples_Republic_of_Korea_1998,0,88,26,the,the,DT,DT
2451,Peoples_Republic_of_Korea_1998,0,88,27,working,working,VBG,VB
2452,Peoples_Republic_of_Korea_1998,0,88,28,people,people,NNS,NN
2453,Peoples_Republic_of_Korea_1998,0,88,29,and,and,CC,CC
2454,Peoples_Republic_of_Korea_1998,0,88,30,to,to,TO,TO
2455,Peoples_Republic_of_Korea_1998,0,88,31,meeting,meeting,VBG,VB
2456,Peoples_Republic_of_Korea_1998,0,88,32,their,their,PRP$,PR
2457,Peoples_Republic_of_Korea_1998,0,88,33,sound,sound,NN,NN
2458,Peoples_Republic_of_Korea_1998,0,88,34,cultural,cultural,JJ,JJ
2459,Peoples_Republic_of_Korea_1998,0,88,35,and,and,CC,CC
2460,Peoples_Republic_of_Korea_1998,0,88,36,aesthetic,aesthetic,JJ,JJ
2461,Peoples_Republic_of_Korea_1998,0,88,37,demands,demands,NNS,NN
2462,Peoples_Republic_of_Korea_1998,0,89,0,Article,article,NN,NN
2463,Peoples_Republic_of_Korea_1998,0,89,1,40,40,CD,CD
2464,Peoples_Republic_of_Korea_1998,0,89,2,Share,share,NNP,NN
2465,Peoples_Republic_of_Korea_1998,0,89,3,The,the,DT,DT
2466,Peoples_Republic_of_Korea_1998,0,89,4,DPRK,dprk,NNP,NN
2467,Peoples_Republic_of_Korea_1998,0,89,5,shall,shall,MD,MD
2468,Peoples_Republic_of_Korea_1998,0,89,7,by,by,IN,IN
2469,Peoples_Republic_of_Korea_1998,0,89,8,carrying,carrying,VBG,VB
2470,Peoples_Republic_of_Korea_1998,0,89,9,out,out,RP,RP
2471,Peoples_Republic_of_Korea_1998,0,89,10,a,a,DT,DT
2472,Peoples_Republic_of_Korea_1998,0,89,11,thorough,thorough,JJ,JJ
2473,Peoples_Republic_of_Korea_1998,0,89,12,cultural,cultural,JJ,JJ
2474,Peoples_Republic_of_Korea_1998,0,89,13,revolution,revolution,NN,NN
2475,Peoples_Republic_of_Korea_1998,0,89,15,train,train,VBP,VB
2476,Peoples_Republic_of_Korea_1998,0,89,16,the,the,DT,DT
2477,Peoples_Republic_of_Korea_1998,0,89,17,working,working,VBG,VB
2478,Peoples_Republic_of_Korea_1998,0,89,18,people,people,NNS,NN
2479,Peoples_Republic_of_Korea_1998,0,89,19,to,to,TO,TO
2480,Peoples_Republic_of_Korea_1998,0,89,20,be,be,VB,VB
2481,Peoples_Republic_of_Korea_1998,0,89,21,builders,builders,NNS,NN
2482,Peoples_Republic_of_Korea_1998,0,89,22,of,of,IN,IN
2483,Peoples_Republic_of_Korea_1998,0,89,23,socialism,socialism,NN,NN
2484,Peoples_Republic_of_Korea_1998,0,89,24,and,and,CC,CC
2485,Peoples_Republic_of_Korea_1998,0,89,25,communism,communism,NN,NN
2486,Peoples_Republic_of_Korea_1998,0,89,26,equipped,equipped,VBN,VB
2487,Peoples_Republic_of_Korea_1998,0,89,27,with,with,IN,IN
2488,Peoples_Republic_of_Korea_1998,0,89,28,a,a,DT,DT
2489,Peoples_Republic_of_Korea_1998,0,89,29,profound,profound,NN,NN
2490,Peoples_Republic_of_Korea_1998,0,89,30,knowledge,knowledge,NN,NN
2491,Peoples_Republic_of_Korea_1998,0,89,31,of,of,IN,IN
2492,Peoples_Republic_of_Korea_1998,0,89,32,nature,nature,NN,NN
2493,Peoples_Republic_of_Korea_1998,0,89,33,and,and,CC,CC
2494,Peoples_Republic_of_Korea_1998,0,89,34,society,society,NN,NN
2495,Peoples_Republic_of_Korea_1998,0,89,35,and,and,CC,CC
2496,Peoples_Republic_of_Korea_1998,0,89,36,a,a,DT,DT
2497,Peoples_Republic_of_Korea_1998,0,89,37,high,high,JJ,JJ
2498,Peoples_Republic_of_Korea_1998,0,89,38,level,level,NN,NN
2499,Peoples_Republic_of_Korea_1998,0,89,39,of,of,IN,IN
2500,Peoples_Republic_of_Korea_1998,0,89,40,culture,culture,NN,NN
2501,Peoples_Republic_of_Korea_1998,0,89,41,and,and,CC,CC
2502,Peoples_Republic_of_Korea_1998,0,89,42,technology,technology,NN,NN
2503,Peoples_Republic_of_Korea_1998,0,89,44,thus,thus,RB,RB
2504,Peoples_Republic_of_Korea_1998,0,89,45,making,making,VBG,VB
2505,Peoples_Republic_of_Korea_1998,0,89,46,the,the,DT,DT
2506,Peoples_Republic_of_Korea_1998,0,89,47,whole,whole,NN,NN
2507,Peoples_Republic_of_Korea_1998,0,89,48,of,of,IN,IN
2508,Peoples_Republic_of_Korea_1998,0,89,49,society,society,NN,NN
2509,Peoples_Republic_of_Korea_1998,0,89,50,intellectual,intellectual,JJ,JJ
2510,Peoples_Republic_of_Korea_1998,0,90,0,Article,article,NN,NN
2511,Peoples_Republic_of_Korea_1998,0,90,1,41,41,CD,CD
2512,Peoples_Republic_of_Korea_1998,0,90,2,Share,share,NNP,NN
2513,Peoples_Republic_of_Korea_1998,0,90,3,The,the,DT,DT
2514,Peoples_Republic_of_Korea_1998,0,90,4,DPRK,dprk,NNP,NN
2515,Peoples_Republic_of_Korea_1998,0,90,5,shall,shall,MD,MD
2516,Peoples_Republic_of_Korea_1998,0,90,6,develop,develop,VB,VB
2517,Peoples_Republic_of_Korea_1998,0,90,7,a,a,DT,DT
2518,Peoples_Republic_of_Korea_1998,0,90,8,truly,truly,NN,NN
2519,Peoples_Republic_of_Korea_1998,0,90,9,popular,popular,JJ,JJ
2520,Peoples_Republic_of_Korea_1998,0,90,11,revolutionary,revolutionary,JJ,JJ
2521,Peoples_Republic_of_Korea_1998,0,90,12,culture,culture,NN,NN
2522,Peoples_Republic_of_Korea_1998,0,90,13,which,which,WDT,WD
2523,Peoples_Republic_of_Korea_1998,0,90,14,serves,serves,VBZ,VB
2524,Peoples_Republic_of_Korea_1998,0,90,15,the,the,DT,DT
2525,Peoples_Republic_of_Korea_1998,0,90,16,socialist,socialist,JJ,JJ
2526,Peoples_Republic_of_Korea_1998,0,90,17,working,working,JJ,JJ
2527,Peoples_Republic_of_Korea_1998,0,90,18,people,people,NNS,NN
2528,Peoples_Republic_of_Korea_1998,0,91,0,In,in,IN,IN
2529,Peoples_Republic_of_Korea_1998,0,91,1,building,building,VBG,VB
2530,Peoples_Republic_of_Korea_1998,0,91,2,a,a,DT,DT
2531,Peoples_Republic_of_Korea_1998,0,91,3,socialist,socialist,JJ,JJ
2532,Peoples_Republic_of_Korea_1998,0,91,4,national,national,JJ,JJ
2533,Peoples_Republic_of_Korea_1998,0,91,5,culture,culture,NN,NN
2534,Peoples_Republic_of_Korea_1998,0,91,7,the,the,DT,DT
2535,Peoples_Republic_of_Korea_1998,0,91,8,State,state,NNP,NN
2536,Peoples_Republic_of_Korea_1998,0,91,9,shall,shall,MD,MD
2537,Peoples_Republic_of_Korea_1998,0,91,10,oppose,oppose,VB,VB
2538,Peoples_Republic_of_Korea_1998,0,91,11,the,the,DT,DT
2539,Peoples_Republic_of_Korea_1998,0,91,12,cultural,cultural,JJ,JJ
2540,Peoples_Republic_of_Korea_1998,0,91,13,infiltration,infiltration,NN,NN
2541,Peoples_Republic_of_Korea_1998,0,91,14,of,of,IN,IN
2542,Peoples_Republic_of_Korea_1998,0,91,15,imperialism,imperialism,NN,NN
2543,Peoples_Republic_of_Korea_1998,0,91,16,and,and,CC,CC
2544,Peoples_Republic_of_Korea_1998,0,91,17,any,any,DT,DT
2545,Peoples_Republic_of_Korea_1998,0,91,18,tendency,tendency,NN,NN
2546,Peoples_Republic_of_Korea_1998,0,91,19,to,to,TO,TO
2547,Peoples_Republic_of_Korea_1998,0,91,20,return,return,VB,VB
2548,Peoples_Republic_of_Korea_1998,0,91,21,to,to,TO,TO
2549,Peoples_Republic_of_Korea_1998,0,91,22,the,the,DT,DT
2550,Peoples_Republic_of_Korea_1998,0,91,23,past,past,NN,NN
2551,Peoples_Republic_of_Korea_1998,0,91,25,protect,protect,VBP,VB
2552,Peoples_Republic_of_Korea_1998,0,91,26,its,its,PRP$,PR
2553,Peoples_Republic_of_Korea_1998,0,91,27,national,national,JJ,JJ
2554,Peoples_Republic_of_Korea_1998,0,91,28,cultural,cultural,JJ,JJ
2555,Peoples_Republic_of_Korea_1998,0,91,29,heritage,heritage,NN,NN
2556,Peoples_Republic_of_Korea_1998,0,91,31,and,and,CC,CC
2557,Peoples_Republic_of_Korea_1998,0,91,32,develop,develop,VB,VB
2558,Peoples_Republic_of_Korea_1998,0,91,33,it,it,PRP,PR
2559,Peoples_Republic_of_Korea_1998,0,91,34,in,in,IN,IN
2560,Peoples_Republic_of_Korea_1998,0,91,35,keeping,keeping,VBG,VB
2561,Peoples_Republic_of_Korea_1998,0,91,36,with,with,IN,IN
2562,Peoples_Republic_of_Korea_1998,0,91,37,the,the,DT,DT
2563,Peoples_Republic_of_Korea_1998,0,91,38,existing,existing,VBG,VB
2564,Peoples_Republic_of_Korea_1998,0,91,39,socialist,socialist,JJ,JJ
2565,Peoples_Republic_of_Korea_1998,0,91,40,situation,situation,NN,NN
2566,Peoples_Republic_of_Korea_1998,0,92,0,Article,article,NN,NN
2567,Peoples_Republic_of_Korea_1998,0,92,1,42,42,CD,CD
2568,Peoples_Republic_of_Korea_1998,0,92,2,Share,share,NNP,NN
2569,Peoples_Republic_of_Korea_1998,0,92,3,The,the,DT,DT
2570,Peoples_Republic_of_Korea_1998,0,92,4,State,state,NNP,NN
2571,Peoples_Republic_of_Korea_1998,0,92,5,shall,shall,MD,MD
2572,Peoples_Republic_of_Korea_1998,0,92,6,eliminate,eliminate,VB,VB
2573,Peoples_Republic_of_Korea_1998,0,92,7,the,the,DT,DT
2574,Peoples_Republic_of_Korea_1998,0,92,8,way,way,NN,NN
2575,Peoples_Republic_of_Korea_1998,0,92,9,of,of,IN,IN
2576,Peoples_Republic_of_Korea_1998,0,92,10,life,life,NN,NN
2577,Peoples_Republic_of_Korea_1998,0,92,11,inherited,inherited,VBN,VB
2578,Peoples_Republic_of_Korea_1998,0,92,12,from,from,IN,IN
2579,Peoples_Republic_of_Korea_1998,0,92,13,the,the,DT,DT
2580,Peoples_Republic_of_Korea_1998,0,92,14,outmoded,outmoded,VBN,VB
2581,Peoples_Republic_of_Korea_1998,0,92,15,society,society,NN,NN
2582,Peoples_Republic_of_Korea_1998,0,92,16,and,and,CC,CC
2583,Peoples_Republic_of_Korea_1998,0,92,17,establish,establish,VB,VB
2584,Peoples_Republic_of_Korea_1998,0,92,18,a,a,DT,DT
2585,Peoples_Republic_of_Korea_1998,0,92,19,new,new,JJ,JJ
2586,Peoples_Republic_of_Korea_1998,0,92,20,socialist,socialist,JJ,JJ
2587,Peoples_Republic_of_Korea_1998,0,92,21,way,way,NN,NN
2588,Peoples_Republic_of_Korea_1998,0,92,22,of,of,IN,IN
2589,Peoples_Republic_of_Korea_1998,0,92,23,life,life,NN,NN
2590,Peoples_Republic_of_Korea_1998,0,92,24,in,in,IN,IN
2591,Peoples_Republic_of_Korea_1998,0,92,25,every,every,DT,DT
2592,Peoples_Republic_of_Korea_1998,0,92,26,sphere,sphere,NN,NN
2593,Peoples_Republic_of_Korea_1998,0,93,0,Article,article,NN,NN
2594,Peoples_Republic_of_Korea_1998,0,93,1,43,43,CD,CD
2595,Peoples_Republic_of_Korea_1998,0,93,2,Share,share,NNP,NN
2596,Peoples_Republic_of_Korea_1998,0,93,3,The,the,DT,DT
2597,Peoples_Republic_of_Korea_1998,0,93,4,State,state,NNP,NN
2598,Peoples_Republic_of_Korea_1998,0,93,5,shall,shall,MD,MD
2599,Peoples_Republic_of_Korea_1998,0,93,6,put,put,VB,VB
2600,Peoples_Republic_of_Korea_1998,0,93,7,the,the,DT,DT
2601,Peoples_Republic_of_Korea_1998,0,93,8,principles,principles,NNS,NN
2602,Peoples_Republic_of_Korea_1998,0,93,9,of,of,IN,IN
2603,Peoples_Republic_of_Korea_1998,0,93,10,socialist,socialist,JJ,JJ
2604,Peoples_Republic_of_Korea_1998,0,93,11,education,education,NN,NN
2605,Peoples_Republic_of_Korea_1998,0,93,12,into,into,IN,IN
2606,Peoples_Republic_of_Korea_1998,0,93,13,practice,practice,NN,NN
2607,Peoples_Republic_of_Korea_1998,0,93,14,and,and,CC,CC
2608,Peoples_Republic_of_Korea_1998,0,93,15,raise,raise,VB,VB
2609,Peoples_Republic_of_Korea_1998,0,93,16,the,the,DT,DT
2610,Peoples_Republic_of_Korea_1998,0,93,17,new,new,JJ,JJ
2611,Peoples_Republic_of_Korea_1998,0,93,18,generation,generation,NN,NN
2612,Peoples_Republic_of_Korea_1998,0,93,19,to,to,TO,TO
2613,Peoples_Republic_of_Korea_1998,0,93,20,be,be,VB,VB
2614,Peoples_Republic_of_Korea_1998,0,93,21,steadfast,steadfast,JJ,JJ
2615,Peoples_Republic_of_Korea_1998,0,93,22,revolutionaries,revolutionaries,NNS,NN
2616,Peoples_Republic_of_Korea_1998,0,93,23,who,who,WP,WP
2617,Peoples_Republic_of_Korea_1998,0,93,24,will,will,MD,MD
2618,Peoples_Republic_of_Korea_1998,0,93,25,fight,fight,VB,VB
2619,Peoples_Republic_of_Korea_1998,0,93,26,for,for,IN,IN
2620,Peoples_Republic_of_Korea_1998,0,93,27,society,society,NN,NN
2621,Peoples_Republic_of_Korea_1998,0,93,28,and,and,CC,CC
2622,Peoples_Republic_of_Korea_1998,0,93,29,the,the,DT,DT
2623,Peoples_Republic_of_Korea_1998,0,93,30,people,people,NNS,NN
2624,Peoples_Republic_of_Korea_1998,0,93,32,to,to,TO,TO
2625,Peoples_Republic_of_Korea_1998,0,93,33,be,be,VB,VB
2626,Peoples_Republic_of_Korea_1998,0,93,34,people,people,NNS,NN
2627,Peoples_Republic_of_Korea_1998,0,93,35,of,of,IN,IN
2628,Peoples_Republic_of_Korea_1998,0,93,36,a,a,DT,DT
2629,Peoples_Republic_of_Korea_1998,0,93,37,new,new,JJ,JJ
2630,Peoples_Republic_of_Korea_1998,0,93,38,communist,communist,JJ,JJ
2631,Peoples_Republic_of_Korea_1998,0,93,39,type,type,NN,NN
2632,Peoples_Republic_of_Korea_1998,0,93,40,who,who,WP,WP
2633,Peoples_Republic_of_Korea_1998,0,93,41,are,are,VBP,VB
2634,Peoples_Republic_of_Korea_1998,0,93,42,knowledgeable,knowledgeable,JJ,JJ
2635,Peoples_Republic_of_Korea_1998,0,93,44,morally,morally,RB,RB
2636,Peoples_Republic_of_Korea_1998,0,93,45,sound,sound,JJ,JJ
2637,Peoples_Republic_of_Korea_1998,0,93,46,and,and,CC,CC
2638,Peoples_Republic_of_Korea_1998,0,93,47,physically,physically,RB,RB
2639,Peoples_Republic_of_Korea_1998,0,93,48,healthy,healthy,JJ,JJ
2640,Peoples_Republic_of_Korea_1998,0,94,0,Article,article,NN,NN
2641,Peoples_Republic_of_Korea_1998,0,94,1,44,44,CD,CD
2642,Peoples_Republic_of_Korea_1998,0,94,2,Share,share,NNP,NN
2643,Peoples_Republic_of_Korea_1998,0,94,3,The,the,DT,DT
2644,Peoples_Republic_of_Korea_1998,0,94,4,State,state,NNP,NN
2645,Peoples_Republic_of_Korea_1998,0,94,5,shall,shall,MD,MD
2646,Peoples_Republic_of_Korea_1998,0,94,6,give,give,VB,VB
2647,Peoples_Republic_of_Korea_1998,0,94,7,precedence,precedence,NN,NN
2648,Peoples_Republic_of_Korea_1998,0,94,8,to,to,TO,TO
2649,Peoples_Republic_of_Korea_1998,0,94,9,public,public,JJ,JJ
2650,Peoples_Republic_of_Korea_1998,0,94,10,education,education,NN,NN
2651,Peoples_Republic_of_Korea_1998,0,94,11,and,and,CC,CC
2652,Peoples_Republic_of_Korea_1998,0,94,12,the,the,DT,DT
2653,Peoples_Republic_of_Korea_1998,0,94,13,training,training,NN,NN
2654,Peoples_Republic_of_Korea_1998,0,94,14,of,of,IN,IN
2655,Peoples_Republic_of_Korea_1998,0,94,15,cadres,cadres,NNS,NN
2656,Peoples_Republic_of_Korea_1998,0,94,16,for,for,IN,IN
2657,Peoples_Republic_of_Korea_1998,0,94,17,the,the,DT,DT
2658,Peoples_Republic_of_Korea_1998,0,94,18,nation,nation,NN,NN
2659,Peoples_Republic_of_Korea_1998,0,94,19,and,and,CC,CC
2660,Peoples_Republic_of_Korea_1998,0,94,20,combine,combine,NN,NN
2661,Peoples_Republic_of_Korea_1998,0,94,21,general,general,JJ,JJ
2662,Peoples_Republic_of_Korea_1998,0,94,22,education,education,NN,NN
2663,Peoples_Republic_of_Korea_1998,0,94,23,with,with,IN,IN
2664,Peoples_Republic_of_Korea_1998,0,94,24,technological,technological,JJ,JJ
2665,Peoples_Republic_of_Korea_1998,0,94,25,education,education,NN,NN
2666,Peoples_Republic_of_Korea_1998,0,94,27,and,and,CC,CC
2667,Peoples_Republic_of_Korea_1998,0,94,28,education,education,NN,NN
2668,Peoples_Republic_of_Korea_1998,0,94,29,with,with,IN,IN
2669,Peoples_Republic_of_Korea_1998,0,94,30,productive,productive,JJ,JJ
2670,Peoples_Republic_of_Korea_1998,0,94,31,labor,labor,NN,NN
2671,Peoples_Republic_of_Korea_1998,0,95,0,Article,article,NN,NN
2672,Peoples_Republic_of_Korea_1998,0,95,1,45,45,CD,CD
2673,Peoples_Republic_of_Korea_1998,0,95,2,Share,share,NNP,NN
2674,Peoples_Republic_of_Korea_1998,0,95,3,The,the,DT,DT
2675,Peoples_Republic_of_Korea_1998,0,95,4,State,state,NNP,NN
2676,Peoples_Republic_of_Korea_1998,0,95,5,shall,shall,MD,MD
2677,Peoples_Republic_of_Korea_1998,0,95,6,develop,develop,VB,VB
2678,Peoples_Republic_of_Korea_1998,0,95,7,universal,universal,JJ,JJ
2679,Peoples_Republic_of_Korea_1998,0,95,8,compulsory,compulsory,JJ,JJ
2680,Peoples_Republic_of_Korea_1998,0,95,9,11-year,11year,JJ,JJ
2681,Peoples_Republic_of_Korea_1998,0,95,10,education,education,NN,NN
2682,Peoples_Republic_of_Korea_1998,0,95,11,which,which,WDT,WD
2683,Peoples_Republic_of_Korea_1998,0,95,12,includes,includes,VBZ,VB
2684,Peoples_Republic_of_Korea_1998,0,95,13,a,a,DT,DT
2685,Peoples_Republic_of_Korea_1998,0,95,14,compulsory,compulsory,JJ,JJ
2686,Peoples_Republic_of_Korea_1998,0,95,15,one-year,oneyear,JJ,JJ
2687,Peoples_Republic_of_Korea_1998,0,95,16,preschool,preschool,NN,NN
2688,Peoples_Republic_of_Korea_1998,0,95,17,education,education,NN,NN
2689,Peoples_Republic_of_Korea_1998,0,95,18,at,at,IN,IN
2690,Peoples_Republic_of_Korea_1998,0,95,19,a,a,DT,DT
2691,Peoples_Republic_of_Korea_1998,0,95,20,high,high,JJ,JJ
2692,Peoples_Republic_of_Korea_1998,0,95,21,level,level,NN,NN
2693,Peoples_Republic_of_Korea_1998,0,95,22,in,in,IN,IN
2694,Peoples_Republic_of_Korea_1998,0,95,23,accordance,accordance,NN,NN
2695,Peoples_Republic_of_Korea_1998,0,95,24,with,with,IN,IN
2696,Peoples_Republic_of_Korea_1998,0,95,25,the,the,DT,DT
2697,Peoples_Republic_of_Korea_1998,0,95,26,trend,trend,NN,NN
2698,Peoples_Republic_of_Korea_1998,0,95,27,of,of,IN,IN
2699,Peoples_Republic_of_Korea_1998,0,95,28,modern,modern,JJ,JJ
2700,Peoples_Republic_of_Korea_1998,0,95,29,science,science,NN,NN
2701,Peoples_Republic_of_Korea_1998,0,95,30,and,and,CC,CC
2702,Peoples_Republic_of_Korea_1998,0,95,31,technology,technology,NN,NN
2703,Peoples_Republic_of_Korea_1998,0,95,32,and,and,CC,CC
2704,Peoples_Republic_of_Korea_1998,0,95,33,the,the,DT,DT
2705,Peoples_Republic_of_Korea_1998,0,95,34,practical,practical,JJ,JJ
2706,Peoples_Republic_of_Korea_1998,0,95,35,requirements,requirements,NNS,NN
2707,Peoples_Republic_of_Korea_1998,0,95,36,of,of,IN,IN
2708,Peoples_Republic_of_Korea_1998,0,95,37,socialist,socialist,JJ,JJ
2709,Peoples_Republic_of_Korea_1998,0,95,38,construction,construction,NN,NN
2710,Peoples_Republic_of_Korea_1998,0,96,0,Article,article,NN,NN
2711,Peoples_Republic_of_Korea_1998,0,96,1,46,46,CD,CD
2712,Peoples_Republic_of_Korea_1998,0,96,2,Share,share,NNP,NN
2713,Peoples_Republic_of_Korea_1998,0,96,3,The,the,DT,DT
2714,Peoples_Republic_of_Korea_1998,0,96,4,State,state,NNP,NN
2715,Peoples_Republic_of_Korea_1998,0,96,5,shall,shall,MD,MD
2716,Peoples_Republic_of_Korea_1998,0,96,6,train,train,VB,VB
2717,Peoples_Republic_of_Korea_1998,0,96,7,competent,competent,JJ,JJ
2718,Peoples_Republic_of_Korea_1998,0,96,8,technicians,technicians,NNS,NN
2719,Peoples_Republic_of_Korea_1998,0,96,9,and,and,CC,CC
2720,Peoples_Republic_of_Korea_1998,0,96,10,experts,experts,NNS,NN
2721,Peoples_Republic_of_Korea_1998,0,96,11,by,by,IN,IN
2722,Peoples_Republic_of_Korea_1998,0,96,12,enhancing,enhancing,VBG,VB
2723,Peoples_Republic_of_Korea_1998,0,96,13,the,the,DT,DT
2724,Peoples_Republic_of_Korea_1998,0,96,14,regular,regular,JJ,JJ
2725,Peoples_Republic_of_Korea_1998,0,96,15,educational,educational,JJ,JJ
2726,Peoples_Republic_of_Korea_1998,0,96,16,system,system,NN,NN
2727,Peoples_Republic_of_Korea_1998,0,96,17,as,as,RB,RB
2728,Peoples_Republic_of_Korea_1998,0,96,18,well,well,RB,RB
2729,Peoples_Republic_of_Korea_1998,0,96,19,as,as,IN,IN
2730,Peoples_Republic_of_Korea_1998,0,96,20,different,different,JJ,JJ
2731,Peoples_Republic_of_Korea_1998,0,96,21,forms,forms,NNS,NN
2732,Peoples_Republic_of_Korea_1998,0,96,22,of,of,IN,IN
2733,Peoples_Republic_of_Korea_1998,0,96,23,study,study,NN,NN
2734,Peoples_Republic_of_Korea_1998,0,96,24,while,while,IN,IN
2735,Peoples_Republic_of_Korea_1998,0,96,25,working,working,VBG,VB
2736,Peoples_Republic_of_Korea_1998,0,96,27,and,and,CC,CC
2737,Peoples_Republic_of_Korea_1998,0,96,28,by,by,IN,IN
2738,Peoples_Republic_of_Korea_1998,0,96,29,improving,improving,VBG,VB
2739,Peoples_Republic_of_Korea_1998,0,96,30,the,the,DT,DT
2740,Peoples_Republic_of_Korea_1998,0,96,31,scientific,scientific,JJ,JJ
2741,Peoples_Republic_of_Korea_1998,0,96,32,and,and,CC,CC
2742,Peoples_Republic_of_Korea_1998,0,96,33,theoretical,theoretical,JJ,JJ
2743,Peoples_Republic_of_Korea_1998,0,96,34,levels,levels,NNS,NN
2744,Peoples_Republic_of_Korea_1998,0,96,35,of,of,IN,IN
2745,Peoples_Republic_of_Korea_1998,0,96,36,technical,technical,JJ,JJ
2746,Peoples_Republic_of_Korea_1998,0,96,37,education,education,NN,NN
2747,Peoples_Republic_of_Korea_1998,0,96,38,and,and,CC,CC
2748,Peoples_Republic_of_Korea_1998,0,96,39,education,education,NN,NN
2749,Peoples_Republic_of_Korea_1998,0,96,40,on,on,IN,IN
2750,Peoples_Republic_of_Korea_1998,0,96,41,social,social,JJ,JJ
2751,Peoples_Republic_of_Korea_1998,0,96,42,science,science,NN,NN
2752,Peoples_Republic_of_Korea_1998,0,96,43,and,and,CC,CC
2753,Peoples_Republic_of_Korea_1998,0,96,44,basic,basic,JJ,JJ
2754,Peoples_Republic_of_Korea_1998,0,96,45,science,science,NN,NN
2755,Peoples_Republic_of_Korea_1998,0,97,0,Article,article,NN,NN
2756,Peoples_Republic_of_Korea_1998,0,97,1,47,47,CD,CD
2757,Peoples_Republic_of_Korea_1998,0,97,2,Share,share,NNP,NN
2758,Peoples_Republic_of_Korea_1998,0,97,3,The,the,DT,DT
2759,Peoples_Republic_of_Korea_1998,0,97,4,State,state,NNP,NN
2760,Peoples_Republic_of_Korea_1998,0,97,5,shall,shall,MD,MD
2761,Peoples_Republic_of_Korea_1998,0,97,6,provide,provide,VB,VB
2762,Peoples_Republic_of_Korea_1998,0,97,7,education,education,NN,NN
2763,Peoples_Republic_of_Korea_1998,0,97,8,to,to,TO,TO
2764,Peoples_Republic_of_Korea_1998,0,97,9,all,all,DT,DT
2765,Peoples_Republic_of_Korea_1998,0,97,10,pupils,pupils,NNS,NN
2766,Peoples_Republic_of_Korea_1998,0,97,11,and,and,CC,CC
2767,Peoples_Republic_of_Korea_1998,0,97,12,students,students,NNS,NN
2768,Peoples_Republic_of_Korea_1998,0,97,13,free,free,JJ,JJ
2769,Peoples_Republic_of_Korea_1998,0,97,14,of,of,IN,IN
2770,Peoples_Republic_of_Korea_1998,0,97,15,charge,charge,NN,NN
2771,Peoples_Republic_of_Korea_1998,0,97,16,and,and,CC,CC
2772,Peoples_Republic_of_Korea_1998,0,97,17,grant,grant,JJ,JJ
2773,Peoples_Republic_of_Korea_1998,0,97,18,allowances,allowances,NNS,NN
2774,Peoples_Republic_of_Korea_1998,0,97,19,to,to,TO,TO
2775,Peoples_Republic_of_Korea_1998,0,97,20,students,students,NNS,NN
2776,Peoples_Republic_of_Korea_1998,0,97,21,of,of,IN,IN
2777,Peoples_Republic_of_Korea_1998,0,97,22,universities,universities,NNS,NN
2778,Peoples_Republic_of_Korea_1998,0,97,23,and,and,CC,CC
2779,Peoples_Republic_of_Korea_1998,0,97,24,colleges,colleges,NNS,NN
2780,Peoples_Republic_of_Korea_1998,0,98,0,Article,article,NN,NN
2781,Peoples_Republic_of_Korea_1998,0,98,1,48,48,CD,CD
2782,Peoples_Republic_of_Korea_1998,0,98,2,Share,share,NNP,NN
2783,Peoples_Republic_of_Korea_1998,0,98,3,The,the,DT,DT
2784,Peoples_Republic_of_Korea_1998,0,98,4,State,state,NNP,NN
2785,Peoples_Republic_of_Korea_1998,0,98,5,shall,shall,MD,MD
2786,Peoples_Republic_of_Korea_1998,0,98,6,strengthen,strengthen,VB,VB
2787,Peoples_Republic_of_Korea_1998,0,98,7,social,social,JJ,JJ
2788,Peoples_Republic_of_Korea_1998,0,98,8,education,education,NN,NN
2789,Peoples_Republic_of_Korea_1998,0,98,9,and,and,CC,CC
2790,Peoples_Republic_of_Korea_1998,0,98,10,provide,provide,VB,VB
2791,Peoples_Republic_of_Korea_1998,0,98,11,the,the,DT,DT
2792,Peoples_Republic_of_Korea_1998,0,98,12,working,working,VBG,VB
2793,Peoples_Republic_of_Korea_1998,0,98,13,people,people,NNS,NN
2794,Peoples_Republic_of_Korea_1998,0,98,14,with,with,IN,IN
2795,Peoples_Republic_of_Korea_1998,0,98,15,all,all,DT,DT
2796,Peoples_Republic_of_Korea_1998,0,98,16,available,available,JJ,JJ
2797,Peoples_Republic_of_Korea_1998,0,98,17,conditions,conditions,NNS,NN
2798,Peoples_Republic_of_Korea_1998,0,98,18,for,for,IN,IN
2799,Peoples_Republic_of_Korea_1998,0,98,19,study,study,NN,NN
2800,Peoples_Republic_of_Korea_1998,0,99,0,Article,article,NN,NN
2801,Peoples_Republic_of_Korea_1998,0,99,1,49,49,CD,CD
2802,Peoples_Republic_of_Korea_1998,0,99,2,Share,share,NNP,NN
2803,Peoples_Republic_of_Korea_1998,0,99,3,The,the,DT,DT
2804,Peoples_Republic_of_Korea_1998,0,99,4,State,state,NNP,NN
2805,Peoples_Republic_of_Korea_1998,0,99,5,shall,shall,MD,MD
2806,Peoples_Republic_of_Korea_1998,0,99,6,maintain,maintain,VB,VB
2807,Peoples_Republic_of_Korea_1998,0,99,7,all,all,DT,DT
2808,Peoples_Republic_of_Korea_1998,0,99,8,children,children,NNS,NN
2809,Peoples_Republic_of_Korea_1998,0,99,9,of,of,IN,IN
2810,Peoples_Republic_of_Korea_1998,0,99,10,preschool,preschool,NN,NN
2811,Peoples_Republic_of_Korea_1998,0,99,11,age,age,NN,NN
2812,Peoples_Republic_of_Korea_1998,0,99,12,in,in,IN,IN
2813,Peoples_Republic_of_Korea_1998,0,99,13,creches,creches,NNS,NN
2814,Peoples_Republic_of_Korea_1998,0,99,14,and,and,CC,CC
2815,Peoples_Republic_of_Korea_1998,0,99,15,kindergartens,kindergartens,NNS,NN
2816,Peoples_Republic_of_Korea_1998,0,99,16,at,at,IN,IN
2817,Peoples_Republic_of_Korea_1998,0,99,17,State,state,NNP,NN
2818,Peoples_Republic_of_Korea_1998,0,99,18,and,and,CC,CC
2819,Peoples_Republic_of_Korea_1998,0,99,19,public,public,JJ,JJ
2820,Peoples_Republic_of_Korea_1998,0,99,20,expense,expense,NN,NN
2821,Peoples_Republic_of_Korea_1998,0,100,0,Article,article,NN,NN
2822,Peoples_Republic_of_Korea_1998,0,100,1,50,50,CD,CD
2823,Peoples_Republic_of_Korea_1998,0,100,2,Share,share,NNP,NN
2824,Peoples_Republic_of_Korea_1998,0,100,3,The,the,DT,DT
2825,Peoples_Republic_of_Korea_1998,0,100,4,State,state,NNP,NN
2826,Peoples_Republic_of_Korea_1998,0,100,5,shall,shall,MD,MD
2827,Peoples_Republic_of_Korea_1998,0,100,6,establish,establish,VB,VB
2828,Peoples_Republic_of_Korea_1998,0,100,7,Juche,juche,NNP,NN
2829,Peoples_Republic_of_Korea_1998,0,100,8,in,in,IN,IN
2830,Peoples_Republic_of_Korea_1998,0,100,9,scientific,scientific,JJ,JJ
2831,Peoples_Republic_of_Korea_1998,0,100,10,research,research,NN,NN
2832,Peoples_Republic_of_Korea_1998,0,100,12,introduce,introduce,NN,NN
2833,Peoples_Republic_of_Korea_1998,0,100,13,advanced,advanced,VBD,VB
2834,Peoples_Republic_of_Korea_1998,0,100,14,science,science,NN,NN
2835,Peoples_Republic_of_Korea_1998,0,100,15,and,and,CC,CC
2836,Peoples_Republic_of_Korea_1998,0,100,16,technology,technology,NN,NN
2837,Peoples_Republic_of_Korea_1998,0,100,17,in,in,IN,IN
2838,Peoples_Republic_of_Korea_1998,0,100,18,every,every,DT,DT
2839,Peoples_Republic_of_Korea_1998,0,100,19,possible,possible,JJ,JJ
2840,Peoples_Republic_of_Korea_1998,0,100,20,way,way,NN,NN
2841,Peoples_Republic_of_Korea_1998,0,100,22,open,open,VB,VB
2842,Peoples_Republic_of_Korea_1998,0,100,23,up,up,RP,RP
2843,Peoples_Republic_of_Korea_1998,0,100,24,new,new,JJ,JJ
2844,Peoples_Republic_of_Korea_1998,0,100,25,areas,areas,NNS,NN
2845,Peoples_Republic_of_Korea_1998,0,100,26,of,of,IN,IN
2846,Peoples_Republic_of_Korea_1998,0,100,27,science,science,NN,NN
2847,Peoples_Republic_of_Korea_1998,0,100,28,and,and,CC,CC
2848,Peoples_Republic_of_Korea_1998,0,100,29,technology,technology,NN,NN
2849,Peoples_Republic_of_Korea_1998,0,100,30,and,and,CC,CC
2850,Peoples_Republic_of_Korea_1998,0,100,31,raise,raise,VB,VB
2851,Peoples_Republic_of_Korea_1998,0,100,32,the,the,DT,DT
2852,Peoples_Republic_of_Korea_1998,0,100,33,country,country,NN,NN
2853,Peoples_Republic_of_Korea_1998,0,100,35,s,s,VBZ,VB
2854,Peoples_Republic_of_Korea_1998,0,100,36,science,science,NN,NN
2855,Peoples_Republic_of_Korea_1998,0,100,37,and,and,CC,CC
2856,Peoples_Republic_of_Korea_1998,0,100,38,technology,technology,NN,NN
2857,Peoples_Republic_of_Korea_1998,0,100,39,to,to,TO,TO
2858,Peoples_Republic_of_Korea_1998,0,100,40,the,the,DT,DT
2859,Peoples_Republic_of_Korea_1998,0,100,41,world,world,NN,NN
2860,Peoples_Republic_of_Korea_1998,0,100,42,level,level,NN,NN
2861,Peoples_Republic_of_Korea_1998,0,101,0,Article,article,NN,NN
2862,Peoples_Republic_of_Korea_1998,0,101,1,51,51,CD,CD
2863,Peoples_Republic_of_Korea_1998,0,101,2,Share,share,NNP,NN
2864,Peoples_Republic_of_Korea_1998,0,101,3,The,the,DT,DT
2865,Peoples_Republic_of_Korea_1998,0,101,4,State,state,NNP,NN
2866,Peoples_Republic_of_Korea_1998,0,101,5,shall,shall,MD,MD
2867,Peoples_Republic_of_Korea_1998,0,101,6,draw,draw,VB,VB
2868,Peoples_Republic_of_Korea_1998,0,101,7,up,up,RP,RP
2869,Peoples_Republic_of_Korea_1998,0,101,8,a,a,DT,DT
2870,Peoples_Republic_of_Korea_1998,0,101,9,proper,proper,JJ,JJ
2871,Peoples_Republic_of_Korea_1998,0,101,10,plan,plan,NN,NN
2872,Peoples_Republic_of_Korea_1998,0,101,11,for,for,IN,IN
2873,Peoples_Republic_of_Korea_1998,0,101,12,scientific,scientific,JJ,JJ
2874,Peoples_Republic_of_Korea_1998,0,101,13,research,research,NN,NN
2875,Peoples_Republic_of_Korea_1998,0,101,14,work,work,NN,NN
2876,Peoples_Republic_of_Korea_1998,0,101,16,consolidate,consolidate,VB,VB
2877,Peoples_Republic_of_Korea_1998,0,101,17,creative,creative,JJ,JJ
2878,Peoples_Republic_of_Korea_1998,0,101,18,cooperation,cooperation,NN,NN
2879,Peoples_Republic_of_Korea_1998,0,101,19,between,between,IN,IN
2880,Peoples_Republic_of_Korea_1998,0,101,20,scientists,scientists,NNS,NN
2881,Peoples_Republic_of_Korea_1998,0,101,22,specialists,specialists,NNS,NN
2882,Peoples_Republic_of_Korea_1998,0,101,23,and,and,CC,CC
2883,Peoples_Republic_of_Korea_1998,0,101,24,producer,producer,NN,NN
2884,Peoples_Republic_of_Korea_1998,0,101,25,masses,masses,NNS,NN
2885,Peoples_Republic_of_Korea_1998,0,102,0,Article,article,NN,NN
2886,Peoples_Republic_of_Korea_1998,0,102,1,52,52,CD,CD
2887,Peoples_Republic_of_Korea_1998,0,102,2,Share,share,NNP,NN
2888,Peoples_Republic_of_Korea_1998,0,102,3,The,the,DT,DT
2889,Peoples_Republic_of_Korea_1998,0,102,4,State,state,NNP,NN
2890,Peoples_Republic_of_Korea_1998,0,102,5,shall,shall,MD,MD
2891,Peoples_Republic_of_Korea_1998,0,102,6,develop,develop,VB,VB
2892,Peoples_Republic_of_Korea_1998,0,102,7,a,a,DT,DT
2893,Peoples_Republic_of_Korea_1998,0,102,8,Juche-oriented,jucheoriented,JJ,JJ
2894,Peoples_Republic_of_Korea_1998,0,102,10,revolutionary,revolutionary,JJ,JJ
2895,Peoples_Republic_of_Korea_1998,0,102,11,literature,literature,NN,NN
2896,Peoples_Republic_of_Korea_1998,0,102,12,and,and,CC,CC
2897,Peoples_Republic_of_Korea_1998,0,102,13,art,art,NN,NN
2898,Peoples_Republic_of_Korea_1998,0,102,15,national,national,JJ,JJ
2899,Peoples_Republic_of_Korea_1998,0,102,16,in,in,IN,IN
2900,Peoples_Republic_of_Korea_1998,0,102,17,form,form,NN,NN
2901,Peoples_Republic_of_Korea_1998,0,102,18,and,and,CC,CC
2902,Peoples_Republic_of_Korea_1998,0,102,19,socialist,socialist,NN,NN
2903,Peoples_Republic_of_Korea_1998,0,102,20,in,in,IN,IN
2904,Peoples_Republic_of_Korea_1998,0,102,21,content,content,NN,NN
2905,Peoples_Republic_of_Korea_1998,0,103,0,The,the,DT,DT
2906,Peoples_Republic_of_Korea_1998,0,103,1,State,state,NNP,NN
2907,Peoples_Republic_of_Korea_1998,0,103,2,shall,shall,MD,MD
2908,Peoples_Republic_of_Korea_1998,0,103,3,develop,develop,VB,VB
2909,Peoples_Republic_of_Korea_1998,0,103,4,a,a,DT,DT
2910,Peoples_Republic_of_Korea_1998,0,103,5,Juche-oriented,jucheoriented,JJ,JJ
2911,Peoples_Republic_of_Korea_1998,0,103,7,revolutionary,revolutionary,JJ,JJ
2912,Peoples_Republic_of_Korea_1998,0,103,8,literature,literature,NN,NN
2913,Peoples_Republic_of_Korea_1998,0,103,9,and,and,CC,CC
2914,Peoples_Republic_of_Korea_1998,0,103,10,art,art,NN,NN
2915,Peoples_Republic_of_Korea_1998,0,103,12,national,national,JJ,JJ
2916,Peoples_Republic_of_Korea_1998,0,103,13,in,in,IN,IN
2917,Peoples_Republic_of_Korea_1998,0,103,14,form,form,NN,NN
2918,Peoples_Republic_of_Korea_1998,0,103,15,and,and,CC,CC
2919,Peoples_Republic_of_Korea_1998,0,103,16,socialist,socialist,NN,NN
2920,Peoples_Republic_of_Korea_1998,0,103,17,in,in,IN,IN
2921,Peoples_Republic_of_Korea_1998,0,103,18,content,content,NN,NN
2922,Peoples_Republic_of_Korea_1998,0,104,0,The,the,DT,DT
2923,Peoples_Republic_of_Korea_1998,0,104,1,State,state,NNP,NN
2924,Peoples_Republic_of_Korea_1998,0,104,2,shall,shall,MD,MD
2925,Peoples_Republic_of_Korea_1998,0,104,3,encourage,encourage,VB,VB
2926,Peoples_Republic_of_Korea_1998,0,104,4,creative,creative,JJ,JJ
2927,Peoples_Republic_of_Korea_1998,0,104,5,workers,workers,NNS,NN
2928,Peoples_Republic_of_Korea_1998,0,104,6,and,and,CC,CC
2929,Peoples_Republic_of_Korea_1998,0,104,7,artists,artists,NNS,NN
2930,Peoples_Republic_of_Korea_1998,0,104,8,to,to,TO,TO
2931,Peoples_Republic_of_Korea_1998,0,104,9,produce,produce,VB,VB
2932,Peoples_Republic_of_Korea_1998,0,104,10,works,works,NNS,NN
2933,Peoples_Republic_of_Korea_1998,0,104,11,of,of,IN,IN
2934,Peoples_Republic_of_Korea_1998,0,104,12,high,high,JJ,JJ
2935,Peoples_Republic_of_Korea_1998,0,104,13,ideological,ideological,JJ,JJ
2936,Peoples_Republic_of_Korea_1998,0,104,14,and,and,CC,CC
2937,Peoples_Republic_of_Korea_1998,0,104,15,artistic,artistic,JJ,JJ
2938,Peoples_Republic_of_Korea_1998,0,104,16,value,value,NN,NN
2939,Peoples_Republic_of_Korea_1998,0,104,17,and,and,CC,CC
2940,Peoples_Republic_of_Korea_1998,0,104,18,enlist,enlist,VB,VB
2941,Peoples_Republic_of_Korea_1998,0,104,19,the,the,DT,DT
2942,Peoples_Republic_of_Korea_1998,0,104,20,working,working,NN,NN
2943,Peoples_Republic_of_Korea_1998,0,104,21,masses,masses,VBZ,VB
2944,Peoples_Republic_of_Korea_1998,0,104,22,widely,widely,RB,RB
2945,Peoples_Republic_of_Korea_1998,0,104,23,in,in,IN,IN
2946,Peoples_Republic_of_Korea_1998,0,104,24,literary,literary,JJ,JJ
2947,Peoples_Republic_of_Korea_1998,0,104,25,and,and,CC,CC
2948,Peoples_Republic_of_Korea_1998,0,104,26,artistic,artistic,JJ,JJ
2949,Peoples_Republic_of_Korea_1998,0,104,27,activity,activity,NN,NN
2950,Peoples_Republic_of_Korea_1998,0,105,0,Article,article,NN,NN
2951,Peoples_Republic_of_Korea_1998,0,105,1,53,53,CD,CD
2952,Peoples_Republic_of_Korea_1998,0,105,2,Share,share,NNP,NN
2953,Peoples_Republic_of_Korea_1998,0,105,3,The,the,DT,DT
2954,Peoples_Republic_of_Korea_1998,0,105,4,State,state,NNP,NN
2955,Peoples_Republic_of_Korea_1998,0,105,5,shall,shall,MD,MD
2956,Peoples_Republic_of_Korea_1998,0,105,6,provide,provide,VB,VB
2957,Peoples_Republic_of_Korea_1998,0,105,7,sufficient,sufficient,JJ,JJ
2958,Peoples_Republic_of_Korea_1998,0,105,8,modern,modern,JJ,JJ
2959,Peoples_Republic_of_Korea_1998,0,105,9,cultural,cultural,JJ,JJ
2960,Peoples_Republic_of_Korea_1998,0,105,10,facilities,facilities,NNS,NN
2961,Peoples_Republic_of_Korea_1998,0,105,11,to,to,TO,TO
2962,Peoples_Republic_of_Korea_1998,0,105,12,meet,meet,VB,VB
2963,Peoples_Republic_of_Korea_1998,0,105,13,the,the,DT,DT
2964,Peoples_Republic_of_Korea_1998,0,105,14,demands,demands,NNS,NN
2965,Peoples_Republic_of_Korea_1998,0,105,15,of,of,IN,IN
2966,Peoples_Republic_of_Korea_1998,0,105,16,the,the,DT,DT
2967,Peoples_Republic_of_Korea_1998,0,105,17,people,people,NNS,NN
2968,Peoples_Republic_of_Korea_1998,0,105,18,who,who,WP,WP
2969,Peoples_Republic_of_Korea_1998,0,105,19,want,want,VBP,VB
2970,Peoples_Republic_of_Korea_1998,0,105,20,to,to,TO,TO
2971,Peoples_Republic_of_Korea_1998,0,105,21,continually,continually,RB,RB
2972,Peoples_Republic_of_Korea_1998,0,105,22,improve,improve,VB,VB
2973,Peoples_Republic_of_Korea_1998,0,105,23,themselves,themselves,PRP,PR
2974,Peoples_Republic_of_Korea_1998,0,105,25,both,both,DT,DT
2975,Peoples_Republic_of_Korea_1998,0,105,26,mentally,mentally,RB,RB
2976,Peoples_Republic_of_Korea_1998,0,105,27,and,and,CC,CC
2977,Peoples_Republic_of_Korea_1998,0,105,28,physically,physically,RB,RB
2978,Peoples_Republic_of_Korea_1998,0,105,30,so,so,IN,IN
2979,Peoples_Republic_of_Korea_1998,0,105,31,that,that,IN,IN
2980,Peoples_Republic_of_Korea_1998,0,105,32,the,the,DT,DT
2981,Peoples_Republic_of_Korea_1998,0,105,33,working,working,VBG,VB
2982,Peoples_Republic_of_Korea_1998,0,105,34,people,people,NNS,NN
2983,Peoples_Republic_of_Korea_1998,0,105,35,may,may,MD,MD
2984,Peoples_Republic_of_Korea_1998,0,105,36,enjoy,enjoy,VB,VB
2985,Peoples_Republic_of_Korea_1998,0,105,37,a,a,DT,DT
2986,Peoples_Republic_of_Korea_1998,0,105,38,socialist,socialist,NN,NN
2987,Peoples_Republic_of_Korea_1998,0,105,39,cultured,cultured,VBN,VB
2988,Peoples_Republic_of_Korea_1998,0,105,41,aesthetic,aesthetic,JJ,JJ
2989,Peoples_Republic_of_Korea_1998,0,105,42,life,life,NN,NN
2990,Peoples_Republic_of_Korea_1998,0,105,43,to,to,TO,TO
2991,Peoples_Republic_of_Korea_1998,0,105,44,their,their,PRP$,PR
2992,Peoples_Republic_of_Korea_1998,0,105,45,hearts,hearts,NNS,NN
2993,Peoples_Republic_of_Korea_1998,0,105,47,content,content,NN,NN
2994,Peoples_Republic_of_Korea_1998,0,106,0,Article,article,NN,NN
2995,Peoples_Republic_of_Korea_1998,0,106,1,54,54,CD,CD
2996,Peoples_Republic_of_Korea_1998,0,106,2,Share,share,NNP,NN
2997,Peoples_Republic_of_Korea_1998,0,106,3,The,the,DT,DT
2998,Peoples_Republic_of_Korea_1998,0,106,4,State,state,NNP,NN
2999,Peoples_Republic_of_Korea_1998,0,106,5,shall,shall,MD,MD
3000,Peoples_Republic_of_Korea_1998,0,106,6,safeguard,safeguard,VB,VB
3001,Peoples_Republic_of_Korea_1998,0,106,7,our,our,PRP$,PR
3002,Peoples_Republic_of_Korea_1998,0,106,8,language,language,NN,NN
3003,Peoples_Republic_of_Korea_1998,0,106,9,from,from,IN,IN
3004,Peoples_Republic_of_Korea_1998,0,106,10,all,all,DT,DT
3005,Peoples_Republic_of_Korea_1998,0,106,11,attempts,attempts,NNS,NN
3006,Peoples_Republic_of_Korea_1998,0,106,12,to,to,TO,TO
3007,Peoples_Republic_of_Korea_1998,0,106,13,obliterate,obliterate,VB,VB
3008,Peoples_Republic_of_Korea_1998,0,106,14,it,it,PRP,PR
3009,Peoples_Republic_of_Korea_1998,0,106,15,and,and,CC,CC
3010,Peoples_Republic_of_Korea_1998,0,106,16,shall,shall,MD,MD
3011,Peoples_Republic_of_Korea_1998,0,106,17,develop,develop,VB,VB
3012,Peoples_Republic_of_Korea_1998,0,106,18,it,it,PRP,PR
3013,Peoples_Republic_of_Korea_1998,0,106,19,to,to,TO,TO
3014,Peoples_Republic_of_Korea_1998,0,106,20,meet,meet,VB,VB
3015,Peoples_Republic_of_Korea_1998,0,106,21,present-day,presentday,JJ,JJ
3016,Peoples_Republic_of_Korea_1998,0,106,22,needs,needs,NNS,NN
3017,Peoples_Republic_of_Korea_1998,0,107,0,Article,article,NN,NN
3018,Peoples_Republic_of_Korea_1998,0,107,1,55,55,CD,CD
3019,Peoples_Republic_of_Korea_1998,0,107,2,Share,share,NNP,NN
3020,Peoples_Republic_of_Korea_1998,0,107,3,The,the,DT,DT
3021,Peoples_Republic_of_Korea_1998,0,107,4,State,state,NNP,NN
3022,Peoples_Republic_of_Korea_1998,0,107,5,shall,shall,MD,MD
3023,Peoples_Republic_of_Korea_1998,0,107,6,popularize,popularize,VB,VB
3024,Peoples_Republic_of_Korea_1998,0,107,7,physical,physical,JJ,JJ
3025,Peoples_Republic_of_Korea_1998,0,107,8,culture,culture,NN,NN
3026,Peoples_Republic_of_Korea_1998,0,107,9,and,and,CC,CC
3027,Peoples_Republic_of_Korea_1998,0,107,10,make,make,VB,VB
3028,Peoples_Republic_of_Korea_1998,0,107,11,it,it,PRP,PR
3029,Peoples_Republic_of_Korea_1998,0,107,12,in,in,IN,IN
3030,Peoples_Republic_of_Korea_1998,0,107,13,a,a,DT,DT
3031,Peoples_Republic_of_Korea_1998,0,107,14,habit,habit,NN,NN
3032,Peoples_Republic_of_Korea_1998,0,107,15,of,of,IN,IN
3033,Peoples_Republic_of_Korea_1998,0,107,16,people,people,NNS,NN
3034,Peoples_Republic_of_Korea_1998,0,107,18,s,s,JJ,JJ
3035,Peoples_Republic_of_Korea_1998,0,107,19,life,life,NN,NN
3036,Peoples_Republic_of_Korea_1998,0,107,20,to,to,TO,TO
3037,Peoples_Republic_of_Korea_1998,0,107,21,make,make,VB,VB
3038,Peoples_Republic_of_Korea_1998,0,107,22,people,people,NNS,NN
3039,Peoples_Republic_of_Korea_1998,0,107,23,fully,fully,RB,RB
3040,Peoples_Republic_of_Korea_1998,0,107,24,prepared,prepared,VBN,VB
3041,Peoples_Republic_of_Korea_1998,0,107,25,for,for,IN,IN
3042,Peoples_Republic_of_Korea_1998,0,107,26,labor,labor,NN,NN
3043,Peoples_Republic_of_Korea_1998,0,107,27,and,and,CC,CC
3044,Peoples_Republic_of_Korea_1998,0,107,28,national,national,JJ,JJ
3045,Peoples_Republic_of_Korea_1998,0,107,29,defense,defense,NN,NN
3046,Peoples_Republic_of_Korea_1998,0,107,31,and,and,CC,CC
3047,Peoples_Republic_of_Korea_1998,0,107,32,develop,develop,VB,VB
3048,Peoples_Republic_of_Korea_1998,0,107,33,physical,physical,JJ,JJ
3049,Peoples_Republic_of_Korea_1998,0,107,34,technique,technique,NN,NN
3050,Peoples_Republic_of_Korea_1998,0,107,35,conforming,conforming,VBG,VB
3051,Peoples_Republic_of_Korea_1998,0,107,36,to,to,TO,TO
3052,Peoples_Republic_of_Korea_1998,0,107,37,the,the,DT,DT
3053,Peoples_Republic_of_Korea_1998,0,107,38,actual,actual,JJ,JJ
3054,Peoples_Republic_of_Korea_1998,0,107,39,situation,situation,NN,NN
3055,Peoples_Republic_of_Korea_1998,0,107,40,of,of,IN,IN
3056,Peoples_Republic_of_Korea_1998,0,107,41,our,our,PRP$,PR
3057,Peoples_Republic_of_Korea_1998,0,107,42,country,country,NN,NN
3058,Peoples_Republic_of_Korea_1998,0,107,43,and,and,CC,CC
3059,Peoples_Republic_of_Korea_1998,0,107,44,trends,trends,NNS,NN
3060,Peoples_Republic_of_Korea_1998,0,107,45,in,in,IN,IN
3061,Peoples_Republic_of_Korea_1998,0,107,46,the,the,DT,DT
3062,Peoples_Republic_of_Korea_1998,0,107,47,development,development,NN,NN
3063,Peoples_Republic_of_Korea_1998,0,107,48,of,of,IN,IN
3064,Peoples_Republic_of_Korea_1998,0,107,49,modern,modern,JJ,JJ
3065,Peoples_Republic_of_Korea_1998,0,107,50,physical,physical,JJ,JJ
3066,Peoples_Republic_of_Korea_1998,0,107,51,technique,technique,NN,NN
3067,Peoples_Republic_of_Korea_1998,0,108,0,Article,article,NN,NN
3068,Peoples_Republic_of_Korea_1998,0,108,1,56,56,CD,CD
3069,Peoples_Republic_of_Korea_1998,0,108,2,Share,share,NNP,NN
3070,Peoples_Republic_of_Korea_1998,0,108,3,The,the,DT,DT
3071,Peoples_Republic_of_Korea_1998,0,108,4,State,state,NNP,NN
3072,Peoples_Republic_of_Korea_1998,0,108,5,shall,shall,MD,MD
3073,Peoples_Republic_of_Korea_1998,0,108,6,consolidate,consolidate,VB,VB
3074,Peoples_Republic_of_Korea_1998,0,108,7,and,and,CC,CC
3075,Peoples_Republic_of_Korea_1998,0,108,8,develop,develop,VB,VB
3076,Peoples_Republic_of_Korea_1998,0,108,9,the,the,DT,DT
3077,Peoples_Republic_of_Korea_1998,0,108,10,system,system,NN,NN
3078,Peoples_Republic_of_Korea_1998,0,108,11,of,of,IN,IN
3079,Peoples_Republic_of_Korea_1998,0,108,12,universal,universal,JJ,JJ
3080,Peoples_Republic_of_Korea_1998,0,108,13,free,free,JJ,JJ
3081,Peoples_Republic_of_Korea_1998,0,108,14,medical,medical,JJ,JJ
3082,Peoples_Republic_of_Korea_1998,0,108,15,service,service,NN,NN
3083,Peoples_Republic_of_Korea_1998,0,108,17,and,and,CC,CC
3084,Peoples_Republic_of_Korea_1998,0,108,18,consolidates,consolidates,VBZ,VB
3085,Peoples_Republic_of_Korea_1998,0,108,19,the,the,DT,DT
3086,Peoples_Republic_of_Korea_1998,0,108,20,section,section,NN,NN
3087,Peoples_Republic_of_Korea_1998,0,108,21,doctor,doctor,NN,NN
3088,Peoples_Republic_of_Korea_1998,0,108,22,system,system,NN,NN
3089,Peoples_Republic_of_Korea_1998,0,108,23,and,and,CC,CC
3090,Peoples_Republic_of_Korea_1998,0,108,24,the,the,DT,DT
3091,Peoples_Republic_of_Korea_1998,0,108,25,system,system,NN,NN
3092,Peoples_Republic_of_Korea_1998,0,108,26,of,of,IN,IN
3093,Peoples_Republic_of_Korea_1998,0,108,27,preventive,preventive,JJ,JJ
3094,Peoples_Republic_of_Korea_1998,0,108,28,medicine,medicine,NN,NN
3095,Peoples_Republic_of_Korea_1998,0,108,29,to,to,TO,TO
3096,Peoples_Republic_of_Korea_1998,0,108,30,protect,protect,VB,VB
3097,Peoples_Republic_of_Korea_1998,0,108,31,people,people,NNS,NN
3098,Peoples_Republic_of_Korea_1998,0,108,33,s,s,JJ,JJ
3099,Peoples_Republic_of_Korea_1998,0,108,34,life,life,NN,NN
3100,Peoples_Republic_of_Korea_1998,0,108,35,and,and,CC,CC
3101,Peoples_Republic_of_Korea_1998,0,108,36,improve,improve,VB,VB
3102,Peoples_Republic_of_Korea_1998,0,108,37,working,working,VBG,VB
3103,Peoples_Republic_of_Korea_1998,0,108,38,people,people,NNS,NN
3104,Peoples_Republic_of_Korea_1998,0,108,40,s,s,VBZ,VB
3105,Peoples_Republic_of_Korea_1998,0,108,41,health,health,NN,NN
3106,Peoples_Republic_of_Korea_1998,0,109,0,Article,article,NN,NN
3107,Peoples_Republic_of_Korea_1998,0,109,1,57,57,CD,CD
3108,Peoples_Republic_of_Korea_1998,0,109,2,Share,share,NNP,NN
3109,Peoples_Republic_of_Korea_1998,0,109,3,The,the,DT,DT
3110,Peoples_Republic_of_Korea_1998,0,109,4,State,state,NNP,NN
3111,Peoples_Republic_of_Korea_1998,0,109,5,shall,shall,MD,MD
3112,Peoples_Republic_of_Korea_1998,0,109,6,adopt,adopt,VB,VB
3113,Peoples_Republic_of_Korea_1998,0,109,7,measures,measures,NNS,NN
3114,Peoples_Republic_of_Korea_1998,0,109,8,to,to,TO,TO
3115,Peoples_Republic_of_Korea_1998,0,109,9,protect,protect,VB,VB
3116,Peoples_Republic_of_Korea_1998,0,109,10,the,the,DT,DT
3117,Peoples_Republic_of_Korea_1998,0,109,11,environment,environment,NN,NN
3118,Peoples_Republic_of_Korea_1998,0,109,12,in,in,IN,IN
3119,Peoples_Republic_of_Korea_1998,0,109,13,preference,preference,NN,NN
3120,Peoples_Republic_of_Korea_1998,0,109,14,to,to,TO,TO
3121,Peoples_Republic_of_Korea_1998,0,109,15,production,production,NN,NN
3122,Peoples_Republic_of_Korea_1998,0,109,17,preserve,preserve,NN,NN
3123,Peoples_Republic_of_Korea_1998,0,109,18,and,and,CC,CC
3124,Peoples_Republic_of_Korea_1998,0,109,19,promote,promote,VB,VB
3125,Peoples_Republic_of_Korea_1998,0,109,20,the,the,DT,DT
3126,Peoples_Republic_of_Korea_1998,0,109,21,natural,natural,JJ,JJ
3127,Peoples_Republic_of_Korea_1998,0,109,22,environment,environment,NN,NN
3128,Peoples_Republic_of_Korea_1998,0,109,23,and,and,CC,CC
3129,Peoples_Republic_of_Korea_1998,0,109,24,prevent,prevent,NN,NN
3130,Peoples_Republic_of_Korea_1998,0,109,25,environmental,environmental,JJ,JJ
3131,Peoples_Republic_of_Korea_1998,0,109,26,pollution,pollution,NN,NN
3132,Peoples_Republic_of_Korea_1998,0,109,27,so,so,RB,RB
3133,Peoples_Republic_of_Korea_1998,0,109,28,as,as,IN,IN
3134,Peoples_Republic_of_Korea_1998,0,109,29,to,to,TO,TO
3135,Peoples_Republic_of_Korea_1998,0,109,30,provide,provide,VB,VB
3136,Peoples_Republic_of_Korea_1998,0,109,31,the,the,DT,DT
3137,Peoples_Republic_of_Korea_1998,0,109,32,people,people,NNS,NN
3138,Peoples_Republic_of_Korea_1998,0,109,33,with,with,IN,IN
3139,Peoples_Republic_of_Korea_1998,0,109,34,a,a,DT,DT
3140,Peoples_Republic_of_Korea_1998,0,109,35,hygienic,hygienic,JJ,JJ
3141,Peoples_Republic_of_Korea_1998,0,109,36,environment,environment,NN,NN
3142,Peoples_Republic_of_Korea_1998,0,109,37,and,and,CC,CC
3143,Peoples_Republic_of_Korea_1998,0,109,38,working,working,VBG,VB
3144,Peoples_Republic_of_Korea_1998,0,109,39,conditions,conditions,NNS,NN
3145,Peoples_Republic_of_Korea_1998,0,110,0,Chapter,chapter,NN,NN
3146,Peoples_Republic_of_Korea_1998,0,110,1,4,4,CD,CD
3147,Peoples_Republic_of_Korea_1998,0,111,0,National,national,NNP,NN
3148,Peoples_Republic_of_Korea_1998,0,111,1,Defense,defense,NNP,NN
3149,Peoples_Republic_of_Korea_1998,0,111,2,Share,share,NNP,NN
3150,Peoples_Republic_of_Korea_1998,0,111,3,Article,article,NNP,NN
3151,Peoples_Republic_of_Korea_1998,0,111,4,58,58,CD,CD
3152,Peoples_Republic_of_Korea_1998,0,111,5,Share,share,NNP,NN
3153,Peoples_Republic_of_Korea_1998,0,111,6,The,the,DT,DT
3154,Peoples_Republic_of_Korea_1998,0,111,7,Democratic,democratic,JJ,JJ
3155,Peoples_Republic_of_Korea_1998,0,111,8,People,people,NNP,NN
3156,Peoples_Republic_of_Korea_1998,0,111,10,s,s,VBZ,VB
3157,Peoples_Republic_of_Korea_1998,0,111,11,Republic,republic,NNP,NN
3158,Peoples_Republic_of_Korea_1998,0,111,12,of,of,IN,IN
3159,Peoples_Republic_of_Korea_1998,0,111,13,Korea,korea,NNP,NN
3160,Peoples_Republic_of_Korea_1998,0,111,14,rests,rests,NNS,NN
3161,Peoples_Republic_of_Korea_1998,0,111,15,on,on,IN,IN
3162,Peoples_Republic_of_Korea_1998,0,111,16,the,the,DT,DT
3163,Peoples_Republic_of_Korea_1998,0,111,17,people,people,NNS,NN
3164,Peoples_Republic_of_Korea_1998,0,111,19,s,s,JJ,JJ
3165,Peoples_Republic_of_Korea_1998,0,111,20,nationwide,nationwide,JJ,JJ
3166,Peoples_Republic_of_Korea_1998,0,111,21,defense,defense,NN,NN
3167,Peoples_Republic_of_Korea_1998,0,111,22,system,system,NN,NN
3168,Peoples_Republic_of_Korea_1998,0,112,0,Article,article,NN,NN
3169,Peoples_Republic_of_Korea_1998,0,112,1,59,59,CD,CD
3170,Peoples_Republic_of_Korea_1998,0,112,2,Share,share,NNP,NN
3171,Peoples_Republic_of_Korea_1998,0,112,3,The,the,DT,DT
3172,Peoples_Republic_of_Korea_1998,0,112,4,mission,mission,NN,NN
3173,Peoples_Republic_of_Korea_1998,0,112,5,of,of,IN,IN
3174,Peoples_Republic_of_Korea_1998,0,112,6,the,the,DT,DT
3175,Peoples_Republic_of_Korea_1998,0,112,7,armed,armed,JJ,JJ
3176,Peoples_Republic_of_Korea_1998,0,112,8,forces,forces,NNS,NN
3177,Peoples_Republic_of_Korea_1998,0,112,9,of,of,IN,IN
3178,Peoples_Republic_of_Korea_1998,0,112,10,the,the,DT,DT
3179,Peoples_Republic_of_Korea_1998,0,112,11,DPRK,dprk,NNP,NN
3180,Peoples_Republic_of_Korea_1998,0,112,12,is,is,VBZ,VB
3181,Peoples_Republic_of_Korea_1998,0,112,13,to,to,TO,TO
3182,Peoples_Republic_of_Korea_1998,0,112,14,safeguard,safeguard,VB,VB
3183,Peoples_Republic_of_Korea_1998,0,112,15,the,the,DT,DT
3184,Peoples_Republic_of_Korea_1998,0,112,16,interests,interests,NNS,NN
3185,Peoples_Republic_of_Korea_1998,0,112,17,of,of,IN,IN
3186,Peoples_Republic_of_Korea_1998,0,112,18,the,the,DT,DT
3187,Peoples_Republic_of_Korea_1998,0,112,19,working,working,VBG,VB
3188,Peoples_Republic_of_Korea_1998,0,112,20,people,people,NNS,NN
3189,Peoples_Republic_of_Korea_1998,0,112,22,to,to,TO,TO
3190,Peoples_Republic_of_Korea_1998,0,112,23,defend,defend,VB,VB
3191,Peoples_Republic_of_Korea_1998,0,112,24,the,the,DT,DT
3192,Peoples_Republic_of_Korea_1998,0,112,25,socialist,socialist,JJ,JJ
3193,Peoples_Republic_of_Korea_1998,0,112,26,system,system,NN,NN
3194,Peoples_Republic_of_Korea_1998,0,112,27,and,and,CC,CC
3195,Peoples_Republic_of_Korea_1998,0,112,28,the,the,DT,DT
3196,Peoples_Republic_of_Korea_1998,0,112,29,gains,gains,NNS,NN
3197,Peoples_Republic_of_Korea_1998,0,112,30,of,of,IN,IN
3198,Peoples_Republic_of_Korea_1998,0,112,31,the,the,DT,DT
3199,Peoples_Republic_of_Korea_1998,0,112,32,revolution,revolution,NN,NN
3200,Peoples_Republic_of_Korea_1998,0,112,33,from,from,IN,IN
3201,Peoples_Republic_of_Korea_1998,0,112,34,aggression,aggression,NN,NN
3202,Peoples_Republic_of_Korea_1998,0,112,35,and,and,CC,CC
3203,Peoples_Republic_of_Korea_1998,0,112,36,to,to,TO,TO
3204,Peoples_Republic_of_Korea_1998,0,112,37,protect,protect,VB,VB
3205,Peoples_Republic_of_Korea_1998,0,112,38,the,the,DT,DT
3206,Peoples_Republic_of_Korea_1998,0,112,39,freedom,freedom,NN,NN
3207,Peoples_Republic_of_Korea_1998,0,112,41,independence,independence,NN,NN
3208,Peoples_Republic_of_Korea_1998,0,112,42,and,and,CC,CC
3209,Peoples_Republic_of_Korea_1998,0,112,43,peace,peace,NN,NN
3210,Peoples_Republic_of_Korea_1998,0,112,44,of,of,IN,IN
3211,Peoples_Republic_of_Korea_1998,0,112,45,the,the,DT,DT
3212,Peoples_Republic_of_Korea_1998,0,112,46,country,country,NN,NN
3213,Peoples_Republic_of_Korea_1998,0,113,0,Article,article,NN,NN
3214,Peoples_Republic_of_Korea_1998,0,113,1,60,60,CD,CD
3215,Peoples_Republic_of_Korea_1998,0,113,2,Share,share,NNP,NN
3216,Peoples_Republic_of_Korea_1998,0,113,3,The,the,DT,DT
3217,Peoples_Republic_of_Korea_1998,0,113,4,State,state,NNP,NN
3218,Peoples_Republic_of_Korea_1998,0,113,5,shall,shall,MD,MD
3219,Peoples_Republic_of_Korea_1998,0,113,6,implement,implement,VB,VB
3220,Peoples_Republic_of_Korea_1998,0,113,7,the,the,DT,DT
3221,Peoples_Republic_of_Korea_1998,0,113,8,line,line,NN,NN
3222,Peoples_Republic_of_Korea_1998,0,113,9,of,of,IN,IN
3223,Peoples_Republic_of_Korea_1998,0,113,10,self-reliant,selfreliant,JJ,JJ
3224,Peoples_Republic_of_Korea_1998,0,113,11,defense,defense,NN,NN
3225,Peoples_Republic_of_Korea_1998,0,113,13,the,the,DT,DT
3226,Peoples_Republic_of_Korea_1998,0,113,14,import,import,NN,NN
3227,Peoples_Republic_of_Korea_1998,0,113,15,of,of,IN,IN
3228,Peoples_Republic_of_Korea_1998,0,113,16,which,which,WDT,WD
3229,Peoples_Republic_of_Korea_1998,0,113,17,is,is,VBZ,VB
3230,Peoples_Republic_of_Korea_1998,0,113,18,to,to,TO,TO
3231,Peoples_Republic_of_Korea_1998,0,113,19,arm,arm,VB,VB
3232,Peoples_Republic_of_Korea_1998,0,113,20,the,the,DT,DT
3233,Peoples_Republic_of_Korea_1998,0,113,21,entire,entire,JJ,JJ
3234,Peoples_Republic_of_Korea_1998,0,113,22,people,people,NNS,NN
3235,Peoples_Republic_of_Korea_1998,0,113,24,fortify,fortify,VBP,VB
3236,Peoples_Republic_of_Korea_1998,0,113,25,the,the,DT,DT
3237,Peoples_Republic_of_Korea_1998,0,113,26,country,country,NN,NN
3238,Peoples_Republic_of_Korea_1998,0,113,28,train,train,VBP,VB
3239,Peoples_Republic_of_Korea_1998,0,113,29,the,the,DT,DT
3240,Peoples_Republic_of_Korea_1998,0,113,30,army,army,NN,NN
3241,Peoples_Republic_of_Korea_1998,0,113,31,into,into,IN,IN
3242,Peoples_Republic_of_Korea_1998,0,113,32,a,a,DT,DT
3243,Peoples_Republic_of_Korea_1998,0,113,33,cadre,cadre,JJ,JJ
3244,Peoples_Republic_of_Korea_1998,0,113,34,army,army,NN,NN
3245,Peoples_Republic_of_Korea_1998,0,113,35,and,and,CC,CC
3246,Peoples_Republic_of_Korea_1998,0,113,36,modernize,modernize,VB,VB
3247,Peoples_Republic_of_Korea_1998,0,113,37,the,the,DT,DT
3248,Peoples_Republic_of_Korea_1998,0,113,38,army,army,NN,NN
3249,Peoples_Republic_of_Korea_1998,0,113,39,on,on,IN,IN
3250,Peoples_Republic_of_Korea_1998,0,113,40,the,the,DT,DT
3251,Peoples_Republic_of_Korea_1998,0,113,41,basis,basis,NN,NN
3252,Peoples_Republic_of_Korea_1998,0,113,42,of,of,IN,IN
3253,Peoples_Republic_of_Korea_1998,0,113,43,equipping,equipping,VBG,VB
3254,Peoples_Republic_of_Korea_1998,0,113,44,the,the,DT,DT
3255,Peoples_Republic_of_Korea_1998,0,113,45,army,army,NN,NN
3256,Peoples_Republic_of_Korea_1998,0,113,46,and,and,CC,CC
3257,Peoples_Republic_of_Korea_1998,0,113,47,the,the,DT,DT
3258,Peoples_Republic_of_Korea_1998,0,113,48,people,people,NNS,NN
3259,Peoples_Republic_of_Korea_1998,0,113,49,politically,politically,RB,RB
3260,Peoples_Republic_of_Korea_1998,0,113,50,and,and,CC,CC
3261,Peoples_Republic_of_Korea_1998,0,113,51,ideologically,ideologically,RB,RB
3262,Peoples_Republic_of_Korea_1998,0,114,0,Article,article,NN,NN
3263,Peoples_Republic_of_Korea_1998,0,114,1,61,61,CD,CD
3264,Peoples_Republic_of_Korea_1998,0,114,2,Share,share,NNP,NN
3265,Peoples_Republic_of_Korea_1998,0,114,3,The,the,DT,DT
3266,Peoples_Republic_of_Korea_1998,0,114,4,State,state,NNP,NN
3267,Peoples_Republic_of_Korea_1998,0,114,5,shall,shall,MD,MD
3268,Peoples_Republic_of_Korea_1998,0,114,6,strengthen,strengthen,VB,VB
3269,Peoples_Republic_of_Korea_1998,0,114,7,military,military,JJ,JJ
3270,Peoples_Republic_of_Korea_1998,0,114,8,and,and,CC,CC
3271,Peoples_Republic_of_Korea_1998,0,114,9,mass,mass,JJ,JJ
3272,Peoples_Republic_of_Korea_1998,0,114,10,discipline,discipline,NN,NN
3273,Peoples_Republic_of_Korea_1998,0,114,11,in,in,IN,IN
3274,Peoples_Republic_of_Korea_1998,0,114,12,the,the,DT,DT
3275,Peoples_Republic_of_Korea_1998,0,114,13,army,army,NN,NN
3276,Peoples_Republic_of_Korea_1998,0,114,14,and,and,CC,CC
3277,Peoples_Republic_of_Korea_1998,0,114,15,promote,promote,VB,VB
3278,Peoples_Republic_of_Korea_1998,0,114,16,the,the,DT,DT
3279,Peoples_Republic_of_Korea_1998,0,114,17,display,display,NN,NN
3280,Peoples_Republic_of_Korea_1998,0,114,18,of,of,IN,IN
3281,Peoples_Republic_of_Korea_1998,0,114,19,the,the,DT,DT
3282,Peoples_Republic_of_Korea_1998,0,114,20,noble,noble,JJ,JJ
3283,Peoples_Republic_of_Korea_1998,0,114,21,traditional,traditional,JJ,JJ
3284,Peoples_Republic_of_Korea_1998,0,114,22,trait,trait,NN,NN
3285,Peoples_Republic_of_Korea_1998,0,114,23,of,of,IN,IN
3286,Peoples_Republic_of_Korea_1998,0,114,24,unity,unity,NN,NN
3287,Peoples_Republic_of_Korea_1998,0,114,25,between,between,IN,IN
3288,Peoples_Republic_of_Korea_1998,0,114,26,officers,officers,NNS,NN
3289,Peoples_Republic_of_Korea_1998,0,114,27,and,and,CC,CC
3290,Peoples_Republic_of_Korea_1998,0,114,28,men,men,NNS,NN
3291,Peoples_Republic_of_Korea_1998,0,114,29,and,and,CC,CC
3292,Peoples_Republic_of_Korea_1998,0,114,30,unity,unity,NN,NN
3293,Peoples_Republic_of_Korea_1998,0,114,31,between,between,IN,IN
3294,Peoples_Republic_of_Korea_1998,0,114,32,the,the,DT,DT
3295,Peoples_Republic_of_Korea_1998,0,114,33,army,army,NN,NN
3296,Peoples_Republic_of_Korea_1998,0,114,34,and,and,CC,CC
3297,Peoples_Republic_of_Korea_1998,0,114,35,the,the,DT,DT
3298,Peoples_Republic_of_Korea_1998,0,114,36,people,people,NNS,NN
3299,Peoples_Republic_of_Korea_1998,0,115,0,Chapter,chapter,NN,NN
3300,Peoples_Republic_of_Korea_1998,0,115,1,5,5,CD,CD
3301,Peoples_Republic_of_Korea_1998,0,116,0,Fundamental,fundamental,JJ,JJ
3302,Peoples_Republic_of_Korea_1998,0,116,1,Rights,rights,NNPS,NN
3303,Peoples_Republic_of_Korea_1998,0,116,2,and,and,CC,CC
3304,Peoples_Republic_of_Korea_1998,0,116,3,Duties,duties,NNPS,NN
3305,Peoples_Republic_of_Korea_1998,0,116,4,of,of,IN,IN
3306,Peoples_Republic_of_Korea_1998,0,116,5,Citizens,citizens,NNPS,NN
3307,Peoples_Republic_of_Korea_1998,0,116,6,Share,share,NNP,NN
3308,Peoples_Republic_of_Korea_1998,0,116,7,Article,article,NNP,NN
3309,Peoples_Republic_of_Korea_1998,0,116,8,62,62,CD,CD
3310,Peoples_Republic_of_Korea_1998,0,116,9,Share,share,NNP,NN
3311,Peoples_Republic_of_Korea_1998,0,116,10,The,the,DT,DT
3312,Peoples_Republic_of_Korea_1998,0,116,11,terms,terms,NNS,NN
3313,Peoples_Republic_of_Korea_1998,0,116,12,for,for,IN,IN
3314,Peoples_Republic_of_Korea_1998,0,116,13,becoming,becoming,VBG,VB
3315,Peoples_Republic_of_Korea_1998,0,116,14,a,a,DT,DT
3316,Peoples_Republic_of_Korea_1998,0,116,15,citizen,citizen,NN,NN
3317,Peoples_Republic_of_Korea_1998,0,116,16,of,of,IN,IN
3318,Peoples_Republic_of_Korea_1998,0,116,17,the,the,DT,DT
3319,Peoples_Republic_of_Korea_1998,0,116,18,Democratic,democratic,JJ,JJ
3320,Peoples_Republic_of_Korea_1998,0,116,19,People,people,NNP,NN
3321,Peoples_Republic_of_Korea_1998,0,116,21,s,s,VBZ,VB
3322,Peoples_Republic_of_Korea_1998,0,116,22,Republic,republic,NNP,NN
3323,Peoples_Republic_of_Korea_1998,0,116,23,of,of,IN,IN
3324,Peoples_Republic_of_Korea_1998,0,116,24,Korea,korea,NNP,NN
3325,Peoples_Republic_of_Korea_1998,0,116,25,are,are,VBP,VB
3326,Peoples_Republic_of_Korea_1998,0,116,26,defined,defined,VBN,VB
3327,Peoples_Republic_of_Korea_1998,0,116,27,by,by,IN,IN
3328,Peoples_Republic_of_Korea_1998,0,116,28,the,the,DT,DT
3329,Peoples_Republic_of_Korea_1998,0,116,29,Law,law,NNP,NN
3330,Peoples_Republic_of_Korea_1998,0,116,30,on,on,IN,IN
3331,Peoples_Republic_of_Korea_1998,0,116,31,Nationality,nationality,NNP,NN
3332,Peoples_Republic_of_Korea_1998,0,117,0,A,a,DT,DT
3333,Peoples_Republic_of_Korea_1998,0,117,1,citizen,citizen,NN,NN
3334,Peoples_Republic_of_Korea_1998,0,117,2,is,is,VBZ,VB
3335,Peoples_Republic_of_Korea_1998,0,117,3,under,under,IN,IN
3336,Peoples_Republic_of_Korea_1998,0,117,4,the,the,DT,DT
3337,Peoples_Republic_of_Korea_1998,0,117,5,protection,protection,NN,NN
3338,Peoples_Republic_of_Korea_1998,0,117,6,of,of,IN,IN
3339,Peoples_Republic_of_Korea_1998,0,117,7,the,the,DT,DT
3340,Peoples_Republic_of_Korea_1998,0,117,8,DPRK,dprk,NNP,NN
3341,Peoples_Republic_of_Korea_1998,0,117,9,regardless,regardless,NN,NN
3342,Peoples_Republic_of_Korea_1998,0,117,10,of,of,IN,IN
3343,Peoples_Republic_of_Korea_1998,0,117,11,the,the,DT,DT
3344,Peoples_Republic_of_Korea_1998,0,117,12,domicile,domicile,NN,NN
3345,Peoples_Republic_of_Korea_1998,0,118,0,Article,article,NN,NN
3346,Peoples_Republic_of_Korea_1998,0,118,1,63,63,CD,CD
3347,Peoples_Republic_of_Korea_1998,0,118,2,Share,share,NN,NN
3348,Peoples_Republic_of_Korea_1998,0,118,3,In,in,IN,IN
3349,Peoples_Republic_of_Korea_1998,0,118,4,the,the,DT,DT
3350,Peoples_Republic_of_Korea_1998,0,118,5,DPRK,dprk,NNP,NN
3351,Peoples_Republic_of_Korea_1998,0,118,6,the,the,DT,DT
3352,Peoples_Republic_of_Korea_1998,0,118,7,rights,rights,NNS,NN
3353,Peoples_Republic_of_Korea_1998,0,118,8,and,and,CC,CC
3354,Peoples_Republic_of_Korea_1998,0,118,9,duties,duties,NNS,NN
3355,Peoples_Republic_of_Korea_1998,0,118,10,of,of,IN,IN
3356,Peoples_Republic_of_Korea_1998,0,118,11,citizens,citizens,NNS,NN
3357,Peoples_Republic_of_Korea_1998,0,118,12,are,are,VBP,VB
3358,Peoples_Republic_of_Korea_1998,0,118,13,based,based,VBN,VB
3359,Peoples_Republic_of_Korea_1998,0,118,14,on,on,IN,IN
3360,Peoples_Republic_of_Korea_1998,0,118,15,the,the,DT,DT
3361,Peoples_Republic_of_Korea_1998,0,118,16,collectivist,collectivist,NN,NN
3362,Peoples_Republic_of_Korea_1998,0,118,17,principle,principle,NN,NN
3363,Peoples_Republic_of_Korea_1998,0,118,20,One,one,CD,CD
3364,Peoples_Republic_of_Korea_1998,0,118,21,for,for,IN,IN
3365,Peoples_Republic_of_Korea_1998,0,118,22,all,all,DT,DT
3366,Peoples_Republic_of_Korea_1998,0,118,23,and,and,CC,CC
3367,Peoples_Republic_of_Korea_1998,0,118,24,all,all,DT,DT
3368,Peoples_Republic_of_Korea_1998,0,118,25,for,for,IN,IN
3369,Peoples_Republic_of_Korea_1998,0,118,26,one.,one,NN,NN
3370,Peoples_Republic_of_Korea_1998,0,118,28,Article,article,NNP,NN
3371,Peoples_Republic_of_Korea_1998,0,118,29,64,64,CD,CD
3372,Peoples_Republic_of_Korea_1998,0,118,30,Share,share,NNP,NN
3373,Peoples_Republic_of_Korea_1998,0,118,31,The,the,DT,DT
3374,Peoples_Republic_of_Korea_1998,0,118,32,State,state,NNP,NN
3375,Peoples_Republic_of_Korea_1998,0,118,33,shall,shall,MD,MD
3376,Peoples_Republic_of_Korea_1998,0,118,34,effectively,effectively,RB,RB
3377,Peoples_Republic_of_Korea_1998,0,118,35,guarantee,guarantee,VB,VB
3378,Peoples_Republic_of_Korea_1998,0,118,36,genuine,genuine,JJ,JJ
3379,Peoples_Republic_of_Korea_1998,0,118,37,democratic,democratic,JJ,JJ
3380,Peoples_Republic_of_Korea_1998,0,118,38,rights,rights,NNS,NN
3381,Peoples_Republic_of_Korea_1998,0,118,39,and,and,CC,CC
3382,Peoples_Republic_of_Korea_1998,0,118,40,liberties,liberties,NNS,NN
3383,Peoples_Republic_of_Korea_1998,0,118,41,as,as,RB,RB
3384,Peoples_Republic_of_Korea_1998,0,118,42,well,well,RB,RB
3385,Peoples_Republic_of_Korea_1998,0,118,43,as,as,IN,IN
3386,Peoples_Republic_of_Korea_1998,0,118,44,the,the,DT,DT
3387,Peoples_Republic_of_Korea_1998,0,118,45,material,material,NN,NN
3388,Peoples_Republic_of_Korea_1998,0,118,46,and,and,CC,CC
3389,Peoples_Republic_of_Korea_1998,0,118,47,cultural,cultural,JJ,JJ
3390,Peoples_Republic_of_Korea_1998,0,118,48,well-being,wellbeing,NN,NN
3391,Peoples_Republic_of_Korea_1998,0,118,49,of,of,IN,IN
3392,Peoples_Republic_of_Korea_1998,0,118,50,its,its,PRP$,PR
3393,Peoples_Republic_of_Korea_1998,0,118,51,citizens,citizens,NNS,NN
3394,Peoples_Republic_of_Korea_1998,0,119,0,In,in,IN,IN
3395,Peoples_Republic_of_Korea_1998,0,119,1,the,the,DT,DT
3396,Peoples_Republic_of_Korea_1998,0,119,2,DPRK,dprk,NNP,NN
3397,Peoples_Republic_of_Korea_1998,0,119,3,the,the,DT,DT
3398,Peoples_Republic_of_Korea_1998,0,119,4,rights,rights,NNS,NN
3399,Peoples_Republic_of_Korea_1998,0,119,5,and,and,CC,CC
3400,Peoples_Republic_of_Korea_1998,0,119,6,freedom,freedom,NN,NN
3401,Peoples_Republic_of_Korea_1998,0,119,7,of,of,IN,IN
3402,Peoples_Republic_of_Korea_1998,0,119,8,citizens,citizens,NNS,NN
3403,Peoples_Republic_of_Korea_1998,0,119,9,shall,shall,MD,MD
3404,Peoples_Republic_of_Korea_1998,0,119,10,be,be,VB,VB
3405,Peoples_Republic_of_Korea_1998,0,119,11,amplified,amplified,VBN,VB
3406,Peoples_Republic_of_Korea_1998,0,119,12,with,with,IN,IN
3407,Peoples_Republic_of_Korea_1998,0,119,13,the,the,DT,DT
3408,Peoples_Republic_of_Korea_1998,0,119,14,consolidation,consolidation,NN,NN
3409,Peoples_Republic_of_Korea_1998,0,119,15,and,and,CC,CC
3410,Peoples_Republic_of_Korea_1998,0,119,16,development,development,NN,NN
3411,Peoples_Republic_of_Korea_1998,0,119,17,of,of,IN,IN
3412,Peoples_Republic_of_Korea_1998,0,119,18,the,the,DT,DT
3413,Peoples_Republic_of_Korea_1998,0,119,19,social,social,JJ,JJ
3414,Peoples_Republic_of_Korea_1998,0,119,20,system,system,NN,NN
3415,Peoples_Republic_of_Korea_1998,0,120,0,Article,article,NN,NN
3416,Peoples_Republic_of_Korea_1998,0,120,1,65,65,CD,CD
3417,Peoples_Republic_of_Korea_1998,0,120,2,Share,share,NN,NN
3418,Peoples_Republic_of_Korea_1998,0,120,3,Citizens,citizens,NNP,NN
3419,Peoples_Republic_of_Korea_1998,0,120,4,enjoy,enjoy,VBZ,VB
3420,Peoples_Republic_of_Korea_1998,0,120,5,equal,equal,JJ,JJ
3421,Peoples_Republic_of_Korea_1998,0,120,6,rights,rights,NNS,NN
3422,Peoples_Republic_of_Korea_1998,0,120,7,in,in,IN,IN
3423,Peoples_Republic_of_Korea_1998,0,120,8,all,all,DT,DT
3424,Peoples_Republic_of_Korea_1998,0,120,9,spheres,spheres,NNS,NN
3425,Peoples_Republic_of_Korea_1998,0,120,10,of,of,IN,IN
3426,Peoples_Republic_of_Korea_1998,0,120,11,State,state,NNP,NN
3427,Peoples_Republic_of_Korea_1998,0,120,12,and,and,CC,CC
3428,Peoples_Republic_of_Korea_1998,0,120,13,public,public,JJ,JJ
3429,Peoples_Republic_of_Korea_1998,0,120,14,activities,activities,NNS,NN
3430,Peoples_Republic_of_Korea_1998,0,121,0,Article,article,NN,NN
3431,Peoples_Republic_of_Korea_1998,0,121,1,66,66,CD,CD
3432,Peoples_Republic_of_Korea_1998,0,121,2,Share,share,NNP,NN
3433,Peoples_Republic_of_Korea_1998,0,121,3,All,all,NNP,NN
3434,Peoples_Republic_of_Korea_1998,0,121,4,citizens,citizens,NNS,NN
3435,Peoples_Republic_of_Korea_1998,0,121,5,who,who,WP,WP
3436,Peoples_Republic_of_Korea_1998,0,121,6,have,have,VBP,VB
3437,Peoples_Republic_of_Korea_1998,0,121,7,reached,reached,VBN,VB
3438,Peoples_Republic_of_Korea_1998,0,121,8,the,the,DT,DT
3439,Peoples_Republic_of_Korea_1998,0,121,9,age,age,NN,NN
3440,Peoples_Republic_of_Korea_1998,0,121,10,of,of,IN,IN
3441,Peoples_Republic_of_Korea_1998,0,121,11,17,17,CD,CD
3442,Peoples_Republic_of_Korea_1998,0,121,12,have,have,VBP,VB
3443,Peoples_Republic_of_Korea_1998,0,121,13,the,the,DT,DT
3444,Peoples_Republic_of_Korea_1998,0,121,14,right,right,NN,NN
3445,Peoples_Republic_of_Korea_1998,0,121,15,to,to,TO,TO
3446,Peoples_Republic_of_Korea_1998,0,121,16,elect,elect,VB,VB
3447,Peoples_Republic_of_Korea_1998,0,121,17,and,and,CC,CC
3448,Peoples_Republic_of_Korea_1998,0,121,18,to,to,TO,TO
3449,Peoples_Republic_of_Korea_1998,0,121,19,be,be,VB,VB
3450,Peoples_Republic_of_Korea_1998,0,121,20,elected,elected,VBN,VB
3451,Peoples_Republic_of_Korea_1998,0,121,22,irrespective,irrespective,JJ,JJ
3452,Peoples_Republic_of_Korea_1998,0,121,23,of,of,IN,IN
3453,Peoples_Republic_of_Korea_1998,0,121,24,sex,sex,NN,NN
3454,Peoples_Republic_of_Korea_1998,0,121,26,race,race,NN,NN
3455,Peoples_Republic_of_Korea_1998,0,121,28,occupation,occupation,NN,NN
3456,Peoples_Republic_of_Korea_1998,0,121,30,length,length,NN,NN
3457,Peoples_Republic_of_Korea_1998,0,121,31,of,of,IN,IN
3458,Peoples_Republic_of_Korea_1998,0,121,32,residence,residence,NN,NN
3459,Peoples_Republic_of_Korea_1998,0,121,34,property,property,NN,NN
3460,Peoples_Republic_of_Korea_1998,0,121,35,status,status,NN,NN
3461,Peoples_Republic_of_Korea_1998,0,121,37,education,education,NN,NN
3462,Peoples_Republic_of_Korea_1998,0,121,38,party,party,NN,NN
3463,Peoples_Republic_of_Korea_1998,0,121,39,affiliation,affiliation,NN,NN
3464,Peoples_Republic_of_Korea_1998,0,121,41,political,political,JJ,JJ
3465,Peoples_Republic_of_Korea_1998,0,121,42,views,views,NNS,NN
3466,Peoples_Republic_of_Korea_1998,0,121,43,or,or,CC,CC
3467,Peoples_Republic_of_Korea_1998,0,121,44,religion,religion,NN,NN
3468,Peoples_Republic_of_Korea_1998,0,122,0,Citizens,citizens,NNS,NN
3469,Peoples_Republic_of_Korea_1998,0,122,1,serving,serving,VBG,VB
3470,Peoples_Republic_of_Korea_1998,0,122,2,in,in,IN,IN
3471,Peoples_Republic_of_Korea_1998,0,122,3,the,the,DT,DT
3472,Peoples_Republic_of_Korea_1998,0,122,4,armed,armed,NN,NN
3473,Peoples_Republic_of_Korea_1998,0,122,5,forces,forces,NNS,NN
3474,Peoples_Republic_of_Korea_1998,0,122,6,also,also,RB,RB
3475,Peoples_Republic_of_Korea_1998,0,122,7,have,have,VBP,VB
3476,Peoples_Republic_of_Korea_1998,0,122,8,the,the,DT,DT
3477,Peoples_Republic_of_Korea_1998,0,122,9,right,right,NN,NN
3478,Peoples_Republic_of_Korea_1998,0,122,10,to,to,TO,TO
3479,Peoples_Republic_of_Korea_1998,0,122,11,elect,elect,VB,VB
3480,Peoples_Republic_of_Korea_1998,0,122,12,and,and,CC,CC
3481,Peoples_Republic_of_Korea_1998,0,122,13,to,to,TO,TO
3482,Peoples_Republic_of_Korea_1998,0,122,14,be,be,VB,VB
3483,Peoples_Republic_of_Korea_1998,0,122,15,elected,elected,VBN,VB
3484,Peoples_Republic_of_Korea_1998,0,123,0,A,a,DT,DT
3485,Peoples_Republic_of_Korea_1998,0,123,1,person,person,NN,NN
3486,Peoples_Republic_of_Korea_1998,0,123,2,who,who,WP,WP
3487,Peoples_Republic_of_Korea_1998,0,123,3,has,has,VBZ,VB
3488,Peoples_Republic_of_Korea_1998,0,123,4,been,been,VBN,VB
3489,Peoples_Republic_of_Korea_1998,0,123,5,disenfranchised,disenfranchised,VBN,VB
3490,Peoples_Republic_of_Korea_1998,0,123,6,by,by,IN,IN
3491,Peoples_Republic_of_Korea_1998,0,123,7,a,a,DT,DT
3492,Peoples_Republic_of_Korea_1998,0,123,8,Court,court,NNP,NN
3493,Peoples_Republic_of_Korea_1998,0,123,9,decision,decision,NN,NN
3494,Peoples_Republic_of_Korea_1998,0,123,10,and,and,CC,CC
3495,Peoples_Republic_of_Korea_1998,0,123,11,a,a,DT,DT
3496,Peoples_Republic_of_Korea_1998,0,123,12,person,person,NN,NN
3497,Peoples_Republic_of_Korea_1998,0,123,13,legally,legally,RB,RB
3498,Peoples_Republic_of_Korea_1998,0,123,14,certified,certified,VBD,VB
3499,Peoples_Republic_of_Korea_1998,0,123,15,insane,insane,NN,NN
3500,Peoples_Republic_of_Korea_1998,0,123,16,do,do,VBP,VB
3501,Peoples_Republic_of_Korea_1998,0,123,17,not,not,RB,RB
3502,Peoples_Republic_of_Korea_1998,0,123,18,have,have,VB,VB
3503,Peoples_Republic_of_Korea_1998,0,123,19,the,the,DT,DT
3504,Peoples_Republic_of_Korea_1998,0,123,20,right,right,NN,NN
3505,Peoples_Republic_of_Korea_1998,0,123,21,to,to,TO,TO
3506,Peoples_Republic_of_Korea_1998,0,123,22,elect,elect,VB,VB
3507,Peoples_Republic_of_Korea_1998,0,123,23,or,or,CC,CC
3508,Peoples_Republic_of_Korea_1998,0,123,24,to,to,TO,TO
3509,Peoples_Republic_of_Korea_1998,0,123,25,be,be,VB,VB
3510,Peoples_Republic_of_Korea_1998,0,123,26,elected,elected,VBN,VB
3511,Peoples_Republic_of_Korea_1998,0,124,0,Article,article,NN,NN
3512,Peoples_Republic_of_Korea_1998,0,124,1,67,67,CD,CD
3513,Peoples_Republic_of_Korea_1998,0,124,2,Share,share,NN,NN
3514,Peoples_Republic_of_Korea_1998,0,124,3,Citizens,citizens,NNP,NN
3515,Peoples_Republic_of_Korea_1998,0,124,4,are,are,VBP,VB
3516,Peoples_Republic_of_Korea_1998,0,124,5,guaranteed,guaranteed,VBN,VB
3517,Peoples_Republic_of_Korea_1998,0,124,6,freedom,freedom,NN,NN
3518,Peoples_Republic_of_Korea_1998,0,124,7,of,of,IN,IN
3519,Peoples_Republic_of_Korea_1998,0,124,8,speech,speech,NN,NN
3520,Peoples_Republic_of_Korea_1998,0,124,10,of,of,IN,IN
3521,Peoples_Republic_of_Korea_1998,0,124,11,the,the,DT,DT
3522,Peoples_Republic_of_Korea_1998,0,124,12,press,press,NN,NN
3523,Peoples_Republic_of_Korea_1998,0,124,14,of,of,IN,IN
3524,Peoples_Republic_of_Korea_1998,0,124,15,assembly,assembly,NN,NN
3525,Peoples_Republic_of_Korea_1998,0,124,17,demonstration,demonstration,NN,NN
3526,Peoples_Republic_of_Korea_1998,0,124,18,and,and,CC,CC
3527,Peoples_Republic_of_Korea_1998,0,124,19,association,association,NN,NN
3528,Peoples_Republic_of_Korea_1998,0,125,0,The,the,DT,DT
3529,Peoples_Republic_of_Korea_1998,0,125,1,State,state,NNP,NN
3530,Peoples_Republic_of_Korea_1998,0,125,2,shall,shall,MD,MD
3531,Peoples_Republic_of_Korea_1998,0,125,3,guarantee,guarantee,VB,VB
3532,Peoples_Republic_of_Korea_1998,0,125,4,conditions,conditions,NNS,NN
3533,Peoples_Republic_of_Korea_1998,0,125,5,for,for,IN,IN
3534,Peoples_Republic_of_Korea_1998,0,125,6,the,the,DT,DT
3535,Peoples_Republic_of_Korea_1998,0,125,7,free,free,JJ,JJ
3536,Peoples_Republic_of_Korea_1998,0,125,8,activity,activity,NN,NN
3537,Peoples_Republic_of_Korea_1998,0,125,9,of,of,IN,IN
3538,Peoples_Republic_of_Korea_1998,0,125,10,democratic,democratic,JJ,JJ
3539,Peoples_Republic_of_Korea_1998,0,125,11,political,political,JJ,JJ
3540,Peoples_Republic_of_Korea_1998,0,125,12,parties,parties,NNS,NN
3541,Peoples_Republic_of_Korea_1998,0,125,13,and,and,CC,CC
3542,Peoples_Republic_of_Korea_1998,0,125,14,social,social,JJ,JJ
3543,Peoples_Republic_of_Korea_1998,0,125,15,organizations,organizations,NNS,NN
3544,Peoples_Republic_of_Korea_1998,0,126,0,Article,article,NN,NN
3545,Peoples_Republic_of_Korea_1998,0,126,1,68,68,CD,CD
3546,Peoples_Republic_of_Korea_1998,0,126,2,Share,share,NN,NN
3547,Peoples_Republic_of_Korea_1998,0,126,3,Citizens,citizens,NNS,NN
3548,Peoples_Republic_of_Korea_1998,0,126,4,have,have,VBP,VB
3549,Peoples_Republic_of_Korea_1998,0,126,5,freedom,freedom,NN,NN
3550,Peoples_Republic_of_Korea_1998,0,126,6,of,of,IN,IN
3551,Peoples_Republic_of_Korea_1998,0,126,7,religious,religious,JJ,JJ
3552,Peoples_Republic_of_Korea_1998,0,126,8,beliefs,beliefs,NNS,NN
3553,Peoples_Republic_of_Korea_1998,0,127,0,This,this,DT,DT
3554,Peoples_Republic_of_Korea_1998,0,127,1,right,right,NN,NN
3555,Peoples_Republic_of_Korea_1998,0,127,2,is,is,VBZ,VB
3556,Peoples_Republic_of_Korea_1998,0,127,3,granted,granted,VBN,VB
3557,Peoples_Republic_of_Korea_1998,0,127,4,by,by,IN,IN
3558,Peoples_Republic_of_Korea_1998,0,127,5,approving,approving,VBG,VB
3559,Peoples_Republic_of_Korea_1998,0,127,6,the,the,DT,DT
3560,Peoples_Republic_of_Korea_1998,0,127,7,construction,construction,NN,NN
3561,Peoples_Republic_of_Korea_1998,0,127,8,of,of,IN,IN
3562,Peoples_Republic_of_Korea_1998,0,127,9,religious,religious,JJ,JJ
3563,Peoples_Republic_of_Korea_1998,0,127,10,buildings,buildings,NNS,NN
3564,Peoples_Republic_of_Korea_1998,0,127,11,and,and,CC,CC
3565,Peoples_Republic_of_Korea_1998,0,127,12,the,the,DT,DT
3566,Peoples_Republic_of_Korea_1998,0,127,13,holding,holding,NN,NN
3567,Peoples_Republic_of_Korea_1998,0,127,14,of,of,IN,IN
3568,Peoples_Republic_of_Korea_1998,0,127,15,religious,religious,JJ,JJ
3569,Peoples_Republic_of_Korea_1998,0,127,16,ceremonies,ceremonies,NNS,NN
3570,Peoples_Republic_of_Korea_1998,0,128,0,No,no,DT,DT
3571,Peoples_Republic_of_Korea_1998,0,128,1,one,one,NN,NN
3572,Peoples_Republic_of_Korea_1998,0,128,2,may,may,MD,MD
3573,Peoples_Republic_of_Korea_1998,0,128,3,use,use,VB,VB
3574,Peoples_Republic_of_Korea_1998,0,128,4,religion,religion,NN,NN
3575,Peoples_Republic_of_Korea_1998,0,128,5,as,as,IN,IN
3576,Peoples_Republic_of_Korea_1998,0,128,6,a,a,DT,DT
3577,Peoples_Republic_of_Korea_1998,0,128,7,pretext,pretext,NN,NN
3578,Peoples_Republic_of_Korea_1998,0,128,8,for,for,IN,IN
3579,Peoples_Republic_of_Korea_1998,0,128,9,drawing,drawing,VBG,VB
3580,Peoples_Republic_of_Korea_1998,0,128,10,in,in,IN,IN
3581,Peoples_Republic_of_Korea_1998,0,128,11,foreign,foreign,JJ,JJ
3582,Peoples_Republic_of_Korea_1998,0,128,12,forces,forces,NNS,NN
3583,Peoples_Republic_of_Korea_1998,0,128,13,or,or,CC,CC
3584,Peoples_Republic_of_Korea_1998,0,128,14,for,for,IN,IN
3585,Peoples_Republic_of_Korea_1998,0,128,15,harming,harming,VBG,VB
3586,Peoples_Republic_of_Korea_1998,0,128,16,the,the,DT,DT
3587,Peoples_Republic_of_Korea_1998,0,128,17,State,state,NNP,NN
3588,Peoples_Republic_of_Korea_1998,0,128,18,and,and,CC,CC
3589,Peoples_Republic_of_Korea_1998,0,128,19,social,social,JJ,JJ
3590,Peoples_Republic_of_Korea_1998,0,128,20,order,order,NN,NN
3591,Peoples_Republic_of_Korea_1998,0,129,0,Article,article,NN,NN
3592,Peoples_Republic_of_Korea_1998,0,129,1,69,69,CD,CD
3593,Peoples_Republic_of_Korea_1998,0,129,2,Share,share,NN,NN
3594,Peoples_Republic_of_Korea_1998,0,129,3,Citizens,citizens,NNS,NN
3595,Peoples_Republic_of_Korea_1998,0,129,4,are,are,VBP,VB
3596,Peoples_Republic_of_Korea_1998,0,129,5,entitled,entitled,VBN,VB
3597,Peoples_Republic_of_Korea_1998,0,129,6,to,to,TO,TO
3598,Peoples_Republic_of_Korea_1998,0,129,7,submit,submit,VB,VB
3599,Peoples_Republic_of_Korea_1998,0,129,8,complaints,complaints,NNS,NN
3600,Peoples_Republic_of_Korea_1998,0,129,9,and,and,CC,CC
3601,Peoples_Republic_of_Korea_1998,0,129,10,petitions,petitions,NNS,NN
3602,Peoples_Republic_of_Korea_1998,0,130,0,Complaints,complaints,NNS,NN
3603,Peoples_Republic_of_Korea_1998,0,130,1,and,and,CC,CC
3604,Peoples_Republic_of_Korea_1998,0,130,2,petitions,petitions,NNS,NN
3605,Peoples_Republic_of_Korea_1998,0,130,3,shall,shall,MD,MD
3606,Peoples_Republic_of_Korea_1998,0,130,4,be,be,VB,VB
3607,Peoples_Republic_of_Korea_1998,0,130,5,investigated,investigated,VBN,VB
3608,Peoples_Republic_of_Korea_1998,0,130,6,and,and,CC,CC
3609,Peoples_Republic_of_Korea_1998,0,130,7,dealt,dealt,NN,NN
3610,Peoples_Republic_of_Korea_1998,0,130,8,with,with,IN,IN
3611,Peoples_Republic_of_Korea_1998,0,130,9,according,according,VBG,VB
3612,Peoples_Republic_of_Korea_1998,0,130,10,to,to,TO,TO
3613,Peoples_Republic_of_Korea_1998,0,130,11,procedure,procedure,NN,NN
3614,Peoples_Republic_of_Korea_1998,0,130,12,and,and,CC,CC
3615,Peoples_Republic_of_Korea_1998,0,130,13,within,within,IN,IN
3616,Peoples_Republic_of_Korea_1998,0,130,14,the,the,DT,DT
3617,Peoples_Republic_of_Korea_1998,0,130,15,period,period,NN,NN
3618,Peoples_Republic_of_Korea_1998,0,130,16,fixed,fixed,VBN,VB
3619,Peoples_Republic_of_Korea_1998,0,130,17,by,by,IN,IN
3620,Peoples_Republic_of_Korea_1998,0,130,18,law,law,NN,NN
3621,Peoples_Republic_of_Korea_1998,0,131,0,Article,article,NN,NN
3622,Peoples_Republic_of_Korea_1998,0,131,1,70,70,CD,CD
3623,Peoples_Republic_of_Korea_1998,0,131,2,Share,share,NN,NN
3624,Peoples_Republic_of_Korea_1998,0,131,3,Citizens,citizens,NNS,NN
3625,Peoples_Republic_of_Korea_1998,0,131,4,have,have,VBP,VB
3626,Peoples_Republic_of_Korea_1998,0,131,5,the,the,DT,DT
3627,Peoples_Republic_of_Korea_1998,0,131,6,right,right,NN,NN
3628,Peoples_Republic_of_Korea_1998,0,131,7,to,to,TO,TO
3629,Peoples_Republic_of_Korea_1998,0,131,8,work,work,VB,VB
3630,Peoples_Republic_of_Korea_1998,0,132,0,All,all,DT,DT
3631,Peoples_Republic_of_Korea_1998,0,132,1,able-bodied,ablebodied,JJ,JJ
3632,Peoples_Republic_of_Korea_1998,0,132,2,citizens,citizens,NNS,NN
3633,Peoples_Republic_of_Korea_1998,0,132,3,choose,choose,JJ,JJ
3634,Peoples_Republic_of_Korea_1998,0,132,4,occupations,occupations,NNS,NN
3635,Peoples_Republic_of_Korea_1998,0,132,5,in,in,IN,IN
3636,Peoples_Republic_of_Korea_1998,0,132,6,accordance,accordance,NN,NN
3637,Peoples_Republic_of_Korea_1998,0,132,7,with,with,IN,IN
3638,Peoples_Republic_of_Korea_1998,0,132,8,their,their,PRP$,PR
3639,Peoples_Republic_of_Korea_1998,0,132,9,wishes,wishes,NNS,NN
3640,Peoples_Republic_of_Korea_1998,0,132,10,and,and,CC,CC
3641,Peoples_Republic_of_Korea_1998,0,132,11,skills,skills,NNS,NN
3642,Peoples_Republic_of_Korea_1998,0,132,12,and,and,CC,CC
3643,Peoples_Republic_of_Korea_1998,0,132,13,are,are,VBP,VB
3644,Peoples_Republic_of_Korea_1998,0,132,14,provided,provided,VBN,VB
3645,Peoples_Republic_of_Korea_1998,0,132,15,with,with,IN,IN
3646,Peoples_Republic_of_Korea_1998,0,132,16,stable,stable,JJ,JJ
3647,Peoples_Republic_of_Korea_1998,0,132,17,jobs,jobs,NNS,NN
3648,Peoples_Republic_of_Korea_1998,0,132,18,and,and,CC,CC
3649,Peoples_Republic_of_Korea_1998,0,132,19,working,working,VBG,VB
3650,Peoples_Republic_of_Korea_1998,0,132,20,conditions,conditions,NNS,NN
3651,Peoples_Republic_of_Korea_1998,0,133,0,Citizens,citizens,NNS,NN
3652,Peoples_Republic_of_Korea_1998,0,133,1,work,work,VBP,VB
3653,Peoples_Republic_of_Korea_1998,0,133,2,according,according,VBG,VB
3654,Peoples_Republic_of_Korea_1998,0,133,3,to,to,TO,TO
3655,Peoples_Republic_of_Korea_1998,0,133,4,their,their,PRP$,PR
3656,Peoples_Republic_of_Korea_1998,0,133,5,abilities,abilities,NNS,NN
3657,Peoples_Republic_of_Korea_1998,0,133,6,and,and,CC,CC
3658,Peoples_Republic_of_Korea_1998,0,133,7,are,are,VBP,VB
3659,Peoples_Republic_of_Korea_1998,0,133,8,paid,paid,VBN,VB
3660,Peoples_Republic_of_Korea_1998,0,133,9,in,in,IN,IN
3661,Peoples_Republic_of_Korea_1998,0,133,10,accordance,accordance,NN,NN
3662,Peoples_Republic_of_Korea_1998,0,133,11,with,with,IN,IN
3663,Peoples_Republic_of_Korea_1998,0,133,12,the,the,DT,DT
3664,Peoples_Republic_of_Korea_1998,0,133,13,quantity,quantity,NN,NN
3665,Peoples_Republic_of_Korea_1998,0,133,14,and,and,CC,CC
3666,Peoples_Republic_of_Korea_1998,0,133,15,quality,quality,NN,NN
3667,Peoples_Republic_of_Korea_1998,0,133,16,of,of,IN,IN
3668,Peoples_Republic_of_Korea_1998,0,133,17,their,their,PRP$,PR
3669,Peoples_Republic_of_Korea_1998,0,133,18,work,work,NN,NN
3670,Peoples_Republic_of_Korea_1998,0,134,0,Article,article,NN,NN
3671,Peoples_Republic_of_Korea_1998,0,134,1,71,71,CD,CD
3672,Peoples_Republic_of_Korea_1998,0,134,2,Share,share,NN,NN
3673,Peoples_Republic_of_Korea_1998,0,134,3,Citizens,citizens,NNS,NN
3674,Peoples_Republic_of_Korea_1998,0,134,4,have,have,VBP,VB
3675,Peoples_Republic_of_Korea_1998,0,134,5,the,the,DT,DT
3676,Peoples_Republic_of_Korea_1998,0,134,6,right,right,NN,NN
3677,Peoples_Republic_of_Korea_1998,0,134,7,to,to,TO,TO
3678,Peoples_Republic_of_Korea_1998,0,134,8,relaxation,relaxation,NN,NN
3679,Peoples_Republic_of_Korea_1998,0,135,0,This,this,DT,DT
3680,Peoples_Republic_of_Korea_1998,0,135,1,right,right,NN,NN
3681,Peoples_Republic_of_Korea_1998,0,135,2,is,is,VBZ,VB
3682,Peoples_Republic_of_Korea_1998,0,135,3,ensured,ensured,VBN,VB
3683,Peoples_Republic_of_Korea_1998,0,135,4,by,by,IN,IN
3684,Peoples_Republic_of_Korea_1998,0,135,5,the,the,DT,DT
3685,Peoples_Republic_of_Korea_1998,0,135,6,establishment,establishment,NN,NN
3686,Peoples_Republic_of_Korea_1998,0,135,7,of,of,IN,IN
3687,Peoples_Republic_of_Korea_1998,0,135,8,the,the,DT,DT
3688,Peoples_Republic_of_Korea_1998,0,135,9,working,working,NN,NN
3689,Peoples_Republic_of_Korea_1998,0,135,10,hours,hours,NNS,NN
3690,Peoples_Republic_of_Korea_1998,0,135,12,the,the,DT,DT
3691,Peoples_Republic_of_Korea_1998,0,135,13,provision,provision,NN,NN
3692,Peoples_Republic_of_Korea_1998,0,135,14,of,of,IN,IN
3693,Peoples_Republic_of_Korea_1998,0,135,15,holidays,holidays,NNS,NN
3694,Peoples_Republic_of_Korea_1998,0,135,17,paid,paid,VBN,VB
3695,Peoples_Republic_of_Korea_1998,0,135,18,leave,leave,VBP,VB
3696,Peoples_Republic_of_Korea_1998,0,135,20,accommodation,accommodation,NN,NN
3697,Peoples_Republic_of_Korea_1998,0,135,21,at,at,IN,IN
3698,Peoples_Republic_of_Korea_1998,0,135,22,health,health,NN,NN
3699,Peoples_Republic_of_Korea_1998,0,135,23,resorts,resorts,NNS,NN
3700,Peoples_Republic_of_Korea_1998,0,135,24,and,and,CC,CC
3701,Peoples_Republic_of_Korea_1998,0,135,25,holiday,holiday,JJ,JJ
3702,Peoples_Republic_of_Korea_1998,0,135,26,homes,homes,NNS,NN
3703,Peoples_Republic_of_Korea_1998,0,135,27,at,at,IN,IN
3704,Peoples_Republic_of_Korea_1998,0,135,28,State,state,NNP,NN
3705,Peoples_Republic_of_Korea_1998,0,135,29,expense,expense,NN,NN
3706,Peoples_Republic_of_Korea_1998,0,135,30,and,and,CC,CC
3707,Peoples_Republic_of_Korea_1998,0,135,31,by,by,IN,IN
3708,Peoples_Republic_of_Korea_1998,0,135,32,a,a,DT,DT
3709,Peoples_Republic_of_Korea_1998,0,135,33,growing,growing,VBG,VB
3710,Peoples_Republic_of_Korea_1998,0,135,34,network,network,NN,NN
3711,Peoples_Republic_of_Korea_1998,0,135,35,of,of,IN,IN
3712,Peoples_Republic_of_Korea_1998,0,135,36,cultural,cultural,JJ,JJ
3713,Peoples_Republic_of_Korea_1998,0,135,37,facilities,facilities,NNS,NN
3714,Peoples_Republic_of_Korea_1998,0,136,0,Article,article,NN,NN
3715,Peoples_Republic_of_Korea_1998,0,136,1,72,72,CD,CD
3716,Peoples_Republic_of_Korea_1998,0,136,2,Share,share,NN,NN
3717,Peoples_Republic_of_Korea_1998,0,136,3,Citizens,citizens,NNS,NN
3718,Peoples_Republic_of_Korea_1998,0,136,4,are,are,VBP,VB
3719,Peoples_Republic_of_Korea_1998,0,136,5,entitled,entitled,VBN,VB
3720,Peoples_Republic_of_Korea_1998,0,136,6,to,to,TO,TO
3721,Peoples_Republic_of_Korea_1998,0,136,7,free,free,VB,VB
3722,Peoples_Republic_of_Korea_1998,0,136,8,medical,medical,JJ,JJ
3723,Peoples_Republic_of_Korea_1998,0,136,9,care,care,NN,NN
3724,Peoples_Republic_of_Korea_1998,0,136,11,and,and,CC,CC
3725,Peoples_Republic_of_Korea_1998,0,136,12,all,all,DT,DT
3726,Peoples_Republic_of_Korea_1998,0,136,13,persons,persons,NNS,NN
3727,Peoples_Republic_of_Korea_1998,0,136,14,who,who,WP,WP
3728,Peoples_Republic_of_Korea_1998,0,136,15,are,are,VBP,VB
3729,Peoples_Republic_of_Korea_1998,0,136,16,no,no,RB,RB
3730,Peoples_Republic_of_Korea_1998,0,136,17,longer,longer,RBR,RB
3731,Peoples_Republic_of_Korea_1998,0,136,18,able,able,JJ,JJ
3732,Peoples_Republic_of_Korea_1998,0,136,19,to,to,TO,TO
3733,Peoples_Republic_of_Korea_1998,0,136,20,work,work,VB,VB
3734,Peoples_Republic_of_Korea_1998,0,136,21,because,because,IN,IN
3735,Peoples_Republic_of_Korea_1998,0,136,22,of,of,IN,IN
3736,Peoples_Republic_of_Korea_1998,0,136,23,old,old,JJ,JJ
3737,Peoples_Republic_of_Korea_1998,0,136,24,age,age,NN,NN
3738,Peoples_Republic_of_Korea_1998,0,136,26,illness,illness,NN,NN
3739,Peoples_Republic_of_Korea_1998,0,136,27,or,or,CC,CC
3740,Peoples_Republic_of_Korea_1998,0,136,28,a,a,DT,DT
3741,Peoples_Republic_of_Korea_1998,0,136,29,physical,physical,JJ,JJ
3742,Peoples_Republic_of_Korea_1998,0,136,30,disability,disability,NN,NN
3743,Peoples_Republic_of_Korea_1998,0,136,32,the,the,DT,DT
3744,Peoples_Republic_of_Korea_1998,0,136,33,old,old,JJ,JJ
3745,Peoples_Republic_of_Korea_1998,0,136,34,and,and,CC,CC
3746,Peoples_Republic_of_Korea_1998,0,136,35,children,children,NNS,NN
3747,Peoples_Republic_of_Korea_1998,0,136,36,who,who,WP,WP
3748,Peoples_Republic_of_Korea_1998,0,136,37,have,have,VBP,VB
3749,Peoples_Republic_of_Korea_1998,0,136,38,no,no,DT,DT
3750,Peoples_Republic_of_Korea_1998,0,136,39,means,means,NNS,NN
3751,Peoples_Republic_of_Korea_1998,0,136,40,of,of,IN,IN
3752,Peoples_Republic_of_Korea_1998,0,136,41,support,support,NN,NN
3753,Peoples_Republic_of_Korea_1998,0,136,42,are,are,VBP,VB
3754,Peoples_Republic_of_Korea_1998,0,136,43,all,all,DT,DT
3755,Peoples_Republic_of_Korea_1998,0,136,44,entitled,entitled,VBN,VB
3756,Peoples_Republic_of_Korea_1998,0,136,45,to,to,TO,TO
3757,Peoples_Republic_of_Korea_1998,0,136,46,material,material,JJ,JJ
3758,Peoples_Republic_of_Korea_1998,0,136,47,assistance,assistance,NN,NN
3759,Peoples_Republic_of_Korea_1998,0,137,0,This,this,DT,DT
3760,Peoples_Republic_of_Korea_1998,0,137,1,right,right,NN,NN
3761,Peoples_Republic_of_Korea_1998,0,137,2,is,is,VBZ,VB
3762,Peoples_Republic_of_Korea_1998,0,137,3,ensured,ensured,VBN,VB
3763,Peoples_Republic_of_Korea_1998,0,137,4,by,by,IN,IN
3764,Peoples_Republic_of_Korea_1998,0,137,5,free,free,JJ,JJ
3765,Peoples_Republic_of_Korea_1998,0,137,6,medical,medical,JJ,JJ
3766,Peoples_Republic_of_Korea_1998,0,137,7,care,care,NN,NN
3767,Peoples_Republic_of_Korea_1998,0,137,9,an,an,DT,DT
3768,Peoples_Republic_of_Korea_1998,0,137,10,expanding,expanding,VBG,VB
3769,Peoples_Republic_of_Korea_1998,0,137,11,network,network,NN,NN
3770,Peoples_Republic_of_Korea_1998,0,137,12,of,of,IN,IN
3771,Peoples_Republic_of_Korea_1998,0,137,13,hospitals,hospitals,NNS,NN
3772,Peoples_Republic_of_Korea_1998,0,137,15,sanatoria,sanatoria,NNS,NN
3773,Peoples_Republic_of_Korea_1998,0,137,16,and,and,CC,CC
3774,Peoples_Republic_of_Korea_1998,0,137,17,other,other,JJ,JJ
3775,Peoples_Republic_of_Korea_1998,0,137,18,medical,medical,JJ,JJ
3776,Peoples_Republic_of_Korea_1998,0,137,19,institutions,institutions,NNS,NN
3777,Peoples_Republic_of_Korea_1998,0,137,21,State,state,NNP,NN
3778,Peoples_Republic_of_Korea_1998,0,137,22,social,social,JJ,JJ
3779,Peoples_Republic_of_Korea_1998,0,137,23,insurance,insurance,NN,NN
3780,Peoples_Republic_of_Korea_1998,0,137,24,and,and,CC,CC
3781,Peoples_Republic_of_Korea_1998,0,137,25,other,other,JJ,JJ
3782,Peoples_Republic_of_Korea_1998,0,137,26,social,social,JJ,JJ
3783,Peoples_Republic_of_Korea_1998,0,137,27,security,security,NN,NN
3784,Peoples_Republic_of_Korea_1998,0,137,28,systems,systems,NNS,NN
3785,Peoples_Republic_of_Korea_1998,0,138,0,Article,article,NN,NN
3786,Peoples_Republic_of_Korea_1998,0,138,1,73,73,CD,CD
3787,Peoples_Republic_of_Korea_1998,0,138,2,Share,share,NN,NN
3788,Peoples_Republic_of_Korea_1998,0,138,3,Citizens,citizens,NNS,NN
3789,Peoples_Republic_of_Korea_1998,0,138,4,have,have,VBP,VB
3790,Peoples_Republic_of_Korea_1998,0,138,5,the,the,DT,DT
3791,Peoples_Republic_of_Korea_1998,0,138,6,right,right,NN,NN
3792,Peoples_Republic_of_Korea_1998,0,138,7,to,to,TO,TO
3793,Peoples_Republic_of_Korea_1998,0,138,8,education,education,NN,NN
3794,Peoples_Republic_of_Korea_1998,0,139,0,This,this,DT,DT
3795,Peoples_Republic_of_Korea_1998,0,139,1,right,right,NN,NN
3796,Peoples_Republic_of_Korea_1998,0,139,2,is,is,VBZ,VB
3797,Peoples_Republic_of_Korea_1998,0,139,3,ensured,ensured,VBN,VB
3798,Peoples_Republic_of_Korea_1998,0,139,4,by,by,IN,IN
3799,Peoples_Republic_of_Korea_1998,0,139,5,an,an,DT,DT
3800,Peoples_Republic_of_Korea_1998,0,139,6,advanced,advanced,JJ,JJ
3801,Peoples_Republic_of_Korea_1998,0,139,7,educational,educational,JJ,JJ
3802,Peoples_Republic_of_Korea_1998,0,139,8,system,system,NN,NN
3803,Peoples_Republic_of_Korea_1998,0,139,9,and,and,CC,CC
3804,Peoples_Republic_of_Korea_1998,0,139,10,by,by,IN,IN
3805,Peoples_Republic_of_Korea_1998,0,139,11,the,the,DT,DT
3806,Peoples_Republic_of_Korea_1998,0,139,12,educational,educational,JJ,JJ
3807,Peoples_Republic_of_Korea_1998,0,139,13,measures,measures,NNS,NN
3808,Peoples_Republic_of_Korea_1998,0,139,14,enacted,enacted,VBN,VB
3809,Peoples_Republic_of_Korea_1998,0,139,15,by,by,IN,IN
3810,Peoples_Republic_of_Korea_1998,0,139,16,the,the,DT,DT
3811,Peoples_Republic_of_Korea_1998,0,139,17,State,state,NNP,NN
3812,Peoples_Republic_of_Korea_1998,0,139,18,for,for,IN,IN
3813,Peoples_Republic_of_Korea_1998,0,139,19,the,the,DT,DT
3814,Peoples_Republic_of_Korea_1998,0,139,20,benefit,benefit,NN,NN
3815,Peoples_Republic_of_Korea_1998,0,139,21,of,of,IN,IN
3816,Peoples_Republic_of_Korea_1998,0,139,22,the,the,DT,DT
3817,Peoples_Republic_of_Korea_1998,0,139,23,people,people,NNS,NN
3818,Peoples_Republic_of_Korea_1998,0,140,0,Article,article,NN,NN
3819,Peoples_Republic_of_Korea_1998,0,140,1,74,74,CD,CD
3820,Peoples_Republic_of_Korea_1998,0,140,2,Share,share,NN,NN
3821,Peoples_Republic_of_Korea_1998,0,140,3,Citizens,citizens,NNS,NN
3822,Peoples_Republic_of_Korea_1998,0,140,4,are,are,VBP,VB
3823,Peoples_Republic_of_Korea_1998,0,140,5,free,free,JJ,JJ
3824,Peoples_Republic_of_Korea_1998,0,140,6,to,to,TO,TO
3825,Peoples_Republic_of_Korea_1998,0,140,7,engage,engage,VB,VB
3826,Peoples_Republic_of_Korea_1998,0,140,8,in,in,IN,IN
3827,Peoples_Republic_of_Korea_1998,0,140,9,scientific,scientific,JJ,JJ
3828,Peoples_Republic_of_Korea_1998,0,140,11,literary,literary,JJ,JJ
3829,Peoples_Republic_of_Korea_1998,0,140,12,and,and,CC,CC
3830,Peoples_Republic_of_Korea_1998,0,140,13,artistic,artistic,JJ,JJ
3831,Peoples_Republic_of_Korea_1998,0,140,14,pursuits,pursuits,NNS,NN
3832,Peoples_Republic_of_Korea_1998,0,141,0,The,the,DT,DT
3833,Peoples_Republic_of_Korea_1998,0,141,1,State,state,NNP,NN
3834,Peoples_Republic_of_Korea_1998,0,141,2,shall,shall,MD,MD
3835,Peoples_Republic_of_Korea_1998,0,141,3,grant,grant,VB,VB
3836,Peoples_Republic_of_Korea_1998,0,141,4,benefits,benefits,NNS,NN
3837,Peoples_Republic_of_Korea_1998,0,141,5,to,to,TO,TO
3838,Peoples_Republic_of_Korea_1998,0,141,6,inventors,inventors,NNS,NN
3839,Peoples_Republic_of_Korea_1998,0,141,7,and,and,CC,CC
3840,Peoples_Republic_of_Korea_1998,0,141,8,innovators,innovators,NNS,NN
3841,Peoples_Republic_of_Korea_1998,0,142,0,Copyright,copyright,NNP,NN
3842,Peoples_Republic_of_Korea_1998,0,142,1,and,and,CC,CC
3843,Peoples_Republic_of_Korea_1998,0,142,2,patent,patent,NN,NN
3844,Peoples_Republic_of_Korea_1998,0,142,3,rights,rights,NNS,NN
3845,Peoples_Republic_of_Korea_1998,0,142,4,shall,shall,MD,MD
3846,Peoples_Republic_of_Korea_1998,0,142,5,be,be,VB,VB
3847,Peoples_Republic_of_Korea_1998,0,142,6,protected,protected,VBN,VB
3848,Peoples_Republic_of_Korea_1998,0,142,7,by,by,IN,IN
3849,Peoples_Republic_of_Korea_1998,0,142,8,law,law,NN,NN
3850,Peoples_Republic_of_Korea_1998,0,143,0,Article,article,NN,NN
3851,Peoples_Republic_of_Korea_1998,0,143,1,75,75,CD,CD
3852,Peoples_Republic_of_Korea_1998,0,143,2,Share,share,NNP,NN
3853,Peoples_Republic_of_Korea_1998,0,143,3,The,the,DT,DT
3854,Peoples_Republic_of_Korea_1998,0,143,4,citizens,citizens,NNS,NN
3855,Peoples_Republic_of_Korea_1998,0,143,5,shall,shall,MD,MD
3856,Peoples_Republic_of_Korea_1998,0,143,6,have,have,VB,VB
3857,Peoples_Republic_of_Korea_1998,0,143,7,freedom,freedom,NN,NN
3858,Peoples_Republic_of_Korea_1998,0,143,8,to,to,TO,TO
3859,Peoples_Republic_of_Korea_1998,0,143,9,reside,reside,VB,VB
3860,Peoples_Republic_of_Korea_1998,0,143,10,in,in,IN,IN
3861,Peoples_Republic_of_Korea_1998,0,143,11,and,and,CC,CC
3862,Peoples_Republic_of_Korea_1998,0,143,12,travel,travel,VB,VB
3863,Peoples_Republic_of_Korea_1998,0,143,13,to,to,TO,TO
3864,Peoples_Republic_of_Korea_1998,0,143,14,any,any,DT,DT
3865,Peoples_Republic_of_Korea_1998,0,143,15,place,place,NN,NN
3866,Peoples_Republic_of_Korea_1998,0,144,0,Article,article,NN,NN
3867,Peoples_Republic_of_Korea_1998,0,144,1,76,76,CD,CD
3868,Peoples_Republic_of_Korea_1998,0,144,2,Share,share,NNP,NN
3869,Peoples_Republic_of_Korea_1998,0,144,3,Revolutionary,revolutionary,NNP,NN
3870,Peoples_Republic_of_Korea_1998,0,144,4,fighters,fighters,NNS,NN
3871,Peoples_Republic_of_Korea_1998,0,144,6,the,the,DT,DT
3872,Peoples_Republic_of_Korea_1998,0,144,7,families,families,NNS,NN
3873,Peoples_Republic_of_Korea_1998,0,144,8,of,of,IN,IN
3874,Peoples_Republic_of_Korea_1998,0,144,9,revolutionary,revolutionary,JJ,JJ
3875,Peoples_Republic_of_Korea_1998,0,144,10,and,and,CC,CC
3876,Peoples_Republic_of_Korea_1998,0,144,11,patriotic,patriotic,JJ,JJ
3877,Peoples_Republic_of_Korea_1998,0,144,12,martyrs,martyrs,NN,NN
3878,Peoples_Republic_of_Korea_1998,0,144,14,the,the,DT,DT
3879,Peoples_Republic_of_Korea_1998,0,144,15,families,families,NNS,NN
3880,Peoples_Republic_of_Korea_1998,0,144,16,of,of,IN,IN
3881,Peoples_Republic_of_Korea_1998,0,144,17,soldiers,soldiers,NNS,NN
3882,Peoples_Republic_of_Korea_1998,0,144,18,of,of,IN,IN
3883,Peoples_Republic_of_Korea_1998,0,144,19,the,the,DT,DT
3884,Peoples_Republic_of_Korea_1998,0,144,20,People,people,NNP,NN
3885,Peoples_Republic_of_Korea_1998,0,144,22,s,s,JJ,JJ
3886,Peoples_Republic_of_Korea_1998,0,144,23,Army,army,NNP,NN
3887,Peoples_Republic_of_Korea_1998,0,144,24,and,and,CC,CC
3888,Peoples_Republic_of_Korea_1998,0,144,25,disabled,disabled,VBD,VB
3889,Peoples_Republic_of_Korea_1998,0,144,26,enjoy,enjoy,VB,VB
3890,Peoples_Republic_of_Korea_1998,0,144,27,the,the,DT,DT
3891,Peoples_Republic_of_Korea_1998,0,144,28,special,special,JJ,JJ
3892,Peoples_Republic_of_Korea_1998,0,144,29,protection,protection,NN,NN
3893,Peoples_Republic_of_Korea_1998,0,144,30,of,of,IN,IN
3894,Peoples_Republic_of_Korea_1998,0,144,31,the,the,DT,DT
3895,Peoples_Republic_of_Korea_1998,0,144,32,State,state,NNP,NN
3896,Peoples_Republic_of_Korea_1998,0,144,33,and,and,CC,CC
3897,Peoples_Republic_of_Korea_1998,0,144,34,society,society,NN,NN
3898,Peoples_Republic_of_Korea_1998,0,145,0,Article,article,NN,NN
3899,Peoples_Republic_of_Korea_1998,0,145,1,77,77,CD,CD
3900,Peoples_Republic_of_Korea_1998,0,145,2,Share,share,NNP,NN
3901,Peoples_Republic_of_Korea_1998,0,145,3,Women,women,NNP,NN
3902,Peoples_Republic_of_Korea_1998,0,145,4,are,are,VBP,VB
3903,Peoples_Republic_of_Korea_1998,0,145,5,accorded,accorded,VBN,VB
3904,Peoples_Republic_of_Korea_1998,0,145,6,an,an,DT,DT
3905,Peoples_Republic_of_Korea_1998,0,145,7,equal,equal,JJ,JJ
3906,Peoples_Republic_of_Korea_1998,0,145,8,social,social,JJ,JJ
3907,Peoples_Republic_of_Korea_1998,0,145,9,status,status,NN,NN
3908,Peoples_Republic_of_Korea_1998,0,145,10,and,and,CC,CC
3909,Peoples_Republic_of_Korea_1998,0,145,11,rights,rights,NNS,NN
3910,Peoples_Republic_of_Korea_1998,0,145,12,with,with,IN,IN
3911,Peoples_Republic_of_Korea_1998,0,145,13,men,men,NNS,NN
3912,Peoples_Republic_of_Korea_1998,0,146,0,The,the,DT,DT
3913,Peoples_Republic_of_Korea_1998,0,146,1,State,state,NNP,NN
3914,Peoples_Republic_of_Korea_1998,0,146,2,shall,shall,MD,MD
3915,Peoples_Republic_of_Korea_1998,0,146,3,afford,afford,VB,VB
3916,Peoples_Republic_of_Korea_1998,0,146,4,special,special,JJ,JJ
3917,Peoples_Republic_of_Korea_1998,0,146,5,protection,protection,NN,NN
3918,Peoples_Republic_of_Korea_1998,0,146,6,to,to,TO,TO
3919,Peoples_Republic_of_Korea_1998,0,146,7,mothers,mothers,NNS,NN
3920,Peoples_Republic_of_Korea_1998,0,146,8,and,and,CC,CC
3921,Peoples_Republic_of_Korea_1998,0,146,9,children,children,NNS,NN
3922,Peoples_Republic_of_Korea_1998,0,146,10,by,by,IN,IN
3923,Peoples_Republic_of_Korea_1998,0,146,11,providing,providing,VBG,VB
3924,Peoples_Republic_of_Korea_1998,0,146,12,maternity,maternity,NN,NN
3925,Peoples_Republic_of_Korea_1998,0,146,13,leave,leave,VBP,VB
3926,Peoples_Republic_of_Korea_1998,0,146,15,reduced,reduced,VBD,VB
3927,Peoples_Republic_of_Korea_1998,0,146,16,working,working,JJ,JJ
3928,Peoples_Republic_of_Korea_1998,0,146,17,hours,hours,NNS,NN
3929,Peoples_Republic_of_Korea_1998,0,146,18,for,for,IN,IN
3930,Peoples_Republic_of_Korea_1998,0,146,19,mothers,mothers,NNS,NN
3931,Peoples_Republic_of_Korea_1998,0,146,20,with,with,IN,IN
3932,Peoples_Republic_of_Korea_1998,0,146,21,many,many,JJ,JJ
3933,Peoples_Republic_of_Korea_1998,0,146,22,children,children,NNS,NN
3934,Peoples_Republic_of_Korea_1998,0,146,24,a,a,DT,DT
3935,Peoples_Republic_of_Korea_1998,0,146,25,wide,wide,JJ,JJ
3936,Peoples_Republic_of_Korea_1998,0,146,26,network,network,NN,NN
3937,Peoples_Republic_of_Korea_1998,0,146,27,of,of,IN,IN
3938,Peoples_Republic_of_Korea_1998,0,146,28,maternity,maternity,NN,NN
3939,Peoples_Republic_of_Korea_1998,0,146,29,hospitals,hospitals,NNS,NN
3940,Peoples_Republic_of_Korea_1998,0,146,31,creches,creches,NNS,NN
3941,Peoples_Republic_of_Korea_1998,0,146,32,and,and,CC,CC
3942,Peoples_Republic_of_Korea_1998,0,146,33,kindergartens,kindergartens,NNS,NN
3943,Peoples_Republic_of_Korea_1998,0,146,35,and,and,CC,CC
3944,Peoples_Republic_of_Korea_1998,0,146,36,other,other,JJ,JJ
3945,Peoples_Republic_of_Korea_1998,0,146,37,measures,measures,NNS,NN
3946,Peoples_Republic_of_Korea_1998,0,147,0,The,the,DT,DT
3947,Peoples_Republic_of_Korea_1998,0,147,1,State,state,NNP,NN
3948,Peoples_Republic_of_Korea_1998,0,147,2,shall,shall,MD,MD
3949,Peoples_Republic_of_Korea_1998,0,147,3,provide,provide,VB,VB
3950,Peoples_Republic_of_Korea_1998,0,147,4,all,all,DT,DT
3951,Peoples_Republic_of_Korea_1998,0,147,5,conditions,conditions,NNS,NN
3952,Peoples_Republic_of_Korea_1998,0,147,6,for,for,IN,IN
3953,Peoples_Republic_of_Korea_1998,0,147,7,women,women,NNS,NN
3954,Peoples_Republic_of_Korea_1998,0,147,8,to,to,TO,TO
3955,Peoples_Republic_of_Korea_1998,0,147,9,play,play,VB,VB
3956,Peoples_Republic_of_Korea_1998,0,147,10,a,a,DT,DT
3957,Peoples_Republic_of_Korea_1998,0,147,11,full,full,JJ,JJ
3958,Peoples_Republic_of_Korea_1998,0,147,12,role,role,NN,NN
3959,Peoples_Republic_of_Korea_1998,0,147,13,in,in,IN,IN
3960,Peoples_Republic_of_Korea_1998,0,147,14,society,society,NN,NN
3961,Peoples_Republic_of_Korea_1998,0,148,0,Article,article,NN,NN
3962,Peoples_Republic_of_Korea_1998,0,148,1,78,78,CD,CD
3963,Peoples_Republic_of_Korea_1998,0,148,2,Share,share,NNP,NN
3964,Peoples_Republic_of_Korea_1998,0,148,3,Marriages,marriages,NNP,NN
3965,Peoples_Republic_of_Korea_1998,0,148,4,and,and,CC,CC
3966,Peoples_Republic_of_Korea_1998,0,148,5,the,the,DT,DT
3967,Peoples_Republic_of_Korea_1998,0,148,6,family,family,NN,NN
3968,Peoples_Republic_of_Korea_1998,0,148,7,shall,shall,MD,MD
3969,Peoples_Republic_of_Korea_1998,0,148,8,be,be,VB,VB
3970,Peoples_Republic_of_Korea_1998,0,148,9,protected,protected,VBN,VB
3971,Peoples_Republic_of_Korea_1998,0,148,10,by,by,IN,IN
3972,Peoples_Republic_of_Korea_1998,0,148,11,the,the,DT,DT
3973,Peoples_Republic_of_Korea_1998,0,148,12,State,state,NNP,NN
3974,Peoples_Republic_of_Korea_1998,0,149,0,The,the,DT,DT
3975,Peoples_Republic_of_Korea_1998,0,149,1,State,state,NNP,NN
3976,Peoples_Republic_of_Korea_1998,0,149,2,pays,pays,VBZ,VB
3977,Peoples_Republic_of_Korea_1998,0,149,3,great,great,JJ,JJ
3978,Peoples_Republic_of_Korea_1998,0,149,4,attention,attention,NN,NN
3979,Peoples_Republic_of_Korea_1998,0,149,5,to,to,TO,TO
3980,Peoples_Republic_of_Korea_1998,0,149,6,consolidating,consolidating,VBG,VB
3981,Peoples_Republic_of_Korea_1998,0,149,7,the,the,DT,DT
3982,Peoples_Republic_of_Korea_1998,0,149,8,family,family,NN,NN
3983,Peoples_Republic_of_Korea_1998,0,149,10,the,the,DT,DT
3984,Peoples_Republic_of_Korea_1998,0,149,11,basic,basic,JJ,JJ
3985,Peoples_Republic_of_Korea_1998,0,149,12,unit,unit,NN,NN
3986,Peoples_Republic_of_Korea_1998,0,149,13,of,of,IN,IN
3987,Peoples_Republic_of_Korea_1998,0,149,14,social,social,JJ,JJ
3988,Peoples_Republic_of_Korea_1998,0,149,15,life,life,NN,NN
3989,Peoples_Republic_of_Korea_1998,0,150,0,Article,article,NN,NN
3990,Peoples_Republic_of_Korea_1998,0,150,1,79,79,CD,CD
3991,Peoples_Republic_of_Korea_1998,0,150,2,Share,share,NN,NN
3992,Peoples_Republic_of_Korea_1998,0,150,3,Citizens,citizens,NNP,NN
3993,Peoples_Republic_of_Korea_1998,0,150,4,are,are,VBP,VB
3994,Peoples_Republic_of_Korea_1998,0,150,5,guaranteed,guaranteed,VBN,VB
3995,Peoples_Republic_of_Korea_1998,0,150,6,inviolability,inviolability,NN,NN
3996,Peoples_Republic_of_Korea_1998,0,150,7,of,of,IN,IN
3997,Peoples_Republic_of_Korea_1998,0,150,8,the,the,DT,DT
3998,Peoples_Republic_of_Korea_1998,0,150,9,person,person,NN,NN
3999,Peoples_Republic_of_Korea_1998,0,150,10,and,and,CC,CC
4000,Peoples_Republic_of_Korea_1998,0,150,11,the,the,DT,DT
4001,Peoples_Republic_of_Korea_1998,0,150,12,home,home,NN,NN
4002,Peoples_Republic_of_Korea_1998,0,150,13,and,and,CC,CC
4003,Peoples_Republic_of_Korea_1998,0,150,14,privacy,privacy,NN,NN
4004,Peoples_Republic_of_Korea_1998,0,150,15,of,of,IN,IN
4005,Peoples_Republic_of_Korea_1998,0,150,16,correspondence,correspondence,NN,NN
4006,Peoples_Republic_of_Korea_1998,0,151,0,No,no,DT,DT
4007,Peoples_Republic_of_Korea_1998,0,151,1,citizens,citizens,NNS,NN
4008,Peoples_Republic_of_Korea_1998,0,151,2,can,can,MD,MD
4009,Peoples_Republic_of_Korea_1998,0,151,3,be,be,VB,VB
4010,Peoples_Republic_of_Korea_1998,0,151,4,placed,placed,VBN,VB
4011,Peoples_Republic_of_Korea_1998,0,151,5,under,under,IN,IN
4012,Peoples_Republic_of_Korea_1998,0,151,6,control,control,NN,NN
4013,Peoples_Republic_of_Korea_1998,0,151,7,or,or,CC,CC
4014,Peoples_Republic_of_Korea_1998,0,151,8,be,be,VB,VB
4015,Peoples_Republic_of_Korea_1998,0,151,9,arrested,arrested,VBN,VB
4016,Peoples_Republic_of_Korea_1998,0,151,10,nor,nor,CC,CC
4017,Peoples_Republic_of_Korea_1998,0,151,11,can,can,MD,MD
4018,Peoples_Republic_of_Korea_1998,0,151,12,their,their,PRP$,PR
4019,Peoples_Republic_of_Korea_1998,0,151,13,homes,homes,NNS,NN
4020,Peoples_Republic_of_Korea_1998,0,151,14,be,be,VB,VB
4021,Peoples_Republic_of_Korea_1998,0,151,15,searched,searched,VBN,VB
4022,Peoples_Republic_of_Korea_1998,0,151,16,without,without,IN,IN
4023,Peoples_Republic_of_Korea_1998,0,151,17,a,a,DT,DT
4024,Peoples_Republic_of_Korea_1998,0,151,18,legal,legal,JJ,JJ
4025,Peoples_Republic_of_Korea_1998,0,151,19,warrant,warrant,NN,NN
4026,Peoples_Republic_of_Korea_1998,0,152,0,Article,article,NN,NN
4027,Peoples_Republic_of_Korea_1998,0,152,1,80,80,CD,CD
4028,Peoples_Republic_of_Korea_1998,0,152,2,Share,share,NNP,NN
4029,Peoples_Republic_of_Korea_1998,0,152,3,The,the,DT,DT
4030,Peoples_Republic_of_Korea_1998,0,152,4,DPRK,dprk,NNP,NN
4031,Peoples_Republic_of_Korea_1998,0,152,5,shall,shall,MD,MD
4032,Peoples_Republic_of_Korea_1998,0,152,6,grant,grant,VB,VB
4033,Peoples_Republic_of_Korea_1998,0,152,7,the,the,DT,DT
4034,Peoples_Republic_of_Korea_1998,0,152,8,right,right,NN,NN
4035,Peoples_Republic_of_Korea_1998,0,152,9,of,of,IN,IN
4036,Peoples_Republic_of_Korea_1998,0,152,10,asylum,asylum,NN,NN
4037,Peoples_Republic_of_Korea_1998,0,152,11,to,to,TO,TO
4038,Peoples_Republic_of_Korea_1998,0,152,12,foreign,foreign,JJ,JJ
4039,Peoples_Republic_of_Korea_1998,0,152,13,nationals,nationals,NNS,NN
4040,Peoples_Republic_of_Korea_1998,0,152,14,persecuted,persecuted,VBD,VB
4041,Peoples_Republic_of_Korea_1998,0,152,15,for,for,IN,IN
4042,Peoples_Republic_of_Korea_1998,0,152,16,struggling,struggling,VBG,VB
4043,Peoples_Republic_of_Korea_1998,0,152,17,or,or,CC,CC
4044,Peoples_Republic_of_Korea_1998,0,152,18,peace,peace,NN,NN
4045,Peoples_Republic_of_Korea_1998,0,152,19,and,and,CC,CC
4046,Peoples_Republic_of_Korea_1998,0,152,20,democracy,democracy,NN,NN
4047,Peoples_Republic_of_Korea_1998,0,152,22,national,national,JJ,JJ
4048,Peoples_Republic_of_Korea_1998,0,152,23,independence,independence,NN,NN
4049,Peoples_Republic_of_Korea_1998,0,152,24,and,and,CC,CC
4050,Peoples_Republic_of_Korea_1998,0,152,25,socialism,socialism,NN,NN
4051,Peoples_Republic_of_Korea_1998,0,152,26,for,for,IN,IN
4052,Peoples_Republic_of_Korea_1998,0,152,27,the,the,DT,DT
4053,Peoples_Republic_of_Korea_1998,0,152,28,freedom,freedom,NN,NN
4054,Peoples_Republic_of_Korea_1998,0,152,29,of,of,IN,IN
4055,Peoples_Republic_of_Korea_1998,0,152,30,scientific,scientific,JJ,JJ
4056,Peoples_Republic_of_Korea_1998,0,152,31,and,and,CC,CC
4057,Peoples_Republic_of_Korea_1998,0,152,32,cultural,cultural,JJ,JJ
4058,Peoples_Republic_of_Korea_1998,0,152,33,pursuit,pursuit,NN,NN
4059,Peoples_Republic_of_Korea_1998,0,153,0,Article,article,NN,NN
4060,Peoples_Republic_of_Korea_1998,0,153,1,81,81,CD,CD
4061,Peoples_Republic_of_Korea_1998,0,153,2,Share,share,NN,NN
4062,Peoples_Republic_of_Korea_1998,0,153,3,Citizens,citizens,NNP,NN
4063,Peoples_Republic_of_Korea_1998,0,153,4,shall,shall,MD,MD
4064,Peoples_Republic_of_Korea_1998,0,153,5,firmly,firmly,RB,RB
4065,Peoples_Republic_of_Korea_1998,0,153,6,safeguard,safeguard,VB,VB
4066,Peoples_Republic_of_Korea_1998,0,153,7,the,the,DT,DT
4067,Peoples_Republic_of_Korea_1998,0,153,8,political,political,JJ,JJ
4068,Peoples_Republic_of_Korea_1998,0,153,9,and,and,CC,CC
4069,Peoples_Republic_of_Korea_1998,0,153,10,ideological,ideological,JJ,JJ
4070,Peoples_Republic_of_Korea_1998,0,153,11,unity,unity,NN,NN
4071,Peoples_Republic_of_Korea_1998,0,153,12,and,and,CC,CC
4072,Peoples_Republic_of_Korea_1998,0,153,13,solidarity,solidarity,NN,NN
4073,Peoples_Republic_of_Korea_1998,0,153,14,of,of,IN,IN
4074,Peoples_Republic_of_Korea_1998,0,153,15,the,the,DT,DT
4075,Peoples_Republic_of_Korea_1998,0,153,16,people,people,NNS,NN
4076,Peoples_Republic_of_Korea_1998,0,154,0,Citizens,citizens,NNS,NN
4077,Peoples_Republic_of_Korea_1998,0,154,1,must,must,MD,MD
4078,Peoples_Republic_of_Korea_1998,0,154,2,value,value,NN,NN
4079,Peoples_Republic_of_Korea_1998,0,154,3,organizations,organizations,NNS,NN
4080,Peoples_Republic_of_Korea_1998,0,154,4,and,and,CC,CC
4081,Peoples_Republic_of_Korea_1998,0,154,5,collectives,collectives,NNS,NN
4082,Peoples_Republic_of_Korea_1998,0,154,7,and,and,CC,CC
4083,Peoples_Republic_of_Korea_1998,0,154,8,must,must,MD,MD
4084,Peoples_Republic_of_Korea_1998,0,154,9,demonstrate,demonstrate,VB,VB
4085,Peoples_Republic_of_Korea_1998,0,154,10,the,the,DT,DT
4086,Peoples_Republic_of_Korea_1998,0,154,11,spirit,spirit,NN,NN
4087,Peoples_Republic_of_Korea_1998,0,154,12,of,of,IN,IN
4088,Peoples_Republic_of_Korea_1998,0,154,13,devoting,devoting,VBG,VB
4089,Peoples_Republic_of_Korea_1998,0,154,14,themselves,themselves,PRP,PR
4090,Peoples_Republic_of_Korea_1998,0,154,15,to,to,TO,TO
4091,Peoples_Republic_of_Korea_1998,0,154,16,the,the,DT,DT
4092,Peoples_Republic_of_Korea_1998,0,154,17,work,work,NN,NN
4093,Peoples_Republic_of_Korea_1998,0,154,18,for,for,IN,IN
4094,Peoples_Republic_of_Korea_1998,0,154,19,the,the,DT,DT
4095,Peoples_Republic_of_Korea_1998,0,154,20,society,society,NN,NN
4096,Peoples_Republic_of_Korea_1998,0,154,21,and,and,CC,CC
4097,Peoples_Republic_of_Korea_1998,0,154,22,the,the,DT,DT
4098,Peoples_Republic_of_Korea_1998,0,154,23,people,people,NNS,NN
4099,Peoples_Republic_of_Korea_1998,0,155,0,Article,article,NN,NN
4100,Peoples_Republic_of_Korea_1998,0,155,1,82,82,CD,CD
4101,Peoples_Republic_of_Korea_1998,0,155,2,Share,share,NN,NN
4102,Peoples_Republic_of_Korea_1998,0,155,3,Citizens,citizens,NNP,NN
4103,Peoples_Republic_of_Korea_1998,0,155,4,shall,shall,MD,MD
4104,Peoples_Republic_of_Korea_1998,0,155,5,strictly,strictly,RB,RB
4105,Peoples_Republic_of_Korea_1998,0,155,6,observe,observe,VB,VB
4106,Peoples_Republic_of_Korea_1998,0,155,7,the,the,DT,DT
4107,Peoples_Republic_of_Korea_1998,0,155,8,laws,laws,NNS,NN
4108,Peoples_Republic_of_Korea_1998,0,155,9,of,of,IN,IN
4109,Peoples_Republic_of_Korea_1998,0,155,10,the,the,DT,DT
4110,Peoples_Republic_of_Korea_1998,0,155,11,State,state,NNP,NN
4111,Peoples_Republic_of_Korea_1998,0,155,12,and,and,CC,CC
4112,Peoples_Republic_of_Korea_1998,0,155,13,the,the,DT,DT
4113,Peoples_Republic_of_Korea_1998,0,155,14,socialist,socialist,JJ,JJ
4114,Peoples_Republic_of_Korea_1998,0,155,15,standards,standards,NNS,NN
4115,Peoples_Republic_of_Korea_1998,0,155,16,of,of,IN,IN
4116,Peoples_Republic_of_Korea_1998,0,155,17,life,life,NN,NN
4117,Peoples_Republic_of_Korea_1998,0,155,18,and,and,CC,CC
4118,Peoples_Republic_of_Korea_1998,0,155,19,defend,defend,VB,VB
4119,Peoples_Republic_of_Korea_1998,0,155,20,their,their,PRP$,PR
4120,Peoples_Republic_of_Korea_1998,0,155,21,honor,honor,NN,NN
4121,Peoples_Republic_of_Korea_1998,0,155,22,and,and,CC,CC
4122,Peoples_Republic_of_Korea_1998,0,155,23,dignity,dignity,NN,NN
4123,Peoples_Republic_of_Korea_1998,0,155,24,as,as,IN,IN
4124,Peoples_Republic_of_Korea_1998,0,155,25,citizens,citizens,NNS,NN
4125,Peoples_Republic_of_Korea_1998,0,155,26,of,of,IN,IN
4126,Peoples_Republic_of_Korea_1998,0,155,27,the,the,DT,DT
4127,Peoples_Republic_of_Korea_1998,0,155,28,DPRK,dprk,NNP,NN
4128,Peoples_Republic_of_Korea_1998,0,156,0,Article,article,NN,NN
4129,Peoples_Republic_of_Korea_1998,0,156,1,83,83,CD,CD
4130,Peoples_Republic_of_Korea_1998,0,156,2,Share,share,NNP,NN
4131,Peoples_Republic_of_Korea_1998,0,156,3,Work,work,NNP,NN
4132,Peoples_Republic_of_Korea_1998,0,156,4,is,is,VBZ,VB
4133,Peoples_Republic_of_Korea_1998,0,156,5,noble,noble,JJ,JJ
4134,Peoples_Republic_of_Korea_1998,0,156,6,duty,duty,NN,NN
4135,Peoples_Republic_of_Korea_1998,0,156,7,and,and,CC,CC
4136,Peoples_Republic_of_Korea_1998,0,156,8,honor,honor,NN,NN
4137,Peoples_Republic_of_Korea_1998,0,156,9,of,of,IN,IN
4138,Peoples_Republic_of_Korea_1998,0,156,10,a,a,DT,DT
4139,Peoples_Republic_of_Korea_1998,0,156,11,citizen,citizen,NN,NN
4140,Peoples_Republic_of_Korea_1998,0,157,0,Citizens,citizens,NNS,NN
4141,Peoples_Republic_of_Korea_1998,0,157,1,shall,shall,MD,MD
4142,Peoples_Republic_of_Korea_1998,0,157,2,willingly,willingly,RB,RB
4143,Peoples_Republic_of_Korea_1998,0,157,3,and,and,CC,CC
4144,Peoples_Republic_of_Korea_1998,0,157,4,conscientiously,conscientiously,RB,RB
4145,Peoples_Republic_of_Korea_1998,0,157,5,participate,participate,VB,VB
4146,Peoples_Republic_of_Korea_1998,0,157,6,in,in,IN,IN
4147,Peoples_Republic_of_Korea_1998,0,157,7,work,work,NN,NN
4148,Peoples_Republic_of_Korea_1998,0,157,8,and,and,CC,CC
4149,Peoples_Republic_of_Korea_1998,0,157,9,strictly,strictly,RB,RB
4150,Peoples_Republic_of_Korea_1998,0,157,10,observe,observe,VBP,VB
4151,Peoples_Republic_of_Korea_1998,0,157,11,labor,labor,NN,NN
4152,Peoples_Republic_of_Korea_1998,0,157,12,discipline,discipline,NN,NN
4153,Peoples_Republic_of_Korea_1998,0,157,13,and,and,CC,CC
4154,Peoples_Republic_of_Korea_1998,0,157,14,the,the,DT,DT
4155,Peoples_Republic_of_Korea_1998,0,157,15,working,working,JJ,JJ
4156,Peoples_Republic_of_Korea_1998,0,157,16,hours,hours,NNS,NN
4157,Peoples_Republic_of_Korea_1998,0,158,0,Article,article,NN,NN
4158,Peoples_Republic_of_Korea_1998,0,158,1,84,84,CD,CD
4159,Peoples_Republic_of_Korea_1998,0,158,2,Share,share,NN,NN
4160,Peoples_Republic_of_Korea_1998,0,158,3,Citizens,citizens,NNP,NN
4161,Peoples_Republic_of_Korea_1998,0,158,4,shall,shall,MD,MD
4162,Peoples_Republic_of_Korea_1998,0,158,5,take,take,VB,VB
4163,Peoples_Republic_of_Korea_1998,0,158,6,good,good,JJ,JJ
4164,Peoples_Republic_of_Korea_1998,0,158,7,care,care,NN,NN
4165,Peoples_Republic_of_Korea_1998,0,158,8,of,of,IN,IN
4166,Peoples_Republic_of_Korea_1998,0,158,9,State,state,NNP,NN
4167,Peoples_Republic_of_Korea_1998,0,158,10,and,and,CC,CC
4168,Peoples_Republic_of_Korea_1998,0,158,11,communal,communal,JJ,JJ
4169,Peoples_Republic_of_Korea_1998,0,158,12,property,property,NN,NN
4170,Peoples_Republic_of_Korea_1998,0,158,14,combat,combat,NN,NN
4171,Peoples_Republic_of_Korea_1998,0,158,15,all,all,DT,DT
4172,Peoples_Republic_of_Korea_1998,0,158,16,forms,forms,NNS,NN
4173,Peoples_Republic_of_Korea_1998,0,158,17,of,of,IN,IN
4174,Peoples_Republic_of_Korea_1998,0,158,18,misappropriation,misappropriation,NN,NN
4175,Peoples_Republic_of_Korea_1998,0,158,19,and,and,CC,CC
4176,Peoples_Republic_of_Korea_1998,0,158,20,waste,waste,NN,NN
4177,Peoples_Republic_of_Korea_1998,0,158,21,and,and,CC,CC
4178,Peoples_Republic_of_Korea_1998,0,158,22,manage,manage,VB,VB
4179,Peoples_Republic_of_Korea_1998,0,158,23,the,the,DT,DT
4180,Peoples_Republic_of_Korea_1998,0,158,24,nation,nation,NN,NN
4181,Peoples_Republic_of_Korea_1998,0,158,26,s,s,VBZ,VB
4182,Peoples_Republic_of_Korea_1998,0,158,27,economy,economy,NN,NN
4183,Peoples_Republic_of_Korea_1998,0,158,28,diligently,diligently,RB,RB
4184,Peoples_Republic_of_Korea_1998,0,158,29,as,as,IN,IN
4185,Peoples_Republic_of_Korea_1998,0,158,30,the,the,DT,DT
4186,Peoples_Republic_of_Korea_1998,0,158,31,masters,masters,NNS,NN
4187,Peoples_Republic_of_Korea_1998,0,159,0,The,the,DT,DT
4188,Peoples_Republic_of_Korea_1998,0,159,1,property,property,NN,NN
4189,Peoples_Republic_of_Korea_1998,0,159,2,of,of,IN,IN
4190,Peoples_Republic_of_Korea_1998,0,159,3,the,the,DT,DT
4191,Peoples_Republic_of_Korea_1998,0,159,4,State,state,NNP,NN
4192,Peoples_Republic_of_Korea_1998,0,159,5,and,and,CC,CC
4193,Peoples_Republic_of_Korea_1998,0,159,6,the,the,DT,DT
4194,Peoples_Republic_of_Korea_1998,0,159,7,social,social,JJ,JJ
4195,Peoples_Republic_of_Korea_1998,0,159,9,cooperative,cooperative,JJ,JJ
4196,Peoples_Republic_of_Korea_1998,0,159,10,organization,organization,NN,NN
4197,Peoples_Republic_of_Korea_1998,0,159,11,is,is,VBZ,VB
4198,Peoples_Republic_of_Korea_1998,0,159,12,inviolable,inviolable,JJ,JJ
4199,Peoples_Republic_of_Korea_1998,0,160,0,Article,article,NN,NN
4200,Peoples_Republic_of_Korea_1998,0,160,1,85,85,CD,CD
4201,Peoples_Republic_of_Korea_1998,0,160,2,Share,share,NN,NN
4202,Peoples_Republic_of_Korea_1998,0,160,3,Citizens,citizens,NNP,NN
4203,Peoples_Republic_of_Korea_1998,0,160,4,shall,shall,MD,MD
4204,Peoples_Republic_of_Korea_1998,0,160,5,constantly,constantly,RB,RB
4205,Peoples_Republic_of_Korea_1998,0,160,6,increase,increase,VB,VB
4206,Peoples_Republic_of_Korea_1998,0,160,7,their,their,PRP$,PR
4207,Peoples_Republic_of_Korea_1998,0,160,8,revolutionary,revolutionary,JJ,JJ
4208,Peoples_Republic_of_Korea_1998,0,160,9,vigilance,vigilance,NN,NN
4209,Peoples_Republic_of_Korea_1998,0,160,10,and,and,CC,CC
4210,Peoples_Republic_of_Korea_1998,0,160,11,devotedly,devotedly,RB,RB
4211,Peoples_Republic_of_Korea_1998,0,160,12,fight,fight,VBD,VB
4212,Peoples_Republic_of_Korea_1998,0,160,13,for,for,IN,IN
4213,Peoples_Republic_of_Korea_1998,0,160,14,the,the,DT,DT
4214,Peoples_Republic_of_Korea_1998,0,160,15,security,security,NN,NN
4215,Peoples_Republic_of_Korea_1998,0,160,16,of,of,IN,IN
4216,Peoples_Republic_of_Korea_1998,0,160,17,the,the,DT,DT
4217,Peoples_Republic_of_Korea_1998,0,160,18,State,state,NNP,NN
4218,Peoples_Republic_of_Korea_1998,0,161,0,Article,article,NN,NN
4219,Peoples_Republic_of_Korea_1998,0,161,1,86,86,CD,CD
4220,Peoples_Republic_of_Korea_1998,0,161,2,Share,share,NNP,NN
4221,Peoples_Republic_of_Korea_1998,0,161,3,National,national,NNP,NN
4222,Peoples_Republic_of_Korea_1998,0,161,4,defense,defense,NN,NN
4223,Peoples_Republic_of_Korea_1998,0,161,5,is,is,VBZ,VB
4224,Peoples_Republic_of_Korea_1998,0,161,6,the,the,DT,DT
4225,Peoples_Republic_of_Korea_1998,0,161,7,supreme,supreme,JJ,JJ
4226,Peoples_Republic_of_Korea_1998,0,161,8,duty,duty,NN,NN
4227,Peoples_Republic_of_Korea_1998,0,161,9,and,and,CC,CC
4228,Peoples_Republic_of_Korea_1998,0,161,10,honor,honor,NN,NN
4229,Peoples_Republic_of_Korea_1998,0,161,11,of,of,IN,IN
4230,Peoples_Republic_of_Korea_1998,0,161,12,citizens,citizens,NNS,NN
4231,Peoples_Republic_of_Korea_1998,0,162,0,Citizens,citizens,NNS,NN
4232,Peoples_Republic_of_Korea_1998,0,162,1,shall,shall,MD,MD
4233,Peoples_Republic_of_Korea_1998,0,162,2,defend,defend,VB,VB
4234,Peoples_Republic_of_Korea_1998,0,162,3,the,the,DT,DT
4235,Peoples_Republic_of_Korea_1998,0,162,4,country,country,NN,NN
4236,Peoples_Republic_of_Korea_1998,0,162,5,and,and,CC,CC
4237,Peoples_Republic_of_Korea_1998,0,162,6,serve,serve,VBP,VB
4238,Peoples_Republic_of_Korea_1998,0,162,7,in,in,IN,IN
4239,Peoples_Republic_of_Korea_1998,0,162,8,the,the,DT,DT
4240,Peoples_Republic_of_Korea_1998,0,162,9,army,army,NN,NN
4241,Peoples_Republic_of_Korea_1998,0,162,10,as,as,IN,IN
4242,Peoples_Republic_of_Korea_1998,0,162,11,required,required,VBN,VB
4243,Peoples_Republic_of_Korea_1998,0,162,12,by,by,IN,IN
4244,Peoples_Republic_of_Korea_1998,0,162,13,law,law,NN,NN
4245,Peoples_Republic_of_Korea_1998,0,163,0,Chapter,chapter,NN,NN
4246,Peoples_Republic_of_Korea_1998,0,163,1,6,6,CD,CD
4247,Peoples_Republic_of_Korea_1998,0,164,0,The,the,DT,DT
4248,Peoples_Republic_of_Korea_1998,0,164,1,Structure,structure,NN,NN
4249,Peoples_Republic_of_Korea_1998,0,164,2,of,of,IN,IN
4250,Peoples_Republic_of_Korea_1998,0,164,3,the,the,DT,DT
4251,Peoples_Republic_of_Korea_1998,0,164,4,State,state,NNP,NN
4252,Peoples_Republic_of_Korea_1998,0,164,5,Section,section,NN,NN
4253,Peoples_Republic_of_Korea_1998,0,164,6,I,i,PRP,PR
4254,Peoples_Republic_of_Korea_1998,0,165,0,The,the,DT,DT
4255,Peoples_Republic_of_Korea_1998,0,165,1,Supreme,supreme,NNP,NN
4256,Peoples_Republic_of_Korea_1998,0,165,2,People,people,NNP,NN
4257,Peoples_Republic_of_Korea_1998,0,165,4,s,s,NN,NN
4258,Peoples_Republic_of_Korea_1998,0,165,5,Assembly,assembly,NNP,NN
4259,Peoples_Republic_of_Korea_1998,0,165,6,Share,share,NNP,NN
4260,Peoples_Republic_of_Korea_1998,0,165,7,Article,article,NNP,NN
4261,Peoples_Republic_of_Korea_1998,0,165,8,87,87,CD,CD
4262,Peoples_Republic_of_Korea_1998,0,165,9,Share,share,NNP,NN
4263,Peoples_Republic_of_Korea_1998,0,165,10,The,the,DT,DT
4264,Peoples_Republic_of_Korea_1998,0,165,11,Supreme,supreme,NNP,NN
4265,Peoples_Republic_of_Korea_1998,0,165,12,People,people,NNP,NN
4266,Peoples_Republic_of_Korea_1998,0,165,14,s,s,NN,NN
4267,Peoples_Republic_of_Korea_1998,0,165,15,Assembly,assembly,NNP,NN
4268,Peoples_Republic_of_Korea_1998,0,165,16,is,is,VBZ,VB
4269,Peoples_Republic_of_Korea_1998,0,165,17,the,the,DT,DT
4270,Peoples_Republic_of_Korea_1998,0,165,18,highest,highest,JJS,JJ
4271,Peoples_Republic_of_Korea_1998,0,165,19,organ,organ,NN,NN
4272,Peoples_Republic_of_Korea_1998,0,165,20,of,of,IN,IN
4273,Peoples_Republic_of_Korea_1998,0,165,21,State,state,NNP,NN
4274,Peoples_Republic_of_Korea_1998,0,165,22,power,power,NN,NN
4275,Peoples_Republic_of_Korea_1998,0,165,23,in,in,IN,IN
4276,Peoples_Republic_of_Korea_1998,0,165,24,the,the,DT,DT
4277,Peoples_Republic_of_Korea_1998,0,165,25,DPRK,dprk,NNP,NN
4278,Peoples_Republic_of_Korea_1998,0,166,0,Article,article,NN,NN
4279,Peoples_Republic_of_Korea_1998,0,166,1,88,88,CD,CD
4280,Peoples_Republic_of_Korea_1998,0,166,2,Share,share,NNP,NN
4281,Peoples_Republic_of_Korea_1998,0,166,3,The,the,DT,DT
4282,Peoples_Republic_of_Korea_1998,0,166,4,SPA,spa,NNP,NN
4283,Peoples_Republic_of_Korea_1998,0,166,5,exercises,exercises,VBZ,VB
4284,Peoples_Republic_of_Korea_1998,0,166,6,legislative,legislative,JJ,JJ
4285,Peoples_Republic_of_Korea_1998,0,166,7,power,power,NN,NN
4286,Peoples_Republic_of_Korea_1998,0,167,0,When,when,WRB,WR
4287,Peoples_Republic_of_Korea_1998,0,167,1,the,the,DT,DT
4288,Peoples_Republic_of_Korea_1998,0,167,2,SPA,spa,NNP,NN
4289,Peoples_Republic_of_Korea_1998,0,167,3,is,is,VBZ,VB
4290,Peoples_Republic_of_Korea_1998,0,167,4,not,not,RB,RB
4291,Peoples_Republic_of_Korea_1998,0,167,5,in,in,IN,IN
4292,Peoples_Republic_of_Korea_1998,0,167,6,session,session,NN,NN
4293,Peoples_Republic_of_Korea_1998,0,167,8,the,the,DT,DT
4294,Peoples_Republic_of_Korea_1998,0,167,9,SPA,spa,NNP,NN
4295,Peoples_Republic_of_Korea_1998,0,167,10,Presidium,presidium,NNP,NN
4296,Peoples_Republic_of_Korea_1998,0,167,11,also,also,RB,RB
4297,Peoples_Republic_of_Korea_1998,0,167,12,can,can,MD,MD
4298,Peoples_Republic_of_Korea_1998,0,167,13,exercise,exercise,VB,VB
4299,Peoples_Republic_of_Korea_1998,0,167,14,legislative,legislative,JJ,JJ
4300,Peoples_Republic_of_Korea_1998,0,167,15,power,power,NN,NN
4301,Peoples_Republic_of_Korea_1998,0,168,0,Article,article,NN,NN
4302,Peoples_Republic_of_Korea_1998,0,168,1,89,89,CD,CD
4303,Peoples_Republic_of_Korea_1998,0,168,2,Share,share,NNP,NN
4304,Peoples_Republic_of_Korea_1998,0,168,3,The,the,DT,DT
4305,Peoples_Republic_of_Korea_1998,0,168,4,SPA,spa,NNP,NN
4306,Peoples_Republic_of_Korea_1998,0,168,5,is,is,VBZ,VB
4307,Peoples_Republic_of_Korea_1998,0,168,6,composed,composed,VBN,VB
4308,Peoples_Republic_of_Korea_1998,0,168,7,of,of,IN,IN
4309,Peoples_Republic_of_Korea_1998,0,168,8,deputies,deputies,NNS,NN
4310,Peoples_Republic_of_Korea_1998,0,168,9,elected,elected,VBN,VB
4311,Peoples_Republic_of_Korea_1998,0,168,10,on,on,IN,IN
4312,Peoples_Republic_of_Korea_1998,0,168,11,the,the,DT,DT
4313,Peoples_Republic_of_Korea_1998,0,168,12,principle,principle,NN,NN
4314,Peoples_Republic_of_Korea_1998,0,168,13,of,of,IN,IN
4315,Peoples_Republic_of_Korea_1998,0,168,14,universal,universal,JJ,JJ
4316,Peoples_Republic_of_Korea_1998,0,168,16,equal,equal,JJ,JJ
4317,Peoples_Republic_of_Korea_1998,0,168,17,and,and,CC,CC
4318,Peoples_Republic_of_Korea_1998,0,168,18,direct,direct,JJ,JJ
4319,Peoples_Republic_of_Korea_1998,0,168,19,suffrage,suffrage,NN,NN
4320,Peoples_Republic_of_Korea_1998,0,168,20,by,by,IN,IN
4321,Peoples_Republic_of_Korea_1998,0,168,21,secret,secret,JJ,JJ
4322,Peoples_Republic_of_Korea_1998,0,168,22,ballot,ballot,NN,NN
4323,Peoples_Republic_of_Korea_1998,0,169,0,Article,article,NN,NN
4324,Peoples_Republic_of_Korea_1998,0,169,1,90,90,CD,CD
4325,Peoples_Republic_of_Korea_1998,0,169,2,Share,share,NNP,NN
4326,Peoples_Republic_of_Korea_1998,0,169,3,The,the,DT,DT
4327,Peoples_Republic_of_Korea_1998,0,169,4,SPA,spa,NNP,NN
4328,Peoples_Republic_of_Korea_1998,0,169,5,is,is,VBZ,VB
4329,Peoples_Republic_of_Korea_1998,0,169,6,elected,elected,VBN,VB
4330,Peoples_Republic_of_Korea_1998,0,169,7,for,for,IN,IN
4331,Peoples_Republic_of_Korea_1998,0,169,8,a,a,DT,DT
4332,Peoples_Republic_of_Korea_1998,0,169,9,term,term,NN,NN
4333,Peoples_Republic_of_Korea_1998,0,169,10,of,of,IN,IN
4334,Peoples_Republic_of_Korea_1998,0,169,11,five,five,CD,CD
4335,Peoples_Republic_of_Korea_1998,0,169,12,years,years,NNS,NN
4336,Peoples_Republic_of_Korea_1998,0,170,0,A,a,DT,DT
4337,Peoples_Republic_of_Korea_1998,0,170,1,new,new,JJ,JJ
4338,Peoples_Republic_of_Korea_1998,0,170,2,election,election,NN,NN
4339,Peoples_Republic_of_Korea_1998,0,170,3,is,is,VBZ,VB
4340,Peoples_Republic_of_Korea_1998,0,170,4,held,held,VBN,VB
4341,Peoples_Republic_of_Korea_1998,0,170,5,before,before,IN,IN
4342,Peoples_Republic_of_Korea_1998,0,170,6,the,the,DT,DT
4343,Peoples_Republic_of_Korea_1998,0,170,7,term,term,NN,NN
4344,Peoples_Republic_of_Korea_1998,0,170,8,expires,expires,VBZ,VB
4345,Peoples_Republic_of_Korea_1998,0,170,9,according,according,VBG,VB
4346,Peoples_Republic_of_Korea_1998,0,170,10,to,to,TO,TO
4347,Peoples_Republic_of_Korea_1998,0,170,11,the,the,DT,DT
4348,Peoples_Republic_of_Korea_1998,0,170,12,decision,decision,NN,NN
4349,Peoples_Republic_of_Korea_1998,0,170,13,of,of,IN,IN
4350,Peoples_Republic_of_Korea_1998,0,170,14,the,the,DT,DT
4351,Peoples_Republic_of_Korea_1998,0,170,15,SPA,spa,NNP,NN
4352,Peoples_Republic_of_Korea_1998,0,170,16,Presidium,presidium,NNP,NN
4353,Peoples_Republic_of_Korea_1998,0,171,0,The,the,DT,DT
4354,Peoples_Republic_of_Korea_1998,0,171,1,term,term,NN,NN
4355,Peoples_Republic_of_Korea_1998,0,171,2,is,is,VBZ,VB
4356,Peoples_Republic_of_Korea_1998,0,171,3,extended,extended,VBN,VB
4357,Peoples_Republic_of_Korea_1998,0,171,4,if,if,IN,IN
4358,Peoples_Republic_of_Korea_1998,0,171,5,an,an,DT,DT
4359,Peoples_Republic_of_Korea_1998,0,171,6,election,election,NN,NN
4360,Peoples_Republic_of_Korea_1998,0,171,7,is,is,VBZ,VB
4361,Peoples_Republic_of_Korea_1998,0,171,8,not,not,RB,RB
4362,Peoples_Republic_of_Korea_1998,0,171,9,held,held,VBN,VB
4363,Peoples_Republic_of_Korea_1998,0,171,10,due,due,JJ,JJ
4364,Peoples_Republic_of_Korea_1998,0,171,11,to,to,TO,TO
4365,Peoples_Republic_of_Korea_1998,0,171,12,unavoidable,unavoidable,JJ,JJ
4366,Peoples_Republic_of_Korea_1998,0,171,13,circumstances,circumstances,NNS,NN
4367,Peoples_Republic_of_Korea_1998,0,172,0,Article,article,NN,NN
4368,Peoples_Republic_of_Korea_1998,0,172,1,91,91,CD,CD
4369,Peoples_Republic_of_Korea_1998,0,172,2,Share,share,NNP,NN
4370,Peoples_Republic_of_Korea_1998,0,172,3,The,the,DT,DT
4371,Peoples_Republic_of_Korea_1998,0,172,4,SPA,spa,NNP,NN
4372,Peoples_Republic_of_Korea_1998,0,172,5,has,has,VBZ,VB
4373,Peoples_Republic_of_Korea_1998,0,172,6,the,the,DT,DT
4374,Peoples_Republic_of_Korea_1998,0,172,7,authority,authority,NN,NN
4375,Peoples_Republic_of_Korea_1998,0,172,8,to,to,TO,TO
4376,Peoples_Republic_of_Korea_1998,0,172,10,1.amend,1amend,CD,CD
4377,Peoples_Republic_of_Korea_1998,0,172,11,and,and,CC,CC
4378,Peoples_Republic_of_Korea_1998,0,172,12,supplement,supplement,VBD,VB
4379,Peoples_Republic_of_Korea_1998,0,172,13,the,the,DT,DT
4380,Peoples_Republic_of_Korea_1998,0,172,14,Constitution,constitution,NNP,NN
4381,Peoples_Republic_of_Korea_1998,0,172,16,2.adopt,2adopt,CD,CD
4382,Peoples_Republic_of_Korea_1998,0,172,18,amend,amend,NN,NN
4383,Peoples_Republic_of_Korea_1998,0,172,19,and,and,CC,CC
4384,Peoples_Republic_of_Korea_1998,0,172,20,supplement,supplement,JJ,JJ
4385,Peoples_Republic_of_Korea_1998,0,172,21,departmental,departmental,NN,NN
4386,Peoples_Republic_of_Korea_1998,0,172,22,laws,laws,NNS,NN
4387,Peoples_Republic_of_Korea_1998,0,172,24,3.approve,3approve,CD,CD
4388,Peoples_Republic_of_Korea_1998,0,172,25,major,major,JJ,JJ
4389,Peoples_Republic_of_Korea_1998,0,172,26,departmental,departmental,JJ,JJ
4390,Peoples_Republic_of_Korea_1998,0,172,27,laws,laws,NNS,NN
4391,Peoples_Republic_of_Korea_1998,0,172,28,adopted,adopted,VBN,VB
4392,Peoples_Republic_of_Korea_1998,0,172,29,by,by,IN,IN
4393,Peoples_Republic_of_Korea_1998,0,172,30,the,the,DT,DT
4394,Peoples_Republic_of_Korea_1998,0,172,31,SPA,spa,NNP,NN
4395,Peoples_Republic_of_Korea_1998,0,172,32,Presidium,presidium,NNP,NN
4396,Peoples_Republic_of_Korea_1998,0,172,33,in,in,IN,IN
4397,Peoples_Republic_of_Korea_1998,0,172,34,the,the,DT,DT
4398,Peoples_Republic_of_Korea_1998,0,172,35,intervals,intervals,NNS,NN
4399,Peoples_Republic_of_Korea_1998,0,172,36,between,between,IN,IN
4400,Peoples_Republic_of_Korea_1998,0,172,37,the,the,DT,DT
4401,Peoples_Republic_of_Korea_1998,0,172,38,sessions,sessions,NNS,NN
4402,Peoples_Republic_of_Korea_1998,0,172,39,of,of,IN,IN
4403,Peoples_Republic_of_Korea_1998,0,172,40,the,the,DT,DT
4404,Peoples_Republic_of_Korea_1998,0,172,41,SPA,spa,NNP,NN
4405,Peoples_Republic_of_Korea_1998,0,172,43,4.establish,4establish,CD,CD
4406,Peoples_Republic_of_Korea_1998,0,172,44,the,the,DT,DT
4407,Peoples_Republic_of_Korea_1998,0,172,45,basic,basic,JJ,JJ
4408,Peoples_Republic_of_Korea_1998,0,172,46,principles,principles,NNS,NN
4409,Peoples_Republic_of_Korea_1998,0,172,47,of,of,IN,IN
4410,Peoples_Republic_of_Korea_1998,0,172,48,the,the,DT,DT
4411,Peoples_Republic_of_Korea_1998,0,172,49,State,state,NNP,NN
4412,Peoples_Republic_of_Korea_1998,0,172,51,s,s,VBD,VB
4413,Peoples_Republic_of_Korea_1998,0,172,52,domestic,domestic,JJ,JJ
4414,Peoples_Republic_of_Korea_1998,0,172,53,and,and,CC,CC
4415,Peoples_Republic_of_Korea_1998,0,172,54,foreign,foreign,JJ,JJ
4416,Peoples_Republic_of_Korea_1998,0,172,55,policies,policies,NNS,NN
4417,Peoples_Republic_of_Korea_1998,0,172,57,5.elect,5elect,CD,CD
4418,Peoples_Republic_of_Korea_1998,0,172,58,or,or,CC,CC
4419,Peoples_Republic_of_Korea_1998,0,172,59,transfer,transfer,VB,VB
4420,Peoples_Republic_of_Korea_1998,0,172,60,the,the,DT,DT
4421,Peoples_Republic_of_Korea_1998,0,172,61,Chairman,chairman,NNP,NN
4422,Peoples_Republic_of_Korea_1998,0,172,62,of,of,IN,IN
4423,Peoples_Republic_of_Korea_1998,0,172,63,the,the,DT,DT
4424,Peoples_Republic_of_Korea_1998,0,172,64,DPRK,dprk,NNP,NN
4425,Peoples_Republic_of_Korea_1998,0,172,65,National,national,NNP,NN
4426,Peoples_Republic_of_Korea_1998,0,172,66,Defense,defense,NNP,NN
4427,Peoples_Republic_of_Korea_1998,0,172,67,Commission,commission,NNP,NN
4428,Peoples_Republic_of_Korea_1998,0,172,69,6.elect,6elect,CD,CD
4429,Peoples_Republic_of_Korea_1998,0,172,70,or,or,CC,CC
4430,Peoples_Republic_of_Korea_1998,0,172,71,remove,remove,VB,VB
4431,Peoples_Republic_of_Korea_1998,0,172,72,the,the,DT,DT
4432,Peoples_Republic_of_Korea_1998,0,172,73,President,president,NNP,NN
4433,Peoples_Republic_of_Korea_1998,0,172,74,of,of,IN,IN
4434,Peoples_Republic_of_Korea_1998,0,172,75,the,the,DT,DT
4435,Peoples_Republic_of_Korea_1998,0,172,76,SPA,spa,NNP,NN
4436,Peoples_Republic_of_Korea_1998,0,172,77,Presidium,presidium,NNP,NN
4437,Peoples_Republic_of_Korea_1998,0,172,79,7.elect,7elect,CD,CD
4438,Peoples_Republic_of_Korea_1998,0,172,80,or,or,CC,CC
4439,Peoples_Republic_of_Korea_1998,0,172,81,transfer,transfer,VB,VB
4440,Peoples_Republic_of_Korea_1998,0,172,82,the,the,DT,DT
4441,Peoples_Republic_of_Korea_1998,0,172,83,first,first,JJ,JJ
4442,Peoples_Republic_of_Korea_1998,0,172,84,vice-chairman,vicechairman,JJ,JJ
4443,Peoples_Republic_of_Korea_1998,0,172,86,vice-chairmen,vicechairmen,JJ,JJ
4444,Peoples_Republic_of_Korea_1998,0,172,87,and,and,CC,CC
4445,Peoples_Republic_of_Korea_1998,0,172,88,members,members,NNS,NN
4446,Peoples_Republic_of_Korea_1998,0,172,89,of,of,IN,IN
4447,Peoples_Republic_of_Korea_1998,0,172,90,the,the,DT,DT
4448,Peoples_Republic_of_Korea_1998,0,172,91,National,national,NNP,NN
4449,Peoples_Republic_of_Korea_1998,0,172,92,Defense,defense,NNP,NN
4450,Peoples_Republic_of_Korea_1998,0,172,93,Commission,commission,NNP,NN
4451,Peoples_Republic_of_Korea_1998,0,172,94,according,according,VBG,VB
4452,Peoples_Republic_of_Korea_1998,0,172,95,to,to,TO,TO
4453,Peoples_Republic_of_Korea_1998,0,172,96,the,the,DT,DT
4454,Peoples_Republic_of_Korea_1998,0,172,97,recommendation,recommendation,NN,NN
4455,Peoples_Republic_of_Korea_1998,0,172,98,of,of,IN,IN
4456,Peoples_Republic_of_Korea_1998,0,172,99,the,the,DT,DT
4457,Peoples_Republic_of_Korea_1998,0,172,100,Chairman,chairman,NNP,NN
4458,Peoples_Republic_of_Korea_1998,0,172,101,of,of,IN,IN
4459,Peoples_Republic_of_Korea_1998,0,172,102,the,the,DT,DT
4460,Peoples_Republic_of_Korea_1998,0,172,103,DPRK,dprk,NNP,NN
4461,Peoples_Republic_of_Korea_1998,0,172,104,National,national,NNP,NN
4462,Peoples_Republic_of_Korea_1998,0,172,105,Defense,defense,NNP,NN
4463,Peoples_Republic_of_Korea_1998,0,172,106,Commission,commission,NNP,NN
4464,Peoples_Republic_of_Korea_1998,0,172,108,8.elect,8elect,CD,CD
4465,Peoples_Republic_of_Korea_1998,0,172,109,or,or,CC,CC
4466,Peoples_Republic_of_Korea_1998,0,172,110,transfer,transfer,VB,VB
4467,Peoples_Republic_of_Korea_1998,0,172,111,the,the,DT,DT
4468,Peoples_Republic_of_Korea_1998,0,172,112,vice-presidents,vicepresidents,NNS,NN
4469,Peoples_Republic_of_Korea_1998,0,172,114,honorary,honorary,JJ,JJ
4470,Peoples_Republic_of_Korea_1998,0,172,115,vice,vice,NN,NN
4471,Peoples_Republic_of_Korea_1998,0,172,116,presidents,presidents,NNS,NN
4472,Peoples_Republic_of_Korea_1998,0,172,118,secretary,secretary,NN,NN
4473,Peoples_Republic_of_Korea_1998,0,172,119,and,and,CC,CC
4474,Peoples_Republic_of_Korea_1998,0,172,120,members,members,NNS,NN
4475,Peoples_Republic_of_Korea_1998,0,172,121,of,of,IN,IN
4476,Peoples_Republic_of_Korea_1998,0,172,122,the,the,DT,DT
4477,Peoples_Republic_of_Korea_1998,0,172,123,SPA,spa,NNP,NN
4478,Peoples_Republic_of_Korea_1998,0,172,124,Presidium,presidium,NNP,NN
4479,Peoples_Republic_of_Korea_1998,0,172,126,9.elect,9elect,CD,CD
4480,Peoples_Republic_of_Korea_1998,0,172,127,or,or,CC,CC
4481,Peoples_Republic_of_Korea_1998,0,172,128,transfer,transfer,VB,VB
4482,Peoples_Republic_of_Korea_1998,0,172,129,the,the,DT,DT
4483,Peoples_Republic_of_Korea_1998,0,172,130,Premier,premier,NNP,NN
4484,Peoples_Republic_of_Korea_1998,0,172,131,of,of,IN,IN
4485,Peoples_Republic_of_Korea_1998,0,172,132,the,the,DT,DT
4486,Peoples_Republic_of_Korea_1998,0,172,133,Cabinet,cabinet,NNP,NN
4487,Peoples_Republic_of_Korea_1998,0,172,135,10.appoint,10appoint,CD,CD
4488,Peoples_Republic_of_Korea_1998,0,172,136,the,the,DT,DT
4489,Peoples_Republic_of_Korea_1998,0,172,137,vice,vice,NN,NN
4490,Peoples_Republic_of_Korea_1998,0,172,138,premiers,premiers,NNS,NN
4491,Peoples_Republic_of_Korea_1998,0,172,139,of,of,IN,IN
4492,Peoples_Republic_of_Korea_1998,0,172,140,the,the,DT,DT
4493,Peoples_Republic_of_Korea_1998,0,172,141,Cabinet,cabinet,NNP,NN
4494,Peoples_Republic_of_Korea_1998,0,172,143,chairmen,chairmen,NNS,NN
4495,Peoples_Republic_of_Korea_1998,0,172,144,of,of,IN,IN
4496,Peoples_Republic_of_Korea_1998,0,172,145,commissions,commissions,NNS,NN
4497,Peoples_Republic_of_Korea_1998,0,172,147,ministers,ministers,NNS,NN
4498,Peoples_Republic_of_Korea_1998,0,172,148,and,and,CC,CC
4499,Peoples_Republic_of_Korea_1998,0,172,149,other,other,JJ,JJ
4500,Peoples_Republic_of_Korea_1998,0,172,150,members,members,NNS,NN
4501,Peoples_Republic_of_Korea_1998,0,172,151,of,of,IN,IN
4502,Peoples_Republic_of_Korea_1998,0,172,152,the,the,DT,DT
4503,Peoples_Republic_of_Korea_1998,0,172,153,Cabinet,cabinet,NNP,NN
4504,Peoples_Republic_of_Korea_1998,0,172,154,according,according,VBG,VB
4505,Peoples_Republic_of_Korea_1998,0,172,155,to,to,TO,TO
4506,Peoples_Republic_of_Korea_1998,0,172,156,the,the,DT,DT
4507,Peoples_Republic_of_Korea_1998,0,172,157,recommendation,recommendation,NN,NN
4508,Peoples_Republic_of_Korea_1998,0,172,158,of,of,IN,IN
4509,Peoples_Republic_of_Korea_1998,0,172,159,the,the,DT,DT
4510,Peoples_Republic_of_Korea_1998,0,172,160,Premier,premier,NNP,NN
4511,Peoples_Republic_of_Korea_1998,0,172,161,of,of,IN,IN
4512,Peoples_Republic_of_Korea_1998,0,172,162,the,the,DT,DT
4513,Peoples_Republic_of_Korea_1998,0,172,163,Cabinet,cabinet,NNP,NN
4514,Peoples_Republic_of_Korea_1998,0,172,165,11.appoint,11appoint,CD,CD
4515,Peoples_Republic_of_Korea_1998,0,172,166,or,or,CC,CC
4516,Peoples_Republic_of_Korea_1998,0,172,167,remove,remove,VB,VB
4517,Peoples_Republic_of_Korea_1998,0,172,168,the,the,DT,DT
4518,Peoples_Republic_of_Korea_1998,0,172,169,Prosecutor-general,prosecutorgeneral,NNP,NN
4519,Peoples_Republic_of_Korea_1998,0,172,171,12.elect,12elect,CD,CD
4520,Peoples_Republic_of_Korea_1998,0,172,172,or,or,CC,CC
4521,Peoples_Republic_of_Korea_1998,0,172,173,transfer,transfer,VB,VB
4522,Peoples_Republic_of_Korea_1998,0,172,174,the,the,DT,DT
4523,Peoples_Republic_of_Korea_1998,0,172,175,Chief,chief,NNP,NN
4524,Peoples_Republic_of_Korea_1998,0,172,176,Justice,justice,NNP,NN
4525,Peoples_Republic_of_Korea_1998,0,172,178,13.elect,13elect,CD,CD
4526,Peoples_Republic_of_Korea_1998,0,172,179,or,or,CC,CC
4527,Peoples_Republic_of_Korea_1998,0,172,180,transfer,transfer,VB,VB
4528,Peoples_Republic_of_Korea_1998,0,172,181,the,the,DT,DT
4529,Peoples_Republic_of_Korea_1998,0,172,182,chairmen,chairmen,NNS,NN
4530,Peoples_Republic_of_Korea_1998,0,172,184,vice,vice,NN,NN
4531,Peoples_Republic_of_Korea_1998,0,172,185,chairmen,chairmen,NNS,NN
4532,Peoples_Republic_of_Korea_1998,0,172,186,and,and,CC,CC
4533,Peoples_Republic_of_Korea_1998,0,172,187,members,members,NNS,NN
4534,Peoples_Republic_of_Korea_1998,0,172,188,of,of,IN,IN
4535,Peoples_Republic_of_Korea_1998,0,172,189,the,the,DT,DT
4536,Peoples_Republic_of_Korea_1998,0,172,190,committees,committees,NNS,NN
4537,Peoples_Republic_of_Korea_1998,0,172,191,of,of,IN,IN
4538,Peoples_Republic_of_Korea_1998,0,172,192,the,the,DT,DT
4539,Peoples_Republic_of_Korea_1998,0,172,193,SPA,spa,NNP,NN
4540,Peoples_Republic_of_Korea_1998,0,172,195,14.examine,14examine,CD,CD
4541,Peoples_Republic_of_Korea_1998,0,172,196,and,and,CC,CC
4542,Peoples_Republic_of_Korea_1998,0,172,197,approve,approve,VB,VB
4543,Peoples_Republic_of_Korea_1998,0,172,198,the,the,DT,DT
4544,Peoples_Republic_of_Korea_1998,0,172,199,State,state,NNP,NN
4545,Peoples_Republic_of_Korea_1998,0,172,200,plan,plan,NN,NN
4546,Peoples_Republic_of_Korea_1998,0,172,201,for,for,IN,IN
4547,Peoples_Republic_of_Korea_1998,0,172,202,the,the,DT,DT
4548,Peoples_Republic_of_Korea_1998,0,172,203,development,development,NN,NN
4549,Peoples_Republic_of_Korea_1998,0,172,204,of,of,IN,IN
4550,Peoples_Republic_of_Korea_1998,0,172,205,the,the,DT,DT
4551,Peoples_Republic_of_Korea_1998,0,172,206,national,national,JJ,JJ
4552,Peoples_Republic_of_Korea_1998,0,172,207,economy,economy,NN,NN
4553,Peoples_Republic_of_Korea_1998,0,172,208,and,and,CC,CC
4554,Peoples_Republic_of_Korea_1998,0,172,209,a,a,DT,DT
4555,Peoples_Republic_of_Korea_1998,0,172,210,report,report,NN,NN
4556,Peoples_Republic_of_Korea_1998,0,172,211,on,on,IN,IN
4557,Peoples_Republic_of_Korea_1998,0,172,212,its,its,PRP$,PR
4558,Peoples_Republic_of_Korea_1998,0,172,213,fulfillment,fulfillment,NN,NN
4559,Peoples_Republic_of_Korea_1998,0,172,215,15.examine,15examine,CD,CD
4560,Peoples_Republic_of_Korea_1998,0,172,216,and,and,CC,CC
4561,Peoples_Republic_of_Korea_1998,0,172,217,approve,approve,VB,VB
4562,Peoples_Republic_of_Korea_1998,0,172,218,a,a,DT,DT
4563,Peoples_Republic_of_Korea_1998,0,172,219,report,report,NN,NN
4564,Peoples_Republic_of_Korea_1998,0,172,220,on,on,IN,IN
4565,Peoples_Republic_of_Korea_1998,0,172,221,the,the,DT,DT
4566,Peoples_Republic_of_Korea_1998,0,172,222,State,state,NNP,NN
4567,Peoples_Republic_of_Korea_1998,0,172,223,budget,budget,NN,NN
4568,Peoples_Republic_of_Korea_1998,0,172,224,and,and,CC,CC
4569,Peoples_Republic_of_Korea_1998,0,172,225,on,on,IN,IN
4570,Peoples_Republic_of_Korea_1998,0,172,226,its,its,PRP$,PR
4571,Peoples_Republic_of_Korea_1998,0,172,227,implementation,implementation,NN,NN
4572,Peoples_Republic_of_Korea_1998,0,172,229,16.receive,16receive,CD,CD
4573,Peoples_Republic_of_Korea_1998,0,172,230,a,a,DT,DT
4574,Peoples_Republic_of_Korea_1998,0,172,231,report,report,NN,NN
4575,Peoples_Republic_of_Korea_1998,0,172,232,on,on,IN,IN
4576,Peoples_Republic_of_Korea_1998,0,172,233,the,the,DT,DT
4577,Peoples_Republic_of_Korea_1998,0,172,234,work,work,NN,NN
4578,Peoples_Republic_of_Korea_1998,0,172,235,of,of,IN,IN
4579,Peoples_Republic_of_Korea_1998,0,172,236,the,the,DT,DT
4580,Peoples_Republic_of_Korea_1998,0,172,237,Cabinet,cabinet,NNP,NN
4581,Peoples_Republic_of_Korea_1998,0,172,238,and,and,CC,CC
4582,Peoples_Republic_of_Korea_1998,0,172,239,national,national,JJ,JJ
4583,Peoples_Republic_of_Korea_1998,0,172,240,institutions,institutions,NNS,NN
4584,Peoples_Republic_of_Korea_1998,0,172,241,and,and,CC,CC
4585,Peoples_Republic_of_Korea_1998,0,172,242,adopt,adopt,JJ,JJ
4586,Peoples_Republic_of_Korea_1998,0,172,243,measures,measures,NNS,NN
4587,Peoples_Republic_of_Korea_1998,0,172,245,if,if,IN,IN
4588,Peoples_Republic_of_Korea_1998,0,172,246,necessary,necessary,JJ,JJ
4589,Peoples_Republic_of_Korea_1998,0,172,248,17.decide,17decide,CD,CD
4590,Peoples_Republic_of_Korea_1998,0,172,249,on,on,IN,IN
4591,Peoples_Republic_of_Korea_1998,0,172,250,the,the,DT,DT
4592,Peoples_Republic_of_Korea_1998,0,172,251,ratification,ratification,NN,NN
4593,Peoples_Republic_of_Korea_1998,0,172,252,or,or,CC,CC
4594,Peoples_Republic_of_Korea_1998,0,172,253,abrogation,abrogation,NN,NN
4595,Peoples_Republic_of_Korea_1998,0,172,254,of,of,IN,IN
4596,Peoples_Republic_of_Korea_1998,0,172,255,treaties,treaties,NNS,NN
4597,Peoples_Republic_of_Korea_1998,0,172,256,submitted,submitted,VBN,VB
4598,Peoples_Republic_of_Korea_1998,0,172,257,to,to,TO,TO
4599,Peoples_Republic_of_Korea_1998,0,172,258,the,the,DT,DT
4600,Peoples_Republic_of_Korea_1998,0,172,259,SPA,spa,NNP,NN
4601,Peoples_Republic_of_Korea_1998,0,173,0,Article,article,NN,NN
4602,Peoples_Republic_of_Korea_1998,0,173,1,92,92,CD,CD
4603,Peoples_Republic_of_Korea_1998,0,173,2,Share,share,NNP,NN
4604,Peoples_Republic_of_Korea_1998,0,173,3,The,the,DT,DT
4605,Peoples_Republic_of_Korea_1998,0,173,4,SPA,spa,NNP,NN
4606,Peoples_Republic_of_Korea_1998,0,173,5,holds,holds,VBZ,VB
4607,Peoples_Republic_of_Korea_1998,0,173,6,regular,regular,JJ,JJ
4608,Peoples_Republic_of_Korea_1998,0,173,7,and,and,CC,CC
4609,Peoples_Republic_of_Korea_1998,0,173,8,extraordinary,extraordinary,JJ,JJ
4610,Peoples_Republic_of_Korea_1998,0,173,9,sessions,sessions,NNS,NN
4611,Peoples_Republic_of_Korea_1998,0,174,0,Regular,regular,JJ,JJ
4612,Peoples_Republic_of_Korea_1998,0,174,1,sessions,sessions,NNS,NN
4613,Peoples_Republic_of_Korea_1998,0,174,2,are,are,VBP,VB
4614,Peoples_Republic_of_Korea_1998,0,174,3,convened,convened,VBN,VB
4615,Peoples_Republic_of_Korea_1998,0,174,4,once,once,RB,RB
4616,Peoples_Republic_of_Korea_1998,0,174,5,or,or,CC,CC
4617,Peoples_Republic_of_Korea_1998,0,174,6,twice,twice,RB,RB
4618,Peoples_Republic_of_Korea_1998,0,174,7,a,a,DT,DT
4619,Peoples_Republic_of_Korea_1998,0,174,8,year,year,NN,NN
4620,Peoples_Republic_of_Korea_1998,0,174,9,by,by,IN,IN
4621,Peoples_Republic_of_Korea_1998,0,174,10,the,the,DT,DT
4622,Peoples_Republic_of_Korea_1998,0,174,11,SPA,spa,NNP,NN
4623,Peoples_Republic_of_Korea_1998,0,174,12,Presidium,presidium,NNP,NN
4624,Peoples_Republic_of_Korea_1998,0,175,0,Extraordinary,extraordinary,JJ,JJ
4625,Peoples_Republic_of_Korea_1998,0,175,1,sessions,sessions,NNS,NN
4626,Peoples_Republic_of_Korea_1998,0,175,2,are,are,VBP,VB
4627,Peoples_Republic_of_Korea_1998,0,175,3,convened,convened,VBN,VB
4628,Peoples_Republic_of_Korea_1998,0,175,4,when,when,WRB,WR
4629,Peoples_Republic_of_Korea_1998,0,175,5,the,the,DT,DT
4630,Peoples_Republic_of_Korea_1998,0,175,6,SPA,spa,NNP,NN
4631,Peoples_Republic_of_Korea_1998,0,175,7,Presidium,presidium,NNP,NN
4632,Peoples_Republic_of_Korea_1998,0,175,8,deems,deems,VBZ,VB
4633,Peoples_Republic_of_Korea_1998,0,175,9,them,them,PRP,PR
4634,Peoples_Republic_of_Korea_1998,0,175,10,necessary,necessary,JJ,JJ
4635,Peoples_Republic_of_Korea_1998,0,175,11,or,or,CC,CC
4636,Peoples_Republic_of_Korea_1998,0,175,12,at,at,IN,IN
4637,Peoples_Republic_of_Korea_1998,0,175,13,the,the,DT,DT
4638,Peoples_Republic_of_Korea_1998,0,175,14,request,request,NN,NN
4639,Peoples_Republic_of_Korea_1998,0,175,15,of,of,IN,IN
4640,Peoples_Republic_of_Korea_1998,0,175,16,a,a,DT,DT
4641,Peoples_Republic_of_Korea_1998,0,175,17,minimum,minimum,NN,NN
4642,Peoples_Republic_of_Korea_1998,0,175,18,of,of,IN,IN
4643,Peoples_Republic_of_Korea_1998,0,175,19,one-third,onethird,NN,NN
4644,Peoples_Republic_of_Korea_1998,0,175,20,of,of,IN,IN
4645,Peoples_Republic_of_Korea_1998,0,175,21,the,the,DT,DT
4646,Peoples_Republic_of_Korea_1998,0,175,22,total,total,JJ,JJ
4647,Peoples_Republic_of_Korea_1998,0,175,23,number,number,NN,NN
4648,Peoples_Republic_of_Korea_1998,0,175,24,of,of,IN,IN
4649,Peoples_Republic_of_Korea_1998,0,175,25,deputies,deputies,NNS,NN
4650,Peoples_Republic_of_Korea_1998,0,176,0,Article,article,NN,NN
4651,Peoples_Republic_of_Korea_1998,0,176,1,93,93,CD,CD
4652,Peoples_Republic_of_Korea_1998,0,176,2,Share,share,NNP,NN
4653,Peoples_Republic_of_Korea_1998,0,176,3,The,the,DT,DT
4654,Peoples_Republic_of_Korea_1998,0,176,4,SPA,spa,NNP,NN
4655,Peoples_Republic_of_Korea_1998,0,176,5,requires,requires,VBZ,VB
4656,Peoples_Republic_of_Korea_1998,0,176,6,a,a,DT,DT
4657,Peoples_Republic_of_Korea_1998,0,176,7,quorum,quorum,NN,NN
4658,Peoples_Republic_of_Korea_1998,0,176,8,of,of,IN,IN
4659,Peoples_Republic_of_Korea_1998,0,176,9,at,at,IN,IN
4660,Peoples_Republic_of_Korea_1998,0,176,10,least,least,JJS,JJ
4661,Peoples_Republic_of_Korea_1998,0,176,11,two-thirds,twothirds,NNS,NN
4662,Peoples_Republic_of_Korea_1998,0,176,12,of,of,IN,IN
4663,Peoples_Republic_of_Korea_1998,0,176,13,the,the,DT,DT
4664,Peoples_Republic_of_Korea_1998,0,176,14,total,total,JJ,JJ
4665,Peoples_Republic_of_Korea_1998,0,176,15,number,number,NN,NN
4666,Peoples_Republic_of_Korea_1998,0,176,16,of,of,IN,IN
4667,Peoples_Republic_of_Korea_1998,0,176,17,deputies,deputies,NNS,NN
4668,Peoples_Republic_of_Korea_1998,0,176,18,in,in,IN,IN
4669,Peoples_Republic_of_Korea_1998,0,176,19,order,order,NN,NN
4670,Peoples_Republic_of_Korea_1998,0,176,20,to,to,TO,TO
4671,Peoples_Republic_of_Korea_1998,0,176,21,meet,meet,VB,VB
4672,Peoples_Republic_of_Korea_1998,0,177,0,Article,article,NN,NN
4673,Peoples_Republic_of_Korea_1998,0,177,1,94,94,CD,CD
4674,Peoples_Republic_of_Korea_1998,0,177,2,Share,share,NNP,NN
4675,Peoples_Republic_of_Korea_1998,0,177,3,The,the,DT,DT
4676,Peoples_Republic_of_Korea_1998,0,177,4,SPA,spa,NNP,NN
4677,Peoples_Republic_of_Korea_1998,0,177,5,elects,elects,VBZ,VB
4678,Peoples_Republic_of_Korea_1998,0,177,6,its,its,PRP$,PR
4679,Peoples_Republic_of_Korea_1998,0,177,7,Chairman,chairman,NNP,NN
4680,Peoples_Republic_of_Korea_1998,0,177,8,and,and,CC,CC
4681,Peoples_Republic_of_Korea_1998,0,177,9,vice,vice,NN,NN
4682,Peoples_Republic_of_Korea_1998,0,177,10,chairmen,chairmen,NNS,NN
4683,Peoples_Republic_of_Korea_1998,0,178,0,The,the,DT,DT
4684,Peoples_Republic_of_Korea_1998,0,178,1,Chairman,chairman,NNP,NN
4685,Peoples_Republic_of_Korea_1998,0,178,2,presides,presides,VBZ,VB
4686,Peoples_Republic_of_Korea_1998,0,178,3,over,over,IN,IN
4687,Peoples_Republic_of_Korea_1998,0,178,4,the,the,DT,DT
4688,Peoples_Republic_of_Korea_1998,0,178,5,sessions,sessions,NNS,NN
4689,Peoples_Republic_of_Korea_1998,0,179,0,Article,article,NN,NN
4690,Peoples_Republic_of_Korea_1998,0,179,1,95,95,CD,CD
4691,Peoples_Republic_of_Korea_1998,0,179,2,Share,share,NNP,NN
4692,Peoples_Republic_of_Korea_1998,0,179,3,An,an,DT,DT
4693,Peoples_Republic_of_Korea_1998,0,179,4,item,item,NN,NN
4694,Peoples_Republic_of_Korea_1998,0,179,5,on,on,IN,IN
4695,Peoples_Republic_of_Korea_1998,0,179,6,the,the,DT,DT
4696,Peoples_Republic_of_Korea_1998,0,179,7,agenda,agenda,NN,NN
4697,Peoples_Republic_of_Korea_1998,0,179,8,to,to,TO,TO
4698,Peoples_Republic_of_Korea_1998,0,179,9,be,be,VB,VB
4699,Peoples_Republic_of_Korea_1998,0,179,10,deliberated,deliberated,VBN,VB
4700,Peoples_Republic_of_Korea_1998,0,179,11,on,on,IN,IN
4701,Peoples_Republic_of_Korea_1998,0,179,12,by,by,IN,IN
4702,Peoples_Republic_of_Korea_1998,0,179,13,the,the,DT,DT
4703,Peoples_Republic_of_Korea_1998,0,179,14,SPA,spa,NNP,NN
4704,Peoples_Republic_of_Korea_1998,0,179,15,is,is,VBZ,VB
4705,Peoples_Republic_of_Korea_1998,0,179,16,submitted,submitted,VBN,VB
4706,Peoples_Republic_of_Korea_1998,0,179,17,to,to,TO,TO
4707,Peoples_Republic_of_Korea_1998,0,179,18,the,the,DT,DT
4708,Peoples_Republic_of_Korea_1998,0,179,19,SPA,spa,NNP,NN
4709,Peoples_Republic_of_Korea_1998,0,179,20,Presidium,presidium,NNP,NN
4710,Peoples_Republic_of_Korea_1998,0,179,22,Cabinet,cabinet,NNP,NN
4711,Peoples_Republic_of_Korea_1998,0,179,23,and,and,CC,CC
4712,Peoples_Republic_of_Korea_1998,0,179,24,SPA,spa,NNP,NN
4713,Peoples_Republic_of_Korea_1998,0,179,25,committees,committees,NNS,NN
4714,Peoples_Republic_of_Korea_1998,0,180,0,Article,article,NN,NN
4715,Peoples_Republic_of_Korea_1998,0,180,1,96,96,CD,CD
4716,Peoples_Republic_of_Korea_1998,0,180,2,Share,share,NNP,NN
4717,Peoples_Republic_of_Korea_1998,0,180,3,Each,each,DT,DT
4718,Peoples_Republic_of_Korea_1998,0,180,4,of,of,IN,IN
4719,Peoples_Republic_of_Korea_1998,0,180,5,the,the,DT,DT
4720,Peoples_Republic_of_Korea_1998,0,180,6,first,first,JJ,JJ
4721,Peoples_Republic_of_Korea_1998,0,180,7,session,session,NN,NN
4722,Peoples_Republic_of_Korea_1998,0,180,8,of,of,IN,IN
4723,Peoples_Republic_of_Korea_1998,0,180,9,the,the,DT,DT
4724,Peoples_Republic_of_Korea_1998,0,180,10,SPA,spa,NNP,NN
4725,Peoples_Republic_of_Korea_1998,0,180,11,elects,elects,VBZ,VB
4726,Peoples_Republic_of_Korea_1998,0,180,12,a,a,DT,DT
4727,Peoples_Republic_of_Korea_1998,0,180,13,Credentials,credentials,NNP,NN
4728,Peoples_Republic_of_Korea_1998,0,180,14,Committee,committee,NNP,NN
4729,Peoples_Republic_of_Korea_1998,0,180,15,and,and,CC,CC
4730,Peoples_Republic_of_Korea_1998,0,180,17,on,on,IN,IN
4731,Peoples_Republic_of_Korea_1998,0,180,18,hearing,hearing,VBG,VB
4732,Peoples_Republic_of_Korea_1998,0,180,19,the,the,DT,DT
4733,Peoples_Republic_of_Korea_1998,0,180,20,Committee,committee,NNP,NN
4734,Peoples_Republic_of_Korea_1998,0,180,22,s,s,VBD,VB
4735,Peoples_Republic_of_Korea_1998,0,180,23,report,report,NN,NN
4736,Peoples_Republic_of_Korea_1998,0,180,25,adopts,adopts,VBZ,VB
4737,Peoples_Republic_of_Korea_1998,0,180,26,a,a,DT,DT
4738,Peoples_Republic_of_Korea_1998,0,180,27,decision,decision,NN,NN
4739,Peoples_Republic_of_Korea_1998,0,180,28,confirming,confirming,VBG,VB
4740,Peoples_Republic_of_Korea_1998,0,180,29,the,the,DT,DT
4741,Peoples_Republic_of_Korea_1998,0,180,30,credentials,credentials,NNS,NN
4742,Peoples_Republic_of_Korea_1998,0,180,31,of,of,IN,IN
4743,Peoples_Republic_of_Korea_1998,0,180,32,deputies,deputies,NNS,NN
4744,Peoples_Republic_of_Korea_1998,0,181,0,Article,article,NN,NN
4745,Peoples_Republic_of_Korea_1998,0,181,1,97,97,CD,CD
4746,Peoples_Republic_of_Korea_1998,0,181,2,Share,share,NNP,NN
4747,Peoples_Republic_of_Korea_1998,0,181,3,The,the,DT,DT
4748,Peoples_Republic_of_Korea_1998,0,181,4,SPA,spa,NNP,NN
4749,Peoples_Republic_of_Korea_1998,0,181,5,adopts,adopts,NNS,NN
4750,Peoples_Republic_of_Korea_1998,0,181,6,laws,laws,NNS,NN
4751,Peoples_Republic_of_Korea_1998,0,181,7,and,and,CC,CC
4752,Peoples_Republic_of_Korea_1998,0,181,8,decisions,decisions,NNS,NN
4753,Peoples_Republic_of_Korea_1998,0,182,0,Laws,laws,NNP,NN
4754,Peoples_Republic_of_Korea_1998,0,182,1,and,and,CC,CC
4755,Peoples_Republic_of_Korea_1998,0,182,2,decisions,decisions,NNS,NN
4756,Peoples_Republic_of_Korea_1998,0,182,3,of,of,IN,IN
4757,Peoples_Republic_of_Korea_1998,0,182,4,the,the,DT,DT
4758,Peoples_Republic_of_Korea_1998,0,182,5,SPA,spa,NNP,NN
4759,Peoples_Republic_of_Korea_1998,0,182,6,are,are,VBP,VB
4760,Peoples_Republic_of_Korea_1998,0,182,7,adopted,adopted,VBN,VB
4761,Peoples_Republic_of_Korea_1998,0,182,8,when,when,WRB,WR
4762,Peoples_Republic_of_Korea_1998,0,182,9,more,more,JJR,JJ
4763,Peoples_Republic_of_Korea_1998,0,182,10,than,than,IN,IN
4764,Peoples_Republic_of_Korea_1998,0,182,11,half,half,NN,NN
4765,Peoples_Republic_of_Korea_1998,0,182,12,of,of,IN,IN
4766,Peoples_Republic_of_Korea_1998,0,182,13,the,the,DT,DT
4767,Peoples_Republic_of_Korea_1998,0,182,14,deputies,deputies,NNS,NN
4768,Peoples_Republic_of_Korea_1998,0,182,15,attending,attending,VBG,VB
4769,Peoples_Republic_of_Korea_1998,0,182,16,signify,signify,NN,NN
4770,Peoples_Republic_of_Korea_1998,0,182,17,approval,approval,NN,NN
4771,Peoples_Republic_of_Korea_1998,0,182,18,by,by,IN,IN
4772,Peoples_Republic_of_Korea_1998,0,182,19,a,a,DT,DT
4773,Peoples_Republic_of_Korea_1998,0,182,20,show,show,NN,NN
4774,Peoples_Republic_of_Korea_1998,0,182,21,of,of,IN,IN
4775,Peoples_Republic_of_Korea_1998,0,182,22,hands,hands,NNS,NN
4776,Peoples_Republic_of_Korea_1998,0,183,0,The,the,DT,DT
4777,Peoples_Republic_of_Korea_1998,0,183,1,Constitution,constitution,NNP,NN
4778,Peoples_Republic_of_Korea_1998,0,183,2,is,is,VBZ,VB
4779,Peoples_Republic_of_Korea_1998,0,183,3,amended,amended,VBN,VB
4780,Peoples_Republic_of_Korea_1998,0,183,4,and,and,CC,CC
4781,Peoples_Republic_of_Korea_1998,0,183,5,supplemented,supplemented,VBN,VB
4782,Peoples_Republic_of_Korea_1998,0,183,6,with,with,IN,IN
4783,Peoples_Republic_of_Korea_1998,0,183,7,the,the,DT,DT
4784,Peoples_Republic_of_Korea_1998,0,183,8,approval,approval,NN,NN
4785,Peoples_Republic_of_Korea_1998,0,183,9,of,of,IN,IN
4786,Peoples_Republic_of_Korea_1998,0,183,10,more,more,JJR,JJ
4787,Peoples_Republic_of_Korea_1998,0,183,11,than,than,IN,IN
4788,Peoples_Republic_of_Korea_1998,0,183,12,two-thirds,twothirds,NNS,NN
4789,Peoples_Republic_of_Korea_1998,0,183,13,of,of,IN,IN
4790,Peoples_Republic_of_Korea_1998,0,183,14,the,the,DT,DT
4791,Peoples_Republic_of_Korea_1998,0,183,15,total,total,JJ,JJ
4792,Peoples_Republic_of_Korea_1998,0,183,16,number,number,NN,NN
4793,Peoples_Republic_of_Korea_1998,0,183,17,of,of,IN,IN
4794,Peoples_Republic_of_Korea_1998,0,183,18,deputies,deputies,NNS,NN
4795,Peoples_Republic_of_Korea_1998,0,183,19,to,to,TO,TO
4796,Peoples_Republic_of_Korea_1998,0,183,20,the,the,DT,DT
4797,Peoples_Republic_of_Korea_1998,0,183,21,SPA,spa,NNP,NN
4798,Peoples_Republic_of_Korea_1998,0,184,0,Article,article,NN,NN
4799,Peoples_Republic_of_Korea_1998,0,184,1,98,98,CD,CD
4800,Peoples_Republic_of_Korea_1998,0,184,2,Share,share,NNP,NN
4801,Peoples_Republic_of_Korea_1998,0,184,3,The,the,DT,DT
4802,Peoples_Republic_of_Korea_1998,0,184,4,SPA,spa,NNP,NN
4803,Peoples_Republic_of_Korea_1998,0,184,5,sets,sets,VBZ,VB
4804,Peoples_Republic_of_Korea_1998,0,184,6,up,up,RP,RP
4805,Peoples_Republic_of_Korea_1998,0,184,7,committees,committees,NNS,NN
4806,Peoples_Republic_of_Korea_1998,0,184,8,such,such,JJ,JJ
4807,Peoples_Republic_of_Korea_1998,0,184,9,as,as,IN,IN
4808,Peoples_Republic_of_Korea_1998,0,184,10,the,the,DT,DT
4809,Peoples_Republic_of_Korea_1998,0,184,11,legislation,legislation,NN,NN
4810,Peoples_Republic_of_Korea_1998,0,184,12,committee,committee,NN,NN
4811,Peoples_Republic_of_Korea_1998,0,184,13,and,and,CC,CC
4812,Peoples_Republic_of_Korea_1998,0,184,14,the,the,DT,DT
4813,Peoples_Republic_of_Korea_1998,0,184,15,budget,budget,NN,NN
4814,Peoples_Republic_of_Korea_1998,0,184,16,committee,committee,NN,NN
4815,Peoples_Republic_of_Korea_1998,0,185,0,The,the,DT,DT
4816,Peoples_Republic_of_Korea_1998,0,185,1,SPA,spa,NNP,NN
4817,Peoples_Republic_of_Korea_1998,0,185,2,committees,committees,NNS,NN
4818,Peoples_Republic_of_Korea_1998,0,185,3,consist,consist,NN,NN
4819,Peoples_Republic_of_Korea_1998,0,185,4,of,of,IN,IN
4820,Peoples_Republic_of_Korea_1998,0,185,5,its,its,PRP$,PR
4821,Peoples_Republic_of_Korea_1998,0,185,6,chairman,chairman,NN,NN
4822,Peoples_Republic_of_Korea_1998,0,185,8,vice,vice,NN,NN
4823,Peoples_Republic_of_Korea_1998,0,185,9,chairmen,chairmen,NNS,NN
4824,Peoples_Republic_of_Korea_1998,0,185,10,and,and,CC,CC
4825,Peoples_Republic_of_Korea_1998,0,185,11,members,members,NNS,NN
4826,Peoples_Republic_of_Korea_1998,0,186,0,The,the,DT,DT
4827,Peoples_Republic_of_Korea_1998,0,186,1,SPA,spa,NNP,NN
4828,Peoples_Republic_of_Korea_1998,0,186,2,committees,committees,NNS,NN
4829,Peoples_Republic_of_Korea_1998,0,186,3,assist,assist,VBP,VB
4830,Peoples_Republic_of_Korea_1998,0,186,4,in,in,IN,IN
4831,Peoples_Republic_of_Korea_1998,0,186,5,the,the,DT,DT
4832,Peoples_Republic_of_Korea_1998,0,186,6,work,work,NN,NN
4833,Peoples_Republic_of_Korea_1998,0,186,7,of,of,IN,IN
4834,Peoples_Republic_of_Korea_1998,0,186,8,the,the,DT,DT
4835,Peoples_Republic_of_Korea_1998,0,186,9,SPA,spa,NNP,NN
4836,Peoples_Republic_of_Korea_1998,0,186,11,they,they,PRP,PR
4837,Peoples_Republic_of_Korea_1998,0,186,12,plan,plan,VBP,VB
4838,Peoples_Republic_of_Korea_1998,0,186,13,or,or,CC,CC
4839,Peoples_Republic_of_Korea_1998,0,186,14,deliberate,deliberate,VB,VB
4840,Peoples_Republic_of_Korea_1998,0,186,15,on,on,IN,IN
4841,Peoples_Republic_of_Korea_1998,0,186,16,the,the,DT,DT
4842,Peoples_Republic_of_Korea_1998,0,186,17,State,state,NNP,NN
4843,Peoples_Republic_of_Korea_1998,0,186,18,policy,policy,NN,NN
4844,Peoples_Republic_of_Korea_1998,0,186,19,and,and,CC,CC
4845,Peoples_Republic_of_Korea_1998,0,186,20,bills,bills,NNS,NN
4846,Peoples_Republic_of_Korea_1998,0,186,21,and,and,CC,CC
4847,Peoples_Republic_of_Korea_1998,0,186,22,take,take,VB,VB
4848,Peoples_Republic_of_Korea_1998,0,186,23,measures,measures,NNS,NN
4849,Peoples_Republic_of_Korea_1998,0,186,24,for,for,IN,IN
4850,Peoples_Republic_of_Korea_1998,0,186,25,their,their,PRP$,PR
4851,Peoples_Republic_of_Korea_1998,0,186,26,implementation,implementation,NN,NN
4852,Peoples_Republic_of_Korea_1998,0,187,0,When,when,WRB,WR
4853,Peoples_Republic_of_Korea_1998,0,187,1,the,the,DT,DT
4854,Peoples_Republic_of_Korea_1998,0,187,2,SPA,spa,NNP,NN
4855,Peoples_Republic_of_Korea_1998,0,187,3,is,is,VBZ,VB
4856,Peoples_Republic_of_Korea_1998,0,187,4,not,not,RB,RB
4857,Peoples_Republic_of_Korea_1998,0,187,5,in,in,IN,IN
4858,Peoples_Republic_of_Korea_1998,0,187,6,session,session,NN,NN
4859,Peoples_Republic_of_Korea_1998,0,187,8,committees,committees,NNS,NN
4860,Peoples_Republic_of_Korea_1998,0,187,9,operate,operate,VBP,VB
4861,Peoples_Republic_of_Korea_1998,0,187,10,under,under,IN,IN
4862,Peoples_Republic_of_Korea_1998,0,187,11,the,the,DT,DT
4863,Peoples_Republic_of_Korea_1998,0,187,12,guidance,guidance,NN,NN
4864,Peoples_Republic_of_Korea_1998,0,187,13,of,of,IN,IN
4865,Peoples_Republic_of_Korea_1998,0,187,14,the,the,DT,DT
4866,Peoples_Republic_of_Korea_1998,0,187,15,SPA,spa,NNP,NN
4867,Peoples_Republic_of_Korea_1998,0,187,16,Presidium,presidium,NNP,NN
4868,Peoples_Republic_of_Korea_1998,0,188,0,Article,article,NN,NN
4869,Peoples_Republic_of_Korea_1998,0,188,1,99,99,CD,CD
4870,Peoples_Republic_of_Korea_1998,0,188,2,Share,share,NN,NN
4871,Peoples_Republic_of_Korea_1998,0,188,3,Deputies,deputies,NNS,NN
4872,Peoples_Republic_of_Korea_1998,0,188,4,to,to,TO,TO
4873,Peoples_Republic_of_Korea_1998,0,188,5,the,the,DT,DT
4874,Peoples_Republic_of_Korea_1998,0,188,6,SPA,spa,NNP,NN
4875,Peoples_Republic_of_Korea_1998,0,188,7,are,are,VBP,VB
4876,Peoples_Republic_of_Korea_1998,0,188,8,guaranteed,guaranteed,VBN,VB
4877,Peoples_Republic_of_Korea_1998,0,188,9,inviolability,inviolability,NN,NN
4878,Peoples_Republic_of_Korea_1998,0,188,10,as,as,IN,IN
4879,Peoples_Republic_of_Korea_1998,0,188,11,such,such,JJ,JJ
4880,Peoples_Republic_of_Korea_1998,0,189,0,No,no,DT,DT
4881,Peoples_Republic_of_Korea_1998,0,189,1,deputy,deputy,NN,NN
4882,Peoples_Republic_of_Korea_1998,0,189,2,to,to,TO,TO
4883,Peoples_Republic_of_Korea_1998,0,189,3,the,the,DT,DT
4884,Peoples_Republic_of_Korea_1998,0,189,4,SPA,spa,NNP,NN
4885,Peoples_Republic_of_Korea_1998,0,189,5,can,can,MD,MD
4886,Peoples_Republic_of_Korea_1998,0,189,6,be,be,VB,VB
4887,Peoples_Republic_of_Korea_1998,0,189,7,arrested,arrested,VBN,VB
4888,Peoples_Republic_of_Korea_1998,0,189,8,or,or,CC,CC
4889,Peoples_Republic_of_Korea_1998,0,189,9,punished,punished,VBN,VB
4890,Peoples_Republic_of_Korea_1998,0,189,10,without,without,IN,IN
4891,Peoples_Republic_of_Korea_1998,0,189,11,the,the,DT,DT
4892,Peoples_Republic_of_Korea_1998,0,189,12,consent,consent,NN,NN
4893,Peoples_Republic_of_Korea_1998,0,189,13,of,of,IN,IN
4894,Peoples_Republic_of_Korea_1998,0,189,14,the,the,DT,DT
4895,Peoples_Republic_of_Korea_1998,0,189,15,SPA,spa,NNP,NN
4896,Peoples_Republic_of_Korea_1998,0,189,16,or,or,CC,CC
4897,Peoples_Republic_of_Korea_1998,0,189,18,when,when,WRB,WR
4898,Peoples_Republic_of_Korea_1998,0,189,19,it,it,PRP,PR
4899,Peoples_Republic_of_Korea_1998,0,189,20,is,is,VBZ,VB
4900,Peoples_Republic_of_Korea_1998,0,189,21,not,not,RB,RB
4901,Peoples_Republic_of_Korea_1998,0,189,22,in,in,IN,IN
4902,Peoples_Republic_of_Korea_1998,0,189,23,session,session,NN,NN
4903,Peoples_Republic_of_Korea_1998,0,189,25,without,without,IN,IN
4904,Peoples_Republic_of_Korea_1998,0,189,26,the,the,DT,DT
4905,Peoples_Republic_of_Korea_1998,0,189,27,consent,consent,NN,NN
4906,Peoples_Republic_of_Korea_1998,0,189,28,of,of,IN,IN
4907,Peoples_Republic_of_Korea_1998,0,189,29,the,the,DT,DT
4908,Peoples_Republic_of_Korea_1998,0,189,30,SPA,spa,NNP,NN
4909,Peoples_Republic_of_Korea_1998,0,189,31,Presidium,presidium,NNP,NN
4910,Peoples_Republic_of_Korea_1998,0,189,33,except,except,IN,IN
4911,Peoples_Republic_of_Korea_1998,0,189,34,for,for,IN,IN
4912,Peoples_Republic_of_Korea_1998,0,189,35,a,a,DT,DT
4913,Peoples_Republic_of_Korea_1998,0,189,36,flagrant,flagrant,JJ,JJ
4914,Peoples_Republic_of_Korea_1998,0,189,37,offence,offence,NN,NN
4915,Peoples_Republic_of_Korea_1998,0,190,0,Section,section,NN,NN
4916,Peoples_Republic_of_Korea_1998,0,190,1,II,ii,NNP,NN
4917,Peoples_Republic_of_Korea_1998,0,191,0,The,the,DT,DT
4918,Peoples_Republic_of_Korea_1998,0,191,1,National,national,NNP,NN
4919,Peoples_Republic_of_Korea_1998,0,191,2,Defense,defense,NNP,NN
4920,Peoples_Republic_of_Korea_1998,0,191,3,Commission,commission,NNP,NN
4921,Peoples_Republic_of_Korea_1998,0,191,4,Share,share,NNP,NN
4922,Peoples_Republic_of_Korea_1998,0,191,5,Article,article,NNP,NN
4923,Peoples_Republic_of_Korea_1998,0,191,6,100,100,CD,CD
4924,Peoples_Republic_of_Korea_1998,0,191,7,Share,share,NNP,NN
4925,Peoples_Republic_of_Korea_1998,0,191,8,The,the,DT,DT
4926,Peoples_Republic_of_Korea_1998,0,191,9,National,national,NNP,NN
4927,Peoples_Republic_of_Korea_1998,0,191,10,Defense,defense,NNP,NN
4928,Peoples_Republic_of_Korea_1998,0,191,11,Commission,commission,NNP,NN
4929,Peoples_Republic_of_Korea_1998,0,191,12,is,is,VBZ,VB
4930,Peoples_Republic_of_Korea_1998,0,191,13,the,the,DT,DT
4931,Peoples_Republic_of_Korea_1998,0,191,14,highest,highest,JJS,JJ
4932,Peoples_Republic_of_Korea_1998,0,191,15,military,military,JJ,JJ
4933,Peoples_Republic_of_Korea_1998,0,191,16,leading,leading,VBG,VB
4934,Peoples_Republic_of_Korea_1998,0,191,17,organ,organ,NN,NN
4935,Peoples_Republic_of_Korea_1998,0,191,18,of,of,IN,IN
4936,Peoples_Republic_of_Korea_1998,0,191,19,State,state,NNP,NN
4937,Peoples_Republic_of_Korea_1998,0,191,20,power,power,NN,NN
4938,Peoples_Republic_of_Korea_1998,0,191,21,and,and,CC,CC
4939,Peoples_Republic_of_Korea_1998,0,191,22,an,an,DT,DT
4940,Peoples_Republic_of_Korea_1998,0,191,23,organ,organ,NN,NN
4941,Peoples_Republic_of_Korea_1998,0,191,24,for,for,IN,IN
4942,Peoples_Republic_of_Korea_1998,0,191,25,general,general,JJ,JJ
4943,Peoples_Republic_of_Korea_1998,0,191,26,control,control,NN,NN
4944,Peoples_Republic_of_Korea_1998,0,191,27,over,over,IN,IN
4945,Peoples_Republic_of_Korea_1998,0,191,28,national,national,JJ,JJ
4946,Peoples_Republic_of_Korea_1998,0,191,29,defense,defense,NN,NN
4947,Peoples_Republic_of_Korea_1998,0,192,0,Article,article,NN,NN
4948,Peoples_Republic_of_Korea_1998,0,192,1,101,101,CD,CD
4949,Peoples_Republic_of_Korea_1998,0,192,2,Share,share,NNP,NN
4950,Peoples_Republic_of_Korea_1998,0,192,3,The,the,DT,DT
4951,Peoples_Republic_of_Korea_1998,0,192,4,N.C.,nc,NNP,NN
4952,Peoples_Republic_of_Korea_1998,0,192,5,consists,consists,VBZ,VB
4953,Peoples_Republic_of_Korea_1998,0,192,6,of,of,IN,IN
4954,Peoples_Republic_of_Korea_1998,0,192,7,its,its,PRP$,PR
4955,Peoples_Republic_of_Korea_1998,0,192,8,Chairman,chairman,NNP,NN
4956,Peoples_Republic_of_Korea_1998,0,192,10,first,first,RB,RB
4957,Peoples_Republic_of_Korea_1998,0,192,11,vice,vice,NN,NN
4958,Peoples_Republic_of_Korea_1998,0,192,12,chairman,chairman,NN,NN
4959,Peoples_Republic_of_Korea_1998,0,192,14,vice,vice,NN,NN
4960,Peoples_Republic_of_Korea_1998,0,192,15,chairmen,chairmen,NNS,NN
4961,Peoples_Republic_of_Korea_1998,0,192,16,and,and,CC,CC
4962,Peoples_Republic_of_Korea_1998,0,192,17,members,members,NNS,NN
4963,Peoples_Republic_of_Korea_1998,0,193,0,The,the,DT,DT
4964,Peoples_Republic_of_Korea_1998,0,193,1,term,term,NN,NN
4965,Peoples_Republic_of_Korea_1998,0,193,2,of,of,IN,IN
4966,Peoples_Republic_of_Korea_1998,0,193,3,the,the,DT,DT
4967,Peoples_Republic_of_Korea_1998,0,193,4,N.C.,nc,NNP,NN
4968,Peoples_Republic_of_Korea_1998,0,193,5,Chairman,chairman,NNP,NN
4969,Peoples_Republic_of_Korea_1998,0,193,6,is,is,VBZ,VB
4970,Peoples_Republic_of_Korea_1998,0,193,7,the,the,DT,DT
4971,Peoples_Republic_of_Korea_1998,0,193,8,same,same,JJ,JJ
4972,Peoples_Republic_of_Korea_1998,0,193,9,as,as,IN,IN
4973,Peoples_Republic_of_Korea_1998,0,193,10,that,that,DT,DT
4974,Peoples_Republic_of_Korea_1998,0,193,11,of,of,IN,IN
4975,Peoples_Republic_of_Korea_1998,0,193,12,the,the,DT,DT
4976,Peoples_Republic_of_Korea_1998,0,193,13,SPA,spa,NNP,NN
4977,Peoples_Republic_of_Korea_1998,0,194,0,Article,article,NN,NN
4978,Peoples_Republic_of_Korea_1998,0,194,1,102,102,CD,CD
4979,Peoples_Republic_of_Korea_1998,0,194,2,Share,share,NNP,NN
4980,Peoples_Republic_of_Korea_1998,0,194,3,The,the,DT,DT
4981,Peoples_Republic_of_Korea_1998,0,194,4,Chairman,chairman,NNP,NN
4982,Peoples_Republic_of_Korea_1998,0,194,5,of,of,IN,IN
4983,Peoples_Republic_of_Korea_1998,0,194,6,the,the,DT,DT
4984,Peoples_Republic_of_Korea_1998,0,194,7,N.C.,nc,NNP,NN
4985,Peoples_Republic_of_Korea_1998,0,194,8,directs,directs,NNS,NN
4986,Peoples_Republic_of_Korea_1998,0,194,9,and,and,CC,CC
4987,Peoples_Republic_of_Korea_1998,0,194,10,commands,commands,VBZ,VB
4988,Peoples_Republic_of_Korea_1998,0,194,11,all,all,PDT,PD
4989,Peoples_Republic_of_Korea_1998,0,194,12,the,the,DT,DT
4990,Peoples_Republic_of_Korea_1998,0,194,13,armed,armed,VBN,VB
4991,Peoples_Republic_of_Korea_1998,0,194,14,forces,forces,NNS,NN
4992,Peoples_Republic_of_Korea_1998,0,194,15,and,and,CC,CC
4993,Peoples_Republic_of_Korea_1998,0,194,16,guides,guides,NNS,NN
4994,Peoples_Republic_of_Korea_1998,0,194,17,defense,defense,NN,NN
4995,Peoples_Republic_of_Korea_1998,0,194,18,affairs,affairs,NNS,NN
4996,Peoples_Republic_of_Korea_1998,0,194,19,as,as,IN,IN
4997,Peoples_Republic_of_Korea_1998,0,194,20,a,a,DT,DT
4998,Peoples_Republic_of_Korea_1998,0,194,21,whole,whole,NN,NN
4999,Peoples_Republic_of_Korea_1998,0,195,0,Article,article,NN,NN
5000,Peoples_Republic_of_Korea_1998,0,195,1,103,103,CD,CD
5001,Peoples_Republic_of_Korea_1998,0,195,2,Share,share,NNP,NN
5002,Peoples_Republic_of_Korea_1998,0,195,3,The,the,DT,DT
5003,Peoples_Republic_of_Korea_1998,0,195,4,N.C.,nc,NNP,NN
5004,Peoples_Republic_of_Korea_1998,0,195,5,has,has,VBZ,VB
5005,Peoples_Republic_of_Korea_1998,0,195,6,the,the,DT,DT
5006,Peoples_Republic_of_Korea_1998,0,195,7,duties,duties,NNS,NN
5007,Peoples_Republic_of_Korea_1998,0,195,8,and,and,CC,CC
5008,Peoples_Republic_of_Korea_1998,0,195,9,authority,authority,NN,NN
5009,Peoples_Republic_of_Korea_1998,0,195,10,to,to,TO,TO
5010,Peoples_Republic_of_Korea_1998,0,195,12,1.guide,1guide,CD,CD
5011,Peoples_Republic_of_Korea_1998,0,195,13,the,the,DT,DT
5012,Peoples_Republic_of_Korea_1998,0,195,14,armed,armed,VBN,VB
5013,Peoples_Republic_of_Korea_1998,0,195,15,forces,forces,NNS,NN
5014,Peoples_Republic_of_Korea_1998,0,195,16,and,and,CC,CC
5015,Peoples_Republic_of_Korea_1998,0,195,17,guide,guide,VB,VB
5016,Peoples_Republic_of_Korea_1998,0,195,18,the,the,DT,DT
5017,Peoples_Republic_of_Korea_1998,0,195,19,State,state,NNP,NN
5018,Peoples_Republic_of_Korea_1998,0,195,20,in,in,IN,IN
5019,Peoples_Republic_of_Korea_1998,0,195,21,defense,defense,NN,NN
5020,Peoples_Republic_of_Korea_1998,0,195,22,building,building,NN,NN
5021,Peoples_Republic_of_Korea_1998,0,195,23,as,as,IN,IN
5022,Peoples_Republic_of_Korea_1998,0,195,24,a,a,DT,DT
5023,Peoples_Republic_of_Korea_1998,0,195,25,whole,whole,NN,NN
5024,Peoples_Republic_of_Korea_1998,0,195,27,2.set,2set,CD,CD
5025,Peoples_Republic_of_Korea_1998,0,195,28,up,up,RB,RB
5026,Peoples_Republic_of_Korea_1998,0,195,29,or,or,CC,CC
5027,Peoples_Republic_of_Korea_1998,0,195,30,abolish,abolish,VB,VB
5028,Peoples_Republic_of_Korea_1998,0,195,31,a,a,DT,DT
5029,Peoples_Republic_of_Korea_1998,0,195,32,national,national,JJ,JJ
5030,Peoples_Republic_of_Korea_1998,0,195,33,institution,institution,NN,NN
5031,Peoples_Republic_of_Korea_1998,0,195,34,in,in,IN,IN
5032,Peoples_Republic_of_Korea_1998,0,195,35,the,the,DT,DT
5033,Peoples_Republic_of_Korea_1998,0,195,36,defense,defense,NN,NN
5034,Peoples_Republic_of_Korea_1998,0,195,37,sector,sector,NN,NN
5035,Peoples_Republic_of_Korea_1998,0,195,39,3.appoint,3appoint,CD,CD
5036,Peoples_Republic_of_Korea_1998,0,195,40,or,or,CC,CC
5037,Peoples_Republic_of_Korea_1998,0,195,41,remove,remove,VB,VB
5038,Peoples_Republic_of_Korea_1998,0,195,42,major,major,JJ,JJ
5039,Peoples_Republic_of_Korea_1998,0,195,43,military,military,JJ,JJ
5040,Peoples_Republic_of_Korea_1998,0,195,44,cadres,cadres,NNS,NN
5041,Peoples_Republic_of_Korea_1998,0,195,46,4.set,4set,CD,CD
5042,Peoples_Republic_of_Korea_1998,0,195,47,up,up,IN,IN
5043,Peoples_Republic_of_Korea_1998,0,195,48,military,military,JJ,JJ
5044,Peoples_Republic_of_Korea_1998,0,195,49,titles,titles,NNS,NN
5045,Peoples_Republic_of_Korea_1998,0,195,50,and,and,CC,CC
5046,Peoples_Republic_of_Korea_1998,0,195,51,confer,confer,VB,VB
5047,Peoples_Republic_of_Korea_1998,0,195,52,the,the,DT,DT
5048,Peoples_Republic_of_Korea_1998,0,195,53,military,military,JJ,JJ
5049,Peoples_Republic_of_Korea_1998,0,195,54,rank,rank,NN,NN
5050,Peoples_Republic_of_Korea_1998,0,195,55,of,of,IN,IN
5051,Peoples_Republic_of_Korea_1998,0,195,56,general,general,JJ,JJ
5052,Peoples_Republic_of_Korea_1998,0,195,57,and,and,CC,CC
5053,Peoples_Republic_of_Korea_1998,0,195,58,higher,higher,JJR,JJ
5054,Peoples_Republic_of_Korea_1998,0,195,59,ranks,ranks,NNS,NN
5055,Peoples_Republic_of_Korea_1998,0,195,61,5.proclaim,5proclaim,CD,CD
5056,Peoples_Republic_of_Korea_1998,0,195,62,a,a,DT,DT
5057,Peoples_Republic_of_Korea_1998,0,195,63,state,state,NN,NN
5058,Peoples_Republic_of_Korea_1998,0,195,64,of,of,IN,IN
5059,Peoples_Republic_of_Korea_1998,0,195,65,war,war,NN,NN
5060,Peoples_Republic_of_Korea_1998,0,195,66,and,and,CC,CC
5061,Peoples_Republic_of_Korea_1998,0,195,67,orders,orders,NNS,NN
5062,Peoples_Republic_of_Korea_1998,0,195,68,for,for,IN,IN
5063,Peoples_Republic_of_Korea_1998,0,195,69,mobilization,mobilization,NN,NN
5064,Peoples_Republic_of_Korea_1998,0,196,0,Article,article,NN,NN
5065,Peoples_Republic_of_Korea_1998,0,196,1,104,104,CD,CD
5066,Peoples_Republic_of_Korea_1998,0,196,2,Share,share,NNP,NN
5067,Peoples_Republic_of_Korea_1998,0,196,3,The,the,DT,DT
5068,Peoples_Republic_of_Korea_1998,0,196,4,N.C.,nc,NNP,NN
5069,Peoples_Republic_of_Korea_1998,0,196,5,issues,issues,NNS,NN
5070,Peoples_Republic_of_Korea_1998,0,196,6,decisions,decisions,NNS,NN
5071,Peoples_Republic_of_Korea_1998,0,196,7,and,and,CC,CC
5072,Peoples_Republic_of_Korea_1998,0,196,8,orders,orders,NNS,NN
5073,Peoples_Republic_of_Korea_1998,0,197,0,Article,article,NN,NN
5074,Peoples_Republic_of_Korea_1998,0,197,1,105,105,CD,CD
5075,Peoples_Republic_of_Korea_1998,0,197,2,Share,share,NNP,NN
5076,Peoples_Republic_of_Korea_1998,0,197,3,The,the,DT,DT
5077,Peoples_Republic_of_Korea_1998,0,197,4,N.C.,nc,NNP,NN
5078,Peoples_Republic_of_Korea_1998,0,197,5,is,is,VBZ,VB
5079,Peoples_Republic_of_Korea_1998,0,197,6,accountable,accountable,JJ,JJ
5080,Peoples_Republic_of_Korea_1998,0,197,7,to,to,TO,TO
5081,Peoples_Republic_of_Korea_1998,0,197,8,the,the,DT,DT
5082,Peoples_Republic_of_Korea_1998,0,197,9,SPA,spa,NNP,NN
5083,Peoples_Republic_of_Korea_1998,0,198,0,Section,section,NN,NN
5084,Peoples_Republic_of_Korea_1998,0,198,1,III,iii,NNP,NN
5085,Peoples_Republic_of_Korea_1998,0,199,0,The,the,DT,DT
5086,Peoples_Republic_of_Korea_1998,0,199,1,SPA,spa,NNP,NN
5087,Peoples_Republic_of_Korea_1998,0,199,2,Presidium,presidium,NNP,NN
5088,Peoples_Republic_of_Korea_1998,0,199,3,Share,share,NNP,NN
5089,Peoples_Republic_of_Korea_1998,0,199,4,Article,article,NNP,NN
5090,Peoples_Republic_of_Korea_1998,0,199,5,106,106,CD,CD
5091,Peoples_Republic_of_Korea_1998,0,199,6,Share,share,NNP,NN
5092,Peoples_Republic_of_Korea_1998,0,199,7,The,the,DT,DT
5093,Peoples_Republic_of_Korea_1998,0,199,8,SPA,spa,NNP,NN
5094,Peoples_Republic_of_Korea_1998,0,199,9,Presidium,presidium,NNP,NN
5095,Peoples_Republic_of_Korea_1998,0,199,10,is,is,VBZ,VB
5096,Peoples_Republic_of_Korea_1998,0,199,11,the,the,DT,DT
5097,Peoples_Republic_of_Korea_1998,0,199,12,highest,highest,JJS,JJ
5098,Peoples_Republic_of_Korea_1998,0,199,13,organ,organ,NN,NN
5099,Peoples_Republic_of_Korea_1998,0,199,14,of,of,IN,IN
5100,Peoples_Republic_of_Korea_1998,0,199,15,power,power,NN,NN
5101,Peoples_Republic_of_Korea_1998,0,199,16,in,in,IN,IN
5102,Peoples_Republic_of_Korea_1998,0,199,17,the,the,DT,DT
5103,Peoples_Republic_of_Korea_1998,0,199,18,intervals,intervals,NNS,NN
5104,Peoples_Republic_of_Korea_1998,0,199,19,between,between,IN,IN
5105,Peoples_Republic_of_Korea_1998,0,199,20,sessions,sessions,NNS,NN
5106,Peoples_Republic_of_Korea_1998,0,199,21,of,of,IN,IN
5107,Peoples_Republic_of_Korea_1998,0,199,22,the,the,DT,DT
5108,Peoples_Republic_of_Korea_1998,0,199,23,SPA,spa,NNP,NN
5109,Peoples_Republic_of_Korea_1998,0,200,0,Article,article,NN,NN
5110,Peoples_Republic_of_Korea_1998,0,200,1,107,107,CD,CD
5111,Peoples_Republic_of_Korea_1998,0,200,2,Share,share,NNP,NN
5112,Peoples_Republic_of_Korea_1998,0,200,3,The,the,DT,DT
5113,Peoples_Republic_of_Korea_1998,0,200,4,SPA,spa,NNP,NN
5114,Peoples_Republic_of_Korea_1998,0,200,5,Presidium,presidium,NNP,NN
5115,Peoples_Republic_of_Korea_1998,0,200,6,consists,consists,VBZ,VB
5116,Peoples_Republic_of_Korea_1998,0,200,7,of,of,IN,IN
5117,Peoples_Republic_of_Korea_1998,0,200,8,its,its,PRP$,PR
5118,Peoples_Republic_of_Korea_1998,0,200,9,Chairman,chairman,NNP,NN
5119,Peoples_Republic_of_Korea_1998,0,200,11,vice,vice,NN,NN
5120,Peoples_Republic_of_Korea_1998,0,200,12,chairman,chairman,NN,NN
5121,Peoples_Republic_of_Korea_1998,0,200,14,secretaries,secretaries,NNS,NN
5122,Peoples_Republic_of_Korea_1998,0,200,15,and,and,CC,CC
5123,Peoples_Republic_of_Korea_1998,0,200,16,members,members,NNS,NN
5124,Peoples_Republic_of_Korea_1998,0,201,0,Article,article,NN,NN
5125,Peoples_Republic_of_Korea_1998,0,201,1,108,108,CD,CD
5126,Peoples_Republic_of_Korea_1998,0,201,2,Share,share,NNP,NN
5127,Peoples_Republic_of_Korea_1998,0,201,3,The,the,DT,DT
5128,Peoples_Republic_of_Korea_1998,0,201,4,SPA,spa,NNP,NN
5129,Peoples_Republic_of_Korea_1998,0,201,5,Presidium,presidium,NNP,NN
5130,Peoples_Republic_of_Korea_1998,0,201,6,may,may,MD,MD
5131,Peoples_Republic_of_Korea_1998,0,201,7,appoint,appoint,VB,VB
5132,Peoples_Republic_of_Korea_1998,0,201,8,some,some,DT,DT
5133,Peoples_Republic_of_Korea_1998,0,201,9,honorary,honorary,JJ,JJ
5134,Peoples_Republic_of_Korea_1998,0,201,10,vice,vice,NN,NN
5135,Peoples_Republic_of_Korea_1998,0,201,11,chairmen,chairmen,NNS,NN
5136,Peoples_Republic_of_Korea_1998,0,202,0,The,the,DT,DT
5137,Peoples_Republic_of_Korea_1998,0,202,1,honorary,honorary,JJ,JJ
5138,Peoples_Republic_of_Korea_1998,0,202,2,vice,vice,NN,NN
5139,Peoples_Republic_of_Korea_1998,0,202,3,chairmen,chairmen,NNS,NN
5140,Peoples_Republic_of_Korea_1998,0,202,4,may,may,MD,MD
5141,Peoples_Republic_of_Korea_1998,0,202,5,be,be,VB,VB
5142,Peoples_Republic_of_Korea_1998,0,202,6,those,those,DT,DT
5143,Peoples_Republic_of_Korea_1998,0,202,7,from,from,IN,IN
5144,Peoples_Republic_of_Korea_1998,0,202,8,among,among,IN,IN
5145,Peoples_Republic_of_Korea_1998,0,202,9,SPA,spa,NNP,NN
5146,Peoples_Republic_of_Korea_1998,0,202,10,deputies,deputies,NNS,NN
5147,Peoples_Republic_of_Korea_1998,0,202,11,who,who,WP,WP
5148,Peoples_Republic_of_Korea_1998,0,202,12,have,have,VBP,VB
5149,Peoples_Republic_of_Korea_1998,0,202,13,participated,participated,VBN,VB
5150,Peoples_Republic_of_Korea_1998,0,202,14,in,in,IN,IN
5151,Peoples_Republic_of_Korea_1998,0,202,15,State,state,NNP,NN
5152,Peoples_Republic_of_Korea_1998,0,202,16,construction,construction,NN,NN
5153,Peoples_Republic_of_Korea_1998,0,202,17,works,works,VBZ,VB
5154,Peoples_Republic_of_Korea_1998,0,202,18,for,for,IN,IN
5155,Peoples_Republic_of_Korea_1998,0,202,19,a,a,DT,DT
5156,Peoples_Republic_of_Korea_1998,0,202,20,long,long,JJ,JJ
5157,Peoples_Republic_of_Korea_1998,0,202,21,time,time,NN,NN
5158,Peoples_Republic_of_Korea_1998,0,202,22,and,and,CC,CC
5159,Peoples_Republic_of_Korea_1998,0,202,23,made,made,VBD,VB
5160,Peoples_Republic_of_Korea_1998,0,202,24,a,a,DT,DT
5161,Peoples_Republic_of_Korea_1998,0,202,25,noticeable,noticeable,JJ,JJ
5162,Peoples_Republic_of_Korea_1998,0,202,26,contribution,contribution,NN,NN
5163,Peoples_Republic_of_Korea_1998,0,203,0,Article,article,NN,NN
5164,Peoples_Republic_of_Korea_1998,0,203,1,109,109,CD,CD
5165,Peoples_Republic_of_Korea_1998,0,203,2,Share,share,NNP,NN
5166,Peoples_Republic_of_Korea_1998,0,203,3,The,the,DT,DT
5167,Peoples_Republic_of_Korea_1998,0,203,4,term,term,NN,NN
5168,Peoples_Republic_of_Korea_1998,0,203,5,of,of,IN,IN
5169,Peoples_Republic_of_Korea_1998,0,203,6,the,the,DT,DT
5170,Peoples_Republic_of_Korea_1998,0,203,7,SPA,spa,NNP,NN
5171,Peoples_Republic_of_Korea_1998,0,203,8,Presidium,presidium,NNP,NN
5172,Peoples_Republic_of_Korea_1998,0,203,9,is,is,VBZ,VB
5173,Peoples_Republic_of_Korea_1998,0,203,10,the,the,DT,DT
5174,Peoples_Republic_of_Korea_1998,0,203,11,same,same,JJ,JJ
5175,Peoples_Republic_of_Korea_1998,0,203,12,as,as,IN,IN
5176,Peoples_Republic_of_Korea_1998,0,203,13,that,that,DT,DT
5177,Peoples_Republic_of_Korea_1998,0,203,14,of,of,IN,IN
5178,Peoples_Republic_of_Korea_1998,0,203,15,the,the,DT,DT
5179,Peoples_Republic_of_Korea_1998,0,203,16,SPA,spa,NNP,NN
5180,Peoples_Republic_of_Korea_1998,0,204,0,The,the,DT,DT
5181,Peoples_Republic_of_Korea_1998,0,204,1,SPA,spa,NNP,NN
5182,Peoples_Republic_of_Korea_1998,0,204,2,Presidium,presidium,NNP,NN
5183,Peoples_Republic_of_Korea_1998,0,204,3,continuously,continuously,RB,RB
5184,Peoples_Republic_of_Korea_1998,0,204,4,fulfill,fulfill,VBZ,VB
5185,Peoples_Republic_of_Korea_1998,0,204,5,its,its,PRP$,PR
5186,Peoples_Republic_of_Korea_1998,0,204,6,duty,duty,NN,NN
5187,Peoples_Republic_of_Korea_1998,0,204,7,after,after,IN,IN
5188,Peoples_Republic_of_Korea_1998,0,204,8,its,its,PRP$,PR
5189,Peoples_Republic_of_Korea_1998,0,204,9,term,term,NN,NN
5190,Peoples_Republic_of_Korea_1998,0,204,10,expires,expires,VBZ,VB
5191,Peoples_Republic_of_Korea_1998,0,204,11,until,until,IN,IN
5192,Peoples_Republic_of_Korea_1998,0,204,12,a,a,DT,DT
5193,Peoples_Republic_of_Korea_1998,0,204,13,new,new,JJ,JJ
5194,Peoples_Republic_of_Korea_1998,0,204,14,SPA,spa,NNP,NN
5195,Peoples_Republic_of_Korea_1998,0,204,15,Presidium,presidium,NNP,NN
5196,Peoples_Republic_of_Korea_1998,0,204,16,is,is,VBZ,VB
5197,Peoples_Republic_of_Korea_1998,0,204,17,elected,elected,VBN,VB
5198,Peoples_Republic_of_Korea_1998,0,205,0,Article,article,NN,NN
5199,Peoples_Republic_of_Korea_1998,0,205,1,110,110,CD,CD
5200,Peoples_Republic_of_Korea_1998,0,205,2,Share,share,NNP,NN
5201,Peoples_Republic_of_Korea_1998,0,205,3,The,the,DT,DT
5202,Peoples_Republic_of_Korea_1998,0,205,4,SPA,spa,NNP,NN
5203,Peoples_Republic_of_Korea_1998,0,205,5,Presidium,presidium,NNP,NN
5204,Peoples_Republic_of_Korea_1998,0,205,6,has,has,VBZ,VB
5205,Peoples_Republic_of_Korea_1998,0,205,7,the,the,DT,DT
5206,Peoples_Republic_of_Korea_1998,0,205,8,duties,duties,NNS,NN
5207,Peoples_Republic_of_Korea_1998,0,205,9,and,and,CC,CC
5208,Peoples_Republic_of_Korea_1998,0,205,10,authority,authority,NN,NN
5209,Peoples_Republic_of_Korea_1998,0,205,11,to,to,TO,TO
5210,Peoples_Republic_of_Korea_1998,0,205,12,1.convene,1convene,CD,CD
5211,Peoples_Republic_of_Korea_1998,0,205,13,sessions,sessions,NNS,NN
5212,Peoples_Republic_of_Korea_1998,0,205,14,of,of,IN,IN
5213,Peoples_Republic_of_Korea_1998,0,205,15,the,the,DT,DT
5214,Peoples_Republic_of_Korea_1998,0,205,16,SPA,spa,NNP,NN
5215,Peoples_Republic_of_Korea_1998,0,205,18,2.examine,2examine,CD,CD
5216,Peoples_Republic_of_Korea_1998,0,205,19,and,and,CC,CC
5217,Peoples_Republic_of_Korea_1998,0,205,20,adopt,adopt,VB,VB
5218,Peoples_Republic_of_Korea_1998,0,205,21,new,new,JJ,JJ
5219,Peoples_Republic_of_Korea_1998,0,205,22,departmental,departmental,JJ,JJ
5220,Peoples_Republic_of_Korea_1998,0,205,23,bills,bills,NNS,NN
5221,Peoples_Republic_of_Korea_1998,0,205,24,and,and,CC,CC
5222,Peoples_Republic_of_Korea_1998,0,205,25,regulations,regulations,NNS,NN
5223,Peoples_Republic_of_Korea_1998,0,205,27,raised,raised,VBD,VB
5224,Peoples_Republic_of_Korea_1998,0,205,28,when,when,WRB,WR
5225,Peoples_Republic_of_Korea_1998,0,205,29,the,the,DT,DT
5226,Peoples_Republic_of_Korea_1998,0,205,30,SPA,spa,NNP,NN
5227,Peoples_Republic_of_Korea_1998,0,205,31,is,is,VBZ,VB
5228,Peoples_Republic_of_Korea_1998,0,205,32,in,in,IN,IN
5229,Peoples_Republic_of_Korea_1998,0,205,33,recess,recess,NN,NN
5230,Peoples_Republic_of_Korea_1998,0,205,35,and,and,CC,CC
5231,Peoples_Republic_of_Korea_1998,0,205,36,examine,examine,NN,NN
5232,Peoples_Republic_of_Korea_1998,0,205,37,and,and,CC,CC
5233,Peoples_Republic_of_Korea_1998,0,205,38,adopt,adopt,JJ,JJ
5234,Peoples_Republic_of_Korea_1998,0,205,39,drafts,drafts,NNS,NN
5235,Peoples_Republic_of_Korea_1998,0,205,40,of,of,IN,IN
5236,Peoples_Republic_of_Korea_1998,0,205,41,amendment,amendment,NN,NN
5237,Peoples_Republic_of_Korea_1998,0,205,42,and,and,CC,CC
5238,Peoples_Republic_of_Korea_1998,0,205,43,supplement,supplement,NN,NN
5239,Peoples_Republic_of_Korea_1998,0,205,44,to,to,TO,TO
5240,Peoples_Republic_of_Korea_1998,0,205,45,departmental,departmental,VB,VB
5241,Peoples_Republic_of_Korea_1998,0,205,46,bills,bills,NNS,NN
5242,Peoples_Republic_of_Korea_1998,0,205,47,and,and,CC,CC
5243,Peoples_Republic_of_Korea_1998,0,205,48,regulations,regulations,NNS,NN
5244,Peoples_Republic_of_Korea_1998,0,205,49,in,in,IN,IN
5245,Peoples_Republic_of_Korea_1998,0,205,50,force,force,NN,NN
5246,Peoples_Republic_of_Korea_1998,0,205,52,and,and,CC,CC
5247,Peoples_Republic_of_Korea_1998,0,205,53,receive,receive,JJ,JJ
5248,Peoples_Republic_of_Korea_1998,0,205,54,approval,approval,NN,NN
5249,Peoples_Republic_of_Korea_1998,0,205,55,from,from,IN,IN
5250,Peoples_Republic_of_Korea_1998,0,205,56,the,the,DT,DT
5251,Peoples_Republic_of_Korea_1998,0,205,57,next,next,JJ,JJ
5252,Peoples_Republic_of_Korea_1998,0,205,58,SPA,spa,NNP,NN
5253,Peoples_Republic_of_Korea_1998,0,205,59,session,session,NN,NN
5254,Peoples_Republic_of_Korea_1998,0,205,60,on,on,IN,IN
5255,Peoples_Republic_of_Korea_1998,0,205,61,important,important,JJ,JJ
5256,Peoples_Republic_of_Korea_1998,0,205,62,departmental,departmental,NN,NN
5257,Peoples_Republic_of_Korea_1998,0,205,63,bills,bills,NNS,NN
5258,Peoples_Republic_of_Korea_1998,0,205,64,which,which,WDT,WD
5259,Peoples_Republic_of_Korea_1998,0,205,65,will,will,MD,MD
5260,Peoples_Republic_of_Korea_1998,0,205,66,be,be,VB,VB
5261,Peoples_Republic_of_Korea_1998,0,205,67,adopted,adopted,VBN,VB
5262,Peoples_Republic_of_Korea_1998,0,205,68,and,and,CC,CC
5263,Peoples_Republic_of_Korea_1998,0,205,69,implemented,implemented,VBN,VB
5264,Peoples_Republic_of_Korea_1998,0,205,71,3.examine,3examine,CD,CD
5265,Peoples_Republic_of_Korea_1998,0,205,72,and,and,CC,CC
5266,Peoples_Republic_of_Korea_1998,0,205,73,approve,approve,VB,VB
5267,Peoples_Republic_of_Korea_1998,0,205,74,the,the,DT,DT
5268,Peoples_Republic_of_Korea_1998,0,205,75,State,state,NNP,NN
5269,Peoples_Republic_of_Korea_1998,0,205,76,plan,plan,NN,NN
5270,Peoples_Republic_of_Korea_1998,0,205,77,for,for,IN,IN
5271,Peoples_Republic_of_Korea_1998,0,205,78,the,the,DT,DT
5272,Peoples_Republic_of_Korea_1998,0,205,79,development,development,NN,NN
5273,Peoples_Republic_of_Korea_1998,0,205,80,of,of,IN,IN
5274,Peoples_Republic_of_Korea_1998,0,205,81,the,the,DT,DT
5275,Peoples_Republic_of_Korea_1998,0,205,82,national,national,JJ,JJ
5276,Peoples_Republic_of_Korea_1998,0,205,83,economy,economy,NN,NN
5277,Peoples_Republic_of_Korea_1998,0,205,85,the,the,DT,DT
5278,Peoples_Republic_of_Korea_1998,0,205,86,State,state,NNP,NN
5279,Peoples_Republic_of_Korea_1998,0,205,87,budget,budget,NN,NN
5280,Peoples_Republic_of_Korea_1998,0,205,88,and,and,CC,CC
5281,Peoples_Republic_of_Korea_1998,0,205,89,its,its,PRP$,PR
5282,Peoples_Republic_of_Korea_1998,0,205,90,adjusted,adjusted,JJ,JJ
5283,Peoples_Republic_of_Korea_1998,0,205,91,plan,plan,NN,NN
5284,Peoples_Republic_of_Korea_1998,0,205,93,raised,raised,VBD,VB
5285,Peoples_Republic_of_Korea_1998,0,205,94,when,when,WRB,WR
5286,Peoples_Republic_of_Korea_1998,0,205,95,the,the,DT,DT
5287,Peoples_Republic_of_Korea_1998,0,205,96,SPA,spa,NNP,NN
5288,Peoples_Republic_of_Korea_1998,0,205,97,is,is,VBZ,VB
5289,Peoples_Republic_of_Korea_1998,0,205,98,in,in,IN,IN
5290,Peoples_Republic_of_Korea_1998,0,205,99,recess,recess,NN,NN
5291,Peoples_Republic_of_Korea_1998,0,205,100,due,due,JJ,JJ
5292,Peoples_Republic_of_Korea_1998,0,205,101,to,to,TO,TO
5293,Peoples_Republic_of_Korea_1998,0,205,102,unavoidable,unavoidable,JJ,JJ
5294,Peoples_Republic_of_Korea_1998,0,205,103,circumstances,circumstances,NNS,NN
5295,Peoples_Republic_of_Korea_1998,0,205,105,4.interpret,4interpret,CD,CD
5296,Peoples_Republic_of_Korea_1998,0,205,106,the,the,DT,DT
5297,Peoples_Republic_of_Korea_1998,0,205,107,Constitution,constitution,NNP,NN
5298,Peoples_Republic_of_Korea_1998,0,205,109,departmental,departmental,JJ,JJ
5299,Peoples_Republic_of_Korea_1998,0,205,110,laws,laws,NNS,NN
5300,Peoples_Republic_of_Korea_1998,0,205,111,and,and,CC,CC
5301,Peoples_Republic_of_Korea_1998,0,205,112,regulations,regulations,NNS,NN
5302,Peoples_Republic_of_Korea_1998,0,205,113,in,in,IN,IN
5303,Peoples_Republic_of_Korea_1998,0,205,114,force,force,NN,NN
5304,Peoples_Republic_of_Korea_1998,0,206,0,5.supervise,5supervise,CD,CD
5305,Peoples_Republic_of_Korea_1998,0,206,1,the,the,DT,DT
5306,Peoples_Republic_of_Korea_1998,0,206,2,observance,observance,NN,NN
5307,Peoples_Republic_of_Korea_1998,0,206,3,of,of,IN,IN
5308,Peoples_Republic_of_Korea_1998,0,206,4,laws,laws,NNS,NN
5309,Peoples_Republic_of_Korea_1998,0,206,5,of,of,IN,IN
5310,Peoples_Republic_of_Korea_1998,0,206,6,State,state,NNP,NN
5311,Peoples_Republic_of_Korea_1998,0,206,7,organs,organs,NNS,NN
5312,Peoples_Republic_of_Korea_1998,0,206,9,and,and,CC,CC
5313,Peoples_Republic_of_Korea_1998,0,206,10,adopt,adopt,JJ,JJ
5314,Peoples_Republic_of_Korea_1998,0,206,11,measures,measures,NNS,NN
5315,Peoples_Republic_of_Korea_1998,0,206,13,6.abolish,6abolish,CD,CD
5316,Peoples_Republic_of_Korea_1998,0,206,14,State,state,NNP,NN
5317,Peoples_Republic_of_Korea_1998,0,206,15,organs,organs,NNS,NN
5318,Peoples_Republic_of_Korea_1998,0,206,17,decisions,decisions,NNS,NN
5319,Peoples_Republic_of_Korea_1998,0,206,18,which,which,WDT,WD
5320,Peoples_Republic_of_Korea_1998,0,206,19,violate,violate,VBP,VB
5321,Peoples_Republic_of_Korea_1998,0,206,20,the,the,DT,DT
5322,Peoples_Republic_of_Korea_1998,0,206,21,Constitution,constitution,NNP,NN
5323,Peoples_Republic_of_Korea_1998,0,206,23,SPA,spa,NNP,NN
5324,Peoples_Republic_of_Korea_1998,0,206,25,s,s,VBD,VB
5325,Peoples_Republic_of_Korea_1998,0,206,26,laws,laws,NNS,NN
5326,Peoples_Republic_of_Korea_1998,0,206,27,and,and,CC,CC
5327,Peoples_Republic_of_Korea_1998,0,206,28,decisions,decisions,NNS,NN
5328,Peoples_Republic_of_Korea_1998,0,206,30,NDC,ndc,NNP,NN
5329,Peoples_Republic_of_Korea_1998,0,206,32,s,s,NN,NN
5330,Peoples_Republic_of_Korea_1998,0,206,33,decisions,decisions,NNS,NN
5331,Peoples_Republic_of_Korea_1998,0,206,34,and,and,CC,CC
5332,Peoples_Republic_of_Korea_1998,0,206,35,orders,orders,NNS,NN
5333,Peoples_Republic_of_Korea_1998,0,206,36,and,and,CC,CC
5334,Peoples_Republic_of_Korea_1998,0,206,37,the,the,DT,DT
5335,Peoples_Republic_of_Korea_1998,0,206,38,SPA,spa,NNP,NN
5336,Peoples_Republic_of_Korea_1998,0,206,39,Presidium,presidium,NNP,NN
5337,Peoples_Republic_of_Korea_1998,0,206,41,s,s,NN,NN
5338,Peoples_Republic_of_Korea_1998,0,206,42,decrees,decrees,NNS,NN
5339,Peoples_Republic_of_Korea_1998,0,206,44,decisions,decisions,NNS,NN
5340,Peoples_Republic_of_Korea_1998,0,206,45,and,and,CC,CC
5341,Peoples_Republic_of_Korea_1998,0,206,46,directions,directions,NNS,NN
5342,Peoples_Republic_of_Korea_1998,0,206,48,and,and,CC,CC
5343,Peoples_Republic_of_Korea_1998,0,206,49,suspend,suspend,VB,VB
5344,Peoples_Republic_of_Korea_1998,0,206,50,the,the,DT,DT
5345,Peoples_Republic_of_Korea_1998,0,206,51,implementation,implementation,NN,NN
5346,Peoples_Republic_of_Korea_1998,0,206,52,of,of,IN,IN
5347,Peoples_Republic_of_Korea_1998,0,206,53,unwarranted,unwarranted,JJ,JJ
5348,Peoples_Republic_of_Korea_1998,0,206,54,decisions,decisions,NNS,NN
5349,Peoples_Republic_of_Korea_1998,0,206,55,by,by,IN,IN
5350,Peoples_Republic_of_Korea_1998,0,206,56,a,a,DT,DT
5351,Peoples_Republic_of_Korea_1998,0,206,57,local,local,JJ,JJ
5352,Peoples_Republic_of_Korea_1998,0,206,58,people,people,NNS,NN
5353,Peoples_Republic_of_Korea_1998,0,206,60,s,s,JJ,JJ
5354,Peoples_Republic_of_Korea_1998,0,206,61,assembly,assembly,NN,NN
5355,Peoples_Republic_of_Korea_1998,0,206,63,7.do,7do,CD,CD
5356,Peoples_Republic_of_Korea_1998,0,206,64,work,work,NN,NN
5357,Peoples_Republic_of_Korea_1998,0,206,65,for,for,IN,IN
5358,Peoples_Republic_of_Korea_1998,0,206,66,an,an,DT,DT
5359,Peoples_Republic_of_Korea_1998,0,206,67,SPA,spa,NNP,NN
5360,Peoples_Republic_of_Korea_1998,0,206,68,deputy,deputy,NN,NN
5361,Peoples_Republic_of_Korea_1998,0,206,69,election,election,NN,NN
5362,Peoples_Republic_of_Korea_1998,0,206,71,and,and,CC,CC
5363,Peoples_Republic_of_Korea_1998,0,206,72,organize,organize,VB,VB
5364,Peoples_Republic_of_Korea_1998,0,206,73,an,an,DT,DT
5365,Peoples_Republic_of_Korea_1998,0,206,74,election,election,NN,NN
5366,Peoples_Republic_of_Korea_1998,0,206,75,for,for,IN,IN
5367,Peoples_Republic_of_Korea_1998,0,206,76,deputies,deputies,NNS,NN
5368,Peoples_Republic_of_Korea_1998,0,206,77,in,in,IN,IN
5369,Peoples_Republic_of_Korea_1998,0,206,78,a,a,DT,DT
5370,Peoples_Republic_of_Korea_1998,0,206,79,local,local,JJ,JJ
5371,Peoples_Republic_of_Korea_1998,0,206,80,people,people,NNS,NN
5372,Peoples_Republic_of_Korea_1998,0,206,82,s,s,JJ,JJ
5373,Peoples_Republic_of_Korea_1998,0,206,83,assembly,assembly,NN,NN
5374,Peoples_Republic_of_Korea_1998,0,206,85,8.do,8do,CD,CD
5375,Peoples_Republic_of_Korea_1998,0,206,86,work,work,NN,NN
5376,Peoples_Republic_of_Korea_1998,0,206,87,with,with,IN,IN
5377,Peoples_Republic_of_Korea_1998,0,206,88,SPA,spa,NNP,NN
5378,Peoples_Republic_of_Korea_1998,0,206,89,deputies,deputies,NNS,NN
5379,Peoples_Republic_of_Korea_1998,0,206,91,9.do,9do,CD,CD
5380,Peoples_Republic_of_Korea_1998,0,206,92,work,work,NN,NN
5381,Peoples_Republic_of_Korea_1998,0,206,93,with,with,IN,IN
5382,Peoples_Republic_of_Korea_1998,0,206,94,SPA,spa,NNP,NN
5383,Peoples_Republic_of_Korea_1998,0,206,95,departmental,departmental,NN,NN
5384,Peoples_Republic_of_Korea_1998,0,206,96,committees,committees,NNS,NN
5385,Peoples_Republic_of_Korea_1998,0,206,98,10.form,10form,CD,CD
5386,Peoples_Republic_of_Korea_1998,0,206,99,or,or,CC,CC
5387,Peoples_Republic_of_Korea_1998,0,206,100,abolish,abolish,JJ,JJ
5388,Peoples_Republic_of_Korea_1998,0,206,101,commissions,commissions,NNS,NN
5389,Peoples_Republic_of_Korea_1998,0,206,102,and,and,CC,CC
5390,Peoples_Republic_of_Korea_1998,0,206,103,ministries,ministries,NNS,NN
5391,Peoples_Republic_of_Korea_1998,0,206,104,of,of,IN,IN
5392,Peoples_Republic_of_Korea_1998,0,206,105,the,the,DT,DT
5393,Peoples_Republic_of_Korea_1998,0,206,106,Cabinet,cabinet,NNP,NN
5394,Peoples_Republic_of_Korea_1998,0,206,108,11.appoint,11appoint,CD,CD
5395,Peoples_Republic_of_Korea_1998,0,206,109,or,or,CC,CC
5396,Peoples_Republic_of_Korea_1998,0,206,110,remove,remove,VB,VB
5397,Peoples_Republic_of_Korea_1998,0,206,111,vice,vice,NN,NN
5398,Peoples_Republic_of_Korea_1998,0,206,112,premiers,premiers,NNS,NN
5399,Peoples_Republic_of_Korea_1998,0,206,114,chairman,chairman,NN,NN
5400,Peoples_Republic_of_Korea_1998,0,206,116,and,and,CC,CC
5401,Peoples_Republic_of_Korea_1998,0,206,117,Cabinet,cabinet,NNP,NN
5402,Peoples_Republic_of_Korea_1998,0,206,118,and,and,CC,CC
5403,Peoples_Republic_of_Korea_1998,0,206,119,ministry,ministry,NN,NN
5404,Peoples_Republic_of_Korea_1998,0,206,120,members,members,NNS,NN
5405,Peoples_Republic_of_Korea_1998,0,206,121,upon,upon,IN,IN
5406,Peoples_Republic_of_Korea_1998,0,206,122,a,a,DT,DT
5407,Peoples_Republic_of_Korea_1998,0,206,123,proposal,proposal,NN,NN
5408,Peoples_Republic_of_Korea_1998,0,206,124,by,by,IN,IN
5409,Peoples_Republic_of_Korea_1998,0,206,125,Premier,premier,NNP,NN
5410,Peoples_Republic_of_Korea_1998,0,206,126,when,when,WRB,WR
5411,Peoples_Republic_of_Korea_1998,0,206,127,the,the,DT,DT
5412,Peoples_Republic_of_Korea_1998,0,206,128,SPA,spa,NNP,NN
5413,Peoples_Republic_of_Korea_1998,0,206,129,is,is,VBZ,VB
5414,Peoples_Republic_of_Korea_1998,0,206,130,in,in,IN,IN
5415,Peoples_Republic_of_Korea_1998,0,206,131,recess,recess,NN,NN
5416,Peoples_Republic_of_Korea_1998,0,206,133,12.appoint,12appoint,CD,CD
5417,Peoples_Republic_of_Korea_1998,0,206,134,or,or,CC,CC
5418,Peoples_Republic_of_Korea_1998,0,206,135,remove,remove,VB,VB
5419,Peoples_Republic_of_Korea_1998,0,206,136,members,members,NNS,NN
5420,Peoples_Republic_of_Korea_1998,0,206,137,of,of,IN,IN
5421,Peoples_Republic_of_Korea_1998,0,206,138,departmental,departmental,JJ,JJ
5422,Peoples_Republic_of_Korea_1998,0,206,139,committees,committees,NNS,NN
5423,Peoples_Republic_of_Korea_1998,0,206,140,of,of,IN,IN
5424,Peoples_Republic_of_Korea_1998,0,206,141,the,the,DT,DT
5425,Peoples_Republic_of_Korea_1998,0,206,142,SPA,spa,NNP,NN
5426,Peoples_Republic_of_Korea_1998,0,206,143,Presidium,presidium,NNP,NN
5427,Peoples_Republic_of_Korea_1998,0,206,145,13.elect,13elect,CD,CD
5428,Peoples_Republic_of_Korea_1998,0,206,146,or,or,CC,CC
5429,Peoples_Republic_of_Korea_1998,0,206,147,transfer,transfer,VB,VB
5430,Peoples_Republic_of_Korea_1998,0,206,148,judges,judges,NNS,NN
5431,Peoples_Republic_of_Korea_1998,0,206,149,of,of,IN,IN
5432,Peoples_Republic_of_Korea_1998,0,206,150,the,the,DT,DT
5433,Peoples_Republic_of_Korea_1998,0,206,151,Central,central,NNP,NN
5434,Peoples_Republic_of_Korea_1998,0,206,152,Court,court,NNP,NN
5435,Peoples_Republic_of_Korea_1998,0,206,153,and,and,CC,CC
5436,Peoples_Republic_of_Korea_1998,0,206,154,people,people,NNS,NN
5437,Peoples_Republic_of_Korea_1998,0,206,156,s,s,JJ,JJ
5438,Peoples_Republic_of_Korea_1998,0,206,157,assessors,assessors,NNS,NN
5439,Peoples_Republic_of_Korea_1998,0,206,159,14.ratify,14ratify,CD,CD
5440,Peoples_Republic_of_Korea_1998,0,206,160,or,or,CC,CC
5441,Peoples_Republic_of_Korea_1998,0,206,161,abrogate,abrogate,VB,VB
5442,Peoples_Republic_of_Korea_1998,0,206,162,treaties,treaties,NNS,NN
5443,Peoples_Republic_of_Korea_1998,0,206,163,concluded,concluded,VBN,VB
5444,Peoples_Republic_of_Korea_1998,0,206,164,with,with,IN,IN
5445,Peoples_Republic_of_Korea_1998,0,206,165,other,other,JJ,JJ
5446,Peoples_Republic_of_Korea_1998,0,206,166,countries,countries,NNS,NN
5447,Peoples_Republic_of_Korea_1998,0,206,168,15.decide,15decide,CD,CD
5448,Peoples_Republic_of_Korea_1998,0,206,169,on,on,IN,IN
5449,Peoples_Republic_of_Korea_1998,0,206,170,and,and,CC,CC
5450,Peoples_Republic_of_Korea_1998,0,206,171,publish,publish,VB,VB
5451,Peoples_Republic_of_Korea_1998,0,206,172,the,the,DT,DT
5452,Peoples_Republic_of_Korea_1998,0,206,173,appointment,appointment,NN,NN
5453,Peoples_Republic_of_Korea_1998,0,206,174,or,or,CC,CC
5454,Peoples_Republic_of_Korea_1998,0,206,175,recall,recall,NN,NN
5455,Peoples_Republic_of_Korea_1998,0,206,176,of,of,IN,IN
5456,Peoples_Republic_of_Korea_1998,0,206,177,diplomatic,diplomatic,JJ,JJ
5457,Peoples_Republic_of_Korea_1998,0,206,178,envoys,envoys,NNS,NN
5458,Peoples_Republic_of_Korea_1998,0,206,179,accredited,accredited,VBD,VB
5459,Peoples_Republic_of_Korea_1998,0,206,180,to,to,TO,TO
5460,Peoples_Republic_of_Korea_1998,0,206,181,foreign,foreign,JJ,JJ
5461,Peoples_Republic_of_Korea_1998,0,206,182,countries,countries,NNS,NN
5462,Peoples_Republic_of_Korea_1998,0,206,184,16.institute,16institute,CD,CD
5463,Peoples_Republic_of_Korea_1998,0,206,185,a,a,DT,DT
5464,Peoples_Republic_of_Korea_1998,0,206,186,decoration,decoration,NN,NN
5465,Peoples_Republic_of_Korea_1998,0,206,188,a,a,DT,DT
5466,Peoples_Republic_of_Korea_1998,0,206,189,medal,medal,NN,NN
5467,Peoples_Republic_of_Korea_1998,0,206,191,an,an,DT,DT
5468,Peoples_Republic_of_Korea_1998,0,206,192,honorary,honorary,JJ,JJ
5469,Peoples_Republic_of_Korea_1998,0,206,193,title,title,NN,NN
5470,Peoples_Republic_of_Korea_1998,0,206,194,and,and,CC,CC
5471,Peoples_Republic_of_Korea_1998,0,206,195,a,a,DT,DT
5472,Peoples_Republic_of_Korea_1998,0,206,196,diplomatic,diplomatic,JJ,JJ
5473,Peoples_Republic_of_Korea_1998,0,206,197,rank,rank,NN,NN
5474,Peoples_Republic_of_Korea_1998,0,206,199,and,and,CC,CC
5475,Peoples_Republic_of_Korea_1998,0,206,200,grant,grant,VB,VB
5476,Peoples_Republic_of_Korea_1998,0,206,201,a,a,DT,DT
5477,Peoples_Republic_of_Korea_1998,0,206,202,decoration,decoration,NN,NN
5478,Peoples_Republic_of_Korea_1998,0,206,204,a,a,DT,DT
5479,Peoples_Republic_of_Korea_1998,0,206,205,medal,medal,NN,NN
5480,Peoples_Republic_of_Korea_1998,0,206,207,and,and,CC,CC
5481,Peoples_Republic_of_Korea_1998,0,206,208,an,an,DT,DT
5482,Peoples_Republic_of_Korea_1998,0,206,209,honorary,honorary,JJ,JJ
5483,Peoples_Republic_of_Korea_1998,0,206,210,title,title,NN,NN
5484,Peoples_Republic_of_Korea_1998,0,206,212,17.exercise,17exercise,CD,CD
5485,Peoples_Republic_of_Korea_1998,0,206,213,the,the,DT,DT
5486,Peoples_Republic_of_Korea_1998,0,206,214,right,right,NN,NN
5487,Peoples_Republic_of_Korea_1998,0,206,215,to,to,TO,TO
5488,Peoples_Republic_of_Korea_1998,0,206,216,grant,grant,VB,VB
5489,Peoples_Republic_of_Korea_1998,0,206,217,general,general,JJ,JJ
5490,Peoples_Republic_of_Korea_1998,0,206,218,amnesties,amnesties,NNS,NN
5491,Peoples_Republic_of_Korea_1998,0,206,219,or,or,CC,CC
5492,Peoples_Republic_of_Korea_1998,0,206,220,special,special,JJ,JJ
5493,Peoples_Republic_of_Korea_1998,0,206,221,pardon,pardon,NN,NN
5494,Peoples_Republic_of_Korea_1998,0,206,223,18.institute,18institute,CD,CD
5495,Peoples_Republic_of_Korea_1998,0,206,224,and,and,CC,CC
5496,Peoples_Republic_of_Korea_1998,0,206,225,reorganize,reorganize,VB,VB
5497,Peoples_Republic_of_Korea_1998,0,206,226,an,an,DT,DT
5498,Peoples_Republic_of_Korea_1998,0,206,227,administration,administration,NN,NN
5499,Peoples_Republic_of_Korea_1998,0,206,228,unit,unit,NN,NN
5500,Peoples_Republic_of_Korea_1998,0,206,229,and,and,CC,CC
5501,Peoples_Republic_of_Korea_1998,0,206,230,district,district,NN,NN
5502,Peoples_Republic_of_Korea_1998,0,207,0,Article,article,NN,NN
5503,Peoples_Republic_of_Korea_1998,0,207,1,111,111,CD,CD
5504,Peoples_Republic_of_Korea_1998,0,207,2,Share,share,NNP,NN
5505,Peoples_Republic_of_Korea_1998,0,207,3,The,the,DT,DT
5506,Peoples_Republic_of_Korea_1998,0,207,4,President,president,NNP,NN
5507,Peoples_Republic_of_Korea_1998,0,207,5,of,of,IN,IN
5508,Peoples_Republic_of_Korea_1998,0,207,6,the,the,DT,DT
5509,Peoples_Republic_of_Korea_1998,0,207,7,SPA,spa,NNP,NN
5510,Peoples_Republic_of_Korea_1998,0,207,8,Presidium,presidium,NNP,NN
5511,Peoples_Republic_of_Korea_1998,0,207,9,organizes,organizes,VBZ,VB
5512,Peoples_Republic_of_Korea_1998,0,207,10,and,and,CC,CC
5513,Peoples_Republic_of_Korea_1998,0,207,11,guides,guides,VBZ,VB
5514,Peoples_Republic_of_Korea_1998,0,207,12,the,the,DT,DT
5515,Peoples_Republic_of_Korea_1998,0,207,13,work,work,NN,NN
5516,Peoples_Republic_of_Korea_1998,0,207,14,of,of,IN,IN
5517,Peoples_Republic_of_Korea_1998,0,207,15,the,the,DT,DT
5518,Peoples_Republic_of_Korea_1998,0,207,16,presidium,presidium,NN,NN
5519,Peoples_Republic_of_Korea_1998,0,208,0,The,the,DT,DT
5520,Peoples_Republic_of_Korea_1998,0,208,1,President,president,NNP,NN
5521,Peoples_Republic_of_Korea_1998,0,208,2,of,of,IN,IN
5522,Peoples_Republic_of_Korea_1998,0,208,3,the,the,DT,DT
5523,Peoples_Republic_of_Korea_1998,0,208,4,SPA,spa,NNP,NN
5524,Peoples_Republic_of_Korea_1998,0,208,5,Presidium,presidium,NNP,NN
5525,Peoples_Republic_of_Korea_1998,0,208,6,represents,represents,VBZ,VB
5526,Peoples_Republic_of_Korea_1998,0,208,7,the,the,DT,DT
5527,Peoples_Republic_of_Korea_1998,0,208,8,State,state,NNP,NN
5528,Peoples_Republic_of_Korea_1998,0,208,9,and,and,CC,CC
5529,Peoples_Republic_of_Korea_1998,0,208,10,receives,receives,NNS,NN
5530,Peoples_Republic_of_Korea_1998,0,208,11,credentials,credentials,NNS,NN
5531,Peoples_Republic_of_Korea_1998,0,208,12,and,and,CC,CC
5532,Peoples_Republic_of_Korea_1998,0,208,13,letters,letters,NNS,NN
5533,Peoples_Republic_of_Korea_1998,0,208,14,of,of,IN,IN
5534,Peoples_Republic_of_Korea_1998,0,208,15,recall,recall,NN,NN
5535,Peoples_Republic_of_Korea_1998,0,208,16,of,of,IN,IN
5536,Peoples_Republic_of_Korea_1998,0,208,17,diplomatic,diplomatic,JJ,JJ
5537,Peoples_Republic_of_Korea_1998,0,208,18,representatives,representatives,NNS,NN
5538,Peoples_Republic_of_Korea_1998,0,208,19,accredited,accredited,VBN,VB
5539,Peoples_Republic_of_Korea_1998,0,208,20,by,by,IN,IN
5540,Peoples_Republic_of_Korea_1998,0,208,21,a,a,DT,DT
5541,Peoples_Republic_of_Korea_1998,0,208,22,foreign,foreign,JJ,JJ
5542,Peoples_Republic_of_Korea_1998,0,208,23,state,state,NN,NN
5543,Peoples_Republic_of_Korea_1998,0,209,0,Article,article,NN,NN
5544,Peoples_Republic_of_Korea_1998,0,209,1,112,112,CD,CD
5545,Peoples_Republic_of_Korea_1998,0,209,2,Share,share,NNP,NN
5546,Peoples_Republic_of_Korea_1998,0,209,3,The,the,DT,DT
5547,Peoples_Republic_of_Korea_1998,0,209,4,SPA,spa,NNP,NN
5548,Peoples_Republic_of_Korea_1998,0,209,5,Presidium,presidium,NNP,NN
5549,Peoples_Republic_of_Korea_1998,0,209,6,convenes,convenes,VBZ,VB
5550,Peoples_Republic_of_Korea_1998,0,209,7,a,a,DT,DT
5551,Peoples_Republic_of_Korea_1998,0,209,8,plenary,plenary,JJ,JJ
5552,Peoples_Republic_of_Korea_1998,0,209,9,meeting,meeting,NN,NN
5553,Peoples_Republic_of_Korea_1998,0,209,10,and,and,CC,CC
5554,Peoples_Republic_of_Korea_1998,0,209,11,an,an,DT,DT
5555,Peoples_Republic_of_Korea_1998,0,209,12,executive,executive,JJ,JJ
5556,Peoples_Republic_of_Korea_1998,0,209,13,meeting,meeting,NN,NN
5557,Peoples_Republic_of_Korea_1998,0,210,0,The,the,DT,DT
5558,Peoples_Republic_of_Korea_1998,0,210,1,plenary,plenary,JJ,JJ
5559,Peoples_Republic_of_Korea_1998,0,210,2,meeting,meeting,NN,NN
5560,Peoples_Republic_of_Korea_1998,0,210,3,consists,consists,NNS,NN
5561,Peoples_Republic_of_Korea_1998,0,210,4,of,of,IN,IN
5562,Peoples_Republic_of_Korea_1998,0,210,5,all,all,PDT,PD
5563,Peoples_Republic_of_Korea_1998,0,210,6,the,the,DT,DT
5564,Peoples_Republic_of_Korea_1998,0,210,7,members,members,NNS,NN
5565,Peoples_Republic_of_Korea_1998,0,210,8,and,and,CC,CC
5566,Peoples_Republic_of_Korea_1998,0,210,9,the,the,DT,DT
5567,Peoples_Republic_of_Korea_1998,0,210,10,executive,executive,JJ,JJ
5568,Peoples_Republic_of_Korea_1998,0,210,11,meeting,meeting,NN,NN
5569,Peoples_Republic_of_Korea_1998,0,210,12,of,of,IN,IN
5570,Peoples_Republic_of_Korea_1998,0,210,13,the,the,DT,DT
5571,Peoples_Republic_of_Korea_1998,0,210,14,President,president,NNP,NN
5572,Peoples_Republic_of_Korea_1998,0,210,16,vice,vice,NN,NN
5573,Peoples_Republic_of_Korea_1998,0,210,17,presidents,presidents,NNS,NN
5574,Peoples_Republic_of_Korea_1998,0,210,19,and,and,CC,CC
5575,Peoples_Republic_of_Korea_1998,0,210,20,secretary,secretary,NN,NN
5576,Peoples_Republic_of_Korea_1998,0,211,0,Article,article,NN,NN
5577,Peoples_Republic_of_Korea_1998,0,211,1,113,113,CD,CD
5578,Peoples_Republic_of_Korea_1998,0,211,2,Share,share,NNP,NN
5579,Peoples_Republic_of_Korea_1998,0,211,3,The,the,DT,DT
5580,Peoples_Republic_of_Korea_1998,0,211,4,SPA,spa,NNP,NN
5581,Peoples_Republic_of_Korea_1998,0,211,5,Presidium,presidium,NNP,NN
5582,Peoples_Republic_of_Korea_1998,0,211,7,s,s,VBD,VB
5583,Peoples_Republic_of_Korea_1998,0,211,8,plenary,plenary,JJ,JJ
5584,Peoples_Republic_of_Korea_1998,0,211,9,meeting,meeting,NN,NN
5585,Peoples_Republic_of_Korea_1998,0,211,10,deliberates,deliberates,NNS,NN
5586,Peoples_Republic_of_Korea_1998,0,211,11,on,on,IN,IN
5587,Peoples_Republic_of_Korea_1998,0,211,12,and,and,CC,CC
5588,Peoples_Republic_of_Korea_1998,0,211,13,adopts,adopts,NNS,NN
5589,Peoples_Republic_of_Korea_1998,0,211,14,important,important,JJ,JJ
5590,Peoples_Republic_of_Korea_1998,0,211,15,issues,issues,NNS,NN
5591,Peoples_Republic_of_Korea_1998,0,211,16,for,for,IN,IN
5592,Peoples_Republic_of_Korea_1998,0,211,17,the,the,DT,DT
5593,Peoples_Republic_of_Korea_1998,0,211,18,Presidium,presidium,NNP,NN
5594,Peoples_Republic_of_Korea_1998,0,211,19,to,to,TO,TO
5595,Peoples_Republic_of_Korea_1998,0,211,20,implement,implement,VB,VB
5596,Peoples_Republic_of_Korea_1998,0,211,21,its,its,PRP$,PR
5597,Peoples_Republic_of_Korea_1998,0,211,22,duties,duties,NNS,NN
5598,Peoples_Republic_of_Korea_1998,0,211,23,and,and,CC,CC
5599,Peoples_Republic_of_Korea_1998,0,211,24,authority,authority,NN,NN
5600,Peoples_Republic_of_Korea_1998,0,212,0,The,the,DT,DT
5601,Peoples_Republic_of_Korea_1998,0,212,1,executive,executive,NN,NN
5602,Peoples_Republic_of_Korea_1998,0,212,2,meeting,meeting,NN,NN
5603,Peoples_Republic_of_Korea_1998,0,212,3,deliberates,deliberates,NNS,NN
5604,Peoples_Republic_of_Korea_1998,0,212,4,on,on,IN,IN
5605,Peoples_Republic_of_Korea_1998,0,212,5,and,and,CC,CC
5606,Peoples_Republic_of_Korea_1998,0,212,6,adopts,adopts,NNS,NN
5607,Peoples_Republic_of_Korea_1998,0,212,7,issues,issues,NNS,NN
5608,Peoples_Republic_of_Korea_1998,0,212,8,which,which,WDT,WD
5609,Peoples_Republic_of_Korea_1998,0,212,9,are,are,VBP,VB
5610,Peoples_Republic_of_Korea_1998,0,212,10,entrusted,entrusted,VBN,VB
5611,Peoples_Republic_of_Korea_1998,0,212,11,to,to,TO,TO
5612,Peoples_Republic_of_Korea_1998,0,212,12,it,it,PRP,PR
5613,Peoples_Republic_of_Korea_1998,0,212,13,by,by,IN,IN
5614,Peoples_Republic_of_Korea_1998,0,212,14,the,the,DT,DT
5615,Peoples_Republic_of_Korea_1998,0,212,15,plenary,plenary,JJ,JJ
5616,Peoples_Republic_of_Korea_1998,0,212,16,meeting,meeting,NN,NN
5617,Peoples_Republic_of_Korea_1998,0,213,0,Article,article,NN,NN
5618,Peoples_Republic_of_Korea_1998,0,213,1,114,114,CD,CD
5619,Peoples_Republic_of_Korea_1998,0,213,2,Share,share,NNP,NN
5620,Peoples_Republic_of_Korea_1998,0,213,3,The,the,DT,DT
5621,Peoples_Republic_of_Korea_1998,0,213,4,SPA,spa,NNP,NN
5622,Peoples_Republic_of_Korea_1998,0,213,5,Presidium,presidium,NNP,NN
5623,Peoples_Republic_of_Korea_1998,0,213,6,issues,issues,NNS,NN
5624,Peoples_Republic_of_Korea_1998,0,213,7,decrees,decrees,NNS,NN
5625,Peoples_Republic_of_Korea_1998,0,213,9,decisions,decisions,NNS,NN
5626,Peoples_Republic_of_Korea_1998,0,213,10,and,and,CC,CC
5627,Peoples_Republic_of_Korea_1998,0,213,11,directions,directions,NNS,NN
5628,Peoples_Republic_of_Korea_1998,0,214,0,Article,article,NN,NN
5629,Peoples_Republic_of_Korea_1998,0,214,1,115,115,CD,CD
5630,Peoples_Republic_of_Korea_1998,0,214,2,Share,share,NNP,NN
5631,Peoples_Republic_of_Korea_1998,0,214,3,The,the,DT,DT
5632,Peoples_Republic_of_Korea_1998,0,214,4,SPA,spa,NNP,NN
5633,Peoples_Republic_of_Korea_1998,0,214,5,Presidium,presidium,NNP,NN
5634,Peoples_Republic_of_Korea_1998,0,214,6,may,may,MD,MD
5635,Peoples_Republic_of_Korea_1998,0,214,7,set,set,VB,VB
5636,Peoples_Republic_of_Korea_1998,0,214,8,up,up,RP,RP
5637,Peoples_Republic_of_Korea_1998,0,214,9,its,its,PRP$,PR
5638,Peoples_Republic_of_Korea_1998,0,214,10,assistant,assistant,JJ,JJ
5639,Peoples_Republic_of_Korea_1998,0,214,11,departmental,departmental,JJ,JJ
5640,Peoples_Republic_of_Korea_1998,0,214,12,committees,committees,NNS,NN
5641,Peoples_Republic_of_Korea_1998,0,215,0,Article,article,NN,NN
5642,Peoples_Republic_of_Korea_1998,0,215,1,116,116,CD,CD
5643,Peoples_Republic_of_Korea_1998,0,215,2,Share,share,NNP,NN
5644,Peoples_Republic_of_Korea_1998,0,215,3,The,the,DT,DT
5645,Peoples_Republic_of_Korea_1998,0,215,4,SPA,spa,NNP,NN
5646,Peoples_Republic_of_Korea_1998,0,215,5,Presidium,presidium,NNP,NN
5647,Peoples_Republic_of_Korea_1998,0,215,6,is,is,VBZ,VB
5648,Peoples_Republic_of_Korea_1998,0,215,7,accountable,accountable,JJ,JJ
5649,Peoples_Republic_of_Korea_1998,0,215,8,to,to,TO,TO
5650,Peoples_Republic_of_Korea_1998,0,215,9,the,the,DT,DT
5651,Peoples_Republic_of_Korea_1998,0,215,10,SPA,spa,NNP,NN
5652,Peoples_Republic_of_Korea_1998,0,216,0,Section,section,NN,NN
5653,Peoples_Republic_of_Korea_1998,0,216,1,IV,iv,NNP,NN
5654,Peoples_Republic_of_Korea_1998,0,217,0,Cabinet,cabinet,NNP,NN
5655,Peoples_Republic_of_Korea_1998,0,217,1,Share,share,NNP,NN
5656,Peoples_Republic_of_Korea_1998,0,217,2,Article,article,NNP,NN
5657,Peoples_Republic_of_Korea_1998,0,217,3,117,117,CD,CD
5658,Peoples_Republic_of_Korea_1998,0,217,4,Share,share,NNP,NN
5659,Peoples_Republic_of_Korea_1998,0,217,5,The,the,DT,DT
5660,Peoples_Republic_of_Korea_1998,0,217,6,Cabinet,cabinet,NNP,NN
5661,Peoples_Republic_of_Korea_1998,0,217,7,is,is,VBZ,VB
5662,Peoples_Republic_of_Korea_1998,0,217,8,the,the,DT,DT
5663,Peoples_Republic_of_Korea_1998,0,217,9,administrative,administrative,JJ,JJ
5664,Peoples_Republic_of_Korea_1998,0,217,10,and,and,CC,CC
5665,Peoples_Republic_of_Korea_1998,0,217,11,executive,executive,JJ,JJ
5666,Peoples_Republic_of_Korea_1998,0,217,12,body,body,NN,NN
5667,Peoples_Republic_of_Korea_1998,0,217,13,of,of,IN,IN
5668,Peoples_Republic_of_Korea_1998,0,217,14,the,the,DT,DT
5669,Peoples_Republic_of_Korea_1998,0,217,15,highest,highest,JJS,JJ
5670,Peoples_Republic_of_Korea_1998,0,217,16,organ,organ,NN,NN
5671,Peoples_Republic_of_Korea_1998,0,217,17,of,of,IN,IN
5672,Peoples_Republic_of_Korea_1998,0,217,18,State,state,NNP,NN
5673,Peoples_Republic_of_Korea_1998,0,217,19,power,power,NN,NN
5674,Peoples_Republic_of_Korea_1998,0,217,20,and,and,CC,CC
5675,Peoples_Republic_of_Korea_1998,0,217,21,a,a,DT,DT
5676,Peoples_Republic_of_Korea_1998,0,217,22,general,general,JJ,JJ
5677,Peoples_Republic_of_Korea_1998,0,217,23,state,state,NN,NN
5678,Peoples_Republic_of_Korea_1998,0,217,24,management,management,NN,NN
5679,Peoples_Republic_of_Korea_1998,0,217,25,organ,organ,NN,NN
5680,Peoples_Republic_of_Korea_1998,0,218,0,Article,article,NN,NN
5681,Peoples_Republic_of_Korea_1998,0,218,1,118,118,CD,CD
5682,Peoples_Republic_of_Korea_1998,0,218,2,Share,share,NNP,NN
5683,Peoples_Republic_of_Korea_1998,0,218,3,The,the,DT,DT
5684,Peoples_Republic_of_Korea_1998,0,218,4,Cabinet,cabinet,NNP,NN
5685,Peoples_Republic_of_Korea_1998,0,218,5,consists,consists,VBZ,VB
5686,Peoples_Republic_of_Korea_1998,0,218,6,of,of,IN,IN
5687,Peoples_Republic_of_Korea_1998,0,218,7,the,the,DT,DT
5688,Peoples_Republic_of_Korea_1998,0,218,8,Premier,premier,NNP,NN
5689,Peoples_Republic_of_Korea_1998,0,218,10,vice,vice,NN,NN
5690,Peoples_Republic_of_Korea_1998,0,218,11,premiers,premiers,NNS,NN
5691,Peoples_Republic_of_Korea_1998,0,218,13,chairmen,chairmen,NNS,NN
5692,Peoples_Republic_of_Korea_1998,0,218,14,of,of,IN,IN
5693,Peoples_Republic_of_Korea_1998,0,218,15,commissions,commissions,NNS,NN
5694,Peoples_Republic_of_Korea_1998,0,218,17,ministers,ministers,NNS,NN
5695,Peoples_Republic_of_Korea_1998,0,218,18,and,and,CC,CC
5696,Peoples_Republic_of_Korea_1998,0,218,19,some,some,DT,DT
5697,Peoples_Republic_of_Korea_1998,0,218,20,other,other,JJ,JJ
5698,Peoples_Republic_of_Korea_1998,0,218,21,necessary,necessary,JJ,JJ
5699,Peoples_Republic_of_Korea_1998,0,218,22,members,members,NNS,NN
5700,Peoples_Republic_of_Korea_1998,0,219,0,The,the,DT,DT
5701,Peoples_Republic_of_Korea_1998,0,219,1,Cabinet,cabinet,NNP,NN
5702,Peoples_Republic_of_Korea_1998,0,219,3,s,s,JJ,JJ
5703,Peoples_Republic_of_Korea_1998,0,219,4,term,term,NN,NN
5704,Peoples_Republic_of_Korea_1998,0,219,5,is,is,VBZ,VB
5705,Peoples_Republic_of_Korea_1998,0,219,6,the,the,DT,DT
5706,Peoples_Republic_of_Korea_1998,0,219,7,same,same,JJ,JJ
5707,Peoples_Republic_of_Korea_1998,0,219,8,as,as,IN,IN
5708,Peoples_Republic_of_Korea_1998,0,219,9,that,that,DT,DT
5709,Peoples_Republic_of_Korea_1998,0,219,10,of,of,IN,IN
5710,Peoples_Republic_of_Korea_1998,0,219,11,the,the,DT,DT
5711,Peoples_Republic_of_Korea_1998,0,219,12,SPA,spa,NNP,NN
5712,Peoples_Republic_of_Korea_1998,0,220,0,Article,article,NN,NN
5713,Peoples_Republic_of_Korea_1998,0,220,1,119,119,CD,CD
5714,Peoples_Republic_of_Korea_1998,0,220,2,Share,share,NNP,NN
5715,Peoples_Republic_of_Korea_1998,0,220,3,The,the,DT,DT
5716,Peoples_Republic_of_Korea_1998,0,220,4,Cabinet,cabinet,NNP,NN
5717,Peoples_Republic_of_Korea_1998,0,220,5,has,has,VBZ,VB
5718,Peoples_Republic_of_Korea_1998,0,220,6,duties,duties,NNS,NN
5719,Peoples_Republic_of_Korea_1998,0,220,7,and,and,CC,CC
5720,Peoples_Republic_of_Korea_1998,0,220,8,authority,authority,NN,NN
5721,Peoples_Republic_of_Korea_1998,0,220,9,to,to,TO,TO
5722,Peoples_Republic_of_Korea_1998,0,220,11,1.adopt,1adopt,CD,CD
5723,Peoples_Republic_of_Korea_1998,0,220,12,measures,measures,NNS,NN
5724,Peoples_Republic_of_Korea_1998,0,220,13,to,to,TO,TO
5725,Peoples_Republic_of_Korea_1998,0,220,14,execute,execute,VB,VB
5726,Peoples_Republic_of_Korea_1998,0,220,15,state,state,NN,NN
5727,Peoples_Republic_of_Korea_1998,0,220,16,policy,policy,NN,NN
5728,Peoples_Republic_of_Korea_1998,0,220,18,2.institute,2institute,CD,CD
5729,Peoples_Republic_of_Korea_1998,0,220,20,amend,amend,NN,NN
5730,Peoples_Republic_of_Korea_1998,0,220,22,and,and,CC,CC
5731,Peoples_Republic_of_Korea_1998,0,220,23,supplement,supplement,JJ,JJ
5732,Peoples_Republic_of_Korea_1998,0,220,24,regulations,regulations,NNS,NN
5733,Peoples_Republic_of_Korea_1998,0,220,25,concerning,concerning,VBG,VB
5734,Peoples_Republic_of_Korea_1998,0,220,26,state,state,NN,NN
5735,Peoples_Republic_of_Korea_1998,0,220,27,management,management,NN,NN
5736,Peoples_Republic_of_Korea_1998,0,220,28,based,based,VBN,VB
5737,Peoples_Republic_of_Korea_1998,0,220,29,on,on,IN,IN
5738,Peoples_Republic_of_Korea_1998,0,220,30,the,the,DT,DT
5739,Peoples_Republic_of_Korea_1998,0,220,31,Constitution,constitution,NNP,NN
5740,Peoples_Republic_of_Korea_1998,0,220,32,and,and,CC,CC
5741,Peoples_Republic_of_Korea_1998,0,220,33,departmental,departmental,JJ,JJ
5742,Peoples_Republic_of_Korea_1998,0,220,34,laws,laws,NNS,NN
5743,Peoples_Republic_of_Korea_1998,0,220,36,3.guide,3guide,CD,CD
5744,Peoples_Republic_of_Korea_1998,0,220,37,the,the,DT,DT
5745,Peoples_Republic_of_Korea_1998,0,220,38,work,work,NN,NN
5746,Peoples_Republic_of_Korea_1998,0,220,39,of,of,IN,IN
5747,Peoples_Republic_of_Korea_1998,0,220,40,the,the,DT,DT
5748,Peoples_Republic_of_Korea_1998,0,220,41,Cabinet,cabinet,NNP,NN
5749,Peoples_Republic_of_Korea_1998,0,220,42,commissions,commissions,NNS,NN
5750,Peoples_Republic_of_Korea_1998,0,220,44,ministries,ministries,NNS,NN
5751,Peoples_Republic_of_Korea_1998,0,220,46,direct,direct,JJ,JJ
5752,Peoples_Republic_of_Korea_1998,0,220,47,organs,organs,NNS,NN
5753,Peoples_Republic_of_Korea_1998,0,220,48,of,of,IN,IN
5754,Peoples_Republic_of_Korea_1998,0,220,49,the,the,DT,DT
5755,Peoples_Republic_of_Korea_1998,0,220,50,Cabinet,cabinet,NNP,NN
5756,Peoples_Republic_of_Korea_1998,0,220,52,local,local,JJ,JJ
5757,Peoples_Republic_of_Korea_1998,0,220,53,people,people,NNS,NN
5758,Peoples_Republic_of_Korea_1998,0,220,55,s,s,JJ,JJ
5759,Peoples_Republic_of_Korea_1998,0,220,56,committees,committees,NNS,NN
5760,Peoples_Republic_of_Korea_1998,0,220,58,4.set,4set,CD,CD
5761,Peoples_Republic_of_Korea_1998,0,220,59,up,up,RB,RB
5762,Peoples_Republic_of_Korea_1998,0,220,60,and,and,CC,CC
5763,Peoples_Republic_of_Korea_1998,0,220,61,remove,remove,VB,VB
5764,Peoples_Republic_of_Korea_1998,0,220,62,direct,direct,JJ,JJ
5765,Peoples_Republic_of_Korea_1998,0,220,63,organs,organs,NNS,NN
5766,Peoples_Republic_of_Korea_1998,0,220,64,of,of,IN,IN
5767,Peoples_Republic_of_Korea_1998,0,220,65,the,the,DT,DT
5768,Peoples_Republic_of_Korea_1998,0,220,66,Cabinet,cabinet,NNP,NN
5769,Peoples_Republic_of_Korea_1998,0,220,68,main,main,JJ,JJ
5770,Peoples_Republic_of_Korea_1998,0,220,69,administrative,administrative,JJ,JJ
5771,Peoples_Republic_of_Korea_1998,0,220,70,economic,economic,JJ,JJ
5772,Peoples_Republic_of_Korea_1998,0,220,71,organizations,organizations,NNS,NN
5773,Peoples_Republic_of_Korea_1998,0,220,73,and,and,CC,CC
5774,Peoples_Republic_of_Korea_1998,0,220,74,enterprises,enterprises,NNS,NN
5775,Peoples_Republic_of_Korea_1998,0,220,76,and,and,CC,CC
5776,Peoples_Republic_of_Korea_1998,0,220,77,adopt,adopt,VB,VB
5777,Peoples_Republic_of_Korea_1998,0,220,78,measures,measures,NNS,NN
5778,Peoples_Republic_of_Korea_1998,0,220,79,to,to,TO,TO
5779,Peoples_Republic_of_Korea_1998,0,220,80,improve,improve,VB,VB
5780,Peoples_Republic_of_Korea_1998,0,220,81,the,the,DT,DT
5781,Peoples_Republic_of_Korea_1998,0,220,82,State,state,NNP,NN
5782,Peoples_Republic_of_Korea_1998,0,220,83,management,management,NN,NN
5783,Peoples_Republic_of_Korea_1998,0,220,84,structure,structure,NN,NN
5784,Peoples_Republic_of_Korea_1998,0,220,86,5.draft,5draft,CD,CD
5785,Peoples_Republic_of_Korea_1998,0,220,87,the,the,DT,DT
5786,Peoples_Republic_of_Korea_1998,0,220,88,State,state,NNP,NN
5787,Peoples_Republic_of_Korea_1998,0,220,89,plan,plan,NN,NN
5788,Peoples_Republic_of_Korea_1998,0,220,90,for,for,IN,IN
5789,Peoples_Republic_of_Korea_1998,0,220,91,the,the,DT,DT
5790,Peoples_Republic_of_Korea_1998,0,220,92,development,development,NN,NN
5791,Peoples_Republic_of_Korea_1998,0,220,93,of,of,IN,IN
5792,Peoples_Republic_of_Korea_1998,0,220,94,the,the,DT,DT
5793,Peoples_Republic_of_Korea_1998,0,220,95,national,national,JJ,JJ
5794,Peoples_Republic_of_Korea_1998,0,220,96,economy,economy,NN,NN
5795,Peoples_Republic_of_Korea_1998,0,220,97,and,and,CC,CC
5796,Peoples_Republic_of_Korea_1998,0,220,98,adopt,adopt,JJ,JJ
5797,Peoples_Republic_of_Korea_1998,0,220,99,measures,measures,NNS,NN
5798,Peoples_Republic_of_Korea_1998,0,220,100,to,to,TO,TO
5799,Peoples_Republic_of_Korea_1998,0,220,101,put,put,VB,VB
5800,Peoples_Republic_of_Korea_1998,0,220,102,it,it,PRP,PR
5801,Peoples_Republic_of_Korea_1998,0,220,103,into,into,IN,IN
5802,Peoples_Republic_of_Korea_1998,0,220,104,effect,effect,NN,NN
5803,Peoples_Republic_of_Korea_1998,0,220,106,6.compile,6compile,CD,CD
5804,Peoples_Republic_of_Korea_1998,0,220,107,the,the,DT,DT
5805,Peoples_Republic_of_Korea_1998,0,220,108,State,state,NNP,NN
5806,Peoples_Republic_of_Korea_1998,0,220,109,budget,budget,NN,NN
5807,Peoples_Republic_of_Korea_1998,0,220,110,and,and,CC,CC
5808,Peoples_Republic_of_Korea_1998,0,220,111,adopt,adopt,VB,VB
5809,Peoples_Republic_of_Korea_1998,0,220,112,measures,measures,NNS,NN
5810,Peoples_Republic_of_Korea_1998,0,220,113,to,to,TO,TO
5811,Peoples_Republic_of_Korea_1998,0,220,114,implement,implement,VB,VB
5812,Peoples_Republic_of_Korea_1998,0,220,115,it,it,PRP,PR
5813,Peoples_Republic_of_Korea_1998,0,220,117,7.organize,7organize,CD,CD
5814,Peoples_Republic_of_Korea_1998,0,220,118,and,and,CC,CC
5815,Peoples_Republic_of_Korea_1998,0,220,119,exercise,exercise,NN,NN
5816,Peoples_Republic_of_Korea_1998,0,220,120,works,works,NNS,NN
5817,Peoples_Republic_of_Korea_1998,0,220,121,in,in,IN,IN
5818,Peoples_Republic_of_Korea_1998,0,220,122,the,the,DT,DT
5819,Peoples_Republic_of_Korea_1998,0,220,123,fields,fields,NNS,NN
5820,Peoples_Republic_of_Korea_1998,0,220,124,of,of,IN,IN
5821,Peoples_Republic_of_Korea_1998,0,220,125,industry,industry,NN,NN
5822,Peoples_Republic_of_Korea_1998,0,220,127,agriculture,agriculture,NN,NN
5823,Peoples_Republic_of_Korea_1998,0,220,129,construction,construction,NN,NN
5824,Peoples_Republic_of_Korea_1998,0,220,131,transportation,transportation,NN,NN
5825,Peoples_Republic_of_Korea_1998,0,220,133,communications,communications,NNS,NN
5826,Peoples_Republic_of_Korea_1998,0,220,135,commerce,commerce,NN,NN
5827,Peoples_Republic_of_Korea_1998,0,220,137,trade,trade,NN,NN
5828,Peoples_Republic_of_Korea_1998,0,220,139,land,land,NN,NN
5829,Peoples_Republic_of_Korea_1998,0,220,140,management,management,NN,NN
5830,Peoples_Republic_of_Korea_1998,0,220,142,city,city,NN,NN
5831,Peoples_Republic_of_Korea_1998,0,220,143,management,management,NN,NN
5832,Peoples_Republic_of_Korea_1998,0,220,145,education,education,NN,NN
5833,Peoples_Republic_of_Korea_1998,0,220,147,science,science,NN,NN
5834,Peoples_Republic_of_Korea_1998,0,220,149,culture,culture,NN,NN
5835,Peoples_Republic_of_Korea_1998,0,220,151,health,health,NN,NN
5836,Peoples_Republic_of_Korea_1998,0,220,153,physical,physical,JJ,JJ
5837,Peoples_Republic_of_Korea_1998,0,220,154,training,training,NN,NN
5838,Peoples_Republic_of_Korea_1998,0,220,156,labor,labor,NN,NN
5839,Peoples_Republic_of_Korea_1998,0,220,157,administration,administration,NN,NN
5840,Peoples_Republic_of_Korea_1998,0,220,159,environmental,environmental,JJ,JJ
5841,Peoples_Republic_of_Korea_1998,0,220,160,protection,protection,NN,NN
5842,Peoples_Republic_of_Korea_1998,0,220,162,tourism,tourism,NN,NN
5843,Peoples_Republic_of_Korea_1998,0,220,163,and,and,CC,CC
5844,Peoples_Republic_of_Korea_1998,0,220,164,others,others,NNS,NN
5845,Peoples_Republic_of_Korea_1998,0,220,166,8.adopt,8adopt,CD,CD
5846,Peoples_Republic_of_Korea_1998,0,220,167,measures,measures,NNS,NN
5847,Peoples_Republic_of_Korea_1998,0,220,168,to,to,TO,TO
5848,Peoples_Republic_of_Korea_1998,0,220,169,strengthen,strengthen,VB,VB
5849,Peoples_Republic_of_Korea_1998,0,220,170,the,the,DT,DT
5850,Peoples_Republic_of_Korea_1998,0,220,171,monetary,monetary,JJ,JJ
5851,Peoples_Republic_of_Korea_1998,0,220,172,and,and,CC,CC
5852,Peoples_Republic_of_Korea_1998,0,220,173,banking,banking,NN,NN
5853,Peoples_Republic_of_Korea_1998,0,220,174,system,system,NN,NN
5854,Peoples_Republic_of_Korea_1998,0,220,176,9.do,9do,CD,CD
5855,Peoples_Republic_of_Korea_1998,0,220,177,inspection,inspection,NN,NN
5856,Peoples_Republic_of_Korea_1998,0,220,178,and,and,CC,CC
5857,Peoples_Republic_of_Korea_1998,0,220,179,control,control,NN,NN
5858,Peoples_Republic_of_Korea_1998,0,220,180,work,work,NN,NN
5859,Peoples_Republic_of_Korea_1998,0,220,181,to,to,TO,TO
5860,Peoples_Republic_of_Korea_1998,0,220,182,establish,establish,VB,VB
5861,Peoples_Republic_of_Korea_1998,0,220,183,a,a,DT,DT
5862,Peoples_Republic_of_Korea_1998,0,220,184,state,state,NN,NN
5863,Peoples_Republic_of_Korea_1998,0,220,185,management,management,NN,NN
5864,Peoples_Republic_of_Korea_1998,0,220,186,order,order,NN,NN
5865,Peoples_Republic_of_Korea_1998,0,220,188,10.adopt,10adopt,CD,CD
5866,Peoples_Republic_of_Korea_1998,0,220,189,measures,measures,NNS,NN
5867,Peoples_Republic_of_Korea_1998,0,220,190,to,to,TO,TO
5868,Peoples_Republic_of_Korea_1998,0,220,191,maintain,maintain,VB,VB
5869,Peoples_Republic_of_Korea_1998,0,220,192,social,social,JJ,JJ
5870,Peoples_Republic_of_Korea_1998,0,220,193,order,order,NN,NN
5871,Peoples_Republic_of_Korea_1998,0,220,195,protect,protect,VBP,VB
5872,Peoples_Republic_of_Korea_1998,0,220,196,State,state,NNP,NN
5873,Peoples_Republic_of_Korea_1998,0,220,197,and,and,CC,CC
5874,Peoples_Republic_of_Korea_1998,0,220,198,social,social,JJ,JJ
5875,Peoples_Republic_of_Korea_1998,0,220,199,cooperation,cooperation,NN,NN
5876,Peoples_Republic_of_Korea_1998,0,220,200,body,body,NN,NN
5877,Peoples_Republic_of_Korea_1998,0,220,202,s,s,JJ,JJ
5878,Peoples_Republic_of_Korea_1998,0,220,203,possession,possession,NN,NN
5879,Peoples_Republic_of_Korea_1998,0,220,204,and,and,CC,CC
5880,Peoples_Republic_of_Korea_1998,0,220,205,interests,interests,NNS,NN
5881,Peoples_Republic_of_Korea_1998,0,220,207,and,and,CC,CC
5882,Peoples_Republic_of_Korea_1998,0,220,208,to,to,TO,TO
5883,Peoples_Republic_of_Korea_1998,0,220,209,guarantee,guarantee,VB,VB
5884,Peoples_Republic_of_Korea_1998,0,220,210,citizens,citizens,NNS,NN
5885,Peoples_Republic_of_Korea_1998,0,220,212,rights,rights,NNS,NN
5886,Peoples_Republic_of_Korea_1998,0,220,214,11.conclude,11conclude,CD,CD
5887,Peoples_Republic_of_Korea_1998,0,220,215,treaties,treaties,NNS,NN
5888,Peoples_Republic_of_Korea_1998,0,220,216,with,with,IN,IN
5889,Peoples_Republic_of_Korea_1998,0,220,217,foreign,foreign,JJ,JJ
5890,Peoples_Republic_of_Korea_1998,0,220,218,countries,countries,NNS,NN
5891,Peoples_Republic_of_Korea_1998,0,220,220,and,and,CC,CC
5892,Peoples_Republic_of_Korea_1998,0,220,221,conduct,conduct,VBP,VB
5893,Peoples_Republic_of_Korea_1998,0,220,222,external,external,JJ,JJ
5894,Peoples_Republic_of_Korea_1998,0,220,223,activities,activities,NNS,NN
5895,Peoples_Republic_of_Korea_1998,0,220,225,12.abolish,12abolish,CD,CD
5896,Peoples_Republic_of_Korea_1998,0,220,226,decisions,decisions,NNS,NN
5897,Peoples_Republic_of_Korea_1998,0,220,227,and,and,CC,CC
5898,Peoples_Republic_of_Korea_1998,0,220,228,directions,directions,NNS,NN
5899,Peoples_Republic_of_Korea_1998,0,220,229,by,by,IN,IN
5900,Peoples_Republic_of_Korea_1998,0,220,230,economic,economic,JJ,JJ
5901,Peoples_Republic_of_Korea_1998,0,220,231,administrative,administrative,JJ,JJ
5902,Peoples_Republic_of_Korea_1998,0,220,232,organs,organs,NNS,NN
5903,Peoples_Republic_of_Korea_1998,0,220,234,which,which,WDT,WD
5904,Peoples_Republic_of_Korea_1998,0,220,235,run,run,VBP,VB
5905,Peoples_Republic_of_Korea_1998,0,220,236,counter,counter,NN,NN
5906,Peoples_Republic_of_Korea_1998,0,220,237,to,to,TO,TO
5907,Peoples_Republic_of_Korea_1998,0,220,238,the,the,DT,DT
5908,Peoples_Republic_of_Korea_1998,0,220,239,Cabinet,cabinet,NNP,NN
5909,Peoples_Republic_of_Korea_1998,0,220,240,decisions,decisions,NNS,NN
5910,Peoples_Republic_of_Korea_1998,0,220,241,or,or,CC,CC
5911,Peoples_Republic_of_Korea_1998,0,220,242,directions,directions,NNS,NN
5912,Peoples_Republic_of_Korea_1998,0,220,244,Article,article,NNP,NN
5913,Peoples_Republic_of_Korea_1998,0,220,245,120,120,CD,CD
5914,Peoples_Republic_of_Korea_1998,0,220,246,Share,share,NNP,NN
5915,Peoples_Republic_of_Korea_1998,0,220,247,The,the,DT,DT
5916,Peoples_Republic_of_Korea_1998,0,220,248,Premier,premier,NNP,NN
5917,Peoples_Republic_of_Korea_1998,0,220,249,of,of,IN,IN
5918,Peoples_Republic_of_Korea_1998,0,220,250,the,the,DT,DT
5919,Peoples_Republic_of_Korea_1998,0,220,251,Cabinet,cabinet,NNP,NN
5920,Peoples_Republic_of_Korea_1998,0,220,252,organizes,organizes,NNS,NN
5921,Peoples_Republic_of_Korea_1998,0,220,253,and,and,CC,CC
5922,Peoples_Republic_of_Korea_1998,0,220,254,guides,guides,VBZ,VB
5923,Peoples_Republic_of_Korea_1998,0,220,255,the,the,DT,DT
5924,Peoples_Republic_of_Korea_1998,0,220,256,work,work,NN,NN
5925,Peoples_Republic_of_Korea_1998,0,220,257,of,of,IN,IN
5926,Peoples_Republic_of_Korea_1998,0,220,258,the,the,DT,DT
5927,Peoples_Republic_of_Korea_1998,0,220,259,Cabinet,cabinet,NNP,NN
5928,Peoples_Republic_of_Korea_1998,0,221,0,The,the,DT,DT
5929,Peoples_Republic_of_Korea_1998,0,221,1,Premier,premier,NNP,NN
5930,Peoples_Republic_of_Korea_1998,0,221,2,represents,represents,VBZ,VB
5931,Peoples_Republic_of_Korea_1998,0,221,3,the,the,DT,DT
5932,Peoples_Republic_of_Korea_1998,0,221,4,government,government,NN,NN
5933,Peoples_Republic_of_Korea_1998,0,221,5,of,of,IN,IN
5934,Peoples_Republic_of_Korea_1998,0,221,6,the,the,DT,DT
5935,Peoples_Republic_of_Korea_1998,0,221,7,DPRK,dprk,NNP,NN
5936,Peoples_Republic_of_Korea_1998,0,222,0,Article,article,NN,NN
5937,Peoples_Republic_of_Korea_1998,0,222,1,121,121,CD,CD
5938,Peoples_Republic_of_Korea_1998,0,222,2,Share,share,NNP,NN
5939,Peoples_Republic_of_Korea_1998,0,222,3,The,the,DT,DT
5940,Peoples_Republic_of_Korea_1998,0,222,4,Cabinet,cabinet,NNP,NN
5941,Peoples_Republic_of_Korea_1998,0,222,5,convenes,convenes,VBZ,VB
5942,Peoples_Republic_of_Korea_1998,0,222,6,a,a,DT,DT
5943,Peoples_Republic_of_Korea_1998,0,222,7,plenary,plenary,JJ,JJ
5944,Peoples_Republic_of_Korea_1998,0,222,8,meeting,meeting,NN,NN
5945,Peoples_Republic_of_Korea_1998,0,222,9,and,and,CC,CC
5946,Peoples_Republic_of_Korea_1998,0,222,10,an,an,DT,DT
5947,Peoples_Republic_of_Korea_1998,0,222,11,executive,executive,JJ,JJ
5948,Peoples_Republic_of_Korea_1998,0,222,12,meeting,meeting,NN,NN
5949,Peoples_Republic_of_Korea_1998,0,223,0,The,the,DT,DT
5950,Peoples_Republic_of_Korea_1998,0,223,1,plenary,plenary,JJ,JJ
5951,Peoples_Republic_of_Korea_1998,0,223,2,meeting,meeting,NN,NN
5952,Peoples_Republic_of_Korea_1998,0,223,3,consists,consists,NNS,NN
5953,Peoples_Republic_of_Korea_1998,0,223,4,of,of,IN,IN
5954,Peoples_Republic_of_Korea_1998,0,223,5,all,all,PDT,PD
5955,Peoples_Republic_of_Korea_1998,0,223,6,the,the,DT,DT
5956,Peoples_Republic_of_Korea_1998,0,223,7,Cabinet,cabinet,NNP,NN
5957,Peoples_Republic_of_Korea_1998,0,223,8,members,members,NNS,NN
5958,Peoples_Republic_of_Korea_1998,0,223,9,and,and,CC,CC
5959,Peoples_Republic_of_Korea_1998,0,223,10,the,the,DT,DT
5960,Peoples_Republic_of_Korea_1998,0,223,11,executive,executive,JJ,JJ
5961,Peoples_Republic_of_Korea_1998,0,223,12,meeting,meeting,NN,NN
5962,Peoples_Republic_of_Korea_1998,0,223,13,of,of,IN,IN
5963,Peoples_Republic_of_Korea_1998,0,223,14,the,the,DT,DT
5964,Peoples_Republic_of_Korea_1998,0,223,15,Premier,premier,NNP,NN
5965,Peoples_Republic_of_Korea_1998,0,223,17,vice,vice,NN,NN
5966,Peoples_Republic_of_Korea_1998,0,223,18,premier,premier,NN,NN
5967,Peoples_Republic_of_Korea_1998,0,223,19,and,and,CC,CC
5968,Peoples_Republic_of_Korea_1998,0,223,20,other,other,JJ,JJ
5969,Peoples_Republic_of_Korea_1998,0,223,21,Cabinet,cabinet,NNP,NN
5970,Peoples_Republic_of_Korea_1998,0,223,22,members,members,NNS,NN
5971,Peoples_Republic_of_Korea_1998,0,223,23,whom,whom,WP,WP
5972,Peoples_Republic_of_Korea_1998,0,223,24,the,the,DT,DT
5973,Peoples_Republic_of_Korea_1998,0,223,25,Premier,premier,NNP,NN
5974,Peoples_Republic_of_Korea_1998,0,223,26,nominates,nominates,NNS,NN
5975,Peoples_Republic_of_Korea_1998,0,224,0,Article,article,NN,NN
5976,Peoples_Republic_of_Korea_1998,0,224,1,122,122,CD,CD
5977,Peoples_Republic_of_Korea_1998,0,224,2,Share,share,NNP,NN
5978,Peoples_Republic_of_Korea_1998,0,224,3,The,the,DT,DT
5979,Peoples_Republic_of_Korea_1998,0,224,4,Cabinet,cabinet,NNP,NN
5980,Peoples_Republic_of_Korea_1998,0,224,5,plenary,plenary,JJ,JJ
5981,Peoples_Republic_of_Korea_1998,0,224,6,meeting,meeting,NN,NN
5982,Peoples_Republic_of_Korea_1998,0,224,7,deliberates,deliberates,NNS,NN
5983,Peoples_Republic_of_Korea_1998,0,224,8,on,on,IN,IN
5984,Peoples_Republic_of_Korea_1998,0,224,9,and,and,CC,CC
5985,Peoples_Republic_of_Korea_1998,0,224,10,adopts,adopts,VB,VB
5986,Peoples_Republic_of_Korea_1998,0,224,11,new,new,JJ,JJ
5987,Peoples_Republic_of_Korea_1998,0,224,12,and,and,CC,CC
5988,Peoples_Republic_of_Korea_1998,0,224,13,important,important,JJ,JJ
5989,Peoples_Republic_of_Korea_1998,0,224,14,issues,issues,NNS,NN
5990,Peoples_Republic_of_Korea_1998,0,224,15,in,in,IN,IN
5991,Peoples_Republic_of_Korea_1998,0,224,16,economic,economic,JJ,JJ
5992,Peoples_Republic_of_Korea_1998,0,224,17,administrative,administrative,JJ,JJ
5993,Peoples_Republic_of_Korea_1998,0,224,18,work,work,NN,NN
5994,Peoples_Republic_of_Korea_1998,0,225,0,Article,article,NN,NN
5995,Peoples_Republic_of_Korea_1998,0,225,1,123,123,CD,CD
5996,Peoples_Republic_of_Korea_1998,0,225,2,Share,share,NNP,NN
5997,Peoples_Republic_of_Korea_1998,0,225,3,The,the,DT,DT
5998,Peoples_Republic_of_Korea_1998,0,225,4,Cabinet,cabinet,NNP,NN
5999,Peoples_Republic_of_Korea_1998,0,225,5,adopts,adopts,NNS,NN
6000,Peoples_Republic_of_Korea_1998,0,225,6,decisions,decisions,NNS,NN
6001,Peoples_Republic_of_Korea_1998,0,225,7,and,and,CC,CC
6002,Peoples_Republic_of_Korea_1998,0,225,8,directions,directions,NNS,NN
6003,Peoples_Republic_of_Korea_1998,0,226,0,Article,article,NN,NN
6004,Peoples_Republic_of_Korea_1998,0,226,1,124,124,CD,CD
6005,Peoples_Republic_of_Korea_1998,0,226,2,Share,share,NNP,NN
6006,Peoples_Republic_of_Korea_1998,0,226,3,The,the,DT,DT
6007,Peoples_Republic_of_Korea_1998,0,226,4,Cabinet,cabinet,NNP,NN
6008,Peoples_Republic_of_Korea_1998,0,226,5,may,may,MD,MD
6009,Peoples_Republic_of_Korea_1998,0,226,6,set,set,VB,VB
6010,Peoples_Republic_of_Korea_1998,0,226,7,up,up,RP,RP
6011,Peoples_Republic_of_Korea_1998,0,226,8,non-permanent,nonpermanent,JJ,JJ
6012,Peoples_Republic_of_Korea_1998,0,226,9,departmental,departmental,NN,NN
6013,Peoples_Republic_of_Korea_1998,0,226,10,committees,committees,NNS,NN
6014,Peoples_Republic_of_Korea_1998,0,226,11,which,which,WDT,WD
6015,Peoples_Republic_of_Korea_1998,0,226,12,assist,assist,VBP,VB
6016,Peoples_Republic_of_Korea_1998,0,226,13,in,in,IN,IN
6017,Peoples_Republic_of_Korea_1998,0,226,14,its,its,PRP$,PR
6018,Peoples_Republic_of_Korea_1998,0,226,15,works,works,NNS,NN
6019,Peoples_Republic_of_Korea_1998,0,227,0,Article,article,NN,NN
6020,Peoples_Republic_of_Korea_1998,0,227,1,125,125,CD,CD
6021,Peoples_Republic_of_Korea_1998,0,227,2,Share,share,NNP,NN
6022,Peoples_Republic_of_Korea_1998,0,227,3,The,the,DT,DT
6023,Peoples_Republic_of_Korea_1998,0,227,4,Cabinet,cabinet,NNP,NN
6024,Peoples_Republic_of_Korea_1998,0,227,5,is,is,VBZ,VB
6025,Peoples_Republic_of_Korea_1998,0,227,6,accountable,accountable,JJ,JJ
6026,Peoples_Republic_of_Korea_1998,0,227,7,to,to,TO,TO
6027,Peoples_Republic_of_Korea_1998,0,227,8,the,the,DT,DT
6028,Peoples_Republic_of_Korea_1998,0,227,9,SPA,spa,NNP,NN
6029,Peoples_Republic_of_Korea_1998,0,227,11,and,and,CC,CC
6030,Peoples_Republic_of_Korea_1998,0,227,12,to,to,TO,TO
6031,Peoples_Republic_of_Korea_1998,0,227,13,the,the,DT,DT
6032,Peoples_Republic_of_Korea_1998,0,227,14,SPA,spa,NNP,NN
6033,Peoples_Republic_of_Korea_1998,0,227,15,Presidium,presidium,NNP,NN
6034,Peoples_Republic_of_Korea_1998,0,227,16,when,when,WRB,WR
6035,Peoples_Republic_of_Korea_1998,0,227,17,the,the,DT,DT
6036,Peoples_Republic_of_Korea_1998,0,227,18,SPA,spa,NNP,NN
6037,Peoples_Republic_of_Korea_1998,0,227,19,is,is,VBZ,VB
6038,Peoples_Republic_of_Korea_1998,0,227,20,in,in,IN,IN
6039,Peoples_Republic_of_Korea_1998,0,227,21,recess,recess,NN,NN
6040,Peoples_Republic_of_Korea_1998,0,228,0,Article,article,NN,NN
6041,Peoples_Republic_of_Korea_1998,0,228,1,126,126,CD,CD
6042,Peoples_Republic_of_Korea_1998,0,228,2,Share,share,NNP,NN
6043,Peoples_Republic_of_Korea_1998,0,228,3,The,the,DT,DT
6044,Peoples_Republic_of_Korea_1998,0,228,4,newly,newly,RB,RB
6045,Peoples_Republic_of_Korea_1998,0,228,5,elected,elected,VBN,VB
6046,Peoples_Republic_of_Korea_1998,0,228,6,Premier,premier,NNP,NN
6047,Peoples_Republic_of_Korea_1998,0,228,7,of,of,IN,IN
6048,Peoples_Republic_of_Korea_1998,0,228,8,the,the,DT,DT
6049,Peoples_Republic_of_Korea_1998,0,228,9,Cabinet,cabinet,NNP,NN
6050,Peoples_Republic_of_Korea_1998,0,228,10,makes,makes,VBZ,VB
6051,Peoples_Republic_of_Korea_1998,0,228,11,an,an,DT,DT
6052,Peoples_Republic_of_Korea_1998,0,228,12,oath,oath,NN,NN
6053,Peoples_Republic_of_Korea_1998,0,228,13,in,in,IN,IN
6054,Peoples_Republic_of_Korea_1998,0,228,14,the,the,DT,DT
6055,Peoples_Republic_of_Korea_1998,0,228,15,SPA,spa,NNP,NN
6056,Peoples_Republic_of_Korea_1998,0,228,17,representing,representing,VBG,VB
6057,Peoples_Republic_of_Korea_1998,0,228,18,Cabinet,cabinet,NNP,NN
6058,Peoples_Republic_of_Korea_1998,0,228,19,members,members,NNS,NN
6059,Peoples_Republic_of_Korea_1998,0,229,0,Article,article,NN,NN
6060,Peoples_Republic_of_Korea_1998,0,229,1,127,127,CD,CD
6061,Peoples_Republic_of_Korea_1998,0,229,2,Share,share,NNP,NN
6062,Peoples_Republic_of_Korea_1998,0,229,3,The,the,DT,DT
6063,Peoples_Republic_of_Korea_1998,0,229,4,Cabinet,cabinet,NNP,NN
6064,Peoples_Republic_of_Korea_1998,0,229,5,commission,commission,NN,NN
6065,Peoples_Republic_of_Korea_1998,0,229,6,and,and,CC,CC
6066,Peoples_Republic_of_Korea_1998,0,229,7,ministries,ministries,NNS,NN
6067,Peoples_Republic_of_Korea_1998,0,229,8,are,are,VBP,VB
6068,Peoples_Republic_of_Korea_1998,0,229,9,departmental,departmental,JJ,JJ
6069,Peoples_Republic_of_Korea_1998,0,229,10,executive,executive,NN,NN
6070,Peoples_Republic_of_Korea_1998,0,229,11,organs,organs,NNS,NN
6071,Peoples_Republic_of_Korea_1998,0,229,13,and,and,CC,CC
6072,Peoples_Republic_of_Korea_1998,0,229,14,departmental,departmental,JJ,JJ
6073,Peoples_Republic_of_Korea_1998,0,229,15,management,management,NN,NN
6074,Peoples_Republic_of_Korea_1998,0,229,16,organs,organs,NNS,NN
6075,Peoples_Republic_of_Korea_1998,0,230,0,Article,article,NN,NN
6076,Peoples_Republic_of_Korea_1998,0,230,1,128,128,CD,CD
6077,Peoples_Republic_of_Korea_1998,0,230,2,Share,share,NNP,NN
6078,Peoples_Republic_of_Korea_1998,0,230,3,The,the,DT,DT
6079,Peoples_Republic_of_Korea_1998,0,230,4,Cabinet,cabinet,NNP,NN
6080,Peoples_Republic_of_Korea_1998,0,230,5,commissions,commissions,NNS,NN
6081,Peoples_Republic_of_Korea_1998,0,230,6,and,and,CC,CC
6082,Peoples_Republic_of_Korea_1998,0,230,7,ministries,ministries,NNS,NN
6083,Peoples_Republic_of_Korea_1998,0,230,8,grasp,grasp,VBP,VB
6084,Peoples_Republic_of_Korea_1998,0,230,10,guide,guide,NN,NN
6085,Peoples_Republic_of_Korea_1998,0,230,11,and,and,CC,CC
6086,Peoples_Republic_of_Korea_1998,0,230,12,manage,manage,VB,VB
6087,Peoples_Republic_of_Korea_1998,0,230,13,the,the,DT,DT
6088,Peoples_Republic_of_Korea_1998,0,230,14,work,work,NN,NN
6089,Peoples_Republic_of_Korea_1998,0,230,15,in,in,IN,IN
6090,Peoples_Republic_of_Korea_1998,0,230,16,charge,charge,NN,NN
6091,Peoples_Republic_of_Korea_1998,0,230,18,under,under,IN,IN
6092,Peoples_Republic_of_Korea_1998,0,230,19,the,the,DT,DT
6093,Peoples_Republic_of_Korea_1998,0,230,20,guidance,guidance,NN,NN
6094,Peoples_Republic_of_Korea_1998,0,230,21,of,of,IN,IN
6095,Peoples_Republic_of_Korea_1998,0,230,22,the,the,DT,DT
6096,Peoples_Republic_of_Korea_1998,0,230,23,Cabinet,cabinet,NNP,NN
6097,Peoples_Republic_of_Korea_1998,0,231,0,Article,article,NN,NN
6098,Peoples_Republic_of_Korea_1998,0,231,1,129,129,CD,CD
6099,Peoples_Republic_of_Korea_1998,0,231,2,Share,share,NNP,NN
6100,Peoples_Republic_of_Korea_1998,0,231,3,The,the,DT,DT
6101,Peoples_Republic_of_Korea_1998,0,231,4,Cabinet,cabinet,NNP,NN
6102,Peoples_Republic_of_Korea_1998,0,231,5,commissions,commissions,NNS,NN
6103,Peoples_Republic_of_Korea_1998,0,231,6,and,and,CC,CC
6104,Peoples_Republic_of_Korea_1998,0,231,7,ministries,ministries,NNS,NN
6105,Peoples_Republic_of_Korea_1998,0,231,8,manage,manage,VBP,VB
6106,Peoples_Republic_of_Korea_1998,0,231,9,committee,committee,NN,NN
6107,Peoples_Republic_of_Korea_1998,0,231,10,assemblies,assemblies,NNS,NN
6108,Peoples_Republic_of_Korea_1998,0,231,11,and,and,CC,CC
6109,Peoples_Republic_of_Korea_1998,0,231,12,cadres,cadres,NNS,NN
6110,Peoples_Republic_of_Korea_1998,0,231,13,assemblies,assemblies,NNS,NN
6111,Peoples_Republic_of_Korea_1998,0,232,0,Commission,commission,NNP,NN
6112,Peoples_Republic_of_Korea_1998,0,232,1,and,and,CC,CC
6113,Peoples_Republic_of_Korea_1998,0,232,2,ministry,ministry,NN,NN
6114,Peoples_Republic_of_Korea_1998,0,232,3,committee,committee,NN,NN
6115,Peoples_Republic_of_Korea_1998,0,232,4,assemblies,assemblies,NNS,NN
6116,Peoples_Republic_of_Korea_1998,0,232,5,and,and,CC,CC
6117,Peoples_Republic_of_Korea_1998,0,232,6,cadres,cadres,NNS,NN
6118,Peoples_Republic_of_Korea_1998,0,232,7,assemblies,assemblies,NNS,NN
6119,Peoples_Republic_of_Korea_1998,0,232,8,deliberate,deliberate,VBP,VB
6120,Peoples_Republic_of_Korea_1998,0,232,9,on,on,IN,IN
6121,Peoples_Republic_of_Korea_1998,0,232,10,and,and,CC,CC
6122,Peoples_Republic_of_Korea_1998,0,232,11,adopt,adopt,VB,VB
6123,Peoples_Republic_of_Korea_1998,0,232,12,measures,measures,NNS,NN
6124,Peoples_Republic_of_Korea_1998,0,232,13,to,to,TO,TO
6125,Peoples_Republic_of_Korea_1998,0,232,14,exercise,exercise,VB,VB
6126,Peoples_Republic_of_Korea_1998,0,232,15,Cabinet,cabinet,NNP,NN
6127,Peoples_Republic_of_Korea_1998,0,232,16,decisions,decisions,NNS,NN
6128,Peoples_Republic_of_Korea_1998,0,232,18,and,and,CC,CC
6129,Peoples_Republic_of_Korea_1998,0,232,19,directions,directions,NNS,NN
6130,Peoples_Republic_of_Korea_1998,0,232,20,and,and,CC,CC
6131,Peoples_Republic_of_Korea_1998,0,232,21,other,other,JJ,JJ
6132,Peoples_Republic_of_Korea_1998,0,232,22,important,important,JJ,JJ
6133,Peoples_Republic_of_Korea_1998,0,232,23,issues,issues,NNS,NN
6134,Peoples_Republic_of_Korea_1998,0,233,0,Article,article,NN,NN
6135,Peoples_Republic_of_Korea_1998,0,233,1,130,130,CD,CD
6136,Peoples_Republic_of_Korea_1998,0,233,2,Share,share,NNP,NN
6137,Peoples_Republic_of_Korea_1998,0,233,3,The,the,DT,DT
6138,Peoples_Republic_of_Korea_1998,0,233,4,Cabinet,cabinet,NNP,NN
6139,Peoples_Republic_of_Korea_1998,0,233,5,commissions,commissions,NNS,NN
6140,Peoples_Republic_of_Korea_1998,0,233,6,and,and,CC,CC
6141,Peoples_Republic_of_Korea_1998,0,233,7,ministries,ministries,NNS,NN
6142,Peoples_Republic_of_Korea_1998,0,233,8,issue,issue,NN,NN
6143,Peoples_Republic_of_Korea_1998,0,233,9,directions,directions,NNS,NN
6144,Peoples_Republic_of_Korea_1998,0,234,0,Section,section,NN,NN
6145,Peoples_Republic_of_Korea_1998,0,234,1,V.,v,NNP,NN
6146,Peoples_Republic_of_Korea_1998,0,234,2,Local,local,NNP,NN
6147,Peoples_Republic_of_Korea_1998,0,234,3,People,people,NNP,NN
6148,Peoples_Republic_of_Korea_1998,0,234,4,'s,s,POS,PO
6149,Peoples_Republic_of_Korea_1998,0,234,5,Assembly,assembly,NNP,NN
6150,Peoples_Republic_of_Korea_1998,0,234,6,Share,share,NNP,NN
6151,Peoples_Republic_of_Korea_1998,0,234,7,Article,article,NNP,NN
6152,Peoples_Republic_of_Korea_1998,0,234,8,131,131,CD,CD
6153,Peoples_Republic_of_Korea_1998,0,234,9,Share,share,NNP,NN
6154,Peoples_Republic_of_Korea_1998,0,234,10,Provincial,provincial,NNP,NN
6155,Peoples_Republic_of_Korea_1998,0,234,12,or,or,CC,CC
6156,Peoples_Republic_of_Korea_1998,0,234,13,municipality,municipality,NN,NN
6157,Peoples_Republic_of_Korea_1998,0,234,14,directly,directly,RB,RB
6158,Peoples_Republic_of_Korea_1998,0,234,15,under,under,IN,IN
6159,Peoples_Republic_of_Korea_1998,0,234,16,the,the,DT,DT
6160,Peoples_Republic_of_Korea_1998,0,234,17,central,central,JJ,JJ
6161,Peoples_Republic_of_Korea_1998,0,234,18,authority,authority,NN,NN
6162,Peoples_Republic_of_Korea_1998,0,234,21,municipal,municipal,JJ,JJ
6163,Peoples_Republic_of_Korea_1998,0,234,23,district,district,NN,NN
6164,Peoples_Republic_of_Korea_1998,0,234,26,and,and,CC,CC
6165,Peoples_Republic_of_Korea_1998,0,234,27,county,county,VB,VB
6166,Peoples_Republic_of_Korea_1998,0,234,28,local,local,JJ,JJ
6167,Peoples_Republic_of_Korea_1998,0,234,29,people,people,NNS,NN
6168,Peoples_Republic_of_Korea_1998,0,234,31,s,s,JJ,JJ
6169,Peoples_Republic_of_Korea_1998,0,234,32,assemblies,assemblies,NNS,NN
6170,Peoples_Republic_of_Korea_1998,0,234,33,are,are,VBP,VB
6171,Peoples_Republic_of_Korea_1998,0,234,34,local,local,JJ,JJ
6172,Peoples_Republic_of_Korea_1998,0,234,35,sovereign,sovereign,JJ,JJ
6173,Peoples_Republic_of_Korea_1998,0,234,36,power,power,NN,NN
6174,Peoples_Republic_of_Korea_1998,0,234,37,organs,organs,NNS,NN
6175,Peoples_Republic_of_Korea_1998,0,235,0,Article,article,NN,NN
6176,Peoples_Republic_of_Korea_1998,0,235,1,132,132,CD,CD
6177,Peoples_Republic_of_Korea_1998,0,235,2,Share,share,NNP,NN
6178,Peoples_Republic_of_Korea_1998,0,235,3,The,the,DT,DT
6179,Peoples_Republic_of_Korea_1998,0,235,4,LPA,lpa,NNP,NN
6180,Peoples_Republic_of_Korea_1998,0,235,5,consists,consists,NNS,NN
6181,Peoples_Republic_of_Korea_1998,0,235,6,of,of,IN,IN
6182,Peoples_Republic_of_Korea_1998,0,235,7,deputies,deputies,NNS,NN
6183,Peoples_Republic_of_Korea_1998,0,235,8,elected,elected,VBN,VB
6184,Peoples_Republic_of_Korea_1998,0,235,9,on,on,IN,IN
6185,Peoples_Republic_of_Korea_1998,0,235,10,the,the,DT,DT
6186,Peoples_Republic_of_Korea_1998,0,235,11,principle,principle,NN,NN
6187,Peoples_Republic_of_Korea_1998,0,235,12,of,of,IN,IN
6188,Peoples_Republic_of_Korea_1998,0,235,13,universal,universal,JJ,JJ
6189,Peoples_Republic_of_Korea_1998,0,235,15,equal,equal,JJ,JJ
6190,Peoples_Republic_of_Korea_1998,0,235,16,and,and,CC,CC
6191,Peoples_Republic_of_Korea_1998,0,235,17,direct,direct,JJ,JJ
6192,Peoples_Republic_of_Korea_1998,0,235,18,suffrage,suffrage,NN,NN
6193,Peoples_Republic_of_Korea_1998,0,235,19,by,by,IN,IN
6194,Peoples_Republic_of_Korea_1998,0,235,20,secret,secret,JJ,JJ
6195,Peoples_Republic_of_Korea_1998,0,235,21,ballot,ballot,NN,NN
6196,Peoples_Republic_of_Korea_1998,0,236,0,Article,article,NN,NN
6197,Peoples_Republic_of_Korea_1998,0,236,1,133,133,CD,CD
6198,Peoples_Republic_of_Korea_1998,0,236,2,Share,share,NNP,NN
6199,Peoples_Republic_of_Korea_1998,0,236,3,The,the,DT,DT
6200,Peoples_Republic_of_Korea_1998,0,236,4,term,term,NN,NN
6201,Peoples_Republic_of_Korea_1998,0,236,5,of,of,IN,IN
6202,Peoples_Republic_of_Korea_1998,0,236,6,provincial,provincial,JJ,JJ
6203,Peoples_Republic_of_Korea_1998,0,236,8,or,or,CC,CC
6204,Peoples_Republic_of_Korea_1998,0,236,9,municipality,municipality,NN,NN
6205,Peoples_Republic_of_Korea_1998,0,236,10,directly,directly,RB,RB
6206,Peoples_Republic_of_Korea_1998,0,236,11,under,under,IN,IN
6207,Peoples_Republic_of_Korea_1998,0,236,12,the,the,DT,DT
6208,Peoples_Republic_of_Korea_1998,0,236,13,central,central,JJ,JJ
6209,Peoples_Republic_of_Korea_1998,0,236,14,authority,authority,NN,NN
6210,Peoples_Republic_of_Korea_1998,0,236,17,municipal,municipal,JJ,JJ
6211,Peoples_Republic_of_Korea_1998,0,236,19,district,district,NN,NN
6212,Peoples_Republic_of_Korea_1998,0,236,22,and,and,CC,CC
6213,Peoples_Republic_of_Korea_1998,0,236,23,county,county,VB,VB
6214,Peoples_Republic_of_Korea_1998,0,236,24,local,local,JJ,JJ
6215,Peoples_Republic_of_Korea_1998,0,236,25,people,people,NNS,NN
6216,Peoples_Republic_of_Korea_1998,0,236,27,s,s,JJ,JJ
6217,Peoples_Republic_of_Korea_1998,0,236,28,assemblies,assemblies,NNS,NN
6218,Peoples_Republic_of_Korea_1998,0,236,29,are,are,VBP,VB
6219,Peoples_Republic_of_Korea_1998,0,236,30,four,four,CD,CD
6220,Peoples_Republic_of_Korea_1998,0,236,31,years,years,NNS,NN
6221,Peoples_Republic_of_Korea_1998,0,237,0,A,a,DT,DT
6222,Peoples_Republic_of_Korea_1998,0,237,1,new,new,JJ,JJ
6223,Peoples_Republic_of_Korea_1998,0,237,2,election,election,NN,NN
6224,Peoples_Republic_of_Korea_1998,0,237,3,of,of,IN,IN
6225,Peoples_Republic_of_Korea_1998,0,237,4,the,the,DT,DT
6226,Peoples_Republic_of_Korea_1998,0,237,5,LPA,lpa,NNP,NN
6227,Peoples_Republic_of_Korea_1998,0,237,6,is,is,VBZ,VB
6228,Peoples_Republic_of_Korea_1998,0,237,7,held,held,VBN,VB
6229,Peoples_Republic_of_Korea_1998,0,237,8,according,according,VBG,VB
6230,Peoples_Republic_of_Korea_1998,0,237,9,to,to,TO,TO
6231,Peoples_Republic_of_Korea_1998,0,237,10,a,a,DT,DT
6232,Peoples_Republic_of_Korea_1998,0,237,11,decision,decision,NN,NN
6233,Peoples_Republic_of_Korea_1998,0,237,12,of,of,IN,IN
6234,Peoples_Republic_of_Korea_1998,0,237,13,a,a,DT,DT
6235,Peoples_Republic_of_Korea_1998,0,237,14,Local,local,JJ,JJ
6236,Peoples_Republic_of_Korea_1998,0,237,15,People,people,NNP,NN
6237,Peoples_Republic_of_Korea_1998,0,237,17,s,s,JJ,JJ
6238,Peoples_Republic_of_Korea_1998,0,237,18,Committee,committee,NNP,NN
6239,Peoples_Republic_of_Korea_1998,0,237,20,LPC,lpc,NNP,NN
6240,Peoples_Republic_of_Korea_1998,0,237,22,at,at,IN,IN
6241,Peoples_Republic_of_Korea_1998,0,237,23,the,the,DT,DT
6242,Peoples_Republic_of_Korea_1998,0,237,24,corresponding,corresponding,JJ,JJ
6243,Peoples_Republic_of_Korea_1998,0,237,25,level,level,NN,NN
6244,Peoples_Republic_of_Korea_1998,0,237,26,before,before,IN,IN
6245,Peoples_Republic_of_Korea_1998,0,237,27,the,the,DT,DT
6246,Peoples_Republic_of_Korea_1998,0,237,28,LPA,lpa,NNP,NN
6247,Peoples_Republic_of_Korea_1998,0,237,30,s,s,JJ,JJ
6248,Peoples_Republic_of_Korea_1998,0,237,31,term,term,NN,NN
6249,Peoples_Republic_of_Korea_1998,0,237,32,expires,expires,VBZ,VB
6250,Peoples_Republic_of_Korea_1998,0,238,0,Article,article,NN,NN
6251,Peoples_Republic_of_Korea_1998,0,238,1,134,134,CD,CD
6252,Peoples_Republic_of_Korea_1998,0,238,2,Share,share,NNP,NN
6253,Peoples_Republic_of_Korea_1998,0,238,3,The,the,DT,DT
6254,Peoples_Republic_of_Korea_1998,0,238,4,LPA,lpa,NNP,NN
6255,Peoples_Republic_of_Korea_1998,0,238,5,has,has,VBZ,VB
6256,Peoples_Republic_of_Korea_1998,0,238,6,the,the,DT,DT
6257,Peoples_Republic_of_Korea_1998,0,238,7,duties,duties,NNS,NN
6258,Peoples_Republic_of_Korea_1998,0,238,8,and,and,CC,CC
6259,Peoples_Republic_of_Korea_1998,0,238,9,authority,authority,NN,NN
6260,Peoples_Republic_of_Korea_1998,0,238,10,to,to,TO,TO
6261,Peoples_Republic_of_Korea_1998,0,238,12,1.deliberate,1deliberate,CD,CD
6262,Peoples_Republic_of_Korea_1998,0,238,13,on,on,IN,IN
6263,Peoples_Republic_of_Korea_1998,0,238,14,and,and,CC,CC
6264,Peoples_Republic_of_Korea_1998,0,238,15,approve,approve,VB,VB
6265,Peoples_Republic_of_Korea_1998,0,238,16,a,a,DT,DT
6266,Peoples_Republic_of_Korea_1998,0,238,17,report,report,NN,NN
6267,Peoples_Republic_of_Korea_1998,0,238,18,on,on,IN,IN
6268,Peoples_Republic_of_Korea_1998,0,238,19,local,local,JJ,JJ
6269,Peoples_Republic_of_Korea_1998,0,238,20,plans,plans,NNS,NN
6270,Peoples_Republic_of_Korea_1998,0,238,21,for,for,IN,IN
6271,Peoples_Republic_of_Korea_1998,0,238,22,the,the,DT,DT
6272,Peoples_Republic_of_Korea_1998,0,238,23,development,development,NN,NN
6273,Peoples_Republic_of_Korea_1998,0,238,24,of,of,IN,IN
6274,Peoples_Republic_of_Korea_1998,0,238,25,the,the,DT,DT
6275,Peoples_Republic_of_Korea_1998,0,238,26,national,national,JJ,JJ
6276,Peoples_Republic_of_Korea_1998,0,238,27,economy,economy,NN,NN
6277,Peoples_Republic_of_Korea_1998,0,238,29,and,and,CC,CC
6278,Peoples_Republic_of_Korea_1998,0,238,30,their,their,PRP$,PR
6279,Peoples_Republic_of_Korea_1998,0,238,31,implementation,implementation,NN,NN
6280,Peoples_Republic_of_Korea_1998,0,238,33,2.deliberate,2deliberate,CD,CD
6281,Peoples_Republic_of_Korea_1998,0,238,34,on,on,IN,IN
6282,Peoples_Republic_of_Korea_1998,0,238,35,and,and,CC,CC
6283,Peoples_Republic_of_Korea_1998,0,238,36,approve,approve,VB,VB
6284,Peoples_Republic_of_Korea_1998,0,238,37,a,a,DT,DT
6285,Peoples_Republic_of_Korea_1998,0,238,38,report,report,NN,NN
6286,Peoples_Republic_of_Korea_1998,0,238,39,on,on,IN,IN
6287,Peoples_Republic_of_Korea_1998,0,238,40,a,a,DT,DT
6288,Peoples_Republic_of_Korea_1998,0,238,41,local,local,JJ,JJ
6289,Peoples_Republic_of_Korea_1998,0,238,42,budget,budget,NN,NN
6290,Peoples_Republic_of_Korea_1998,0,238,43,and,and,CC,CC
6291,Peoples_Republic_of_Korea_1998,0,238,44,its,its,PRP$,PR
6292,Peoples_Republic_of_Korea_1998,0,238,45,execution,execution,NN,NN
6293,Peoples_Republic_of_Korea_1998,0,238,47,3.adopt,3adopt,CD,CD
6294,Peoples_Republic_of_Korea_1998,0,238,48,measures,measures,NNS,NN
6295,Peoples_Republic_of_Korea_1998,0,238,49,to,to,TO,TO
6296,Peoples_Republic_of_Korea_1998,0,238,50,exercise,exercise,VB,VB
6297,Peoples_Republic_of_Korea_1998,0,238,51,State,state,NNP,NN
6298,Peoples_Republic_of_Korea_1998,0,238,52,laws,laws,NNS,NN
6299,Peoples_Republic_of_Korea_1998,0,238,53,in,in,IN,IN
6300,Peoples_Republic_of_Korea_1998,0,238,54,the,the,DT,DT
6301,Peoples_Republic_of_Korea_1998,0,238,55,area,area,NN,NN
6302,Peoples_Republic_of_Korea_1998,0,238,56,concerned,concerned,VBD,VB
6303,Peoples_Republic_of_Korea_1998,0,238,58,4.elect,4elect,CD,CD
6304,Peoples_Republic_of_Korea_1998,0,238,59,or,or,CC,CC
6305,Peoples_Republic_of_Korea_1998,0,238,60,recall,recall,VB,VB
6306,Peoples_Republic_of_Korea_1998,0,238,61,the,the,DT,DT
6307,Peoples_Republic_of_Korea_1998,0,238,62,chairman,chairman,NN,NN
6308,Peoples_Republic_of_Korea_1998,0,238,64,vice,vice,NN,NN
6309,Peoples_Republic_of_Korea_1998,0,238,65,chairmen,chairmen,NNS,NN
6310,Peoples_Republic_of_Korea_1998,0,238,67,secretary,secretary,NN,NN
6311,Peoples_Republic_of_Korea_1998,0,238,68,of,of,IN,IN
6312,Peoples_Republic_of_Korea_1998,0,238,69,the,the,DT,DT
6313,Peoples_Republic_of_Korea_1998,0,238,70,people,people,NNS,NN
6314,Peoples_Republic_of_Korea_1998,0,238,72,s,s,JJ,JJ
6315,Peoples_Republic_of_Korea_1998,0,238,73,committee,committee,NN,NN
6316,Peoples_Republic_of_Korea_1998,0,238,74,at,at,IN,IN
6317,Peoples_Republic_of_Korea_1998,0,238,75,the,the,DT,DT
6318,Peoples_Republic_of_Korea_1998,0,238,76,corresponding,corresponding,JJ,JJ
6319,Peoples_Republic_of_Korea_1998,0,238,77,level,level,NN,NN
6320,Peoples_Republic_of_Korea_1998,0,238,79,5.elect,5elect,CD,CD
6321,Peoples_Republic_of_Korea_1998,0,238,80,or,or,CC,CC
6322,Peoples_Republic_of_Korea_1998,0,238,81,recall,recall,JJ,JJ
6323,Peoples_Republic_of_Korea_1998,0,238,82,judges,judges,NNS,NN
6324,Peoples_Republic_of_Korea_1998,0,238,83,of,of,IN,IN
6325,Peoples_Republic_of_Korea_1998,0,238,84,a,a,DT,DT
6326,Peoples_Republic_of_Korea_1998,0,238,85,court,court,NN,NN
6327,Peoples_Republic_of_Korea_1998,0,238,86,and,and,CC,CC
6328,Peoples_Republic_of_Korea_1998,0,238,87,people,people,NNS,NN
6329,Peoples_Republic_of_Korea_1998,0,238,89,s,s,JJ,JJ
6330,Peoples_Republic_of_Korea_1998,0,238,90,assessors,assessors,NNS,NN
6331,Peoples_Republic_of_Korea_1998,0,238,92,6.abolish,6abolish,CD,CD
6332,Peoples_Republic_of_Korea_1998,0,238,93,unwarranted,unwarranted,JJ,JJ
6333,Peoples_Republic_of_Korea_1998,0,238,94,decisions,decisions,NNS,NN
6334,Peoples_Republic_of_Korea_1998,0,238,95,and,and,CC,CC
6335,Peoples_Republic_of_Korea_1998,0,238,96,directions,directions,NNS,NN
6336,Peoples_Republic_of_Korea_1998,0,238,97,adopted,adopted,VBN,VB
6337,Peoples_Republic_of_Korea_1998,0,238,98,by,by,IN,IN
6338,Peoples_Republic_of_Korea_1998,0,238,99,a,a,DT,DT
6339,Peoples_Republic_of_Korea_1998,0,238,100,people,people,NNS,NN
6340,Peoples_Republic_of_Korea_1998,0,238,102,s,s,JJ,JJ
6341,Peoples_Republic_of_Korea_1998,0,238,103,committee,committee,NN,NN
6342,Peoples_Republic_of_Korea_1998,0,238,105,and,and,CC,CC
6343,Peoples_Republic_of_Korea_1998,0,238,106,a,a,DT,DT
6344,Peoples_Republic_of_Korea_1998,0,238,107,lower,lower,JJR,JJ
6345,Peoples_Republic_of_Korea_1998,0,238,108,people,people,NNS,NN
6346,Peoples_Republic_of_Korea_1998,0,238,110,s,s,JJ,JJ
6347,Peoples_Republic_of_Korea_1998,0,238,111,assembly,assembly,NN,NN
6348,Peoples_Republic_of_Korea_1998,0,239,0,Article,article,NN,NN
6349,Peoples_Republic_of_Korea_1998,0,239,1,135,135,CD,CD
6350,Peoples_Republic_of_Korea_1998,0,239,2,Share,share,NNP,NN
6351,Peoples_Republic_of_Korea_1998,0,239,3,The,the,DT,DT
6352,Peoples_Republic_of_Korea_1998,0,239,4,LPA,lpa,NNP,NN
6353,Peoples_Republic_of_Korea_1998,0,239,5,convenes,convenes,VBZ,VB
6354,Peoples_Republic_of_Korea_1998,0,239,6,a,a,DT,DT
6355,Peoples_Republic_of_Korea_1998,0,239,7,regular,regular,JJ,JJ
6356,Peoples_Republic_of_Korea_1998,0,239,8,assembly,assembly,NN,NN
6357,Peoples_Republic_of_Korea_1998,0,239,9,and,and,CC,CC
6358,Peoples_Republic_of_Korea_1998,0,239,10,an,an,DT,DT
6359,Peoples_Republic_of_Korea_1998,0,239,11,extraordinary,extraordinary,JJ,JJ
6360,Peoples_Republic_of_Korea_1998,0,239,12,assembly,assembly,NN,NN
6361,Peoples_Republic_of_Korea_1998,0,240,0,The,the,DT,DT
6362,Peoples_Republic_of_Korea_1998,0,240,1,regular,regular,JJ,JJ
6363,Peoples_Republic_of_Korea_1998,0,240,2,assembly,assembly,NN,NN
6364,Peoples_Republic_of_Korea_1998,0,240,3,is,is,VBZ,VB
6365,Peoples_Republic_of_Korea_1998,0,240,4,convened,convened,VBN,VB
6366,Peoples_Republic_of_Korea_1998,0,240,5,once,once,RB,RB
6367,Peoples_Republic_of_Korea_1998,0,240,6,or,or,CC,CC
6368,Peoples_Republic_of_Korea_1998,0,240,7,twice,twice,RB,RB
6369,Peoples_Republic_of_Korea_1998,0,240,8,in,in,IN,IN
6370,Peoples_Republic_of_Korea_1998,0,240,9,a,a,DT,DT
6371,Peoples_Republic_of_Korea_1998,0,240,10,year,year,NN,NN
6372,Peoples_Republic_of_Korea_1998,0,240,11,by,by,IN,IN
6373,Peoples_Republic_of_Korea_1998,0,240,12,an,an,DT,DT
6374,Peoples_Republic_of_Korea_1998,0,240,13,LPC,lpc,NNP,NN
6375,Peoples_Republic_of_Korea_1998,0,240,14,at,at,IN,IN
6376,Peoples_Republic_of_Korea_1998,0,240,15,the,the,DT,DT
6377,Peoples_Republic_of_Korea_1998,0,240,16,corresponding,corresponding,JJ,JJ
6378,Peoples_Republic_of_Korea_1998,0,240,17,level,level,NN,NN
6379,Peoples_Republic_of_Korea_1998,0,241,0,The,the,DT,DT
6380,Peoples_Republic_of_Korea_1998,0,241,1,extraordinary,extraordinary,JJ,JJ
6381,Peoples_Republic_of_Korea_1998,0,241,2,assembly,assembly,NN,NN
6382,Peoples_Republic_of_Korea_1998,0,241,3,is,is,VBZ,VB
6383,Peoples_Republic_of_Korea_1998,0,241,4,held,held,VBN,VB
6384,Peoples_Republic_of_Korea_1998,0,241,5,when,when,WRB,WR
6385,Peoples_Republic_of_Korea_1998,0,241,6,the,the,DT,DT
6386,Peoples_Republic_of_Korea_1998,0,241,7,people,people,NNS,NN
6387,Peoples_Republic_of_Korea_1998,0,241,9,s,s,JJ,JJ
6388,Peoples_Republic_of_Korea_1998,0,241,10,committee,committee,NN,NN
6389,Peoples_Republic_of_Korea_1998,0,241,11,at,at,IN,IN
6390,Peoples_Republic_of_Korea_1998,0,241,12,the,the,DT,DT
6391,Peoples_Republic_of_Korea_1998,0,241,13,corresponding,corresponding,JJ,JJ
6392,Peoples_Republic_of_Korea_1998,0,241,14,level,level,NN,NN
6393,Peoples_Republic_of_Korea_1998,0,241,15,deems,deems,VBZ,VB
6394,Peoples_Republic_of_Korea_1998,0,241,16,it,it,PRP,PR
6395,Peoples_Republic_of_Korea_1998,0,241,17,necessary,necessary,JJ,JJ
6396,Peoples_Republic_of_Korea_1998,0,241,18,or,or,CC,CC
6397,Peoples_Republic_of_Korea_1998,0,241,19,at,at,IN,IN
6398,Peoples_Republic_of_Korea_1998,0,241,20,the,the,DT,DT
6399,Peoples_Republic_of_Korea_1998,0,241,21,request,request,NN,NN
6400,Peoples_Republic_of_Korea_1998,0,241,22,of,of,IN,IN
6401,Peoples_Republic_of_Korea_1998,0,241,23,a,a,DT,DT
6402,Peoples_Republic_of_Korea_1998,0,241,24,minimum,minimum,NN,NN
6403,Peoples_Republic_of_Korea_1998,0,241,25,of,of,IN,IN
6404,Peoples_Republic_of_Korea_1998,0,241,26,one-third,onethird,NN,NN
6405,Peoples_Republic_of_Korea_1998,0,241,27,of,of,IN,IN
6406,Peoples_Republic_of_Korea_1998,0,241,28,the,the,DT,DT
6407,Peoples_Republic_of_Korea_1998,0,241,29,total,total,JJ,JJ
6408,Peoples_Republic_of_Korea_1998,0,241,30,numbers,numbers,NNS,NN
6409,Peoples_Republic_of_Korea_1998,0,241,31,of,of,IN,IN
6410,Peoples_Republic_of_Korea_1998,0,241,32,deputies,deputies,NNS,NN
6411,Peoples_Republic_of_Korea_1998,0,242,0,Article,article,NN,NN
6412,Peoples_Republic_of_Korea_1998,0,242,1,136,136,CD,CD
6413,Peoples_Republic_of_Korea_1998,0,242,2,Share,share,NNP,NN
6414,Peoples_Republic_of_Korea_1998,0,242,3,The,the,DT,DT
6415,Peoples_Republic_of_Korea_1998,0,242,4,LPA,lpa,NNP,NN
6416,Peoples_Republic_of_Korea_1998,0,242,5,forms,forms,VBZ,VB
6417,Peoples_Republic_of_Korea_1998,0,242,6,a,a,DT,DT
6418,Peoples_Republic_of_Korea_1998,0,242,7,quorum,quorum,NN,NN
6419,Peoples_Republic_of_Korea_1998,0,242,8,when,when,WRB,WR
6420,Peoples_Republic_of_Korea_1998,0,242,9,the,the,DT,DT
6421,Peoples_Republic_of_Korea_1998,0,242,10,two-third,twothird,NN,NN
6422,Peoples_Republic_of_Korea_1998,0,242,11,of,of,IN,IN
6423,Peoples_Republic_of_Korea_1998,0,242,12,the,the,DT,DT
6424,Peoples_Republic_of_Korea_1998,0,242,13,deputies,deputies,NNS,NN
6425,Peoples_Republic_of_Korea_1998,0,242,14,participate,participate,VBP,VB
6426,Peoples_Republic_of_Korea_1998,0,242,15,in,in,IN,IN
6427,Peoples_Republic_of_Korea_1998,0,242,16,it,it,PRP,PR
6428,Peoples_Republic_of_Korea_1998,0,243,0,Article,article,NN,NN
6429,Peoples_Republic_of_Korea_1998,0,243,1,137,137,CD,CD
6430,Peoples_Republic_of_Korea_1998,0,243,2,Share,share,NNP,NN
6431,Peoples_Republic_of_Korea_1998,0,243,3,The,the,DT,DT
6432,Peoples_Republic_of_Korea_1998,0,243,4,LPA,lpa,NNP,NN
6433,Peoples_Republic_of_Korea_1998,0,243,5,elects,elects,VBZ,VB
6434,Peoples_Republic_of_Korea_1998,0,243,6,its,its,PRP$,PR
6435,Peoples_Republic_of_Korea_1998,0,243,7,chairman,chairman,NN,NN
6436,Peoples_Republic_of_Korea_1998,0,244,0,Article,article,NN,NN
6437,Peoples_Republic_of_Korea_1998,0,244,1,138,138,CD,CD
6438,Peoples_Republic_of_Korea_1998,0,244,2,Share,share,NNP,NN
6439,Peoples_Republic_of_Korea_1998,0,244,3,The,the,DT,DT
6440,Peoples_Republic_of_Korea_1998,0,244,4,LPA,lpa,NNP,NN
6441,Peoples_Republic_of_Korea_1998,0,244,5,issues,issues,NNS,NN
6442,Peoples_Republic_of_Korea_1998,0,244,6,its,its,PRP$,PR
6443,Peoples_Republic_of_Korea_1998,0,244,7,decisions,decisions,NNS,NN
6444,Peoples_Republic_of_Korea_1998,0,245,0,Section,section,NN,NN
6445,Peoples_Republic_of_Korea_1998,0,245,1,VI,vi,NNP,NN
6446,Peoples_Republic_of_Korea_1998,0,246,0,Local,local,JJ,JJ
6447,Peoples_Republic_of_Korea_1998,0,246,1,People,people,NNP,NN
6448,Peoples_Republic_of_Korea_1998,0,246,3,s,s,VBD,VB
6449,Peoples_Republic_of_Korea_1998,0,246,4,Committee,committee,NNP,NN
6450,Peoples_Republic_of_Korea_1998,0,246,5,Share,share,NNP,NN
6451,Peoples_Republic_of_Korea_1998,0,246,6,Article,article,NNP,NN
6452,Peoples_Republic_of_Korea_1998,0,246,7,139,139,CD,CD
6453,Peoples_Republic_of_Korea_1998,0,246,8,Share,share,NNP,NN
6454,Peoples_Republic_of_Korea_1998,0,246,9,Provincial,provincial,NNP,NN
6455,Peoples_Republic_of_Korea_1998,0,246,11,or,or,CC,CC
6456,Peoples_Republic_of_Korea_1998,0,246,12,municipality,municipality,NN,NN
6457,Peoples_Republic_of_Korea_1998,0,246,13,directly,directly,RB,RB
6458,Peoples_Republic_of_Korea_1998,0,246,14,under,under,IN,IN
6459,Peoples_Republic_of_Korea_1998,0,246,15,the,the,DT,DT
6460,Peoples_Republic_of_Korea_1998,0,246,16,central,central,JJ,JJ
6461,Peoples_Republic_of_Korea_1998,0,246,17,authority,authority,NN,NN
6462,Peoples_Republic_of_Korea_1998,0,246,20,municipal,municipal,JJ,JJ
6463,Peoples_Republic_of_Korea_1998,0,246,22,district,district,NN,NN
6464,Peoples_Republic_of_Korea_1998,0,246,25,and,and,CC,CC
6465,Peoples_Republic_of_Korea_1998,0,246,26,county,county,VB,VB
6466,Peoples_Republic_of_Korea_1998,0,246,27,local,local,JJ,JJ
6467,Peoples_Republic_of_Korea_1998,0,246,28,people,people,NNS,NN
6468,Peoples_Republic_of_Korea_1998,0,246,30,s,s,JJ,JJ
6469,Peoples_Republic_of_Korea_1998,0,246,31,committees,committees,NNS,NN
6470,Peoples_Republic_of_Korea_1998,0,246,32,are,are,VBP,VB
6471,Peoples_Republic_of_Korea_1998,0,246,33,local,local,JJ,JJ
6472,Peoples_Republic_of_Korea_1998,0,246,34,sovereign,sovereign,JJ,JJ
6473,Peoples_Republic_of_Korea_1998,0,246,35,power,power,NN,NN
6474,Peoples_Republic_of_Korea_1998,0,246,36,organs,organs,NNS,NN
6475,Peoples_Republic_of_Korea_1998,0,246,37,when,when,WRB,WR
6476,Peoples_Republic_of_Korea_1998,0,246,38,the,the,DT,DT
6477,Peoples_Republic_of_Korea_1998,0,246,39,corresponding,corresponding,JJ,JJ
6478,Peoples_Republic_of_Korea_1998,0,246,40,LPAs,lpas,NNP,NN
6479,Peoples_Republic_of_Korea_1998,0,246,41,are,are,VBP,VB
6480,Peoples_Republic_of_Korea_1998,0,246,42,in,in,IN,IN
6481,Peoples_Republic_of_Korea_1998,0,246,43,recess,recess,NN,NN
6482,Peoples_Republic_of_Korea_1998,0,246,45,and,and,CC,CC
6483,Peoples_Republic_of_Korea_1998,0,246,46,are,are,VBP,VB
6484,Peoples_Republic_of_Korea_1998,0,246,47,administrative,administrative,JJ,JJ
6485,Peoples_Republic_of_Korea_1998,0,246,48,executive,executive,NN,NN
6486,Peoples_Republic_of_Korea_1998,0,246,49,organs,organs,NNS,NN
6487,Peoples_Republic_of_Korea_1998,0,246,50,of,of,IN,IN
6488,Peoples_Republic_of_Korea_1998,0,246,51,local,local,JJ,JJ
6489,Peoples_Republic_of_Korea_1998,0,246,52,sovereignty,sovereignty,NN,NN
6490,Peoples_Republic_of_Korea_1998,0,247,0,Article,article,NN,NN
6491,Peoples_Republic_of_Korea_1998,0,247,1,140,140,CD,CD
6492,Peoples_Republic_of_Korea_1998,0,247,2,Share,share,NNP,NN
6493,Peoples_Republic_of_Korea_1998,0,247,3,The,the,DT,DT
6494,Peoples_Republic_of_Korea_1998,0,247,4,LPC,lpc,NNP,NN
6495,Peoples_Republic_of_Korea_1998,0,247,5,consists,consists,VBZ,VB
6496,Peoples_Republic_of_Korea_1998,0,247,6,of,of,IN,IN
6497,Peoples_Republic_of_Korea_1998,0,247,7,its,its,PRP$,PR
6498,Peoples_Republic_of_Korea_1998,0,247,8,chairman,chairman,NN,NN
6499,Peoples_Republic_of_Korea_1998,0,247,10,vice,vice,NN,NN
6500,Peoples_Republic_of_Korea_1998,0,247,11,chairmen,chairmen,NNS,NN
6501,Peoples_Republic_of_Korea_1998,0,247,13,secretaries,secretaries,NNS,NN
6502,Peoples_Republic_of_Korea_1998,0,247,14,and,and,CC,CC
6503,Peoples_Republic_of_Korea_1998,0,247,15,members,members,NNS,NN
6504,Peoples_Republic_of_Korea_1998,0,248,0,The,the,DT,DT
6505,Peoples_Republic_of_Korea_1998,0,248,1,term,term,NN,NN
6506,Peoples_Republic_of_Korea_1998,0,248,2,of,of,IN,IN
6507,Peoples_Republic_of_Korea_1998,0,248,3,LPC,lpc,NNP,NN
6508,Peoples_Republic_of_Korea_1998,0,248,4,is,is,VBZ,VB
6509,Peoples_Republic_of_Korea_1998,0,248,5,the,the,DT,DT
6510,Peoples_Republic_of_Korea_1998,0,248,6,same,same,JJ,JJ
6511,Peoples_Republic_of_Korea_1998,0,248,7,as,as,IN,IN
6512,Peoples_Republic_of_Korea_1998,0,248,8,that,that,DT,DT
6513,Peoples_Republic_of_Korea_1998,0,248,9,of,of,IN,IN
6514,Peoples_Republic_of_Korea_1998,0,248,10,the,the,DT,DT
6515,Peoples_Republic_of_Korea_1998,0,248,11,LPA,lpa,NNP,NN
6516,Peoples_Republic_of_Korea_1998,0,249,0,Article,article,NN,NN
6517,Peoples_Republic_of_Korea_1998,0,249,1,141,141,CD,CD
6518,Peoples_Republic_of_Korea_1998,0,249,2,Share,share,NNP,NN
6519,Peoples_Republic_of_Korea_1998,0,249,3,The,the,DT,DT
6520,Peoples_Republic_of_Korea_1998,0,249,4,LPC,lpc,NNP,NN
6521,Peoples_Republic_of_Korea_1998,0,249,5,has,has,VBZ,VB
6522,Peoples_Republic_of_Korea_1998,0,249,6,the,the,DT,DT
6523,Peoples_Republic_of_Korea_1998,0,249,7,duties,duties,NNS,NN
6524,Peoples_Republic_of_Korea_1998,0,249,8,and,and,CC,CC
6525,Peoples_Republic_of_Korea_1998,0,249,9,authorities,authorities,NNS,NN
6526,Peoples_Republic_of_Korea_1998,0,249,10,to,to,TO,TO
6527,Peoples_Republic_of_Korea_1998,0,249,12,1.convene,1convene,CD,CD
6528,Peoples_Republic_of_Korea_1998,0,249,13,a,a,DT,DT
6529,Peoples_Republic_of_Korea_1998,0,249,14,people,people,NNS,NN
6530,Peoples_Republic_of_Korea_1998,0,249,16,s,s,NN,NN
6531,Peoples_Republic_of_Korea_1998,0,249,17,assembly,assembly,NN,NN
6532,Peoples_Republic_of_Korea_1998,0,249,19,2.do,2do,CD,CD
6533,Peoples_Republic_of_Korea_1998,0,249,20,preparatory,preparatory,NN,NN
6534,Peoples_Republic_of_Korea_1998,0,249,21,work,work,NN,NN
6535,Peoples_Republic_of_Korea_1998,0,249,22,for,for,IN,IN
6536,Peoples_Republic_of_Korea_1998,0,249,23,the,the,DT,DT
6537,Peoples_Republic_of_Korea_1998,0,249,24,election,election,NN,NN
6538,Peoples_Republic_of_Korea_1998,0,249,25,of,of,IN,IN
6539,Peoples_Republic_of_Korea_1998,0,249,26,a,a,DT,DT
6540,Peoples_Republic_of_Korea_1998,0,249,27,local,local,JJ,JJ
6541,Peoples_Republic_of_Korea_1998,0,249,28,assembly,assembly,NN,NN
6542,Peoples_Republic_of_Korea_1998,0,249,30,3.do,3do,CD,CD
6543,Peoples_Republic_of_Korea_1998,0,249,31,work,work,NN,NN
6544,Peoples_Republic_of_Korea_1998,0,249,32,with,with,IN,IN
6545,Peoples_Republic_of_Korea_1998,0,249,33,deputies,deputies,NNS,NN
6546,Peoples_Republic_of_Korea_1998,0,249,34,of,of,IN,IN
6547,Peoples_Republic_of_Korea_1998,0,249,35,a,a,DT,DT
6548,Peoples_Republic_of_Korea_1998,0,249,36,people,people,NNS,NN
6549,Peoples_Republic_of_Korea_1998,0,249,38,s,s,NN,NN
6550,Peoples_Republic_of_Korea_1998,0,249,39,assembly,assembly,NN,NN
6551,Peoples_Republic_of_Korea_1998,0,249,41,4.exercise,4exercise,CD,CD
6552,Peoples_Republic_of_Korea_1998,0,249,42,laws,laws,NNS,NN
6553,Peoples_Republic_of_Korea_1998,0,249,44,decrees,decrees,NNS,NN
6554,Peoples_Republic_of_Korea_1998,0,249,46,decisions,decisions,NNS,NN
6555,Peoples_Republic_of_Korea_1998,0,249,47,and,and,CC,CC
6556,Peoples_Republic_of_Korea_1998,0,249,48,directions,directions,NNS,NN
6557,Peoples_Republic_of_Korea_1998,0,249,49,of,of,IN,IN
6558,Peoples_Republic_of_Korea_1998,0,249,50,the,the,DT,DT
6559,Peoples_Republic_of_Korea_1998,0,249,51,people,people,NNS,NN
6560,Peoples_Republic_of_Korea_1998,0,249,53,s,s,JJ,JJ
6561,Peoples_Republic_of_Korea_1998,0,249,54,assembly,assembly,NN,NN
6562,Peoples_Republic_of_Korea_1998,0,249,55,at,at,IN,IN
6563,Peoples_Republic_of_Korea_1998,0,249,56,the,the,DT,DT
6564,Peoples_Republic_of_Korea_1998,0,249,57,corresponding,corresponding,JJ,JJ
6565,Peoples_Republic_of_Korea_1998,0,249,58,level,level,NN,NN
6566,Peoples_Republic_of_Korea_1998,0,249,60,upper,upper,JJ,JJ
6567,Peoples_Republic_of_Korea_1998,0,249,61,people,people,NNS,NN
6568,Peoples_Republic_of_Korea_1998,0,249,63,s,s,JJ,JJ
6569,Peoples_Republic_of_Korea_1998,0,249,64,assemblies,assemblies,NNS,NN
6570,Peoples_Republic_of_Korea_1998,0,249,66,people,people,NNS,NN
6571,Peoples_Republic_of_Korea_1998,0,249,68,s,s,JJ,JJ
6572,Peoples_Republic_of_Korea_1998,0,249,69,committees,committees,NNS,NN
6573,Peoples_Republic_of_Korea_1998,0,249,71,and,and,CC,CC
6574,Peoples_Republic_of_Korea_1998,0,249,72,the,the,DT,DT
6575,Peoples_Republic_of_Korea_1998,0,249,73,Cabinet,cabinet,NNP,NN
6576,Peoples_Republic_of_Korea_1998,0,249,75,Cabinet,cabinet,NNP,NN
6577,Peoples_Republic_of_Korea_1998,0,249,76,commissions,commissions,NNS,NN
6578,Peoples_Republic_of_Korea_1998,0,249,78,and,and,CC,CC
6579,Peoples_Republic_of_Korea_1998,0,249,79,ministries,ministries,NNS,NN
6580,Peoples_Republic_of_Korea_1998,0,249,81,5.organize,5organize,CD,CD
6581,Peoples_Republic_of_Korea_1998,0,249,82,and,and,CC,CC
6582,Peoples_Republic_of_Korea_1998,0,249,83,exercise,exercise,VB,VB
6583,Peoples_Republic_of_Korea_1998,0,249,84,all,all,DT,DT
6584,Peoples_Republic_of_Korea_1998,0,249,85,the,the,DT,DT
6585,Peoples_Republic_of_Korea_1998,0,249,86,administrative,administrative,JJ,JJ
6586,Peoples_Republic_of_Korea_1998,0,249,87,work,work,NN,NN
6587,Peoples_Republic_of_Korea_1998,0,249,88,in,in,IN,IN
6588,Peoples_Republic_of_Korea_1998,0,249,89,the,the,DT,DT
6589,Peoples_Republic_of_Korea_1998,0,249,90,area,area,NN,NN
6590,Peoples_Republic_of_Korea_1998,0,249,91,concerned,concerned,VBD,VB
6591,Peoples_Republic_of_Korea_1998,0,249,93,6.draft,6draft,CD,CD
6592,Peoples_Republic_of_Korea_1998,0,249,94,a,a,DT,DT
6593,Peoples_Republic_of_Korea_1998,0,249,95,local,local,JJ,JJ
6594,Peoples_Republic_of_Korea_1998,0,249,96,plan,plan,NN,NN
6595,Peoples_Republic_of_Korea_1998,0,249,97,for,for,IN,IN
6596,Peoples_Republic_of_Korea_1998,0,249,98,the,the,DT,DT
6597,Peoples_Republic_of_Korea_1998,0,249,99,development,development,NN,NN
6598,Peoples_Republic_of_Korea_1998,0,249,100,of,of,IN,IN
6599,Peoples_Republic_of_Korea_1998,0,249,101,the,the,DT,DT
6600,Peoples_Republic_of_Korea_1998,0,249,102,national,national,JJ,JJ
6601,Peoples_Republic_of_Korea_1998,0,249,103,economy,economy,NN,NN
6602,Peoples_Republic_of_Korea_1998,0,249,104,and,and,CC,CC
6603,Peoples_Republic_of_Korea_1998,0,249,105,adopt,adopt,JJ,JJ
6604,Peoples_Republic_of_Korea_1998,0,249,106,measures,measures,NNS,NN
6605,Peoples_Republic_of_Korea_1998,0,249,107,to,to,TO,TO
6606,Peoples_Republic_of_Korea_1998,0,249,108,put,put,VB,VB
6607,Peoples_Republic_of_Korea_1998,0,249,109,it,it,PRP,PR
6608,Peoples_Republic_of_Korea_1998,0,249,110,into,into,IN,IN
6609,Peoples_Republic_of_Korea_1998,0,249,111,effect,effect,NN,NN
6610,Peoples_Republic_of_Korea_1998,0,249,113,7.compile,7compile,CD,CD
6611,Peoples_Republic_of_Korea_1998,0,249,114,a,a,DT,DT
6612,Peoples_Republic_of_Korea_1998,0,249,115,local,local,JJ,JJ
6613,Peoples_Republic_of_Korea_1998,0,249,116,budget,budget,NN,NN
6614,Peoples_Republic_of_Korea_1998,0,249,117,and,and,CC,CC
6615,Peoples_Republic_of_Korea_1998,0,249,118,adopt,adopt,VB,VB
6616,Peoples_Republic_of_Korea_1998,0,249,119,measures,measures,NNS,NN
6617,Peoples_Republic_of_Korea_1998,0,249,120,to,to,TO,TO
6618,Peoples_Republic_of_Korea_1998,0,249,121,put,put,VB,VB
6619,Peoples_Republic_of_Korea_1998,0,249,122,it,it,PRP,PR
6620,Peoples_Republic_of_Korea_1998,0,249,123,into,into,IN,IN
6621,Peoples_Republic_of_Korea_1998,0,249,124,effect,effect,NN,NN
6622,Peoples_Republic_of_Korea_1998,0,249,126,8.adopt,8adopt,CD,CD
6623,Peoples_Republic_of_Korea_1998,0,249,127,measures,measures,NNS,NN
6624,Peoples_Republic_of_Korea_1998,0,249,128,to,to,TO,TO
6625,Peoples_Republic_of_Korea_1998,0,249,129,maintain,maintain,VB,VB
6626,Peoples_Republic_of_Korea_1998,0,249,130,social,social,JJ,JJ
6627,Peoples_Republic_of_Korea_1998,0,249,131,order,order,NN,NN
6628,Peoples_Republic_of_Korea_1998,0,249,132,in,in,IN,IN
6629,Peoples_Republic_of_Korea_1998,0,249,133,the,the,DT,DT
6630,Peoples_Republic_of_Korea_1998,0,249,134,area,area,NN,NN
6631,Peoples_Republic_of_Korea_1998,0,249,135,concerned,concerned,VBN,VB
6632,Peoples_Republic_of_Korea_1998,0,249,137,protect,protect,VBP,VB
6633,Peoples_Republic_of_Korea_1998,0,249,138,the,the,DT,DT
6634,Peoples_Republic_of_Korea_1998,0,249,139,property,property,NN,NN
6635,Peoples_Republic_of_Korea_1998,0,249,140,and,and,CC,CC
6636,Peoples_Republic_of_Korea_1998,0,249,141,interests,interests,NNS,NN
6637,Peoples_Republic_of_Korea_1998,0,249,142,of,of,IN,IN
6638,Peoples_Republic_of_Korea_1998,0,249,143,the,the,DT,DT
6639,Peoples_Republic_of_Korea_1998,0,249,144,State,state,NNP,NN
6640,Peoples_Republic_of_Korea_1998,0,249,145,and,and,CC,CC
6641,Peoples_Republic_of_Korea_1998,0,249,146,social,social,JJ,JJ
6642,Peoples_Republic_of_Korea_1998,0,249,147,cooperative,cooperative,JJ,JJ
6643,Peoples_Republic_of_Korea_1998,0,249,148,organizations,organizations,NNS,NN
6644,Peoples_Republic_of_Korea_1998,0,249,150,and,and,CC,CC
6645,Peoples_Republic_of_Korea_1998,0,249,151,to,to,TO,TO
6646,Peoples_Republic_of_Korea_1998,0,249,152,guarantee,guarantee,VB,VB
6647,Peoples_Republic_of_Korea_1998,0,249,153,citizens,citizens,NNS,NN
6648,Peoples_Republic_of_Korea_1998,0,249,155,rights,rights,NNS,NN
6649,Peoples_Republic_of_Korea_1998,0,249,157,9.do,9do,CD,CD
6650,Peoples_Republic_of_Korea_1998,0,249,158,inspection,inspection,NN,NN
6651,Peoples_Republic_of_Korea_1998,0,249,159,and,and,CC,CC
6652,Peoples_Republic_of_Korea_1998,0,249,160,control,control,NN,NN
6653,Peoples_Republic_of_Korea_1998,0,249,161,work,work,NN,NN
6654,Peoples_Republic_of_Korea_1998,0,249,162,to,to,TO,TO
6655,Peoples_Republic_of_Korea_1998,0,249,163,establish,establish,VB,VB
6656,Peoples_Republic_of_Korea_1998,0,249,164,order,order,NN,NN
6657,Peoples_Republic_of_Korea_1998,0,249,165,in,in,IN,IN
6658,Peoples_Republic_of_Korea_1998,0,249,166,state,state,NN,NN
6659,Peoples_Republic_of_Korea_1998,0,249,167,management,management,NN,NN
6660,Peoples_Republic_of_Korea_1998,0,249,168,in,in,IN,IN
6661,Peoples_Republic_of_Korea_1998,0,249,169,the,the,DT,DT
6662,Peoples_Republic_of_Korea_1998,0,249,170,area,area,NN,NN
6663,Peoples_Republic_of_Korea_1998,0,249,171,concerned,concerned,VBD,VB
6664,Peoples_Republic_of_Korea_1998,0,249,173,10.guide,10guide,CD,CD
6665,Peoples_Republic_of_Korea_1998,0,249,174,the,the,DT,DT
6666,Peoples_Republic_of_Korea_1998,0,249,175,lower,lower,JJR,JJ
6667,Peoples_Republic_of_Korea_1998,0,249,176,people,people,NNS,NN
6668,Peoples_Republic_of_Korea_1998,0,249,178,s,s,JJ,JJ
6669,Peoples_Republic_of_Korea_1998,0,249,179,committees,committees,NNS,NN
6670,Peoples_Republic_of_Korea_1998,0,249,180,in,in,IN,IN
6671,Peoples_Republic_of_Korea_1998,0,249,181,its,its,PRP$,PR
6672,Peoples_Republic_of_Korea_1998,0,249,182,work,work,NN,NN
6673,Peoples_Republic_of_Korea_1998,0,249,184,11.abolish,11abolish,CD,CD
6674,Peoples_Republic_of_Korea_1998,0,249,185,unwarranted,unwarranted,JJ,JJ
6675,Peoples_Republic_of_Korea_1998,0,249,186,decisions,decisions,NNS,NN
6676,Peoples_Republic_of_Korea_1998,0,249,187,and,and,CC,CC
6677,Peoples_Republic_of_Korea_1998,0,249,188,direction,direction,NN,NN
6678,Peoples_Republic_of_Korea_1998,0,249,189,adopted,adopted,VBN,VB
6679,Peoples_Republic_of_Korea_1998,0,249,190,by,by,IN,IN
6680,Peoples_Republic_of_Korea_1998,0,249,191,a,a,DT,DT
6681,Peoples_Republic_of_Korea_1998,0,249,192,lower,lower,JJR,JJ
6682,Peoples_Republic_of_Korea_1998,0,249,193,people,people,NNS,NN
6683,Peoples_Republic_of_Korea_1998,0,249,195,s,s,JJ,JJ
6684,Peoples_Republic_of_Korea_1998,0,249,196,committee,committee,NN,NN
6685,Peoples_Republic_of_Korea_1998,0,249,198,and,and,CC,CC
6686,Peoples_Republic_of_Korea_1998,0,249,199,suspend,suspend,JJ,JJ
6687,Peoples_Republic_of_Korea_1998,0,249,200,implementation,implementation,NN,NN
6688,Peoples_Republic_of_Korea_1998,0,249,201,of,of,IN,IN
6689,Peoples_Republic_of_Korea_1998,0,249,202,unwarranted,unwarranted,JJ,JJ
6690,Peoples_Republic_of_Korea_1998,0,249,203,decisions,decisions,NNS,NN
6691,Peoples_Republic_of_Korea_1998,0,249,204,made,made,VBN,VB
6692,Peoples_Republic_of_Korea_1998,0,249,205,by,by,IN,IN
6693,Peoples_Republic_of_Korea_1998,0,249,206,a,a,DT,DT
6694,Peoples_Republic_of_Korea_1998,0,249,207,lower,lower,JJR,JJ
6695,Peoples_Republic_of_Korea_1998,0,249,208,people,people,NNS,NN
6696,Peoples_Republic_of_Korea_1998,0,249,210,s,s,JJ,JJ
6697,Peoples_Republic_of_Korea_1998,0,249,211,committee,committee,NN,NN
6698,Peoples_Republic_of_Korea_1998,0,250,0,Article,article,NN,NN
6699,Peoples_Republic_of_Korea_1998,0,250,1,142,142,CD,CD
6700,Peoples_Republic_of_Korea_1998,0,250,2,Share,share,NNP,NN
6701,Peoples_Republic_of_Korea_1998,0,250,3,The,the,DT,DT
6702,Peoples_Republic_of_Korea_1998,0,250,4,LPC,lpc,NNP,NN
6703,Peoples_Republic_of_Korea_1998,0,250,5,convenes,convenes,VBZ,VB
6704,Peoples_Republic_of_Korea_1998,0,250,6,a,a,DT,DT
6705,Peoples_Republic_of_Korea_1998,0,250,7,plenary,plenary,JJ,JJ
6706,Peoples_Republic_of_Korea_1998,0,250,8,meeting,meeting,NN,NN
6707,Peoples_Republic_of_Korea_1998,0,250,9,and,and,CC,CC
6708,Peoples_Republic_of_Korea_1998,0,250,10,an,an,DT,DT
6709,Peoples_Republic_of_Korea_1998,0,250,11,executive,executive,JJ,JJ
6710,Peoples_Republic_of_Korea_1998,0,250,12,meeting,meeting,NN,NN
6711,Peoples_Republic_of_Korea_1998,0,251,0,The,the,DT,DT
6712,Peoples_Republic_of_Korea_1998,0,251,1,plenary,plenary,JJ,JJ
6713,Peoples_Republic_of_Korea_1998,0,251,2,meeting,meeting,NN,NN
6714,Peoples_Republic_of_Korea_1998,0,251,3,consists,consists,NNS,NN
6715,Peoples_Republic_of_Korea_1998,0,251,4,of,of,IN,IN
6716,Peoples_Republic_of_Korea_1998,0,251,5,all,all,PDT,PD
6717,Peoples_Republic_of_Korea_1998,0,251,6,the,the,DT,DT
6718,Peoples_Republic_of_Korea_1998,0,251,7,LPC,lpc,NNP,NN
6719,Peoples_Republic_of_Korea_1998,0,251,8,members,members,NNS,NN
6720,Peoples_Republic_of_Korea_1998,0,251,10,and,and,CC,CC
6721,Peoples_Republic_of_Korea_1998,0,251,11,the,the,DT,DT
6722,Peoples_Republic_of_Korea_1998,0,251,12,executive,executive,JJ,JJ
6723,Peoples_Republic_of_Korea_1998,0,251,13,meeting,meeting,NN,NN
6724,Peoples_Republic_of_Korea_1998,0,251,14,of,of,IN,IN
6725,Peoples_Republic_of_Korea_1998,0,251,15,the,the,DT,DT
6726,Peoples_Republic_of_Korea_1998,0,251,16,chairman,chairman,NN,NN
6727,Peoples_Republic_of_Korea_1998,0,251,18,vice,vice,NN,NN
6728,Peoples_Republic_of_Korea_1998,0,251,19,chairmen,chairmen,NNS,NN
6729,Peoples_Republic_of_Korea_1998,0,251,21,and,and,CC,CC
6730,Peoples_Republic_of_Korea_1998,0,251,22,secretary,secretary,NN,NN
6731,Peoples_Republic_of_Korea_1998,0,252,0,Article,article,NN,NN
6732,Peoples_Republic_of_Korea_1998,0,252,1,143,143,CD,CD
6733,Peoples_Republic_of_Korea_1998,0,252,2,Share,share,NNP,NN
6734,Peoples_Republic_of_Korea_1998,0,252,3,The,the,DT,DT
6735,Peoples_Republic_of_Korea_1998,0,252,4,plenary,plenary,JJ,JJ
6736,Peoples_Republic_of_Korea_1998,0,252,5,meeting,meeting,NN,NN
6737,Peoples_Republic_of_Korea_1998,0,252,6,deliberates,deliberates,NNS,NN
6738,Peoples_Republic_of_Korea_1998,0,252,7,on,on,IN,IN
6739,Peoples_Republic_of_Korea_1998,0,252,8,and,and,CC,CC
6740,Peoples_Republic_of_Korea_1998,0,252,9,adopts,adopts,NNS,NN
6741,Peoples_Republic_of_Korea_1998,0,252,10,important,important,JJ,JJ
6742,Peoples_Republic_of_Korea_1998,0,252,11,issues,issues,NNS,NN
6743,Peoples_Republic_of_Korea_1998,0,252,12,for,for,IN,IN
6744,Peoples_Republic_of_Korea_1998,0,252,13,the,the,DT,DT
6745,Peoples_Republic_of_Korea_1998,0,252,14,LPC,lpc,NNP,NN
6746,Peoples_Republic_of_Korea_1998,0,252,15,to,to,TO,TO
6747,Peoples_Republic_of_Korea_1998,0,252,16,implement,implement,VB,VB
6748,Peoples_Republic_of_Korea_1998,0,252,17,its,its,PRP$,PR
6749,Peoples_Republic_of_Korea_1998,0,252,18,duties,duties,NNS,NN
6750,Peoples_Republic_of_Korea_1998,0,252,19,and,and,CC,CC
6751,Peoples_Republic_of_Korea_1998,0,252,20,authority,authority,NN,NN
6752,Peoples_Republic_of_Korea_1998,0,253,0,Article,article,NN,NN
6753,Peoples_Republic_of_Korea_1998,0,253,1,144,144,CD,CD
6754,Peoples_Republic_of_Korea_1998,0,253,2,Share,share,NNP,NN
6755,Peoples_Republic_of_Korea_1998,0,253,3,The,the,DT,DT
6756,Peoples_Republic_of_Korea_1998,0,253,4,LPC,lpc,NNP,NN
6757,Peoples_Republic_of_Korea_1998,0,253,5,issues,issues,NNS,NN
6758,Peoples_Republic_of_Korea_1998,0,253,6,decisions,decisions,NNS,NN
6759,Peoples_Republic_of_Korea_1998,0,253,7,and,and,CC,CC
6760,Peoples_Republic_of_Korea_1998,0,253,8,directions,directions,NNS,NN
6761,Peoples_Republic_of_Korea_1998,0,254,0,Article,article,NN,NN
6762,Peoples_Republic_of_Korea_1998,0,254,1,145,145,CD,CD
6763,Peoples_Republic_of_Korea_1998,0,254,2,Share,share,NNP,NN
6764,Peoples_Republic_of_Korea_1998,0,254,3,The,the,DT,DT
6765,Peoples_Republic_of_Korea_1998,0,254,4,LPC,lpc,NNP,NN
6766,Peoples_Republic_of_Korea_1998,0,254,5,may,may,MD,MD
6767,Peoples_Republic_of_Korea_1998,0,254,6,set,set,VB,VB
6768,Peoples_Republic_of_Korea_1998,0,254,7,up,up,RP,RP
6769,Peoples_Republic_of_Korea_1998,0,254,8,non-permanent,nonpermanent,JJ,JJ
6770,Peoples_Republic_of_Korea_1998,0,254,9,departmental,departmental,NN,NN
6771,Peoples_Republic_of_Korea_1998,0,254,10,committees,committees,NNS,NN
6772,Peoples_Republic_of_Korea_1998,0,254,11,which,which,WDT,WD
6773,Peoples_Republic_of_Korea_1998,0,254,12,assist,assist,VBP,VB
6774,Peoples_Republic_of_Korea_1998,0,254,13,in,in,IN,IN
6775,Peoples_Republic_of_Korea_1998,0,254,14,its,its,PRP$,PR
6776,Peoples_Republic_of_Korea_1998,0,254,15,works,works,NNS,NN
6777,Peoples_Republic_of_Korea_1998,0,255,0,Article,article,NN,NN
6778,Peoples_Republic_of_Korea_1998,0,255,1,146,146,CD,CD
6779,Peoples_Republic_of_Korea_1998,0,255,2,Share,share,NNP,NN
6780,Peoples_Republic_of_Korea_1998,0,255,3,The,the,DT,DT
6781,Peoples_Republic_of_Korea_1998,0,255,4,LPC,lpc,NNP,NN
6782,Peoples_Republic_of_Korea_1998,0,255,5,is,is,VBZ,VB
6783,Peoples_Republic_of_Korea_1998,0,255,6,accountable,accountable,JJ,JJ
6784,Peoples_Republic_of_Korea_1998,0,255,7,to,to,TO,TO
6785,Peoples_Republic_of_Korea_1998,0,255,8,the,the,DT,DT
6786,Peoples_Republic_of_Korea_1998,0,255,9,LPA,lpa,NNP,NN
6787,Peoples_Republic_of_Korea_1998,0,255,10,at,at,IN,IN
6788,Peoples_Republic_of_Korea_1998,0,255,11,the,the,DT,DT
6789,Peoples_Republic_of_Korea_1998,0,255,12,correspondent,correspondent,NN,NN
6790,Peoples_Republic_of_Korea_1998,0,255,13,level,level,NN,NN
6791,Peoples_Republic_of_Korea_1998,0,256,0,The,the,DT,DT
6792,Peoples_Republic_of_Korea_1998,0,256,1,LPC,lpc,NNP,NN
6793,Peoples_Republic_of_Korea_1998,0,256,2,is,is,VBZ,VB
6794,Peoples_Republic_of_Korea_1998,0,256,3,subordinate,subordinate,JJ,JJ
6795,Peoples_Republic_of_Korea_1998,0,256,4,to,to,TO,TO
6796,Peoples_Republic_of_Korea_1998,0,256,5,the,the,DT,DT
6797,Peoples_Republic_of_Korea_1998,0,256,6,upper,upper,JJ,JJ
6798,Peoples_Republic_of_Korea_1998,0,256,7,people,people,NNS,NN
6799,Peoples_Republic_of_Korea_1998,0,256,9,s,s,JJ,JJ
6800,Peoples_Republic_of_Korea_1998,0,256,10,committees,committees,NNS,NN
6801,Peoples_Republic_of_Korea_1998,0,256,11,and,and,CC,CC
6802,Peoples_Republic_of_Korea_1998,0,256,12,the,the,DT,DT
6803,Peoples_Republic_of_Korea_1998,0,256,13,Cabinet,cabinet,NNP,NN
6804,Peoples_Republic_of_Korea_1998,0,257,0,Section,section,NN,NN
6805,Peoples_Republic_of_Korea_1998,0,257,1,VII,vii,NNP,NN
6806,Peoples_Republic_of_Korea_1998,0,258,0,Public,public,JJ,JJ
6807,Peoples_Republic_of_Korea_1998,0,258,1,Procurators,procurators,NNP,NN
6808,Peoples_Republic_of_Korea_1998,0,258,3,Office,office,NNP,NN
6809,Peoples_Republic_of_Korea_1998,0,258,4,and,and,CC,CC
6810,Peoples_Republic_of_Korea_1998,0,258,5,Court,court,NNP,NN
6811,Peoples_Republic_of_Korea_1998,0,258,6,Share,share,NNP,NN
6812,Peoples_Republic_of_Korea_1998,0,258,7,Article,article,NNP,NN
6813,Peoples_Republic_of_Korea_1998,0,258,8,147,147,CD,CD
6814,Peoples_Republic_of_Korea_1998,0,258,9,Share,share,NNP,NN
6815,Peoples_Republic_of_Korea_1998,0,258,10,Justice,justice,NNP,NN
6816,Peoples_Republic_of_Korea_1998,0,258,11,is,is,VBZ,VB
6817,Peoples_Republic_of_Korea_1998,0,258,12,administered,administered,VBN,VB
6818,Peoples_Republic_of_Korea_1998,0,258,13,by,by,IN,IN
6819,Peoples_Republic_of_Korea_1998,0,258,14,the,the,DT,DT
6820,Peoples_Republic_of_Korea_1998,0,258,15,Central,central,NNP,NN
6821,Peoples_Republic_of_Korea_1998,0,258,16,Court,court,NNP,NN
6822,Peoples_Republic_of_Korea_1998,0,258,18,the,the,DT,DT
6823,Peoples_Republic_of_Korea_1998,0,258,19,Court,court,NNP,NN
6824,Peoples_Republic_of_Korea_1998,0,258,20,of,of,IN,IN
6825,Peoples_Republic_of_Korea_1998,0,258,21,the,the,DT,DT
6826,Peoples_Republic_of_Korea_1998,0,258,22,province,province,NN,NN
6827,Peoples_Republic_of_Korea_1998,0,258,24,or,or,CC,CC
6828,Peoples_Republic_of_Korea_1998,0,258,25,municipality,municipality,NN,NN
6829,Peoples_Republic_of_Korea_1998,0,258,26,directly,directly,RB,RB
6830,Peoples_Republic_of_Korea_1998,0,258,27,under,under,IN,IN
6831,Peoples_Republic_of_Korea_1998,0,258,28,the,the,DT,DT
6832,Peoples_Republic_of_Korea_1998,0,258,29,central,central,JJ,JJ
6833,Peoples_Republic_of_Korea_1998,0,258,30,authority,authority,NN,NN
6834,Peoples_Republic_of_Korea_1998,0,258,33,municipal,municipal,JJ,JJ
6835,Peoples_Republic_of_Korea_1998,0,258,34,and,and,CC,CC
6836,Peoples_Republic_of_Korea_1998,0,258,35,county,county,JJ,JJ
6837,Peoples_Republic_of_Korea_1998,0,258,36,courts,courts,NNS,NN
6838,Peoples_Republic_of_Korea_1998,0,258,37,and,and,CC,CC
6839,Peoples_Republic_of_Korea_1998,0,258,38,the,the,DT,DT
6840,Peoples_Republic_of_Korea_1998,0,258,39,Special,special,JJ,JJ
6841,Peoples_Republic_of_Korea_1998,0,258,40,Court,court,NNP,NN
6842,Peoples_Republic_of_Korea_1998,0,259,0,Article,article,NN,NN
6843,Peoples_Republic_of_Korea_1998,0,259,1,148,148,CD,CD
6844,Peoples_Republic_of_Korea_1998,0,259,2,Share,share,NNP,NN
6845,Peoples_Republic_of_Korea_1998,0,259,3,The,the,DT,DT
6846,Peoples_Republic_of_Korea_1998,0,259,4,term,term,NN,NN
6847,Peoples_Republic_of_Korea_1998,0,259,5,of,of,IN,IN
6848,Peoples_Republic_of_Korea_1998,0,259,6,office,office,NN,NN
6849,Peoples_Republic_of_Korea_1998,0,259,7,of,of,IN,IN
6850,Peoples_Republic_of_Korea_1998,0,259,8,the,the,DT,DT
6851,Peoples_Republic_of_Korea_1998,0,259,9,President,president,NNP,NN
6852,Peoples_Republic_of_Korea_1998,0,259,10,of,of,IN,IN
6853,Peoples_Republic_of_Korea_1998,0,259,11,the,the,DT,DT
6854,Peoples_Republic_of_Korea_1998,0,259,12,Central,central,NNP,NN
6855,Peoples_Republic_of_Korea_1998,0,259,13,Court,court,NNP,NN
6856,Peoples_Republic_of_Korea_1998,0,259,14,is,is,VBZ,VB
6857,Peoples_Republic_of_Korea_1998,0,259,15,the,the,DT,DT
6858,Peoples_Republic_of_Korea_1998,0,259,16,same,same,JJ,JJ
6859,Peoples_Republic_of_Korea_1998,0,259,17,as,as,IN,IN
6860,Peoples_Republic_of_Korea_1998,0,259,18,that,that,DT,DT
6861,Peoples_Republic_of_Korea_1998,0,259,19,of,of,IN,IN
6862,Peoples_Republic_of_Korea_1998,0,259,20,the,the,DT,DT
6863,Peoples_Republic_of_Korea_1998,0,259,21,SPA,spa,NNP,NN
6864,Peoples_Republic_of_Korea_1998,0,260,0,Article,article,NN,NN
6865,Peoples_Republic_of_Korea_1998,0,260,1,149,149,CD,CD
6866,Peoples_Republic_of_Korea_1998,0,260,2,Share,share,NNP,NN
6867,Peoples_Republic_of_Korea_1998,0,260,3,The,the,DT,DT
6868,Peoples_Republic_of_Korea_1998,0,260,4,Central,central,NNP,NN
6869,Peoples_Republic_of_Korea_1998,0,260,5,Procurators,procurators,NNP,NN
6870,Peoples_Republic_of_Korea_1998,0,260,7,Office,office,NNP,NN
6871,Peoples_Republic_of_Korea_1998,0,260,8,appoints,appoints,NNS,NN
6872,Peoples_Republic_of_Korea_1998,0,260,9,and,and,CC,CC
6873,Peoples_Republic_of_Korea_1998,0,260,10,recalls,recalls,VBZ,VB
6874,Peoples_Republic_of_Korea_1998,0,260,11,a,a,DT,DT
6875,Peoples_Republic_of_Korea_1998,0,260,12,public,public,JJ,JJ
6876,Peoples_Republic_of_Korea_1998,0,260,13,procurator,procurator,NN,NN
6877,Peoples_Republic_of_Korea_1998,0,261,0,Article,article,NN,NN
6878,Peoples_Republic_of_Korea_1998,0,261,1,150,150,CD,CD
6879,Peoples_Republic_of_Korea_1998,0,261,2,Share,share,NNP,NN
6880,Peoples_Republic_of_Korea_1998,0,261,3,The,the,DT,DT
6881,Peoples_Republic_of_Korea_1998,0,261,4,functions,functions,NNS,NN
6882,Peoples_Republic_of_Korea_1998,0,261,5,of,of,IN,IN
6883,Peoples_Republic_of_Korea_1998,0,261,6,the,the,DT,DT
6884,Peoples_Republic_of_Korea_1998,0,261,7,Public,public,NNP,NN
6885,Peoples_Republic_of_Korea_1998,0,261,8,Procurators,procurators,NNPS,NN
6886,Peoples_Republic_of_Korea_1998,0,261,10,Office,office,NNP,NN
6887,Peoples_Republic_of_Korea_1998,0,261,11,are,are,VBP,VB
6888,Peoples_Republic_of_Korea_1998,0,261,12,to,to,TO,TO
6889,Peoples_Republic_of_Korea_1998,0,261,14,1.ensure,1ensure,CD,CD
6890,Peoples_Republic_of_Korea_1998,0,261,15,the,the,DT,DT
6891,Peoples_Republic_of_Korea_1998,0,261,16,strict,strict,JJ,JJ
6892,Peoples_Republic_of_Korea_1998,0,261,17,observance,observance,NN,NN
6893,Peoples_Republic_of_Korea_1998,0,261,18,of,of,IN,IN
6894,Peoples_Republic_of_Korea_1998,0,261,19,laws,laws,NNS,NN
6895,Peoples_Republic_of_Korea_1998,0,261,20,by,by,IN,IN
6896,Peoples_Republic_of_Korea_1998,0,261,21,institutions,institutions,NNS,NN
6897,Peoples_Republic_of_Korea_1998,0,261,23,enterprises,enterprises,NNS,NN
6898,Peoples_Republic_of_Korea_1998,0,261,25,organizations,organizations,NNS,NN
6899,Peoples_Republic_of_Korea_1998,0,261,26,and,and,CC,CC
6900,Peoples_Republic_of_Korea_1998,0,261,27,by,by,IN,IN
6901,Peoples_Republic_of_Korea_1998,0,261,28,citizens,citizens,NNS,NN
6902,Peoples_Republic_of_Korea_1998,0,261,30,2.ensure,2ensure,CD,CD
6903,Peoples_Republic_of_Korea_1998,0,261,31,that,that,IN,IN
6904,Peoples_Republic_of_Korea_1998,0,261,32,decisions,decisions,NNS,NN
6905,Peoples_Republic_of_Korea_1998,0,261,33,and,and,CC,CC
6906,Peoples_Republic_of_Korea_1998,0,261,34,directives,directives,NNS,NN
6907,Peoples_Republic_of_Korea_1998,0,261,35,of,of,IN,IN
6908,Peoples_Republic_of_Korea_1998,0,261,36,State,state,NNP,NN
6909,Peoples_Republic_of_Korea_1998,0,261,37,bodies,bodies,NNS,NN
6910,Peoples_Republic_of_Korea_1998,0,261,38,conform,conform,NN,NN
6911,Peoples_Republic_of_Korea_1998,0,261,39,with,with,IN,IN
6912,Peoples_Republic_of_Korea_1998,0,261,40,the,the,DT,DT
6913,Peoples_Republic_of_Korea_1998,0,261,41,Constitution,constitution,NNP,NN
6914,Peoples_Republic_of_Korea_1998,0,261,43,the,the,DT,DT
6915,Peoples_Republic_of_Korea_1998,0,261,44,SPA,spa,NNP,NN
6916,Peoples_Republic_of_Korea_1998,0,261,46,s,s,VBD,VB
6917,Peoples_Republic_of_Korea_1998,0,261,47,laws,laws,NNS,NN
6918,Peoples_Republic_of_Korea_1998,0,261,48,and,and,CC,CC
6919,Peoples_Republic_of_Korea_1998,0,261,49,decisions,decisions,NNS,NN
6920,Peoples_Republic_of_Korea_1998,0,261,51,the,the,DT,DT
6921,Peoples_Republic_of_Korea_1998,0,261,52,NDC,ndc,NNP,NN
6922,Peoples_Republic_of_Korea_1998,0,261,54,s,s,NN,NN
6923,Peoples_Republic_of_Korea_1998,0,261,55,decisions,decisions,NNS,NN
6924,Peoples_Republic_of_Korea_1998,0,261,56,and,and,CC,CC
6925,Peoples_Republic_of_Korea_1998,0,261,57,orders,orders,NNS,NN
6926,Peoples_Republic_of_Korea_1998,0,261,59,the,the,DT,DT
6927,Peoples_Republic_of_Korea_1998,0,261,60,SPA,spa,NNP,NN
6928,Peoples_Republic_of_Korea_1998,0,261,61,Presidium,presidium,NNP,NN
6929,Peoples_Republic_of_Korea_1998,0,261,63,s,s,NN,NN
6930,Peoples_Republic_of_Korea_1998,0,261,64,decrees,decrees,NNS,NN
6931,Peoples_Republic_of_Korea_1998,0,261,66,decisions,decisions,NNS,NN
6932,Peoples_Republic_of_Korea_1998,0,261,68,and,and,CC,CC
6933,Peoples_Republic_of_Korea_1998,0,261,69,directions,directions,NNS,NN
6934,Peoples_Republic_of_Korea_1998,0,261,71,and,and,CC,CC
6935,Peoples_Republic_of_Korea_1998,0,261,72,the,the,DT,DT
6936,Peoples_Republic_of_Korea_1998,0,261,73,Cabinet,cabinet,NNP,NN
6937,Peoples_Republic_of_Korea_1998,0,261,74,decisions,decisions,NNS,NN
6938,Peoples_Republic_of_Korea_1998,0,262,0,3.expose,3expose,CD,CD
6939,Peoples_Republic_of_Korea_1998,0,262,1,and,and,CC,CC
6940,Peoples_Republic_of_Korea_1998,0,262,2,institute,institute,JJ,JJ
6941,Peoples_Republic_of_Korea_1998,0,262,3,legal,legal,JJ,JJ
6942,Peoples_Republic_of_Korea_1998,0,262,4,proceedings,proceedings,NNS,NN
6943,Peoples_Republic_of_Korea_1998,0,262,5,against,against,IN,IN
6944,Peoples_Republic_of_Korea_1998,0,262,6,criminals,criminals,NNS,NN
6945,Peoples_Republic_of_Korea_1998,0,262,7,and,and,CC,CC
6946,Peoples_Republic_of_Korea_1998,0,262,8,offenders,offenders,NNS,NN
6947,Peoples_Republic_of_Korea_1998,0,262,9,in,in,IN,IN
6948,Peoples_Republic_of_Korea_1998,0,262,10,order,order,NN,NN
6949,Peoples_Republic_of_Korea_1998,0,262,11,to,to,TO,TO
6950,Peoples_Republic_of_Korea_1998,0,262,12,protect,protect,VB,VB
6951,Peoples_Republic_of_Korea_1998,0,262,13,the,the,DT,DT
6952,Peoples_Republic_of_Korea_1998,0,262,14,State,state,NNP,NN
6953,Peoples_Republic_of_Korea_1998,0,262,15,power,power,NN,NN
6954,Peoples_Republic_of_Korea_1998,0,262,16,of,of,IN,IN
6955,Peoples_Republic_of_Korea_1998,0,262,17,the,the,DT,DT
6956,Peoples_Republic_of_Korea_1998,0,262,18,DPRK,dprk,NNP,NN
6957,Peoples_Republic_of_Korea_1998,0,262,20,the,the,DT,DT
6958,Peoples_Republic_of_Korea_1998,0,262,21,socialist,socialist,NN,NN
6959,Peoples_Republic_of_Korea_1998,0,262,22,system,system,NN,NN
6960,Peoples_Republic_of_Korea_1998,0,262,24,the,the,DT,DT
6961,Peoples_Republic_of_Korea_1998,0,262,25,property,property,NN,NN
6962,Peoples_Republic_of_Korea_1998,0,262,26,of,of,IN,IN
6963,Peoples_Republic_of_Korea_1998,0,262,27,the,the,DT,DT
6964,Peoples_Republic_of_Korea_1998,0,262,28,State,state,NNP,NN
6965,Peoples_Republic_of_Korea_1998,0,262,29,and,and,CC,CC
6966,Peoples_Republic_of_Korea_1998,0,262,30,social,social,JJ,JJ
6967,Peoples_Republic_of_Korea_1998,0,262,32,cooperative,cooperative,JJ,JJ
6968,Peoples_Republic_of_Korea_1998,0,262,33,organizations,organizations,NNS,NN
6969,Peoples_Republic_of_Korea_1998,0,262,34,and,and,CC,CC
6970,Peoples_Republic_of_Korea_1998,0,262,35,personal,personal,JJ,JJ
6971,Peoples_Republic_of_Korea_1998,0,262,36,rights,rights,NNS,NN
6972,Peoples_Republic_of_Korea_1998,0,262,37,as,as,IN,IN
6973,Peoples_Republic_of_Korea_1998,0,262,38,guaranteed,guaranteed,VBN,VB
6974,Peoples_Republic_of_Korea_1998,0,262,39,by,by,IN,IN
6975,Peoples_Republic_of_Korea_1998,0,262,40,the,the,DT,DT
6976,Peoples_Republic_of_Korea_1998,0,262,41,Constitution,constitution,NNP,NN
6977,Peoples_Republic_of_Korea_1998,0,262,42,and,and,CC,CC
6978,Peoples_Republic_of_Korea_1998,0,262,43,the,the,DT,DT
6979,Peoples_Republic_of_Korea_1998,0,262,44,people,people,NNS,NN
6980,Peoples_Republic_of_Korea_1998,0,262,46,s,s,JJ,JJ
6981,Peoples_Republic_of_Korea_1998,0,262,47,lives,lives,NNS,NN
6982,Peoples_Republic_of_Korea_1998,0,262,48,and,and,CC,CC
6983,Peoples_Republic_of_Korea_1998,0,262,49,property,property,NN,NN
6984,Peoples_Republic_of_Korea_1998,0,263,0,Article,article,NN,NN
6985,Peoples_Republic_of_Korea_1998,0,263,1,151,151,CD,CD
6986,Peoples_Republic_of_Korea_1998,0,263,2,Share,share,NNP,NN
6987,Peoples_Republic_of_Korea_1998,0,263,3,Investigation,investigation,NNP,NN
6988,Peoples_Republic_of_Korea_1998,0,263,4,are,are,VBP,VB
6989,Peoples_Republic_of_Korea_1998,0,263,5,prosecution,prosecution,NN,NN
6990,Peoples_Republic_of_Korea_1998,0,263,6,are,are,VBP,VB
6991,Peoples_Republic_of_Korea_1998,0,263,7,conducted,conducted,VBN,VB
6992,Peoples_Republic_of_Korea_1998,0,263,8,under,under,IN,IN
6993,Peoples_Republic_of_Korea_1998,0,263,9,the,the,DT,DT
6994,Peoples_Republic_of_Korea_1998,0,263,10,unified,unified,JJ,JJ
6995,Peoples_Republic_of_Korea_1998,0,263,11,direction,direction,NN,NN
6996,Peoples_Republic_of_Korea_1998,0,263,12,of,of,IN,IN
6997,Peoples_Republic_of_Korea_1998,0,263,13,the,the,DT,DT
6998,Peoples_Republic_of_Korea_1998,0,263,14,Central,central,NNP,NN
6999,Peoples_Republic_of_Korea_1998,0,263,15,Public,public,NNP,NN
7000,Peoples_Republic_of_Korea_1998,0,263,16,Procurators,procurators,NNP,NN
7001,Peoples_Republic_of_Korea_1998,0,263,18,Office,office,NNP,NN
7002,Peoples_Republic_of_Korea_1998,0,263,20,and,and,CC,CC
7003,Peoples_Republic_of_Korea_1998,0,263,21,all,all,DT,DT
7004,Peoples_Republic_of_Korea_1998,0,263,22,Public,public,NNP,NN
7005,Peoples_Republic_of_Korea_1998,0,263,23,Procurators,procurators,NNPS,NN
7006,Peoples_Republic_of_Korea_1998,0,263,24,Offices,offices,NNPS,NN
7007,Peoples_Republic_of_Korea_1998,0,263,25,are,are,VBP,VB
7008,Peoples_Republic_of_Korea_1998,0,263,26,subordinate,subordinate,JJ,JJ
7009,Peoples_Republic_of_Korea_1998,0,263,27,to,to,TO,TO
7010,Peoples_Republic_of_Korea_1998,0,263,28,their,their,PRP$,PR
7011,Peoples_Republic_of_Korea_1998,0,263,29,higher,higher,JJR,JJ
7012,Peoples_Republic_of_Korea_1998,0,263,30,offices,offices,NNS,NN
7013,Peoples_Republic_of_Korea_1998,0,263,31,and,and,CC,CC
7014,Peoples_Republic_of_Korea_1998,0,263,32,the,the,DT,DT
7015,Peoples_Republic_of_Korea_1998,0,263,33,Central,central,NNP,NN
7016,Peoples_Republic_of_Korea_1998,0,263,34,Procurators,procurators,NNP,NN
7017,Peoples_Republic_of_Korea_1998,0,263,36,Office,office,NNP,NN
7018,Peoples_Republic_of_Korea_1998,0,264,0,Article,article,NN,NN
7019,Peoples_Republic_of_Korea_1998,0,264,1,152,152,CD,CD
7020,Peoples_Republic_of_Korea_1998,0,264,2,Share,share,NNP,NN
7021,Peoples_Republic_of_Korea_1998,0,264,3,The,the,DT,DT
7022,Peoples_Republic_of_Korea_1998,0,264,4,Central,central,NNP,NN
7023,Peoples_Republic_of_Korea_1998,0,264,5,Procurators,procurators,NNP,NN
7024,Peoples_Republic_of_Korea_1998,0,264,7,Office,office,NNP,NN
7025,Peoples_Republic_of_Korea_1998,0,264,8,is,is,VBZ,VB
7026,Peoples_Republic_of_Korea_1998,0,264,9,accountable,accountable,JJ,JJ
7027,Peoples_Republic_of_Korea_1998,0,264,10,to,to,TO,TO
7028,Peoples_Republic_of_Korea_1998,0,264,11,the,the,DT,DT
7029,Peoples_Republic_of_Korea_1998,0,264,12,SPA,spa,NNP,NN
7030,Peoples_Republic_of_Korea_1998,0,264,14,and,and,CC,CC
7031,Peoples_Republic_of_Korea_1998,0,264,15,to,to,TO,TO
7032,Peoples_Republic_of_Korea_1998,0,264,16,the,the,DT,DT
7033,Peoples_Republic_of_Korea_1998,0,264,17,SPA,spa,NNP,NN
7034,Peoples_Republic_of_Korea_1998,0,264,18,Presidium,presidium,NNP,NN
7035,Peoples_Republic_of_Korea_1998,0,264,19,when,when,WRB,WR
7036,Peoples_Republic_of_Korea_1998,0,264,20,the,the,DT,DT
7037,Peoples_Republic_of_Korea_1998,0,264,21,SPA,spa,NNP,NN
7038,Peoples_Republic_of_Korea_1998,0,264,22,is,is,VBZ,VB
7039,Peoples_Republic_of_Korea_1998,0,264,23,in,in,IN,IN
7040,Peoples_Republic_of_Korea_1998,0,264,24,recess,recess,NN,NN
7041,Peoples_Republic_of_Korea_1998,0,265,0,Article,article,NN,NN
7042,Peoples_Republic_of_Korea_1998,0,265,1,153,153,CD,CD
7043,Peoples_Republic_of_Korea_1998,0,265,2,Share,share,NNP,NN
7044,Peoples_Republic_of_Korea_1998,0,265,3,Justice,justice,NNP,NN
7045,Peoples_Republic_of_Korea_1998,0,265,4,is,is,VBZ,VB
7046,Peoples_Republic_of_Korea_1998,0,265,5,administered,administered,VBN,VB
7047,Peoples_Republic_of_Korea_1998,0,265,6,by,by,IN,IN
7048,Peoples_Republic_of_Korea_1998,0,265,7,the,the,DT,DT
7049,Peoples_Republic_of_Korea_1998,0,265,8,Central,central,NNP,NN
7050,Peoples_Republic_of_Korea_1998,0,265,9,Court,court,NNP,NN
7051,Peoples_Republic_of_Korea_1998,0,265,11,Provincial,provincial,NNP,NN
7052,Peoples_Republic_of_Korea_1998,0,265,13,or,or,CC,CC
7053,Peoples_Republic_of_Korea_1998,0,265,14,municipality,municipality,NN,NN
7054,Peoples_Republic_of_Korea_1998,0,265,15,directly,directly,RB,RB
7055,Peoples_Republic_of_Korea_1998,0,265,16,under,under,IN,IN
7056,Peoples_Republic_of_Korea_1998,0,265,17,the,the,DT,DT
7057,Peoples_Republic_of_Korea_1998,0,265,18,central,central,JJ,JJ
7058,Peoples_Republic_of_Korea_1998,0,265,19,authority,authority,NN,NN
7059,Peoples_Republic_of_Korea_1998,0,265,21,Court,court,NNP,NN
7060,Peoples_Republic_of_Korea_1998,0,265,23,People,people,NNP,NN
7061,Peoples_Republic_of_Korea_1998,0,265,25,s,s,JJ,JJ
7062,Peoples_Republic_of_Korea_1998,0,265,26,Court,court,NNP,NN
7063,Peoples_Republic_of_Korea_1998,0,265,27,or,or,CC,CC
7064,Peoples_Republic_of_Korea_1998,0,265,28,by,by,IN,IN
7065,Peoples_Republic_of_Korea_1998,0,265,29,the,the,DT,DT
7066,Peoples_Republic_of_Korea_1998,0,265,30,Special,special,JJ,JJ
7067,Peoples_Republic_of_Korea_1998,0,265,31,Court,court,NNP,NN
7068,Peoples_Republic_of_Korea_1998,0,266,0,Verdicts,verdicts,NNS,NN
7069,Peoples_Republic_of_Korea_1998,0,266,1,are,are,VBP,VB
7070,Peoples_Republic_of_Korea_1998,0,266,2,delivered,delivered,VBN,VB
7071,Peoples_Republic_of_Korea_1998,0,266,3,in,in,IN,IN
7072,Peoples_Republic_of_Korea_1998,0,266,4,the,the,DT,DT
7073,Peoples_Republic_of_Korea_1998,0,266,5,name,name,NN,NN
7074,Peoples_Republic_of_Korea_1998,0,266,6,of,of,IN,IN
7075,Peoples_Republic_of_Korea_1998,0,266,7,the,the,DT,DT
7076,Peoples_Republic_of_Korea_1998,0,266,8,DPRK,dprk,NNP,NN
7077,Peoples_Republic_of_Korea_1998,0,267,0,Article,article,NN,NN
7078,Peoples_Republic_of_Korea_1998,0,267,1,154,154,CD,CD
7079,Peoples_Republic_of_Korea_1998,0,267,2,Share,share,NNP,NN
7080,Peoples_Republic_of_Korea_1998,0,267,3,The,the,DT,DT
7081,Peoples_Republic_of_Korea_1998,0,267,4,term,term,NN,NN
7082,Peoples_Republic_of_Korea_1998,0,267,5,of,of,IN,IN
7083,Peoples_Republic_of_Korea_1998,0,267,6,director,director,NN,NN
7084,Peoples_Republic_of_Korea_1998,0,267,7,of,of,IN,IN
7085,Peoples_Republic_of_Korea_1998,0,267,8,the,the,DT,DT
7086,Peoples_Republic_of_Korea_1998,0,267,9,Central,central,NNP,NN
7087,Peoples_Republic_of_Korea_1998,0,267,10,Court,court,NNP,NN
7088,Peoples_Republic_of_Korea_1998,0,267,11,is,is,VBZ,VB
7089,Peoples_Republic_of_Korea_1998,0,267,12,the,the,DT,DT
7090,Peoples_Republic_of_Korea_1998,0,267,13,same,same,JJ,JJ
7091,Peoples_Republic_of_Korea_1998,0,267,14,as,as,IN,IN
7092,Peoples_Republic_of_Korea_1998,0,267,15,that,that,DT,DT
7093,Peoples_Republic_of_Korea_1998,0,267,16,of,of,IN,IN
7094,Peoples_Republic_of_Korea_1998,0,267,17,the,the,DT,DT
7095,Peoples_Republic_of_Korea_1998,0,267,18,SPA,spa,NNP,NN
7096,Peoples_Republic_of_Korea_1998,0,268,0,The,the,DT,DT
7097,Peoples_Republic_of_Korea_1998,0,268,1,term,term,NN,NN
7098,Peoples_Republic_of_Korea_1998,0,268,2,of,of,IN,IN
7099,Peoples_Republic_of_Korea_1998,0,268,3,judges,judges,NNS,NN
7100,Peoples_Republic_of_Korea_1998,0,268,4,of,of,IN,IN
7101,Peoples_Republic_of_Korea_1998,0,268,5,the,the,DT,DT
7102,Peoples_Republic_of_Korea_1998,0,268,6,Central,central,NNP,NN
7103,Peoples_Republic_of_Korea_1998,0,268,7,Court,court,NNP,NN
7104,Peoples_Republic_of_Korea_1998,0,268,9,Provincial,provincial,NNP,NN
7105,Peoples_Republic_of_Korea_1998,0,268,11,or,or,CC,CC
7106,Peoples_Republic_of_Korea_1998,0,268,12,municipality,municipality,NN,NN
7107,Peoples_Republic_of_Korea_1998,0,268,13,directly,directly,RB,RB
7108,Peoples_Republic_of_Korea_1998,0,268,14,under,under,IN,IN
7109,Peoples_Republic_of_Korea_1998,0,268,15,the,the,DT,DT
7110,Peoples_Republic_of_Korea_1998,0,268,16,central,central,JJ,JJ
7111,Peoples_Republic_of_Korea_1998,0,268,17,authority,authority,NN,NN
7112,Peoples_Republic_of_Korea_1998,0,268,19,Court,court,NNP,NN
7113,Peoples_Republic_of_Korea_1998,0,268,21,People,people,NNP,NN
7114,Peoples_Republic_of_Korea_1998,0,268,23,s,s,JJ,JJ
7115,Peoples_Republic_of_Korea_1998,0,268,24,Court,court,NNP,NN
7116,Peoples_Republic_of_Korea_1998,0,268,26,and,and,CC,CC
7117,Peoples_Republic_of_Korea_1998,0,268,27,that,that,IN,IN
7118,Peoples_Republic_of_Korea_1998,0,268,28,of,of,IN,IN
7119,Peoples_Republic_of_Korea_1998,0,268,29,the,the,DT,DT
7120,Peoples_Republic_of_Korea_1998,0,268,30,people,people,NNS,NN
7121,Peoples_Republic_of_Korea_1998,0,268,32,s,s,JJ,JJ
7122,Peoples_Republic_of_Korea_1998,0,268,33,assessors,assessors,NNS,NN
7123,Peoples_Republic_of_Korea_1998,0,268,34,are,are,VBP,VB
7124,Peoples_Republic_of_Korea_1998,0,268,35,the,the,DT,DT
7125,Peoples_Republic_of_Korea_1998,0,268,36,same,same,JJ,JJ
7126,Peoples_Republic_of_Korea_1998,0,268,37,as,as,IN,IN
7127,Peoples_Republic_of_Korea_1998,0,268,38,that,that,DT,DT
7128,Peoples_Republic_of_Korea_1998,0,268,39,of,of,IN,IN
7129,Peoples_Republic_of_Korea_1998,0,268,40,the,the,DT,DT
7130,Peoples_Republic_of_Korea_1998,0,268,41,people,people,NNS,NN
7131,Peoples_Republic_of_Korea_1998,0,268,43,s,s,JJ,JJ
7132,Peoples_Republic_of_Korea_1998,0,268,44,assembly,assembly,NN,NN
7133,Peoples_Republic_of_Korea_1998,0,268,45,at,at,IN,IN
7134,Peoples_Republic_of_Korea_1998,0,268,46,the,the,DT,DT
7135,Peoples_Republic_of_Korea_1998,0,268,47,corresponding,corresponding,JJ,JJ
7136,Peoples_Republic_of_Korea_1998,0,268,48,level,level,NN,NN
7137,Peoples_Republic_of_Korea_1998,0,269,0,Article,article,NN,NN
7138,Peoples_Republic_of_Korea_1998,0,269,1,155,155,CD,CD
7139,Peoples_Republic_of_Korea_1998,0,269,2,Share,share,NNP,NN
7140,Peoples_Republic_of_Korea_1998,0,269,3,The,the,DT,DT
7141,Peoples_Republic_of_Korea_1998,0,269,4,Central,central,NNP,NN
7142,Peoples_Republic_of_Korea_1998,0,269,5,Court,court,NNP,NN
7143,Peoples_Republic_of_Korea_1998,0,269,6,appoints,appoints,NNS,NN
7144,Peoples_Republic_of_Korea_1998,0,269,7,and,and,CC,CC
7145,Peoples_Republic_of_Korea_1998,0,269,8,removes,removes,VBZ,VB
7146,Peoples_Republic_of_Korea_1998,0,269,9,the,the,DT,DT
7147,Peoples_Republic_of_Korea_1998,0,269,10,director,director,NN,NN
7148,Peoples_Republic_of_Korea_1998,0,269,11,and,and,CC,CC
7149,Peoples_Republic_of_Korea_1998,0,269,12,judges,judges,NNS,NN
7150,Peoples_Republic_of_Korea_1998,0,269,13,of,of,IN,IN
7151,Peoples_Republic_of_Korea_1998,0,269,14,the,the,DT,DT
7152,Peoples_Republic_of_Korea_1998,0,269,15,Special,special,JJ,JJ
7153,Peoples_Republic_of_Korea_1998,0,269,16,Court,court,NNP,NN
7154,Peoples_Republic_of_Korea_1998,0,270,0,People,people,NNS,NN
7155,Peoples_Republic_of_Korea_1998,0,270,2,s,s,JJ,JJ
7156,Peoples_Republic_of_Korea_1998,0,270,3,assessors,assessors,NNS,NN
7157,Peoples_Republic_of_Korea_1998,0,270,4,of,of,IN,IN
7158,Peoples_Republic_of_Korea_1998,0,270,5,the,the,DT,DT
7159,Peoples_Republic_of_Korea_1998,0,270,6,Special,special,JJ,JJ
7160,Peoples_Republic_of_Korea_1998,0,270,7,Court,court,NNP,NN
7161,Peoples_Republic_of_Korea_1998,0,270,8,are,are,VBP,VB
7162,Peoples_Republic_of_Korea_1998,0,270,9,elected,elected,VBN,VB
7163,Peoples_Republic_of_Korea_1998,0,270,10,by,by,IN,IN
7164,Peoples_Republic_of_Korea_1998,0,270,11,soldiers,soldiers,NNS,NN
7165,Peoples_Republic_of_Korea_1998,0,270,12,of,of,IN,IN
7166,Peoples_Republic_of_Korea_1998,0,270,13,the,the,DT,DT
7167,Peoples_Republic_of_Korea_1998,0,270,14,unit,unit,NN,NN
7168,Peoples_Republic_of_Korea_1998,0,270,15,concerned,concerned,VBD,VB
7169,Peoples_Republic_of_Korea_1998,0,270,16,or,or,CC,CC
7170,Peoples_Republic_of_Korea_1998,0,270,17,by,by,IN,IN
7171,Peoples_Republic_of_Korea_1998,0,270,18,employees,employees,NNS,NN
7172,Peoples_Republic_of_Korea_1998,0,270,19,at,at,IN,IN
7173,Peoples_Republic_of_Korea_1998,0,270,20,their,their,PRP$,PR
7174,Peoples_Republic_of_Korea_1998,0,270,21,meetings,meetings,NNS,NN
7175,Peoples_Republic_of_Korea_1998,0,271,0,Article,article,NN,NN
7176,Peoples_Republic_of_Korea_1998,0,271,1,156,156,CD,CD
7177,Peoples_Republic_of_Korea_1998,0,271,2,Share,share,NNP,NN
7178,Peoples_Republic_of_Korea_1998,0,271,3,The,the,DT,DT
7179,Peoples_Republic_of_Korea_1998,0,271,4,court,court,NN,NN
7180,Peoples_Republic_of_Korea_1998,0,271,5,has,has,VBZ,VB
7181,Peoples_Republic_of_Korea_1998,0,271,6,the,the,DT,DT
7182,Peoples_Republic_of_Korea_1998,0,271,7,duties,duties,NNS,NN
7183,Peoples_Republic_of_Korea_1998,0,271,8,to,to,TO,TO
7184,Peoples_Republic_of_Korea_1998,0,271,10,1.protect,1protect,CD,CD
7185,Peoples_Republic_of_Korea_1998,0,271,11,through,through,IN,IN
7186,Peoples_Republic_of_Korea_1998,0,271,12,judicial,judicial,JJ,JJ
7187,Peoples_Republic_of_Korea_1998,0,271,13,procedure,procedure,NN,NN
7188,Peoples_Republic_of_Korea_1998,0,271,14,the,the,DT,DT
7189,Peoples_Republic_of_Korea_1998,0,271,15,State,state,NNP,NN
7190,Peoples_Republic_of_Korea_1998,0,271,16,power,power,NN,NN
7191,Peoples_Republic_of_Korea_1998,0,271,17,and,and,CC,CC
7192,Peoples_Republic_of_Korea_1998,0,271,18,the,the,DT,DT
7193,Peoples_Republic_of_Korea_1998,0,271,19,socialist,socialist,NN,NN
7194,Peoples_Republic_of_Korea_1998,0,271,20,system,system,NN,NN
7195,Peoples_Republic_of_Korea_1998,0,271,21,established,established,VBN,VB
7196,Peoples_Republic_of_Korea_1998,0,271,22,in,in,IN,IN
7197,Peoples_Republic_of_Korea_1998,0,271,23,the,the,DT,DT
7198,Peoples_Republic_of_Korea_1998,0,271,24,DPRK,dprk,NNP,NN
7199,Peoples_Republic_of_Korea_1998,0,271,26,the,the,DT,DT
7200,Peoples_Republic_of_Korea_1998,0,271,27,property,property,NN,NN
7201,Peoples_Republic_of_Korea_1998,0,271,28,of,of,IN,IN
7202,Peoples_Republic_of_Korea_1998,0,271,29,the,the,DT,DT
7203,Peoples_Republic_of_Korea_1998,0,271,30,State,state,NNP,NN
7204,Peoples_Republic_of_Korea_1998,0,271,31,and,and,CC,CC
7205,Peoples_Republic_of_Korea_1998,0,271,32,social,social,JJ,JJ
7206,Peoples_Republic_of_Korea_1998,0,271,34,cooperative,cooperative,JJ,JJ
7207,Peoples_Republic_of_Korea_1998,0,271,35,organizations,organizations,NNS,NN
7208,Peoples_Republic_of_Korea_1998,0,271,37,personal,personal,JJ,JJ
7209,Peoples_Republic_of_Korea_1998,0,271,38,rights,rights,NNS,NN
7210,Peoples_Republic_of_Korea_1998,0,271,39,as,as,IN,IN
7211,Peoples_Republic_of_Korea_1998,0,271,40,guaranteed,guaranteed,VBN,VB
7212,Peoples_Republic_of_Korea_1998,0,271,41,by,by,IN,IN
7213,Peoples_Republic_of_Korea_1998,0,271,42,the,the,DT,DT
7214,Peoples_Republic_of_Korea_1998,0,271,43,Constitution,constitution,NNP,NN
7215,Peoples_Republic_of_Korea_1998,0,271,45,and,and,CC,CC
7216,Peoples_Republic_of_Korea_1998,0,271,46,the,the,DT,DT
7217,Peoples_Republic_of_Korea_1998,0,271,47,lives,lives,NNS,NN
7218,Peoples_Republic_of_Korea_1998,0,271,48,and,and,CC,CC
7219,Peoples_Republic_of_Korea_1998,0,271,49,property,property,NN,NN
7220,Peoples_Republic_of_Korea_1998,0,271,50,of,of,IN,IN
7221,Peoples_Republic_of_Korea_1998,0,271,51,citizens,citizens,NNS,NN
7222,Peoples_Republic_of_Korea_1998,0,271,53,2.ensure,2ensure,CD,CD
7223,Peoples_Republic_of_Korea_1998,0,271,54,that,that,IN,IN
7224,Peoples_Republic_of_Korea_1998,0,271,55,all,all,DT,DT
7225,Peoples_Republic_of_Korea_1998,0,271,56,institutions,institutions,NNS,NN
7226,Peoples_Republic_of_Korea_1998,0,271,58,enterprises,enterprises,NNS,NN
7227,Peoples_Republic_of_Korea_1998,0,271,60,organizations,organizations,NNS,NN
7228,Peoples_Republic_of_Korea_1998,0,271,61,and,and,CC,CC
7229,Peoples_Republic_of_Korea_1998,0,271,62,citizens,citizens,NNS,NN
7230,Peoples_Republic_of_Korea_1998,0,271,63,abide,abide,RB,RB
7231,Peoples_Republic_of_Korea_1998,0,271,64,strictly,strictly,RB,RB
7232,Peoples_Republic_of_Korea_1998,0,271,65,by,by,IN,IN
7233,Peoples_Republic_of_Korea_1998,0,271,66,State,state,NNP,NN
7234,Peoples_Republic_of_Korea_1998,0,271,67,laws,laws,NNS,NN
7235,Peoples_Republic_of_Korea_1998,0,271,68,and,and,CC,CC
7236,Peoples_Republic_of_Korea_1998,0,271,69,staunchly,staunchly,RB,RB
7237,Peoples_Republic_of_Korea_1998,0,271,70,combat,combat,NN,NN
7238,Peoples_Republic_of_Korea_1998,0,271,71,class,class,NN,NN
7239,Peoples_Republic_of_Korea_1998,0,271,72,enemies,enemies,NNS,NN
7240,Peoples_Republic_of_Korea_1998,0,271,73,and,and,CC,CC
7241,Peoples_Republic_of_Korea_1998,0,271,74,all,all,DT,DT
7242,Peoples_Republic_of_Korea_1998,0,271,75,law-breakers,lawbreakers,NNS,NN
7243,Peoples_Republic_of_Korea_1998,0,271,77,3.give,3give,CD,CD
7244,Peoples_Republic_of_Korea_1998,0,271,78,judgements,judgements,NNS,NN
7245,Peoples_Republic_of_Korea_1998,0,271,79,and,and,CC,CC
7246,Peoples_Republic_of_Korea_1998,0,271,80,findings,findings,NNS,NN
7247,Peoples_Republic_of_Korea_1998,0,271,81,with,with,IN,IN
7248,Peoples_Republic_of_Korea_1998,0,271,82,regard,regard,NN,NN
7249,Peoples_Republic_of_Korea_1998,0,271,83,to,to,TO,TO
7250,Peoples_Republic_of_Korea_1998,0,271,84,property,property,NN,NN
7251,Peoples_Republic_of_Korea_1998,0,271,85,and,and,CC,CC
7252,Peoples_Republic_of_Korea_1998,0,271,86,conduct,conduct,NN,NN
7253,Peoples_Republic_of_Korea_1998,0,271,87,notarial,notarial,JJ,JJ
7254,Peoples_Republic_of_Korea_1998,0,271,88,work,work,NN,NN
7255,Peoples_Republic_of_Korea_1998,0,272,0,Article,article,NN,NN
7256,Peoples_Republic_of_Korea_1998,0,272,1,157,157,CD,CD
7257,Peoples_Republic_of_Korea_1998,0,272,2,Share,share,NN,NN
7258,Peoples_Republic_of_Korea_1998,0,272,3,A,a,DT,DT
7259,Peoples_Republic_of_Korea_1998,0,272,4,trial,trial,NN,NN
7260,Peoples_Republic_of_Korea_1998,0,272,5,is,is,VBZ,VB
7261,Peoples_Republic_of_Korea_1998,0,272,6,conducted,conducted,VBN,VB
7262,Peoples_Republic_of_Korea_1998,0,272,7,by,by,IN,IN
7263,Peoples_Republic_of_Korea_1998,0,272,8,a,a,DT,DT
7264,Peoples_Republic_of_Korea_1998,0,272,9,court,court,NN,NN
7265,Peoples_Republic_of_Korea_1998,0,272,10,which,which,WDT,WD
7266,Peoples_Republic_of_Korea_1998,0,272,11,consists,consists,VBZ,VB
7267,Peoples_Republic_of_Korea_1998,0,272,12,of,of,IN,IN
7268,Peoples_Republic_of_Korea_1998,0,272,13,one,one,CD,CD
7269,Peoples_Republic_of_Korea_1998,0,272,14,judge,judge,NN,NN
7270,Peoples_Republic_of_Korea_1998,0,272,15,and,and,CC,CC
7271,Peoples_Republic_of_Korea_1998,0,272,16,two,two,CD,CD
7272,Peoples_Republic_of_Korea_1998,0,272,17,people,people,NNS,NN
7273,Peoples_Republic_of_Korea_1998,0,272,19,s,s,JJ,JJ
7274,Peoples_Republic_of_Korea_1998,0,272,20,assessors,assessors,NNS,NN
7275,Peoples_Republic_of_Korea_1998,0,273,0,In,in,IN,IN
7276,Peoples_Republic_of_Korea_1998,0,273,1,a,a,DT,DT
7277,Peoples_Republic_of_Korea_1998,0,273,2,special,special,JJ,JJ
7278,Peoples_Republic_of_Korea_1998,0,273,3,case,case,NN,NN
7279,Peoples_Republic_of_Korea_1998,0,273,5,the,the,DT,DT
7280,Peoples_Republic_of_Korea_1998,0,273,6,court,court,NN,NN
7281,Peoples_Republic_of_Korea_1998,0,273,7,may,may,MD,MD
7282,Peoples_Republic_of_Korea_1998,0,273,8,consists,consists,VB,VB
7283,Peoples_Republic_of_Korea_1998,0,273,9,of,of,IN,IN
7284,Peoples_Republic_of_Korea_1998,0,273,10,three,three,CD,CD
7285,Peoples_Republic_of_Korea_1998,0,273,11,judges,judges,NNS,NN
7286,Peoples_Republic_of_Korea_1998,0,274,0,Article,article,NN,NN
7287,Peoples_Republic_of_Korea_1998,0,274,1,158,158,CD,CD
7288,Peoples_Republic_of_Korea_1998,0,274,2,Share,share,NNP,NN
7289,Peoples_Republic_of_Korea_1998,0,274,3,Court,court,NNP,NN
7290,Peoples_Republic_of_Korea_1998,0,274,4,cases,cases,NNS,NN
7291,Peoples_Republic_of_Korea_1998,0,274,5,are,are,VBP,VB
7292,Peoples_Republic_of_Korea_1998,0,274,6,heard,heard,VBN,VB
7293,Peoples_Republic_of_Korea_1998,0,274,7,in,in,IN,IN
7294,Peoples_Republic_of_Korea_1998,0,274,8,public,public,JJ,JJ
7295,Peoples_Republic_of_Korea_1998,0,274,9,and,and,CC,CC
7296,Peoples_Republic_of_Korea_1998,0,274,10,the,the,DT,DT
7297,Peoples_Republic_of_Korea_1998,0,274,11,accused,accused,VBN,VB
7298,Peoples_Republic_of_Korea_1998,0,274,12,is,is,VBZ,VB
7299,Peoples_Republic_of_Korea_1998,0,274,13,guaranteed,guaranteed,VBN,VB
7300,Peoples_Republic_of_Korea_1998,0,274,14,the,the,DT,DT
7301,Peoples_Republic_of_Korea_1998,0,274,15,right,right,NN,NN
7302,Peoples_Republic_of_Korea_1998,0,274,16,of,of,IN,IN
7303,Peoples_Republic_of_Korea_1998,0,274,17,defense,defense,NN,NN
7304,Peoples_Republic_of_Korea_1998,0,275,0,Hearings,hearings,NNS,NN
7305,Peoples_Republic_of_Korea_1998,0,275,1,may,may,MD,MD
7306,Peoples_Republic_of_Korea_1998,0,275,2,be,be,VB,VB
7307,Peoples_Republic_of_Korea_1998,0,275,3,closed,closed,VBN,VB
7308,Peoples_Republic_of_Korea_1998,0,275,4,to,to,TO,TO
7309,Peoples_Republic_of_Korea_1998,0,275,5,the,the,DT,DT
7310,Peoples_Republic_of_Korea_1998,0,275,6,public,public,NN,NN
7311,Peoples_Republic_of_Korea_1998,0,275,7,as,as,IN,IN
7312,Peoples_Republic_of_Korea_1998,0,275,8,stipulated,stipulated,VBN,VB
7313,Peoples_Republic_of_Korea_1998,0,275,9,by,by,IN,IN
7314,Peoples_Republic_of_Korea_1998,0,275,10,law,law,NN,NN
7315,Peoples_Republic_of_Korea_1998,0,276,0,Article,article,NN,NN
7316,Peoples_Republic_of_Korea_1998,0,276,1,159,159,CD,CD
7317,Peoples_Republic_of_Korea_1998,0,276,2,Share,share,NNP,NN
7318,Peoples_Republic_of_Korea_1998,0,276,3,Judicial,judicial,NNP,NN
7319,Peoples_Republic_of_Korea_1998,0,276,4,proceedings,proceedings,NNS,NN
7320,Peoples_Republic_of_Korea_1998,0,276,5,are,are,VBP,VB
7321,Peoples_Republic_of_Korea_1998,0,276,6,conducted,conducted,VBN,VB
7322,Peoples_Republic_of_Korea_1998,0,276,7,in,in,IN,IN
7323,Peoples_Republic_of_Korea_1998,0,276,8,the,the,DT,DT
7324,Peoples_Republic_of_Korea_1998,0,276,9,Korean,korean,JJ,JJ
7325,Peoples_Republic_of_Korea_1998,0,276,10,language,language,NN,NN
7326,Peoples_Republic_of_Korea_1998,0,277,0,Foreign,foreign,NNP,NN
7327,Peoples_Republic_of_Korea_1998,0,277,1,citizens,citizens,NNS,NN
7328,Peoples_Republic_of_Korea_1998,0,277,2,may,may,MD,MD
7329,Peoples_Republic_of_Korea_1998,0,277,3,use,use,VB,VB
7330,Peoples_Republic_of_Korea_1998,0,277,4,their,their,PRP$,PR
7331,Peoples_Republic_of_Korea_1998,0,277,5,own,own,JJ,JJ
7332,Peoples_Republic_of_Korea_1998,0,277,6,language,language,NN,NN
7333,Peoples_Republic_of_Korea_1998,0,277,7,during,during,IN,IN
7334,Peoples_Republic_of_Korea_1998,0,277,8,court,court,NN,NN
7335,Peoples_Republic_of_Korea_1998,0,277,9,proceedings,proceedings,NNS,NN
7336,Peoples_Republic_of_Korea_1998,0,278,0,Article,article,NN,NN
7337,Peoples_Republic_of_Korea_1998,0,278,1,160,160,CD,CD
7338,Peoples_Republic_of_Korea_1998,0,278,2,Share,share,NN,NN
7339,Peoples_Republic_of_Korea_1998,0,278,3,In,in,IN,IN
7340,Peoples_Republic_of_Korea_1998,0,278,4,administering,administering,VBG,VB
7341,Peoples_Republic_of_Korea_1998,0,278,5,justice,justice,NN,NN
7342,Peoples_Republic_of_Korea_1998,0,278,7,the,the,DT,DT
7343,Peoples_Republic_of_Korea_1998,0,278,8,Court,court,NNP,NN
7344,Peoples_Republic_of_Korea_1998,0,278,9,is,is,VBZ,VB
7345,Peoples_Republic_of_Korea_1998,0,278,10,independent,independent,JJ,JJ
7346,Peoples_Republic_of_Korea_1998,0,278,12,and,and,CC,CC
7347,Peoples_Republic_of_Korea_1998,0,278,13,judicial,judicial,JJ,JJ
7348,Peoples_Republic_of_Korea_1998,0,278,14,proceedings,proceedings,NNS,NN
7349,Peoples_Republic_of_Korea_1998,0,278,15,are,are,VBP,VB
7350,Peoples_Republic_of_Korea_1998,0,278,16,carried,carried,VBN,VB
7351,Peoples_Republic_of_Korea_1998,0,278,17,out,out,IN,IN
7352,Peoples_Republic_of_Korea_1998,0,278,18,in,in,IN,IN
7353,Peoples_Republic_of_Korea_1998,0,278,19,strict,strict,JJ,JJ
7354,Peoples_Republic_of_Korea_1998,0,278,20,accordance,accordance,NN,NN
7355,Peoples_Republic_of_Korea_1998,0,278,21,with,with,IN,IN
7356,Peoples_Republic_of_Korea_1998,0,278,22,the,the,DT,DT
7357,Peoples_Republic_of_Korea_1998,0,278,23,law,law,NN,NN
7358,Peoples_Republic_of_Korea_1998,0,279,0,Article,article,NN,NN
7359,Peoples_Republic_of_Korea_1998,0,279,1,161,161,CD,CD
7360,Peoples_Republic_of_Korea_1998,0,279,2,Share,share,NNP,NN
7361,Peoples_Republic_of_Korea_1998,0,279,3,The,the,DT,DT
7362,Peoples_Republic_of_Korea_1998,0,279,4,Central,central,NNP,NN
7363,Peoples_Republic_of_Korea_1998,0,279,5,Court,court,NNP,NN
7364,Peoples_Republic_of_Korea_1998,0,279,6,is,is,VBZ,VB
7365,Peoples_Republic_of_Korea_1998,0,279,7,the,the,DT,DT
7366,Peoples_Republic_of_Korea_1998,0,279,8,supreme,supreme,JJ,JJ
7367,Peoples_Republic_of_Korea_1998,0,279,9,court,court,NN,NN
7368,Peoples_Republic_of_Korea_1998,0,279,10,of,of,IN,IN
7369,Peoples_Republic_of_Korea_1998,0,279,11,the,the,DT,DT
7370,Peoples_Republic_of_Korea_1998,0,279,12,DPRK,dprk,NNP,NN
7371,Peoples_Republic_of_Korea_1998,0,280,0,The,the,DT,DT
7372,Peoples_Republic_of_Korea_1998,0,280,1,Central,central,NNP,NN
7373,Peoples_Republic_of_Korea_1998,0,280,2,Court,court,NNP,NN
7374,Peoples_Republic_of_Korea_1998,0,280,3,supervises,supervises,VBZ,VB
7375,Peoples_Republic_of_Korea_1998,0,280,4,trial,trial,NN,NN
7376,Peoples_Republic_of_Korea_1998,0,280,5,activities,activities,NNS,NN
7377,Peoples_Republic_of_Korea_1998,0,280,6,of,of,IN,IN
7378,Peoples_Republic_of_Korea_1998,0,280,7,all,all,DT,DT
7379,Peoples_Republic_of_Korea_1998,0,280,8,courts,courts,NNS,NN
7380,Peoples_Republic_of_Korea_1998,0,281,0,Article,article,NN,NN
7381,Peoples_Republic_of_Korea_1998,0,281,1,162,162,CD,CD
7382,Peoples_Republic_of_Korea_1998,0,281,2,Share,share,NNP,NN
7383,Peoples_Republic_of_Korea_1998,0,281,3,The,the,DT,DT
7384,Peoples_Republic_of_Korea_1998,0,281,4,Central,central,NNP,NN
7385,Peoples_Republic_of_Korea_1998,0,281,5,Court,court,NNP,NN
7386,Peoples_Republic_of_Korea_1998,0,281,6,is,is,VBZ,VB
7387,Peoples_Republic_of_Korea_1998,0,281,7,accountable,accountable,JJ,JJ
7388,Peoples_Republic_of_Korea_1998,0,281,8,to,to,TO,TO
7389,Peoples_Republic_of_Korea_1998,0,281,9,the,the,DT,DT
7390,Peoples_Republic_of_Korea_1998,0,281,10,SPA,spa,NNP,NN
7391,Peoples_Republic_of_Korea_1998,0,281,12,and,and,CC,CC
7392,Peoples_Republic_of_Korea_1998,0,281,13,to,to,TO,TO
7393,Peoples_Republic_of_Korea_1998,0,281,14,the,the,DT,DT
7394,Peoples_Republic_of_Korea_1998,0,281,15,SPA,spa,NNP,NN
7395,Peoples_Republic_of_Korea_1998,0,281,16,Presidium,presidium,NNP,NN
7396,Peoples_Republic_of_Korea_1998,0,281,17,when,when,WRB,WR
7397,Peoples_Republic_of_Korea_1998,0,281,18,the,the,DT,DT
7398,Peoples_Republic_of_Korea_1998,0,281,19,SPA,spa,NNP,NN
7399,Peoples_Republic_of_Korea_1998,0,281,20,is,is,VBZ,VB
7400,Peoples_Republic_of_Korea_1998,0,281,21,in,in,IN,IN
7401,Peoples_Republic_of_Korea_1998,0,281,22,recess,recess,NN,NN
7402,Peoples_Republic_of_Korea_1998,0,282,0,Chapter,chapter,NN,NN
7403,Peoples_Republic_of_Korea_1998,0,282,1,7,7,CD,CD
7404,Peoples_Republic_of_Korea_1998,0,283,0,National,national,NNP,NN
7405,Peoples_Republic_of_Korea_1998,0,283,1,Emblem,emblem,NNP,NN
7406,Peoples_Republic_of_Korea_1998,0,283,3,Flag,flag,NNP,NN
7407,Peoples_Republic_of_Korea_1998,0,283,5,National,national,NNP,NN
7408,Peoples_Republic_of_Korea_1998,0,283,6,Anthem,anthem,NNP,NN
7409,Peoples_Republic_of_Korea_1998,0,283,7,and,and,CC,CC
7410,Peoples_Republic_of_Korea_1998,0,283,8,Capital,capital,NNP,NN
7411,Peoples_Republic_of_Korea_1998,0,283,9,Share,share,NNP,NN
7412,Peoples_Republic_of_Korea_1998,0,283,10,Article,article,NNP,NN
7413,Peoples_Republic_of_Korea_1998,0,283,11,163,163,CD,CD
7414,Peoples_Republic_of_Korea_1998,0,283,12,Share,share,NNP,NN
7415,Peoples_Republic_of_Korea_1998,0,283,13,The,the,DT,DT
7416,Peoples_Republic_of_Korea_1998,0,283,14,national,national,JJ,JJ
7417,Peoples_Republic_of_Korea_1998,0,283,15,emblem,emblem,NN,NN
7418,Peoples_Republic_of_Korea_1998,0,283,16,of,of,IN,IN
7419,Peoples_Republic_of_Korea_1998,0,283,17,the,the,DT,DT
7420,Peoples_Republic_of_Korea_1998,0,283,18,DPRK,dprk,NNP,NN
7421,Peoples_Republic_of_Korea_1998,0,283,19,bears,bears,VBZ,VB
7422,Peoples_Republic_of_Korea_1998,0,283,20,the,the,DT,DT
7423,Peoples_Republic_of_Korea_1998,0,283,21,design,design,NN,NN
7424,Peoples_Republic_of_Korea_1998,0,283,22,of,of,IN,IN
7425,Peoples_Republic_of_Korea_1998,0,283,23,a,a,DT,DT
7426,Peoples_Republic_of_Korea_1998,0,283,24,grand,grand,JJ,JJ
7427,Peoples_Republic_of_Korea_1998,0,283,25,hydroelectric,hydroelectric,JJ,JJ
7428,Peoples_Republic_of_Korea_1998,0,283,26,power,power,NN,NN
7429,Peoples_Republic_of_Korea_1998,0,283,27,station,station,NN,NN
7430,Peoples_Republic_of_Korea_1998,0,283,28,under,under,IN,IN
7431,Peoples_Republic_of_Korea_1998,0,283,29,Mt,mt,NNP,NN
7432,Peoples_Republic_of_Korea_1998,0,284,0,Paektu,paektu,NNP,NN
7433,Peoples_Republic_of_Korea_1998,0,284,2,the,the,DT,DT
7434,Peoples_Republic_of_Korea_1998,0,284,3,sacred,sacred,JJ,JJ
7435,Peoples_Republic_of_Korea_1998,0,284,4,mountain,mountain,NN,NN
7436,Peoples_Republic_of_Korea_1998,0,284,5,of,of,IN,IN
7437,Peoples_Republic_of_Korea_1998,0,284,6,the,the,DT,DT
7438,Peoples_Republic_of_Korea_1998,0,284,7,revolution,revolution,NN,NN
7439,Peoples_Republic_of_Korea_1998,0,284,9,and,and,CC,CC
7440,Peoples_Republic_of_Korea_1998,0,284,10,the,the,DT,DT
7441,Peoples_Republic_of_Korea_1998,0,284,11,beaming,beaming,VBG,VB
7442,Peoples_Republic_of_Korea_1998,0,284,12,light,light,NN,NN
7443,Peoples_Republic_of_Korea_1998,0,284,13,of,of,IN,IN
7444,Peoples_Republic_of_Korea_1998,0,284,14,a,a,DT,DT
7445,Peoples_Republic_of_Korea_1998,0,284,15,five-pointed,fivepointed,JJ,JJ
7446,Peoples_Republic_of_Korea_1998,0,284,16,red,red,JJ,JJ
7447,Peoples_Republic_of_Korea_1998,0,284,17,star,star,NN,NN
7448,Peoples_Republic_of_Korea_1998,0,284,19,with,with,IN,IN
7449,Peoples_Republic_of_Korea_1998,0,284,20,ears,ears,NNS,NN
7450,Peoples_Republic_of_Korea_1998,0,284,21,of,of,IN,IN
7451,Peoples_Republic_of_Korea_1998,0,284,22,rice,rice,NN,NN
7452,Peoples_Republic_of_Korea_1998,0,284,23,forming,forming,VBG,VB
7453,Peoples_Republic_of_Korea_1998,0,284,24,an,an,DT,DT
7454,Peoples_Republic_of_Korea_1998,0,284,25,oval,oval,NN,NN
7455,Peoples_Republic_of_Korea_1998,0,284,26,frame,frame,NN,NN
7456,Peoples_Republic_of_Korea_1998,0,284,28,bound,bound,NN,NN
7457,Peoples_Republic_of_Korea_1998,0,284,29,with,with,IN,IN
7458,Peoples_Republic_of_Korea_1998,0,284,30,a,a,DT,DT
7459,Peoples_Republic_of_Korea_1998,0,284,31,red,red,JJ,JJ
7460,Peoples_Republic_of_Korea_1998,0,284,32,ribbon,ribbon,NN,NN
7461,Peoples_Republic_of_Korea_1998,0,284,33,bearing,bearing,VBG,VB
7462,Peoples_Republic_of_Korea_1998,0,284,34,the,the,DT,DT
7463,Peoples_Republic_of_Korea_1998,0,284,35,inscription,inscription,NN,NN
7464,Peoples_Republic_of_Korea_1998,0,284,37,The,the,DT,DT
7465,Peoples_Republic_of_Korea_1998,0,284,38,Democratic,democratic,JJ,JJ
7466,Peoples_Republic_of_Korea_1998,0,284,39,People,people,NNP,NN
7467,Peoples_Republic_of_Korea_1998,0,284,41,s,s,VBZ,VB
7468,Peoples_Republic_of_Korea_1998,0,284,42,Republic,republic,NNP,NN
7469,Peoples_Republic_of_Korea_1998,0,284,43,of,of,IN,IN
7470,Peoples_Republic_of_Korea_1998,0,284,44,Korea.,korea,NNP,NN
7471,Peoples_Republic_of_Korea_1998,0,284,46,Article,article,NNP,NN
7472,Peoples_Republic_of_Korea_1998,0,284,47,164,164,CD,CD
7473,Peoples_Republic_of_Korea_1998,0,284,48,Share,share,NNP,NN
7474,Peoples_Republic_of_Korea_1998,0,284,49,The,the,DT,DT
7475,Peoples_Republic_of_Korea_1998,0,284,50,national,national,JJ,JJ
7476,Peoples_Republic_of_Korea_1998,0,284,51,flag,flag,NN,NN
7477,Peoples_Republic_of_Korea_1998,0,284,52,of,of,IN,IN
7478,Peoples_Republic_of_Korea_1998,0,284,53,the,the,DT,DT
7479,Peoples_Republic_of_Korea_1998,0,284,54,DPRK,dprk,NNP,NN
7480,Peoples_Republic_of_Korea_1998,0,284,55,consists,consists,VBZ,VB
7481,Peoples_Republic_of_Korea_1998,0,284,56,of,of,IN,IN
7482,Peoples_Republic_of_Korea_1998,0,284,57,a,a,DT,DT
7483,Peoples_Republic_of_Korea_1998,0,284,58,central,central,JJ,JJ
7484,Peoples_Republic_of_Korea_1998,0,284,59,red,red,JJ,JJ
7485,Peoples_Republic_of_Korea_1998,0,284,60,panel,panel,NN,NN
7486,Peoples_Republic_of_Korea_1998,0,284,62,bordered,bordered,VBD,VB
7487,Peoples_Republic_of_Korea_1998,0,284,63,both,both,DT,DT
7488,Peoples_Republic_of_Korea_1998,0,284,64,above,above,IN,IN
7489,Peoples_Republic_of_Korea_1998,0,284,65,and,and,CC,CC
7490,Peoples_Republic_of_Korea_1998,0,284,66,below,below,IN,IN
7491,Peoples_Republic_of_Korea_1998,0,284,67,by,by,IN,IN
7492,Peoples_Republic_of_Korea_1998,0,284,68,a,a,DT,DT
7493,Peoples_Republic_of_Korea_1998,0,284,69,narrow,narrow,JJ,JJ
7494,Peoples_Republic_of_Korea_1998,0,284,70,white,white,JJ,JJ
7495,Peoples_Republic_of_Korea_1998,0,284,71,stripe,stripe,NN,NN
7496,Peoples_Republic_of_Korea_1998,0,284,72,and,and,CC,CC
7497,Peoples_Republic_of_Korea_1998,0,284,73,a,a,DT,DT
7498,Peoples_Republic_of_Korea_1998,0,284,74,broad,broad,JJ,JJ
7499,Peoples_Republic_of_Korea_1998,0,284,75,blue,blue,NN,NN
7500,Peoples_Republic_of_Korea_1998,0,284,76,stripe,stripe,NN,NN
7501,Peoples_Republic_of_Korea_1998,0,285,0,The,the,DT,DT
7502,Peoples_Republic_of_Korea_1998,0,285,1,central,central,JJ,JJ
7503,Peoples_Republic_of_Korea_1998,0,285,2,red,red,JJ,JJ
7504,Peoples_Republic_of_Korea_1998,0,285,3,panel,panel,NN,NN
7505,Peoples_Republic_of_Korea_1998,0,285,4,bears,bears,VBZ,VB
7506,Peoples_Republic_of_Korea_1998,0,285,5,a,a,DT,DT
7507,Peoples_Republic_of_Korea_1998,0,285,6,five-,five,JJ,JJ
7508,Peoples_Republic_of_Korea_1998,0,285,7,pointed,pointed,JJ,JJ
7509,Peoples_Republic_of_Korea_1998,0,285,8,red,red,JJ,JJ
7510,Peoples_Republic_of_Korea_1998,0,285,9,star,star,NN,NN
7511,Peoples_Republic_of_Korea_1998,0,285,10,within,within,IN,IN
7512,Peoples_Republic_of_Korea_1998,0,285,11,a,a,DT,DT
7513,Peoples_Republic_of_Korea_1998,0,285,12,white,white,JJ,JJ
7514,Peoples_Republic_of_Korea_1998,0,285,13,circle,circle,NN,NN
7515,Peoples_Republic_of_Korea_1998,0,285,14,near,near,IN,IN
7516,Peoples_Republic_of_Korea_1998,0,285,15,the,the,DT,DT
7517,Peoples_Republic_of_Korea_1998,0,285,16,hoise,hoise,NN,NN
7518,Peoples_Republic_of_Korea_1998,0,286,0,The,the,DT,DT
7519,Peoples_Republic_of_Korea_1998,0,286,1,ratio,ratio,NN,NN
7520,Peoples_Republic_of_Korea_1998,0,286,2,of,of,IN,IN
7521,Peoples_Republic_of_Korea_1998,0,286,3,the,the,DT,DT
7522,Peoples_Republic_of_Korea_1998,0,286,4,width,width,NN,NN
7523,Peoples_Republic_of_Korea_1998,0,286,5,to,to,TO,TO
7524,Peoples_Republic_of_Korea_1998,0,286,6,its,its,PRP$,PR
7525,Peoples_Republic_of_Korea_1998,0,286,7,length,length,NN,NN
7526,Peoples_Republic_of_Korea_1998,0,286,8,is,is,VBZ,VB
7527,Peoples_Republic_of_Korea_1998,0,286,9,1:2,12,CD,CD
7528,Peoples_Republic_of_Korea_1998,0,287,0,Article,article,NN,NN
7529,Peoples_Republic_of_Korea_1998,0,287,1,165,165,CD,CD
7530,Peoples_Republic_of_Korea_1998,0,287,2,Share,share,NNP,NN
7531,Peoples_Republic_of_Korea_1998,0,287,3,The,the,DT,DT
7532,Peoples_Republic_of_Korea_1998,0,287,4,national,national,JJ,JJ
7533,Peoples_Republic_of_Korea_1998,0,287,5,anthem,anthem,NN,NN
7534,Peoples_Republic_of_Korea_1998,0,287,6,of,of,IN,IN
7535,Peoples_Republic_of_Korea_1998,0,287,7,the,the,DT,DT
7536,Peoples_Republic_of_Korea_1998,0,287,8,DPRK,dprk,NNP,NN
7537,Peoples_Republic_of_Korea_1998,0,287,9,is,is,VBZ,VB
7538,Peoples_Republic_of_Korea_1998,0,287,11,the,the,DT,DT
7539,Peoples_Republic_of_Korea_1998,0,287,12,Patriotic,patriotic,NNP,NN
7540,Peoples_Republic_of_Korea_1998,0,287,13,Song.,song,NNP,NN
7541,Peoples_Republic_of_Korea_1998,0,287,15,Article,article,NNP,NN
7542,Peoples_Republic_of_Korea_1998,0,287,16,166,166,CD,CD
7543,Peoples_Republic_of_Korea_1998,0,287,17,Share,share,NNP,NN
7544,Peoples_Republic_of_Korea_1998,0,287,18,The,the,DT,DT
7545,Peoples_Republic_of_Korea_1998,0,287,19,capital,capital,NN,NN
7546,Peoples_Republic_of_Korea_1998,0,287,20,of,of,IN,IN
7547,Peoples_Republic_of_Korea_1998,0,287,21,the,the,DT,DT
7548,Peoples_Republic_of_Korea_1998,0,287,22,DPRK,dprk,NNP,NN
7549,Peoples_Republic_of_Korea_1998,0,287,23,is,is,VBZ,VB
7550,Peoples_Republic_of_Korea_1998,0,287,24,Pyongyang,pyongyang,NNP,NN
