,country,para_num,sent_num,token_num,token_str,term_str,pos,pos_group
0,Tonga_1988,0,0,0,Tonga,tonga,NN,NN
1,Tonga_1988,0,0,1,1875,1875,CD,CD
2,Tonga_1988,0,0,3,rev,rev,NN,NN
3,Tonga_1988,0,1,0,1988,1988,CD,CD
4,Tonga_1988,0,1,2,Preamble,preamble,NNP,NN
5,Tonga_1988,0,1,3,Share,share,NNP,NN
6,Tonga_1988,0,1,4,Granted,granted,VBN,VB
7,Tonga_1988,0,1,5,by,by,IN,IN
8,Tonga_1988,0,1,6,His,his,PRP$,PR
9,Tonga_1988,0,1,7,Majesty,majesty,NNP,NN
10,Tonga_1988,0,1,8,King,king,NNP,NN
11,Tonga_1988,0,1,9,George,george,NNP,NN
12,Tonga_1988,0,1,10,Tupou,tupou,NNP,NN
13,Tonga_1988,0,1,11,I,i,PRP,PR
14,Tonga_1988,0,1,12,on,on,IN,IN
15,Tonga_1988,0,1,13,the,the,DT,DT
16,Tonga_1988,0,1,14,fourth,fourth,JJ,JJ
17,Tonga_1988,0,1,15,day,day,NN,NN
18,Tonga_1988,0,1,16,of,of,IN,IN
19,Tonga_1988,0,1,17,November,november,NNP,NN
20,Tonga_1988,0,1,18,One,one,NNP,NN
21,Tonga_1988,0,1,19,thousand,thousand,NN,NN
22,Tonga_1988,0,1,20,eight,eight,CD,CD
23,Tonga_1988,0,1,21,hundred,hundred,CD,CD
24,Tonga_1988,0,1,22,and,and,CC,CC
25,Tonga_1988,0,1,23,seventy-five,seventyfive,JJ,JJ
26,Tonga_1988,0,1,24,and,and,CC,CC
27,Tonga_1988,0,1,25,amended,amended,VBN,VB
28,Tonga_1988,0,1,26,in,in,IN,IN
29,Tonga_1988,0,1,27,accordance,accordance,NN,NN
30,Tonga_1988,0,1,28,with,with,IN,IN
31,Tonga_1988,0,1,29,the,the,DT,DT
32,Tonga_1988,0,1,30,law,law,NN,NN
33,Tonga_1988,0,1,31,on,on,IN,IN
34,Tonga_1988,0,1,32,divers,divers,NNS,NN
35,Tonga_1988,0,1,33,dates,dates,NNS,NN
36,Tonga_1988,0,1,35,FN,fn,NNP,NN
37,Tonga_1988,0,1,37,The,the,DT,DT
38,Tonga_1988,0,1,38,1966,1966,CD,CD
39,Tonga_1988,0,1,39,Act,act,NNP,NN
40,Tonga_1988,0,1,40,to,to,TO,TO
41,Tonga_1988,0,1,41,amend,amend,VB,VB
42,Tonga_1988,0,1,42,the,the,DT,DT
43,Tonga_1988,0,1,43,Constitution,constitution,NNP,NN
44,Tonga_1988,0,1,44,had,had,VBD,VB
45,Tonga_1988,0,1,45,not,not,RB,RB
46,Tonga_1988,0,1,47,as,as,IN,IN
47,Tonga_1988,0,1,48,at,at,IN,IN
48,Tonga_1988,0,1,49,31,31,CD,CD
49,Tonga_1988,0,1,50,December,december,NNP,NN
50,Tonga_1988,0,1,51,1988,1988,CD,CD
51,Tonga_1988,0,1,53,been,been,VBN,VB
52,Tonga_1988,0,1,54,brought,brought,VBN,VB
53,Tonga_1988,0,1,55,into,into,IN,IN
54,Tonga_1988,0,1,56,operation,operation,NN,NN
55,Tonga_1988,0,1,57,but,but,CC,CC
56,Tonga_1988,0,1,58,the,the,DT,DT
57,Tonga_1988,0,1,59,amendments,amendments,NNS,NN
58,Tonga_1988,0,1,60,made,made,VBN,VB
59,Tonga_1988,0,1,61,by,by,IN,IN
60,Tonga_1988,0,1,62,it,it,PRP,PR
61,Tonga_1988,0,1,63,are,are,VBP,VB
62,Tonga_1988,0,1,64,included,included,VBN,VB
63,Tonga_1988,0,1,65,in,in,IN,IN
64,Tonga_1988,0,1,66,this,this,DT,DT
65,Tonga_1988,0,1,67,Revised,revised,VBN,VB
66,Tonga_1988,0,1,68,Edition,edition,NN,NN
67,Tonga_1988,0,2,0,Each,each,DT,DT
68,Tonga_1988,0,2,1,section,section,NN,NN
69,Tonga_1988,0,2,2,affected,affected,VBD,VB
70,Tonga_1988,0,2,3,is,is,VBZ,VB
71,Tonga_1988,0,2,4,noted,noted,VBN,VB
72,Tonga_1988,0,2,5,to,to,TO,TO
73,Tonga_1988,0,2,6,this,this,DT,DT
74,Tonga_1988,0,2,7,effect,effect,NN,NN
75,Tonga_1988,0,3,0,The,the,DT,DT
76,Tonga_1988,0,3,1,amendments,amendments,NNS,NN
77,Tonga_1988,0,3,2,relate,relate,VBP,VB
78,Tonga_1988,0,3,3,to,to,TO,TO
79,Tonga_1988,0,3,4,the,the,DT,DT
80,Tonga_1988,0,3,5,Court,court,NNP,NN
81,Tonga_1988,0,3,6,of,of,IN,IN
82,Tonga_1988,0,3,7,Appeal,appeal,NNP,NN
83,Tonga_1988,0,4,0,The,the,DT,DT
84,Tonga_1988,0,4,1,Act,act,NNP,NN
85,Tonga_1988,0,4,2,not,not,RB,RB
86,Tonga_1988,0,4,3,yet,yet,RB,RB
87,Tonga_1988,0,4,4,in,in,IN,IN
88,Tonga_1988,0,4,5,force,force,NN,NN
89,Tonga_1988,0,4,6,is,is,VBZ,VB
90,Tonga_1988,0,4,7,the,the,DT,DT
91,Tonga_1988,0,4,8,Constitution,constitution,NNP,NN
92,Tonga_1988,0,4,10,Court,court,NNP,NN
93,Tonga_1988,0,4,11,of,of,IN,IN
94,Tonga_1988,0,4,12,Appeal,appeal,NNP,NN
95,Tonga_1988,0,4,13,Amendment,amendment,NNP,NN
96,Tonga_1988,0,4,15,Act,act,NNP,NN
97,Tonga_1988,0,4,17,1966,1966,CD,CD
98,Tonga_1988,0,4,19,Act,act,NNP,NN
99,Tonga_1988,0,4,20,13,13,CD,CD
100,Tonga_1988,0,4,21,of,of,IN,IN
101,Tonga_1988,0,4,22,1966,1966,CD,CD
102,Tonga_1988,0,5,0,in,in,IN,IN
103,Tonga_1988,0,5,1,and,and,CC,CC
104,Tonga_1988,0,5,2,between,between,IN,IN
105,Tonga_1988,0,5,3,the,the,DT,DT
106,Tonga_1988,0,5,4,year,year,NN,NN
107,Tonga_1988,0,5,5,One,one,CD,CD
108,Tonga_1988,0,5,6,thousand,thousand,NN,NN
109,Tonga_1988,0,5,7,eight,eight,CD,CD
110,Tonga_1988,0,5,8,hundred,hundred,CD,CD
111,Tonga_1988,0,5,9,and,and,CC,CC
112,Tonga_1988,0,5,10,eighty,eighty,VB,VB
113,Tonga_1988,0,5,11,and,and,CC,CC
114,Tonga_1988,0,5,12,the,the,DT,DT
115,Tonga_1988,0,5,13,year,year,NN,NN
116,Tonga_1988,0,5,14,One,one,CD,CD
117,Tonga_1988,0,5,15,thousand,thousand,NN,NN
118,Tonga_1988,0,5,16,nine,nine,CD,CD
119,Tonga_1988,0,5,17,hundred,hundred,VBN,VB
120,Tonga_1988,0,5,18,and,and,CC,CC
121,Tonga_1988,0,5,19,eighty-eight,eightyeight,JJ,JJ
122,Tonga_1988,0,5,20,and,and,CC,CC
123,Tonga_1988,0,5,21,revised,revised,VBN,VB
124,Tonga_1988,0,5,22,in,in,IN,IN
125,Tonga_1988,0,5,23,accordance,accordance,NN,NN
126,Tonga_1988,0,5,24,with,with,IN,IN
127,Tonga_1988,0,5,25,the,the,DT,DT
128,Tonga_1988,0,5,26,Laws,laws,NNP,NN
129,Tonga_1988,0,5,27,Consolidation,consolidation,NNP,NN
130,Tonga_1988,0,5,28,Act,act,NNP,NN
131,Tonga_1988,0,5,29,on,on,IN,IN
132,Tonga_1988,0,5,30,the,the,DT,DT
133,Tonga_1988,0,5,31,thirty-first,thirtyfirst,JJ,JJ
134,Tonga_1988,0,5,32,day,day,NN,NN
135,Tonga_1988,0,5,33,of,of,IN,IN
136,Tonga_1988,0,5,34,December,december,NNP,NN
137,Tonga_1988,0,5,36,1988,1988,CD,CD
138,Tonga_1988,0,6,0,PART,part,NN,NN
139,Tonga_1988,0,6,1,I,i,PRP,PR
140,Tonga_1988,0,7,0,DECLARATION,declaration,NNP,NN
141,Tonga_1988,0,7,1,OF,of,NNP,NN
142,Tonga_1988,0,7,2,RIGHTS,rights,NNP,NN
143,Tonga_1988,0,7,3,1,1,CD,CD
144,Tonga_1988,0,8,0,Declaration,declaration,NN,NN
145,Tonga_1988,0,8,1,of,of,IN,IN
146,Tonga_1988,0,8,2,freedom,freedom,NN,NN
147,Tonga_1988,0,8,3,Share,share,NNP,NN
148,Tonga_1988,0,8,4,Since,since,IN,IN
149,Tonga_1988,0,8,5,it,it,PRP,PR
150,Tonga_1988,0,8,6,appears,appears,VBZ,VB
151,Tonga_1988,0,8,7,to,to,TO,TO
152,Tonga_1988,0,8,8,be,be,VB,VB
153,Tonga_1988,0,8,9,the,the,DT,DT
154,Tonga_1988,0,8,10,will,will,MD,MD
155,Tonga_1988,0,8,11,of,of,IN,IN
156,Tonga_1988,0,8,12,God,god,NNP,NN
157,Tonga_1988,0,8,13,that,that,IN,IN
158,Tonga_1988,0,8,14,man,man,NN,NN
159,Tonga_1988,0,8,15,should,should,MD,MD
160,Tonga_1988,0,8,16,be,be,VB,VB
161,Tonga_1988,0,8,17,free,free,JJ,JJ
162,Tonga_1988,0,8,18,as,as,IN,IN
163,Tonga_1988,0,8,19,He,he,PRP,PR
164,Tonga_1988,0,8,20,has,has,VBZ,VB
165,Tonga_1988,0,8,21,made,made,VBN,VB
166,Tonga_1988,0,8,22,all,all,DT,DT
167,Tonga_1988,0,8,23,men,men,NNS,NN
168,Tonga_1988,0,8,24,of,of,IN,IN
169,Tonga_1988,0,8,25,one,one,CD,CD
170,Tonga_1988,0,8,26,blood,blood,NN,NN
171,Tonga_1988,0,8,27,therefore,therefore,RB,RB
172,Tonga_1988,0,8,28,shall,shall,MD,MD
173,Tonga_1988,0,8,29,the,the,DT,DT
174,Tonga_1988,0,8,30,people,people,NNS,NN
175,Tonga_1988,0,8,31,of,of,IN,IN
176,Tonga_1988,0,8,32,Tonga,tonga,NNP,NN
177,Tonga_1988,0,8,33,and,and,CC,CC
178,Tonga_1988,0,8,34,all,all,DT,DT
179,Tonga_1988,0,8,35,who,who,WP,WP
180,Tonga_1988,0,8,36,sojourn,sojourn,VBP,VB
181,Tonga_1988,0,8,37,or,or,CC,CC
182,Tonga_1988,0,8,38,may,may,MD,MD
183,Tonga_1988,0,8,39,sojourn,sojourn,VB,VB
184,Tonga_1988,0,8,40,in,in,IN,IN
185,Tonga_1988,0,8,41,this,this,DT,DT
186,Tonga_1988,0,8,42,Kingdom,kingdom,NNP,NN
187,Tonga_1988,0,8,43,be,be,VB,VB
188,Tonga_1988,0,8,44,free,free,JJ,JJ
189,Tonga_1988,0,8,45,for,for,IN,IN
190,Tonga_1988,0,8,46,ever,ever,RB,RB
191,Tonga_1988,0,9,0,And,and,CC,CC
192,Tonga_1988,0,9,1,all,all,DT,DT
193,Tonga_1988,0,9,2,men,men,NNS,NN
194,Tonga_1988,0,9,3,may,may,MD,MD
195,Tonga_1988,0,9,4,use,use,VB,VB
196,Tonga_1988,0,9,5,their,their,PRP$,PR
197,Tonga_1988,0,9,6,lives,lives,NNS,NN
198,Tonga_1988,0,9,7,and,and,CC,CC
199,Tonga_1988,0,9,8,persons,persons,NNS,NN
200,Tonga_1988,0,9,9,and,and,CC,CC
201,Tonga_1988,0,9,10,time,time,NN,NN
202,Tonga_1988,0,9,11,to,to,TO,TO
203,Tonga_1988,0,9,12,acquire,acquire,VB,VB
204,Tonga_1988,0,9,13,and,and,CC,CC
205,Tonga_1988,0,9,14,possess,possess,VB,VB
206,Tonga_1988,0,9,15,property,property,NN,NN
207,Tonga_1988,0,9,16,and,and,CC,CC
208,Tonga_1988,0,9,17,to,to,TO,TO
209,Tonga_1988,0,9,18,dispose,dispose,VB,VB
210,Tonga_1988,0,9,19,of,of,IN,IN
211,Tonga_1988,0,9,20,their,their,PRP$,PR
212,Tonga_1988,0,9,21,labour,labour,NN,NN
213,Tonga_1988,0,9,22,and,and,CC,CC
214,Tonga_1988,0,9,23,the,the,DT,DT
215,Tonga_1988,0,9,24,fruit,fruit,NN,NN
216,Tonga_1988,0,9,25,of,of,IN,IN
217,Tonga_1988,0,9,26,their,their,PRP$,PR
218,Tonga_1988,0,9,27,hands,hands,NNS,NN
219,Tonga_1988,0,9,28,and,and,CC,CC
220,Tonga_1988,0,9,29,to,to,TO,TO
221,Tonga_1988,0,9,30,use,use,VB,VB
222,Tonga_1988,0,9,31,their,their,PRP$,PR
223,Tonga_1988,0,9,32,own,own,JJ,JJ
224,Tonga_1988,0,9,33,property,property,NN,NN
225,Tonga_1988,0,9,34,as,as,IN,IN
226,Tonga_1988,0,9,35,they,they,PRP,PR
227,Tonga_1988,0,9,36,will,will,MD,MD
228,Tonga_1988,0,10,0,2,2,CD,CD
229,Tonga_1988,0,11,0,Slavery,slavery,NNP,NN
230,Tonga_1988,0,11,1,prohibited,prohibited,VBD,VB
231,Tonga_1988,0,11,2,Share,share,NNP,NN
232,Tonga_1988,0,11,3,No,no,NNP,NN
233,Tonga_1988,0,11,4,person,person,NN,NN
234,Tonga_1988,0,11,5,shall,shall,MD,MD
235,Tonga_1988,0,11,6,serve,serve,VB,VB
236,Tonga_1988,0,11,7,another,another,DT,DT
237,Tonga_1988,0,11,8,against,against,IN,IN
238,Tonga_1988,0,11,9,his,his,PRP$,PR
239,Tonga_1988,0,11,10,will,will,MD,MD
240,Tonga_1988,0,11,11,except,except,VB,VB
241,Tonga_1988,0,11,12,he,he,PRP,PR
242,Tonga_1988,0,11,13,be,be,VB,VB
243,Tonga_1988,0,11,14,undergoing,undergoing,JJ,JJ
244,Tonga_1988,0,11,15,punishment,punishment,NN,NN
245,Tonga_1988,0,11,16,by,by,IN,IN
246,Tonga_1988,0,11,17,law,law,NN,NN
247,Tonga_1988,0,11,18,and,and,CC,CC
248,Tonga_1988,0,11,19,any,any,DT,DT
249,Tonga_1988,0,11,20,slave,slave,NN,NN
250,Tonga_1988,0,11,21,who,who,WP,WP
251,Tonga_1988,0,11,22,may,may,MD,MD
252,Tonga_1988,0,11,23,escape,escape,VB,VB
253,Tonga_1988,0,11,24,from,from,IN,IN
254,Tonga_1988,0,11,25,a,a,DT,DT
255,Tonga_1988,0,11,26,foreign,foreign,JJ,JJ
256,Tonga_1988,0,11,27,country,country,NN,NN
257,Tonga_1988,0,11,28,to,to,TO,TO
258,Tonga_1988,0,11,29,Tonga,tonga,NNP,NN
259,Tonga_1988,0,11,31,unless,unless,IN,IN
260,Tonga_1988,0,11,32,he,he,PRP,PR
261,Tonga_1988,0,11,33,be,be,VB,VB
262,Tonga_1988,0,11,34,escaping,escaping,VBG,VB
263,Tonga_1988,0,11,35,from,from,IN,IN
264,Tonga_1988,0,11,36,justice,justice,NN,NN
265,Tonga_1988,0,11,37,being,being,VBG,VB
266,Tonga_1988,0,11,38,guilty,guilty,JJ,JJ
267,Tonga_1988,0,11,39,of,of,IN,IN
268,Tonga_1988,0,11,40,homicide,homicide,NN,NN
269,Tonga_1988,0,11,41,or,or,CC,CC
270,Tonga_1988,0,11,42,larceny,larceny,NN,NN
271,Tonga_1988,0,11,43,or,or,CC,CC
272,Tonga_1988,0,11,44,any,any,DT,DT
273,Tonga_1988,0,11,45,great,great,JJ,JJ
274,Tonga_1988,0,11,46,crime,crime,NN,NN
275,Tonga_1988,0,11,47,or,or,CC,CC
276,Tonga_1988,0,11,48,involved,involved,VBN,VB
277,Tonga_1988,0,11,49,in,in,IN,IN
278,Tonga_1988,0,11,50,debt,debt,NN,NN
279,Tonga_1988,0,11,52,shall,shall,MD,MD
280,Tonga_1988,0,11,53,be,be,VB,VB
281,Tonga_1988,0,11,54,free,free,JJ,JJ
282,Tonga_1988,0,11,55,from,from,IN,IN
283,Tonga_1988,0,11,56,the,the,DT,DT
284,Tonga_1988,0,11,57,moment,moment,NN,NN
285,Tonga_1988,0,11,58,he,he,PRP,PR
286,Tonga_1988,0,11,59,sets,sets,VBZ,VB
287,Tonga_1988,0,11,60,foot,foot,NN,NN
288,Tonga_1988,0,11,61,on,on,IN,IN
289,Tonga_1988,0,11,62,Tongan,tongan,NNP,NN
290,Tonga_1988,0,11,63,soil,soil,NN,NN
291,Tonga_1988,0,11,64,for,for,IN,IN
292,Tonga_1988,0,11,65,no,no,DT,DT
293,Tonga_1988,0,11,66,person,person,NN,NN
294,Tonga_1988,0,11,67,shall,shall,MD,MD
295,Tonga_1988,0,11,68,be,be,VB,VB
296,Tonga_1988,0,11,69,in,in,IN,IN
297,Tonga_1988,0,11,70,servitude,servitude,NN,NN
298,Tonga_1988,0,11,71,under,under,IN,IN
299,Tonga_1988,0,11,72,the,the,DT,DT
300,Tonga_1988,0,11,73,protection,protection,NN,NN
301,Tonga_1988,0,11,74,of,of,IN,IN
302,Tonga_1988,0,11,75,the,the,DT,DT
303,Tonga_1988,0,11,76,flag,flag,NN,NN
304,Tonga_1988,0,11,77,of,of,IN,IN
305,Tonga_1988,0,11,78,Tonga,tonga,NNP,NN
306,Tonga_1988,0,12,0,3,3,CD,CD
307,Tonga_1988,0,13,0,Conditions,conditions,NNS,NN
308,Tonga_1988,0,13,1,under,under,IN,IN
309,Tonga_1988,0,13,2,which,which,WDT,WD
310,Tonga_1988,0,13,3,foreign,foreign,JJ,JJ
311,Tonga_1988,0,13,4,labourers,labourers,NNS,NN
312,Tonga_1988,0,13,5,may,may,MD,MD
313,Tonga_1988,0,13,6,be,be,VB,VB
314,Tonga_1988,0,13,7,introduced,introduced,VBN,VB
315,Tonga_1988,0,13,8,Share,share,NNP,NN
316,Tonga_1988,0,13,9,Whoever,whoever,NNP,NN
317,Tonga_1988,0,13,10,may,may,MD,MD
318,Tonga_1988,0,13,11,wish,wish,VB,VB
319,Tonga_1988,0,13,12,to,to,TO,TO
320,Tonga_1988,0,13,13,bring,bring,VB,VB
321,Tonga_1988,0,13,14,persons,persons,NNS,NN
322,Tonga_1988,0,13,15,from,from,IN,IN
323,Tonga_1988,0,13,16,other,other,JJ,JJ
324,Tonga_1988,0,13,17,islands,islands,NNS,NN
325,Tonga_1988,0,13,18,to,to,TO,TO
326,Tonga_1988,0,13,19,work,work,VB,VB
327,Tonga_1988,0,13,20,for,for,IN,IN
328,Tonga_1988,0,13,21,him,him,PRP,PR
329,Tonga_1988,0,13,22,may,may,MD,MD
330,Tonga_1988,0,13,23,make,make,VB,VB
331,Tonga_1988,0,13,24,an,an,DT,DT
332,Tonga_1988,0,13,25,agreement,agreement,NN,NN
333,Tonga_1988,0,13,26,with,with,IN,IN
334,Tonga_1988,0,13,27,them,them,PRP,PR
335,Tonga_1988,0,13,28,for,for,IN,IN
336,Tonga_1988,0,13,29,the,the,DT,DT
337,Tonga_1988,0,13,30,number,number,NN,NN
338,Tonga_1988,0,13,31,of,of,IN,IN
339,Tonga_1988,0,13,32,years,years,NNS,NN
340,Tonga_1988,0,13,33,they,they,PRP,PR
341,Tonga_1988,0,13,34,will,will,MD,MD
342,Tonga_1988,0,13,35,work,work,VB,VB
343,Tonga_1988,0,13,36,for,for,IN,IN
344,Tonga_1988,0,13,37,him,him,PRP,PR
345,Tonga_1988,0,13,38,and,and,CC,CC
346,Tonga_1988,0,13,39,a,a,DT,DT
347,Tonga_1988,0,13,40,copy,copy,NN,NN
348,Tonga_1988,0,13,41,of,of,IN,IN
349,Tonga_1988,0,13,42,the,the,DT,DT
350,Tonga_1988,0,13,43,written,written,VBN,VB
351,Tonga_1988,0,13,44,agreement,agreement,NN,NN
352,Tonga_1988,0,13,45,he,he,PRP,PR
353,Tonga_1988,0,13,46,makes,makes,VBZ,VB
354,Tonga_1988,0,13,47,with,with,IN,IN
355,Tonga_1988,0,13,48,them,them,PRP,PR
356,Tonga_1988,0,13,49,shall,shall,MD,MD
357,Tonga_1988,0,13,50,be,be,VB,VB
358,Tonga_1988,0,13,51,deposited,deposited,VBN,VB
359,Tonga_1988,0,13,52,in,in,IN,IN
360,Tonga_1988,0,13,53,the,the,DT,DT
361,Tonga_1988,0,13,54,Public,public,NNP,NN
362,Tonga_1988,0,13,55,Offices,offices,NNPS,NN
363,Tonga_1988,0,13,56,stating,stating,VBG,VB
364,Tonga_1988,0,13,57,the,the,DT,DT
365,Tonga_1988,0,13,58,amount,amount,NN,NN
366,Tonga_1988,0,13,59,of,of,IN,IN
367,Tonga_1988,0,13,60,payment,payment,NN,NN
368,Tonga_1988,0,13,61,they,they,PRP,PR
369,Tonga_1988,0,13,62,shall,shall,MD,MD
370,Tonga_1988,0,13,63,receive,receive,VB,VB
371,Tonga_1988,0,13,64,the,the,DT,DT
372,Tonga_1988,0,13,65,period,period,NN,NN
373,Tonga_1988,0,13,66,they,they,PRP,PR
374,Tonga_1988,0,13,67,shall,shall,MD,MD
375,Tonga_1988,0,13,68,work,work,VB,VB
376,Tonga_1988,0,13,69,and,and,CC,CC
377,Tonga_1988,0,13,70,a,a,DT,DT
378,Tonga_1988,0,13,71,promise,promise,NN,NN
379,Tonga_1988,0,13,72,to,to,TO,TO
380,Tonga_1988,0,13,73,take,take,VB,VB
381,Tonga_1988,0,13,74,them,them,PRP,PR
382,Tonga_1988,0,13,75,back,back,RB,RB
383,Tonga_1988,0,13,76,to,to,TO,TO
384,Tonga_1988,0,13,77,their,their,PRP$,PR
385,Tonga_1988,0,13,78,own,own,JJ,JJ
386,Tonga_1988,0,13,79,land,land,NN,NN
387,Tonga_1988,0,14,0,And,and,CC,CC
388,Tonga_1988,0,14,1,the,the,DT,DT
389,Tonga_1988,0,14,2,Government,government,NNP,NN
390,Tonga_1988,0,14,3,shall,shall,MD,MD
391,Tonga_1988,0,14,4,cause,cause,VB,VB
392,Tonga_1988,0,14,5,such,such,JJ,JJ
393,Tonga_1988,0,14,6,contract,contract,NN,NN
394,Tonga_1988,0,14,7,to,to,TO,TO
395,Tonga_1988,0,14,8,be,be,VB,VB
396,Tonga_1988,0,14,9,carried,carried,VBN,VB
397,Tonga_1988,0,14,10,out,out,RP,RP
398,Tonga_1988,0,14,11,both,both,DT,DT
399,Tonga_1988,0,14,12,on,on,IN,IN
400,Tonga_1988,0,14,13,behalf,behalf,NN,NN
401,Tonga_1988,0,14,14,of,of,IN,IN
402,Tonga_1988,0,14,15,those,those,DT,DT
403,Tonga_1988,0,14,16,who,who,WP,WP
404,Tonga_1988,0,14,17,engage,engage,VBP,VB
405,Tonga_1988,0,14,18,and,and,CC,CC
406,Tonga_1988,0,14,19,those,those,DT,DT
407,Tonga_1988,0,14,20,who,who,WP,WP
408,Tonga_1988,0,14,21,are,are,VBP,VB
409,Tonga_1988,0,14,22,engaged,engaged,VBN,VB
410,Tonga_1988,0,15,0,And,and,CC,CC
411,Tonga_1988,0,15,1,such,such,JJ,JJ
412,Tonga_1988,0,15,2,persons,persons,NNS,NN
413,Tonga_1988,0,15,3,being,being,VBG,VB
414,Tonga_1988,0,15,4,so,so,RB,RB
415,Tonga_1988,0,15,5,introduced,introduced,VBN,VB
416,Tonga_1988,0,15,6,shall,shall,MD,MD
417,Tonga_1988,0,15,7,be,be,VB,VB
418,Tonga_1988,0,15,8,subject,subject,JJ,JJ
419,Tonga_1988,0,15,9,to,to,TO,TO
420,Tonga_1988,0,15,10,the,the,DT,DT
421,Tonga_1988,0,15,11,laws,laws,NNS,NN
422,Tonga_1988,0,15,12,of,of,IN,IN
423,Tonga_1988,0,15,13,the,the,DT,DT
424,Tonga_1988,0,15,14,land,land,NN,NN
425,Tonga_1988,0,15,15,and,and,CC,CC
426,Tonga_1988,0,15,16,shall,shall,MD,MD
427,Tonga_1988,0,15,17,pay,pay,VB,VB
428,Tonga_1988,0,15,18,the,the,DT,DT
429,Tonga_1988,0,15,19,same,same,JJ,JJ
430,Tonga_1988,0,15,20,Customs,customs,NNP,NN
431,Tonga_1988,0,15,21,duties,duties,NNS,NN
432,Tonga_1988,0,15,22,as,as,IN,IN
433,Tonga_1988,0,15,23,all,all,PDT,PD
434,Tonga_1988,0,15,24,the,the,DT,DT
435,Tonga_1988,0,15,25,people,people,NNS,NN
436,Tonga_1988,0,15,26,in,in,IN,IN
437,Tonga_1988,0,15,27,the,the,DT,DT
438,Tonga_1988,0,15,28,Kingdom,kingdom,NNP,NN
439,Tonga_1988,0,15,29,and,and,CC,CC
440,Tonga_1988,0,15,30,taxes,taxes,NNS,NN
441,Tonga_1988,0,15,31,as,as,IN,IN
442,Tonga_1988,0,15,32,shall,shall,MD,MD
443,Tonga_1988,0,15,33,be,be,VB,VB
444,Tonga_1988,0,15,34,ordained,ordained,VBN,VB
445,Tonga_1988,0,15,35,by,by,IN,IN
446,Tonga_1988,0,15,36,the,the,DT,DT
447,Tonga_1988,0,15,37,King,king,NNP,NN
448,Tonga_1988,0,15,38,and,and,CC,CC
449,Tonga_1988,0,15,39,his,his,PRP$,PR
450,Tonga_1988,0,15,40,Cabinet,cabinet,NNP,NN
451,Tonga_1988,0,16,1,Law,law,$,$
452,Tonga_1988,0,16,2,35,35,CD,CD
453,Tonga_1988,0,16,3,of,of,IN,IN
454,Tonga_1988,0,16,4,1912,1912,CD,CD
455,Tonga_1988,0,16,6,Act,act,NNP,NN
456,Tonga_1988,0,16,7,10,10,CD,CD
457,Tonga_1988,0,16,8,of,of,IN,IN
458,Tonga_1988,0,16,9,1918,1918,CD,CD
459,Tonga_1988,0,16,11,Amended,amended,VBN,VB
460,Tonga_1988,0,16,12,by,by,IN,IN
461,Tonga_1988,0,16,13,Act,act,NNP,NN
462,Tonga_1988,0,16,14,3,3,CD,CD
463,Tonga_1988,0,16,15,of,of,IN,IN
464,Tonga_1988,0,16,16,1976,1976,CD,CD
465,Tonga_1988,0,17,0,4,4,CD,CD
466,Tonga_1988,0,18,0,Same,same,JJ,JJ
467,Tonga_1988,0,18,1,law,law,NN,NN
468,Tonga_1988,0,18,2,for,for,IN,IN
469,Tonga_1988,0,18,3,all,all,DT,DT
470,Tonga_1988,0,18,4,classes,classes,NNS,NN
471,Tonga_1988,0,18,5,Share,share,NNP,NN
472,Tonga_1988,0,18,6,There,there,EX,EX
473,Tonga_1988,0,18,7,shall,shall,MD,MD
474,Tonga_1988,0,18,8,be,be,VB,VB
475,Tonga_1988,0,18,9,but,but,CC,CC
476,Tonga_1988,0,18,10,one,one,CD,CD
477,Tonga_1988,0,18,11,law,law,NN,NN
478,Tonga_1988,0,18,12,in,in,IN,IN
479,Tonga_1988,0,18,13,Tonga,tonga,NNP,NN
480,Tonga_1988,0,18,14,for,for,IN,IN
481,Tonga_1988,0,18,15,chiefs,chiefs,NNS,NN
482,Tonga_1988,0,18,16,and,and,CC,CC
483,Tonga_1988,0,18,17,commoners,commoners,NNS,NN
484,Tonga_1988,0,18,18,for,for,IN,IN
485,Tonga_1988,0,18,19,non-Tongans,nontongans,NNS,NN
486,Tonga_1988,0,18,20,and,and,CC,CC
487,Tonga_1988,0,18,21,Tongans,tongans,NNPS,NN
488,Tonga_1988,0,19,0,No,no,DT,DT
489,Tonga_1988,0,19,1,laws,laws,NNS,NN
490,Tonga_1988,0,19,2,shall,shall,MD,MD
491,Tonga_1988,0,19,3,be,be,VB,VB
492,Tonga_1988,0,19,4,enacted,enacted,VBN,VB
493,Tonga_1988,0,19,5,for,for,IN,IN
494,Tonga_1988,0,19,6,one,one,CD,CD
495,Tonga_1988,0,19,7,class,class,NN,NN
496,Tonga_1988,0,19,8,and,and,CC,CC
497,Tonga_1988,0,19,9,not,not,RB,RB
498,Tonga_1988,0,19,10,for,for,IN,IN
499,Tonga_1988,0,19,11,another,another,DT,DT
500,Tonga_1988,0,19,12,class,class,NN,NN
501,Tonga_1988,0,19,13,but,but,CC,CC
502,Tonga_1988,0,19,14,the,the,DT,DT
503,Tonga_1988,0,19,15,law,law,NN,NN
504,Tonga_1988,0,19,16,shall,shall,MD,MD
505,Tonga_1988,0,19,17,be,be,VB,VB
506,Tonga_1988,0,19,18,the,the,DT,DT
507,Tonga_1988,0,19,19,same,same,JJ,JJ
508,Tonga_1988,0,19,20,for,for,IN,IN
509,Tonga_1988,0,19,21,all,all,PDT,PD
510,Tonga_1988,0,19,22,the,the,DT,DT
511,Tonga_1988,0,19,23,people,people,NNS,NN
512,Tonga_1988,0,19,24,of,of,IN,IN
513,Tonga_1988,0,19,25,this,this,DT,DT
514,Tonga_1988,0,19,26,land,land,NN,NN
515,Tonga_1988,0,20,1,Amended,amended,VBN,VB
516,Tonga_1988,0,20,2,by,by,IN,IN
517,Tonga_1988,0,20,3,Act,act,NNP,NN
518,Tonga_1988,0,20,4,3,3,CD,CD
519,Tonga_1988,0,20,5,of,of,IN,IN
520,Tonga_1988,0,20,6,1976,1976,CD,CD
521,Tonga_1988,0,21,0,5,5,CD,CD
522,Tonga_1988,0,22,0,Freedom,freedom,NN,NN
523,Tonga_1988,0,22,1,of,of,IN,IN
524,Tonga_1988,0,22,2,worship,worship,NN,NN
525,Tonga_1988,0,22,3,Share,share,NNP,NN
526,Tonga_1988,0,22,4,All,all,NNP,NN
527,Tonga_1988,0,22,5,men,men,NNS,NN
528,Tonga_1988,0,22,6,are,are,VBP,VB
529,Tonga_1988,0,22,7,free,free,JJ,JJ
530,Tonga_1988,0,22,8,to,to,TO,TO
531,Tonga_1988,0,22,9,practise,practise,VB,VB
532,Tonga_1988,0,22,10,their,their,PRP$,PR
533,Tonga_1988,0,22,11,religion,religion,NN,NN
534,Tonga_1988,0,22,12,and,and,CC,CC
535,Tonga_1988,0,22,13,to,to,TO,TO
536,Tonga_1988,0,22,14,worship,worship,VB,VB
537,Tonga_1988,0,22,15,God,god,NNP,NN
538,Tonga_1988,0,22,16,as,as,IN,IN
539,Tonga_1988,0,22,17,they,they,PRP,PR
540,Tonga_1988,0,22,18,may,may,MD,MD
541,Tonga_1988,0,22,19,deem,deem,VB,VB
542,Tonga_1988,0,22,20,fit,fit,NN,NN
543,Tonga_1988,0,22,21,in,in,IN,IN
544,Tonga_1988,0,22,22,accordance,accordance,NN,NN
545,Tonga_1988,0,22,23,with,with,IN,IN
546,Tonga_1988,0,22,24,the,the,DT,DT
547,Tonga_1988,0,22,25,dictates,dictates,NNS,NN
548,Tonga_1988,0,22,26,of,of,IN,IN
549,Tonga_1988,0,22,27,their,their,PRP$,PR
550,Tonga_1988,0,22,28,own,own,JJ,JJ
551,Tonga_1988,0,22,29,consciences,consciences,NNS,NN
552,Tonga_1988,0,22,30,and,and,CC,CC
553,Tonga_1988,0,22,31,to,to,TO,TO
554,Tonga_1988,0,22,32,assemble,assemble,VB,VB
555,Tonga_1988,0,22,33,for,for,IN,IN
556,Tonga_1988,0,22,34,religious,religious,JJ,JJ
557,Tonga_1988,0,22,35,service,service,NN,NN
558,Tonga_1988,0,22,36,in,in,IN,IN
559,Tonga_1988,0,22,37,such,such,JJ,JJ
560,Tonga_1988,0,22,38,places,places,NNS,NN
561,Tonga_1988,0,22,39,as,as,IN,IN
562,Tonga_1988,0,22,40,they,they,PRP,PR
563,Tonga_1988,0,22,41,may,may,MD,MD
564,Tonga_1988,0,22,42,appoint,appoint,VB,VB
565,Tonga_1988,0,23,0,But,but,CC,CC
566,Tonga_1988,0,23,1,it,it,PRP,PR
567,Tonga_1988,0,23,2,shall,shall,MD,MD
568,Tonga_1988,0,23,3,not,not,RB,RB
569,Tonga_1988,0,23,4,be,be,VB,VB
570,Tonga_1988,0,23,5,lawful,lawful,JJ,JJ
571,Tonga_1988,0,23,6,to,to,TO,TO
572,Tonga_1988,0,23,7,use,use,VB,VB
573,Tonga_1988,0,23,8,this,this,DT,DT
574,Tonga_1988,0,23,9,freedom,freedom,NN,NN
575,Tonga_1988,0,23,10,to,to,TO,TO
576,Tonga_1988,0,23,11,commit,commit,VB,VB
577,Tonga_1988,0,23,12,evil,evil,JJ,JJ
578,Tonga_1988,0,23,13,and,and,CC,CC
579,Tonga_1988,0,23,14,licentious,licentious,JJ,JJ
580,Tonga_1988,0,23,15,acts,acts,NNS,NN
581,Tonga_1988,0,23,16,or,or,CC,CC
582,Tonga_1988,0,23,17,under,under,IN,IN
583,Tonga_1988,0,23,18,the,the,DT,DT
584,Tonga_1988,0,23,19,name,name,NN,NN
585,Tonga_1988,0,23,20,of,of,IN,IN
586,Tonga_1988,0,23,21,worship,worship,NN,NN
587,Tonga_1988,0,23,22,to,to,TO,TO
588,Tonga_1988,0,23,23,do,do,VB,VB
589,Tonga_1988,0,23,24,what,what,WP,WP
590,Tonga_1988,0,23,25,is,is,VBZ,VB
591,Tonga_1988,0,23,26,contrary,contrary,JJ,JJ
592,Tonga_1988,0,23,27,to,to,TO,TO
593,Tonga_1988,0,23,28,the,the,DT,DT
594,Tonga_1988,0,23,29,law,law,NN,NN
595,Tonga_1988,0,23,30,and,and,CC,CC
596,Tonga_1988,0,23,31,peace,peace,NN,NN
597,Tonga_1988,0,23,32,of,of,IN,IN
598,Tonga_1988,0,23,33,the,the,DT,DT
599,Tonga_1988,0,23,34,land,land,NN,NN
600,Tonga_1988,0,24,0,6,6,CD,CD
601,Tonga_1988,0,25,0,Sabbath,sabbath,NNP,NN
602,Tonga_1988,0,25,1,Day,day,NNP,NN
603,Tonga_1988,0,25,2,to,to,TO,TO
604,Tonga_1988,0,25,3,be,be,VB,VB
605,Tonga_1988,0,25,4,kept,kept,VBN,VB
606,Tonga_1988,0,25,5,holy,holy,JJ,JJ
607,Tonga_1988,0,25,6,Share,share,NNP,NN
608,Tonga_1988,0,25,7,The,the,DT,DT
609,Tonga_1988,0,25,8,Sabbath,sabbath,NNP,NN
610,Tonga_1988,0,25,9,Day,day,NNP,NN
611,Tonga_1988,0,25,10,shall,shall,MD,MD
612,Tonga_1988,0,25,11,be,be,VB,VB
613,Tonga_1988,0,25,12,kept,kept,VBN,VB
614,Tonga_1988,0,25,13,holy,holy,JJ,JJ
615,Tonga_1988,0,25,14,in,in,IN,IN
616,Tonga_1988,0,25,15,Tonga,tonga,NNP,NN
617,Tonga_1988,0,25,16,and,and,CC,CC
618,Tonga_1988,0,25,17,no,no,DT,DT
619,Tonga_1988,0,25,18,person,person,NN,NN
620,Tonga_1988,0,25,19,shall,shall,MD,MD
621,Tonga_1988,0,25,20,practise,practise,VB,VB
622,Tonga_1988,0,25,21,his,his,PRP$,PR
623,Tonga_1988,0,25,22,trade,trade,NN,NN
624,Tonga_1988,0,25,23,or,or,CC,CC
625,Tonga_1988,0,25,24,profession,profession,NN,NN
626,Tonga_1988,0,25,25,or,or,CC,CC
627,Tonga_1988,0,25,26,conduct,conduct,NN,NN
628,Tonga_1988,0,25,27,any,any,DT,DT
629,Tonga_1988,0,25,28,commercial,commercial,JJ,JJ
630,Tonga_1988,0,25,29,undertaking,undertaking,NN,NN
631,Tonga_1988,0,25,30,on,on,IN,IN
632,Tonga_1988,0,25,31,the,the,DT,DT
633,Tonga_1988,0,25,32,Sabbath,sabbath,NNP,NN
634,Tonga_1988,0,25,33,Day,day,NNP,NN
635,Tonga_1988,0,25,34,except,except,IN,IN
636,Tonga_1988,0,25,35,according,according,VBG,VB
637,Tonga_1988,0,25,36,to,to,TO,TO
638,Tonga_1988,0,25,37,law,law,NN,NN
639,Tonga_1988,0,25,39,and,and,CC,CC
640,Tonga_1988,0,25,40,any,any,DT,DT
641,Tonga_1988,0,25,41,agreement,agreement,NN,NN
642,Tonga_1988,0,25,42,made,made,VBD,VB
643,Tonga_1988,0,25,43,or,or,CC,CC
644,Tonga_1988,0,25,44,witnessed,witnessed,VBD,VB
645,Tonga_1988,0,25,45,on,on,IN,IN
646,Tonga_1988,0,25,46,that,that,DT,DT
647,Tonga_1988,0,25,47,day,day,NN,NN
648,Tonga_1988,0,25,48,shall,shall,MD,MD
649,Tonga_1988,0,25,49,be,be,VB,VB
650,Tonga_1988,0,25,50,null,null,JJ,JJ
651,Tonga_1988,0,25,51,and,and,CC,CC
652,Tonga_1988,0,25,52,void,void,JJ,JJ
653,Tonga_1988,0,25,53,and,and,CC,CC
654,Tonga_1988,0,25,54,of,of,IN,IN
655,Tonga_1988,0,25,55,no,no,DT,DT
656,Tonga_1988,0,25,56,legal,legal,JJ,JJ
657,Tonga_1988,0,25,57,effect,effect,NN,NN
658,Tonga_1988,0,26,1,Substituted,substituted,VBN,VB
659,Tonga_1988,0,26,2,by,by,IN,IN
660,Tonga_1988,0,26,3,Act,act,NNP,NN
661,Tonga_1988,0,26,4,3,3,CD,CD
662,Tonga_1988,0,26,5,of,of,IN,IN
663,Tonga_1988,0,26,6,1971,1971,CD,CD
664,Tonga_1988,0,27,0,7,7,CD,CD
665,Tonga_1988,0,28,0,Freedom,freedom,NN,NN
666,Tonga_1988,0,28,1,of,of,IN,IN
667,Tonga_1988,0,28,2,the,the,DT,DT
668,Tonga_1988,0,28,3,press,press,NN,NN
669,Tonga_1988,0,28,4,Share,share,NN,NN
670,Tonga_1988,0,28,5,It,it,PRP,PR
671,Tonga_1988,0,28,6,shall,shall,MD,MD
672,Tonga_1988,0,28,7,be,be,VB,VB
673,Tonga_1988,0,28,8,lawful,lawful,JJ,JJ
674,Tonga_1988,0,28,9,for,for,IN,IN
675,Tonga_1988,0,28,10,all,all,DT,DT
676,Tonga_1988,0,28,11,people,people,NNS,NN
677,Tonga_1988,0,28,12,to,to,TO,TO
678,Tonga_1988,0,28,13,speak,speak,VB,VB
679,Tonga_1988,0,28,14,write,write,JJ,JJ
680,Tonga_1988,0,28,15,and,and,CC,CC
681,Tonga_1988,0,28,16,print,print,VB,VB
682,Tonga_1988,0,28,17,their,their,PRP$,PR
683,Tonga_1988,0,28,18,opinions,opinions,NNS,NN
684,Tonga_1988,0,28,19,and,and,CC,CC
685,Tonga_1988,0,28,20,no,no,DT,DT
686,Tonga_1988,0,28,21,law,law,NN,NN
687,Tonga_1988,0,28,22,shall,shall,MD,MD
688,Tonga_1988,0,28,23,ever,ever,RB,RB
689,Tonga_1988,0,28,24,be,be,VB,VB
690,Tonga_1988,0,28,25,enacted,enacted,VBN,VB
691,Tonga_1988,0,28,26,to,to,TO,TO
692,Tonga_1988,0,28,27,restrict,restrict,VB,VB
693,Tonga_1988,0,28,28,this,this,DT,DT
694,Tonga_1988,0,28,29,liberty,liberty,NN,NN
695,Tonga_1988,0,29,0,There,there,EX,EX
696,Tonga_1988,0,29,1,shall,shall,MD,MD
697,Tonga_1988,0,29,2,be,be,VB,VB
698,Tonga_1988,0,29,3,freedom,freedom,NN,NN
699,Tonga_1988,0,29,4,of,of,IN,IN
700,Tonga_1988,0,29,5,speech,speech,NN,NN
701,Tonga_1988,0,29,6,and,and,CC,CC
702,Tonga_1988,0,29,7,of,of,IN,IN
703,Tonga_1988,0,29,8,the,the,DT,DT
704,Tonga_1988,0,29,9,press,press,NN,NN
705,Tonga_1988,0,29,10,for,for,IN,IN
706,Tonga_1988,0,29,11,ever,ever,RB,RB
707,Tonga_1988,0,29,12,but,but,CC,CC
708,Tonga_1988,0,29,13,nothing,nothing,NN,NN
709,Tonga_1988,0,29,14,in,in,IN,IN
710,Tonga_1988,0,29,15,this,this,DT,DT
711,Tonga_1988,0,29,16,clause,clause,NN,NN
712,Tonga_1988,0,29,17,shall,shall,MD,MD
713,Tonga_1988,0,29,18,be,be,VB,VB
714,Tonga_1988,0,29,19,held,held,VBN,VB
715,Tonga_1988,0,29,20,to,to,TO,TO
716,Tonga_1988,0,29,21,outweigh,outweigh,VB,VB
717,Tonga_1988,0,29,22,the,the,DT,DT
718,Tonga_1988,0,29,23,law,law,NN,NN
719,Tonga_1988,0,29,24,of,of,IN,IN
720,Tonga_1988,0,29,25,slander,slander,NN,NN
721,Tonga_1988,0,29,26,or,or,CC,CC
722,Tonga_1988,0,29,27,the,the,DT,DT
723,Tonga_1988,0,29,28,laws,laws,NNS,NN
724,Tonga_1988,0,29,29,for,for,IN,IN
725,Tonga_1988,0,29,30,the,the,DT,DT
726,Tonga_1988,0,29,31,protection,protection,NN,NN
727,Tonga_1988,0,29,32,of,of,IN,IN
728,Tonga_1988,0,29,33,the,the,DT,DT
729,Tonga_1988,0,29,34,King,king,NNP,NN
730,Tonga_1988,0,29,35,and,and,CC,CC
731,Tonga_1988,0,29,36,the,the,DT,DT
732,Tonga_1988,0,29,37,Royal,royal,NNP,NN
733,Tonga_1988,0,29,38,Family,family,NNP,NN
734,Tonga_1988,0,30,0,8,8,CD,CD
735,Tonga_1988,0,31,0,Freedom,freedom,NN,NN
736,Tonga_1988,0,31,1,of,of,IN,IN
737,Tonga_1988,0,31,2,petition,petition,NN,NN
738,Tonga_1988,0,31,3,Share,share,NNP,NN
739,Tonga_1988,0,31,4,All,all,NNP,NN
740,Tonga_1988,0,31,5,people,people,NNS,NN
741,Tonga_1988,0,31,6,shall,shall,MD,MD
742,Tonga_1988,0,31,7,be,be,VB,VB
743,Tonga_1988,0,31,8,free,free,JJ,JJ
744,Tonga_1988,0,31,9,to,to,TO,TO
745,Tonga_1988,0,31,10,send,send,VB,VB
746,Tonga_1988,0,31,11,letters,letters,NNS,NN
747,Tonga_1988,0,31,12,or,or,CC,CC
748,Tonga_1988,0,31,13,petitions,petitions,NNS,NN
749,Tonga_1988,0,31,14,to,to,TO,TO
750,Tonga_1988,0,31,15,the,the,DT,DT
751,Tonga_1988,0,31,16,King,king,NNP,NN
752,Tonga_1988,0,31,17,or,or,CC,CC
753,Tonga_1988,0,31,18,Legislative,legislative,NNP,NN
754,Tonga_1988,0,31,19,Assembly,assembly,NNP,NN
755,Tonga_1988,0,31,20,and,and,CC,CC
756,Tonga_1988,0,31,21,to,to,TO,TO
757,Tonga_1988,0,31,22,meet,meet,VB,VB
758,Tonga_1988,0,31,23,and,and,CC,CC
759,Tonga_1988,0,31,24,consult,consult,VB,VB
760,Tonga_1988,0,31,25,concerning,concerning,VBG,VB
761,Tonga_1988,0,31,26,matters,matters,NNS,NN
762,Tonga_1988,0,31,27,about,about,IN,IN
763,Tonga_1988,0,31,28,which,which,WDT,WD
764,Tonga_1988,0,31,29,they,they,PRP,PR
765,Tonga_1988,0,31,30,think,think,VBP,VB
766,Tonga_1988,0,31,31,it,it,PRP,PR
767,Tonga_1988,0,31,32,right,right,RB,RB
768,Tonga_1988,0,31,33,to,to,TO,TO
769,Tonga_1988,0,31,34,petition,petition,VB,VB
770,Tonga_1988,0,31,35,the,the,DT,DT
771,Tonga_1988,0,31,36,King,king,NNP,NN
772,Tonga_1988,0,31,37,or,or,CC,CC
773,Tonga_1988,0,31,38,Legislative,legislative,NNP,NN
774,Tonga_1988,0,31,39,Assembly,assembly,NNP,NN
775,Tonga_1988,0,31,40,to,to,TO,TO
776,Tonga_1988,0,31,41,pass,pass,VB,VB
777,Tonga_1988,0,31,42,or,or,CC,CC
778,Tonga_1988,0,31,43,repeal,repeal,VB,VB
779,Tonga_1988,0,31,44,enactments,enactments,NNS,NN
780,Tonga_1988,0,31,45,provided,provided,VBN,VB
781,Tonga_1988,0,31,46,that,that,IN,IN
782,Tonga_1988,0,31,47,they,they,PRP,PR
783,Tonga_1988,0,31,48,meet,meet,VBP,VB
784,Tonga_1988,0,31,49,peaceably,peaceably,RB,RB
785,Tonga_1988,0,31,50,without,without,IN,IN
786,Tonga_1988,0,31,51,arms,arms,NNS,NN
787,Tonga_1988,0,31,52,and,and,CC,CC
788,Tonga_1988,0,31,53,without,without,IN,IN
789,Tonga_1988,0,31,54,disorder,disorder,NN,NN
790,Tonga_1988,0,32,0,9,9,CD,CD
791,Tonga_1988,0,33,0,Habeas,habeas,NNP,NN
792,Tonga_1988,0,33,1,Corpus,corpus,NNP,NN
793,Tonga_1988,0,33,2,Share,share,NNP,NN
794,Tonga_1988,0,33,3,The,the,DT,DT
795,Tonga_1988,0,33,4,law,law,NN,NN
796,Tonga_1988,0,33,5,of,of,IN,IN
797,Tonga_1988,0,33,6,the,the,DT,DT
798,Tonga_1988,0,33,7,writ,writ,NN,NN
799,Tonga_1988,0,33,8,of,of,IN,IN
800,Tonga_1988,0,33,9,Habeas,habeas,NNP,NN
801,Tonga_1988,0,33,10,Corpus,corpus,NNP,NN
802,Tonga_1988,0,33,11,shall,shall,MD,MD
803,Tonga_1988,0,33,12,apply,apply,VB,VB
804,Tonga_1988,0,33,13,to,to,TO,TO
805,Tonga_1988,0,33,14,all,all,DT,DT
806,Tonga_1988,0,33,15,people,people,NNS,NN
807,Tonga_1988,0,33,16,and,and,CC,CC
808,Tonga_1988,0,33,17,it,it,PRP,PR
809,Tonga_1988,0,33,18,shall,shall,MD,MD
810,Tonga_1988,0,33,19,never,never,RB,RB
811,Tonga_1988,0,33,20,be,be,VB,VB
812,Tonga_1988,0,33,21,suspended,suspended,VBN,VB
813,Tonga_1988,0,33,22,excepting,excepting,VBG,VB
814,Tonga_1988,0,33,23,in,in,IN,IN
815,Tonga_1988,0,33,24,the,the,DT,DT
816,Tonga_1988,0,33,25,case,case,NN,NN
817,Tonga_1988,0,33,26,of,of,IN,IN
818,Tonga_1988,0,33,27,war,war,NN,NN
819,Tonga_1988,0,33,28,or,or,CC,CC
820,Tonga_1988,0,33,29,rebellion,rebellion,NN,NN
821,Tonga_1988,0,33,30,in,in,IN,IN
822,Tonga_1988,0,33,31,the,the,DT,DT
823,Tonga_1988,0,33,32,land,land,NN,NN
824,Tonga_1988,0,33,33,when,when,WRB,WR
825,Tonga_1988,0,33,34,it,it,PRP,PR
826,Tonga_1988,0,33,35,shall,shall,MD,MD
827,Tonga_1988,0,33,36,be,be,VB,VB
828,Tonga_1988,0,33,37,lawful,lawful,JJ,JJ
829,Tonga_1988,0,33,38,for,for,IN,IN
830,Tonga_1988,0,33,39,the,the,DT,DT
831,Tonga_1988,0,33,40,King,king,NNP,NN
832,Tonga_1988,0,33,41,to,to,TO,TO
833,Tonga_1988,0,33,42,suspend,suspend,VB,VB
834,Tonga_1988,0,33,43,it,it,PRP,PR
835,Tonga_1988,0,34,0,10,10,CD,CD
836,Tonga_1988,0,35,0,Accused,accused,VBN,VB
837,Tonga_1988,0,35,1,must,must,MD,MD
838,Tonga_1988,0,35,2,be,be,VB,VB
839,Tonga_1988,0,35,3,tried,tried,VBN,VB
840,Tonga_1988,0,35,4,Share,share,NNP,NN
841,Tonga_1988,0,35,5,No,no,NNP,NN
842,Tonga_1988,0,35,6,one,one,PRP,PR
843,Tonga_1988,0,35,7,shall,shall,MD,MD
844,Tonga_1988,0,35,8,be,be,VB,VB
845,Tonga_1988,0,35,9,punished,punished,VBN,VB
846,Tonga_1988,0,35,10,because,because,IN,IN
847,Tonga_1988,0,35,11,of,of,IN,IN
848,Tonga_1988,0,35,12,any,any,DT,DT
849,Tonga_1988,0,35,13,offence,offence,NN,NN
850,Tonga_1988,0,35,14,he,he,PRP,PR
851,Tonga_1988,0,35,15,may,may,MD,MD
852,Tonga_1988,0,35,16,have,have,VB,VB
853,Tonga_1988,0,35,17,committed,committed,VBN,VB
854,Tonga_1988,0,35,18,until,until,IN,IN
855,Tonga_1988,0,35,19,he,he,PRP,PR
856,Tonga_1988,0,35,20,has,has,VBZ,VB
857,Tonga_1988,0,35,21,been,been,VBN,VB
858,Tonga_1988,0,35,22,sentenced,sentenced,VBN,VB
859,Tonga_1988,0,35,23,according,according,VBG,VB
860,Tonga_1988,0,35,24,to,to,TO,TO
861,Tonga_1988,0,35,25,law,law,NN,NN
862,Tonga_1988,0,35,26,before,before,IN,IN
863,Tonga_1988,0,35,27,a,a,DT,DT
864,Tonga_1988,0,35,28,Court,court,NNP,NN
865,Tonga_1988,0,35,29,having,having,VBG,VB
866,Tonga_1988,0,35,30,jurisdiction,jurisdiction,NN,NN
867,Tonga_1988,0,35,31,in,in,IN,IN
868,Tonga_1988,0,35,32,the,the,DT,DT
869,Tonga_1988,0,35,33,case,case,NN,NN
870,Tonga_1988,0,36,1,Amended,amended,VBN,VB
871,Tonga_1988,0,36,2,by,by,IN,IN
872,Tonga_1988,0,36,3,Act,act,NNP,NN
873,Tonga_1988,0,36,4,8,8,CD,CD
874,Tonga_1988,0,36,5,of,of,IN,IN
875,Tonga_1988,0,36,6,1972,1972,CD,CD
876,Tonga_1988,0,37,0,11,11,CD,CD
877,Tonga_1988,0,38,0,Procedure,procedure,NN,NN
878,Tonga_1988,0,38,1,on,on,IN,IN
879,Tonga_1988,0,38,2,indictment,indictment,NN,NN
880,Tonga_1988,0,38,3,Share,share,NNP,NN
881,Tonga_1988,0,38,4,No,no,NNP,NN
882,Tonga_1988,0,38,5,one,one,PRP,PR
883,Tonga_1988,0,38,6,shall,shall,MD,MD
884,Tonga_1988,0,38,7,be,be,VB,VB
885,Tonga_1988,0,38,8,tried,tried,VBN,VB
886,Tonga_1988,0,38,9,or,or,CC,CC
887,Tonga_1988,0,38,10,summoned,summoned,VBN,VB
888,Tonga_1988,0,38,11,to,to,TO,TO
889,Tonga_1988,0,38,12,appear,appear,VB,VB
890,Tonga_1988,0,38,13,before,before,IN,IN
891,Tonga_1988,0,38,14,any,any,DT,DT
892,Tonga_1988,0,38,15,court,court,NN,NN
893,Tonga_1988,0,38,16,or,or,CC,CC
894,Tonga_1988,0,38,17,punished,punished,VBN,VB
895,Tonga_1988,0,38,18,for,for,IN,IN
896,Tonga_1988,0,38,19,failing,failing,VBG,VB
897,Tonga_1988,0,38,20,to,to,TO,TO
898,Tonga_1988,0,38,21,appear,appear,VB,VB
899,Tonga_1988,0,38,22,unless,unless,IN,IN
900,Tonga_1988,0,38,23,he,he,PRP,PR
901,Tonga_1988,0,38,24,have,have,VBP,VB
902,Tonga_1988,0,38,25,first,first,RB,RB
903,Tonga_1988,0,38,26,received,received,VBN,VB
904,Tonga_1988,0,38,27,a,a,DT,DT
905,Tonga_1988,0,38,28,written,written,VBN,VB
906,Tonga_1988,0,38,29,indictment,indictment,NN,NN
907,Tonga_1988,0,38,31,except,except,IN,IN
908,Tonga_1988,0,38,32,in,in,IN,IN
909,Tonga_1988,0,38,33,cases,cases,NNS,NN
910,Tonga_1988,0,38,34,of,of,IN,IN
911,Tonga_1988,0,38,35,impeachment,impeachment,NN,NN
912,Tonga_1988,0,38,36,or,or,CC,CC
913,Tonga_1988,0,38,37,for,for,IN,IN
914,Tonga_1988,0,38,38,small,small,JJ,JJ
915,Tonga_1988,0,38,39,offences,offences,NNS,NN
916,Tonga_1988,0,38,40,within,within,IN,IN
917,Tonga_1988,0,38,41,the,the,DT,DT
918,Tonga_1988,0,38,42,jurisdiction,jurisdiction,NN,NN
919,Tonga_1988,0,38,43,of,of,IN,IN
920,Tonga_1988,0,38,44,the,the,DT,DT
921,Tonga_1988,0,38,45,magistrate,magistrate,NN,NN
922,Tonga_1988,0,38,46,or,or,CC,CC
923,Tonga_1988,0,38,47,for,for,IN,IN
924,Tonga_1988,0,38,48,contempt,contempt,NN,NN
925,Tonga_1988,0,38,49,of,of,IN,IN
926,Tonga_1988,0,38,50,court,court,NN,NN
927,Tonga_1988,0,38,51,while,while,IN,IN
928,Tonga_1988,0,38,52,the,the,DT,DT
929,Tonga_1988,0,38,53,court,court,NN,NN
930,Tonga_1988,0,38,54,is,is,VBZ,VB
931,Tonga_1988,0,38,55,sitting,sitting,VBG,VB
932,Tonga_1988,0,39,0,Such,such,JJ,JJ
933,Tonga_1988,0,39,1,written,written,VBN,VB
934,Tonga_1988,0,39,2,indictment,indictment,NN,NN
935,Tonga_1988,0,39,3,shall,shall,MD,MD
936,Tonga_1988,0,39,4,clearly,clearly,RB,RB
937,Tonga_1988,0,39,5,state,state,NN,NN
938,Tonga_1988,0,39,6,the,the,DT,DT
939,Tonga_1988,0,39,7,offence,offence,NN,NN
940,Tonga_1988,0,39,8,charged,charged,VBN,VB
941,Tonga_1988,0,39,9,against,against,IN,IN
942,Tonga_1988,0,39,10,him,him,PRP,PR
943,Tonga_1988,0,39,11,and,and,CC,CC
944,Tonga_1988,0,39,12,the,the,DT,DT
945,Tonga_1988,0,39,13,grounds,grounds,NNS,NN
946,Tonga_1988,0,39,14,for,for,IN,IN
947,Tonga_1988,0,39,15,the,the,DT,DT
948,Tonga_1988,0,39,16,charge,charge,NN,NN
949,Tonga_1988,0,40,0,And,and,CC,CC
950,Tonga_1988,0,40,1,at,at,IN,IN
951,Tonga_1988,0,40,2,his,his,PRP$,PR
952,Tonga_1988,0,40,3,trial,trial,NN,NN
953,Tonga_1988,0,40,4,the,the,DT,DT
954,Tonga_1988,0,40,5,witnesses,witnesses,NNS,NN
955,Tonga_1988,0,40,6,against,against,IN,IN
956,Tonga_1988,0,40,7,him,him,PRP,PR
957,Tonga_1988,0,40,8,shall,shall,MD,MD
958,Tonga_1988,0,40,9,be,be,VB,VB
959,Tonga_1988,0,40,10,brought,brought,VBN,VB
960,Tonga_1988,0,40,11,face,face,NN,NN
961,Tonga_1988,0,40,12,to,to,TO,TO
962,Tonga_1988,0,40,13,face,face,VB,VB
963,Tonga_1988,0,40,14,with,with,IN,IN
964,Tonga_1988,0,40,15,him,him,PRP,PR
965,Tonga_1988,0,40,17,except,except,IN,IN
966,Tonga_1988,0,40,18,according,according,VBG,VB
967,Tonga_1988,0,40,19,to,to,TO,TO
968,Tonga_1988,0,40,20,law,law,NN,NN
969,Tonga_1988,0,40,22,and,and,CC,CC
970,Tonga_1988,0,40,23,he,he,PRP,PR
971,Tonga_1988,0,40,24,shall,shall,MD,MD
972,Tonga_1988,0,40,25,hear,hear,VB,VB
973,Tonga_1988,0,40,26,their,their,PRP$,PR
974,Tonga_1988,0,40,27,evidence,evidence,NN,NN
975,Tonga_1988,0,40,28,and,and,CC,CC
976,Tonga_1988,0,40,29,shall,shall,MD,MD
977,Tonga_1988,0,40,30,be,be,VB,VB
978,Tonga_1988,0,40,31,allowed,allowed,VBN,VB
979,Tonga_1988,0,40,32,to,to,TO,TO
980,Tonga_1988,0,40,33,question,question,VB,VB
981,Tonga_1988,0,40,34,them,them,PRP,PR
982,Tonga_1988,0,40,35,and,and,CC,CC
983,Tonga_1988,0,40,36,to,to,TO,TO
984,Tonga_1988,0,40,37,bring,bring,VB,VB
985,Tonga_1988,0,40,38,forward,forward,RB,RB
986,Tonga_1988,0,40,39,any,any,DT,DT
987,Tonga_1988,0,40,40,witness,witness,NN,NN
988,Tonga_1988,0,40,41,of,of,IN,IN
989,Tonga_1988,0,40,42,his,his,PRP$,PR
990,Tonga_1988,0,40,43,own,own,JJ,JJ
991,Tonga_1988,0,40,44,and,and,CC,CC
992,Tonga_1988,0,40,45,to,to,TO,TO
993,Tonga_1988,0,40,46,make,make,VB,VB
994,Tonga_1988,0,40,47,his,his,PRP$,PR
995,Tonga_1988,0,40,48,own,own,JJ,JJ
996,Tonga_1988,0,40,49,statement,statement,NN,NN
997,Tonga_1988,0,40,50,regarding,regarding,VBG,VB
998,Tonga_1988,0,40,51,the,the,DT,DT
999,Tonga_1988,0,40,52,charge,charge,NN,NN
1000,Tonga_1988,0,40,53,preferred,preferred,VBN,VB
1001,Tonga_1988,0,40,54,against,against,IN,IN
1002,Tonga_1988,0,40,55,him,him,PRP,PR
1003,Tonga_1988,0,41,0,But,but,CC,CC
1004,Tonga_1988,0,41,1,whoever,whoever,WP,WP
1005,Tonga_1988,0,41,2,shall,shall,MD,MD
1006,Tonga_1988,0,41,3,be,be,VB,VB
1007,Tonga_1988,0,41,4,indicted,indicted,VBN,VB
1008,Tonga_1988,0,41,5,for,for,IN,IN
1009,Tonga_1988,0,41,6,any,any,DT,DT
1010,Tonga_1988,0,41,7,offence,offence,NN,NN
1011,Tonga_1988,0,41,8,if,if,IN,IN
1012,Tonga_1988,0,41,9,he,he,PRP,PR
1013,Tonga_1988,0,41,10,shall,shall,MD,MD
1014,Tonga_1988,0,41,11,so,so,RB,RB
1015,Tonga_1988,0,41,12,elect,elect,VB,VB
1016,Tonga_1988,0,41,13,shall,shall,MD,MD
1017,Tonga_1988,0,41,14,be,be,VB,VB
1018,Tonga_1988,0,41,15,tried,tried,VBN,VB
1019,Tonga_1988,0,41,16,by,by,IN,IN
1020,Tonga_1988,0,41,17,jury,jury,NN,NN
1021,Tonga_1988,0,41,18,and,and,CC,CC
1022,Tonga_1988,0,41,19,this,this,DT,DT
1023,Tonga_1988,0,41,20,law,law,NN,NN
1024,Tonga_1988,0,41,21,shall,shall,MD,MD
1025,Tonga_1988,0,41,22,never,never,RB,RB
1026,Tonga_1988,0,41,23,be,be,VB,VB
1027,Tonga_1988,0,41,24,repealed,repealed,VBN,VB
1028,Tonga_1988,0,42,0,And,and,CC,CC
1029,Tonga_1988,0,42,1,all,all,DT,DT
1030,Tonga_1988,0,42,2,claims,claims,NNS,NN
1031,Tonga_1988,0,42,3,for,for,IN,IN
1032,Tonga_1988,0,42,4,large,large,JJ,JJ
1033,Tonga_1988,0,42,5,amounts,amounts,NNS,NN
1034,Tonga_1988,0,42,6,shall,shall,MD,MD
1035,Tonga_1988,0,42,7,be,be,VB,VB
1036,Tonga_1988,0,42,8,decided,decided,VBN,VB
1037,Tonga_1988,0,42,9,by,by,IN,IN
1038,Tonga_1988,0,42,10,a,a,DT,DT
1039,Tonga_1988,0,42,11,jury,jury,NN,NN
1040,Tonga_1988,0,42,12,and,and,CC,CC
1041,Tonga_1988,0,42,13,the,the,DT,DT
1042,Tonga_1988,0,42,14,Legislative,legislative,NNP,NN
1043,Tonga_1988,0,42,15,Assembly,assembly,NNP,NN
1044,Tonga_1988,0,42,16,shall,shall,MD,MD
1045,Tonga_1988,0,42,17,determine,determine,VB,VB
1046,Tonga_1988,0,42,18,what,what,WP,WP
1047,Tonga_1988,0,42,19,shall,shall,MD,MD
1048,Tonga_1988,0,42,20,be,be,VB,VB
1049,Tonga_1988,0,42,21,the,the,DT,DT
1050,Tonga_1988,0,42,22,amount,amount,NN,NN
1051,Tonga_1988,0,42,23,of,of,IN,IN
1052,Tonga_1988,0,42,24,claim,claim,NN,NN
1053,Tonga_1988,0,42,25,that,that,WDT,WD
1054,Tonga_1988,0,42,26,may,may,MD,MD
1055,Tonga_1988,0,42,27,be,be,VB,VB
1056,Tonga_1988,0,42,28,decided,decided,VBN,VB
1057,Tonga_1988,0,42,29,without,without,IN,IN
1058,Tonga_1988,0,42,30,a,a,DT,DT
1059,Tonga_1988,0,42,31,jury,jury,NN,NN
1060,Tonga_1988,0,43,1,Act,act,NNP,NN
1061,Tonga_1988,0,43,2,25,25,CD,CD
1062,Tonga_1988,0,43,3,of,of,IN,IN
1063,Tonga_1988,0,43,4,1942,1942,CD,CD
1064,Tonga_1988,0,43,6,Amended,amended,VBN,VB
1065,Tonga_1988,0,43,7,by,by,IN,IN
1066,Tonga_1988,0,43,8,Act,act,NNP,NN
1067,Tonga_1988,0,43,9,13,13,CD,CD
1068,Tonga_1988,0,43,10,of,of,IN,IN
1069,Tonga_1988,0,43,11,1982,1982,CD,CD
1070,Tonga_1988,0,44,0,12,12,CD,CD
1071,Tonga_1988,0,45,0,Accused,accused,VBN,VB
1072,Tonga_1988,0,45,1,can,can,MD,MD
1073,Tonga_1988,0,45,2,not,not,RB,RB
1074,Tonga_1988,0,45,3,be,be,VB,VB
1075,Tonga_1988,0,45,4,tried,tried,VBN,VB
1076,Tonga_1988,0,45,5,twice,twice,RB,RB
1077,Tonga_1988,0,45,6,Share,share,NNP,NN
1078,Tonga_1988,0,45,7,No,no,NNP,NN
1079,Tonga_1988,0,45,8,one,one,PRP,PR
1080,Tonga_1988,0,45,9,shall,shall,MD,MD
1081,Tonga_1988,0,45,10,be,be,VB,VB
1082,Tonga_1988,0,45,11,tried,tried,VBN,VB
1083,Tonga_1988,0,45,12,again,again,RB,RB
1084,Tonga_1988,0,45,13,for,for,IN,IN
1085,Tonga_1988,0,45,14,any,any,DT,DT
1086,Tonga_1988,0,45,15,offence,offence,NN,NN
1087,Tonga_1988,0,45,16,for,for,IN,IN
1088,Tonga_1988,0,45,17,which,which,WDT,WD
1089,Tonga_1988,0,45,18,he,he,PRP,PR
1090,Tonga_1988,0,45,19,has,has,VBZ,VB
1091,Tonga_1988,0,45,20,already,already,RB,RB
1092,Tonga_1988,0,45,21,been,been,VBN,VB
1093,Tonga_1988,0,45,22,tried,tried,VBN,VB
1094,Tonga_1988,0,45,23,whether,whether,IN,IN
1095,Tonga_1988,0,45,24,he,he,PRP,PR
1096,Tonga_1988,0,45,25,was,was,VBD,VB
1097,Tonga_1988,0,45,26,acquitted,acquitted,VBN,VB
1098,Tonga_1988,0,45,27,or,or,CC,CC
1099,Tonga_1988,0,45,28,convicted,convicted,VBN,VB
1100,Tonga_1988,0,45,29,except,except,IN,IN
1101,Tonga_1988,0,45,30,in,in,IN,IN
1102,Tonga_1988,0,45,31,cases,cases,NNS,NN
1103,Tonga_1988,0,45,32,where,where,WRB,WR
1104,Tonga_1988,0,45,33,the,the,DT,DT
1105,Tonga_1988,0,45,34,accused,accused,VBN,VB
1106,Tonga_1988,0,45,35,shall,shall,MD,MD
1107,Tonga_1988,0,45,36,confess,confess,VB,VB
1108,Tonga_1988,0,45,37,after,after,IN,IN
1109,Tonga_1988,0,45,38,having,having,VBG,VB
1110,Tonga_1988,0,45,39,been,been,VBN,VB
1111,Tonga_1988,0,45,40,acquitted,acquitted,VBN,VB
1112,Tonga_1988,0,45,41,by,by,IN,IN
1113,Tonga_1988,0,45,42,the,the,DT,DT
1114,Tonga_1988,0,45,43,court,court,NN,NN
1115,Tonga_1988,0,45,44,and,and,CC,CC
1116,Tonga_1988,0,45,45,when,when,WRB,WR
1117,Tonga_1988,0,45,46,there,there,EX,EX
1118,Tonga_1988,0,45,47,is,is,VBZ,VB
1119,Tonga_1988,0,45,48,sufficient,sufficient,JJ,JJ
1120,Tonga_1988,0,45,49,evidence,evidence,NN,NN
1121,Tonga_1988,0,45,50,to,to,TO,TO
1122,Tonga_1988,0,45,51,prove,prove,VB,VB
1123,Tonga_1988,0,45,52,the,the,DT,DT
1124,Tonga_1988,0,45,53,truth,truth,NN,NN
1125,Tonga_1988,0,45,54,of,of,IN,IN
1126,Tonga_1988,0,45,55,his,his,PRP$,PR
1127,Tonga_1988,0,45,56,confession,confession,NN,NN
1128,Tonga_1988,0,46,0,13,13,CD,CD
1129,Tonga_1988,0,47,0,Charge,charge,NN,NN
1130,Tonga_1988,0,47,1,can,can,MD,MD
1131,Tonga_1988,0,47,2,not,not,RB,RB
1132,Tonga_1988,0,47,3,be,be,VB,VB
1133,Tonga_1988,0,47,4,altered,altered,VBN,VB
1134,Tonga_1988,0,47,5,Share,share,NNP,NN
1135,Tonga_1988,0,47,6,No,no,NNP,NN
1136,Tonga_1988,0,47,7,one,one,PRP,PR
1137,Tonga_1988,0,47,8,shall,shall,MD,MD
1138,Tonga_1988,0,47,9,be,be,VB,VB
1139,Tonga_1988,0,47,10,tried,tried,VBN,VB
1140,Tonga_1988,0,47,11,on,on,IN,IN
1141,Tonga_1988,0,47,12,any,any,DT,DT
1142,Tonga_1988,0,47,13,charge,charge,NN,NN
1143,Tonga_1988,0,47,14,but,but,CC,CC
1144,Tonga_1988,0,47,15,that,that,IN,IN
1145,Tonga_1988,0,47,16,which,which,WDT,WD
1146,Tonga_1988,0,47,17,appears,appears,VBZ,VB
1147,Tonga_1988,0,47,18,in,in,IN,IN
1148,Tonga_1988,0,47,19,the,the,DT,DT
1149,Tonga_1988,0,47,20,indictment,indictment,NN,NN
1150,Tonga_1988,0,47,22,summons,summons,NNS,NN
1151,Tonga_1988,0,47,23,or,or,CC,CC
1152,Tonga_1988,0,47,24,warrant,warrant,NN,NN
1153,Tonga_1988,0,47,25,and,and,CC,CC
1154,Tonga_1988,0,47,26,for,for,IN,IN
1155,Tonga_1988,0,47,27,which,which,WDT,WD
1156,Tonga_1988,0,47,28,he,he,PRP,PR
1157,Tonga_1988,0,47,29,was,was,VBD,VB
1158,Tonga_1988,0,47,30,brought,brought,VBN,VB
1159,Tonga_1988,0,47,31,to,to,TO,TO
1160,Tonga_1988,0,47,32,trial,trial,NN,NN
1161,Tonga_1988,0,47,34,Save,save,NNP,NN
1162,Tonga_1988,0,47,35,and,and,CC,CC
1163,Tonga_1988,0,47,36,except,except,IN,IN
1164,Tonga_1988,0,47,37,that,that,DT,DT
1165,Tonga_1988,0,47,39,a.where,awhere,VB,VB
1166,Tonga_1988,0,47,40,the,the,DT,DT
1167,Tonga_1988,0,47,41,complete,complete,JJ,JJ
1168,Tonga_1988,0,47,42,commission,commission,NN,NN
1169,Tonga_1988,0,47,43,of,of,IN,IN
1170,Tonga_1988,0,47,44,the,the,DT,DT
1171,Tonga_1988,0,47,45,offence,offence,NN,NN
1172,Tonga_1988,0,47,46,charged,charged,VBN,VB
1173,Tonga_1988,0,47,47,is,is,VBZ,VB
1174,Tonga_1988,0,47,48,not,not,RB,RB
1175,Tonga_1988,0,47,49,proved,proved,VBN,VB
1176,Tonga_1988,0,47,50,but,but,CC,CC
1177,Tonga_1988,0,47,51,the,the,DT,DT
1178,Tonga_1988,0,47,52,evidence,evidence,NN,NN
1179,Tonga_1988,0,47,53,establishes,establishes,VBZ,VB
1180,Tonga_1988,0,47,54,an,an,DT,DT
1181,Tonga_1988,0,47,55,attempt,attempt,NN,NN
1182,Tonga_1988,0,47,56,to,to,TO,TO
1183,Tonga_1988,0,47,57,commit,commit,VB,VB
1184,Tonga_1988,0,47,58,that,that,DT,DT
1185,Tonga_1988,0,47,59,offence,offence,NN,NN
1186,Tonga_1988,0,47,60,the,the,DT,DT
1187,Tonga_1988,0,47,61,accused,accused,VBN,VB
1188,Tonga_1988,0,47,62,may,may,MD,MD
1189,Tonga_1988,0,47,63,be,be,VB,VB
1190,Tonga_1988,0,47,64,convicted,convicted,VBN,VB
1191,Tonga_1988,0,47,65,of,of,IN,IN
1192,Tonga_1988,0,47,66,this,this,DT,DT
1193,Tonga_1988,0,47,67,attempt,attempt,NN,NN
1194,Tonga_1988,0,47,68,and,and,CC,CC
1195,Tonga_1988,0,47,69,punished,punished,VBD,VB
1196,Tonga_1988,0,47,70,accordingly,accordingly,RB,RB
1197,Tonga_1988,0,47,72,and,and,CC,CC
1198,Tonga_1988,0,47,73,b.where,bwhere,VB,VB
1199,Tonga_1988,0,47,74,an,an,DT,DT
1200,Tonga_1988,0,47,75,attempt,attempt,NN,NN
1201,Tonga_1988,0,47,76,to,to,TO,TO
1202,Tonga_1988,0,47,77,commit,commit,VB,VB
1203,Tonga_1988,0,47,78,an,an,DT,DT
1204,Tonga_1988,0,47,79,offence,offence,NN,NN
1205,Tonga_1988,0,47,80,is,is,VBZ,VB
1206,Tonga_1988,0,47,81,charged,charged,VBN,VB
1207,Tonga_1988,0,47,82,but,but,CC,CC
1208,Tonga_1988,0,47,83,the,the,DT,DT
1209,Tonga_1988,0,47,84,evidence,evidence,NN,NN
1210,Tonga_1988,0,47,85,establishes,establishes,VBZ,VB
1211,Tonga_1988,0,47,86,the,the,DT,DT
1212,Tonga_1988,0,47,87,commission,commission,NN,NN
1213,Tonga_1988,0,47,88,of,of,IN,IN
1214,Tonga_1988,0,47,89,the,the,DT,DT
1215,Tonga_1988,0,47,90,full,full,JJ,JJ
1216,Tonga_1988,0,47,91,offence,offence,NN,NN
1217,Tonga_1988,0,47,92,the,the,DT,DT
1218,Tonga_1988,0,47,93,accused,accused,VBN,VB
1219,Tonga_1988,0,47,94,may,may,MD,MD
1220,Tonga_1988,0,47,95,be,be,VB,VB
1221,Tonga_1988,0,47,96,convicted,convicted,VBN,VB
1222,Tonga_1988,0,47,97,of,of,IN,IN
1223,Tonga_1988,0,47,98,the,the,DT,DT
1224,Tonga_1988,0,47,99,attempt,attempt,NN,NN
1225,Tonga_1988,0,47,101,and,and,CC,CC
1226,Tonga_1988,0,47,102,c.on,con,VB,VB
1227,Tonga_1988,0,47,103,the,the,DT,DT
1228,Tonga_1988,0,47,104,trial,trial,NN,NN
1229,Tonga_1988,0,47,105,of,of,IN,IN
1230,Tonga_1988,0,47,106,any,any,DT,DT
1231,Tonga_1988,0,47,107,person,person,NN,NN
1232,Tonga_1988,0,47,108,for,for,IN,IN
1233,Tonga_1988,0,47,109,embezzlement,embezzlement,NN,NN
1234,Tonga_1988,0,47,110,the,the,DT,DT
1235,Tonga_1988,0,47,111,jury,jury,NN,NN
1236,Tonga_1988,0,47,112,shall,shall,MD,MD
1237,Tonga_1988,0,47,113,be,be,VB,VB
1238,Tonga_1988,0,47,114,at,at,IN,IN
1239,Tonga_1988,0,47,115,liberty,liberty,NN,NN
1240,Tonga_1988,0,47,116,to,to,TO,TO
1241,Tonga_1988,0,47,117,find,find,VB,VB
1242,Tonga_1988,0,47,118,such,such,JJ,JJ
1243,Tonga_1988,0,47,119,person,person,NN,NN
1244,Tonga_1988,0,47,120,not,not,RB,RB
1245,Tonga_1988,0,47,121,guilty,guilty,JJ,JJ
1246,Tonga_1988,0,47,122,of,of,IN,IN
1247,Tonga_1988,0,47,123,embezzlement,embezzlement,NN,NN
1248,Tonga_1988,0,47,124,but,but,CC,CC
1249,Tonga_1988,0,47,125,guilty,guilty,JJ,JJ
1250,Tonga_1988,0,47,126,of,of,IN,IN
1251,Tonga_1988,0,47,127,larceny,larceny,NN,NN
1252,Tonga_1988,0,47,128,and,and,CC,CC
1253,Tonga_1988,0,47,129,on,on,IN,IN
1254,Tonga_1988,0,47,130,the,the,DT,DT
1255,Tonga_1988,0,47,131,trial,trial,NN,NN
1256,Tonga_1988,0,47,132,of,of,IN,IN
1257,Tonga_1988,0,47,133,any,any,DT,DT
1258,Tonga_1988,0,47,134,person,person,NN,NN
1259,Tonga_1988,0,47,135,for,for,IN,IN
1260,Tonga_1988,0,47,136,larceny,larceny,WP,WP
1261,Tonga_1988,0,47,137,the,the,DT,DT
1262,Tonga_1988,0,47,138,jury,jury,NN,NN
1263,Tonga_1988,0,47,139,shall,shall,MD,MD
1264,Tonga_1988,0,47,140,be,be,VB,VB
1265,Tonga_1988,0,47,141,at,at,IN,IN
1266,Tonga_1988,0,47,142,liberty,liberty,NN,NN
1267,Tonga_1988,0,47,143,to,to,TO,TO
1268,Tonga_1988,0,47,144,find,find,VB,VB
1269,Tonga_1988,0,47,145,such,such,JJ,JJ
1270,Tonga_1988,0,47,146,person,person,NN,NN
1271,Tonga_1988,0,47,147,guilty,guilty,JJ,JJ
1272,Tonga_1988,0,47,148,of,of,IN,IN
1273,Tonga_1988,0,47,149,embezzlement,embezzlement,NN,NN
1274,Tonga_1988,0,48,1,Act,act,NNP,NN
1275,Tonga_1988,0,48,2,10,10,CD,CD
1276,Tonga_1988,0,48,3,of,of,IN,IN
1277,Tonga_1988,0,48,4,1918,1918,CD,CD
1278,Tonga_1988,0,48,6,Amended,amended,VBN,VB
1279,Tonga_1988,0,48,7,by,by,IN,IN
1280,Tonga_1988,0,48,8,Act,act,NNP,NN
1281,Tonga_1988,0,48,9,18,18,CD,CD
1282,Tonga_1988,0,48,10,of,of,IN,IN
1283,Tonga_1988,0,48,11,1981,1981,CD,CD
1284,Tonga_1988,0,49,0,14,14,CD,CD
1285,Tonga_1988,0,50,0,Trial,trial,NN,NN
1286,Tonga_1988,0,50,1,to,to,TO,TO
1287,Tonga_1988,0,50,2,be,be,VB,VB
1288,Tonga_1988,0,50,3,fair,fair,JJ,JJ
1289,Tonga_1988,0,50,4,Share,share,NNP,NN
1290,Tonga_1988,0,50,5,No,no,NNP,NN
1291,Tonga_1988,0,50,6,one,one,PRP,PR
1292,Tonga_1988,0,50,7,shall,shall,MD,MD
1293,Tonga_1988,0,50,8,be,be,VB,VB
1294,Tonga_1988,0,50,9,intimidated,intimidated,VBN,VB
1295,Tonga_1988,0,50,10,into,into,IN,IN
1296,Tonga_1988,0,50,11,giving,giving,VBG,VB
1297,Tonga_1988,0,50,12,evidence,evidence,NN,NN
1298,Tonga_1988,0,50,13,against,against,IN,IN
1299,Tonga_1988,0,50,14,himself,himself,PRP,PR
1300,Tonga_1988,0,50,15,nor,nor,CC,CC
1301,Tonga_1988,0,50,16,shall,shall,MD,MD
1302,Tonga_1988,0,50,17,the,the,DT,DT
1303,Tonga_1988,0,50,18,life,life,NN,NN
1304,Tonga_1988,0,50,19,or,or,CC,CC
1305,Tonga_1988,0,50,20,property,property,NN,NN
1306,Tonga_1988,0,50,21,or,or,CC,CC
1307,Tonga_1988,0,50,22,liberty,liberty,NN,NN
1308,Tonga_1988,0,50,23,of,of,IN,IN
1309,Tonga_1988,0,50,24,anyone,anyone,NN,NN
1310,Tonga_1988,0,50,25,be,be,VB,VB
1311,Tonga_1988,0,50,26,taken,taken,VBN,VB
1312,Tonga_1988,0,50,27,away,away,RB,RB
1313,Tonga_1988,0,50,28,except,except,IN,IN
1314,Tonga_1988,0,50,29,according,according,VBG,VB
1315,Tonga_1988,0,50,30,to,to,TO,TO
1316,Tonga_1988,0,50,31,law,law,NN,NN
1317,Tonga_1988,0,51,0,15,15,CD,CD
1318,Tonga_1988,0,52,0,Court,court,NNP,NN
1319,Tonga_1988,0,52,1,to,to,TO,TO
1320,Tonga_1988,0,52,2,be,be,VB,VB
1321,Tonga_1988,0,52,3,unbiased,unbiased,JJ,JJ
1322,Tonga_1988,0,52,4,Share,share,NN,NN
1323,Tonga_1988,0,52,5,It,it,PRP,PR
1324,Tonga_1988,0,52,6,shall,shall,MD,MD
1325,Tonga_1988,0,52,7,not,not,RB,RB
1326,Tonga_1988,0,52,8,be,be,VB,VB
1327,Tonga_1988,0,52,9,lawful,lawful,JJ,JJ
1328,Tonga_1988,0,52,10,for,for,IN,IN
1329,Tonga_1988,0,52,11,any,any,DT,DT
1330,Tonga_1988,0,52,12,judge,judge,NN,NN
1331,Tonga_1988,0,52,13,or,or,CC,CC
1332,Tonga_1988,0,52,14,magistrate,magistrate,NN,NN
1333,Tonga_1988,0,52,15,to,to,TO,TO
1334,Tonga_1988,0,52,16,adjudicate,adjudicate,VB,VB
1335,Tonga_1988,0,52,17,or,or,CC,CC
1336,Tonga_1988,0,52,18,for,for,IN,IN
1337,Tonga_1988,0,52,19,any,any,DT,DT
1338,Tonga_1988,0,52,20,juryman,juryman,NN,NN
1339,Tonga_1988,0,52,21,to,to,TO,TO
1340,Tonga_1988,0,52,22,sit,sit,VB,VB
1341,Tonga_1988,0,52,23,in,in,IN,IN
1342,Tonga_1988,0,52,24,any,any,DT,DT
1343,Tonga_1988,0,52,25,case,case,NN,NN
1344,Tonga_1988,0,52,26,in,in,IN,IN
1345,Tonga_1988,0,52,27,which,which,WDT,WD
1346,Tonga_1988,0,52,28,one,one,CD,CD
1347,Tonga_1988,0,52,29,of,of,IN,IN
1348,Tonga_1988,0,52,30,his,his,PRP$,PR
1349,Tonga_1988,0,52,31,relations,relations,NNS,NN
1350,Tonga_1988,0,52,32,is,is,VBZ,VB
1351,Tonga_1988,0,52,33,concerned,concerned,VBN,VB
1352,Tonga_1988,0,52,34,either,either,RB,RB
1353,Tonga_1988,0,52,35,as,as,IN,IN
1354,Tonga_1988,0,52,36,a,a,DT,DT
1355,Tonga_1988,0,52,37,plaintiff,plaintiff,NN,NN
1356,Tonga_1988,0,52,38,defendant,defendant,NN,NN
1357,Tonga_1988,0,52,39,or,or,CC,CC
1358,Tonga_1988,0,52,40,witness,witness,NN,NN
1359,Tonga_1988,0,52,42,Nor,nor,CC,CC
1360,Tonga_1988,0,52,43,shall,shall,MD,MD
1361,Tonga_1988,0,52,44,any,any,DT,DT
1362,Tonga_1988,0,52,45,judge,judge,NN,NN
1363,Tonga_1988,0,52,46,or,or,CC,CC
1364,Tonga_1988,0,52,47,magistrate,magistrate,VB,VB
1365,Tonga_1988,0,52,48,sit,sit,NN,NN
1366,Tonga_1988,0,52,49,in,in,IN,IN
1367,Tonga_1988,0,52,50,any,any,DT,DT
1368,Tonga_1988,0,52,51,case,case,NN,NN
1369,Tonga_1988,0,52,52,which,which,WDT,WD
1370,Tonga_1988,0,52,53,concerns,concerns,VBZ,VB
1371,Tonga_1988,0,52,54,himself,himself,PRP,PR
1372,Tonga_1988,0,52,56,Nor,nor,CC,CC
1373,Tonga_1988,0,52,57,shall,shall,MD,MD
1374,Tonga_1988,0,52,58,any,any,DT,DT
1375,Tonga_1988,0,52,59,judge,judge,NN,NN
1376,Tonga_1988,0,52,60,or,or,CC,CC
1377,Tonga_1988,0,52,61,magistrate,magistrate,NN,NN
1378,Tonga_1988,0,52,62,or,or,CC,CC
1379,Tonga_1988,0,52,63,juryman,juryman,NN,NN
1380,Tonga_1988,0,52,64,on,on,IN,IN
1381,Tonga_1988,0,52,65,any,any,DT,DT
1382,Tonga_1988,0,52,66,pretence,pretence,NN,NN
1383,Tonga_1988,0,52,67,receive,receive,VBP,VB
1384,Tonga_1988,0,52,68,any,any,DT,DT
1385,Tonga_1988,0,52,69,present,present,JJ,JJ
1386,Tonga_1988,0,52,70,or,or,CC,CC
1387,Tonga_1988,0,52,71,money,money,NN,NN
1388,Tonga_1988,0,52,72,or,or,CC,CC
1389,Tonga_1988,0,52,73,anything,anything,NN,NN
1390,Tonga_1988,0,52,74,else,else,RB,RB
1391,Tonga_1988,0,52,75,from,from,IN,IN
1392,Tonga_1988,0,52,76,anyone,anyone,NN,NN
1393,Tonga_1988,0,52,77,who,who,WP,WP
1394,Tonga_1988,0,52,78,is,is,VBZ,VB
1395,Tonga_1988,0,52,79,about,about,IN,IN
1396,Tonga_1988,0,52,80,to,to,TO,TO
1397,Tonga_1988,0,52,81,be,be,VB,VB
1398,Tonga_1988,0,52,82,tried,tried,VBN,VB
1399,Tonga_1988,0,52,83,nor,nor,CC,CC
1400,Tonga_1988,0,52,84,from,from,IN,IN
1401,Tonga_1988,0,52,85,any,any,DT,DT
1402,Tonga_1988,0,52,86,of,of,IN,IN
1403,Tonga_1988,0,52,87,the,the,DT,DT
1404,Tonga_1988,0,52,88,defendant,defendant,NN,NN
1405,Tonga_1988,0,52,89,'s,s,POS,PO
1406,Tonga_1988,0,52,90,friends,friends,NNS,NN
1407,Tonga_1988,0,52,91,but,but,CC,CC
1408,Tonga_1988,0,52,92,all,all,DT,DT
1409,Tonga_1988,0,52,93,judges,judges,NNS,NN
1410,Tonga_1988,0,52,94,magistrates,magistrates,NNS,NN
1411,Tonga_1988,0,52,95,and,and,CC,CC
1412,Tonga_1988,0,52,96,jurymen,jurymen,NNS,NN
1413,Tonga_1988,0,52,97,shall,shall,MD,MD
1414,Tonga_1988,0,52,98,be,be,VB,VB
1415,Tonga_1988,0,52,99,entirely,entirely,RB,RB
1416,Tonga_1988,0,52,100,free,free,JJ,JJ
1417,Tonga_1988,0,52,101,and,and,CC,CC
1418,Tonga_1988,0,52,102,shall,shall,MD,MD
1419,Tonga_1988,0,52,103,in,in,IN,IN
1420,Tonga_1988,0,52,104,no,no,DT,DT
1421,Tonga_1988,0,52,105,case,case,NN,NN
1422,Tonga_1988,0,52,106,whatever,whatever,RB,RB
1423,Tonga_1988,0,52,107,be,be,VB,VB
1424,Tonga_1988,0,52,108,interested,interested,JJ,JJ
1425,Tonga_1988,0,52,109,or,or,CC,CC
1426,Tonga_1988,0,52,110,biased,biased,VBN,VB
1427,Tonga_1988,0,52,111,on,on,IN,IN
1428,Tonga_1988,0,52,112,the,the,DT,DT
1429,Tonga_1988,0,52,113,discharge,discharge,NN,NN
1430,Tonga_1988,0,52,114,of,of,IN,IN
1431,Tonga_1988,0,52,115,their,their,PRP$,PR
1432,Tonga_1988,0,52,116,duties,duties,NNS,NN
1433,Tonga_1988,0,53,0,16,16,CD,CD
1434,Tonga_1988,0,54,0,Premises,premises,NNS,NN
1435,Tonga_1988,0,54,1,can,can,MD,MD
1436,Tonga_1988,0,54,2,not,not,RB,RB
1437,Tonga_1988,0,54,3,be,be,VB,VB
1438,Tonga_1988,0,54,4,searched,searched,VBN,VB
1439,Tonga_1988,0,54,5,without,without,IN,IN
1440,Tonga_1988,0,54,6,warrant,warrant,NN,NN
1441,Tonga_1988,0,54,7,Share,share,NN,NN
1442,Tonga_1988,0,54,8,It,it,PRP,PR
1443,Tonga_1988,0,54,9,shall,shall,MD,MD
1444,Tonga_1988,0,54,10,not,not,RB,RB
1445,Tonga_1988,0,54,11,be,be,VB,VB
1446,Tonga_1988,0,54,12,lawful,lawful,JJ,JJ
1447,Tonga_1988,0,54,13,for,for,IN,IN
1448,Tonga_1988,0,54,14,anyone,anyone,NN,NN
1449,Tonga_1988,0,54,15,to,to,TO,TO
1450,Tonga_1988,0,54,16,enter,enter,VB,VB
1451,Tonga_1988,0,54,17,forcibly,forcibly,RB,RB
1452,Tonga_1988,0,54,18,the,the,DT,DT
1453,Tonga_1988,0,54,19,houses,houses,NNS,NN
1454,Tonga_1988,0,54,20,or,or,CC,CC
1455,Tonga_1988,0,54,21,premises,premises,NNS,NN
1456,Tonga_1988,0,54,22,of,of,IN,IN
1457,Tonga_1988,0,54,23,another,another,DT,DT
1458,Tonga_1988,0,54,24,or,or,CC,CC
1459,Tonga_1988,0,54,25,to,to,TO,TO
1460,Tonga_1988,0,54,26,search,search,VB,VB
1461,Tonga_1988,0,54,27,for,for,IN,IN
1462,Tonga_1988,0,54,28,anything,anything,NN,NN
1463,Tonga_1988,0,54,29,or,or,CC,CC
1464,Tonga_1988,0,54,30,to,to,TO,TO
1465,Tonga_1988,0,54,31,take,take,VB,VB
1466,Tonga_1988,0,54,32,anything,anything,NN,NN
1467,Tonga_1988,0,54,33,the,the,DT,DT
1468,Tonga_1988,0,54,34,property,property,NN,NN
1469,Tonga_1988,0,54,35,of,of,IN,IN
1470,Tonga_1988,0,54,36,another,another,DT,DT
1471,Tonga_1988,0,54,37,except,except,IN,IN
1472,Tonga_1988,0,54,38,according,according,VBG,VB
1473,Tonga_1988,0,54,39,to,to,TO,TO
1474,Tonga_1988,0,54,40,law,law,NN,NN
1475,Tonga_1988,0,54,42,And,and,CC,CC
1476,Tonga_1988,0,54,43,should,should,MD,MD
1477,Tonga_1988,0,54,44,any,any,DT,DT
1478,Tonga_1988,0,54,45,person,person,NN,NN
1479,Tonga_1988,0,54,46,lose,lose,VBP,VB
1480,Tonga_1988,0,54,47,any,any,DT,DT
1481,Tonga_1988,0,54,48,property,property,NN,NN
1482,Tonga_1988,0,54,49,and,and,CC,CC
1483,Tonga_1988,0,54,50,believe,believe,VB,VB
1484,Tonga_1988,0,54,51,it,it,PRP,PR
1485,Tonga_1988,0,54,52,to,to,TO,TO
1486,Tonga_1988,0,54,53,be,be,VB,VB
1487,Tonga_1988,0,54,54,concealed,concealed,VBN,VB
1488,Tonga_1988,0,54,55,in,in,IN,IN
1489,Tonga_1988,0,54,56,any,any,DT,DT
1490,Tonga_1988,0,54,57,place,place,NN,NN
1491,Tonga_1988,0,54,58,whether,whether,IN,IN
1492,Tonga_1988,0,54,59,house,house,NN,NN
1493,Tonga_1988,0,54,60,or,or,CC,CC
1494,Tonga_1988,0,54,61,premises,premises,VBZ,VB
1495,Tonga_1988,0,54,62,it,it,PRP,PR
1496,Tonga_1988,0,54,63,shall,shall,MD,MD
1497,Tonga_1988,0,54,64,be,be,VB,VB
1498,Tonga_1988,0,54,65,lawful,lawful,JJ,JJ
1499,Tonga_1988,0,54,66,for,for,IN,IN
1500,Tonga_1988,0,54,67,him,him,PRP,PR
1501,Tonga_1988,0,54,68,to,to,TO,TO
1502,Tonga_1988,0,54,69,make,make,VB,VB
1503,Tonga_1988,0,54,70,an,an,DT,DT
1504,Tonga_1988,0,54,71,affidavit,affidavit,NN,NN
1505,Tonga_1988,0,54,72,before,before,IN,IN
1506,Tonga_1988,0,54,73,a,a,DT,DT
1507,Tonga_1988,0,54,74,magistrate,magistrate,NN,NN
1508,Tonga_1988,0,54,75,that,that,IN,IN
1509,Tonga_1988,0,54,76,he,he,PRP,PR
1510,Tonga_1988,0,54,77,believes,believes,VBZ,VB
1511,Tonga_1988,0,54,78,it,it,PRP,PR
1512,Tonga_1988,0,54,79,to,to,TO,TO
1513,Tonga_1988,0,54,80,be,be,VB,VB
1514,Tonga_1988,0,54,81,concealed,concealed,VBN,VB
1515,Tonga_1988,0,54,82,in,in,IN,IN
1516,Tonga_1988,0,54,83,that,that,DT,DT
1517,Tonga_1988,0,54,84,place,place,NN,NN
1518,Tonga_1988,0,54,85,and,and,CC,CC
1519,Tonga_1988,0,54,86,he,he,PRP,PR
1520,Tonga_1988,0,54,87,shall,shall,MD,MD
1521,Tonga_1988,0,54,88,describe,describe,VB,VB
1522,Tonga_1988,0,54,89,particularly,particularly,RB,RB
1523,Tonga_1988,0,54,90,the,the,DT,DT
1524,Tonga_1988,0,54,91,property,property,NN,NN
1525,Tonga_1988,0,54,92,so,so,RB,RB
1526,Tonga_1988,0,54,93,concealed,concealed,JJ,JJ
1527,Tonga_1988,0,54,94,and,and,CC,CC
1528,Tonga_1988,0,54,95,the,the,DT,DT
1529,Tonga_1988,0,54,96,place,place,NN,NN
1530,Tonga_1988,0,54,97,in,in,IN,IN
1531,Tonga_1988,0,54,98,which,which,WDT,WD
1532,Tonga_1988,0,54,99,he,he,PRP,PR
1533,Tonga_1988,0,54,100,believes,believes,VBZ,VB
1534,Tonga_1988,0,54,101,it,it,PRP,PR
1535,Tonga_1988,0,54,102,to,to,TO,TO
1536,Tonga_1988,0,54,103,be,be,VB,VB
1537,Tonga_1988,0,54,104,concealed,concealed,VBN,VB
1538,Tonga_1988,0,54,105,and,and,CC,CC
1539,Tonga_1988,0,54,106,the,the,DT,DT
1540,Tonga_1988,0,54,107,magistrate,magistrate,NN,NN
1541,Tonga_1988,0,54,108,shall,shall,MD,MD
1542,Tonga_1988,0,54,109,issue,issue,VB,VB
1543,Tonga_1988,0,54,110,a,a,DT,DT
1544,Tonga_1988,0,54,111,search,search,NN,NN
1545,Tonga_1988,0,54,112,warrant,warrant,NN,NN
1546,Tonga_1988,0,54,113,to,to,TO,TO
1547,Tonga_1988,0,54,114,the,the,DT,DT
1548,Tonga_1988,0,54,115,police,police,NN,NN
1549,Tonga_1988,0,54,116,to,to,TO,TO
1550,Tonga_1988,0,54,117,search,search,VB,VB
1551,Tonga_1988,0,54,118,for,for,IN,IN
1552,Tonga_1988,0,54,119,the,the,DT,DT
1553,Tonga_1988,0,54,120,property,property,NN,NN
1554,Tonga_1988,0,54,121,according,according,VBG,VB
1555,Tonga_1988,0,54,122,to,to,TO,TO
1556,Tonga_1988,0,54,123,the,the,DT,DT
1557,Tonga_1988,0,54,124,affidavit,affidavit,NN,NN
1558,Tonga_1988,0,54,125,so,so,RB,RB
1559,Tonga_1988,0,54,126,made,made,VBD,VB
1560,Tonga_1988,0,55,1,Amended,amended,VBN,VB
1561,Tonga_1988,0,55,2,by,by,IN,IN
1562,Tonga_1988,0,55,3,Act,act,NNP,NN
1563,Tonga_1988,0,55,4,7,7,CD,CD
1564,Tonga_1988,0,55,5,of,of,IN,IN
1565,Tonga_1988,0,55,6,1967,1967,CD,CD
1566,Tonga_1988,0,56,0,17,17,CD,CD
1567,Tonga_1988,0,57,0,Government,government,NN,NN
1568,Tonga_1988,0,57,1,to,to,TO,TO
1569,Tonga_1988,0,57,2,be,be,VB,VB
1570,Tonga_1988,0,57,3,impartial,impartial,JJ,JJ
1571,Tonga_1988,0,57,4,Share,share,NNP,NN
1572,Tonga_1988,0,57,5,The,the,DT,DT
1573,Tonga_1988,0,57,6,King,king,NNP,NN
1574,Tonga_1988,0,57,7,shall,shall,MD,MD
1575,Tonga_1988,0,57,8,govern,govern,VB,VB
1576,Tonga_1988,0,57,9,on,on,IN,IN
1577,Tonga_1988,0,57,10,behalf,behalf,NN,NN
1578,Tonga_1988,0,57,11,of,of,IN,IN
1579,Tonga_1988,0,57,12,all,all,PDT,PD
1580,Tonga_1988,0,57,13,his,his,PRP$,PR
1581,Tonga_1988,0,57,14,people,people,NNS,NN
1582,Tonga_1988,0,57,15,and,and,CC,CC
1583,Tonga_1988,0,57,16,not,not,RB,RB
1584,Tonga_1988,0,57,17,so,so,RB,RB
1585,Tonga_1988,0,57,18,as,as,IN,IN
1586,Tonga_1988,0,57,19,to,to,TO,TO
1587,Tonga_1988,0,57,20,enrich,enrich,VB,VB
1588,Tonga_1988,0,57,21,or,or,CC,CC
1589,Tonga_1988,0,57,22,benefit,benefit,VB,VB
1590,Tonga_1988,0,57,23,any,any,DT,DT
1591,Tonga_1988,0,57,24,one,one,CD,CD
1592,Tonga_1988,0,57,25,man,man,NN,NN
1593,Tonga_1988,0,57,26,or,or,CC,CC
1594,Tonga_1988,0,57,27,any,any,DT,DT
1595,Tonga_1988,0,57,28,one,one,CD,CD
1596,Tonga_1988,0,57,29,family,family,NN,NN
1597,Tonga_1988,0,57,30,or,or,CC,CC
1598,Tonga_1988,0,57,31,any,any,DT,DT
1599,Tonga_1988,0,57,32,one,one,CD,CD
1600,Tonga_1988,0,57,33,class,class,NN,NN
1601,Tonga_1988,0,57,34,but,but,CC,CC
1602,Tonga_1988,0,57,35,without,without,IN,IN
1603,Tonga_1988,0,57,36,partiality,partiality,NN,NN
1604,Tonga_1988,0,57,37,for,for,IN,IN
1605,Tonga_1988,0,57,38,the,the,DT,DT
1606,Tonga_1988,0,57,39,good,good,JJ,JJ
1607,Tonga_1988,0,57,40,of,of,IN,IN
1608,Tonga_1988,0,57,41,all,all,PDT,PD
1609,Tonga_1988,0,57,42,the,the,DT,DT
1610,Tonga_1988,0,57,43,people,people,NNS,NN
1611,Tonga_1988,0,57,44,of,of,IN,IN
1612,Tonga_1988,0,57,45,his,his,PRP$,PR
1613,Tonga_1988,0,57,46,Kingdom,kingdom,NNP,NN
1614,Tonga_1988,0,58,0,18,18,CD,CD
1615,Tonga_1988,0,59,0,Taxation,taxation,NNP,NN
1616,Tonga_1988,0,59,1,Share,share,NNP,NN
1617,Tonga_1988,0,59,2,All,all,PDT,PD
1618,Tonga_1988,0,59,3,the,the,DT,DT
1619,Tonga_1988,0,59,4,people,people,NNS,NN
1620,Tonga_1988,0,59,5,have,have,VBP,VB
1621,Tonga_1988,0,59,6,the,the,DT,DT
1622,Tonga_1988,0,59,7,right,right,NN,NN
1623,Tonga_1988,0,59,8,to,to,TO,TO
1624,Tonga_1988,0,59,9,expect,expect,VB,VB
1625,Tonga_1988,0,59,10,that,that,IN,IN
1626,Tonga_1988,0,59,11,the,the,DT,DT
1627,Tonga_1988,0,59,12,Government,government,NNP,NN
1628,Tonga_1988,0,59,13,will,will,MD,MD
1629,Tonga_1988,0,59,14,protect,protect,VB,VB
1630,Tonga_1988,0,59,15,their,their,PRP$,PR
1631,Tonga_1988,0,59,16,life,life,NN,NN
1632,Tonga_1988,0,59,17,liberty,liberty,NN,NN
1633,Tonga_1988,0,59,18,and,and,CC,CC
1634,Tonga_1988,0,59,19,property,property,NN,NN
1635,Tonga_1988,0,59,20,and,and,CC,CC
1636,Tonga_1988,0,59,21,therefore,therefore,VB,VB
1637,Tonga_1988,0,59,22,it,it,PRP,PR
1638,Tonga_1988,0,59,23,is,is,VBZ,VB
1639,Tonga_1988,0,59,24,right,right,JJ,JJ
1640,Tonga_1988,0,59,25,for,for,IN,IN
1641,Tonga_1988,0,59,26,all,all,PDT,PD
1642,Tonga_1988,0,59,27,the,the,DT,DT
1643,Tonga_1988,0,59,28,people,people,NNS,NN
1644,Tonga_1988,0,59,29,to,to,TO,TO
1645,Tonga_1988,0,59,30,support,support,VB,VB
1646,Tonga_1988,0,59,31,and,and,CC,CC
1647,Tonga_1988,0,59,32,contribute,contribute,VB,VB
1648,Tonga_1988,0,59,33,to,to,TO,TO
1649,Tonga_1988,0,59,34,the,the,DT,DT
1650,Tonga_1988,0,59,35,Government,government,NNP,NN
1651,Tonga_1988,0,59,36,according,according,VBG,VB
1652,Tonga_1988,0,59,37,to,to,TO,TO
1653,Tonga_1988,0,59,38,law,law,NN,NN
1654,Tonga_1988,0,60,0,And,and,CC,CC
1655,Tonga_1988,0,60,1,if,if,IN,IN
1656,Tonga_1988,0,60,2,at,at,IN,IN
1657,Tonga_1988,0,60,3,any,any,DT,DT
1658,Tonga_1988,0,60,4,time,time,NN,NN
1659,Tonga_1988,0,60,5,there,there,EX,EX
1660,Tonga_1988,0,60,6,should,should,MD,MD
1661,Tonga_1988,0,60,7,be,be,VB,VB
1662,Tonga_1988,0,60,8,a,a,DT,DT
1663,Tonga_1988,0,60,9,war,war,NN,NN
1664,Tonga_1988,0,60,10,in,in,IN,IN
1665,Tonga_1988,0,60,11,the,the,DT,DT
1666,Tonga_1988,0,60,12,land,land,NN,NN
1667,Tonga_1988,0,60,13,and,and,CC,CC
1668,Tonga_1988,0,60,14,the,the,DT,DT
1669,Tonga_1988,0,60,15,Government,government,NNP,NN
1670,Tonga_1988,0,60,16,should,should,MD,MD
1671,Tonga_1988,0,60,17,take,take,VB,VB
1672,Tonga_1988,0,60,18,the,the,DT,DT
1673,Tonga_1988,0,60,19,property,property,NN,NN
1674,Tonga_1988,0,60,20,of,of,IN,IN
1675,Tonga_1988,0,60,21,anyone,anyone,NN,NN
1676,Tonga_1988,0,60,22,the,the,DT,DT
1677,Tonga_1988,0,60,23,Government,government,NNP,NN
1678,Tonga_1988,0,60,24,shall,shall,MD,MD
1679,Tonga_1988,0,60,25,pay,pay,VB,VB
1680,Tonga_1988,0,60,26,the,the,DT,DT
1681,Tonga_1988,0,60,27,fair,fair,JJ,JJ
1682,Tonga_1988,0,60,28,value,value,NN,NN
1683,Tonga_1988,0,60,29,of,of,IN,IN
1684,Tonga_1988,0,60,30,such,such,JJ,JJ
1685,Tonga_1988,0,60,31,property,property,NN,NN
1686,Tonga_1988,0,60,32,to,to,TO,TO
1687,Tonga_1988,0,60,33,the,the,DT,DT
1688,Tonga_1988,0,60,34,owner,owner,NN,NN
1689,Tonga_1988,0,61,0,And,and,CC,CC
1690,Tonga_1988,0,61,1,if,if,IN,IN
1691,Tonga_1988,0,61,2,the,the,DT,DT
1692,Tonga_1988,0,61,3,Legislature,legislature,NNP,NN
1693,Tonga_1988,0,61,4,shall,shall,MD,MD
1694,Tonga_1988,0,61,5,resolve,resolve,VB,VB
1695,Tonga_1988,0,61,6,to,to,TO,TO
1696,Tonga_1988,0,61,7,take,take,VB,VB
1697,Tonga_1988,0,61,8,from,from,IN,IN
1698,Tonga_1988,0,61,9,any,any,DT,DT
1699,Tonga_1988,0,61,10,person,person,NN,NN
1700,Tonga_1988,0,61,11,or,or,CC,CC
1701,Tonga_1988,0,61,12,persons,persons,NNS,NN
1702,Tonga_1988,0,61,13,their,their,PRP$,PR
1703,Tonga_1988,0,61,14,premises,premises,NNS,NN
1704,Tonga_1988,0,61,15,or,or,CC,CC
1705,Tonga_1988,0,61,16,a,a,DT,DT
1706,Tonga_1988,0,61,17,part,part,NN,NN
1707,Tonga_1988,0,61,18,of,of,IN,IN
1708,Tonga_1988,0,61,19,their,their,PRP$,PR
1709,Tonga_1988,0,61,20,premises,premises,NNS,NN
1710,Tonga_1988,0,61,21,or,or,CC,CC
1711,Tonga_1988,0,61,22,their,their,PRP$,PR
1712,Tonga_1988,0,61,23,houses,houses,NNS,NN
1713,Tonga_1988,0,61,24,for,for,IN,IN
1714,Tonga_1988,0,61,25,the,the,DT,DT
1715,Tonga_1988,0,61,26,purpose,purpose,NN,NN
1716,Tonga_1988,0,61,27,of,of,IN,IN
1717,Tonga_1988,0,61,28,making,making,VBG,VB
1718,Tonga_1988,0,61,29,Government,government,NNP,NN
1719,Tonga_1988,0,61,30,roads,roads,NNS,NN
1720,Tonga_1988,0,61,31,or,or,CC,CC
1721,Tonga_1988,0,61,32,other,other,JJ,JJ
1722,Tonga_1988,0,61,33,work,work,NN,NN
1723,Tonga_1988,0,61,34,of,of,IN,IN
1724,Tonga_1988,0,61,35,benefit,benefit,NN,NN
1725,Tonga_1988,0,61,36,to,to,TO,TO
1726,Tonga_1988,0,61,37,the,the,DT,DT
1727,Tonga_1988,0,61,38,Government,government,NNP,NN
1728,Tonga_1988,0,61,39,the,the,DT,DT
1729,Tonga_1988,0,61,40,Government,government,NNP,NN
1730,Tonga_1988,0,61,41,shall,shall,MD,MD
1731,Tonga_1988,0,61,42,pay,pay,VB,VB
1732,Tonga_1988,0,61,43,the,the,DT,DT
1733,Tonga_1988,0,61,44,fair,fair,JJ,JJ
1734,Tonga_1988,0,61,45,value,value,NN,NN
1735,Tonga_1988,0,62,1,Act,act,NNP,NN
1736,Tonga_1988,0,62,2,19,19,CD,CD
1737,Tonga_1988,0,62,3,of,of,IN,IN
1738,Tonga_1988,0,62,4,1927,1927,CD,CD
1739,Tonga_1988,0,63,0,19,19,CD,CD
1740,Tonga_1988,0,64,0,Expenditure,expenditure,NN,NN
1741,Tonga_1988,0,64,1,to,to,TO,TO
1742,Tonga_1988,0,64,2,be,be,VB,VB
1743,Tonga_1988,0,64,3,voted,voted,VBN,VB
1744,Tonga_1988,0,64,4,Share,share,NNP,NN
1745,Tonga_1988,0,64,5,a.No,ano,JJ,JJ
1746,Tonga_1988,0,64,6,money,money,NN,NN
1747,Tonga_1988,0,64,7,shall,shall,MD,MD
1748,Tonga_1988,0,64,8,be,be,VB,VB
1749,Tonga_1988,0,64,9,paid,paid,VBN,VB
1750,Tonga_1988,0,64,10,out,out,IN,IN
1751,Tonga_1988,0,64,11,of,of,IN,IN
1752,Tonga_1988,0,64,12,the,the,DT,DT
1753,Tonga_1988,0,64,13,Treasury,treasury,NNP,NN
1754,Tonga_1988,0,64,14,nor,nor,CC,CC
1755,Tonga_1988,0,64,15,borrowed,borrowed,VBN,VB
1756,Tonga_1988,0,64,16,nor,nor,CC,CC
1757,Tonga_1988,0,64,17,debts,debts,NNS,NN
1758,Tonga_1988,0,64,18,contracted,contracted,VBN,VB
1759,Tonga_1988,0,64,19,by,by,IN,IN
1760,Tonga_1988,0,64,20,the,the,DT,DT
1761,Tonga_1988,0,64,21,Government,government,NNP,NN
1762,Tonga_1988,0,64,22,but,but,CC,CC
1763,Tonga_1988,0,64,23,by,by,IN,IN
1764,Tonga_1988,0,64,24,the,the,DT,DT
1765,Tonga_1988,0,64,25,prior,prior,JJ,JJ
1766,Tonga_1988,0,64,26,vote,vote,NN,NN
1767,Tonga_1988,0,64,27,of,of,IN,IN
1768,Tonga_1988,0,64,28,the,the,DT,DT
1769,Tonga_1988,0,64,29,Legislative,legislative,NNP,NN
1770,Tonga_1988,0,64,30,Assembly,assembly,NNP,NN
1771,Tonga_1988,0,64,32,except,except,IN,IN
1772,Tonga_1988,0,64,33,in,in,IN,IN
1773,Tonga_1988,0,64,34,the,the,DT,DT
1774,Tonga_1988,0,64,35,following,following,JJ,JJ
1775,Tonga_1988,0,64,36,cases,cases,NNS,NN
1776,Tonga_1988,0,64,38,i.Where,iwhere,RB,RB
1777,Tonga_1988,0,64,39,an,an,DT,DT
1778,Tonga_1988,0,64,40,Act,act,NNP,NN
1779,Tonga_1988,0,64,41,duly,duly,NN,NN
1780,Tonga_1988,0,64,42,passed,passed,VBN,VB
1781,Tonga_1988,0,64,43,by,by,IN,IN
1782,Tonga_1988,0,64,44,the,the,DT,DT
1783,Tonga_1988,0,64,45,Legislative,legislative,NNP,NN
1784,Tonga_1988,0,64,46,Assembly,assembly,NNP,NN
1785,Tonga_1988,0,64,47,gives,gives,VBZ,VB
1786,Tonga_1988,0,64,48,power,power,NN,NN
1787,Tonga_1988,0,64,49,to,to,TO,TO
1788,Tonga_1988,0,64,50,pay,pay,VB,VB
1789,Tonga_1988,0,64,51,out,out,RP,RP
1790,Tonga_1988,0,64,52,money,money,NN,NN
1791,Tonga_1988,0,64,53,or,or,CC,CC
1792,Tonga_1988,0,64,54,borrow,borrow,NN,NN
1793,Tonga_1988,0,64,55,or,or,CC,CC
1794,Tonga_1988,0,64,56,contract,contract,NN,NN
1795,Tonga_1988,0,64,57,debts,debts,NNS,NN
1796,Tonga_1988,0,64,59,then,then,RB,RB
1797,Tonga_1988,0,64,60,money,money,NN,NN
1798,Tonga_1988,0,64,61,may,may,MD,MD
1799,Tonga_1988,0,64,62,be,be,VB,VB
1800,Tonga_1988,0,64,63,paid,paid,VBN,VB
1801,Tonga_1988,0,64,64,out,out,RP,RP
1802,Tonga_1988,0,64,66,or,or,CC,CC
1803,Tonga_1988,0,64,67,borrowing,borrowing,VBG,VB
1804,Tonga_1988,0,64,68,carried,carried,VBN,VB
1805,Tonga_1988,0,64,69,out,out,IN,IN
1806,Tonga_1988,0,64,70,or,or,CC,CC
1807,Tonga_1988,0,64,71,debts,debts,NNS,NN
1808,Tonga_1988,0,64,72,contracted,contracted,VBN,VB
1809,Tonga_1988,0,64,73,in,in,IN,IN
1810,Tonga_1988,0,64,74,terms,terms,NNS,NN
1811,Tonga_1988,0,64,75,of,of,IN,IN
1812,Tonga_1988,0,64,76,that,that,DT,DT
1813,Tonga_1988,0,64,77,Act,act,NNP,NN
1814,Tonga_1988,0,64,79,and,and,CC,CC
1815,Tonga_1988,0,64,80,ii.In,iiin,JJ,JJ
1816,Tonga_1988,0,64,81,cases,cases,NNS,NN
1817,Tonga_1988,0,64,82,of,of,IN,IN
1818,Tonga_1988,0,64,83,war,war,NN,NN
1819,Tonga_1988,0,64,84,or,or,CC,CC
1820,Tonga_1988,0,64,85,rebellion,rebellion,NN,NN
1821,Tonga_1988,0,64,86,or,or,CC,CC
1822,Tonga_1988,0,64,87,dangerous,dangerous,JJ,JJ
1823,Tonga_1988,0,64,88,epidemic,epidemic,JJ,JJ
1824,Tonga_1988,0,64,89,or,or,CC,CC
1825,Tonga_1988,0,64,90,a,a,DT,DT
1826,Tonga_1988,0,64,91,similar,similar,JJ,JJ
1827,Tonga_1988,0,64,92,emergency,emergency,NN,NN
1828,Tonga_1988,0,64,94,then,then,RB,RB
1829,Tonga_1988,0,64,95,it,it,PRP,PR
1830,Tonga_1988,0,64,96,may,may,MD,MD
1831,Tonga_1988,0,64,97,be,be,VB,VB
1832,Tonga_1988,0,64,98,done,done,VBN,VB
1833,Tonga_1988,0,64,99,by,by,IN,IN
1834,Tonga_1988,0,64,100,the,the,DT,DT
1835,Tonga_1988,0,64,101,Treasurer,treasurer,NN,NN
1836,Tonga_1988,0,64,102,with,with,IN,IN
1837,Tonga_1988,0,64,103,the,the,DT,DT
1838,Tonga_1988,0,64,104,consent,consent,NN,NN
1839,Tonga_1988,0,64,105,of,of,IN,IN
1840,Tonga_1988,0,64,106,Cabinet,cabinet,NNP,NN
1841,Tonga_1988,0,64,108,and,and,CC,CC
1842,Tonga_1988,0,64,109,the,the,DT,DT
1843,Tonga_1988,0,64,110,King,king,NNP,NN
1844,Tonga_1988,0,64,111,shall,shall,MD,MD
1845,Tonga_1988,0,64,112,at,at,IN,IN
1846,Tonga_1988,0,64,113,once,once,RB,RB
1847,Tonga_1988,0,64,114,convoke,convoke,VBD,VB
1848,Tonga_1988,0,64,115,the,the,DT,DT
1849,Tonga_1988,0,64,116,Legislative,legislative,NNP,NN
1850,Tonga_1988,0,64,117,Assembly,assembly,NNP,NN
1851,Tonga_1988,0,64,118,and,and,CC,CC
1852,Tonga_1988,0,64,119,the,the,DT,DT
1853,Tonga_1988,0,64,120,Treasurer,treasurer,NNP,NN
1854,Tonga_1988,0,64,121,shall,shall,MD,MD
1855,Tonga_1988,0,64,122,state,state,NN,NN
1856,Tonga_1988,0,64,123,the,the,DT,DT
1857,Tonga_1988,0,64,124,grounds,grounds,NNS,NN
1858,Tonga_1988,0,64,125,for,for,IN,IN
1859,Tonga_1988,0,64,126,the,the,DT,DT
1860,Tonga_1988,0,64,127,expenditure,expenditure,NN,NN
1861,Tonga_1988,0,64,128,and,and,CC,CC
1862,Tonga_1988,0,64,129,the,the,DT,DT
1863,Tonga_1988,0,64,130,amount,amount,NN,NN
1864,Tonga_1988,0,65,0,b.The,bthe,NN,NN
1865,Tonga_1988,0,65,1,Treasurer,treasurer,NNP,NN
1866,Tonga_1988,0,65,3,with,with,IN,IN
1867,Tonga_1988,0,65,4,the,the,DT,DT
1868,Tonga_1988,0,65,5,approval,approval,NN,NN
1869,Tonga_1988,0,65,6,of,of,IN,IN
1870,Tonga_1988,0,65,7,Privy,privy,NNP,NN
1871,Tonga_1988,0,65,8,Council,council,NNP,NN
1872,Tonga_1988,0,65,10,shall,shall,MD,MD
1873,Tonga_1988,0,65,11,have,have,VB,VB
1874,Tonga_1988,0,65,12,power,power,NN,NN
1875,Tonga_1988,0,65,13,to,to,TO,TO
1876,Tonga_1988,0,65,14,increase,increase,VB,VB
1877,Tonga_1988,0,65,15,or,or,CC,CC
1878,Tonga_1988,0,65,16,decrease,decrease,VB,VB
1879,Tonga_1988,0,65,17,the,the,DT,DT
1880,Tonga_1988,0,65,18,taxes,taxes,NNS,NN
1881,Tonga_1988,0,65,19,and/or,andor,VBP,VB
1882,Tonga_1988,0,65,20,customs,customs,NNS,NN
1883,Tonga_1988,0,65,21,duties,duties,NNS,NN
1884,Tonga_1988,0,65,22,and,and,CC,CC
1885,Tonga_1988,0,65,23,shall,shall,MD,MD
1886,Tonga_1988,0,65,24,have,have,VB,VB
1887,Tonga_1988,0,65,25,power,power,NN,NN
1888,Tonga_1988,0,65,26,to,to,TO,TO
1889,Tonga_1988,0,65,27,levy,levy,VB,VB
1890,Tonga_1988,0,65,28,new,new,JJ,JJ
1891,Tonga_1988,0,65,29,taxes,taxes,NNS,NN
1892,Tonga_1988,0,65,30,and/or,andor,VBP,VB
1893,Tonga_1988,0,65,31,customs,customs,NNS,NN
1894,Tonga_1988,0,65,32,duties,duties,NNS,NN
1895,Tonga_1988,0,65,34,and,and,CC,CC
1896,Tonga_1988,0,65,35,all,all,DT,DT
1897,Tonga_1988,0,65,36,such,such,JJ,JJ
1898,Tonga_1988,0,65,37,increases,increases,NNS,NN
1899,Tonga_1988,0,65,38,or,or,CC,CC
1900,Tonga_1988,0,65,39,decreases,decreases,NNS,NN
1901,Tonga_1988,0,65,40,or,or,CC,CC
1902,Tonga_1988,0,65,41,new,new,JJ,JJ
1903,Tonga_1988,0,65,42,taxes,taxes,NNS,NN
1904,Tonga_1988,0,65,43,or,or,CC,CC
1905,Tonga_1988,0,65,44,customs,customs,NNS,NN
1906,Tonga_1988,0,65,45,duties,duties,NNS,NN
1907,Tonga_1988,0,65,46,shall,shall,MD,MD
1908,Tonga_1988,0,65,47,be,be,VB,VB
1909,Tonga_1988,0,65,48,published,published,VBN,VB
1910,Tonga_1988,0,65,49,in,in,IN,IN
1911,Tonga_1988,0,65,50,the,the,DT,DT
1912,Tonga_1988,0,65,51,Gazette,gazette,NNP,NN
1913,Tonga_1988,0,65,52,and,and,CC,CC
1914,Tonga_1988,0,65,53,shall,shall,MD,MD
1915,Tonga_1988,0,65,54,be,be,VB,VB
1916,Tonga_1988,0,65,55,placed,placed,VBN,VB
1917,Tonga_1988,0,65,56,before,before,IN,IN
1918,Tonga_1988,0,65,57,the,the,DT,DT
1919,Tonga_1988,0,65,58,next,next,JJ,JJ
1920,Tonga_1988,0,65,59,session,session,NN,NN
1921,Tonga_1988,0,65,60,of,of,IN,IN
1922,Tonga_1988,0,65,61,the,the,DT,DT
1923,Tonga_1988,0,65,62,Legislative,legislative,NNP,NN
1924,Tonga_1988,0,65,63,Assembly,assembly,NNP,NN
1925,Tonga_1988,0,65,64,and,and,CC,CC
1926,Tonga_1988,0,65,65,shall,shall,MD,MD
1927,Tonga_1988,0,65,66,have,have,VB,VB
1928,Tonga_1988,0,65,67,full,full,JJ,JJ
1929,Tonga_1988,0,65,68,force,force,NN,NN
1930,Tonga_1988,0,65,69,and,and,CC,CC
1931,Tonga_1988,0,65,70,shall,shall,MD,MD
1932,Tonga_1988,0,65,71,remain,remain,VB,VB
1933,Tonga_1988,0,65,72,effective,effective,JJ,JJ
1934,Tonga_1988,0,65,73,from,from,IN,IN
1935,Tonga_1988,0,65,74,the,the,DT,DT
1936,Tonga_1988,0,65,75,date,date,NN,NN
1937,Tonga_1988,0,65,76,of,of,IN,IN
1938,Tonga_1988,0,65,77,publication,publication,NN,NN
1939,Tonga_1988,0,65,78,in,in,IN,IN
1940,Tonga_1988,0,65,79,the,the,DT,DT
1941,Tonga_1988,0,65,80,Gazette,gazette,NNP,NN
1942,Tonga_1988,0,65,81,until,until,IN,IN
1943,Tonga_1988,0,65,82,rescinded,rescinded,VBN,VB
1944,Tonga_1988,0,65,83,by,by,IN,IN
1945,Tonga_1988,0,65,84,the,the,DT,DT
1946,Tonga_1988,0,65,85,Legislative,legislative,NNP,NN
1947,Tonga_1988,0,65,86,Assembly,assembly,NNP,NN
1948,Tonga_1988,0,65,87,or,or,CC,CC
1949,Tonga_1988,0,65,88,by,by,IN,IN
1950,Tonga_1988,0,65,89,the,the,DT,DT
1951,Tonga_1988,0,65,90,Treasurer,treasurer,NN,NN
1952,Tonga_1988,0,65,91,with,with,IN,IN
1953,Tonga_1988,0,65,92,the,the,DT,DT
1954,Tonga_1988,0,65,93,approval,approval,NN,NN
1955,Tonga_1988,0,65,94,of,of,IN,IN
1956,Tonga_1988,0,65,95,Privy,privy,NNP,NN
1957,Tonga_1988,0,65,96,Council,council,NNP,NN
1958,Tonga_1988,0,66,1,Substituted,substituted,VBN,VB
1959,Tonga_1988,0,66,2,by,by,IN,IN
1960,Tonga_1988,0,66,3,Act,act,NNP,NN
1961,Tonga_1988,0,66,4,14,14,CD,CD
1962,Tonga_1988,0,66,5,of,of,IN,IN
1963,Tonga_1988,0,66,6,1972,1972,CD,CD
1964,Tonga_1988,0,67,0,20,20,CD,CD
1965,Tonga_1988,0,68,0,Retrospective,retrospective,NNP,NN
1966,Tonga_1988,0,68,1,laws,laws,NNS,NN
1967,Tonga_1988,0,68,2,Share,share,VBP,VB
1968,Tonga_1988,0,68,3,It,it,PRP,PR
1969,Tonga_1988,0,68,4,shall,shall,MD,MD
1970,Tonga_1988,0,68,5,not,not,RB,RB
1971,Tonga_1988,0,68,6,be,be,VB,VB
1972,Tonga_1988,0,68,7,lawful,lawful,JJ,JJ
1973,Tonga_1988,0,68,8,to,to,TO,TO
1974,Tonga_1988,0,68,9,enact,enact,VB,VB
1975,Tonga_1988,0,68,10,any,any,DT,DT
1976,Tonga_1988,0,68,11,retrospective,retrospective,JJ,JJ
1977,Tonga_1988,0,68,12,laws,laws,NNS,NN
1978,Tonga_1988,0,68,13,in,in,IN,IN
1979,Tonga_1988,0,68,14,so,so,RB,RB
1980,Tonga_1988,0,68,15,far,far,RB,RB
1981,Tonga_1988,0,68,16,as,as,IN,IN
1982,Tonga_1988,0,68,17,they,they,PRP,PR
1983,Tonga_1988,0,68,18,may,may,MD,MD
1984,Tonga_1988,0,68,19,curtail,curtail,VB,VB
1985,Tonga_1988,0,68,20,or,or,CC,CC
1986,Tonga_1988,0,68,21,take,take,VB,VB
1987,Tonga_1988,0,68,22,away,away,RP,RP
1988,Tonga_1988,0,68,23,or,or,CC,CC
1989,Tonga_1988,0,68,24,affect,affect,VB,VB
1990,Tonga_1988,0,68,25,rights,rights,NNS,NN
1991,Tonga_1988,0,68,26,or,or,CC,CC
1992,Tonga_1988,0,68,27,privileges,privileges,NNS,NN
1993,Tonga_1988,0,68,28,existing,existing,VBG,VB
1994,Tonga_1988,0,68,29,at,at,IN,IN
1995,Tonga_1988,0,68,30,the,the,DT,DT
1996,Tonga_1988,0,68,31,time,time,NN,NN
1997,Tonga_1988,0,68,32,of,of,IN,IN
1998,Tonga_1988,0,68,33,the,the,DT,DT
1999,Tonga_1988,0,68,34,passing,passing,NN,NN
2000,Tonga_1988,0,68,35,of,of,IN,IN
2001,Tonga_1988,0,68,36,such,such,JJ,JJ
2002,Tonga_1988,0,68,37,laws,laws,NNS,NN
2003,Tonga_1988,0,69,1,Act,act,NNP,NN
2004,Tonga_1988,0,69,2,35,35,CD,CD
2005,Tonga_1988,0,69,3,of,of,IN,IN
2006,Tonga_1988,0,69,4,1912,1912,CD,CD
2007,Tonga_1988,0,70,0,21,21,CD,CD
2008,Tonga_1988,0,71,0,Army,army,NNP,NN
2009,Tonga_1988,0,71,1,subject,subject,NN,NN
2010,Tonga_1988,0,71,2,to,to,TO,TO
2011,Tonga_1988,0,71,3,civil,civil,JJ,JJ
2012,Tonga_1988,0,71,4,law,law,NN,NN
2013,Tonga_1988,0,71,5,Share,share,NN,NN
2014,Tonga_1988,0,71,6,Every,every,NNP,NN
2015,Tonga_1988,0,71,7,soldier,soldier,NN,NN
2016,Tonga_1988,0,71,8,shall,shall,MD,MD
2017,Tonga_1988,0,71,9,be,be,VB,VB
2018,Tonga_1988,0,71,10,subject,subject,JJ,JJ
2019,Tonga_1988,0,71,11,to,to,TO,TO
2020,Tonga_1988,0,71,12,the,the,DT,DT
2021,Tonga_1988,0,71,13,laws,laws,NNS,NN
2022,Tonga_1988,0,71,14,of,of,IN,IN
2023,Tonga_1988,0,71,15,the,the,DT,DT
2024,Tonga_1988,0,71,16,land,land,NN,NN
2025,Tonga_1988,0,71,17,whether,whether,IN,IN
2026,Tonga_1988,0,71,18,he,he,PRP,PR
2027,Tonga_1988,0,71,19,belong,belong,VBZ,VB
2028,Tonga_1988,0,71,20,to,to,TO,TO
2029,Tonga_1988,0,71,21,the,the,DT,DT
2030,Tonga_1988,0,71,22,Guards,guards,NNP,NN
2031,Tonga_1988,0,71,24,the,the,DT,DT
2032,Tonga_1988,0,71,25,Artillery,artillery,NNP,NN
2033,Tonga_1988,0,71,26,or,or,CC,CC
2034,Tonga_1988,0,71,27,to,to,TO,TO
2035,Tonga_1988,0,71,28,the,the,DT,DT
2036,Tonga_1988,0,71,29,Militia,militia,NNP,NN
2037,Tonga_1988,0,71,30,in,in,IN,IN
2038,Tonga_1988,0,71,31,accordance,accordance,NN,NN
2039,Tonga_1988,0,71,32,with,with,IN,IN
2040,Tonga_1988,0,71,33,the,the,DT,DT
2041,Tonga_1988,0,71,34,twenty-second,twentysecond,NN,NN
2042,Tonga_1988,0,71,35,clause,clause,NN,NN
2043,Tonga_1988,0,71,36,and,and,CC,CC
2044,Tonga_1988,0,71,37,any,any,DT,DT
2045,Tonga_1988,0,71,38,soldier,soldier,NN,NN
2046,Tonga_1988,0,71,39,who,who,WP,WP
2047,Tonga_1988,0,71,40,breaks,breaks,VBZ,VB
2048,Tonga_1988,0,71,41,the,the,DT,DT
2049,Tonga_1988,0,71,42,law,law,NN,NN
2050,Tonga_1988,0,71,43,of,of,IN,IN
2051,Tonga_1988,0,71,44,the,the,DT,DT
2052,Tonga_1988,0,71,45,land,land,NN,NN
2053,Tonga_1988,0,71,46,shall,shall,MD,MD
2054,Tonga_1988,0,71,47,be,be,VB,VB
2055,Tonga_1988,0,71,48,tried,tried,VBN,VB
2056,Tonga_1988,0,71,49,in,in,IN,IN
2057,Tonga_1988,0,71,50,the,the,DT,DT
2058,Tonga_1988,0,71,51,courts,courts,NNS,NN
2059,Tonga_1988,0,71,52,as,as,IN,IN
2060,Tonga_1988,0,71,53,any,any,DT,DT
2061,Tonga_1988,0,71,54,other,other,JJ,JJ
2062,Tonga_1988,0,71,55,person,person,NN,NN
2063,Tonga_1988,0,72,0,And,and,CC,CC
2064,Tonga_1988,0,72,1,it,it,PRP,PR
2065,Tonga_1988,0,72,2,shall,shall,MD,MD
2066,Tonga_1988,0,72,3,not,not,RB,RB
2067,Tonga_1988,0,72,4,be,be,VB,VB
2068,Tonga_1988,0,72,5,lawful,lawful,JJ,JJ
2069,Tonga_1988,0,72,6,for,for,IN,IN
2070,Tonga_1988,0,72,7,any,any,DT,DT
2071,Tonga_1988,0,72,8,officer,officer,NN,NN
2072,Tonga_1988,0,72,9,to,to,TO,TO
2073,Tonga_1988,0,72,10,quarter,quarter,NN,NN
2074,Tonga_1988,0,72,11,any,any,DT,DT
2075,Tonga_1988,0,72,12,soldier,soldier,JJR,JJ
2076,Tonga_1988,0,72,13,upon,upon,IN,IN
2077,Tonga_1988,0,72,14,the,the,DT,DT
2078,Tonga_1988,0,72,15,premises,premises,NNS,NN
2079,Tonga_1988,0,72,16,of,of,IN,IN
2080,Tonga_1988,0,72,17,anyone,anyone,NN,NN
2081,Tonga_1988,0,72,18,except,except,IN,IN
2082,Tonga_1988,0,72,19,in,in,IN,IN
2083,Tonga_1988,0,72,20,time,time,NN,NN
2084,Tonga_1988,0,72,21,of,of,IN,IN
2085,Tonga_1988,0,72,22,war,war,NN,NN
2086,Tonga_1988,0,72,23,and,and,CC,CC
2087,Tonga_1988,0,72,24,then,then,RB,RB
2088,Tonga_1988,0,72,25,only,only,RB,RB
2089,Tonga_1988,0,72,26,as,as,IN,IN
2090,Tonga_1988,0,72,27,may,may,MD,MD
2091,Tonga_1988,0,72,28,be,be,VB,VB
2092,Tonga_1988,0,72,29,resolved,resolved,VBN,VB
2093,Tonga_1988,0,72,30,by,by,IN,IN
2094,Tonga_1988,0,72,31,the,the,DT,DT
2095,Tonga_1988,0,72,32,Legislative,legislative,NNP,NN
2096,Tonga_1988,0,72,33,Assembly,assembly,NNP,NN
2097,Tonga_1988,0,73,0,22,22,CD,CD
2098,Tonga_1988,0,74,0,Guards,guards,NNS,NN
2099,Tonga_1988,0,74,1,and,and,CC,CC
2100,Tonga_1988,0,74,2,Militia,militia,NNP,NN
2101,Tonga_1988,0,74,3,Share,share,NNP,NN
2102,Tonga_1988,0,74,4,The,the,DT,DT
2103,Tonga_1988,0,74,5,Royal,royal,NNP,NN
2104,Tonga_1988,0,74,6,Guards,guards,NNP,NN
2105,Tonga_1988,0,74,7,shall,shall,MD,MD
2106,Tonga_1988,0,74,8,have,have,VB,VB
2107,Tonga_1988,0,74,9,the,the,DT,DT
2108,Tonga_1988,0,74,10,right,right,NN,NN
2109,Tonga_1988,0,74,11,to,to,TO,TO
2110,Tonga_1988,0,74,12,vote,vote,VB,VB
2111,Tonga_1988,0,74,13,for,for,IN,IN
2112,Tonga_1988,0,74,14,representatives,representatives,NNS,NN
2113,Tonga_1988,0,74,15,to,to,TO,TO
2114,Tonga_1988,0,74,16,the,the,DT,DT
2115,Tonga_1988,0,74,17,Legislative,legislative,NNP,NN
2116,Tonga_1988,0,74,18,Assembly,assembly,NNP,NN
2117,Tonga_1988,0,74,19,although,although,IN,IN
2118,Tonga_1988,0,74,20,they,they,PRP,PR
2119,Tonga_1988,0,74,21,are,are,VBP,VB
2120,Tonga_1988,0,74,22,exempt,exempt,JJ,JJ
2121,Tonga_1988,0,74,23,from,from,IN,IN
2122,Tonga_1988,0,74,24,taxes,taxes,NNS,NN
2123,Tonga_1988,0,74,25,in,in,IN,IN
2124,Tonga_1988,0,74,26,accordance,accordance,NN,NN
2125,Tonga_1988,0,74,27,with,with,IN,IN
2126,Tonga_1988,0,74,28,the,the,DT,DT
2127,Tonga_1988,0,74,29,provisions,provisions,NNS,NN
2128,Tonga_1988,0,74,30,of,of,IN,IN
2129,Tonga_1988,0,74,31,this,this,DT,DT
2130,Tonga_1988,0,74,32,Constitution,constitution,NNP,NN
2131,Tonga_1988,0,75,0,It,it,PRP,PR
2132,Tonga_1988,0,75,1,shall,shall,MD,MD
2133,Tonga_1988,0,75,2,be,be,VB,VB
2134,Tonga_1988,0,75,3,lawful,lawful,JJ,JJ
2135,Tonga_1988,0,75,4,for,for,IN,IN
2136,Tonga_1988,0,75,5,the,the,DT,DT
2137,Tonga_1988,0,75,6,King,king,NNP,NN
2138,Tonga_1988,0,75,7,to,to,TO,TO
2139,Tonga_1988,0,75,8,command,command,VB,VB
2140,Tonga_1988,0,75,9,any,any,DT,DT
2141,Tonga_1988,0,75,10,taxpayer,taxpayer,NN,NN
2142,Tonga_1988,0,75,11,to,to,TO,TO
2143,Tonga_1988,0,75,12,join,join,VB,VB
2144,Tonga_1988,0,75,13,the,the,DT,DT
2145,Tonga_1988,0,75,14,militia,militia,NN,NN
2146,Tonga_1988,0,75,15,for,for,IN,IN
2147,Tonga_1988,0,75,16,the,the,DT,DT
2148,Tonga_1988,0,75,17,purpose,purpose,NN,NN
2149,Tonga_1988,0,75,18,of,of,IN,IN
2150,Tonga_1988,0,75,19,instruction,instruction,NN,NN
2151,Tonga_1988,0,75,20,or,or,CC,CC
2152,Tonga_1988,0,75,21,for,for,IN,IN
2153,Tonga_1988,0,75,22,parade,parade,NN,NN
2154,Tonga_1988,0,75,23,on,on,IN,IN
2155,Tonga_1988,0,75,24,public,public,JJ,JJ
2156,Tonga_1988,0,75,25,occasions,occasions,NNS,NN
2157,Tonga_1988,0,75,26,should,should,MD,MD
2158,Tonga_1988,0,75,27,he,he,PRP,PR
2159,Tonga_1988,0,75,28,think,think,VB,VB
2160,Tonga_1988,0,75,29,fit,fit,NN,NN
2161,Tonga_1988,0,75,30,and,and,CC,CC
2162,Tonga_1988,0,75,31,also,also,RB,RB
2163,Tonga_1988,0,75,32,in,in,IN,IN
2164,Tonga_1988,0,75,33,time,time,NN,NN
2165,Tonga_1988,0,75,34,of,of,IN,IN
2166,Tonga_1988,0,75,35,war,war,NN,NN
2167,Tonga_1988,0,75,36,to,to,TO,TO
2168,Tonga_1988,0,75,37,call,call,VB,VB
2169,Tonga_1988,0,75,38,out,out,RP,RP
2170,Tonga_1988,0,75,39,all,all,DT,DT
2171,Tonga_1988,0,75,40,those,those,DT,DT
2172,Tonga_1988,0,75,41,capable,capable,JJ,JJ
2173,Tonga_1988,0,75,42,of,of,IN,IN
2174,Tonga_1988,0,75,43,bearing,bearing,VBG,VB
2175,Tonga_1988,0,75,44,arms,arms,NNS,NN
2176,Tonga_1988,0,75,45,and,and,CC,CC
2177,Tonga_1988,0,75,46,to,to,TO,TO
2178,Tonga_1988,0,75,47,make,make,VB,VB
2179,Tonga_1988,0,75,48,orders,orders,NNS,NN
2180,Tonga_1988,0,75,49,and,and,CC,CC
2181,Tonga_1988,0,75,50,regulations,regulations,NNS,NN
2182,Tonga_1988,0,75,51,for,for,IN,IN
2183,Tonga_1988,0,75,52,their,their,PRP$,PR
2184,Tonga_1988,0,75,53,control,control,NN,NN
2185,Tonga_1988,0,75,54,and,and,CC,CC
2186,Tonga_1988,0,75,55,provisioning,provisioning,NN,NN
2187,Tonga_1988,0,76,0,23,23,CD,CD
2188,Tonga_1988,0,77,0,Disabilities,disabilities,NNS,NN
2189,Tonga_1988,0,77,1,of,of,IN,IN
2190,Tonga_1988,0,77,2,convict,convict,NN,NN
2191,Tonga_1988,0,77,3,Share,share,NNP,NN
2192,Tonga_1988,0,77,4,No,no,NNP,NN
2193,Tonga_1988,0,77,5,person,person,NN,NN
2194,Tonga_1988,0,77,6,having,having,VBG,VB
2195,Tonga_1988,0,77,7,been,been,VBN,VB
2196,Tonga_1988,0,77,8,convicted,convicted,VBN,VB
2197,Tonga_1988,0,77,9,of,of,IN,IN
2198,Tonga_1988,0,77,10,a,a,DT,DT
2199,Tonga_1988,0,77,11,criminal,criminal,JJ,JJ
2200,Tonga_1988,0,77,12,offence,offence,NN,NN
2201,Tonga_1988,0,77,13,punishable,punishable,JJ,JJ
2202,Tonga_1988,0,77,14,by,by,IN,IN
2203,Tonga_1988,0,77,15,imprisonment,imprisonment,NN,NN
2204,Tonga_1988,0,77,16,for,for,IN,IN
2205,Tonga_1988,0,77,17,more,more,JJR,JJ
2206,Tonga_1988,0,77,18,than,than,IN,IN
2207,Tonga_1988,0,77,19,two,two,CD,CD
2208,Tonga_1988,0,77,20,years,years,NNS,NN
2209,Tonga_1988,0,77,22,shall,shall,MD,MD
2210,Tonga_1988,0,77,23,hold,hold,VB,VB
2211,Tonga_1988,0,77,24,any,any,DT,DT
2212,Tonga_1988,0,77,25,office,office,NN,NN
2213,Tonga_1988,0,77,26,under,under,IN,IN
2214,Tonga_1988,0,77,27,the,the,DT,DT
2215,Tonga_1988,0,77,28,Government,government,NNP,NN
2216,Tonga_1988,0,77,29,whether,whether,IN,IN
2217,Tonga_1988,0,77,30,of,of,IN,IN
2218,Tonga_1988,0,77,31,emolument,emolument,NN,NN
2219,Tonga_1988,0,77,32,or,or,CC,CC
2220,Tonga_1988,0,77,33,honour,honour,NN,NN
2221,Tonga_1988,0,77,34,nor,nor,CC,CC
2222,Tonga_1988,0,77,35,shall,shall,MD,MD
2223,Tonga_1988,0,77,36,he,he,PRP,PR
2224,Tonga_1988,0,77,37,be,be,VB,VB
2225,Tonga_1988,0,77,38,qualified,qualified,VBN,VB
2226,Tonga_1988,0,77,39,to,to,TO,TO
2227,Tonga_1988,0,77,40,vote,vote,VB,VB
2228,Tonga_1988,0,77,41,for,for,IN,IN
2229,Tonga_1988,0,77,42,nor,nor,CC,CC
2230,Tonga_1988,0,77,43,to,to,TO,TO
2231,Tonga_1988,0,77,44,be,be,VB,VB
2232,Tonga_1988,0,77,45,elected,elected,VBN,VB
2233,Tonga_1988,0,77,46,a,a,DT,DT
2234,Tonga_1988,0,77,47,representative,representative,NN,NN
2235,Tonga_1988,0,77,48,of,of,IN,IN
2236,Tonga_1988,0,77,49,the,the,DT,DT
2237,Tonga_1988,0,77,50,Legislative,legislative,NNP,NN
2238,Tonga_1988,0,77,51,Assembly,assembly,NNP,NN
2239,Tonga_1988,0,77,52,unless,unless,IN,IN
2240,Tonga_1988,0,77,53,he,he,PRP,PR
2241,Tonga_1988,0,77,54,has,has,VBZ,VB
2242,Tonga_1988,0,77,55,received,received,VBN,VB
2243,Tonga_1988,0,77,56,from,from,IN,IN
2244,Tonga_1988,0,77,57,the,the,DT,DT
2245,Tonga_1988,0,77,58,King,king,VBG,VB
2246,Tonga_1988,0,77,59,a,a,DT,DT
2247,Tonga_1988,0,77,60,pardon,pardon,NN,NN
2248,Tonga_1988,0,77,61,together,together,RB,RB
2249,Tonga_1988,0,77,62,with,with,IN,IN
2250,Tonga_1988,0,77,63,a,a,DT,DT
2251,Tonga_1988,0,77,64,declaration,declaration,NN,NN
2252,Tonga_1988,0,77,65,that,that,IN,IN
2253,Tonga_1988,0,77,66,he,he,PRP,PR
2254,Tonga_1988,0,77,67,is,is,VBZ,VB
2255,Tonga_1988,0,77,68,freed,freed,VBN,VB
2256,Tonga_1988,0,77,69,from,from,IN,IN
2257,Tonga_1988,0,77,70,the,the,DT,DT
2258,Tonga_1988,0,77,71,disabilities,disabilities,NNS,NN
2259,Tonga_1988,0,77,72,to,to,TO,TO
2260,Tonga_1988,0,77,73,which,which,WDT,WD
2261,Tonga_1988,0,77,74,he,he,PRP,PR
2262,Tonga_1988,0,77,75,would,would,MD,MD
2263,Tonga_1988,0,77,76,otherwise,otherwise,RB,RB
2264,Tonga_1988,0,77,77,be,be,VB,VB
2265,Tonga_1988,0,77,78,subject,subject,JJ,JJ
2266,Tonga_1988,0,77,79,under,under,IN,IN
2267,Tonga_1988,0,77,80,the,the,DT,DT
2268,Tonga_1988,0,77,81,provisions,provisions,NNS,NN
2269,Tonga_1988,0,77,82,of,of,IN,IN
2270,Tonga_1988,0,77,83,this,this,DT,DT
2271,Tonga_1988,0,77,84,clause,clause,NN,NN
2272,Tonga_1988,0,78,1,Act,act,NNP,NN
2273,Tonga_1988,0,78,2,8,8,CD,CD
2274,Tonga_1988,0,78,3,of,of,IN,IN
2275,Tonga_1988,0,78,4,1961,1961,CD,CD
2276,Tonga_1988,0,79,0,24,24,CD,CD
2277,Tonga_1988,0,80,0,Public,public,JJ,JJ
2278,Tonga_1988,0,80,1,officer,officer,NN,NN
2279,Tonga_1988,0,80,2,not,not,RB,RB
2280,Tonga_1988,0,80,3,to,to,TO,TO
2281,Tonga_1988,0,80,4,engage,engage,VB,VB
2282,Tonga_1988,0,80,5,in,in,IN,IN
2283,Tonga_1988,0,80,6,trade,trade,NN,NN
2284,Tonga_1988,0,80,7,Share,share,NN,NN
2285,Tonga_1988,0,80,8,It,it,PRP,PR
2286,Tonga_1988,0,80,9,shall,shall,MD,MD
2287,Tonga_1988,0,80,10,not,not,RB,RB
2288,Tonga_1988,0,80,11,be,be,VB,VB
2289,Tonga_1988,0,80,12,lawful,lawful,JJ,JJ
2290,Tonga_1988,0,80,13,for,for,IN,IN
2291,Tonga_1988,0,80,14,anyone,anyone,NN,NN
2292,Tonga_1988,0,80,15,holding,holding,VBG,VB
2293,Tonga_1988,0,80,16,any,any,DT,DT
2294,Tonga_1988,0,80,17,office,office,NN,NN
2295,Tonga_1988,0,80,18,under,under,IN,IN
2296,Tonga_1988,0,80,19,the,the,DT,DT
2297,Tonga_1988,0,80,20,Government,government,NNP,NN
2298,Tonga_1988,0,80,21,whether,whether,IN,IN
2299,Tonga_1988,0,80,22,of,of,IN,IN
2300,Tonga_1988,0,80,23,emolument,emolument,NN,NN
2301,Tonga_1988,0,80,24,or,or,CC,CC
2302,Tonga_1988,0,80,25,otherwise,otherwise,RB,RB
2303,Tonga_1988,0,80,26,to,to,TO,TO
2304,Tonga_1988,0,80,27,hold,hold,VB,VB
2305,Tonga_1988,0,80,28,any,any,DT,DT
2306,Tonga_1988,0,80,29,appointment,appointment,JJ,JJ
2307,Tonga_1988,0,80,30,under,under,IN,IN
2308,Tonga_1988,0,80,31,or,or,CC,CC
2309,Tonga_1988,0,80,32,receive,receive,VB,VB
2310,Tonga_1988,0,80,33,an,an,DT,DT
2311,Tonga_1988,0,80,34,emolument,emolument,NN,NN
2312,Tonga_1988,0,80,35,from,from,IN,IN
2313,Tonga_1988,0,80,36,another,another,DT,DT
2314,Tonga_1988,0,80,37,Government,government,NN,NN
2315,Tonga_1988,0,80,38,without,without,IN,IN
2316,Tonga_1988,0,80,39,first,first,JJ,JJ
2317,Tonga_1988,0,80,40,obtaining,obtaining,VBG,VB
2318,Tonga_1988,0,80,41,permission,permission,NN,NN
2319,Tonga_1988,0,80,42,from,from,IN,IN
2320,Tonga_1988,0,80,43,the,the,DT,DT
2321,Tonga_1988,0,80,44,King,king,NNP,NN
2322,Tonga_1988,0,81,0,And,and,CC,CC
2323,Tonga_1988,0,81,1,it,it,PRP,PR
2324,Tonga_1988,0,81,2,shall,shall,MD,MD
2325,Tonga_1988,0,81,3,not,not,RB,RB
2326,Tonga_1988,0,81,4,be,be,VB,VB
2327,Tonga_1988,0,81,5,lawful,lawful,JJ,JJ
2328,Tonga_1988,0,81,6,for,for,IN,IN
2329,Tonga_1988,0,81,7,anyone,anyone,NN,NN
2330,Tonga_1988,0,81,8,holding,holding,VBG,VB
2331,Tonga_1988,0,81,9,an,an,DT,DT
2332,Tonga_1988,0,81,10,office,office,NN,NN
2333,Tonga_1988,0,81,11,of,of,IN,IN
2334,Tonga_1988,0,81,12,emolument,emolument,NN,NN
2335,Tonga_1988,0,81,13,under,under,IN,IN
2336,Tonga_1988,0,81,14,the,the,DT,DT
2337,Tonga_1988,0,81,15,Government,government,NNP,NN
2338,Tonga_1988,0,81,16,to,to,TO,TO
2339,Tonga_1988,0,81,17,engage,engage,VB,VB
2340,Tonga_1988,0,81,18,in,in,IN,IN
2341,Tonga_1988,0,81,19,trade,trade,NN,NN
2342,Tonga_1988,0,81,20,or,or,CC,CC
2343,Tonga_1988,0,81,21,work,work,NN,NN
2344,Tonga_1988,0,81,22,for,for,IN,IN
2345,Tonga_1988,0,81,23,anyone,anyone,NN,NN
2346,Tonga_1988,0,81,24,else,else,RB,RB
2347,Tonga_1988,0,81,26,except,except,IN,IN
2348,Tonga_1988,0,81,27,with,with,IN,IN
2349,Tonga_1988,0,81,28,the,the,DT,DT
2350,Tonga_1988,0,81,29,prior,prior,JJ,JJ
2351,Tonga_1988,0,81,30,consent,consent,NN,NN
2352,Tonga_1988,0,81,31,of,of,IN,IN
2353,Tonga_1988,0,81,32,Cabinet,cabinet,NNP,NN
2354,Tonga_1988,0,82,1,Amended,amended,VBN,VB
2355,Tonga_1988,0,82,2,by,by,IN,IN
2356,Tonga_1988,0,82,3,Act,act,NNP,NN
2357,Tonga_1988,0,82,4,28,28,CD,CD
2358,Tonga_1988,0,82,5,of,of,IN,IN
2359,Tonga_1988,0,82,6,1978,1978,CD,CD
2360,Tonga_1988,0,83,0,25,25,CD,CD
2361,Tonga_1988,0,84,0,REPEALED,repealed,NNP,NN
2362,Tonga_1988,0,84,2,Act,act,NNP,NN
2363,Tonga_1988,0,84,3,28,28,CD,CD
2364,Tonga_1988,0,84,4,of,of,IN,IN
2365,Tonga_1988,0,84,5,1978,1978,CD,CD
2366,Tonga_1988,0,84,7,26,26,CD,CD
2367,Tonga_1988,0,85,0,REPEALED,repealed,NNP,NN
2368,Tonga_1988,0,85,2,Act,act,NNP,NN
2369,Tonga_1988,0,85,3,28,28,CD,CD
2370,Tonga_1988,0,85,4,of,of,IN,IN
2371,Tonga_1988,0,85,5,1978,1978,CD,CD
2372,Tonga_1988,0,85,7,27,27,CD,CD
2373,Tonga_1988,0,86,0,Age,age,NNP,NN
2374,Tonga_1988,0,86,1,of,of,IN,IN
2375,Tonga_1988,0,86,2,maturity,maturity,NN,NN
2376,Tonga_1988,0,86,3,Share,share,NNP,NN
2377,Tonga_1988,0,86,4,No,no,NNP,NN
2378,Tonga_1988,0,86,5,person,person,NN,NN
2379,Tonga_1988,0,86,6,may,may,MD,MD
2380,Tonga_1988,0,86,7,succeed,succeed,VB,VB
2381,Tonga_1988,0,86,8,to,to,TO,TO
2382,Tonga_1988,0,86,9,any,any,DT,DT
2383,Tonga_1988,0,86,10,tofi,tofi,NN,NN
2384,Tonga_1988,0,86,12,a,a,DT,DT
2385,Tonga_1988,0,86,13,or,or,CC,CC
2386,Tonga_1988,0,86,14,any,any,DT,DT
2387,Tonga_1988,0,86,15,title,title,NN,NN
2388,Tonga_1988,0,86,16,until,until,IN,IN
2389,Tonga_1988,0,86,17,he,he,PRP,PR
2390,Tonga_1988,0,86,18,has,has,VBZ,VB
2391,Tonga_1988,0,86,19,attained,attained,VBN,VB
2392,Tonga_1988,0,86,20,the,the,DT,DT
2393,Tonga_1988,0,86,21,age,age,NN,NN
2394,Tonga_1988,0,86,22,of,of,IN,IN
2395,Tonga_1988,0,86,23,twenty,twenty,JJ,JJ
2396,Tonga_1988,0,86,24,one,one,CD,CD
2397,Tonga_1988,0,86,25,years,years,NNS,NN
2398,Tonga_1988,0,86,27,save,save,VBP,VB
2399,Tonga_1988,0,86,28,for,for,IN,IN
2400,Tonga_1988,0,86,29,members,members,NNS,NN
2401,Tonga_1988,0,86,30,of,of,IN,IN
2402,Tonga_1988,0,86,31,the,the,DT,DT
2403,Tonga_1988,0,86,32,Royal,royal,NNP,NN
2404,Tonga_1988,0,86,33,Family,family,NNP,NN
2405,Tonga_1988,0,86,34,who,who,WP,WP
2406,Tonga_1988,0,86,35,shall,shall,MD,MD
2407,Tonga_1988,0,86,36,be,be,VB,VB
2408,Tonga_1988,0,86,37,deemed,deemed,VBN,VB
2409,Tonga_1988,0,86,38,to,to,TO,TO
2410,Tonga_1988,0,86,39,have,have,VB,VB
2411,Tonga_1988,0,86,40,attained,attained,VBN,VB
2412,Tonga_1988,0,86,41,maturity,maturity,NN,NN
2413,Tonga_1988,0,86,42,at,at,IN,IN
2414,Tonga_1988,0,86,43,eighteen,eighteen,JJ,JJ
2415,Tonga_1988,0,86,44,years,years,NNS,NN
2416,Tonga_1988,0,86,45,of,of,IN,IN
2417,Tonga_1988,0,86,46,age,age,NN,NN
2418,Tonga_1988,0,87,1,Substituted,substituted,VBN,VB
2419,Tonga_1988,0,87,2,by,by,IN,IN
2420,Tonga_1988,0,87,3,Act,act,NNP,NN
2421,Tonga_1988,0,87,4,28,28,CD,CD
2422,Tonga_1988,0,87,5,of,of,IN,IN
2423,Tonga_1988,0,87,6,1978,1978,CD,CD
2424,Tonga_1988,0,88,0,28,28,CD,CD
2425,Tonga_1988,0,89,0,Qualifications,qualifications,NNS,NN
2426,Tonga_1988,0,89,1,for,for,IN,IN
2427,Tonga_1988,0,89,2,jurors,jurors,NNS,NN
2428,Tonga_1988,0,89,3,Share,share,NNP,NN
2429,Tonga_1988,0,89,4,Every,every,NNP,NN
2430,Tonga_1988,0,89,5,male,male,NN,NN
2431,Tonga_1988,0,89,6,Tongan,tongan,NNP,NN
2432,Tonga_1988,0,89,7,who,who,WP,WP
2433,Tonga_1988,0,89,8,has,has,VBZ,VB
2434,Tonga_1988,0,89,9,arrived,arrived,VBN,VB
2435,Tonga_1988,0,89,10,at,at,IN,IN
2436,Tonga_1988,0,89,11,the,the,DT,DT
2437,Tonga_1988,0,89,12,age,age,NN,NN
2438,Tonga_1988,0,89,13,of,of,IN,IN
2439,Tonga_1988,0,89,14,twenty-one,twentyone,JJ,JJ
2440,Tonga_1988,0,89,15,years,years,NNS,NN
2441,Tonga_1988,0,89,16,and,and,CC,CC
2442,Tonga_1988,0,89,17,can,can,MD,MD
2443,Tonga_1988,0,89,18,read,read,VB,VB
2444,Tonga_1988,0,89,19,and,and,CC,CC
2445,Tonga_1988,0,89,20,write,write,VB,VB
2446,Tonga_1988,0,89,21,and,and,CC,CC
2447,Tonga_1988,0,89,22,is,is,VBZ,VB
2448,Tonga_1988,0,89,23,not,not,RB,RB
2449,Tonga_1988,0,89,24,disabled,disabled,VBN,VB
2450,Tonga_1988,0,89,25,by,by,IN,IN
2451,Tonga_1988,0,89,26,the,the,DT,DT
2452,Tonga_1988,0,89,27,twenty-third,twentythird,JJ,JJ
2453,Tonga_1988,0,89,28,clause,clause,NN,NN
2454,Tonga_1988,0,89,29,of,of,IN,IN
2455,Tonga_1988,0,89,30,this,this,DT,DT
2456,Tonga_1988,0,89,31,Constitution,constitution,NNP,NN
2457,Tonga_1988,0,89,32,shall,shall,MD,MD
2458,Tonga_1988,0,89,33,be,be,VB,VB
2459,Tonga_1988,0,89,34,liable,liable,JJ,JJ
2460,Tonga_1988,0,89,35,to,to,TO,TO
2461,Tonga_1988,0,89,36,serve,serve,VB,VB
2462,Tonga_1988,0,89,37,on,on,IN,IN
2463,Tonga_1988,0,89,38,juries,juries,NNS,NN
2464,Tonga_1988,0,89,39,and,and,CC,CC
2465,Tonga_1988,0,89,40,the,the,DT,DT
2466,Tonga_1988,0,89,41,names,names,NNS,NN
2467,Tonga_1988,0,89,42,of,of,IN,IN
2468,Tonga_1988,0,89,43,all,all,PDT,PD
2469,Tonga_1988,0,89,44,those,those,DT,DT
2470,Tonga_1988,0,89,45,who,who,WP,WP
2471,Tonga_1988,0,89,46,are,are,VBP,VB
2472,Tonga_1988,0,89,47,liable,liable,JJ,JJ
2473,Tonga_1988,0,89,48,to,to,TO,TO
2474,Tonga_1988,0,89,49,serve,serve,VB,VB
2475,Tonga_1988,0,89,50,shall,shall,MD,MD
2476,Tonga_1988,0,89,51,be,be,VB,VB
2477,Tonga_1988,0,89,52,published,published,VBN,VB
2478,Tonga_1988,0,89,53,once,once,RB,RB
2479,Tonga_1988,0,89,54,every,every,DT,DT
2480,Tonga_1988,0,89,55,year,year,NN,NN
2481,Tonga_1988,0,89,56,and,and,CC,CC
2482,Tonga_1988,0,89,57,anyone,anyone,NN,NN
2483,Tonga_1988,0,89,58,who,who,WP,WP
2484,Tonga_1988,0,89,59,neglects,neglects,VBZ,VB
2485,Tonga_1988,0,89,60,to,to,TO,TO
2486,Tonga_1988,0,89,61,serve,serve,VB,VB
2487,Tonga_1988,0,89,62,shall,shall,MD,MD
2488,Tonga_1988,0,89,63,be,be,VB,VB
2489,Tonga_1988,0,89,64,punished,punished,VBN,VB
2490,Tonga_1988,0,89,65,as,as,IN,IN
2491,Tonga_1988,0,89,66,shall,shall,MD,MD
2492,Tonga_1988,0,89,67,be,be,VB,VB
2493,Tonga_1988,0,89,68,enacted,enacted,VBN,VB
2494,Tonga_1988,0,89,69,by,by,IN,IN
2495,Tonga_1988,0,89,70,the,the,DT,DT
2496,Tonga_1988,0,89,71,Legislature,legislature,NNP,NN
2497,Tonga_1988,0,90,0,But,but,CC,CC
2498,Tonga_1988,0,90,1,members,members,NNS,NN
2499,Tonga_1988,0,90,2,of,of,IN,IN
2500,Tonga_1988,0,90,3,the,the,DT,DT
2501,Tonga_1988,0,90,4,Legislative,legislative,NNP,NN
2502,Tonga_1988,0,90,5,Assembly,assembly,NNP,NN
2503,Tonga_1988,0,90,6,ministers,ministers,NNS,NN
2504,Tonga_1988,0,90,7,of,of,IN,IN
2505,Tonga_1988,0,90,8,religion,religion,NN,NN
2506,Tonga_1988,0,90,9,assistant,assistant,NN,NN
2507,Tonga_1988,0,90,10,ministers,ministers,NNS,NN
2508,Tonga_1988,0,90,11,school-masters,schoolmasters,NNS,NN
2509,Tonga_1988,0,90,12,collegians,collegians,NNS,NN
2510,Tonga_1988,0,90,13,public,public,JJ,JJ
2511,Tonga_1988,0,90,14,servants,servants,NNS,NN
2512,Tonga_1988,0,90,15,guardsmen,guardsmen,NNS,NN
2513,Tonga_1988,0,90,16,artillerymen,artillerymen,NNS,NN
2514,Tonga_1988,0,90,17,and,and,CC,CC
2515,Tonga_1988,0,90,18,all,all,DT,DT
2516,Tonga_1988,0,90,19,officials,officials,NNS,NN
2517,Tonga_1988,0,90,20,of,of,IN,IN
2518,Tonga_1988,0,90,21,the,the,DT,DT
2519,Tonga_1988,0,90,22,Government,government,NNP,NN
2520,Tonga_1988,0,90,23,shall,shall,MD,MD
2521,Tonga_1988,0,90,24,be,be,VB,VB
2522,Tonga_1988,0,90,25,exempt,exempt,JJ,JJ
2523,Tonga_1988,0,90,26,from,from,IN,IN
2524,Tonga_1988,0,90,27,serving,serving,VBG,VB
2525,Tonga_1988,0,90,28,on,on,IN,IN
2526,Tonga_1988,0,90,29,juries,juries,NNS,NN
2527,Tonga_1988,0,91,1,Amended,amended,VBN,VB
2528,Tonga_1988,0,91,2,by,by,IN,IN
2529,Tonga_1988,0,91,3,Act,act,NNP,NN
2530,Tonga_1988,0,91,4,8,8,CD,CD
2531,Tonga_1988,0,91,5,of,of,IN,IN
2532,Tonga_1988,0,91,6,1977,1977,CD,CD
2533,Tonga_1988,0,92,0,29,29,CD,CD
2534,Tonga_1988,0,93,0,Naturalization,naturalization,NNP,NN
2535,Tonga_1988,0,93,1,Share,share,NNP,NN
2536,Tonga_1988,0,93,2,Any,any,NNP,NN
2537,Tonga_1988,0,93,3,foreigner,foreigner,NN,NN
2538,Tonga_1988,0,93,4,after,after,IN,IN
2539,Tonga_1988,0,93,5,he,he,PRP,PR
2540,Tonga_1988,0,93,6,has,has,VBZ,VB
2541,Tonga_1988,0,93,7,resided,resided,VBN,VB
2542,Tonga_1988,0,93,8,in,in,IN,IN
2543,Tonga_1988,0,93,9,the,the,DT,DT
2544,Tonga_1988,0,93,10,Kingdom,kingdom,NNP,NN
2545,Tonga_1988,0,93,11,for,for,IN,IN
2546,Tonga_1988,0,93,12,the,the,DT,DT
2547,Tonga_1988,0,93,13,space,space,NN,NN
2548,Tonga_1988,0,93,14,of,of,IN,IN
2549,Tonga_1988,0,93,15,five,five,CD,CD
2550,Tonga_1988,0,93,16,years,years,NNS,NN
2551,Tonga_1988,0,93,17,or,or,CC,CC
2552,Tonga_1988,0,93,18,more,more,JJR,JJ
2553,Tonga_1988,0,93,19,may,may,MD,MD
2554,Tonga_1988,0,93,20,with,with,IN,IN
2555,Tonga_1988,0,93,21,the,the,DT,DT
2556,Tonga_1988,0,93,22,consent,consent,NN,NN
2557,Tonga_1988,0,93,23,of,of,IN,IN
2558,Tonga_1988,0,93,24,the,the,DT,DT
2559,Tonga_1988,0,93,25,King,king,NNP,NN
2560,Tonga_1988,0,93,26,take,take,VB,VB
2561,Tonga_1988,0,93,27,the,the,DT,DT
2562,Tonga_1988,0,93,28,oath,oath,NN,NN
2563,Tonga_1988,0,93,29,of,of,IN,IN
2564,Tonga_1988,0,93,30,allegiance,allegiance,NN,NN
2565,Tonga_1988,0,93,31,and,and,CC,CC
2566,Tonga_1988,0,93,32,he,he,PRP,PR
2567,Tonga_1988,0,93,33,may,may,MD,MD
2568,Tonga_1988,0,93,34,be,be,VB,VB
2569,Tonga_1988,0,93,35,granted,granted,VBN,VB
2570,Tonga_1988,0,93,36,Letters,letters,NNP,NN
2571,Tonga_1988,0,93,37,of,of,IN,IN
2572,Tonga_1988,0,93,38,Naturalization,naturalization,NNP,NN
2573,Tonga_1988,0,93,39,and,and,CC,CC
2574,Tonga_1988,0,93,40,all,all,DT,DT
2575,Tonga_1988,0,93,41,naturalized,naturalized,JJ,JJ
2576,Tonga_1988,0,93,42,subjects,subjects,NNS,NN
2577,Tonga_1988,0,93,43,shall,shall,MD,MD
2578,Tonga_1988,0,93,44,have,have,VB,VB
2579,Tonga_1988,0,93,45,the,the,DT,DT
2580,Tonga_1988,0,93,46,same,same,JJ,JJ
2581,Tonga_1988,0,93,47,rights,rights,NNS,NN
2582,Tonga_1988,0,93,48,and,and,CC,CC
2583,Tonga_1988,0,93,49,privileges,privileges,NNS,NN
2584,Tonga_1988,0,93,50,as,as,IN,IN
2585,Tonga_1988,0,93,51,native,native,JJ,JJ
2586,Tonga_1988,0,93,52,born,born,JJ,JJ
2587,Tonga_1988,0,93,53,subjects,subjects,NNS,NN
2588,Tonga_1988,0,93,54,of,of,IN,IN
2589,Tonga_1988,0,93,55,Tonga,tonga,NNP,NN
2590,Tonga_1988,0,93,56,with,with,IN,IN
2591,Tonga_1988,0,93,57,the,the,DT,DT
2592,Tonga_1988,0,93,58,exception,exception,NN,NN
2593,Tonga_1988,0,93,59,that,that,IN,IN
2594,Tonga_1988,0,93,60,they,they,PRP,PR
2595,Tonga_1988,0,93,61,shall,shall,MD,MD
2596,Tonga_1988,0,93,62,not,not,RB,RB
2597,Tonga_1988,0,93,63,be,be,VB,VB
2598,Tonga_1988,0,93,64,entitled,entitled,VBN,VB
2599,Tonga_1988,0,93,65,to,to,TO,TO
2600,Tonga_1988,0,93,66,the,the,DT,DT
2601,Tonga_1988,0,93,67,rights,rights,NNS,NN
2602,Tonga_1988,0,93,68,of,of,IN,IN
2603,Tonga_1988,0,93,69,hereditary,hereditary,JJ,JJ
2604,Tonga_1988,0,93,70,tax,tax,NN,NN
2605,Tonga_1988,0,93,71,allotments,allotments,NNS,NN
2606,Tonga_1988,0,94,1,Act,act,NNP,NN
2607,Tonga_1988,0,94,2,35,35,CD,CD
2608,Tonga_1988,0,94,3,of,of,IN,IN
2609,Tonga_1988,0,94,4,1912,1912,CD,CD
2610,Tonga_1988,0,94,6,Amended,amended,VBN,VB
2611,Tonga_1988,0,94,7,by,by,IN,IN
2612,Tonga_1988,0,94,8,Act,act,NNP,NN
2613,Tonga_1988,0,94,9,28,28,CD,CD
2614,Tonga_1988,0,94,10,of,of,IN,IN
2615,Tonga_1988,0,94,11,1978,1978,CD,CD
2616,Tonga_1988,0,95,0,PART,part,NN,NN
2617,Tonga_1988,0,95,1,II,ii,NNP,NN
2618,Tonga_1988,0,96,0,FORM,form,NNP,NN
2619,Tonga_1988,0,96,1,OF,of,NNP,NN
2620,Tonga_1988,0,96,2,GOVERNMENT,government,NNP,NN
2621,Tonga_1988,0,96,3,30,30,CD,CD
2622,Tonga_1988,0,97,0,Government,government,NNP,NN
2623,Tonga_1988,0,97,1,Share,share,NNP,NN
2624,Tonga_1988,0,97,2,The,the,DT,DT
2625,Tonga_1988,0,97,3,Government,government,NNP,NN
2626,Tonga_1988,0,97,4,of,of,IN,IN
2627,Tonga_1988,0,97,5,this,this,DT,DT
2628,Tonga_1988,0,97,6,Kingdom,kingdom,NNP,NN
2629,Tonga_1988,0,97,7,is,is,VBZ,VB
2630,Tonga_1988,0,97,8,divided,divided,VBN,VB
2631,Tonga_1988,0,97,9,into,into,IN,IN
2632,Tonga_1988,0,97,10,three,three,CD,CD
2633,Tonga_1988,0,97,11,Bodies,bodies,NNS,NN
2634,Tonga_1988,0,97,13,1st,1st,CD,CD
2635,Tonga_1988,0,98,0,The,the,DT,DT
2636,Tonga_1988,0,98,1,King,king,NNP,NN
2637,Tonga_1988,0,98,2,Privy,privy,NNP,NN
2638,Tonga_1988,0,98,3,Council,council,NNP,NN
2639,Tonga_1988,0,98,4,and,and,CC,CC
2640,Tonga_1988,0,98,5,Cabinet,cabinet,NNP,NN
2641,Tonga_1988,0,98,7,Ministry,ministry,NNP,NN
2642,Tonga_1988,0,98,10,2nd,2nd,CD,CD
2643,Tonga_1988,0,99,0,The,the,DT,DT
2644,Tonga_1988,0,99,1,Legislative,legislative,NNP,NN
2645,Tonga_1988,0,99,2,Assembly,assembly,NNP,NN
2646,Tonga_1988,0,99,4,3rd,3rd,CD,CD
2647,Tonga_1988,0,100,0,The,the,DT,DT
2648,Tonga_1988,0,100,1,Judiciary,judiciary,NNP,NN
2649,Tonga_1988,0,101,0,31,31,CD,CD
2650,Tonga_1988,0,102,0,Form,form,NN,NN
2651,Tonga_1988,0,102,1,of,of,IN,IN
2652,Tonga_1988,0,102,2,Government,government,NNP,NN
2653,Tonga_1988,0,102,3,Share,share,NNP,NN
2654,Tonga_1988,0,102,4,The,the,DT,DT
2655,Tonga_1988,0,102,5,form,form,NN,NN
2656,Tonga_1988,0,102,6,of,of,IN,IN
2657,Tonga_1988,0,102,7,Government,government,NNP,NN
2658,Tonga_1988,0,102,8,for,for,IN,IN
2659,Tonga_1988,0,102,9,this,this,DT,DT
2660,Tonga_1988,0,102,10,Kingdom,kingdom,NNP,NN
2661,Tonga_1988,0,102,11,is,is,VBZ,VB
2662,Tonga_1988,0,102,12,a,a,DT,DT
2663,Tonga_1988,0,102,13,Constitutional,constitutional,JJ,JJ
2664,Tonga_1988,0,102,14,Government,government,NN,NN
2665,Tonga_1988,0,102,15,under,under,IN,IN
2666,Tonga_1988,0,102,16,His,his,PRP$,PR
2667,Tonga_1988,0,102,17,Majesty,majesty,NNP,NN
2668,Tonga_1988,0,102,18,King,king,NNP,NN
2669,Tonga_1988,0,102,19,Taufa'ahau,taufaahau,NNP,NN
2670,Tonga_1988,0,102,20,Tupou,tupou,NNP,NN
2671,Tonga_1988,0,102,21,IV,iv,NNP,NN
2672,Tonga_1988,0,102,22,his,his,PRP$,PR
2673,Tonga_1988,0,102,23,heirs,heirs,NN,NN
2674,Tonga_1988,0,102,24,and,and,CC,CC
2675,Tonga_1988,0,102,25,successors,successors,NNS,NN
2676,Tonga_1988,0,103,0,32,32,CD,CD
2677,Tonga_1988,0,104,0,Succession,succession,NN,NN
2678,Tonga_1988,0,104,1,to,to,TO,TO
2679,Tonga_1988,0,104,2,the,the,DT,DT
2680,Tonga_1988,0,104,3,Throne,throne,NNP,NN
2681,Tonga_1988,0,104,4,Share,share,NNP,NN
2682,Tonga_1988,0,104,5,The,the,DT,DT
2683,Tonga_1988,0,104,6,right,right,NN,NN
2684,Tonga_1988,0,104,7,and,and,CC,CC
2685,Tonga_1988,0,104,8,title,title,NN,NN
2686,Tonga_1988,0,104,9,of,of,IN,IN
2687,Tonga_1988,0,104,10,King,king,NNP,NN
2688,Tonga_1988,0,104,11,George,george,NNP,NN
2689,Tonga_1988,0,104,12,Tupou,tupou,NNP,NN
2690,Tonga_1988,0,104,13,I,i,PRP,PR
2691,Tonga_1988,0,104,14,to,to,TO,TO
2692,Tonga_1988,0,104,15,the,the,DT,DT
2693,Tonga_1988,0,104,16,Crown,crown,NNP,NN
2694,Tonga_1988,0,104,17,and,and,CC,CC
2695,Tonga_1988,0,104,18,Throne,throne,NNP,NN
2696,Tonga_1988,0,104,19,of,of,IN,IN
2697,Tonga_1988,0,104,20,this,this,DT,DT
2698,Tonga_1988,0,104,21,Kingdom,kingdom,NNP,NN
2699,Tonga_1988,0,104,22,were,were,VBD,VB
2700,Tonga_1988,0,104,23,confirmed,confirmed,VBN,VB
2701,Tonga_1988,0,104,24,by,by,IN,IN
2702,Tonga_1988,0,104,25,the,the,DT,DT
2703,Tonga_1988,0,104,26,Constitution,constitution,NNP,NN
2704,Tonga_1988,0,104,27,of,of,IN,IN
2705,Tonga_1988,0,104,28,1875,1875,CD,CD
2706,Tonga_1988,0,104,29,and,and,CC,CC
2707,Tonga_1988,0,104,30,it,it,PRP,PR
2708,Tonga_1988,0,104,31,was,was,VBD,VB
2709,Tonga_1988,0,104,32,further,further,RB,RB
2710,Tonga_1988,0,104,33,declared,declared,VBN,VB
2711,Tonga_1988,0,104,34,in,in,IN,IN
2712,Tonga_1988,0,104,35,the,the,DT,DT
2713,Tonga_1988,0,104,36,said,said,VBD,VB
2714,Tonga_1988,0,104,37,Constitution,constitution,NNP,NN
2715,Tonga_1988,0,104,38,that,that,IN,IN
2716,Tonga_1988,0,104,39,the,the,DT,DT
2717,Tonga_1988,0,104,40,succession,succession,NN,NN
2718,Tonga_1988,0,104,41,to,to,TO,TO
2719,Tonga_1988,0,104,42,the,the,DT,DT
2720,Tonga_1988,0,104,43,Crown,crown,NNP,NN
2721,Tonga_1988,0,104,44,and,and,CC,CC
2722,Tonga_1988,0,104,45,Throne,throne,NNP,NN
2723,Tonga_1988,0,104,46,should,should,MD,MD
2724,Tonga_1988,0,104,47,devolve,devolve,VB,VB
2725,Tonga_1988,0,104,48,upon,upon,IN,IN
2726,Tonga_1988,0,104,49,David,david,NNP,NN
2727,Tonga_1988,0,104,50,Uga,uga,NNP,NN
2728,Tonga_1988,0,104,51,and,and,CC,CC
2729,Tonga_1988,0,104,52,then,then,RB,RB
2730,Tonga_1988,0,104,53,upon,upon,IN,IN
2731,Tonga_1988,0,104,54,Wellington,wellington,NNP,NN
2732,Tonga_1988,0,104,55,Gu,gu,NNP,NN
2733,Tonga_1988,0,104,56,and,and,CC,CC
2734,Tonga_1988,0,104,57,then,then,RB,RB
2735,Tonga_1988,0,104,58,upon,upon,IN,IN
2736,Tonga_1988,0,104,59,them,them,PRP,PR
2737,Tonga_1988,0,104,60,begotten,begotten,VBN,VB
2738,Tonga_1988,0,104,61,by,by,IN,IN
2739,Tonga_1988,0,104,62,him,him,PRP,PR
2740,Tonga_1988,0,104,63,in,in,IN,IN
2741,Tonga_1988,0,104,64,marriage,marriage,NN,NN
2742,Tonga_1988,0,104,65,and,and,CC,CC
2743,Tonga_1988,0,104,66,if,if,IN,IN
2744,Tonga_1988,0,104,67,at,at,IN,IN
2745,Tonga_1988,0,104,68,any,any,DT,DT
2746,Tonga_1988,0,104,69,time,time,NN,NN
2747,Tonga_1988,0,104,70,there,there,EX,EX
2748,Tonga_1988,0,104,71,be,be,VB,VB
2749,Tonga_1988,0,104,72,no,no,DT,DT
2750,Tonga_1988,0,104,73,heirs,heirs,NN,NN
2751,Tonga_1988,0,104,74,of,of,IN,IN
2752,Tonga_1988,0,104,75,Wellington,wellington,NNP,NN
2753,Tonga_1988,0,104,76,Gu,gu,NNP,NN
2754,Tonga_1988,0,104,77,the,the,DT,DT
2755,Tonga_1988,0,104,78,Crown,crown,NNP,NN
2756,Tonga_1988,0,104,79,and,and,CC,CC
2757,Tonga_1988,0,104,80,Throne,throne,NNP,NN
2758,Tonga_1988,0,104,81,shall,shall,MD,MD
2759,Tonga_1988,0,104,82,descend,descend,VB,VB
2760,Tonga_1988,0,104,83,in,in,IN,IN
2761,Tonga_1988,0,104,84,accordance,accordance,NN,NN
2762,Tonga_1988,0,104,85,with,with,IN,IN
2763,Tonga_1988,0,104,86,the,the,DT,DT
2764,Tonga_1988,0,104,87,following,following,JJ,JJ
2765,Tonga_1988,0,104,88,law,law,NN,NN
2766,Tonga_1988,0,104,89,of,of,IN,IN
2767,Tonga_1988,0,104,90,succession,succession,NN,NN
2768,Tonga_1988,0,104,92,It,it,PRP,PR
2769,Tonga_1988,0,104,93,shall,shall,MD,MD
2770,Tonga_1988,0,104,94,be,be,VB,VB
2771,Tonga_1988,0,104,95,lawful,lawful,JJ,JJ
2772,Tonga_1988,0,104,96,only,only,RB,RB
2773,Tonga_1988,0,104,97,for,for,IN,IN
2774,Tonga_1988,0,104,98,those,those,DT,DT
2775,Tonga_1988,0,104,99,born,born,VBN,VB
2776,Tonga_1988,0,104,100,in,in,IN,IN
2777,Tonga_1988,0,104,101,marriage,marriage,NN,NN
2778,Tonga_1988,0,104,102,to,to,TO,TO
2779,Tonga_1988,0,104,103,succeed,succeed,VB,VB
2780,Tonga_1988,0,105,0,The,the,DT,DT
2781,Tonga_1988,0,105,1,succession,succession,NN,NN
2782,Tonga_1988,0,105,2,shall,shall,MD,MD
2783,Tonga_1988,0,105,3,be,be,VB,VB
2784,Tonga_1988,0,105,4,to,to,TO,TO
2785,Tonga_1988,0,105,5,the,the,DT,DT
2786,Tonga_1988,0,105,6,eldest,eldest,JJS,JJ
2787,Tonga_1988,0,105,7,male,male,NN,NN
2788,Tonga_1988,0,105,8,child,child,NN,NN
2789,Tonga_1988,0,105,9,and,and,CC,CC
2790,Tonga_1988,0,105,10,the,the,DT,DT
2791,Tonga_1988,0,105,11,heirs,heirs,NNS,NN
2792,Tonga_1988,0,105,12,of,of,IN,IN
2793,Tonga_1988,0,105,13,his,his,PRP$,PR
2794,Tonga_1988,0,105,14,body,body,NN,NN
2795,Tonga_1988,0,105,15,but,but,CC,CC
2796,Tonga_1988,0,105,16,if,if,IN,IN
2797,Tonga_1988,0,105,17,he,he,PRP,PR
2798,Tonga_1988,0,105,18,should,should,MD,MD
2799,Tonga_1988,0,105,19,have,have,VB,VB
2800,Tonga_1988,0,105,20,no,no,DT,DT
2801,Tonga_1988,0,105,21,children,children,NNS,NN
2802,Tonga_1988,0,105,22,to,to,TO,TO
2803,Tonga_1988,0,105,23,the,the,DT,DT
2804,Tonga_1988,0,105,24,second,second,JJ,JJ
2805,Tonga_1988,0,105,25,male,male,NN,NN
2806,Tonga_1988,0,105,26,child,child,NN,NN
2807,Tonga_1988,0,105,27,and,and,CC,CC
2808,Tonga_1988,0,105,28,the,the,DT,DT
2809,Tonga_1988,0,105,29,heirs,heirs,NNS,NN
2810,Tonga_1988,0,105,30,of,of,IN,IN
2811,Tonga_1988,0,105,31,his,his,PRP$,PR
2812,Tonga_1988,0,105,32,body,body,NN,NN
2813,Tonga_1988,0,105,33,and,and,CC,CC
2814,Tonga_1988,0,105,34,so,so,RB,RB
2815,Tonga_1988,0,105,35,on,on,IN,IN
2816,Tonga_1988,0,105,36,until,until,IN,IN
2817,Tonga_1988,0,105,37,all,all,PDT,PD
2818,Tonga_1988,0,105,38,the,the,DT,DT
2819,Tonga_1988,0,105,39,male,male,JJ,JJ
2820,Tonga_1988,0,105,40,line,line,NN,NN
2821,Tonga_1988,0,105,41,shall,shall,MD,MD
2822,Tonga_1988,0,105,42,be,be,VB,VB
2823,Tonga_1988,0,105,43,ended,ended,VBN,VB
2824,Tonga_1988,0,106,0,Should,should,MD,MD
2825,Tonga_1988,0,106,1,there,there,EX,EX
2826,Tonga_1988,0,106,2,be,be,VB,VB
2827,Tonga_1988,0,106,3,no,no,DT,DT
2828,Tonga_1988,0,106,4,male,male,JJ,JJ
2829,Tonga_1988,0,106,5,child,child,NN,NN
2830,Tonga_1988,0,106,6,the,the,DT,DT
2831,Tonga_1988,0,106,7,eldest,eldest,JJS,JJ
2832,Tonga_1988,0,106,8,female,female,JJ,JJ
2833,Tonga_1988,0,106,9,child,child,NN,NN
2834,Tonga_1988,0,106,10,shall,shall,MD,MD
2835,Tonga_1988,0,106,11,succeed,succeed,VB,VB
2836,Tonga_1988,0,106,12,and,and,CC,CC
2837,Tonga_1988,0,106,13,the,the,DT,DT
2838,Tonga_1988,0,106,14,heirs,heirs,NN,NN
2839,Tonga_1988,0,106,15,of,of,IN,IN
2840,Tonga_1988,0,106,16,her,her,PRP$,PR
2841,Tonga_1988,0,106,17,body,body,NN,NN
2842,Tonga_1988,0,106,18,and,and,CC,CC
2843,Tonga_1988,0,106,19,if,if,IN,IN
2844,Tonga_1988,0,106,20,she,she,PRP,PR
2845,Tonga_1988,0,106,21,should,should,MD,MD
2846,Tonga_1988,0,106,22,have,have,VB,VB
2847,Tonga_1988,0,106,23,no,no,DT,DT
2848,Tonga_1988,0,106,24,children,children,NNS,NN
2849,Tonga_1988,0,106,25,it,it,PRP,PR
2850,Tonga_1988,0,106,26,shall,shall,MD,MD
2851,Tonga_1988,0,106,27,descend,descend,VB,VB
2852,Tonga_1988,0,106,28,to,to,TO,TO
2853,Tonga_1988,0,106,29,the,the,DT,DT
2854,Tonga_1988,0,106,30,second,second,JJ,JJ
2855,Tonga_1988,0,106,31,female,female,NN,NN
2856,Tonga_1988,0,106,32,child,child,NN,NN
2857,Tonga_1988,0,106,33,and,and,CC,CC
2858,Tonga_1988,0,106,34,the,the,DT,DT
2859,Tonga_1988,0,106,35,heirs,heirs,NN,NN
2860,Tonga_1988,0,106,36,of,of,IN,IN
2861,Tonga_1988,0,106,37,her,her,PRP$,PR
2862,Tonga_1988,0,106,38,body,body,NN,NN
2863,Tonga_1988,0,106,39,until,until,IN,IN
2864,Tonga_1988,0,106,40,the,the,DT,DT
2865,Tonga_1988,0,106,41,female,female,JJ,JJ
2866,Tonga_1988,0,106,42,line,line,NN,NN
2867,Tonga_1988,0,106,43,is,is,VBZ,VB
2868,Tonga_1988,0,106,44,ended,ended,VBN,VB
2869,Tonga_1988,0,107,0,And,and,CC,CC
2870,Tonga_1988,0,107,1,if,if,IN,IN
2871,Tonga_1988,0,107,2,there,there,EX,EX
2872,Tonga_1988,0,107,3,shall,shall,MD,MD
2873,Tonga_1988,0,107,4,be,be,VB,VB
2874,Tonga_1988,0,107,5,none,none,NN,NN
2875,Tonga_1988,0,107,6,of,of,IN,IN
2876,Tonga_1988,0,107,7,this,this,DT,DT
2877,Tonga_1988,0,107,8,line,line,NN,NN
2878,Tonga_1988,0,107,9,of,of,IN,IN
2879,Tonga_1988,0,107,10,David,david,NNP,NN
2880,Tonga_1988,0,107,11,Uga,uga,NNP,NN
2881,Tonga_1988,0,107,12,lawful,lawful,JJ,JJ
2882,Tonga_1988,0,107,13,descendants,descendants,NNS,NN
2883,Tonga_1988,0,107,14,by,by,IN,IN
2884,Tonga_1988,0,107,15,marriage,marriage,NN,NN
2885,Tonga_1988,0,107,16,to,to,TO,TO
2886,Tonga_1988,0,107,17,succeed,succeed,VB,VB
2887,Tonga_1988,0,107,18,to,to,TO,TO
2888,Tonga_1988,0,107,19,the,the,DT,DT
2889,Tonga_1988,0,107,20,Crown,crown,NNP,NN
2890,Tonga_1988,0,107,21,of,of,IN,IN
2891,Tonga_1988,0,107,22,Tonga,tonga,NNP,NN
2892,Tonga_1988,0,107,23,it,it,PRP,PR
2893,Tonga_1988,0,107,24,shall,shall,MD,MD
2894,Tonga_1988,0,107,25,descend,descend,VB,VB
2895,Tonga_1988,0,107,26,to,to,TO,TO
2896,Tonga_1988,0,107,27,William,william,NNP,NN
2897,Tonga_1988,0,107,28,Tungi,tungi,NNP,NN
2898,Tonga_1988,0,107,29,and,and,CC,CC
2899,Tonga_1988,0,107,30,his,his,PRP$,PR
2900,Tonga_1988,0,107,31,lawful,lawful,JJ,JJ
2901,Tonga_1988,0,107,32,heirs,heirs,NNS,NN
2902,Tonga_1988,0,107,33,begotten,begotten,VBN,VB
2903,Tonga_1988,0,107,34,by,by,IN,IN
2904,Tonga_1988,0,107,35,him,him,PRP,PR
2905,Tonga_1988,0,107,36,in,in,IN,IN
2906,Tonga_1988,0,107,37,marriage,marriage,NN,NN
2907,Tonga_1988,0,107,38,and,and,CC,CC
2908,Tonga_1988,0,107,39,to,to,TO,TO
2909,Tonga_1988,0,107,40,their,their,PRP$,PR
2910,Tonga_1988,0,107,41,heirs,heirs,NNS,NN
2911,Tonga_1988,0,107,42,begotten,begotten,VBN,VB
2912,Tonga_1988,0,107,43,by,by,IN,IN
2913,Tonga_1988,0,107,44,them,them,PRP,PR
2914,Tonga_1988,0,108,0,And,and,CC,CC
2915,Tonga_1988,0,108,1,if,if,IN,IN
2916,Tonga_1988,0,108,2,there,there,EX,EX
2917,Tonga_1988,0,108,3,should,should,MD,MD
2918,Tonga_1988,0,108,4,be,be,VB,VB
2919,Tonga_1988,0,108,5,no,no,DT,DT
2920,Tonga_1988,0,108,6,lawful,lawful,JJ,JJ
2921,Tonga_1988,0,108,7,heir,heir,PDT,PD
2922,Tonga_1988,0,108,8,the,the,DT,DT
2923,Tonga_1988,0,108,9,King,king,NNP,NN
2924,Tonga_1988,0,108,10,shall,shall,MD,MD
2925,Tonga_1988,0,108,11,appoint,appoint,VB,VB
2926,Tonga_1988,0,108,12,his,his,PRP$,PR
2927,Tonga_1988,0,108,13,heir,heir,NN,NN
2928,Tonga_1988,0,108,14,if,if,IN,IN
2929,Tonga_1988,0,108,15,the,the,DT,DT
2930,Tonga_1988,0,108,16,House,house,NNP,NN
2931,Tonga_1988,0,108,17,of,of,IN,IN
2932,Tonga_1988,0,108,18,Nobles,nobles,NNP,NN
2933,Tonga_1988,0,108,19,consent,consent,NN,NN
2934,Tonga_1988,0,108,20,to,to,TO,TO
2935,Tonga_1988,0,108,21,it,it,PRP,PR
2936,Tonga_1988,0,108,23,the,the,DT,DT
2937,Tonga_1988,0,108,24,representatives,representatives,NNS,NN
2938,Tonga_1988,0,108,25,of,of,IN,IN
2939,Tonga_1988,0,108,26,the,the,DT,DT
2940,Tonga_1988,0,108,27,people,people,NNS,NN
2941,Tonga_1988,0,108,28,having,having,VBG,VB
2942,Tonga_1988,0,108,29,no,no,DT,DT
2943,Tonga_1988,0,108,30,voice,voice,NN,NN
2944,Tonga_1988,0,108,31,in,in,IN,IN
2945,Tonga_1988,0,108,32,the,the,DT,DT
2946,Tonga_1988,0,108,33,matter,matter,NN,NN
2947,Tonga_1988,0,108,35,and,and,CC,CC
2948,Tonga_1988,0,108,36,he,he,PRP,PR
2949,Tonga_1988,0,108,37,shall,shall,MD,MD
2950,Tonga_1988,0,108,38,be,be,VB,VB
2951,Tonga_1988,0,108,39,publicly,publicly,RB,RB
2952,Tonga_1988,0,108,40,declared,declared,VBN,VB
2953,Tonga_1988,0,108,41,heir,heir,NN,NN
2954,Tonga_1988,0,108,42,to,to,TO,TO
2955,Tonga_1988,0,108,43,the,the,DT,DT
2956,Tonga_1988,0,108,44,Crown,crown,NNP,NN
2957,Tonga_1988,0,108,45,during,during,IN,IN
2958,Tonga_1988,0,108,46,the,the,DT,DT
2959,Tonga_1988,0,108,47,King,king,NNP,NN
2960,Tonga_1988,0,108,48,'s,s,POS,PO
2961,Tonga_1988,0,108,49,life,life,NN,NN
2962,Tonga_1988,0,109,0,Should,should,MD,MD
2963,Tonga_1988,0,109,1,there,there,EX,EX
2964,Tonga_1988,0,109,2,be,be,VB,VB
2965,Tonga_1988,0,109,3,no,no,DT,DT
2966,Tonga_1988,0,109,4,heir,heir,NN,NN
2967,Tonga_1988,0,109,5,to,to,TO,TO
2968,Tonga_1988,0,109,6,the,the,DT,DT
2969,Tonga_1988,0,109,7,Crown,crown,NNP,NN
2970,Tonga_1988,0,109,8,or,or,CC,CC
2971,Tonga_1988,0,109,9,successor,successor,NN,NN
2972,Tonga_1988,0,109,10,who,who,WP,WP
2973,Tonga_1988,0,109,11,has,has,VBZ,VB
2974,Tonga_1988,0,109,12,been,been,VBN,VB
2975,Tonga_1988,0,109,13,so,so,RB,RB
2976,Tonga_1988,0,109,14,publicly,publicly,RB,RB
2977,Tonga_1988,0,109,15,proclaimed,proclaimed,VBN,VB
2978,Tonga_1988,0,109,16,the,the,DT,DT
2979,Tonga_1988,0,109,17,Prime,prime,NNP,NN
2980,Tonga_1988,0,109,18,Minister,minister,NNP,NN
2981,Tonga_1988,0,109,19,or,or,CC,CC
2982,Tonga_1988,0,109,20,in,in,IN,IN
2983,Tonga_1988,0,109,21,his,his,PRP$,PR
2984,Tonga_1988,0,109,22,absence,absence,NN,NN
2985,Tonga_1988,0,109,23,the,the,DT,DT
2986,Tonga_1988,0,109,24,Cabinet,cabinet,NNP,NN
2987,Tonga_1988,0,109,25,ministers,ministers,NNS,NN
2988,Tonga_1988,0,109,26,shall,shall,MD,MD
2989,Tonga_1988,0,109,27,convoke,convoke,VB,VB
2990,Tonga_1988,0,109,28,the,the,DT,DT
2991,Tonga_1988,0,109,29,nobles,nobles,NNS,NN
2992,Tonga_1988,0,109,30,of,of,IN,IN
2993,Tonga_1988,0,109,31,the,the,DT,DT
2994,Tonga_1988,0,109,32,Legislative,legislative,NNP,NN
2995,Tonga_1988,0,109,33,Assembly,assembly,NNP,NN
2996,Tonga_1988,0,109,35,the,the,DT,DT
2997,Tonga_1988,0,109,36,representatives,representatives,NNS,NN
2998,Tonga_1988,0,109,37,of,of,IN,IN
2999,Tonga_1988,0,109,38,the,the,DT,DT
3000,Tonga_1988,0,109,39,people,people,NNS,NN
3001,Tonga_1988,0,109,40,having,having,VBG,VB
3002,Tonga_1988,0,109,41,no,no,DT,DT
3003,Tonga_1988,0,109,42,voice,voice,NN,NN
3004,Tonga_1988,0,109,43,in,in,IN,IN
3005,Tonga_1988,0,109,44,the,the,DT,DT
3006,Tonga_1988,0,109,45,matter,matter,NN,NN
3007,Tonga_1988,0,109,47,and,and,CC,CC
3008,Tonga_1988,0,109,48,when,when,WRB,WR
3009,Tonga_1988,0,109,49,they,they,PRP,PR
3010,Tonga_1988,0,109,50,meet,meet,VBD,VB
3011,Tonga_1988,0,109,51,the,the,DT,DT
3012,Tonga_1988,0,109,52,House,house,NNP,NN
3013,Tonga_1988,0,109,53,of,of,IN,IN
3014,Tonga_1988,0,109,54,Nobles,nobles,NNP,NN
3015,Tonga_1988,0,109,55,shall,shall,MD,MD
3016,Tonga_1988,0,109,56,choose,choose,VB,VB
3017,Tonga_1988,0,109,57,by,by,IN,IN
3018,Tonga_1988,0,109,58,ballot,ballot,NN,NN
3019,Tonga_1988,0,109,59,some,some,DT,DT
3020,Tonga_1988,0,109,60,one,one,CD,CD
3021,Tonga_1988,0,109,61,of,of,IN,IN
3022,Tonga_1988,0,109,62,the,the,DT,DT
3023,Tonga_1988,0,109,63,chiefs,chiefs,NNS,NN
3024,Tonga_1988,0,109,64,whom,whom,WP,WP
3025,Tonga_1988,0,109,65,they,they,PRP,PR
3026,Tonga_1988,0,109,66,wish,wish,VBP,VB
3027,Tonga_1988,0,109,67,to,to,TO,TO
3028,Tonga_1988,0,109,68,succeed,succeed,VB,VB
3029,Tonga_1988,0,109,69,as,as,IN,IN
3030,Tonga_1988,0,109,70,King,king,NNP,NN
3031,Tonga_1988,0,110,0,And,and,CC,CC
3032,Tonga_1988,0,110,1,he,he,PRP,PR
3033,Tonga_1988,0,110,2,shall,shall,MD,MD
3034,Tonga_1988,0,110,3,succeed,succeed,VB,VB
3035,Tonga_1988,0,110,4,as,as,IN,IN
3036,Tonga_1988,0,110,5,the,the,DT,DT
3037,Tonga_1988,0,110,6,first,first,JJ,JJ
3038,Tonga_1988,0,110,7,of,of,IN,IN
3039,Tonga_1988,0,110,8,a,a,DT,DT
3040,Tonga_1988,0,110,9,new,new,JJ,JJ
3041,Tonga_1988,0,110,10,dynasty,dynasty,NN,NN
3042,Tonga_1988,0,110,11,and,and,CC,CC
3043,Tonga_1988,0,110,12,he,he,PRP,PR
3044,Tonga_1988,0,110,13,and,and,CC,CC
3045,Tonga_1988,0,110,14,the,the,DT,DT
3046,Tonga_1988,0,110,15,heirs,heirs,NNS,NN
3047,Tonga_1988,0,110,16,of,of,IN,IN
3048,Tonga_1988,0,110,17,his,his,PRP$,PR
3049,Tonga_1988,0,110,18,body,body,NN,NN
3050,Tonga_1988,0,110,19,born,born,VBN,VB
3051,Tonga_1988,0,110,20,in,in,IN,IN
3052,Tonga_1988,0,110,21,marriage,marriage,NN,NN
3053,Tonga_1988,0,110,22,shall,shall,MD,MD
3054,Tonga_1988,0,110,23,possess,possess,VB,VB
3055,Tonga_1988,0,110,24,the,the,DT,DT
3056,Tonga_1988,0,110,25,Crown,crown,NNP,NN
3057,Tonga_1988,0,110,26,according,according,VBG,VB
3058,Tonga_1988,0,110,27,to,to,TO,TO
3059,Tonga_1988,0,110,28,law,law,NN,NN
3060,Tonga_1988,0,111,0,And,and,CC,CC
3061,Tonga_1988,0,111,1,in,in,IN,IN
3062,Tonga_1988,0,111,2,the,the,DT,DT
3063,Tonga_1988,0,111,3,event,event,NN,NN
3064,Tonga_1988,0,111,4,of,of,IN,IN
3065,Tonga_1988,0,111,5,there,there,EX,EX
3066,Tonga_1988,0,111,6,being,being,VBG,VB
3067,Tonga_1988,0,111,7,none,none,NN,NN
3068,Tonga_1988,0,111,8,to,to,TO,TO
3069,Tonga_1988,0,111,9,succeed,succeed,VB,VB
3070,Tonga_1988,0,111,10,according,according,VBG,VB
3071,Tonga_1988,0,111,11,to,to,TO,TO
3072,Tonga_1988,0,111,12,this,this,DT,DT
3073,Tonga_1988,0,111,13,law,law,NN,NN
3074,Tonga_1988,0,111,14,the,the,DT,DT
3075,Tonga_1988,0,111,15,Prime,prime,NNP,NN
3076,Tonga_1988,0,111,16,Minister,minister,NNP,NN
3077,Tonga_1988,0,111,17,or,or,CC,CC
3078,Tonga_1988,0,111,18,in,in,IN,IN
3079,Tonga_1988,0,111,19,his,his,PRP$,PR
3080,Tonga_1988,0,111,20,absence,absence,NN,NN
3081,Tonga_1988,0,111,21,the,the,DT,DT
3082,Tonga_1988,0,111,22,Cabinet,cabinet,NNP,NN
3083,Tonga_1988,0,111,23,ministers,ministers,NNS,NN
3084,Tonga_1988,0,111,24,shall,shall,MD,MD
3085,Tonga_1988,0,111,25,again,again,RB,RB
3086,Tonga_1988,0,111,26,convoke,convoke,VB,VB
3087,Tonga_1988,0,111,27,the,the,DT,DT
3088,Tonga_1988,0,111,28,nobles,nobles,NNS,NN
3089,Tonga_1988,0,111,29,of,of,IN,IN
3090,Tonga_1988,0,111,30,the,the,DT,DT
3091,Tonga_1988,0,111,31,Legislative,legislative,NNP,NN
3092,Tonga_1988,0,111,32,Assembly,assembly,NNP,NN
3093,Tonga_1988,0,111,33,in,in,IN,IN
3094,Tonga_1988,0,111,34,accordance,accordance,NN,NN
3095,Tonga_1988,0,111,35,with,with,IN,IN
3096,Tonga_1988,0,111,36,this,this,DT,DT
3097,Tonga_1988,0,111,37,law,law,NN,NN
3098,Tonga_1988,0,111,38,and,and,CC,CC
3099,Tonga_1988,0,111,39,they,they,PRP,PR
3100,Tonga_1988,0,111,40,shall,shall,MD,MD
3101,Tonga_1988,0,111,41,choose,choose,VB,VB
3102,Tonga_1988,0,111,42,one,one,CD,CD
3103,Tonga_1988,0,111,43,to,to,TO,TO
3104,Tonga_1988,0,111,44,succeed,succeed,VB,VB
3105,Tonga_1988,0,111,45,to,to,TO,TO
3106,Tonga_1988,0,111,46,the,the,DT,DT
3107,Tonga_1988,0,111,47,Throne,throne,NNP,NN
3108,Tonga_1988,0,111,48,as,as,IN,IN
3109,Tonga_1988,0,111,49,the,the,DT,DT
3110,Tonga_1988,0,111,50,first,first,JJ,JJ
3111,Tonga_1988,0,111,51,of,of,IN,IN
3112,Tonga_1988,0,111,52,a,a,DT,DT
3113,Tonga_1988,0,111,53,new,new,JJ,JJ
3114,Tonga_1988,0,111,54,dynasty,dynasty,NN,NN
3115,Tonga_1988,0,111,55,and,and,CC,CC
3116,Tonga_1988,0,111,56,so,so,RB,RB
3117,Tonga_1988,0,111,57,on,on,IN,IN
3118,Tonga_1988,0,111,58,according,according,VBG,VB
3119,Tonga_1988,0,111,59,to,to,TO,TO
3120,Tonga_1988,0,111,60,this,this,DT,DT
3121,Tonga_1988,0,111,61,law,law,NN,NN
3122,Tonga_1988,0,111,62,for,for,IN,IN
3123,Tonga_1988,0,111,63,ever,ever,RB,RB
3124,Tonga_1988,0,112,0,33,33,CD,CD
3125,Tonga_1988,0,113,0,Heir,heir,NNP,NN
3126,Tonga_1988,0,113,1,Apparent,apparent,NNP,NN
3127,Tonga_1988,0,113,2,may,may,MD,MD
3128,Tonga_1988,0,113,3,not,not,RB,RB
3129,Tonga_1988,0,113,4,choose,choose,VB,VB
3130,Tonga_1988,0,113,5,consort,consort,NN,NN
3131,Tonga_1988,0,113,6,Share,share,NNP,NN
3132,Tonga_1988,0,113,7,1,1,CD,CD
3133,Tonga_1988,0,114,0,It,it,PRP,PR
3134,Tonga_1988,0,114,1,shall,shall,MD,MD
3135,Tonga_1988,0,114,2,not,not,RB,RB
3136,Tonga_1988,0,114,3,be,be,VB,VB
3137,Tonga_1988,0,114,4,lawful,lawful,JJ,JJ
3138,Tonga_1988,0,114,5,for,for,IN,IN
3139,Tonga_1988,0,114,6,any,any,DT,DT
3140,Tonga_1988,0,114,7,member,member,NN,NN
3141,Tonga_1988,0,114,8,of,of,IN,IN
3142,Tonga_1988,0,114,9,the,the,DT,DT
3143,Tonga_1988,0,114,10,Royal,royal,NNP,NN
3144,Tonga_1988,0,114,11,Family,family,NNP,NN
3145,Tonga_1988,0,114,12,who,who,WP,WP
3146,Tonga_1988,0,114,13,is,is,VBZ,VB
3147,Tonga_1988,0,114,14,likely,likely,JJ,JJ
3148,Tonga_1988,0,114,15,to,to,TO,TO
3149,Tonga_1988,0,114,16,succeed,succeed,VB,VB
3150,Tonga_1988,0,114,17,to,to,TO,TO
3151,Tonga_1988,0,114,18,the,the,DT,DT
3152,Tonga_1988,0,114,19,throne,throne,NN,NN
3153,Tonga_1988,0,114,20,to,to,TO,TO
3154,Tonga_1988,0,114,21,marry,marry,VB,VB
3155,Tonga_1988,0,114,22,any,any,DT,DT
3156,Tonga_1988,0,114,23,person,person,NN,NN
3157,Tonga_1988,0,114,24,without,without,IN,IN
3158,Tonga_1988,0,114,25,the,the,DT,DT
3159,Tonga_1988,0,114,26,consent,consent,NN,NN
3160,Tonga_1988,0,114,27,of,of,IN,IN
3161,Tonga_1988,0,114,28,the,the,DT,DT
3162,Tonga_1988,0,114,29,King,king,NNP,NN
3163,Tonga_1988,0,115,0,And,and,CC,CC
3164,Tonga_1988,0,115,1,if,if,IN,IN
3165,Tonga_1988,0,115,2,any,any,DT,DT
3166,Tonga_1988,0,115,3,person,person,NN,NN
3167,Tonga_1988,0,115,4,should,should,MD,MD
3168,Tonga_1988,0,115,5,thus,thus,RB,RB
3169,Tonga_1988,0,115,6,marry,marry,VB,VB
3170,Tonga_1988,0,115,7,the,the,DT,DT
3171,Tonga_1988,0,115,8,marriage,marriage,NN,NN
3172,Tonga_1988,0,115,9,shall,shall,MD,MD
3173,Tonga_1988,0,115,10,not,not,RB,RB
3174,Tonga_1988,0,115,11,be,be,VB,VB
3175,Tonga_1988,0,115,12,considered,considered,VBN,VB
3176,Tonga_1988,0,115,13,legal,legal,JJ,JJ
3177,Tonga_1988,0,115,14,and,and,CC,CC
3178,Tonga_1988,0,115,15,it,it,PRP,PR
3179,Tonga_1988,0,115,16,shall,shall,MD,MD
3180,Tonga_1988,0,115,17,be,be,VB,VB
3181,Tonga_1988,0,115,18,lawful,lawful,JJ,JJ
3182,Tonga_1988,0,115,19,for,for,IN,IN
3183,Tonga_1988,0,115,20,the,the,DT,DT
3184,Tonga_1988,0,115,21,King,king,NNP,NN
3185,Tonga_1988,0,115,22,to,to,TO,TO
3186,Tonga_1988,0,115,23,cancel,cancel,VB,VB
3187,Tonga_1988,0,115,24,the,the,DT,DT
3188,Tonga_1988,0,115,25,right,right,NN,NN
3189,Tonga_1988,0,115,26,of,of,IN,IN
3190,Tonga_1988,0,115,27,such,such,JJ,JJ
3191,Tonga_1988,0,115,28,person,person,NN,NN
3192,Tonga_1988,0,115,29,and,and,CC,CC
3193,Tonga_1988,0,115,30,his,his,PRP$,PR
3194,Tonga_1988,0,115,31,heirs,heirs,NN,NN
3195,Tonga_1988,0,115,32,to,to,TO,TO
3196,Tonga_1988,0,115,33,succeed,succeed,VB,VB
3197,Tonga_1988,0,115,34,to,to,TO,TO
3198,Tonga_1988,0,115,35,the,the,DT,DT
3199,Tonga_1988,0,115,36,Crown,crown,NNP,NN
3200,Tonga_1988,0,115,37,of,of,IN,IN
3201,Tonga_1988,0,115,38,Tonga,tonga,NNP,NN
3202,Tonga_1988,0,116,0,And,and,CC,CC
3203,Tonga_1988,0,116,1,the,the,DT,DT
3204,Tonga_1988,0,116,2,next,next,JJ,JJ
3205,Tonga_1988,0,116,3,person,person,NN,NN
3206,Tonga_1988,0,116,4,in,in,IN,IN
3207,Tonga_1988,0,116,5,succession,succession,NN,NN
3208,Tonga_1988,0,116,6,to,to,TO,TO
3209,Tonga_1988,0,116,7,him,him,PRP,PR
3210,Tonga_1988,0,116,8,who,who,WP,WP
3211,Tonga_1988,0,116,9,so,so,RB,RB
3212,Tonga_1988,0,116,10,marries,marries,VBZ,VB
3213,Tonga_1988,0,116,11,shall,shall,MD,MD
3214,Tonga_1988,0,116,12,be,be,VB,VB
3215,Tonga_1988,0,116,13,declared,declared,VBN,VB
3216,Tonga_1988,0,116,14,the,the,DT,DT
3217,Tonga_1988,0,116,15,heir,heir,NN,NN
3218,Tonga_1988,0,116,16,and,and,CC,CC
3219,Tonga_1988,0,116,17,the,the,DT,DT
3220,Tonga_1988,0,116,18,offender,offender,NN,NN
3221,Tonga_1988,0,116,19,shall,shall,MD,MD
3222,Tonga_1988,0,116,20,be,be,VB,VB
3223,Tonga_1988,0,116,21,regarded,regarded,VBN,VB
3224,Tonga_1988,0,116,22,as,as,IN,IN
3225,Tonga_1988,0,116,23,dead,dead,JJ,JJ
3226,Tonga_1988,0,117,0,2,2,CD,CD
3227,Tonga_1988,0,118,0,The,the,DT,DT
3228,Tonga_1988,0,118,1,expression,expression,NN,NN
3229,Tonga_1988,0,118,3,any,any,DT,DT
3230,Tonga_1988,0,118,4,member,member,NN,NN
3231,Tonga_1988,0,118,5,of,of,IN,IN
3232,Tonga_1988,0,118,6,the,the,DT,DT
3233,Tonga_1988,0,118,7,Royal,royal,NNP,NN
3234,Tonga_1988,0,118,8,Family,family,NNP,NN
3235,Tonga_1988,0,118,9,who,who,WP,WP
3236,Tonga_1988,0,118,10,is,is,VBZ,VB
3237,Tonga_1988,0,118,11,likely,likely,JJ,JJ
3238,Tonga_1988,0,118,12,to,to,TO,TO
3239,Tonga_1988,0,118,13,succeed,succeed,VB,VB
3240,Tonga_1988,0,118,14,to,to,TO,TO
3241,Tonga_1988,0,118,15,the,the,DT,DT
3242,Tonga_1988,0,118,16,throne,throne,NN,NN
3243,Tonga_1988,0,118,18,in,in,IN,IN
3244,Tonga_1988,0,118,19,the,the,DT,DT
3245,Tonga_1988,0,118,20,last,last,JJ,JJ
3246,Tonga_1988,0,118,21,preceding,preceding,JJ,JJ
3247,Tonga_1988,0,118,22,sub-clause,subclause,NN,NN
3248,Tonga_1988,0,118,23,shall,shall,MD,MD
3249,Tonga_1988,0,118,24,be,be,VB,VB
3250,Tonga_1988,0,118,25,construed,construed,VBN,VB
3251,Tonga_1988,0,118,26,to,to,TO,TO
3252,Tonga_1988,0,118,27,include,include,VB,VB
3253,Tonga_1988,0,118,28,all,all,DT,DT
3254,Tonga_1988,0,118,29,persons,persons,NNS,NN
3255,Tonga_1988,0,118,30,born,born,VBN,VB
3256,Tonga_1988,0,118,31,in,in,IN,IN
3257,Tonga_1988,0,118,32,lawful,lawful,JJ,JJ
3258,Tonga_1988,0,118,33,marriage,marriage,NN,NN
3259,Tonga_1988,0,118,34,and,and,CC,CC
3260,Tonga_1988,0,118,35,related,related,VBN,VB
3261,Tonga_1988,0,118,36,by,by,IN,IN
3262,Tonga_1988,0,118,37,descent,descent,NN,NN
3263,Tonga_1988,0,118,38,either,either,CC,CC
3264,Tonga_1988,0,118,39,lineally,lineally,RB,RB
3265,Tonga_1988,0,118,40,or,or,CC,CC
3266,Tonga_1988,0,118,41,collaterally,collaterally,RB,RB
3267,Tonga_1988,0,118,42,to,to,TO,TO
3268,Tonga_1988,0,118,43,the,the,DT,DT
3269,Tonga_1988,0,118,44,King,king,NNP,NN
3270,Tonga_1988,0,118,45,but,but,CC,CC
3271,Tonga_1988,0,118,46,not,not,RB,RB
3272,Tonga_1988,0,118,47,more,more,JJR,JJ
3273,Tonga_1988,0,118,48,than,than,IN,IN
3274,Tonga_1988,0,118,49,twenty,twenty,NN,NN
3275,Tonga_1988,0,118,50,times,times,NNS,NN
3276,Tonga_1988,0,118,51,removed,removed,VBN,VB
3277,Tonga_1988,0,118,52,from,from,IN,IN
3278,Tonga_1988,0,118,53,the,the,DT,DT
3279,Tonga_1988,0,118,54,King,king,NNP,NN
3280,Tonga_1988,0,119,1,Inserted,inserted,VBN,VB
3281,Tonga_1988,0,119,2,by,by,IN,IN
3282,Tonga_1988,0,119,3,Act,act,NNP,NN
3283,Tonga_1988,0,119,4,3,3,CD,CD
3284,Tonga_1988,0,119,5,of,of,IN,IN
3285,Tonga_1988,0,119,6,1971,1971,CD,CD
3286,Tonga_1988,0,120,0,34,34,CD,CD
3287,Tonga_1988,0,121,0,Coronation,coronation,NNP,NN
3288,Tonga_1988,0,121,1,oath,oath,PRP,PR
3289,Tonga_1988,0,121,2,Share,share,NNP,NN
3290,Tonga_1988,0,121,3,The,the,DT,DT
3291,Tonga_1988,0,121,4,following,following,JJ,JJ
3292,Tonga_1988,0,121,5,oath,oath,NN,NN
3293,Tonga_1988,0,121,6,shall,shall,MD,MD
3294,Tonga_1988,0,121,7,be,be,VB,VB
3295,Tonga_1988,0,121,8,taken,taken,VBN,VB
3296,Tonga_1988,0,121,9,by,by,IN,IN
3297,Tonga_1988,0,121,10,those,those,DT,DT
3298,Tonga_1988,0,121,11,who,who,WP,WP
3299,Tonga_1988,0,121,12,shall,shall,MD,MD
3300,Tonga_1988,0,121,13,succeed,succeed,VB,VB
3301,Tonga_1988,0,121,14,to,to,TO,TO
3302,Tonga_1988,0,121,15,the,the,DT,DT
3303,Tonga_1988,0,121,16,throne,throne,NN,NN
3304,Tonga_1988,0,121,19,I,i,PRP,PR
3305,Tonga_1988,0,121,20,solemnly,solemnly,RB,RB
3306,Tonga_1988,0,121,21,swear,swear,VBP,VB
3307,Tonga_1988,0,121,22,before,before,IN,IN
3308,Tonga_1988,0,121,23,Almighty,almighty,NNP,NN
3309,Tonga_1988,0,121,24,God,god,NNP,NN
3310,Tonga_1988,0,121,25,to,to,TO,TO
3311,Tonga_1988,0,121,26,keep,keep,VB,VB
3312,Tonga_1988,0,121,27,in,in,IN,IN
3313,Tonga_1988,0,121,28,its,its,PRP$,PR
3314,Tonga_1988,0,121,29,integrity,integrity,NN,NN
3315,Tonga_1988,0,121,30,the,the,DT,DT
3316,Tonga_1988,0,121,31,Constitution,constitution,NNP,NN
3317,Tonga_1988,0,121,32,of,of,IN,IN
3318,Tonga_1988,0,121,33,Tonga,tonga,NNP,NN
3319,Tonga_1988,0,121,34,and,and,CC,CC
3320,Tonga_1988,0,121,35,to,to,TO,TO
3321,Tonga_1988,0,121,36,govern,govern,VB,VB
3322,Tonga_1988,0,121,37,in,in,IN,IN
3323,Tonga_1988,0,121,38,conformity,conformity,NN,NN
3324,Tonga_1988,0,121,39,with,with,IN,IN
3325,Tonga_1988,0,121,40,the,the,DT,DT
3326,Tonga_1988,0,121,41,laws,laws,NNS,NN
3327,Tonga_1988,0,121,42,thereof,thereof,VBP,VB
3328,Tonga_1988,0,122,0,35,35,CD,CD
3329,Tonga_1988,0,123,0,Idiot,idiot,NNP,NN
3330,Tonga_1988,0,123,1,can,can,MD,MD
3331,Tonga_1988,0,123,2,not,not,RB,RB
3332,Tonga_1988,0,123,3,succeed,succeed,VB,VB
3333,Tonga_1988,0,123,4,Share,share,NNP,NN
3334,Tonga_1988,0,123,5,No,no,NNP,NN
3335,Tonga_1988,0,123,6,person,person,NN,NN
3336,Tonga_1988,0,123,7,shall,shall,MD,MD
3337,Tonga_1988,0,123,8,succeed,succeed,VB,VB
3338,Tonga_1988,0,123,9,to,to,TO,TO
3339,Tonga_1988,0,123,10,the,the,DT,DT
3340,Tonga_1988,0,123,11,Crown,crown,NNP,NN
3341,Tonga_1988,0,123,12,of,of,IN,IN
3342,Tonga_1988,0,123,13,Tonga,tonga,NNP,NN
3343,Tonga_1988,0,123,14,who,who,WP,WP
3344,Tonga_1988,0,123,15,has,has,VBZ,VB
3345,Tonga_1988,0,123,16,been,been,VBN,VB
3346,Tonga_1988,0,123,17,found,found,VBN,VB
3347,Tonga_1988,0,123,18,guilty,guilty,JJ,JJ
3348,Tonga_1988,0,123,19,of,of,IN,IN
3349,Tonga_1988,0,123,20,a,a,DT,DT
3350,Tonga_1988,0,123,21,felony,felony,NN,NN
3351,Tonga_1988,0,123,22,or,or,CC,CC
3352,Tonga_1988,0,123,23,who,who,WP,WP
3353,Tonga_1988,0,123,24,is,is,VBZ,VB
3354,Tonga_1988,0,123,25,insane,insane,NN,NN
3355,Tonga_1988,0,123,26,or,or,CC,CC
3356,Tonga_1988,0,123,27,imbecile,imbecile,NN,NN
3357,Tonga_1988,0,124,0,36,36,CD,CD
3358,Tonga_1988,0,125,0,King,king,VBG,VB
3359,Tonga_1988,0,125,1,commands,commands,NNS,NN
3360,Tonga_1988,0,125,2,forces,forces,NNS,NN
3361,Tonga_1988,0,125,3,Share,share,VBP,VB
3362,Tonga_1988,0,125,4,The,the,DT,DT
3363,Tonga_1988,0,125,5,King,king,NNP,NN
3364,Tonga_1988,0,125,6,is,is,VBZ,VB
3365,Tonga_1988,0,125,7,the,the,DT,DT
3366,Tonga_1988,0,125,8,Commander-in-Chief,commanderinchief,NN,NN
3367,Tonga_1988,0,125,9,of,of,IN,IN
3368,Tonga_1988,0,125,10,the,the,DT,DT
3369,Tonga_1988,0,125,11,forces,forces,NNS,NN
3370,Tonga_1988,0,125,12,on,on,IN,IN
3371,Tonga_1988,0,125,13,land,land,NN,NN
3372,Tonga_1988,0,125,14,and,and,CC,CC
3373,Tonga_1988,0,125,15,sea,sea,NN,NN
3374,Tonga_1988,0,126,0,He,he,PRP,PR
3375,Tonga_1988,0,126,1,shall,shall,MD,MD
3376,Tonga_1988,0,126,2,appoint,appoint,VB,VB
3377,Tonga_1988,0,126,3,all,all,DT,DT
3378,Tonga_1988,0,126,4,officers,officers,NNS,NN
3379,Tonga_1988,0,126,5,and,and,CC,CC
3380,Tonga_1988,0,126,6,make,make,VB,VB
3381,Tonga_1988,0,126,7,such,such,JJ,JJ
3382,Tonga_1988,0,126,8,regulations,regulations,NNS,NN
3383,Tonga_1988,0,126,9,for,for,IN,IN
3384,Tonga_1988,0,126,10,the,the,DT,DT
3385,Tonga_1988,0,126,11,training,training,NN,NN
3386,Tonga_1988,0,126,12,and,and,CC,CC
3387,Tonga_1988,0,126,13,control,control,NN,NN
3388,Tonga_1988,0,126,14,of,of,IN,IN
3389,Tonga_1988,0,126,15,the,the,DT,DT
3390,Tonga_1988,0,126,16,forces,forces,NNS,NN
3391,Tonga_1988,0,126,17,as,as,IN,IN
3392,Tonga_1988,0,126,18,he,he,PRP,PR
3393,Tonga_1988,0,126,19,may,may,MD,MD
3394,Tonga_1988,0,126,20,think,think,VB,VB
3395,Tonga_1988,0,126,21,best,best,JJS,JJ
3396,Tonga_1988,0,126,22,for,for,IN,IN
3397,Tonga_1988,0,126,23,the,the,DT,DT
3398,Tonga_1988,0,126,24,welfare,welfare,NN,NN
3399,Tonga_1988,0,126,25,of,of,IN,IN
3400,Tonga_1988,0,126,26,the,the,DT,DT
3401,Tonga_1988,0,126,27,country,country,NN,NN
3402,Tonga_1988,0,126,28,but,but,CC,CC
3403,Tonga_1988,0,126,29,it,it,PRP,PR
3404,Tonga_1988,0,126,30,shall,shall,MD,MD
3405,Tonga_1988,0,126,31,not,not,RB,RB
3406,Tonga_1988,0,126,32,be,be,VB,VB
3407,Tonga_1988,0,126,33,lawful,lawful,JJ,JJ
3408,Tonga_1988,0,126,34,for,for,IN,IN
3409,Tonga_1988,0,126,35,the,the,DT,DT
3410,Tonga_1988,0,126,36,King,king,NNP,NN
3411,Tonga_1988,0,126,37,to,to,TO,TO
3412,Tonga_1988,0,126,38,make,make,VB,VB
3413,Tonga_1988,0,126,39,war,war,NN,NN
3414,Tonga_1988,0,126,40,without,without,IN,IN
3415,Tonga_1988,0,126,41,the,the,DT,DT
3416,Tonga_1988,0,126,42,consent,consent,NN,NN
3417,Tonga_1988,0,126,43,of,of,IN,IN
3418,Tonga_1988,0,126,44,the,the,DT,DT
3419,Tonga_1988,0,126,45,Legislative,legislative,NNP,NN
3420,Tonga_1988,0,126,46,Assembly,assembly,NNP,NN
3421,Tonga_1988,0,127,0,37,37,CD,CD
3422,Tonga_1988,0,128,0,King,king,VBG,VB
3423,Tonga_1988,0,128,1,may,may,MD,MD
3424,Tonga_1988,0,128,2,pardon,pardon,VB,VB
3425,Tonga_1988,0,128,3,convicts,convicts,NNS,NN
3426,Tonga_1988,0,128,4,Share,share,VB,VB
3427,Tonga_1988,0,128,5,It,it,PRP,PR
3428,Tonga_1988,0,128,6,shall,shall,MD,MD
3429,Tonga_1988,0,128,7,be,be,VB,VB
3430,Tonga_1988,0,128,8,lawful,lawful,JJ,JJ
3431,Tonga_1988,0,128,9,for,for,IN,IN
3432,Tonga_1988,0,128,10,the,the,DT,DT
3433,Tonga_1988,0,128,11,King,king,NNP,NN
3434,Tonga_1988,0,128,12,with,with,IN,IN
3435,Tonga_1988,0,128,13,the,the,DT,DT
3436,Tonga_1988,0,128,14,consent,consent,NN,NN
3437,Tonga_1988,0,128,15,of,of,IN,IN
3438,Tonga_1988,0,128,16,the,the,DT,DT
3439,Tonga_1988,0,128,17,Privy,privy,NNP,NN
3440,Tonga_1988,0,128,18,Council,council,NNP,NN
3441,Tonga_1988,0,128,19,to,to,TO,TO
3442,Tonga_1988,0,128,20,pardon,pardon,VB,VB
3443,Tonga_1988,0,128,21,any,any,DT,DT
3444,Tonga_1988,0,128,22,person,person,NN,NN
3445,Tonga_1988,0,128,23,who,who,WP,WP
3446,Tonga_1988,0,128,24,has,has,VBZ,VB
3447,Tonga_1988,0,128,25,been,been,VBN,VB
3448,Tonga_1988,0,128,26,convicted,convicted,VBN,VB
3449,Tonga_1988,0,128,27,of,of,IN,IN
3450,Tonga_1988,0,128,28,a,a,DT,DT
3451,Tonga_1988,0,128,29,breach,breach,NN,NN
3452,Tonga_1988,0,128,30,of,of,IN,IN
3453,Tonga_1988,0,128,31,law,law,NN,NN
3454,Tonga_1988,0,128,33,or,or,CC,CC
3455,Tonga_1988,0,128,34,to,to,TO,TO
3456,Tonga_1988,0,128,35,remit,remit,VB,VB
3457,Tonga_1988,0,128,36,or,or,CC,CC
3458,Tonga_1988,0,128,37,mitigate,mitigate,VB,VB
3459,Tonga_1988,0,128,38,any,any,DT,DT
3460,Tonga_1988,0,128,39,sentence,sentence,NN,NN
3461,Tonga_1988,0,128,41,or,or,CC,CC
3462,Tonga_1988,0,128,42,any,any,DT,DT
3463,Tonga_1988,0,128,43,part,part,NN,NN
3464,Tonga_1988,0,128,44,of,of,IN,IN
3465,Tonga_1988,0,128,45,any,any,DT,DT
3466,Tonga_1988,0,128,46,sentence,sentence,NN,NN
3467,Tonga_1988,0,128,48,imposed,imposed,VBN,VB
3468,Tonga_1988,0,128,49,by,by,IN,IN
3469,Tonga_1988,0,128,50,any,any,DT,DT
3470,Tonga_1988,0,128,51,court,court,NN,NN
3471,Tonga_1988,0,128,52,for,for,IN,IN
3472,Tonga_1988,0,128,53,a,a,DT,DT
3473,Tonga_1988,0,128,54,breach,breach,NN,NN
3474,Tonga_1988,0,128,55,of,of,IN,IN
3475,Tonga_1988,0,128,56,law,law,NN,NN
3476,Tonga_1988,0,128,59,Amended,amended,VBN,VB
3477,Tonga_1988,0,128,60,by,by,IN,IN
3478,Tonga_1988,0,128,61,Act,act,NNP,NN
3479,Tonga_1988,0,128,62,13,13,CD,CD
3480,Tonga_1988,0,128,63,of,of,IN,IN
3481,Tonga_1988,0,128,64,1966,1966,CD,CD
3482,Tonga_1988,0,129,1,FN,fn,NNP,NN
3483,Tonga_1988,0,129,3,Amendment,amendment,NNP,NN
3484,Tonga_1988,0,129,4,Act,act,NNP,NN
3485,Tonga_1988,0,129,5,not,not,RB,RB
3486,Tonga_1988,0,129,6,in,in,IN,IN
3487,Tonga_1988,0,129,7,force,force,NN,NN
3488,Tonga_1988,0,129,8,as,as,IN,IN
3489,Tonga_1988,0,129,9,at,at,IN,IN
3490,Tonga_1988,0,129,10,31,31,CD,CD
3491,Tonga_1988,0,129,11,December,december,NNP,NN
3492,Tonga_1988,0,129,12,1988,1988,CD,CD
3493,Tonga_1988,0,130,0,Provided,provided,VBD,VB
3494,Tonga_1988,0,130,1,that,that,IN,IN
3495,Tonga_1988,0,130,2,he,he,PRP,PR
3496,Tonga_1988,0,130,3,shall,shall,MD,MD
3497,Tonga_1988,0,130,4,not,not,RB,RB
3498,Tonga_1988,0,130,5,pardon,pardon,VB,VB
3499,Tonga_1988,0,130,6,any,any,DT,DT
3500,Tonga_1988,0,130,7,person,person,NN,NN
3501,Tonga_1988,0,130,8,convicted,convicted,VBN,VB
3502,Tonga_1988,0,130,9,of,of,IN,IN
3503,Tonga_1988,0,130,10,maladministration,maladministration,NN,NN
3504,Tonga_1988,0,130,11,in,in,IN,IN
3505,Tonga_1988,0,130,12,accordance,accordance,NN,NN
3506,Tonga_1988,0,130,13,with,with,IN,IN
3507,Tonga_1988,0,130,14,the,the,DT,DT
3508,Tonga_1988,0,130,15,fifty-first,fiftyfirst,JJ,JJ
3509,Tonga_1988,0,130,16,clause,clause,NN,NN
3510,Tonga_1988,0,131,0,It,it,PRP,PR
3511,Tonga_1988,0,131,1,shall,shall,MD,MD
3512,Tonga_1988,0,131,2,not,not,RB,RB
3513,Tonga_1988,0,131,3,be,be,VB,VB
3514,Tonga_1988,0,131,4,lawful,lawful,JJ,JJ
3515,Tonga_1988,0,131,5,to,to,TO,TO
3516,Tonga_1988,0,131,6,pardon,pardon,VB,VB
3517,Tonga_1988,0,131,7,any,any,DT,DT
3518,Tonga_1988,0,131,8,person,person,NN,NN
3519,Tonga_1988,0,131,9,convicted,convicted,VBN,VB
3520,Tonga_1988,0,131,10,of,of,IN,IN
3521,Tonga_1988,0,131,11,this,this,DT,DT
3522,Tonga_1988,0,131,12,offence,offence,NN,NN
3523,Tonga_1988,0,132,0,38,38,CD,CD
3524,Tonga_1988,0,133,0,King,king,VBG,VB
3525,Tonga_1988,0,133,1,'s,s,POS,PO
3526,Tonga_1988,0,133,2,relations,relations,NNS,NN
3527,Tonga_1988,0,133,3,with,with,IN,IN
3528,Tonga_1988,0,133,4,Parliament,parliament,NNP,NN
3529,Tonga_1988,0,133,5,Share,share,NNP,NN
3530,Tonga_1988,0,133,6,The,the,DT,DT
3531,Tonga_1988,0,133,7,King,king,NNP,NN
3532,Tonga_1988,0,133,8,may,may,MD,MD
3533,Tonga_1988,0,133,9,convoke,convoke,VB,VB
3534,Tonga_1988,0,133,10,the,the,DT,DT
3535,Tonga_1988,0,133,11,Legislative,legislative,JJ,JJ
3536,Tonga_1988,0,133,12,Assembly,assembly,NN,NN
3537,Tonga_1988,0,133,13,at,at,IN,IN
3538,Tonga_1988,0,133,14,any,any,DT,DT
3539,Tonga_1988,0,133,15,time,time,NN,NN
3540,Tonga_1988,0,133,16,and,and,CC,CC
3541,Tonga_1988,0,133,17,may,may,MD,MD
3542,Tonga_1988,0,133,18,dissolve,dissolve,VB,VB
3543,Tonga_1988,0,133,19,it,it,PRP,PR
3544,Tonga_1988,0,133,20,at,at,IN,IN
3545,Tonga_1988,0,133,21,his,his,PRP$,PR
3546,Tonga_1988,0,133,22,pleasure,pleasure,NN,NN
3547,Tonga_1988,0,133,23,and,and,CC,CC
3548,Tonga_1988,0,133,24,command,command,NN,NN
3549,Tonga_1988,0,133,25,that,that,IN,IN
3550,Tonga_1988,0,133,26,new,new,JJ,JJ
3551,Tonga_1988,0,133,27,representatives,representatives,NNS,NN
3552,Tonga_1988,0,133,28,of,of,IN,IN
3553,Tonga_1988,0,133,29,the,the,DT,DT
3554,Tonga_1988,0,133,30,nobles,nobles,NNS,NN
3555,Tonga_1988,0,133,31,and,and,CC,CC
3556,Tonga_1988,0,133,32,people,people,NNS,NN
3557,Tonga_1988,0,133,33,be,be,VB,VB
3558,Tonga_1988,0,133,34,elected,elected,VBN,VB
3559,Tonga_1988,0,133,35,to,to,TO,TO
3560,Tonga_1988,0,133,36,enter,enter,VB,VB
3561,Tonga_1988,0,133,37,the,the,DT,DT
3562,Tonga_1988,0,133,38,Assembly,assembly,NNP,NN
3563,Tonga_1988,0,134,0,But,but,CC,CC
3564,Tonga_1988,0,134,1,it,it,PRP,PR
3565,Tonga_1988,0,134,2,shall,shall,MD,MD
3566,Tonga_1988,0,134,3,not,not,RB,RB
3567,Tonga_1988,0,134,4,be,be,VB,VB
3568,Tonga_1988,0,134,5,lawful,lawful,JJ,JJ
3569,Tonga_1988,0,134,6,for,for,IN,IN
3570,Tonga_1988,0,134,7,the,the,DT,DT
3571,Tonga_1988,0,134,8,Kingdom,kingdom,NNP,NN
3572,Tonga_1988,0,134,9,to,to,TO,TO
3573,Tonga_1988,0,134,10,remain,remain,VB,VB
3574,Tonga_1988,0,134,11,without,without,IN,IN
3575,Tonga_1988,0,134,12,a,a,DT,DT
3576,Tonga_1988,0,134,13,meeting,meeting,NN,NN
3577,Tonga_1988,0,134,14,of,of,IN,IN
3578,Tonga_1988,0,134,15,the,the,DT,DT
3579,Tonga_1988,0,134,16,Assembly,assembly,NNP,NN
3580,Tonga_1988,0,134,17,for,for,IN,IN
3581,Tonga_1988,0,134,18,a,a,DT,DT
3582,Tonga_1988,0,134,19,longer,longer,JJR,JJ
3583,Tonga_1988,0,134,20,period,period,NN,NN
3584,Tonga_1988,0,134,21,than,than,IN,IN
3585,Tonga_1988,0,134,22,one,one,CD,CD
3586,Tonga_1988,0,134,23,year,year,NN,NN
3587,Tonga_1988,0,135,0,The,the,DT,DT
3588,Tonga_1988,0,135,1,Assembly,assembly,NNP,NN
3589,Tonga_1988,0,135,2,shall,shall,MD,MD
3590,Tonga_1988,0,135,3,always,always,RB,RB
3591,Tonga_1988,0,135,4,meet,meet,VB,VB
3592,Tonga_1988,0,135,5,at,at,IN,IN
3593,Tonga_1988,0,135,6,Nuku'alofa,nukualofa,NNP,NN
3594,Tonga_1988,0,135,7,and,and,CC,CC
3595,Tonga_1988,0,135,8,at,at,IN,IN
3596,Tonga_1988,0,135,9,no,no,DT,DT
3597,Tonga_1988,0,135,10,other,other,JJ,JJ
3598,Tonga_1988,0,135,11,place,place,NN,NN
3599,Tonga_1988,0,135,12,except,except,IN,IN
3600,Tonga_1988,0,135,13,in,in,IN,IN
3601,Tonga_1988,0,135,14,time,time,NN,NN
3602,Tonga_1988,0,135,15,of,of,IN,IN
3603,Tonga_1988,0,135,16,war,war,NN,NN
3604,Tonga_1988,0,136,1,Law,law,NNP,NN
3605,Tonga_1988,0,136,2,No,no,NNP,NN
3606,Tonga_1988,0,137,0,1,1,CD,CD
3607,Tonga_1988,0,137,1,of,of,IN,IN
3608,Tonga_1988,0,137,2,1914,1914,CD,CD
3609,Tonga_1988,0,138,0,39,39,CD,CD
3610,Tonga_1988,0,139,0,Treaties,treaties,NNS,NN
3611,Tonga_1988,0,139,1,Share,share,VBP,VB
3612,Tonga_1988,0,139,2,It,it,PRP,PR
3613,Tonga_1988,0,139,3,shall,shall,MD,MD
3614,Tonga_1988,0,139,4,be,be,VB,VB
3615,Tonga_1988,0,139,5,lawful,lawful,JJ,JJ
3616,Tonga_1988,0,139,6,for,for,IN,IN
3617,Tonga_1988,0,139,7,the,the,DT,DT
3618,Tonga_1988,0,139,8,King,king,NNP,NN
3619,Tonga_1988,0,139,9,to,to,TO,TO
3620,Tonga_1988,0,139,10,make,make,VB,VB
3621,Tonga_1988,0,139,11,treaties,treaties,NNS,NN
3622,Tonga_1988,0,139,12,with,with,IN,IN
3623,Tonga_1988,0,139,13,Foreign,foreign,NNP,NN
3624,Tonga_1988,0,139,14,States,states,NNS,NN
3625,Tonga_1988,0,139,15,provided,provided,VBD,VB
3626,Tonga_1988,0,139,16,that,that,IN,IN
3627,Tonga_1988,0,139,17,such,such,JJ,JJ
3628,Tonga_1988,0,139,18,treaties,treaties,NNS,NN
3629,Tonga_1988,0,139,19,shall,shall,MD,MD
3630,Tonga_1988,0,139,20,be,be,VB,VB
3631,Tonga_1988,0,139,21,in,in,IN,IN
3632,Tonga_1988,0,139,22,accordance,accordance,NN,NN
3633,Tonga_1988,0,139,23,with,with,IN,IN
3634,Tonga_1988,0,139,24,the,the,DT,DT
3635,Tonga_1988,0,139,25,laws,laws,NNS,NN
3636,Tonga_1988,0,139,26,of,of,IN,IN
3637,Tonga_1988,0,139,27,the,the,DT,DT
3638,Tonga_1988,0,139,28,Kingdom,kingdom,NNP,NN
3639,Tonga_1988,0,140,0,It,it,PRP,PR
3640,Tonga_1988,0,140,1,shall,shall,MD,MD
3641,Tonga_1988,0,140,2,not,not,RB,RB
3642,Tonga_1988,0,140,3,be,be,VB,VB
3643,Tonga_1988,0,140,4,lawful,lawful,JJ,JJ
3644,Tonga_1988,0,140,5,for,for,IN,IN
3645,Tonga_1988,0,140,6,the,the,DT,DT
3646,Tonga_1988,0,140,7,King,king,NNP,NN
3647,Tonga_1988,0,140,8,to,to,TO,TO
3648,Tonga_1988,0,140,9,alter,alter,VB,VB
3649,Tonga_1988,0,140,10,the,the,DT,DT
3650,Tonga_1988,0,140,11,customs,customs,NNS,NN
3651,Tonga_1988,0,140,12,duties,duties,NNS,NN
3652,Tonga_1988,0,140,13,without,without,IN,IN
3653,Tonga_1988,0,140,14,the,the,DT,DT
3654,Tonga_1988,0,140,15,consent,consent,NN,NN
3655,Tonga_1988,0,140,16,of,of,IN,IN
3656,Tonga_1988,0,140,17,the,the,DT,DT
3657,Tonga_1988,0,140,18,Legislative,legislative,NNP,NN
3658,Tonga_1988,0,140,19,Assembly,assembly,NNP,NN
3659,Tonga_1988,0,141,0,The,the,DT,DT
3660,Tonga_1988,0,141,1,King,king,NNP,NN
3661,Tonga_1988,0,141,2,may,may,MD,MD
3662,Tonga_1988,0,141,3,appoint,appoint,VB,VB
3663,Tonga_1988,0,141,4,his,his,PRP$,PR
3664,Tonga_1988,0,141,5,representatives,representatives,NNS,NN
3665,Tonga_1988,0,141,6,to,to,TO,TO
3666,Tonga_1988,0,141,7,other,other,JJ,JJ
3667,Tonga_1988,0,141,8,nations,nations,NNS,NN
3668,Tonga_1988,0,141,9,according,according,VBG,VB
3669,Tonga_1988,0,141,10,to,to,TO,TO
3670,Tonga_1988,0,141,11,the,the,DT,DT
3671,Tonga_1988,0,141,12,custom,custom,NN,NN
3672,Tonga_1988,0,141,13,of,of,IN,IN
3673,Tonga_1988,0,141,14,nations,nations,NNS,NN
3674,Tonga_1988,0,142,0,40,40,CD,CD
3675,Tonga_1988,0,143,0,Foreign,foreign,NNP,NN
3676,Tonga_1988,0,143,1,ministers,ministers,NNS,NN
3677,Tonga_1988,0,143,2,Share,share,VBP,VB
3678,Tonga_1988,0,143,3,The,the,DT,DT
3679,Tonga_1988,0,143,4,King,king,NNP,NN
3680,Tonga_1988,0,143,5,shall,shall,MD,MD
3681,Tonga_1988,0,143,6,receive,receive,VB,VB
3682,Tonga_1988,0,143,7,Foreign,foreign,NNP,NN
3683,Tonga_1988,0,143,8,Ministers,ministers,NNP,NN
3684,Tonga_1988,0,143,9,and,and,CC,CC
3685,Tonga_1988,0,143,10,may,may,MD,MD
3686,Tonga_1988,0,143,11,address,address,VB,VB
3687,Tonga_1988,0,143,12,the,the,DT,DT
3688,Tonga_1988,0,143,13,Legislative,legislative,JJ,JJ
3689,Tonga_1988,0,143,14,Assembly,assembly,NN,NN
3690,Tonga_1988,0,143,15,in,in,IN,IN
3691,Tonga_1988,0,143,16,writing,writing,VBG,VB
3692,Tonga_1988,0,143,17,regarding,regarding,VBG,VB
3693,Tonga_1988,0,143,18,the,the,DT,DT
3694,Tonga_1988,0,143,19,affairs,affairs,NNS,NN
3695,Tonga_1988,0,143,20,of,of,IN,IN
3696,Tonga_1988,0,143,21,the,the,DT,DT
3697,Tonga_1988,0,143,22,Kingdom,kingdom,NNP,NN
3698,Tonga_1988,0,143,23,and,and,CC,CC
3699,Tonga_1988,0,143,24,matters,matters,NNS,NN
3700,Tonga_1988,0,143,25,which,which,WDT,WD
3701,Tonga_1988,0,143,26,he,he,PRP,PR
3702,Tonga_1988,0,143,27,may,may,MD,MD
3703,Tonga_1988,0,143,28,wish,wish,VB,VB
3704,Tonga_1988,0,143,29,to,to,TO,TO
3705,Tonga_1988,0,143,30,bring,bring,VB,VB
3706,Tonga_1988,0,143,31,before,before,IN,IN
3707,Tonga_1988,0,143,32,the,the,DT,DT
3708,Tonga_1988,0,143,33,Assembly,assembly,NNP,NN
3709,Tonga_1988,0,143,34,for,for,IN,IN
3710,Tonga_1988,0,143,35,deliberation,deliberation,NN,NN
3711,Tonga_1988,0,144,0,41,41,CD,CD
3712,Tonga_1988,0,145,0,King,king,VBG,VB
3713,Tonga_1988,0,145,1,'s,s,POS,PO
3714,Tonga_1988,0,145,2,powers,powers,NNS,NN
3715,Tonga_1988,0,145,3,Share,share,VBP,VB
3716,Tonga_1988,0,145,4,The,the,DT,DT
3717,Tonga_1988,0,145,5,King,king,NNP,NN
3718,Tonga_1988,0,145,6,is,is,VBZ,VB
3719,Tonga_1988,0,145,7,the,the,DT,DT
3720,Tonga_1988,0,145,8,Sovereign,sovereign,NNP,NN
3721,Tonga_1988,0,145,9,of,of,IN,IN
3722,Tonga_1988,0,145,10,all,all,PDT,PD
3723,Tonga_1988,0,145,11,the,the,DT,DT
3724,Tonga_1988,0,145,12,Chiefs,chiefs,NNP,NN
3725,Tonga_1988,0,145,13,and,and,CC,CC
3726,Tonga_1988,0,145,14,all,all,PDT,PD
3727,Tonga_1988,0,145,15,the,the,DT,DT
3728,Tonga_1988,0,145,16,people,people,NNS,NN
3729,Tonga_1988,0,146,0,The,the,DT,DT
3730,Tonga_1988,0,146,1,person,person,NN,NN
3731,Tonga_1988,0,146,2,of,of,IN,IN
3732,Tonga_1988,0,146,3,the,the,DT,DT
3733,Tonga_1988,0,146,4,King,king,NNP,NN
3734,Tonga_1988,0,146,5,is,is,VBZ,VB
3735,Tonga_1988,0,146,6,sacred,sacred,VBN,VB
3736,Tonga_1988,0,147,0,He,he,PRP,PR
3737,Tonga_1988,0,147,1,governs,governs,VBZ,VB
3738,Tonga_1988,0,147,2,the,the,DT,DT
3739,Tonga_1988,0,147,3,country,country,NN,NN
3740,Tonga_1988,0,147,4,but,but,CC,CC
3741,Tonga_1988,0,147,5,his,his,PRP$,PR
3742,Tonga_1988,0,147,6,ministers,ministers,NNS,NN
3743,Tonga_1988,0,147,7,are,are,VBP,VB
3744,Tonga_1988,0,147,8,responsible,responsible,JJ,JJ
3745,Tonga_1988,0,148,0,All,all,DT,DT
3746,Tonga_1988,0,148,1,Acts,acts,VBZ,VB
3747,Tonga_1988,0,148,2,that,that,WDT,WD
3748,Tonga_1988,0,148,3,have,have,VBP,VB
3749,Tonga_1988,0,148,4,passed,passed,VBN,VB
3750,Tonga_1988,0,148,5,the,the,DT,DT
3751,Tonga_1988,0,148,6,Legislative,legislative,NNP,NN
3752,Tonga_1988,0,148,7,Assembly,assembly,NNP,NN
3753,Tonga_1988,0,148,8,must,must,MD,MD
3754,Tonga_1988,0,148,9,bear,bear,VB,VB
3755,Tonga_1988,0,148,10,the,the,DT,DT
3756,Tonga_1988,0,148,11,King,king,NNP,NN
3757,Tonga_1988,0,148,12,'s,s,POS,PO
3758,Tonga_1988,0,148,13,signature,signature,NN,NN
3759,Tonga_1988,0,148,14,before,before,IN,IN
3760,Tonga_1988,0,148,15,they,they,PRP,PR
3761,Tonga_1988,0,148,16,become,become,VBP,VB
3762,Tonga_1988,0,148,17,law,law,NN,NN
3763,Tonga_1988,0,149,0,42,42,CD,CD
3764,Tonga_1988,0,150,0,Prince,prince,NNP,NN
3765,Tonga_1988,0,150,1,Regent,regent,NNP,NN
3766,Tonga_1988,0,150,2,Share,share,NNP,NN
3767,Tonga_1988,0,150,3,Should,should,NNP,NN
3768,Tonga_1988,0,150,4,the,the,DT,DT
3769,Tonga_1988,0,150,5,King,king,NNP,NN
3770,Tonga_1988,0,150,6,die,die,NN,NN
3771,Tonga_1988,0,150,7,before,before,IN,IN
3772,Tonga_1988,0,150,8,his,his,PRP$,PR
3773,Tonga_1988,0,150,9,heir,heir,NN,NN
3774,Tonga_1988,0,150,10,is,is,VBZ,VB
3775,Tonga_1988,0,150,11,eighteen,eighteen,JJ,JJ
3776,Tonga_1988,0,150,12,years,years,NNS,NN
3777,Tonga_1988,0,150,13,of,of,IN,IN
3778,Tonga_1988,0,150,14,age,age,NN,NN
3779,Tonga_1988,0,150,15,a,a,DT,DT
3780,Tonga_1988,0,150,16,Prince,prince,NNP,NN
3781,Tonga_1988,0,150,17,Regent,regent,NNP,NN
3782,Tonga_1988,0,150,18,shall,shall,MD,MD
3783,Tonga_1988,0,150,19,be,be,VB,VB
3784,Tonga_1988,0,150,20,appointed,appointed,VBN,VB
3785,Tonga_1988,0,150,21,in,in,IN,IN
3786,Tonga_1988,0,150,22,accordance,accordance,NN,NN
3787,Tonga_1988,0,150,23,with,with,IN,IN
3788,Tonga_1988,0,150,24,the,the,DT,DT
3789,Tonga_1988,0,150,25,forty-third,fortythird,JJ,JJ
3790,Tonga_1988,0,150,26,clause,clause,NN,NN
3791,Tonga_1988,0,151,0,43,43,CD,CD
3792,Tonga_1988,0,152,0,Prince,prince,NNP,NN
3793,Tonga_1988,0,152,1,Regent,regent,NNP,NN
3794,Tonga_1988,0,152,3,how,how,WRB,WR
3795,Tonga_1988,0,152,4,appointed,appointed,VBN,VB
3796,Tonga_1988,0,152,5,Share,share,NNP,NN
3797,Tonga_1988,0,152,6,Should,should,MD,MD
3798,Tonga_1988,0,152,7,the,the,DT,DT
3799,Tonga_1988,0,152,8,King,king,NNP,NN
3800,Tonga_1988,0,152,9,wish,wish,NN,NN
3801,Tonga_1988,0,152,10,to,to,TO,TO
3802,Tonga_1988,0,152,11,travel,travel,VB,VB
3803,Tonga_1988,0,152,12,abroad,abroad,RB,RB
3804,Tonga_1988,0,152,13,it,it,PRP,PR
3805,Tonga_1988,0,152,14,shall,shall,MD,MD
3806,Tonga_1988,0,152,15,be,be,VB,VB
3807,Tonga_1988,0,152,16,lawful,lawful,JJ,JJ
3808,Tonga_1988,0,152,17,for,for,IN,IN
3809,Tonga_1988,0,152,18,him,him,PRP,PR
3810,Tonga_1988,0,152,19,to,to,TO,TO
3811,Tonga_1988,0,152,20,appoint,appoint,VB,VB
3812,Tonga_1988,0,152,21,a,a,DT,DT
3813,Tonga_1988,0,152,22,Prince,prince,NNP,NN
3814,Tonga_1988,0,152,23,Regent,regent,NN,NN
3815,Tonga_1988,0,152,24,who,who,WP,WP
3816,Tonga_1988,0,152,25,shall,shall,MD,MD
3817,Tonga_1988,0,152,26,administer,administer,VB,VB
3818,Tonga_1988,0,152,27,the,the,DT,DT
3819,Tonga_1988,0,152,28,affairs,affairs,NNS,NN
3820,Tonga_1988,0,152,29,of,of,IN,IN
3821,Tonga_1988,0,152,30,the,the,DT,DT
3822,Tonga_1988,0,152,31,Kingdom,kingdom,NNP,NN
3823,Tonga_1988,0,152,32,during,during,IN,IN
3824,Tonga_1988,0,152,33,his,his,PRP$,PR
3825,Tonga_1988,0,152,34,absence,absence,NN,NN
3826,Tonga_1988,0,153,0,And,and,CC,CC
3827,Tonga_1988,0,153,1,if,if,IN,IN
3828,Tonga_1988,0,153,2,the,the,DT,DT
3829,Tonga_1988,0,153,3,King,king,NNP,NN
3830,Tonga_1988,0,153,4,should,should,MD,MD
3831,Tonga_1988,0,153,5,die,die,VB,VB
3832,Tonga_1988,0,153,6,whilst,whilst,VB,VB
3833,Tonga_1988,0,153,7,his,his,PRP$,PR
3834,Tonga_1988,0,153,8,heir,heir,NN,NN
3835,Tonga_1988,0,153,9,is,is,VBZ,VB
3836,Tonga_1988,0,153,10,not,not,RB,RB
3837,Tonga_1988,0,153,11,yet,yet,RB,RB
3838,Tonga_1988,0,153,12,arrived,arrived,VBN,VB
3839,Tonga_1988,0,153,13,at,at,IN,IN
3840,Tonga_1988,0,153,14,the,the,DT,DT
3841,Tonga_1988,0,153,15,age,age,NN,NN
3842,Tonga_1988,0,153,16,of,of,IN,IN
3843,Tonga_1988,0,153,17,eighteen,eighteen,JJ,JJ
3844,Tonga_1988,0,153,18,years,years,NNS,NN
3845,Tonga_1988,0,153,19,and,and,CC,CC
3846,Tonga_1988,0,153,20,he,he,PRP,PR
3847,Tonga_1988,0,153,21,has,has,VBZ,VB
3848,Tonga_1988,0,153,22,not,not,RB,RB
3849,Tonga_1988,0,153,23,declared,declared,VBN,VB
3850,Tonga_1988,0,153,24,in,in,IN,IN
3851,Tonga_1988,0,153,25,his,his,PRP$,PR
3852,Tonga_1988,0,153,26,will,will,MD,MD
3853,Tonga_1988,0,153,27,his,his,PRP$,PR
3854,Tonga_1988,0,153,28,wishes,wishes,NNS,NN
3855,Tonga_1988,0,153,29,regarding,regarding,VBG,VB
3856,Tonga_1988,0,153,30,a,a,DT,DT
3857,Tonga_1988,0,153,31,Prince,prince,NNP,NN
3858,Tonga_1988,0,153,32,Regent,regent,NNP,NN
3859,Tonga_1988,0,153,33,during,during,IN,IN
3860,Tonga_1988,0,153,34,his,his,PRP$,PR
3861,Tonga_1988,0,153,35,heir,heir,NN,NN
3862,Tonga_1988,0,153,36,'s,s,POS,PO
3863,Tonga_1988,0,153,37,minority,minority,NN,NN
3864,Tonga_1988,0,153,38,the,the,DT,DT
3865,Tonga_1988,0,153,39,Prime,prime,NNP,NN
3866,Tonga_1988,0,153,40,Minister,minister,NNP,NN
3867,Tonga_1988,0,153,41,of,of,IN,IN
3868,Tonga_1988,0,153,42,the,the,DT,DT
3869,Tonga_1988,0,153,43,Cabinet,cabinet,NNP,NN
3870,Tonga_1988,0,153,44,shall,shall,MD,MD
3871,Tonga_1988,0,153,45,at,at,IN,IN
3872,Tonga_1988,0,153,46,once,once,RB,RB
3873,Tonga_1988,0,153,47,convoke,convoke,VBD,VB
3874,Tonga_1988,0,153,48,the,the,DT,DT
3875,Tonga_1988,0,153,49,Legislative,legislative,NNP,NN
3876,Tonga_1988,0,153,50,Assembly,assembly,NNP,NN
3877,Tonga_1988,0,153,51,and,and,CC,CC
3878,Tonga_1988,0,153,52,they,they,PRP,PR
3879,Tonga_1988,0,153,53,shall,shall,MD,MD
3880,Tonga_1988,0,153,54,choose,choose,VB,VB
3881,Tonga_1988,0,153,55,by,by,IN,IN
3882,Tonga_1988,0,153,56,ballot,ballot,NN,NN
3883,Tonga_1988,0,153,57,a,a,DT,DT
3884,Tonga_1988,0,153,58,Prince,prince,NNP,NN
3885,Tonga_1988,0,153,59,Regent,regent,NN,NN
3886,Tonga_1988,0,153,60,who,who,WP,WP
3887,Tonga_1988,0,153,61,shall,shall,MD,MD
3888,Tonga_1988,0,153,62,administer,administer,VB,VB
3889,Tonga_1988,0,153,63,the,the,DT,DT
3890,Tonga_1988,0,153,64,affairs,affairs,NNS,NN
3891,Tonga_1988,0,153,65,of,of,IN,IN
3892,Tonga_1988,0,153,66,the,the,DT,DT
3893,Tonga_1988,0,153,67,Kingdom,kingdom,NNP,NN
3894,Tonga_1988,0,153,68,in,in,IN,IN
3895,Tonga_1988,0,153,69,the,the,DT,DT
3896,Tonga_1988,0,153,70,name,name,NN,NN
3897,Tonga_1988,0,153,71,of,of,IN,IN
3898,Tonga_1988,0,153,72,the,the,DT,DT
3899,Tonga_1988,0,153,73,King,king,NNP,NN
3900,Tonga_1988,0,153,74,until,until,IN,IN
3901,Tonga_1988,0,153,75,the,the,DT,DT
3902,Tonga_1988,0,153,76,heir,heir,NN,NN
3903,Tonga_1988,0,153,77,shall,shall,MD,MD
3904,Tonga_1988,0,153,78,have,have,VB,VB
3905,Tonga_1988,0,153,79,attained,attained,VBN,VB
3906,Tonga_1988,0,153,80,his,his,PRP$,PR
3907,Tonga_1988,0,153,81,majority,majority,NN,NN
3908,Tonga_1988,0,153,83,but,but,CC,CC
3909,Tonga_1988,0,153,84,the,the,DT,DT
3910,Tonga_1988,0,153,85,representatives,representatives,NNS,NN
3911,Tonga_1988,0,153,86,of,of,IN,IN
3912,Tonga_1988,0,153,87,the,the,DT,DT
3913,Tonga_1988,0,153,88,people,people,NNS,NN
3914,Tonga_1988,0,153,89,shall,shall,MD,MD
3915,Tonga_1988,0,153,90,have,have,VB,VB
3916,Tonga_1988,0,153,91,no,no,DT,DT
3917,Tonga_1988,0,153,92,voice,voice,NN,NN
3918,Tonga_1988,0,153,93,in,in,IN,IN
3919,Tonga_1988,0,153,94,such,such,JJ,JJ
3920,Tonga_1988,0,153,95,election,election,NN,NN
3921,Tonga_1988,0,154,0,44,44,CD,CD
3922,Tonga_1988,0,155,0,King,king,VBG,VB
3923,Tonga_1988,0,155,1,may,may,MD,MD
3924,Tonga_1988,0,155,2,confer,confer,VB,VB
3925,Tonga_1988,0,155,3,titles,titles,NNS,NN
3926,Tonga_1988,0,155,4,Share,share,NNP,NN
3927,Tonga_1988,0,155,5,It,it,PRP,PR
3928,Tonga_1988,0,155,6,is,is,VBZ,VB
3929,Tonga_1988,0,155,7,the,the,DT,DT
3930,Tonga_1988,0,155,8,King,king,NNP,NN
3931,Tonga_1988,0,155,9,'s,s,POS,PO
3932,Tonga_1988,0,155,10,prerogative,prerogative,NN,NN
3933,Tonga_1988,0,155,11,to,to,TO,TO
3934,Tonga_1988,0,155,12,give,give,VB,VB
3935,Tonga_1988,0,155,13,titles,titles,NNS,NN
3936,Tonga_1988,0,155,14,of,of,IN,IN
3937,Tonga_1988,0,155,15,honour,honour,NN,NN
3938,Tonga_1988,0,155,16,and,and,CC,CC
3939,Tonga_1988,0,155,17,to,to,TO,TO
3940,Tonga_1988,0,155,18,confer,confer,VB,VB
3941,Tonga_1988,0,155,19,honourable,honourable,JJ,JJ
3942,Tonga_1988,0,155,20,distinctions,distinctions,NNS,NN
3943,Tonga_1988,0,155,21,but,but,CC,CC
3944,Tonga_1988,0,155,22,it,it,PRP,PR
3945,Tonga_1988,0,155,23,shall,shall,MD,MD
3946,Tonga_1988,0,155,24,not,not,RB,RB
3947,Tonga_1988,0,155,25,be,be,VB,VB
3948,Tonga_1988,0,155,26,lawful,lawful,JJ,JJ
3949,Tonga_1988,0,155,27,for,for,IN,IN
3950,Tonga_1988,0,155,28,him,him,PRP,PR
3951,Tonga_1988,0,155,29,to,to,TO,TO
3952,Tonga_1988,0,155,30,deprive,deprive,VB,VB
3953,Tonga_1988,0,155,31,anyone,anyone,NN,NN
3954,Tonga_1988,0,155,32,who,who,WP,WP
3955,Tonga_1988,0,155,33,has,has,VBZ,VB
3956,Tonga_1988,0,155,34,an,an,DT,DT
3957,Tonga_1988,0,155,35,hereditary,hereditary,JJ,JJ
3958,Tonga_1988,0,155,36,title,title,NN,NN
3959,Tonga_1988,0,155,37,of,of,IN,IN
3960,Tonga_1988,0,155,38,his,his,PRP$,PR
3961,Tonga_1988,0,155,39,title,title,NN,NN
3962,Tonga_1988,0,155,40,such,such,JJ,JJ
3963,Tonga_1988,0,155,41,as,as,IN,IN
3964,Tonga_1988,0,155,42,chiefs,chiefs,NNS,NN
3965,Tonga_1988,0,155,43,of,of,IN,IN
3966,Tonga_1988,0,155,44,hereditary,hereditary,JJ,JJ
3967,Tonga_1988,0,155,45,lands,lands,NNS,NN
3968,Tonga_1988,0,155,46,and,and,CC,CC
3969,Tonga_1988,0,155,47,nobles,nobles,NNS,NN
3970,Tonga_1988,0,155,48,of,of,IN,IN
3971,Tonga_1988,0,155,49,the,the,DT,DT
3972,Tonga_1988,0,155,50,Legislative,legislative,NNP,NN
3973,Tonga_1988,0,155,51,Assembly,assembly,NNP,NN
3974,Tonga_1988,0,155,52,who,who,WP,WP
3975,Tonga_1988,0,155,53,possess,possess,VBP,VB
3976,Tonga_1988,0,155,54,hereditary,hereditary,JJ,JJ
3977,Tonga_1988,0,155,55,lands,lands,NNS,NN
3978,Tonga_1988,0,155,56,except,except,IN,IN
3979,Tonga_1988,0,155,57,in,in,IN,IN
3980,Tonga_1988,0,155,58,cases,cases,NNS,NN
3981,Tonga_1988,0,155,59,of,of,IN,IN
3982,Tonga_1988,0,155,60,treason,treason,NN,NN
3983,Tonga_1988,0,156,0,And,and,CC,CC
3984,Tonga_1988,0,156,1,if,if,IN,IN
3985,Tonga_1988,0,156,2,anyone,anyone,NN,NN
3986,Tonga_1988,0,156,3,shall,shall,MD,MD
3987,Tonga_1988,0,156,4,be,be,VB,VB
3988,Tonga_1988,0,156,5,tried,tried,VBN,VB
3989,Tonga_1988,0,156,6,and,and,CC,CC
3990,Tonga_1988,0,156,7,found,found,VBN,VB
3991,Tonga_1988,0,156,8,guilty,guilty,JJ,JJ
3992,Tonga_1988,0,156,9,of,of,IN,IN
3993,Tonga_1988,0,156,10,treason,treason,NN,NN
3994,Tonga_1988,0,156,11,the,the,DT,DT
3995,Tonga_1988,0,156,12,King,king,NNP,NN
3996,Tonga_1988,0,156,13,shall,shall,MD,MD
3997,Tonga_1988,0,156,14,appoint,appoint,VB,VB
3998,Tonga_1988,0,156,15,a,a,DT,DT
3999,Tonga_1988,0,156,16,member,member,NN,NN
4000,Tonga_1988,0,156,17,of,of,IN,IN
4001,Tonga_1988,0,156,18,that,that,DT,DT
4002,Tonga_1988,0,156,19,family,family,NN,NN
4003,Tonga_1988,0,156,20,to,to,TO,TO
4004,Tonga_1988,0,156,21,succeed,succeed,VB,VB
4005,Tonga_1988,0,156,22,to,to,TO,TO
4006,Tonga_1988,0,156,23,the,the,DT,DT
4007,Tonga_1988,0,156,24,name,name,NN,NN
4008,Tonga_1988,0,156,25,and,and,CC,CC
4009,Tonga_1988,0,156,26,inheritance,inheritance,NN,NN
4010,Tonga_1988,0,156,27,of,of,IN,IN
4011,Tonga_1988,0,156,28,the,the,DT,DT
4012,Tonga_1988,0,156,29,guilty,guilty,JJ,JJ
4013,Tonga_1988,0,156,30,person,person,NN,NN
4014,Tonga_1988,0,157,0,45,45,CD,CD
4015,Tonga_1988,0,158,0,Coinage,coinage,NN,NN
4016,Tonga_1988,0,158,1,Share,share,NN,NN
4017,Tonga_1988,0,158,2,It,it,PRP,PR
4018,Tonga_1988,0,158,3,is,is,VBZ,VB
4019,Tonga_1988,0,158,4,the,the,DT,DT
4020,Tonga_1988,0,158,5,prerogative,prerogative,NN,NN
4021,Tonga_1988,0,158,6,of,of,IN,IN
4022,Tonga_1988,0,158,7,the,the,DT,DT
4023,Tonga_1988,0,158,8,King,king,NNP,NN
4024,Tonga_1988,0,158,9,with,with,IN,IN
4025,Tonga_1988,0,158,10,the,the,DT,DT
4026,Tonga_1988,0,158,11,advice,advice,NN,NN
4027,Tonga_1988,0,158,12,of,of,IN,IN
4028,Tonga_1988,0,158,13,his,his,PRP$,PR
4029,Tonga_1988,0,158,14,Cabinet,cabinet,NNP,NN
4030,Tonga_1988,0,158,15,to,to,TO,TO
4031,Tonga_1988,0,158,16,decree,decree,VB,VB
4032,Tonga_1988,0,158,17,the,the,DT,DT
4033,Tonga_1988,0,158,18,coinage,coinage,NN,NN
4034,Tonga_1988,0,158,19,which,which,WDT,WD
4035,Tonga_1988,0,158,20,shall,shall,MD,MD
4036,Tonga_1988,0,158,21,be,be,VB,VB
4037,Tonga_1988,0,158,22,legal,legal,JJ,JJ
4038,Tonga_1988,0,158,23,tender,tender,NN,NN
4039,Tonga_1988,0,158,24,in,in,IN,IN
4040,Tonga_1988,0,158,25,this,this,DT,DT
4041,Tonga_1988,0,158,26,Kingdom,kingdom,NNP,NN
4042,Tonga_1988,0,158,27,and,and,CC,CC
4043,Tonga_1988,0,158,28,to,to,TO,TO
4044,Tonga_1988,0,158,29,make,make,VB,VB
4045,Tonga_1988,0,158,30,regulations,regulations,NNS,NN
4046,Tonga_1988,0,158,31,for,for,IN,IN
4047,Tonga_1988,0,158,32,the,the,DT,DT
4048,Tonga_1988,0,158,33,coining,coining,NN,NN
4049,Tonga_1988,0,158,34,of,of,IN,IN
4050,Tonga_1988,0,158,35,money,money,NN,NN
4051,Tonga_1988,0,159,0,46,46,CD,CD
4052,Tonga_1988,0,160,0,Martial,martial,NNP,NN
4053,Tonga_1988,0,160,1,law,law,NN,NN
4054,Tonga_1988,0,160,2,Share,share,NN,NN
4055,Tonga_1988,0,160,3,In,in,IN,IN
4056,Tonga_1988,0,160,4,the,the,DT,DT
4057,Tonga_1988,0,160,5,event,event,NN,NN
4058,Tonga_1988,0,160,6,of,of,IN,IN
4059,Tonga_1988,0,160,7,civil,civil,JJ,JJ
4060,Tonga_1988,0,160,8,war,war,NN,NN
4061,Tonga_1988,0,160,9,or,or,CC,CC
4062,Tonga_1988,0,160,10,war,war,NN,NN
4063,Tonga_1988,0,160,11,with,with,IN,IN
4064,Tonga_1988,0,160,12,a,a,DT,DT
4065,Tonga_1988,0,160,13,foreign,foreign,JJ,JJ
4066,Tonga_1988,0,160,14,state,state,NN,NN
4067,Tonga_1988,0,160,15,it,it,PRP,PR
4068,Tonga_1988,0,160,16,shall,shall,MD,MD
4069,Tonga_1988,0,160,17,be,be,VB,VB
4070,Tonga_1988,0,160,18,lawful,lawful,JJ,JJ
4071,Tonga_1988,0,160,19,for,for,IN,IN
4072,Tonga_1988,0,160,20,the,the,DT,DT
4073,Tonga_1988,0,160,21,King,king,NNP,NN
4074,Tonga_1988,0,160,22,to,to,TO,TO
4075,Tonga_1988,0,160,23,proclaim,proclaim,VB,VB
4076,Tonga_1988,0,160,24,martial,martial,JJ,JJ
4077,Tonga_1988,0,160,25,law,law,NN,NN
4078,Tonga_1988,0,160,26,over,over,IN,IN
4079,Tonga_1988,0,160,27,any,any,DT,DT
4080,Tonga_1988,0,160,28,part,part,NN,NN
4081,Tonga_1988,0,160,29,or,or,CC,CC
4082,Tonga_1988,0,160,30,over,over,IN,IN
4083,Tonga_1988,0,160,31,the,the,DT,DT
4084,Tonga_1988,0,160,32,whole,whole,NN,NN
4085,Tonga_1988,0,160,33,of,of,IN,IN
4086,Tonga_1988,0,160,34,the,the,DT,DT
4087,Tonga_1988,0,160,35,country,country,NN,NN
4088,Tonga_1988,0,161,0,47,47,CD,CD
4089,Tonga_1988,0,162,0,National,national,NNP,NN
4090,Tonga_1988,0,162,1,flag,flag,NN,NN
4091,Tonga_1988,0,162,2,Share,share,NNP,NN
4092,Tonga_1988,0,162,3,The,the,DT,DT
4093,Tonga_1988,0,162,4,Flag,flag,NNP,NN
4094,Tonga_1988,0,162,5,of,of,IN,IN
4095,Tonga_1988,0,162,6,Tonga,tonga,NNP,NN
4096,Tonga_1988,0,162,8,the,the,DT,DT
4097,Tonga_1988,0,162,9,flag,flag,NN,NN
4098,Tonga_1988,0,162,10,of,of,IN,IN
4099,Tonga_1988,0,162,11,King,king,NNP,NN
4100,Tonga_1988,0,162,12,George,george,NNP,NN
4101,Tonga_1988,0,162,14,shall,shall,MD,MD
4102,Tonga_1988,0,162,15,never,never,RB,RB
4103,Tonga_1988,0,162,16,be,be,VB,VB
4104,Tonga_1988,0,162,17,altered,altered,VBN,VB
4105,Tonga_1988,0,162,18,but,but,CC,CC
4106,Tonga_1988,0,162,19,shall,shall,MD,MD
4107,Tonga_1988,0,162,20,always,always,RB,RB
4108,Tonga_1988,0,162,21,be,be,VB,VB
4109,Tonga_1988,0,162,22,the,the,DT,DT
4110,Tonga_1988,0,162,23,flag,flag,NN,NN
4111,Tonga_1988,0,162,24,of,of,IN,IN
4112,Tonga_1988,0,162,25,this,this,DT,DT
4113,Tonga_1988,0,162,26,Kingdom,kingdom,NNP,NN
4114,Tonga_1988,0,162,27,and,and,CC,CC
4115,Tonga_1988,0,162,28,the,the,DT,DT
4116,Tonga_1988,0,162,29,present,present,JJ,JJ
4117,Tonga_1988,0,162,30,Royal,royal,NNP,NN
4118,Tonga_1988,0,162,31,Ensign,ensign,NNP,NN
4119,Tonga_1988,0,162,32,shall,shall,MD,MD
4120,Tonga_1988,0,162,33,always,always,RB,RB
4121,Tonga_1988,0,162,34,be,be,VB,VB
4122,Tonga_1988,0,162,35,the,the,DT,DT
4123,Tonga_1988,0,162,36,ensign,ensign,NN,NN
4124,Tonga_1988,0,162,37,of,of,IN,IN
4125,Tonga_1988,0,162,38,the,the,DT,DT
4126,Tonga_1988,0,162,39,Royal,royal,NNP,NN
4127,Tonga_1988,0,162,40,Family,family,NNP,NN
4128,Tonga_1988,0,162,41,of,of,IN,IN
4129,Tonga_1988,0,162,42,Tonga,tonga,NNP,NN
4130,Tonga_1988,0,163,0,48,48,CD,CD
4131,Tonga_1988,0,164,0,Royal,royal,NNP,NN
4132,Tonga_1988,0,164,1,property,property,NN,NN
4133,Tonga_1988,0,164,2,Share,share,NNP,NN
4134,Tonga_1988,0,164,3,The,the,DT,DT
4135,Tonga_1988,0,164,4,lands,lands,NNS,NN
4136,Tonga_1988,0,164,5,of,of,IN,IN
4137,Tonga_1988,0,164,6,the,the,DT,DT
4138,Tonga_1988,0,164,7,King,king,NNP,NN
4139,Tonga_1988,0,164,8,and,and,CC,CC
4140,Tonga_1988,0,164,9,the,the,DT,DT
4141,Tonga_1988,0,164,10,property,property,NN,NN
4142,Tonga_1988,0,164,11,of,of,IN,IN
4143,Tonga_1988,0,164,12,the,the,DT,DT
4144,Tonga_1988,0,164,13,King,king,NNP,NN
4145,Tonga_1988,0,164,14,are,are,VBP,VB
4146,Tonga_1988,0,164,15,his,his,PRP$,PR
4147,Tonga_1988,0,164,16,to,to,TO,TO
4148,Tonga_1988,0,164,17,dispose,dispose,VB,VB
4149,Tonga_1988,0,164,18,of,of,IN,IN
4150,Tonga_1988,0,164,19,as,as,IN,IN
4151,Tonga_1988,0,164,20,he,he,PRP,PR
4152,Tonga_1988,0,164,21,pleases,pleases,VBZ,VB
4153,Tonga_1988,0,165,0,The,the,DT,DT
4154,Tonga_1988,0,165,1,Government,government,NNP,NN
4155,Tonga_1988,0,165,2,shall,shall,MD,MD
4156,Tonga_1988,0,165,3,not,not,RB,RB
4157,Tonga_1988,0,165,4,touch,touch,VB,VB
4158,Tonga_1988,0,165,5,them,them,PRP,PR
4159,Tonga_1988,0,165,6,nor,nor,CC,CC
4160,Tonga_1988,0,165,7,shall,shall,MD,MD
4161,Tonga_1988,0,165,8,they,they,PRP,PR
4162,Tonga_1988,0,165,9,be,be,VB,VB
4163,Tonga_1988,0,165,10,liable,liable,JJ,JJ
4164,Tonga_1988,0,165,11,for,for,IN,IN
4165,Tonga_1988,0,165,12,any,any,DT,DT
4166,Tonga_1988,0,165,13,Government,government,NNP,NN
4167,Tonga_1988,0,165,14,debt,debt,NN,NN
4168,Tonga_1988,0,166,0,But,but,CC,CC
4169,Tonga_1988,0,166,1,the,the,DT,DT
4170,Tonga_1988,0,166,2,houses,houses,NNS,NN
4171,Tonga_1988,0,166,3,built,built,VBN,VB
4172,Tonga_1988,0,166,4,for,for,IN,IN
4173,Tonga_1988,0,166,5,him,him,PRP,PR
4174,Tonga_1988,0,166,6,by,by,IN,IN
4175,Tonga_1988,0,166,7,the,the,DT,DT
4176,Tonga_1988,0,166,8,Government,government,NNP,NN
4177,Tonga_1988,0,166,9,and,and,CC,CC
4178,Tonga_1988,0,166,10,any,any,DT,DT
4179,Tonga_1988,0,166,11,inheritances,inheritances,NNS,NN
4180,Tonga_1988,0,166,12,which,which,WDT,WD
4181,Tonga_1988,0,166,13,may,may,MD,MD
4182,Tonga_1988,0,166,14,be,be,VB,VB
4183,Tonga_1988,0,166,15,given,given,VBN,VB
4184,Tonga_1988,0,166,16,to,to,TO,TO
4185,Tonga_1988,0,166,17,him,him,PRP,PR
4186,Tonga_1988,0,166,18,as,as,IN,IN
4187,Tonga_1988,0,166,19,King,king,VBG,VB
4188,Tonga_1988,0,166,20,shall,shall,MD,MD
4189,Tonga_1988,0,166,21,descend,descend,VB,VB
4190,Tonga_1988,0,166,22,to,to,TO,TO
4191,Tonga_1988,0,166,23,his,his,PRP$,PR
4192,Tonga_1988,0,166,24,successors,successors,NNS,NN
4193,Tonga_1988,0,166,25,as,as,IN,IN
4194,Tonga_1988,0,166,26,the,the,DT,DT
4195,Tonga_1988,0,166,27,property,property,NN,NN
4196,Tonga_1988,0,166,28,and,and,CC,CC
4197,Tonga_1988,0,166,29,inheritance,inheritance,NN,NN
4198,Tonga_1988,0,166,30,of,of,IN,IN
4199,Tonga_1988,0,166,31,the,the,DT,DT
4200,Tonga_1988,0,166,32,Royal,royal,NNP,NN
4201,Tonga_1988,0,166,33,line,line,NN,NN
4202,Tonga_1988,0,167,0,49,49,CD,CD
4203,Tonga_1988,0,168,0,King,king,VBG,VB
4204,Tonga_1988,0,168,1,exempt,exempt,NN,NN
4205,Tonga_1988,0,168,2,from,from,IN,IN
4206,Tonga_1988,0,168,3,action,action,NN,NN
4207,Tonga_1988,0,168,4,Share,share,NN,NN
4208,Tonga_1988,0,168,5,It,it,PRP,PR
4209,Tonga_1988,0,168,6,shall,shall,MD,MD
4210,Tonga_1988,0,168,7,not,not,RB,RB
4211,Tonga_1988,0,168,8,be,be,VB,VB
4212,Tonga_1988,0,168,9,lawful,lawful,JJ,JJ
4213,Tonga_1988,0,168,10,to,to,TO,TO
4214,Tonga_1988,0,168,11,sue,sue,VB,VB
4215,Tonga_1988,0,168,12,the,the,DT,DT
4216,Tonga_1988,0,168,13,King,king,NNP,NN
4217,Tonga_1988,0,168,14,in,in,IN,IN
4218,Tonga_1988,0,168,15,any,any,DT,DT
4219,Tonga_1988,0,168,16,court,court,NN,NN
4220,Tonga_1988,0,168,17,for,for,IN,IN
4221,Tonga_1988,0,168,18,a,a,DT,DT
4222,Tonga_1988,0,168,19,debt,debt,NN,NN
4223,Tonga_1988,0,168,20,without,without,IN,IN
4224,Tonga_1988,0,168,21,the,the,DT,DT
4225,Tonga_1988,0,168,22,consent,consent,NN,NN
4226,Tonga_1988,0,168,23,of,of,IN,IN
4227,Tonga_1988,0,168,24,the,the,DT,DT
4228,Tonga_1988,0,168,25,Cabinet,cabinet,NNP,NN
4229,Tonga_1988,0,169,0,Privy,privy,NNP,NN
4230,Tonga_1988,0,169,1,Council,council,NNP,NN
4231,Tonga_1988,0,169,2,50,50,CD,CD
4232,Tonga_1988,0,170,0,Constitution,constitution,NN,NN
4233,Tonga_1988,0,170,1,and,and,CC,CC
4234,Tonga_1988,0,170,2,powers,powers,NNS,NN
4235,Tonga_1988,0,170,3,of,of,IN,IN
4236,Tonga_1988,0,170,4,Privy,privy,NNP,NN
4237,Tonga_1988,0,170,5,Council,council,NNP,NN
4238,Tonga_1988,0,170,6,Share,share,NNP,NN
4239,Tonga_1988,0,170,7,The,the,DT,DT
4240,Tonga_1988,0,170,8,King,king,NNP,NN
4241,Tonga_1988,0,170,9,shall,shall,MD,MD
4242,Tonga_1988,0,170,10,appoint,appoint,VB,VB
4243,Tonga_1988,0,170,11,a,a,DT,DT
4244,Tonga_1988,0,170,12,Privy,privy,NNP,NN
4245,Tonga_1988,0,170,13,Council,council,NNP,NN
4246,Tonga_1988,0,170,14,to,to,TO,TO
4247,Tonga_1988,0,170,15,assist,assist,VB,VB
4248,Tonga_1988,0,170,16,him,him,PRP,PR
4249,Tonga_1988,0,170,17,in,in,IN,IN
4250,Tonga_1988,0,170,18,the,the,DT,DT
4251,Tonga_1988,0,170,19,discharge,discharge,NN,NN
4252,Tonga_1988,0,170,20,of,of,IN,IN
4253,Tonga_1988,0,170,21,his,his,PRP$,PR
4254,Tonga_1988,0,170,22,important,important,JJ,JJ
4255,Tonga_1988,0,170,23,functions,functions,NNS,NN
4256,Tonga_1988,0,171,0,The,the,DT,DT
4257,Tonga_1988,0,171,1,Privy,privy,NNP,NN
4258,Tonga_1988,0,171,2,Council,council,NNP,NN
4259,Tonga_1988,0,171,3,shall,shall,MD,MD
4260,Tonga_1988,0,171,4,be,be,VB,VB
4261,Tonga_1988,0,171,5,composed,composed,VBN,VB
4262,Tonga_1988,0,171,6,of,of,IN,IN
4263,Tonga_1988,0,171,7,the,the,DT,DT
4264,Tonga_1988,0,171,8,Cabinet,cabinet,NNP,NN
4265,Tonga_1988,0,171,9,in,in,IN,IN
4266,Tonga_1988,0,171,10,accordance,accordance,NN,NN
4267,Tonga_1988,0,171,11,with,with,IN,IN
4268,Tonga_1988,0,171,12,the,the,DT,DT
4269,Tonga_1988,0,171,13,fifty-first,fiftyfirst,JJ,JJ
4270,Tonga_1988,0,171,14,clause,clause,NN,NN
4271,Tonga_1988,0,171,15,and,and,CC,CC
4272,Tonga_1988,0,171,16,the,the,DT,DT
4273,Tonga_1988,0,171,17,Governors,governors,NNPS,NN
4274,Tonga_1988,0,171,18,in,in,IN,IN
4275,Tonga_1988,0,171,19,accordance,accordance,NN,NN
4276,Tonga_1988,0,171,20,with,with,IN,IN
4277,Tonga_1988,0,171,21,the,the,DT,DT
4278,Tonga_1988,0,171,22,fifty-fourth,fiftyfourth,JJ,JJ
4279,Tonga_1988,0,171,23,clause,clause,NN,NN
4280,Tonga_1988,0,171,24,and,and,CC,CC
4281,Tonga_1988,0,171,25,any,any,DT,DT
4282,Tonga_1988,0,171,26,others,others,NNS,NN
4283,Tonga_1988,0,171,27,whom,whom,WP,WP
4284,Tonga_1988,0,171,28,the,the,DT,DT
4285,Tonga_1988,0,171,29,King,king,NNP,NN
4286,Tonga_1988,0,171,30,shall,shall,MD,MD
4287,Tonga_1988,0,171,31,see,see,VB,VB
4288,Tonga_1988,0,171,32,fit,fit,JJ,JJ
4289,Tonga_1988,0,171,33,to,to,TO,TO
4290,Tonga_1988,0,171,34,call,call,VB,VB
4291,Tonga_1988,0,171,35,to,to,TO,TO
4292,Tonga_1988,0,171,36,his,his,PRP$,PR
4293,Tonga_1988,0,171,37,Council,council,NNP,NN
4294,Tonga_1988,0,172,0,And,and,CC,CC
4295,Tonga_1988,0,172,1,if,if,IN,IN
4296,Tonga_1988,0,172,2,any,any,DT,DT
4297,Tonga_1988,0,172,3,case,case,NN,NN
4298,Tonga_1988,0,172,4,shall,shall,MD,MD
4299,Tonga_1988,0,172,5,have,have,VB,VB
4300,Tonga_1988,0,172,6,been,been,VBN,VB
4301,Tonga_1988,0,172,7,heard,heard,VBN,VB
4302,Tonga_1988,0,172,8,in,in,IN,IN
4303,Tonga_1988,0,172,9,the,the,DT,DT
4304,Tonga_1988,0,172,10,Supreme,supreme,NNP,NN
4305,Tonga_1988,0,172,11,Court,court,NNP,NN
4306,Tonga_1988,0,172,12,it,it,PRP,PR
4307,Tonga_1988,0,172,13,shall,shall,MD,MD
4308,Tonga_1988,0,172,14,be,be,VB,VB
4309,Tonga_1988,0,172,15,lawful,lawful,JJ,JJ
4310,Tonga_1988,0,172,16,for,for,IN,IN
4311,Tonga_1988,0,172,17,either,either,DT,DT
4312,Tonga_1988,0,172,18,party,party,NN,NN
4313,Tonga_1988,0,172,19,thereto,thereto,NN,NN
4314,Tonga_1988,0,172,20,to,to,TO,TO
4315,Tonga_1988,0,172,21,appeal,appeal,VB,VB
4316,Tonga_1988,0,172,22,to,to,TO,TO
4317,Tonga_1988,0,172,23,the,the,DT,DT
4318,Tonga_1988,0,172,24,Privy,privy,NNP,NN
4319,Tonga_1988,0,172,25,Council,council,NNP,NN
4320,Tonga_1988,0,172,26,which,which,WDT,WD
4321,Tonga_1988,0,172,27,shall,shall,MD,MD
4322,Tonga_1988,0,172,28,rehear,rehear,VB,VB
4323,Tonga_1988,0,172,29,the,the,DT,DT
4324,Tonga_1988,0,172,30,case,case,NN,NN
4325,Tonga_1988,0,172,31,and,and,CC,CC
4326,Tonga_1988,0,172,32,the,the,DT,DT
4327,Tonga_1988,0,172,33,judgment,judgment,NN,NN
4328,Tonga_1988,0,172,34,of,of,IN,IN
4329,Tonga_1988,0,172,35,the,the,DT,DT
4330,Tonga_1988,0,172,36,Privy,privy,NNP,NN
4331,Tonga_1988,0,172,37,Council,council,NNP,NN
4332,Tonga_1988,0,172,38,shall,shall,MD,MD
4333,Tonga_1988,0,172,39,in,in,IN,IN
4334,Tonga_1988,0,172,40,all,all,DT,DT
4335,Tonga_1988,0,172,41,cases,cases,NNS,NN
4336,Tonga_1988,0,172,42,be,be,VB,VB
4337,Tonga_1988,0,172,43,final,final,JJ,JJ
4338,Tonga_1988,0,172,44,provided,provided,VBN,VB
4339,Tonga_1988,0,172,45,that,that,IN,IN
4340,Tonga_1988,0,172,46,it,it,PRP,PR
4341,Tonga_1988,0,172,47,shall,shall,MD,MD
4342,Tonga_1988,0,172,48,not,not,RB,RB
4343,Tonga_1988,0,172,49,be,be,VB,VB
4344,Tonga_1988,0,172,50,lawful,lawful,JJ,JJ
4345,Tonga_1988,0,172,51,for,for,IN,IN
4346,Tonga_1988,0,172,52,the,the,DT,DT
4347,Tonga_1988,0,172,53,Privy,privy,NNP,NN
4348,Tonga_1988,0,172,54,Council,council,NNP,NN
4349,Tonga_1988,0,172,55,to,to,TO,TO
4350,Tonga_1988,0,172,56,re-try,retry,VB,VB
4351,Tonga_1988,0,172,57,any,any,DT,DT
4352,Tonga_1988,0,172,58,criminal,criminal,JJ,JJ
4353,Tonga_1988,0,172,59,case,case,NN,NN
4354,Tonga_1988,0,172,60,but,but,CC,CC
4355,Tonga_1988,0,172,61,only,only,RB,RB
4356,Tonga_1988,0,172,62,to,to,TO,TO
4357,Tonga_1988,0,172,63,advise,advise,VB,VB
4358,Tonga_1988,0,172,64,the,the,DT,DT
4359,Tonga_1988,0,172,65,King,king,NNP,NN
4360,Tonga_1988,0,172,66,on,on,IN,IN
4361,Tonga_1988,0,172,67,the,the,DT,DT
4362,Tonga_1988,0,172,68,remission,remission,NN,NN
4363,Tonga_1988,0,172,69,or,or,CC,CC
4364,Tonga_1988,0,172,70,mitigation,mitigation,NN,NN
4365,Tonga_1988,0,172,71,of,of,IN,IN
4366,Tonga_1988,0,172,72,sentences,sentences,NNS,NN
4367,Tonga_1988,0,173,0,No,no,DT,DT
4368,Tonga_1988,0,173,1,Ordinance,ordinance,NNP,NN
4369,Tonga_1988,0,173,2,which,which,WDT,WD
4370,Tonga_1988,0,173,3,may,may,MD,MD
4371,Tonga_1988,0,173,4,be,be,VB,VB
4372,Tonga_1988,0,173,5,passed,passed,VBN,VB
4373,Tonga_1988,0,173,6,by,by,IN,IN
4374,Tonga_1988,0,173,7,the,the,DT,DT
4375,Tonga_1988,0,173,8,King,king,NNP,NN
4376,Tonga_1988,0,173,9,and,and,CC,CC
4377,Tonga_1988,0,173,10,Privy,privy,NNP,NN
4378,Tonga_1988,0,173,11,Council,council,NNP,NN
4379,Tonga_1988,0,173,12,shall,shall,MD,MD
4380,Tonga_1988,0,173,13,have,have,VB,VB
4381,Tonga_1988,0,173,14,any,any,DT,DT
4382,Tonga_1988,0,173,15,effect,effect,NN,NN
4383,Tonga_1988,0,173,16,until,until,IN,IN
4384,Tonga_1988,0,173,17,the,the,DT,DT
4385,Tonga_1988,0,173,18,signature,signature,NN,NN
4386,Tonga_1988,0,173,19,of,of,IN,IN
4387,Tonga_1988,0,173,20,the,the,DT,DT
4388,Tonga_1988,0,173,21,minister,minister,NN,NN
4389,Tonga_1988,0,173,22,to,to,TO,TO
4390,Tonga_1988,0,173,23,whose,whose,WP$,WP
4391,Tonga_1988,0,173,24,department,department,NN,NN
4392,Tonga_1988,0,173,25,such,such,JJ,JJ
4393,Tonga_1988,0,173,26,Ordinance,ordinance,NNP,NN
4394,Tonga_1988,0,173,27,relates,relates,NNS,NN
4395,Tonga_1988,0,173,28,is,is,VBZ,VB
4396,Tonga_1988,0,173,29,affixed,affixed,JJ,JJ
4397,Tonga_1988,0,173,30,thereto,thereto,NN,NN
4398,Tonga_1988,0,173,31,and,and,CC,CC
4399,Tonga_1988,0,173,32,if,if,IN,IN
4400,Tonga_1988,0,173,33,such,such,JJ,JJ
4401,Tonga_1988,0,173,34,Ordinance,ordinance,NNP,NN
4402,Tonga_1988,0,173,35,shall,shall,MD,MD
4403,Tonga_1988,0,173,36,be,be,VB,VB
4404,Tonga_1988,0,173,37,illegal,illegal,JJ,JJ
4405,Tonga_1988,0,173,38,such,such,JJ,JJ
4406,Tonga_1988,0,173,39,minister,minister,NN,NN
4407,Tonga_1988,0,173,40,alone,alone,RB,RB
4408,Tonga_1988,0,173,41,shall,shall,MD,MD
4409,Tonga_1988,0,173,42,be,be,VB,VB
4410,Tonga_1988,0,173,43,responsible,responsible,JJ,JJ
4411,Tonga_1988,0,173,44,and,and,CC,CC
4412,Tonga_1988,0,173,45,when,when,WRB,WR
4413,Tonga_1988,0,173,46,the,the,DT,DT
4414,Tonga_1988,0,173,47,Legislative,legislative,NNP,NN
4415,Tonga_1988,0,173,48,Assembly,assembly,NNP,NN
4416,Tonga_1988,0,173,49,shall,shall,MD,MD
4417,Tonga_1988,0,173,50,meet,meet,VB,VB
4418,Tonga_1988,0,173,51,it,it,PRP,PR
4419,Tonga_1988,0,173,52,may,may,MD,MD
4420,Tonga_1988,0,173,53,confirm,confirm,VB,VB
4421,Tonga_1988,0,173,54,such,such,JJ,JJ
4422,Tonga_1988,0,173,55,Ordinances,ordinances,NNS,NN
4423,Tonga_1988,0,173,56,and,and,CC,CC
4424,Tonga_1988,0,173,57,make,make,VB,VB
4425,Tonga_1988,0,173,58,them,them,PRP,PR
4426,Tonga_1988,0,173,59,law,law,NN,NN
4427,Tonga_1988,0,173,60,or,or,CC,CC
4428,Tonga_1988,0,173,61,rescind,rescind,VB,VB
4429,Tonga_1988,0,173,62,them,them,PRP,PR
4430,Tonga_1988,0,174,1,Act,act,NNP,NN
4431,Tonga_1988,0,174,2,25,25,CD,CD
4432,Tonga_1988,0,174,3,of,of,IN,IN
4433,Tonga_1988,0,174,4,1942,1942,CD,CD
4434,Tonga_1988,0,174,6,Amended,amended,VBN,VB
4435,Tonga_1988,0,174,7,by,by,IN,IN
4436,Tonga_1988,0,174,8,Act,act,NNP,NN
4437,Tonga_1988,0,174,9,13,13,CD,CD
4438,Tonga_1988,0,174,10,of,of,IN,IN
4439,Tonga_1988,0,174,11,1966,1966,CD,CD
4440,Tonga_1988,0,175,1,FN,fn,NNP,NN
4441,Tonga_1988,0,175,3,Amendment,amendment,NNP,NN
4442,Tonga_1988,0,175,4,Act,act,NNP,NN
4443,Tonga_1988,0,175,5,not,not,RB,RB
4444,Tonga_1988,0,175,6,in,in,IN,IN
4445,Tonga_1988,0,175,7,force,force,NN,NN
4446,Tonga_1988,0,175,8,as,as,IN,IN
4447,Tonga_1988,0,175,9,as,as,IN,IN
4448,Tonga_1988,0,175,10,31,31,CD,CD
4449,Tonga_1988,0,175,11,December,december,NNP,NN
4450,Tonga_1988,0,175,12,1988,1988,CD,CD
4451,Tonga_1988,0,175,15,Cabinet,cabinet,NNP,NN
4452,Tonga_1988,0,175,16,51,51,CD,CD
4453,Tonga_1988,0,176,0,Constitution,constitution,NN,NN
4454,Tonga_1988,0,176,1,and,and,CC,CC
4455,Tonga_1988,0,176,2,powers,powers,NNS,NN
4456,Tonga_1988,0,176,3,of,of,IN,IN
4457,Tonga_1988,0,176,4,Cabinet,cabinet,NNP,NN
4458,Tonga_1988,0,176,5,Share,share,NNP,NN
4459,Tonga_1988,0,176,6,The,the,DT,DT
4460,Tonga_1988,0,176,7,Cabinet,cabinet,NNP,NN
4461,Tonga_1988,0,176,8,or,or,CC,CC
4462,Tonga_1988,0,176,9,ministers,ministers,NNS,NN
4463,Tonga_1988,0,176,10,of,of,IN,IN
4464,Tonga_1988,0,176,11,the,the,DT,DT
4465,Tonga_1988,0,176,12,King,king,NNP,NN
4466,Tonga_1988,0,176,13,shall,shall,MD,MD
4467,Tonga_1988,0,176,14,consist,consist,VB,VB
4468,Tonga_1988,0,176,15,of,of,IN,IN
4469,Tonga_1988,0,176,16,the,the,DT,DT
4470,Tonga_1988,0,176,17,Prime,prime,NNP,NN
4471,Tonga_1988,0,176,18,Minister,minister,NNP,NN
4472,Tonga_1988,0,176,20,Minister,minister,NNP,NN
4473,Tonga_1988,0,176,21,of,of,IN,IN
4474,Tonga_1988,0,176,22,Foreign,foreign,NNP,NN
4475,Tonga_1988,0,176,23,Affairs,affairs,NNP,NN
4476,Tonga_1988,0,176,25,the,the,DT,DT
4477,Tonga_1988,0,176,26,Minister,minister,NNP,NN
4478,Tonga_1988,0,176,27,of,of,IN,IN
4479,Tonga_1988,0,176,28,Lands,lands,NNP,NN
4480,Tonga_1988,0,176,30,the,the,DT,DT
4481,Tonga_1988,0,176,31,Minister,minister,NNP,NN
4482,Tonga_1988,0,176,32,of,of,IN,IN
4483,Tonga_1988,0,176,33,Police,police,NNP,NN
4484,Tonga_1988,0,176,34,and,and,CC,CC
4485,Tonga_1988,0,176,35,any,any,DT,DT
4486,Tonga_1988,0,176,36,other,other,JJ,JJ
4487,Tonga_1988,0,176,37,ministers,ministers,NNS,NN
4488,Tonga_1988,0,176,38,whom,whom,WP,WP
4489,Tonga_1988,0,176,39,His,his,PRP$,PR
4490,Tonga_1988,0,176,40,Majesty,majesty,NN,NN
4491,Tonga_1988,0,176,41,may,may,MD,MD
4492,Tonga_1988,0,176,42,be,be,VB,VB
4493,Tonga_1988,0,176,43,pleased,pleased,VBN,VB
4494,Tonga_1988,0,176,44,to,to,TO,TO
4495,Tonga_1988,0,176,45,appoint,appoint,VB,VB
4496,Tonga_1988,0,177,0,It,it,PRP,PR
4497,Tonga_1988,0,177,1,is,is,VBZ,VB
4498,Tonga_1988,0,177,2,the,the,DT,DT
4499,Tonga_1988,0,177,3,King,king,NNP,NN
4500,Tonga_1988,0,177,4,'s,s,POS,PO
4501,Tonga_1988,0,177,5,prerogative,prerogative,NN,NN
4502,Tonga_1988,0,177,6,to,to,TO,TO
4503,Tonga_1988,0,177,7,appoint,appoint,VB,VB
4504,Tonga_1988,0,177,8,the,the,DT,DT
4505,Tonga_1988,0,177,9,ministers,ministers,NNS,NN
4506,Tonga_1988,0,177,10,and,and,CC,CC
4507,Tonga_1988,0,177,11,they,they,PRP,PR
4508,Tonga_1988,0,177,12,shall,shall,MD,MD
4509,Tonga_1988,0,177,13,hold,hold,VB,VB
4510,Tonga_1988,0,177,14,office,office,NN,NN
4511,Tonga_1988,0,177,15,during,during,IN,IN
4512,Tonga_1988,0,177,16,the,the,DT,DT
4513,Tonga_1988,0,177,17,King,king,NNP,NN
4514,Tonga_1988,0,177,18,'s,s,POS,PO
4515,Tonga_1988,0,177,19,pleasure,pleasure,NN,NN
4516,Tonga_1988,0,177,20,or,or,CC,CC
4517,Tonga_1988,0,177,21,for,for,IN,IN
4518,Tonga_1988,0,177,22,such,such,JJ,JJ
4519,Tonga_1988,0,177,23,period,period,NN,NN
4520,Tonga_1988,0,177,24,as,as,IN,IN
4521,Tonga_1988,0,177,25,may,may,MD,MD
4522,Tonga_1988,0,177,26,be,be,VB,VB
4523,Tonga_1988,0,177,27,specified,specified,VBN,VB
4524,Tonga_1988,0,177,28,in,in,IN,IN
4525,Tonga_1988,0,177,29,their,their,PRP$,PR
4526,Tonga_1988,0,177,30,commissions,commissions,NNS,NN
4527,Tonga_1988,0,177,31,and,and,CC,CC
4528,Tonga_1988,0,177,32,any,any,DT,DT
4529,Tonga_1988,0,177,33,one,one,CD,CD
4530,Tonga_1988,0,177,34,minister,minister,NN,NN
4531,Tonga_1988,0,177,35,may,may,MD,MD
4532,Tonga_1988,0,177,36,hold,hold,VB,VB
4533,Tonga_1988,0,177,37,two,two,CD,CD
4534,Tonga_1988,0,177,38,or,or,CC,CC
4535,Tonga_1988,0,177,39,more,more,JJR,JJ
4536,Tonga_1988,0,177,40,offices,offices,NNS,NN
4537,Tonga_1988,0,178,0,It,it,PRP,PR
4538,Tonga_1988,0,178,1,shall,shall,MD,MD
4539,Tonga_1988,0,178,2,be,be,VB,VB
4540,Tonga_1988,0,178,3,lawful,lawful,JJ,JJ
4541,Tonga_1988,0,178,4,to,to,TO,TO
4542,Tonga_1988,0,178,5,impeach,impeach,VB,VB
4543,Tonga_1988,0,178,6,the,the,DT,DT
4544,Tonga_1988,0,178,7,ministers,ministers,NNS,NN
4545,Tonga_1988,0,178,8,before,before,IN,IN
4546,Tonga_1988,0,178,9,the,the,DT,DT
4547,Tonga_1988,0,178,10,Legislative,legislative,NNP,NN
4548,Tonga_1988,0,178,11,Assembly,assembly,NNP,NN
4549,Tonga_1988,0,178,12,if,if,IN,IN
4550,Tonga_1988,0,178,13,their,their,PRP$,PR
4551,Tonga_1988,0,178,14,administration,administration,NN,NN
4552,Tonga_1988,0,178,15,is,is,VBZ,VB
4553,Tonga_1988,0,178,16,not,not,RB,RB
4554,Tonga_1988,0,178,17,in,in,IN,IN
4555,Tonga_1988,0,178,18,accordance,accordance,NN,NN
4556,Tonga_1988,0,178,19,with,with,IN,IN
4557,Tonga_1988,0,178,20,law,law,NN,NN
4558,Tonga_1988,0,179,0,The,the,DT,DT
4559,Tonga_1988,0,179,1,ministers,ministers,NNS,NN
4560,Tonga_1988,0,179,2,shall,shall,MD,MD
4561,Tonga_1988,0,179,3,be,be,VB,VB
4562,Tonga_1988,0,179,4,members,members,NNS,NN
4563,Tonga_1988,0,179,5,of,of,IN,IN
4564,Tonga_1988,0,179,6,the,the,DT,DT
4565,Tonga_1988,0,179,7,Privy,privy,NNP,NN
4566,Tonga_1988,0,179,8,Council,council,NNP,NN
4567,Tonga_1988,0,179,9,and,and,CC,CC
4568,Tonga_1988,0,179,10,of,of,IN,IN
4569,Tonga_1988,0,179,11,the,the,DT,DT
4570,Tonga_1988,0,179,12,Legislative,legislative,NNP,NN
4571,Tonga_1988,0,179,13,Assembly,assembly,NNP,NN
4572,Tonga_1988,0,179,14,as,as,IN,IN
4573,Tonga_1988,0,179,15,nobles,nobles,NNS,NN
4574,Tonga_1988,0,180,0,Each,each,DT,DT
4575,Tonga_1988,0,180,1,minister,minister,NN,NN
4576,Tonga_1988,0,180,2,shall,shall,MD,MD
4577,Tonga_1988,0,180,3,draw,draw,VB,VB
4578,Tonga_1988,0,180,4,up,up,RP,RP
4579,Tonga_1988,0,180,5,a,a,DT,DT
4580,Tonga_1988,0,180,6,report,report,NN,NN
4581,Tonga_1988,0,180,7,once,once,RB,RB
4582,Tonga_1988,0,180,8,every,every,DT,DT
4583,Tonga_1988,0,180,9,year,year,NN,NN
4584,Tonga_1988,0,180,10,acquainting,acquainting,VBG,VB
4585,Tonga_1988,0,180,11,the,the,DT,DT
4586,Tonga_1988,0,180,12,King,king,NNP,NN
4587,Tonga_1988,0,180,13,with,with,IN,IN
4588,Tonga_1988,0,180,14,the,the,DT,DT
4589,Tonga_1988,0,180,15,affairs,affairs,NNS,NN
4590,Tonga_1988,0,180,16,of,of,IN,IN
4591,Tonga_1988,0,180,17,his,his,PRP$,PR
4592,Tonga_1988,0,180,18,department,department,NN,NN
4593,Tonga_1988,0,180,19,and,and,CC,CC
4594,Tonga_1988,0,180,20,such,such,JJ,JJ
4595,Tonga_1988,0,180,21,report,report,NN,NN
4596,Tonga_1988,0,180,22,shall,shall,MD,MD
4597,Tonga_1988,0,180,23,be,be,VB,VB
4598,Tonga_1988,0,180,24,forwarded,forwarded,VBN,VB
4599,Tonga_1988,0,180,25,by,by,IN,IN
4600,Tonga_1988,0,180,26,the,the,DT,DT
4601,Tonga_1988,0,180,27,King,king,NNP,NN
4602,Tonga_1988,0,180,28,to,to,TO,TO
4603,Tonga_1988,0,180,29,the,the,DT,DT
4604,Tonga_1988,0,180,30,Legislative,legislative,JJ,JJ
4605,Tonga_1988,0,180,31,Assembly,assembly,NN,NN
4606,Tonga_1988,0,180,32,at,at,IN,IN
4607,Tonga_1988,0,180,33,its,its,PRP$,PR
4608,Tonga_1988,0,180,34,next,next,JJ,JJ
4609,Tonga_1988,0,180,35,meeting,meeting,NN,NN
4610,Tonga_1988,0,180,36,and,and,CC,CC
4611,Tonga_1988,0,180,37,if,if,IN,IN
4612,Tonga_1988,0,180,38,the,the,DT,DT
4613,Tonga_1988,0,180,39,Legislative,legislative,NNP,NN
4614,Tonga_1988,0,180,40,Assembly,assembly,NNP,NN
4615,Tonga_1988,0,180,41,shall,shall,MD,MD
4616,Tonga_1988,0,180,42,wish,wish,VB,VB
4617,Tonga_1988,0,180,43,to,to,TO,TO
4618,Tonga_1988,0,180,44,know,know,VB,VB
4619,Tonga_1988,0,180,45,anything,anything,NN,NN
4620,Tonga_1988,0,180,46,concerning,concerning,VBG,VB
4621,Tonga_1988,0,180,47,the,the,DT,DT
4622,Tonga_1988,0,180,48,department,department,NN,NN
4623,Tonga_1988,0,180,49,of,of,IN,IN
4624,Tonga_1988,0,180,50,any,any,DT,DT
4625,Tonga_1988,0,180,51,minister,minister,NN,NN
4626,Tonga_1988,0,180,52,he,he,PRP,PR
4627,Tonga_1988,0,180,53,shall,shall,MD,MD
4628,Tonga_1988,0,180,54,answer,answer,VB,VB
4629,Tonga_1988,0,180,55,all,all,DT,DT
4630,Tonga_1988,0,180,56,questions,questions,NNS,NN
4631,Tonga_1988,0,180,57,put,put,VBD,VB
4632,Tonga_1988,0,180,58,to,to,TO,TO
4633,Tonga_1988,0,180,59,him,him,PRP,PR
4634,Tonga_1988,0,180,60,by,by,IN,IN
4635,Tonga_1988,0,180,61,the,the,DT,DT
4636,Tonga_1988,0,180,62,Legislative,legislative,NNP,NN
4637,Tonga_1988,0,180,63,Assembly,assembly,NNP,NN
4638,Tonga_1988,0,180,64,and,and,CC,CC
4639,Tonga_1988,0,180,65,report,report,NN,NN
4640,Tonga_1988,0,180,66,everything,everything,NN,NN
4641,Tonga_1988,0,180,67,in,in,IN,IN
4642,Tonga_1988,0,180,68,connection,connection,NN,NN
4643,Tonga_1988,0,180,69,with,with,IN,IN
4644,Tonga_1988,0,180,70,his,his,PRP$,PR
4645,Tonga_1988,0,180,71,department,department,NN,NN
4646,Tonga_1988,0,181,1,Act,act,NNP,NN
4647,Tonga_1988,0,181,2,25,25,CD,CD
4648,Tonga_1988,0,181,3,of,of,IN,IN
4649,Tonga_1988,0,181,4,1942,1942,CD,CD
4650,Tonga_1988,0,181,6,Amended,amended,VBN,VB
4651,Tonga_1988,0,181,7,by,by,IN,IN
4652,Tonga_1988,0,181,8,Act,act,NNP,NN
4653,Tonga_1988,0,181,9,4,4,CD,CD
4654,Tonga_1988,0,181,10,of,of,IN,IN
4655,Tonga_1988,0,181,11,1979,1979,CD,CD
4656,Tonga_1988,0,182,0,52,52,CD,CD
4657,Tonga_1988,0,183,0,Duties,duties,NNS,NN
4658,Tonga_1988,0,183,1,of,of,IN,IN
4659,Tonga_1988,0,183,2,ministers,ministers,NNS,NN
4660,Tonga_1988,0,183,3,Share,share,NNP,NN
4661,Tonga_1988,0,183,4,Each,each,DT,DT
4662,Tonga_1988,0,183,5,member,member,NN,NN
4663,Tonga_1988,0,183,6,of,of,IN,IN
4664,Tonga_1988,0,183,7,the,the,DT,DT
4665,Tonga_1988,0,183,8,Cabinet,cabinet,NNP,NN
4666,Tonga_1988,0,183,9,shall,shall,MD,MD
4667,Tonga_1988,0,183,10,have,have,VB,VB
4668,Tonga_1988,0,183,11,an,an,DT,DT
4669,Tonga_1988,0,183,12,office,office,NN,NN
4670,Tonga_1988,0,183,13,in,in,IN,IN
4671,Tonga_1988,0,183,14,Nuku'alofa,nukualofa,NNP,NN
4672,Tonga_1988,0,183,15,the,the,DT,DT
4673,Tonga_1988,0,183,16,capital,capital,NN,NN
4674,Tonga_1988,0,183,17,of,of,IN,IN
4675,Tonga_1988,0,183,18,the,the,DT,DT
4676,Tonga_1988,0,183,19,Kingdom,kingdom,NNP,NN
4677,Tonga_1988,0,183,20,and,and,CC,CC
4678,Tonga_1988,0,183,21,he,he,PRP,PR
4679,Tonga_1988,0,183,22,shall,shall,MD,MD
4680,Tonga_1988,0,183,23,satisfy,satisfy,VB,VB
4681,Tonga_1988,0,183,24,himself,himself,PRP,PR
4682,Tonga_1988,0,183,25,that,that,IN,IN
4683,Tonga_1988,0,183,26,all,all,PDT,PD
4684,Tonga_1988,0,183,27,the,the,DT,DT
4685,Tonga_1988,0,183,28,subordinates,subordinates,NNS,NN
4686,Tonga_1988,0,183,29,in,in,IN,IN
4687,Tonga_1988,0,183,30,his,his,PRP$,PR
4688,Tonga_1988,0,183,31,department,department,NN,NN
4689,Tonga_1988,0,183,32,faithfully,faithfully,RB,RB
4690,Tonga_1988,0,183,33,perform,perform,VB,VB
4691,Tonga_1988,0,183,34,their,their,PRP$,PR
4692,Tonga_1988,0,183,35,duties,duties,NNS,NN
4693,Tonga_1988,0,184,0,And,and,CC,CC
4694,Tonga_1988,0,184,1,the,the,DT,DT
4695,Tonga_1988,0,184,2,Government,government,NNP,NN
4696,Tonga_1988,0,184,3,shall,shall,MD,MD
4697,Tonga_1988,0,184,4,build,build,VB,VB
4698,Tonga_1988,0,184,5,or,or,CC,CC
4699,Tonga_1988,0,184,6,rent,rent,VB,VB
4700,Tonga_1988,0,184,7,offices,offices,NNS,NN
4701,Tonga_1988,0,184,8,suitable,suitable,JJ,JJ
4702,Tonga_1988,0,184,9,for,for,IN,IN
4703,Tonga_1988,0,184,10,the,the,DT,DT
4704,Tonga_1988,0,184,11,work,work,NN,NN
4705,Tonga_1988,0,184,12,of,of,IN,IN
4706,Tonga_1988,0,184,13,each,each,DT,DT
4707,Tonga_1988,0,184,14,minister,minister,NN,NN
4708,Tonga_1988,0,185,0,53,53,CD,CD
4709,Tonga_1988,0,186,0,Treasurer,treasurer,NN,NN
4710,Tonga_1988,0,186,1,to,to,TO,TO
4711,Tonga_1988,0,186,2,report,report,VB,VB
4712,Tonga_1988,0,186,3,to,to,TO,TO
4713,Tonga_1988,0,186,4,Parliament,parliament,NNP,NN
4714,Tonga_1988,0,186,5,Share,share,NNP,NN
4715,Tonga_1988,0,186,6,When,when,WRB,WR
4716,Tonga_1988,0,186,7,the,the,DT,DT
4717,Tonga_1988,0,186,8,Legislative,legislative,NNP,NN
4718,Tonga_1988,0,186,9,Assembly,assembly,NNP,NN
4719,Tonga_1988,0,186,10,shall,shall,MD,MD
4720,Tonga_1988,0,186,11,meet,meet,VB,VB
4721,Tonga_1988,0,186,12,the,the,DT,DT
4722,Tonga_1988,0,186,13,Treasurer,treasurer,NNP,NN
4723,Tonga_1988,0,186,14,shall,shall,MD,MD
4724,Tonga_1988,0,186,15,present,present,VB,VB
4725,Tonga_1988,0,186,16,to,to,TO,TO
4726,Tonga_1988,0,186,17,the,the,DT,DT
4727,Tonga_1988,0,186,18,Legislative,legislative,NNP,NN
4728,Tonga_1988,0,186,19,Assembly,assembly,NNP,NN
4729,Tonga_1988,0,186,20,on,on,IN,IN
4730,Tonga_1988,0,186,21,behalf,behalf,NN,NN
4731,Tonga_1988,0,186,22,of,of,IN,IN
4732,Tonga_1988,0,186,23,the,the,DT,DT
4733,Tonga_1988,0,186,24,Cabinet,cabinet,NNP,NN
4734,Tonga_1988,0,186,25,an,an,DT,DT
4735,Tonga_1988,0,186,26,account,account,NN,NN
4736,Tonga_1988,0,186,27,of,of,IN,IN
4737,Tonga_1988,0,186,28,all,all,DT,DT
4738,Tonga_1988,0,186,29,moneys,moneys,NNS,NN
4739,Tonga_1988,0,186,30,which,which,WDT,WD
4740,Tonga_1988,0,186,31,have,have,VBP,VB
4741,Tonga_1988,0,186,32,been,been,VBN,VB
4742,Tonga_1988,0,186,33,received,received,VBN,VB
4743,Tonga_1988,0,186,34,and,and,CC,CC
4744,Tonga_1988,0,186,35,expended,expended,VBN,VB
4745,Tonga_1988,0,186,36,during,during,IN,IN
4746,Tonga_1988,0,186,37,the,the,DT,DT
4747,Tonga_1988,0,186,38,current,current,JJ,JJ
4748,Tonga_1988,0,186,39,year,year,NN,NN
4749,Tonga_1988,0,186,40,or,or,CC,CC
4750,Tonga_1988,0,186,41,since,since,IN,IN
4751,Tonga_1988,0,186,42,the,the,DT,DT
4752,Tonga_1988,0,186,43,last,last,JJ,JJ
4753,Tonga_1988,0,186,44,meeting,meeting,NN,NN
4754,Tonga_1988,0,186,45,of,of,IN,IN
4755,Tonga_1988,0,186,46,the,the,DT,DT
4756,Tonga_1988,0,186,47,Assembly,assembly,NNP,NN
4757,Tonga_1988,0,186,48,and,and,CC,CC
4758,Tonga_1988,0,186,49,the,the,DT,DT
4759,Tonga_1988,0,186,50,nature,nature,NN,NN
4760,Tonga_1988,0,186,51,of,of,IN,IN
4761,Tonga_1988,0,186,52,the,the,DT,DT
4762,Tonga_1988,0,186,53,receipts,receipts,NNS,NN
4763,Tonga_1988,0,186,54,and,and,CC,CC
4764,Tonga_1988,0,186,55,expenditure,expenditure,NN,NN
4765,Tonga_1988,0,187,0,54,54,CD,CD
4766,Tonga_1988,0,188,0,Governors,governors,NNS,NN
4767,Tonga_1988,0,188,2,how,how,WRB,WR
4768,Tonga_1988,0,188,3,appointed,appointed,VBN,VB
4769,Tonga_1988,0,188,4,Share,share,NNP,NN
4770,Tonga_1988,0,188,5,The,the,DT,DT
4771,Tonga_1988,0,188,6,King,king,NNP,NN
4772,Tonga_1988,0,188,7,with,with,IN,IN
4773,Tonga_1988,0,188,8,the,the,DT,DT
4774,Tonga_1988,0,188,9,consent,consent,NN,NN
4775,Tonga_1988,0,188,10,of,of,IN,IN
4776,Tonga_1988,0,188,11,the,the,DT,DT
4777,Tonga_1988,0,188,12,Cabinet,cabinet,NNP,NN
4778,Tonga_1988,0,188,13,shall,shall,MD,MD
4779,Tonga_1988,0,188,14,appoint,appoint,VB,VB
4780,Tonga_1988,0,188,15,Governors,governors,NNPS,NN
4781,Tonga_1988,0,188,16,to,to,TO,TO
4782,Tonga_1988,0,188,17,Ha'apai,haapai,NNP,NN
4783,Tonga_1988,0,188,18,and,and,CC,CC
4784,Tonga_1988,0,188,19,Vava,vava,NNP,NN
4785,Tonga_1988,0,188,21,u,u,NN,NN
4786,Tonga_1988,0,189,0,The,the,DT,DT
4787,Tonga_1988,0,189,1,Governors,governors,NNPS,NN
4788,Tonga_1988,0,189,2,shall,shall,MD,MD
4789,Tonga_1988,0,189,3,in,in,IN,IN
4790,Tonga_1988,0,189,4,virtue,virtue,NN,NN
4791,Tonga_1988,0,189,5,of,of,IN,IN
4792,Tonga_1988,0,189,6,their,their,PRP$,PR
4793,Tonga_1988,0,189,7,office,office,NN,NN
4794,Tonga_1988,0,189,8,hold,hold,NN,NN
4795,Tonga_1988,0,189,9,seats,seats,NNS,NN
4796,Tonga_1988,0,189,10,in,in,IN,IN
4797,Tonga_1988,0,189,11,the,the,DT,DT
4798,Tonga_1988,0,189,12,Legislative,legislative,NNP,NN
4799,Tonga_1988,0,189,13,Assembly,assembly,NNP,NN
4800,Tonga_1988,0,189,14,and,and,CC,CC
4801,Tonga_1988,0,189,15,shall,shall,MD,MD
4802,Tonga_1988,0,189,16,also,also,RB,RB
4803,Tonga_1988,0,189,17,be,be,VB,VB
4804,Tonga_1988,0,189,18,members,members,NNS,NN
4805,Tonga_1988,0,189,19,of,of,IN,IN
4806,Tonga_1988,0,189,20,the,the,DT,DT
4807,Tonga_1988,0,189,21,Privy,privy,NNP,NN
4808,Tonga_1988,0,189,22,Council,council,NNP,NN
4809,Tonga_1988,0,189,23,whilst,whilst,VBD,VB
4810,Tonga_1988,0,189,24,they,they,PRP,PR
4811,Tonga_1988,0,189,25,hold,hold,VBP,VB
4812,Tonga_1988,0,189,26,the,the,DT,DT
4813,Tonga_1988,0,189,27,office,office,NN,NN
4814,Tonga_1988,0,189,28,of,of,IN,IN
4815,Tonga_1988,0,189,29,Governor,governor,NNP,NN
4816,Tonga_1988,0,189,30,and,and,CC,CC
4817,Tonga_1988,0,189,31,they,they,PRP,PR
4818,Tonga_1988,0,189,32,shall,shall,MD,MD
4819,Tonga_1988,0,189,33,hold,hold,VB,VB
4820,Tonga_1988,0,189,34,office,office,NN,NN
4821,Tonga_1988,0,189,35,only,only,RB,RB
4822,Tonga_1988,0,189,36,during,during,IN,IN
4823,Tonga_1988,0,189,37,the,the,DT,DT
4824,Tonga_1988,0,189,38,King,king,NNP,NN
4825,Tonga_1988,0,189,39,'s,s,POS,PO
4826,Tonga_1988,0,189,40,pleasure,pleasure,NN,NN
4827,Tonga_1988,0,190,0,55,55,CD,CD
4828,Tonga_1988,0,191,0,Powers,powers,NNS,NN
4829,Tonga_1988,0,191,1,of,of,IN,IN
4830,Tonga_1988,0,191,2,Governors,governors,NNS,NN
4831,Tonga_1988,0,191,3,Share,share,VBP,VB
4832,Tonga_1988,0,191,4,It,it,PRP,PR
4833,Tonga_1988,0,191,5,shall,shall,MD,MD
4834,Tonga_1988,0,191,6,not,not,RB,RB
4835,Tonga_1988,0,191,7,be,be,VB,VB
4836,Tonga_1988,0,191,8,lawful,lawful,JJ,JJ
4837,Tonga_1988,0,191,9,for,for,IN,IN
4838,Tonga_1988,0,191,10,a,a,DT,DT
4839,Tonga_1988,0,191,11,Governor,governor,NNP,NN
4840,Tonga_1988,0,191,12,to,to,TO,TO
4841,Tonga_1988,0,191,13,enact,enact,VB,VB
4842,Tonga_1988,0,191,14,any,any,DT,DT
4843,Tonga_1988,0,191,15,law,law,NN,NN
4844,Tonga_1988,0,191,16,but,but,CC,CC
4845,Tonga_1988,0,191,17,he,he,PRP,PR
4846,Tonga_1988,0,191,18,shall,shall,MD,MD
4847,Tonga_1988,0,191,19,be,be,VB,VB
4848,Tonga_1988,0,191,20,responsible,responsible,JJ,JJ
4849,Tonga_1988,0,191,21,that,that,IN,IN
4850,Tonga_1988,0,191,22,the,the,DT,DT
4851,Tonga_1988,0,191,23,law,law,NN,NN
4852,Tonga_1988,0,191,24,is,is,VBZ,VB
4853,Tonga_1988,0,191,25,enforced,enforced,VBN,VB
4854,Tonga_1988,0,191,26,in,in,IN,IN
4855,Tonga_1988,0,191,27,his,his,PRP$,PR
4856,Tonga_1988,0,191,28,district,district,NN,NN
4857,Tonga_1988,0,192,0,If,if,IN,IN
4858,Tonga_1988,0,192,1,the,the,DT,DT
4859,Tonga_1988,0,192,2,administration,administration,NN,NN
4860,Tonga_1988,0,192,3,of,of,IN,IN
4861,Tonga_1988,0,192,4,any,any,DT,DT
4862,Tonga_1988,0,192,5,Governor,governor,NNP,NN
4863,Tonga_1988,0,192,6,be,be,VB,VB
4864,Tonga_1988,0,192,7,contrary,contrary,JJ,JJ
4865,Tonga_1988,0,192,8,to,to,TO,TO
4866,Tonga_1988,0,192,9,law,law,NN,NN
4867,Tonga_1988,0,192,10,it,it,PRP,PR
4868,Tonga_1988,0,192,11,shall,shall,MD,MD
4869,Tonga_1988,0,192,12,be,be,VB,VB
4870,Tonga_1988,0,192,13,lawful,lawful,JJ,JJ
4871,Tonga_1988,0,192,14,to,to,TO,TO
4872,Tonga_1988,0,192,15,impeach,impeach,VB,VB
4873,Tonga_1988,0,192,16,him,him,PRP,PR
4874,Tonga_1988,0,192,17,in,in,IN,IN
4875,Tonga_1988,0,192,18,the,the,DT,DT
4876,Tonga_1988,0,192,19,Legislative,legislative,NNP,NN
4877,Tonga_1988,0,192,20,Assembly,assembly,NNP,NN
4878,Tonga_1988,0,193,0,The,the,DT,DT
4879,Tonga_1988,0,193,1,Legislative,legislative,NNP,NN
4880,Tonga_1988,0,193,2,Assembly,assembly,NNP,NN
4881,Tonga_1988,0,193,3,56,56,CD,CD
4882,Tonga_1988,0,194,0,Power,power,NN,NN
4883,Tonga_1988,0,194,1,of,of,IN,IN
4884,Tonga_1988,0,194,2,Legislative,legislative,NNP,NN
4885,Tonga_1988,0,194,3,Assembly,assembly,NNP,NN
4886,Tonga_1988,0,194,4,Share,share,NNP,NN
4887,Tonga_1988,0,194,5,The,the,DT,DT
4888,Tonga_1988,0,194,6,King,king,NNP,NN
4889,Tonga_1988,0,194,7,and,and,CC,CC
4890,Tonga_1988,0,194,8,the,the,DT,DT
4891,Tonga_1988,0,194,9,Legislative,legislative,NNP,NN
4892,Tonga_1988,0,194,10,Assembly,assembly,NNP,NN
4893,Tonga_1988,0,194,11,shall,shall,MD,MD
4894,Tonga_1988,0,194,12,have,have,VB,VB
4895,Tonga_1988,0,194,13,power,power,NN,NN
4896,Tonga_1988,0,194,14,to,to,TO,TO
4897,Tonga_1988,0,194,15,enact,enact,VB,VB
4898,Tonga_1988,0,194,16,laws,laws,NNS,NN
4899,Tonga_1988,0,194,18,and,and,CC,CC
4900,Tonga_1988,0,194,19,the,the,DT,DT
4901,Tonga_1988,0,194,20,representatives,representatives,NNS,NN
4902,Tonga_1988,0,194,21,of,of,IN,IN
4903,Tonga_1988,0,194,22,the,the,DT,DT
4904,Tonga_1988,0,194,23,nobles,nobles,NNS,NN
4905,Tonga_1988,0,194,24,and,and,CC,CC
4906,Tonga_1988,0,194,25,the,the,DT,DT
4907,Tonga_1988,0,194,26,representatives,representatives,NNS,NN
4908,Tonga_1988,0,194,27,of,of,IN,IN
4909,Tonga_1988,0,194,28,the,the,DT,DT
4910,Tonga_1988,0,194,29,people,people,NNS,NN
4911,Tonga_1988,0,194,30,shall,shall,MD,MD
4912,Tonga_1988,0,194,31,sit,sit,VB,VB
4913,Tonga_1988,0,194,32,as,as,IN,IN
4914,Tonga_1988,0,194,33,one,one,CD,CD
4915,Tonga_1988,0,194,34,House,house,NNP,NN
4916,Tonga_1988,0,195,0,When,when,WRB,WR
4917,Tonga_1988,0,195,1,the,the,DT,DT
4918,Tonga_1988,0,195,2,Legislative,legislative,NNP,NN
4919,Tonga_1988,0,195,3,Assembly,assembly,NNP,NN
4920,Tonga_1988,0,195,4,shall,shall,MD,MD
4921,Tonga_1988,0,195,5,have,have,VB,VB
4922,Tonga_1988,0,195,6,agreed,agreed,VBN,VB
4923,Tonga_1988,0,195,7,upon,upon,IN,IN
4924,Tonga_1988,0,195,8,any,any,DT,DT
4925,Tonga_1988,0,195,9,Bill,bill,NNP,NN
4926,Tonga_1988,0,195,10,which,which,WDT,WD
4927,Tonga_1988,0,195,11,has,has,VBZ,VB
4928,Tonga_1988,0,195,12,been,been,VBN,VB
4929,Tonga_1988,0,195,13,read,read,VBN,VB
4930,Tonga_1988,0,195,14,and,and,CC,CC
4931,Tonga_1988,0,195,15,voted,voted,VBN,VB
4932,Tonga_1988,0,195,16,for,for,IN,IN
4933,Tonga_1988,0,195,17,by,by,IN,IN
4934,Tonga_1988,0,195,18,a,a,DT,DT
4935,Tonga_1988,0,195,19,majority,majority,NN,NN
4936,Tonga_1988,0,195,20,three,three,CD,CD
4937,Tonga_1988,0,195,21,times,times,NNS,NN
4938,Tonga_1988,0,195,22,it,it,PRP,PR
4939,Tonga_1988,0,195,23,shall,shall,MD,MD
4940,Tonga_1988,0,195,24,be,be,VB,VB
4941,Tonga_1988,0,195,25,presented,presented,VBN,VB
4942,Tonga_1988,0,195,26,to,to,TO,TO
4943,Tonga_1988,0,195,27,the,the,DT,DT
4944,Tonga_1988,0,195,28,King,king,NNP,NN
4945,Tonga_1988,0,195,29,for,for,IN,IN
4946,Tonga_1988,0,195,30,his,his,PRP$,PR
4947,Tonga_1988,0,195,31,sanction,sanction,NN,NN
4948,Tonga_1988,0,195,32,and,and,CC,CC
4949,Tonga_1988,0,195,33,after,after,IN,IN
4950,Tonga_1988,0,195,34,receiving,receiving,VBG,VB
4951,Tonga_1988,0,195,35,his,his,PRP$,PR
4952,Tonga_1988,0,195,36,sanction,sanction,NN,NN
4953,Tonga_1988,0,195,37,and,and,CC,CC
4954,Tonga_1988,0,195,38,signature,signature,NN,NN
4955,Tonga_1988,0,195,39,it,it,PRP,PR
4956,Tonga_1988,0,195,40,shall,shall,MD,MD
4957,Tonga_1988,0,195,41,become,become,VB,VB
4958,Tonga_1988,0,195,42,law,law,NN,NN
4959,Tonga_1988,0,195,43,upon,upon,IN,IN
4960,Tonga_1988,0,195,44,publication,publication,NN,NN
4961,Tonga_1988,0,196,0,Votes,votes,NNS,NN
4962,Tonga_1988,0,196,1,shall,shall,MD,MD
4963,Tonga_1988,0,196,2,be,be,VB,VB
4964,Tonga_1988,0,196,3,given,given,VBN,VB
4965,Tonga_1988,0,196,4,by,by,IN,IN
4966,Tonga_1988,0,196,5,raising,raising,VBG,VB
4967,Tonga_1988,0,196,6,the,the,DT,DT
4968,Tonga_1988,0,196,7,hand,hand,NN,NN
4969,Tonga_1988,0,196,8,or,or,CC,CC
4970,Tonga_1988,0,196,9,by,by,IN,IN
4971,Tonga_1988,0,196,10,standing,standing,VBG,VB
4972,Tonga_1988,0,196,11,up,up,RP,RP
4973,Tonga_1988,0,196,12,in,in,IN,IN
4974,Tonga_1988,0,196,13,division,division,NN,NN
4975,Tonga_1988,0,196,14,or,or,CC,CC
4976,Tonga_1988,0,196,15,by,by,IN,IN
4977,Tonga_1988,0,196,16,saying,saying,VBG,VB
4978,Tonga_1988,0,196,18,Aye,aye,NNP,NN
4979,Tonga_1988,0,196,20,or,or,CC,CC
4980,Tonga_1988,0,196,22,No,no,DT,DT
4981,Tonga_1988,0,197,1,Law,law,$,$
4982,Tonga_1988,0,197,2,1,1,CD,CD
4983,Tonga_1988,0,197,3,of,of,IN,IN
4984,Tonga_1988,0,197,4,1914,1914,CD,CD
4985,Tonga_1988,0,198,0,57,57,CD,CD
4986,Tonga_1988,0,199,0,Title,title,NNP,NN
4987,Tonga_1988,0,199,1,Share,share,NNP,NN
4988,Tonga_1988,0,199,2,The,the,DT,DT
4989,Tonga_1988,0,199,3,Legislative,legislative,NNP,NN
4990,Tonga_1988,0,199,4,Assembly,assembly,NNP,NN
4991,Tonga_1988,0,199,5,shall,shall,MD,MD
4992,Tonga_1988,0,199,6,be,be,VB,VB
4993,Tonga_1988,0,199,7,called,called,VBN,VB
4994,Tonga_1988,0,199,8,the,the,DT,DT
4995,Tonga_1988,0,199,9,Legislative,legislative,NNP,NN
4996,Tonga_1988,0,199,10,Assembly,assembly,NNP,NN
4997,Tonga_1988,0,199,11,of,of,IN,IN
4998,Tonga_1988,0,199,12,Tonga,tonga,NNP,NN
4999,Tonga_1988,0,200,0,58,58,CD,CD
5000,Tonga_1988,0,201,0,Sessions,sessions,NNS,NN
5001,Tonga_1988,0,201,1,Share,share,VBP,VB
5002,Tonga_1988,0,201,2,The,the,DT,DT
5003,Tonga_1988,0,201,3,Legislative,legislative,NNP,NN
5004,Tonga_1988,0,201,4,Assembly,assembly,NNP,NN
5005,Tonga_1988,0,201,5,shall,shall,MD,MD
5006,Tonga_1988,0,201,6,meet,meet,VB,VB
5007,Tonga_1988,0,201,7,at,at,IN,IN
5008,Tonga_1988,0,201,8,least,least,JJS,JJ
5009,Tonga_1988,0,201,9,once,once,RB,RB
5010,Tonga_1988,0,201,10,in,in,IN,IN
5011,Tonga_1988,0,201,11,every,every,DT,DT
5012,Tonga_1988,0,201,12,twelve,twelve,NN,NN
5013,Tonga_1988,0,201,13,calendar,calendar,NN,NN
5014,Tonga_1988,0,201,14,months,months,NNS,NN
5015,Tonga_1988,0,201,15,but,but,CC,CC
5016,Tonga_1988,0,201,16,it,it,PRP,PR
5017,Tonga_1988,0,201,17,shall,shall,MD,MD
5018,Tonga_1988,0,201,18,be,be,VB,VB
5019,Tonga_1988,0,201,19,lawful,lawful,JJ,JJ
5020,Tonga_1988,0,201,20,to,to,TO,TO
5021,Tonga_1988,0,201,21,summon,summon,VB,VB
5022,Tonga_1988,0,201,22,the,the,DT,DT
5023,Tonga_1988,0,201,23,same,same,JJ,JJ
5024,Tonga_1988,0,201,24,at,at,IN,IN
5025,Tonga_1988,0,201,25,any,any,DT,DT
5026,Tonga_1988,0,201,26,time,time,NN,NN
5027,Tonga_1988,0,202,1,Law,law,$,$
5028,Tonga_1988,0,202,2,1,1,CD,CD
5029,Tonga_1988,0,202,3,of,of,IN,IN
5030,Tonga_1988,0,202,4,1914,1914,CD,CD
5031,Tonga_1988,0,203,0,59,59,CD,CD
5032,Tonga_1988,0,204,0,Composition,composition,NNP,NN
5033,Tonga_1988,0,204,1,Share,share,NNP,NN
5034,Tonga_1988,0,204,2,The,the,DT,DT
5035,Tonga_1988,0,204,3,Legislative,legislative,NNP,NN
5036,Tonga_1988,0,204,4,Assembly,assembly,NNP,NN
5037,Tonga_1988,0,204,5,shall,shall,MD,MD
5038,Tonga_1988,0,204,6,be,be,VB,VB
5039,Tonga_1988,0,204,7,composed,composed,VBN,VB
5040,Tonga_1988,0,204,8,of,of,IN,IN
5041,Tonga_1988,0,204,9,the,the,DT,DT
5042,Tonga_1988,0,204,10,Privy,privy,NNP,NN
5043,Tonga_1988,0,204,11,Councillors,councillors,NNPS,NN
5044,Tonga_1988,0,204,12,and,and,CC,CC
5045,Tonga_1988,0,204,13,Cabinet,cabinet,NNP,NN
5046,Tonga_1988,0,204,14,ministers,ministers,NNS,NN
5047,Tonga_1988,0,204,16,who,who,WP,WP
5048,Tonga_1988,0,204,17,shall,shall,MD,MD
5049,Tonga_1988,0,204,18,sit,sit,VB,VB
5050,Tonga_1988,0,204,19,as,as,IN,IN
5051,Tonga_1988,0,204,20,nobles,nobles,NNS,NN
5052,Tonga_1988,0,204,22,the,the,DT,DT
5053,Tonga_1988,0,204,23,representatives,representatives,NNS,NN
5054,Tonga_1988,0,204,24,of,of,IN,IN
5055,Tonga_1988,0,204,25,the,the,DT,DT
5056,Tonga_1988,0,204,26,nobles,nobles,NNS,NN
5057,Tonga_1988,0,204,28,and,and,CC,CC
5058,Tonga_1988,0,204,29,representatives,representatives,NNS,NN
5059,Tonga_1988,0,204,30,of,of,IN,IN
5060,Tonga_1988,0,204,31,the,the,DT,DT
5061,Tonga_1988,0,204,32,people,people,NNS,NN
5062,Tonga_1988,0,205,1,Law,law,$,$
5063,Tonga_1988,0,205,2,1,1,CD,CD
5064,Tonga_1988,0,205,3,of,of,IN,IN
5065,Tonga_1988,0,205,4,1914,1914,CD,CD
5066,Tonga_1988,0,206,0,60,60,CD,CD
5067,Tonga_1988,0,207,0,Representative,representative,JJ,JJ
5068,Tonga_1988,0,207,1,members,members,NNS,NN
5069,Tonga_1988,0,207,2,Share,share,VBP,VB
5070,Tonga_1988,0,207,3,There,there,EX,EX
5071,Tonga_1988,0,207,4,shall,shall,MD,MD
5072,Tonga_1988,0,207,5,be,be,VB,VB
5073,Tonga_1988,0,207,6,elected,elected,VBN,VB
5074,Tonga_1988,0,207,7,by,by,IN,IN
5075,Tonga_1988,0,207,8,the,the,DT,DT
5076,Tonga_1988,0,207,9,nobles,nobles,NNS,NN
5077,Tonga_1988,0,207,10,of,of,IN,IN
5078,Tonga_1988,0,207,11,the,the,DT,DT
5079,Tonga_1988,0,207,12,Kingdom,kingdom,NNP,NN
5080,Tonga_1988,0,207,13,from,from,IN,IN
5081,Tonga_1988,0,207,14,among,among,IN,IN
5082,Tonga_1988,0,207,15,their,their,PRP$,PR
5083,Tonga_1988,0,207,16,number,number,NN,NN
5084,Tonga_1988,0,207,17,nine,nine,CD,CD
5085,Tonga_1988,0,207,18,nobles,nobles,NNS,NN
5086,Tonga_1988,0,207,19,as,as,IN,IN
5087,Tonga_1988,0,207,20,representatives,representatives,NNS,NN
5088,Tonga_1988,0,207,21,of,of,IN,IN
5089,Tonga_1988,0,207,22,the,the,DT,DT
5090,Tonga_1988,0,207,23,nobles,nobles,NNS,NN
5091,Tonga_1988,0,207,24,and,and,CC,CC
5092,Tonga_1988,0,207,25,there,there,EX,EX
5093,Tonga_1988,0,207,26,shall,shall,MD,MD
5094,Tonga_1988,0,207,27,be,be,VB,VB
5095,Tonga_1988,0,207,28,elected,elected,VBN,VB
5096,Tonga_1988,0,207,29,by,by,IN,IN
5097,Tonga_1988,0,207,30,electors,electors,NNS,NN
5098,Tonga_1988,0,207,31,duly,duly,RB,RB
5099,Tonga_1988,0,207,32,qualified,qualified,JJ,JJ
5100,Tonga_1988,0,207,33,nine,nine,CD,CD
5101,Tonga_1988,0,207,34,representatives,representatives,NNS,NN
5102,Tonga_1988,0,207,35,of,of,IN,IN
5103,Tonga_1988,0,207,36,the,the,DT,DT
5104,Tonga_1988,0,207,37,people,people,NNS,NN
5105,Tonga_1988,0,208,0,The,the,DT,DT
5106,Tonga_1988,0,208,1,Legislative,legislative,NNP,NN
5107,Tonga_1988,0,208,2,Assembly,assembly,NNP,NN
5108,Tonga_1988,0,208,3,shall,shall,MD,MD
5109,Tonga_1988,0,208,4,determine,determine,VB,VB
5110,Tonga_1988,0,208,5,how,how,WRB,WR
5111,Tonga_1988,0,208,6,both,both,DT,DT
5112,Tonga_1988,0,208,7,classes,classes,NNS,NN
5113,Tonga_1988,0,208,8,of,of,IN,IN
5114,Tonga_1988,0,208,9,representatives,representatives,NNS,NN
5115,Tonga_1988,0,208,10,shall,shall,MD,MD
5116,Tonga_1988,0,208,11,be,be,VB,VB
5117,Tonga_1988,0,208,12,apportioned,apportioned,VBN,VB
5118,Tonga_1988,0,208,13,amongst,amongst,IN,IN
5119,Tonga_1988,0,208,14,the,the,DT,DT
5120,Tonga_1988,0,208,15,various,various,JJ,JJ
5121,Tonga_1988,0,208,16,districts,districts,NNS,NN
5122,Tonga_1988,0,209,1,Law,law,$,$
5123,Tonga_1988,0,209,2,1,1,CD,CD
5124,Tonga_1988,0,209,3,of,of,IN,IN
5125,Tonga_1988,0,209,4,1914,1914,CD,CD
5126,Tonga_1988,0,209,6,Amended,amended,VBN,VB
5127,Tonga_1988,0,209,7,by,by,IN,IN
5128,Tonga_1988,0,209,8,Act,act,NNP,NN
5129,Tonga_1988,0,209,9,17,17,CD,CD
5130,Tonga_1988,0,209,10,of,of,IN,IN
5131,Tonga_1988,0,209,11,1982,1982,CD,CD
5132,Tonga_1988,0,210,0,61,61,CD,CD
5133,Tonga_1988,0,211,0,Speaker,speaker,NNP,NN
5134,Tonga_1988,0,211,1,Share,share,NNP,NN
5135,Tonga_1988,0,211,2,The,the,DT,DT
5136,Tonga_1988,0,211,3,King,king,NNP,NN
5137,Tonga_1988,0,211,4,shall,shall,MD,MD
5138,Tonga_1988,0,211,5,appoint,appoint,VB,VB
5139,Tonga_1988,0,211,6,the,the,DT,DT
5140,Tonga_1988,0,211,7,Speaker,speaker,NNP,NN
5141,Tonga_1988,0,211,8,of,of,IN,IN
5142,Tonga_1988,0,211,9,the,the,DT,DT
5143,Tonga_1988,0,211,10,Assembly,assembly,NNP,NN
5144,Tonga_1988,0,211,11,but,but,CC,CC
5145,Tonga_1988,0,211,12,all,all,DT,DT
5146,Tonga_1988,0,211,13,other,other,JJ,JJ
5147,Tonga_1988,0,211,14,officers,officers,NNS,NN
5148,Tonga_1988,0,211,15,shall,shall,MD,MD
5149,Tonga_1988,0,211,16,be,be,VB,VB
5150,Tonga_1988,0,211,17,appointed,appointed,VBN,VB
5151,Tonga_1988,0,211,18,by,by,IN,IN
5152,Tonga_1988,0,211,19,the,the,DT,DT
5153,Tonga_1988,0,211,20,Assembly,assembly,NNP,NN
5154,Tonga_1988,0,212,0,62,62,CD,CD
5155,Tonga_1988,0,213,0,Rules,rules,NNS,NN
5156,Tonga_1988,0,213,1,of,of,IN,IN
5157,Tonga_1988,0,213,2,procedure,procedure,NN,NN
5158,Tonga_1988,0,213,3,Share,share,NNP,NN
5159,Tonga_1988,0,213,4,The,the,DT,DT
5160,Tonga_1988,0,213,5,Assembly,assembly,NNP,NN
5161,Tonga_1988,0,213,6,shall,shall,MD,MD
5162,Tonga_1988,0,213,7,make,make,VB,VB
5163,Tonga_1988,0,213,8,its,its,PRP$,PR
5164,Tonga_1988,0,213,9,own,own,JJ,JJ
5165,Tonga_1988,0,213,10,rules,rules,NNS,NN
5166,Tonga_1988,0,213,11,of,of,IN,IN
5167,Tonga_1988,0,213,12,procedure,procedure,NN,NN
5168,Tonga_1988,0,213,13,for,for,IN,IN
5169,Tonga_1988,0,213,14,the,the,DT,DT
5170,Tonga_1988,0,213,15,conduct,conduct,NN,NN
5171,Tonga_1988,0,213,16,of,of,IN,IN
5172,Tonga_1988,0,213,17,its,its,PRP$,PR
5173,Tonga_1988,0,213,18,meetings,meetings,NNS,NN
5174,Tonga_1988,0,214,0,63,63,CD,CD
5175,Tonga_1988,0,215,0,Qualification,qualification,NN,NN
5176,Tonga_1988,0,215,1,of,of,IN,IN
5177,Tonga_1988,0,215,2,nobles,nobles,NNS,NN
5178,Tonga_1988,0,215,3,Share,share,NNP,NN
5179,Tonga_1988,0,215,4,1,1,CD,CD
5180,Tonga_1988,0,216,0,No,no,DT,DT
5181,Tonga_1988,0,216,1,person,person,NN,NN
5182,Tonga_1988,0,216,2,shall,shall,MD,MD
5183,Tonga_1988,0,216,3,succeed,succeed,VB,VB
5184,Tonga_1988,0,216,4,to,to,TO,TO
5185,Tonga_1988,0,216,5,the,the,DT,DT
5186,Tonga_1988,0,216,6,position,position,NN,NN
5187,Tonga_1988,0,216,7,of,of,IN,IN
5188,Tonga_1988,0,216,8,a,a,DT,DT
5189,Tonga_1988,0,216,9,noble,noble,JJ,JJ
5190,Tonga_1988,0,216,10,who,who,WP,WP
5191,Tonga_1988,0,216,11,is,is,VBZ,VB
5192,Tonga_1988,0,216,12,insane,insane,NN,NN
5193,Tonga_1988,0,216,13,or,or,CC,CC
5194,Tonga_1988,0,216,14,imbecile,imbecile,NN,NN
5195,Tonga_1988,0,216,15,or,or,CC,CC
5196,Tonga_1988,0,216,16,who,who,WP,WP
5197,Tonga_1988,0,216,17,is,is,VBZ,VB
5198,Tonga_1988,0,216,18,disabled,disabled,VBN,VB
5199,Tonga_1988,0,216,19,by,by,IN,IN
5200,Tonga_1988,0,216,20,the,the,DT,DT
5201,Tonga_1988,0,216,21,twenty-third,twentythird,JJ,JJ
5202,Tonga_1988,0,216,22,clause,clause,NN,NN
5203,Tonga_1988,0,217,0,2,2,CD,CD
5204,Tonga_1988,0,218,0,Every,every,DT,DT
5205,Tonga_1988,0,218,1,noble,noble,JJ,JJ
5206,Tonga_1988,0,218,2,shall,shall,MD,MD
5207,Tonga_1988,0,218,3,be,be,VB,VB
5208,Tonga_1988,0,218,4,competent,competent,NN,NN
5209,Tonga_1988,0,218,5,to,to,TO,TO
5210,Tonga_1988,0,218,6,vote,vote,VB,VB
5211,Tonga_1988,0,218,7,in,in,IN,IN
5212,Tonga_1988,0,218,8,an,an,DT,DT
5213,Tonga_1988,0,218,9,election,election,NN,NN
5214,Tonga_1988,0,218,10,for,for,IN,IN
5215,Tonga_1988,0,218,11,representatives,representatives,NNS,NN
5216,Tonga_1988,0,218,12,of,of,IN,IN
5217,Tonga_1988,0,218,13,the,the,DT,DT
5218,Tonga_1988,0,218,14,nobles,nobles,NNS,NN
5219,Tonga_1988,0,218,15,and,and,CC,CC
5220,Tonga_1988,0,218,16,to,to,TO,TO
5221,Tonga_1988,0,218,17,sit,sit,VB,VB
5222,Tonga_1988,0,218,18,in,in,IN,IN
5223,Tonga_1988,0,218,19,the,the,DT,DT
5224,Tonga_1988,0,218,20,Assembly,assembly,NNP,NN
5225,Tonga_1988,0,218,21,if,if,IN,IN
5226,Tonga_1988,0,218,22,chosen,chosen,VBN,VB
5227,Tonga_1988,0,218,23,according,according,VBG,VB
5228,Tonga_1988,0,218,24,to,to,TO,TO
5229,Tonga_1988,0,218,25,law,law,NN,NN
5230,Tonga_1988,0,219,0,64,64,CD,CD
5231,Tonga_1988,0,220,0,Qualification,qualification,NN,NN
5232,Tonga_1988,0,220,1,of,of,IN,IN
5233,Tonga_1988,0,220,2,electors,electors,NNS,NN
5234,Tonga_1988,0,220,3,Share,share,NNP,NN
5235,Tonga_1988,0,220,4,Every,every,NNP,NN
5236,Tonga_1988,0,220,5,Tongan,tongan,NNP,NN
5237,Tonga_1988,0,220,6,subject,subject,NN,NN
5238,Tonga_1988,0,220,7,of,of,IN,IN
5239,Tonga_1988,0,220,8,twenty-one,twentyone,JJ,JJ
5240,Tonga_1988,0,220,9,years,years,NNS,NN
5241,Tonga_1988,0,220,10,of,of,IN,IN
5242,Tonga_1988,0,220,11,age,age,NN,NN
5243,Tonga_1988,0,220,12,or,or,CC,CC
5244,Tonga_1988,0,220,13,more,more,JJR,JJ
5245,Tonga_1988,0,220,14,who,who,WP,WP
5246,Tonga_1988,0,220,15,being,being,VBG,VB
5247,Tonga_1988,0,220,16,a,a,DT,DT
5248,Tonga_1988,0,220,17,male,male,NN,NN
5249,Tonga_1988,0,220,18,and,and,CC,CC
5250,Tonga_1988,0,220,19,not,not,RB,RB
5251,Tonga_1988,0,220,20,a,a,DT,DT
5252,Tonga_1988,0,220,21,noble,noble,JJ,JJ
5253,Tonga_1988,0,220,22,pays,pays,NN,NN
5254,Tonga_1988,0,220,23,taxes,taxes,NNS,NN
5255,Tonga_1988,0,220,24,and,and,CC,CC
5256,Tonga_1988,0,220,25,being,being,VBG,VB
5257,Tonga_1988,0,220,26,a,a,DT,DT
5258,Tonga_1988,0,220,27,male,male,NN,NN
5259,Tonga_1988,0,220,28,or,or,CC,CC
5260,Tonga_1988,0,220,29,female,female,JJ,JJ
5261,Tonga_1988,0,220,30,can,can,MD,MD
5262,Tonga_1988,0,220,31,read,read,VB,VB
5263,Tonga_1988,0,220,32,and,and,CC,CC
5264,Tonga_1988,0,220,33,write,write,VB,VB
5265,Tonga_1988,0,220,34,and,and,CC,CC
5266,Tonga_1988,0,220,35,is,is,VBZ,VB
5267,Tonga_1988,0,220,36,not,not,RB,RB
5268,Tonga_1988,0,220,37,insane,insane,JJ,JJ
5269,Tonga_1988,0,220,38,or,or,CC,CC
5270,Tonga_1988,0,220,39,imbecile,imbecile,JJ,JJ
5271,Tonga_1988,0,220,40,and,and,CC,CC
5272,Tonga_1988,0,220,41,is,is,VBZ,VB
5273,Tonga_1988,0,220,42,not,not,RB,RB
5274,Tonga_1988,0,220,43,disabled,disabled,VBN,VB
5275,Tonga_1988,0,220,44,by,by,IN,IN
5276,Tonga_1988,0,220,45,the,the,DT,DT
5277,Tonga_1988,0,220,46,twenty-third,twentythird,JJ,JJ
5278,Tonga_1988,0,220,47,clause,clause,NN,NN
5279,Tonga_1988,0,220,48,shall,shall,MD,MD
5280,Tonga_1988,0,220,49,be,be,VB,VB
5281,Tonga_1988,0,220,50,entitled,entitled,VBN,VB
5282,Tonga_1988,0,220,51,to,to,TO,TO
5283,Tonga_1988,0,220,52,vote,vote,VB,VB
5284,Tonga_1988,0,220,53,in,in,IN,IN
5285,Tonga_1988,0,220,54,an,an,DT,DT
5286,Tonga_1988,0,220,55,election,election,NN,NN
5287,Tonga_1988,0,220,56,for,for,IN,IN
5288,Tonga_1988,0,220,57,representatives,representatives,NNS,NN
5289,Tonga_1988,0,220,58,of,of,IN,IN
5290,Tonga_1988,0,220,59,the,the,DT,DT
5291,Tonga_1988,0,220,60,people,people,NNS,NN
5292,Tonga_1988,0,220,61,to,to,TO,TO
5293,Tonga_1988,0,220,62,the,the,DT,DT
5294,Tonga_1988,0,220,63,Legislative,legislative,NNP,NN
5295,Tonga_1988,0,220,64,Assembly,assembly,NNP,NN
5296,Tonga_1988,0,220,65,and,and,CC,CC
5297,Tonga_1988,0,220,66,on,on,IN,IN
5298,Tonga_1988,0,220,67,the,the,DT,DT
5299,Tonga_1988,0,220,68,day,day,NN,NN
5300,Tonga_1988,0,220,69,appointed,appointed,VBD,VB
5301,Tonga_1988,0,220,70,for,for,IN,IN
5302,Tonga_1988,0,220,71,election,election,NN,NN
5303,Tonga_1988,0,220,72,shall,shall,MD,MD
5304,Tonga_1988,0,220,73,be,be,VB,VB
5305,Tonga_1988,0,220,74,exempt,exempt,JJ,JJ
5306,Tonga_1988,0,220,75,from,from,IN,IN
5307,Tonga_1988,0,220,76,summons,summons,NNS,NN
5308,Tonga_1988,0,220,77,for,for,IN,IN
5309,Tonga_1988,0,220,78,debt,debt,NN,NN
5310,Tonga_1988,0,221,1,Act,act,NNP,NN
5311,Tonga_1988,0,221,2,15,15,CD,CD
5312,Tonga_1988,0,221,3,of,of,IN,IN
5313,Tonga_1988,0,221,4,1951,1951,CD,CD
5314,Tonga_1988,0,222,0,65,65,CD,CD
5315,Tonga_1988,0,223,0,Qualification,qualification,NN,NN
5316,Tonga_1988,0,223,1,of,of,IN,IN
5317,Tonga_1988,0,223,2,representatives,representatives,NNS,NN
5318,Tonga_1988,0,223,3,Share,share,NNP,NN
5319,Tonga_1988,0,223,4,Representatives,representatives,NNPS,NN
5320,Tonga_1988,0,223,5,of,of,IN,IN
5321,Tonga_1988,0,223,6,the,the,DT,DT
5322,Tonga_1988,0,223,7,people,people,NNS,NN
5323,Tonga_1988,0,223,8,shall,shall,MD,MD
5324,Tonga_1988,0,223,9,be,be,VB,VB
5325,Tonga_1988,0,223,10,chosen,chosen,VBN,VB
5326,Tonga_1988,0,223,11,by,by,IN,IN
5327,Tonga_1988,0,223,12,ballot,ballot,NN,NN
5328,Tonga_1988,0,223,13,and,and,CC,CC
5329,Tonga_1988,0,223,14,any,any,DT,DT
5330,Tonga_1988,0,223,15,person,person,NN,NN
5331,Tonga_1988,0,223,16,who,who,WP,WP
5332,Tonga_1988,0,223,17,is,is,VBZ,VB
5333,Tonga_1988,0,223,18,qualified,qualified,VBN,VB
5334,Tonga_1988,0,223,19,to,to,TO,TO
5335,Tonga_1988,0,223,20,be,be,VB,VB
5336,Tonga_1988,0,223,21,an,an,DT,DT
5337,Tonga_1988,0,223,22,elector,elector,NN,NN
5338,Tonga_1988,0,223,23,may,may,MD,MD
5339,Tonga_1988,0,223,24,be,be,VB,VB
5340,Tonga_1988,0,223,25,chosen,chosen,VBN,VB
5341,Tonga_1988,0,223,26,as,as,IN,IN
5342,Tonga_1988,0,223,27,a,a,DT,DT
5343,Tonga_1988,0,223,28,representative,representative,NN,NN
5344,Tonga_1988,0,223,30,save,save,VBP,VB
5345,Tonga_1988,0,223,31,that,that,IN,IN
5346,Tonga_1988,0,223,32,no,no,DT,DT
5347,Tonga_1988,0,223,33,person,person,NN,NN
5348,Tonga_1988,0,223,34,may,may,MD,MD
5349,Tonga_1988,0,223,35,be,be,VB,VB
5350,Tonga_1988,0,223,36,chosen,chosen,VBN,VB
5351,Tonga_1988,0,223,37,against,against,IN,IN
5352,Tonga_1988,0,223,38,whom,whom,WP,WP
5353,Tonga_1988,0,223,39,an,an,DT,DT
5354,Tonga_1988,0,223,40,order,order,NN,NN
5355,Tonga_1988,0,223,41,has,has,VBZ,VB
5356,Tonga_1988,0,223,42,been,been,VBN,VB
5357,Tonga_1988,0,223,43,made,made,VBN,VB
5358,Tonga_1988,0,223,44,in,in,IN,IN
5359,Tonga_1988,0,223,45,any,any,DT,DT
5360,Tonga_1988,0,223,46,Court,court,NNP,NN
5361,Tonga_1988,0,223,47,in,in,IN,IN
5362,Tonga_1988,0,223,48,the,the,DT,DT
5363,Tonga_1988,0,223,49,Kingdom,kingdom,NNP,NN
5364,Tonga_1988,0,223,50,for,for,IN,IN
5365,Tonga_1988,0,223,51,the,the,DT,DT
5366,Tonga_1988,0,223,52,payment,payment,NN,NN
5367,Tonga_1988,0,223,53,of,of,IN,IN
5368,Tonga_1988,0,223,54,a,a,DT,DT
5369,Tonga_1988,0,223,55,specific,specific,JJ,JJ
5370,Tonga_1988,0,223,56,sum,sum,NN,NN
5371,Tonga_1988,0,223,57,of,of,IN,IN
5372,Tonga_1988,0,223,58,money,money,NN,NN
5373,Tonga_1988,0,223,59,the,the,DT,DT
5374,Tonga_1988,0,223,60,whole,whole,NN,NN
5375,Tonga_1988,0,223,61,or,or,CC,CC
5376,Tonga_1988,0,223,62,any,any,DT,DT
5377,Tonga_1988,0,223,63,part,part,NN,NN
5378,Tonga_1988,0,223,64,of,of,IN,IN
5379,Tonga_1988,0,223,65,which,which,WDT,WD
5380,Tonga_1988,0,223,66,remains,remains,VBZ,VB
5381,Tonga_1988,0,223,67,outstanding,outstanding,JJ,JJ
5382,Tonga_1988,0,223,68,or,or,CC,CC
5383,Tonga_1988,0,223,69,if,if,IN,IN
5384,Tonga_1988,0,223,70,ordered,ordered,VBN,VB
5385,Tonga_1988,0,223,71,to,to,TO,TO
5386,Tonga_1988,0,223,72,pay,pay,VB,VB
5387,Tonga_1988,0,223,73,by,by,IN,IN
5388,Tonga_1988,0,223,74,instalments,instalments,NNS,NN
5389,Tonga_1988,0,223,75,the,the,DT,DT
5390,Tonga_1988,0,223,76,whole,whole,NN,NN
5391,Tonga_1988,0,223,77,or,or,CC,CC
5392,Tonga_1988,0,223,78,any,any,DT,DT
5393,Tonga_1988,0,223,79,part,part,NN,NN
5394,Tonga_1988,0,223,80,of,of,IN,IN
5395,Tonga_1988,0,223,81,such,such,JJ,JJ
5396,Tonga_1988,0,223,82,instalments,instalments,NNS,NN
5397,Tonga_1988,0,223,83,remain,remain,VBP,VB
5398,Tonga_1988,0,223,84,outstanding,outstanding,JJ,JJ
5399,Tonga_1988,0,223,85,on,on,IN,IN
5400,Tonga_1988,0,223,86,the,the,DT,DT
5401,Tonga_1988,0,223,87,day,day,NN,NN
5402,Tonga_1988,0,223,88,on,on,IN,IN
5403,Tonga_1988,0,223,89,which,which,WDT,WD
5404,Tonga_1988,0,223,90,such,such,JJ,JJ
5405,Tonga_1988,0,223,91,person,person,NN,NN
5406,Tonga_1988,0,223,92,submits,submits,VBZ,VB
5407,Tonga_1988,0,223,93,his,his,PRP$,PR
5408,Tonga_1988,0,223,94,nomination,nomination,JJ,JJ
5409,Tonga_1988,0,223,95,paper,paper,NN,NN
5410,Tonga_1988,0,223,96,to,to,TO,TO
5411,Tonga_1988,0,223,97,the,the,DT,DT
5412,Tonga_1988,0,223,98,Returning,returning,VBG,VB
5413,Tonga_1988,0,223,99,Officer,officer,NNP,NN
5414,Tonga_1988,0,223,101,Provided,provided,VBD,VB
5415,Tonga_1988,0,223,102,that,that,IN,IN
5416,Tonga_1988,0,223,103,no,no,DT,DT
5417,Tonga_1988,0,223,104,person,person,NN,NN
5418,Tonga_1988,0,223,105,holding,holding,VBG,VB
5419,Tonga_1988,0,223,106,an,an,DT,DT
5420,Tonga_1988,0,223,107,office,office,NN,NN
5421,Tonga_1988,0,223,108,of,of,IN,IN
5422,Tonga_1988,0,223,109,emolument,emolument,NN,NN
5423,Tonga_1988,0,223,110,under,under,IN,IN
5424,Tonga_1988,0,223,111,the,the,DT,DT
5425,Tonga_1988,0,223,112,Crown,crown,NNP,NN
5426,Tonga_1988,0,223,113,shall,shall,MD,MD
5427,Tonga_1988,0,223,114,enter,enter,VB,VB
5428,Tonga_1988,0,223,115,the,the,DT,DT
5429,Tonga_1988,0,223,116,Assembly,assembly,NNP,NN
5430,Tonga_1988,0,223,117,except,except,IN,IN
5431,Tonga_1988,0,223,118,the,the,DT,DT
5432,Tonga_1988,0,223,119,Ministers,ministers,NNP,NN
5433,Tonga_1988,0,223,121,and,and,CC,CC
5434,Tonga_1988,0,223,122,the,the,DT,DT
5435,Tonga_1988,0,223,123,Governors,governors,NNPS,NN
5436,Tonga_1988,0,224,1,Substituted,substituted,VBN,VB
5437,Tonga_1988,0,224,2,by,by,IN,IN
5438,Tonga_1988,0,224,3,Act,act,NNP,NN
5439,Tonga_1988,0,224,4,8,8,CD,CD
5440,Tonga_1988,0,224,5,of,of,IN,IN
5441,Tonga_1988,0,224,6,1978,1978,CD,CD
5442,Tonga_1988,0,225,0,66,66,CD,CD
5443,Tonga_1988,0,226,0,Threats,threats,NNS,NN
5444,Tonga_1988,0,226,1,and,and,CC,CC
5445,Tonga_1988,0,226,2,bribery,bribery,NN,NN
5446,Tonga_1988,0,226,3,Share,share,NNP,NN
5447,Tonga_1988,0,226,4,Any,any,NNP,NN
5448,Tonga_1988,0,226,5,person,person,NN,NN
5449,Tonga_1988,0,226,6,elected,elected,VBD,VB
5450,Tonga_1988,0,226,7,as,as,IN,IN
5451,Tonga_1988,0,226,8,a,a,DT,DT
5452,Tonga_1988,0,226,9,representative,representative,NN,NN
5453,Tonga_1988,0,226,10,who,who,WP,WP
5454,Tonga_1988,0,226,11,shall,shall,MD,MD
5455,Tonga_1988,0,226,12,be,be,VB,VB
5456,Tonga_1988,0,226,13,proved,proved,VBN,VB
5457,Tonga_1988,0,226,14,to,to,TO,TO
5458,Tonga_1988,0,226,15,the,the,DT,DT
5459,Tonga_1988,0,226,16,satisfaction,satisfaction,NN,NN
5460,Tonga_1988,0,226,17,of,of,IN,IN
5461,Tonga_1988,0,226,18,the,the,DT,DT
5462,Tonga_1988,0,226,19,Assembly,assembly,NNP,NN
5463,Tonga_1988,0,226,20,to,to,TO,TO
5464,Tonga_1988,0,226,21,have,have,VB,VB
5465,Tonga_1988,0,226,22,used,used,VBN,VB
5466,Tonga_1988,0,226,23,threats,threats,NNS,NN
5467,Tonga_1988,0,226,24,or,or,CC,CC
5468,Tonga_1988,0,226,25,offered,offered,VBN,VB
5469,Tonga_1988,0,226,26,bribes,bribes,NNS,NN
5470,Tonga_1988,0,226,27,for,for,IN,IN
5471,Tonga_1988,0,226,28,the,the,DT,DT
5472,Tonga_1988,0,226,29,purpose,purpose,NN,NN
5473,Tonga_1988,0,226,30,of,of,IN,IN
5474,Tonga_1988,0,226,31,persuading,persuading,VBG,VB
5475,Tonga_1988,0,226,32,any,any,DT,DT
5476,Tonga_1988,0,226,33,person,person,NN,NN
5477,Tonga_1988,0,226,34,to,to,TO,TO
5478,Tonga_1988,0,226,35,vote,vote,VB,VB
5479,Tonga_1988,0,226,36,for,for,IN,IN
5480,Tonga_1988,0,226,37,him,him,PRP,PR
5481,Tonga_1988,0,226,38,shall,shall,MD,MD
5482,Tonga_1988,0,226,39,be,be,VB,VB
5483,Tonga_1988,0,226,40,unseated,unseated,VBN,VB
5484,Tonga_1988,0,226,41,by,by,IN,IN
5485,Tonga_1988,0,226,42,the,the,DT,DT
5486,Tonga_1988,0,226,43,Assembly,assembly,NNP,NN
5487,Tonga_1988,0,227,0,67,67,CD,CD
5488,Tonga_1988,0,228,0,Privilege,privilege,NN,NN
5489,Tonga_1988,0,228,1,of,of,IN,IN
5490,Tonga_1988,0,228,2,nobles,nobles,NNS,NN
5491,Tonga_1988,0,228,3,Share,share,NNP,NN
5492,Tonga_1988,0,228,4,It,it,PRP,PR
5493,Tonga_1988,0,228,5,shall,shall,MD,MD
5494,Tonga_1988,0,228,6,be,be,VB,VB
5495,Tonga_1988,0,228,7,lawful,lawful,JJ,JJ
5496,Tonga_1988,0,228,8,for,for,IN,IN
5497,Tonga_1988,0,228,9,only,only,RB,RB
5498,Tonga_1988,0,228,10,the,the,DT,DT
5499,Tonga_1988,0,228,11,nobles,nobles,NNS,NN
5500,Tonga_1988,0,228,12,of,of,IN,IN
5501,Tonga_1988,0,228,13,the,the,DT,DT
5502,Tonga_1988,0,228,14,Legislative,legislative,NNP,NN
5503,Tonga_1988,0,228,15,Assembly,assembly,NNP,NN
5504,Tonga_1988,0,228,16,to,to,TO,TO
5505,Tonga_1988,0,228,17,discuss,discuss,VB,VB
5506,Tonga_1988,0,228,18,or,or,CC,CC
5507,Tonga_1988,0,228,19,vote,vote,VB,VB
5508,Tonga_1988,0,228,20,upon,upon,IN,IN
5509,Tonga_1988,0,228,21,laws,laws,NNS,NN
5510,Tonga_1988,0,228,22,relating,relating,VBG,VB
5511,Tonga_1988,0,228,23,to,to,TO,TO
5512,Tonga_1988,0,228,24,the,the,DT,DT
5513,Tonga_1988,0,228,25,King,king,NNP,NN
5514,Tonga_1988,0,228,26,or,or,CC,CC
5515,Tonga_1988,0,228,27,the,the,DT,DT
5516,Tonga_1988,0,228,28,Royal,royal,NNP,NN
5517,Tonga_1988,0,228,29,Family,family,NNP,NN
5518,Tonga_1988,0,228,30,or,or,CC,CC
5519,Tonga_1988,0,228,31,the,the,DT,DT
5520,Tonga_1988,0,228,32,titles,titles,NNS,NN
5521,Tonga_1988,0,228,33,and,and,CC,CC
5522,Tonga_1988,0,228,34,inheritances,inheritances,NNS,NN
5523,Tonga_1988,0,228,35,of,of,IN,IN
5524,Tonga_1988,0,228,36,the,the,DT,DT
5525,Tonga_1988,0,228,37,nobles,nobles,NNS,NN
5526,Tonga_1988,0,228,38,and,and,CC,CC
5527,Tonga_1988,0,228,39,after,after,IN,IN
5528,Tonga_1988,0,228,40,any,any,DT,DT
5529,Tonga_1988,0,228,41,such,such,JJ,JJ
5530,Tonga_1988,0,228,42,bill,bill,NN,NN
5531,Tonga_1988,0,228,43,has,has,VBZ,VB
5532,Tonga_1988,0,228,44,been,been,VBN,VB
5533,Tonga_1988,0,228,45,passed,passed,VBN,VB
5534,Tonga_1988,0,228,46,three,three,CD,CD
5535,Tonga_1988,0,228,47,times,times,NNS,NN
5536,Tonga_1988,0,228,48,by,by,IN,IN
5537,Tonga_1988,0,228,49,a,a,DT,DT
5538,Tonga_1988,0,228,50,majority,majority,NN,NN
5539,Tonga_1988,0,228,51,of,of,IN,IN
5540,Tonga_1988,0,228,52,the,the,DT,DT
5541,Tonga_1988,0,228,53,nobles,nobles,NNS,NN
5542,Tonga_1988,0,228,54,of,of,IN,IN
5543,Tonga_1988,0,228,55,the,the,DT,DT
5544,Tonga_1988,0,228,56,Legislative,legislative,NNP,NN
5545,Tonga_1988,0,228,57,Assembly,assembly,NN,NN
5546,Tonga_1988,0,228,58,it,it,PRP,PR
5547,Tonga_1988,0,228,59,shall,shall,MD,MD
5548,Tonga_1988,0,228,60,be,be,VB,VB
5549,Tonga_1988,0,228,61,submitted,submitted,VBN,VB
5550,Tonga_1988,0,228,62,to,to,TO,TO
5551,Tonga_1988,0,228,63,the,the,DT,DT
5552,Tonga_1988,0,228,64,King,king,NNP,NN
5553,Tonga_1988,0,228,65,for,for,IN,IN
5554,Tonga_1988,0,228,66,his,his,PRP$,PR
5555,Tonga_1988,0,228,67,sanction,sanction,NN,NN
5556,Tonga_1988,0,229,1,Law,law,$,$
5557,Tonga_1988,0,229,2,1,1,CD,CD
5558,Tonga_1988,0,229,3,of,of,IN,IN
5559,Tonga_1988,0,229,4,1914,1914,CD,CD
5560,Tonga_1988,0,230,0,68,68,CD,CD
5561,Tonga_1988,0,231,0,King,king,VBG,VB
5562,Tonga_1988,0,231,1,'s,s,POS,PO
5563,Tonga_1988,0,231,2,veto,veto,NN,NN
5564,Tonga_1988,0,231,3,precludes,precludes,VBZ,VB
5565,Tonga_1988,0,231,4,discussion,discussion,NN,NN
5566,Tonga_1988,0,231,5,Share,share,NNP,NN
5567,Tonga_1988,0,231,6,Should,should,NNP,NN
5568,Tonga_1988,0,231,7,the,the,DT,DT
5569,Tonga_1988,0,231,8,King,king,NNP,NN
5570,Tonga_1988,0,231,9,withhold,withhold,VBD,VB
5571,Tonga_1988,0,231,10,his,his,PRP$,PR
5572,Tonga_1988,0,231,11,sanction,sanction,NN,NN
5573,Tonga_1988,0,231,12,from,from,IN,IN
5574,Tonga_1988,0,231,13,any,any,DT,DT
5575,Tonga_1988,0,231,14,law,law,NN,NN
5576,Tonga_1988,0,231,15,passed,passed,VBN,VB
5577,Tonga_1988,0,231,16,by,by,IN,IN
5578,Tonga_1988,0,231,17,the,the,DT,DT
5579,Tonga_1988,0,231,18,Legislative,legislative,NNP,NN
5580,Tonga_1988,0,231,19,Assembly,assembly,NNP,NN
5581,Tonga_1988,0,231,20,and,and,CC,CC
5582,Tonga_1988,0,231,21,submitted,submitted,VBN,VB
5583,Tonga_1988,0,231,22,to,to,TO,TO
5584,Tonga_1988,0,231,23,him,him,PRP,PR
5585,Tonga_1988,0,231,24,for,for,IN,IN
5586,Tonga_1988,0,231,25,approval,approval,NN,NN
5587,Tonga_1988,0,231,26,it,it,PRP,PR
5588,Tonga_1988,0,231,27,shall,shall,MD,MD
5589,Tonga_1988,0,231,28,be,be,VB,VB
5590,Tonga_1988,0,231,29,unlawful,unlawful,JJ,JJ
5591,Tonga_1988,0,231,30,for,for,IN,IN
5592,Tonga_1988,0,231,31,the,the,DT,DT
5593,Tonga_1988,0,231,32,Legislative,legislative,NNP,NN
5594,Tonga_1988,0,231,33,Assembly,assembly,NNP,NN
5595,Tonga_1988,0,231,34,again,again,RB,RB
5596,Tonga_1988,0,231,35,to,to,TO,TO
5597,Tonga_1988,0,231,36,discuss,discuss,VB,VB
5598,Tonga_1988,0,231,37,such,such,JJ,JJ
5599,Tonga_1988,0,231,38,law,law,NN,NN
5600,Tonga_1988,0,231,39,until,until,IN,IN
5601,Tonga_1988,0,231,40,the,the,DT,DT
5602,Tonga_1988,0,231,41,following,following,JJ,JJ
5603,Tonga_1988,0,231,42,session,session,NN,NN
5604,Tonga_1988,0,232,0,69,69,CD,CD
5605,Tonga_1988,0,233,0,Quorum,quorum,NNP,NN
5606,Tonga_1988,0,233,1,Share,share,NNP,NN
5607,Tonga_1988,0,233,2,It,it,PRP,PR
5608,Tonga_1988,0,233,3,shall,shall,MD,MD
5609,Tonga_1988,0,233,4,be,be,VB,VB
5610,Tonga_1988,0,233,5,lawful,lawful,JJ,JJ
5611,Tonga_1988,0,233,6,for,for,IN,IN
5612,Tonga_1988,0,233,7,the,the,DT,DT
5613,Tonga_1988,0,233,8,Legislative,legislative,NNP,NN
5614,Tonga_1988,0,233,9,Assembly,assembly,NNP,NN
5615,Tonga_1988,0,233,10,to,to,TO,TO
5616,Tonga_1988,0,233,11,pass,pass,VB,VB
5617,Tonga_1988,0,233,12,judgment,judgment,NN,NN
5618,Tonga_1988,0,233,13,upon,upon,IN,IN
5619,Tonga_1988,0,233,14,its,its,PRP$,PR
5620,Tonga_1988,0,233,15,members,members,NNS,NN
5621,Tonga_1988,0,233,16,for,for,IN,IN
5622,Tonga_1988,0,233,17,their,their,PRP$,PR
5623,Tonga_1988,0,233,18,acts,acts,NNS,NN
5624,Tonga_1988,0,233,19,or,or,CC,CC
5625,Tonga_1988,0,233,20,conduct,conduct,NN,NN
5626,Tonga_1988,0,233,21,as,as,IN,IN
5627,Tonga_1988,0,233,22,members,members,NNS,NN
5628,Tonga_1988,0,233,23,of,of,IN,IN
5629,Tonga_1988,0,233,24,the,the,DT,DT
5630,Tonga_1988,0,233,25,Legislative,legislative,NNP,NN
5631,Tonga_1988,0,233,26,Assembly,assembly,NNP,NN
5632,Tonga_1988,0,233,27,and,and,CC,CC
5633,Tonga_1988,0,233,28,although,although,IN,IN
5634,Tonga_1988,0,233,29,all,all,PDT,PD
5635,Tonga_1988,0,233,30,the,the,DT,DT
5636,Tonga_1988,0,233,31,members,members,NNS,NN
5637,Tonga_1988,0,233,32,may,may,MD,MD
5638,Tonga_1988,0,233,33,not,not,RB,RB
5639,Tonga_1988,0,233,34,be,be,VB,VB
5640,Tonga_1988,0,233,35,present,present,JJ,JJ
5641,Tonga_1988,0,233,36,it,it,PRP,PR
5642,Tonga_1988,0,233,37,shall,shall,MD,MD
5643,Tonga_1988,0,233,38,be,be,VB,VB
5644,Tonga_1988,0,233,39,lawful,lawful,JJ,JJ
5645,Tonga_1988,0,233,40,for,for,IN,IN
5646,Tonga_1988,0,233,41,the,the,DT,DT
5647,Tonga_1988,0,233,42,Legislative,legislative,NNP,NN
5648,Tonga_1988,0,233,43,Assembly,assembly,NNP,NN
5649,Tonga_1988,0,233,44,to,to,TO,TO
5650,Tonga_1988,0,233,45,discuss,discuss,VB,VB
5651,Tonga_1988,0,233,46,and,and,CC,CC
5652,Tonga_1988,0,233,47,pass,pass,VB,VB
5653,Tonga_1988,0,233,48,laws,laws,NNS,NN
5654,Tonga_1988,0,233,49,and,and,CC,CC
5655,Tonga_1988,0,233,50,transact,transact,NN,NN
5656,Tonga_1988,0,233,51,business,business,NN,NN
5657,Tonga_1988,0,233,52,should,should,MD,MD
5658,Tonga_1988,0,233,53,one-half,onehalf,VB,VB
5659,Tonga_1988,0,233,54,of,of,IN,IN
5660,Tonga_1988,0,233,55,its,its,PRP$,PR
5661,Tonga_1988,0,233,56,members,members,NNS,NN
5662,Tonga_1988,0,233,57,be,be,VB,VB
5663,Tonga_1988,0,233,58,present,present,JJ,JJ
5664,Tonga_1988,0,233,59,but,but,CC,CC
5665,Tonga_1988,0,233,60,should,should,MD,MD
5666,Tonga_1988,0,233,61,there,there,RB,RB
5667,Tonga_1988,0,233,62,be,be,VB,VB
5668,Tonga_1988,0,233,63,less,less,JJR,JJ
5669,Tonga_1988,0,233,64,than,than,IN,IN
5670,Tonga_1988,0,233,65,one-half,onehalf,JJ,JJ
5671,Tonga_1988,0,233,66,present,present,JJ,JJ
5672,Tonga_1988,0,233,67,the,the,DT,DT
5673,Tonga_1988,0,233,68,Legislative,legislative,JJ,JJ
5674,Tonga_1988,0,233,69,Assembly,assembly,NNP,NN
5675,Tonga_1988,0,233,70,shall,shall,MD,MD
5676,Tonga_1988,0,233,71,stand,stand,VB,VB
5677,Tonga_1988,0,233,72,adjourned,adjourned,VBN,VB
5678,Tonga_1988,0,233,73,to,to,TO,TO
5679,Tonga_1988,0,233,74,another,another,DT,DT
5680,Tonga_1988,0,233,75,day,day,NN,NN
5681,Tonga_1988,0,233,76,and,and,CC,CC
5682,Tonga_1988,0,233,77,if,if,IN,IN
5683,Tonga_1988,0,233,78,at,at,IN,IN
5684,Tonga_1988,0,233,79,such,such,JJ,JJ
5685,Tonga_1988,0,233,80,adjourned,adjourned,JJ,JJ
5686,Tonga_1988,0,233,81,meeting,meeting,NN,NN
5687,Tonga_1988,0,233,82,there,there,EX,EX
5688,Tonga_1988,0,233,83,should,should,MD,MD
5689,Tonga_1988,0,233,84,be,be,VB,VB
5690,Tonga_1988,0,233,85,still,still,RB,RB
5691,Tonga_1988,0,233,86,less,less,JJR,JJ
5692,Tonga_1988,0,233,87,than,than,IN,IN
5693,Tonga_1988,0,233,88,half,half,PDT,PD
5694,Tonga_1988,0,233,89,the,the,DT,DT
5695,Tonga_1988,0,233,90,members,members,NNS,NN
5696,Tonga_1988,0,233,91,present,present,VBP,VB
5697,Tonga_1988,0,233,92,it,it,PRP,PR
5698,Tonga_1988,0,233,93,shall,shall,MD,MD
5699,Tonga_1988,0,233,94,be,be,VB,VB
5700,Tonga_1988,0,233,95,lawful,lawful,JJ,JJ
5701,Tonga_1988,0,233,96,for,for,IN,IN
5702,Tonga_1988,0,233,97,the,the,DT,DT
5703,Tonga_1988,0,233,98,King,king,NNP,NN
5704,Tonga_1988,0,233,99,or,or,CC,CC
5705,Tonga_1988,0,233,100,the,the,DT,DT
5706,Tonga_1988,0,233,101,Speaker,speaker,NNP,NN
5707,Tonga_1988,0,233,102,of,of,IN,IN
5708,Tonga_1988,0,233,103,the,the,DT,DT
5709,Tonga_1988,0,233,104,Assembly,assembly,NNP,NN
5710,Tonga_1988,0,233,105,to,to,TO,TO
5711,Tonga_1988,0,233,106,command,command,VB,VB
5712,Tonga_1988,0,233,107,the,the,DT,DT
5713,Tonga_1988,0,233,108,presence,presence,NN,NN
5714,Tonga_1988,0,233,109,of,of,IN,IN
5715,Tonga_1988,0,233,110,all,all,PDT,PD
5716,Tonga_1988,0,233,111,the,the,DT,DT
5717,Tonga_1988,0,233,112,members,members,NNS,NN
5718,Tonga_1988,0,233,113,and,and,CC,CC
5719,Tonga_1988,0,233,114,if,if,IN,IN
5720,Tonga_1988,0,233,115,any,any,DT,DT
5721,Tonga_1988,0,233,116,fail,fail,NN,NN
5722,Tonga_1988,0,233,117,to,to,TO,TO
5723,Tonga_1988,0,233,118,attend,attend,VB,VB
5724,Tonga_1988,0,233,119,on,on,IN,IN
5725,Tonga_1988,0,233,120,such,such,JJ,JJ
5726,Tonga_1988,0,233,121,command,command,NN,NN
5727,Tonga_1988,0,233,122,it,it,PRP,PR
5728,Tonga_1988,0,233,123,shall,shall,MD,MD
5729,Tonga_1988,0,233,124,be,be,VB,VB
5730,Tonga_1988,0,233,125,lawful,lawful,JJ,JJ
5731,Tonga_1988,0,233,126,to,to,TO,TO
5732,Tonga_1988,0,233,127,inflict,inflict,VB,VB
5733,Tonga_1988,0,233,128,punishment,punishment,NN,NN
5734,Tonga_1988,0,233,129,for,for,IN,IN
5735,Tonga_1988,0,233,130,such,such,JJ,JJ
5736,Tonga_1988,0,233,131,disobedience,disobedience,NN,NN
5737,Tonga_1988,0,233,132,such,such,JJ,JJ
5738,Tonga_1988,0,233,133,punishment,punishment,NN,NN
5739,Tonga_1988,0,233,134,to,to,TO,TO
5740,Tonga_1988,0,233,135,be,be,VB,VB
5741,Tonga_1988,0,233,136,determined,determined,VBN,VB
5742,Tonga_1988,0,233,137,by,by,IN,IN
5743,Tonga_1988,0,233,138,the,the,DT,DT
5744,Tonga_1988,0,233,139,Legislative,legislative,NNP,NN
5745,Tonga_1988,0,233,140,Assembly,assembly,NNP,NN
5746,Tonga_1988,0,234,1,Law,law,$,$
5747,Tonga_1988,0,234,2,1,1,CD,CD
5748,Tonga_1988,0,234,3,of,of,IN,IN
5749,Tonga_1988,0,234,4,1914,1914,CD,CD
5750,Tonga_1988,0,235,0,70,70,CD,CD
5751,Tonga_1988,0,236,0,Contempt,contempt,NN,NN
5752,Tonga_1988,0,236,1,of,of,IN,IN
5753,Tonga_1988,0,236,2,Assembly,assembly,NNP,NN
5754,Tonga_1988,0,236,3,punishable,punishable,JJ,JJ
5755,Tonga_1988,0,236,4,Share,share,NNP,NN
5756,Tonga_1988,0,236,5,If,if,IN,IN
5757,Tonga_1988,0,236,6,anyone,anyone,NN,NN
5758,Tonga_1988,0,236,7,shall,shall,MD,MD
5759,Tonga_1988,0,236,8,speak,speak,VB,VB
5760,Tonga_1988,0,236,9,or,or,CC,CC
5761,Tonga_1988,0,236,10,act,act,VB,VB
5762,Tonga_1988,0,236,11,disrespectfully,disrespectfully,RB,RB
5763,Tonga_1988,0,236,12,in,in,IN,IN
5764,Tonga_1988,0,236,13,the,the,DT,DT
5765,Tonga_1988,0,236,14,presence,presence,NN,NN
5766,Tonga_1988,0,236,15,of,of,IN,IN
5767,Tonga_1988,0,236,16,the,the,DT,DT
5768,Tonga_1988,0,236,17,Legislative,legislative,NNP,NN
5769,Tonga_1988,0,236,18,Assembly,assembly,NN,NN
5770,Tonga_1988,0,236,19,it,it,PRP,PR
5771,Tonga_1988,0,236,20,shall,shall,MD,MD
5772,Tonga_1988,0,236,21,be,be,VB,VB
5773,Tonga_1988,0,236,22,lawful,lawful,JJ,JJ
5774,Tonga_1988,0,236,23,to,to,TO,TO
5775,Tonga_1988,0,236,24,imprison,imprison,VB,VB
5776,Tonga_1988,0,236,25,him,him,PRP,PR
5777,Tonga_1988,0,236,26,for,for,IN,IN
5778,Tonga_1988,0,236,27,thirty,thirty,NN,NN
5779,Tonga_1988,0,236,28,days,days,NNS,NN
5780,Tonga_1988,0,236,29,and,and,CC,CC
5781,Tonga_1988,0,236,30,whoever,whoever,VB,VB
5782,Tonga_1988,0,236,31,shall,shall,MD,MD
5783,Tonga_1988,0,236,32,publish,publish,VB,VB
5784,Tonga_1988,0,236,33,any,any,DT,DT
5785,Tonga_1988,0,236,34,libel,libel,NN,NN
5786,Tonga_1988,0,236,35,on,on,IN,IN
5787,Tonga_1988,0,236,36,the,the,DT,DT
5788,Tonga_1988,0,236,37,Legislative,legislative,NNP,NN
5789,Tonga_1988,0,236,38,Assembly,assembly,NNP,NN
5790,Tonga_1988,0,236,40,or,or,CC,CC
5791,Tonga_1988,0,236,41,threaten,threaten,VB,VB
5792,Tonga_1988,0,236,42,any,any,DT,DT
5793,Tonga_1988,0,236,43,member,member,NN,NN
5794,Tonga_1988,0,236,44,or,or,CC,CC
5795,Tonga_1988,0,236,45,his,his,PRP$,PR
5796,Tonga_1988,0,236,46,property,property,NN,NN
5797,Tonga_1988,0,236,48,or,or,CC,CC
5798,Tonga_1988,0,236,49,rescue,rescue,VB,VB
5799,Tonga_1988,0,236,50,any,any,DT,DT
5800,Tonga_1988,0,236,51,person,person,NN,NN
5801,Tonga_1988,0,236,52,whose,whose,WP$,WP
5802,Tonga_1988,0,236,53,arrest,arrest,NN,NN
5803,Tonga_1988,0,236,54,has,has,VBZ,VB
5804,Tonga_1988,0,236,55,been,been,VBN,VB
5805,Tonga_1988,0,236,56,ordered,ordered,VBN,VB
5806,Tonga_1988,0,236,57,by,by,IN,IN
5807,Tonga_1988,0,236,58,the,the,DT,DT
5808,Tonga_1988,0,236,59,Legislative,legislative,NNP,NN
5809,Tonga_1988,0,236,60,Assembly,assembly,NNP,NN
5810,Tonga_1988,0,236,62,may,may,MD,MD
5811,Tonga_1988,0,236,63,be,be,VB,VB
5812,Tonga_1988,0,236,64,imprisoned,imprisoned,VBN,VB
5813,Tonga_1988,0,236,65,for,for,IN,IN
5814,Tonga_1988,0,236,66,not,not,RB,RB
5815,Tonga_1988,0,236,67,exceeding,exceeding,VBG,VB
5816,Tonga_1988,0,236,68,thirty,thirty,JJ,JJ
5817,Tonga_1988,0,236,69,days,days,NNS,NN
5818,Tonga_1988,0,237,0,71,71,CD,CD
5819,Tonga_1988,0,238,0,Noble,noble,JJ,JJ
5820,Tonga_1988,0,238,1,may,may,MD,MD
5821,Tonga_1988,0,238,2,be,be,VB,VB
5822,Tonga_1988,0,238,3,deprived,deprived,VBN,VB
5823,Tonga_1988,0,238,4,of,of,IN,IN
5824,Tonga_1988,0,238,5,his,his,PRP$,PR
5825,Tonga_1988,0,238,6,seat,seat,NN,NN
5826,Tonga_1988,0,238,7,Share,share,NNP,NN
5827,Tonga_1988,0,238,8,Should,should,NNP,NN
5828,Tonga_1988,0,238,9,any,any,DT,DT
5829,Tonga_1988,0,238,10,representative,representative,NN,NN
5830,Tonga_1988,0,238,11,of,of,IN,IN
5831,Tonga_1988,0,238,12,the,the,DT,DT
5832,Tonga_1988,0,238,13,nobles,nobles,NNS,NN
5833,Tonga_1988,0,238,14,be,be,VB,VB
5834,Tonga_1988,0,238,15,guilty,guilty,JJ,JJ
5835,Tonga_1988,0,238,16,of,of,IN,IN
5836,Tonga_1988,0,238,17,conduct,conduct,NN,NN
5837,Tonga_1988,0,238,18,unbecoming,unbecoming,VBG,VB
5838,Tonga_1988,0,238,19,his,his,PRP$,PR
5839,Tonga_1988,0,238,20,position,position,NN,NN
5840,Tonga_1988,0,238,21,whether,whether,IN,IN
5841,Tonga_1988,0,238,22,during,during,IN,IN
5842,Tonga_1988,0,238,23,the,the,DT,DT
5843,Tonga_1988,0,238,24,session,session,NN,NN
5844,Tonga_1988,0,238,25,of,of,IN,IN
5845,Tonga_1988,0,238,26,the,the,DT,DT
5846,Tonga_1988,0,238,27,Legislative,legislative,NNP,NN
5847,Tonga_1988,0,238,28,Assembly,assembly,NNP,NN
5848,Tonga_1988,0,238,29,or,or,CC,CC
5849,Tonga_1988,0,238,30,not,not,RB,RB
5850,Tonga_1988,0,238,31,he,he,PRP,PR
5851,Tonga_1988,0,238,32,may,may,MD,MD
5852,Tonga_1988,0,238,33,be,be,VB,VB
5853,Tonga_1988,0,238,34,tried,tried,VBN,VB
5854,Tonga_1988,0,238,35,and,and,CC,CC
5855,Tonga_1988,0,238,36,deprived,deprived,VBN,VB
5856,Tonga_1988,0,238,37,of,of,IN,IN
5857,Tonga_1988,0,238,38,his,his,PRP$,PR
5858,Tonga_1988,0,238,39,office,office,NN,NN
5859,Tonga_1988,0,238,40,by,by,IN,IN
5860,Tonga_1988,0,238,41,the,the,DT,DT
5861,Tonga_1988,0,238,42,nobles,nobles,NNS,NN
5862,Tonga_1988,0,238,43,of,of,IN,IN
5863,Tonga_1988,0,238,44,the,the,DT,DT
5864,Tonga_1988,0,238,45,Legislative,legislative,NNP,NN
5865,Tonga_1988,0,238,46,Assembly,assembly,NNP,NN
5866,Tonga_1988,0,238,47,but,but,CC,CC
5867,Tonga_1988,0,238,48,the,the,DT,DT
5868,Tonga_1988,0,238,49,representatives,representatives,NNS,NN
5869,Tonga_1988,0,238,50,of,of,IN,IN
5870,Tonga_1988,0,238,51,the,the,DT,DT
5871,Tonga_1988,0,238,52,people,people,NNS,NN
5872,Tonga_1988,0,238,53,shall,shall,MD,MD
5873,Tonga_1988,0,238,54,not,not,RB,RB
5874,Tonga_1988,0,238,55,take,take,VB,VB
5875,Tonga_1988,0,238,56,part,part,NN,NN
5876,Tonga_1988,0,238,57,in,in,IN,IN
5877,Tonga_1988,0,238,58,his,his,PRP$,PR
5878,Tonga_1988,0,238,59,trial,trial,NN,NN
5879,Tonga_1988,0,238,60,and,and,CC,CC
5880,Tonga_1988,0,238,61,if,if,IN,IN
5881,Tonga_1988,0,238,62,he,he,PRP,PR
5882,Tonga_1988,0,238,63,be,be,VB,VB
5883,Tonga_1988,0,238,64,deposed,deposed,VBN,VB
5884,Tonga_1988,0,238,65,another,another,DT,DT
5885,Tonga_1988,0,238,66,noble,noble,JJ,JJ
5886,Tonga_1988,0,238,67,shall,shall,MD,MD
5887,Tonga_1988,0,238,68,be,be,VB,VB
5888,Tonga_1988,0,238,69,elected,elected,VBN,VB
5889,Tonga_1988,0,238,70,to,to,TO,TO
5890,Tonga_1988,0,238,71,succeed,succeed,VB,VB
5891,Tonga_1988,0,238,72,to,to,TO,TO
5892,Tonga_1988,0,238,73,his,his,PRP$,PR
5893,Tonga_1988,0,238,74,seat,seat,NN,NN
5894,Tonga_1988,0,238,75,in,in,IN,IN
5895,Tonga_1988,0,238,76,the,the,DT,DT
5896,Tonga_1988,0,238,77,Legislative,legislative,JJ,JJ
5897,Tonga_1988,0,238,78,Assembly,assembly,NN,NN
5898,Tonga_1988,0,238,79,but,but,CC,CC
5899,Tonga_1988,0,238,80,his,his,PRP$,PR
5900,Tonga_1988,0,238,81,title,title,NN,NN
5901,Tonga_1988,0,238,82,and,and,CC,CC
5902,Tonga_1988,0,238,83,hereditary,hereditary,JJ,JJ
5903,Tonga_1988,0,238,84,estates,estates,NNS,NN
5904,Tonga_1988,0,238,85,shall,shall,MD,MD
5905,Tonga_1988,0,238,86,not,not,RB,RB
5906,Tonga_1988,0,238,87,be,be,VB,VB
5907,Tonga_1988,0,238,88,confiscated,confiscated,VBN,VB
5908,Tonga_1988,0,238,89,except,except,IN,IN
5909,Tonga_1988,0,238,90,for,for,IN,IN
5910,Tonga_1988,0,238,91,treason,treason,NN,NN
5911,Tonga_1988,0,238,92,or,or,CC,CC
5912,Tonga_1988,0,238,93,sedition,sedition,NN,NN
5913,Tonga_1988,0,239,1,Law,law,$,$
5914,Tonga_1988,0,239,2,1,1,CD,CD
5915,Tonga_1988,0,239,3,of,of,IN,IN
5916,Tonga_1988,0,239,4,1914,1914,CD,CD
5917,Tonga_1988,0,240,0,72,72,CD,CD
5918,Tonga_1988,0,241,0,Journal,journal,NNP,NN
5919,Tonga_1988,0,241,1,Share,share,NNP,NN
5920,Tonga_1988,0,241,2,A,a,NNP,NN
5921,Tonga_1988,0,241,3,journal,journal,NN,NN
5922,Tonga_1988,0,241,4,of,of,IN,IN
5923,Tonga_1988,0,241,5,the,the,DT,DT
5924,Tonga_1988,0,241,6,proceedings,proceedings,NNS,NN
5925,Tonga_1988,0,241,7,of,of,IN,IN
5926,Tonga_1988,0,241,8,the,the,DT,DT
5927,Tonga_1988,0,241,9,Legislative,legislative,NNP,NN
5928,Tonga_1988,0,241,10,Assembly,assembly,NNP,NN
5929,Tonga_1988,0,241,11,shall,shall,MD,MD
5930,Tonga_1988,0,241,12,be,be,VB,VB
5931,Tonga_1988,0,241,13,kept,kept,VBN,VB
5932,Tonga_1988,0,241,14,and,and,CC,CC
5933,Tonga_1988,0,241,15,the,the,DT,DT
5934,Tonga_1988,0,241,16,votes,votes,NNS,NN
5935,Tonga_1988,0,241,17,of,of,IN,IN
5936,Tonga_1988,0,241,18,each,each,DT,DT
5937,Tonga_1988,0,241,19,member,member,NN,NN
5938,Tonga_1988,0,241,20,present,present,NN,NN
5939,Tonga_1988,0,241,21,for,for,IN,IN
5940,Tonga_1988,0,241,22,and,and,CC,CC
5941,Tonga_1988,0,241,23,against,against,IN,IN
5942,Tonga_1988,0,241,24,every,every,DT,DT
5943,Tonga_1988,0,241,25,motion,motion,NN,NN
5944,Tonga_1988,0,241,26,or,or,CC,CC
5945,Tonga_1988,0,241,27,resolution,resolution,NN,NN
5946,Tonga_1988,0,241,28,shall,shall,MD,MD
5947,Tonga_1988,0,241,29,be,be,VB,VB
5948,Tonga_1988,0,241,30,recorded,recorded,VBN,VB
5949,Tonga_1988,0,241,31,in,in,IN,IN
5950,Tonga_1988,0,241,32,the,the,DT,DT
5951,Tonga_1988,0,241,33,journal,journal,NN,NN
5952,Tonga_1988,0,242,1,Law,law,$,$
5953,Tonga_1988,0,242,2,1,1,CD,CD
5954,Tonga_1988,0,242,3,of,of,IN,IN
5955,Tonga_1988,0,242,4,1914,1914,CD,CD
5956,Tonga_1988,0,243,0,73,73,CD,CD
5957,Tonga_1988,0,244,0,Immunity,immunity,NN,NN
5958,Tonga_1988,0,244,1,from,from,IN,IN
5959,Tonga_1988,0,244,2,arrest,arrest,NN,NN
5960,Tonga_1988,0,244,3,Share,share,NNP,NN
5961,Tonga_1988,0,244,4,The,the,DT,DT
5962,Tonga_1988,0,244,5,members,members,NNS,NN
5963,Tonga_1988,0,244,6,of,of,IN,IN
5964,Tonga_1988,0,244,7,the,the,DT,DT
5965,Tonga_1988,0,244,8,Legislative,legislative,NNP,NN
5966,Tonga_1988,0,244,9,Assembly,assembly,NNP,NN
5967,Tonga_1988,0,244,10,shall,shall,MD,MD
5968,Tonga_1988,0,244,11,be,be,VB,VB
5969,Tonga_1988,0,244,12,free,free,JJ,JJ
5970,Tonga_1988,0,244,13,from,from,IN,IN
5971,Tonga_1988,0,244,14,arrest,arrest,NN,NN
5972,Tonga_1988,0,244,15,and,and,CC,CC
5973,Tonga_1988,0,244,16,judgment,judgment,NN,NN
5974,Tonga_1988,0,244,17,whilst,whilst,NN,NN
5975,Tonga_1988,0,244,18,it,it,PRP,PR
5976,Tonga_1988,0,244,19,is,is,VBZ,VB
5977,Tonga_1988,0,244,20,sitting,sitting,VBG,VB
5978,Tonga_1988,0,244,21,except,except,IN,IN
5979,Tonga_1988,0,244,22,for,for,IN,IN
5980,Tonga_1988,0,244,23,indictable,indictable,JJ,JJ
5981,Tonga_1988,0,244,24,offences,offences,NNS,NN
5982,Tonga_1988,0,244,25,and,and,CC,CC
5983,Tonga_1988,0,244,26,no,no,DT,DT
5984,Tonga_1988,0,244,27,member,member,NN,NN
5985,Tonga_1988,0,244,28,of,of,IN,IN
5986,Tonga_1988,0,244,29,the,the,DT,DT
5987,Tonga_1988,0,244,30,House,house,NNP,NN
5988,Tonga_1988,0,244,31,shall,shall,MD,MD
5989,Tonga_1988,0,244,32,be,be,VB,VB
5990,Tonga_1988,0,244,33,liable,liable,JJ,JJ
5991,Tonga_1988,0,244,34,for,for,IN,IN
5992,Tonga_1988,0,244,35,anything,anything,NN,NN
5993,Tonga_1988,0,244,36,he,he,PRP,PR
5994,Tonga_1988,0,244,37,may,may,MD,MD
5995,Tonga_1988,0,244,38,have,have,VB,VB
5996,Tonga_1988,0,244,39,said,said,VBD,VB
5997,Tonga_1988,0,244,40,or,or,CC,CC
5998,Tonga_1988,0,244,41,published,published,VBN,VB
5999,Tonga_1988,0,244,42,in,in,IN,IN
6000,Tonga_1988,0,244,43,the,the,DT,DT
6001,Tonga_1988,0,244,44,Legislative,legislative,NNP,NN
6002,Tonga_1988,0,244,45,Assembly,assembly,NNP,NN
6003,Tonga_1988,0,245,1,Law,law,$,$
6004,Tonga_1988,0,245,2,1,1,CD,CD
6005,Tonga_1988,0,245,3,of,of,IN,IN
6006,Tonga_1988,0,245,4,1914,1914,CD,CD
6007,Tonga_1988,0,246,0,74,74,CD,CD
6008,Tonga_1988,0,247,0,Resignation,resignation,NNP,NN
6009,Tonga_1988,0,247,1,Share,share,NNP,NN
6010,Tonga_1988,0,247,2,Any,any,NNP,NN
6011,Tonga_1988,0,247,3,representative,representative,NN,NN
6012,Tonga_1988,0,247,4,of,of,IN,IN
6013,Tonga_1988,0,247,5,the,the,DT,DT
6014,Tonga_1988,0,247,6,nobles,nobles,NNS,NN
6015,Tonga_1988,0,247,7,or,or,CC,CC
6016,Tonga_1988,0,247,8,of,of,IN,IN
6017,Tonga_1988,0,247,9,the,the,DT,DT
6018,Tonga_1988,0,247,10,people,people,NNS,NN
6019,Tonga_1988,0,247,11,who,who,WP,WP
6020,Tonga_1988,0,247,12,may,may,MD,MD
6021,Tonga_1988,0,247,13,wish,wish,VB,VB
6022,Tonga_1988,0,247,14,to,to,TO,TO
6023,Tonga_1988,0,247,15,resign,resign,VB,VB
6024,Tonga_1988,0,247,16,his,his,PRP$,PR
6025,Tonga_1988,0,247,17,seat,seat,NN,NN
6026,Tonga_1988,0,247,18,in,in,IN,IN
6027,Tonga_1988,0,247,19,the,the,DT,DT
6028,Tonga_1988,0,247,20,Legislative,legislative,NNP,NN
6029,Tonga_1988,0,247,21,Assembly,assembly,NNP,NN
6030,Tonga_1988,0,247,22,may,may,MD,MD
6031,Tonga_1988,0,247,23,tender,tender,VB,VB
6032,Tonga_1988,0,247,24,his,his,PRP$,PR
6033,Tonga_1988,0,247,25,resignation,resignation,NN,NN
6034,Tonga_1988,0,247,26,in,in,IN,IN
6035,Tonga_1988,0,247,27,writing,writing,VBG,VB
6036,Tonga_1988,0,247,28,to,to,TO,TO
6037,Tonga_1988,0,247,29,the,the,DT,DT
6038,Tonga_1988,0,247,30,Speaker,speaker,NNP,NN
6039,Tonga_1988,0,247,31,and,and,CC,CC
6040,Tonga_1988,0,247,32,his,his,PRP$,PR
6041,Tonga_1988,0,247,33,connection,connection,NN,NN
6042,Tonga_1988,0,247,34,with,with,IN,IN
6043,Tonga_1988,0,247,35,the,the,DT,DT
6044,Tonga_1988,0,247,36,Legislative,legislative,NNP,NN
6045,Tonga_1988,0,247,37,Assembly,assembly,NNP,NN
6046,Tonga_1988,0,247,38,shall,shall,MD,MD
6047,Tonga_1988,0,247,39,cease,cease,VB,VB
6048,Tonga_1988,0,247,40,when,when,WRB,WR
6049,Tonga_1988,0,247,41,he,he,PRP,PR
6050,Tonga_1988,0,247,42,tenders,tenders,VBZ,VB
6051,Tonga_1988,0,247,43,his,his,PRP$,PR
6052,Tonga_1988,0,247,44,resignation,resignation,NN,NN
6053,Tonga_1988,0,248,1,Law,law,$,$
6054,Tonga_1988,0,248,2,1,1,CD,CD
6055,Tonga_1988,0,248,3,of,of,IN,IN
6056,Tonga_1988,0,248,4,1914,1914,CD,CD
6057,Tonga_1988,0,249,0,75,75,CD,CD
6058,Tonga_1988,0,250,0,Impeachment,impeachment,NNP,NN
6059,Tonga_1988,0,250,1,Share,share,NNP,NN
6060,Tonga_1988,0,250,2,1,1,CD,CD
6061,Tonga_1988,0,251,0,It,it,PRP,PR
6062,Tonga_1988,0,251,1,shall,shall,MD,MD
6063,Tonga_1988,0,251,2,be,be,VB,VB
6064,Tonga_1988,0,251,3,lawful,lawful,JJ,JJ
6065,Tonga_1988,0,251,4,for,for,IN,IN
6066,Tonga_1988,0,251,5,the,the,DT,DT
6067,Tonga_1988,0,251,6,members,members,NNS,NN
6068,Tonga_1988,0,251,7,of,of,IN,IN
6069,Tonga_1988,0,251,8,the,the,DT,DT
6070,Tonga_1988,0,251,9,Legislative,legislative,NNP,NN
6071,Tonga_1988,0,251,10,Assembly,assembly,NNP,NN
6072,Tonga_1988,0,251,11,to,to,TO,TO
6073,Tonga_1988,0,251,12,impeach,impeach,VB,VB
6074,Tonga_1988,0,251,13,any,any,DT,DT
6075,Tonga_1988,0,251,14,Privy,privy,NNP,NN
6076,Tonga_1988,0,251,15,Councillor,councillor,NNP,NN
6077,Tonga_1988,0,251,17,Minister,minister,NNP,NN
6078,Tonga_1988,0,251,19,Governor,governor,NNP,NN
6079,Tonga_1988,0,251,21,or,or,CC,CC
6080,Tonga_1988,0,251,22,Judge,judge,NNP,NN
6081,Tonga_1988,0,251,23,for,for,IN,IN
6082,Tonga_1988,0,251,24,any,any,DT,DT
6083,Tonga_1988,0,251,25,of,of,IN,IN
6084,Tonga_1988,0,251,26,the,the,DT,DT
6085,Tonga_1988,0,251,27,following,following,JJ,JJ
6086,Tonga_1988,0,251,28,offences,offences,NNS,NN
6087,Tonga_1988,0,251,30,Breach,breach,NN,NN
6088,Tonga_1988,0,251,31,of,of,IN,IN
6089,Tonga_1988,0,251,32,the,the,DT,DT
6090,Tonga_1988,0,251,33,laws,laws,NNS,NN
6091,Tonga_1988,0,251,34,or,or,CC,CC
6092,Tonga_1988,0,251,35,the,the,DT,DT
6093,Tonga_1988,0,251,36,resolutions,resolutions,NNS,NN
6094,Tonga_1988,0,251,37,of,of,IN,IN
6095,Tonga_1988,0,251,38,the,the,DT,DT
6096,Tonga_1988,0,251,39,Legislative,legislative,NNP,NN
6097,Tonga_1988,0,251,40,Assembly,assembly,NNP,NN
6098,Tonga_1988,0,251,42,maladministration,maladministration,NN,NN
6099,Tonga_1988,0,251,44,incompetency,incompetency,NN,NN
6100,Tonga_1988,0,251,46,destruction,destruction,NN,NN
6101,Tonga_1988,0,251,47,or,or,CC,CC
6102,Tonga_1988,0,251,48,embezzlement,embezzlement,NN,NN
6103,Tonga_1988,0,251,49,of,of,IN,IN
6104,Tonga_1988,0,251,50,Government,government,NNP,NN
6105,Tonga_1988,0,251,51,property,property,NN,NN
6106,Tonga_1988,0,251,53,or,or,CC,CC
6107,Tonga_1988,0,251,54,the,the,DT,DT
6108,Tonga_1988,0,251,55,performance,performance,NN,NN
6109,Tonga_1988,0,251,56,of,of,IN,IN
6110,Tonga_1988,0,251,57,acts,acts,NNS,NN
6111,Tonga_1988,0,251,58,which,which,WDT,WD
6112,Tonga_1988,0,251,59,may,may,MD,MD
6113,Tonga_1988,0,251,60,lead,lead,VB,VB
6114,Tonga_1988,0,251,61,to,to,TO,TO
6115,Tonga_1988,0,251,62,difficulties,difficulties,NNS,NN
6116,Tonga_1988,0,251,63,between,between,IN,IN
6117,Tonga_1988,0,251,64,this,this,DT,DT
6118,Tonga_1988,0,251,65,and,and,CC,CC
6119,Tonga_1988,0,251,66,another,another,DT,DT
6120,Tonga_1988,0,251,67,country,country,NN,NN
6121,Tonga_1988,0,252,1,Law,law,$,$
6122,Tonga_1988,0,252,2,1,1,CD,CD
6123,Tonga_1988,0,252,3,of,of,IN,IN
6124,Tonga_1988,0,252,4,1914,1914,CD,CD
6125,Tonga_1988,0,253,0,2,2,CD,CD
6126,Tonga_1988,0,254,0,The,the,DT,DT
6127,Tonga_1988,0,254,1,impeached,impeached,JJ,JJ
6128,Tonga_1988,0,254,2,person,person,NN,NN
6129,Tonga_1988,0,254,3,shall,shall,MD,MD
6130,Tonga_1988,0,254,4,be,be,VB,VB
6131,Tonga_1988,0,254,5,given,given,VBN,VB
6132,Tonga_1988,0,254,6,a,a,DT,DT
6133,Tonga_1988,0,254,7,copy,copy,NN,NN
6134,Tonga_1988,0,254,8,of,of,IN,IN
6135,Tonga_1988,0,254,9,the,the,DT,DT
6136,Tonga_1988,0,254,10,accusation,accusation,NN,NN
6137,Tonga_1988,0,254,11,in,in,IN,IN
6138,Tonga_1988,0,254,12,writing,writing,VBG,VB
6139,Tonga_1988,0,254,13,seven,seven,CD,CD
6140,Tonga_1988,0,254,14,days,days,NNS,NN
6141,Tonga_1988,0,254,15,before,before,IN,IN
6142,Tonga_1988,0,254,16,the,the,DT,DT
6143,Tonga_1988,0,254,17,day,day,NN,NN
6144,Tonga_1988,0,254,18,of,of,IN,IN
6145,Tonga_1988,0,254,19,the,the,DT,DT
6146,Tonga_1988,0,254,20,trial,trial,NN,NN
6147,Tonga_1988,0,255,0,3,3,CD,CD
6148,Tonga_1988,0,256,0,The,the,DT,DT
6149,Tonga_1988,0,256,1,trial,trial,NN,NN
6150,Tonga_1988,0,256,2,shall,shall,MD,MD
6151,Tonga_1988,0,256,3,be,be,VB,VB
6152,Tonga_1988,0,256,4,conducted,conducted,VBN,VB
6153,Tonga_1988,0,256,5,in,in,IN,IN
6154,Tonga_1988,0,256,6,accordance,accordance,NN,NN
6155,Tonga_1988,0,256,7,with,with,IN,IN
6156,Tonga_1988,0,256,8,the,the,DT,DT
6157,Tonga_1988,0,256,9,eleventh,eleventh,JJ,JJ
6158,Tonga_1988,0,256,10,clause,clause,NN,NN
6159,Tonga_1988,0,257,0,4,4,CD,CD
6160,Tonga_1988,0,258,0,The,the,DT,DT
6161,Tonga_1988,0,258,1,Chief,chief,NNP,NN
6162,Tonga_1988,0,258,2,Justice,justice,NNP,NN
6163,Tonga_1988,0,258,3,shall,shall,MD,MD
6164,Tonga_1988,0,258,4,preside,preside,VB,VB
6165,Tonga_1988,0,258,5,but,but,CC,CC
6166,Tonga_1988,0,258,6,if,if,IN,IN
6167,Tonga_1988,0,258,7,the,the,DT,DT
6168,Tonga_1988,0,258,8,Chief,chief,NNP,NN
6169,Tonga_1988,0,258,9,Justice,justice,NNP,NN
6170,Tonga_1988,0,258,10,is,is,VBZ,VB
6171,Tonga_1988,0,258,11,impeached,impeached,VBN,VB
6172,Tonga_1988,0,258,12,the,the,DT,DT
6173,Tonga_1988,0,258,13,King,king,NNP,NN
6174,Tonga_1988,0,258,14,shall,shall,MD,MD
6175,Tonga_1988,0,258,15,appoint,appoint,VB,VB
6176,Tonga_1988,0,258,16,some,some,DT,DT
6177,Tonga_1988,0,258,17,other,other,JJ,JJ
6178,Tonga_1988,0,258,18,member,member,NN,NN
6179,Tonga_1988,0,258,19,of,of,IN,IN
6180,Tonga_1988,0,258,20,the,the,DT,DT
6181,Tonga_1988,0,258,21,Assembly,assembly,NNP,NN
6182,Tonga_1988,0,258,22,to,to,TO,TO
6183,Tonga_1988,0,258,23,preside,preside,VB,VB
6184,Tonga_1988,0,259,0,5,5,CD,CD
6185,Tonga_1988,0,260,0,After,after,IN,IN
6186,Tonga_1988,0,260,1,the,the,DT,DT
6187,Tonga_1988,0,260,2,witnesses,witnesses,NNS,NN
6188,Tonga_1988,0,260,3,have,have,VBP,VB
6189,Tonga_1988,0,260,4,been,been,VBN,VB
6190,Tonga_1988,0,260,5,heard,heard,VBN,VB
6191,Tonga_1988,0,260,6,the,the,DT,DT
6192,Tonga_1988,0,260,7,impeached,impeached,JJ,JJ
6193,Tonga_1988,0,260,8,person,person,NN,NN
6194,Tonga_1988,0,260,9,shall,shall,MD,MD
6195,Tonga_1988,0,260,10,withdraw,withdraw,VB,VB
6196,Tonga_1988,0,260,11,and,and,CC,CC
6197,Tonga_1988,0,260,12,the,the,DT,DT
6198,Tonga_1988,0,260,13,Assembly,assembly,NNP,NN
6199,Tonga_1988,0,260,14,shall,shall,MD,MD
6200,Tonga_1988,0,260,15,consider,consider,VB,VB
6201,Tonga_1988,0,260,16,their,their,PRP$,PR
6202,Tonga_1988,0,260,17,decision,decision,NN,NN
6203,Tonga_1988,0,260,18,and,and,CC,CC
6204,Tonga_1988,0,260,19,upon,upon,IN,IN
6205,Tonga_1988,0,260,20,a,a,DT,DT
6206,Tonga_1988,0,260,21,decision,decision,NN,NN
6207,Tonga_1988,0,260,22,being,being,VBG,VB
6208,Tonga_1988,0,260,23,made,made,VBN,VB
6209,Tonga_1988,0,260,24,he,he,PRP,PR
6210,Tonga_1988,0,260,25,shall,shall,MD,MD
6211,Tonga_1988,0,260,26,be,be,VB,VB
6212,Tonga_1988,0,260,27,brought,brought,VBN,VB
6213,Tonga_1988,0,260,28,before,before,IN,IN
6214,Tonga_1988,0,260,29,the,the,DT,DT
6215,Tonga_1988,0,260,30,Assembly,assembly,NNP,NN
6216,Tonga_1988,0,260,31,and,and,CC,CC
6217,Tonga_1988,0,260,32,the,the,DT,DT
6218,Tonga_1988,0,260,33,decision,decision,NN,NN
6219,Tonga_1988,0,260,34,announced,announced,VBD,VB
6220,Tonga_1988,0,260,35,to,to,TO,TO
6221,Tonga_1988,0,260,36,him,him,PRP,PR
6222,Tonga_1988,0,261,0,If,if,IN,IN
6223,Tonga_1988,0,261,1,he,he,PRP,PR
6224,Tonga_1988,0,261,2,be,be,VB,VB
6225,Tonga_1988,0,261,3,found,found,VBN,VB
6226,Tonga_1988,0,261,4,guilty,guilty,JJ,JJ
6227,Tonga_1988,0,261,5,it,it,PRP,PR
6228,Tonga_1988,0,261,6,shall,shall,MD,MD
6229,Tonga_1988,0,261,7,be,be,VB,VB
6230,Tonga_1988,0,261,8,lawful,lawful,JJ,JJ
6231,Tonga_1988,0,261,9,to,to,TO,TO
6232,Tonga_1988,0,261,10,dismiss,dismiss,VB,VB
6233,Tonga_1988,0,261,11,him,him,PRP,PR
6234,Tonga_1988,0,261,12,from,from,IN,IN
6235,Tonga_1988,0,261,13,office,office,NN,NN
6236,Tonga_1988,0,261,14,but,but,CC,CC
6237,Tonga_1988,0,261,15,if,if,IN,IN
6238,Tonga_1988,0,261,16,acquitted,acquitted,VBN,VB
6239,Tonga_1988,0,261,17,it,it,PRP,PR
6240,Tonga_1988,0,261,18,shall,shall,MD,MD
6241,Tonga_1988,0,261,19,not,not,RB,RB
6242,Tonga_1988,0,261,20,be,be,VB,VB
6243,Tonga_1988,0,261,21,lawful,lawful,JJ,JJ
6244,Tonga_1988,0,261,22,to,to,TO,TO
6245,Tonga_1988,0,261,23,impeach,impeach,VB,VB
6246,Tonga_1988,0,261,24,him,him,PRP,PR
6247,Tonga_1988,0,261,25,again,again,RB,RB
6248,Tonga_1988,0,261,26,on,on,IN,IN
6249,Tonga_1988,0,261,27,the,the,DT,DT
6250,Tonga_1988,0,261,28,same,same,JJ,JJ
6251,Tonga_1988,0,261,29,charge,charge,NN,NN
6252,Tonga_1988,0,261,30,as,as,IN,IN
6253,Tonga_1988,0,261,31,is,is,VBZ,VB
6254,Tonga_1988,0,261,32,provided,provided,VBN,VB
6255,Tonga_1988,0,261,33,in,in,IN,IN
6256,Tonga_1988,0,261,34,the,the,DT,DT
6257,Tonga_1988,0,261,35,twelfth,twelfth,NN,NN
6258,Tonga_1988,0,261,36,clause,clause,NN,NN
6259,Tonga_1988,0,262,0,76,76,CD,CD
6260,Tonga_1988,0,263,0,Bye-elections,byeelections,NNS,NN
6261,Tonga_1988,0,263,1,Share,share,NNP,NN
6262,Tonga_1988,0,263,2,Upon,upon,IN,IN
6263,Tonga_1988,0,263,3,the,the,DT,DT
6264,Tonga_1988,0,263,4,death,death,NN,NN
6265,Tonga_1988,0,263,5,or,or,CC,CC
6266,Tonga_1988,0,263,6,resignation,resignation,NN,NN
6267,Tonga_1988,0,263,7,of,of,IN,IN
6268,Tonga_1988,0,263,8,any,any,DT,DT
6269,Tonga_1988,0,263,9,representative,representative,NN,NN
6270,Tonga_1988,0,263,10,of,of,IN,IN
6271,Tonga_1988,0,263,11,the,the,DT,DT
6272,Tonga_1988,0,263,12,nobles,nobles,NNS,NN
6273,Tonga_1988,0,263,13,or,or,CC,CC
6274,Tonga_1988,0,263,14,of,of,IN,IN
6275,Tonga_1988,0,263,15,the,the,DT,DT
6276,Tonga_1988,0,263,16,people,people,NNS,NN
6277,Tonga_1988,0,263,17,the,the,DT,DT
6278,Tonga_1988,0,263,18,Speaker,speaker,NNP,NN
6279,Tonga_1988,0,263,19,shall,shall,MD,MD
6280,Tonga_1988,0,263,20,immediately,immediately,RB,RB
6281,Tonga_1988,0,263,21,command,command,VB,VB
6282,Tonga_1988,0,263,22,that,that,IN,IN
6283,Tonga_1988,0,263,23,the,the,DT,DT
6284,Tonga_1988,0,263,24,nobles,nobles,NNS,NN
6285,Tonga_1988,0,263,25,or,or,CC,CC
6286,Tonga_1988,0,263,26,the,the,DT,DT
6287,Tonga_1988,0,263,27,electors,electors,NNS,NN
6288,Tonga_1988,0,263,28,of,of,IN,IN
6289,Tonga_1988,0,263,29,the,the,DT,DT
6290,Tonga_1988,0,263,30,district,district,NN,NN
6291,Tonga_1988,0,263,31,which,which,WDT,WD
6292,Tonga_1988,0,263,32,he,he,PRP,PR
6293,Tonga_1988,0,263,33,represented,represented,VBD,VB
6294,Tonga_1988,0,263,34,shall,shall,MD,MD
6295,Tonga_1988,0,263,35,elect,elect,VB,VB
6296,Tonga_1988,0,263,36,a,a,DT,DT
6297,Tonga_1988,0,263,37,representative,representative,NN,NN
6298,Tonga_1988,0,263,38,in,in,IN,IN
6299,Tonga_1988,0,263,39,his,his,PRP$,PR
6300,Tonga_1988,0,263,40,place,place,NN,NN
6301,Tonga_1988,0,264,0,But,but,CC,CC
6302,Tonga_1988,0,264,1,the,the,DT,DT
6303,Tonga_1988,0,264,2,Legislative,legislative,NNP,NN
6304,Tonga_1988,0,264,3,Assembly,assembly,NNP,NN
6305,Tonga_1988,0,264,4,shall,shall,MD,MD
6306,Tonga_1988,0,264,5,have,have,VB,VB
6307,Tonga_1988,0,264,6,the,the,DT,DT
6308,Tonga_1988,0,264,7,power,power,NN,NN
6309,Tonga_1988,0,264,8,to,to,TO,TO
6310,Tonga_1988,0,264,9,sit,sit,VB,VB
6311,Tonga_1988,0,264,10,and,and,CC,CC
6312,Tonga_1988,0,264,11,act,act,VB,VB
6313,Tonga_1988,0,264,12,although,although,IN,IN
6314,Tonga_1988,0,264,13,its,its,PRP$,PR
6315,Tonga_1988,0,264,14,number,number,NN,NN
6316,Tonga_1988,0,264,15,be,be,VB,VB
6317,Tonga_1988,0,264,16,not,not,RB,RB
6318,Tonga_1988,0,264,17,complete,complete,JJ,JJ
6319,Tonga_1988,0,265,1,Law,law,$,$
6320,Tonga_1988,0,265,2,1,1,CD,CD
6321,Tonga_1988,0,265,3,of,of,IN,IN
6322,Tonga_1988,0,265,4,1914,1914,CD,CD
6323,Tonga_1988,0,266,0,77,77,CD,CD
6324,Tonga_1988,0,267,0,General,general,NNP,NN
6325,Tonga_1988,0,267,1,elections,elections,NNS,NN
6326,Tonga_1988,0,267,2,Share,share,NNP,NN
6327,Tonga_1988,0,267,3,New,new,NNP,NN
6328,Tonga_1988,0,267,4,elections,elections,NNS,NN
6329,Tonga_1988,0,267,5,shall,shall,MD,MD
6330,Tonga_1988,0,267,6,be,be,VB,VB
6331,Tonga_1988,0,267,7,held,held,VBN,VB
6332,Tonga_1988,0,267,8,for,for,IN,IN
6333,Tonga_1988,0,267,9,all,all,PDT,PD
6334,Tonga_1988,0,267,10,the,the,DT,DT
6335,Tonga_1988,0,267,11,representatives,representatives,NNS,NN
6336,Tonga_1988,0,267,12,of,of,IN,IN
6337,Tonga_1988,0,267,13,the,the,DT,DT
6338,Tonga_1988,0,267,14,nobles,nobles,NNS,NN
6339,Tonga_1988,0,267,15,and,and,CC,CC
6340,Tonga_1988,0,267,16,the,the,DT,DT
6341,Tonga_1988,0,267,17,people,people,NNS,NN
6342,Tonga_1988,0,267,18,at,at,IN,IN
6343,Tonga_1988,0,267,19,least,least,JJS,JJ
6344,Tonga_1988,0,267,20,once,once,RB,RB
6345,Tonga_1988,0,267,21,every,every,DT,DT
6346,Tonga_1988,0,267,22,three,three,CD,CD
6347,Tonga_1988,0,267,23,years,years,NNS,NN
6348,Tonga_1988,0,267,24,but,but,CC,CC
6349,Tonga_1988,0,267,25,it,it,PRP,PR
6350,Tonga_1988,0,267,26,shall,shall,MD,MD
6351,Tonga_1988,0,267,27,be,be,VB,VB
6352,Tonga_1988,0,267,28,lawful,lawful,JJ,JJ
6353,Tonga_1988,0,267,29,for,for,IN,IN
6354,Tonga_1988,0,267,30,the,the,DT,DT
6355,Tonga_1988,0,267,31,King,king,NNP,NN
6356,Tonga_1988,0,267,32,at,at,IN,IN
6357,Tonga_1988,0,267,33,his,his,PRP$,PR
6358,Tonga_1988,0,267,34,pleasure,pleasure,NN,NN
6359,Tonga_1988,0,267,35,to,to,TO,TO
6360,Tonga_1988,0,267,36,dissolve,dissolve,VB,VB
6361,Tonga_1988,0,267,37,the,the,DT,DT
6362,Tonga_1988,0,267,38,Legislative,legislative,NNP,NN
6363,Tonga_1988,0,267,39,Assembly,assembly,NNP,NN
6364,Tonga_1988,0,267,40,although,although,IN,IN
6365,Tonga_1988,0,267,41,three,three,CD,CD
6366,Tonga_1988,0,267,42,years,years,NNS,NN
6367,Tonga_1988,0,267,43,from,from,IN,IN
6368,Tonga_1988,0,267,44,the,the,DT,DT
6369,Tonga_1988,0,267,45,last,last,JJ,JJ
6370,Tonga_1988,0,267,46,election,election,NN,NN
6371,Tonga_1988,0,267,47,may,may,MD,MD
6372,Tonga_1988,0,267,48,not,not,RB,RB
6373,Tonga_1988,0,267,49,have,have,VB,VB
6374,Tonga_1988,0,267,50,expired,expired,VBN,VB
6375,Tonga_1988,0,267,51,and,and,CC,CC
6376,Tonga_1988,0,267,52,to,to,TO,TO
6377,Tonga_1988,0,267,53,command,command,VB,VB
6378,Tonga_1988,0,267,54,that,that,DT,DT
6379,Tonga_1988,0,267,55,new,new,JJ,JJ
6380,Tonga_1988,0,267,56,elections,elections,NNS,NN
6381,Tonga_1988,0,267,57,be,be,VB,VB
6382,Tonga_1988,0,267,58,held,held,VBN,VB
6383,Tonga_1988,0,267,59,according,according,VBG,VB
6384,Tonga_1988,0,267,60,to,to,TO,TO
6385,Tonga_1988,0,267,61,law,law,NN,NN
6386,Tonga_1988,0,267,62,throughout,throughout,IN,IN
6387,Tonga_1988,0,267,63,the,the,DT,DT
6388,Tonga_1988,0,267,64,Kingdom,kingdom,NNP,NN
6389,Tonga_1988,0,268,1,Law,law,$,$
6390,Tonga_1988,0,268,2,1,1,CD,CD
6391,Tonga_1988,0,268,3,of,of,IN,IN
6392,Tonga_1988,0,268,4,1914,1914,CD,CD
6393,Tonga_1988,0,269,0,78,78,CD,CD
6394,Tonga_1988,0,270,0,Assembly,assembly,RB,RB
6395,Tonga_1988,0,270,1,to,to,TO,TO
6396,Tonga_1988,0,270,2,assess,assess,VB,VB
6397,Tonga_1988,0,270,3,taxation,taxation,NN,NN
6398,Tonga_1988,0,270,4,Share,share,NNP,NN
6399,Tonga_1988,0,270,5,The,the,DT,DT
6400,Tonga_1988,0,270,6,Legislative,legislative,NNP,NN
6401,Tonga_1988,0,270,7,Assembly,assembly,NNP,NN
6402,Tonga_1988,0,270,8,shall,shall,MD,MD
6403,Tonga_1988,0,270,9,assess,assess,VB,VB
6404,Tonga_1988,0,270,10,the,the,DT,DT
6405,Tonga_1988,0,270,11,amount,amount,NN,NN
6406,Tonga_1988,0,270,12,of,of,IN,IN
6407,Tonga_1988,0,270,13,taxes,taxes,NNS,NN
6408,Tonga_1988,0,270,14,to,to,TO,TO
6409,Tonga_1988,0,270,15,be,be,VB,VB
6410,Tonga_1988,0,270,16,paid,paid,VBN,VB
6411,Tonga_1988,0,270,17,by,by,IN,IN
6412,Tonga_1988,0,270,18,the,the,DT,DT
6413,Tonga_1988,0,270,19,people,people,NNS,NN
6414,Tonga_1988,0,270,20,and,and,CC,CC
6415,Tonga_1988,0,270,21,the,the,DT,DT
6416,Tonga_1988,0,270,22,customs,customs,NNS,NN
6417,Tonga_1988,0,270,23,duties,duties,NNS,NN
6418,Tonga_1988,0,270,24,and,and,CC,CC
6419,Tonga_1988,0,270,25,fees,fees,NNS,NN
6420,Tonga_1988,0,270,26,for,for,IN,IN
6421,Tonga_1988,0,270,27,trading,trading,NN,NN
6422,Tonga_1988,0,270,28,licences,licences,NNS,NN
6423,Tonga_1988,0,270,29,and,and,CC,CC
6424,Tonga_1988,0,270,30,shall,shall,MD,MD
6425,Tonga_1988,0,270,31,pass,pass,VB,VB
6426,Tonga_1988,0,270,32,the,the,DT,DT
6427,Tonga_1988,0,270,33,estimates,estimates,NNS,NN
6428,Tonga_1988,0,270,34,of,of,IN,IN
6429,Tonga_1988,0,270,35,expenditure,expenditure,NN,NN
6430,Tonga_1988,0,270,36,for,for,IN,IN
6431,Tonga_1988,0,270,37,the,the,DT,DT
6432,Tonga_1988,0,270,38,Public,public,NNP,NN
6433,Tonga_1988,0,270,39,Service,service,NNP,NN
6434,Tonga_1988,0,270,40,in,in,IN,IN
6435,Tonga_1988,0,270,41,accordance,accordance,NN,NN
6436,Tonga_1988,0,270,42,with,with,IN,IN
6437,Tonga_1988,0,270,43,the,the,DT,DT
6438,Tonga_1988,0,270,44,nineteenth,nineteenth,JJ,JJ
6439,Tonga_1988,0,270,45,clause,clause,NN,NN
6440,Tonga_1988,0,271,0,And,and,CC,CC
6441,Tonga_1988,0,271,1,upon,upon,IN,IN
6442,Tonga_1988,0,271,2,the,the,DT,DT
6443,Tonga_1988,0,271,3,report,report,NN,NN
6444,Tonga_1988,0,271,4,of,of,IN,IN
6445,Tonga_1988,0,271,5,the,the,DT,DT
6446,Tonga_1988,0,271,6,Minister,minister,NNP,NN
6447,Tonga_1988,0,271,7,of,of,IN,IN
6448,Tonga_1988,0,271,8,Finance,finance,NNP,NN
6449,Tonga_1988,0,271,9,upon,upon,IN,IN
6450,Tonga_1988,0,271,10,the,the,DT,DT
6451,Tonga_1988,0,271,11,expenditure,expenditure,NN,NN
6452,Tonga_1988,0,271,12,and,and,CC,CC
6453,Tonga_1988,0,271,13,revenue,revenue,NN,NN
6454,Tonga_1988,0,271,14,received,received,VBD,VB
6455,Tonga_1988,0,271,15,during,during,IN,IN
6456,Tonga_1988,0,271,16,the,the,DT,DT
6457,Tonga_1988,0,271,17,year,year,NN,NN
6458,Tonga_1988,0,271,18,succeeding,succeeding,VBG,VB
6459,Tonga_1988,0,271,19,the,the,DT,DT
6460,Tonga_1988,0,271,20,last,last,JJ,JJ
6461,Tonga_1988,0,271,21,meeting,meeting,NN,NN
6462,Tonga_1988,0,271,22,of,of,IN,IN
6463,Tonga_1988,0,271,23,the,the,DT,DT
6464,Tonga_1988,0,271,24,Assembly,assembly,NNP,NN
6465,Tonga_1988,0,271,25,the,the,DT,DT
6466,Tonga_1988,0,271,26,Legislative,legislative,NNP,NN
6467,Tonga_1988,0,271,27,Assembly,assembly,NNP,NN
6468,Tonga_1988,0,271,28,shall,shall,MD,MD
6469,Tonga_1988,0,271,29,determine,determine,VB,VB
6470,Tonga_1988,0,271,30,the,the,DT,DT
6471,Tonga_1988,0,271,31,estimates,estimates,NNS,NN
6472,Tonga_1988,0,271,32,for,for,IN,IN
6473,Tonga_1988,0,271,33,the,the,DT,DT
6474,Tonga_1988,0,271,34,expenditure,expenditure,NN,NN
6475,Tonga_1988,0,271,35,of,of,IN,IN
6476,Tonga_1988,0,271,36,the,the,DT,DT
6477,Tonga_1988,0,271,37,Government,government,NNP,NN
6478,Tonga_1988,0,271,38,until,until,IN,IN
6479,Tonga_1988,0,271,39,the,the,DT,DT
6480,Tonga_1988,0,271,40,next,next,JJ,JJ
6481,Tonga_1988,0,271,41,meeting,meeting,NN,NN
6482,Tonga_1988,0,271,42,of,of,IN,IN
6483,Tonga_1988,0,271,43,the,the,DT,DT
6484,Tonga_1988,0,271,44,Legislative,legislative,NNP,NN
6485,Tonga_1988,0,271,45,Assembly,assembly,NNP,NN
6486,Tonga_1988,0,272,0,And,and,CC,CC
6487,Tonga_1988,0,272,1,the,the,DT,DT
6488,Tonga_1988,0,272,2,ministers,ministers,NNS,NN
6489,Tonga_1988,0,272,3,shall,shall,MD,MD
6490,Tonga_1988,0,272,4,be,be,VB,VB
6491,Tonga_1988,0,272,5,guided,guided,VBN,VB
6492,Tonga_1988,0,272,6,by,by,IN,IN
6493,Tonga_1988,0,272,7,the,the,DT,DT
6494,Tonga_1988,0,272,8,estimates,estimates,NNS,NN
6495,Tonga_1988,0,272,9,of,of,IN,IN
6496,Tonga_1988,0,272,10,public,public,JJ,JJ
6497,Tonga_1988,0,272,11,expenditure,expenditure,NN,NN
6498,Tonga_1988,0,272,12,so,so,RB,RB
6499,Tonga_1988,0,272,13,authorized,authorized,VBN,VB
6500,Tonga_1988,0,272,14,by,by,IN,IN
6501,Tonga_1988,0,272,15,the,the,DT,DT
6502,Tonga_1988,0,272,16,Legislative,legislative,NNP,NN
6503,Tonga_1988,0,272,17,Assembly,assembly,NNP,NN
6504,Tonga_1988,0,273,0,79,79,CD,CD
6505,Tonga_1988,0,274,0,Amendments,amendments,NNS,NN
6506,Tonga_1988,0,274,1,to,to,TO,TO
6507,Tonga_1988,0,274,2,Constitution,constitution,NNP,NN
6508,Tonga_1988,0,274,3,Share,share,NNP,NN
6509,Tonga_1988,0,274,4,It,it,PRP,PR
6510,Tonga_1988,0,274,5,shall,shall,MD,MD
6511,Tonga_1988,0,274,6,be,be,VB,VB
6512,Tonga_1988,0,274,7,lawful,lawful,JJ,JJ
6513,Tonga_1988,0,274,8,for,for,IN,IN
6514,Tonga_1988,0,274,9,the,the,DT,DT
6515,Tonga_1988,0,274,10,Legislative,legislative,NNP,NN
6516,Tonga_1988,0,274,11,Assembly,assembly,NNP,NN
6517,Tonga_1988,0,274,12,to,to,TO,TO
6518,Tonga_1988,0,274,13,discuss,discuss,VB,VB
6519,Tonga_1988,0,274,14,amendments,amendments,NNS,NN
6520,Tonga_1988,0,274,15,to,to,TO,TO
6521,Tonga_1988,0,274,16,the,the,DT,DT
6522,Tonga_1988,0,274,17,Constitution,constitution,NNP,NN
6523,Tonga_1988,0,274,18,provided,provided,VBD,VB
6524,Tonga_1988,0,274,19,that,that,IN,IN
6525,Tonga_1988,0,274,20,such,such,JJ,JJ
6526,Tonga_1988,0,274,21,amendments,amendments,NNS,NN
6527,Tonga_1988,0,274,22,shall,shall,MD,MD
6528,Tonga_1988,0,274,23,not,not,RB,RB
6529,Tonga_1988,0,274,24,affect,affect,VB,VB
6530,Tonga_1988,0,274,25,the,the,DT,DT
6531,Tonga_1988,0,274,26,law,law,NN,NN
6532,Tonga_1988,0,274,27,of,of,IN,IN
6533,Tonga_1988,0,274,28,liberty,liberty,NN,NN
6534,Tonga_1988,0,274,29,the,the,DT,DT
6535,Tonga_1988,0,274,30,succession,succession,NN,NN
6536,Tonga_1988,0,274,31,to,to,TO,TO
6537,Tonga_1988,0,274,32,the,the,DT,DT
6538,Tonga_1988,0,274,33,Throne,throne,NNP,NN
6539,Tonga_1988,0,274,34,and,and,CC,CC
6540,Tonga_1988,0,274,35,the,the,DT,DT
6541,Tonga_1988,0,274,36,titles,titles,NNS,NN
6542,Tonga_1988,0,274,37,and,and,CC,CC
6543,Tonga_1988,0,274,38,hereditary,hereditary,JJ,JJ
6544,Tonga_1988,0,274,39,estates,estates,NNS,NN
6545,Tonga_1988,0,274,40,of,of,IN,IN
6546,Tonga_1988,0,274,41,the,the,DT,DT
6547,Tonga_1988,0,274,42,nobles,nobles,NNS,NN
6548,Tonga_1988,0,275,0,And,and,CC,CC
6549,Tonga_1988,0,275,1,if,if,IN,IN
6550,Tonga_1988,0,275,2,the,the,DT,DT
6551,Tonga_1988,0,275,3,Legislative,legislative,NNP,NN
6552,Tonga_1988,0,275,4,Assembly,assembly,NNP,NN
6553,Tonga_1988,0,275,5,wish,wish,VBD,VB
6554,Tonga_1988,0,275,6,to,to,TO,TO
6555,Tonga_1988,0,275,7,amend,amend,VB,VB
6556,Tonga_1988,0,275,8,any,any,DT,DT
6557,Tonga_1988,0,275,9,clause,clause,NN,NN
6558,Tonga_1988,0,275,10,of,of,IN,IN
6559,Tonga_1988,0,275,11,the,the,DT,DT
6560,Tonga_1988,0,275,12,Constitution,constitution,NNP,NN
6561,Tonga_1988,0,275,13,such,such,JJ,JJ
6562,Tonga_1988,0,275,14,amendment,amendment,NN,NN
6563,Tonga_1988,0,275,15,shall,shall,MD,MD
6564,Tonga_1988,0,275,16,after,after,IN,IN
6565,Tonga_1988,0,275,17,it,it,PRP,PR
6566,Tonga_1988,0,275,18,has,has,VBZ,VB
6567,Tonga_1988,0,275,19,passed,passed,VBN,VB
6568,Tonga_1988,0,275,20,the,the,DT,DT
6569,Tonga_1988,0,275,21,Legislative,legislative,NNP,NN
6570,Tonga_1988,0,275,22,Assembly,assembly,NNP,NN
6571,Tonga_1988,0,275,23,three,three,CD,CD
6572,Tonga_1988,0,275,24,times,times,NNS,NN
6573,Tonga_1988,0,275,25,be,be,VB,VB
6574,Tonga_1988,0,275,26,submitted,submitted,VBN,VB
6575,Tonga_1988,0,275,27,to,to,TO,TO
6576,Tonga_1988,0,275,28,the,the,DT,DT
6577,Tonga_1988,0,275,29,King,king,NNP,NN
6578,Tonga_1988,0,275,30,and,and,CC,CC
6579,Tonga_1988,0,275,31,if,if,IN,IN
6580,Tonga_1988,0,275,32,the,the,DT,DT
6581,Tonga_1988,0,275,33,Privy,privy,NNP,NN
6582,Tonga_1988,0,275,34,Council,council,NNP,NN
6583,Tonga_1988,0,275,35,and,and,CC,CC
6584,Tonga_1988,0,275,36,the,the,DT,DT
6585,Tonga_1988,0,275,37,Cabinet,cabinet,NNP,NN
6586,Tonga_1988,0,275,38,are,are,VBP,VB
6587,Tonga_1988,0,275,39,unanimously,unanimously,RB,RB
6588,Tonga_1988,0,275,40,in,in,IN,IN
6589,Tonga_1988,0,275,41,favour,favour,NN,NN
6590,Tonga_1988,0,275,42,of,of,IN,IN
6591,Tonga_1988,0,275,43,the,the,DT,DT
6592,Tonga_1988,0,275,44,amendment,amendment,NN,NN
6593,Tonga_1988,0,275,45,it,it,PRP,PR
6594,Tonga_1988,0,275,46,shall,shall,MD,MD
6595,Tonga_1988,0,275,47,be,be,VB,VB
6596,Tonga_1988,0,275,48,lawful,lawful,JJ,JJ
6597,Tonga_1988,0,275,49,for,for,IN,IN
6598,Tonga_1988,0,275,50,the,the,DT,DT
6599,Tonga_1988,0,275,51,King,king,NNP,NN
6600,Tonga_1988,0,275,52,to,to,TO,TO
6601,Tonga_1988,0,275,53,assent,assent,VB,VB
6602,Tonga_1988,0,275,54,and,and,CC,CC
6603,Tonga_1988,0,275,55,when,when,WRB,WR
6604,Tonga_1988,0,275,56,signed,signed,VBN,VB
6605,Tonga_1988,0,275,57,by,by,IN,IN
6606,Tonga_1988,0,275,58,the,the,DT,DT
6607,Tonga_1988,0,275,59,King,king,VBG,VB
6608,Tonga_1988,0,275,60,it,it,PRP,PR
6609,Tonga_1988,0,275,61,shall,shall,MD,MD
6610,Tonga_1988,0,275,62,become,become,VB,VB
6611,Tonga_1988,0,275,63,law,law,NN,NN
6612,Tonga_1988,0,276,0,80,80,CD,CD
6613,Tonga_1988,0,277,0,Enacting,enacting,VBG,VB
6614,Tonga_1988,0,277,1,formula,formula,NN,NN
6615,Tonga_1988,0,277,2,Share,share,NNP,NN
6616,Tonga_1988,0,277,3,The,the,DT,DT
6617,Tonga_1988,0,277,4,formula,formula,NN,NN
6618,Tonga_1988,0,277,5,for,for,IN,IN
6619,Tonga_1988,0,277,6,enacting,enacting,VBG,VB
6620,Tonga_1988,0,277,7,laws,laws,NNS,NN
6621,Tonga_1988,0,277,8,shall,shall,MD,MD
6622,Tonga_1988,0,277,9,be,be,VB,VB
6623,Tonga_1988,0,277,11,Be,be,VB,VB
6624,Tonga_1988,0,277,12,it,it,PRP,PR
6625,Tonga_1988,0,277,13,enacted,enacted,VBN,VB
6626,Tonga_1988,0,277,14,by,by,IN,IN
6627,Tonga_1988,0,277,15,the,the,DT,DT
6628,Tonga_1988,0,277,16,King,king,NNP,NN
6629,Tonga_1988,0,277,17,and,and,CC,CC
6630,Tonga_1988,0,277,18,Legislative,legislative,NNP,NN
6631,Tonga_1988,0,277,19,Assembly,assembly,NNP,NN
6632,Tonga_1988,0,277,20,of,of,IN,IN
6633,Tonga_1988,0,277,21,Tonga,tonga,NNP,NN
6634,Tonga_1988,0,277,22,in,in,IN,IN
6635,Tonga_1988,0,277,23,the,the,DT,DT
6636,Tonga_1988,0,277,24,Legislature,legislature,NNP,NN
6637,Tonga_1988,0,277,25,of,of,IN,IN
6638,Tonga_1988,0,277,26,the,the,DT,DT
6639,Tonga_1988,0,277,27,Kingdom,kingdom,NNP,NN
6640,Tonga_1988,0,277,28,as,as,IN,IN
6641,Tonga_1988,0,277,29,follows,follows,VBZ,VB
6642,Tonga_1988,0,278,0,81,81,CD,CD
6643,Tonga_1988,0,279,0,Laws,laws,NNP,NN
6644,Tonga_1988,0,279,1,to,to,TO,TO
6645,Tonga_1988,0,279,2,cover,cover,VB,VB
6646,Tonga_1988,0,279,3,but,but,CC,CC
6647,Tonga_1988,0,279,4,one,one,CD,CD
6648,Tonga_1988,0,279,5,subject,subject,JJ,JJ
6649,Tonga_1988,0,279,6,Share,share,NNP,NN
6650,Tonga_1988,0,279,7,To,to,TO,TO
6651,Tonga_1988,0,279,8,avoid,avoid,VB,VB
6652,Tonga_1988,0,279,9,confusion,confusion,NN,NN
6653,Tonga_1988,0,279,10,in,in,IN,IN
6654,Tonga_1988,0,279,11,the,the,DT,DT
6655,Tonga_1988,0,279,12,making,making,NN,NN
6656,Tonga_1988,0,279,13,of,of,IN,IN
6657,Tonga_1988,0,279,14,laws,laws,NNS,NN
6658,Tonga_1988,0,279,15,every,every,DT,DT
6659,Tonga_1988,0,279,16,law,law,NN,NN
6660,Tonga_1988,0,279,17,shall,shall,MD,MD
6661,Tonga_1988,0,279,18,embrace,embrace,VB,VB
6662,Tonga_1988,0,279,19,but,but,CC,CC
6663,Tonga_1988,0,279,20,one,one,CD,CD
6664,Tonga_1988,0,279,21,subject,subject,NN,NN
6665,Tonga_1988,0,279,22,which,which,WDT,WD
6666,Tonga_1988,0,279,23,shall,shall,MD,MD
6667,Tonga_1988,0,279,24,be,be,VB,VB
6668,Tonga_1988,0,279,25,expressed,expressed,VBN,VB
6669,Tonga_1988,0,279,26,by,by,IN,IN
6670,Tonga_1988,0,279,27,its,its,PRP$,PR
6671,Tonga_1988,0,279,28,title,title,NN,NN
6672,Tonga_1988,0,280,0,82,82,CD,CD
6673,Tonga_1988,0,281,0,Chief,chief,JJ,JJ
6674,Tonga_1988,0,281,1,Justice,justice,NNP,NN
6675,Tonga_1988,0,281,2,may,may,MD,MD
6676,Tonga_1988,0,281,3,suspend,suspend,VB,VB
6677,Tonga_1988,0,281,4,laws,laws,NNS,NN
6678,Tonga_1988,0,281,5,Share,share,NNP,NN
6679,Tonga_1988,0,281,6,The,the,DT,DT
6680,Tonga_1988,0,281,7,present,present,JJ,JJ
6681,Tonga_1988,0,281,8,law,law,NN,NN
6682,Tonga_1988,0,281,9,shall,shall,MD,MD
6683,Tonga_1988,0,281,10,be,be,VB,VB
6684,Tonga_1988,0,281,11,in,in,IN,IN
6685,Tonga_1988,0,281,12,force,force,NN,NN
6686,Tonga_1988,0,281,13,until,until,IN,IN
6687,Tonga_1988,0,281,14,repealed,repealed,VBN,VB
6688,Tonga_1988,0,281,15,by,by,IN,IN
6689,Tonga_1988,0,281,16,the,the,DT,DT
6690,Tonga_1988,0,281,17,Legislative,legislative,NNP,NN
6691,Tonga_1988,0,281,18,Assembly,assembly,NNP,NN
6692,Tonga_1988,0,281,19,excepting,excepting,VBG,VB
6693,Tonga_1988,0,281,20,such,such,JJ,JJ
6694,Tonga_1988,0,281,21,laws,laws,NNS,NN
6695,Tonga_1988,0,281,22,as,as,IN,IN
6696,Tonga_1988,0,281,23,are,are,VBP,VB
6697,Tonga_1988,0,281,24,at,at,IN,IN
6698,Tonga_1988,0,281,25,variance,variance,NN,NN
6699,Tonga_1988,0,281,26,with,with,IN,IN
6700,Tonga_1988,0,281,27,this,this,DT,DT
6701,Tonga_1988,0,281,28,Constitution,constitution,NNP,NN
6702,Tonga_1988,0,282,0,And,and,CC,CC
6703,Tonga_1988,0,282,1,it,it,PRP,PR
6704,Tonga_1988,0,282,2,shall,shall,MD,MD
6705,Tonga_1988,0,282,3,be,be,VB,VB
6706,Tonga_1988,0,282,4,lawful,lawful,JJ,JJ
6707,Tonga_1988,0,282,5,for,for,IN,IN
6708,Tonga_1988,0,282,6,the,the,DT,DT
6709,Tonga_1988,0,282,7,Chief,chief,NNP,NN
6710,Tonga_1988,0,282,8,Justice,justice,NNP,NN
6711,Tonga_1988,0,282,9,to,to,TO,TO
6712,Tonga_1988,0,282,10,suspend,suspend,VB,VB
6713,Tonga_1988,0,282,11,the,the,DT,DT
6714,Tonga_1988,0,282,12,operation,operation,NN,NN
6715,Tonga_1988,0,282,13,of,of,IN,IN
6716,Tonga_1988,0,282,14,any,any,DT,DT
6717,Tonga_1988,0,282,15,law,law,NN,NN
6718,Tonga_1988,0,282,16,passed,passed,VBN,VB
6719,Tonga_1988,0,282,17,by,by,IN,IN
6720,Tonga_1988,0,282,18,the,the,DT,DT
6721,Tonga_1988,0,282,19,Legislative,legislative,NNP,NN
6722,Tonga_1988,0,282,20,Assembly,assembly,NNP,NN
6723,Tonga_1988,0,282,21,or,or,CC,CC
6724,Tonga_1988,0,282,22,Privy,privy,NNP,NN
6725,Tonga_1988,0,282,23,Council,council,NNP,NN
6726,Tonga_1988,0,282,24,which,which,WDT,WD
6727,Tonga_1988,0,282,25,is,is,VBZ,VB
6728,Tonga_1988,0,282,26,at,at,IN,IN
6729,Tonga_1988,0,282,27,variance,variance,NN,NN
6730,Tonga_1988,0,282,28,with,with,IN,IN
6731,Tonga_1988,0,282,29,the,the,DT,DT
6732,Tonga_1988,0,282,30,Constitution,constitution,NNP,NN
6733,Tonga_1988,0,282,31,until,until,IN,IN
6734,Tonga_1988,0,282,32,the,the,DT,DT
6735,Tonga_1988,0,282,33,next,next,JJ,JJ
6736,Tonga_1988,0,282,34,meeting,meeting,NN,NN
6737,Tonga_1988,0,282,35,of,of,IN,IN
6738,Tonga_1988,0,282,36,the,the,DT,DT
6739,Tonga_1988,0,282,37,Legislative,legislative,NNP,NN
6740,Tonga_1988,0,282,38,Assembly,assembly,NNP,NN
6741,Tonga_1988,0,283,1,Law,law,$,$
6742,Tonga_1988,0,283,2,6,6,CD,CD
6743,Tonga_1988,0,283,3,of,of,IN,IN
6744,Tonga_1988,0,283,4,1903,1903,CD,CD
6745,Tonga_1988,0,283,6,S,s,NNP,NN
6746,Tonga_1988,0,284,0,341,341,LS,LS
6747,Tonga_1988,0,285,0,83,83,CD,CD
6748,Tonga_1988,0,286,0,Oaths,oaths,NNS,NN
6749,Tonga_1988,0,286,1,of,of,IN,IN
6750,Tonga_1988,0,286,2,Councillors,councillors,NNS,NN
6751,Tonga_1988,0,286,3,and,and,CC,CC
6752,Tonga_1988,0,286,4,Representatives,representatives,NNS,NN
6753,Tonga_1988,0,286,5,Share,share,NNP,NN
6754,Tonga_1988,0,286,6,The,the,DT,DT
6755,Tonga_1988,0,286,7,following,following,JJ,JJ
6756,Tonga_1988,0,286,8,oath,oath,NN,NN
6757,Tonga_1988,0,286,9,shall,shall,MD,MD
6758,Tonga_1988,0,286,10,be,be,VB,VB
6759,Tonga_1988,0,286,11,taken,taken,VBN,VB
6760,Tonga_1988,0,286,12,by,by,IN,IN
6761,Tonga_1988,0,286,13,the,the,DT,DT
6762,Tonga_1988,0,286,14,members,members,NNS,NN
6763,Tonga_1988,0,286,15,of,of,IN,IN
6764,Tonga_1988,0,286,16,the,the,DT,DT
6765,Tonga_1988,0,286,17,Privy,privy,NNP,NN
6766,Tonga_1988,0,286,18,Council,council,NNP,NN
6767,Tonga_1988,0,286,21,I,i,PRP,PR
6768,Tonga_1988,0,286,22,solemnly,solemnly,RB,RB
6769,Tonga_1988,0,286,23,swear,swear,VBP,VB
6770,Tonga_1988,0,286,24,before,before,IN,IN
6771,Tonga_1988,0,286,25,God,god,NNP,NN
6772,Tonga_1988,0,286,26,that,that,IN,IN
6773,Tonga_1988,0,286,27,I,i,PRP,PR
6774,Tonga_1988,0,286,28,will,will,MD,MD
6775,Tonga_1988,0,286,29,be,be,VB,VB
6776,Tonga_1988,0,286,30,truly,truly,RB,RB
6777,Tonga_1988,0,286,31,loyal,loyal,JJ,JJ
6778,Tonga_1988,0,286,32,to,to,TO,TO
6779,Tonga_1988,0,286,33,His,his,PRP$,PR
6780,Tonga_1988,0,286,34,Majesty,majesty,NNP,NN
6781,Tonga_1988,0,286,35,King,king,NNP,NN
6782,Tonga_1988,0,286,36,Taufa'ahau,taufaahau,NNP,NN
6783,Tonga_1988,0,286,37,Tupou,tupou,NNP,NN
6784,Tonga_1988,0,286,38,IV,iv,NNP,NN
6785,Tonga_1988,0,286,39,the,the,DT,DT
6786,Tonga_1988,0,286,40,rightful,rightful,JJ,JJ
6787,Tonga_1988,0,286,41,King,king,NNP,NN
6788,Tonga_1988,0,286,42,of,of,IN,IN
6789,Tonga_1988,0,286,43,Tonga,tonga,NNP,NN
6790,Tonga_1988,0,286,44,and,and,CC,CC
6791,Tonga_1988,0,286,45,that,that,IN,IN
6792,Tonga_1988,0,286,46,I,i,PRP,PR
6793,Tonga_1988,0,286,47,will,will,MD,MD
6794,Tonga_1988,0,286,48,keep,keep,VB,VB
6795,Tonga_1988,0,286,49,righteously,righteously,RB,RB
6796,Tonga_1988,0,286,50,and,and,CC,CC
6797,Tonga_1988,0,286,51,perfectly,perfectly,RB,RB
6798,Tonga_1988,0,286,52,the,the,DT,DT
6799,Tonga_1988,0,286,53,Constitution,constitution,NN,NN
6800,Tonga_1988,0,286,54,of,of,IN,IN
6801,Tonga_1988,0,286,55,Tonga,tonga,NNP,NN
6802,Tonga_1988,0,286,56,and,and,CC,CC
6803,Tonga_1988,0,286,57,assist,assist,VB,VB
6804,Tonga_1988,0,286,58,to,to,TO,TO
6805,Tonga_1988,0,286,59,the,the,DT,DT
6806,Tonga_1988,0,286,60,end,end,NN,NN
6807,Tonga_1988,0,286,61,of,of,IN,IN
6808,Tonga_1988,0,286,62,my,my,PRP$,PR
6809,Tonga_1988,0,286,63,power,power,NN,NN
6810,Tonga_1988,0,286,64,and,and,CC,CC
6811,Tonga_1988,0,286,65,ability,ability,NN,NN
6812,Tonga_1988,0,286,66,in,in,IN,IN
6813,Tonga_1988,0,286,67,all,all,DT,DT
6814,Tonga_1988,0,286,68,things,things,NNS,NN
6815,Tonga_1988,0,286,69,in,in,IN,IN
6816,Tonga_1988,0,286,70,connection,connection,NN,NN
6817,Tonga_1988,0,286,71,with,with,IN,IN
6818,Tonga_1988,0,286,72,the,the,DT,DT
6819,Tonga_1988,0,286,73,Privy,privy,NNP,NN
6820,Tonga_1988,0,286,74,Council,council,NNP,NN
6821,Tonga_1988,0,287,0,The,the,DT,DT
6822,Tonga_1988,0,287,1,following,following,JJ,JJ
6823,Tonga_1988,0,287,2,oath,oath,NN,NN
6824,Tonga_1988,0,287,3,shall,shall,MD,MD
6825,Tonga_1988,0,287,4,be,be,VB,VB
6826,Tonga_1988,0,287,5,taken,taken,VBN,VB
6827,Tonga_1988,0,287,6,by,by,IN,IN
6828,Tonga_1988,0,287,7,the,the,DT,DT
6829,Tonga_1988,0,287,8,ministers,ministers,NNS,NN
6830,Tonga_1988,0,287,11,I,i,PRP,PR
6831,Tonga_1988,0,287,12,solemnly,solemnly,RB,RB
6832,Tonga_1988,0,287,13,swear,swear,VBP,VB
6833,Tonga_1988,0,287,14,before,before,IN,IN
6834,Tonga_1988,0,287,15,God,god,NNP,NN
6835,Tonga_1988,0,287,16,that,that,IN,IN
6836,Tonga_1988,0,287,17,I,i,PRP,PR
6837,Tonga_1988,0,287,18,will,will,MD,MD
6838,Tonga_1988,0,287,19,be,be,VB,VB
6839,Tonga_1988,0,287,20,truly,truly,RB,RB
6840,Tonga_1988,0,287,21,loyal,loyal,JJ,JJ
6841,Tonga_1988,0,287,22,to,to,TO,TO
6842,Tonga_1988,0,287,23,His,his,PRP$,PR
6843,Tonga_1988,0,287,24,Majesty,majesty,NNP,NN
6844,Tonga_1988,0,287,25,King,king,NNP,NN
6845,Tonga_1988,0,287,26,Taufa'ahau,taufaahau,NNP,NN
6846,Tonga_1988,0,287,27,Tupou,tupou,NNP,NN
6847,Tonga_1988,0,287,28,IV,iv,NNP,NN
6848,Tonga_1988,0,287,29,the,the,DT,DT
6849,Tonga_1988,0,287,30,rightful,rightful,JJ,JJ
6850,Tonga_1988,0,287,31,King,king,NNP,NN
6851,Tonga_1988,0,287,32,of,of,IN,IN
6852,Tonga_1988,0,287,33,Tonga,tonga,NNP,NN
6853,Tonga_1988,0,287,34,and,and,CC,CC
6854,Tonga_1988,0,287,35,that,that,IN,IN
6855,Tonga_1988,0,287,36,I,i,PRP,PR
6856,Tonga_1988,0,287,37,will,will,MD,MD
6857,Tonga_1988,0,287,38,keep,keep,VB,VB
6858,Tonga_1988,0,287,39,righteously,righteously,RB,RB
6859,Tonga_1988,0,287,40,and,and,CC,CC
6860,Tonga_1988,0,287,41,perfectly,perfectly,RB,RB
6861,Tonga_1988,0,287,42,the,the,DT,DT
6862,Tonga_1988,0,287,43,Constitution,constitution,NN,NN
6863,Tonga_1988,0,287,44,of,of,IN,IN
6864,Tonga_1988,0,287,45,Tonga,tonga,NNP,NN
6865,Tonga_1988,0,287,46,and,and,CC,CC
6866,Tonga_1988,0,287,47,discharge,discharge,VB,VB
6867,Tonga_1988,0,287,48,the,the,DT,DT
6868,Tonga_1988,0,287,49,duties,duties,NNS,NN
6869,Tonga_1988,0,287,50,of,of,IN,IN
6870,Tonga_1988,0,287,51,my,my,PRP$,PR
6871,Tonga_1988,0,287,52,department,department,NN,NN
6872,Tonga_1988,0,287,53,to,to,TO,TO
6873,Tonga_1988,0,287,54,the,the,DT,DT
6874,Tonga_1988,0,287,55,end,end,NN,NN
6875,Tonga_1988,0,287,56,of,of,IN,IN
6876,Tonga_1988,0,287,57,my,my,PRP$,PR
6877,Tonga_1988,0,287,58,ability,ability,NN,NN
6878,Tonga_1988,0,287,59,for,for,IN,IN
6879,Tonga_1988,0,287,60,the,the,DT,DT
6880,Tonga_1988,0,287,61,benefit,benefit,NN,NN
6881,Tonga_1988,0,287,62,of,of,IN,IN
6882,Tonga_1988,0,287,63,the,the,DT,DT
6883,Tonga_1988,0,287,64,King,king,NNP,NN
6884,Tonga_1988,0,287,65,and,and,CC,CC
6885,Tonga_1988,0,287,66,his,his,PRP$,PR
6886,Tonga_1988,0,287,67,Government,government,NN,NN
6887,Tonga_1988,0,288,0,The,the,DT,DT
6888,Tonga_1988,0,288,1,following,following,JJ,JJ
6889,Tonga_1988,0,288,2,oath,oath,NN,NN
6890,Tonga_1988,0,288,3,shall,shall,MD,MD
6891,Tonga_1988,0,288,4,be,be,VB,VB
6892,Tonga_1988,0,288,5,taken,taken,VBN,VB
6893,Tonga_1988,0,288,6,by,by,IN,IN
6894,Tonga_1988,0,288,7,the,the,DT,DT
6895,Tonga_1988,0,288,8,nobles,nobles,NNS,NN
6896,Tonga_1988,0,288,9,and,and,CC,CC
6897,Tonga_1988,0,288,10,representatives,representatives,NNS,NN
6898,Tonga_1988,0,288,11,of,of,IN,IN
6899,Tonga_1988,0,288,12,the,the,DT,DT
6900,Tonga_1988,0,288,13,people,people,NNS,NN
6901,Tonga_1988,0,288,16,I,i,PRP,PR
6902,Tonga_1988,0,288,17,solemnly,solemnly,RB,RB
6903,Tonga_1988,0,288,18,swear,swear,VBP,VB
6904,Tonga_1988,0,288,19,before,before,IN,IN
6905,Tonga_1988,0,288,20,God,god,NNP,NN
6906,Tonga_1988,0,288,21,that,that,IN,IN
6907,Tonga_1988,0,288,22,I,i,PRP,PR
6908,Tonga_1988,0,288,23,will,will,MD,MD
6909,Tonga_1988,0,288,24,be,be,VB,VB
6910,Tonga_1988,0,288,25,truly,truly,RB,RB
6911,Tonga_1988,0,288,26,loyal,loyal,JJ,JJ
6912,Tonga_1988,0,288,27,to,to,TO,TO
6913,Tonga_1988,0,288,28,His,his,PRP$,PR
6914,Tonga_1988,0,288,29,Majesty,majesty,NNP,NN
6915,Tonga_1988,0,288,30,King,king,NNP,NN
6916,Tonga_1988,0,288,31,Taufa'ahau,taufaahau,NNP,NN
6917,Tonga_1988,0,288,32,Tupou,tupou,NNP,NN
6918,Tonga_1988,0,288,33,IV,iv,NNP,NN
6919,Tonga_1988,0,288,34,the,the,DT,DT
6920,Tonga_1988,0,288,35,rightful,rightful,JJ,JJ
6921,Tonga_1988,0,288,36,King,king,NNP,NN
6922,Tonga_1988,0,288,37,of,of,IN,IN
6923,Tonga_1988,0,288,38,Tonga,tonga,NNP,NN
6924,Tonga_1988,0,288,39,and,and,CC,CC
6925,Tonga_1988,0,288,40,that,that,IN,IN
6926,Tonga_1988,0,288,41,I,i,PRP,PR
6927,Tonga_1988,0,288,42,will,will,MD,MD
6928,Tonga_1988,0,288,43,righteously,righteously,RB,RB
6929,Tonga_1988,0,288,44,and,and,CC,CC
6930,Tonga_1988,0,288,45,perfectly,perfectly,RB,RB
6931,Tonga_1988,0,288,46,conform,conform,VB,VB
6932,Tonga_1988,0,288,47,to,to,TO,TO
6933,Tonga_1988,0,288,48,and,and,CC,CC
6934,Tonga_1988,0,288,49,keep,keep,VB,VB
6935,Tonga_1988,0,288,50,the,the,DT,DT
6936,Tonga_1988,0,288,51,Constitution,constitution,NNP,NN
6937,Tonga_1988,0,288,52,of,of,IN,IN
6938,Tonga_1988,0,288,53,Tonga,tonga,NNP,NN
6939,Tonga_1988,0,288,54,and,and,CC,CC
6940,Tonga_1988,0,288,55,zealously,zealously,RB,RB
6941,Tonga_1988,0,288,56,discharge,discharge,VB,VB
6942,Tonga_1988,0,288,57,my,my,PRP$,PR
6943,Tonga_1988,0,288,58,duties,duties,NNS,NN
6944,Tonga_1988,0,288,59,as,as,IN,IN
6945,Tonga_1988,0,288,60,a,a,DT,DT
6946,Tonga_1988,0,288,61,member,member,NN,NN
6947,Tonga_1988,0,288,62,of,of,IN,IN
6948,Tonga_1988,0,288,63,the,the,DT,DT
6949,Tonga_1988,0,288,64,Legislative,legislative,NNP,NN
6950,Tonga_1988,0,288,65,Assembly,assembly,NNP,NN
6951,Tonga_1988,0,289,0,The,the,DT,DT
6952,Tonga_1988,0,289,1,members,members,NNS,NN
6953,Tonga_1988,0,289,2,of,of,IN,IN
6954,Tonga_1988,0,289,3,the,the,DT,DT
6955,Tonga_1988,0,289,4,Privy,privy,NNP,NN
6956,Tonga_1988,0,289,5,Council,council,NNP,NN
6957,Tonga_1988,0,289,6,shall,shall,MD,MD
6958,Tonga_1988,0,289,7,sign,sign,VB,VB
6959,Tonga_1988,0,289,8,their,their,PRP$,PR
6960,Tonga_1988,0,289,9,names,names,NNS,NN
6961,Tonga_1988,0,289,10,to,to,TO,TO
6962,Tonga_1988,0,289,11,the,the,DT,DT
6963,Tonga_1988,0,289,12,oath,oath,NN,NN
6964,Tonga_1988,0,289,13,and,and,CC,CC
6965,Tonga_1988,0,289,14,read,read,VB,VB
6966,Tonga_1988,0,289,15,it,it,PRP,PR
6967,Tonga_1988,0,289,16,in,in,IN,IN
6968,Tonga_1988,0,289,17,the,the,DT,DT
6969,Tonga_1988,0,289,18,presence,presence,NN,NN
6970,Tonga_1988,0,289,19,of,of,IN,IN
6971,Tonga_1988,0,289,20,the,the,DT,DT
6972,Tonga_1988,0,289,21,King,king,NNP,NN
6973,Tonga_1988,0,290,0,The,the,DT,DT
6974,Tonga_1988,0,290,1,ministers,ministers,NNS,NN
6975,Tonga_1988,0,290,2,shall,shall,MD,MD
6976,Tonga_1988,0,290,3,sign,sign,VB,VB
6977,Tonga_1988,0,290,4,their,their,PRP$,PR
6978,Tonga_1988,0,290,5,names,names,NNS,NN
6979,Tonga_1988,0,290,6,to,to,TO,TO
6980,Tonga_1988,0,290,7,the,the,DT,DT
6981,Tonga_1988,0,290,8,oath,oath,NN,NN
6982,Tonga_1988,0,290,9,and,and,CC,CC
6983,Tonga_1988,0,290,10,read,read,VB,VB
6984,Tonga_1988,0,290,11,it,it,PRP,PR
6985,Tonga_1988,0,290,12,in,in,IN,IN
6986,Tonga_1988,0,290,13,the,the,DT,DT
6987,Tonga_1988,0,290,14,presence,presence,NN,NN
6988,Tonga_1988,0,290,15,of,of,IN,IN
6989,Tonga_1988,0,290,16,the,the,DT,DT
6990,Tonga_1988,0,290,17,King,king,NNP,NN
6991,Tonga_1988,0,291,0,The,the,DT,DT
6992,Tonga_1988,0,291,1,nobles,nobles,NNS,NN
6993,Tonga_1988,0,291,2,and,and,CC,CC
6994,Tonga_1988,0,291,3,representatives,representatives,NNS,NN
6995,Tonga_1988,0,291,4,of,of,IN,IN
6996,Tonga_1988,0,291,5,the,the,DT,DT
6997,Tonga_1988,0,291,6,people,people,NNS,NN
6998,Tonga_1988,0,291,7,shall,shall,MD,MD
6999,Tonga_1988,0,291,8,sign,sign,VB,VB
7000,Tonga_1988,0,291,9,their,their,PRP$,PR
7001,Tonga_1988,0,291,10,names,names,NNS,NN
7002,Tonga_1988,0,291,11,to,to,TO,TO
7003,Tonga_1988,0,291,12,the,the,DT,DT
7004,Tonga_1988,0,291,13,oath,oath,NN,NN
7005,Tonga_1988,0,291,14,and,and,CC,CC
7006,Tonga_1988,0,291,15,read,read,VB,VB
7007,Tonga_1988,0,291,16,it,it,PRP,PR
7008,Tonga_1988,0,291,17,in,in,IN,IN
7009,Tonga_1988,0,291,18,the,the,DT,DT
7010,Tonga_1988,0,291,19,presence,presence,NN,NN
7011,Tonga_1988,0,291,20,of,of,IN,IN
7012,Tonga_1988,0,291,21,the,the,DT,DT
7013,Tonga_1988,0,291,22,Legislative,legislative,NNP,NN
7014,Tonga_1988,0,291,23,Assembly,assembly,NNP,NN
7015,Tonga_1988,0,292,0,The,the,DT,DT
7016,Tonga_1988,0,292,1,Judiciary,judiciary,NNP,NN
7017,Tonga_1988,0,292,2,84,84,CD,CD
7018,Tonga_1988,0,293,0,The,the,DT,DT
7019,Tonga_1988,0,293,1,Courts,courts,NNS,NN
7020,Tonga_1988,0,293,2,Share,share,NNP,NN
7021,Tonga_1988,0,293,3,The,the,DT,DT
7022,Tonga_1988,0,293,4,judicial,judicial,JJ,JJ
7023,Tonga_1988,0,293,5,power,power,NN,NN
7024,Tonga_1988,0,293,6,of,of,IN,IN
7025,Tonga_1988,0,293,7,the,the,DT,DT
7026,Tonga_1988,0,293,8,Kingdom,kingdom,NNP,NN
7027,Tonga_1988,0,293,9,shall,shall,MD,MD
7028,Tonga_1988,0,293,10,be,be,VB,VB
7029,Tonga_1988,0,293,11,vested,vested,VBN,VB
7030,Tonga_1988,0,293,12,in,in,IN,IN
7031,Tonga_1988,0,293,13,the,the,DT,DT
7032,Tonga_1988,0,293,14,Court,court,NNP,NN
7033,Tonga_1988,0,293,15,of,of,IN,IN
7034,Tonga_1988,0,293,16,Appeal,appeal,NNP,NN
7035,Tonga_1988,0,293,18,the,the,DT,DT
7036,Tonga_1988,0,293,19,Supreme,supreme,NNP,NN
7037,Tonga_1988,0,293,20,Court,court,NNP,NN
7038,Tonga_1988,0,293,22,the,the,DT,DT
7039,Tonga_1988,0,293,23,Magistrate,magistrate,NNP,NN
7040,Tonga_1988,0,293,24,'s,s,POS,PO
7041,Tonga_1988,0,293,25,Court,court,NNP,NN
7042,Tonga_1988,0,293,27,and,and,CC,CC
7043,Tonga_1988,0,293,28,the,the,DT,DT
7044,Tonga_1988,0,293,29,Land,land,NNP,NN
7045,Tonga_1988,0,293,30,Court,court,NNP,NN
7046,Tonga_1988,0,294,1,Law,law,$,$
7047,Tonga_1988,0,294,2,25,25,CD,CD
7048,Tonga_1988,0,294,3,of,of,IN,IN
7049,Tonga_1988,0,294,4,1916,1916,CD,CD
7050,Tonga_1988,0,294,6,Amended,amended,VBN,VB
7051,Tonga_1988,0,294,7,by,by,IN,IN
7052,Tonga_1988,0,294,8,Act,act,NNP,NN
7053,Tonga_1988,0,294,9,13,13,CD,CD
7054,Tonga_1988,0,294,10,of,of,IN,IN
7055,Tonga_1988,0,294,11,1966,1966,CD,CD
7056,Tonga_1988,0,295,1,FN,fn,NNP,NN
7057,Tonga_1988,0,295,3,Amendment,amendment,NNP,NN
7058,Tonga_1988,0,295,4,Act,act,NNP,NN
7059,Tonga_1988,0,295,5,not,not,RB,RB
7060,Tonga_1988,0,295,6,in,in,IN,IN
7061,Tonga_1988,0,295,7,force,force,NN,NN
7062,Tonga_1988,0,295,8,as,as,IN,IN
7063,Tonga_1988,0,295,9,at,at,IN,IN
7064,Tonga_1988,0,295,10,31,31,CD,CD
7065,Tonga_1988,0,295,11,December,december,NNP,NN
7066,Tonga_1988,0,295,12,1988,1988,CD,CD
7067,Tonga_1988,0,295,15,85,85,CD,CD
7068,Tonga_1988,0,296,0,The,the,DT,DT
7069,Tonga_1988,0,296,1,Court,court,NNP,NN
7070,Tonga_1988,0,296,2,of,of,IN,IN
7071,Tonga_1988,0,296,3,Appeal,appeal,NNP,NN
7072,Tonga_1988,0,297,1,FN,fn,NNP,NN
7073,Tonga_1988,0,297,3,This,this,DT,DT
7074,Tonga_1988,0,297,4,section,section,NN,NN
7075,Tonga_1988,0,297,5,not,not,RB,RB
7076,Tonga_1988,0,297,6,in,in,IN,IN
7077,Tonga_1988,0,297,7,force,force,NN,NN
7078,Tonga_1988,0,297,8,as,as,IN,IN
7079,Tonga_1988,0,297,9,at,at,IN,IN
7080,Tonga_1988,0,297,10,31,31,CD,CD
7081,Tonga_1988,0,297,11,December,december,NNP,NN
7082,Tonga_1988,0,297,12,1988,1988,CD,CD
7083,Tonga_1988,0,297,14,Share,share,NNP,NN
7084,Tonga_1988,0,297,15,The,the,DT,DT
7085,Tonga_1988,0,297,16,Court,court,NNP,NN
7086,Tonga_1988,0,297,17,of,of,IN,IN
7087,Tonga_1988,0,297,18,Appeal,appeal,NNP,NN
7088,Tonga_1988,0,297,19,shall,shall,MD,MD
7089,Tonga_1988,0,297,20,consist,consist,VB,VB
7090,Tonga_1988,0,297,21,of,of,IN,IN
7091,Tonga_1988,0,297,22,the,the,DT,DT
7092,Tonga_1988,0,297,23,Chief,chief,NNP,NN
7093,Tonga_1988,0,297,24,Justice,justice,NNP,NN
7094,Tonga_1988,0,297,25,of,of,IN,IN
7095,Tonga_1988,0,297,26,Tonga,tonga,NNP,NN
7096,Tonga_1988,0,297,27,and,and,CC,CC
7097,Tonga_1988,0,297,28,of,of,IN,IN
7098,Tonga_1988,0,297,29,such,such,JJ,JJ
7099,Tonga_1988,0,297,30,other,other,JJ,JJ
7100,Tonga_1988,0,297,31,judges,judges,NNS,NN
7101,Tonga_1988,0,297,32,as,as,IN,IN
7102,Tonga_1988,0,297,33,may,may,MD,MD
7103,Tonga_1988,0,297,34,be,be,VB,VB
7104,Tonga_1988,0,297,35,appointed,appointed,VBN,VB
7105,Tonga_1988,0,297,36,from,from,IN,IN
7106,Tonga_1988,0,297,37,time,time,NN,NN
7107,Tonga_1988,0,297,38,to,to,TO,TO
7108,Tonga_1988,0,297,39,time,time,NN,NN
7109,Tonga_1988,0,297,40,by,by,IN,IN
7110,Tonga_1988,0,297,41,the,the,DT,DT
7111,Tonga_1988,0,297,42,King,king,NNP,NN
7112,Tonga_1988,0,297,43,with,with,IN,IN
7113,Tonga_1988,0,297,44,the,the,DT,DT
7114,Tonga_1988,0,297,45,consent,consent,NN,NN
7115,Tonga_1988,0,297,46,of,of,IN,IN
7116,Tonga_1988,0,297,47,Privy,privy,NNP,NN
7117,Tonga_1988,0,297,48,Council,council,NNP,NN
7118,Tonga_1988,0,297,50,Provided,provided,VBD,VB
7119,Tonga_1988,0,297,51,that,that,IN,IN
7120,Tonga_1988,0,297,52,no,no,DT,DT
7121,Tonga_1988,0,297,53,person,person,NN,NN
7122,Tonga_1988,0,297,54,shall,shall,MD,MD
7123,Tonga_1988,0,297,55,be,be,VB,VB
7124,Tonga_1988,0,297,56,appointed,appointed,VBN,VB
7125,Tonga_1988,0,297,57,unless,unless,IN,IN
7126,Tonga_1988,0,297,59,a.he,ahe,NN,NN
7127,Tonga_1988,0,297,60,holds,holds,VBZ,VB
7128,Tonga_1988,0,297,62,or,or,CC,CC
7129,Tonga_1988,0,297,63,has,has,VBZ,VB
7130,Tonga_1988,0,297,64,held,held,VBN,VB
7131,Tonga_1988,0,297,66,high,high,JJ,JJ
7132,Tonga_1988,0,297,67,judicial,judicial,JJ,JJ
7133,Tonga_1988,0,297,68,office,office,NN,NN
7134,Tonga_1988,0,297,70,or,or,CC,CC
7135,Tonga_1988,0,297,71,b.,b,VB,VB
7136,Tonga_1988,0,297,72,i.he,ihe,NN,NN
7137,Tonga_1988,0,297,73,is,is,VBZ,VB
7138,Tonga_1988,0,297,74,qualified,qualified,VBN,VB
7139,Tonga_1988,0,297,75,to,to,TO,TO
7140,Tonga_1988,0,297,76,practise,practise,VB,VB
7141,Tonga_1988,0,297,77,as,as,IN,IN
7142,Tonga_1988,0,297,78,an,an,DT,DT
7143,Tonga_1988,0,297,79,advocate,advocate,NN,NN
7144,Tonga_1988,0,297,80,in,in,IN,IN
7145,Tonga_1988,0,297,81,a,a,DT,DT
7146,Tonga_1988,0,297,82,court,court,NN,NN
7147,Tonga_1988,0,297,83,in,in,IN,IN
7148,Tonga_1988,0,297,84,some,some,DT,DT
7149,Tonga_1988,0,297,85,part,part,NN,NN
7150,Tonga_1988,0,297,86,of,of,IN,IN
7151,Tonga_1988,0,297,87,Her,her,NNP,NN
7152,Tonga_1988,0,297,88,Britannic,britannic,NNP,NN
7153,Tonga_1988,0,297,89,Majesty,majesty,NNP,NN
7154,Tonga_1988,0,297,90,'s,s,POS,PO
7155,Tonga_1988,0,297,91,dominions,dominions,NNS,NN
7156,Tonga_1988,0,297,92,having,having,VBG,VB
7157,Tonga_1988,0,297,93,unlimited,unlimited,JJ,JJ
7158,Tonga_1988,0,297,94,jurisdiction,jurisdiction,NN,NN
7159,Tonga_1988,0,297,95,in,in,IN,IN
7160,Tonga_1988,0,297,96,civil,civil,JJ,JJ
7161,Tonga_1988,0,297,97,or,or,CC,CC
7162,Tonga_1988,0,297,98,criminal,criminal,JJ,JJ
7163,Tonga_1988,0,297,99,matters,matters,NNS,NN
7164,Tonga_1988,0,297,101,and,and,CC,CC
7165,Tonga_1988,0,297,102,ii.he,iihe,NN,NN
7166,Tonga_1988,0,297,103,has,has,VBZ,VB
7167,Tonga_1988,0,297,104,been,been,VBN,VB
7168,Tonga_1988,0,297,105,qualified,qualified,VBN,VB
7169,Tonga_1988,0,297,106,so,so,RB,RB
7170,Tonga_1988,0,297,107,to,to,TO,TO
7171,Tonga_1988,0,297,108,practise,practise,VB,VB
7172,Tonga_1988,0,297,109,for,for,IN,IN
7173,Tonga_1988,0,297,110,not,not,RB,RB
7174,Tonga_1988,0,297,111,less,less,JJR,JJ
7175,Tonga_1988,0,297,112,than,than,IN,IN
7176,Tonga_1988,0,297,113,ten,ten,CD,CD
7177,Tonga_1988,0,297,114,years,years,NNS,NN
7178,Tonga_1988,0,298,1,Added,added,VBN,VB
7179,Tonga_1988,0,298,2,by,by,IN,IN
7180,Tonga_1988,0,298,3,Act,act,NNP,NN
7181,Tonga_1988,0,298,4,13,13,CD,CD
7182,Tonga_1988,0,298,5,of,of,IN,IN
7183,Tonga_1988,0,298,6,1966,1966,CD,CD
7184,Tonga_1988,0,299,1,FN,fn,NNP,NN
7185,Tonga_1988,0,299,3,Amendment,amendment,NNP,NN
7186,Tonga_1988,0,299,4,Act,act,NNP,NN
7187,Tonga_1988,0,299,5,not,not,RB,RB
7188,Tonga_1988,0,299,6,in,in,IN,IN
7189,Tonga_1988,0,299,7,force,force,NN,NN
7190,Tonga_1988,0,299,8,as,as,IN,IN
7191,Tonga_1988,0,299,9,at,at,IN,IN
7192,Tonga_1988,0,299,10,31,31,CD,CD
7193,Tonga_1988,0,299,11,December,december,NNP,NN
7194,Tonga_1988,0,299,12,1988,1988,CD,CD
7195,Tonga_1988,0,300,0,86,86,CD,CD
7196,Tonga_1988,0,301,0,The,the,DT,DT
7197,Tonga_1988,0,301,1,Supreme,supreme,NNP,NN
7198,Tonga_1988,0,301,2,Court,court,NNP,NN
7199,Tonga_1988,0,301,3,Share,share,NNP,NN
7200,Tonga_1988,0,301,4,The,the,DT,DT
7201,Tonga_1988,0,301,5,Supreme,supreme,NNP,NN
7202,Tonga_1988,0,301,6,Court,court,NNP,NN
7203,Tonga_1988,0,301,7,shall,shall,MD,MD
7204,Tonga_1988,0,301,8,consist,consist,VB,VB
7205,Tonga_1988,0,301,9,of,of,IN,IN
7206,Tonga_1988,0,301,10,a,a,DT,DT
7207,Tonga_1988,0,301,11,judge,judge,NN,NN
7208,Tonga_1988,0,301,12,called,called,VBD,VB
7209,Tonga_1988,0,301,13,the,the,DT,DT
7210,Tonga_1988,0,301,14,Chief,chief,NNP,NN
7211,Tonga_1988,0,301,15,Justice,justice,NNP,NN
7212,Tonga_1988,0,301,17,and,and,CC,CC
7213,Tonga_1988,0,301,18,such,such,JJ,JJ
7214,Tonga_1988,0,301,19,other,other,JJ,JJ
7215,Tonga_1988,0,301,20,judges,judges,NNS,NN
7216,Tonga_1988,0,301,21,as,as,IN,IN
7217,Tonga_1988,0,301,22,may,may,MD,MD
7218,Tonga_1988,0,301,23,be,be,VB,VB
7219,Tonga_1988,0,301,24,appointed,appointed,VBN,VB
7220,Tonga_1988,0,301,25,from,from,IN,IN
7221,Tonga_1988,0,301,26,time,time,NN,NN
7222,Tonga_1988,0,301,27,to,to,TO,TO
7223,Tonga_1988,0,301,28,time,time,NN,NN
7224,Tonga_1988,0,301,29,by,by,IN,IN
7225,Tonga_1988,0,301,30,the,the,DT,DT
7226,Tonga_1988,0,301,31,King,king,NNP,NN
7227,Tonga_1988,0,301,32,with,with,IN,IN
7228,Tonga_1988,0,301,33,the,the,DT,DT
7229,Tonga_1988,0,301,34,consent,consent,NN,NN
7230,Tonga_1988,0,301,35,of,of,IN,IN
7231,Tonga_1988,0,301,36,the,the,DT,DT
7232,Tonga_1988,0,301,37,Privy,privy,NNP,NN
7233,Tonga_1988,0,301,38,Council,council,NNP,NN
7234,Tonga_1988,0,301,40,sitting,sitting,VBG,VB
7235,Tonga_1988,0,301,41,with,with,IN,IN
7236,Tonga_1988,0,301,42,or,or,CC,CC
7237,Tonga_1988,0,301,43,without,without,IN,IN
7238,Tonga_1988,0,301,44,a,a,DT,DT
7239,Tonga_1988,0,301,45,jury,jury,NN,NN
7240,Tonga_1988,0,302,1,Substituted,substituted,VBN,VB
7241,Tonga_1988,0,302,2,by,by,IN,IN
7242,Tonga_1988,0,302,3,Act,act,NNP,NN
7243,Tonga_1988,0,302,4,28,28,CD,CD
7244,Tonga_1988,0,302,5,of,of,IN,IN
7245,Tonga_1988,0,302,6,1978,1978,CD,CD
7246,Tonga_1988,0,303,0,87,87,CD,CD
7247,Tonga_1988,0,304,0,Judges,judges,NNS,NN
7248,Tonga_1988,0,304,1,to,to,TO,TO
7249,Tonga_1988,0,304,2,hold,hold,VB,VB
7250,Tonga_1988,0,304,3,office,office,NN,NN
7251,Tonga_1988,0,304,4,during,during,IN,IN
7252,Tonga_1988,0,304,5,good,good,JJ,JJ
7253,Tonga_1988,0,304,6,behaviour,behaviour,NNS,NN
7254,Tonga_1988,0,304,7,Share,share,VBP,VB
7255,Tonga_1988,0,304,8,The,the,DT,DT
7256,Tonga_1988,0,304,9,judges,judges,NNS,NN
7257,Tonga_1988,0,304,10,shall,shall,MD,MD
7258,Tonga_1988,0,304,11,hold,hold,VB,VB
7259,Tonga_1988,0,304,12,office,office,NN,NN
7260,Tonga_1988,0,304,13,during,during,IN,IN
7261,Tonga_1988,0,304,14,good,good,JJ,JJ
7262,Tonga_1988,0,304,15,behaviour,behaviour,NN,NN
7263,Tonga_1988,0,304,16,and,and,CC,CC
7264,Tonga_1988,0,304,17,shall,shall,MD,MD
7265,Tonga_1988,0,304,18,receive,receive,VB,VB
7266,Tonga_1988,0,304,19,such,such,JJ,JJ
7267,Tonga_1988,0,304,20,salaries,salaries,NNS,NN
7268,Tonga_1988,0,304,21,as,as,IN,IN
7269,Tonga_1988,0,304,22,the,the,DT,DT
7270,Tonga_1988,0,304,23,Legislature,legislature,NNP,NN
7271,Tonga_1988,0,304,24,may,may,MD,MD
7272,Tonga_1988,0,304,25,determine,determine,VB,VB
7273,Tonga_1988,0,304,26,and,and,CC,CC
7274,Tonga_1988,0,304,27,the,the,DT,DT
7275,Tonga_1988,0,304,28,Legislature,legislature,NNP,NN
7276,Tonga_1988,0,304,29,may,may,MD,MD
7277,Tonga_1988,0,304,30,increase,increase,VB,VB
7278,Tonga_1988,0,304,31,but,but,CC,CC
7279,Tonga_1988,0,304,32,shall,shall,MD,MD
7280,Tonga_1988,0,304,33,not,not,RB,RB
7281,Tonga_1988,0,304,34,decrease,decrease,VB,VB
7282,Tonga_1988,0,304,35,such,such,JJ,JJ
7283,Tonga_1988,0,304,36,salaries,salaries,NNS,NN
7284,Tonga_1988,0,304,37,during,during,IN,IN
7285,Tonga_1988,0,304,38,their,their,PRP$,PR
7286,Tonga_1988,0,304,39,tenure,tenure,NN,NN
7287,Tonga_1988,0,304,40,of,of,IN,IN
7288,Tonga_1988,0,304,41,office,office,NN,NN
7289,Tonga_1988,0,304,43,Provided,provided,VBD,VB
7290,Tonga_1988,0,304,44,that,that,IN,IN
7291,Tonga_1988,0,304,45,it,it,PRP,PR
7292,Tonga_1988,0,304,46,shall,shall,MD,MD
7293,Tonga_1988,0,304,47,be,be,VB,VB
7294,Tonga_1988,0,304,48,lawful,lawful,JJ,JJ
7295,Tonga_1988,0,304,49,to,to,TO,TO
7296,Tonga_1988,0,304,50,appoint,appoint,VB,VB
7297,Tonga_1988,0,304,51,Judges,judges,NNP,NN
7298,Tonga_1988,0,304,52,of,of,IN,IN
7299,Tonga_1988,0,304,53,the,the,DT,DT
7300,Tonga_1988,0,304,54,Court,court,NNP,NN
7301,Tonga_1988,0,304,55,of,of,IN,IN
7302,Tonga_1988,0,304,56,Appeal,appeal,NNP,NN
7303,Tonga_1988,0,304,57,for,for,IN,IN
7304,Tonga_1988,0,304,58,limited,limited,JJ,JJ
7305,Tonga_1988,0,304,59,periods,periods,NNS,NN
7306,Tonga_1988,0,304,61,or,or,CC,CC
7307,Tonga_1988,0,304,62,for,for,IN,IN
7308,Tonga_1988,0,304,63,the,the,DT,DT
7309,Tonga_1988,0,304,64,purposes,purposes,NNS,NN
7310,Tonga_1988,0,304,65,of,of,IN,IN
7311,Tonga_1988,0,304,66,a,a,DT,DT
7312,Tonga_1988,0,304,67,particular,particular,JJ,JJ
7313,Tonga_1988,0,304,68,sitting,sitting,NN,NN
7314,Tonga_1988,0,304,69,of,of,IN,IN
7315,Tonga_1988,0,304,70,the,the,DT,DT
7316,Tonga_1988,0,304,71,Court,court,NNP,NN
7317,Tonga_1988,0,304,72,of,of,IN,IN
7318,Tonga_1988,0,304,73,Appeal,appeal,NNP,NN
7319,Tonga_1988,0,304,75,or,or,CC,CC
7320,Tonga_1988,0,304,76,of,of,IN,IN
7321,Tonga_1988,0,304,77,particular,particular,JJ,JJ
7322,Tonga_1988,0,304,78,proceedings,proceedings,NNS,NN
7323,Tonga_1988,0,304,79,to,to,TO,TO
7324,Tonga_1988,0,304,80,come,come,VB,VB
7325,Tonga_1988,0,304,81,before,before,IN,IN
7326,Tonga_1988,0,304,82,the,the,DT,DT
7327,Tonga_1988,0,304,83,Court,court,NNP,NN
7328,Tonga_1988,0,304,85,on,on,IN,IN
7329,Tonga_1988,0,304,86,such,such,JJ,JJ
7330,Tonga_1988,0,304,87,terms,terms,NNS,NN
7331,Tonga_1988,0,304,88,as,as,IN,IN
7332,Tonga_1988,0,304,89,to,to,TO,TO
7333,Tonga_1988,0,304,90,salary,salary,VB,VB
7334,Tonga_1988,0,304,92,or,or,CC,CC
7335,Tonga_1988,0,304,93,other,other,JJ,JJ
7336,Tonga_1988,0,304,94,remuneration,remuneration,NN,NN
7337,Tonga_1988,0,304,96,as,as,IN,IN
7338,Tonga_1988,0,304,97,may,may,MD,MD
7339,Tonga_1988,0,304,98,be,be,VB,VB
7340,Tonga_1988,0,304,99,approved,approved,VBN,VB
7341,Tonga_1988,0,304,100,by,by,IN,IN
7342,Tonga_1988,0,304,101,the,the,DT,DT
7343,Tonga_1988,0,304,102,King,king,NNP,NN
7344,Tonga_1988,0,304,103,with,with,IN,IN
7345,Tonga_1988,0,304,104,the,the,DT,DT
7346,Tonga_1988,0,304,105,consent,consent,NN,NN
7347,Tonga_1988,0,304,106,of,of,IN,IN
7348,Tonga_1988,0,304,107,Privy,privy,NNP,NN
7349,Tonga_1988,0,304,108,Council,council,NNP,NN
7350,Tonga_1988,0,305,1,Added,added,VBN,VB
7351,Tonga_1988,0,305,2,by,by,IN,IN
7352,Tonga_1988,0,305,3,Act,act,NNP,NN
7353,Tonga_1988,0,305,4,13,13,CD,CD
7354,Tonga_1988,0,305,5,of,of,IN,IN
7355,Tonga_1988,0,305,6,1966,1966,CD,CD
7356,Tonga_1988,0,306,1,FN,fn,NNP,NN
7357,Tonga_1988,0,306,3,This,this,DT,DT
7358,Tonga_1988,0,306,4,proviso,proviso,NN,NN
7359,Tonga_1988,0,306,5,not,not,RB,RB
7360,Tonga_1988,0,306,6,in,in,IN,IN
7361,Tonga_1988,0,306,7,force,force,NN,NN
7362,Tonga_1988,0,306,8,as,as,IN,IN
7363,Tonga_1988,0,306,9,at,at,IN,IN
7364,Tonga_1988,0,306,10,31,31,CD,CD
7365,Tonga_1988,0,306,11,December,december,NNP,NN
7366,Tonga_1988,0,306,12,1988,1988,CD,CD
7367,Tonga_1988,0,307,0,88,88,CD,CD
7368,Tonga_1988,0,308,0,Acting,acting,VBG,VB
7369,Tonga_1988,0,308,1,Judge,judge,NNP,NN
7370,Tonga_1988,0,308,2,Share,share,NNP,NN
7371,Tonga_1988,0,308,3,1,1,CD,CD
7372,Tonga_1988,0,309,0,It,it,PRP,PR
7373,Tonga_1988,0,309,1,shall,shall,MD,MD
7374,Tonga_1988,0,309,2,be,be,VB,VB
7375,Tonga_1988,0,309,3,lawful,lawful,JJ,JJ
7376,Tonga_1988,0,309,4,for,for,IN,IN
7377,Tonga_1988,0,309,5,the,the,DT,DT
7378,Tonga_1988,0,309,6,Prime,prime,NNP,NN
7379,Tonga_1988,0,309,7,Minister,minister,NNP,NN
7380,Tonga_1988,0,309,8,with,with,IN,IN
7381,Tonga_1988,0,309,9,the,the,DT,DT
7382,Tonga_1988,0,309,10,consent,consent,NN,NN
7383,Tonga_1988,0,309,11,of,of,IN,IN
7384,Tonga_1988,0,309,12,Cabinet,cabinet,NNP,NN
7385,Tonga_1988,0,309,13,in,in,IN,IN
7386,Tonga_1988,0,309,14,the,the,DT,DT
7387,Tonga_1988,0,309,15,name,name,NN,NN
7388,Tonga_1988,0,309,16,and,and,CC,CC
7389,Tonga_1988,0,309,17,on,on,IN,IN
7390,Tonga_1988,0,309,18,behalf,behalf,NN,NN
7391,Tonga_1988,0,309,19,of,of,IN,IN
7392,Tonga_1988,0,309,20,His,his,PRP$,PR
7393,Tonga_1988,0,309,21,Majesty,majesty,NNP,NN
7394,Tonga_1988,0,309,23,at,at,IN,IN
7395,Tonga_1988,0,309,24,any,any,DT,DT
7396,Tonga_1988,0,309,25,time,time,NN,NN
7397,Tonga_1988,0,309,26,during,during,IN,IN
7398,Tonga_1988,0,309,27,the,the,DT,DT
7399,Tonga_1988,0,309,28,illness,illness,NN,NN
7400,Tonga_1988,0,309,29,or,or,CC,CC
7401,Tonga_1988,0,309,30,absence,absence,NN,NN
7402,Tonga_1988,0,309,31,of,of,IN,IN
7403,Tonga_1988,0,309,32,any,any,DT,DT
7404,Tonga_1988,0,309,33,judge,judge,NN,NN
7405,Tonga_1988,0,309,35,or,or,CC,CC
7406,Tonga_1988,0,309,36,for,for,IN,IN
7407,Tonga_1988,0,309,37,any,any,DT,DT
7408,Tonga_1988,0,309,38,other,other,JJ,JJ
7409,Tonga_1988,0,309,39,temporary,temporary,JJ,JJ
7410,Tonga_1988,0,309,40,purpose,purpose,NN,NN
7411,Tonga_1988,0,309,41,to,to,TO,TO
7412,Tonga_1988,0,309,42,appoint,appoint,VB,VB
7413,Tonga_1988,0,309,43,an,an,DT,DT
7414,Tonga_1988,0,309,44,acting,acting,NN,NN
7415,Tonga_1988,0,309,45,judge,judge,NN,NN
7416,Tonga_1988,0,309,46,for,for,IN,IN
7417,Tonga_1988,0,309,47,the,the,DT,DT
7418,Tonga_1988,0,309,48,period,period,NN,NN
7419,Tonga_1988,0,309,49,during,during,IN,IN
7420,Tonga_1988,0,309,50,which,which,WDT,WD
7421,Tonga_1988,0,309,51,the,the,DT,DT
7422,Tonga_1988,0,309,52,judge,judge,NN,NN
7423,Tonga_1988,0,309,53,is,is,VBZ,VB
7424,Tonga_1988,0,309,54,ill,ill,JJ,JJ
7425,Tonga_1988,0,309,55,or,or,CC,CC
7426,Tonga_1988,0,309,56,absent,absent,NN,NN
7427,Tonga_1988,0,309,57,or,or,CC,CC
7428,Tonga_1988,0,309,58,for,for,IN,IN
7429,Tonga_1988,0,309,59,the,the,DT,DT
7430,Tonga_1988,0,309,60,period,period,NN,NN
7431,Tonga_1988,0,309,61,necessary,necessary,JJ,JJ
7432,Tonga_1988,0,309,62,to,to,TO,TO
7433,Tonga_1988,0,309,63,effect,effect,NN,NN
7434,Tonga_1988,0,309,64,the,the,DT,DT
7435,Tonga_1988,0,309,65,temporary,temporary,JJ,JJ
7436,Tonga_1988,0,309,66,purpose,purpose,NN,NN
7437,Tonga_1988,0,310,0,2,2,CD,CD
7438,Tonga_1988,0,311,0,An,an,DT,DT
7439,Tonga_1988,0,311,1,acting,acting,NN,NN
7440,Tonga_1988,0,311,2,judge,judge,NN,NN
7441,Tonga_1988,0,311,3,shall,shall,MD,MD
7442,Tonga_1988,0,311,4,have,have,VB,VB
7443,Tonga_1988,0,311,5,the,the,DT,DT
7444,Tonga_1988,0,311,6,jurisdiction,jurisdiction,NN,NN
7445,Tonga_1988,0,311,7,and,and,CC,CC
7446,Tonga_1988,0,311,8,powers,powers,NNS,NN
7447,Tonga_1988,0,311,9,of,of,IN,IN
7448,Tonga_1988,0,311,11,and,and,CC,CC
7449,Tonga_1988,0,311,12,may,may,MD,MD
7450,Tonga_1988,0,311,13,exercise,exercise,VB,VB
7451,Tonga_1988,0,311,14,all,all,PDT,PD
7452,Tonga_1988,0,311,15,the,the,DT,DT
7453,Tonga_1988,0,311,16,authorities,authorities,NNS,NN
7454,Tonga_1988,0,311,17,which,which,WDT,WD
7455,Tonga_1988,0,311,18,are,are,VBP,VB
7456,Tonga_1988,0,311,19,vested,vested,VBN,VB
7457,Tonga_1988,0,311,20,in,in,IN,IN
7458,Tonga_1988,0,311,21,or,or,CC,CC
7459,Tonga_1988,0,311,22,may,may,MD,MD
7460,Tonga_1988,0,311,23,be,be,VB,VB
7461,Tonga_1988,0,311,24,exercised,exercised,VBN,VB
7462,Tonga_1988,0,311,25,by,by,IN,IN
7463,Tonga_1988,0,311,26,a,a,DT,DT
7464,Tonga_1988,0,311,27,judge,judge,NN,NN
7465,Tonga_1988,0,311,28,and,and,CC,CC
7466,Tonga_1988,0,311,29,shall,shall,MD,MD
7467,Tonga_1988,0,311,30,be,be,VB,VB
7468,Tonga_1988,0,311,31,paid,paid,VBN,VB
7469,Tonga_1988,0,311,32,such,such,JJ,JJ
7470,Tonga_1988,0,311,33,salary,salary,JJ,JJ
7471,Tonga_1988,0,311,34,as,as,IN,IN
7472,Tonga_1988,0,311,35,may,may,MD,MD
7473,Tonga_1988,0,311,36,be,be,VB,VB
7474,Tonga_1988,0,311,37,determined,determined,VBN,VB
7475,Tonga_1988,0,311,38,by,by,IN,IN
7476,Tonga_1988,0,311,39,Cabinet,cabinet,NNP,NN
7477,Tonga_1988,0,312,1,Added,added,VBN,VB
7478,Tonga_1988,0,312,2,by,by,IN,IN
7479,Tonga_1988,0,312,3,Act,act,NNP,NN
7480,Tonga_1988,0,312,4,14,14,CD,CD
7481,Tonga_1988,0,312,5,of,of,IN,IN
7482,Tonga_1988,0,312,6,1955,1955,CD,CD
7483,Tonga_1988,0,313,0,89,89,CD,CD
7484,Tonga_1988,0,314,0,Powers,powers,NNS,NN
7485,Tonga_1988,0,314,1,Share,share,VBP,VB
7486,Tonga_1988,0,314,2,The,the,DT,DT
7487,Tonga_1988,0,314,3,judges,judges,NNS,NN
7488,Tonga_1988,0,314,4,shall,shall,MD,MD
7489,Tonga_1988,0,314,5,have,have,VB,VB
7490,Tonga_1988,0,314,6,power,power,NN,NN
7491,Tonga_1988,0,314,7,to,to,TO,TO
7492,Tonga_1988,0,314,8,direct,direct,VB,VB
7493,Tonga_1988,0,314,9,the,the,DT,DT
7494,Tonga_1988,0,314,10,form,form,NN,NN
7495,Tonga_1988,0,314,11,of,of,IN,IN
7496,Tonga_1988,0,314,12,indictments,indictments,NNS,NN
7497,Tonga_1988,0,314,13,to,to,TO,TO
7498,Tonga_1988,0,314,14,control,control,VB,VB
7499,Tonga_1988,0,314,15,the,the,DT,DT
7500,Tonga_1988,0,314,16,procedure,procedure,NN,NN
7501,Tonga_1988,0,314,17,of,of,IN,IN
7502,Tonga_1988,0,314,18,the,the,DT,DT
7503,Tonga_1988,0,314,19,lower,lower,JJR,JJ
7504,Tonga_1988,0,314,20,Courts,courts,NNS,NN
7505,Tonga_1988,0,314,22,and,and,CC,CC
7506,Tonga_1988,0,314,23,to,to,TO,TO
7507,Tonga_1988,0,314,24,make,make,VB,VB
7508,Tonga_1988,0,314,25,rules,rules,NNS,NN
7509,Tonga_1988,0,314,26,of,of,IN,IN
7510,Tonga_1988,0,314,27,procedure,procedure,NN,NN
7511,Tonga_1988,0,315,0,90,90,CD,CD
7512,Tonga_1988,0,316,0,Jurisdiction,jurisdiction,NN,NN
7513,Tonga_1988,0,316,1,of,of,IN,IN
7514,Tonga_1988,0,316,2,Supreme,supreme,NNP,NN
7515,Tonga_1988,0,316,3,Court,court,NNP,NN
7516,Tonga_1988,0,316,4,Share,share,NNP,NN
7517,Tonga_1988,0,316,5,The,the,DT,DT
7518,Tonga_1988,0,316,6,Supreme,supreme,NNP,NN
7519,Tonga_1988,0,316,7,Court,court,NNP,NN
7520,Tonga_1988,0,316,8,shall,shall,MD,MD
7521,Tonga_1988,0,316,9,have,have,VB,VB
7522,Tonga_1988,0,316,10,jurisdiction,jurisdiction,NN,NN
7523,Tonga_1988,0,316,11,in,in,IN,IN
7524,Tonga_1988,0,316,12,all,all,DT,DT
7525,Tonga_1988,0,316,13,cases,cases,NNS,NN
7526,Tonga_1988,0,316,14,in,in,IN,IN
7527,Tonga_1988,0,316,15,Law,law,NNP,NN
7528,Tonga_1988,0,316,16,and,and,CC,CC
7529,Tonga_1988,0,316,17,Equity,equity,NNP,NN
7530,Tonga_1988,0,316,18,arising,arising,VBG,VB
7531,Tonga_1988,0,316,19,under,under,IN,IN
7532,Tonga_1988,0,316,20,the,the,DT,DT
7533,Tonga_1988,0,316,21,Constitution,constitution,NNP,NN
7534,Tonga_1988,0,316,22,and,and,CC,CC
7535,Tonga_1988,0,316,23,Laws,laws,NNP,NN
7536,Tonga_1988,0,316,24,of,of,IN,IN
7537,Tonga_1988,0,316,25,the,the,DT,DT
7538,Tonga_1988,0,316,26,Kingdom,kingdom,NNP,NN
7539,Tonga_1988,0,316,28,except,except,IN,IN
7540,Tonga_1988,0,316,29,indictable,indictable,JJ,JJ
7541,Tonga_1988,0,316,30,offences,offences,NNS,NN
7542,Tonga_1988,0,316,31,where,where,WRB,WR
7543,Tonga_1988,0,316,32,the,the,DT,DT
7544,Tonga_1988,0,316,33,accused,accused,VBN,VB
7545,Tonga_1988,0,316,34,elected,elected,VBN,VB
7546,Tonga_1988,0,316,35,to,to,TO,TO
7547,Tonga_1988,0,316,36,be,be,VB,VB
7548,Tonga_1988,0,316,37,tried,tried,VBN,VB
7549,Tonga_1988,0,316,38,by,by,IN,IN
7550,Tonga_1988,0,316,39,jury,jury,NN,NN
7551,Tonga_1988,0,316,40,and,and,CC,CC
7552,Tonga_1988,0,316,41,except,except,IN,IN
7553,Tonga_1988,0,316,42,also,also,RB,RB
7554,Tonga_1988,0,316,43,cases,cases,NNS,NN
7555,Tonga_1988,0,316,44,concerning,concerning,VBG,VB
7556,Tonga_1988,0,316,45,titles,titles,NNS,NN
7557,Tonga_1988,0,316,46,to,to,TO,TO
7558,Tonga_1988,0,316,47,land,land,VB,VB
7559,Tonga_1988,0,316,48,which,which,WDT,WD
7560,Tonga_1988,0,316,49,shall,shall,MD,MD
7561,Tonga_1988,0,316,50,be,be,VB,VB
7562,Tonga_1988,0,316,51,determined,determined,VBN,VB
7563,Tonga_1988,0,316,52,by,by,IN,IN
7564,Tonga_1988,0,316,53,a,a,DT,DT
7565,Tonga_1988,0,316,54,Land,land,NNP,NN
7566,Tonga_1988,0,316,55,Court,court,NNP,NN
7567,Tonga_1988,0,316,56,subject,subject,NN,NN
7568,Tonga_1988,0,316,57,to,to,TO,TO
7569,Tonga_1988,0,316,58,an,an,DT,DT
7570,Tonga_1988,0,316,59,appeal,appeal,NN,NN
7571,Tonga_1988,0,316,60,to,to,TO,TO
7572,Tonga_1988,0,316,61,the,the,DT,DT
7573,Tonga_1988,0,316,62,Privy,privy,NNP,NN
7574,Tonga_1988,0,316,63,Council,council,NNP,NN
7575,Tonga_1988,0,316,65,and,and,CC,CC
7576,Tonga_1988,0,316,66,in,in,IN,IN
7577,Tonga_1988,0,316,67,all,all,DT,DT
7578,Tonga_1988,0,316,68,matters,matters,NNS,NN
7579,Tonga_1988,0,316,69,concerning,concerning,VBG,VB
7580,Tonga_1988,0,316,70,Treaties,treaties,NNS,NN
7581,Tonga_1988,0,316,71,with,with,IN,IN
7582,Tonga_1988,0,316,72,Foreign,foreign,NNP,NN
7583,Tonga_1988,0,316,73,States,states,NNPS,NN
7584,Tonga_1988,0,316,74,and,and,CC,CC
7585,Tonga_1988,0,316,75,Ministers,ministers,NNPS,NN
7586,Tonga_1988,0,316,76,and,and,CC,CC
7587,Tonga_1988,0,316,77,Consuls,consuls,NNP,NN
7588,Tonga_1988,0,316,78,and,and,CC,CC
7589,Tonga_1988,0,316,79,in,in,IN,IN
7590,Tonga_1988,0,316,80,all,all,DT,DT
7591,Tonga_1988,0,316,81,cases,cases,NNS,NN
7592,Tonga_1988,0,316,82,affecting,affecting,VBG,VB
7593,Tonga_1988,0,316,83,Public,public,JJ,JJ
7594,Tonga_1988,0,316,84,Ministers,ministers,NNPS,NN
7595,Tonga_1988,0,316,85,and,and,CC,CC
7596,Tonga_1988,0,316,86,Consuls,consuls,NNP,NN
7597,Tonga_1988,0,316,87,and,and,CC,CC
7598,Tonga_1988,0,316,88,all,all,DT,DT
7599,Tonga_1988,0,316,89,Maritime,maritime,NNP,NN
7600,Tonga_1988,0,316,90,Cases,cases,NNP,NN
7601,Tonga_1988,0,317,1,Law,law,$,$
7602,Tonga_1988,0,317,2,25,25,CD,CD
7603,Tonga_1988,0,317,3,of,of,IN,IN
7604,Tonga_1988,0,317,4,1916,1916,CD,CD
7605,Tonga_1988,0,317,6,Act,act,NNP,NN
7606,Tonga_1988,0,317,7,25,25,CD,CD
7607,Tonga_1988,0,317,8,of,of,IN,IN
7608,Tonga_1988,0,317,9,1942,1942,CD,CD
7609,Tonga_1988,0,318,0,91,91,CD,CD
7610,Tonga_1988,0,319,0,Appeals,appeals,NNS,NN
7611,Tonga_1988,0,319,1,from,from,IN,IN
7612,Tonga_1988,0,319,2,Supreme,supreme,NNP,NN
7613,Tonga_1988,0,319,3,Court,court,NNP,NN
7614,Tonga_1988,0,320,1,FN,fn,NNP,NN
7615,Tonga_1988,0,320,3,This,this,DT,DT
7616,Tonga_1988,0,320,4,section,section,NN,NN
7617,Tonga_1988,0,320,5,not,not,RB,RB
7618,Tonga_1988,0,320,6,in,in,IN,IN
7619,Tonga_1988,0,320,7,force,force,NN,NN
7620,Tonga_1988,0,320,8,as,as,IN,IN
7621,Tonga_1988,0,320,9,at,at,IN,IN
7622,Tonga_1988,0,320,10,31,31,CD,CD
7623,Tonga_1988,0,320,11,December,december,NNP,NN
7624,Tonga_1988,0,320,12,1988,1988,CD,CD
7625,Tonga_1988,0,320,14,Share,share,NNP,NN
7626,Tonga_1988,0,320,15,1,1,CD,CD
7627,Tonga_1988,0,321,0,Subject,subject,JJ,JJ
7628,Tonga_1988,0,321,1,to,to,TO,TO
7629,Tonga_1988,0,321,2,the,the,DT,DT
7630,Tonga_1988,0,321,3,provisions,provisions,NNS,NN
7631,Tonga_1988,0,321,4,of,of,IN,IN
7632,Tonga_1988,0,321,5,any,any,DT,DT
7633,Tonga_1988,0,321,6,Act,act,NNP,NN
7634,Tonga_1988,0,321,7,of,of,IN,IN
7635,Tonga_1988,0,321,8,the,the,DT,DT
7636,Tonga_1988,0,321,9,Legislative,legislative,NNP,NN
7637,Tonga_1988,0,321,10,Assembly,assembly,NNP,NN
7638,Tonga_1988,0,321,11,regulating,regulating,VBG,VB
7639,Tonga_1988,0,321,12,appeals,appeals,NNS,NN
7640,Tonga_1988,0,321,13,to,to,TO,TO
7641,Tonga_1988,0,321,14,the,the,DT,DT
7642,Tonga_1988,0,321,15,Court,court,NNP,NN
7643,Tonga_1988,0,321,16,of,of,IN,IN
7644,Tonga_1988,0,321,17,Appeal,appeal,NNP,NN
7645,Tonga_1988,0,321,19,a,a,DT,DT
7646,Tonga_1988,0,321,20,party,party,NN,NN
7647,Tonga_1988,0,321,21,to,to,TO,TO
7648,Tonga_1988,0,321,22,any,any,DT,DT
7649,Tonga_1988,0,321,23,proceedings,proceedings,NNS,NN
7650,Tonga_1988,0,321,24,in,in,IN,IN
7651,Tonga_1988,0,321,25,the,the,DT,DT
7652,Tonga_1988,0,321,26,Supreme,supreme,NNP,NN
7653,Tonga_1988,0,321,27,Court,court,NNP,NN
7654,Tonga_1988,0,321,28,who,who,WP,WP
7655,Tonga_1988,0,321,29,is,is,VBZ,VB
7656,Tonga_1988,0,321,30,aggrieved,aggrieved,VBN,VB
7657,Tonga_1988,0,321,31,by,by,IN,IN
7658,Tonga_1988,0,321,32,a,a,DT,DT
7659,Tonga_1988,0,321,33,decision,decision,NN,NN
7660,Tonga_1988,0,321,34,given,given,VBN,VB
7661,Tonga_1988,0,321,35,in,in,IN,IN
7662,Tonga_1988,0,321,36,those,those,DT,DT
7663,Tonga_1988,0,321,37,proceedings,proceedings,NNS,NN
7664,Tonga_1988,0,321,38,by,by,IN,IN
7665,Tonga_1988,0,321,39,that,that,DT,DT
7666,Tonga_1988,0,321,40,Court,court,NNP,NN
7667,Tonga_1988,0,321,42,or,or,CC,CC
7668,Tonga_1988,0,321,43,a,a,DT,DT
7669,Tonga_1988,0,321,44,judge,judge,NN,NN
7670,Tonga_1988,0,321,45,thereof,thereof,NN,NN
7671,Tonga_1988,0,321,47,sitting,sitting,VBG,VB
7672,Tonga_1988,0,321,48,in,in,IN,IN
7673,Tonga_1988,0,321,49,first,first,JJ,JJ
7674,Tonga_1988,0,321,50,instance,instance,NN,NN
7675,Tonga_1988,0,321,52,may,may,MD,MD
7676,Tonga_1988,0,321,53,appeal,appeal,VB,VB
7677,Tonga_1988,0,321,54,to,to,TO,TO
7678,Tonga_1988,0,321,55,the,the,DT,DT
7679,Tonga_1988,0,321,56,Court,court,NNP,NN
7680,Tonga_1988,0,321,57,of,of,IN,IN
7681,Tonga_1988,0,321,58,Appeal,appeal,NNP,NN
7682,Tonga_1988,0,321,59,against,against,IN,IN
7683,Tonga_1988,0,321,60,such,such,JJ,JJ
7684,Tonga_1988,0,321,61,decision,decision,NN,NN
7685,Tonga_1988,0,322,0,2,2,CD,CD
7686,Tonga_1988,0,323,0,Except,except,IN,IN
7687,Tonga_1988,0,323,1,as,as,RB,RB
7688,Tonga_1988,0,323,2,may,may,MD,MD
7689,Tonga_1988,0,323,3,be,be,VB,VB
7690,Tonga_1988,0,323,4,provided,provided,VBN,VB
7691,Tonga_1988,0,323,5,by,by,IN,IN
7692,Tonga_1988,0,323,6,any,any,DT,DT
7693,Tonga_1988,0,323,7,Act,act,NNP,NN
7694,Tonga_1988,0,323,8,of,of,IN,IN
7695,Tonga_1988,0,323,9,the,the,DT,DT
7696,Tonga_1988,0,323,10,Legislative,legislative,NNP,NN
7697,Tonga_1988,0,323,11,Assembly,assembly,NNP,NN
7698,Tonga_1988,0,323,13,or,or,CC,CC
7699,Tonga_1988,0,323,14,by,by,IN,IN
7700,Tonga_1988,0,323,15,rules,rules,NNS,NN
7701,Tonga_1988,0,323,16,in,in,IN,IN
7702,Tonga_1988,0,323,17,respect,respect,NN,NN
7703,Tonga_1988,0,323,18,of,of,IN,IN
7704,Tonga_1988,0,323,19,limited,limited,JJ,JJ
7705,Tonga_1988,0,323,20,classes,classes,NNS,NN
7706,Tonga_1988,0,323,21,of,of,IN,IN
7707,Tonga_1988,0,323,22,appeals,appeals,NNS,NN
7708,Tonga_1988,0,323,24,no,no,DT,DT
7709,Tonga_1988,0,323,25,appeal,appeal,NN,NN
7710,Tonga_1988,0,323,26,shall,shall,MD,MD
7711,Tonga_1988,0,323,27,be,be,VB,VB
7712,Tonga_1988,0,323,28,finally,finally,RB,RB
7713,Tonga_1988,0,323,29,determined,determined,VBN,VB
7714,Tonga_1988,0,323,30,by,by,IN,IN
7715,Tonga_1988,0,323,31,less,less,JJR,JJ
7716,Tonga_1988,0,323,32,than,than,IN,IN
7717,Tonga_1988,0,323,33,three,three,CD,CD
7718,Tonga_1988,0,323,34,members,members,NNS,NN
7719,Tonga_1988,0,323,35,of,of,IN,IN
7720,Tonga_1988,0,323,36,the,the,DT,DT
7721,Tonga_1988,0,323,37,Court,court,NNP,NN
7722,Tonga_1988,0,323,38,of,of,IN,IN
7723,Tonga_1988,0,323,39,Appeal,appeal,NNP,NN
7724,Tonga_1988,0,324,1,Added,added,VBN,VB
7725,Tonga_1988,0,324,2,by,by,IN,IN
7726,Tonga_1988,0,324,3,Act,act,NNP,NN
7727,Tonga_1988,0,324,4,13,13,CD,CD
7728,Tonga_1988,0,324,5,of,of,IN,IN
7729,Tonga_1988,0,324,6,1966,1966,CD,CD
7730,Tonga_1988,0,325,0,92,92,CD,CD
7731,Tonga_1988,0,326,0,Jurisdiction,jurisdiction,NNP,NN
7732,Tonga_1988,0,326,1,of,of,IN,IN
7733,Tonga_1988,0,326,2,Court,court,NNP,NN
7734,Tonga_1988,0,326,3,of,of,IN,IN
7735,Tonga_1988,0,326,4,Appeal,appeal,NNP,NN
7736,Tonga_1988,0,327,1,FN,fn,NNP,NN
7737,Tonga_1988,0,327,3,This,this,DT,DT
7738,Tonga_1988,0,327,4,section,section,NN,NN
7739,Tonga_1988,0,327,5,not,not,RB,RB
7740,Tonga_1988,0,327,6,in,in,IN,IN
7741,Tonga_1988,0,327,7,force,force,NN,NN
7742,Tonga_1988,0,327,8,as,as,IN,IN
7743,Tonga_1988,0,327,9,at,at,IN,IN
7744,Tonga_1988,0,327,10,31,31,CD,CD
7745,Tonga_1988,0,327,11,December,december,NNP,NN
7746,Tonga_1988,0,327,12,1988,1988,CD,CD
7747,Tonga_1988,0,327,14,Share,share,NNP,NN
7748,Tonga_1988,0,327,15,The,the,DT,DT
7749,Tonga_1988,0,327,16,Court,court,NNP,NN
7750,Tonga_1988,0,327,17,of,of,IN,IN
7751,Tonga_1988,0,327,18,Appeal,appeal,NNP,NN
7752,Tonga_1988,0,327,19,shall,shall,MD,MD
7753,Tonga_1988,0,327,20,have,have,VB,VB
7754,Tonga_1988,0,327,21,exclusive,exclusive,JJ,JJ
7755,Tonga_1988,0,327,22,power,power,NN,NN
7756,Tonga_1988,0,327,23,and,and,CC,CC
7757,Tonga_1988,0,327,24,jurisdiction,jurisdiction,NN,NN
7758,Tonga_1988,0,327,25,to,to,TO,TO
7759,Tonga_1988,0,327,26,hear,hear,VB,VB
7760,Tonga_1988,0,327,27,and,and,CC,CC
7761,Tonga_1988,0,327,28,determine,determine,VB,VB
7762,Tonga_1988,0,327,29,all,all,DT,DT
7763,Tonga_1988,0,327,30,appeals,appeals,NNS,NN
7764,Tonga_1988,0,327,31,which,which,WDT,WD
7765,Tonga_1988,0,327,32,by,by,IN,IN
7766,Tonga_1988,0,327,33,virtue,virtue,NN,NN
7767,Tonga_1988,0,327,34,of,of,IN,IN
7768,Tonga_1988,0,327,35,this,this,DT,DT
7769,Tonga_1988,0,327,36,Constitution,constitution,NNP,NN
7770,Tonga_1988,0,327,37,or,or,CC,CC
7771,Tonga_1988,0,327,38,of,of,IN,IN
7772,Tonga_1988,0,327,39,any,any,DT,DT
7773,Tonga_1988,0,327,40,Act,act,NNP,NN
7774,Tonga_1988,0,327,41,of,of,IN,IN
7775,Tonga_1988,0,327,42,the,the,DT,DT
7776,Tonga_1988,0,327,43,Legislative,legislative,NNP,NN
7777,Tonga_1988,0,327,44,Assembly,assembly,NNP,NN
7778,Tonga_1988,0,327,45,lie,lie,NN,NN
7779,Tonga_1988,0,327,46,from,from,IN,IN
7780,Tonga_1988,0,327,47,the,the,DT,DT
7781,Tonga_1988,0,327,48,Supreme,supreme,NNP,NN
7782,Tonga_1988,0,327,49,Court,court,NNP,NN
7783,Tonga_1988,0,327,50,or,or,CC,CC
7784,Tonga_1988,0,327,51,any,any,DT,DT
7785,Tonga_1988,0,327,52,judge,judge,NN,NN
7786,Tonga_1988,0,327,53,thereof,thereof,NN,NN
7787,Tonga_1988,0,327,54,and,and,CC,CC
7788,Tonga_1988,0,327,55,shall,shall,MD,MD
7789,Tonga_1988,0,327,56,have,have,VB,VB
7790,Tonga_1988,0,327,57,such,such,JJ,JJ
7791,Tonga_1988,0,327,58,further,further,JJ,JJ
7792,Tonga_1988,0,327,59,or,or,CC,CC
7793,Tonga_1988,0,327,60,other,other,JJ,JJ
7794,Tonga_1988,0,327,61,jurisdiction,jurisdiction,NN,NN
7795,Tonga_1988,0,327,62,as,as,IN,IN
7796,Tonga_1988,0,327,63,may,may,MD,MD
7797,Tonga_1988,0,327,64,be,be,VB,VB
7798,Tonga_1988,0,327,65,conferred,conferred,VBN,VB
7799,Tonga_1988,0,327,66,upon,upon,IN,IN
7800,Tonga_1988,0,327,67,it,it,PRP,PR
7801,Tonga_1988,0,327,68,by,by,IN,IN
7802,Tonga_1988,0,327,69,any,any,DT,DT
7803,Tonga_1988,0,327,70,such,such,JJ,JJ
7804,Tonga_1988,0,327,71,Act,act,NNP,NN
7805,Tonga_1988,0,328,1,Added,added,VBN,VB
7806,Tonga_1988,0,328,2,by,by,IN,IN
7807,Tonga_1988,0,328,3,Act,act,NNP,NN
7808,Tonga_1988,0,328,4,13,13,CD,CD
7809,Tonga_1988,0,328,5,of,of,IN,IN
7810,Tonga_1988,0,328,6,1966,1966,CD,CD
7811,Tonga_1988,0,329,0,93,93,CD,CD
7812,Tonga_1988,0,330,0,Legal,legal,NNP,NN
7813,Tonga_1988,0,330,1,opinions,opinions,NNS,NN
7814,Tonga_1988,0,330,2,Share,share,NNP,NN
7815,Tonga_1988,0,330,3,The,the,DT,DT
7816,Tonga_1988,0,330,4,judges,judges,NNS,NN
7817,Tonga_1988,0,330,5,shall,shall,MD,MD
7818,Tonga_1988,0,330,6,give,give,VB,VB
7819,Tonga_1988,0,330,7,opinions,opinions,NNS,NN
7820,Tonga_1988,0,330,8,upon,upon,IN,IN
7821,Tonga_1988,0,330,9,important,important,JJ,JJ
7822,Tonga_1988,0,330,10,or,or,CC,CC
7823,Tonga_1988,0,330,11,difficult,difficult,JJ,JJ
7824,Tonga_1988,0,330,12,matters,matters,NNS,NN
7825,Tonga_1988,0,330,13,when,when,WRB,WR
7826,Tonga_1988,0,330,14,requested,requested,VBN,VB
7827,Tonga_1988,0,330,15,so,so,RB,RB
7828,Tonga_1988,0,330,16,to,to,TO,TO
7829,Tonga_1988,0,330,17,do,do,VB,VB
7830,Tonga_1988,0,330,18,by,by,IN,IN
7831,Tonga_1988,0,330,19,the,the,DT,DT
7832,Tonga_1988,0,330,20,King,king,NNP,NN
7833,Tonga_1988,0,330,21,the,the,DT,DT
7834,Tonga_1988,0,330,22,Cabinet,cabinet,NNP,NN
7835,Tonga_1988,0,330,23,or,or,CC,CC
7836,Tonga_1988,0,330,24,the,the,DT,DT
7837,Tonga_1988,0,330,25,Legislative,legislative,JJ,JJ
7838,Tonga_1988,0,330,26,Assembly,assembly,NN,NN
7839,Tonga_1988,0,331,0,94,94,CD,CD
7840,Tonga_1988,0,332,0,Judge,judge,NNP,NN
7841,Tonga_1988,0,332,1,may,may,MD,MD
7842,Tonga_1988,0,332,2,not,not,RB,RB
7843,Tonga_1988,0,332,3,hear,hear,VB,VB
7844,Tonga_1988,0,332,4,appeal,appeal,NN,NN
7845,Tonga_1988,0,332,5,from,from,IN,IN
7846,Tonga_1988,0,332,6,own,own,JJ,JJ
7847,Tonga_1988,0,332,7,decision,decision,NN,NN
7848,Tonga_1988,0,332,8,Share,share,NN,NN
7849,Tonga_1988,0,332,9,It,it,PRP,PR
7850,Tonga_1988,0,332,10,shall,shall,MD,MD
7851,Tonga_1988,0,332,11,not,not,RB,RB
7852,Tonga_1988,0,332,12,be,be,VB,VB
7853,Tonga_1988,0,332,13,lawful,lawful,JJ,JJ
7854,Tonga_1988,0,332,14,for,for,IN,IN
7855,Tonga_1988,0,332,15,any,any,DT,DT
7856,Tonga_1988,0,332,16,judge,judge,NN,NN
7857,Tonga_1988,0,332,17,to,to,TO,TO
7858,Tonga_1988,0,332,18,sit,sit,VB,VB
7859,Tonga_1988,0,332,19,or,or,CC,CC
7860,Tonga_1988,0,332,20,adjudicate,adjudicate,VB,VB
7861,Tonga_1988,0,332,21,upon,upon,IN,IN
7862,Tonga_1988,0,332,22,an,an,DT,DT
7863,Tonga_1988,0,332,23,appeal,appeal,NN,NN
7864,Tonga_1988,0,332,24,from,from,IN,IN
7865,Tonga_1988,0,332,25,any,any,DT,DT
7866,Tonga_1988,0,332,26,decision,decision,NN,NN
7867,Tonga_1988,0,332,27,which,which,WDT,WD
7868,Tonga_1988,0,332,28,he,he,PRP,PR
7869,Tonga_1988,0,332,29,may,may,MD,MD
7870,Tonga_1988,0,332,30,have,have,VB,VB
7871,Tonga_1988,0,332,31,given,given,VBN,VB
7872,Tonga_1988,0,333,0,95,95,CD,CD
7873,Tonga_1988,0,334,0,Oath,oath,NN,NN
7874,Tonga_1988,0,334,1,of,of,IN,IN
7875,Tonga_1988,0,334,2,Judge,judge,NNP,NN
7876,Tonga_1988,0,334,3,Share,share,NNP,NN
7877,Tonga_1988,0,334,4,The,the,DT,DT
7878,Tonga_1988,0,334,5,Chief,chief,NNP,NN
7879,Tonga_1988,0,334,6,Justice,justice,NNP,NN
7880,Tonga_1988,0,334,7,and,and,CC,CC
7881,Tonga_1988,0,334,8,any,any,DT,DT
7882,Tonga_1988,0,334,9,other,other,JJ,JJ
7883,Tonga_1988,0,334,10,judge,judge,NN,NN
7884,Tonga_1988,0,334,11,shall,shall,MD,MD
7885,Tonga_1988,0,334,12,take,take,VB,VB
7886,Tonga_1988,0,334,13,the,the,DT,DT
7887,Tonga_1988,0,334,14,following,following,JJ,JJ
7888,Tonga_1988,0,334,15,oath,oath,NN,NN
7889,Tonga_1988,0,334,18,I,i,PRP,PR
7890,Tonga_1988,0,334,19,swear,swear,VBP,VB
7891,Tonga_1988,0,334,20,in,in,IN,IN
7892,Tonga_1988,0,334,21,the,the,DT,DT
7893,Tonga_1988,0,334,22,presence,presence,NN,NN
7894,Tonga_1988,0,334,23,of,of,IN,IN
7895,Tonga_1988,0,334,24,God,god,NNP,NN
7896,Tonga_1988,0,334,25,that,that,IN,IN
7897,Tonga_1988,0,334,26,I,i,PRP,PR
7898,Tonga_1988,0,334,27,will,will,MD,MD
7899,Tonga_1988,0,334,28,be,be,VB,VB
7900,Tonga_1988,0,334,29,loyal,loyal,JJ,JJ
7901,Tonga_1988,0,334,30,to,to,TO,TO
7902,Tonga_1988,0,334,31,His,his,PRP$,PR
7903,Tonga_1988,0,334,32,Majesty,majesty,NNP,NN
7904,Tonga_1988,0,334,33,King,king,NNP,NN
7905,Tonga_1988,0,334,34,Taufa'ahau,taufaahau,NNP,NN
7906,Tonga_1988,0,334,35,Tupou,tupou,NNP,NN
7907,Tonga_1988,0,334,36,IV,iv,NNP,NN
7908,Tonga_1988,0,334,37,the,the,DT,DT
7909,Tonga_1988,0,334,38,lawful,lawful,JJ,JJ
7910,Tonga_1988,0,334,39,King,king,NNP,NN
7911,Tonga_1988,0,334,40,of,of,IN,IN
7912,Tonga_1988,0,334,41,Tonga,tonga,NNP,NN
7913,Tonga_1988,0,334,42,and,and,CC,CC
7914,Tonga_1988,0,334,43,that,that,IN,IN
7915,Tonga_1988,0,334,44,I,i,PRP,PR
7916,Tonga_1988,0,334,45,will,will,MD,MD
7917,Tonga_1988,0,334,46,perform,perform,VB,VB
7918,Tonga_1988,0,334,47,truly,truly,RB,RB
7919,Tonga_1988,0,334,48,and,and,CC,CC
7920,Tonga_1988,0,334,49,with,with,IN,IN
7921,Tonga_1988,0,334,50,impartiality,impartiality,NN,NN
7922,Tonga_1988,0,334,51,my,my,PRP$,PR
7923,Tonga_1988,0,334,52,duties,duties,NNS,NN
7924,Tonga_1988,0,334,53,as,as,IN,IN
7925,Tonga_1988,0,334,54,a,a,DT,DT
7926,Tonga_1988,0,334,55,judge,judge,NN,NN
7927,Tonga_1988,0,334,56,in,in,IN,IN
7928,Tonga_1988,0,334,57,accordance,accordance,NN,NN
7929,Tonga_1988,0,334,58,with,with,IN,IN
7930,Tonga_1988,0,334,59,the,the,DT,DT
7931,Tonga_1988,0,334,60,Constitution,constitution,NNP,NN
7932,Tonga_1988,0,334,61,and,and,CC,CC
7933,Tonga_1988,0,334,62,the,the,DT,DT
7934,Tonga_1988,0,334,63,Laws,laws,NNP,NN
7935,Tonga_1988,0,334,64,of,of,IN,IN
7936,Tonga_1988,0,334,65,the,the,DT,DT
7937,Tonga_1988,0,334,66,Kingdom,kingdom,NNP,NN
7938,Tonga_1988,0,335,0,The,the,DT,DT
7939,Tonga_1988,0,335,1,judge,judge,NN,NN
7940,Tonga_1988,0,335,2,shall,shall,MD,MD
7941,Tonga_1988,0,335,3,read,read,VB,VB
7942,Tonga_1988,0,335,4,and,and,CC,CC
7943,Tonga_1988,0,335,5,sign,sign,VB,VB
7944,Tonga_1988,0,335,6,this,this,DT,DT
7945,Tonga_1988,0,335,7,oath,oath,NN,NN
7946,Tonga_1988,0,335,8,in,in,IN,IN
7947,Tonga_1988,0,335,9,the,the,DT,DT
7948,Tonga_1988,0,335,10,presence,presence,NN,NN
7949,Tonga_1988,0,335,11,of,of,IN,IN
7950,Tonga_1988,0,335,12,the,the,DT,DT
7951,Tonga_1988,0,335,13,Cabinet,cabinet,NNP,NN
7952,Tonga_1988,0,335,15,Provided,provided,VBD,VB
7953,Tonga_1988,0,335,16,that,that,IN,IN
7954,Tonga_1988,0,335,17,a,a,DT,DT
7955,Tonga_1988,0,335,18,Chief,chief,NNP,NN
7956,Tonga_1988,0,335,19,Justice,justice,NNP,NN
7957,Tonga_1988,0,335,20,or,or,CC,CC
7958,Tonga_1988,0,335,21,any,any,DT,DT
7959,Tonga_1988,0,335,22,other,other,JJ,JJ
7960,Tonga_1988,0,335,23,judge,judge,NN,NN
7961,Tonga_1988,0,335,25,who,who,WP,WP
7962,Tonga_1988,0,335,26,is,is,VBZ,VB
7963,Tonga_1988,0,335,27,not,not,RB,RB
7964,Tonga_1988,0,335,28,a,a,DT,DT
7965,Tonga_1988,0,335,29,Tongan,tongan,NNP,NN
7966,Tonga_1988,0,335,30,subject,subject,NN,NN
7967,Tonga_1988,0,335,32,shall,shall,MD,MD
7968,Tonga_1988,0,335,33,take,take,VB,VB
7969,Tonga_1988,0,335,34,the,the,DT,DT
7970,Tonga_1988,0,335,35,following,following,JJ,JJ
7971,Tonga_1988,0,335,36,oath,oath,NN,NN
7972,Tonga_1988,0,335,37,in,in,IN,IN
7973,Tonga_1988,0,335,38,lieu,lieu,NN,NN
7974,Tonga_1988,0,335,39,of,of,IN,IN
7975,Tonga_1988,0,335,40,the,the,DT,DT
7976,Tonga_1988,0,335,41,foregoing,foregoing,JJ,JJ
7977,Tonga_1988,0,335,42,oath,oath,NN,NN
7978,Tonga_1988,0,335,45,I,i,PRP,PR
7979,Tonga_1988,0,335,46,swear,swear,VBP,VB
7980,Tonga_1988,0,335,47,in,in,IN,IN
7981,Tonga_1988,0,335,48,the,the,DT,DT
7982,Tonga_1988,0,335,49,presence,presence,NN,NN
7983,Tonga_1988,0,335,50,of,of,IN,IN
7984,Tonga_1988,0,335,51,God,god,NNP,NN
7985,Tonga_1988,0,335,52,that,that,IN,IN
7986,Tonga_1988,0,335,53,I,i,PRP,PR
7987,Tonga_1988,0,335,54,will,will,MD,MD
7988,Tonga_1988,0,335,55,perform,perform,VB,VB
7989,Tonga_1988,0,335,56,truly,truly,RB,RB
7990,Tonga_1988,0,335,57,and,and,CC,CC
7991,Tonga_1988,0,335,58,with,with,IN,IN
7992,Tonga_1988,0,335,59,impartiality,impartiality,NN,NN
7993,Tonga_1988,0,335,60,my,my,PRP$,PR
7994,Tonga_1988,0,335,61,duties,duties,NNS,NN
7995,Tonga_1988,0,335,62,as,as,IN,IN
7996,Tonga_1988,0,335,63,a,a,DT,DT
7997,Tonga_1988,0,335,64,judge,judge,NN,NN
7998,Tonga_1988,0,335,65,in,in,IN,IN
7999,Tonga_1988,0,335,66,accordance,accordance,NN,NN
8000,Tonga_1988,0,335,67,with,with,IN,IN
8001,Tonga_1988,0,335,68,the,the,DT,DT
8002,Tonga_1988,0,335,69,Constitution,constitution,NNP,NN
8003,Tonga_1988,0,335,70,and,and,CC,CC
8004,Tonga_1988,0,335,71,the,the,DT,DT
8005,Tonga_1988,0,335,72,Laws,laws,NNP,NN
8006,Tonga_1988,0,335,73,of,of,IN,IN
8007,Tonga_1988,0,335,74,the,the,DT,DT
8008,Tonga_1988,0,335,75,Kingdom,kingdom,NNP,NN
8009,Tonga_1988,0,336,1,Added,added,VBN,VB
8010,Tonga_1988,0,336,2,by,by,IN,IN
8011,Tonga_1988,0,336,3,Act,act,NNP,NN
8012,Tonga_1988,0,336,4,13,13,CD,CD
8013,Tonga_1988,0,336,5,of,of,IN,IN
8014,Tonga_1988,0,336,6,1966,1966,CD,CD
8015,Tonga_1988,0,337,1,FN,fn,NNP,NN
8016,Tonga_1988,0,337,3,This,this,DT,DT
8017,Tonga_1988,0,337,4,proviso,proviso,NN,NN
8018,Tonga_1988,0,337,5,not,not,RB,RB
8019,Tonga_1988,0,337,6,in,in,IN,IN
8020,Tonga_1988,0,337,7,force,force,NN,NN
8021,Tonga_1988,0,337,8,as,as,IN,IN
8022,Tonga_1988,0,337,9,at,at,IN,IN
8023,Tonga_1988,0,337,10,31,31,CD,CD
8024,Tonga_1988,0,337,11,December,december,NNP,NN
8025,Tonga_1988,0,337,12,1988,1988,CD,CD
8026,Tonga_1988,0,338,0,96,96,CD,CD
8027,Tonga_1988,0,339,0,Court,court,NNP,NN
8028,Tonga_1988,0,339,1,fees,fees,NNS,NN
8029,Tonga_1988,0,339,2,Share,share,VBP,VB
8030,Tonga_1988,0,339,3,The,the,DT,DT
8031,Tonga_1988,0,339,4,Legislature,legislature,NNP,NN
8032,Tonga_1988,0,339,5,shall,shall,MD,MD
8033,Tonga_1988,0,339,6,determine,determine,VB,VB
8034,Tonga_1988,0,339,7,the,the,DT,DT
8035,Tonga_1988,0,339,8,fees,fees,NNS,NN
8036,Tonga_1988,0,339,9,payable,payable,JJ,JJ
8037,Tonga_1988,0,339,10,to,to,TO,TO
8038,Tonga_1988,0,339,11,the,the,DT,DT
8039,Tonga_1988,0,339,12,various,various,JJ,JJ
8040,Tonga_1988,0,339,13,Courts,courts,NNS,NN
8041,Tonga_1988,0,340,0,The,the,DT,DT
8042,Tonga_1988,0,340,1,Registrar,registrar,NNP,NN
8043,Tonga_1988,0,340,2,of,of,IN,IN
8044,Tonga_1988,0,340,3,the,the,DT,DT
8045,Tonga_1988,0,340,4,Supreme,supreme,NNP,NN
8046,Tonga_1988,0,340,5,Court,court,NNP,NN
8047,Tonga_1988,0,340,6,shall,shall,MD,MD
8048,Tonga_1988,0,340,7,keep,keep,VB,VB
8049,Tonga_1988,0,340,8,the,the,DT,DT
8050,Tonga_1988,0,340,9,Court,court,NNP,NN
8051,Tonga_1988,0,340,10,records,records,NNS,NN
8052,Tonga_1988,0,341,0,97,97,CD,CD
8053,Tonga_1988,0,342,0,Judge,judge,NNP,NN
8054,Tonga_1988,0,342,1,not,not,RB,RB
8055,Tonga_1988,0,342,2,to,to,TO,TO
8056,Tonga_1988,0,342,3,receive,receive,VB,VB
8057,Tonga_1988,0,342,4,fine,fine,JJ,JJ
8058,Tonga_1988,0,342,5,Share,share,NN,NN
8059,Tonga_1988,0,342,6,It,it,PRP,PR
8060,Tonga_1988,0,342,7,shall,shall,MD,MD
8061,Tonga_1988,0,342,8,not,not,RB,RB
8062,Tonga_1988,0,342,9,be,be,VB,VB
8063,Tonga_1988,0,342,10,lawful,lawful,JJ,JJ
8064,Tonga_1988,0,342,11,for,for,IN,IN
8065,Tonga_1988,0,342,12,any,any,DT,DT
8066,Tonga_1988,0,342,13,judicial,judicial,JJ,JJ
8067,Tonga_1988,0,342,14,officer,officer,NN,NN
8068,Tonga_1988,0,342,15,to,to,TO,TO
8069,Tonga_1988,0,342,16,receive,receive,VB,VB
8070,Tonga_1988,0,342,17,any,any,DT,DT
8071,Tonga_1988,0,342,18,portion,portion,NN,NN
8072,Tonga_1988,0,342,19,of,of,IN,IN
8073,Tonga_1988,0,342,20,a,a,DT,DT
8074,Tonga_1988,0,342,21,fine,fine,JJ,JJ
8075,Tonga_1988,0,342,22,paid,paid,VBN,VB
8076,Tonga_1988,0,342,23,by,by,IN,IN
8077,Tonga_1988,0,342,24,any,any,DT,DT
8078,Tonga_1988,0,342,25,person,person,NN,NN
8079,Tonga_1988,0,342,26,convicted,convicted,VBN,VB
8080,Tonga_1988,0,342,27,of,of,IN,IN
8081,Tonga_1988,0,342,28,an,an,DT,DT
8082,Tonga_1988,0,342,29,offence,offence,NN,NN
8083,Tonga_1988,0,342,30,or,or,CC,CC
8084,Tonga_1988,0,342,31,for,for,IN,IN
8085,Tonga_1988,0,342,32,the,the,DT,DT
8086,Tonga_1988,0,342,33,Government,government,NNP,NN
8087,Tonga_1988,0,342,34,to,to,TO,TO
8088,Tonga_1988,0,342,35,allot,allot,VB,VB
8089,Tonga_1988,0,342,36,prisoners,prisoners,NNS,NN
8090,Tonga_1988,0,342,37,to,to,TO,TO
8091,Tonga_1988,0,342,38,serve,serve,VB,VB
8092,Tonga_1988,0,342,39,any,any,DT,DT
8093,Tonga_1988,0,342,40,judicial,judicial,JJ,JJ
8094,Tonga_1988,0,342,41,officer,officer,NN,NN
8095,Tonga_1988,0,342,43,police,police,JJ,JJ
8096,Tonga_1988,0,342,44,officer,officer,NN,NN
8097,Tonga_1988,0,342,46,juror,juror,NN,NN
8098,Tonga_1988,0,342,48,or,or,CC,CC
8099,Tonga_1988,0,342,49,any,any,DT,DT
8100,Tonga_1988,0,342,50,other,other,JJ,JJ
8101,Tonga_1988,0,342,51,person,person,NN,NN
8102,Tonga_1988,0,342,52,as,as,IN,IN
8103,Tonga_1988,0,342,53,payment,payment,NN,NN
8104,Tonga_1988,0,342,54,for,for,IN,IN
8105,Tonga_1988,0,342,55,duties,duties,NNS,NN
8106,Tonga_1988,0,342,56,discharged,discharged,VBN,VB
8107,Tonga_1988,0,342,57,by,by,IN,IN
8108,Tonga_1988,0,342,58,them,them,PRP,PR
8109,Tonga_1988,0,343,0,98,98,CD,CD
8110,Tonga_1988,0,344,0,Jurors,jurors,NNS,NN
8111,Tonga_1988,0,344,1,Share,share,VBP,VB
8112,Tonga_1988,0,344,2,The,the,DT,DT
8113,Tonga_1988,0,344,3,Legislature,legislature,NNP,NN
8114,Tonga_1988,0,344,4,shall,shall,MD,MD
8115,Tonga_1988,0,344,5,regulate,regulate,VB,VB
8116,Tonga_1988,0,344,6,the,the,DT,DT
8117,Tonga_1988,0,344,7,summoning,summoning,NN,NN
8118,Tonga_1988,0,344,8,of,of,IN,IN
8119,Tonga_1988,0,344,9,jurors,jurors,NNS,NN
8120,Tonga_1988,0,344,10,and,and,CC,CC
8121,Tonga_1988,0,344,11,the,the,DT,DT
8122,Tonga_1988,0,344,12,fees,fees,NNS,NN
8123,Tonga_1988,0,344,14,if,if,IN,IN
8124,Tonga_1988,0,344,15,any,any,DT,DT
8125,Tonga_1988,0,344,17,they,they,PRP,PR
8126,Tonga_1988,0,344,18,shall,shall,MD,MD
8127,Tonga_1988,0,344,19,receive,receive,VB,VB
8128,Tonga_1988,0,345,0,99,99,CD,CD
8129,Tonga_1988,0,346,0,Trial,trial,JJ,JJ
8130,Tonga_1988,0,346,1,by,by,IN,IN
8131,Tonga_1988,0,346,2,jury,jury,NN,NN
8132,Tonga_1988,0,346,3,Share,share,NNP,NN
8133,Tonga_1988,0,346,4,Any,any,NNP,NN
8134,Tonga_1988,0,346,5,person,person,NN,NN
8135,Tonga_1988,0,346,6,committed,committed,VBD,VB
8136,Tonga_1988,0,346,7,for,for,IN,IN
8137,Tonga_1988,0,346,8,trial,trial,NN,NN
8138,Tonga_1988,0,346,9,before,before,IN,IN
8139,Tonga_1988,0,346,10,the,the,DT,DT
8140,Tonga_1988,0,346,11,Supreme,supreme,NNP,NN
8141,Tonga_1988,0,346,12,Court,court,NNP,NN
8142,Tonga_1988,0,346,13,on,on,IN,IN
8143,Tonga_1988,0,346,14,a,a,DT,DT
8144,Tonga_1988,0,346,15,charge,charge,NN,NN
8145,Tonga_1988,0,346,16,of,of,IN,IN
8146,Tonga_1988,0,346,17,having,having,VBG,VB
8147,Tonga_1988,0,346,18,committed,committed,VBN,VB
8148,Tonga_1988,0,346,19,any,any,DT,DT
8149,Tonga_1988,0,346,20,criminal,criminal,JJ,JJ
8150,Tonga_1988,0,346,21,offence,offence,NN,NN
8151,Tonga_1988,0,346,22,punishable,punishable,JJ,JJ
8152,Tonga_1988,0,346,23,by,by,IN,IN
8153,Tonga_1988,0,346,24,a,a,DT,DT
8154,Tonga_1988,0,346,25,term,term,NN,NN
8155,Tonga_1988,0,346,26,of,of,IN,IN
8156,Tonga_1988,0,346,27,imprisonment,imprisonment,JJ,JJ
8157,Tonga_1988,0,346,28,exceeding,exceeding,VBG,VB
8158,Tonga_1988,0,346,29,two,two,CD,CD
8159,Tonga_1988,0,346,30,years,years,NNS,NN
8160,Tonga_1988,0,346,31,or,or,CC,CC
8161,Tonga_1988,0,346,32,a,a,DT,DT
8162,Tonga_1988,0,346,33,fine,fine,NN,NN
8163,Tonga_1988,0,346,34,of,of,IN,IN
8164,Tonga_1988,0,346,35,five,five,CD,CD
8165,Tonga_1988,0,346,36,hundred,hundred,JJ,JJ
8166,Tonga_1988,0,346,37,pa'anga,paanga,NN,NN
8167,Tonga_1988,0,346,38,or,or,CC,CC
8168,Tonga_1988,0,346,39,both,both,DT,DT
8169,Tonga_1988,0,346,40,such,such,JJ,JJ
8170,Tonga_1988,0,346,41,penalties,penalties,NNS,NN
8171,Tonga_1988,0,346,42,shall,shall,MD,MD
8172,Tonga_1988,0,346,43,if,if,IN,IN
8173,Tonga_1988,0,346,44,he,he,PRP,PR
8174,Tonga_1988,0,346,45,shall,shall,MD,MD
8175,Tonga_1988,0,346,46,so,so,RB,RB
8176,Tonga_1988,0,346,47,elect,elect,JJ,JJ
8177,Tonga_1988,0,346,48,be,be,VB,VB
8178,Tonga_1988,0,346,49,tried,tried,VBN,VB
8179,Tonga_1988,0,346,50,by,by,IN,IN
8180,Tonga_1988,0,346,51,a,a,DT,DT
8181,Tonga_1988,0,346,52,jury,jury,NN,NN
8182,Tonga_1988,0,346,54,and,and,CC,CC
8183,Tonga_1988,0,346,55,whenever,whenever,VB,VB
8184,Tonga_1988,0,346,56,any,any,DT,DT
8185,Tonga_1988,0,346,57,issue,issue,NN,NN
8186,Tonga_1988,0,346,58,of,of,IN,IN
8187,Tonga_1988,0,346,59,fact,fact,NN,NN
8188,Tonga_1988,0,346,60,is,is,VBZ,VB
8189,Tonga_1988,0,346,61,raised,raised,VBN,VB
8190,Tonga_1988,0,346,62,in,in,IN,IN
8191,Tonga_1988,0,346,63,any,any,DT,DT
8192,Tonga_1988,0,346,64,civil,civil,JJ,JJ
8193,Tonga_1988,0,346,65,action,action,NN,NN
8194,Tonga_1988,0,346,66,triable,triable,NN,NN
8195,Tonga_1988,0,346,67,in,in,IN,IN
8196,Tonga_1988,0,346,68,the,the,DT,DT
8197,Tonga_1988,0,346,69,Supreme,supreme,NNP,NN
8198,Tonga_1988,0,346,70,Court,court,NNP,NN
8199,Tonga_1988,0,346,71,any,any,DT,DT
8200,Tonga_1988,0,346,72,party,party,NN,NN
8201,Tonga_1988,0,346,73,to,to,TO,TO
8202,Tonga_1988,0,346,74,such,such,JJ,JJ
8203,Tonga_1988,0,346,75,action,action,NN,NN
8204,Tonga_1988,0,346,76,may,may,MD,MD
8205,Tonga_1988,0,346,77,claim,claim,VB,VB
8206,Tonga_1988,0,346,78,the,the,DT,DT
8207,Tonga_1988,0,346,79,right,right,NN,NN
8208,Tonga_1988,0,346,80,of,of,IN,IN
8209,Tonga_1988,0,346,81,trial,trial,NN,NN
8210,Tonga_1988,0,346,82,by,by,IN,IN
8211,Tonga_1988,0,346,83,jury,jury,NN,NN
8212,Tonga_1988,0,346,85,and,and,CC,CC
8213,Tonga_1988,0,346,86,the,the,DT,DT
8214,Tonga_1988,0,346,87,law,law,NN,NN
8215,Tonga_1988,0,346,88,of,of,IN,IN
8216,Tonga_1988,0,346,89,trial,trial,NN,NN
8217,Tonga_1988,0,346,90,by,by,IN,IN
8218,Tonga_1988,0,346,91,jury,jury,NN,NN
8219,Tonga_1988,0,346,92,shall,shall,MD,MD
8220,Tonga_1988,0,346,93,never,never,RB,RB
8221,Tonga_1988,0,346,94,be,be,VB,VB
8222,Tonga_1988,0,346,95,repealed,repealed,VBN,VB
8223,Tonga_1988,0,347,1,Act,act,NNP,NN
8224,Tonga_1988,0,347,2,9,9,CD,CD
8225,Tonga_1988,0,347,3,of,of,IN,IN
8226,Tonga_1988,0,347,4,1918,1918,CD,CD
8227,Tonga_1988,0,347,6,Act,act,NNP,NN
8228,Tonga_1988,0,347,7,7,7,CD,CD
8229,Tonga_1988,0,347,8,of,of,IN,IN
8230,Tonga_1988,0,347,9,1933,1933,CD,CD
8231,Tonga_1988,0,347,11,Act,act,NNP,NN
8232,Tonga_1988,0,347,12,25,25,CD,CD
8233,Tonga_1988,0,347,13,of,of,IN,IN
8234,Tonga_1988,0,347,14,1942,1942,CD,CD
8235,Tonga_1988,0,347,16,Amended,amended,VBN,VB
8236,Tonga_1988,0,347,17,by,by,IN,IN
8237,Tonga_1988,0,347,18,Act,act,NNP,NN
8238,Tonga_1988,0,347,19,25,25,CD,CD
8239,Tonga_1988,0,347,20,of,of,IN,IN
8240,Tonga_1988,0,347,21,1984,1984,CD,CD
8241,Tonga_1988,0,348,0,100,100,CD,CD
8242,Tonga_1988,0,349,0,Form,form,NN,NN
8243,Tonga_1988,0,349,1,of,of,IN,IN
8244,Tonga_1988,0,349,2,verdict,verdict,NN,NN
8245,Tonga_1988,0,349,3,Share,share,NNP,NN
8246,Tonga_1988,0,349,4,It,it,PRP,PR
8247,Tonga_1988,0,349,5,is,is,VBZ,VB
8248,Tonga_1988,0,349,6,the,the,DT,DT
8249,Tonga_1988,0,349,7,duty,duty,NN,NN
8250,Tonga_1988,0,349,8,of,of,IN,IN
8251,Tonga_1988,0,349,9,the,the,DT,DT
8252,Tonga_1988,0,349,10,jury,jury,NN,NN
8253,Tonga_1988,0,349,11,in,in,IN,IN
8254,Tonga_1988,0,349,12,criminal,criminal,JJ,JJ
8255,Tonga_1988,0,349,13,cases,cases,NNS,NN
8256,Tonga_1988,0,349,14,to,to,TO,TO
8257,Tonga_1988,0,349,15,pronounce,pronounce,VB,VB
8258,Tonga_1988,0,349,16,whether,whether,IN,IN
8259,Tonga_1988,0,349,17,the,the,DT,DT
8260,Tonga_1988,0,349,18,person,person,NN,NN
8261,Tonga_1988,0,349,19,accused,accused,VBD,VB
8262,Tonga_1988,0,349,20,is,is,VBZ,VB
8263,Tonga_1988,0,349,21,guilty,guilty,JJ,JJ
8264,Tonga_1988,0,349,22,or,or,CC,CC
8265,Tonga_1988,0,349,23,not,not,RB,RB
8266,Tonga_1988,0,349,24,guilty,guilty,JJ,JJ
8267,Tonga_1988,0,349,25,according,according,VBG,VB
8268,Tonga_1988,0,349,26,to,to,TO,TO
8269,Tonga_1988,0,349,27,the,the,DT,DT
8270,Tonga_1988,0,349,28,evidence,evidence,NN,NN
8271,Tonga_1988,0,349,29,given,given,VBN,VB
8272,Tonga_1988,0,349,30,before,before,IN,IN
8273,Tonga_1988,0,349,31,the,the,DT,DT
8274,Tonga_1988,0,349,32,Court,court,NNP,NN
8275,Tonga_1988,0,350,0,In,in,IN,IN
8276,Tonga_1988,0,350,1,civil,civil,JJ,JJ
8277,Tonga_1988,0,350,2,cases,cases,NNS,NN
8278,Tonga_1988,0,350,3,the,the,DT,DT
8279,Tonga_1988,0,350,4,jury,jury,NN,NN
8280,Tonga_1988,0,350,5,shall,shall,MD,MD
8281,Tonga_1988,0,350,6,give,give,VB,VB
8282,Tonga_1988,0,350,7,judgment,judgment,NN,NN
8283,Tonga_1988,0,350,8,for,for,IN,IN
8284,Tonga_1988,0,350,9,payment,payment,NN,NN
8285,Tonga_1988,0,350,10,or,or,CC,CC
8286,Tonga_1988,0,350,11,compensation,compensation,NN,NN
8287,Tonga_1988,0,350,12,as,as,IN,IN
8288,Tonga_1988,0,350,13,the,the,DT,DT
8289,Tonga_1988,0,350,14,case,case,NN,NN
8290,Tonga_1988,0,350,15,may,may,MD,MD
8291,Tonga_1988,0,350,16,be,be,VB,VB
8292,Tonga_1988,0,350,17,and,and,CC,CC
8293,Tonga_1988,0,350,18,according,according,VBG,VB
8294,Tonga_1988,0,350,19,to,to,TO,TO
8295,Tonga_1988,0,350,20,the,the,DT,DT
8296,Tonga_1988,0,350,21,merits,merits,NNS,NN
8297,Tonga_1988,0,350,22,of,of,IN,IN
8298,Tonga_1988,0,350,23,the,the,DT,DT
8299,Tonga_1988,0,350,24,case,case,NN,NN
8300,Tonga_1988,0,351,0,101,101,CD,CD
8301,Tonga_1988,0,352,0,Judge,judge,NNP,NN
8302,Tonga_1988,0,352,1,to,to,TO,TO
8303,Tonga_1988,0,352,2,direct,direct,VB,VB
8304,Tonga_1988,0,352,3,jury,jury,NN,NN
8305,Tonga_1988,0,352,4,Share,share,NNP,NN
8306,Tonga_1988,0,352,5,In,in,IN,IN
8307,Tonga_1988,0,352,6,civil,civil,JJ,JJ
8308,Tonga_1988,0,352,7,and,and,CC,CC
8309,Tonga_1988,0,352,8,criminal,criminal,JJ,JJ
8310,Tonga_1988,0,352,9,cases,cases,NNS,NN
8311,Tonga_1988,0,352,10,the,the,DT,DT
8312,Tonga_1988,0,352,11,judge,judge,NN,NN
8313,Tonga_1988,0,352,12,shall,shall,MD,MD
8314,Tonga_1988,0,352,13,direct,direct,VB,VB
8315,Tonga_1988,0,352,14,the,the,DT,DT
8316,Tonga_1988,0,352,15,jury,jury,NN,NN
8317,Tonga_1988,0,352,16,upon,upon,IN,IN
8318,Tonga_1988,0,352,17,the,the,DT,DT
8319,Tonga_1988,0,352,18,law,law,NN,NN
8320,Tonga_1988,0,352,19,bearing,bearing,NN,NN
8321,Tonga_1988,0,352,20,upon,upon,IN,IN
8322,Tonga_1988,0,352,21,the,the,DT,DT
8323,Tonga_1988,0,352,22,case,case,NN,NN
8324,Tonga_1988,0,352,23,and,and,CC,CC
8325,Tonga_1988,0,352,24,assist,assist,VB,VB
8326,Tonga_1988,0,352,25,them,them,PRP,PR
8327,Tonga_1988,0,352,26,in,in,IN,IN
8328,Tonga_1988,0,352,27,arriving,arriving,VBG,VB
8329,Tonga_1988,0,352,28,at,at,IN,IN
8330,Tonga_1988,0,352,29,a,a,DT,DT
8331,Tonga_1988,0,352,30,just,just,RB,RB
8332,Tonga_1988,0,352,31,decision,decision,NN,NN
8333,Tonga_1988,0,352,32,upon,upon,IN,IN
8334,Tonga_1988,0,352,33,the,the,DT,DT
8335,Tonga_1988,0,352,34,case,case,NN,NN
8336,Tonga_1988,0,352,35,before,before,IN,IN
8337,Tonga_1988,0,352,36,them,them,PRP,PR
8338,Tonga_1988,0,353,0,The,the,DT,DT
8339,Tonga_1988,0,353,1,judge,judge,NN,NN
8340,Tonga_1988,0,353,2,shall,shall,MD,MD
8341,Tonga_1988,0,353,3,have,have,VB,VB
8342,Tonga_1988,0,353,4,power,power,NN,NN
8343,Tonga_1988,0,353,5,to,to,TO,TO
8344,Tonga_1988,0,353,6,refuse,refuse,VB,VB
8345,Tonga_1988,0,353,7,to,to,TO,TO
8346,Tonga_1988,0,353,8,admit,admit,VB,VB
8347,Tonga_1988,0,353,9,evidence,evidence,NN,NN
8348,Tonga_1988,0,353,10,which,which,WDT,WD
8349,Tonga_1988,0,353,11,he,he,PRP,PR
8350,Tonga_1988,0,353,12,may,may,MD,MD
8351,Tonga_1988,0,353,13,deem,deem,VB,VB
8352,Tonga_1988,0,353,14,to,to,TO,TO
8353,Tonga_1988,0,353,15,be,be,VB,VB
8354,Tonga_1988,0,353,16,irrelevant,irrelevant,JJ,JJ
8355,Tonga_1988,0,353,17,or,or,CC,CC
8356,Tonga_1988,0,353,18,improper,improper,JJ,JJ
8357,Tonga_1988,0,354,0,102,102,CD,CD
8358,Tonga_1988,0,355,0,Chief,chief,JJ,JJ
8359,Tonga_1988,0,355,1,Justice,justice,NNP,NN
8360,Tonga_1988,0,355,2,to,to,TO,TO
8361,Tonga_1988,0,355,3,report,report,VB,VB
8362,Tonga_1988,0,355,4,upon,upon,IN,IN
8363,Tonga_1988,0,355,5,criminal,criminal,JJ,JJ
8364,Tonga_1988,0,355,6,statistics,statistics,NNS,NN
8365,Tonga_1988,0,355,7,Share,share,VBP,VB
8366,Tonga_1988,0,355,8,The,the,DT,DT
8367,Tonga_1988,0,355,9,Chief,chief,NNP,NN
8368,Tonga_1988,0,355,10,Justice,justice,NNP,NN
8369,Tonga_1988,0,355,11,shall,shall,MD,MD
8370,Tonga_1988,0,355,12,report,report,VB,VB
8371,Tonga_1988,0,355,13,once,once,RB,RB
8372,Tonga_1988,0,355,14,a,a,DT,DT
8373,Tonga_1988,0,355,15,year,year,NN,NN
8374,Tonga_1988,0,355,16,to,to,TO,TO
8375,Tonga_1988,0,355,17,the,the,DT,DT
8376,Tonga_1988,0,355,18,King,king,NNP,NN
8377,Tonga_1988,0,355,19,upon,upon,IN,IN
8378,Tonga_1988,0,355,20,the,the,DT,DT
8379,Tonga_1988,0,355,21,administration,administration,NN,NN
8380,Tonga_1988,0,355,22,of,of,IN,IN
8381,Tonga_1988,0,355,23,justice,justice,NN,NN
8382,Tonga_1988,0,355,24,and,and,CC,CC
8383,Tonga_1988,0,355,25,the,the,DT,DT
8384,Tonga_1988,0,355,26,criminal,criminal,JJ,JJ
8385,Tonga_1988,0,355,27,statistics,statistics,NNS,NN
8386,Tonga_1988,0,355,28,of,of,IN,IN
8387,Tonga_1988,0,355,29,the,the,DT,DT
8388,Tonga_1988,0,355,30,country,country,NN,NN
8389,Tonga_1988,0,355,31,and,and,CC,CC
8390,Tonga_1988,0,355,32,upon,upon,IN,IN
8391,Tonga_1988,0,355,33,any,any,DT,DT
8392,Tonga_1988,0,355,34,amendments,amendments,NNS,NN
8393,Tonga_1988,0,355,35,in,in,IN,IN
8394,Tonga_1988,0,355,36,the,the,DT,DT
8395,Tonga_1988,0,355,37,law,law,NN,NN
8396,Tonga_1988,0,355,38,which,which,WDT,WD
8397,Tonga_1988,0,355,39,he,he,PRP,PR
8398,Tonga_1988,0,355,40,may,may,MD,MD
8399,Tonga_1988,0,355,41,recommend,recommend,VB,VB
8400,Tonga_1988,0,356,0,And,and,CC,CC
8401,Tonga_1988,0,356,1,the,the,DT,DT
8402,Tonga_1988,0,356,2,King,king,NNP,NN
8403,Tonga_1988,0,356,3,shall,shall,MD,MD
8404,Tonga_1988,0,356,4,lay,lay,VB,VB
8405,Tonga_1988,0,356,5,this,this,DT,DT
8406,Tonga_1988,0,356,6,report,report,NN,NN
8407,Tonga_1988,0,356,7,before,before,IN,IN
8408,Tonga_1988,0,356,8,the,the,DT,DT
8409,Tonga_1988,0,356,9,Assembly,assembly,NN,NN
8410,Tonga_1988,0,356,10,at,at,IN,IN
8411,Tonga_1988,0,356,11,its,its,PRP$,PR
8412,Tonga_1988,0,356,12,next,next,JJ,JJ
8413,Tonga_1988,0,356,13,meeting,meeting,NN,NN
8414,Tonga_1988,0,356,14,in,in,IN,IN
8415,Tonga_1988,0,356,15,the,the,DT,DT
8416,Tonga_1988,0,356,16,same,same,JJ,JJ
8417,Tonga_1988,0,356,17,manner,manner,NN,NN
8418,Tonga_1988,0,356,18,as,as,IN,IN
8419,Tonga_1988,0,356,19,the,the,DT,DT
8420,Tonga_1988,0,356,20,reports,reports,NNS,NN
8421,Tonga_1988,0,356,21,of,of,IN,IN
8422,Tonga_1988,0,356,22,the,the,DT,DT
8423,Tonga_1988,0,356,23,ministers,ministers,NNS,NN
8424,Tonga_1988,0,357,0,103,103,CD,CD
8425,Tonga_1988,0,358,0,Powers,powers,NNS,NN
8426,Tonga_1988,0,358,1,of,of,IN,IN
8427,Tonga_1988,0,358,2,Magistrates,magistrates,NNP,NN
8428,Tonga_1988,0,358,3,Share,share,NNP,NN
8429,Tonga_1988,0,358,4,The,the,DT,DT
8430,Tonga_1988,0,358,5,Legislature,legislature,NNP,NN
8431,Tonga_1988,0,358,6,shall,shall,MD,MD
8432,Tonga_1988,0,358,7,determine,determine,VB,VB
8433,Tonga_1988,0,358,8,the,the,DT,DT
8434,Tonga_1988,0,358,9,time,time,NN,NN
8435,Tonga_1988,0,358,10,and,and,CC,CC
8436,Tonga_1988,0,358,11,place,place,NN,NN
8437,Tonga_1988,0,358,12,for,for,IN,IN
8438,Tonga_1988,0,358,13,holding,holding,VBG,VB
8439,Tonga_1988,0,358,14,the,the,DT,DT
8440,Tonga_1988,0,358,15,Courts,courts,NNS,NN
8441,Tonga_1988,0,358,16,and,and,CC,CC
8442,Tonga_1988,0,358,17,shall,shall,MD,MD
8443,Tonga_1988,0,358,18,limit,limit,VB,VB
8444,Tonga_1988,0,358,19,the,the,DT,DT
8445,Tonga_1988,0,358,20,powers,powers,NNS,NN
8446,Tonga_1988,0,358,21,of,of,IN,IN
8447,Tonga_1988,0,358,22,the,the,DT,DT
8448,Tonga_1988,0,358,23,magistrates,magistrates,NNS,NN
8449,Tonga_1988,0,358,24,in,in,IN,IN
8450,Tonga_1988,0,358,25,criminal,criminal,JJ,JJ
8451,Tonga_1988,0,358,26,and,and,CC,CC
8452,Tonga_1988,0,358,27,civil,civil,JJ,JJ
8453,Tonga_1988,0,358,28,matters,matters,NNS,NN
8454,Tonga_1988,0,358,29,and,and,CC,CC
8455,Tonga_1988,0,358,30,shall,shall,MD,MD
8456,Tonga_1988,0,358,31,determine,determine,VB,VB
8457,Tonga_1988,0,358,32,what,what,WP,WP
8458,Tonga_1988,0,358,33,cases,cases,NNS,NN
8459,Tonga_1988,0,358,34,shall,shall,MD,MD
8460,Tonga_1988,0,358,35,be,be,VB,VB
8461,Tonga_1988,0,358,36,committed,committed,VBN,VB
8462,Tonga_1988,0,358,37,for,for,IN,IN
8463,Tonga_1988,0,358,38,trial,trial,NN,NN
8464,Tonga_1988,0,358,39,to,to,TO,TO
8465,Tonga_1988,0,358,40,the,the,DT,DT
8466,Tonga_1988,0,358,41,Supreme,supreme,NNP,NN
8467,Tonga_1988,0,358,42,Court,court,NNP,NN
8468,Tonga_1988,0,359,0,PART,part,NN,NN
8469,Tonga_1988,0,359,1,III,iii,NNP,NN
8470,Tonga_1988,0,360,0,THE,the,DT,DT
8471,Tonga_1988,0,360,1,LAND,land,NNP,NN
8472,Tonga_1988,0,360,2,104,104,CD,CD
8473,Tonga_1988,0,361,0,Land,land,NNP,NN
8474,Tonga_1988,0,361,1,vested,vested,VBD,VB
8475,Tonga_1988,0,361,2,in,in,IN,IN
8476,Tonga_1988,0,361,3,crown,crown,JJ,JJ
8477,Tonga_1988,0,361,4,Share,share,NNP,NN
8478,Tonga_1988,0,361,5,All,all,PDT,PD
8479,Tonga_1988,0,361,6,the,the,DT,DT
8480,Tonga_1988,0,361,7,land,land,NN,NN
8481,Tonga_1988,0,361,8,is,is,VBZ,VB
8482,Tonga_1988,0,361,9,the,the,DT,DT
8483,Tonga_1988,0,361,10,property,property,NN,NN
8484,Tonga_1988,0,361,11,of,of,IN,IN
8485,Tonga_1988,0,361,12,the,the,DT,DT
8486,Tonga_1988,0,361,13,King,king,NNP,NN
8487,Tonga_1988,0,361,14,and,and,CC,CC
8488,Tonga_1988,0,361,15,he,he,PRP,PR
8489,Tonga_1988,0,361,16,may,may,MD,MD
8490,Tonga_1988,0,361,17,at,at,IN,IN
8491,Tonga_1988,0,361,18,pleasure,pleasure,NN,NN
8492,Tonga_1988,0,361,19,grant,grant,NN,NN
8493,Tonga_1988,0,361,20,to,to,TO,TO
8494,Tonga_1988,0,361,21,the,the,DT,DT
8495,Tonga_1988,0,361,22,nobles,nobles,NNS,NN
8496,Tonga_1988,0,361,23,and,and,CC,CC
8497,Tonga_1988,0,361,24,titular,titular,JJ,JJ
8498,Tonga_1988,0,361,25,chiefs,chiefs,NNS,NN
8499,Tonga_1988,0,361,26,or,or,CC,CC
8500,Tonga_1988,0,361,27,matabules,matabules,VBZ,VB
8501,Tonga_1988,0,361,28,one,one,CD,CD
8502,Tonga_1988,0,361,29,or,or,CC,CC
8503,Tonga_1988,0,361,30,more,more,JJR,JJ
8504,Tonga_1988,0,361,31,estates,estates,NNS,NN
8505,Tonga_1988,0,361,32,to,to,TO,TO
8506,Tonga_1988,0,361,33,become,become,VB,VB
8507,Tonga_1988,0,361,34,their,their,PRP$,PR
8508,Tonga_1988,0,361,35,hereditary,hereditary,JJ,JJ
8509,Tonga_1988,0,361,36,estates,estates,NNS,NN
8510,Tonga_1988,0,362,0,It,it,PRP,PR
8511,Tonga_1988,0,362,1,is,is,VBZ,VB
8512,Tonga_1988,0,362,2,hereby,hereby,RB,RB
8513,Tonga_1988,0,362,3,declared,declared,VBN,VB
8514,Tonga_1988,0,362,4,by,by,IN,IN
8515,Tonga_1988,0,362,5,this,this,DT,DT
8516,Tonga_1988,0,362,6,Constitution,constitution,NN,NN
8517,Tonga_1988,0,362,7,that,that,IN,IN
8518,Tonga_1988,0,362,8,it,it,PRP,PR
8519,Tonga_1988,0,362,9,shall,shall,MD,MD
8520,Tonga_1988,0,362,10,not,not,RB,RB
8521,Tonga_1988,0,362,11,be,be,VB,VB
8522,Tonga_1988,0,362,12,lawful,lawful,JJ,JJ
8523,Tonga_1988,0,362,13,for,for,IN,IN
8524,Tonga_1988,0,362,14,anyone,anyone,NN,NN
8525,Tonga_1988,0,362,15,at,at,IN,IN
8526,Tonga_1988,0,362,16,any,any,DT,DT
8527,Tonga_1988,0,362,17,time,time,NN,NN
8528,Tonga_1988,0,362,18,hereafter,hereafter,NN,NN
8529,Tonga_1988,0,362,19,whether,whether,IN,IN
8530,Tonga_1988,0,362,20,he,he,PRP,PR
8531,Tonga_1988,0,362,21,be,be,VB,VB
8532,Tonga_1988,0,362,22,the,the,DT,DT
8533,Tonga_1988,0,362,23,King,king,NNP,NN
8534,Tonga_1988,0,362,24,or,or,CC,CC
8535,Tonga_1988,0,362,25,any,any,DT,DT
8536,Tonga_1988,0,362,26,one,one,CD,CD
8537,Tonga_1988,0,362,27,of,of,IN,IN
8538,Tonga_1988,0,362,28,the,the,DT,DT
8539,Tonga_1988,0,362,29,chiefs,chiefs,NNS,NN
8540,Tonga_1988,0,362,30,or,or,CC,CC
8541,Tonga_1988,0,362,31,the,the,DT,DT
8542,Tonga_1988,0,362,32,people,people,NNS,NN
8543,Tonga_1988,0,362,33,of,of,IN,IN
8544,Tonga_1988,0,362,34,this,this,DT,DT
8545,Tonga_1988,0,362,35,country,country,NN,NN
8546,Tonga_1988,0,362,36,to,to,TO,TO
8547,Tonga_1988,0,362,37,sell,sell,VB,VB
8548,Tonga_1988,0,362,38,any,any,DT,DT
8549,Tonga_1988,0,362,39,land,land,NN,NN
8550,Tonga_1988,0,362,40,whatever,whatever,WDT,WD
8551,Tonga_1988,0,362,41,in,in,IN,IN
8552,Tonga_1988,0,362,42,the,the,DT,DT
8553,Tonga_1988,0,362,43,Kingdom,kingdom,NNP,NN
8554,Tonga_1988,0,362,44,of,of,IN,IN
8555,Tonga_1988,0,362,45,Tonga,tonga,NNP,NN
8556,Tonga_1988,0,362,46,but,but,CC,CC
8557,Tonga_1988,0,362,47,they,they,PRP,PR
8558,Tonga_1988,0,362,48,may,may,MD,MD
8559,Tonga_1988,0,362,49,lease,lease,VB,VB
8560,Tonga_1988,0,362,50,it,it,PRP,PR
8561,Tonga_1988,0,362,51,only,only,RB,RB
8562,Tonga_1988,0,362,52,in,in,IN,IN
8563,Tonga_1988,0,362,53,accordance,accordance,NN,NN
8564,Tonga_1988,0,362,54,with,with,IN,IN
8565,Tonga_1988,0,362,55,this,this,DT,DT
8566,Tonga_1988,0,362,56,Constitution,constitution,NNP,NN
8567,Tonga_1988,0,362,57,and,and,CC,CC
8568,Tonga_1988,0,362,58,mortgage,mortgage,NN,NN
8569,Tonga_1988,0,362,59,it,it,PRP,PR
8570,Tonga_1988,0,362,60,in,in,IN,IN
8571,Tonga_1988,0,362,61,accordance,accordance,NN,NN
8572,Tonga_1988,0,362,62,with,with,IN,IN
8573,Tonga_1988,0,362,63,the,the,DT,DT
8574,Tonga_1988,0,362,64,Land,land,NNP,NN
8575,Tonga_1988,0,362,65,Act,act,NNP,NN
8576,Tonga_1988,0,363,0,And,and,CC,CC
8577,Tonga_1988,0,363,1,this,this,DT,DT
8578,Tonga_1988,0,363,2,declaration,declaration,NN,NN
8579,Tonga_1988,0,363,3,shall,shall,MD,MD
8580,Tonga_1988,0,363,4,become,become,VB,VB
8581,Tonga_1988,0,363,5,a,a,DT,DT
8582,Tonga_1988,0,363,6,covenant,covenant,JJ,JJ
8583,Tonga_1988,0,363,7,binding,binding,NN,NN
8584,Tonga_1988,0,363,8,on,on,IN,IN
8585,Tonga_1988,0,363,9,the,the,DT,DT
8586,Tonga_1988,0,363,10,King,king,NNP,NN
8587,Tonga_1988,0,363,11,and,and,CC,CC
8588,Tonga_1988,0,363,12,chiefs,chiefs,NNS,NN
8589,Tonga_1988,0,363,13,of,of,IN,IN
8590,Tonga_1988,0,363,14,this,this,DT,DT
8591,Tonga_1988,0,363,15,Kingdom,kingdom,NNP,NN
8592,Tonga_1988,0,363,16,for,for,IN,IN
8593,Tonga_1988,0,363,17,themselves,themselves,PRP,PR
8594,Tonga_1988,0,363,18,and,and,CC,CC
8595,Tonga_1988,0,363,19,their,their,PRP$,PR
8596,Tonga_1988,0,363,20,heirs,heirs,NNS,NN
8597,Tonga_1988,0,363,21,and,and,CC,CC
8598,Tonga_1988,0,363,22,successors,successors,NNS,NN
8599,Tonga_1988,0,363,23,for,for,IN,IN
8600,Tonga_1988,0,363,24,ever,ever,RB,RB
8601,Tonga_1988,0,364,1,Amended,amended,VBN,VB
8602,Tonga_1988,0,364,2,by,by,IN,IN
8603,Tonga_1988,0,364,3,Act,act,NNP,NN
8604,Tonga_1988,0,364,4,3,3,CD,CD
8605,Tonga_1988,0,364,5,of,of,IN,IN
8606,Tonga_1988,0,364,6,1976,1976,CD,CD
8607,Tonga_1988,0,365,0,105,105,CD,CD
8608,Tonga_1988,0,366,0,Terms,terms,NNS,NN
8609,Tonga_1988,0,366,1,of,of,IN,IN
8610,Tonga_1988,0,366,2,leases,leases,NNS,NN
8611,Tonga_1988,0,366,3,Share,share,NNP,NN
8612,Tonga_1988,0,366,4,The,the,DT,DT
8613,Tonga_1988,0,366,5,Cabinet,cabinet,NNP,NN
8614,Tonga_1988,0,366,6,shall,shall,MD,MD
8615,Tonga_1988,0,366,7,determine,determine,VB,VB
8616,Tonga_1988,0,366,8,the,the,DT,DT
8617,Tonga_1988,0,366,9,terms,terms,NNS,NN
8618,Tonga_1988,0,366,10,for,for,IN,IN
8619,Tonga_1988,0,366,11,which,which,WDT,WD
8620,Tonga_1988,0,366,12,leases,leases,VBZ,VB
8621,Tonga_1988,0,366,13,shall,shall,MD,MD
8622,Tonga_1988,0,366,14,be,be,VB,VB
8623,Tonga_1988,0,366,15,granted,granted,VBN,VB
8624,Tonga_1988,0,366,16,but,but,CC,CC
8625,Tonga_1988,0,366,17,no,no,DT,DT
8626,Tonga_1988,0,366,18,lease,lease,NN,NN
8627,Tonga_1988,0,366,19,shall,shall,MD,MD
8628,Tonga_1988,0,366,20,be,be,VB,VB
8629,Tonga_1988,0,366,21,granted,granted,VBN,VB
8630,Tonga_1988,0,366,22,for,for,IN,IN
8631,Tonga_1988,0,366,23,any,any,DT,DT
8632,Tonga_1988,0,366,24,longer,longer,JJR,JJ
8633,Tonga_1988,0,366,25,period,period,NN,NN
8634,Tonga_1988,0,366,26,than,than,IN,IN
8635,Tonga_1988,0,366,27,ninety-nine,ninetynine,JJ,JJ
8636,Tonga_1988,0,366,28,years,years,NNS,NN
8637,Tonga_1988,0,366,29,without,without,IN,IN
8638,Tonga_1988,0,366,30,the,the,DT,DT
8639,Tonga_1988,0,366,31,consent,consent,NN,NN
8640,Tonga_1988,0,366,32,of,of,IN,IN
8641,Tonga_1988,0,366,33,His,his,PRP$,PR
8642,Tonga_1988,0,366,34,Majesty,majesty,NNP,NN
8643,Tonga_1988,0,366,35,in,in,IN,IN
8644,Tonga_1988,0,366,36,Council,council,NNP,NN
8645,Tonga_1988,0,366,37,and,and,CC,CC
8646,Tonga_1988,0,366,38,the,the,DT,DT
8647,Tonga_1988,0,366,39,Cabinet,cabinet,NNP,NN
8648,Tonga_1988,0,366,40,shall,shall,MD,MD
8649,Tonga_1988,0,366,41,determine,determine,VB,VB
8650,Tonga_1988,0,366,42,the,the,DT,DT
8651,Tonga_1988,0,366,43,amount,amount,NN,NN
8652,Tonga_1988,0,366,44,of,of,IN,IN
8653,Tonga_1988,0,366,45,rent,rent,NN,NN
8654,Tonga_1988,0,366,46,for,for,IN,IN
8655,Tonga_1988,0,366,47,all,all,DT,DT
8656,Tonga_1988,0,366,48,Government,government,NNP,NN
8657,Tonga_1988,0,366,49,lands,lands,NNS,NN
8658,Tonga_1988,0,367,1,Amended,amended,VBN,VB
8659,Tonga_1988,0,367,2,by,by,IN,IN
8660,Tonga_1988,0,367,3,Act,act,NNP,NN
8661,Tonga_1988,0,367,4,11,11,CD,CD
8662,Tonga_1988,0,367,5,of,of,IN,IN
8663,Tonga_1988,0,367,6,1974,1974,CD,CD
8664,Tonga_1988,0,368,0,106,106,CD,CD
8665,Tonga_1988,0,369,0,Form,form,NN,NN
8666,Tonga_1988,0,369,1,of,of,IN,IN
8667,Tonga_1988,0,369,2,deed,deed,NN,NN
8668,Tonga_1988,0,369,3,Share,share,NNP,NN
8669,Tonga_1988,0,369,4,The,the,DT,DT
8670,Tonga_1988,0,369,5,forms,forms,NNS,NN
8671,Tonga_1988,0,369,6,of,of,IN,IN
8672,Tonga_1988,0,369,7,deed,deed,NN,NN
8673,Tonga_1988,0,369,8,transfer,transfer,NN,NN
8674,Tonga_1988,0,369,9,and,and,CC,CC
8675,Tonga_1988,0,369,10,permit,permit,NN,NN
8676,Tonga_1988,0,369,11,which,which,WDT,WD
8677,Tonga_1988,0,369,12,shall,shall,MD,MD
8678,Tonga_1988,0,369,13,from,from,IN,IN
8679,Tonga_1988,0,369,14,time,time,NN,NN
8680,Tonga_1988,0,369,15,to,to,TO,TO
8681,Tonga_1988,0,369,16,time,time,NN,NN
8682,Tonga_1988,0,369,17,be,be,VB,VB
8683,Tonga_1988,0,369,18,sanctioned,sanctioned,VBN,VB
8684,Tonga_1988,0,369,19,by,by,IN,IN
8685,Tonga_1988,0,369,20,His,his,PRP$,PR
8686,Tonga_1988,0,369,21,Majesty,majesty,NNP,NN
8687,Tonga_1988,0,369,22,in,in,IN,IN
8688,Tonga_1988,0,369,23,Privy,privy,NNP,NN
8689,Tonga_1988,0,369,24,Council,council,NNP,NN
8690,Tonga_1988,0,369,25,are,are,VBP,VB
8691,Tonga_1988,0,369,26,hereby,hereby,RB,RB
8692,Tonga_1988,0,369,27,appointed,appointed,VBN,VB
8693,Tonga_1988,0,369,28,to,to,TO,TO
8694,Tonga_1988,0,369,29,be,be,VB,VB
8695,Tonga_1988,0,369,30,the,the,DT,DT
8696,Tonga_1988,0,369,31,forms,forms,NNS,NN
8697,Tonga_1988,0,369,32,according,according,VBG,VB
8698,Tonga_1988,0,369,33,to,to,TO,TO
8699,Tonga_1988,0,369,34,which,which,WDT,WD
8700,Tonga_1988,0,369,35,all,all,DT,DT
8701,Tonga_1988,0,369,36,deeds,deeds,NNS,NN
8702,Tonga_1988,0,369,37,of,of,IN,IN
8703,Tonga_1988,0,369,38,leases,leases,NNS,NN
8704,Tonga_1988,0,369,39,transfers,transfers,NNS,NN
8705,Tonga_1988,0,369,40,and,and,CC,CC
8706,Tonga_1988,0,369,41,permits,permits,NNS,NN
8707,Tonga_1988,0,369,42,shall,shall,MD,MD
8708,Tonga_1988,0,369,43,be,be,VB,VB
8709,Tonga_1988,0,369,44,made,made,VBN,VB
8710,Tonga_1988,0,370,1,Law,law,$,$
8711,Tonga_1988,0,370,2,25,25,CD,CD
8712,Tonga_1988,0,370,3,of,of,IN,IN
8713,Tonga_1988,0,370,4,1916,1916,CD,CD
8714,Tonga_1988,0,370,6,Amended,amended,VBN,VB
8715,Tonga_1988,0,370,7,by,by,IN,IN
8716,Tonga_1988,0,370,8,Act,act,NNP,NN
8717,Tonga_1988,0,370,9,17,17,CD,CD
8718,Tonga_1988,0,370,10,of,of,IN,IN
8719,Tonga_1988,0,370,11,1981,1981,CD,CD
8720,Tonga_1988,0,371,0,107,107,CD,CD
8721,Tonga_1988,0,372,0,Existing,existing,VBG,VB
8722,Tonga_1988,0,372,1,leases,leases,NNS,NN
8723,Tonga_1988,0,372,2,respected,respected,VBN,VB
8724,Tonga_1988,0,372,3,Share,share,NNP,NN
8725,Tonga_1988,0,372,4,This,this,DT,DT
8726,Tonga_1988,0,372,5,Constitution,constitution,NNP,NN
8727,Tonga_1988,0,372,6,shall,shall,MD,MD
8728,Tonga_1988,0,372,7,not,not,RB,RB
8729,Tonga_1988,0,372,8,affect,affect,VB,VB
8730,Tonga_1988,0,372,9,any,any,DT,DT
8731,Tonga_1988,0,372,10,leases,leases,NNS,NN
8732,Tonga_1988,0,372,11,which,which,WDT,WD
8733,Tonga_1988,0,372,12,have,have,VBP,VB
8734,Tonga_1988,0,372,13,been,been,VBN,VB
8735,Tonga_1988,0,372,14,granted,granted,VBN,VB
8736,Tonga_1988,0,372,15,by,by,IN,IN
8737,Tonga_1988,0,372,16,the,the,DT,DT
8738,Tonga_1988,0,372,17,Government,government,NNP,NN
8739,Tonga_1988,0,372,18,or,or,CC,CC
8740,Tonga_1988,0,372,19,any,any,DT,DT
8741,Tonga_1988,0,372,20,leases,leases,NNS,NN
8742,Tonga_1988,0,372,21,which,which,WDT,WD
8743,Tonga_1988,0,372,22,have,have,VBP,VB
8744,Tonga_1988,0,372,23,been,been,VBN,VB
8745,Tonga_1988,0,372,24,promised,promised,VBN,VB
8746,Tonga_1988,0,372,25,whether,whether,IN,IN
8747,Tonga_1988,0,372,26,leases,leases,NNS,NN
8748,Tonga_1988,0,372,27,of,of,IN,IN
8749,Tonga_1988,0,372,28,land,land,NN,NN
8750,Tonga_1988,0,372,29,in,in,IN,IN
8751,Tonga_1988,0,372,30,the,the,DT,DT
8752,Tonga_1988,0,372,31,interior,interior,NN,NN
8753,Tonga_1988,0,372,32,or,or,CC,CC
8754,Tonga_1988,0,372,33,of,of,IN,IN
8755,Tonga_1988,0,372,34,town,town,NN,NN
8756,Tonga_1988,0,372,35,allotments,allotments,NNS,NN
8757,Tonga_1988,0,373,0,Such,such,JJ,JJ
8758,Tonga_1988,0,373,1,leases,leases,NNS,NN
8759,Tonga_1988,0,373,2,will,will,MD,MD
8760,Tonga_1988,0,373,3,be,be,VB,VB
8761,Tonga_1988,0,373,4,recognised,recognised,VBN,VB
8762,Tonga_1988,0,373,5,by,by,IN,IN
8763,Tonga_1988,0,373,6,the,the,DT,DT
8764,Tonga_1988,0,373,7,Government,government,NNP,NN
8765,Tonga_1988,0,373,8,but,but,CC,CC
8766,Tonga_1988,0,373,9,this,this,DT,DT
8767,Tonga_1988,0,373,10,exception,exception,NN,NN
8768,Tonga_1988,0,373,11,shall,shall,MD,MD
8769,Tonga_1988,0,373,12,not,not,RB,RB
8770,Tonga_1988,0,373,13,refer,refer,VB,VB
8771,Tonga_1988,0,373,14,to,to,TO,TO
8772,Tonga_1988,0,373,15,any,any,DT,DT
8773,Tonga_1988,0,373,16,leases,leases,NNS,NN
8774,Tonga_1988,0,373,17,which,which,WDT,WD
8775,Tonga_1988,0,373,18,may,may,MD,MD
8776,Tonga_1988,0,373,19,be,be,VB,VB
8777,Tonga_1988,0,373,20,granted,granted,VBN,VB
8778,Tonga_1988,0,373,21,after,after,IN,IN
8779,Tonga_1988,0,373,22,the,the,DT,DT
8780,Tonga_1988,0,373,23,granting,granting,NN,NN
8781,Tonga_1988,0,373,24,of,of,IN,IN
8782,Tonga_1988,0,373,25,this,this,DT,DT
8783,Tonga_1988,0,373,26,Constitution,constitution,NNP,NN
8784,Tonga_1988,0,374,0,108,108,CD,CD
8785,Tonga_1988,0,375,0,Church,church,NNP,NN
8786,Tonga_1988,0,375,1,lands,lands,VBZ,VB
8787,Tonga_1988,0,375,2,not,not,RB,RB
8788,Tonga_1988,0,375,3,to,to,TO,TO
8789,Tonga_1988,0,375,4,be,be,VB,VB
8790,Tonga_1988,0,375,5,sub-let,sublet,JJ,JJ
8791,Tonga_1988,0,375,6,without,without,IN,IN
8792,Tonga_1988,0,375,7,permission,permission,NN,NN
8793,Tonga_1988,0,375,8,Share,share,NNP,NN
8794,Tonga_1988,0,375,9,No,no,NNP,NN
8795,Tonga_1988,0,375,10,leases,leases,NNS,NN
8796,Tonga_1988,0,375,11,of,of,IN,IN
8797,Tonga_1988,0,375,12,any,any,DT,DT
8798,Tonga_1988,0,375,13,town,town,NN,NN
8799,Tonga_1988,0,375,14,site,site,NN,NN
8800,Tonga_1988,0,375,15,shall,shall,MD,MD
8801,Tonga_1988,0,375,16,in,in,IN,IN
8802,Tonga_1988,0,375,17,future,future,JJ,JJ
8803,Tonga_1988,0,375,18,be,be,VB,VB
8804,Tonga_1988,0,375,19,granted,granted,VBN,VB
8805,Tonga_1988,0,375,20,to,to,TO,TO
8806,Tonga_1988,0,375,21,any,any,DT,DT
8807,Tonga_1988,0,375,22,religious,religious,JJ,JJ
8808,Tonga_1988,0,375,23,body,body,NN,NN
8809,Tonga_1988,0,375,24,for,for,IN,IN
8810,Tonga_1988,0,375,25,any,any,DT,DT
8811,Tonga_1988,0,375,26,purpose,purpose,JJ,JJ
8812,Tonga_1988,0,375,27,unless,unless,IN,IN
8813,Tonga_1988,0,375,28,there,there,EX,EX
8814,Tonga_1988,0,375,29,are,are,VBP,VB
8815,Tonga_1988,0,375,30,thirty,thirty,JJ,JJ
8816,Tonga_1988,0,375,31,adults,adults,NNS,NN
8817,Tonga_1988,0,375,33,male,male,NN,NN
8818,Tonga_1988,0,375,34,and,and,CC,CC
8819,Tonga_1988,0,375,35,female,female,JJ,JJ
8820,Tonga_1988,0,375,37,of,of,IN,IN
8821,Tonga_1988,0,375,38,such,such,JJ,JJ
8822,Tonga_1988,0,375,39,church,church,NN,NN
8823,Tonga_1988,0,375,40,in,in,IN,IN
8824,Tonga_1988,0,375,41,that,that,DT,DT
8825,Tonga_1988,0,375,42,town,town,NN,NN
8826,Tonga_1988,0,375,44,and,and,CC,CC
8827,Tonga_1988,0,375,45,it,it,PRP,PR
8828,Tonga_1988,0,375,46,shall,shall,MD,MD
8829,Tonga_1988,0,375,47,not,not,RB,RB
8830,Tonga_1988,0,375,48,be,be,VB,VB
8831,Tonga_1988,0,375,49,lawful,lawful,JJ,JJ
8832,Tonga_1988,0,375,50,for,for,IN,IN
8833,Tonga_1988,0,375,51,any,any,DT,DT
8834,Tonga_1988,0,375,52,religious,religious,JJ,JJ
8835,Tonga_1988,0,375,53,body,body,NN,NN
8836,Tonga_1988,0,375,54,to,to,TO,TO
8837,Tonga_1988,0,375,55,use,use,VB,VB
8838,Tonga_1988,0,375,56,such,such,JJ,JJ
8839,Tonga_1988,0,375,57,leased,leased,VBN,VB
8840,Tonga_1988,0,375,58,lands,lands,NNS,NN
8841,Tonga_1988,0,375,59,for,for,IN,IN
8842,Tonga_1988,0,375,60,other,other,JJ,JJ
8843,Tonga_1988,0,375,61,than,than,IN,IN
8844,Tonga_1988,0,375,62,religious,religious,JJ,JJ
8845,Tonga_1988,0,375,63,purposes,purposes,NNS,NN
8846,Tonga_1988,0,375,64,or,or,CC,CC
8847,Tonga_1988,0,375,65,to,to,TO,TO
8848,Tonga_1988,0,375,66,sub-let,sublet,VB,VB
8849,Tonga_1988,0,375,67,to,to,TO,TO
8850,Tonga_1988,0,375,68,any,any,DT,DT
8851,Tonga_1988,0,375,69,person,person,NN,NN
8852,Tonga_1988,0,375,70,without,without,IN,IN
8853,Tonga_1988,0,375,71,the,the,DT,DT
8854,Tonga_1988,0,375,72,prior,prior,JJ,JJ
8855,Tonga_1988,0,375,73,consent,consent,NN,NN
8856,Tonga_1988,0,375,74,of,of,IN,IN
8857,Tonga_1988,0,375,75,Cabinet,cabinet,NNP,NN
8858,Tonga_1988,0,375,77,and,and,CC,CC
8859,Tonga_1988,0,375,78,upon,upon,IN,IN
8860,Tonga_1988,0,375,79,satisfactory,satisfactory,JJ,JJ
8861,Tonga_1988,0,375,80,proof,proof,NN,NN
8862,Tonga_1988,0,375,81,before,before,IN,IN
8863,Tonga_1988,0,375,82,a,a,DT,DT
8864,Tonga_1988,0,375,83,Court,court,NNP,NN
8865,Tonga_1988,0,375,84,that,that,IN,IN
8866,Tonga_1988,0,375,85,any,any,DT,DT
8867,Tonga_1988,0,375,86,such,such,JJ,JJ
8868,Tonga_1988,0,375,87,land,land,NN,NN
8869,Tonga_1988,0,375,88,has,has,VBZ,VB
8870,Tonga_1988,0,375,89,been,been,VBN,VB
8871,Tonga_1988,0,375,90,sub-let,sublet,JJ,JJ
8872,Tonga_1988,0,375,91,without,without,IN,IN
8873,Tonga_1988,0,375,92,consent,consent,NN,NN
8874,Tonga_1988,0,375,94,such,such,JJ,JJ
8875,Tonga_1988,0,375,95,land,land,NN,NN
8876,Tonga_1988,0,375,96,shall,shall,MD,MD
8877,Tonga_1988,0,375,97,revert,revert,VB,VB
8878,Tonga_1988,0,375,98,to,to,TO,TO
8879,Tonga_1988,0,375,99,the,the,DT,DT
8880,Tonga_1988,0,375,100,person,person,NN,NN
8881,Tonga_1988,0,375,101,from,from,IN,IN
8882,Tonga_1988,0,375,102,whom,whom,WP,WP
8883,Tonga_1988,0,375,103,the,the,DT,DT
8884,Tonga_1988,0,375,104,land,land,NN,NN
8885,Tonga_1988,0,375,105,was,was,VBD,VB
8886,Tonga_1988,0,375,106,leased,leased,VBN,VB
8887,Tonga_1988,0,375,108,or,or,CC,CC
8888,Tonga_1988,0,375,109,to,to,TO,TO
8889,Tonga_1988,0,375,110,his,his,PRP$,PR
8890,Tonga_1988,0,375,111,successor,successor,NN,NN
8891,Tonga_1988,0,375,112,in,in,IN,IN
8892,Tonga_1988,0,375,113,title,title,NN,NN
8893,Tonga_1988,0,375,114,as,as,IN,IN
8894,Tonga_1988,0,375,115,the,the,DT,DT
8895,Tonga_1988,0,375,116,case,case,NN,NN
8896,Tonga_1988,0,375,117,may,may,MD,MD
8897,Tonga_1988,0,375,118,be,be,VB,VB
8898,Tonga_1988,0,376,1,Substituted,substituted,VBN,VB
8899,Tonga_1988,0,376,2,by,by,IN,IN
8900,Tonga_1988,0,376,3,Act,act,NNP,NN
8901,Tonga_1988,0,376,4,13,13,CD,CD
8902,Tonga_1988,0,376,5,of,of,IN,IN
8903,Tonga_1988,0,376,6,1973,1973,CD,CD
8904,Tonga_1988,0,377,0,109,109,CD,CD
8905,Tonga_1988,0,378,0,Beach,beach,NNP,NN
8906,Tonga_1988,0,378,1,frontage,frontage,NN,NN
8907,Tonga_1988,0,378,2,Share,share,NNP,NN
8908,Tonga_1988,0,378,3,All,all,PDT,PD
8909,Tonga_1988,0,378,4,the,the,DT,DT
8910,Tonga_1988,0,378,5,beach,beach,NN,NN
8911,Tonga_1988,0,378,6,frontage,frontage,NN,NN
8912,Tonga_1988,0,378,7,of,of,IN,IN
8913,Tonga_1988,0,378,8,this,this,DT,DT
8914,Tonga_1988,0,378,9,Kingdom,kingdom,NNP,NN
8915,Tonga_1988,0,378,10,belongs,belongs,VBZ,VB
8916,Tonga_1988,0,378,11,to,to,TO,TO
8917,Tonga_1988,0,378,12,the,the,DT,DT
8918,Tonga_1988,0,378,13,Crown,crown,NNP,NN
8919,Tonga_1988,0,378,14,from,from,IN,IN
8920,Tonga_1988,0,378,15,fifty,fifty,JJ,JJ
8921,Tonga_1988,0,378,16,feet,feet,NNS,NN
8922,Tonga_1988,0,378,17,above,above,IN,IN
8923,Tonga_1988,0,378,18,high-water,highwater,NN,NN
8924,Tonga_1988,0,378,19,mark,mark,NN,NN
8925,Tonga_1988,0,378,20,and,and,CC,CC
8926,Tonga_1988,0,378,21,it,it,PRP,PR
8927,Tonga_1988,0,378,22,shall,shall,MD,MD
8928,Tonga_1988,0,378,23,be,be,VB,VB
8929,Tonga_1988,0,378,24,lawful,lawful,JJ,JJ
8930,Tonga_1988,0,378,25,for,for,IN,IN
8931,Tonga_1988,0,378,26,the,the,DT,DT
8932,Tonga_1988,0,378,27,Government,government,NNP,NN
8933,Tonga_1988,0,378,28,to,to,TO,TO
8934,Tonga_1988,0,378,29,lease,lease,VB,VB
8935,Tonga_1988,0,378,30,any,any,DT,DT
8936,Tonga_1988,0,378,31,portion,portion,NN,NN
8937,Tonga_1988,0,378,32,of,of,IN,IN
8938,Tonga_1988,0,378,33,the,the,DT,DT
8939,Tonga_1988,0,378,34,beach,beach,NN,NN
8940,Tonga_1988,0,378,35,frontage,frontage,NN,NN
8941,Tonga_1988,0,378,36,for,for,IN,IN
8942,Tonga_1988,0,378,37,erecting,erecting,VBG,VB
8943,Tonga_1988,0,378,38,a,a,DT,DT
8944,Tonga_1988,0,378,39,store,store,NN,NN
8945,Tonga_1988,0,378,40,jetty,jetty,NN,NN
8946,Tonga_1988,0,378,41,or,or,CC,CC
8947,Tonga_1988,0,378,42,wharf,wharf,NN,NN
8948,Tonga_1988,0,378,43,and,and,CC,CC
8949,Tonga_1988,0,378,44,the,the,DT,DT
8950,Tonga_1988,0,378,45,Minister,minister,NNP,NN
8951,Tonga_1988,0,378,46,of,of,IN,IN
8952,Tonga_1988,0,378,47,Lands,lands,NNP,NN
8953,Tonga_1988,0,378,48,with,with,IN,IN
8954,Tonga_1988,0,378,49,the,the,DT,DT
8955,Tonga_1988,0,378,50,consent,consent,NN,NN
8956,Tonga_1988,0,378,51,of,of,IN,IN
8957,Tonga_1988,0,378,52,the,the,DT,DT
8958,Tonga_1988,0,378,53,Cabinet,cabinet,NNP,NN
8959,Tonga_1988,0,378,54,shall,shall,MD,MD
8960,Tonga_1988,0,378,55,have,have,VB,VB
8961,Tonga_1988,0,378,56,power,power,NN,NN
8962,Tonga_1988,0,378,57,to,to,TO,TO
8963,Tonga_1988,0,378,58,grant,grant,VB,VB
8964,Tonga_1988,0,378,59,such,such,JJ,JJ
8965,Tonga_1988,0,378,60,lease,lease,NN,NN
8966,Tonga_1988,0,379,0,110,110,CD,CD
8967,Tonga_1988,0,380,0,Registration,registration,NN,NN
8968,Tonga_1988,0,380,1,of,of,IN,IN
8969,Tonga_1988,0,380,2,deeds,deeds,NNS,NN
8970,Tonga_1988,0,380,3,Share,share,NNP,NN
8971,Tonga_1988,0,380,4,All,all,NNP,NN
8972,Tonga_1988,0,380,5,leases,leases,VBZ,VB
8973,Tonga_1988,0,380,6,unless,unless,IN,IN
8974,Tonga_1988,0,380,7,signed,signed,VBN,VB
8975,Tonga_1988,0,380,8,by,by,IN,IN
8976,Tonga_1988,0,380,9,the,the,DT,DT
8977,Tonga_1988,0,380,10,King,king,NNP,NN
8978,Tonga_1988,0,380,11,himself,himself,PRP,PR
8979,Tonga_1988,0,380,12,shall,shall,MD,MD
8980,Tonga_1988,0,380,13,be,be,VB,VB
8981,Tonga_1988,0,380,14,signed,signed,VBN,VB
8982,Tonga_1988,0,380,15,by,by,IN,IN
8983,Tonga_1988,0,380,16,the,the,DT,DT
8984,Tonga_1988,0,380,17,Minister,minister,NNP,NN
8985,Tonga_1988,0,380,18,of,of,IN,IN
8986,Tonga_1988,0,380,19,Lands,lands,NNP,NN
8987,Tonga_1988,0,380,20,and,and,CC,CC
8988,Tonga_1988,0,380,21,sealed,sealed,VBN,VB
8989,Tonga_1988,0,380,22,with,with,IN,IN
8990,Tonga_1988,0,380,23,the,the,DT,DT
8991,Tonga_1988,0,380,24,seal,seal,NN,NN
8992,Tonga_1988,0,380,25,of,of,IN,IN
8993,Tonga_1988,0,380,26,his,his,PRP$,PR
8994,Tonga_1988,0,380,27,office,office,NN,NN
8995,Tonga_1988,0,380,28,and,and,CC,CC
8996,Tonga_1988,0,380,29,countersigned,countersigned,VBN,VB
8997,Tonga_1988,0,380,30,by,by,IN,IN
8998,Tonga_1988,0,380,31,one,one,CD,CD
8999,Tonga_1988,0,380,32,of,of,IN,IN
9000,Tonga_1988,0,380,33,the,the,DT,DT
9001,Tonga_1988,0,380,34,Cabinet,cabinet,NNP,NN
9002,Tonga_1988,0,380,35,ministers,ministers,NNS,NN
9003,Tonga_1988,0,380,36,who,who,WP,WP
9004,Tonga_1988,0,380,37,shall,shall,MD,MD
9005,Tonga_1988,0,380,38,affix,affix,VB,VB
9006,Tonga_1988,0,380,39,the,the,DT,DT
9007,Tonga_1988,0,380,40,seal,seal,NN,NN
9008,Tonga_1988,0,380,41,of,of,IN,IN
9009,Tonga_1988,0,380,42,his,his,PRP$,PR
9010,Tonga_1988,0,380,43,office,office,NN,NN
9011,Tonga_1988,0,380,44,and,and,CC,CC
9012,Tonga_1988,0,380,45,no,no,DT,DT
9013,Tonga_1988,0,380,46,lease,lease,NN,NN
9014,Tonga_1988,0,380,47,or,or,CC,CC
9015,Tonga_1988,0,380,48,transfer,transfer,VB,VB
9016,Tonga_1988,0,380,49,will,will,MD,MD
9017,Tonga_1988,0,380,50,be,be,VB,VB
9018,Tonga_1988,0,380,51,considered,considered,VBN,VB
9019,Tonga_1988,0,380,52,valid,valid,JJ,JJ
9020,Tonga_1988,0,380,53,or,or,CC,CC
9021,Tonga_1988,0,380,54,recognised,recognised,VBN,VB
9022,Tonga_1988,0,380,55,by,by,IN,IN
9023,Tonga_1988,0,380,56,the,the,DT,DT
9024,Tonga_1988,0,380,57,Government,government,NNP,NN
9025,Tonga_1988,0,380,58,unless,unless,IN,IN
9026,Tonga_1988,0,380,59,registered,registered,VBN,VB
9027,Tonga_1988,0,380,60,in,in,IN,IN
9028,Tonga_1988,0,380,61,the,the,DT,DT
9029,Tonga_1988,0,380,62,office,office,NN,NN
9030,Tonga_1988,0,380,63,of,of,IN,IN
9031,Tonga_1988,0,380,64,the,the,DT,DT
9032,Tonga_1988,0,380,65,Minister,minister,NNP,NN
9033,Tonga_1988,0,380,66,of,of,IN,IN
9034,Tonga_1988,0,380,67,Lands,lands,NNP,NN
9035,Tonga_1988,0,381,0,111,111,CD,CD
9036,Tonga_1988,0,382,0,Law,law,NN,NN
9037,Tonga_1988,0,382,1,of,of,IN,IN
9038,Tonga_1988,0,382,2,succession,succession,NN,NN
9039,Tonga_1988,0,382,3,Share,share,NNP,NN
9040,Tonga_1988,0,382,4,The,the,DT,DT
9041,Tonga_1988,0,382,5,following,following,NN,NN
9042,Tonga_1988,0,382,6,is,is,VBZ,VB
9043,Tonga_1988,0,382,7,the,the,DT,DT
9044,Tonga_1988,0,382,8,law,law,NN,NN
9045,Tonga_1988,0,382,9,of,of,IN,IN
9046,Tonga_1988,0,382,10,succession,succession,NN,NN
9047,Tonga_1988,0,382,11,to,to,TO,TO
9048,Tonga_1988,0,382,12,hereditary,hereditary,VB,VB
9049,Tonga_1988,0,382,13,estates,estates,NNS,NN
9050,Tonga_1988,0,382,14,and,and,CC,CC
9051,Tonga_1988,0,382,15,titles,titles,NNS,NN
9052,Tonga_1988,0,382,17,Children,children,NNP,NN
9053,Tonga_1988,0,382,18,lawfully,lawfully,RB,RB
9054,Tonga_1988,0,382,19,born,born,VBZ,VB
9055,Tonga_1988,0,382,20,in,in,IN,IN
9056,Tonga_1988,0,382,21,wedlock,wedlock,NN,NN
9057,Tonga_1988,0,382,22,only,only,RB,RB
9058,Tonga_1988,0,382,23,may,may,MD,MD
9059,Tonga_1988,0,382,24,inherit,inherit,VB,VB
9060,Tonga_1988,0,382,25,and,and,CC,CC
9061,Tonga_1988,0,382,26,the,the,DT,DT
9062,Tonga_1988,0,382,27,eldest,eldest,JJS,JJ
9063,Tonga_1988,0,382,28,male,male,NN,NN
9064,Tonga_1988,0,382,29,child,child,NN,NN
9065,Tonga_1988,0,382,30,shall,shall,MD,MD
9066,Tonga_1988,0,382,31,succeed,succeed,VB,VB
9067,Tonga_1988,0,382,32,and,and,CC,CC
9068,Tonga_1988,0,382,33,the,the,DT,DT
9069,Tonga_1988,0,382,34,heirs,heirs,NNS,NN
9070,Tonga_1988,0,382,35,of,of,IN,IN
9071,Tonga_1988,0,382,36,his,his,PRP$,PR
9072,Tonga_1988,0,382,37,body,body,NN,NN
9073,Tonga_1988,0,382,38,but,but,CC,CC
9074,Tonga_1988,0,382,39,if,if,IN,IN
9075,Tonga_1988,0,382,40,he,he,PRP,PR
9076,Tonga_1988,0,382,41,have,have,VBP,VB
9077,Tonga_1988,0,382,42,no,no,DT,DT
9078,Tonga_1988,0,382,43,descendants,descendants,NNS,NN
9079,Tonga_1988,0,382,44,then,then,RB,RB
9080,Tonga_1988,0,382,45,the,the,DT,DT
9081,Tonga_1988,0,382,46,second,second,JJ,JJ
9082,Tonga_1988,0,382,47,male,male,NN,NN
9083,Tonga_1988,0,382,48,child,child,NN,NN
9084,Tonga_1988,0,382,49,and,and,CC,CC
9085,Tonga_1988,0,382,50,the,the,DT,DT
9086,Tonga_1988,0,382,51,heirs,heirs,NNS,NN
9087,Tonga_1988,0,382,52,of,of,IN,IN
9088,Tonga_1988,0,382,53,his,his,PRP$,PR
9089,Tonga_1988,0,382,54,body,body,NN,NN
9090,Tonga_1988,0,382,55,and,and,CC,CC
9091,Tonga_1988,0,382,56,so,so,RB,RB
9092,Tonga_1988,0,382,57,on,on,IN,IN
9093,Tonga_1988,0,382,58,until,until,IN,IN
9094,Tonga_1988,0,382,59,all,all,PDT,PD
9095,Tonga_1988,0,382,60,the,the,DT,DT
9096,Tonga_1988,0,382,61,male,male,JJ,JJ
9097,Tonga_1988,0,382,62,line,line,NN,NN
9098,Tonga_1988,0,382,63,is,is,VBZ,VB
9099,Tonga_1988,0,382,64,ended,ended,VBN,VB
9100,Tonga_1988,0,383,0,Should,should,MD,MD
9101,Tonga_1988,0,383,1,there,there,EX,EX
9102,Tonga_1988,0,383,2,be,be,VB,VB
9103,Tonga_1988,0,383,3,no,no,DT,DT
9104,Tonga_1988,0,383,4,male,male,JJ,JJ
9105,Tonga_1988,0,383,5,child,child,NN,NN
9106,Tonga_1988,0,383,6,the,the,DT,DT
9107,Tonga_1988,0,383,7,eldest,eldest,JJS,JJ
9108,Tonga_1988,0,383,8,female,female,JJ,JJ
9109,Tonga_1988,0,383,9,child,child,NN,NN
9110,Tonga_1988,0,383,10,shall,shall,MD,MD
9111,Tonga_1988,0,383,11,succeed,succeed,VB,VB
9112,Tonga_1988,0,383,12,and,and,CC,CC
9113,Tonga_1988,0,383,13,the,the,DT,DT
9114,Tonga_1988,0,383,14,heirs,heirs,NN,NN
9115,Tonga_1988,0,383,15,of,of,IN,IN
9116,Tonga_1988,0,383,16,her,her,PRP$,PR
9117,Tonga_1988,0,383,17,body,body,NN,NN
9118,Tonga_1988,0,383,18,and,and,CC,CC
9119,Tonga_1988,0,383,19,if,if,IN,IN
9120,Tonga_1988,0,383,20,she,she,PRP,PR
9121,Tonga_1988,0,383,21,should,should,MD,MD
9122,Tonga_1988,0,383,22,have,have,VB,VB
9123,Tonga_1988,0,383,23,no,no,DT,DT
9124,Tonga_1988,0,383,24,descendants,descendants,NNS,NN
9125,Tonga_1988,0,383,25,the,the,DT,DT
9126,Tonga_1988,0,383,26,second,second,JJ,JJ
9127,Tonga_1988,0,383,27,female,female,NN,NN
9128,Tonga_1988,0,383,28,child,child,NN,NN
9129,Tonga_1988,0,383,29,and,and,CC,CC
9130,Tonga_1988,0,383,30,the,the,DT,DT
9131,Tonga_1988,0,383,31,heirs,heirs,NN,NN
9132,Tonga_1988,0,383,32,of,of,IN,IN
9133,Tonga_1988,0,383,33,her,her,PRP$,PR
9134,Tonga_1988,0,383,34,body,body,NN,NN
9135,Tonga_1988,0,383,35,and,and,CC,CC
9136,Tonga_1988,0,383,36,so,so,RB,RB
9137,Tonga_1988,0,383,37,on,on,IN,IN
9138,Tonga_1988,0,383,38,until,until,IN,IN
9139,Tonga_1988,0,383,39,the,the,DT,DT
9140,Tonga_1988,0,383,40,female,female,JJ,JJ
9141,Tonga_1988,0,383,41,line,line,NN,NN
9142,Tonga_1988,0,383,42,is,is,VBZ,VB
9143,Tonga_1988,0,383,43,ended,ended,VBN,VB
9144,Tonga_1988,0,384,0,And,and,CC,CC
9145,Tonga_1988,0,384,1,failing,failing,VBG,VB
9146,Tonga_1988,0,384,2,direct,direct,JJ,JJ
9147,Tonga_1988,0,384,3,heirs,heirs,PDT,PD
9148,Tonga_1988,0,384,4,the,the,DT,DT
9149,Tonga_1988,0,384,5,property,property,NN,NN
9150,Tonga_1988,0,384,6,shall,shall,MD,MD
9151,Tonga_1988,0,384,7,revert,revert,VB,VB
9152,Tonga_1988,0,384,8,to,to,TO,TO
9153,Tonga_1988,0,384,9,the,the,DT,DT
9154,Tonga_1988,0,384,10,eldest,eldest,JJS,JJ
9155,Tonga_1988,0,384,11,brother,brother,NN,NN
9156,Tonga_1988,0,384,12,of,of,IN,IN
9157,Tonga_1988,0,384,13,the,the,DT,DT
9158,Tonga_1988,0,384,14,owner,owner,NN,NN
9159,Tonga_1988,0,384,15,of,of,IN,IN
9160,Tonga_1988,0,384,16,the,the,DT,DT
9161,Tonga_1988,0,384,17,property,property,NN,NN
9162,Tonga_1988,0,384,18,beginning,beginning,VBG,VB
9163,Tonga_1988,0,384,19,with,with,IN,IN
9164,Tonga_1988,0,384,20,the,the,DT,DT
9165,Tonga_1988,0,384,21,eldest,eldest,NN,NN
9166,Tonga_1988,0,384,22,and,and,CC,CC
9167,Tonga_1988,0,384,23,his,his,PRP$,PR
9168,Tonga_1988,0,384,24,heirs,heirs,NN,NN
9169,Tonga_1988,0,384,25,in,in,IN,IN
9170,Tonga_1988,0,384,26,succession,succession,NN,NN
9171,Tonga_1988,0,384,27,to,to,TO,TO
9172,Tonga_1988,0,384,28,the,the,DT,DT
9173,Tonga_1988,0,384,29,youngest,youngest,JJS,JJ
9174,Tonga_1988,0,384,30,and,and,CC,CC
9175,Tonga_1988,0,384,31,their,their,PRP$,PR
9176,Tonga_1988,0,384,32,heirs,heirs,NNS,NN
9177,Tonga_1988,0,384,33,in,in,IN,IN
9178,Tonga_1988,0,384,34,accordance,accordance,NN,NN
9179,Tonga_1988,0,384,35,with,with,IN,IN
9180,Tonga_1988,0,384,36,the,the,DT,DT
9181,Tonga_1988,0,384,37,law,law,NN,NN
9182,Tonga_1988,0,384,38,of,of,IN,IN
9183,Tonga_1988,0,384,39,inheritance,inheritance,NN,NN
9184,Tonga_1988,0,385,0,And,and,CC,CC
9185,Tonga_1988,0,385,1,if,if,IN,IN
9186,Tonga_1988,0,385,2,the,the,DT,DT
9187,Tonga_1988,0,385,3,brothers,brothers,NNS,NN
9188,Tonga_1988,0,385,4,have,have,VBP,VB
9189,Tonga_1988,0,385,5,no,no,DT,DT
9190,Tonga_1988,0,385,6,descendants,descendants,NNS,NN
9191,Tonga_1988,0,385,7,it,it,PRP,PR
9192,Tonga_1988,0,385,8,shall,shall,MD,MD
9193,Tonga_1988,0,385,9,descend,descend,VB,VB
9194,Tonga_1988,0,385,10,to,to,TO,TO
9195,Tonga_1988,0,385,11,the,the,DT,DT
9196,Tonga_1988,0,385,12,eldest,eldest,JJS,JJ
9197,Tonga_1988,0,385,13,sister,sister,NN,NN
9198,Tonga_1988,0,385,14,and,and,CC,CC
9199,Tonga_1988,0,385,15,the,the,DT,DT
9200,Tonga_1988,0,385,16,female,female,JJ,JJ
9201,Tonga_1988,0,385,17,line,line,NN,NN
9202,Tonga_1988,0,385,18,as,as,IN,IN
9203,Tonga_1988,0,385,19,provided,provided,VBN,VB
9204,Tonga_1988,0,385,20,in,in,IN,IN
9205,Tonga_1988,0,385,21,the,the,DT,DT
9206,Tonga_1988,0,385,22,case,case,NN,NN
9207,Tonga_1988,0,385,23,of,of,IN,IN
9208,Tonga_1988,0,385,24,the,the,DT,DT
9209,Tonga_1988,0,385,25,male,male,JJ,JJ
9210,Tonga_1988,0,385,26,line,line,NN,NN
9211,Tonga_1988,0,386,0,And,and,CC,CC
9212,Tonga_1988,0,386,1,if,if,IN,IN
9213,Tonga_1988,0,386,2,these,these,DT,DT
9214,Tonga_1988,0,386,3,should,should,MD,MD
9215,Tonga_1988,0,386,4,have,have,VB,VB
9216,Tonga_1988,0,386,5,no,no,DT,DT
9217,Tonga_1988,0,386,6,descendants,descendants,NNS,NN
9218,Tonga_1988,0,386,7,and,and,CC,CC
9219,Tonga_1988,0,386,8,there,there,EX,EX
9220,Tonga_1988,0,386,9,should,should,MD,MD
9221,Tonga_1988,0,386,10,be,be,VB,VB
9222,Tonga_1988,0,386,11,no,no,DT,DT
9223,Tonga_1988,0,386,12,legitimate,legitimate,JJ,JJ
9224,Tonga_1988,0,386,13,heir,heir,NN,NN
9225,Tonga_1988,0,386,14,it,it,PRP,PR
9226,Tonga_1988,0,386,15,shall,shall,MD,MD
9227,Tonga_1988,0,386,16,revert,revert,VB,VB
9228,Tonga_1988,0,386,17,to,to,TO,TO
9229,Tonga_1988,0,386,18,the,the,DT,DT
9230,Tonga_1988,0,386,19,Crown,crown,NNP,NN
9231,Tonga_1988,0,386,20,in,in,IN,IN
9232,Tonga_1988,0,386,21,accordance,accordance,NN,NN
9233,Tonga_1988,0,386,22,with,with,IN,IN
9234,Tonga_1988,0,386,23,the,the,DT,DT
9235,Tonga_1988,0,386,24,one,one,CD,CD
9236,Tonga_1988,0,386,25,hundred,hundred,CD,CD
9237,Tonga_1988,0,386,26,and,and,CC,CC
9238,Tonga_1988,0,386,27,twelfth,twelfth,JJ,JJ
9239,Tonga_1988,0,386,28,clause,clause,NN,NN
9240,Tonga_1988,0,387,0,But,but,CC,CC
9241,Tonga_1988,0,387,1,should,should,MD,MD
9242,Tonga_1988,0,387,2,a,a,DT,DT
9243,Tonga_1988,0,387,3,female,female,JJ,JJ
9244,Tonga_1988,0,387,4,be,be,VB,VB
9245,Tonga_1988,0,387,5,next,next,JJ,JJ
9246,Tonga_1988,0,387,6,in,in,IN,IN
9247,Tonga_1988,0,387,7,succession,succession,NN,NN
9248,Tonga_1988,0,387,8,to,to,TO,TO
9249,Tonga_1988,0,387,9,the,the,DT,DT
9250,Tonga_1988,0,387,10,title,title,NN,NN
9251,Tonga_1988,0,387,11,of,of,IN,IN
9252,Tonga_1988,0,387,12,a,a,DT,DT
9253,Tonga_1988,0,387,13,noble,noble,JJ,JJ
9254,Tonga_1988,0,387,14,or,or,CC,CC
9255,Tonga_1988,0,387,15,of,of,IN,IN
9256,Tonga_1988,0,387,16,an,an,DT,DT
9257,Tonga_1988,0,387,17,hereditary,hereditary,JJ,JJ
9258,Tonga_1988,0,387,18,chief,chief,NN,NN
9259,Tonga_1988,0,387,19,the,the,DT,DT
9260,Tonga_1988,0,387,20,next,next,JJ,JJ
9261,Tonga_1988,0,387,21,male,male,NN,NN
9262,Tonga_1988,0,387,22,heir,heir,PRP$,PR
9263,Tonga_1988,0,387,23,shall,shall,MD,MD
9264,Tonga_1988,0,387,24,inherit,inherit,VB,VB
9265,Tonga_1988,0,387,25,the,the,DT,DT
9266,Tonga_1988,0,387,26,title,title,NN,NN
9267,Tonga_1988,0,387,27,and,and,CC,CC
9268,Tonga_1988,0,387,28,estates,estates,NNS,NN
9269,Tonga_1988,0,388,0,But,but,CC,CC
9270,Tonga_1988,0,388,1,should,should,MD,MD
9271,Tonga_1988,0,388,2,such,such,JJ,JJ
9272,Tonga_1988,0,388,3,female,female,NN,NN
9273,Tonga_1988,0,388,4,afterwards,afterwards,NNS,NN
9274,Tonga_1988,0,388,5,have,have,VBP,VB
9275,Tonga_1988,0,388,6,a,a,DT,DT
9276,Tonga_1988,0,388,7,legitimate,legitimate,JJ,JJ
9277,Tonga_1988,0,388,8,male,male,NN,NN
9278,Tonga_1988,0,388,9,issue,issue,NN,NN
9279,Tonga_1988,0,388,10,the,the,DT,DT
9280,Tonga_1988,0,388,11,title,title,NN,NN
9281,Tonga_1988,0,388,12,and,and,CC,CC
9282,Tonga_1988,0,388,13,estates,estates,VBZ,VB
9283,Tonga_1988,0,388,14,shall,shall,MD,MD
9284,Tonga_1988,0,388,15,revert,revert,VB,VB
9285,Tonga_1988,0,388,16,to,to,TO,TO
9286,Tonga_1988,0,388,17,the,the,DT,DT
9287,Tonga_1988,0,388,18,male,male,JJ,JJ
9288,Tonga_1988,0,388,19,issue,issue,NN,NN
9289,Tonga_1988,0,388,20,of,of,IN,IN
9290,Tonga_1988,0,388,21,the,the,DT,DT
9291,Tonga_1988,0,388,22,female,female,JJ,JJ
9292,Tonga_1988,0,388,23,upon,upon,IN,IN
9293,Tonga_1988,0,388,24,the,the,DT,DT
9294,Tonga_1988,0,388,25,death,death,NN,NN
9295,Tonga_1988,0,388,26,of,of,IN,IN
9296,Tonga_1988,0,388,27,the,the,DT,DT
9297,Tonga_1988,0,388,28,male,male,NN,NN
9298,Tonga_1988,0,388,29,in,in,IN,IN
9299,Tonga_1988,0,388,30,possession,possession,NN,NN
9300,Tonga_1988,0,388,31,of,of,IN,IN
9301,Tonga_1988,0,388,32,the,the,DT,DT
9302,Tonga_1988,0,388,33,estate,estate,NN,NN
9303,Tonga_1988,0,388,35,Provided,provided,VBN,VB
9304,Tonga_1988,0,388,36,that,that,IN,IN
9305,Tonga_1988,0,388,37,the,the,DT,DT
9306,Tonga_1988,0,388,38,female,female,NN,NN
9307,Tonga_1988,0,388,39,that,that,WDT,WD
9308,Tonga_1988,0,388,40,is,is,VBZ,VB
9309,Tonga_1988,0,388,41,the,the,DT,DT
9310,Tonga_1988,0,388,42,heir,heir,JJ,JJ
9311,Tonga_1988,0,388,43,shall,shall,MD,MD
9312,Tonga_1988,0,388,44,occupy,occupy,VB,VB
9313,Tonga_1988,0,388,45,the,the,DT,DT
9314,Tonga_1988,0,388,46,town,town,NN,NN
9315,Tonga_1988,0,388,47,allotment,allotment,NN,NN
9316,Tonga_1988,0,388,48,and,and,CC,CC
9317,Tonga_1988,0,388,49,the,the,DT,DT
9318,Tonga_1988,0,388,50,plantation,plantation,NN,NN
9319,Tonga_1988,0,388,51,lands,lands,VBZ,VB
9320,Tonga_1988,0,388,52,appertaining,appertaining,VBG,VB
9321,Tonga_1988,0,388,53,to,to,TO,TO
9322,Tonga_1988,0,388,54,such,such,JJ,JJ
9323,Tonga_1988,0,388,55,title,title,NN,NN
9324,Tonga_1988,0,388,56,but,but,CC,CC
9325,Tonga_1988,0,388,57,the,the,DT,DT
9326,Tonga_1988,0,388,58,hereditary,hereditary,JJ,JJ
9327,Tonga_1988,0,388,59,estates,estates,NNS,NN
9328,Tonga_1988,0,388,60,that,that,WDT,WD
9329,Tonga_1988,0,388,61,is,is,VBZ,VB
9330,Tonga_1988,0,388,62,the,the,DT,DT
9331,Tonga_1988,0,388,63,lands,lands,NNS,NN
9332,Tonga_1988,0,388,64,occupied,occupied,VBN,VB
9333,Tonga_1988,0,388,65,by,by,IN,IN
9334,Tonga_1988,0,388,66,the,the,DT,DT
9335,Tonga_1988,0,388,67,people,people,NNS,NN
9336,Tonga_1988,0,388,68,shall,shall,MD,MD
9337,Tonga_1988,0,388,69,be,be,VB,VB
9338,Tonga_1988,0,388,70,held,held,VBN,VB
9339,Tonga_1988,0,388,71,by,by,IN,IN
9340,Tonga_1988,0,388,72,the,the,DT,DT
9341,Tonga_1988,0,388,73,inheritor,inheritor,NN,NN
9342,Tonga_1988,0,388,74,of,of,IN,IN
9343,Tonga_1988,0,388,75,the,the,DT,DT
9344,Tonga_1988,0,388,76,title,title,NN,NN
9345,Tonga_1988,0,389,0,Whereas,whereas,NNS,NN
9346,Tonga_1988,0,389,1,by,by,IN,IN
9347,Tonga_1988,0,389,2,Tongan,tongan,NNP,NN
9348,Tonga_1988,0,389,3,custom,custom,NN,NN
9349,Tonga_1988,0,389,4,provision,provision,NN,NN
9350,Tonga_1988,0,389,5,has,has,VBZ,VB
9351,Tonga_1988,0,389,6,always,always,RB,RB
9352,Tonga_1988,0,389,7,been,been,VBN,VB
9353,Tonga_1988,0,389,8,made,made,VBN,VB
9354,Tonga_1988,0,389,9,that,that,IN,IN
9355,Tonga_1988,0,389,10,an,an,DT,DT
9356,Tonga_1988,0,389,11,adopted,adopted,VBN,VB
9357,Tonga_1988,0,389,12,child,child,NN,NN
9358,Tonga_1988,0,389,13,might,might,MD,MD
9359,Tonga_1988,0,389,14,succeed,succeed,VB,VB
9360,Tonga_1988,0,389,15,to,to,TO,TO
9361,Tonga_1988,0,389,16,the,the,DT,DT
9362,Tonga_1988,0,389,17,estates,estates,NNS,NN
9363,Tonga_1988,0,389,18,and,and,CC,CC
9364,Tonga_1988,0,389,19,titles,titles,NNS,NN
9365,Tonga_1988,0,389,20,of,of,IN,IN
9366,Tonga_1988,0,389,21,his,his,PRP$,PR
9367,Tonga_1988,0,389,22,adoptive,adoptive,JJ,JJ
9368,Tonga_1988,0,389,23,father,father,NN,NN
9369,Tonga_1988,0,389,24,now,now,RB,RB
9370,Tonga_1988,0,389,25,therefore,therefore,IN,IN
9371,Tonga_1988,0,389,26,it,it,PRP,PR
9372,Tonga_1988,0,389,27,is,is,VBZ,VB
9373,Tonga_1988,0,389,28,decreed,decreed,VBN,VB
9374,Tonga_1988,0,389,29,that,that,IN,IN
9375,Tonga_1988,0,389,30,upon,upon,IN,IN
9376,Tonga_1988,0,389,31,the,the,DT,DT
9377,Tonga_1988,0,389,32,death,death,NN,NN
9378,Tonga_1988,0,389,33,of,of,IN,IN
9379,Tonga_1988,0,389,34,the,the,DT,DT
9380,Tonga_1988,0,389,35,holder,holder,NN,NN
9381,Tonga_1988,0,389,36,of,of,IN,IN
9382,Tonga_1988,0,389,37,an,an,DT,DT
9383,Tonga_1988,0,389,38,estate,estate,NN,NN
9384,Tonga_1988,0,389,39,or,or,CC,CC
9385,Tonga_1988,0,389,40,title,title,NN,NN
9386,Tonga_1988,0,389,41,who,who,WP,WP
9387,Tonga_1988,0,389,42,has,has,VBZ,VB
9388,Tonga_1988,0,389,43,inherited,inherited,VBN,VB
9389,Tonga_1988,0,389,44,such,such,JJ,JJ
9390,Tonga_1988,0,389,45,estate,estate,NN,NN
9391,Tonga_1988,0,389,46,or,or,CC,CC
9392,Tonga_1988,0,389,47,title,title,NN,NN
9393,Tonga_1988,0,389,48,by,by,IN,IN
9394,Tonga_1988,0,389,49,virtue,virtue,NN,NN
9395,Tonga_1988,0,389,50,of,of,IN,IN
9396,Tonga_1988,0,389,51,his,his,PRP$,PR
9397,Tonga_1988,0,389,52,blood,blood,NN,NN
9398,Tonga_1988,0,389,53,descent,descent,NN,NN
9399,Tonga_1988,0,389,54,from,from,IN,IN
9400,Tonga_1988,0,389,55,such,such,JJ,JJ
9401,Tonga_1988,0,389,56,adopted,adopted,VBN,VB
9402,Tonga_1988,0,389,57,child,child,VBP,VB
9403,Tonga_1988,0,389,58,the,the,DT,DT
9404,Tonga_1988,0,389,59,estate,estate,NN,NN
9405,Tonga_1988,0,389,60,and,and,CC,CC
9406,Tonga_1988,0,389,61,title,title,NN,NN
9407,Tonga_1988,0,389,62,shall,shall,MD,MD
9408,Tonga_1988,0,389,63,revert,revert,VB,VB
9409,Tonga_1988,0,389,64,to,to,TO,TO
9410,Tonga_1988,0,389,65,the,the,DT,DT
9411,Tonga_1988,0,389,66,descendant,descendant,NN,NN
9412,Tonga_1988,0,389,67,by,by,IN,IN
9413,Tonga_1988,0,389,68,blood,blood,NN,NN
9414,Tonga_1988,0,389,69,of,of,IN,IN
9415,Tonga_1988,0,389,70,the,the,DT,DT
9416,Tonga_1988,0,389,71,original,original,JJ,JJ
9417,Tonga_1988,0,389,72,holder,holder,NN,NN
9418,Tonga_1988,0,389,73,of,of,IN,IN
9419,Tonga_1988,0,389,74,the,the,DT,DT
9420,Tonga_1988,0,389,75,estate,estate,NN,NN
9421,Tonga_1988,0,389,76,and,and,CC,CC
9422,Tonga_1988,0,389,77,title,title,NN,NN
9423,Tonga_1988,0,389,78,in,in,IN,IN
9424,Tonga_1988,0,389,79,accordance,accordance,NN,NN
9425,Tonga_1988,0,389,80,with,with,IN,IN
9426,Tonga_1988,0,389,81,the,the,DT,DT
9427,Tonga_1988,0,389,82,provisions,provisions,NNS,NN
9428,Tonga_1988,0,389,83,of,of,IN,IN
9429,Tonga_1988,0,389,84,this,this,DT,DT
9430,Tonga_1988,0,389,85,clause,clause,NN,NN
9431,Tonga_1988,0,389,86,and,and,CC,CC
9432,Tonga_1988,0,389,87,should,should,MD,MD
9433,Tonga_1988,0,389,88,there,there,RB,RB
9434,Tonga_1988,0,389,89,be,be,VB,VB
9435,Tonga_1988,0,389,90,alive,alive,JJ,JJ
9436,Tonga_1988,0,389,91,no,no,DT,DT
9437,Tonga_1988,0,389,92,such,such,JJ,JJ
9438,Tonga_1988,0,389,93,descendant,descendant,NN,NN
9439,Tonga_1988,0,389,94,by,by,IN,IN
9440,Tonga_1988,0,389,95,blood,blood,NN,NN
9441,Tonga_1988,0,389,96,the,the,DT,DT
9442,Tonga_1988,0,389,97,provisions,provisions,NNS,NN
9443,Tonga_1988,0,389,98,of,of,IN,IN
9444,Tonga_1988,0,389,99,the,the,DT,DT
9445,Tonga_1988,0,389,100,one,one,CD,CD
9446,Tonga_1988,0,389,101,hundred,hundred,CD,CD
9447,Tonga_1988,0,389,102,and,and,CC,CC
9448,Tonga_1988,0,389,103,twelfth,twelfth,VB,VB
9449,Tonga_1988,0,389,104,clause,clause,NN,NN
9450,Tonga_1988,0,389,105,shall,shall,MD,MD
9451,Tonga_1988,0,389,106,apply,apply,VB,VB
9452,Tonga_1988,0,390,1,Added,added,VBN,VB
9453,Tonga_1988,0,390,2,by,by,IN,IN
9454,Tonga_1988,0,390,3,Act,act,NNP,NN
9455,Tonga_1988,0,390,4,15,15,CD,CD
9456,Tonga_1988,0,390,5,of,of,IN,IN
9457,Tonga_1988,0,390,6,1953,1953,CD,CD
9458,Tonga_1988,0,390,8,Amended,amended,VBN,VB
9459,Tonga_1988,0,390,9,by,by,IN,IN
9460,Tonga_1988,0,390,10,Act,act,NNP,NN
9461,Tonga_1988,0,390,11,3,3,CD,CD
9462,Tonga_1988,0,390,12,of,of,IN,IN
9463,Tonga_1988,0,390,13,1976,1976,CD,CD
9464,Tonga_1988,0,391,0,112,112,CD,CD
9465,Tonga_1988,0,392,0,Estate,estate,NNP,NN
9466,Tonga_1988,0,392,1,without,without,IN,IN
9467,Tonga_1988,0,392,2,heirs,heirs,NNS,NN
9468,Tonga_1988,0,392,3,to,to,TO,TO
9469,Tonga_1988,0,392,4,revert,revert,VB,VB
9470,Tonga_1988,0,392,5,to,to,TO,TO
9471,Tonga_1988,0,392,6,crown,crown,VB,VB
9472,Tonga_1988,0,392,7,Share,share,NNP,NN
9473,Tonga_1988,0,392,8,Should,should,NNP,NN
9474,Tonga_1988,0,392,9,there,there,RB,RB
9475,Tonga_1988,0,392,10,be,be,VB,VB
9476,Tonga_1988,0,392,11,no,no,DT,DT
9477,Tonga_1988,0,392,12,legitimate,legitimate,JJ,JJ
9478,Tonga_1988,0,392,13,heirs,heirs,NNS,NN
9479,Tonga_1988,0,392,14,to,to,TO,TO
9480,Tonga_1988,0,392,15,an,an,DT,DT
9481,Tonga_1988,0,392,16,estate,estate,NN,NN
9482,Tonga_1988,0,392,17,such,such,JJ,JJ
9483,Tonga_1988,0,392,18,estate,estate,NN,NN
9484,Tonga_1988,0,392,19,shall,shall,MD,MD
9485,Tonga_1988,0,392,20,revert,revert,VB,VB
9486,Tonga_1988,0,392,21,to,to,TO,TO
9487,Tonga_1988,0,392,22,the,the,DT,DT
9488,Tonga_1988,0,392,23,King,king,NNP,NN
9489,Tonga_1988,0,393,0,But,but,CC,CC
9490,Tonga_1988,0,393,1,the,the,DT,DT
9491,Tonga_1988,0,393,2,King,king,NNP,NN
9492,Tonga_1988,0,393,3,may,may,MD,MD
9493,Tonga_1988,0,393,4,confer,confer,VB,VB
9494,Tonga_1988,0,393,5,the,the,DT,DT
9495,Tonga_1988,0,393,6,title,title,NN,NN
9496,Tonga_1988,0,393,7,and,and,CC,CC
9497,Tonga_1988,0,393,8,estate,estate,NN,NN
9498,Tonga_1988,0,393,9,upon,upon,IN,IN
9499,Tonga_1988,0,393,10,any,any,DT,DT
9500,Tonga_1988,0,393,11,other,other,JJ,JJ
9501,Tonga_1988,0,393,12,person,person,NN,NN
9502,Tonga_1988,0,393,13,and,and,CC,CC
9503,Tonga_1988,0,393,14,the,the,DT,DT
9504,Tonga_1988,0,393,15,person,person,NN,NN
9505,Tonga_1988,0,393,16,so,so,RB,RB
9506,Tonga_1988,0,393,17,appointed,appointed,VBN,VB
9507,Tonga_1988,0,393,18,and,and,CC,CC
9508,Tonga_1988,0,393,19,his,his,PRP$,PR
9509,Tonga_1988,0,393,20,heirs,heirs,NNS,NN
9510,Tonga_1988,0,393,21,shall,shall,MD,MD
9511,Tonga_1988,0,393,22,possess,possess,VB,VB
9512,Tonga_1988,0,393,23,such,such,JJ,JJ
9513,Tonga_1988,0,393,24,title,title,NN,NN
9514,Tonga_1988,0,393,25,and,and,CC,CC
9515,Tonga_1988,0,393,26,estates,estates,NNS,NN
9516,Tonga_1988,0,393,27,for,for,IN,IN
9517,Tonga_1988,0,393,28,ever,ever,RB,RB
9518,Tonga_1988,0,394,0,113,113,CD,CD
9519,Tonga_1988,0,395,0,Right,right,RB,RB
9520,Tonga_1988,0,395,1,to,to,TO,TO
9521,Tonga_1988,0,395,2,allotments,allotments,NNS,NN
9522,Tonga_1988,0,395,3,Share,share,VB,VB
9523,Tonga_1988,0,395,4,A,a,NNP,NN
9524,Tonga_1988,0,395,5,widow,widow,NN,NN
9525,Tonga_1988,0,395,6,shall,shall,MD,MD
9526,Tonga_1988,0,395,7,have,have,VB,VB
9527,Tonga_1988,0,395,8,the,the,DT,DT
9528,Tonga_1988,0,395,9,right,right,NN,NN
9529,Tonga_1988,0,395,10,to,to,TO,TO
9530,Tonga_1988,0,395,11,succeed,succeed,VB,VB
9531,Tonga_1988,0,395,12,to,to,TO,TO
9532,Tonga_1988,0,395,13,her,her,PRP$,PR
9533,Tonga_1988,0,395,14,deceased,deceased,JJ,JJ
9534,Tonga_1988,0,395,15,husband,husband,NN,NN
9535,Tonga_1988,0,395,16,'s,s,POS,PO
9536,Tonga_1988,0,395,17,tax,tax,NN,NN
9537,Tonga_1988,0,395,18,and,and,CC,CC
9538,Tonga_1988,0,395,19,town,town,NN,NN
9539,Tonga_1988,0,395,20,allotment,allotment,NN,NN
9540,Tonga_1988,0,396,0,Every,every,DT,DT
9541,Tonga_1988,0,396,1,person,person,NN,NN
9542,Tonga_1988,0,396,2,who,who,WP,WP
9543,Tonga_1988,0,396,3,holds,holds,VBZ,VB
9544,Tonga_1988,0,396,4,a,a,DT,DT
9545,Tonga_1988,0,396,5,tax,tax,NN,NN
9546,Tonga_1988,0,396,6,and,and,CC,CC
9547,Tonga_1988,0,396,7,town,town,NN,NN
9548,Tonga_1988,0,396,8,allotment,allotment,JJ,JJ
9549,Tonga_1988,0,396,9,shall,shall,MD,MD
9550,Tonga_1988,0,396,10,pay,pay,VB,VB
9551,Tonga_1988,0,396,11,such,such,JJ,JJ
9552,Tonga_1988,0,396,12,rents,rents,NNS,NN
9553,Tonga_1988,0,396,13,therefore,therefore,RB,RB
9554,Tonga_1988,0,396,14,as,as,IN,IN
9555,Tonga_1988,0,396,15,may,may,MD,MD
9556,Tonga_1988,0,396,16,be,be,VB,VB
9557,Tonga_1988,0,396,17,determined,determined,VBN,VB
9558,Tonga_1988,0,396,18,by,by,IN,IN
9559,Tonga_1988,0,396,19,the,the,DT,DT
9560,Tonga_1988,0,396,20,Legislature,legislature,NNP,NN
9561,Tonga_1988,0,397,0,Every,every,DT,DT
9562,Tonga_1988,0,397,1,taxpayer,taxpayer,NN,NN
9563,Tonga_1988,0,397,2,shall,shall,MD,MD
9564,Tonga_1988,0,397,3,have,have,VB,VB
9565,Tonga_1988,0,397,4,the,the,DT,DT
9566,Tonga_1988,0,397,5,right,right,NN,NN
9567,Tonga_1988,0,397,6,to,to,TO,TO
9568,Tonga_1988,0,397,7,hold,hold,VB,VB
9569,Tonga_1988,0,397,8,an,an,DT,DT
9570,Tonga_1988,0,397,9,hereditary,hereditary,JJ,JJ
9571,Tonga_1988,0,397,10,tax,tax,NN,NN
9572,Tonga_1988,0,397,11,and,and,CC,CC
9573,Tonga_1988,0,397,12,town,town,NN,NN
9574,Tonga_1988,0,397,13,allotment,allotment,NN,NN
9575,Tonga_1988,0,397,14,upon,upon,IN,IN
9576,Tonga_1988,0,397,15,and,and,CC,CC
9577,Tonga_1988,0,397,16,subject,subject,JJ,JJ
9578,Tonga_1988,0,397,17,to,to,TO,TO
9579,Tonga_1988,0,397,18,such,such,JJ,JJ
9580,Tonga_1988,0,397,19,conditions,conditions,NNS,NN
9581,Tonga_1988,0,397,20,as,as,IN,IN
9582,Tonga_1988,0,397,21,to,to,TO,TO
9583,Tonga_1988,0,397,22,the,the,DT,DT
9584,Tonga_1988,0,397,23,area,area,NN,NN
9585,Tonga_1988,0,397,24,thereof,thereof,NN,NN
9586,Tonga_1988,0,397,25,and,and,CC,CC
9587,Tonga_1988,0,397,26,the,the,DT,DT
9588,Tonga_1988,0,397,27,rent,rent,NN,NN
9589,Tonga_1988,0,397,28,to,to,TO,TO
9590,Tonga_1988,0,397,29,be,be,VB,VB
9591,Tonga_1988,0,397,30,paid,paid,VBN,VB
9592,Tonga_1988,0,397,31,therefore,therefore,RB,RB
9593,Tonga_1988,0,397,32,as,as,IN,IN
9594,Tonga_1988,0,397,33,may,may,MD,MD
9595,Tonga_1988,0,397,34,be,be,VB,VB
9596,Tonga_1988,0,397,35,determined,determined,VBN,VB
9597,Tonga_1988,0,397,36,from,from,IN,IN
9598,Tonga_1988,0,397,37,time,time,NN,NN
9599,Tonga_1988,0,397,38,to,to,TO,TO
9600,Tonga_1988,0,397,39,time,time,NN,NN
9601,Tonga_1988,0,397,40,by,by,IN,IN
9602,Tonga_1988,0,397,41,the,the,DT,DT
9603,Tonga_1988,0,397,42,Legislature,legislature,NNP,NN
9604,Tonga_1988,0,398,1,Act,act,NNP,NN
9605,Tonga_1988,0,398,2,19,19,CD,CD
9606,Tonga_1988,0,398,3,of,of,IN,IN
9607,Tonga_1988,0,398,4,1927,1927,CD,CD
9608,Tonga_1988,0,399,0,114,114,CD,CD
9609,Tonga_1988,0,400,0,No,no,DT,DT
9610,Tonga_1988,0,400,1,lease,lease,NN,NN
9611,Tonga_1988,0,400,2,etc,etc,NN,NN
9612,Tonga_1988,0,401,0,without,without,IN,IN
9613,Tonga_1988,0,401,1,consent,consent,NN,NN
9614,Tonga_1988,0,401,2,Share,share,NNP,NN
9615,Tonga_1988,0,401,3,No,no,NNP,NN
9616,Tonga_1988,0,401,4,lease,lease,NN,NN
9617,Tonga_1988,0,401,6,sub-lease,sublease,NN,NN
9618,Tonga_1988,0,401,8,transfer,transfer,NN,NN
9619,Tonga_1988,0,401,9,of,of,IN,IN
9620,Tonga_1988,0,401,10,a,a,DT,DT
9621,Tonga_1988,0,401,11,lease,lease,NN,NN
9622,Tonga_1988,0,401,12,or,or,CC,CC
9623,Tonga_1988,0,401,13,of,of,IN,IN
9624,Tonga_1988,0,401,14,a,a,DT,DT
9625,Tonga_1988,0,401,15,sub-lease,sublease,JJ,JJ
9626,Tonga_1988,0,401,16,shall,shall,MD,MD
9627,Tonga_1988,0,401,17,be,be,VB,VB
9628,Tonga_1988,0,401,18,granted,granted,VBN,VB
9629,Tonga_1988,0,401,20,a.without,awithout,IN,IN
9630,Tonga_1988,0,401,21,the,the,DT,DT
9631,Tonga_1988,0,401,22,prior,prior,JJ,JJ
9632,Tonga_1988,0,401,23,consent,consent,NN,NN
9633,Tonga_1988,0,401,24,of,of,IN,IN
9634,Tonga_1988,0,401,25,Cabinet,cabinet,NNP,NN
9635,Tonga_1988,0,401,26,where,where,WRB,WR
9636,Tonga_1988,0,401,27,the,the,DT,DT
9637,Tonga_1988,0,401,28,term,term,NN,NN
9638,Tonga_1988,0,401,29,is,is,VBZ,VB
9639,Tonga_1988,0,401,30,ninety-nine,ninetynine,JJ,JJ
9640,Tonga_1988,0,401,31,years,years,NNS,NN
9641,Tonga_1988,0,401,33,or,or,CC,CC
9642,Tonga_1988,0,401,34,less,less,JJS,JJ
9643,Tonga_1988,0,401,36,or,or,CC,CC
9644,Tonga_1988,0,401,37,b.without,bwithout,IN,IN
9645,Tonga_1988,0,401,38,the,the,DT,DT
9646,Tonga_1988,0,401,39,prior,prior,JJ,JJ
9647,Tonga_1988,0,401,40,consent,consent,NN,NN
9648,Tonga_1988,0,401,41,of,of,IN,IN
9649,Tonga_1988,0,401,42,Privy,privy,NNP,NN
9650,Tonga_1988,0,401,43,Council,council,NNP,NN
9651,Tonga_1988,0,401,44,where,where,WRB,WR
9652,Tonga_1988,0,401,45,the,the,DT,DT
9653,Tonga_1988,0,401,46,term,term,NN,NN
9654,Tonga_1988,0,401,47,is,is,VBZ,VB
9655,Tonga_1988,0,401,48,over,over,IN,IN
9656,Tonga_1988,0,401,49,ninety-nine,ninetynine,JJ,JJ
9657,Tonga_1988,0,401,50,years,years,NNS,NN
9658,Tonga_1988,0,401,52,Provided,provided,VBD,VB
9659,Tonga_1988,0,401,53,that,that,IN,IN
9660,Tonga_1988,0,401,54,no,no,DT,DT
9661,Tonga_1988,0,401,55,consent,consent,NN,NN
9662,Tonga_1988,0,401,56,shall,shall,MD,MD
9663,Tonga_1988,0,401,57,be,be,VB,VB
9664,Tonga_1988,0,401,58,granted,granted,VBN,VB
9665,Tonga_1988,0,401,59,to,to,TO,TO
9666,Tonga_1988,0,401,60,a,a,DT,DT
9667,Tonga_1988,0,401,61,lease,lease,NN,NN
9668,Tonga_1988,0,401,62,by,by,IN,IN
9669,Tonga_1988,0,401,63,a,a,DT,DT
9670,Tonga_1988,0,401,64,widow,widow,NN,NN
9671,Tonga_1988,0,401,65,of,of,IN,IN
9672,Tonga_1988,0,401,66,the,the,DT,DT
9673,Tonga_1988,0,401,67,land,land,NN,NN
9674,Tonga_1988,0,401,68,of,of,IN,IN
9675,Tonga_1988,0,401,69,her,her,PRP$,PR
9676,Tonga_1988,0,401,70,deceased,deceased,JJ,JJ
9677,Tonga_1988,0,401,71,husband,husband,NN,NN
9678,Tonga_1988,0,402,1,Substituted,substituted,VBN,VB
9679,Tonga_1988,0,402,2,by,by,IN,IN
9680,Tonga_1988,0,402,3,Act,act,NNP,NN
9681,Tonga_1988,0,402,4,17,17,CD,CD
9682,Tonga_1988,0,402,5,of,of,IN,IN
9683,Tonga_1988,0,402,6,1981,1981,CD,CD
9684,Tonga_1988,0,403,0,115,115,CD,CD
9685,Tonga_1988,0,404,0,Citation,citation,NN,NN
9686,Tonga_1988,0,404,1,Share,share,NNP,NN
9687,Tonga_1988,0,404,2,This,this,DT,DT
9688,Tonga_1988,0,404,3,Constitution,constitution,NNP,NN
9689,Tonga_1988,0,404,4,may,may,MD,MD
9690,Tonga_1988,0,404,5,be,be,VB,VB
9691,Tonga_1988,0,404,6,cited,cited,VBN,VB
9692,Tonga_1988,0,404,7,as,as,IN,IN
9693,Tonga_1988,0,404,8,The,the,DT,DT
9694,Tonga_1988,0,404,9,Act,act,NNP,NN
9695,Tonga_1988,0,404,10,of,of,IN,IN
9696,Tonga_1988,0,404,11,Constitution,constitution,NNP,NN
9697,Tonga_1988,0,404,12,of,of,IN,IN
9698,Tonga_1988,0,404,13,Tonga,tonga,NNP,NN
